Index,P,PROVIDER TYPE,PROVIDER NAME,AREA,ADDRESS,TELEPHONE,lat,lon,formatted,confidence,attribution
1,AJM,CLINIC,SHIFA AL JAZEERAH MEDICAL CENTRE - AJMAN,SANIYA,"MUHDDA BUILDING, NEAR NEST HYPERMARKET, NEW SANAYA, IND. AREA - 2, AJMAN - U A E.",06 7444830,25.413015,55.505489,"Ajman University J1 Building, Al Jerf, Ajman, AJ, United Arab Emirates",0.0142492805111653,© OpenStreetMap contributors
2,AJM,CLINIC,SHIFA AL JAZEERAH MEDICAL CENTRE - L.L.C - BRANCH 01,JURF 1,"OPPOSITE TO LUCKY CENTRE, JURF-1, INDUSTRIAL AREA-3, AJMAN, U.A.E",06-7677511,25.403356,55.524396,"Ajman, AJ, United Arab Emirates",0.25,Who's On First
3,AJM,CLINIC,ADVANCED MEDICAL CENTRE,AL BUSTAN,"FLAT # 202, 2ND FR, CITY MART BLDG, OPP TO AJMAN MUNICIPALITY, SHEIKH RASHID BIN HUMAID STREET, AL BUSTAN, AJMAN",06-7459969/8007400,25.40328,55.52341,"Ajman, United Arab Emirates",0.00622962962962963,GeoNames
4,AJM,CLINIC,RIGHT HEALTH CLINIC JURF LLC,AL JURF 2,PO BOX 3484 SHOP NO 1 JURF INDUSTRIAL ZONE 2 - AJMAN,06-7494969/8007400,25.3936557,55.4451432,"Ajman, Ajman Emirate, United Arab Emirates",0.25,© OpenStreetMap contributors
5,AJM,CLINIC,RIGHT HEALTH CLINIC JURF2 LLC,AL JURF 2,PO BOX 3484 SHOP NO 2 JURF INDUSTRIAL ZONE 2 - AJMAN,06-7404141/8007400,25.3936557,55.4451432,"Ajman, Ajman Emirate, United Arab Emirates",0.25,© OpenStreetMap contributors
6,AJM,CLINIC,RELIEF MEDICAL CENTER LLC,AL NAKHIL 2,"G8, A BLOCK, AL DIWAN TOWER, SHEIKH RASHID BIN HUMEED ST. AL NAKHIL 2, AJMAN, UAE",06-7483030,25.370065,55.567881,"2 Alberawi Street, Yasmeen, Ajman, AJ, United Arab Emirates",0.0252,© OpenStreetMap contributors
7,AJM,CLINIC,AL RAFI CLINIC,RING ROAD,"RING ROAD,NEAR CHINA DANEM BLDG,SHOP NO 208,209",06-7432844,25.023061,55.243144,"209 Ring Road, Damac Hills, Dubai, DU, United Arab Emirates",0.5,© OpenStreetMap contributors
8,AJM,CLINIC,EMIRATES PVT MEDICAL CENTRE,SANIYA,"INDUSTRIAL AREA,SANAIYA, AJMAN",06-7486177,25.380924,55.479205,"New Industrial, Ajman, AJ, United Arab Emirates",0,Who's On First
9,AJM,CLINIC,SUNNY SHARQAN MEDICAL CENTRE LLC- AJMAN,AJMANS,"AL SHARQAN EXTENSION ,AL AROUBA STREET,TOWARDS AJMAN",06-5667996,24.41626175,54.4631591475769,"Al Noor Hospital Extension, Al Rawdah, Abu Dhabi, United Arab Emirates",0.388304081632653,© OpenStreetMap contributors
10,AJM,CLINIC,NMC MEDICAL CENTRE AJMAN LLC BR- RASHIDIYA - AJMAN,RASHIDIYA,"NEAR SAFEER HYPERMARKET ,SAMHA PLAZA,OPP AL KHOR TOWER, RASHIDIYA - AJMAN",06-7147666,25.3936557,55.4451432,"Ajman, Ajman Emirate, United Arab Emirates",0.25,© OpenStreetMap contributors
11,AJM,CLINIC,MODERN MEDICAL CENTER,AL JURF,"AL JURF,INDUSTRIAL AREA 3,JEDDAH STREEET",06-7469695,25.41814,55.50791,"Al Jerf, Ajman, AJ, United Arab Emirates",0,GeoNames
12,AJM,CLINIC,METRO MEDICAL CENTRE,AL NUAIMIA,AL NUAIMIA,06-7469694,25.3843557,55.4542636,"Al Nuaimia, Ajman Emirate, United Arab Emirates",1,© OpenStreetMap contributors
13,AJM,CLINIC,MAPLE MEDICAL CENTER L.L.C,RAWDA STREET,"ABDUL HAQUE BUILDING,FLAT NO:559,AL SALAM STREET,RAWDA-3,AJMAN,UAE",06-5955921,25.3924017,55.4592192,"Al Salam, Mosaab Bin Omair Street, Meshairef, Ajman, Ajman Emirate, United Arab Emirates",0.107142857142857,© OpenStreetMap contributors
14,AJM,CLINIC,RED MAPLE MEDICAL CENTER L.L.C,AL JURF 3,"ABDUL HAQUE BUILDING,BAHIYA,INDUSTRIAL AREA, AL JURF-3,NEAR BROTHERS STEEL",06-5955921,25.66757,56.0021,"Ras al Khaimah, United Arab Emirates",0,GeoNames
15,AJM,CLINIC,AL AIN MEDICAL CENTER LLC,AL NUAIMIA,"AL AIN BUILDING, HAFIZ IBRAHIM STREET, FIRST FLOOR 104, 105, AL NUAIMIA, AJMAN",06-7406661,25.383995,55.462111,"104 Hafiz Ibrahim Street, Al Nuaimia, Ajman, AJ, United Arab Emirates",0.45,© OpenStreetMap contributors
16,AJM,CLINIC,AL SHROOQ POLYCLINIC,AL BUSTAN,"UAE EXCHANGE, KARAMA PLAZA BUILDING, 1ST FLOOR 104 A BLOCK, ALBUSTAN, AJMAN",06 7455688,25.063663,55.145651,"Jumeirah Islands Townhouses Block A, Jumeirah Islands, Dubai, DU, United Arab Emirates",0.0284248126754288,© OpenStreetMap contributors
17,AJM,CLINIC,AL RUKN MEDICAL CENTER,RASHIDIYA-3,"AL ZAHEER STREET,RASHIDIYA-3,AJMAN,UAE",06-7482005,25.4027518,55.4372451,"Chenab Restaurant Ajman UAE, 6,7 Al Zaher Street, Al Rumailah, Ajman, AJ, United Arab Emirates",0.375,© OpenStreetMap contributors
18,AJM,CLINIC,AL GHARAFA MEDICAL CENTRE,AL BUSTAN,"3RD FLOOR, UAE EXCHANGE BUILD.LULU AREA",06-7448322,24.4802192,54.3699323,"3 floor, Dameedah Street, Al Danah, Abu Dhabi, AZ, United Arab Emirates",0.45,© OpenStreetMap contributors
19,AJM,CLINIC,LLH SPECIALIST MEDICAL CENTER,AL NUAIMIA,"MAIRAM TOWER, AL NUAIMIA, KING FAISAL STREET",06-7486747,25.3400681,55.38807715,"King Faisal Building, 313 King Faisal Street, Al Majaz, Sharjah, SH, United Arab Emirates",0.5,© OpenStreetMap contributors
20,AJM,CLINIC,KHALID LALA MEDICAL CLINIC LLC,AL JURF,"AL JURF INDISTRIAL AREA -2 , AL JEDDAH STREET,AJMAN",06-7483485,25.4097103,55.4433898,"Jeddah, Sheikh Rashid Bin Humaid Al Nuaimi Street, Al Nakhil, Ajman, Al Bustan, United Arab Emirates",0.0740740740740741,© OpenStreetMap contributors
21,AJM,CLINIC,KHALID MEDICAL CLINIC,NUAIMIA 3,"SHEIKH KHALIFA BIN ZAYED ST, NUAIMIA 3",06-5556303,25.392526122997,55.4337798371621,"3 Sheikh Khalifa Bin Zayed Street, Al Nuaimia, Ajman, Naymiyah 3, United Arab Emirates",0.21875,© OpenStreetMap contributors
22,AJM,CLINIC,ALENAYA MEDICAL CLINIC LLC,AL KHAN,ALBUSTAN TOWER FLAT NO 209 NEAR MASHRIQ BANK,06-7449666,,,,,
23,AJM,CLINIC,AJMAN MEDICAL CENTER,AJMAN,AL ZARAH BLDG MOEHAT ROUND ABOUT NEW INDUSTRIAL AREA AJMAN,06-7430088,25.3936557,55.4451432,"Ajman, Ajman Emirate, United Arab Emirates",0.25,© OpenStreetMap contributors
24,AJM,CLINIC,MEDO MEDICAL CENTER,NUAIMIA,"OFFICE 105, SHEIKH AMMAR BIN HUMAID STREET, JURF INDUSTRIAL 1, AJMAN, UNITED ARAB EMIRATES",06-5556303,25.403356,55.524396,"Ajman, AJ, United Arab Emirates",0.5,Who's On First
25,AJM,CLINIC,CAREPLUS MEDICAL CENTER LLC AJMAN,AJMAN,"K.M TRADING BUILDING 1ST FLOOR FLAT NO: 115 OPP. LULU HYPERMARKET, AJMAN",06-7473341,,,,,
26,AJM,CLINIC,NOOR AL SHIFA CLINIC LLC,JURF,METRO BUILDING - JURF- AJMAN,06-5234870,25.239007,55.508355,"Building access, Al Khawaneej, Dubai, DU, United Arab Emirates",0,© OpenStreetMap contributors
27,AJM,CLINIC,AALIYA MEDICAL CENTRE,AL BUSTAN,"CITY MART BUILDING, OPP-KUWAIT HOSPITAL, LULU HYPER MARKET, KUWAITE HOSPITAL STREET, AL BUSTAN, AJMAN",06-7475599,24.4884346,54.3665134,"Zayed The First St / Lifeline Hospital, Zayed The First Street, Al Danah, Abu Dhabi, AZ, United Arab Emirates",0.0786155325443787,© OpenStreetMap contributors
28,AJM,CLINIC,FAMILY MEDICAL CENTRE,NEW IND AREA AL ZAHRA,"NEAR AL HARAMAIN PERFUMES, NEW INDUSTRIAL AREA AL ZAHRA AJMAN, NEW INDUSTRIAL AREA, AJMAN",06-7434800,25.3936557,55.4451432,"Ajman, Ajman Emirate, United Arab Emirates",0.25,© OpenStreetMap contributors
29,AJM,CLINIC,IBIN SINA MEDICAL CENTRE,AL QUDS STREET,"AL QUDS BUILDING, NEAR ENBD BANK AJMAN, AL QUDS STREET, AJMAN",06-7457755,25.3936557,55.4451432,"Ajman, Ajman Emirate, United Arab Emirates",0.0211570247933884,© OpenStreetMap contributors
30,AJM,CLINIC,NEW IBINSINA MEDICAL CENTRE,AL JURF,"CANADIAN BUILDING, NEAR AJMAN TARAFFIC & LICENSING DEPARTMENT, AL JURF, AJMAN",06-7413330,25.44254,55.53117,"Maqbarat al Jurf, Al Jerf Industrial, Ajman, United Arab Emirates",0.45,GeoNames
31,AJM,CLINIC,FIRST AID CLINIC LLC,AL JURF-4,"OPPOSITE MAPLE HOME LINEN INDUSTRY AND BLUE SUPERMARKET,BEHIND CHINA MALL,JURF- INDUSTRIAL AREA-4",06-7446752,25.0480152,55.1218741,"China Court - Ibn Battuta Mall, 1 Abraj Al Mina Street, Jabal Ali 1, Jebel Ali, The Gardens, United Arab Emirates",0.0170454545454545,© OpenStreetMap contributors
32,AJM,CLINIC,COST CARE GENERAL CLINIC,NUAIMIA 1,"AL MARZOOKI BUILDING, SHOP NO: 1, GROUND FLOOR, NUAIMEYA 1, AJMAN. PO BOX: 42789",06-5275643,25.383752,55.446061,"1 31 Street, Al Nuaimia, Ajman, AJ, United Arab Emirates",0.001245849609375,© OpenStreetMap contributors
33,AJM,CLINIC,EVE MEDICAL CENTRE LLC,AL JUR 2,J1 BUILDING 1ST FLOOR GARDEN CITY AL JURF 2 AJMAN,06-7498042,25.40378665,55.5070786634963,"Garden city, Al Jerf, Ajman, Ajman Emirate, United Arab Emirates",0,© OpenStreetMap contributors
34,AJM,CLINIC,ELAJ MEDICAL CENTRE L.L.C 01,AL NUAIMIYA 2,"37 COLLEGE ST - AL NUAIMIYA 2, AJMAN, UAE",06-7488808,25.00608265,55.2505310775868,"Al Thamam 2, 2 Al Thammam Street, Al Hebiah 5, Dubai, United Arab Emirates",0.225,© OpenStreetMap contributors
35,AJM,CLINIC,INTERNATIONAL SPECIALIST MEDICAL CENTRE AJMAN,AL NUAIMIA,"FISRT FLOOR,SHAFIQ RANA BUILDING,ABOVE AL HEKMAH PHARMACY, KUWAITI STREET. NAUIMIYA 1. AJMAN, PO BOX 2164",06-7463400,25.3936557,55.4451432,"Ajman, Ajman Emirate, United Arab Emirates",0.0229908512736796,© OpenStreetMap contributors
36,AJM,CLINIC,ELAJ MEDICAL CENTRE L.L.C AJMAN,AL RUMAILAH,AL RUMAILAH AREA AJMAN UAE,67418880,25.401063,55.430279,"Al Rumailah, Ajman, AJ, United Arab Emirates",0,Who's On First
37,AJM,CLINIC,AURA MEDICAL CENTER L. L.C,FJUR,"SHOP NO 21,JURF INDUSTRIAL ZONE 2,AJMAN",06-526 5455,25.3936557,55.4451432,"Ajman, Ajman Emirate, United Arab Emirates",0.25,© OpenStreetMap contributors
38,AJM,CLINIC,ASTER MEDICAL CENTRE BR.(AJMAN),AJMAN,"SHAIKH KHALIFA BIN ZAYED STREET, AJMAN UAE",06-7314799,25.389796,55.551682,"Sheikh Khalifa bin zayed foundation Banquet Hall, Ragayeb, Ajman, AJ, United Arab Emirates",0.18753525,© OpenStreetMap contributors
39,AJM,CLINIC,ACCESS MEDICAL CENTRE (BR.OF DM),IND AREA-1,"AL HAMRAIN SOUQ, AJMAN INDUSTRIAL AREA 1,NEAR NESTO HYPERMARKET, AJMAN",06-7404778,25.4076181,55.4436978,"Kholood Dental clinic,Citymart building,Al bustan,Ajman, 302 Masfoot Street, Al Bustan, Ajman, United Arab Emirates",0.00591580726965342,© OpenStreetMap contributors
40,AJM,CLINIC,SARAH MEDICAL CENTRE,MASFUT,"AL RASHID AL BADAWANI BLDG, FLOOR 1, HATTA ROAD, MUZEIRAH, MASFUT, AJMAN, PO 12457",06-8522116,25.428808,55.463631,"30/1 Sheikh Mohammed Bin Rashid Al Maktoum road, Al Zawarah, Ajman, AJ, United Arab Emirates",0.00847323022959184,© OpenStreetMap contributors
41,AJM,CLINIC,AL HEMAYA GENERAL CLINIC LLC,AL JURF-1,"SHOP NO 8 ,AL JURF INSUDTRAIL ZONE 1, NEAR LULU EXCHANGE,AJMAN",06-5225374,25.3936557,55.4451432,"Ajman, Ajman Emirate, United Arab Emirates",0.25,© OpenStreetMap contributors
42,AJM,CLINIC,NORTHERN AL AHLIAH MEDICAL CENTRE (Ajman),AL BUSTAN,"AL WAKF BLDG., BEHIND AJMAN GENERAL POST OFFICE & NBAD, AL BUSTAN",06-7404941,25.672763,55.993935,"Al Bustan Street, RK, United Arab Emirates",0.111111111111111,© OpenStreetMap contributors
43,AJM,CLINIC,AHALIA MEDICAL CENTER,AL ITTIHAD STREET,"NEAR EMIRATES MARKET, ASYAD TOWER, AL ITTIHAD STREET",06-7497557,25.712035,55.833058,"Al Ittihad Road, RK, United Arab Emirates",0.520833333333333,© OpenStreetMap contributors
44,AJM,CLINIC,MEDICARE MEDICAL CENTRE LLC,SHEIKH RASHID STREET,"SHEIKH RASHID STREET, M.CITY MART BUILDING,AJMAN,UAE",06-7475171,25.3243061,55.3772962405756,"rashid al sheikh bdg, Al Khan Street, Al Khan, Sharjah, United Arab Emirates",0.81,© OpenStreetMap contributors
45,AJM,CLINIC,JABAL SINA MEDICAL CENTRE LLC,ESCAPE TOWER,"GROUND FLOOR ESCAPE TOWER,AJMAN,UNITED ARAB EMIRATES",06-740 2255,25.402864,55.4392513477599,"escape tower, Sheikh Rashid Bin Humaid Al Nuaimi Street, Al sawan, Ajman, Ajman Emirate, United Arab Emirates",1,© OpenStreetMap contributors
46,AJM,CLINIC,ABDUL AZIZ MEDICAL CENTRE L.L.C,AL HAMIDIYA,"AL SALAM BUILDING FLOOR F, OFFICE NO. 5 SHEIKH MAKTOUM BIN RASHID ST AL HAMIDIYA AJMAN UAE","054-3358211,056-4990000",25.3936557,55.4451432,"Ajman, Ajman Emirate, United Arab Emirates",0.25,© OpenStreetMap contributors
47,AJM,CLINIC,SEHA MEDICAL CENTER,NUAIMIYA-1,"AL ITTEHAD ROAD, NUAIMIYA-1,AJMAN,UNITED ARAB EMIRATES",06-7404045,25.3936557,55.4451432,"Ajman, Ajman Emirate, United Arab Emirates",0.2480625,© OpenStreetMap contributors
48,AJM,CLINIC,GOLDEN STAR MEDICAL CENTER,AJMAN,"45 ABDULLAH BIN ABUD STREET, RM 7&8, NOOR BUILDING, AJMAN, UAE",058-8978647,,,,,
49,AJM,CLINIC,AL NAHRAIN SPECIALTY MEDICAL CENTER - LLC,AL NUAIMIA 2,"AL NUAIMIA 2,AJMAN,UAE",06-7449144,25.3843557,55.4542636,"Al Nuaimia, Ajman Emirate, United Arab Emirates",0,© OpenStreetMap contributors
50,AJM,CLINIC,AL NAHRAIN MEDICAL CENTER 1 LLC,AL HELIO 2,"AL HELIO 2, HELIO 2,AJMAN,UAE",06-7484778,25.006162,55.250476,"2 Al Thamam, Remraam, Dubai, DU, United Arab Emirates",0.1,© OpenStreetMap contributors
51,AJM,CLINIC,DEAR HEALTH MEDICAL CENTER,RASHIDIYA 3,"AL SWAN TOWER, RASHIDIYA 3,AJMAN,UAE",06-7413344,25.2241,55.39165,"Al Rashidiya, DU, United Arab Emirates",0.285714285714286,GeoNames
52,AJM,CLINIC,MAGENTA HEALTH PLUS MEDICAL CENTER L.L.C (SOLE PROPRIETORSHIP),JURF,"AHMED ABDULLA ALMEHDAR BUILDING, JURF IND.AREA1 ,AJMAN,UAE",06-7449095,,,,,
53,AJM,CLINIC,ORIANA MEDICAL CENTER LLC SOLE PROPRIETORSHIP,AL JURF,AL JURF INDUSTRIAL 1 - AJMAN,06-5918889,25.392561,55.573474,"Al Aamra Street, Al Helio, Ajman, AJ, United Arab Emirates",0.9,© OpenStreetMap contributors
54,AJM,CLINIC,EAZY CARE MEDICAL CENTER L.L.C,MOWAIHAT-3,"MOWAIHAT-3, NEAR ADNOC PETROL STATION ,AJMAN,UAE",06-7458050,,,,,
55,AJM,CLINIC,NATIONAL CLINIC (AJMAN),AJMAN,NEW SANAIYA - AJMAN,06-7432292/8007400,25.3979404,55.502882,"New Bake, Sheikh Zayed Street, Al Zahraa, Ajman, AJ, United Arab Emirates",0.568421052631579,© OpenStreetMap contributors
56,AJM,CLINIC,AL SANAIYA CLINIC (AJMAN),AJMAN,"OFFICE 105, SHEIKH AMMAR BIN HUMAID STREET, JURF INDUSTRIAL 1, AJMAN, UNITED ARAB EMIRATES",06-7484078/8007400,25.403356,55.524396,"Ajman, AJ, United Arab Emirates",0.5,Who's On First
57,AJM,CLINIC,AL NAUMIA CLINIC (AJMAN),AJMAN,"HASSAN BIN HAITHAM STREET, AJMAN",06-7432292/8007400,25.403356,55.524396,"Ajman, AJ, United Arab Emirates",0.5,Who's On First
58,AJM,CLINIC,DR. RAJEEVANS MEDICAL CENTRE,NEW SANIYA,"NEAR IND. AREA,NEW SANIYA, AJMAN",06-7431330,25.3936557,55.4451432,"Ajman, Ajman Emirate, United Arab Emirates",0.222222222222222,© OpenStreetMap contributors
59,ALAIN,CLINIC,ULTRA MEDICAL CENTER,AL JIMI MALL,"AL AIN, JIMI ALONG THE NEW SAFA'S PARKING & BEFORE CAREFOUR AL JIMI MALL",03 762 5552,24.244955,55.725501,"Al Jimi Mall, Al Jimi, Al Ain, AZ, United Arab Emirates",0,© OpenStreetMap contributors
60,ALAIN,CLINIC,MEDSTAR CLINICS SANAIYA ALAIN LLC,AL AIN TOWN CENTER,"PO BOX 222766, AL AIN TOWN CENTER, NEAR TAQWA MOSQUE, AL AIN, UAE",03-7621007,24.204759,55.793045,"Al Ain City Centre, Al Sarooj, Al Ain, AZ, United Arab Emirates",0.06613488,© OpenStreetMap contributors
61,ALAIN,CLINIC,MUBARAK MEDICAL CENTER - SOLE PROPRIETORSHIP L.L.C.,OLD IMIGRATION ROAD,"OLD IMIGRATION ROAD, NEAR K.M.TRADE.AL AIN",03-7642978,25.3588448,55.5130715,"Emrats road old, Sheikh Mohammed Bin Zayed Road, Muntazy, Emirates City, AJ, United Arab Emirates",0.0332150625,© OpenStreetMap contributors
62,ALAIN,CLINIC,AL NOOR MEDICAL CENTRE,MURABBA MAIN STREET,MURABBA MAIN STREET,03-7662072,,,,,
63,ALAIN,CLINIC,INDEX MEDICAL CENTER L.L.C,ALTAWBA,"2ND FLOOR, AL REEM BUILDING, AUD ALTAWBA, AL AIN,ABU DHABI, UAE",03-7513939,24.4961347,54.4073301,"Art Central, RG-17, Ground Floor, Al Reemah Street, Al Reem Island, Abu Dhabi, Abu Dhabi Emirate, United Arab Emirates",0.168,© OpenStreetMap contributors
64,ALAIN,CLINIC,AL WAQAR MEDICAL CENTRE,"MAIN STREET,","MOHD SHERIF ALKHURI BLDNG, VILLA 20, BEHIND BABYMART, MAIN STREET, AL AIN",03-7664521,24.28394,55.62129,"Al Ain International Airport, AZ, United Arab Emirates",0.25,GeoNames
65,ALAIN,CLINIC,FATIMA MEDICAL CENTER L L C,KHALIFA STREET,"ABOVE DAMAS BUILDING ,KHALIFA STREET AL IAN",03-7513883,25.308985,55.44604,"Sheikh Khalifa Street, Industrial Area 13, Sharjah, SH, United Arab Emirates",0.0833333333333333,© OpenStreetMap contributors
66,ALAIN,CLINIC,​GEMS MEDICAL CLINIC LLC​,TOWN CENTER,"TOWN CENTER ,MAIN STREET .AL AIN",03-7641852,24.194877,55.705282,"Al Imtiyaz Street, Al Muwaiji, Al Ain, AZ, United Arab Emirates",0.142857142857143,© OpenStreetMap contributors
67,ALAIN,CLINIC,MEDLIFE MEDICAL CENTRE LLC-ALLAIN,ALAIN,"NEAR QURAN STUDY CENTRE, KALIMA HYPERMARKET BUILDING,",03-7331033,,,,,
68,ALAIN,CLINIC,EMIRATES INTERNATIONAL POLYCLINIC - L.L.C.,TOWN CENTER,"ZAYED BIN SULTAN STREET,LANDMARK: BEHIND AL-AIN COOPORATIVE SOCIETY,TOWN CENTER, AL-AIN, UAE",03-7669888,24.4956704,54.3718818,"Hamdan St / Shk. Zayed Bin Sultan St, Hamdan Bin Mohammed Street, Al Danah, Abu Dhabi, AZ, United Arab Emirates",0.0354105260362358,© OpenStreetMap contributors
69,ALAIN,CLINIC,AL KHAZNA HEALTH MEDICAL CENTER,AL KHAZNA 1,"AL KHAZNA 1, AL KHAZNA , AL AIN,UAE",02-5584609,25.112654,55.193111,"1 Al Barsha, Al Barsha 1, Dubai, DU, United Arab Emirates",0.10551724137931,© OpenStreetMap contributors
70,ALAIN,CLINIC,AL FARHAN MEDICAL CENTER,BANIYAS EAST9,"NEAR SULTAN BAKERY, BANIYAS EAST9 ,ABU DHABI AL AIN ROAD",02-5833417,24.30047,54.63611,"Baniyas, AZ, United Arab Emirates",0.25,GeoNames
71,ALAIN,CLINIC,AL AIN ALAHILI MEDICAL CENTRE,SHABIYA KHALIFA STREET,"SHABIYA KHALIFA STREET, NEAR TO AL HILAL BANK, AL AIN",03-7559990,24.147005,55.749511,"Al Ain, AZ, United Arab Emirates",0.1,Who's On First
72,ALAIN,CLINIC,EASTERN ALAHILI MEDICAL CENTER - SOLE PROPRIETORSHIP L.L.C. - BRANCH 1,HAMDAN STREET,"OPP HAMDAN CENTER, HAMDAN STREET, HAMDAN",02-4442235,24.4888154,54.3626291,"Hamdan Center, Hamdan Bin Mohammed Street, Al Danah, Abu Dhabi, AZ, United Arab Emirates",0.675,© OpenStreetMap contributors
73,ALAIN,CLINIC,NOOR ALAHLI MEDICAL CENTER L.L.C.,SANAYA,"SANAYA, NEAR OLD POLICE STATION, AL AIN",03-7665852,24.147005,55.749511,"Al Ain, AZ, United Arab Emirates",0.1,Who's On First
74,ALAIN,CLINIC,RAYHAN PRIMARY HEALTHCARE CENTRE - SOLE PROPRIETORSHIP L.L.C,"YASEAR STREET, AL MARUBBA","BUILDING 8, YASEAR STREET, AL MARUBBA, CENTRAL DISTRICT, AL AIN,ABU DHABI,UAE",03-7510043,24.2262715,55.7376796,"Canadian Cart Medical Center, 8 Al Daqal Street, Al Mutarad, Al Mu'tarid, AZ, United Arab Emirates",0.184771664067721,© OpenStreetMap contributors
75,ALAIN,CLINIC,AL MAMOON MEDICAL CENTER L.L.C,AL MUWAIJI,"AL MUWAIJI, AL AIN",03-7666652,24.2114301,55.70755,"Al Muwaiji, Abu Dhabi Emirate, United Arab Emirates",0.5,© OpenStreetMap contributors
76,ALAIN,CLINIC,AL MIRAGE MEDICAL CENTER,AL AIN SPORT CLUB,"2ND FLOOR, AL AIN SPORT CLUB BUILDING, NEXT TO AL REEM COMPLEX, AL AIN, UAE.",03-7516774,24.496135,54.40733,"RG-17, Ground Floor Boutik Mall, Al Reem Island, Al Reem Island, Abu Dhabi, AZ, United Arab Emirates",0,© OpenStreetMap contributors
77,ALAIN,CLINIC,HEALING TOUCH MEDICAL CENTER,"ALJIMI, AL AMERIYA","1st FLOOR, ABOVE AATI LAUNDRY, ALJIMI, AL AMERIYA, PO BOX68001, AL AIN,UAE",03-7850150,24.25323,55.72991,"Al Jimi, Al Ain, AZ, United Arab Emirates",0,GeoNames
78,ALAIN,CLINIC,AL RANEEN MEDICAL CENTRE LLC,ZAYED BIN SULTAN STREET,"M2 FLOOR, LUCKY PLAZA BUILDING, TOWN CENTER, NEAR HAYAT CENTER, ZAYED BIN SULTAN STREET, AL AIN",03-7655602,24.147005,55.749511,"Al Ain, AZ, United Arab Emirates",0.025,Who's On First
79,ALAIN,CLINIC,MISSION MEDICAL CENTER,SANIYAH ALAIN,"SANIYAH AL AIN,UAE",03-7224188,24.20308435,55.761786356645,"LuLu Hypermarket & Department Store, Saniyah-Al Ain, Al Mawsou'ah 4 Street, Industrial Area, Abu Dhabi Emirate, United Arab Emirates",0,© OpenStreetMap contributors
80,ALAIN,CLINIC,AL JIMI MEDICAL POLYCLINICS L.L.C,ALAIN,ALAIN,03-7656269,24.23277055,55.774065684143,"LuLu Hypermarket kuwaitat alain, Al Sarrah Street, Central District, Abu Dhabi Emirate, United Arab Emirates",1,© OpenStreetMap contributors
81,ALAIN,CLINIC,AL JIMI MEDICAL POLYCLINICS L.L.C-BRANCH,ALAIN,ALAIN,03-7656269,24.23277055,55.774065684143,"LuLu Hypermarket kuwaitat alain, Al Sarrah Street, Central District, Abu Dhabi Emirate, United Arab Emirates",1,© OpenStreetMap contributors
82,ALAIN,CLINIC,ALSULTAN ADVANCED MEDICAL CLINICS,FALAJ HAZZA ALAIN,"FULL BUILDING, NEAR ZAYED EST FOR SPECIAL NEEDS , STREET 70, JAFEER JADEED, FALAJ HAZZA ALAIN",03-7806111,25.2589889,55.473883706051,"70 68 Street, Al Khawaneej, Dubai, DU, United Arab Emirates",0.0096,© OpenStreetMap contributors
83,ALAIN,CLINIC,SULTAN MEDICAL CENTRE,AL AINCENTRAL MARKET,"NEAR COOPERATIVE SOCIETY, AL AINCENTRAL MARKET AL AINCENTRAL MARKET AL AIN",03-7641525,24.1959,55.7621418,"Al Ain Gift Market, 3rd Street, Industrial Area, AZ, United Arab Emirates",0,© OpenStreetMap contributors
84,AUH,CLINIC,ZIA MEDICAL CENTRE LLC,SHABIYA 12 MBZ CITY,BUILDING #104 SHABIYA 12 MBZ CITY ABU DHABI UAE,02-5522201,,,,,
85,AUH,CLINIC,PESHAWAR MEDICAL CENTRE LLC,MUSSAFAH,"OPPOSITE TO ICAD GATE 1 , SANAIYA M-40 MUSSAFAH ABU DHABI,UAE",02-5508987,24.16595,55.75736,"Sanaiya, AZ, United Arab Emirates",0.25,GeoNames
86,AUH,CLINIC,SWAT MEDICAL POLY CLINIC,MUSSAFAH,"NEAR SPINNEYS SUPERMARKET SANAIYA M-40 MUSSAFAH ABU DHABI,UAE",02-5550038,,,,,
87,AUH,CLINIC,LAHORE MEDICAL CENTRE-SOLE PROPRIETORSHIP L.L.C,SANAIYA,"NEAR SHABAB MUSSAFAH SUPERMARKET, SANAIYA M-26 MUSSAFAH ABU DHABI,UAE",02-5462548,,,,,
88,AUH,CLINIC,BAB AL TEB MEDICAL CENTRE LLC-SOLE PROPRIETORSHIP L.L.C,SANAIYA M-44,"SANAIYA M-44 MUSSAFAH ABU DHABI,UAE",02-6261914,,,,,
89,AUH,CLINIC,LLH MEDICAL CENTRE AL MUSAFFAH L.L.C,SHABIA 9,"PLOT - C173,M FLOOR, SHABIA 9 , MUSAFFAH, ABU DHABI",02-4116444,24.3306061,54.5349895,"shabia, Al Daraj Street, ME10, Abu Dhabi, AZ, United Arab Emirates",0.5,© OpenStreetMap contributors
90,AUH,CLINIC,LLH MEDICAL CENTRE L.L.C,MUSAFFAH SHABIYA ME II,"BUILDING NO. C55, MUSAFFAH SHABIYA ME II, PO BOX 92313",02-6282222,25.2929652,55.4594562,"Building No : 3255, Sheikh Khalifa Street, Muweilah Commercial, Sharjah, Muwailih, United Arab Emirates",0.1542564,© OpenStreetMap contributors
91,AUH,CLINIC,LLH MEDICAL CENTRE AL MUSAFFAH L.L.C - BRANCH 1,MAFRAQ INDUSTRY,"NEAR LABOTEL CAMP, MAFRAQ INDUSTRY",02-5856333,,,,,
92,AUH,CLINIC,LLH MEDICAL CENTRE AL MUSAFFAH L.L.C - BRANCH 3,"ICAD, 16 ,MUSAFFAH","M40, KM TRADING BUILDING, ICAD, 16 STREET , MUSAFFAH.",02-4116450,25.008168,55.26409,"16 Street, Damac Hills, Dubai, DU, United Arab Emirates",0.0257648953301127,© OpenStreetMap contributors
93,AUH,CLINIC,OCCU MED CLINIC L.L.C,MUSAFFAH,"GLOBAL ASCENT BUSINESS CENTER , OFFICE NO:15, GROUND FLOOR,93293, MUSAFFAH, ABU DHABI",02-5134000,24.378704,54.5214212,"Musaffah Health, Al Hiraf Streeet, Musaffah Industrial Area, Musaffah, AZ, United Arab Emirates",0.5,© OpenStreetMap contributors
94,AUH,CLINIC,LIFECARE CLINIC L.L.C,AL MAFRAQ WORKERS CITY 2,"MAGENTA REAL ESTATE MANAGEMENT LLC, MAGENTA PEARL VILLAGE, AL MAFRAQ WORKERS CITY 2, ABU DHABI",02-5824916,24.32884465,54.6061811036283,"Al Mafraq, Abu Dhabi, Abu Dhabi Emirate, United Arab Emirates",0.05625,© OpenStreetMap contributors
95,AUH,CLINIC,LIFECARE MEDICAL CENTER L.L.C,LABOR CITY,"AL WATHBA RAZEEN LABOR CITY, ABU DHABI",02-5826812,24.22240965,54.6372825873548,"Al wathba prison, Lane 2010, Al Wathba Camel Racetrack, Al Wathbah, AZ, United Arab Emirates",1,© OpenStreetMap contributors
96,AUH,CLINIC,LIFECARE CLINIC L.L.C. - BRANCH,"WORKERS CITY-2, BANIYAS","MOUNTAIN GATE, PROPERTY INVESTMENT, ALMAFRAQ, WORKERS CITY-2, BANIYAS, ABU DHABI",054-7910144,24.41871045,54.4346956341127,"Hyatt Capital Gate, Al Multaqa Street, Al Safarrat, Abu Dhabi, Al Safarat, United Arab Emirates",1,© OpenStreetMap contributors
97,AUH,CLINIC,TOP CARE MEDICAL CENTER,MUSAFFAH,"AL ESKAN AL JAMAE BUILDING , SHOPS NO. R023, R024,R025 – GROUND FLOOR , MUSSAFAH INDUSTRIAL AREA,",02-5500620,25.1585464,55.4080608,"Viva saloon, n 06 Persia N, Warsan 1, Dubai, DU, United Arab Emirates",0.00639239001189061,© OpenStreetMap contributors
98,AUH,CLINIC,SHAHEEN MEDICAL CENTRE,AL-FALAH STREET,AL-FALAH STREET OPPOSITE WEARMART ABU DHABI,02-6411345,24.365909,54.582942,"Abu Dhabi, AZ, United Arab Emirates",0.5,Who's On First
99,AUH,CLINIC,KARACHI MEDICAL POLYCLINIC,MUSAFFAH,MUSAFFAH - M-37 - ABU DHABI,02-5500730,24.3657845,54.4957065,"Musaffah Industrial Area, Musaffah, Abu Dhabi Emirate, United Arab Emirates",0.123456790123457,© OpenStreetMap contributors
100,AUH,CLINIC,SARHAD MEDICAL CENTER,"MUSAFFAH - II,","MUSAFFAH - II, OPPOSITE TO LLH HOSPITAL,ABU DHABI,UAE",02-5559068,,,,,
101,AUH,CLINIC,SABA MEDICAL CENTER LLC,MUSAFFAH,"13 AL JAZZEEM 2 STREET,MUSAFFAH INDUSTRIAL M37,ABU DHABI, 20316",02-552 3300,24.4538352,54.3774014,"Abu Dhabi, Abu Dhabi Emirate, United Arab Emirates",0.25,© OpenStreetMap contributors
102,AUH,CLINIC,RIGHT CHOICE MEDICAL CENTER,MUSSAFAH SANIYA,"MUSSAFAH SANIYA, M10 - BLOCK 32 - SHOP 3 + 4, INDUSTRAIL AREA, ABU DHABI,UAE",02-4917600,24.038153,53.887363,"32 شارع سنجاري, AZ, United Arab Emirates",0,© OpenAddresses contributors
103,AUH,CLINIC,GOLDEN HEALTH MEDICAL CENTER L.L.C,HAMEEM RD,"AL SALAM LIVING CITY, HAMEEM RD, ABU DHABI",02-5868789,24.2153114426315,54.4135891629478,"Hameem Road, Al Selmiyyah, Abu Dhabi Emirate, United Arab Emirates",0.5,© OpenStreetMap contributors
104,AUH,CLINIC,EXPERT MEDICAL CLINIC - SOLE PROPRIETORSHIP L.L.C,HAMEEM RD,"MOJUMAAT WORKERS CITY, HAMEEM RD, ABU DHABI",02-5867877,24.2153114426315,54.4135891629478,"Hameem Road, Al Selmiyyah, Abu Dhabi Emirate, United Arab Emirates",0.5,© OpenStreetMap contributors
105,AUH,CLINIC,TABIBAK MEDICAL CLINIC L.L.C,HAMEEM RD,"CAMPCO PROPERTIES, HAMEEM RD, ABU DHABI",02-8848442,24.2153114426315,54.4135891629478,"Hameem Road, Al Selmiyyah, Abu Dhabi Emirate, United Arab Emirates",0.5,© OpenStreetMap contributors
106,AUH,CLINIC,MEDSTAR ICAD MEDICAL CENTER L.L.C,"ICAD RESIDENTIAL CITY, MUSSAFAH","PO BOX 106964, ICAD RESIDENTIAL CITY, MUSSAFAH, ABU DHABI, NEAR FRESH & MORE HYPERMARKET",02-5845657,25.1212273,56.3340341498629,"Fujairah Tower, PO Box 2900 Fujairah Tower Drop Off, Town Center, Fujairah City, FU, United Arab Emirates",0.00342391304347826,© OpenStreetMap contributors
107,AUH,CLINIC,NEW NATIONAL MEDICAL CENTRE LLC BRANCH 1,"SANIAH,MUSAFFAH","SECTOR M36,PLOT 138 SANIAH,MUSAFFAH,ABUDHABI",02-5593777,24.9283,55.66193,"Al Madam, United Arab Emirates",0,GeoNames
108,AUH,CLINIC,NEW FAMOUS MEDICAL CENTER LLC,MUSSAFFAH,OFFICE NO.16 1ST FLOOR SALEM KHAMIS SALEM ALKHEMEIRI MUSSAFAH 34 ABU DHABI,02-5538040,25.2350964,55.3182162,"Amal Khamis Advocates & Legal Consultants, 19th Street, Umm Hurair, Dubai, Bur Dubai, United Arab Emirates",0,© OpenStreetMap contributors
109,AUH,CLINIC,MUBARAK MEDICAL CENTER - SOLE PROPRIETORSHIP L.L.C. - BRANCH,WORKER CITY-2,"AL ESHOUSH CAMP, WORKER CITY-2, BANIYAS, ABU DHABI, UAE",02-5837772,24.473145,54.362964,"Al Hosn Military Camp, Al Manhal, Abu Dhabi, AZ, United Arab Emirates",0.208285714285714,© OpenStreetMap contributors
110,AUH,CLINIC,MEDLINE MEDICAL CENTRE L.L.C.,MUSAFFAH,"9G3F+M24 - 14TH ST - MUSAFFAH - M-26 - ABU DHABI,UAE",02-5530577,24.3531966,54.5239925,"32 Ad Diman 4 Street, Musaffah Industrial Area, Musaffah, AZ, United Arab Emirates",0,© OpenStreetMap contributors
111,AUH,CLINIC,MAXIM MEDICAL CENTRE LLC,MUSAFFAH,"MUSSAFAH-43,ICAD 1,ABDUABI UAE",02-5500161,24.2863861,54.4920537,"Al Wadi Paper Industries LLC, 32 Al Mahdar Street, ICAD II, Abu Dhabi Industrial City, AZ, United Arab Emirates",0,© OpenStreetMap contributors
112,AUH,CLINIC,M 26 MEDICAL CENTER,MUSAFFAH,"PLOT NO: 94, MUSAFFAH M-26 NEAR GUJRAT RESTAURANT MUSAFFAH",02-8867789,24.35305,54.525242,"Plot No. M-26, Musaffah, Abu Dhabi, AZ, United Arab Emirates",0,© OpenStreetMap contributors
113,AUH,CLINIC,INFINTI MEDICALCENTER LLC,MAIN INDUSTRIAL AREA,"AL WADI BUILDING, BLOCK NUMBER 198, MAIN INDUSTRIAL, ABU DHABI, UAE",02-8882622,,,,,
114,AUH,CLINIC,AL AFIA GHYATHI MEDICAL CENTRE LLC,AL DHAFRA,"INDUSTRIAL SECTOR 18, SANAIYA 2, GHAYATHI, AL DHAFRA REGION, ABU DHABI, UAE",02-874 3164,24.1939064,55.7645138,"Ameen Car Garage, Al Ain Sanaiya, Ash Shallal 6 Street, Industrial Area, AZ, United Arab Emirates",0.277984523076923,© OpenStreetMap contributors
115,AUH,CLINIC,ABU SALMAN MEDICAL CENTRE LLC,SHABIYA,"ME-10 MUSSAFAH SHABIYA,ABUDHABI,UAE",02-5522549,24.432813,54.38347,"10, Al Mushrif, Abu Dhabi, AZ, United Arab Emirates",0,© OpenStreetMap contributors
116,AUH,CLINIC,AL NASEEM MEDICALCENTRE L.L.C,HAMDAN STREET,"BEHIND HOME CENTER,UNIQUE PHARMACY BUILDING,FLAT-102,HAMDAN STREET,ABU DHABI,UAE",02-6399090,24.4764497,54.3477664,"102 Hamdan Bin Mohammed Street, Al Hisn, Abu Dhabi, Abu Dhabi Emirate, United Arab Emirates",0.6561,© OpenStreetMap contributors
117,AUH,CLINIC,AL QABAIL MEDICAL CENTRE L.L.C L.L.C,MUSAFAH,"AL JIMI WORKERS VILLAGE BUILDING ,M-33 , MUSAFAH , ABUDHABI , U.A.E",02-5575531,,,,,
118,AUH,CLINIC,PROVIDENCE INT'L MEDICAL AND COSMETIC CENTRE LLC,MUSAFFAH 3,"MARYAM ABDALL BUILDING, M 38, MUSAFFAH 38, ABU DHABI",02-4454867,24.3568049,54.5155718,"arch and art advertising boards LLC, Musaffah - M-32/2 Al Hayal 2 Street, Musaffah Industrial Area, Musaffah, AZ, United Arab Emirates",0.45,© OpenStreetMap contributors
119,AUH,CLINIC,BREEZE MEDICAL CENTRE LLC,AL DHAFRA,"ADCS BUILDING, OPP FAB BANK, MADINAT ZAYED, AL DHAFRA, ABUDHABI, UAE",02-8869855,23.6520354,53.7046617017936,"Madinat Zayed, Zayed City, Al Dhafrah Region, United Arab Emirates",0.666666666666667,© OpenStreetMap contributors
120,AUH,CLINIC,PRIME CARE MEDICAL CENTRE LLC,MUSAFFA,"C-184,ME:10 MUSAFFA -ABU DHABI,UAE",02-5538188,24.4027334,54.5850916,"C Four Gym, Butti Bin Mohammed Al Qubaisi Street, Khalifa City, Abu Dhabi, AZ, United Arab Emirates",0.0891440217391304,© OpenStreetMap contributors
121,AUH,CLINIC,DR GUPTA MEDICAL CENTER LLC,ELECTRA STREET,"KM TRADING BUILDING 1ST FLOOR,OFFICE NO:110,ELECTRA STREET, ABU DHABI.",02-6337357,24.4967295,54.3764693205553,"Electra Park, Al Zahiyah, Abu Dhabi, United Arab Emirates",0.35,© OpenStreetMap contributors
122,AUH,CLINIC,HIGH LIFE MEDICAL CENTER - SOLE PROPRIETORSHIP L.L.C,"CHINA CAMP, BANIYAS","SHOP NO G02, F2C4-7, BUILDING No.07 PARCO MALL,AL MAFRAQ INDUSTRIAL AREA 2 (CHINA CAMP), BANIYAS",02-5850081,25.1262395,55.2079367,"SJ Solitaire Jewels, Shop No. 124, Building 5, Gold & Diamond Park Sheikh Zayed Road (North), Al Quoz Industrial 3, Dubai, DU, United Arab Emirates",0.00224719101123596,© OpenStreetMap contributors
123,AUH,CLINIC,HEALTH CLEAR MEDICAL CENTER LLC,MUSAFFAH INDUSTRIAL AREA,"SHOP NO 06, BUILDING NO 85, STREET 10TH, M-13 MUSAFFAH INDUSTRIAL AREA ABU DHABI UAE",02-5535582,24.3488731,54.4904380047039,"Musaffah, Abu Dhabi Emirate, United Arab Emirates",0.25,© OpenStreetMap contributors
124,AUH,CLINIC,GOLDEN TULIP MEDICAL CENTRE L.L.C,MUSSAFAH INDUSTRIAL AREA,ST#11 PLOT #23 M-17 MUSSAFAH INDUSTRIAL AREA,02-5556608,25.24580515,55.49706525,"23 129 Street, Al Khawaneej, Dubai, DU, United Arab Emirates",0.567,© OpenStreetMap contributors
125,AUH,CLINIC,FREEDOM MEDICAL POLY CLINIC LLC,MUSSAFAH,"BUILDING NO. 4, MUSAFFAH M-4",02-6336744,25.1161765,55.2038938,"Al Emad, Shop no. 13 Al Seedaf 1 Street, Al Barsha 1, Dubai, Al Barsha, United Arab Emirates",0,© OpenStreetMap contributors
126,AUH,CLINIC,COSMPOLITAN MEDICAL CENTRE - SOLE PROPRIETORSHIP LLC,AL DHAFRAH REGION,"205, FIRST FLOOR, HAMEEM MALL, AL DHAFRAH REGION, ABU DHABI, UAE",02-5555328,,,,,
127,AUH,CLINIC,CARE POINT CLINIC L.L.C,"WORKERS CITY 1,BANIYAS","AL JABER SHOPPING COMPLEX,MAFRAQ WORKERS CITY 1, BANIYAS,ABU DHABI",26228383,,,,,
128,AUH,CLINIC,BLUE OCEAN MEDICAL CENTER - SOLE PROPRIETORSHIP L.L.C,SHABIYA-ME10,"ABU DHABI-MUSAFFAH SHABIYA-ME10-MOHAMED BIN ZAYED CITY,UAE",02-5515590,24.345932,54.539187,"Al Ain University Of Science & Technology - Abu Dhabi - Abu Dhabi, Mohamed Bin Zayed City, Abu Dhabi, United Arab Emirates",0,© OpenStreetMap contributors
129,AUH,CLINIC,BAB AL MADINA MEDICAL CENTER L.L.C,MUSAFFAH,"SHOP # 4, PLOT # 32,MOOSA AL AJBAN BUILDING,MUSAFFAH M-26, P.O. BOX # 25537, ABU DHABI UAE",02-6422464,25.1212273,56.3340341498629,"Fujairah Tower, PO Box 2900 Fujairah Tower Drop Off, Town Center, Fujairah City, FU, United Arab Emirates",0.0025698988697204,© OpenStreetMap contributors
130,AUH,CLINIC,NEW NATIONAL MEDICAL CENTRE,MUSAFFAH,"NEW NATIONAL MEDICAL CENTRE, MUSSAFAH ME 10,PO BOX 30666, ABU DHABI",02-5520100,,,,,
131,AUH,CLINIC,DAR AL SHIFA MEDICAL CENTRE,BEHIND DANA HOTEL,"BLDG NO 137, AL NOWAIS BLDG. ELECTRA ST TOURIST CLUB AREA, BEHIND DANA HOTEL, ABU DHABI, UAE",02-6456100,25.04755005,55.2754443738033,"137 Wadi Al Safa 6 Street, Wadi Al Safa 6, Dubai, Al Reem 3, United Arab Emirates",0,© OpenStreetMap contributors
132,AUH,CLINIC,ASTER PRIMARY CARE LLC,MUSAFFAH,"NEAR 1ST SIGNAL (MASJID), SECTOR-9,SANNAYAH,MUSAFFAH ,ABU DHABI",02-5557078,24.365909,54.582942,"Abu Dhabi, AZ, United Arab Emirates",0.5,Who's On First
133,AUH,CLINIC,AL WAHDA MEDICAL CENTRE,AL WAHDA MALL,"OPPOSITE AL WAHDA MALL, DEFECNE ROAD, ABU DHABI",02-6418383,24.365909,54.582942,"Abu Dhabi, AZ, United Arab Emirates",0.1,Who's On First
134,AUH,CLINIC,HALA MEDICAL CENTRE-GHAYATHI,GHAYATHI,GHAYATHI MAIN MARKET WESTERN REGION,02-8742437,,,,,
135,AUH,CLINIC,AL DHAFRA MODERN MEDICAL CENTRE-BEDA ZAYED,BEDA ZAYED,"AL DHAFRA REGION,BEDA ZAYED.ABU DHABI,UAE",02-8846651,24.21517,54.57349,"Ring Road Al Dhafra, Al Dhafrah, Abu Dhabi, AZ, United Arab Emirates",0,© OpenStreetMap contributors
136,AUH,CLINIC,EXPRESS GHAYATHI CLINIC-AL DHAFRA,GHAYATHI,EXPRESS GHAYATHI MARKET SANAYAH,02-8744430,,,,,
137,AUH,CLINIC,AL AMAL MEDICAL CENTRE L.L.C,BANIYAS EAST 9,"BANIYAS EAST 9, ABU DHABI, UAE",02-5832331,24.30047,54.63611,"Baniyas, AZ, United Arab Emirates",0.692307692307692,GeoNames
138,AUH,CLINIC,BANIYAS ALAHLI MEDICAL CENTRE LLC,MUSSAFFAH – 37,"NEAR AHMED SALEM AL - MAHRAMI MOSQUE, OPP AL MADINA HYPERMARKET, MUSSAFFAH – 37",02-5510606,25.298802,55.3699233,"Salem ahmed al moosa enterprises tower 1, Al Nahda Street, Al Nahda, Sharjah, SH, United Arab Emirates",0,© OpenStreetMap contributors
139,AUH,CLINIC,STAR AL AHALIA MEDICAL CENTER L.L.C.,GAYATHI,"C76, NEAR GAYATHI MARKET,GAYATHI",02-8744677,24.9699363,55.1679831,"Geldbach International LLC, Ware house 47 59 Street, Dubai Investment Park 1, Dubai, DU, United Arab Emirates",0.09375,© OpenStreetMap contributors
140,AUH,CLINIC,EASTERN ALAHILI MEDICAL CENTER - SOLE PROPRIETORSHIP L.L.C.,MAFRAQ,"MAFRAQ, WORKERS CITY-2,",02-5856005,24.32965,54.60764,"Al Mafraq, AZ, United Arab Emirates",0.6,GeoNames
141,AUH,CLINIC,NOOR ALAHLI MEDICAL CENTER L.L.C. - BRANCH 1,MUSSAFAH,"ICAD MALL, ICAD GATE 1, M41, ICAD RESIDENTIAL CITY, MUSSAFAH",02-5575890,24.9224877,55.0046793533713,"Underworld, 9/1 Motion Gate Street, Dubai Parks and Resorts, Jebel Ali, Dubai, United Arab Emirates",0.0185365384615385,© OpenStreetMap contributors
142,AUH,CLINIC,NOOR ALAHLI MEDICAL CENTER L.L.C. - BRANCH 2,MUSAFFAH,"M-9, SHABIYAH, BLDG. NO C-5 , NEAR SAFEER MALL, MUSAFFAH",02-5530368,,,,,
143,AUH,CLINIC,NOOR ALAHLI MEDICAL CENTER L.L.C. - BRANCH 3,HAMDAN,"BLDG. NO. C72, BEHIND LIWA CENTER, HAMDAN STREET, HAMDAN",02-6811533 / 0506192927,24.4881148,54.3612507,"Hamdan St / Liwa Center, Hamdan Bin Mohammed Street, Al Danah, Abu Dhabi, AZ, United Arab Emirates",0.4369626,© OpenStreetMap contributors
144,AUH,CLINIC,NOOR ALAHLI MEDICAL CENTER L.L.C. - BRANCH 4,NEAR BANIYAS COURT,"NEAR BANIYAS COURT, BANIYAS WEST",02-5858529,24.2779736,54.6436136,"Baniyas court, Al Musbih Street, Baniyas West, Jarn Yafour, AZ, United Arab Emirates",0.733333333333333,© OpenStreetMap contributors
145,AUH,CLINIC,NOOR ALAHLI MEDICAL CENTER L.L.C. - BRANCH 6,MIRFA,"MARFA SOUQ, OPP ABU SAEED MOSQUE, MIRFA",02-8833020,24.07014,53.468663,"Al-Mirfa’, AZ, United Arab Emirates",0.1296,Who's On First
146,AUH,CLINIC,OASIS MEDICAL CENTRE L.L.C.,MUSAFFAH ICAD,"NEAR FATHIMA SUPER MARKET, AL JIMI WORKERS VILLAGE, MUSAFFAH ICAD",02-5506691,24.3619331,54.5216448,"Workers village camp, Al Jammalah 3 Street, Musaffah Industrial Area, Musaffah, AZ, United Arab Emirates",0.208209836065574,© OpenStreetMap contributors
147,AUH,CLINIC,OASIS MEDICAL CENTRE L.L.C. - BRANCH 1,AL FALAH STREET,"OASIS BLDG., AL FALAH STREET (OLD PASSPORT ROAD), NEAR CITIBANK",02-6763282,25.3575208,55.3904537,"Al Falah Restaurant, Al Rolla Street, Al Gharb, Sharjah, Al Ghuwair, United Arab Emirates",0.489294915254237,© OpenStreetMap contributors
148,AUH,CLINIC,WESTERN TOWERS AL AHLIA MEDICAL CENTER L.L.C.,BEDA ZAYED,"MZE-19, NEAR AL MAYA SUPERMARKET, SANAYA, BEDA ZAYED",02-8840522,25.1710755,55.2268432,"19 Al Lu'lu Street, Jumeirah, Dubai, Jumeirah 3, United Arab Emirates",0.09,© OpenStreetMap contributors
149,AUH,CLINIC,ADNOC TECHNICIAL INSTITUTE CLINIC - ATI,NEAR SCHLUMBERGER,"AL SHAWAMEKH, NEAR SCHLUMBERGER - ABU DHABI",02-6022894,24.2844014,54.4723366792674,"Schlumberger, ICAD II, Abu Dhabi Industrial City, Abu Dhabi, United Arab Emirates",1,© OpenStreetMap contributors
150,AUH,CLINIC,SHEIKH KHALIFA ENERGY CLINIC-ADNOC,SHEIKH KHALIFA ENERGY COMPLEX,SHEIKH KHALIFA ENERGY COMPLEX - ABU DHABI,02-6020012,24.49792,54.3666885020773,"Sheikh Khalifa Energy Complex, At Touk Street, Al Danah, Abu Dhabi, Abu Dhabi Emirate, United Arab Emirates",1,© OpenStreetMap contributors
151,AUH,CLINIC,ABU DHABI REFINERY CLINIC,INTERNATIONAL AIRPORT ROAD,INTERNATIONAL AIRPORT ROAD - ABU DHABI,02-6022011,24.4109148365346,54.6218667009454,"Sweihan Road, Masdar City, Abu Dhabi, Abu Dhabi Emirate, United Arab Emirates",0.567,© OpenStreetMap contributors
152,AUH,CLINIC,ADNOC ONSHORE MEDICAL CENTRE,KHALIDIYAH,"ADCO MEDICAL CENTRE, NEAR ADCO OPERATIONS, AL KHALIDIYAH,1ST CORNICHE STREET, ABU DHABI",02-6018527 / 02-6043013,24.365909,54.582942,"Abu Dhabi, AZ, United Arab Emirates",0.036,Who's On First
153,AUH,CLINIC,ADNOC HQ CLINIC,CORNICHE STREET,"ADNOC BUILDING, CORNICHE STREET, ABU DHABI UAE",02-7073417,24.4991665,54.367801,"Sofitel Abu Dhabi Corniche, At Touk Street, Al Danah, Abu Dhabi, AZ, United Arab Emirates",0.45,© OpenStreetMap contributors
154,AUH,CLINIC,QUSAHWIRA MEDICAL CENTER,AL DHAFRA REGION,"AL DHAFRA REGION, P.O. BOX : 898, ABU DHABI",02-6014678,24.3726461,54.5057898,"Al Dhafra, Sultan Bin Mohammed Al Qubaisi Street, Musaffah, AZ, United Arab Emirates",0.666666666666667,© OpenStreetMap contributors
155,AUH,CLINIC,SHAH AL HOSN PLQ CLINIC,AL DHAFRA,"WESTERN REGION,AL DHAFRA, ABU DHABI",02-8085000,24.3726461,54.5057898,"Al Dhafra, Sultan Bin Mohammed Al Qubaisi Street, Musaffah, AZ, United Arab Emirates",0.5,© OpenStreetMap contributors
156,AUH,CLINIC,DAS MEDICAL CENTER,DAS ISLAND,"DAS ISLAND, ABU DHABI",02-6063500,25.14193095,52.8775402943263,"Das Island, Abu Dhabi Emirate, United Arab Emirates",0,© OpenStreetMap contributors
157,AUH,CLINIC,ZIRKU MEDICAL CENTER,ZIRKU ISLAND,"ZIRKU ISLAND, ABU DHABI",02-6056223,24.365909,54.582942,"Abu Dhabi, AZ, United Arab Emirates",0.405,Who's On First
158,AUH,CLINIC,UPPER ZAKUM CLINIC,UPPER ZAKUM OILFIELD,"UPPER ZAKUM OILFIELD, ABU DHABI",02-6054200,24.365909,54.582942,"Abu Dhabi, AZ, United Arab Emirates",0.5,Who's On First
159,AUH,CLINIC,ARZANAH CLINIC,UMM AL NAR,"UMM AL NAR, NEAR AL MAQTA BRIDGE - ABU DHABI",02-6057300,24.365909,54.582942,"Abu Dhabi, AZ, United Arab Emirates",0.0510204081632653,Who's On First
160,AUH,CLINIC,UMM AL DAKH CLINIC,UMM AL DAKH OILFIELD,"UMM AL DAKH OILFIELD, ABU DHABI",02-6054015,24.4367795,54.3999654,"Al nahda national school, Makkah Street, Al Mushrif, Abu Dhabi, AZ, United Arab Emirates",0,© OpenStreetMap contributors
161,AUH,CLINIC,ALSSEIFIYA ISLAND CLINIC,SOUTH ISLAND OIL FIELD,"SOUTH ISLAND OIL FIELD, ABU DHABI",02-6059012,24.365909,54.582942,"Abu Dhabi, AZ, United Arab Emirates",0.5,Who's On First
162,AUH,CLINIC,ATTOUK ISLAND CLINIC,NORTH ISLAND OILFIELD,"NORTH ISLAND OILFIELD, ABU DHABI",02-6059406,24.365909,54.582942,"Abu Dhabi, AZ, United Arab Emirates",0.5,Who's On First
163,AUH,CLINIC,WEST ISLAND CLINIC,WEST ISLAND OILFIELD,"WEST ISLAND OILFIELD, ABU DHABI",02-6059902,24.616399,54.476383,"Nurai Island, AZ, United Arab Emirates",1,© OpenStreetMap contributors
164,AUH,CLINIC,AL GHALLAN ISLAND CLINIC,CENTRAL ISLAND OILFIELD,"CENTRAL ISLAND OILFIELD, ABU DHABI",02-6059602,24.365909,54.582942,"Abu Dhabi, AZ, United Arab Emirates",0.5,Who's On First
165,AUH,CLINIC,ALQATIA ISLAND CLINIC,ALQATIA ISLAND,"ALQATIA ISLAND, ABU DHABI, UAE",02-6085544,25.67776,55.740208,"Hampton by Hilton Marjan Island, Marjan Island Boulevard, RK, United Arab Emirates",0.9,© OpenStreetMap contributors
166,AUH,CLINIC,BUSIKEEN ISLAND CLINIC,SARB ISLAND,"ABU DHABI MARINE OPERATING SARB ISLAND, ABU DHABI, UAE",02-6085824,,,,,
167,AUH,CLINIC,UMM SHAIF FIELD CLINIC,UMM SHAIF FIELD,"UMM SHAIF FIELD, ABU DHABI",02-6066887,,,,,
168,AUH,CLINIC,ZAKUM WEST SUPER COMPLEX CLINIC,ZAKUM WEST ISLAND,"ZAKUM WEST ISLAND, ABU DHABI",02-6067206,24.365909,54.582942,"Abu Dhabi, AZ, United Arab Emirates",0.5,Who's On First
169,AUH,CLINIC,AL NASR FIELD CLINIC,AL NASR FIELD ISLAND,"AL NASR FIELD ISLAND, ABU DHABI",02-6066887,24.365909,54.582942,"Abu Dhabi, AZ, United Arab Emirates",0.5,Who's On First
170,AUH,CLINIC,UMM AL LULU CLINIC,UMM AL LULU ISLAND,"UMM AL LULU ISLAND, ABU DHABI UAE",02-6066887,25.3546728,55.3880512,"Al Lulu Bicycles, Sheikh Saqr Bin Khalid Al Qasimi Street, Al Gharb, Sharjah, Um Tarafa, United Arab Emirates",0,© OpenStreetMap contributors
171,AUH,CLINIC,SHAH GENERAL CLINIC,RAMS SHAH FIRST AID CENTER,"RAMS SHAH FIRST AID CENTER - ADNOC (R18),ABU DHABI",02-6020541,,,,,
172,AUH,CLINIC,SAHEL CLINIC,SAHEL,"SAHEL, WESTERN REGION, ABU DHABI",02-6049928,24.47657,54.331526,"Bait Al Sahel - The Coast People's House, Al Kasir, Abu Dhabi, AZ, United Arab Emirates",1,© OpenStreetMap contributors
173,AUH,CLINIC,BUHASA MEDICAL CENTER,RAMS BUHASA,"RAMS BUHASA, ABU DHABI",02-6035272,23.61667,53.38333,"Buhasa Airport, Al Dhafra, United Arab Emirates",0,GeoNames
174,AUH,CLINIC,DABBAYIA CLINIC,RAMS DHABIYYA,"RAMS DHABIYYA CLINIC,ABU DHABI",02-26046788,,,,,
175,AUH,CLINIC,HABSHAN MEDICAL CENTER,BEDA ZAYED ROAD,"BEDA ZAYED ROAD, HABSHAN ABU DHABI",02-6038331,24.365909,54.582942,"Abu Dhabi, AZ, United Arab Emirates",0.087890625,Who's On First
176,AUH,CLINIC,ASAB MEDICAL CENTER,ASAB AREA,"ASAB AREA, ABU DHABI",02-6034222,24.49852585,54.4098953027476,"Play area, Al Reem Island, Abu Dhabi, AZ, United Arab Emirates",1,© OpenStreetMap contributors
177,AUH,CLINIC,BIDA AL OSHANAH CLINIC,HABSHAN,"BUHASA ROAD, HABSHAN ABU DHABI",02-7071271,24.365909,54.582942,"Abu Dhabi, AZ, United Arab Emirates",0.114795918367347,Who's On First
178,AUH,CLINIC,ADAM & EVE SPECIALIZED MEDICAL CENTRE L.L.C,ZAYED THE FIRST STREET,"1ST FLOOR, PINK BUILDING #501, NEAR ROYAL ROSE HOTEL, ZAYED THE FIRST STREET - E-10 - ABU DHABI",02-6767366,24.4613483018452,54.3341141124995,"Zayed The First Street, Al Bateen, Abu Dhabi, Abu Dhabi Emirate, United Arab Emirates",0.5,© OpenStreetMap contributors
179,AUH,CLINIC,ADAM & EVE SPECIALIZED MEDICAL CENTRE L.L.C. - BRANCH,NEAR SHEIKH KHALIFA MEDICAL CITY,"VILLA NO # 209, NEAR SHEIKH KHALIFA MEDICAL CITY, AL KARAMAH STREET",02-621 9996,24.3266756,54.5661085,"Villa no. 17, Al Yadrah Street, Mohammed Bin Zayed City, Abu Dhabi, Z12, United Arab Emirates",0.154469387755102,© OpenStreetMap contributors
180,AUH,CLINIC,DOCTOR ATIQUR RAHMAN POLYCLINIC LLC,AL MARAFI STREET,"SEED AL KHALIL BLD AL MARAFI,STREET ABUDHABI,UAE",02-6398331,25.6960532,55.7998312,"Al Jazeera Supermarket, 21C Street, Al Jazeera Al Hamra, Al jazeera heritage village, RK, United Arab Emirates",0.156521739130435,© OpenStreetMap contributors
181,AUH,CLINIC,GROW AND GLOW MEDCLINIC- SOLE PROPRIERTORSHIP L.L.C,NEW SHAHAMA,"BLD NO 26 NEW SHAHAMA,NEAR PETROL PUMP,UAE",02-6505388,,,,,
182,AUH,CLINIC,A B C PLUS MEDICAL CENTRE,WORKER CITY NO.1-MAFRAQ I,WORKER CITY NO.1-MAFRAQ INDUSTRIAL AREA-ABU DHABI UAE,02-6279479,,,,,
183,AUH,CLINIC,BASEL MEDICAL CENTRE L.L.C,AL MAFRAQ WORKERS CITY 2,"AL MAFRAQ WORKERS CITY 2 - ABU DHABI,UAE",02-6316831,24.3280271,54.613043833697,"Al Mafraq Hospital, Tawi 'Inad Street, Al Mafraq, Abu Dhabi, AZ, United Arab Emirates",1,© OpenStreetMap contributors
184,AUH,CLINIC,HOME HEALTH MEDICAL CENTRE LLC,SHABIYA 11,"C 31 BUILDING NUMBER ,FIRST FLOOR ,SHABIYA 11 ,ABU DHABI,UAE",02-5530162,24.4538352,54.3774014,"Abu Dhabi, Abu Dhabi Emirate, United Arab Emirates",0.25,© OpenStreetMap contributors
185,AUH,CLINIC,MARIAM MEDICAL CENTER LLC,BANIYAS,"SHOP NO.2B PLOT NO F2C4_1MAGENTA PEARL VILLAGE, AL-MAFRAQ INDUSTRIAL-2 (CHINA CAMP),BANIYAS, ABU DHABI",02-6214626,25.25854095,55.40003495,"Al Imran Technical Services, Shop Number 2 7a Street, Al Qusais, Dubai, DU, United Arab Emirates",0.0489130434782609,© OpenStreetMap contributors
186,AUH,CLINIC,HEALTH TIME MEDICAL CENTRE - SOLE PROPRIETORSHIP L.L.C.,BANIYAS,"BLDG. 08, PLOT F2C4-8, AL-MAFRAQ INDUSTRIAL 2 BANIYAS, ABU DHABI, UNITED ARAB EMIRATES,",02-6425247,25.007596,55.251737,"Al Thamam 8, 8 Al Thammam, Remraam, Dubai, DU, United Arab Emirates",0,© OpenStreetMap contributors
187,AUH,CLINIC,APEX MEDICAL CENTRE L.L.C,GHAYATHI NEW INDUSTRIAL AREA,"BIN ASHEER BUILDING, GHAYATHI NEW INDUSTRIAL AREA, WESTERN REGION GHAYATHI ABU DHABI, UAE",02-6500485,25.33723945,55.3952480404436,"Saleh Bin Saleh Building, Suraqah Bin Ka'eb Street, Al Qasimia, Sharjah, Abu Shagara, United Arab Emirates",0.113302409638554,© OpenStreetMap contributors
188,AUH,CLINIC,INDUS MEDICAL CENTER LLC,WORKERS VILLAGE 2 AL MAFRAQ,"WORKERS VILLAGE 2 AL MAFRAQ INDUSTRIAL AREA ABU DHABI, UAE",02-4467700,25.006162,55.250476,"2 Al Thamam, Remraam, Dubai, DU, United Arab Emirates",0.0120535714285714,© OpenStreetMap contributors
189,AUH,CLINIC,AL KAMAL MEDICAL POLYCLINICS-LLC,KHALIDIYA,"FIRST FLOOR,AL JERNAIN TOWER,ZAYED THE FIRST STREET,KHALIDIYA,ABU DHABI,UAE",02-6651464,24.4806667501897,54.3871337767516,"Hazza' Bin Zayed The First Street, Qasr El Bahr, Abu Dhabi, Abu Dhabi Emirate, United Arab Emirates",0.3645,© OpenStreetMap contributors
190,AUH,CLINIC,EVER CARE MEDICAL CENTER,SANIYAH,"MUSAFFAH,SANIYAH 17,UAE",02-4457667,23.671931,53.687952,"17 شارع, Madinat Zayid, AZ, United Arab Emirates",0,© OpenAddresses contributors
191,AUH,CLINIC,EMERALD MEDICAL CENTRE LLC,ICAD,"STREET#16 M/37 NEAR ICAD,ABU DHABI,UAE",02-4441325,25.051825,55.266024,"Street 1 Street, Arabian Ranches, Dubai, DU, United Arab Emirates",0.45,© OpenStreetMap contributors
192,AUH,CLINIC,HOPE MEDICAL CENTER L.L.C,BANIYAS,"BANIYAS, MAFRAQ INDUSTRIAL - PLOT 384, UNIT, OWNER/GENERAL CONSTRUCTION COMPANY, ABU DHABI",02-5551430,24.28545135,54.6437560622374,"Baniyas Post Office, Bani Yas Street, Bani Yas, Abu Dhabi, AZ, United Arab Emirates",1,© OpenStreetMap contributors
193,AUH,CLINIC,MODERN CENTER,AL GABA STREET,"AL GABA STREET, NEAR MALABAR GOLD, ABOVE MAJEED PHARMACY ALAIN ABUDHABI,UAE",03-7664764,25.231869,55.317237,"Al Madina Al Tebbia Street, Umm Hurair 2, Dubai, DU, United Arab Emirates",0,© OpenStreetMap contributors
194,AUH,CLINIC,RAHMATH SILA CLINIC,SILA,"1ST FLOOR, AL SILA PHARMACY BUILDING, SILA, ABU DHABI, UAE",02-8724999,,,,,
195,AUH,CLINIC,SPECIALIZED DENTAL AND ORTHODONTIC CENTER,AL MUSHRIF,"131, M FLOOR, AL MUSHRIF, NEAR IMMIGRATION OFFICE ,ABU DHABI ,UAE",02-4439688,24.4444272,54.3994842,"131 Dihan Street, Hadbat Al Za'faranah, Abu Dhabi, AZ, United Arab Emirates",0,© OpenStreetMap contributors
196,AUH,CLINIC,PATTAYA MEDICAL CENTRE L.L.C,MUSSAFAH SANAIYA,"BUILDING NUMBER 216 NEAR I.CARD, M-37, MUSSAFAH SANAIYA, ABU DHABI, UAE",02-5530233,24.4953706,54.3652435,"Building 216, Saeed Bin Ahmed Al Otaiba Street, Al Danah, Abu Dhabi, AZ, United Arab Emirates",0,© OpenStreetMap contributors
197,AUH,CLINIC,SAHARA MEDICAL CENTER L.L.C,MUSAFFAH,"M44, MUSAFFAH, ABU DHABI",02-5556393,24.3657845,54.4957065,"Musaffah Industrial Area, Musaffah, Abu Dhabi Emirate, United Arab Emirates",0.25,© OpenStreetMap contributors
198,AUH,CLINIC,LIFECARE CLINIC L.L.C. - BRANCH,WORKER'S CITY ICAD,"TASAMEEM WORKER'S CITY ICAD ,MUSAFFAH",02-5502543,,,,,
199,AUH,CLINIC,LLH CLINIC L.L.C.,"ICAD , MUSAFFAH","LULU STAFF CITY ICAD , MUSAFFAH",02-4116180,24.3306549,54.5359817,"Lulu Burger, Wadi Kawakib Street, ME10, Abu Dhabi, AZ, United Arab Emirates",0.171428571428571,© OpenStreetMap contributors
200,AUH,CLINIC,LLH CLINIC L.L.C. - BRANCH,"GHIYATHI, AL DHAFRA","NEAR MEGA BAZAR GHIYATHI, AL DHAFRA",056-4010637,,,,,
201,AUH,CLINIC,HIRMAS REAL ESTATE LLC,SAADIYAT ISLAND,"SAADIYAT ACCOMMODATION VILLAGE ,SAADIYAT ISLAND , ABU DHABI",02-2050812,24.543127,54.432671,"Rixos Premium Saadiyat Island, Al Saadiyat Island, Abu Dhabi, AZ, United Arab Emirates",0.9,© OpenStreetMap contributors
202,AUH,CLINIC,TIME CURE MEDICAL CENTER - SOLE PROPRIETORSHIP LLC,MUSSAFAH 36,"PLOT 15, ABOVE ARAB COOK REST. MUSSAFAH 36, ABU DHABI,UAE",02-5508998,24.4133098,54.45646225,"Pitch 15, Al Khaleej Al Arabi Street, Al Rawdah, Abu Dhabi, Rihan Heights, United Arab Emirates",1,© OpenStreetMap contributors
203,DXB,CLINIC,ZEN LIFE POLYCLINIC CO LLC,AL JADAF,"SHOP 3A, EMERALD JADAF METRO BUILDING, AL JADAF",04-2541800,25.216159,55.341015,"Al Jadaf, Jaddaf, Dubai, DU, United Arab Emirates",0,© OpenStreetMap contributors
204,DXB,CLINIC,VIDA CLINIC LLC-BRANCH-MUHAISANAH - 2,MUHAISANAH,"PO BOX-117751,MUHAISANAH - 2,6A STREET 10,AL MADINA HYPERMARKET,SHOP 08,09,10",04-3283333,25.348092,55.394085,"Shuaa Al Madina Supermarket, 10 Al Hussain Bin Al Hareth Street, Al Qasimia, Sharjah, SH, United Arab Emirates",0.0425165641737751,© OpenStreetMap contributors
205,DXB,CLINIC,VCARE POLYCLINIC LLC,AL NAHDA 1,"LOCATION : AL NAHDA 1 , BUILDING : NASMAH TOWER ,DUBAI,PO BOX : 236676",04-2654400,25.276997,55.364547,"39 Al Nahda Road, Al Quasis 1, Dubai, DU, United Arab Emirates",0.03955078125,© OpenStreetMap contributors
206,DXB,CLINIC,UNICARE MEDICAL CENTRE BRANCH,BUR DUBAI -MANKHOOL,"VILLA 172, NEAR NEW DUBAI NURSERY, MANKHOOL ROAD, SATWA",04-3529292,25.253393,55.293529,"Majestic city retreat hotelfirst floor 103 al mankhool road;Al Mankhool Rd, Al Mankhul, Dubai, DU, United Arab Emirates",0.729,© OpenStreetMap contributors
207,DXB,CLINIC,KARAMA MEDICAL CENTRE,KARAMA,"45B STREET 36,1015 IBRAHIM KHALIFA,ARIF & BINTOAK BUILDING,KARAMA,DUBAI",04-3366889/8007400,25.20006,55.387793,"37563 88074 45b Street, Nadd Al Hamar, Dubai, DU, United Arab Emirates",0.9,© OpenAddresses contributors
208,DXB,CLINIC,KARAMA MEDICAL CENTRE AL QUOZ BR,AL QUOZ 4,"MEZZANINE FLOOR, GRAND CITY MALL,AL QUOZ INDUSTRIAL AREA 4, AL QUOZ,DUBAI",04-3413645/8007400,25.1286131,55.2324005010375,"Grand City Mall, Al Asayel Street, Al Quoz Community, Dubai, Al Quoz Industrial Area 4, United Arab Emirates",0,© OpenStreetMap contributors
209,DXB,CLINIC,KARAMA MEDICAL CENTRE AL QUOZ MALL BR,AL QUOZ,"BUILDING NAME : AL QOUZ MALL , UNIT/ VILLA NO. SHOP NO 27, 28 ,31, 32 . MAKANI NUMBER : 2075479749",04-3389444/8007400,,,,,
210,DXB,CLINIC,KARAMA MEDICAL CENTRE BR DIP,DIP,"MEZZANINE FLOOR , PARK SHOPPING MALL, DIP,DUBAI.",04-8848368/8007400,25.21635,55.2529973679286,"Mercato Shopping Mall, 14c Street, Jumeirah 1, Dubai, United Arab Emirates",0.204081632653061,© OpenStreetMap contributors
211,DXB,CLINIC,"KARAMA MEDICAL CENTRE BR, JV",JUMEIRAH VILLAGE CIRCLE,"NO.4 BUILDING M1, AMSA JUMEIRAH VILLAGE CIRCLE, DUBAI.",04-4229867/8007400,25.054137,55.206741,"FIVE Jumeirah Village, Jumeirah Village Circle, Dubai, DU, United Arab Emirates",1,© OpenStreetMap contributors
212,DXB,CLINIC,"KARAMA MEDICAL CENTRE, BR MUHAISNAH",MUHAISNA,"JIWIN STAFF ACCOMMODATION, OPP TO DUBAI MUNICIPALITY MADINA HYPER MARKET COMPLEX,",04-2630341/8007400,,,,,
213,DXB,CLINIC,JANSONS STARS POLYCLINIC,BUR DUBAI,"1ST, FLOOR EASA SALEH AL GURG BUILDING, OPP. PANORAMA GRAND HOTEL, KHALID BIN AL WALEED ROAD, BUR DUBAI",04-3933280/8007400,25.2429736,55.2754972,"Mercure Gold Al Mina Road, Al Mina Street, Al Mina, Dubai, Bur Dubai, United Arab Emirates",0.05,© OpenStreetMap contributors
214,DXB,CLINIC,KARAMA MEDICAL CENTRE BR. AL KHAIL GATE,AL KHAIL GATE,"SHOP 41 & 42, NEW WEST ZONE MALL, AL KHAIL GATE, DUBAI.",04-4533534/8007400,,,,,
215,DXB,CLINIC,KARAMA MEDICAL CENTRE BR BURJUMAN,BURJMAN,"BURJMAN,",04-353 3008/8007400,25.252087,55.3010389,"arjan hotel burjman, 28a Street, Al Mankhool, Dubai, Bur Dubai, United Arab Emirates",1,© OpenStreetMap contributors
216,DXB,CLINIC,AL AZHAR CLINIC (BRANCH - JABEL ALI) LLC,JEBEL ALI,JEBEL ALI,04-8800545/8007400,25.0102931,55.0878277,"Jebel Ali Police Station, Al Yalayis Street, Jabal Ali, Jebel Ali, Dubai, United Arab Emirates",1,© OpenStreetMap contributors
217,DXB,CLINIC,AL AZHAR CLINIC LLC (DIP 1),DIP,DIP,04-8859590/8007400,24.9736262,55.167997214845,"Emicool DIP DCP 4, Dubai Investments Park, Dubai, United Arab Emirates",1,© OpenStreetMap contributors
218,DXB,CLINIC,AL AZHAR CLINIC (BRANCH - DIP 2) LLC,DIP-2,DIP-2,04-8895309/8007400,25.0172988,55.1588099,"DIP Interchange, Sheikh Mohammed Bin Zayed Road, Me’aisem 1, Dubai, Dubai Production City, United Arab Emirates",0.7,© OpenStreetMap contributors
219,DXB,CLINIC,AL SANAIYA MEDICAL CLINIC (BRANCH) LLC (AL QUOZ),AL QUOZ,AL QUOZ,04 3407548/8007400,25.1626708,55.253445581315,"Al Quoz, Al Goaz, Dubai, United Arab Emirates",1,© OpenStreetMap contributors
220,DXB,CLINIC,AL SANAIYA MEDICAL CLINIC (SONAPUR) LLC,SONAPUR,SONAPUR,04 2543500/8007400,,,,,
221,DXB,CLINIC,NEW SANAIYA CLINIC LLC (SONAPUR),SONAPUR,SONAPUR,04 2648101/8007400,,,,,
222,DXB,CLINIC,RUBY CLINIC LLC (INTERNATIONAL CITY),INTERNATIONAL CITY,INTERNATIONAL CITY,04 4226899/8007400,25.1322737,55.3981413863264,"International City, United Arab Emirates",1,© OpenStreetMap contributors
223,DXB,CLINIC,NEW SANAIYA CLINIC -BRANCH - DIP-1,DIP 1,DIP1,04-3791311/8007400,,,,,
224,DXB,CLINIC,NEW SANAIYA CLINIC (BRANCH – HOR AL ANZ) LLC,DEIRA- HOR AL ANZ,DEIRA- HOR AL ANZ,04 2681333/8007400,25.27691,55.33678,"Hor Al Anz (Dubai), DU, United Arab Emirates",0.75,GeoNames
225,DXB,CLINIC,AL AZHAR CLINIC (BRANCH) LLC (AWIR),AWIR,AWIR,04-2230244/8007400,25.2010928,55.5893002,"Al Awir, Dubai, United Arab Emirates",1,© OpenStreetMap contributors
226,DXB,CLINIC,AL AZHAR CLINIC LLC 4,JABAL ALI,"BUILDING NAME: XPO MALL , STREET NAME: MADINAT HYPERMARKET APARTMENT/VILLA NUMBER: 10,AREA NAME: JEB",04-3836323/8007400,,,,,
227,DXB,CLINIC,REMEDY PLUS MEDICAL CLINIC LLC,ALQOUZ,"BESIDE AL GHURAIR EXCHANGE,OPP. TO BELHASA DRIVING SCHOOL,AL QOUZ-3,DUBAI,U.A.E",04-3202275,,,,,
228,DXB,CLINIC,RELEAF MEDICAL CENTRE LLC-DIP 2,DIP 2,"FAKHREE CENTRE ,PASONS HYPERMARKET,FIRST FLOOR, DIP 2",04-8814918,25.269632,55.30068,"Fakhree Al Hindi, 2 12 Street, Al Sabkha, Dubai, DU, United Arab Emirates",0.101269035,© OpenStreetMap contributors
229,DXB,CLINIC,RELEAF MEDICAL CENTRE LLC BRANCH-AL QOUZ 2,AL QUOZ 22,"NEAR OLA AL MADEENA S/M,AL QUOZ 2",04-3377977,25.271748,55.32102,"Azzah Al Madeena Minimart, 2 Al Muteena Street, Al Muteena, Dubai, DU, United Arab Emirates",0.0696099400111607,© OpenStreetMap contributors
230,DXB,CLINIC,RELEAF MEDICAL CENTRE LLC BRANCH-JEBAL ALI IN D 2,JABAL ALI 2,"SALIM ALI RASHID BUILDING,JEBAL ALI IND 2",04-3885636,25.263033,55.328485,"2 Ali Bin Salim Bin Jassim Building, Al Muraqqabat, Dubai, DU, United Arab Emirates",0.0588235294117647,© OpenStreetMap contributors
231,DXB,CLINIC,RELEAF MEDICAL CENTRE LLC (FORMERLY RELEAF MEDICAL CENTRE LLC BRANCH-ALQOUZ 1),RAS AL KHOR,"SHOP NO. 2, GROUND FLOOR ,BUILDING NAME: RASHED AL MAGOODI, AL FALASI BUILDING,RAS AL KHOR INDUSTRIAL AREA 1,DUBAI,UAE",04-3216222,25.2067262,55.3435125101878,"Dubai Creek Residence Tower 2 North, D64, Ras Al Khor, Dubai, DU, United Arab Emirates",0.0254305488491872,© OpenStreetMap contributors
232,DXB,CLINIC,MINI VM POLY CLINIC,AL QUSAIS,"BIN SHABIB MALL, GROUND FLOOR, BAGHDAD STREET, AL QUSAIS, OPP MOHRE",04-2275777,25.280654,55.380832,"Bin Shabib Mall, Al Quasis Industrial Area 1, Dubai, DU, United Arab Emirates",0.222222222222222,© OpenStreetMap contributors
233,DXB,CLINIC,NOORA POLY CLINIC,BURDUBAI,"IT CENTER BUILDING,21 ASTREET,AL SOUQ AL KABEER BURDUBAI,NEXT TO AL RAFFA POLICE STATION",04-2275777,25.160118,55.325622,"EmirateNBD IT (building M), Naad al Sheeba, Nadd Al Shiba, Dubai, DU, United Arab Emirates",0,© OpenStreetMap contributors
234,DXB,CLINIC,CITICARE MEDICAL CENTER LLC (FORMERLY PESHAWAR MEDICAL CENTRE-AL BARSHA),AL BARSHA,"AL SALAM BUILDING , NEAR MIRACLE GARDEN , ARJAN , AL BARSHA SOUTH",04-7700948,25.0612133,55.2462101,"Miracle Garden 1, 22 Street, Al Barsha South 3, Dubai, Al Barsha, United Arab Emirates",0.433928571428571,© OpenStreetMap contributors
235,DXB,CLINIC,NOVITAS CLINIC LLC,INTERNATIONAL CITY,"PRIME RESIDENCE II, INTERNATIONAL CITY, DUBAI",04-5693389,25.1656029,55.3980861,"Prime Residency 1, 4 Street, Warsan 1, Dubai, DU, United Arab Emirates",0.56,© OpenStreetMap contributors
236,DXB,CLINIC,NOVITAS CLINIC LLC (BRANCH),WARSAN,"PRIME RESIDENCE 2 , WARSAN , INTERNATIONAL CITY",04 5693389,25.03797865,55.1406400423113,"Avenue Residence 2, Ibn Battuta Street, Jabal Ali 1, Jebel Ali, DU, United Arab Emirates",0.251692682926829,© OpenStreetMap contributors
237,DXB,CLINIC,NOOR AL SHEFA CLINIC,JEBEL ALI,"JEBEL ALI MALL,JEBEL ALI IND AREA 1 , DUBAI",04-8878155,25.0289139,55.1064299,"IKEA Jebel Ali, Abraj Al Mina Street, Jabal Ali, Jebel Ali, DU, United Arab Emirates",0.576923076923077,© OpenStreetMap contributors
238,DXB,CLINIC,"NOOR AL SHEFA CLINIC BRANCH, AL QUOZ",AL QUOZ-3,"IND.AREA - 3,OPP. K F C ACCOMMODATION,AL QUOZ",04-3807636,24.344222,54.4947155,"Mustafa Ind.Area Street 36, Al Madeenah As Sina'iyah 8 Street, ICAD I, Musaffah, AZ, United Arab Emirates",0.284259139534884,© OpenStreetMap contributors
239,DXB,CLINIC,NOOR AL SHEFA CLINIC (-3),JAFZA SOUTH,"JAFZA SOUTH,JAFZA MALL, JEBAL ALI FREE ZONE",04-8817530,25.075873,55.141904,"Marina Mall, Al Sufouh 2, Dubai, DU, United Arab Emirates",0,© OpenStreetMap contributors
240,DXB,CLINIC,NOOR AL SHEFA CLINIC (BR) AL AWEER,AL AWEER,"AL AWEER ,1ST FLOOR, ,UNION CO-OP BUILDING,FRUIT VEG MARKET",04-3886601,25.122975,56.354511,"Fish, Meat and Fruit Market, Ghalala, Fujairah, FU, United Arab Emirates",0.00400614566571734,© OpenStreetMap contributors
241,DXB,CLINIC,ZAHRAT AL SHEFA MEDICAL CENTER LLC,MUHAISANAH - NEAR POST OFFICE,"1ST FLOOR SHOP NO. 1,AL GAITH BUILDING , NEAR EMIRATES POST OFFICE ,MUHAISANAH",04-2646218,25.2656824,55.3829322,"Hala Arabia Travel & Tourism LLC, Office No 1, Phase 1, 4th Floor, Sheikha Mahra Building Al Nahda Street, Al Qusais, Dubai, DU, United Arab Emirates",0.0166666666666667,© OpenStreetMap contributors
242,DXB,CLINIC,NOOR AL SHEFA CLINIC (-4),JAFZA,"MEENA RETAILS FZE BUILDING ,",04-8844666,,,,,
243,DXB,CLINIC,"AMALA MEDICAL CENTER LLC,ALQUOZ",AL QUOZ,"AL KHAIL MALL ,AL QUOZ",04-3306727,25.1492917,55.2461009521403,"Al Khail Mall, Latifa Bint Hamdan Street, Al Quoz Community, Dubai, United Arab Emirates",0.8,© OpenStreetMap contributors
244,DXB,CLINIC,FAMILY CLINIC-SATWA - DUBAI(NMC),SATWA,"AL BADA OASIS BLDG, AL HUDAIBAH STRT , SATWA - DUBAI",04-3451145,25.26038,55.29891,"Bur Dubai, DU, United Arab Emirates",0.226950354609929,GeoNames
245,DXB,CLINIC,NEW MEDICAL CENTRE-JABAL ALI(DR.REENA BEGUM CLINIC),JEBAL ALI,"1ST FLOOR NESTO HYPERMARKET, NEW WEST ACCOMMODATION, JABAL ALI FREE ZONE",04-8808856,,,,,
246,DXB,CLINIC,NEW AL MUSALLA MEDICAL CENTERE LLC,MUHAISINAH,"NEAR SHAKLAN 2 SUPERMARKET BUILDING , MUHAISNAH-2(SONAPOOR) DUBAI, P.O. BOX-26238",04-2641449,24.9410341,55.060769687495,"SAIT FZCO, P.O. Box: 52455 Sheikh Zayed Road (north), Dubai Parks and Resorts, Jebel Ali, Dubai, United Arab Emirates",0.0833333333333333,© OpenStreetMap contributors
247,DXB,CLINIC,NEW AL MUSALLA MEDICAL CENTERE LLC BRANCH,AL QUOZ 4,"OBEROI BUILDING, AL QUOZ 4, NEAR BELHASA DRIVING CENTRE, DUBAI, P.O. BOX- 69105",04-3333450,25.15598515,55.249881768229,"Belhasa Driving Centre / Main - Al Quoz 4, 12 Street, Al Quoz Community, Dubai, DU, United Arab Emirates",0.104976,© OpenStreetMap contributors
248,DXB,CLINIC,NAJMAT AL SHIFA MEDICAL CENTER LLC,AL WARSAN 1,"ENGLAND CLUSTER Y 21,INTERNATIONAL CITY, AL WARSAN 1, DUBAI",04-5802450,25.1734717,55.4006094175207,"Y-21 England, 3 Street, Warsan 1, Dubai, United Arab Emirates",0.1333584,© OpenStreetMap contributors
249,DXB,CLINIC,MVR MEDICAL CENTER L.L.C,DUBAI,"PO BOX NO.12743, GROUND FLOOR,FLORA INN HOTEL BUILDING,AIRPORT ROAD, AL GARHOUD, DUBAI, UAE",04-2327111,24.264276,55.616169,"Al Ain International Airport, Al Dahma, AZ, United Arab Emirates",0.6561,© OpenStreetMap contributors
250,DXB,CLINIC,MULTICARE MEDICAL CENTER LLC,AL QUOZ,"AL KHAIL GATE COMMUNITY CENTER COMPLEX, P.O BOX : 390899, DUBAI, UAE",04580 7899,25.2143757,55.4288689,"Shorooq Community center, Arwa Street 3, Mirdif, Dubai, Shorooq, United Arab Emirates",0.479032258064516,© OpenStreetMap contributors
251,DXB,CLINIC,MEDILIFE POLYCLINIC LLC,AL QUOZ,ALQUOZ,04-3219550,25.1349975,55.2281058,"Nsv Alquoz, 16 Street, Al Quoz Community, Dubai, United Arab Emirates",1,© OpenStreetMap contributors
252,DXB,CLINIC,COMMUNITY HEALTHCARE LLC,JEBEL ALI,"PLOT NO. 839 - 0 INSIDE NUZUL ACCOMMODATION JABAL ALI INDUSTRIAL AREA - 1, DUBAI",04 8806111,24.960978,55.095048,"Jabal Ali Free Zone Street, Jebel Ali Freezone, Jebel Ali, DU, United Arab Emirates",0.405,© OpenStreetMap contributors
253,DXB,CLINIC,NEW MEDILIFE MEDICAL CENTRE L.L.C,WARSAN,WARSAN,04-2888318,25.1576794,55.4376687,"Warsan, Dubai, United Arab Emirates",1,© OpenStreetMap contributors
254,DXB,CLINIC,LIVE CARE CLINIC LLC,JABAL ALI,"SHOPPERS MALL, INDUSTRIAL AREA 1 , JABEL ALI, UAE",04-8848848,25.075873,55.141904,"Marina Mall, Al Sufouh 2, Dubai, DU, United Arab Emirates",0.0530357142857143,© OpenStreetMap contributors
255,DXB,CLINIC,LIFENITY INTERNATIONAL ADVANCED POLY CLINIC,AL NAHDA POND PARK,"JMS BUILDING, AL NAHDA SECOND, AL NAHDA POND PARK, PLOT NO. 349, SHOP NO. 2, DUBAI, UAE",04-3216964,25.30012,55.373233,"Building A, شارع 23, Al Nahda, Sharjah, SH, United Arab Emirates",0.468,© OpenStreetMap contributors
256,DXB,CLINIC,LIFENITY INTERNATIONAL ADVANCED POLYCLINIC LLC BRANCH,AL BARHSA 1,"SHOP NO 5, ELITE BUSINESS CENTRE, AL BARSHA 1, OPPOSITE LULU HYPERMARKET, DUBAI, UAE.",04-2586624,25.1163532,55.206072964822,"The Elite Business Centre, Al Seedaf Road 1, Al Barsha 1, Dubai, Al Barsha, United Arab Emirates",0.45,© OpenStreetMap contributors
257,DXB,CLINIC,LIFENITY INTERNATIONAL CLINICAL LABORATORY LLC,AL BARHSA 1,"SHOP NO 5, ELITE BUSINESS CENTRE, AL BARSHA 1, OPPOSITE LULU HYPERMARKET, DUBAI, UAE.",04-5479027,25.1163532,55.206072964822,"The Elite Business Centre, Al Seedaf Road 1, Al Barsha 1, Dubai, Al Barsha, United Arab Emirates",0.45,© OpenStreetMap contributors
258,DXB,CLINIC,LIFEGUARD GENERAL CLINIC LLC (FORMERLY OUR CARE AND CURE MEDICAL CENTER LLC),JEBAL ALI,"SHOP # 8 , GROUND FLOOR, SHAMS AL MADINA HYPERMARKET COMPLEX",04-5806451,24.2039973,55.7621047,"du Shop, Al Mawsou'ah 1 Street, Industrial Area, AZ, United Arab Emirates",0.0131206611570248,© OpenStreetMap contributors
259,DXB,CLINIC,KIMS MEDICAL CENTRE,DEIRA - HOR AL ANZ,"ABU BAKAR AL SIDDIQUI ROAD,HOR AL ANZ",04-2624500,25.718253,56.074986,"Al Yafnah Road, RK, United Arab Emirates",0.05625,© OpenStreetMap contributors
260,DXB,CLINIC,JUPITER AL NAHDA POLYCLINIC LLC,"AL NAHDA 2,","GROUND FLOOR,SHOP NO.2,TRIO 3 BUILDING ( TIGER PROPERTIES ), AMMAN STREET, AL NAHDA 2, DUBAI",04-2344429,25.2935234925502,55.3715891650728,"Amman Street, Al Nahda, Dubai, United Arab Emirates",0.5,© OpenStreetMap contributors
261,DXB,CLINIC,JUPITER AL QUSAIS POLYCLINIC LLC,"AL QUSAIS 1,","208,2ND FLOOR,AL MAZOOM BUILDING,DAMASCUS STREET,AL QUSAIS 1,NEAR GRAND HOTEL,PO BOX-20657",04-2630987,24.078493,53.498975,"ممر 208, Al-Mirfa’, AZ, United Arab Emirates",0,© OpenStreetMap contributors
262,DXB,CLINIC,"JUPITER SPECIALTY MEDICAL CENTER LLC,AL KARAMA",KARAMA,"VILLA NO. 108,NEXT TO EXIT 2 OF ADCB METRO STATION, 33RD STREET, MANKHOOL, AL KARAMA,PO BOX-123047,",04-3866330,,,,,
263,DXB,CLINIC,"JANSONS MEDICAL CENTRE LLC,BURDUBAI",BURDUBAI,"KHYBER BUILDING, 11, AL RAFFA STREET; G FLOOR, SHOP 4 AL SOUQ AL KABEER - 312, BUR DUBAI",04-3939011,25.2623727,55.2963265,"Bur Dubai, Al Souk Al Kabeer, Dubai, Bur Dubai, United Arab Emirates",0,© OpenStreetMap contributors
264,DXB,CLINIC,VIDA CLINIC LLC,BUR DUBAI ROLLA STREET,ROLLA STREET BUR DUBAI,04-3252525,25.2570395484451,55.2905837490769,"Al Rolla Street, Al Raffa, Dubai, Bur Dubai, United Arab Emirates",0.9,© OpenStreetMap contributors
265,DXB,CLINIC,AL AMAL POLYCLINIC,BUR DUBAI,"AL SHAMSEER BLDNG,NEAR TO AL AHALYA EXCHANGE BLDNG, OPP TO EMIRATES NBD PARKING , 17TH STREET | AL SATWA",04-3329833,,,,,
266,DXB,CLINIC,SHEIKH MANAA BIN HASHER ALMAKTOUM POLYCLINIC,JUMEIRAH 1,"NO. 202-207,SECOND FLOOR, AL SHAFAR BUILDING 7, AL WASL ROAD, JUMEIRA1, DUBAI",04-3420642,25.235735586574,55.2708735272965,"Al Wasl Road, Jumeirah, Dubai, United Arab Emirates",0.5,© OpenStreetMap contributors
267,DXB,CLINIC,FALCON MEDICAL CLINIC,BUR DUBAI,"MEENA BUILDING 302 FLAT NO AL SOQ AL KABEER, 316 IBRAHIM JUM AAL REDHA",04-3554352,25.268006,55.298477,"28658 95710 Al Suq Al Kabeer Street, Al Sabkha, Dubai, DU, United Arab Emirates",0.3,© OpenAddresses contributors
268,DXB,CLINIC,AL RASHIDIYAH PVT POLYCLINIC,BUR DUBAI,"G, 1 & 2, RTA CAR PARKING BUILDING، OPP. AMBASSADOR HOTEL، BUR DUBAI - DUBAI",04-3939383,25.2420479,55.3643505372456,"Emirates Car Park 2, Airport Road, Dubai International Airport, Dubai, DU, United Arab Emirates",0.0288215277777778,© OpenStreetMap contributors
269,DXB,CLINIC,ANGEL WINGS MEDICAL CENTER LLC,AL BARSHA 1,"609, PINNACLE BUILDING, AL BARSHA 1, SHEIKH ZAYED ROAD, NEXT TO IBIS HOTEL, DUBAI",04-3936211,25.11624015,55.1940311338222,"Holiday Inn Dubai - Al Barsha, Al Barsha 1 Sheikh Zayed Road, Al Barsha 1, Dubai, Al Barsha, United Arab Emirates",0.9,© OpenStreetMap contributors
270,DXB,CLINIC,AL MASHAHER MEDICAL CENTRE,MUHAISINA -2,"SHEIKH KHALID BLDG., NEAR EMIRATES POST STREET 24 AL MUHASINAH -2",04-2633309,,,,,
271,DXB,CLINIC,THE DOCTORS HUB POLYCLINIC LLC (FORMERLY Dr. JOSEPH GHRAYEB POLYCLINIC),DEIRA,"28-JAZEERA STREET, MURAQABAT, DEIRA , DUBAI",04 2888767,25.080209,55.283596,"Dubai, DU, United Arab Emirates",0.0625,Who's On First
272,DXB,CLINIC,AL FALAH MEDICAL CENTRE,DEIRA -NAIF,ABBASY BUILDING NAIF DEIRA,04-2717223,,,,,
273,DXB,CLINIC,SHEKHAR MEDICAL CLINIC LLC,AL QUOZ 3,"1ST FLOOR, PLOT # 104, CITY EXCHANGE BUILDING, AL QUOZ INDUSTRIAL AREA # 3, AL QUOZ INDUSTRIAL ARE",04 3387749,25.142496,55.224623,"لين 1, Al Quoz Industrial Area 1, Dubai, DU, United Arab Emirates",0.057456,© OpenStreetMap contributors
274,DXB,CLINIC,KHALIDHA MEDICAL CENTRE L.L.C,AL QUOA 3,"OFFICE: 103 & 104, FIRST FLOOR,SHEHAR KARACHI RESTAURANT BUILDING,AL QUOZ IND AREA - 3",04-3381947,25.205306,55.27507,"103 Central Park Office Tower, Za'abeel 2, Dubai, DU, United Arab Emirates",0,© OpenStreetMap contributors
275,DXB,CLINIC,BRIGHT MEDICAL CENTER,AL QUOZ 3,"AL ROSTHAMANI STREET, IND.AREA 3, AL QUOZ",04 3322288,25.168284,55.253511,"Al Quoz 1, Dubai, DU, United Arab Emirates",0.225,Who's On First
276,DXB,CLINIC,ABRIS MEDICAL CENTRE LLC,BUR DUBAI – AL SOUQ AL KABEER,"NEARBY DUBAI MUSEUM, MEENA BAZAR, AL FAHIDI STREET – COSMOS LANE - BUR DUBAI – AL SOUQ AL KABEER",04 35 35 356,25.2623727,55.2963265,"Bur Dubai, Al Souk Al Kabeer, Dubai, Bur Dubai, United Arab Emirates",0,© OpenStreetMap contributors
277,DXB,CLINIC,AL DHAFRA MEDICAL CENTER,DEIRA - NAIF,AYAL NASIR ROAD -NAIF -DEIRA,04 2735959,25.27422,55.30395,"Ayal Nasir, DU, United Arab Emirates",0.785714285714286,GeoNames
278,DXB,CLINIC,AL MAJID CLINIC LLC,DEIRA - NAIF,"NAIF ROAD, DEIRA,DUBAI-PO BOX-13156",42292030,25.271931,55.303819,"29202 96138 Naif Road, Naif, Dubai, DU, United Arab Emirates",0,© OpenAddresses contributors
279,DXB,CLINIC,DR RADHAKRISHNAN MEDICAL CENTRE LLC,DEIRA -HOR AL ANZ,"NEAR UNITED HYPER MARKET,HOR AL ANZ,DEIRA",04-2659270,25.4061916,55.4422582,"Taxi Pick Point, Ajman, Near Lulu Hyper market, Sheikh Rashid Bin Humaid Al Nuaimi Street, Al Rumailah, Ajman, AJ, United Arab Emirates",0,© OpenStreetMap contributors
280,DXB,CLINIC,ALI MEDICAL CENTRE,DEIRA -NAIF,"OFFICE # 106, 1ST FLOOR, BIN HASHER BUILDING, NAIF ROAD, DEIRA, DUBAILANDMARK: OPPOSITE KHALID MOSQUE ZIP CODE: 27544",04-2246566,25.2713122,55.304146,"majid bhai office, 6a Street, Naif, Deira, United Arab Emirates",0.149703904271115,© OpenStreetMap contributors
281,DXB,CLINIC,BIO VISTA MEDICAL CENTRE LLC,AL QUSAIS,"DOOR NO: 403, 4TH FLOOR, SUNDOS AL NAHDA BUILDING, AL NAHDA 2,QUSAIS",04-2557155,25.27807,55.37245,"Al Qusais First, DU, United Arab Emirates",0.2025,GeoNames
282,DXB,CLINIC,AL SHIFA INTERNATIONAL CLINIC LLC BRANCH,JEBEL ALI,JABAL ALI,04-3519199,25.0338168,55.1366041,"Jabal Ali, Dubai, United Arab Emirates",1,© OpenStreetMap contributors
283,DXB,CLINIC,MATHEW MEDICAL CLINIC,DEIRA,"DEIRA CENTRAL BLDG, 2ND FLOOR, ROOM NO7, NAIF ROAD DEIRA",04-2260826,25.2769663,55.3003871372244,"Wyndham Dubai Deira, 111 Al Murtaesha Street, Corniche Deira, Deira, United Arab Emirates",0.040507614,© OpenStreetMap contributors
284,DXB,CLINIC,AL KHAIL MEDICAL CENTER,AL QUOZ,"SHOP NO 57, 58 INSIDE AL QOUZ MALL, AL QOUZ INDUSTRAIL AREA NO 3 DUBAI",04-3306745,25.1542704,55.204738102872,"58 Al Seram Street, Umm Suqeim, Dubai, Umm Suqeim 2, United Arab Emirates",0.2,© OpenStreetMap contributors
285,DXB,CLINIC,AL KHAIL MEDICAL CENTER BRANCH,DIP-2,"SHOP NO 2 MEZANNINE FLOOR, INSIDE FIDA AL MADINA HYPERMARKET DIP-2 JABEL ALI DUBAI",04-8823131,,,,,
286,DXB,CLINIC,HOPECARE POLYCLINIC L.L.C,DEIRA - HOR AL ANZ,"HAMAD KHALFAN BUILDING 1, 26TH STREET, SHOP 1 TO 6, HOR AL ANZ DUBAI",04-2268881,25.059934,55.202329,"A Street 26, Jumeirah Village Circle, Dubai, DU, United Arab Emirates",0.0764653485952133,© OpenStreetMap contributors
287,DXB,CLINIC,PARADISE PLUS POLYCLINIC,DIP,"D I P -2 ,RITAJ COMMUNITY CENTRE",04-5896619,,,,,
288,DXB,CLINIC,CARE ONE POLY CLINIC LLC,DIP,"GROUND FLOOR SHPO NO 31 & 32 RAMLA HYPERMARKET, DUBAI INVESTMENTS PARK 1, DUBAI, UAE",04-8836656,,,,,
289,DXB,CLINIC,NASSER CLINIC L.L.C,DAMASCUS STREET,DUBAI CO-OPERATIVE SOCIETY BUILDING - DAMASCUS STREET -OPPOSITE GRAND HOTEL - QUSAIS - DUBAI - 2079,04-2631316,25.28003695,55.3855820361549,"Dubai SEO Express, Office 510, Building No. C4 Damascus Street, Al Qusais Industrial 2, Dubai, DU, United Arab Emirates",0.0213707321145338,© OpenStreetMap contributors
290,DXB,CLINIC,AL HANA MEDICAL CENTER LLC-SATWA,HUDAIBA,AL HUDAIBA - DUBAI,04-3491488,25.080209,55.283596,"Dubai, DU, United Arab Emirates",0.5,Who's On First
291,DXB,CLINIC,GLOBEHEALTH GENERAL CLINIC L L C,AL SATWA,"1ST FLOOR, FLAT NO. 111, YOUSEF AL OTAIBA BUILDING, 2ND DECEMBER STREET, AL DIYAFAH ROAD, AL SATWA, DUBAI, UAE. PO. BOX-115194",04-3464180,24.976916,55.191804,"1st Floor, Building 6 شارع 30, Dubai Investment Park 2, Dubai, DU, United Arab Emirates",0,© OpenStreetMap contributors
292,DXB,CLINIC,PAKISTAN MEDICAL CENTRE,DUBAI,"12, PAKISTAN ASSOCIATION DUBAI, 11TH STREET",04-2305000,25.170057,55.396789,"11 Street, Warisan, Dubai, DU, United Arab Emirates",0.5,© OpenStreetMap contributors
293,DXB,CLINIC,ALHANA MODREN MEDICAL CENTER L.L.C,AL JAFILIYA,"2ND FLOOR,INSIDE ALHANA CENTER. AL MANKHOOL ROAD, AL JAFILIYA. DUBAI",04-3244034,25.185307,55.355882,"Ras Al Khor Road, Ras Al Khar Industrial Area 1, Dubai, DU, United Arab Emirates",0.1875,© OpenStreetMap contributors
294,DXB,CLINIC,AL QUOZ CITY STAR POLYCLINIC,AL KHAIL MALL,"FLAT NO.105,AL ROSTAMANI BUILDING NEAR AL KAHAIL MALL",04-3285130,24.496135,54.40733,"RG-17, Ground Floor Boutik Mall, Al Reem Island, Al Reem Island, Abu Dhabi, AZ, United Arab Emirates",0,© OpenStreetMap contributors
295,DXB,CLINIC,BEST HEALTH MEDICAL CENTER L.L.C,MUHAISNAH 4,"MADEENA HYPERMARKET BUILDING ,1 ST FLOOR ,MUHAISNAH 4",04-2500818,25.284366,55.407158,"4 Al Muhaisnah 4 Ambulance Service, Muhaisnah 4, Dubai, DU, United Arab Emirates",0.0729,© OpenStreetMap contributors
296,DXB,CLINIC,AL TAIF MEDICAL CENTRE,NAIF ROAD,"OPP.WEST HOTEL,NAIF ROAD,DEIRA,DUBAI",04-2222383,25.27219,55.31022,"Naif, DU, United Arab Emirates",0,GeoNames
297,DXB,CLINIC,LAKESHORE MEDICAL CENTRE,AL BUSTHAN CENTRE,"GATE 1,GROUND FLOOR. ALBUSTHAN CENTRE, AL QUSAIS,DUBAI ,UAE",04-2649312,25.2295901,55.2860387,"The Sum Of Us, Ground Floor, Burj Al Salam - Trade Centre 6 Street, Trade Centre, Dubai, Sheikh Zayed Road, United Arab Emirates",0,© OpenStreetMap contributors
298,DXB,CLINIC,DR.REENA BEEGUM CLINIC LLC,DEIRA,"M07, MEZZENAINE FLOOR, ABOVE SNOW WHITE BUILDING, FISH ROUNDABOUT. DEIRA.",04-2240060,25.2727936,55.305334,"Deira, Dubai, United Arab Emirates",0.25,© OpenStreetMap contributors
299,DXB,CLINIC,DOCTORS CLINIC DIAGNOSTIC CENTER,DUBAI HEALTH CARE CITY,"AL RAZI COMPLEX, BUILDING 64, BLOCK A, GROUND FLOOR",04-4579111,25.2678322,55.3273112432353,"22 35 Street, Al Muraqqabat, Dubai, Deira, United Arab Emirates",0.405,© OpenStreetMap contributors
300,DXB,CLINIC,MEDICORP GULF MEDICAL CLINIC L.L.C,JUMEIRAH 1,"OFFICE 101, 1ST FLOOR AL SHAFAR BLDG-7, JUMEIRAH 1, AL WASL RD., P.O BOX 413175, DUBAI-UAE",04-3121000,25.15940075,55.2200403683727,"817 Al Wasl Road, Al Safa, Dubai, Al Safa 2, United Arab Emirates",0.6,© OpenStreetMap contributors
301,DXB,CLINIC,MEDLITE MEDICAL CENTER(FORMERLY BETTER CARE),INTERNATIONAL CITY,"CBD#20,RIVIERA DREAM BUILDING ,INTERNATIONAL CITY, DUBAI",04-4585859,25.080209,55.283596,"Dubai, DU, United Arab Emirates",0.25,Who's On First
302,DXB,CLINIC,CARE BLUE CLINIC FZCO,JAFZA,JAFZA - MINA JEBEL ALI - JEBEL ALI FREEZONE - DUBAI,04-2830080,24.96475,55.0806,"Jafza One, N305 شارع, Jebel Ali Freezone, Jebel Ali, DU, United Arab Emirates",0.564705882352941,© OpenStreetMap contributors
303,DXB,CLINIC,PHYSIOVEDA MEDICAL CENTER L.L.C(BRANCH),KARAMA,"FLAT NO.201, KANOO GROUP, AL KIFAF STREET, KARAMA, DUBAI",04-3215520,25.244961,55.304744,"Al Karama, Dubai, DU, United Arab Emirates",0.25,Who's On First
304,DXB,CLINIC,MED ONE MEDICAL CENTER LLC,AL QUSAIS 2,"AL FATTAN BUILDING AL QUSAIS 2,",04-3412774,25.2886932,55.3908798,"IDesign Advertising L.L.C, Warehouse number 25 19 Street, Al Qusais Industrial 3, Dubai, DU, United Arab Emirates",0,© OpenStreetMap contributors
305,DXB,CLINIC,ABSOLUTE WELLNESS MEDICAL CENTRE,AL QUOZ 3,"SULAIMAN EBRAHIM BUILDING, NEAR SERVEAU ACCOMADATION,AL QUOZ 3",04-3361355,25.117671,55.2357375,"Two Guys Home Furnishings LLC, 23 22 Street, Al Quoz Community, Dubai, DU, United Arab Emirates",0,© OpenStreetMap contributors
306,DXB,CLINIC,DR. JOHN CLINIC,"AL QUSAIS 1,","NAHDA ROAD, AL QUSAIS 1, DUBAI.",04-261 7176,25.2768987,55.3647054237515,"Dubai Youth Hostel, 39 Al Nahda Street, Al Qusais, Dubai, United Arab Emirates",0.3105,© OpenStreetMap contributors
307,DXB,CLINIC,CLINICARE SAMARI,RAS AL KHORE,"RAS AL KHOR INDUSTRIAL 3, DUBAI",04-332 2682,25.1737427,55.3813574,"Ras Al Khor Industrial 3, Dubai, United Arab Emirates",0.5,© OpenStreetMap contributors
308,DXB,CLINIC,CLINICARE NAIF,DEIRA -NAIF,"NAIF, DUBAI",04-2617175,25.2733632,55.3081781,"Dubai, 2c Street, Naif, Deira, United Arab Emirates",0.5,© OpenStreetMap contributors
309,DXB,CLINIC,HTK MEDICAL CENTER,"MAKHTOUM ROAD,","DOHA CENTER BUILDING, AL MAKHTOUM ROAD, DEIRA",04-2957776,25.2429736,55.2754972,"Mercure Gold Al Mina Road, Al Mina Street, Al Mina, Dubai, Bur Dubai, United Arab Emirates",0.0277549077929804,© OpenStreetMap contributors
310,DXB,CLINIC,HOUSTON MEDICAL CLINIC LLC,AL BARSHA 1,"OFFICE NO 102, FIRST FLOOR, ELITE BUSINESS CENTRE,NEAR MALL OF EMIRATES,OPP LULU HYPERMARKET,AL BARSHA 1, DUBAI",04 3850603,25.09548485,55.1758372153389,"Cayan Business Centre, Al Fosool Street, Al Thanyah 1, Dubai, Dubai Media City 2, United Arab Emirates",1,© OpenStreetMap contributors
311,DXB,CLINIC,META CLINIC (FORMERLY HOUSTON MEDICAL CLINIC LLC),BURJUMAN,"SHOP NO.6, G FLOOR, AL MUZOON BUILDING, BURJUMAN,DUBAI,UAE",04-3446393,25.19272,55.42013,"Al Warqa, Dubai, DU, United Arab Emirates",0.225,GeoNames
312,DXB,CLINIC,HNC COSMOPOLITAN MEDICAL CENTRE L.L.C. BUR DUBAI,BUR DUBAI,"MEZZANINE FLOOR, AL FADHLANI BLDG, NEXT TO ASTORIA HOTEL, AL FAHIDI STREET, BUR DUBAI",04-3257457,25.2625162985338,55.2958481567881,"Al Fahidi Street, Al Souk Al Kabeer, Dubai, Bur Dubai, United Arab Emirates",0.5,© OpenStreetMap contributors
313,DXB,CLINIC,HNC EMIRATES STAR MEDICAL CENTRE L.L.C. AL QUOZ,AL QUOZ 2,"BEHIND AL KHAIL GATE-2, AL QUOZ INDUSTRIAL AREA-2, DUBAI, UNITED ARAB EMIRATES, P.O. BOX: 390639",04-346 8861,25.11482,55.196042,"Millennium Al Barsha, Al Barsha Road, Behind Mall of Emirates Al Barsha 1, Al Barsha 1, Dubai, DU, United Arab Emirates",0,© OpenStreetMap contributors
314,DXB,CLINIC,HNC COSMOPOLITAN MEDICAL CENTRE L.L.C. DEIRA,DEIRA ABU HAIL,"MEZZANINE FLOOR 01 & 02, DAR AL WUHEIDA BLDG, WUHEIDA ROAD, ABU HAIL, DEIRA",04-2687272,25.29344,55.341291,"33005 98474 Al Wuheida Road, Al Mamzar, Dubai, DU, United Arab Emirates",0.405,© OpenAddresses contributors
315,DXB,CLINIC,APPLE CLINIC LLC ( FRANCE CLUSTER ),INTERNATIONAL CITY,"FRANCE CLUSTER P 03,INTERNATIONAL CITY,",04-4227533,,,,,
316,DXB,CLINIC,APPLE INTERNATIONAL POLYCLINIC ( GREECE CLUSTER),INTERNATIONAL CITY,"GREECE CLUSTER K14,INTERNATIONAL CITY,",04-2776211,25.156382,55.407564,"971501400463 Greece L, Warisan, Dubai, DU, United Arab Emirates",0,© OpenStreetMap contributors
317,DXB,CLINIC,HARLEY INTERNATIONAL MEDICAL CLINIC LLC,BUR DUBAI-MANKHOOL ROAD,"D-103, FIRST FLOOR , NASHWAN BUILDING, MANKHOOL ROAD, DUBAI, U.A.E",04-3986677,25.2084441,55.274422607046,"Al Kawakeb Building D, 121 Sheikh Zayed Road (north), Trade Centre, Dubai, Sheikh Zayed Road, United Arab Emirates",0.155674636363636,© OpenStreetMap contributors
318,DXB,CLINIC,HARLEY INTERNATIONAL MEDICAL CLINIC BRANCH,BUR DUBAI MANKHOOL ROAD,"D-303, THIRD FLOOR, NASHWAN BUILDING, MANKHOOL ROAD, DUBAI, U.A.E",04-3986677,25.1783703,55.2223706,"303, Jumeira Street, Jumeirah, Dubai, Jumeirah 3, United Arab Emirates",0.178605,© OpenStreetMap contributors
319,DXB,CLINIC,GSM MEDICAL CENTER LLC,DIP 1,"DIP 1 GREEN COMMUNITY, EUROPEAN BUSINESS CENTER GROUND FLOOR SHOP NO.29",04-8831002,25.07092885,55.14371655,"Jumeirah Business Center 1, JLT Cluster G, Jumeirah Lakes Towers, Dubai, Emirates Hills, United Arab Emirates",0,© OpenStreetMap contributors
320,DXB,CLINIC,GRAND INFINITY MEDICAL CENTRE,MUHAISINAH,"AL QASSER BLDG ,MUHAISANAH",04-2515458,25.187836,55.284686,"Al Wajeha Al Maeyah, Bussiness Bay, Dubai, DU, United Arab Emirates",0,© OpenStreetMap contributors
321,DXB,CLINIC,GRAND INFINITY MEDICAL CENTER LLC BRANCH,MUTEENA,"SHOP NO.4, NEXT TO GRAND EXCELSIOR HOTEL, MUTEENA STREET, DIERA,DUBAI",04-3361055,25.2744261596681,55.3287628755472,"Al Muteena Street, Al Muteena, Dubai, Deira, United Arab Emirates",0.45,© OpenStreetMap contributors
322,DXB,CLINIC,BRIGHT LIFE MEDICAL CENTER LLC,DIP-2,"FIRST FLOOR, PASONS HYPERMARKET, ABOVE LANDMARK RESTAURANT,DIP-2,DUBAI",04-8833000,,,,,
323,DXB,CLINIC,GOOD WILL CLINIC LLC,JEBAL ALI,"FIRST FLOOR AL BATEEL MALL(TALAAL PLAZA HYPERMARKET), TALAAL PLAZA HYPERMARKET, MERAAS, JABAL ALI INDUSTRIAL 1, DUBAI, 392192",04-8848777,25.2647227,55.2924146,"Dubai, United Arab Emirates",0.01575,© OpenStreetMap contributors
324,DXB,CLINIC,FAITH JABAL MEDICAL CENTRE LLC,JABAL ALI,"JABAL ALI IND AREA 1, SHOP NO 4, OPPOSITE SHAKLAN 4 SUPERMARKET, DUBAI -UAE",04-3956479,25.1728502,55.2190509,"Route 51, Shop No 4 Al Heeba Street, Umm Suqeim, Dubai, Umm Suqeim 1, United Arab Emirates",0.225,© OpenStreetMap contributors
325,DXB,CLINIC,LOTUS MEDICAL CENTRE LLC,AL QUOZ-3,"OFFICE NO: 101, FIRST LOOR, AL ROSTAMANI BUILDING, AFTER ENOC PETROL PUMP, NEAR AL KHAIL MALL, AL QUOZ 3. PO BOX NO: 127577",04-3465380,25.547433,55.715305,"Office No. 06, Al Hammadi Building, Al Manama Road, Ras Al Khor 1, UQ, United Arab Emirates",0.00847051452737098,© OpenStreetMap contributors
326,DXB,CLINIC,MEDZE CLINIC LLC,ABU BACKER AL SIDDIQ-DEIRA,"CENTRE RESIDENCE, ABU BACKER AL SIDDIQ",04-2663393,25.0523427,56.0474917,"Jabal Abu Al Hod, Ras al Khaimah, United Arab Emirates",0,© OpenStreetMap contributors
327,DXB,CLINIC,NEW LOTUS MEDICAL CENTRE L.L.C,QUSAIS,"S01,AL QUSAIS BUILDING,DAMASCUS STREET,AL QUSAIS,",04-2619795,25.09022,56.357505,"S01, FU, United Arab Emirates",0,© OpenStreetMap contributors
328,DXB,CLINIC,DR.SUNNY MEDICAL CENTRE JEBEL ALI,JEBAL ALI,"SALEM MALL, JEBEL ALI INDUSTRIAL AREA",04-2529966,25.075873,55.141904,"Marina Mall, Al Sufouh 2, Dubai, DU, United Arab Emirates",0,© OpenStreetMap contributors
329,DXB,CLINIC,DR SIRAJUDEEN MEDICAL CENTRE,KARAMA,KARAMA,04 3345955,25.2482136,55.3050609,"Al Karama, Dubai, United Arab Emirates",1,© OpenStreetMap contributors
330,DXB,CLINIC,NEW APOLLO POLYCLINIC,KARAMA,"SUITE 101, KARAMA CENTER, KUWAIT STREET, AL KARAMA",04 3379040,25.24488125,55.3036309789448,"Al Karama Center, Kuwait Street, Al Karama, Dubai, Bur Dubai, United Arab Emirates",0.81,© OpenStreetMap contributors
331,DXB,CLINIC,DR.SANJAY MEDICAL CENTRE,ALQOUZ,2 ND FLOOR AL KHAIL MALL ALQUOZ,04-3285999,25.2410207,55.2723313,"ELITE BODY HOME SLIMMING ANG PHYSIOTHERAPY CENTER, 1st Floor Office 117 Block B Al Hudaiba Awards Building Al Mina Street, Al Mina, Dubai, Bur Dubai, United Arab Emirates",0,© OpenStreetMap contributors
332,DXB,CLINIC,DR. ISMAIL MEDICAL CENTRE-KARAMA,KARAMA,"SHEIKH MOHD BLDG, FLOOR # 1, FLAT # A7, KARAMA",04-3378585,,,,,
333,DXB,CLINIC,DR. ISMAIL MEDICAL CENTRE,AL QUOZ,"AWQAF BUILDING NO. 2, OPPOSITE ETA CAMP, GROUND FLOOR, FLAT # 1, ALQOUZ II",04-3381550,,,,,
334,DXB,CLINIC,DR. ISMAIL MEDICAL CENTRE (BRANCH),MUHAISNA,"AL ABBAR BULDING, NEAR MANGO HYPERMARKET, GROUND FLOOR, FLAT # 1, MUHAISINAH II (SONAPUR)",04-2646529,25.112654,55.193111,"Al Khoory Hotel Apartments, 1 Al Barsha, Al Barsha 1, Dubai, DU, United Arab Emirates",0.003,© OpenStreetMap contributors
335,DXB,CLINIC,DR. ISMAIL NEW POLYCLINIC,DISCOVERY GARDENS,"ZEN CLUSTER 3, OPP CHELEA TOWER HOTEL, GRAND MIDWEST HOTEL BUILDING,GROUND FLOOR, FLAT 6 - 7, JEBEL ALI AREA, DISCOVERY GARDEN",04-4494087,,,,,
336,DXB,CLINIC,DR.ISMAIL POLYCLINIC BRANCH JEBAL ALI,JEBEL ALI,"AWQAF BULD, FIRST FLOOR, NEAR PRACO AREA, JEBAL IND- 2, DUBAI",04-8877750,25.26038,55.29891,"Bur Dubai, DU, United Arab Emirates",0.0364542541829833,GeoNames
337,DXB,CLINIC,DR ISMAIL POLYCLINIC MALL L.L.C,JABEL ALI GATE MALL,"SHOP 22,FIRST FLOOR,JABEL ALI GATE MALL,JABEL ALI INDUSTRIAL FIRST,DUBAI,UAE",43474537,,,,,
338,DXB,CLINIC,DR ABDULLA'S CLINIC,AL QUSAIS IND AREA,AL QUSAIS IND AREA 5,04-2388778,25.28938185,55.4022001891875,"الاحدب للنقليات ش.ذ.م.م, 5 Beirut Street, Al Qusais Industrial 4, Sharjah, Dubai, United Arab Emirates",0,© OpenStreetMap contributors
339,DXB,CLINIC,DR.ISMAIL DAY SURGICAL CENTRE,KARAMA,"41 STREET, AL KARAMA, DUBAI. U.A.E",04-3378585,25.239625,55.302114,"28985 92562 41 Street, Al Karama, Dubai, DU, United Arab Emirates",0.9,© OpenAddresses contributors
340,DXB,CLINIC,CARE AND CURE MEDICAL CENTER L.L.C,ALQOUZ 3,"OFFICE-101&102,EIFFEL ACCOMMODATION-2,OPP.BELHASA DRIVING SCHOOL,AL QUOZ-3",04-3399162,25.117671,55.2357375,"Two Guys Home Furnishings LLC, 23 22 Street, Al Quoz Community, Dubai, DU, United Arab Emirates",0,© OpenStreetMap contributors
341,DXB,CLINIC,BRITE MEDICARE MEDICAL CENTRE LLC,AL NAHDHA 2,"AL SUNDOS BUILDING 4TH FLOOR , OFFICE NO 403, AL NAHDA 2",04-5463535,25.547433,55.715305,"Office No. 06, Al Hammadi Building, Al Manama Road, Ras Al Khor 1, UQ, United Arab Emirates",0,© OpenStreetMap contributors
342,DXB,CLINIC,AL AMAN MEDICAL CENTRE,DEIRA,"AL AMAN MEDICAL CENTRE,OFFICE NO.301, ABOVE JESCO SUPERMARKET,PEARL BUILDING, DEIRA, DUBAI P.O.BOX: 182323",04-2288490,25.1849586,55.3433697,"Al Taef East Medical Centre, Ras Al Khor Road, Ras Al Khor Industrial 2, Dubai, DU, United Arab Emirates",0.0334744897959184,© OpenStreetMap contributors
343,DXB,CLINIC,BLUBELL MEDICAL CENTRE,KARAMA,"BLUEBELL MEDICAL CENTRE,3RD FLOOR,SUIT NO.306,AL ATTAR BUSINESS CENTRE,NEAR ADCB METROSTATION,KARAMA, DUBAI,P.O.BOX: 122137",04-3426565,25.21391955,55.2781329856024,"Al Attar Business Tower, 93 Sheikh Zayed Road (north), Trade Centre, Dubai, Sheikh Zayed Road, United Arab Emirates",0.00904023474823853,© OpenStreetMap contributors
344,DXB,CLINIC,MIDEAST POLYCLINIC,DEIRA -AL RIGGA,"M FLOOR, AL OTAIBA BUILDING,NEXT TO AL MAYA SUPERMARKET,AL RIGGA ROAD,DEIRA, DUBAI,P.O.BOX: 55742",04-2216888,25.2035198,55.2755378,"Al Maya Supermarket, Al Omlaat Street, Zabeel, Dubai, DU, United Arab Emirates",0.154652190380003,© OpenStreetMap contributors
345,DXB,CLINIC,"BETTERCARE MEDICAL CENTER, LLC",INTERNATIONAL CITY,"MOROCCO CLUSTER JO7 INTERNATIONAL CITY, DUBAI",04-3743338,25.16383,55.40987,"Warisan, Dubai, DU, United Arab Emirates",1,GeoNames
346,DXB,CLINIC,"BETTERCARE MEDICAL CENTER, BRANCH",INTERNATIONAL CITY,"CBD 20, RIVIERA DREAMS APARTMENT, SHOP NO. 5 & 6, INTERNATIONAL CITY, DUBAI",04-4585859,25.1728502,55.2190509,"Route 51, Shop No 4 Al Heeba Street, Umm Suqeim, Dubai, Umm Suqeim 1, United Arab Emirates",0.0565863221207396,© OpenStreetMap contributors
347,DXB,CLINIC,BADR AL SAMAAMEDICAL CENTRE,BUR DUBAI-,"BADR AL SAMAA MEDICAL CENTRE,OPP MUSALLA TOWERNEAR AL FAHIDI METRO STATION,BANK STREET POBOX;125035",04-3578681,25.2576042,55.2980724,"Badr Al Samaa Medical Centre, Khalid Bin Waleed Road, Al Mankhool, Dubai, Bur Dubai, United Arab Emirates",0.13369140625,© OpenStreetMap contributors
348,DXB,CLINIC,AXON MEDICA MEDICAL CENTRE,DISCOVERY GARDENS,"THE GARDENS, GFA 8, GROUND FLOOR,JABEL ALI",04-2859880,25.045312,55.131918,"8 The Gardens 8, Jebel Ali Village, Jebel Ali, DU, United Arab Emirates",0,© OpenStreetMap contributors
349,DXB,CLINIC,AXON MEDICA POLYCLINIC,RASHIDIYA-POLICE STATION,"RASHIDIYA CENTRAL MARKET , UNION CO -OPERATIVE BUILDING, NEXT TO AL RASHIDIYA POLICE STATION,",04-2859880,25.5486368,55.5591107,"Central Market, Sheikh Ahmed Bin Rashid Al Mu'alla Street, Al Khor, Umm Al Quwain, UQ, United Arab Emirates",0.662068965517241,© OpenStreetMap contributors
350,DXB,CLINIC,AXON MEDICA POLYCLINIC(SILICON OASIS),SILICON OASIS,"LYNX TOWER, SILICON OASIS, DUBAI, U.A.E",04-3484992,25.287928,55.3649,"Mai Tower, Al Quasis 1, Dubai, DU, United Arab Emirates",0.229635,© OpenStreetMap contributors
351,DXB,CLINIC,AL BARSHA CLINIC,AL QUOZ,"BIN GHALEITHA BLDG, INTERCHANGE 3, AL QUOZ, DUBAI PO BOX 45491",04-347 8285,25.084278,55.151704,"3 Interchange No 5, Al Sufouh 2, Dubai, DU, United Arab Emirates",0.405,© OpenStreetMap contributors
352,DXB,CLINIC,DOCTOR'S CLINIC,DEIRA -BANIYAS SQUARE,"FLAT 206, AL NASSER SQUARE ( BANIYAS SQUARE) DEIRA, DUBAI",04-224 6688,25.080209,55.283596,"Dubai, DU, United Arab Emirates",0.5,Who's On First
353,DXB,CLINIC,MUHAISNA SPECIALISTS MEDICAL CENTRE,AL MUHAISINAH,"1026 , SULTAN BUILDING. AL MUHAISNA, DUBAI PO BOX. 45491",04-264 4155,24.046428,53.662579,"1026 شارع هنا, Al Mirfa, AZ, United Arab Emirates",0,© OpenAddresses contributors
354,DXB,CLINIC,PRIMACARE SPECIALITY CLINICS LLC BRANCH,BURDUBAI,"6TH FLOOR, AL MUSALLA TOWER, BANK ST, PO BOX 26238, BUR DUBAI, UAE",04-396 6123,24.24313395,55.72019775,"Johara Dubai Islamic Bank, Al Mahir Street, Al Jimi, Abu Dhabi Emirate, United Arab Emirates",0.09,© OpenStreetMap contributors
355,DXB,CLINIC,PRIMACARE SPECIALITY CLINICS LLC,BURDUBAI,"MEZZANINE FLOOR, AL MUSALLA TOWER, BANK STREET, PO BOX 26238, BUR DUBAI, UAE",04-396 6123,,,,,
356,DXB,CLINIC,ASTER MEDICAL CENTRE OUD METHA(BR OF D M HEALTHCARE LLC)(FORMERLY ASTER MEDICAL CENTRE DEIRA),OUD METHA,"NET.COM BUILDING ,GROUND FLOOR, OUD METHA ,DUBAI , UAE",04-9545095,25.2207609,55.2756986587004,"MH Building, 31b Street, Al Satwa, Dubai, DU, United Arab Emirates",0.144,© OpenStreetMap contributors
357,DXB,CLINIC,ASTER MEDICAL CENTRE REM RAAM (BR OF D M HEALTHCARE LLC),REMRAM,"REMRAAM COMMUNITY CENTRE,FLOOR GROUND FLOOR-FLAT RETAIL 08,RERAAM ,NEAR GEANT SUPERMARKET",04-3333423,25.02698195,55.2818523576288,"Layan Community Center / Layan Comm.Gym, Road E, Wadi Al Safa 7, Dubai, The Layan Community, United Arab Emirates",0,© OpenStreetMap contributors
358,DXB,CLINIC,AL SHAAB MEDICAL CENTRE,DEIRA -HOR AL ANZ,"OPP: TALAL SUPERMARKET, NEAR AL SHAAB COLONY, HOR AL ANZ, DEIRA, DUBAI",04-2970870,25.2773851,55.3419861,"AL Shaab Colony, 34d Street, Hor Al Anz, Dubai, Deira, United Arab Emirates",0.5,© OpenStreetMap contributors
359,DXB,CLINIC,ASTER JEBELALI MEDICAL CENTRE,JEBEL ALI,"NESTO HYPER MARKET BUILDING, M FLOOR, JEBEL ALI INDUSTRIAL AREA-1.P.O BOX:8703, DUBAI, UAE",04-8841962,25.30897045,55.3689516416667,"Al Arab Mall, Al Taawun Street, Al Mamzar, Sharjah, United Arab Emirates",0.0327743902439024,© OpenStreetMap contributors
360,DXB,CLINIC,ASTER MEDICAL CENTRE INTERNATIONAL CITY,INTERNATIONAL CITY-RUSSIA,"ASTER INTL CITY, RUSSIA V-19 , DUBAI UAE",04-4312273,25.1617856,55.4009979,"international city, Italy-U Street, Warsan 1, Dubai, DU, United Arab Emirates",0.542857142857143,© OpenStreetMap contributors
361,DXB,CLINIC,DR MOOPENS MEDICAL CENTRE KARAMA BR,KARAMA,"AL SHEROUQ BUILDING,KARAMA,DUBAI,UAE",04-3374767,25.22084575,55.2725708595113,"Al Burooj Building, 8 Street, Al Satwa, Dubai, DU, United Arab Emirates",0,© OpenStreetMap contributors
362,DXB,CLINIC,DR. MOOPEN'S AL QUOZ MEDICAL CENTRE,AL QUOZ 1,"NEAR OLD GRAND MALL, AL QOUZ INDUSTRIAL AREA 1, DUBAI, UAE",04-3387871,25.142057,55.223292,"Al Qouz Central Street, Al Quoz Industrial Area 1, Dubai, DU, United Arab Emirates",0,© OpenStreetMap contributors
363,DXB,CLINIC,SALEEM POLYCLINIC,SATWA,"NEAR SATWA BIG MASJID, DUBAI, U.A.E",04-3495353,,,,,
364,DXB,CLINIC,ASTER MEDICAL CENTRE ABU HAIL BR OF DM HEALTHCARE,DEIRA -HOR AL ANZ EAST,"SHEIKH SUHAIL BUILDING, GROUND FLOOR, SHOP NUMBER 2, 24 STREET, HOR AL ANZ (EAST)",04-2692785,25.28023785,55.3520360028907,"Sheikh Suhail Building, 24 24 Street, Hor Al Anz, Dubai, Deira, United Arab Emirates",0,© OpenStreetMap contributors
365,DXB,CLINIC,CEDARS CLINIC,JEBEL ALI,"DUGAS ROAD, NEAR GATE # 2, JEBEL ALI.",04-4400500,24.918912,55.056468,"Jebel Ali, DU, United Arab Emirates",0.666666666666667,Who's On First
366,DXB,CLINIC,ASTER MEDICAL CENTRE AL QUSAISE(BR. OF DM),DAFZA,"NEAR DAFZA METRO STATION ,BEHIND ASTER MEDICAL PHARMACY",04-2632202,25.1996,55.272606,"Metro Link, Downtown Dubai, Dubai, DU, United Arab Emirates",0.0166607333570666,© OpenStreetMap contributors
367,DXB,CLINIC,ACCESS CLINIC AL QUOZ (BR.OF DM),AL QUOZ 3,"AL ARIF BUILDING,NEAR UAE EXCHANGE,BEHIND CEMENT FACTORY,AL QUOZ",04-3217544,25.15072,55.230222,"Al Quoz Central Street, Al Quoz Industrial Area 1, Dubai, DU, United Arab Emirates",0,© OpenStreetMap contributors
368,DXB,CLINIC,ASTER GP CLINIC,BUR DUBAI -AL GHUBAIBA,"SOUK AL KABEER BUILDING, GROUND FLOOR , NEXT TO BUS STATION , BUDUBAI",04-3527300,25.2682502,55.3010031,"Al Mariah, Al Souk Al Kabeer Street, Al Sabkha, Dubai, Deira, United Arab Emirates",0.0685702768073099,© OpenStreetMap contributors
369,DXB,CLINIC,ACCESS CLINIC DIP,DIP -1,"DUBAI INVESTMENT PARK 1 ( DIP - 1 )RAMLA MALL, UAE",04-8800408,25.002359,55.167579,"Arenco Building Green Community Street, Dubai Investment Park, Dubai Investment Park 1, Dubai, DU, United Arab Emirates",0.729,© OpenStreetMap contributors
370,DXB,CLINIC,ACCESS CLINIC INTL. CITY (BR OF DM HEALTHCARE),INTERNATIONAL CITY-MOROCCO,"MOROCCO CLUSTER, BUILDING 1 - 11, SHOP 11, 18,20 INTERNATIONAL CITY, DUBAI",04-3606587,25.1636078,55.419743,"International City, Morocco, Emirates Cluster, Warsan 1, Dubai, DU, United Arab Emirates",0.484615384615385,© OpenStreetMap contributors
371,DXB,CLINIC,ACCESS CLINIC JAFZA,JAFZA,"FOOD COURT 3, 1ST FLOOR, NEXT TO COMMERCIAL CENTRE",04-8806577,24.0754736,52.6710716,"Food Court, RA26, Al Ruways Industrial City, AZ, United Arab Emirates",0.743478260869565,© OpenStreetMap contributors
372,DXB,CLINIC,ACCESS CLINIC PERSIA,INTERNATIONAL CITY- PERSIA,"SHOP NO.10, INTERNATIONAL CITY PERSIA N04 BUILDING,",04-5520139,25.168215,55.4002464,"1 Italy-U Street, Warsan 1, Dubai, DU, United Arab Emirates",0.011160261,© OpenStreetMap contributors
373,DXB,CLINIC,ACCESS CLINIC SONAPUR,SONAPUR-NEAR BUS STATION,"SAMEYA KHALIFA MOHD ALFUQEAI BUILDING, 24TH STREET, MUHAISINA 2ND , SONAPUR",04-2510266,25.260542,55.422849,"41175 94731 24 Street, Muhaisnah 2, Dubai, DU, United Arab Emirates",0.0634803921568628,© OpenAddresses contributors
374,DXB,CLINIC,ACCESS CLINIC SONAPUR 2,SONAPUR-2,"DUBAI MUNICIPALITY BUILDING, FLOOR NO 1, SHOP NO 04, MUHAISINA 2, SONAPUR,",04-2637279,25.2645257,55.3117283349363,"Dubai Municipality, 19b Street, Al Rigga, Dubai, Deira, United Arab Emirates",0,© OpenStreetMap contributors
375,DXB,CLINIC,ACCESS DIP 2,DIP -2,"KADRIS MALL, GROUND FLOOR, SHOP NO. 7, DUBAI INVESTMENT PARK 2, JABEL ALI, MAJELAN AL MADEENA SUPERMARKET, DIP2",04-8833028,24.970208,55.208048,"2 Dubai Investment Park, Dubai Investment Park 2, Dubai, DU, United Arab Emirates",0.0375,© OpenStreetMap contributors
376,DXB,CLINIC,DR.KOYA'S CLINIC,DEIRA -NAIF POLICE STATION,"BEHIND NAIF POLICE STATION, DEIRA, UAE",04-2225854,,,,,
377,DXB,CLINIC,ACCESS CLINIC DIC BR DM HEALTHCARE LLC,DIP,"FIRST FLOOR, SHOP # 39 -42, DUBAI INDUSTRIAL PARK, SAIH SHUAIB 2, AL MADEENA HYPERMARKET, SAPPHIRE MALL, DUBAI UAE",04-5896619,24.89199065,55.0736432370777,"Sunbeam Homes, Dubai Industrial Park, Saih Shuaib 2, Jebel Ali, DU, United Arab Emirates",0.0355250865051903,© OpenStreetMap contributors
378,DXB,CLINIC,ASTHTREE CLINIC-BURDUBAI,BUR DUBAI,"SHARAF DG BUILDING ,FIRST FLOOR,FLAT NO 101. BUR DUBAI",04-3355414,25.2623727,55.2963265,"Bur Dubai, Al Souk Al Kabeer, Dubai, Bur Dubai, United Arab Emirates",0,© OpenStreetMap contributors
379,DXB,CLINIC,ARMADA MEDICAL CENTER,JLT,ARMADA TOWER-CLUSTER P -P2 -19TH FLOOR JLT DUBAI,04-3990022,25.0754584,55.1453186070816,"Armada Tower 3, JLT Cluster P, Jumeirah Lakes Towers, Dubai, Emirates Hills, United Arab Emirates",1,© OpenStreetMap contributors
380,DXB,CLINIC,MED ONE MEDICAL CENTER LLC (FORMERLY AQUA MEDICAL CENTER LLC),"AL QUSAIS 1,","AL FATTAN BUILDING , 3A STREET 6, AL QUSAIS -1 , DUBAI",04-2204005,25.25854095,55.40003495,"Al Imran Technical Services, Shop Number 2 7a Street, Al Qusais, Dubai, DU, United Arab Emirates",0.0260869565217391,© OpenStreetMap contributors
381,DXB,CLINIC,ANAYA MEDICAL CENTER L.L.C,AL QUOZ-3,"FARNEK BULIDINBG , BEHIND AL KHAIL MALL , ALQUOZ-3 , DUBAI",04-3441615,25.26038,55.29891,"Bur Dubai, DU, United Arab Emirates",0.036734693877551,GeoNames
382,DXB,CLINIC,ANAYA MEDICAL CENTER L.L.C BRANCH,JEBEL ALI,"CRYSTAL MALL , JABELALI-1 , DUBAI",04-2341479,25.114283,55.138738,"Nakheel Mall, Palm Jumeirah, Dubai, DU, United Arab Emirates",1,© OpenStreetMap contributors
383,DXB,CLINIC,AL SHIFA AL UROPI MEDICAL CENTER DWC LLC,PARK PODIUM DUBAI DWC,"B3 THE PULSE RESIDENCE PARK PODIUM,DUBAI SOUTH,MADINAT AL MATAAR",04-5759111,25.133426,55.187494,"Madinat Jumeirah, Umm Suqeim, Dubai, DU, United Arab Emirates",0,© OpenStreetMap contributors
384,DXB,CLINIC,AL SHIFA AL KHALEEJI MEDICAL CENTRE (DEIRA),DEIRA- CLOCK TOWER,"AL SHAMSI BUILDING, CLOCK TOWER, DEIRA, DUBAI",04-2940786,25.1030123,55.1642604,"Middlesex Clock Tower, Al Falak Street, Dubai Knowledge Park, Dubai, DU, United Arab Emirates",0.6,© OpenStreetMap contributors
385,DXB,CLINIC,AL SHIFA AL KHALEEJI MEDICAL CENTRE BRANCH,DIP 1,"BAYAN BUSINESS CENTRE, DUBAI INVESTMENT PARK-1, DUBAI, U.A.E",04-8800920,25.1994947,55.2684402,"Business Time Centre, Sheikh Zayed Road (north), Downtown Dubai, Dubai, United Arab Emirates",0.533333333333333,© OpenStreetMap contributors
386,DXB,CLINIC,AL QUSAIS STAR POLYCLINIC (BRANCH),MUHAISNAH - 2,"28TH STREET, MUHAISNAH - 2, OPP. PATHAN RESTAURANT, NEAR GOLEN JUBILEE SUPERMARKET, DUBAI-UAE",04-5488684,25.282871,55.358972,"2 28 street, Al Quasis 1, Dubai, DU, United Arab Emirates",0,© OpenStreetMap contributors
387,DXB,CLINIC,ABEER AL NOOR POLY CLINIC (QUSAIS),AL QUSAIS,"SHOP NO 2;BU HUSSAIN BLDG,GROUND FLOOR,AL QUSAIS",04-2612280,25.269769,55.3874873,"Al Qusais, Dubai, United Arab Emirates",0.25,© OpenStreetMap contributors
388,DXB,CLINIC,AL RASHIDIYA AL NOOR POLY CLINIC,AL RASHIDIYA,"BEHIND BIN SOUQAT CENTRE,RASHIDIYA",04-2862410,,,,,
389,DXB,CLINIC,ABEER AL NOOR POLY CLINIC,MUHAISNA-2,"SUITE NO.6&31,GROUND FLOOR MUSTHAFA MALL,MUHAISNAH 2",04-2729966,25.263576,55.421794,"Muhaisnah 2, Dubai, DU, United Arab Emirates",0.1,Who's On First
390,DXB,CLINIC,AL BARSHA AL NOOR POLY CLINIC,AL BARSHA,"301,ELITE BUISNESS CENTER,OPP LULU HYPERMARKET,AL BARSHA",04-2218122,,,,,
391,DXB,CLINIC,ABEER AL NOOR POLY CLINIC LLC,DEIRA -BEHIND AL FUTTAIM MASJID,"BEHIND AL FUTTAIM MASJID ,NEAR DELHI RESTAURANT ,18TH STREET ,FRIJ MURAR,DEIRA",04-2428849,25.232814,55.460609,"18 Street, Al Mizhar, Dubai, DU, United Arab Emirates",0,© OpenStreetMap contributors
392,DXB,CLINIC,AL MURJAN MEDICAL CENTRE,AL QUOZ 3,"BRASHY BUILDING, OFFICE 102, AL QOUZ 3, DUBAI, PO BOX - 34647",04-3395575,25.0431141,55.2519276,"BIG KAHUNA FILMS, Office 201 Building 4 Dubai Studio City, Al Hebiah 2, Dubai, Dubai Studio City, United Arab Emirates",0.729,© OpenStreetMap contributors
393,DXB,CLINIC,HEALTHHUB BR.AL FUTTAIM HEALTHCARE-MUTEENA,AL MUTEENA,"AL MUTEENA STREET 58, AL MUTEENA 1058 , GF",04-5967366,25.272601,55.316663,"30496 96196 Al Muteena Street, Al Muteena, Dubai, DU, United Arab Emirates",0.416666666666667,© OpenAddresses contributors
394,DXB,CLINIC,TOTAL CARE CLINIC BR. ALFUTTAIM HEALTHCARE SINGLE PERSON COMPANY LLC,MUHAISNAH 2,GALADARI BROTHERS ACCOMMODATION SHOP-1 MUHAISANAH 2 DUBAI,04-5967040,,,,,
395,DXB,CLINIC,HEALTHHUB 6 BR.AL FUTTAIM-KARAMA,KARAMA,"AL KIFAF MANSION BUILDING , STREET 11,NEXT TO AL IBRAHIMI RESUATURANT ,KARAMA",04-5967120,,,,,
396,DXB,CLINIC,ADVANCED CARE MEDICAL CENTER L.L.C,DIP 1,"ALICO AL MADINA HYPERMARKET BUILDING, 44 STREET, DUBAI INVESTMENT PARK -1, DUBAI",04-3463099,25.264663,55.2919647,"Accurate Edge, 3 ground floor 3a Street, Al Souk Al Kabeer, Dubai, Bur Dubai, United Arab Emirates",0,© OpenStreetMap contributors
397,DXB,CLINIC,ADVANCED CARE MEDICAL CENTRE AL QUOZ,AL QUOZ 3,"FAKHRUDDIN BUILDING, BEHIND NATIONAL CEMENT FACTORY, INDUSTRIAL AREA-3, AL QUOZ, DUBAI - UAE",04-3397664,,,,,
398,DXB,CLINIC,CARE PLUS MEDICAL CENTRE JEBAL ALI,JEBEL ALI,"WQAF BUILDING, ABOVE UAEXCHANGE CENTER,JEBEL ALI INDUSTRIAL AREA 1, JEBEL ALI, DUBAI - UAE",04-3397664,,,,,
399,DXB,CLINIC,ADVANCED CARE MEDICAL CENTRE BRANCH DIP,DIP,"SHOP NO : 5, NASSEM AL MADINA SUPER MARKET BULIDING, PHASE 2, DUBAI INVESTMENT PARK, JEBEL ALI, DUBAI - UAE",04-3397664,25.291314,55.3969412,"NooK Curtains Dubai, Shop No 5 Amman Street, Al Qusais Industrial 4, Dubai, DU, United Arab Emirates",0.00593198666170688,© OpenStreetMap contributors
400,DXB,CLINIC,ADVANCED CARE MEDICAL CENTER (BRANCH),MUHAISINA,"SHOP NO : 22, FIRST FLOOR, SHAKLAN HYPERMARKET 2, 32A STREET, NEAR AL QUASIS BUS STATION 5, MUHAISNA",04-2636800,25.2706914,55.374214,"Shop-n-Save, Al Nahda Street, Al Qusais, Dubai, DU, United Arab Emirates",0.1,© OpenStreetMap contributors
401,DXB,CLINIC,ADVANCED CARE MEDICAL CENTER BRANCH- DIC,DIC,"SOUQ NO :4, SHOP NUMBER : 4 & 5,SEIHSHOWEB 4, LABOUR CITY 3, DUBAI INDUSTRIAL CITY,DUBAI - UAE",04-3807807,25.0586612,55.188180917561,"4 4 Street, Springs 8, Dubai, Emirates Hills, United Arab Emirates",0.104951730665224,© OpenStreetMap contributors
402,DXB,CLINIC,ADVANCED CARE MEDICAL CENTER LLC BRANCH-ALQUOZ 2,ALQOUZ,"PASONS SHOPPING CENTER BUILDING, BEHIND JOTUN PAINT FACTORY, 1ST FLOOR,ALQUOZ -2, P.O BOX:283235,DUB",04-2355200,,,,,
403,DXB,CLINIC,ADVANCED CARE MEDICAL CENTER LLC BRANCH,JEBAL ALI,"CROWN MALL, GROUND FLOOR, SHOP NO 30 JEBAL ALI INDUSTRIAL AREA 1",04-3807807,25.0976323,55.170841,"Hot n Spicy, Shop No. 2 Abdullah Omran Taryam Street, Al Thanyah 1, Dubai, Dubai Media City 2, United Arab Emirates",0.00814144736842105,© OpenStreetMap contributors
404,DXB,CLINIC,AL MANSOOR MEDICAL CENTER,"BUR DUBAI,","1ST FLOOR,FLAT NO:101,AL MOOSA BLDG,AL MUSALLA RD,BUR DUBAI,DUBAI,UAE",04-3554040,25.2623727,55.2963265,"Bur Dubai, Al Souk Al Kabeer, Dubai, Bur Dubai, United Arab Emirates",0.183673469387755,© OpenStreetMap contributors
405,DXB,CLINIC,YOUR CENTER POLYCLINIC LLC,PRODUCTION CITY,"AFNAN3 SHOP NO 4 ME'AISEM FIRST ,MID TOWN,PRODUCTION CITY,DUBAI",04-3657000,25.291314,55.3969412,"NooK Curtains Dubai, Shop No 5 Amman Street, Al Qusais Industrial 4, Dubai, DU, United Arab Emirates",0.54,© OpenStreetMap contributors
406,DXB,CLINIC,AL WAHA CLINIC,BUR DUBAI,"105, MOHD.NOOR TALEB BLDG,KHALID BIN AL WALEED ROAD,BUR DUBAI, UAE",04-3514150,25.2577347,55.2996682796397,"Four Points By Sheraton Bur Dubai, 105 Khalid Bin Waleed Road, Al Hamriya, Dubai, Bur Dubai, United Arab Emirates",0.405,© OpenStreetMap contributors
407,DXB,CLINIC,APOLLO CLINIC LLC(FORMERLY NEW CITY CLINIC LLC),ZABEEL ST,"GROUND FLOOR, AL ARTI PLAZA, ZABEEL ST,DUBAI,UNITED ARAB EMIRATES",04-6056056,25.240033,55.305303,"Zabeel PLaza, Za'abeel Street, Al Karama, Dubai, DU, United Arab Emirates",0.3375,© OpenStreetMap contributors
408,DXB,CLINIC,OXFORD MEDICAL CENTER,AL ROLLA STREET,"283, AL SHARAFI BUILDING, AL ROLLA STREET,DUBAI,UAE",04-3925070,24.062669,53.466309,"283 شارع هَجَاس, Al-Mirfa’, AZ, United Arab Emirates",0,© OpenAddresses contributors
409,DXB,CLINIC,DR ABDUL LATIF CLINIC L.L.C,NEAR AL SABKHA BUS STATION,"1ST FLOOR, 191 NASER ABDULLA HUSSAIN BUILDING, NEAR AL SABKHA BUS STATION, DEIRA DUBAI, UAE.",04-2264999,,,,,
410,DXB,CLINIC,LIVERPOOL MEDICAL CLINIC LLC,KHALID BIN WALID ROAD,"NEXT TO PALM BEACH HOTEL , KHALID BIN WALID ROAD,BURDUBAI,DUBAI,UAE",04-3379541,24.45123,54.35585,"Masjid Khālid Bin al Walīd, Al Bateen, Abu Dhabi, United Arab Emirates",0.163965245901639,GeoNames
411,DXB,CLINIC,RALS HEALTHCARE(BR OF ABDULWAHED BIN SHABIB INVESTMENT GROUP L.L.C),AL MUSSALLA TOWERS,"AWS FAMILY RESIDENCE18, 57 STREET JABAL ALI INDUSTRIAL 1, JEBEL ALI, DUBAI",04-2275777,25.21794085,55.2709950137207,"18 57th Street, Jumeirah 1, Dubai, DU, United Arab Emirates",0.18,© OpenStreetMap contributors
412,DXB,CLINIC,ARIN CARE POLY CLINIC L.L.C,MUHAISNAH 4TH,"MEZINENE FLOOR, TALAL PLAZA BLDG, MUHAISNAH 4TH, DUBAI,UAE",04-3952774,24.962221,55.148259,"2020 Plaza, Expo 2020 Dubai, DU, United Arab Emirates",0.135,© OpenStreetMap contributors
413,DXB,CLINIC,MODERN FAMILY CLINIC LLC,UMMHURAIR,"05, UMM HURAIR BUILDING, OPP CIVIL DEFENCE ZABEEL ROAD, KARAMA, DUBAI - UAE. PO BOX: 30127",04-3343263,25.1558949,55.410637230012,"05, Greece k, Warsan 1, Dubai, United Arab Emirates",0.0317460317460317,© OpenStreetMap contributors
414,DXB,CLINIC,MODERN FAMILY CLINIC LLC Branch(Al Quoz),ALQUOZ,"G ONE CAMP,ALQUOZ INDUSTRIAL AREA - 2,OPPOSITE : MANGO SUPERMARKET,DUBAI",04-3343263,,,,,
415,DXB,CLINIC,MODERN FAMILY CLINIC LLC Branch (Al Barsha),ALBARSHA 1,"GROUND FLOOR. AL BARSHA- 1 , BUSINESS CENTRE, SHOP NO :5",04-3343263,25.112654,55.193111,"1 Al Barsha, Al Barsha 1, Dubai, DU, United Arab Emirates",0.0649750096116878,© OpenStreetMap contributors
416,DXB,CLINIC,GMG MEDICAL CENTER LLC,ALQOUZ 4,"RNA RESOURCE BUILDING, BEHIND BELHASA DRIVING SCHOOL,AL QOUZ-4,DUBAI, U.A.E",04-2201918,25.1220251,55.2270398,"Kitchen Works, 318 Rd, Al Asayal St Al Asayel Street, Al Quoz Community, Dubai, Al Quoz Industrial Area 4, United Arab Emirates",0.0235523076923077,© OpenStreetMap contributors
417,DXB,CLINIC,KHAYBER MEDICAL CENTER,NAIF,AL BUTEEN BUILDING - FLAT NO 1 - STREET # 33 AL MAKTOUM HOSPITAL RD - NEAR KARACHI DARBAR MAKTOUM - NAIF - DUBAI,055-4330016,,,,,
418,DXB,CLINIC,MEDCOME HEALTHCARE CENTER,SHEIKH ZAYED ROAD,"PINNACLE SHEIKH ZAYED ROAD,DUBAI",04-3420811,25.2325840416074,55.3080293830596,"Sheikh Zayed Road (north), Zabeel, Dubai, Za'abeel, United Arab Emirates",0.45,© OpenStreetMap contributors
419,DXB,CLINIC,TORONTO MEDICAL CENTER LLC,AL KHAIL MALL,"AL QUOZ EGGT BUILDING OFFICE 101 NEAR AL KHAIL MALL,DUBAI,UAE",04-2638093,,,,,
420,DXB,CLINIC,SHARE AND CARE MEDICAL CENTER FZE,DUBAI SILICON OASIS,"LOWER GROUND FLOOR, SILICON CENTRAL MALL, DUBAI SILICON OASIS, DUBAI, UNITED ARAB EMIRATES",04-2802088,25.112116,55.375016,"Silicon Central, 53 92 Street, Warisan, Dubai, DU, United Arab Emirates",0.9,© OpenStreetMap contributors
421,DXB,CLINIC,AL FAHIM CLINIC,DEIRA,"DEIRA,DXB",04-2267157,25.2622243,55.3175829,"English, Al Maktoum Street, Riggat Al Buteen, Dubai, Deira, United Arab Emirates",0,© OpenStreetMap contributors
422,DXB,CLINIC,MODERN CARE CLINIC LLC,CORNICH STREET,"DEIRA WATERFRONT,UAE,CORNICH STREET,SHOP 22-23 MAITHA 1,LAND MARK: DEIRA,WATERFRONT ENRICHMENT,DEIRA",04-2278958,25.2784439,55.3041182,"hayyat re deira, The Waterfront Street, Corniche Deira, Deira, United Arab Emirates",0.07381125,© OpenStreetMap contributors
423,DXB,CLINIC,ADVANCED CARE MEDICAL CENTER L.L.C (BRANCH),DAMSCUS STREET,"AL FATTAN CHARITY BUILDING, NEAR EMIRATES NBD BANK, DAMSCUS STREET, AL QUSAIS, DUBAI,UAE",04-3709357,25.119699,55.203327,"Emirates NBD Bank, Al Barsha 1, Dubai, DU, United Arab Emirates",0.147668642845698,© OpenStreetMap contributors
424,DXB,CLINIC,DR KAMKAR MEDICAL & PHYSIOTHERAPHY CENTER L.L.C,"WADI AL SAFA 3, MAJAN","REMAL MALL, SHOP NO. 9, WADI AL SAFA 3, MAJAN, DUBAI,UAE",04-3341000,25.2706914,55.374214,"Shop-n-Save, Al Nahda Street, Al Qusais, Dubai, DU, United Arab Emirates",0.119134902670892,© OpenStreetMap contributors
425,DXB,CLINIC,DR. ISMAIL POLYCLINIC (BRANCH),DEIRA AL MURAR,"SHERINA 1-SHERINA PLAZA, AL-CORNICH,SHOP NO 2,3,4&14,NEAR GOLD SOUK METRO STATION,DEIRA AL MURAR,DUBAI,U.A.E",04-2614591,,,,,
426,DXB,CLINIC,AMBER CLINICS L.L.C,AL RIGGA ROAD,"2ND FLOOR, RIGGA BUSINESS CENTRE, AL RIGGA ROAD, DEIRA, DUBAI, UAE",04-2309100,25.2633466,55.3238862,"Al Rigga Street, Al Muraqqabat, Dubai, Deira, United Arab Emirates",0.5,© OpenStreetMap contributors
427,DXB,CLINIC,AL NOOR POLYCLINIC L.L.C,NAIF ROAD,"1ST FLOOR, SAIF CENTRE, OPP. AL FUTTAIM MOSQUE,NAIF ROAD, DEIRA, DUBIA, UAE",04-2233324,25.208959,55.362201,"al futtaim access, Festival City, Dubai, DU, United Arab Emirates",0.00367257254464286,© OpenStreetMap contributors
428,DXB,CLINIC,AL NOOR POLYCLINIC AL SATWA (BR OF AMBER CLINICS L.L.C),AL HUDAIBA ST,"FLAT 201 AL BHAKITHA BLDG, AL HUDAIBA ST., OPP. AL MAYA SUPERMARKET, DUBAI, UAE",04-3498100,,,,,
429,DXB,CLINIC,DR JOSEPH POLYCLINIC (BR OF AMBER CLINICS L.L.C),KARAMA,"1ST & 2ND FLR., AL JABER BLDG, OPP., SUNRISE SUPERMARKET, KARAMA, DUBAI, UAE",04-3378828,25.2711406,55.3099667,"Al Marmoom Marine Equipment LLC, Deira park hotel, Nakhl bldg, shop S03 32a Sikka, Naif, Dubai, Deira, United Arab Emirates",0.073469387755102,© OpenStreetMap contributors
430,DXB,CLINIC,JOSEPHS QUSAIS POLYCLINIC (BR OF AMBER CLINICS L.L.C),DUBAI AIRPORT FREEZONE,"GROUND FLR, QUSAIS MANZIL BLDG, BEHIND TALAL SUPERMARKET, DUBAI AIRPORT FREEZONE METRO, EXIT 2, AL QUSAIS, DUBAI, UAE",04-2636767,25.006162,55.250476,"2 Al Thamam, Remraam, Dubai, DU, United Arab Emirates",0,© OpenStreetMap contributors
431,DXB,CLINIC,HARLEY INTERNATIONAL MEDICAL CLINIC L.L.C (BRANCH),AL BARSHA 1,AL BARSHA - AL BARSHA 1 - DUBAI - UNITED ARAB EMIRATES,04-3989988,25.1117259,55.2064351,"Al Barsha, 16 Street, Al Barsha 1, Dubai, Al Barsha, United Arab Emirates",1,© OpenStreetMap contributors
432,DXB,CLINIC,ASCENT ENT SPECIALITY CENTRE LLC,SHEIKH KHALIFA BIN ZAYED ST,"SAEED AL THANI BUILDING - SHEIKH KHALIFA BIN ZAYED ST - UMM HURAIR 1BUR - UMM HURAIR 1 - DUBAI,UAE",04-2747000,25.28894495,55.3710196789502,"Al Thani Building, 4 1 Street, Al Nahda, Dubai, DU, United Arab Emirates",0,© OpenStreetMap contributors
433,DXB,CLINIC,L L H MEDICAL CENTER L.L.C,"AL MARABEA ST, DPG AL QUOZ","AL MARABEA ST, DPG AL QUOZ, INDUSTRIAL FOURTH, DUBAI, UAE",056-1657271,25.231869,55.317237,"Al Madina Al Tebbia Street, Umm Hurair 2, Dubai, DU, United Arab Emirates",0.00631681243926142,© OpenStreetMap contributors
434,DXB,CLINIC,INDIGO MEDICAL CLINIC L.L.C,SALAH AL DIN STREET,"AL MUTEENA TECHNIC BUILDING,7TH FLOOR,SALAH AL DIN STREET,DEIRA,DUBAI,U.A.E",052-2078651,25.2739227773682,55.3427676468,"Salah Al Din Street, Hor Al Anz, Dubai, Deira, United Arab Emirates",0.5,© OpenStreetMap contributors
435,DXB,CLINIC,NEW MEDICAL CENTER LTD - DUBAI BRANCH(FORMERLY NEW MEDICAL CENTRE ( NMC DEIRA),HOR AL ANZ,"OPPOSITE ABU HAIL METRO STATION ,HOR AL ANZ,NEW AL SAFIYA BUILDING,DEIRA",04-2339939,25.2248192,55.2836257,"Trade Centre Metro Station, Sheikh Zayed Road (south), Trade Centre, Dubai, Sheikh Zayed Road, United Arab Emirates",0,© OpenStreetMap contributors
436,DXB,CLINIC,NMC JEBEL ALI CLINIC (BR OF N M C ROYAL HOSPITAL LTD)(DUBAI BRANCH),JEBAL ALI,"JEBEL ALI INDUSTRIAL AREA - FIRST, GEEPAS COMMERCIAL CENTER, SHOP NO 25 MZ 01 AND 02",04-8019200,25.003664,55.105314,"Jebel Ali Industrial Area 11, Jebel Ali Industrial Area, Jebel Ali, Dubai, United Arab Emirates",0.0950625,© OpenStreetMap contributors
437,FUJ,CLINIC,SUHA MEDICAL CENTER,AL BIDYA,"SALEH MOFLEH ALI ASYOUD SHEHHI (BLDG), RUGAYLAT ROAD, AL BIDYA, FUJAIRAH, UAE.",09-22 33360,25.581972,56.131927,"washed away service road, FU, United Arab Emirates",0.2,© OpenStreetMap contributors
438,FUJ,CLINIC,MAKKAH MEDICAL CENTER FUJAIRAH,BEHIND ADNOC PETROL DTATION,1ST FLOOR FLAT 104 OPP MASJID AL KHATAB & EID MUSALLA BEHIND ADNOC PETROL DTATION & FORTUNE RESIDENCE 09-2225051,09-2225501,,,,,
439,FUJ,CLINIC,MAKKAH MEDICAL CENTER BRANCH 1(FORMERLY MAKKAH MEDICAL CLINIC (AL HAYL),"AL HAYL,","OPPOSITE TO MARS TRADING CENTER BLOCK Q ,FUJAIRAH",09-2225501,25.31894035,55.3803546939348,"Sahil Trading Center, Al Khan Street, Al Majaz, Sharjah, SH, United Arab Emirates",0,© OpenStreetMap contributors
440,FUJ,CLINIC,DIBBA MEDICAL CENTRE - FUJ,AL MUHALLAB DIBBA,"OPPOSITE AL SHARQ HOSPITAL,AL MUHALLAB DIBBA POB 13002, FUJAIRAH, UAE",09-2447447,25.5509187,56.0708895,"ADNOC, 472 Al Shohadaa Road, Saram, FU, United Arab Emirates",0.225,© OpenStreetMap contributors
441,FUJ,CLINIC,MERASHID MEDICAL CENTER,HAMAD BIN ABDULLAH ROAD,HAMAD BIN ABDULLAH ROAD - OPPOSITE CHOITHRAM SUPERMARKET,09-2220883,,,,,
442,FUJ,CLINIC,FATHIMA MEDICAL CENTER,"SHAIKH ZAYED BIN SULTAN ROAD,","FLAT NO: 103, OLD ARAB BANK BUILDING, OPP. FATHIMA SUPERMARKET,SHAIKH ZAYED BIN SULTAN ROAD, FUJAIRAH",09-2239946,25.1244604,56.3355085,"Fujairah City, Fujairah Emirate, United Arab Emirates",0.0133333333333333,© OpenStreetMap contributors
443,FUJ,CLINIC,EMIRATES MEDICAL CENTRE,SHEIKH ZYED BIN SULTAN ROAD,48GV+GCX SHEIKH ZYED BIN SULTAN ROAD OPP AL ROSTAMANI EXCHANGE NASER ALI KHAMMAS BUILDING FLAT 106,09-2233199,,,,,
444,FUJ,CLINIC,AL AHLI MEDICAL CENTRE LLC,HAMAD BIN ABDULLAH ROAD,"1ST FLOOR, HSBC BANK MIDDLE EAST LIMITED BUILDING - HAMAD BIN ABDULLA RD - FUJAIRAH",09-2220228,25.1225407273634,56.3026815908497,"Sheikh Hamad Bin Abdullah Al Sharqi Road, Haleefath, Fujairah City, Fujairah Emirate, United Arab Emirates",0.12658629375,© OpenStreetMap contributors
445,FUJ,CLINIC,EVE MEDICAL CENTRE LLC,AL FASEEL STREET,"OPPOSITE MOHAMMED BIN HAMAD AL SHARQI SCHOOL , AL FASEEL ROAD, FUJAIRAH, UAE",09-2287982,25.1213823,56.3360363371972,"Central Bank of the UAE, Sheikh Hamad Bin Abdullah Al Sharqi Road, Town Center, Fujairah City, FU, United Arab Emirates",0.015625,© OpenStreetMap contributors
446,FUJ,CLINIC,ASTER MEDICAL CENTRE (FUJ),HAMDAN BIN ABDULLA STREET,"OPP: CHOITHRAM SUPER MARCKET, HAMDAN BIN ABDULLA STREET, FUJAIRAH, UAE",09-2234912,25.151326,55.241646,"Quoz, Latifa Bin Hamdan Street 1, Al Quoz Industrial Area 1, Dubai, United Arab Emirates",0.0937285714285714,© OpenStreetMap contributors
447,FUJ,CLINIC,FUJAIRAH PORT MEDICAL CENTER,FUJAIRAH PORT,INSIDE PORT OF FUAIRAH,09 2228007,,,,,
448,FUJ,CLINIC,AL SHARQ MEDICAL CENTER ETIHAD,AL ETIHAD FUJAIRAH,AL ETIHAD FUJAIRAH,09 2222444,25.124892,56.328537,"Fujairah, FU, United Arab Emirates",0.5,Who's On First
449,FUJ,CLINIC,AL SHARQ MEDICAL CENTER DIBBA,DIBBA FUJAIRAH,SHEIKH ZAYED BIN SULTAN AL NAHYAN ROAD AL NAHDAH DIBBA FUJAIRAH,09 2444711,25.61955,56.27291,"Dibba Al-Hisn, SH, United Arab Emirates",0,Who's On First
450,FUJ,CLINIC,AL SHARQ MEDICAL CENTER COSMOMED,AL ETIHAD FUJAIRAH,AL ETIHAD FUJAIRAH,09 2222444,25.124892,56.328537,"Fujairah, FU, United Arab Emirates",0.5,Who's On First
451,FUJ,CLINIC,KHORFAKHAN PORT CLINIC,KHORFAKKAN FUJAIRAH,KHORFAKKAN FUJAIRAH,09 2222444,25.2756046321394,56.1826105061473,"Khorfakkan Road, Daftah, Fujairah Emirate, United Arab Emirates",0,© OpenStreetMap contributors
452,FUJ,CLINIC,NORTHERN AL AHLIAH MEDICAL CENTRE (Fujairah),AL GURFA,"FATHIMA ROUND ABOUT, E89 (HAMAD BIN ABDULLAH ROAD), NEAR ADNOC PETROL STATION AND FAB BANK, AL GURFA",09-2242515,,,,,
453,FUJ,CLINIC,SUHA MEDICAL CENTER LLC FUJAIRAH BRANCH 1,AL HAYL,"OPP.POWER PLUS CABLE CO.LLC,MOHAMMED BIN ZAYED CITY-AL HAYL, FUJAIRAH",09-2282466,24.34794,54.55368,"Mohammed Bin Zayed City, AZ, United Arab Emirates",0.307692307692308,GeoNames
454,RAK,CLINIC,SHIFA AL JAZEERAH MEDICAL CENTRE L.L.C RAK,"AL RAMS ROAD, AL SEER","M FLOOR, FATHIMA HYPERMARKET BUILDING, AL RAMS ROAD, AL SEER - RAS AL KHAIMAH",07-221 1126,25.7737705,55.938232,"Ras Al Khaimah, Ras al-Khaimah, United Arab Emirates",0.0401706010712161,© OpenStreetMap contributors
455,RAK,CLINIC,NMC ROYAL MEDICAL CENTER-RAK,CORNICHE,"SULTAN FADEL BUILDING,AL QWASIM CORNICHE",07 2028000,25.187836,55.284686,"Al Wajeha Al Maeyah, Bussiness Bay, Dubai, DU, United Arab Emirates",0,© OpenStreetMap contributors
456,RAK,CLINIC,NEXUS MEDICAL CLINIC,JAZEERA AL HAMRA,"SHOP NO: 13, 14, 15, AL JAZEERA BUILDING, BESIDE MADINA SUPER MARKET, OPPOSTIE MABANI STEEL COMPANY, JAZEERA AL HAMRA",07-2332134,25.270691,55.374214,"Shop-n-Save, 14 Al Nahda Street, Al Quasis 1, Dubai, DU, United Arab Emirates",0.125,© OpenStreetMap contributors
457,RAK,CLINIC,UNION MEDICAL AND DENTAL CENTRE,AL NAKHEEL,"P.O BOX 5628, OLD COMMERCIAL BANK OF DUBAI BUILDING AL NAKHEEL, RAK, UAE",07-2272402,25.2550734,55.3314251215334,"Commercial Bank of Dubai, 26b Street, Port Saeed, Dubai, Deira, United Arab Emirates",0.139669421487603,© OpenStreetMap contributors
458,RAK,CLINIC,AL HUDAIBAH MEDICAL CENTER LLC,AL NAKHEEL,AL NAKHEEL-RAS AL KHAIMAH,07-2222188,25.3577507,55.3900608,"Al Nakheel Pharmacy, Al Rolla Street, Al Gharb, Sharjah, Al Ghuwair, United Arab Emirates",0.5,© OpenStreetMap contributors
459,RAK,CLINIC,RETAJ MEDICAL CENTRE LLC,AL DHAIT,"UNITED INSURANCE COMPANY BUILDING F1, NEAR KFC,SK. MHD. BEN SALEM RD, AL DHAIT, RAK - UAE",07-2277776,,,,,
460,RAK,CLINIC,SPECIALIST MEDICAL CENTRE,DAHAN STREET,"MOHD BIN SALEM ROAD ,DAHAN STREET,RAS AL KHAIMAH ,UAE",07-2332255,25.78953,55.9432,"Ras Al Khaimah City, RK, United Arab Emirates",0.45,GeoNames
461,RAK,CLINIC,AL JAZEERA MEDICAL CENTRE,AL HAMRA,"MAIN ROAD AL JAZEERA,AL HAMRA,RAS AL KHAIMAH,UAE",07-244 6899,25.718253,56.074986,"Al Yafnah Road, RK, United Arab Emirates",0,© OpenStreetMap contributors
462,RAK,CLINIC,EVE MEDICAL CENTRE LLC,OLD CLOCK ROUND ABOUT,VILLA NO 12 KHUZAM ROAD NEAR OLD CLOCK ROUND ABOUT LANDMARK: NEXT TO – RAS AL KHAIMAH,07-2352812,25.7737705,55.938232,"Ras Al Khaimah, Ras al-Khaimah, United Arab Emirates",0.25,© OpenStreetMap contributors
463,RAK,CLINIC,ASTER MEDICAL CENTRE (RAK),MOH,"MALABAR GOLD BUILDING, OPPST. UNITED ARAB BANK, RAS AL KAHIMAH, UAE",07-2338866,,,,,
464,RAK,CLINIC,ALYA MEDICAL CENTRE L.L.C,AL QASMI STREET,"ADIL AL NUAIMI BUILDING, M FLOOR, M-02, SHEIKH SAQR BIN MUHAMMAD AL QASMI STREET, AL QUSAIDAT, NEAR TO LAMP ROUND ABOUT, RASL AL KHAIMAH, U.A.E",07-2441235,,,,,
465,RAK,CLINIC,AL SHIFA GENERAL MEDICAL CLINIC-RAK,AL GHAIL,"AL GHAIL ROAD,RAS AL KHAIMAH",055-8384141,25.750292,55.966596,"Ras al-Khaimah, RK, United Arab Emirates",0.5,Who's On First
466,RAK,CLINIC,AL GHAIL MEDICAL CENTRE LLC(AL- SHAMS GROUP),AL GHAIL,"PO. BOX 12884, AL GHAIL SHOPPING CENTRE (MOHD. SHAAMS RASHID AL MAZROOI BLDG) AL GHAIL, RAS AL KHAIMAH",07-2585464,25.4003246,56.0593739,"Al Ghail, Ras al-Khaimah, United Arab Emirates",0.25,© OpenStreetMap contributors
467,RAK,CLINIC,AL AHLIA MEDICAL CENTRE,AL JAZAH ROAD,"CREEK PLAZA BLDG., NEAR RAK GAS AND OPP. EXPO CENTRE, AL JAZAH ROAD",07-2331533,24.9643072,55.1465577,"Expo exhibition Center, 2020 Boulevard, Expo 2020 District, Expo 2020 Dubai, DU, United Arab Emirates",0.0185142857142857,© OpenStreetMap contributors
468,RAK,CLINIC,THE AMERICAN MEDICAL CENTER LLC,MINA AL ARAB RD,"MINA AL ARAB RD- LAGOON WALK - BUILDING NO. 6 - GF,RAK,UAE",07-2665652,,,,,
469,RAK,CLINIC,RAS AL KHAIMAH MEDICAL CENTERE GHALILLA LLC ONE PERSON,GHALILLA,"SHAM,GHALILLA,RAK UAE",07-2279994,26.0279,56.08352,"Ash Sha`m, RK, United Arab Emirates",0.222222222222222,Who's On First
470,RAK,CLINIC,RAS AL KHAIMAH MEDICAL CENTERE AL JAZEERA,"AL JAZEERA AL HAMRA,","BEHIND RAK CERAMICS AL JAZEERA AL HAMRA,RAK,UAE",07-2432226,,,,,
471,RAK,CLINIC,RAS AL KHAIMAH MEDICAL CENTER AL HAMRA,AL HAMRA,"FIRST FLOOR,AL HAMRA MALL,AL HAMRA,RAK,UAE",07-2278308,25.35628,55.38912,"Al Hamra, Al Ghuwair, Sharjah, United Arab Emirates",0.521052631578947,GeoNames
472,RAK,CLINIC,MEDPLUS MEDICAL CENTER LLC,"AL JAZAH STREET, AL NAKHEEL","AL JAZAH STREET, AL NAKHEEL, NEAR DOUBLETREE HILTON HOTEL, RAK,UAE",07-2369006,25.294637,55.871352,"Al A'araf bin Al A'alam Street, UQ, United Arab Emirates",0.0944784,© OpenStreetMap contributors
473,RAK,CLINIC,MEDCITY MEDICAL CENTER LLC,"KHUZAM,RAK","3 STREET, KHUZAM,RAK,UAE",07-2364555,25.05508895,55.2197982815898,"3 3 Street, Jumeirah Village Circle, Dubai, DU, United Arab Emirates",0.275,© OpenStreetMap contributors
474,RAK,CLINIC,MARHABA MEDICAL CENTER,AL NAKHEEL,"GF-01-02, AL NAKHEEL BUILDING NEAR AL HOOT SUPERMARKET, AL NAKHEEL RAS AL KHAIMAH",07-2364667,25.7737705,55.938232,"Ras Al Khaimah, Ras al-Khaimah, United Arab Emirates",0.25,© OpenStreetMap contributors
475,SHJ,CLINIC,SHIFA AL JAZEERA MEDICAL CENTRE (SHJ),SHARJAH,93 - S105 - SHARJAH,06-5218889,,,,,
476,SHJ,CLINIC,SHIFA AL RABEE MEDICAL CENTRE,MUWAILEH,"SHIFA AL RABEE MEDICAL CENTRE BUILDING,2609,GROUND FLOOR,MUWAILEH COMMERCIAL,INDUSTRIAL AREA,BUS STATION ROAD, MUWAILEH INDUSTRIAL AREA",06-5959123,25.1438441,55.24498,"Staff Bus Station, 318, Al Quoz Community, Dubai, DU, United Arab Emirates",0.0822705688476563,© OpenStreetMap contributors
477,SHJ,CLINIC,SAIFZONE MEDICAL CENTRE,AIRPORT FREE ZONE,"AIRPORT FREE ZONE F2 42A,F2-42B,SHARJAH",06-5578471,25.3461498,55.4210633,"Sharjah, Sharjah Emirate, United Arab Emirates",0.25,© OpenStreetMap contributors
478,SHJ,CLINIC,AL AZHAR MEDICAL CLINIC (SHARJAH),SAJJA,SAJJA,06-5352323/8007400,25.3147544122726,55.6390126337246,"Sajja Industrial Street, Al Saja'a Industrial, Sharjah, Sharjah Emirate, United Arab Emirates",1,© OpenStreetMap contributors
479,SHJ,CLINIC,RETAJ MEDICAL CENTER LLC,SHARJAH,"SALEM BIN SALEH AL HAMADI BUILDING, 1ST FLOOR OFFICE NO.101 , ALMAMZAR-ATTAAUN ST. SHARJAH, UAE",056-4031533,25.302103,55.548564,"Sharjah, SH, United Arab Emirates",0.25,Who's On First
480,SHJ,CLINIC,PREMIER MEDICAL CENTRE LLC,ROLLA,"MEZZANINE FLOOR, EMIRATES POST OFFICE BUILDING, AL GHUWAIR, ROLLA, SHARJAH, UAE",06 5616188,25.3568123,55.3887764,"Hadeqat Al Rola Pharmacy, Al Ghuwair Street, Al Gharb, Sharjah, Um Tarafa, United Arab Emirates",0.14198697752573,© OpenStreetMap contributors
481,SHJ,CLINIC,MARINA MEDICAL CENTER LLC,KING SALMAN BIN ABDUL AZIZ STREET,"MEZZANINE FLOOR, AL AROUBA STREET, OPP TO SWISS BEL HOTEL, ABOVE DOCTORS PHARMACY, SHARJAH, UAE",06 5625234,25.285324,55.882636,"Abi Al Adarham Al Zamani Street, Dhaid, SH, United Arab Emirates",0.15,© OpenStreetMap contributors
482,SHJ,CLINIC,AL WAHDA MEDICAL CENTRE,AL WAHDA,SHARJAH - AL WAHDA AREA,06-5455501,25.3383429,55.4020166,"Al Wahda Street, Industrial Area 4, Al Wahda Street, Industrial Area, Sharjah, Sharjah Emirate, United Arab Emirates",0.729,© OpenStreetMap contributors
483,SHJ,CLINIC,PERFECT MEDICAL CENTRE,ROLLA,SHARJAH - ROLLA,06-5455501,25.3580866,55.3872070470479,"Rolla, Al Gharb, Sharjah, Sharjah Emirate, United Arab Emirates",1,© OpenStreetMap contributors
484,SHJ,CLINIC,"NEW MEDICAL CENTRE, SHARJAH-AL BUHAIRA CORNICHE ,BEL RESHEED TOWER ,SHARJAH",BUHAIRAH CORNICHE,"BEL RESHEEED TOWER, CORNICHE, 1ST AND 2ND FLOOR ,AL BUHAIRA CORNICHE ,BEL RESHEED TOWER ,SHARJAH",06-5758000,25.3004133,55.3811941606138,"Al Buhaira Towers, Al Nahda Street, Al Nahda, Sharjah, Sharjah Emirate, United Arab Emirates",0.405,© OpenStreetMap contributors
485,SHJ,CLINIC,NMC MEDICAL CENTER L.L.C SHJ BR.1-SHARJAH,SHAHB,"ABOVE DANA PLAZA SHAHBA ,SHARJAH",06-5388966,24.4729235,54.34651195,"Al Dana Plaza, Al Qafiyah Street, Al Khalidiyah, Abu Dhabi, AZ, United Arab Emirates",0,© OpenStreetMap contributors
486,SHJ,CLINIC,NMC MEDICAL CENTER L.L.C SHJ BR.2-ROLLA SHARJAH,ROLLA,"2ND FLOOR, EISA BUILDING-2, OPP. ROLLA SQUARE PARK, NEAR ROLLA BUS STATION, ROLLA",06-5639966,25.35678,55.39038,"Al Rolla Square, Al Ghuwair, Sharjah, United Arab Emirates",0.0662105460686808,GeoNames
487,SHJ,CLINIC,"NMC MEDICAL CENTER L.L.C SHJ BR.4-AL NAHDA ,SHARJAH",AL NAHDA,"FIRST FLOOR, AL SHAIBA BUILDING ,NEAR AL NAHDA PARK ,AL NAHDA ,SHARJAH",06-5305252,25.30044,55.380881,"Al Buhaira Towers, Al Nahda Street, Al Nahda, Sharjah, SH, United Arab Emirates",0.333333333333333,© OpenStreetMap contributors
488,SHJ,CLINIC,"NMC MEDICAL CENTER L.L.C SHJ BR.-AL MAJAZ ,SHARJAH",AL MAJAZ,"FIRST FLOOR ,NEAR BUHAIRAH POLICE STATION ,AL MAJAZ ,SHARJAH",06-5566689,25.3162667,55.3808957,"Al Majaz 2, Al Khan Street, Al Majaz, Sharjah, SH, United Arab Emirates",0.435,© OpenStreetMap contributors
489,SHJ,CLINIC,"NMC DENTAL CENTRE L L C - BUHAIRA CORNICHE,SHARJAH",BUHAIRAH CORNICHE,"3RD FLOOR,AL BUHAIRAH BUILDING,BUHAIRA CORNICHE,SHARJAH",06-5738300,25.309723,55.352809,"Corniche Road Al Mamzar Sharjah, Al Khan, Sharjah, SH, United Arab Emirates",0.32805,© OpenStreetMap contributors
490,SHJ,CLINIC,"NMC MEDICAL CENTER L.L.C SHJ BR.3-ROLLA BUS STATION, ROLLA",ROLLA,"1ST FLOOR, EISA BUILDING-2, OPP. ROLLA SQUARE PARK, NEAR ROLLA BUS STATION, ROLLA",06-5182444,25.35678,55.39038,"Al Rolla Square, Al Ghuwair, Sharjah, United Arab Emirates",0.0662105460686808,GeoNames
491,SHJ,CLINIC,NMC ROYAL MEDICAL CENTRE LLC-SHAHBA SHARJAH,AL AROUBA STREET,"OPPOSITE AL QASMIA HOSPITAL, WASIT STREET , SHAHBA,SHARJAH UAE",06-5061666,25.3467837,55.433877515394,"Wasit Center, Wasit Street, Mughaidir, Sharjah, Al Khazamiya, United Arab Emirates",0.530357142857143,© OpenStreetMap contributors
492,SHJ,CLINIC,"SUNNY MAYSLOON SPECIALITY MEDICAL CENTRE LLC-KUWAIT STRT, SHARJAH",KUWAIT STRT,"NEAR LULU HYPERMARKET, MAY SALOON,KUWAIT STRT, SHARJAH",06-5014777,25.312598,55.507538,"Street 30, Al Juraina, Sharjah, SH, United Arab Emirates",0,© OpenStreetMap contributors
493,SHJ,CLINIC,NMC MEDICAL CENTRE FZC-SHARJAH SAIFZONE,SAIF ZONE,"SAIFZONE,SHARJAH",06-5455966,25.3306848,55.498451,"SaifZone Office, Al Dhaid Road, Sharjah International Airport, Sharjah, SH, United Arab Emirates",0,© OpenStreetMap contributors
494,SHJ,CLINIC,NASMAT AL SHIFA MEDICAL CENTRE,IND. AREA 10,"THIRD INDUSTRIAL ST, OPP. TABLIGHI MASJID، BETWEEN GATE NO 1 & 2, INDUSTRIAL AREA 10 - SHARJAH",06-5562235,,,,,
495,SHJ,CLINIC,WECARE CLINIC LLC,INDUSTRIAL AREA 10,"SHOP NO 2, KHANSAHIB BUILDING , INDUSTRIAL AREA 10, SHARJAH",06-5779977,25.30527495,55.3747920966709,"SEWA Substation No. 2, Gernata Street, Al Nahda, Sharjah, SH, United Arab Emirates",0.0345368916797488,© OpenStreetMap contributors
496,SHJ,CLINIC,AL DUNIA MEDICAL CENTER LLC(LIBERTY),IND AREA-12,"INDUSTRIAL AREA 12,SHARJAH,UAE",06-5546644,25.3178618,55.4336670582011,"Sharjah Industrial Area 12, Industrial Area, Sharjah, Sharjah Emirate, United Arab Emirates",0.8,© OpenStreetMap contributors
497,SHJ,CLINIC,AL NAHDA MEDICAL CENTER(LIBERTY),AL NAHDA,"AL NAHDA,SHARJAH,UAE",06-5384466,25.3669424,55.3944556,"Al nahda, Al Sharq Street, Al Sharq, Sharjah, Al Majarrah, United Arab Emirates",0.5,© OpenStreetMap contributors
498,SHJ,CLINIC,AL RABEE CLINIC MEDICAL CENTER,IND AREA-2,"INDUSTRIAL AREA 2,SHARJAH,UAE",06-5391222,25.31210085,55.4010201111083,"Sharjah Industrial Area 2, Industrial Area, Sharjah, Sharjah Emirate, United Arab Emirates",0.8,© OpenStreetMap contributors
499,SHJ,CLINIC,LIBERTY MEDICAL CENTRE(LIBERTY),ABU SHAGARA,"ABUSHAGARA,SHARJAH,UAE",06-5599379,,,,,
500,SHJ,CLINIC,AL AFYA MEDICAL CENTRE,ROLLA,"OPP:ROLLA SQUARE PARK,RUBY CARGO BLDG,FLAT 101",06 5626060,25.079395,56.359085,"Kalba Square, FU, United Arab Emirates",0.134349173553719,© OpenStreetMap contributors
501,SHJ,CLINIC,AL DALLAH MEDICAL CENTRE LLC,ROLLA,"103, SOUQ AL ROLLA BUILDING,OPP KM TRADING, UM AL TARAFA,ROLLA",06-5614266,25.3580866,55.3872070470479,"Rolla, Al Gharb, Sharjah, Sharjah Emirate, United Arab Emirates",0.092155612244898,© OpenStreetMap contributors
502,SHJ,CLINIC,BAB AL SAJJAH MEDICAL CENTER,AL SAJJA,"SHOP # 4&5MALIK HAMMAD SULTAN BUILDING,NEAR NOOR AL SAJJAH SUPER MARKET",06-5598211,25.2629364,55.2997509,"Al Adil Super Market, Al Fahidi Street, Al Souk Al Kabeer, Dubai, Bur Dubai, United Arab Emirates",0,© OpenStreetMap contributors
503,SHJ,CLINIC,BRISTOL MEDICAL CENTRE,AL NAHDA,"GROUND FLOOR, JUMA AL MAJID RESIDENTIAL COMPLEX, SHARJAH - UAE PO BOX 95570",06-5266615,25.3042991,55.3669577011674,"Al Majid Mosque, City Gate walk bridge, Al Mamzar, Sharjah, Al Taawun, United Arab Emirates",0.0708609402896251,© OpenStreetMap contributors
504,SHJ,CLINIC,DEEPA CLINIC,ROLLA,"ALI GARGASH BUILDING,BEHIND KFC PIZZA HUT,1ST FLOOR FLAT 102,ROLLA TREET SHARJAH",06 5686614,,,,,
505,SHJ,CLINIC,MAMPILLY MEDICAL CENTRE,ROLLA,ABV. UAE EXCHANGE BLDG. ROLLA ST.,06-5616464,,,,,
506,SHJ,CLINIC,MEDICARE MEDICAL CENTER,ROLLA,"OLD UAE EXCHANGE BLDG., ROLLA",06-5626922,24.216427,55.753018,"Old Fort, Al Jahili, Al Ain, United Arab Emirates",0,© OpenStreetMap contributors
507,SHJ,CLINIC,MEGA MEDICAL CENTER-SHARJAH,AL WAHDA,"NEAR 2D SUBWAY, AL WAHDA STREET,SHARJAH",06-5396200,25.302103,55.548564,"Sharjah, SH, United Arab Emirates",0.0496031746031746,Who's On First
508,SHJ,CLINIC,MGM MEDICAL CENTRE LLC,KING FAIZAL STREET,"ROOM 205 AL FAISAL BUILDING 1, ABOVE SUZUKI SHOWROOM, KING FAIZAL STREET, SHARJAH, UAE",06-5741444,,,,,
509,SHJ,CLINIC,PESHAWAR MEDICAL CLINIC LLC,ROLLA,"AL AROUBA TREE,AL ROLLA SHARJAH",06 5633755,25.302103,55.548564,"Sharjah, SH, United Arab Emirates",0.06,Who's On First
510,SHJ,CLINIC,REGAL MEDICAL CENTRE,NATIONAL PAINTS,"SHOP NO. 5, BELRESHEED BUILDING BLDG. NO.2516, MALEHA ST, NEAR NATIONAL PAINTS, MUWAILAH, SHARJAH, UAE",055-1409352,25.176083,55.2212224,"Machu Picchu, SHOP NR 6 Jumeira Street, Jumeirah, Dubai, Jumeirah 3, United Arab Emirates",0.0306122448979592,© OpenStreetMap contributors
511,SHJ,CLINIC,SIYAD SPECIALIST MEDICAL CENTRE,MUWEILAH,"SHOP NO. 1, AL WADI BLDG,MALIHA ROAD,MUWEILAH, SHARJAH",06-5358305,25.302103,55.548564,"Sharjah, SH, United Arab Emirates",0.0317460317460318,Who's On First
512,SHJ,CLINIC,AL BURJ AL THAHBI MEDICAL CENTER,IND AREA 3,SHARJAH INDUSTRIAL AREA NO.3,06-5275553,25.3253984,55.411874309178,"Sharjah Industrial Area, Industrial Area, Sharjah, Sharjah Emirate, United Arab Emirates",0.81,© OpenStreetMap contributors
513,SHJ,CLINIC,DAR AL SALAM MEDICAL CENTER,IND AREA 3,"UNIT 14, AL MUBARAK HYPERMARKET BUILDING, SHARJAH INDUSTRIAL AREA 3",06-5213535,25.3412738,55.3862061,"Al Mubarak Stationary, Al Jabarti Street, Al Majaz, Sharjah, SH, United Arab Emirates",0.09,© OpenStreetMap contributors
514,SHJ,CLINIC,LIMAR MEDICAL CENTRE,CORNICHE,"3RD FLOOR,AL SHAMSI BLDG,AL BUHAIRA CORNICHE SHARJAH, BESIDE KFC, PO BOX:23541",06-5744245,25.309723,55.352809,"Corniche Road Al Mamzar Sharjah, Al Khan, Sharjah, SH, United Arab Emirates",0,© OpenStreetMap contributors
515,SHJ,CLINIC,AL AFDAL MEDICAL CENTER,AL MAHATTA,"SHOP NO3, AL TAWOOS BUILDING, KING ABDUL AZIZ ROAD, OPPOSITE EMIRATES NBD, AL MAHATTA, SHARJAH",06-5590007,25.31763,55.44057,"Sharjah, United Arab Emirates",0.125,GeoNames
516,SHJ,CLINIC,AL BARAKAH CLINIC,IND AREA-5,INDUSTRIAL AREA 5,06-5431763,25.327166,55.413406,"Industrial Area 5, Sharjah, SH, United Arab Emirates",1,Who's On First
517,SHJ,CLINIC,AL MEHAR MEDICAL CENTRE LLC(MODERN FAMILY CLINIC),KING FAIZAL STREET,MODERN BUILDING KING FAISEL ROAD SHARJAH,06-5420066,25.302103,55.548564,"Sharjah, SH, United Arab Emirates",0.25,Who's On First
518,SHJ,CLINIC,AL BUSTAN MEDICAL CENTRE DHAID,AL DHAID,"1ST FLOOR, ALI BUILDING, OFFICE #102 FALAJ ROAD, AL DHAID, SHARJAH",06-8829924,25.31763,55.44057,"Sharjah, United Arab Emirates",0.125,GeoNames
519,SHJ,CLINIC,STARCARE MEDICAL CENTER L.L.C,ROLLA,"MALABAR PLAZA,  AL GHUWAIR, 8TH STREET, OPP. ROLLA PARK, ROLLA",06- 5611099,25.3580866,55.3872070470479,"Rolla, Al Gharb, Sharjah, Sharjah Emirate, United Arab Emirates",0,© OpenStreetMap contributors
520,SHJ,CLINIC,NOOR AL MADINA MEDICAL CENTER,IND AREA-11,"NOOR AL MADINA MEDICAL CENTER,SHARJAH-INDUSTRIAL AREA,11 MALIHA STREET-FLAT NO-101+103+104+105 PO BOX-97530",06-5388303,24.3433389,54.53006775,"Noor Al Ahli Medical Center, Musari Street, ME9, Abu Dhabi, AZ, United Arab Emirates",0,© OpenStreetMap contributors
521,SHJ,CLINIC,AL DARARY MEDICAL CENTRE,INDUSTRIAL AREA 1,"INDUSTRIAL AREA 1, SHARJAH,UAE",06-5336176,25.3568505,55.3880394,"UAE Exchange, Al Arouba Street, Al Gharb, Sharjah, Um Tarafa, United Arab Emirates",0.9,© OpenStreetMap contributors
522,SHJ,CLINIC,DR. ALI SALEM EL HINDI CLINIC LLC,INDUSTRIAL AREA,"PO BOX NO.4500, SHARJAH, UNITED ARAB EMIRATES,",06-5746006,25.3461498,55.4210633,"Sharjah, Sharjah Emirate, United Arab Emirates",1,© OpenStreetMap contributors
523,SHJ,CLINIC,ANTONY MEDICAL CENTRE,AL NABBA,"MUBARAK CENTRE,2ND FLOOR,AL NABBA AREA",06-5630555,25.36458,55.39332,"Mubarak Centre, Al Nabba, Sharjah, United Arab Emirates",0.666666666666667,GeoNames
524,SHJ,CLINIC,HEALTH VISION MEDICAL CENTER LLC,WASIT,"FLAT # 111, ZUBAIR REAL ESTATE BUILDING, EMIRATES ISLAMIC BANK & ADIB BUILDING, FIRST FLOOR, WASIT SHARJAH",06-5959400,25.35787195,55.38675425,"Emirates Islamic bank, Al Arouba Street, Al Gharb, Sharjah, Al Marijah, United Arab Emirates",0.285714285714286,© OpenStreetMap contributors
525,SHJ,CLINIC,SANA HABIB MEDICAL CENTRE,KING FAISAL STREET,CG MALL KING FAISAL STREET SHARJAH,06-5396566,25.3400681,55.38807715,"King Faisal Building, 313 King Faisal Street, Al Majaz, Sharjah, SH, United Arab Emirates",0.5,© OpenStreetMap contributors
526,SHJ,CLINIC,AL NASEEM MEDICAL CENTRE LLC,AL WAHDA STREET,"AL WAHDA BUILDING 2 , M106 , FIRST FLOOR , AL WAHDA STREET, SHARJAH, UAE",06-5691000,25.3419649,55.4042809,"Al Wahda Street, Nissan Showroom, Al Wahda Street, Industrial Area, Sharjah, Al Ghubaiba, United Arab Emirates",0.405,© OpenStreetMap contributors
527,SHJ,CLINIC,BHATIA MEDICAL CENTRE LLC,ROLLA,"BHATIA MEDICAL CENTRE BUILDING, ROLLA , BANK STREET, OPPOSITE MAJID PHARMACY",06-5753888,25.973126,56.171655,"Stairway to Heaven (Right Bank) - سلم إلى الجنة, RK, United Arab Emirates",0,© OpenStreetMap contributors
528,SHJ,CLINIC,BHATIA MUWAILEH MEDICAL CENTRE LLC,SHARJAH,"JASSIM #3 BUILDING, MUWAILEH COMMERCIAL, BEHIND DUBAI ISLAMIC BANK , SHARJAH",06-5578772,25.368674,55.404656,"Dubai Islamic Bank, Al Nasseria, Sharjah, United Arab Emirates",0.14198697752573,© OpenStreetMap contributors
529,SHJ,CLINIC,DOOA CLINIC,HAMRIYAH,NEAR EMIRATES POST/ HAMRIYAH FREE ZONE PHASE 1,050-2068125,25.2447002,55.3401559,"Rental Cars UAE - Dubai, M06 2 Street, Al Garhoud, Dubai, DU, United Arab Emirates",0.119047619047619,© OpenStreetMap contributors
530,SHJ,CLINIC,SAM SPECIALIST MEDICAL CENTRE,AL MAJAZ 1,"FLAT 1401 AL NAKHEEL TOWER, BUHAIRAH CORNICHE AL MAJAZ 1, SHARJAH, UAE",06-574 4664,25.316267,55.380896,"Al Majaz 2, 1 Al Khan Street, Al Majaz, Sharjah, SH, United Arab Emirates",0.49359375,© OpenStreetMap contributors
531,SHJ,CLINIC,ABRAHAMS MEDICAL CENTRE,ROLLA,"303, ROLLA TOWER BUILDING - AL ZAHRA'A ST - AL SHARJAH, PO BOX-3079",06-5612737,24.06805,51.746971,"ممر 303, As-Sila, AZ, United Arab Emirates",0.0347142857142857,© OpenStreetMap contributors
532,SHJ,CLINIC,AL AMUMAH MEDICAL CENTER,NEAR SHARJAH POST OFFICE,"FIRST FLOOR - NEW INVESTMENT BUILDING, NEAR SHARJAH POST OFFICE, IRANI MARKET",06-5667661,25.23033,55.26947,"Al Mustashfá al Īrānī, Al Bada'a, Dubai, United Arab Emirates",0,GeoNames
533,SHJ,CLINIC,CARE MEDICAL CENTRE,SHAHABA,SHAHABA SHARJAH,06-5455501,25.33627905,55.4267137855566,"Al Shahaba Plaza, Al Fateh Street, Mughaidir, Sharjah, Sharjah Emirate, United Arab Emirates",0.567,© OpenStreetMap contributors
534,SHJ,CLINIC,IDEAL MEDICAL CENTRE,ROLLA,"1ST FLOOR,MALABAR GOLD BUILDING,ROLLA",06-5623844,,,,,
535,SHJ,CLINIC,HNC AL SABAH MEDICAL CENTER L.L.C. SHARJAH,MUWAILAH,"1ST FLOOR,AL BHAKITH BUILDING,MUWAILAH ,SHARJAH, NEAR SHARJAH NATIONAL PAINTS, P.O. BOX: 78431",06-531 5001,24.935758,55.059502,"P.O. Box: 52455 National Industries Park, Dubai Techno Park, Jebel Ali, DU, United Arab Emirates",0.00310178745267712,© OpenStreetMap contributors
536,SHJ,CLINIC,GOOD HEALTH SPECIALIZED MEDICAL CENTRE,AL NAHDA,"GROUND FLOOR, SANA BUILDING ,AL WAHDA STREET, NEAR SHARJAH CITY CENTER, SHARJAH",06-5541600,25.302103,55.548564,"Sharjah, SH, United Arab Emirates",0.25,Who's On First
537,SHJ,CLINIC,EVE MEDICAL CENTRE LLC,AL FAHYA STREET,"OPPOSITE OF NMC MAYSALOON, AL FAYHA STREET, VILLA 159, SHARJAH, UAE",06-5210100,25.3426204,55.3981565,"UAE Exchange, King Abdul Aziz Street, Al Qasimia, Sharjah, United Arab Emirates",0.138461538461538,© OpenStreetMap contributors
538,SHJ,CLINIC,VENNIYIL MEDICAL CENTRE,CORNICH,"1ST FLOOR,INVESTMENT BLDG.AL SHUWAIHEEN AREA, CORNICH ROAD,SHARJAH",06-5682258,25.302103,55.548564,"Sharjah, SH, United Arab Emirates",0,Who's On First
539,SHJ,CLINIC,REEM SPECIALIST MEDICAL CENTRE -ROLLA SHARJAH,SHARJAH,"1ST FLOOR, OLD UAE EXCHANGE BLDG, ROLLA SQUARE, ROLLA, P.O.BOX: 21764",06-5625422,25.25715685,55.2932974389385,"RainTree Rolla Hotel, Al Rolla Street, Al Raffa, Dubai, Bur Dubai, United Arab Emirates",0.0280708884977157,© OpenStreetMap contributors
540,SHJ,CLINIC,REEM AL NAHDA MEDICAL CENTRE,AL NAHDA,AL SHAIBA BLDNG FLAT 101 OPP CARREFOUR,06-5302464,,,,,
541,SHJ,CLINIC,ASTER AL NAHDA -SHARJAH,AL ITTIHAD ROAD,"GROUND FLOOR, GOLDEN SANDS BUILDING,NEAR SAFEER MALL, AL ITTIHAD ROAD,POB.27127.SHARJAH,UAE",06-5267111,25.30940145,55.3789068494344,"Safeer Mall, Al Ittihad Road, Industrial Area, Sharjah, Sharjah Emirate, United Arab Emirates",0.5,© OpenStreetMap contributors
542,SHJ,CLINIC,ASTER ABU TINA MEDICAL CENTRE,ABUTINA,"SHAIKH MAJID BIN SAUD BIN KHALID BUILDING, GROUND FLOOR, SHOP NO:1 &2,AL SHARQ STREET NO - 103, SHARJAH ABUTINA.",06-5619045,25.3831801583964,55.4076541662933,"Al Sharq Street, Al Heera, Sharjah, Al Fisht, United Arab Emirates",0.5,© OpenStreetMap contributors
543,SHJ,CLINIC,ASTER ABU SHGHARAH MEDICAL CENTER,ABU SHAGARA,"ASTER BUILDING, GROUND FLOOR, SHOP NO:1, NEAR ABU SHAGARA PARK, ABU SHAGARA",06-5568225,25.335994,55.395269,"Abu Shagara Park, Abu Shagara, Sharjah, SH, United Arab Emirates",0.257142857142857,© OpenStreetMap contributors
544,SHJ,CLINIC,ASTER MUWAILEH MEDICAL CENTER,MUWAILEH,MUWAILEH - BH STREET SH.MOHAMED BIN ZAYED,06-5358027,,,,,
545,SHJ,CLINIC,ACCESS AL ROLLA MEDICAL CENTRE,ROLLA,"ADNIC TOWER, GROUND 1,2,3, IBRAHIM MOHAMMAD AL MEDFA'A, UM AL TARAFA, OPPOSITE UNION NATIONAL BANK, PO BOX 33556",06-5612050,,,,,
546,SHJ,CLINIC,ACCESS CLINIC MUWEILAH,MUWEILAH,MUWEILAH NEAR NATIONAL PAINTS,06-5359933,25.298863,55.497209,"Muweilah, Al Juraina, Sharjah, SH, United Arab Emirates",0,© OpenStreetMap contributors
547,SHJ,CLINIC,AL YAMAMAH MEDICAL CENTRE,IND AREA-10,"INDUSTRIAL ARE 10, SHARJAH",06 5352160,25.299024,55.418747,"Industrial Area 10, Sharjah, SH, United Arab Emirates",0.25,Who's On First
548,SHJ,CLINIC,ZAFERULLA MEDICAL CENTRE,NATIONAL PAINTS,"INDUSTRIAL ARE 11, SHARJAH",06 5443080,25.3189169,55.402807,"Al Tamam, 11 First Industrial Street, Industrial Area, Sharjah, SH, United Arab Emirates",0.2,© OpenStreetMap contributors
549,SHJ,CLINIC,AL BANNA MEDICAL CENTERE,INDUSTRIAL AREA 12,"0 FLOOR, AL THURAYA BLDG",06-5327228,25.0877965,55.1490733,"Floor World, Al Marsa Street, Dubai Marina, Dubai, DU, United Arab Emirates",0,© OpenStreetMap contributors
550,SHJ,CLINIC,AL SHIFA AL UROPI MEDICAL CENTER LLC,AL NAHDA,"AL NAHDA,SHARJAH,UAE",06-5376969,25.3669424,55.3944556,"Al nahda, Al Sharq Street, Al Sharq, Sharjah, Al Majarrah, United Arab Emirates",0.5,© OpenStreetMap contributors
551,SHJ,CLINIC,AL SHIFA AL KHALEEJI MEDICAL CENTRE,CATERPILLAR ROAD,"INDUSTRAIL AREA NO. 2, CATERPILLAR ROAD, OPPOSITE TO ADNOC PETROL STATION NEXT TO DYNATRADE SERVICE CENTER, SHARJAH",06-5328558,24.4089482,54.4612761,"PICNIC AREA 5 FOUNTAIN NO: 2, Al Khaleej Al Arabi Street, Al Rawdah, Abu Dhabi, AZ, United Arab Emirates",0.0103058670482283,© OpenStreetMap contributors
552,SHJ,CLINIC,AL FAIEZ MEDICAL CENTRE(AL- SHAMS GROUP),AL MADAM,"PO. BOX 25474 HOWAIDHEN BLDG, FLOOR 1, FLAT 101-104, HATTA ROAD, AL MADAM, SHARJAH",06-8861202,24.9120153,55.776299,"Al Madam, Sharjah Emirate, United Arab Emirates",0.225,© OpenStreetMap contributors
553,SHJ,CLINIC,AL FURQAN MEDICAL CENTRE LLC.(AL- SHAMS GROUP),IND AAREA -11,"PO. BOX 48431, M- 2179, FLOOR 1, SALEM SAEED OMAI AL JABERI BLDG, INDUSTRIAL AREA 11SHARJAH",06-5353868,,,,,
554,SHJ,CLINIC,AL SHAMS AL JADEED MEDICAL CENTRE LLC(AL- SHAMS GROUP),IND AREA-5,"PO. BOX 25686, WAHID SALIM BLDG, FLOOR M, FLAT M6, DOUBLE COLA ROAD, INDUSTRIAL AREA 5, SHARJAH",06-5397539,25.302103,55.548564,"Sharjah, SH, United Arab Emirates",0.25,Who's On First
555,SHJ,CLINIC,AL SHAMS MEDICAL CENTRE LLC(AL- SHAMS GROUP),CATERPILLAR ROAD,"PO. BOX 34792, SHIHAB SULAIMAN BLDG, FLAT 113-115, CATERPILLAR AREA ROAD, AREA 3, SHARJAH",06-5424255,25.305449,55.409665,"Industrial Area 3, Sharjah, SH, United Arab Emirates",0.25,Who's On First
556,SHJ,CLINIC,AL KANARY MEDICAL CENTRE L.L.C,MUWLEIH,"FATHIMA SAIF BLDG, SHOPS 7/8 EMIRATES ROAD, NATIONAL PAINTS R/A, MUWLEIH COMMERCIAL, SHARJAH, PO 60936",06-534 4439,25.243513,55.404088,"39263 92867 Emirates Road, Al Twar 2, Dubai, DU, United Arab Emirates",0.0173637051039698,© OpenAddresses contributors
557,SHJ,CLINIC,AL SEYOUH MEDICAL CENTER,INDUSTRIAL AREA 4,"UNIT 15, BLOCK A, NEAR GIFT MART, SHARJAH INDUSTRIAL AREA 4",06-5594836,25.0784604,55.1532846,"Baskent Turkish kitchen, B09 JLT Cluster Y, Jumeirah Lakes Towers, Dubai, DU, United Arab Emirates",0.00275699189886167,© OpenStreetMap contributors
558,SHJ,CLINIC,AL QASIMIAH MEDICAL CENTRE,AL SAJJA,"NEAR SHARJAH CEMENT FACTORY, ALI MOOSA BUILDING, SAJJA INDUSTRIAL AREA",06-5310050,,,,,
559,SHJ,CLINIC,AL RAHAH MEDICAL CENTRE,IND AREA-2,"INDUSTRIAL AREA 2, SHARJAH",06-5425260,25.3432639,55.419908123128,"Industrial Area, Al-Samnan, Sharjah, Sharjah Emirate, United Arab Emirates",0.9,© OpenStreetMap contributors
560,SHJ,CLINIC,YAS MEDICAL CENTRE,SAJJA,"NEAR LULU INTERNATIONAL EXCHANGE, SAJJA INDUSTRIAL AREA",06-5361258,,,,,
561,SHJ,CLINIC,SABAH AL NOOR MEDICAL CENTRE,ABU SHAGARA,"M2 ,A BLOCK,M FLOOR,MR BAKER BUILDING,KING FAISAL ROAD,ABU SHAGARA,SHARJAH",050-3719090,25.3337226,55.3922258,"Sharjah, King Faisal Road, Jumbo-Sony 1, King Faisal Street, Al Qasimia, Sharjah, Abu Shagara, United Arab Emirates",0.5,© OpenStreetMap contributors
562,SHJ,CLINIC,AL MALIHA MEDICAL CENTRE,AL DHAID,"OPPOSITE ETISALAT, AL DHAID,SHARJAH.U.A.E.",06-8823334,25.3539337,55.3894497,"Noor Al Dhaid, Sheikh Saqr Bin Khalid Al Qasimi Street, Al Gharb, Sharjah, Um Tarafa, United Arab Emirates",0.54,© OpenStreetMap contributors
563,SHJ,CLINIC,AL AHLIA REGIONAL MEDICAL CENTRE,AL MINA ROAD,"ABUSHAGA,SHARJAH,UAE",06-5621700,,,,,
564,SHJ,CLINIC,SHAMAL AL AHALIA MEDICAL CENTRE,SHEIKH ZAYED STREET,"SHEIKH ZAYED STREET, NEAR CLOCK TOWER, OPP.KALYAN SILKS",06-5744529,24.119957,51.597358,"Sheikh Khalifa Bin Zayed International Road, AZ, United Arab Emirates",0.0908096885813149,© OpenStreetMap contributors
565,SHJ,CLINIC,FIRST GULF MEDICAL CENTRE SHARJAH,NATIONAL PAINT,"FLAT NO: 102, 1ST FLOOR, AL REEM BUILDING II MUWAILAH, NEAR NATIONAL PAINTS, MALIHA ROAD, SHARJAH - UAE",06-5347573,,,,,
566,SHJ,CLINIC,ACCESS AL SAJAA CLINIC,AL SAJAA,"GROUND FLOOR, AL SAJAA SHOPPING CENTRE, FLOOR NO. 25 & 26, AL SAJAA INDUSTRIALAREA, PO. BOX : 33556, SHARJAH, UAE",06 7678795,25.0292919,55.1068712,"Starbucks, Ground Floor Abraj Al Mina Street, Jabal Ali, Jebel Ali, DU, United Arab Emirates",0.00398089764161408,© OpenStreetMap contributors
567,SHJ,CLINIC,DOCTORS MEDICAL CENTRE LLC,ROLLA,"ADCB BULIDING, FLAT - 5 & 6TH FLOOR,MEENA ROAD,NEAR SHRJAH CENTRAL POST OFFICE, ROLLA",06-5632100,25.3580866,55.3872070470479,"Rolla, Al Gharb, Sharjah, Sharjah Emirate, United Arab Emirates",0,© OpenStreetMap contributors
568,SHJ,CLINIC,UNICARE MEDICAL CENTRE LLC,CLOCK TOWER,"AL SHAMSI BUILDING, AL ZAHRA STREET,102 & 103, 1ST FLOOR,OPPOSITE AL ZAHRA HOSPITAL,NEAR CLOCK TOWER.",06-5630313,25.2722706,55.3270721550997,"Al Shamsi Building, 24 Street, Al Muteena, Dubai, Deira, United Arab Emirates",0.166666666666667,© OpenStreetMap contributors
569,SHJ,CLINIC,INARA MEDICAL CENTER,AL SAJAA,"AL SAJAA INDUSTRIAL AREA, SHARJAH,UAE",06-7676177,25.316773,55.624117,"Al Saja'a Industrial, Sharjah, SH, United Arab Emirates",0,Who's On First
570,SHJ,CLINIC,DR ASHOK MENON MEDICAL CENTER,ABUSHAGARA,"ABU SHAGARA, CITY TOWER BLDG. FLAT NO. 11, NEAR PRIME TOWER HOTEL, KING FAISAL ST., ABU SHAGARA,SHARJAH,UAE",06-553 0557,25.33624805,55.3953969398576,"Al Qasimia, Sharjah, Sharjah Emirate, United Arab Emirates",0.0349854227405248,© OpenStreetMap contributors
571,SHJ,CLINIC,AL AMANAH MEDICAL CENTER LLC,AL NABBA,"SUITE 308, 3 RD FLOOR, AL MUBARAK CENTER, AL NABBA, SHARJAH, UAE",06-5615545,25.29864,55.37294,"Al Hayat Suite, Al Nahda, Sharjah, United Arab Emirates",0.405,GeoNames
572,SHJ,CLINIC,SAHARA MEDICAL CENTRE L.L.C,AL NAHDA PARK SHARJAH,"SHARJAH AL SHALBA BUILDING ROOM NO 105,OPP AL NAHDA PARK AND LULU HYPERMARKET,SHARJAH ,UAE",06-5318887,25.157386,55.214481,"105 Al Rofood Street, Umm Suqeim, Dubai, DU, United Arab Emirates",0,© OpenStreetMap contributors
573,SHJ,CLINIC,RAYHAN GULF MEDICAL CENTER LLC,ABU SHAGARA,"1ST FLOOR, SHJ COOP, ABU SHAGARA,SHARJAH,UAE",06-5454388,,,,,
574,SHJ,CLINIC,ISHAQ BIN OMRAN MEDICAL CENTER LLC,AL QASIMI STREET,"IBO MEDICAL CENTER BUILDING,SHEIKH SALEM AL QASSIMI ST. AL QARAYEN – SHARJAH",06-5180800,25.302103,55.548564,"Sharjah, SH, United Arab Emirates",0.25,Who's On First
575,SHJ,CLINIC,MODERN HEALTHCARE CENTER LLC,AL QASIMI STREET,"SW2 BUILDING -3114-KHALED BIN SULTAN AL QASIMI STREET-ALEF COMMUNITY,MUWEILAH COMMERCIAL-SHARJAH,UAE",06-5041200,,,,,
576,SHJ,CLINIC,SADAF AL SAJAH MEDICAL CENTRE,"SAJAH INDUSTRIAL AREA,SAJAH","AHMED AL MULLA BUILDING, FLAT NO-3,4 & 5, SAJAH INDUSTRIAL AREA,SAJAH,SHARJAH,UAE",06-7151998,25.3548763,55.430538,"Solanki Dental Center, Villa No 3, Al Falaj Area Cultural Square, Al Riqqa, Sharjah, Al Abar, United Arab Emirates",0.0843557142857143,© OpenStreetMap contributors
577,SHJ,CLINIC,ORIANA SPECIALITY HOSPITAL CLINICS LLC SOLE PROPRIETORSHIP,AL QASIMI ST,VILLA NO. 313 - SHEIKH KHALID BIN KHALID AL QASIMI ST - AL GOAZ - WASIT SUBURB - SHARJAH,06-5918889,25.302103,55.548564,"Sharjah, SH, United Arab Emirates",0.25,Who's On First
578,SHJ,CLINIC,HAPPY WAY MEDICAL CENTER,ZAM ZAM REST,"3RD FLOOR,THE RESIDENCE 7 BUILDING,OPP.ZAM ZAM REST ROLLA STREET,SHARJAH,UAE",06-5307069,,,,,
579,SHJ,CLINIC,FAMILY STAR MEDICAL CENTRE,ABU SHAGHARA,BESIDE SEVEN STARS SOLANKI BUILDING - ABU SHAGHARA - SHARJAH,06-7151858,,,,,
580,UMQ,CLINIC,YASMED MEDICAL CENTER,UMM AL QUWAIN,"NEAR ETISALAT ROUNDABOUT, NEW INDUSTRIAL AREA, UMM AL QUWAIN U.A.E",06-529 9064,25.56473,55.55517,"Umm Al Quwain City, UQ, United Arab Emirates",0.25,GeoNames
581,UMQ,CLINIC,AL JAZBIR CLINIC,KING FAIZAL STREET,"MOSAFIR BLDG, KING FAISAL STREET ,UMQ",06-7655659,25.3286,55.39502,"Abu Shagara, Sharjah, SH, United Arab Emirates",0,GeoNames
582,UMQ,CLINIC,AL HAYAT MEDICAL CENTER-UMM AL QUWAIN,RAMLA,"UMM AL QUWAIN,RAMLA",06 7663233,25.5520435,55.5474977,"Umm Al Quwain, Umm al-Quwain, United Arab Emirates",1,© OpenStreetMap contributors
583,UMQ,CLINIC,DR.SUNNY MEDICAL CENTRE UAQ,KING FAISAL ROAD,"KING FAISAL STREET, NEAR NISSAN SHOWROON, UAQ, UAE",06-7666933,25.3286,55.39502,"Abu Shagara, Sharjah, SH, United Arab Emirates",0,GeoNames
584,UMQ,CLINIC,ASTER MEDICAL CENTRE - BR OF (D M HEALTHCARE) LLC UMM AL QUWAIN BRANCH,KING FAISAL STREET,"AL MASA -2 BUILDING , GROUND FLOOR , KING FAISAL STREET,GREEN BELT -UMM AL QUWAIN -UAE",06-5770288,25.56473,55.55517,"Umm Al Quwain City, UQ, United Arab Emirates",0.225,GeoNames
585,UMQ,CLINIC,DAR AL HAYAT MEDICAL CENTRE LLC,NEAR ETISALAT ROUND ABOUT,"NEAR ETISALAT ROUND ABOUT, NEW INDUSTRIAL AREA, UMM AL QUWAIN, UAE",06-5624885,25.56473,55.55517,"Umm Al Quwain City, UQ, United Arab Emirates",0.25,GeoNames
586,AUH,CLINIC,NMC ROYAL FAMILY MEDICAL CENTRE LTD,MOHAMMAD BIN ZAYED CITY,"PRESTIGE TOWER,NEAR CAPITAL MALL,MOHAMMED BIN ZAYED CITY,ABU DHABI",02-6911500,24.375846,54.530091,"Capital Mall, Mohamed Bin Zayed City, Abu Dhabi, AZ, United Arab Emirates",0.666666666666667,© OpenStreetMap contributors
587,AUH,CLINIC,N M C ROYAL MEDICAL CENTRE LTD,ELECTRA STREET,"5TH FLOOR, ELECTRA STREET , SAMA TOWER",02-5133111,25.051825,55.266024,"Street 1 Street, Arabian Ranches, Dubai, DU, United Arab Emirates",0.0404958677685951,© OpenStreetMap contributors
588,AUH,CLINIC,N M C ROYAL MEDICAL CENTRE LTD,NEW SHAHAMAH,12 AL SADIRAT ST - AL SHAHAMAH - NEW SHAHAMAH - ABU DHABI,02-8859400,24.5204004,54.6719576,"12 Al Sadirat Street, Al Shahamah, Abu Dhabi Emirate, United Arab Emirates",1,© OpenStreetMap contributors
589,AUH,CLINIC,N M C ROYAL MEDICAL CENTRE LTD,AL KHALIDIYAH,14 AL FARIS ST - AL KHALIDIYAH - W17-01 - ABU DHABI,02-6144900,,,,,
590,AUH,CLINIC,OXFORD MEDICAL CENTER L.L.C,MUROOR AREA,"23RD - 25TH STREET, MUROOR AREA (BEHIND LULU EXPRESS - HADBAT AL ZA'FARANAH - ABU DHABI",02-4489666,24.401977,54.4958539,"The National Aquarium Abu Dhabi, 372 Al Maqta' Street, Rabdan, Abu Dhabi, Bain al Jisrain (Between the Bridges), United Arab Emirates",0.15,© OpenStreetMap contributors
591,AUH,CLINIC,MEDICAL SPECIALITY CENTRE L.L.C,KHALIDIYA,"MEDICAL SPECIALITY CENTRE, KHALIDIYA - ZAYED THE FIRST ST - AL HISN - W4 - ABU DHABI",02-6336325,24.478502,54.354468,"Al Hisn, Abu Dhabi, AZ, United Arab Emirates",0.25,Who's On First
592,AUH,CLINIC,MESK ALMADINA MEDICAL CENTRE LLC,MUSAFFAH,"ICAD AREA M40, PLOT NO 96 – MUSAFFAH, P.O. BOX 94100, ABU DHABI, U.A.E",02-5504333,24.35305,54.525242,"Plot No. M-26, Musaffah, Abu Dhabi, AZ, United Arab Emirates",0,© OpenStreetMap contributors
593,AUH,CLINIC,ALPHA MEDICAL CENTRE L.L.C,MUSAFFAH,"PLOT NO 1, AL FIRDOUS TOWER, M3, MUSAFFAH, ABU DHABI",02-5558383,24.3488731,54.4904380047039,"Musaffah, Abu Dhabi Emirate, United Arab Emirates",0.25,© OpenStreetMap contributors
594,AUH,CLINIC,GOLDEN SANDS MEDICAL CENTRE L.L.C,AL FALAH ST,OLD PASSPORT ROAD - AL FALAH ST - ABU DHABI,02-6427171,24.365909,54.582942,"Abu Dhabi, AZ, United Arab Emirates",0.0486749594375338,Who's On First
595,AUH,CLINIC,APOLLO MEDICAL CENTRE SOLE PROPRIETORSHIP LLC,HAMDAN STREET,"M101, MURAIJEB TOWER, HAMDAN STREET, ABU DHABI, UAE",02-6397733,24.5035372496779,54.3849234984062,"Hamdan Bin Mohammed Street, Al Zahiyah, Abu Dhabi, Abu Dhabi Emirate, United Arab Emirates",0.405,© OpenStreetMap contributors
596,AUH,CLINIC,GOLDEN CURE MEDICAL CENTRE - SOLE PROPRIETORSHIP L.L.C,AL DHAFRA INDUSTRIAL AREA,"ZAYED CITY EAST 19, BEHIND AL MASAOOD NISSAN SERVICE CENTER, AL DHAFRA INDUSTRIAL AREA- WESTERN REGION- ABU DHABI",02-8784642,25.130446,55.184655,"19 Dar Al Masyaf, Umm Suqeim, Dubai, DU, United Arab Emirates",0,© OpenStreetMap contributors
597,AUH,CLINIC,HEALTH GO MEDICAL CENTER LLC,AL MAFRAQ,"AL MAFRAQ INDUSTRIAL AREA,AUH,UAE",02-5851331,24.3280271,54.613043833697,"Al Mafraq Hospital, Tawi 'Inad Street, Al Mafraq, Abu Dhabi, AZ, United Arab Emirates",1,© OpenStreetMap contributors
598,AUH,CLINIC,WAZIRUSTAN MEDICAL CENTRE - L.L.C - O.P.C,AL DHAFRA REGION,"11, AL FASEEHAH ST, GHIYATHI, AL DHAFRA REGION 10868,AUH,UAE",02-8741400,25.1728869,55.2191587,"11 Al Heeba Street, Umm Suqeim, Dubai, Umm Suqeim 1, United Arab Emirates",0.0520062869822485,© OpenStreetMap contributors
599,AUH,CLINIC,ANSARI MEDICAL CENTRE - L.L.C - O.P.C,AL KHALIDIYA,"AL-HOSN, WEST, 4 0:, BUILDING, AFRA MUHAMMAD SAIF ASSISTANT, AL KHALIDIYA, ABU DHABI,UAE",02-6394139,24.482256,54.354898,"Qasr Al Hosn, Al Hisn, Abu Dhabi, United Arab Emirates",0.1265625,© OpenStreetMap contributors
600,AUH,DAYCARE,UNIQUE ALAHALIA OPHTHALMOLOGY ONE DAY SURGERY MEDICAL CENTER L.L.C.,DELMA STREET,"DELMA STREET, OLD AIR PORT ROAD",02-4439777,25.051825,55.266024,"Street 1 Street, Arabian Ranches, Dubai, DU, United Arab Emirates",0.155172413793103,© OpenStreetMap contributors
601,DXB,DAYCARE,ASTER DAY SURGERY CENTRE LLC,BUR DUBAI-KUWAIT ROAD,"MOHAMMAD HUSSAIN ALIYATEEM BUILDING, NEAR ASTER HOSPITAL AL MANKHOOL, KUWAIT ROAD,",04-3814987,,,,,
602,DXB,DAYCARE,ARMADA ONE DAY SURGICAL CENTER,JLT,ARMADA TOWER-CLUSTER P -P2 -GOUND FLOOR JLT DUBAI,04-3990022,25.0754584,55.1453186070816,"Armada Tower 3, JLT Cluster P, Jumeirah Lakes Towers, Dubai, Emirates Hills, United Arab Emirates",1,© OpenStreetMap contributors
603,DXB,DAYCARE,HEALTHHUB BR.ALFUTTAIM DAY SURGICAL CENTER -FESTIVAL CITY,FESTIVAL CITY,"DUBAI FESTIVAL CITY , FESTIVAL CITY MALL , NEXT TO IKEA",04-5967100,25.222249,55.349148,"Dubai Festival City, Festival City, Dubai, DU, United Arab Emirates",0,© OpenStreetMap contributors
604,RAK,DAYCARE,AL ZAHRAWI HOSPITAL DAY CARE SURGERY,RAS AL KHAIMAH,"P.O. BOX 5442, AL NAKHEEL,RAS- AL- KHAIMA, UAE",07-2288544,25.2663938,55.2947452,"Shabab Al Ras Gents Salon, Sikkat Al Khail Road, Al Ras, Dubai, Deira, United Arab Emirates",0.0790364366448543,© OpenStreetMap contributors
605,RAK,DAYCARE,AL ORAIBI HOSPITAL,RAS AL KHAIMAH,"PO BOX159, OPPOSITE HOME CENTRE, AL MUNTASSER ST. AL NAKHEEL RAS AL KHAIMAH UAE",07-2288511,25.707057,55.821625,"Al Tilal Street, RK, United Arab Emirates",0.0867857142857143,© OpenStreetMap contributors
606,SHJ,DAYCARE,SHARJAH CORNICHE HOSPITAL,BUHAIRAH CORNICHE,"PO BOX 19692, CORNICHE PLAZA II, 10TH FLOOR, BUHAIRAH CORNICHE",06-5751222,25.34065505,55.3860398128282,"Corniche Plaza 2, 9 Street, Al Majaz, Sharjah, SH, United Arab Emirates",0.303571428571429,© OpenStreetMap contributors
607,SHJ,DAYCARE,AL SAHA WA AL SHIFAA HOSPITAL,ROLLA,"ROLLA MALL,SHARJAH,UAE",06-5632618,25.3587283,55.3895204023759,"Rolla Mall, Al Arouba Street, Al Gharb, Sharjah, Al Ghuwair, United Arab Emirates",0.5,© OpenStreetMap contributors
608,SHJ,DAYCARE,ORIANA HOSPITAL FOR ONE DAY SURGERY LLC SOLE PROPRIETORSHIP,AL TAAWUN ST,"NEW AL TAAWUN RD, MANAZIL TOWER 2 - 1704, MUNAZIL - 2 AL TAAWUN ST - SHARJAH",06-5251000,25.3127156,55.3761363,"Manazil Towers 2, Al Taawun Street, Al Khan, Sharjah, Al Taawun, United Arab Emirates",0,© OpenStreetMap contributors
609,AJM,DIAGNOSTIC CENTRE,AL FARABI MEDICAL LABORATORIES L.L.C,AL NUAIMIA,"FLAT NO 202 ,SHEIKH KHALIFA BIN ZAYED ST - 2 AL NUAIMIA - AJMAN,UAE",06-5565114,,,,,
610,ALAIN,DIAGNOSTIC CENTRE,PROFICIENCY HEALTHCARE DIAGNOSTIC LABORATORIES LLC.-BRANCH 1,ZAYED BIN SULTAN STRT,"2ND FLOOR M2, ETIHAD BUILDING,BESIDE ADNOC STATION NEAR CLOCK TOWER JUNCTION, ZAYED BIN SULTAN STREE",03-766 0992,24.4956704,54.3718818,"Hamdan St / Shk. Zayed Bin Sultan St, Hamdan Bin Mohammed Street, Al Danah, Abu Dhabi, AZ, United Arab Emirates",0,© OpenStreetMap contributors
611,ALAIN,DIAGNOSTIC CENTRE,LIFE MEDICAL DIAGNOSTICS LLC - BRANCH,SHEIKH KHALIFA BIN ZAYED STREET,"CENTRAL DISTRICT, SHEIKH KHALIFA BIN ZAYED STREET, EMIRATES COMMERCIAL COMPLEX, GROUND FLOOR, AL AIN, ABU DHABI, UAE",600551636,24.2255519,55.7478525606451,"Sheikh Khalifa bin Zayed Al Nahyan Mosque, Khalifa Bin Zayed Street, Al Mutarad, Al Ain, Abu Dhabi Emirate, United Arab Emirates",0.4,© OpenStreetMap contributors
612,AUH,DIAGNOSTIC CENTRE,IDEAL CLINICAL LABORATORIES-AUH,MUSAFFAH,"C-44,MEZZANINE FLOOR, SHABIYA 10,MUSAFFAH OPPOSITE TO EMIRATES FUTURE INTERNATIONAL ACADEMY, ABU DH",02-5558448,24.482666,54.377929,"10 Al Shabiya Police Station, Al Danah, Abu Dhabi, AZ, United Arab Emirates",0.0170681581685744,© OpenStreetMap contributors
613,AUH,DIAGNOSTIC CENTRE,DAR AL MOUASAH DIAGNOSTIC CENTRE LLC,HAMDAN STREET,"M. FLOOR, HARDEE'S BUILDING, HAMDAN STREET, OPP. ROTANA HOTEL,ABUDHABI,UAE",02-6260066,24.4881148,54.3612507,"Hamdan St / Liwa Center, Hamdan Bin Mohammed Street, Al Danah, Abu Dhabi, AZ, United Arab Emirates",0.122002066115702,© OpenStreetMap contributors
614,AUH,DIAGNOSTIC CENTRE,LIFE MEDICAL DIAGNOSTICS LLC,SULTAN BIN ZAYED THE FIRST STREET,"SULTAN BIN ZAYED THE FIRST STREET, MARINA PLAZA BUILDING, FLAT NO:501-502, P.O.BOX 7917, ABU DHABI, UAE",600551636,24.4969309,54.3784653,"Zayed The First St / Sheikh Hazza Bin Sultan Mosque, Zayed The First Street, Al Zahiyah, Abu Dhabi, AZ, United Arab Emirates",0.0983125910509885,© OpenStreetMap contributors
615,DXB,DIAGNOSTIC CENTRE,MICRO HEALTH MEDICAL LAB,ZABEEL STREET,"#10 ROCKY BUILDING,ZABEEL STREET,(NEAR CIVIL DEFENSE OFFICE),KARAMA,DUBAI – UAE",04-5474549,25.240033,55.305303,"Zabeel PLaza, Za'abeel Street, Al Karama, Dubai, DU, United Arab Emirates",0.076176,© OpenStreetMap contributors
616,DXB,DIAGNOSTIC CENTRE,PH DIAGNOSTIC,BUR DUBAI,"AL ABBAS BUILD.1, FIRST FLOOR, ABOVE MERCADO, OPP NBQ BANK, BANK STREET, BURDUBAI P.BOX: 124202",04-3543350,25.354535,56.350977,"Dubai Islamic Bank, 1 Bank Street, Hiyawah, Khor Fakkan, SH, United Arab Emirates",0,© OpenStreetMap contributors
617,DXB,DIAGNOSTIC CENTRE,TRUST MEDICAL LABORATORY,AL MAMZAR,"KHALIFA ALI KHALAFI BUILDING,AL KOSHK ROAD, NEAR TO SOCIETY OF ENGINEERS BUILDING, AL MAMZAR,DEIRA, DUBAI, U.A.E",04-2398766,25.286044,55.351255,"Al Mamzar Lagoons, Al Wuheida Street, Hor Al Anz East, Dubai, DU, United Arab Emirates",0.148775510204082,© OpenStreetMap contributors
618,DXB,DIAGNOSTIC CENTRE,AIRIS DIAGNOSTIC CENTRE,AL NAHDA 1,"AL NAHDA 1, AMMAN STREET, OPP.NMC HOSPITAL, AL SHAMSI BUILDING, GROUND FLOOR",04-8525916,25.290595,55.366979,"35588 98127 Amman Street, Al Nahda, Dubai, DU, United Arab Emirates",0.45,© OpenAddresses contributors
619,DXB,DIAGNOSTIC CENTRE,ASTER IMAGING CENTRE AL MUTEENA BR OF DM HEALTHCARE LLC,DEIRA -MUTEENA,AL GURAIR REAL ESTATE BUILDING -AL MUTEENA-DUBAI,04-4546001,25.547433,55.715305,"Office No. 06, Al Hammadi Building, Al Manama Road, Ras Al Khor 1, UQ, United Arab Emirates",0,© OpenStreetMap contributors
620,DXB,DIAGNOSTIC CENTRE,"MEDINOVA DIAGNOSTIC CENTRE, BUR DUBAI",BUR DUBAI,"NEAR AL FAHIDI METRO STATION, KHALID BIN AL WALEED ROAD, BURDUBAI",04-5090400,24.4907507,54.3724874,"Khalid Bin Al Waleed Pharmacy, Baghdad Street, Al Danah, Abu Dhabi, AZ, United Arab Emirates",0.411639344262295,© OpenStreetMap contributors
621,DXB,DIAGNOSTIC CENTRE,ASTER MEDICAL LABORATORY BR OF DM HEALTHCARE LLC,DEIRA-ABUHAIL,ABUHAIL-DUBAI,04-4546001,25.27826595,55.346541297501,"Abuhail Centre, Abu Hail Street, Hor Al Anz, Dubai, Deira, United Arab Emirates",0,© OpenStreetMap contributors
622,DXB,DIAGNOSTIC CENTRE,GULF CARE DIAGNOSTIC CENTER LLC,AL RAFFA,"SHOP#2, BAIT AL WALEED 2, AL RAFFA,DUBAI,UAE",04-3925070,25.2577117,55.285588,"Al waleed building, Al Mina Street, Al Raffa, Dubai, Bur Dubai, United Arab Emirates",0.532894736842105,© OpenStreetMap contributors
623,DXB,DIAGNOSTIC CENTRE,STAR METROPOLIS CLINICAL LABORATORIESAND HEALTH SERVICES MIDDLE EAST LLC,BURDUBAI,"802-803 8TH FLOOR AL MUSSALLA TOWERS,BURDUBAI,DUBAI, UNITED ARAB EMIRATES",04-3231647,25.080209,55.283596,"Dubai, DU, United Arab Emirates",0.25,Who's On First
624,DXB,DIAGNOSTIC CENTRE,MEDICAL DIAGNOSTIC AND IMAGING CENTER POLYCLINIC(MEDIC),AL HAMSA BUILDING KHALID BIN WALID STREET,"AL HAMSA BUILDING KHALID BIN WALID STREET ANSAR GALLERY 204, 205, 206, 207, 208, 209,DUBAI,UAE",04-3885000,,,,,
625,DXB,DIAGNOSTIC CENTRE,LIFE DIAGNOSTICS MEDICAL LABORATORIES,"BUSINESS BAY, BAY SQUARE","BUSINESS BAY, BAY SQUARE, BUILDING 6, PLAZA LEVEL, P.O.BOX 418021, DUBAI, UAE",600551636,25.1808432,55.2781065,"Hilton Garden Inn Dubai Business Bay, Marasi Drive, Downtown Dubai, Dubai, Business Bay, United Arab Emirates",0.303680571428572,© OpenStreetMap contributors
626,DXB,DIAGNOSTIC CENTRE,BIOHEALTH DIAGNOSTIC CENTER,UMM HURAIR RD,"ARIF & BINTOAK – BUILDING, NEAR KARAMA MARKET, UMM HURAIR RD, AL KARAMA - DUBAI, UAE",04-3885828,25.23737025,55.3037394935734,"Karama Market, 20b Street, Al Karama, Dubai, Bur Dubai, United Arab Emirates",0.200138504155125,© OpenStreetMap contributors
627,SHJ,DIAGNOSTIC CENTRE,CLASS MEDICAL CENTER(DIAGONOSTIC CENTRE),ROLLA,"AL SAUD TOWERS,SHARJAH,UAE",06-5652332,25.30044,55.380881,"Al Buhaira Towers, Al Nahda Street, Al Nahda, Sharjah, SH, United Arab Emirates",0,© OpenStreetMap contributors
628,SHJ,DIAGNOSTIC CENTRE,AL SAFWA RADIOLOGY CENTER LLC,KING FAISAL STREET,"3RD FLOOR, TOWER C,AL MARZOUQI TOWERS (CG MALL), KING FAISAL STREET, AL NUD, AL QASIMIA, SHARJAH-UAE",06-5563969,25.339819,55.390537,"D 1806 King Faisal Street, Al Qasimia, Sharjah, SH, United Arab Emirates",0,© OpenStreetMap contributors
629,SHJ,DIAGNOSTIC CENTRE,REEM AL BAWADI DIAGNOSTICS,ROLLA,SHARJAH - ROLLA,06-5455501,25.3580866,55.3872070470479,"Rolla, Al Gharb, Sharjah, Sharjah Emirate, United Arab Emirates",1,© OpenStreetMap contributors
630,SHJ,DIAGNOSTIC CENTRE,REEM MEDICAL DIAGNOSTIC CENTRE,ROLLA,"1ST FLOOR AL AHALIA EXCHANGE BLDG. ROLLA SQUARE, ROLLA SHARJAH PO BOX. 21764",06-562 0831,,,,,
631,SHJ,DIAGNOSTIC CENTRE,MODERN MEDICAL LAB,SHARJAH,"L KHUDHRA BLDG. 2ND FLOOR,201 NEAR RONA CARGO,P.O. BOX 24855, SHARJAH,UNITED ARAB EMIRATES",06-5679794,25.302103,55.548564,"Sharjah, SH, United Arab Emirates",0.25,Who's On First
632,SHJ,DIAGNOSTIC CENTRE,LIFE MEDICAL DIAGNOSTICS LABORATORIES LLC,BUHAIRA CORNICHE,"BUHAIRA CORNICHE, AL REEM PLAZA TOWER, FIRST FLOOR, OFFICE 105-106, SHARJAH, UAE",600551636,,,,,
633,AUH,DIAGNOSTIC CENTRE,ACCURACY PLUS MEDICAL LABORATORY L.L.C.,HAMDAN STREET,"M02,OPPOSITE HOME CENTRE, HAMDAN STREET,ABU DHABI, UNITED ARAB EMIRATES",056-5227850,24.4866667984354,54.3587416705708,"Hamdan Bin Mohammed Street, Al Danah, Abu Dhabi, Abu Dhabi Emirate, United Arab Emirates",0.81,© OpenStreetMap contributors
634,SHJ,DIAGNOSTIC CENTRE,EMIRATES MEDICAL LAB L.L.C.SP,"BUHAIRA CORNICHE, AL MAJAZ","SALEM TOWER, # 203, BUHAIRA CORNICHE, AL MAJAZ,SHARJAH,UAE",06-5736866,24.058239,53.457731,"203 شارع هَجَاس, Al-Mirfa’, AZ, United Arab Emirates",0,© OpenAddresses contributors
635,AJM,HOSPITAL,SHEIKH KHALIFA HOSPITAL AJMAN,JURF 1,AJMAN-AL JURF 1 - UNIVERSITY STREET,06-7117777,25.3328241,55.4264306,"1 University City Road, Mughaidir, Sharjah, SH, United Arab Emirates",0.729,© OpenStreetMap contributors
636,AJM,HOSPITAL,SHEIKH KHALIFA MATERNITY AND PEDIATRIC HOSPITAL AJMAN,JURF 1,AJMAN-AL JURF 1 - UNIVERSITY STREET,06-711 7777,25.3328241,55.4264306,"1 University City Road, Mughaidir, Sharjah, SH, United Arab Emirates",0.729,© OpenStreetMap contributors
637,AJM,HOSPITAL,RASHID CENTER FOR DIABETES AND RESEARCH,JURF 1,AJMAN-AL JURF 1 - UNIVERSITY STREET,06-7117777,25.3328241,55.4264306,"1 University City Road, Mughaidir, Sharjah, SH, United Arab Emirates",0.729,© OpenStreetMap contributors
638,AJM,HOSPITAL,SHEIKH KHALIFA HOSPITAL MASFOUT AJMAN,MASFOUT,AJMAN / MASFOUT,04-8099999,24.8154269,56.0971043,"Masfut, Ajman Emirate, United Arab Emirates",0.5,© OpenStreetMap contributors
639,AJM,HOSPITAL,AMINA HOSPITAL,SAWAN,"AL QUDS STREET, SAWAN AJMAN",06-7114444,25.4030860703117,55.4426671444645,"Al Quds Street, Al sawan, Ajman, Ajman Emirate, United Arab Emirates",0.8,© OpenStreetMap contributors
640,ALAIN,HOSPITAL,BURJEEL FARHA HOSPITAL L.L.C.(FORMERLY MEDEOR 24X7 INTERNATIONL HOSPITAL LLC-AL AIN),ASHAREJ DISTRICT,BIDA BIN AMMAR /ASHAREJ DISTRICT/ALAIN,03-7099000,,,,,
641,ALAIN,HOSPITAL,SPECIALIZED MEDICAL CARE HOSPITAL,AL JAHILI AREA,"NEAR TRANSPORT AUTHORITY,AL JAHILI AREA,AL AIN UAE",03-7552291,24.21378,55.75217,"Al Jahili, AZ, United Arab Emirates",0,GeoNames
642,ALAIN,HOSPITAL,EMIRATES INTERNATIONAL HOSPITAL - SOLE PROPRIETORSHIP L.L.C.,"L KHABAISI,","HAMDAN BIN MOHD STREET, LANDMARK: BEHIND JIMI MALL, AL KHABAISI, AL AIN, ABU DAHBI, UAE",03-7637777,24.4980779,54.3753299,"Hamdan St / Hazaa Bin Zayed Mosque, Hamdan Bin Mohammed Street, Al Zahiyah, Abu Dhabi, AZ, United Arab Emirates",0.0673252217911958,© OpenStreetMap contributors
643,AUH,HOSPITAL,LLH HOSPITAL AL MUSAFFAH L.L.C,"INDUSTRIAL AREA, MUSAFFAH","PO BOX NO: 92313,16TH, STREET, SANAYYA – 7, INDUSTRIAL AREA, MUSAFFAH, ABU DHABI, UAE",02-4126018,24.5332844,54.418276752298,"UAE Pavillion, Sheikh Khalifa Bin Zayed Street, Al Saadiyat Island, Abu Dhabi, AZ, United Arab Emirates",0.107142857142857,© OpenStreetMap contributors
644,AUH,HOSPITAL,LLH HOSPITAL L.L.C,ELECTRA STREET,"AL MARWA TOWER, ELECTRA STREET ABU DHABI",02-6335522,24.4967295,54.3764693205553,"Electra Park, Al Zahiyah, Abu Dhabi, United Arab Emirates",0.35,© OpenStreetMap contributors
645,AUH,HOSPITAL,LIFECARE HOSPITAL LLC - BRANCH 1,MUSAFFAH,"M-24, NEAR WORKERS VILLAGE OPPOSITE ADNOC PETROL PUMP, MUSAFFAH",02-4148226,,,,,
646,AUH,HOSPITAL,LIFECARE HOSPITAL L.L.C.,"MAFRAQ,BANIYAS","NEAR AL RAHA VILLAGE, MAFRAQ,BANIYAS",02-5856333,25.2204043,55.3629418019251,"Al Badia Hillside Village, Dubai Festival City, Dubai, United Arab Emirates",0.0463445645263827,© OpenStreetMap contributors
647,AUH,HOSPITAL,PHOENIX HOSPITAL L.L.C.,SHABIYAH 10,"M-10, NEAR ADNOC, SHABIYAH 10, MUSAFFAH",02-6151515,24.366847,54.5104095,"Auto race car work shop Mussaffah. M-11, 10 Al Hiraf 2 Street, Musaffah Industrial Area, Musaffah, AZ, United Arab Emirates",0,© OpenStreetMap contributors
648,AUH,HOSPITAL,MILLENNIUM HOSPITAL L.L.C.,MUSSAFAH,"C 175, ME 9, SHABIA 9, NEAR AL AIN UNIVERSITY, MUSSAFAH",02-6113333,24.228157,55.757213,"9 شارع 9, Central District, Al Ain, AZ, United Arab Emirates",0,© OpenStreetMap contributors
649,AUH,HOSPITAL,AL AHLI HOSPITAL COMPANY L L C,HAMDAN STREET,"OPP DU OFFICE, HAMDAN STREET",02-6262666,25.1246748,55.4104579,"DU office, Sheikh Zayed bin Hamdan Al Nahyan Street, Academic City, Dubai, DU, United Arab Emirates",0.133136094674556,© OpenStreetMap contributors
650,AUH,HOSPITAL,AL AHLI HOSPITAL COMPANY L L C - BRANCH 1,MUSSAFAH,"TARIFF ROAD , M-24, MUSSAFAH",02-8119119,25.2802017,55.3867086101087,"Damascus Road 2, Damascus Street, Al Qusais Industrial 2, Dubai, DU, United Arab Emirates",0.037054820415879,© OpenStreetMap contributors
651,AUH,HOSPITAL,AL DHANNAH HOSPITAL,AL DHANNAH CITY,"AL DHANNAH CITY, NEAR AL DHANNAH MALL,ABU DHABI,UAE",02-8090311,24.15426,52.59241,"Jabel Al Dhannah, AZ, United Arab Emirates",0.133333333333333,GeoNames
652,AUH,HOSPITAL,MEDEOR 24X7 HOSPITAL LLC,AL FALAH ST - AL DANAH,AL FALAH ST - AL DANAH - ZONE 1 - ABU DHABI,02-6900 405,24.4812918874139,54.3729501433418,"Al Falah Street, Al Danah, Abu Dhabi, Abu Dhabi Emirate, United Arab Emirates",0.414418604651163,© OpenStreetMap contributors
653,DXB,HOSPITAL,MEDEOR 24X7 HOSPITAL LLC,BURDUBAI,"CONSULATES AREA, SHEIKH KHALIFA BIN ZAYED ROAD, BUR DUBAI - DUBAI",04-3500600,25.2378787890846,55.2942250057765,"Sheikh Khalifa Bin Zayed Street, Al Jafiliya, Dubai, Bur Dubai, United Arab Emirates",0.5,© OpenStreetMap contributors
654,DXB,HOSPITAL,IRANIAN HOSPITAL,AL BADA,"AL BADA, AL WASL ROAD, 333-406,",04-344 0250,,,,,
655,DXB,HOSPITAL,MEDSTAR HEALTHCARE LLC,OUD METHA,"GROUND FLOOR, GULF TOWERS - OUD METHA RD - DUBAI",800 2233,25.19776845,55.3092908,"Oud Metha Road, Al Jaddaf, Dubai, United Arab Emirates",0.5,© OpenStreetMap contributors
656,DXB,HOSPITAL,INTERNATIONAL MODERN HOSPITAL,BUR DUBAI,"SHEIKH RASHID ROAD, AL RAFA’A AREA, BUR DUBAI, P.O. BOX: 121735, DUBAI, UAE",04-4063000,25.246508,55.338478,"32657 93279 Sheikh Rashid Road, Al Garhoud, Dubai, DU, United Arab Emirates",0.269230769230769,© OpenAddresses contributors
657,DXB,HOSPITAL,HATTA HOSPITAL,HATTA HILL PARK,"HATTA,NEAR HATTA HILL PARK-DUBAI",04-814 7000,24.801492,56.129602,"Hatta Hill Park, Hatta, DU, United Arab Emirates",0.638709677419355,© OpenStreetMap contributors
658,DXB,HOSPITAL,CANADIAN SPECIALIST HOSPITAL,DEIRA,"ABU HAIL , DEIRA-DUBAI UAE",04-7072222,25.28544,55.32934,"Abu Hail, DU, United Arab Emirates",1,GeoNames
659,DXB,HOSPITAL,BELHOUL SPECIALITY HOSPITAL,DEIRA,"2ND STREET, AL KHALEEJ RD, DEIRA",04-2733333,25.2775812218791,55.3063237653597,"Al Khaleej Street, Al Murar, Deira, United Arab Emirates",0.571428571428571,© OpenStreetMap contributors
660,DXB,HOSPITAL,ASTER HOSPITAL MANKHOOL,BUR DUBAI,"MANKHOOL, KUWAIT ROAD, AL MANKHOOL, BUR DUBAI",04 440 0500,25.262499,55.296249,"Bur Dubai, Dubai, DU, United Arab Emirates",0.128205128205128,Who's On First
661,DXB,HOSPITAL,CEDARS JEBEL ALI INTERNATIONAL HOSPITAL,JEBEL ALI,FREE ZONE JEBEL ALI,04-8814000,25.013042,55.08601,"Jebel Ali Free Zone, Main Gate, Jebel Ali Freezone, Jebel Ali, Dubai, United Arab Emirates",0.81,© OpenStreetMap contributors
662,DXB,HOSPITAL,ASTER HOSPITAL AL QUSAIS,QUSAIS,"9 A STREET, AL QUSAIS INDUSTRIAL AREA 2, AL QUSAIS",04-4546001,25.27807,55.37245,"Al Qusais First, DU, United Arab Emirates",0.2025,GeoNames
663,DXB,HOSPITAL,ASTER HOSPITAL SONAPUR,SONAPUR,"P.O.BOX: 119428, SONAPUR, ALGERIA STREET, MUHAISNAH",04-4005004,,,,,
664,DXB,HOSPITAL,N.M.C SPECIALTY HOSPITAL LTD - DUBAI BRANCH(FORMERLY NMC SPECIALTY HOSPITAL-AL NAHADA),AL NAHDA 2,"AMMAN STREET, AL NAHDA 2 ,DUBAI",04-2122599,25.2981769661069,55.3804483168306,"Amman Street, Al Nahda, Dubai, United Arab Emirates",1,© OpenStreetMap contributors
665,DXB,HOSPITAL,NMC ROYAL HOSPITAL LTD - DUBAI BRANCH(FORMERLY NMC HOSPITAL DIP),DIP 1,"NMC ROYAL HOSPITAL,ADJACENT TO FALCON HOUSE ,DUBAI INVESTMENT PARK 1,P.O BOX 7832DUBAI INVESTMENTS PARK , DUBAI",04-8108800,25.264663,55.2919647,"Accurate Edge, 3 ground floor 3a Street, Al Souk Al Kabeer, Dubai, Bur Dubai, United Arab Emirates",0.043391094768,© OpenStreetMap contributors
666,DXB,HOSPITAL,NMC SPECIALTY HOSPITAL DIP BR OF NMC ROYAL HOSPITAL LTD DUBAI BRANCH,DIP 1,"PLOT NO 598-639, IN FRONT OF GREEN COMMUNITY,AL ZAROUNI BUILDING, DIP 1, DUBAI, UAE",04-8019129,,,,,
667,FUJ,HOSPITAL,AL SHARQ HOSPITAL,FUJAIRAH,AL FASEEL FUJAIRAH,09-2249999,25.1432116,56.3467661,"Al Faseel, Fujairah City, Fujairah Emirate, United Arab Emirates",0,© OpenStreetMap contributors
668,RAK,HOSPITAL,SHEIKH KHALIFA SPECIALTY HOSPITAL RAS AL KHAIMAH,RAS AL KHAIMAH,"AL SHOHADAA ROAD, PO BOX: 6365, RAK",07-2010371,25.7682628,55.9768842,"RAK Hospital, 42A Street, Al Qusaidat, Ras Al Khaimah, RK, United Arab Emirates",0,© OpenStreetMap contributors
669,RAK,HOSPITAL,RAK HOSPITAL,AL QUSAIDAT,AL QUSAIDAT - P.O. BOX RAS AL KHAIMAH UAE,07-2074334,25.75887,55.987414,"Al Qusaidat, Ras al-Khaimah, RK, United Arab Emirates",0.55119512195122,Who's On First
670,SHJ,HOSPITAL,BURJEEL SPECIALTY HOSPITAL LLC,AL FAHYA,"KUWAIT STREET, NEAR AL FAYHA PARK, SHARJAH",06-5075010,25.302103,55.548564,"Sharjah, SH, United Arab Emirates",0.0284922833399288,Who's On First
671,SHJ,HOSPITAL,EMIRATES EUROPEAN HOSPITAL LLC,AL SHARQ STREET,"QULAYA AREA, ALSHARQ STREET,SHARJAH",06-5619444,25.302103,55.548564,"Sharjah, SH, United Arab Emirates",0.666666666666667,Who's On First
672,SHJ,HOSPITAL,CENTRAL HOSPITAL LLC,SK.ZAYED ST.,"NEAR,CLOCK TOWAR SK.ZAYED ST.",06-5639900,,,,,
673,SHJ,HOSPITAL,ASTER HOSPITAL SHARJAH,AL QASIMI STREET,"BEHIND MEGA MALL, SHEIKH SAQR BIN KHALID AL QASIMI STREET, AL BU DANIQ, SHARJAH",04-4400500,25.392868,55.421458,"Al Safadi Street, Al Rifaah, Sharjah, SH, United Arab Emirates",0,© OpenStreetMap contributors
674,SHJ,HOSPITAL,CITY SPECIALTY HOSPITAL L.L.C SP,AL TAAWUN ST,AL TAAWUN ST - AL KHAN - SHARJAH,06-5918888,25.3129245532299,55.3751310454133,"Al Taawun Street, Al Khan, Sharjah, Al Taawun, United Arab Emirates",0.9,© OpenStreetMap contributors
675,SHJ,HOSPITAL,DAR AL KAMAL HOSPITAL,AL SHARQ ST,AL SHARQ ST - AL FISHT - AL HEERAH SUBURB - SHARJAH,06-5997777,25.302103,55.548564,"Sharjah, SH, United Arab Emirates",0,Who's On First
676,AUH,HOSPITAL,N M C SPECIALTY HOSPITAL LTD,ELECTRA STREET,SHEIKH ZAYED 2ND STREET (ELECTRA ROAD),02-6332255,25.3462402,55.4226632,"Sharjah Coop, 340 Sheikh Zayed Street, Halwan, Sharjah, Al Abar, United Arab Emirates",0.0277617119722383,© OpenStreetMap contributors
677,ALAIN,HOSPITAL,NEW MEDICAL CENTRE SPECIALTY HOSPITAL LTD-ABU DHABI,NEAR ZAYED SCHOOL,"OPP. POLICE HEAD QUARTER, NEAR ZAYED SCHOOL",03-7555999,25.274401,55.351606,"Dubai Police New Head Quarters, Abu Hail road, Al Twar, Dubai, DU, United Arab Emirates",0,© OpenStreetMap contributors
678,AUH,HOSPITAL,BAREEN INTERNATIONAL HOSPITAL,MOHAMMAD BIN ZAYED CITY,"MOHAMMAD BIN ZAYED CITY, ZONE 15 (NEXT TO SHAIKAH FATIMA BINT MUBARAK MOSQUE) ,P.O. BOX 108727, ABU DHABI, U.A.E",02-5545555,,,,,
679,AJM,PHARMACY,FIRST DEAR HEALTH PHARMACY,RASHIDIYA 3,"FAYEZ ABUTAHA BUILDING, RASHIDIYA 3,AJMAN,UAE",06-7413322,25.2241,55.39165,"Al Rashidiya, DU, United Arab Emirates",0.0992436543,GeoNames
680,AJM,PHARMACY,SHIFA ALJZEERAH CENTRE PHARMACY - L.L.C - BRANCH 01,JURF 1,"OPPOSITE TO LUCKY CENTRE, JURF-1, INDUSTRIAL AREA-3, AJMAN, U.A.E",06-7677511,25.403356,55.524396,"Ajman, AJ, United Arab Emirates",0.25,Who's On First
681,AJM,PHARMACY,SHIFA AL JAZEERAH CENTRE PHARMACY LLC,AJMAN,"MUHDDA BUILDING, SHOPE NO. 2, NEAR NEST HYPERMARKET, NEW SANAYA, IND. AREA - 2, AJMAN - U A E.",06-7444830,25.60355875,56.2724952410526,"Saif Al-Salami Building No. 2, شارع الشيخ حمد بن سيف الشرقي, Al Murabah, Dibba Al Fujairah, FU, United Arab Emirates",0,© OpenStreetMap contributors
682,AJM,PHARMACY,SHEIKH KHALIFA HOSPITAL PHARMACY - AJMAN,AL JURF 1,AJMAN-AL JURF 1 - UNIVERSITY STREET,06-7117777,25.3328241,55.4264306,"1 University City Road, Mughaidir, Sharjah, SH, United Arab Emirates",0.729,© OpenStreetMap contributors
683,AJM,PHARMACY,SHEIKH KHALIFA MATERNITY AND PEDIATRIC HOSPITAL PHARMACY AJMAN,AL JURF 1,AJMAN-AL JURF 1 - UNIVERSITY STREET,06-7117777,25.3328241,55.4264306,"1 University City Road, Mughaidir, Sharjah, SH, United Arab Emirates",0.729,© OpenStreetMap contributors
684,AJM,PHARMACY,RASHID CENTER FOR DIABETES AND RESEARCH PHARMACY,AL JURF 1,AJMAN-AL JURF 1 - UNIVERSITY STREET,06-7117777,25.3328241,55.4264306,"1 University City Road, Mughaidir, Sharjah, SH, United Arab Emirates",0.729,© OpenStreetMap contributors
685,AJM,PHARMACY,SHEIKH KHALIFA HOSPITAL MASFOUT PHARMACY AJMAN,MASFOUT,MASFOUT - AJMAN,04-8099999,24.8154269,56.0971043,"Masfut, Ajman Emirate, United Arab Emirates",0.9,© OpenStreetMap contributors
686,AJM,PHARMACY,AL SANAIYA PHARMACY,JURF,"PO BOX- 3484, SHOP NO 8 & 9, GROUND FLOOR, AL JARF, SHEIKH AMMAR BIN HUMAID STREET, JURF IND AREA 1",04-3335502/8007400,25.4345593,55.556497,"PetroTech Lubricants and Grease MFG LLC, 1 Ajman Ring Road, Al Ramlah, Ajman, AJ, United Arab Emirates",0.297675,© OpenStreetMap contributors
687,AJM,PHARMACY,RIGHT HEALTH PHARMACY JURF LLC,JURF,PO BOX 3484 SHOP NO 1 JURF INDUSTRIAL ZONE 2 - AJMAN,06-7494969/8007400,25.3936557,55.4451432,"Ajman, Ajman Emirate, United Arab Emirates",0.25,© OpenStreetMap contributors
688,AJM,PHARMACY,RIGHT HEALTH PHARMACY JURF2,JURF,PO BOX 3484 SHOP NO 2 JURF INDUSTRIAL ZONE 2 - AJMAN,06-7404141/8007400,25.3936557,55.4451432,"Ajman, Ajman Emirate, United Arab Emirates",0.25,© OpenStreetMap contributors
689,AJM,PHARMACY,NEW SANAIYA PHARMACY LLC (AJMAN),AJMAN,HASSAN BIN HAITHAM ST - AJMAN,06-7434034/8007400,25.403356,55.524396,"Ajman, AJ, United Arab Emirates",0.5,Who's On First
690,AJM,PHARMACY,RELIEF PHARMACY LLC,AL NAKHIL 2,"G8, A BLOCK, AL DIWAN TOWER, SHEIKH RASHID BIN HUMEED ST. AL NAKHIL 2, AJMAN, UAE",06-7483030,25.370065,55.567881,"2 Alberawi Street, Yasmeen, Ajman, AJ, United Arab Emirates",0.0252,© OpenStreetMap contributors
691,AJM,PHARMACY,AL RAFI PHARMACY,CHINA DANEM,"RING ROAD,NEAR CHINA DANEM BLDG,SHOP NO 9",06-7432844,25.023061,55.243144,"Ring Road, Damac Hills, Dubai, DU, United Arab Emirates",0.0673241288625904,© OpenStreetMap contributors
692,AJM,PHARMACY,SHAMS PHARMACY,SANAIYA,"INDUSTRIAL AREA,SANAIYA",06-7484437,24.1925162,55.7600462509466,"Sanaiya Industrial (Industrial Area), Abu Dhabi Emirate, United Arab Emirates",0.225,© OpenStreetMap contributors
693,AJM,PHARMACY,AL ELAJ PHARMACY/L.L.C,RUMAILA,"AL SHARQ STREET, UNION NATIONAL BANK BUILDING, SHOP NO. 9992 & SHOP NO. 9993, G-FLOOR, RUMAILA 3, AJMAN, UAE",06-747 2601,25.3929862,55.4259343558908,"1030 Al Sharq Street, Al Heera, Sharjah, Al Rfa'ah, United Arab Emirates",0,© OpenStreetMap contributors
694,AJM,PHARMACY,AL TALAL PHARMACY LLC,JURF,"JURF, AJMAN",06-7417450,25.4249784,55.5062648786283,"Al Jurf Park, Al Jerf, Ajman, Ajman Emirate, United Arab Emirates",1,© OpenStreetMap contributors
695,AJM,PHARMACY,NEW MEDICAL CENTRE PHARMACY BR-RASHIDIYA - AJMAN,AJMAN,"NEAR SAFEER HYPERMARKET ,SAMHA PLAZA,OPP AL KHOR TOWER, RASHIDIYA - AJMAN",N.A,25.3936557,55.4451432,"Ajman, Ajman Emirate, United Arab Emirates",0.25,© OpenStreetMap contributors
696,AJM,PHARMACY,HAMAD AL MUMAYAZAH PHARMACY LLC-TOWARDS AJMAN,AJMAN,AL SHARQAN EXTENSION- TOWARDS AJMAN,06-5238054,,,,,
697,AJM,PHARMACY,METRO PHARMACY,AJMAN,"AL JURF,INDUSTRIAL AREA 3,JEDDAH STREEET",06-7469664,25.41814,55.50791,"Al Jerf, Ajman, AJ, United Arab Emirates",0,GeoNames
698,AJM,PHARMACY,METRO MEDS PHARMACY,AL NUAIMA,AL NUAIMA,06-7469692,25.187836,55.284686,"Al Wajeha Al Maeyah, Bussiness Bay, Dubai, DU, United Arab Emirates",0,© OpenStreetMap contributors
699,AJM,PHARMACY,SABEEL PHARMACY LLC,AJMAN,"FLAMINGO MALL, AL ZORAH - AJMAN",06-7464842,25.4327995,55.4878129,"Al Zorah Natural Reserve, Al Ittihad Road, Al Zawarah, Ajman, AJ, United Arab Emirates",0.81,© OpenStreetMap contributors
700,AJM,PHARMACY,MEDON PHARMACY LLC,AL HAMIDIYA,"OPP: ADNOC PETROL STATION, SHEIKH AMMAR BIN HUMAID STREET-AL HAMIDIYA-AJMAN",06-7491188,25.038507,56.355037,"Harqous Bin Zohair Street, كلباء, SH, United Arab Emirates",0.1,© OpenStreetMap contributors
701,AJM,PHARMACY,GALAXY PHARMACY LLC,RASHIDEYA,"SHOP NO.3 - HORIZON TOWER D, SHEIKH RASHID BIN ABDUL AZIZ STREET - RASHIDEYA 1, AJMAN PO BOX 4749",06-7441886,25.3975075912597,55.4516131457489,"Sheikh Rashid Bin Abdul Aziz Street, Al Rashidiya, Ajman, Ajman Emirate, United Arab Emirates",0.5,© OpenStreetMap contributors
702,AJM,PHARMACY,ALQAMAR PHARMACY- L.L.C,AJMAN,OFFICE NO .2 -MUSCAT STREET - BACK SIDE OF AMINA HOSPITAL - RASHIDEYA 3 - AJMAN - 32088,06-7423061,25.3936557,55.4451432,"Ajman, Ajman Emirate, United Arab Emirates",0.0213150129915885,© OpenStreetMap contributors
703,AJM,PHARMACY,MAPLE PHARMACY L.L.C,AL JURF 3,"ABDUL HAQUE BUILDING,BAHIYA,INDUSTRIAL AREA, AL JURF-3,NEAR BROTHERS STEEL",06-5955921,25.66757,56.0021,"Ras al Khaimah, United Arab Emirates",0,GeoNames
704,AJM,PHARMACY,RED MAPLE PHARMACY L.L.C,RAWDA 3,"ABDUL HAQUE BUILDING,FLAT NO:559,AL SALAM STREET,RAWDA-3,AJMAN,UAE",06-5955921,25.3924017,55.4592192,"Al Salam, Mosaab Bin Omair Street, Meshairef, Ajman, Ajman Emirate, United Arab Emirates",0.107142857142857,© OpenStreetMap contributors
705,AJM,PHARMACY,KHALIDHA PHARMACY L.L.C(AJM),AJMAN,"SHOP NO 5 ,GROUND FLOOR,KHALID BLDG,MOWAIJHAT, AJMAN",06-5442661,25.1262395,55.2079367,"SJ Solitaire Jewels, Shop No. 124, Building 5, Gold & Diamond Park Sheikh Zayed Road (North), Al Quoz Industrial 3, Dubai, DU, United Arab Emirates",0.0210803689064559,© OpenStreetMap contributors
706,AJM,PHARMACY,AL NUAIMIA PHARMACY,AL NUAIMA,AL-NUAIMIA STREET AJMAN,06-7467849,25.403356,55.524396,"Ajman, AJ, United Arab Emirates",0.5,Who's On First
707,AJM,PHARMACY,MEDICINE HOME PHARMACY,AJMAN,AL ZARAH BLDG AL SALLAM ST. MOEHAT ROUND ABOUT NEW INDUSTRIAL AREA AJMAN,06-7485290,25.3936557,55.4451432,"Ajman, Ajman Emirate, United Arab Emirates",0.25,© OpenStreetMap contributors
708,AJM,PHARMACY,AL ENAYA PHARMACY LLC,RAWDA STREET,"G-FLOOR, RAWDHA-3, 299, SHEIKH ZAYED ROAD, AJMAN",N.A,25.3985893941563,55.5066903371462,"299 Sheikh Zayed Street, Al Zahraa, Ajman, Ajman Emirate, United Arab Emirates",0.45,© OpenStreetMap contributors
709,AJM,PHARMACY,FIRST AID PHARMACY LLC,JURF,"OPPOSITE MAPLE HOME LINEN INDUSTRY AND BLUE SUPERMARKET,BEHIND CHINA MALL,JURF- INDUSTRIAL AREA-4",06 7446752,25.0480152,55.1218741,"China Court - Ibn Battuta Mall, 1 Abraj Al Mina Street, Jabal Ali 1, Jebel Ali, The Gardens, United Arab Emirates",0.0170454545454545,© OpenStreetMap contributors
710,AJM,PHARMACY,DAJLA PHARMACY,NUAIMIA,"AL NASSER BUILDING,OPP SHARJA COOPERATIVE, NEAR AJMAN TV BUILDING, NUAIMIA, AJMAN. PO BOX: 42789",N.A,25.239007,55.508355,"Building access, Al Khawaneej, Dubai, DU, United Arab Emirates",0.0242646130539073,© OpenStreetMap contributors
711,AJM,PHARMACY,AL NAJEM PHARMACY,INDUSTRIAL AREA 2,"INDUSTRIAL 2, AJMAN",06-7468070,25.3726430154943,55.4643033378697,"Ajman Ring Road, New Industrial, Ajman, Ajman Emirate, United Arab Emirates",0.27783,© OpenStreetMap contributors
712,AJM,PHARMACY,EVE PHARMACY LLC,AL JURF 2,J1 BUILDING SHOP NO:1 GARDEN CITY AL JURF 2 AJMAN,06-7319825,25.413015,55.505489,"Ajman University J1 Building, Al Jerf, Ajman, AJ, United Arab Emirates",1,© OpenStreetMap contributors
713,AJM,PHARMACY,ELAJ MEDICAL CENTRE PHAMARCY -AJM,AJMAN,"RUMAILAH 3 AREA ,OPPOSITE AJMAN ONE TOWER ,SHEIKH RASHID BIN HUMAID ROAD AJMAN",06-7466300,25.4025544508319,55.4783726343298,"Sheikh Humaid bin Rashid Bridge, Al Jerf, Ajman, Ajman Emirate, United Arab Emirates",0.45,© OpenStreetMap contributors
714,AJM,PHARMACY,ELAJ MEDICAL CENTRE PHARMACY L.L.C 01,AL NUAIMIYA 2,"37 COLLEGE ST - AL NUAIMIYA 2, AJMAN, UAE",06-7488808,25.00608265,55.2505310775868,"Al Thamam 2, 2 Al Thammam Street, Al Hebiah 5, Dubai, United Arab Emirates",0.225,© OpenStreetMap contributors
715,AJM,PHARMACY,AL HEKMAH PHARMACY,AJMAN,"KUWAIT ST., NAUMIYA ROAD, AJMAN",06-7466689,25.403356,55.524396,"Ajman, AJ, United Arab Emirates",0.666666666666667,Who's On First
716,AJM,PHARMACY,AURA PHARMACY L.LC,JURF,"SHOP NO 21,JURF INDUSTRIAL ZONE 2,AJMAN",06-7794914,25.3936557,55.4451432,"Ajman, Ajman Emirate, United Arab Emirates",0.25,© OpenStreetMap contributors
717,AJM,PHARMACY,NEW GRAND PHARMACY,ALAIN,"AL NUAIMIYAH, KING FAISAL ROAD, AJMAN",06-7412588,25.3400681,55.38807715,"King Faisal Building, 313 King Faisal Street, Al Majaz, Sharjah, SH, United Arab Emirates",0.2,© OpenStreetMap contributors
718,AJM,PHARMACY,GRAND PHARMACY AJMAN,AJMAN,DANA PLAZA COMPLEX - AJMAN,06-7444840,25.3936557,55.4451432,"Ajman, Ajman Emirate, United Arab Emirates",0.25,© OpenStreetMap contributors
719,AJM,PHARMACY,ASTER PHARMACY (AJMAN),AJMAN,"RASHIDIYA, AJMAN COOPERATIVE SOCIETY, SHOP NO 1",06 7496363,25.0529412,55.262828242993,"1 9 Street, Arabian Ranches, Dubai, DU, United Arab Emirates",0.0486841103299081,© OpenStreetMap contributors
720,AJM,PHARMACY,MEDICOM PHARMACY 18 (AL ALAM PHARMACY),AJMAN,"SAFEER MALL, AJMAN",06-7464665,25.39011315,55.4448450464169,"Safeer Mall, King Faisal Street, Al Nuaimia, Ajman, Naymiyah 2, United Arab Emirates",0.666666666666667,© OpenStreetMap contributors
721,AJM,PHARMACY,MEDICOM 27 PHARMACY,AJMAN,"SHOP NO.1, ABDULLAH ABU SHIHAB BUILDING, SHEIKH KALEEFA STREET",06-7412013,25.30729975,55.4547180329588,"SAALAT AL SHAY CAFE, 5098 Sheikh Khalifa Street, Muwaileh, Sharjah, Muwailih, United Arab Emirates",0.514285714285714,© OpenStreetMap contributors
722,AJM,PHARMACY,ASTER PHARMACY 163 BR OF ASTER PHARMACIES GROUP LLC,AJMAN,"SHOP NO.7, NESTO HYPERMARKET, AL IMAM AL SHAFEE STREET, HAMIDIYA 1, HAMIDIYA, AJMAN",06-5461823,25.408091,55.5139914,"Najm Al Hamidiya Tailoring, Imam Al Shafee Street, Hamidiya, Ajman, AJ, United Arab Emirates",0.5,© OpenStreetMap contributors
723,AJM,PHARMACY,ASTER PHARMACY 154 (BR OF ASTER PHARMACIES GROUP LLC),RUMAILA 3,"AL AQAR TOWER 3, SHOP NO -27, RUMAILA-3, AJMAN CORNICH, AJMAN",06-7314840,25.3936557,55.4451432,"Ajman, Ajman Emirate, United Arab Emirates",0.0200249199003204,© OpenStreetMap contributors
724,AJM,PHARMACY,ASTER PHARMACY 159 BR OF ASTER PHARMACIES GROUP LLC,RASHIDEYA,"SHOP NO.5, AL MANAR TOWER, OPPOSITE HYUNDAI SHOWROOM, CORNICHE ROAD, RASHIDEYA",06-7453226,24.4991665,54.367801,"Sofitel Abu Dhabi Corniche, At Touk Street, Al Danah, Abu Dhabi, AZ, United Arab Emirates",0.0435034469387755,© OpenStreetMap contributors
725,AJM,PHARMACY,AL KHALEEJ PHARMACY,AJMAN,"AL QUDS BUILDING, NEAR ENBD BANK AJMAN, AL QUDS STREET, AJMAN",06-7444189,25.3936557,55.4451432,"Ajman, Ajman Emirate, United Arab Emirates",0.0211570247933884,© OpenStreetMap contributors
726,AJM,PHARMACY,EMIRATES PHARMACY(AJM),AL BUSTAN,"CITY MART BUILDING, OPP-KUWAIT HOSPITAL, LULU HYPER MARKET, KUWAITE HOSPITAL STREET, AL BUSTAN, AJMAN",06-7474900,24.4884346,54.3665134,"Zayed The First St / Lifeline Hospital, Zayed The First Street, Al Danah, Abu Dhabi, AZ, United Arab Emirates",0.0786155325443787,© OpenStreetMap contributors
727,AJM,PHARMACY,AL SHIFA PHARMACY(AJM),AJMAN,"NEW INDUSTRIAL AREA AL ZAHRA AJMAN, AL ZAHRA, AJMAN",06-7481477,24.19034725,55.7613406960755,"AL AIN INDUSTRIAL AREA, Industrial Area, AZ, United Arab Emirates",0.192331914893617,© OpenStreetMap contributors
728,AJM,PHARMACY,ARABIAN PHARMACY(AJM),AL JURF,"CANADIAN BUILDING, NEAR AJMAN TARAFFIC & LICENSING DEPARTMENT, AL JURF, AJMAN",06-7417887,25.44254,55.53117,"Maqbarat al Jurf, Al Jerf Industrial, Ajman, United Arab Emirates",0.45,GeoNames
729,AJM,PHARMACY,GRAND EMIRATES PHARMACY,AL JURF,"NEAR AMINA MEDICAL CENTRE,AL JURF, AJMAN",06-7479711,25.41814,55.50791,"Al Jerf, Ajman, AJ, United Arab Emirates",0,GeoNames
730,AJM,PHARMACY,AMINA HOSPITAL PHARMACY,QUDS STREET,"AL QUDS STREET, SAWAN AJMAN",06-67114444,25.4030860703117,55.4426671444645,"Al Quds Street, Al sawan, Ajman, Ajman Emirate, United Arab Emirates",0.8,© OpenStreetMap contributors
731,AJM,PHARMACY,AL NEEM PHARMACY L.L.C,AMMAR STREET,"SUBWAY BUILDING, SHK AMMAR STREET",06-7488207,24.4956704,54.3718818,"Hamdan St / Shk. Zayed Bin Sultan St, Hamdan Bin Mohammed Street, Al Danah, Abu Dhabi, AZ, United Arab Emirates",0,© OpenStreetMap contributors
732,AJM,PHARMACY,MAWJOOD PHARMACY L.L.C,AL QUDS STREET,"AYISHA MAHMOOD BUILDING, AL QUDS STREET",06-7429030,25.231869,55.317237,"Al Madina Al Tebbia Street, Umm Hurair 2, Dubai, DU, United Arab Emirates",0.0416666666666667,© OpenStreetMap contributors
733,AJM,PHARMACY,TOPCARE PHARMACY AL JADEEDA L.L.C,AJMAN,HAMAD ABDULLA SAEED BIN ALI,N.A,,,,,
734,AJM,PHARMACY,AL ABRAR PHARMACY LLC,AJMAN,"EMIRATES CITY ,AJMAN",06-7443741,25.403356,55.524396,"Ajman, AJ, United Arab Emirates",1,Who's On First
735,AJM,PHARMACY,TOP CARE PLUS PHARMACY LLC,JURF,"JURF 1, INDUSTRIAL -1",052-5922433,25.4385791,55.5117908,"Fakhr Al Jurf, Al Ittihad Road, Al Jerf, Ajman, AJ, United Arab Emirates",0.405,© OpenStreetMap contributors
736,AJM,PHARMACY,BAIT AL NEEM PHARMACY LLC,AL RAWDA,"SHIEKH AMMAR STREET, AL RAWDA- 3",06-5454019,25.416746,55.5124308,"BLISS Medical Center  (مركز بليس الطبي), Villa no.1,92 Sheikh Ammar Bin Hummaid Street, Al Jerf, Ajman, Humaidiya 1, United Arab Emirates",0.0121263157894737,© OpenStreetMap contributors
737,AJM,PHARMACY,AL ZAMAN PHARMACY L.L.C,AMMAR STREET,"AL ZAMAN BUILDING, SHK AMMAR STREET",06-7487272,24.4956704,54.3718818,"Hamdan St / Shk. Zayed Bin Sultan St, Hamdan Bin Mohammed Street, Al Danah, Abu Dhabi, AZ, United Arab Emirates",0,© OpenStreetMap contributors
738,AJM,PHARMACY,AL HEMAYA PHARMACY,AL JURF 1,"SHOP NO 7 ,AL JURF INSUDTRAIL ZONE 1, NEAR LULU EXCHANGE,AJMAN",06-7487251,25.3936557,55.4451432,"Ajman, Ajman Emirate, United Arab Emirates",0.25,© OpenStreetMap contributors
739,AJM,PHARMACY,AL SAQER PHARMACY L.L.C,AJMAN,"MUSALLA SOUQ, AJMAN",06-7488329,25.41156,55.44553,"Muşallá al ‘Īd, Al Bustan, Ajman, United Arab Emirates",0,GeoNames
740,AJM,PHARMACY,AL AIN PHARMACY CENTER L.L.C,AJMAN,"AL AIN MARKET BUILDING,NUAIMIA 1,AJMAN",06-67442542,25.3936557,55.4451432,"Ajman, Ajman Emirate, United Arab Emirates",0.25,© OpenStreetMap contributors
741,AJM,PHARMACY,NORTHERN AL AHLIAH PHARMACY,AL BUSTAN,"AL WAKF BLDG., BEHIND AJMAN GENERAL POST OFFICE & NBAD, AL BUSTAN",06-7401876,25.672763,55.993935,"Al Bustan Street, RK, United Arab Emirates",0.111111111111111,© OpenStreetMap contributors
742,AJM,PHARMACY,PHARMACY AHALIA,AL ITTIHAD STREET,"NEAR EMIRATES MARKET, ASYAD TOWER, AL ITTIHAD STREET",06-7679587,25.712035,55.833058,"Al Ittihad Road, RK, United Arab Emirates",0.520833333333333,© OpenStreetMap contributors
743,AJM,PHARMACY,ACCESS PHARMACY- AJMAN,AJMAN,"HARAMAIN SOUK,NEW INDUSTRIAL AREA, NEAR TO EMIRATES GAS",06-7462011,25.2517536,55.2821977,"The New Gold Souk, Al Mina Street, Al Raffa, Dubai, Bur Dubai, United Arab Emirates",0.0502017438461539,© OpenStreetMap contributors
744,AJM,PHARMACY,JABAL SINA PHARMACY LLC,AJMAN,"GROUND FLOOR ESCAPE TOWER,AJMAN,UNITED ARAB EMIRATES",06-740 2255,25.402864,55.4392513477599,"escape tower, Sheikh Rashid Bin Humaid Al Nuaimi Street, Al sawan, Ajman, Ajman Emirate, United Arab Emirates",1,© OpenStreetMap contributors
745,AJM,PHARMACY,AL NAHRAIN PHARMACY LLC,AL NUAIMIA 2,"AL NUAIMIA 2,AJMAN,UAE",06-7499802,25.3843557,55.4542636,"Al Nuaimia, Ajman Emirate, United Arab Emirates",0,© OpenStreetMap contributors
746,AJM,PHARMACY,AL NAHRAIN PHARMACY 1 LLC,AL HELIO 2,"AL HELIO 2, HELIO 2,AJMAN,UAE",06-7449207,25.006162,55.250476,"2 Al Thamam, Remraam, Dubai, DU, United Arab Emirates",0.1,© OpenStreetMap contributors
747,AJM,PHARMACY,DEAR HEALTH PHARMACY,RASHIDIYA 3,"AL SWAN TOWER, RASHIDIYA 3,AJMAN,UAE",06-7413366,25.2241,55.39165,"Al Rashidiya, DU, United Arab Emirates",0.285714285714286,GeoNames
748,AJM,PHARMACY,AIWA PHARMACY LLC,RASHIDEYA 3,"PLOT NO. 2 UNIT 2 GROUND FLOOR ,AJMAN CITY CENTRE SECTOR RASHIDEYA 3 NEAR KM TRADING LLC AJMAN, UAE",06-744 5575,25.22984,55.16069,"Dubai, United Arab Emirates",0.00493827160493827,GeoNames
749,AJM,PHARMACY,MODERN PHARMACY L.L.C (SOLE PROPRIETORSHIP)-Branch 01,SHEIKH MAKTOUM BIN RASHID ST,"SHEIKH MAKTOUM BIN RASHID ST. – AJMAN,UAE,BUILDING NAME-AL KENZ HYPER MARKET,CITY-HAMIDIYASTATE-AJMAN",06-7450792,25.2950576,55.3509811,"Mohammad Bin Rashid Al Maktoum Humanitarian And Charitable Est., Baghdad Street, Al Mamzar, Dubai, Deira, United Arab Emirates",0.0136737600153061,© OpenStreetMap contributors
750,AJM,PHARMACY,MODERN PHARMACY L.L.C (SOLE PROPRIETORSHIP) -Branch 02,NUAIMIYA-1,"SHARA SHEIKH SAYEED ROAD,NEAR ROYAL FURNITURE,NUAIMIYA-1,P.O BOX #4184,AJMAN,UAE",06-7051594,25.4027518,55.4372451,"Chenab Restaurant Ajman UAE, 6,7 Al Zaher Street, Al Rumailah, Ajman, AJ, United Arab Emirates",0,© OpenStreetMap contributors
751,AJM,PHARMACY,MODERN PHARMACY L.L.C (SOLE PROPRIETORSHIP) -Branch 04,BADER STREET,"AL SIWAN,AL ITTIHAD BUILDING(PREVIOUSLY HUMAN APPEAL BUILDING),BADER STREET,P.O BOX #4184,AJMAN,UAE",06 7790387,25.712035,55.833058,"Al Ittihad Road, RK, United Arab Emirates",0.111111111111111,© OpenStreetMap contributors
752,AJM,PHARMACY,MODERN PHARMACY L.L.C (SOLE PROPRIETORSHIP) -Branch-06,AL NAKHEEL 1,"UMMAR IBNU AL KHATHAB ROAD,AL NAKHEEL AREA-NEAR CHAMBER OF COMMERCE,AL NAKHEEL 1,P.O BOX #4184,AJMAN,UAE",06-7470701,25.4174009,55.4787647,"6 Al Safia Road, Meshairef, Ajman, AJ, United Arab Emirates",0.0128558310376492,© OpenStreetMap contributors
753,AJM,PHARMACY,MODERN PHARMACY LLC,AL JURF 2,"AL JURF, AL JURF 2, AL ITTIHAD ST,AJMAN CITY CENTER,PO BOX- 20781,UAE",06-748006,25.266436,55.338945,"32732 95485 Al Ittihad Street, Al Khabaisi, Dubai, DU, United Arab Emirates",0.05,© OpenAddresses contributors
754,AJM,PHARMACY,AL SEHA PHARMACY LLC,AL QUDS STREET,"IBRAHIM KHALIFA BUILDING,AL QUDS STREET,GROUND FLOOR,SHOP NO 9 AJMAN",06-7457887,,,,,
755,AJM,PHARMACY,ALYA PHARMACY LLC,NEXT TO GIFT WAY,"HALA MEDICAL CENTER, NEXT TO GIFT WAY AJMAN",056-1360636,25.3936557,55.4451432,"Ajman, Ajman Emirate, United Arab Emirates",0.25,© OpenStreetMap contributors
756,AJM,PHARMACY,AL OMAIR PHARMACY LLC,LIWARA 2,"SHOP 4, LIWARA 2, AJMAN",056-3290848,25.403356,55.524396,"Ajman, AJ, United Arab Emirates",0.5,Who's On First
757,AJM,PHARMACY,ORIANA PHARMACY,AL JURF,AL JURF INDUSTRIAL 1 - AJMAN,06-5918889,25.392561,55.573474,"Al Aamra Street, Al Helio, Ajman, AJ, United Arab Emirates",0.9,© OpenStreetMap contributors
758,AJM,PHARMACY,LANA PHARMACY L.L.C,SHEIKH AMAR ROAD,"SHEIKH AMAR ROAD, AJMAN",06-557 9567,25.359146,55.513872,"Sheikh Ammar Bridge, Muntazy, Ajman, AJ, United Arab Emirates",0.81,© OpenStreetMap contributors
759,AJM,PHARMACY,JANAH PHARMACY LLC,SHEIKH ZAYES STREET,"SHEIKH ZAYES STREET , HELIO 2 AJMAN",06-557 9567,25.3936557,55.4451432,"Ajman, Ajman Emirate, United Arab Emirates",0.03515625,© OpenStreetMap contributors
760,AJM,PHARMACY,EAZY CARE PHARMACY L.L.C,MOWAIHAT-3,"MOWAIHAT-3, NEAR ADNOC PETROL STATION ,AJMAN,UAE",06-7458030,,,,,
761,ALAIN,PHARMACY,SPECIALIZED MEDICAL CARE HOSPITAL PHARMACY,AL JAHILI AREA,"NEAR TRANSPORT AUTHORITY,AL JAHILI AREA,AL AIN UAE",03-7552291,24.21378,55.75217,"Al Jahili, AZ, United Arab Emirates",0,GeoNames
762,ALAIN,PHARMACY,CARE HOSPITAL PHARMACY,AL JAHILI AREA,"NEAR TRANSPORT AUTHORITY,AL JAHILI AREA,AL AIN UAE",03-7552291,24.21378,55.75217,"Al Jahili, AZ, United Arab Emirates",0,GeoNames
763,ALAIN,PHARMACY,BURJEEL FARHA PHARMACY L.L.C.(FORMERLYMEDEOR 24X7INTERNATIONAL PHARMACY LLC-AL AIN),ASHAREJ DISTRICT,BIDA BIN AMMAR /ASHAREJ DISTRICT/ALAIN,03-7099236,,,,,
764,ALAIN,PHARMACY,ULTRA MEDICAL CENTER PHARMACY,AL JIMI MALL,"AL AIN, JIMI ALONG THE NEW SAFA'S PARKING & BEFORE CAREFOUR AL JIMI MALL",03 762 0055,24.244955,55.725501,"Al Jimi Mall, Al Jimi, Al Ain, AZ, United Arab Emirates",0,© OpenStreetMap contributors
765,ALAIN,PHARMACY,MEDSTAR PHARMACY SANAIYA ALAIN L.L.C,AL AIN TOWN CENTER,"PO BOX 222766, AL AIN TOWN CENTER, NEAR TAQWA MOSQUE, AL AIN, UAE",03-7621007,24.204759,55.793045,"Al Ain City Centre, Al Sarooj, Al Ain, AZ, United Arab Emirates",0.06613488,© OpenStreetMap contributors
766,ALAIN,PHARMACY,MUBARAK PHARMACY - SOLE PROPRIETORSHIP L.L.C.,OLD IMIGRATION ROAD,"OLD IMIGRATION ROAD, NEAR K.M.TRADE.AL AIN",03-7515992,25.3588448,55.5130715,"Emrats road old, Sheikh Mohammed Bin Zayed Road, Muntazy, Emirates City, AJ, United Arab Emirates",0.0332150625,© OpenStreetMap contributors
767,ALAIN,PHARMACY,EMIRATES INTERNATIONAL HOSPITAL PHARMACY - SOLE PROPRIETORSHIP L.L.C.,AL KHABAISI,"HAMDAN BIN MOHD STREET, LANDMARK: BEHIND JIMI MALL, AL KHABAISI, AL AIN, ABU DAHBI, UAE",03-7637777,24.4980779,54.3753299,"Hamdan St / Hazaa Bin Zayed Mosque, Hamdan Bin Mohammed Street, Al Zahiyah, Abu Dhabi, AZ, United Arab Emirates",0.0673252217911958,© OpenStreetMap contributors
768,ALAIN,PHARMACY,RAFA PHARMACY ALAIN,AL AIN,NEAR GOLDEN FORK RESTAURANT - AL AIN,03-7657006,25.346363,55.3999043,"Sheikh Saqe Bin Al Qassimi Street, Golden Fork, University City Road, Al Qasimia, Sharjah, United Arab Emirates",0.145351384615385,© OpenStreetMap contributors
769,ALAIN,PHARMACY,ASTER PHARMACIES GROUP L.L.C (BRANCH OF DUBAI) BRANCH OF ABU DHABI 12,"ABU BAKER AL SIDDIQ ST,","PLOT NO-113, ABU BAKER AL SIDDIQ ST, CENTRAL DISTRICT, AL AIN, ABU DHABI",03-7620142,24.220584,55.778479,"Central District, Al Ain, AZ, United Arab Emirates",0.25,Who's On First
770,ALAIN,PHARMACY,ASTER PHARMACIES GROUP L.L.C - BRANCH OF ABU DHABI 16,"SALAHUDDEEN AL AYOUBI ST,","105, BUILDING-PRP74990,SALAHUDDEEN AL AYOUBI ST,CENTRAL DISTRICT, AL AIN, ABU DHABI",03-7342126,24.2249721,55.7657565,"105 Salahuddeen Al Ayoubi Street, Central District, Abu Dhabi Emirate, United Arab Emirates",1,© OpenStreetMap contributors
771,ALAIN,PHARMACY,AL KHAZNA HEALTH PHARMACY,AL KHAZNA 1,"AL KHAZNA 1, AL KHAZNA , AL AIN",02-8869238,24.30023,55.75802,"Hilli, Al Ain, AZ, United Arab Emirates",0.191715976331361,GeoNames
772,ALAIN,PHARMACY,BANGASH PHARMACY,BANIYAS EAST9,"NEAR SULTAN BAKERY, BANIYAS EAST9 ,ABU DHABI AL AIN ROAD",02-5834217,24.30047,54.63611,"Baniyas, AZ, United Arab Emirates",0.25,GeoNames
773,ALAIN,PHARMACY,KHYBER PHARMACY,BANIYAS WEST 4,"NEAR ZENITH SUPERMARKET, BANIYAS WEST 4 , ABU DHABI AL AIN ROAD",02-5836800,24.2826773,54.6478185,"Zenith supermarket, Street 33, Bani Yas, Abu Dhabi, AZ, United Arab Emirates",0,© OpenStreetMap contributors
774,ALAIN,PHARMACY,AL AIN AL AHALIA PHARMACY,AL HILAL BANK,"SHABIYA KHALIFA STREET, NEAR TO AL HILAL BANK, AL AIN",03-7557979,24.147005,55.749511,"Al Ain, AZ, United Arab Emirates",0.1,Who's On First
775,ALAIN,PHARMACY,NOOR AL AHLI PHARMACY L.L.C.,SANAIYA,"NEAR OLD POLICE STATION & ISUZU SHOWROOM, SANAIYA, AL AIN",03-7673627,24.193906,55.764514,"Ameen Car Garage, Al Ain Sanaiya, Ash Shallal 6 Street, Industrial Area, Al Ain, AZ, United Arab Emirates",0.295245,© OpenStreetMap contributors
776,ALAIN,PHARMACY,MODERN PHARMACY L.L.C - BRANCH OF ABU DHABI 3,"AL GRAYYEH,STREET","MAKANI ZAKHER MALL,NEXT TO NEIMA SCHOOL, AL GRAYYEH,STREET : A18,ABUDHABI,UAE",03-7374622,25.6960532,55.7998312,"Al Jazeera Supermarket, 21C Street, Al Jazeera Al Hamra, Al jazeera heritage village, RK, United Arab Emirates",0.024003173973418,© OpenStreetMap contributors
777,ALAIN,PHARMACY,AL RANEEN PHARMACY LLC,ZAYED BIN SULTAN STREET,"BUILDING 239, ZAYED BIN SULTAN STREET, OPPOSITE TO AL ANSARI EXCHANGE, TOWN CENTER, AL AIN",03-7365679,25.1224521,56.3311172,"Town Center, Fujairah City, Fujairah Emirate, United Arab Emirates",0,© OpenStreetMap contributors
778,ALAIN,PHARMACY,NEDHAL PHARMACY L.L.C,ALAIN,ALAIN,03-7222384,24.23277055,55.774065684143,"LuLu Hypermarket kuwaitat alain, Al Sarrah Street, Central District, Abu Dhabi Emirate, United Arab Emirates",1,© OpenStreetMap contributors
779,ALAIN,PHARMACY,NEDHAL PHARMACY L.L.C-BRANCH,ALAIN,ALAIN,03-7325126,24.23277055,55.774065684143,"LuLu Hypermarket kuwaitat alain, Al Sarrah Street, Central District, Abu Dhabi Emirate, United Arab Emirates",1,© OpenStreetMap contributors
780,ALAIN,PHARMACY,FALAJ HAZZAA PHARMACY,FALAJ HAZZA ALAIN,"FULL BUILDING, NEAR ZAYED EST FOR SPECIAL NEEDS , STREET 70, JAFEER JADEED, FALAJ HAZZA ALAIN",03-7806111,25.2589889,55.473883706051,"70 68 Street, Al Khawaneej, Dubai, DU, United Arab Emirates",0.0096,© OpenStreetMap contributors
781,AUH,PHARMACY,BAB AL MADINA PHARMACY,MUSAFFAH,"SHOP # 4, PLOT # 32,MOOSA AL AJBAN BUILDING,MUSAFFAH M-26, P.O. BOX # 25537, ABU DHABI UAE",02-6422464,25.1212273,56.3340341498629,"Fujairah Tower, PO Box 2900 Fujairah Tower Drop Off, Town Center, Fujairah City, FU, United Arab Emirates",0.0025698988697204,© OpenStreetMap contributors
782,AUH,PHARMACY,AL ZIA PHARMACY LLC,SHABIYA 12 MBZ CITY,BUILDING #87 SHABIYA 12 MBZ CITY ABU DHABI UAE,02-5529220,,,,,
783,AUH,PHARMACY,LAHORE PHARMACY LLC,MUSSAFAH,"OPPOSITE TO ICAD GATE 1 , SANAIYA M-40 MUSSAFAH ABU DHABI",02-5508988,,,,,
784,AUH,PHARMACY,SWAT PHARMACY,MUSSAFAH,NEAR SPINNEYS SUPERMARKET SANAIYA M-40 MUSSAFAH ABU DHABI,02-5546799,,,,,
785,AUH,PHARMACY,BAB AL TEB PHARMACY LLC-SOLE PROPRIETORSHIP L.L.C,SANAIYA M-26,"SANAIYA M-26 MUSSAFAH ABU DHABI,UAE",02-6261914,,,,,
786,AUH,PHARMACY,LLH PHARMACY ALMUSAFFAH L.L.C,"ICAD, 16 ,MUSAFFAH","M40, KM TRADING BUILDING, ICAD, 16 STREETMUSAFFAH.	02-4116451	25.04067965	55.1664514641155	M40 G6 Street, Jumeirah Park, Dubai, Emirates Hills, United Arab Emirates		M40	G6 Street	15023 70694	Emirates Hills	Jumeirah Park	Dubai	Dubai	DU	Dubai	DU	United Arab Emirates	ae	0.0168888888888889	0.211111111111111	0.0527777777777778	0.222222222222222	© OpenStreetMap contributors	Open Database License	https://www.openstreetmap.org/copyright
336	AUH	PHARMACY	LIFE CARE INTERNATIONAL PHARMACY L.L.C- BRANCH	LABOR CITY	AL WATHBA RAZEEN LABOR CITY, ABU DHABI	02-5845314	24.22240965	54.6372825873548	Al wathba prison, Lane 2010, Al Wathba Camel Racetrack, Al Wathbah, AZ, United Arab Emirates	Al wathba prison		Lane 2010			Al Wathba Camel Racetrack	Al Wathbah	Abu Dhabi		Abu Dhabi Emirate	AZ	United Arab Emirates	ae	1			1	© OpenStreetMap contributors	Open Database License	https://www.openstreetmap.org/copyright
337	AUH	PHARMACY	LLH HOSPITAL PHARMACY AL MUSAFFAH	SANAYYA – 7	PO BOX NO: 92313,16TH, STREET, SANAYYA – 7, INDUSTRIAL AREA, MUSAFFAH, ABU DHABI, UNITED ARAB EMIRA	02-4126018	25.1212273	56.3340341498629	Fujairah Tower, PO Box 2900 Fujairah Tower Drop Off, Town Center, Fujairah City, FU, United Arab Emirates	Fujairah Tower	PO Box 2900	Fujairah Tower Drop Off			Town Center	Fujairah City	Fujairah		Fujairah Emirate	FU	United Arab Emirates	ae	0.00394267171444024	0.050625	0.050625	0.2025	© OpenStreetMap contributors	Open Database License	https://www.openstreetmap.org/copyright
338	AUH	PHARMACY	LLH HOSPITAL PHARMACY L.L.C	ELECTRA STREET	AL MARWA TOWER, ELECTRA STREET ABU DHABI	02-6335522	24.4967295	54.3764693205553	Electra Park, Al Zahiyah, Abu Dhabi, United Arab Emirates	Electra Park					Al Zahiyah	Abu Dhabi	Abu Dhabi		Abu Dhabi Emirate		United Arab Emirates	ae	0.35	0.7		1	© OpenStreetMap contributors	Open Database License	https://www.openstreetmap.org/copyright
339	AUH	PHARMACY	LLH PHARMACY LLC	ELECTRA STREET	AL MARWA TOWER, ELECTRA STREET ABU DHABI	02-6335522	24.4967295	54.3764693205553	Electra Park, Al Zahiyah, Abu Dhabi, United Arab Emirates	Electra Park					Al Zahiyah	Abu Dhabi	Abu Dhabi		Abu Dhabi Emirate		United Arab Emirates	ae	0.35	0.7		1	© OpenStreetMap contributors	Open Database License	https://www.openstreetmap.org/copyright
340	AUH	PHARMACY	LIFE CARE INTERNATIONAL PHARMACY L.L.C.	MAFRAQ,BANIYAS	NEAR AL RAHA VILLAGE, MAFRAQ,BANIYAS	02-5856333	25.2204043	55.3629418019251	Al Badia Hillside Village, Dubai Festival City, Dubai, United Arab Emirates	Al Badia Hillside Village			35069 90348		Dubai Festival City	Dubai			Dubai		United Arab Emirates	ae	0.0463445645263827			0.307692307692308	© OpenStreetMap contributors	Open Database License	https://www.openstreetmap.org/copyright
341	AUH	PHARMACY	LIFE CARE INTERNATIONAL PHARMACY LLC - BRANCH 1	MUSAFFAH	M-24, NEAR WORKERS VILLAGE OPPOSITE ADNOC PETROL PUMP, MUSAFFAH	02-4148292																							
342	AUH	PHARMACY	TOPCARE PHARMACY BRANCH-1	MUSAFFAH	AL ESKAN AL JAMAE BUILDING , SHOPS NO. R033– GROUND FLOOR, MUSSAFAH INDUSTRIAL AREA,	02-6665131	25.126304	55.400256	N Street, Warisan, Dubai, DU, United Arab Emirates			N Street	38718 79879		Warisan	Dubai	Dubai	DU	Dubai	DU	United Arab Emirates	ae	0.01875	0.3		0.428571428571429	© OpenStreetMap contributors	Open Database License	https://www.openstreetmap.org/copyright
343	AUH	PHARMACY	TOPCARE PHARMACY	MOHAMED BIN KHALIFA STREET,	MOHAMED BIN KHALIFA STREET, NEXT TO RAIN CAFE, ABUDHABI	02-5833145	24.4466464	54.364675	Al Khaleej Al Arabi St / Mohamed Bin Khalifa St, Al Khaleej Al Arabi Street, Al Bateen, Abu Dhabi, AZ, United Arab Emirates	Al Khaleej Al Arabi St / Mohamed Bin Khalifa St		Al Khaleej Al Arabi Street			Al Bateen	Abu Dhabi	Abu Dhabi		Abu Dhabi Emirate	AZ	United Arab Emirates	ae	0.291771529411765			0.294117647058824	© OpenStreetMap contributors	Open Database License	https://www.openstreetmap.org/copyright
344	AUH	PHARMACY	AL BAHAR AL AHMAR PHARMACY	MOHAMED BIN KHALIFA STREET,	MOHAMED BIN ZAYED CITY-ME11, C88, SHOP G2, ABU DHABI	02-8763338	24.4324903	54.618379	Mohamed bin Zayed University of Artificial Intelligence, Masdar Pedestrian Zone, Masdar City, Abu Dhabi, AZ, United Arab Emirates	Mohamed bin Zayed University of Artificial Intelligence		Masdar Pedestrian Zone	CITY-ME11		Masdar City	Abu Dhabi	Abu Dhabi		Abu Dhabi Emirate	AZ	United Arab Emirates	ae	0.32805	0.6561		1	© OpenStreetMap contributors	Open Database License	https://www.openstreetmap.org/copyright
345	AUH	PHARMACY	MANSOUR PHARMACY ABU DHABI	AL-FALAH STREET	AL-FALAH STREET OPPOSITE WEARMART ABU DHABI	02-6422287	24.365909	54.582942	Abu Dhabi, AZ, United Arab Emirates							Abu Dhabi	Abu Dhabi		Abu Dhabi	AZ	United Arab Emirates	ae	0.5			1	Who's On First	CC0	https://www.whosonfirst.org/docs/licenses/
346	AUH	PHARMACY	MANSOUR PHARMACY BRANCH 1	MUSAFFAH	MUSAFFAH - M-37 - ABU DHABI	02-5500753	24.3657845	54.4957065	Musaffah Industrial Area, Musaffah, Abu Dhabi Emirate, United Arab Emirates						Musaffah Industrial Area	Musaffah	Abu Dhabi		Abu Dhabi Emirate		United Arab Emirates	ae	0.123456790123457			0.9	© OpenStreetMap contributors	Open Database License	https://www.openstreetmap.org/copyright
347	AUH	PHARMACY	SARHAD PHARMACY	MUSAFFAH - II,	MUSAFFAH - II, OPPOSITE TO LLH HOSPITAL,ABU DHABI,UAE	02-5551429																							
348	AUH	PHARMACY	SABA PHARMACY LLC	MUSAFFAH	13 AL JAZZEEM 2 STREET,MUSAFFAH INDUSTRIAL M37ABU DHABI, 20316	02-5523200																							
349	AUH	PHARMACY	RIGHT CHOICE HEALTH PHARMACY	MUSAFFAH-10	BUILDING # 43, SHOP#32, MUSAFFAH-10, INDUSTRIAL AREA, ABU DHABI,UAE	02-4917599	24.4580828	54.3894201	Building 43, Al Darah Street, Al Etihad, Abu Dhabi, AZ, United Arab Emirates	Building 43		Al Darah Street			Al Etihad	Abu Dhabi	Abu Dhabi		Abu Dhabi Emirate	AZ	United Arab Emirates	ae	0.333333333333333	0.666666666666667		1	© OpenStreetMap contributors	Open Database License	https://www.openstreetmap.org/copyright
350	AUH	PHARMACY	MEDSTAR PHARMACY ICAD RESIDENTIAL LLC	ICAD RESIDENTIAL CITY, MUSSAFAH	PO BOX 106964, ICAD RESIDENTIAL CITY, MUSSAFAH, ABU DHABI, NEAR FRESH & MORE HYPERMARKET	02-5845657	25.1212273	56.3340341498629	Fujairah Tower, PO Box 2900 Fujairah Tower Drop Off, Town Center, Fujairah City, FU, United Arab Emirates	Fujairah Tower	PO Box 2900	Fujairah Tower Drop Off			Town Center	Fujairah City	Fujairah		Fujairah Emirate	FU	United Arab Emirates	ae	0.00342391304347826	0.0547826086956522	0.0547826086956522	0.273913043478261	© OpenStreetMap contributors	Open Database License	https://www.openstreetmap.org/copyright
351	AUH	PHARMACY	GOLDEN HEALTH PHARMACY L.L.C.	HAMEEM ROAD	AL SALAM LIVING CITY, HAMEEM ROAD, ABU DHABI	02-5855553	24.2153114426315	54.4135891629478	Hameem Road, Al Selmiyyah, Abu Dhabi Emirate, United Arab Emirates	Hameem Road		Hameem Road				Al Selmiyyah	Abu Dhabi		Abu Dhabi Emirate		United Arab Emirates	ae	0.5	1		1	© OpenStreetMap contributors	Open Database License	https://www.openstreetmap.org/copyright
352	AUH	PHARMACY	EXPERT PHARMACY LLC	HAMEEM ROAD	MOJUMAAT WORKERS CITY, HAMEEM RD, ABU DHABI	02-5848995	24.2153114426315	54.4135891629478	Hameem Road, Al Selmiyyah, Abu Dhabi Emirate, United Arab Emirates	Hameem Road		Hameem Road				Al Selmiyyah	Abu Dhabi		Abu Dhabi Emirate		United Arab Emirates	ae	0.5	1		1	© OpenStreetMap contributors	Open Database License	https://www.openstreetmap.org/copyright
353	AUH	PHARMACY	MEDSTAR HAMDAN PHARMACY L.L.C	HAMDAN STREET	PO BOX 46713, GROUND FLOOR, BIN BROOK BUILDING, SHEIKH HAMDAN BIN MOHAMMED STREET (HAMDAN STREET),	02-6411124	24.2357807	55.7508387	Sadik munshi, 037634557 Mohammed Bin Khalifa Street, Al Mutarad, Al Ain, Abu Dhabi Emirate, United Arab Emirates	Sadik munshi	37634557	Mohammed Bin Khalifa Street	392189		Al Mutarad	Al Ain	Al Ain		Abu Dhabi Emirate		United Arab Emirates	ae	0.00272913331012879	0.211764705882353	3.38031687929246E-08	0.235294117647059	© OpenStreetMap contributors	Open Database License	https://www.openstreetmap.org/copyright
354	AUH	PHARMACY	RIGHT CHOICE HEALTH PHARMACY	MUSAFFAH-10	BUILDING # 43, SHOP#32, MUSAFFAH-10, INDUSTRIAL AREA, ABU DHABI,UAE	02-4917599	24.4580828	54.3894201	Building 43, Al Darah Street, Al Etihad, Abu Dhabi, AZ, United Arab Emirates	Building 43		Al Darah Street			Al Etihad	Abu Dhabi	Abu Dhabi		Abu Dhabi Emirate	AZ	United Arab Emirates	ae	0.333333333333333	0.666666666666667		1	© OpenStreetMap contributors	Open Database License	https://www.openstreetmap.org/copyright
355	AUH	PHARMACY	NEW NATIONAL MEDICAL CENTRE PHARMACY LLC BRANCH 1	MUSAFFAH	SECTOR M36,PLOT 138 SANIAH,MUSAFFAH,ABUDHABI	02-5593777	24.9283	55.66193	Al Madam, United Arab Emirates	Al Madam							Al Madam		Sharjah	SH	United Arab Emirates	ae	0				GeoNames	CC BY 4.0	https://www.geonames.org/datasources/
356	AUH	PHARMACY	FAMOUS PHARMACY LLC-AUH	MUSSAFFAH	SHOP NO. 3, GROUND FLOOR, SALEM KHAMIS SALEM ALKHEMEIRI MUSSAFAH 34 ABU DHABI	02-5521912	25.0530261	55.2626087735714	3 9 Street, Arabian Ranches, Dubai, DU, United Arab Emirates		3	9 Street	24743 71961		Arabian Ranches	Dubai	Dubai	DU	Dubai	DU	United Arab Emirates	ae	0			0.375	© OpenStreetMap contributors	Open Database License	https://www.openstreetmap.org/copyright
357	AUH	PHARMACY	MUBARAK PHARMACY - SOLE PROPRIETORSHIP L.L.C. - BRANCH	WORKER CITY-2	AL ESHOUSH CAMP, WORKER CITY-2, BANIYAS, ABU DHABI, UAE	02-5837796	24.473145	54.362964	Al Hosn Military Camp, Al Manhal, Abu Dhabi, AZ, United Arab Emirates			Al Hosn Military Camp			Al Manhal	Abu Dhabi	Abu Dhabi		Abu Dhabi	AZ	United Arab Emirates	ae	0.208285714285714	0.385714285714286		0.9	© OpenStreetMap contributors	Open Database License	https://www.openstreetmap.org/copyright
358	AUH	PHARMACY	MEDLINE PHARMACY L.L.C	MUSAFFAH	9G3F+M24 - 14TH ST - MUSAFFAH - M-26 - ABU DHABI,UAE	02-5548669	24.3531966	54.5239925	32 Ad Diman 4 Street, Musaffah Industrial Area, Musaffah, AZ, United Arab Emirates		32	Ad Diman 4 Street	20313		Musaffah Industrial Area	Musaffah	Abu Dhabi		Abu Dhabi Emirate	AZ	United Arab Emirates	ae	0				© OpenStreetMap contributors	Open Database License	https://www.openstreetmap.org/copyright
359	AUH	PHARMACY	MAXIMPHARMACY SOLE PROPRIETORSHIP LLC	MUSAFFAH	MUSSAFAH-43,ICAD 1,ABDUABI UAE	02-5500161	24.2863861	54.4920537	Al Wadi Paper Industries LLC, 32 Al Mahdar Street, ICAD II, Abu Dhabi Industrial City, AZ, United Arab Emirates	Al Wadi Paper Industries LLC	32	Al Mahdar Street	641		ICAD II	Abu Dhabi Industrial City	Abu Dhabi		Abu Dhabi Emirate	AZ	United Arab Emirates	ae	0				© OpenStreetMap contributors	Open Database License	https://www.openstreetmap.org/copyright
360	AUH	PHARMACY	M 26 PHARMACY	MUSAFFAH	PLOT NO: 94, MUSAFFAH M-26 NEAR GUJRAT RESTAURANT MUSAFFAH	02-8867789	24.35305	54.525242	Plot No. M-26, Musaffah, Abu Dhabi, AZ, United Arab Emirates			Plot No. M-26			Musaffah	Abu Dhabi	Abu Dhabi		Abu Dhabi	AZ	United Arab Emirates	ae	0			0.25	© OpenStreetMap contributors	Open Database License	https://www.openstreetmap.org/copyright
361	AUH	PHARMACY	AL ANQOOD PHARMACY	AL WADI	AL WADI BUILDING, BLOCK NUMBER 198, MAIN INDUSTRIAL, ABU DHABI, UAE	02-8882622																							
362	AUH	PHARMACY	FALCON PHARMACY LLC	GHAYATHI	INDUSTRIAL SECTOR 18, SANAIYA 2, GHAYATHI, AL DHAFRA REGION, ABU DHABI, UAE	02-874 3164	24.1939064	55.7645138	Ameen Car Garage, Al Ain Sanaiya, Ash Shallal 6 Street, Industrial Area, AZ, United Arab Emirates	Ameen Car Garage, Al Ain Sanaiya		Ash Shallal 6 Street			Industrial Area	Industrial Area	Al Ain		Abu Dhabi Emirate	AZ	United Arab Emirates	ae	0.277984523076923			0.9	© OpenStreetMap contributors	Open Database License	https://www.openstreetmap.org/copyright
363	AUH	PHARMACY	EXPRESS GHAYATHI PHARMACY	SANAYYA	EXPRESS GAYATHI HYPERMARKET BUILDING, GHAYATHI , SANAYYA,ABUDHABI, UAE	02-8740121																							
364	AUH	PHARMACY	PUBLIC LIFE PHARMACY L.L.C	CHINA CAMP, BANIYAS	SHOP NO G04, F2C4-7, BUILDING No.07 PARCO MALL,AL MAFRAQ INDUSTRIAL AREA 2 (CHINA CAMP), BANIYAS,ABU DHABI	02-5563658	24.32884465	54.6061811036283	Al Mafraq, Abu Dhabi, Abu Dhabi Emirate, United Arab Emirates						Al Mafraq	Abu Dhabi	Abu Dhabi		Abu Dhabi Emirate		United Arab Emirates	ae	0.0338296543107039			0.9	© OpenStreetMap contributors	Open Database License	https://www.openstreetmap.org/copyright
365	AUH	PHARMACY	UNIQUE CARE PHARMACY	MUSAFFAH INDUSTRIAL AREA	SHOP NO 07, BUILDING NO 85, STREET 10TH, M-13 MUSAFFAH INDUSTRIAL AREA ABU DHABI UAE	02-5535582	24.3488731	54.4904380047039	Musaffah, Abu Dhabi Emirate, United Arab Emirates							Musaffah	Abu Dhabi		Abu Dhabi Emirate		United Arab Emirates	ae	0.25			1	© OpenStreetMap contributors	Open Database License	https://www.openstreetmap.org/copyright
366	AUH	PHARMACY	GOLDEN TULIP PHARMACY L.L.C	MUSSAFAH INDUSTRIAL AREA	ST#11 PLOT #23 M-17 MUSSAFAH INDUSTRIAL AREA	02-5556608	25.24580515	55.49706525	23 129 Street, Al Khawaneej, Dubai, DU, United Arab Emirates		23	129 Street	48645 92990		Al Khawaneej	Dubai	Dubai	DU	Dubai	DU	United Arab Emirates	ae	0.567	0.63			© OpenStreetMap contributors	Open Database License	https://www.openstreetmap.org/copyright
367	AUH	PHARMACY	HEALTH POINT PHARMACY L.L.C.	MUSSAFAH	BUILDING 3, SHOP 5, MUSAFFAH M-4,ABU DHABI,UAE	02-5590203	24.3734513	54.5131596	fish shop, Sultan Bin Mohammed Al Qubaisi Street, Musaffah, AZ, United Arab Emirates	fish shop		Sultan Bin Mohammed Al Qubaisi Street			Musaffah	Musaffah	Abu Dhabi		Abu Dhabi Emirate	AZ	United Arab Emirates	ae	0.585			0.9	© OpenStreetMap contributors	Open Database License	https://www.openstreetmap.org/copyright
368	AUH	PHARMACY	NEXTHEALTH PHARMACY - SOLE PROPRIETORSHIP LLC	AL DHAFRAH REGION	205, FIRST FLOOR, HAMEEM MALL, AL DHAFRAH REGION, ABU DHABI, UAE	02-8867332																							
369	AUH	PHARMACY	MEDI CURE PHARMACY L.L.C	WORKERS CITY 1,BANIYAS	AL JABER SHOPPING COMPLEX,MAFRAQ WORKERS CITY 1, BANIYAS,ABU DHABI	26228383																							
370	AUH	PHARMACY	LIRA PHARMACY L.L.C	WORKERS CITY 1,BANIYAS	AL RAHA VILLAGE SHOPPING CENTER,MAFRAQ WORKERS CITY 2,BANIYAS WEST,ABU DHABI	02-8864062	24.25198895	54.627356014387	Al Raha Shopping Centre, Ar Rawdah Road, Al Mafraq Workers City, Jarn Yafour, AZ, United Arab Emirates	Al Raha Shopping Centre		Ar Rawdah Road			Al Mafraq Workers City	Jarn Yafour	Abu Dhabi		Abu Dhabi Emirate	AZ	United Arab Emirates	ae	1			1	© OpenStreetMap contributors	Open Database License	https://www.openstreetmap.org/copyright
371	AUH	PHARMACY	BLUE OCEAN PHARMACY - SOLE PROPRIETORSHIP L.L.C	SHABIYA-ME10	ABU DHABI-MUSAFFAH SHABIYA-ME10-MOHAMED BIN ZAYED CITY,ABUDHABI	02-5532323	24.345932	54.539187	Al Ain University Of Science & Technology - Abu Dhabi - Abu Dhabi, Mohamed Bin Zayed City, Abu Dhabi, United Arab Emirates	Al Ain University Of Science & Technology - Abu Dhabi - Abu Dhabi					Mohamed Bin Zayed City	Abu Dhabi	Abu Dhabi		Abu Dhabi	AZ	United Arab Emirates	ae	0				© OpenStreetMap contributors	Open Database License	https://www.openstreetmap.org/copyright
372	AUH	PHARMACY	NEW NATIONAL MEDICAL CENTRE PHARMACY	MUSSAFAH	SHABIYA ME 10,MUSAFFAH, ABUDHABI U.A.E	02-2550100																							
373	AUH	PHARMACY	ASTER PHARMACIES GROUP LLC- BRANCH OF ABUDHABI 1	AL FALAH STREET	AL HAMED BUILDING, AL FALAH STREET, BLUE DIAMOND, BEHIND JUMBO ELECTRONICS	02-6437625	25.3575208	55.3904537	Al Falah Restaurant, Al Rolla Street, Al Gharb, Sharjah, Al Ghuwair, United Arab Emirates	Al Falah Restaurant		Al Rolla Street	33886 01114	Al Ghuwair	Al Gharb	Sharjah	Sharjah		Sharjah Emirate	SH	United Arab Emirates	ae	0.00723214285714286	0.128571428571429		0.142857142857143	© OpenStreetMap contributors	Open Database License	https://www.openstreetmap.org/copyright
374	AUH	PHARMACY	ASTER PHARMACIES GROUP L.L.C-BRANCH OF ABU DHABI -5	ELECTRA	BUILDING NO 7, ZAYED STREET, ELECTRA	02-4489240	25.3462402	55.4226632	Sharjah Coop, 340 Sheikh Zayed Street, Halwan, Sharjah, Al Abar, United Arab Emirates	Sharjah Coop	340	Sheikh Zayed Street		Al Abar	Halwan	Sharjah	Sharjah		Sharjah Emirate	SH	United Arab Emirates	ae	0				© OpenStreetMap contributors	Open Database License	https://www.openstreetmap.org/copyright
375	AUH	PHARMACY	ASTER PHARMACIES GROUP LLC- BRANCH OF ABUDHABI 3	HAMDAN STREET	BUILDING NO. EC –C-19, HAMDAN STREET, NEAR TO LULU INTERNATIONAL EXCHANGE	02-6229870	25.141071	55.248272	1-3 Latifa Bint Hamdan Street, Al Quoz Indistrial Area 2, Dubai, DU, United Arab Emirates		1-3	Latifa Bint Hamdan Street	23420 81696		Al Quoz Indistrial Area 2	Dubai	Dubai	DU	Dubai	DU	United Arab Emirates	ae	0.0430434782608696	0.135	0.045	0.166666666666667	© OpenStreetMap contributors	Open Database License	https://www.openstreetmap.org/copyright
376	AUH	PHARMACY	ASTER PHARMACIES GROUP L.L.C- BRANCH OF ABU DHABI 8	ELECTRA STREET	CANON BUILDING, ELECTRA STREET, NEXT TO CBI BANK BUILDING	02-6711831																							
377	AUH	PHARMACY	ASTER PHARMACIES GROUP LLC- BRANCH OF ABUDHABI 2	KHALIDYA	DAR AL THALMIYA, KHALIDIYA, ABU DHABI, UAE, BEHIND AL MUHAIRY CENTRE	02-4910686	24.4367795	54.3999654	Al nahda national school, Makkah Street, Al Mushrif, Abu Dhabi, AZ, United Arab Emirates	Al nahda national school		Makkah Street			Al Mushrif	Abu Dhabi	Abu Dhabi		Abu Dhabi Emirate	AZ	United Arab Emirates	ae	0.115384615384615	0.230769230769231			© OpenStreetMap contributors	Open Database License	https://www.openstreetmap.org/copyright
378	AUH	PHARMACY	MODERN DAR AL SHIFA - MUSSFAH BR.	MUSSAFAH	INDUSTRIAL AREA 9, MUSAFFAH	02-5561637	24.3725499	54.5085710660083	Midco Industrial Equipment, Sultan Bin Mohammed Al Qubaisi Street, Musaffah, AZ, United Arab Emirates	Midco Industrial Equipment		Sultan Bin Mohammed Al Qubaisi Street			Musaffah	Musaffah	Abu Dhabi		Abu Dhabi Emirate	AZ	United Arab Emirates	ae	0.7776			1	© OpenStreetMap contributors	Open Database License	https://www.openstreetmap.org/copyright
379	AUH	PHARMACY	MODERN DAR AL SHIFA PHARMACY	ABU DHABI	NEAR DANA HOTEL - ABU DHABI	02-6446100	24.49657225	54.3796568	Dana Hotel, Al Zahiyah Street, Al Zahiyah, Abu Dhabi, AZ, United Arab Emirates	Dana Hotel		Al Zahiyah Street			Al Zahiyah	Abu Dhabi	Abu Dhabi		Abu Dhabi Emirate	AZ	United Arab Emirates	ae	0.766666666666667	0.9		0.9	© OpenStreetMap contributors	Open Database License	https://www.openstreetmap.org/copyright
380	AUH	PHARMACY	ASTER PHARMACY LLC - FARMACIA HOME HEALTH CARE	MUSSAFAH	SAFEERMALL, MUSSAFAH	02 5529395																							
381	AUH	PHARMACY	ASTER PHARMACIES GROUP L.L.C- BRANCH OF ABU DHABI 6	MUSAFFAH	SHABIYA#10, NEAR TO JOY ALUKAS JEWELRY, MUSAFFAH	02-5502429	24.3488731	54.4904380047039	Musaffah, Abu Dhabi Emirate, United Arab Emirates							Musaffah	Abu Dhabi		Abu Dhabi Emirate		United Arab Emirates	ae	0.25			1	© OpenStreetMap contributors	Open Database License	https://www.openstreetmap.org/copyright
382	AUH	PHARMACY	ASTER PHARMACIES GROUP LLC- BRANCH OF ABUDHABI 4	DEYYAR	SHOP NO 7&8,BODEBIS BUILDING ,DEFENSE ROAD, DEYYAR	02-4478482	25.21165605	55.2765820857319	Rose Rayhaan by Rotana, 105 Sheikh Zayed Road (north), Trade Centre, Dubai, Sheikh Zayed Road, United Arab Emirates	Rose Rayhaan by Rotana	105	Sheikh Zayed Road (north)	26364 89516	Sheikh Zayed Road	Trade Centre	Dubai	Dubai	DU	Dubai	DU	United Arab Emirates	ae	0.0162	0.81	0.18		© OpenStreetMap contributors	Open Database License	https://www.openstreetmap.org/copyright
383	AUH	PHARMACY	ASTER PHARMACIES GROUP L.L.C- BRANCH OF ABU DHABI 7	ABU DHABI	AL SHAHEEN COMPLEX , NEAR CHOITHRAM SUPER MARKET, KHALIDIYA, ABU DHABI	02-6395140	24.474613	54.347125	Khalidiya Centre, Al Khalidiyah, Abu Dhabi, AZ, United Arab Emirates	Khalidiya Centre		Khalidiya Centre			Al Khalidiyah	Abu Dhabi	Abu Dhabi		Abu Dhabi	AZ	United Arab Emirates	ae	0.9	0.9		1	© OpenStreetMap contributors	Open Database License	https://www.openstreetmap.org/copyright
384	AUH	PHARMACY	ASTER PHARMACIES GROUP L.L.C BRANCH ABU DHABI 10	ELECTRA STREET	HEIRS OF DARWISH BIN AHMED BUILDING, SHOP NO:005, ZAYED 1ST ST, ELECTRA STREET, ABUDHABI, UAE	02-8868770	24.4843972	54.3618911	Al Safa Supermarket Electra Street, Um Ayman Street, Al Danah, Abu Dhabi, AZ, United Arab Emirates	Al Safa Supermarket Electra Street		Um Ayman Street			Al Danah	Abu Dhabi	Abu Dhabi		Abu Dhabi Emirate	AZ	United Arab Emirates	ae	0.421590361445783			0.25	© OpenStreetMap contributors	Open Database License	https://www.openstreetmap.org/copyright
385	AUH	PHARMACY	ASTER PHARMACIES GROUP L.L.C ABU DHABI BRANCH 11	AIRPORT ROAD	SHOP NO.2, BUILDING NO.193, NEXT TO ADNOC PETROL STATION, SECTOR E 18_01, AIRPORT ROAD, ABU DHABI, UAE	02-6274688	24.4632967	54.3885674	Servcorp Al Mamoura Building, Mohammed Bin Khalifa Street, Al Nahyan, Abu Dhabi, Al Nahyan Camp, United Arab Emirates	Servcorp Al Mamoura Building		Mohammed Bin Khalifa Street		Al Nahyan Camp	Al Nahyan	Abu Dhabi	Abu Dhabi		Abu Dhabi Emirate	AZ	United Arab Emirates	ae	0.054756			0.225	© OpenStreetMap contributors	Open Database License	https://www.openstreetmap.org/copyright
386	AUH	PHARMACY	ASTER PHARMACIES GROUP L.L.C BRANCH OF ABU DHABI 9	AL WATHIQ STREET	SHOP 2, BUILDING 139, AL WATHIQ STREET, SULTAN BIN ZAYED THE FIRST , BESIDE ZEHRAT LEBANON, MUROOR ROAD, ABUDHABI	02-8869464	24.433728	54.4378	​67, Al Wathiq Street / ​76, Al Hamlah Street, 139 Al Wathiq Street, Al Sa'Adah, Abu Dhabi, AZ, United Arab Emirates	​67, Al Wathiq Street / ​76, Al Hamlah Street	139	Al Wathiq Street			Al Sa'Adah	Abu Dhabi	Abu Dhabi		Abu Dhabi	AZ	United Arab Emirates	ae	0.45	1	0		© OpenStreetMap contributors	Open Database License	https://www.openstreetmap.org/copyright
387	AUH	PHARMACY	ASTER PHARMACIES GROUP L.L.C - ABU DHABI BRANCH 15	AL NAHYAN	37, AL RAWNAQ ST, AL NAHYAN, ABU DHABI	02-6431619	24.463604	54.386907	37 Al Rawnaq Street, Al Nahyan, Abu Dhabi, Al Nahyan Camp, United Arab Emirates		37	Al Rawnaq Street	22221	Al Nahyan Camp	Al Nahyan	Abu Dhabi	Abu Dhabi		Abu Dhabi Emirate		United Arab Emirates	ae	1	1	1	1	© OpenStreetMap contributors	Open Database License	https://www.openstreetmap.org/copyright
388	AUH	PHARMACY	ASTER PHARMACIES GROUP L.L.C - BRANCH OF ABU DHABI 14	AL DANAH	721, AL MURAIKHI BUILDING, HAMDAN BIN MOHAMMED ST, AL DANAH, ABU DHABI	02-6350204	24.365909	54.582942	Abu Dhabi, AZ, United Arab Emirates							Abu Dhabi	Abu Dhabi Municipality		Abu Dhabi	AZ	United Arab Emirates	ae	0.036			0.9	Who's On First	CC0	https://www.whosonfirst.org/docs/licenses/
389	AUH	PHARMACY	ASTER PHARMACIES GROUP LLC BRANCH ABUDHABI 13	AL DANA EAST	DARWISH BIN AHMED BUILDING,AL FALAH STREET, AL DANA EAST , BESIDE TAHA MEDICAL CENTER, ABU DHABI, UAE	02-5858396	24.4767684	54.3791247	Prince Medical Centre, Muscat Street, Al Danah, Abu Dhabi, AZ, United Arab Emirates	Prince Medical Centre		Muscat Street			Al Danah	Abu Dhabi	Abu Dhabi		Abu Dhabi Emirate	AZ	United Arab Emirates	ae	0.3	0.6			© OpenStreetMap contributors	Open Database License	https://www.openstreetmap.org/copyright
390	AUH	PHARMACY	ZEST WELLNESS PHARMACY LLC - BRANCH OF ABU DHABI 1	KHALIFA CITY	UNIT 07 & 08, WAITROSE CENTRE, KHALIFA CITY,SW-3, SECTOR 32, THEYAB BIN EISSA ST, ABU DHABI, UAE	02-5653462	24.4081539459886	54.5705293771677	Theyab Bin Eissa Street, Khalifa City, Abu Dhabi, Abu Dhabi Emirate, United Arab Emirates	Theyab Bin Eissa Street		Theyab Bin Eissa Street	UAE		Khalifa City	Abu Dhabi	Abu Dhabi		Abu Dhabi Emirate		United Arab Emirates	ae	0.5	1		1	© OpenStreetMap contributors	Open Database License	https://www.openstreetmap.org/copyright
391	AUH	PHARMACY	ASTER PHARMACIES GROUP L.L.C - BRANCH OF ABU DHABI 17	INDUSTRIAL CITY, ICAD I	FF 123, DALMA MALL, AL WAZN ST, ABU DHABI INDUSTRIAL CITY, ICAD I, ABU DHABI	02-5620147	24.3307524	54.4914149	ICAD I, Abu Dhabi Industrial City, Abu Dhabi Emirate, United Arab Emirates						ICAD I	Abu Dhabi Industrial City	Abu Dhabi		Abu Dhabi Emirate		United Arab Emirates	ae	0.25			1	© OpenStreetMap contributors	Open Database License	https://www.openstreetmap.org/copyright
392	AUH	PHARMACY	MARIAM PHARMACY LLC	AL WAHDA MALL	OPPOSITE AL WAHDA MALL, DEFECNE ROAD, ABU DHABI	02-6418383	24.365909	54.582942	Abu Dhabi, AZ, United Arab Emirates							Abu Dhabi	Abu Dhabi		Abu Dhabi	AZ	United Arab Emirates	ae	0.1			0.9	Who's On First	CC0	https://www.whosonfirst.org/docs/licenses/
393	AUH	PHARMACY	AMAL PHARMACY - SOLE PROPRIETORSHIP L.L.C	BANIYAS EAST 9	BANIYAS EAST 9, ABU DHABI, UAE	02-5833996	24.30047	54.63611	Baniyas, AZ, United Arab Emirates							Baniyas	Abu Dhabi		Abu Dhabi	AZ	United Arab Emirates	ae	0.692307692307692			0.9	GeoNames	CC BY 4.0	https://www.geonames.org/datasources/
394	AUH	PHARMACY	AL AHALIA NATIONAL PHARMACY L.L.C. - BRANCH 1	TARIF ROAD	M 24, MUSAFFAH, NEAR BMW SHOW ROOM, TARIF ROAD	02-5597090	24.3614752	54.5134902	COSTWORTH AUTOSHOP GARAGE LLC, 36 M 32/1, Musaffah Industrial Area, Musaffah, AZ, United Arab Emirates	COSTWORTH AUTOSHOP GARAGE LLC	36	M 32/1			Musaffah Industrial Area	Musaffah	Abu Dhabi		Abu Dhabi Emirate	AZ	United Arab Emirates	ae	0				© OpenStreetMap contributors	Open Database License	https://www.openstreetmap.org/copyright
395	AUH	PHARMACY	GALAXY PHARMACY L.L.C.	MUSSAFFAH – 37	NEAR AHMED SALEM AL - MAHRAMI MOSQUE, OPP AL MADINA HYPERMARKET, MUSSAFFAH – 37	02-5575413	25.298802	55.3699233	Salem ahmed al moosa enterprises tower 1, Al Nahda Street, Al Nahda, Sharjah, SH, United Arab Emirates	Salem ahmed al moosa enterprises tower 1		Al Nahda Street	35888 98755		Al Nahda	Sharjah	Sharjah		Sharjah Emirate	SH	United Arab Emirates	ae	0				© OpenStreetMap contributors	Open Database License	https://www.openstreetmap.org/copyright
396	AUH	PHARMACY	AL RIDA PHARMACY	NAJATHA STREET	NAJATHA STREET, OPP. NATIONAL CINEMA	02-6766125	25.051825	55.266024	Street 1 Street, Arabian Ranches, Dubai, DU, United Arab Emirates			Street 1 Street	25065 71800		Arabian Ranches	Dubai	Dubai	DU	Dubai	DU	United Arab Emirates	ae	0.0695261678200692	0.35721		0.3969	© OpenStreetMap contributors	Open Database License	https://www.openstreetmap.org/copyright
397	AUH	PHARMACY	BETTER LIFE PHARMACY - SOLE PROPRIETORSHIP L.L.C.	MUSAFFAH ICAD	MUSAFFAH ICAD, NEAR FATHIMA SUPERMARKET	02-5506693																							
398	AUH	PHARMACY	BETTER LIFE PHARMACY- SOLE PROPRIETORSHIP L.L.C. - BRANCH 1	CORNICHE ROAD	CORNICHE ROAD,AUH	02-6222230	25.309723	55.352809	Corniche Road Al Mamzar Sharjah, Al Khan, Sharjah, SH, United Arab Emirates			Corniche Road Al Mamzar Sharjah	34082 00307		Al Khan	Sharjah	Sharjah		Sharjah	SH	United Arab Emirates	ae	0.3358411875	0.413343		0.567	© OpenStreetMap contributors	Open Database License	https://www.openstreetmap.org/copyright
399	AUH	PHARMACY	EASTERN AL AHLIA PHARMACY - L.L.C.	MAFRAQ, WORKERS CITY-2	MAFRAQ, WORKERS CITY-2,AUH	02-5856008	24.32965	54.60764	Al Mafraq, AZ, United Arab Emirates							Al Mafraq	Abu Dhabi		Abu Dhabi	AZ	United Arab Emirates	ae	0				GeoNames	CC BY 4.0	https://www.geonames.org/datasources/
400	AUH	PHARMACY	MADINA ZAYED AL AHLIYYA PHARMACY	SHABIA	33RD STREET, ME-10, MUSSAFAH, SHABIA, MOHAMED BIN ZAYED CITY	02-5593711																							
401	AUH	PHARMACY	NEW ABU DHABI PHARMACY - SOLE PROPRIETORSHIP L.L.C	AL FALAH STREET	AL FALAH STREET, OLD PASSPORT ROAD, RAFCO BUILDING	02-6777625	25.3588448	55.5130715	Emrats road old, Sheikh Mohammed Bin Zayed Road, Muntazy, Emirates City, AJ, United Arab Emirates	Emrats road old		Sheikh Mohammed Bin Zayed Road			Muntazy	Emirates City	Ajman	AJ	Ajman Emirate	AJ	United Arab Emirates	ae	0.100461436672968			0.81	© OpenStreetMap contributors	Open Database License	https://www.openstreetmap.org/copyright
402	AUH	PHARMACY	NOOR ALAHLI PHARMACY L.L.C. - BRANCH 1	ICAD GATE 1	ICAD MALL, ICAD GATE 1, M41, ICAD RESIDENTIAL CITY, MUSSAFAH	02-6416723	24.9224877	55.0046793533713	Underworld, 9/1 Motion Gate Street, Dubai Parks and Resorts, Jebel Ali, Dubai, United Arab Emirates	Underworld	9/1	Motion Gate Street	98486 57610		Dubai Parks and Resorts	Jebel Ali			Dubai		United Arab Emirates	ae	0.0185365384615385	0.0405	0.02835	0.05	© OpenStreetMap contributors	Open Database License	https://www.openstreetmap.org/copyright
403	AUH	PHARMACY	NOOR ALAHLI PHARMACY L.L.C. - BRANCH 2	MUSSAFFAH	ABU SHAKRA BLDG., ME-9, MUSSAFFAH	02-5522309	25.062699	55.244484	9, Al Barsha South 3, Dubai, DU, United Arab Emirates			9	22858 72924		Al Barsha South 3	Dubai	Dubai	DU	Dubai	DU	United Arab Emirates	ae	0.155172413793103	0.3		0.333333333333333	© OpenStreetMap contributors	Open Database License	https://www.openstreetmap.org/copyright
404	AUH	PHARMACY	NOOR ALAHLI PHARMACY L.L.C. - BRANCH 3	HAMDAN STREET	OPP PANORAMA BLDG, HAMDAN STREET, HAMDAN	02-6263305	24.4881148	54.3612507	Hamdan St / Liwa Center, Hamdan Bin Mohammed Street, Al Danah, Abu Dhabi, AZ, United Arab Emirates	Hamdan St / Liwa Center		Hamdan Bin Mohammed Street			Al Danah	Abu Dhabi	Abu Dhabi		Abu Dhabi Emirate	AZ	United Arab Emirates	ae	0.2657205			0.729	© OpenStreetMap contributors	Open Database License	https://www.openstreetmap.org/copyright
405	AUH	PHARMACY	NOOR ALAHLI PHARMACY L.L.C. - BRANCH 4	BANIYAS WEST	NEAR BANIYAS COURT, BANIYAS WEST	02-5668124	24.2779736	54.6436136	Baniyas court, Al Musbih Street, Baniyas West, Jarn Yafour, AZ, United Arab Emirates	Baniyas court		Al Musbih Street			Baniyas West	Jarn Yafour	Abu Dhabi		Abu Dhabi Emirate	AZ	United Arab Emirates	ae	0.733333333333333			1	© OpenStreetMap contributors	Open Database License	https://www.openstreetmap.org/copyright
406	AUH	PHARMACY	NOOR ALAHLI PHARMACY L.L.C. - BRANCH 5	BANIYAS WEST	BANIYAS WEST, NEAR UNITED SCHOOL	02-5831929	24.30047	54.63611	Baniyas, AZ, United Arab Emirates							Baniyas	Abu Dhabi		Abu Dhabi	AZ	United Arab Emirates	ae	0.2			0.2	GeoNames	CC BY 4.0	https://www.geonames.org/datasources/
407	AUH	PHARMACY	NOOR ALAHLI PHARMACY L.L.C. - BRANCH 6	HAMDAN STREET	C15, SECTOR : EAST 6, HAMDAN STREET, HAMDAN	02-6210524	24.4958457	54.3702721	Al Sidr Natural Honey, 35 Dhat As Sawari Street, Al Danah, Abu Dhabi, AZ, United Arab Emirates	Al Sidr Natural Honey	35	Dhat As Sawari Street	45673		Al Danah	Abu Dhabi	Abu Dhabi		Abu Dhabi Emirate	AZ	United Arab Emirates	ae	0.0450535135135135	0.3	0.09	0.333333333333333	© OpenStreetMap contributors	Open Database License	https://www.openstreetmap.org/copyright
408	AUH	PHARMACY	NOOR ALAHLI PHARMACY L.L.C. - BRANCH 7	HAMDAN STREET	BEHIND A BLOCK, OPP DU BLDG, HAMDAN STREET, HAMDAN	02-6269545	25.1553564	55.4031727644662	Souk Warsan Block A, Manama Street, Warsan 1, Dubai, United Arab Emirates	Souk Warsan Block A		Manama Street	39064 83114		Warsan 1	Dubai			Dubai		United Arab Emirates	ae	0.289943181818182	0.25515		0.2835	© OpenStreetMap contributors	Open Database License	https://www.openstreetmap.org/copyright
409	AUH	PHARMACY	NOOR ALAHLI PHARMACY L.L.C. - BRANCH 8	MARFA SOUQ	MARFA SOUQ, OPP ABUSAEED MOSQUE, MIRFA	02-8833443	24.0852578	53.4978842911354	Al Marfa Hospital, Yazeed Bin Al Akhnas Street, Al Marfa, Al Mirfa, Abu Dhabi Emirate, United Arab Emirates	Al Marfa Hospital		Yazeed Bin Al Akhnas Street			Al Marfa	Al Mirfa	Al Dhafrah Region		Abu Dhabi Emirate		United Arab Emirates	ae	0.578911764705883			0.36	© OpenStreetMap contributors	Open Database License	https://www.openstreetmap.org/copyright
410	AUH	PHARMACY	STAR AL AHALIA PHARMACY	GAYATHI	C76, NEAR GAYATHI MARKET, GAYATHI	02-8744060	24.9699363	55.1679831	Geldbach International LLC, Ware house 47 59 Street, Dubai Investment Park 1, Dubai, DU, United Arab Emirates	Geldbach International LLC	Ware house 47	59 Street	15060 62995		Dubai Investment Park 1	Dubai	Dubai	DU	Dubai	DU	United Arab Emirates	ae	0.09375	0.1875			© OpenStreetMap contributors	Open Database License	https://www.openstreetmap.org/copyright
411	AUH	PHARMACY	UNIQUE AL AHALIA PHARMACY	MUSSAFAH, SHABIYA	ME-10, NEAR RED CRESCENT, MUSSAFAH, SHABIYA	02-5595441																							
412	AUH	PHARMACY	UNIQUE AL AHALIA PHARMACY - BRANCH 1	HAMDAN STREET	BEHIND LIWA CENTER, HAMDAN STREET, HAMDAN	02-6352775	24.4881148	54.3612507	Hamdan St / Liwa Center, Hamdan Bin Mohammed Street, Al Danah, Abu Dhabi, AZ, United Arab Emirates	Hamdan St / Liwa Center		Hamdan Bin Mohammed Street			Al Danah	Abu Dhabi	Abu Dhabi		Abu Dhabi Emirate	AZ	United Arab Emirates	ae	0.494734864864865			0.729	© OpenStreetMap contributors	Open Database License	https://www.openstreetmap.org/copyright
413	AUH	PHARMACY	WESTERN TOWERS AL AHLIA PHARMACY	SANAYA, MADINA ZAYED	MZE-19, SANAYA, MADINA ZAYED	02-8841020	24.3369128	54.5380422	19 Al Nadeem Street, ME10, Abu Dhabi, AZ, United Arab Emirates		19	Al Nadeem Street	20610		ME10	Abu Dhabi	Abu Dhabi		Abu Dhabi Emirate	AZ	United Arab Emirates	ae	0		0.9	0.729	© OpenStreetMap contributors	Open Database License	https://www.openstreetmap.org/copyright
414	AUH	PHARMACY	PHOENIX HOSPITAL PHARMACY L.L.C.	SHABIYAH	M-10, SHABIYAH, MUSAFFAH	02-6151525	24.37082035	54.5061707874189	M 10, Musaffah Industrial Area, Musaffah, Abu Dhabi, United Arab Emirates	M 10					Musaffah Industrial Area	Musaffah	Abu Dhabi		Abu Dhabi Emirate		United Arab Emirates	ae	1			0.333333333333333	© OpenStreetMap contributors	Open Database License	https://www.openstreetmap.org/copyright
415	AUH	PHARMACY	MILLENNIUM HOSPITAL PHARMACY L.L.C.	SHABIA 9	C 175, ME 9, SHABIA 9, MUSSAFAH	02-5649409																							
416	AUH	PHARMACY	AL AHALIA NATIONAL PHARMACY L.L.C.	MUSSAFAH	TARIFF ROAD, M-24, MUSSAFAH	02-8119151	25.2802017	55.3867086101087	Damascus Road 2, Damascus Street, Al Qusais Industrial 2, Dubai, DU, United Arab Emirates	Damascus Road 2		Damascus Street	37568 96904		Al Qusais Industrial 2	Dubai	Dubai	DU	Dubai	DU	United Arab Emirates	ae	0.037054820415879	0.162		0.2	© OpenStreetMap contributors	Open Database License	https://www.openstreetmap.org/copyright
417	AUH	PHARMACY	UNIQUE AL AHALIA PHARMACY - BRANCH 2	DELMA STREET	DELMA STREET, OLD AIRPORT ROAD	02-6410039	24.4249561	54.4476613	Mercedes-Benz Airport Road, Mzaham Street, Al Rawdah, Abu Dhabi, Sports City, United Arab Emirates	Mercedes-Benz Airport Road		Mzaham Street		Sports City	Al Rawdah	Abu Dhabi	Abu Dhabi		Abu Dhabi Emirate	AZ	United Arab Emirates	ae	0.12728674744898			0.729	© OpenStreetMap contributors	Open Database License	https://www.openstreetmap.org/copyright
418	AUH	PHARMACY	ZIRKU PHARMACY	ZIRKU ISLAND	ZIRKU ISLAND, ABU DHABI	02 6056503	24.365909	54.582942	Abu Dhabi, AZ, United Arab Emirates							Abu Dhabi	Abu Dhabi		Abu Dhabi	AZ	United Arab Emirates	ae	0.405			0.81	Who's On First	CC0	https://www.whosonfirst.org/docs/licenses/
419	AUH	PHARMACY	ADNOC ONSHORE MEDICAL CENTRE PHARMACY	AL KHALIDIYAH	ADCO MEDICAL CENTRE, NEAR ADCO OPERATIONS, AL KHALIDIYAH,1ST CORNICHE STREET, ABU DHABI	02-6018527 / 02-6043013	24.365909	54.582942	Abu Dhabi, AZ, United Arab Emirates							Abu Dhabi	Abu Dhabi Municipality		Abu Dhabi	AZ	United Arab Emirates	ae	0.036			0.9	Who's On First	CC0	https://www.whosonfirst.org/docs/licenses/
420	AUH	PHARMACY	ADNOC TECHNICAL INSTITUTE PHARMACY	AL SHAWAMEKH	AL SHAWAMEKH, NEAR SCHLUMBERGER - ABU DHABI	02 6022837	24.2844014	54.4723366792674	Schlumberger, ICAD II, Abu Dhabi Industrial City, Abu Dhabi, United Arab Emirates	Schlumberger					ICAD II	Abu Dhabi Industrial City	Abu Dhabi		Abu Dhabi Emirate		United Arab Emirates	ae	1			1	© OpenStreetMap contributors	Open Database License	https://www.openstreetmap.org/copyright
421	AUH	PHARMACY	DAS MEDICAL CENTER PHARMACY	DAS ISLAND	DAS ISLAND, ABU DHABI	02-6063500	25.14193095	52.8775402943263	Das Island, Abu Dhabi Emirate, United Arab Emirates							Das Island	Al Dhafrah Region		Abu Dhabi Emirate		United Arab Emirates	ae	0				© OpenStreetMap contributors	Open Database License	https://www.openstreetmap.org/copyright
422	AUH	PHARMACY	ABU DHABI REFINERY	INTERNATIONAL AIRPORT ROAD	INTERNATIONAL AIRPORT ROAD - ABU DHABI	02 6026305	24.4109148365346	54.6218667009454	Sweihan Road, Masdar City, Abu Dhabi, Abu Dhabi Emirate, United Arab Emirates	Sweihan Road		Sweihan Road			Masdar City	Abu Dhabi	Abu Dhabi		Abu Dhabi Emirate		United Arab Emirates	ae	0.567	0.567		1	© OpenStreetMap contributors	Open Database License	https://www.openstreetmap.org/copyright
423	AUH	PHARMACY	SHEIKH KHALIFA ENERGY CLINIC PHARMACY	SHEIKH KHALIFA ENERGY COMPLEX	SHEIKH KHALIFA ENERGY COMPLEX - ABU DHABI	02 6020070	24.49792	54.3666885020773	Sheikh Khalifa Energy Complex, At Touk Street, Al Danah, Abu Dhabi, Abu Dhabi Emirate, United Arab Emirates	Sheikh Khalifa Energy Complex		At Touk Street			Al Danah	Abu Dhabi	Abu Dhabi		Abu Dhabi Emirate		United Arab Emirates	ae	1			1	© OpenStreetMap contributors	Open Database License	https://www.openstreetmap.org/copyright
424	AUH	PHARMACY	AL DABBAYIA PHARMACY	RAMS DHABIYYA CLINI	RAMS DHABIYYA CLINIC,ABU DHABI	02-26046788																							
425	AUH	PHARMACY	ASAB PHARMACY	ASAB AREA	ASAB AREA, ABU DHABI	02-6034222	24.49852585	54.4098953027476	Play area, Al Reem Island, Abu Dhabi, AZ, United Arab Emirates	Play area		Play area			Al Reem Island	Abu Dhabi	Abu Dhabi		Abu Dhabi Emirate	AZ	United Arab Emirates	ae	1			1	© OpenStreetMap contributors	Open Database License	https://www.openstreetmap.org/copyright
426	AUH	PHARMACY	BUHASA PHARMACY	RAMS BUHASA	RAMS BUHASA, ABU DHABI	02-6035272	23.61667	53.38333	Buhasa Airport, Al Dhafra, United Arab Emirates	Buhasa Airport							Al Dhafra		Abu Dhabi	AZ	United Arab Emirates	ae	0				GeoNames	CC BY 4.0	https://www.geonames.org/datasources/
427	AUH	PHARMACY	HABSHAN PHARMACY	HABSHAN	BEDA ZAYED ROAD, HABSHAN ABU DHABI	02-6038331	24.365909	54.582942	Abu Dhabi, AZ, United Arab Emirates							Abu Dhabi	Abu Dhabi		Abu Dhabi	AZ	United Arab Emirates	ae	0.087890625			0.9	Who's On First	CC0	https://www.whosonfirst.org/docs/licenses/
428	AUH	PHARMACY	AL DHANNAH HOSPITAL PHARMACY	AL DHANNAH CITY	AL DHANNAH CITY, NEAR AL DHANNAH MALL	02-8090311	25.075873	55.141904	Marina Mall, Al Sufouh 2, Dubai, DU, United Arab Emirates			Marina Mall	12594 74659		Al Sufouh 2	Dubai	Dubai	DU	Dubai	DU	United Arab Emirates	ae	0				© OpenStreetMap contributors	Open Database License	https://www.openstreetmap.org/copyright
429	AUH	PHARMACY	MEDEOR 24X7 PHARMACY LLC	AL FALAH ST - AL DANAH	AL FALAH ST - AL DANAH - ZONE 1 - ABU DHABI	02-6900 466	24.4812918874139	54.3729501433418	Al Falah Street, Al Danah, Abu Dhabi, Abu Dhabi Emirate, United Arab Emirates	Al Falah Street		Al Falah Street			Al Danah	Abu Dhabi	Abu Dhabi		Abu Dhabi Emirate		United Arab Emirates	ae	0.414418604651163	0.9		0.9	© OpenStreetMap contributors	Open Database License	https://www.openstreetmap.org/copyright
430	AUH	PHARMACY	ALGHARBIA MEDICINE PHARMACY LLC	SHABIYA 10	NEAR PRIME CARE MEDICAL CENTRE. SHABIYA 10 ABUDHABI,UAE	02-5587652																							
431	AUH	PHARMACY	KNIGHTS PHARMACY	ZAYED THE FIRST STREET	1ST FLOOR, PINK BUILDING #501, NEAR ROYAL ROSE HOTEL, ZAYED THE FIRST STREET - E-10 - ABU DHABI	02-6767366	24.4613483018452	54.3341141124995	Zayed The First Street, Al Bateen, Abu Dhabi, Abu Dhabi Emirate, United Arab Emirates	Zayed The First Street		Zayed The First Street			Al Bateen	Abu Dhabi	Abu Dhabi		Abu Dhabi Emirate		United Arab Emirates	ae	0.5	1		1	© OpenStreetMap contributors	Open Database License	https://www.openstreetmap.org/copyright
432	AUH	PHARMACY	KNIGHTS PHARMACY - LLC - KHALIFA BRANCH.	NEAR SHEIKH KHALIFA MEDICAL CITY	VILLA NO # 209, NEAR SHEIKH KHALIFA MEDICAL CITY, AL KARAMAH STREET	02-621 9996																							
433	AUH	PHARMACY	ASTER PHARMACIES GROUP L.L.C - ABU DHABI BRANCH 20	BANIYAS	SHOP NO.1, THIBAN BUILDING, PLOT S17, AL TAATUF STREET, BANIYAS, ABU DHABI	02-6355490	24.306571	54.612689	Al Ta'atuf Street, Bani Yas, Abu Dhabi, AZ, United Arab Emirates			Al Ta'atuf Street			Bani Yas	Abu Dhabi	Abu Dhabi		Abu Dhabi	AZ	United Arab Emirates	ae	0.5	1		1	© OpenStreetMap contributors	Open Database License	https://www.openstreetmap.org/copyright
434	AUH	PHARMACY	ASTER PHARMACIES GROUP L.L.C - BRANCH OF ABU DHABI 18	KHALIFA CITY	SHOP NO.1, BUILDING C54, AL MIREEF STREET, SECTOR SE45,SOUTHEAST-KHALIFA CITY, KHALIFA CITY, ABU DHABI	02-5845609	24.429417209054	54.5623678242985	Al Mireef Street, Khalifa City, Abu Dhabi, Abu Dhabi Emirate, United Arab Emirates	Al Mireef Street		Al Mireef Street			Khalifa City	Abu Dhabi	Abu Dhabi		Abu Dhabi Emirate		United Arab Emirates	ae	0.5	1		1	© OpenStreetMap contributors	Open Database License	https://www.openstreetmap.org/copyright
435	AUH	PHARMACY	ASTER PHARMACIES GROUP L.L.C - BRANCH OF ABU DHABI 19	AL SHAHAMAH	SHOP NO-2, BUILDING-4968, PLOT C123,AL-TAGHROUDA STREET, NEW SHAHAMAH, AL SHAHAMAH, ABU DHABI	02-5837390	24.424034	54.564436	Al Aswaq Street, Khalifa City, Abu Dhabi, AZ, United Arab Emirates			Al Aswaq Street			Khalifa City	Abu Dhabi	Abu Dhabi		Abu Dhabi	AZ	United Arab Emirates	ae	0.0555555555555556	0.111111111111111		1	© OpenStreetMap contributors	Open Database License	https://www.openstreetmap.org/copyright
436	AUH	PHARMACY	ASTER PHARMACIES GROUP L.L.C - BRANCH OF ABU DHABI 21	AL RAHA	G-01, BUILDING-P-2629, SECTOR RBW8, AL RAHA BEACH WEST, AL RAHA, ABU DHABI	02-8846576	24.438513	54.572513	Al Raha Beach Hotel, Al Raha, Abu Dhabi, AZ, United Arab Emirates			Al Raha Beach Hotel			Al Raha	Abu Dhabi	Abu Dhabi		Abu Dhabi	AZ	United Arab Emirates	ae	0.35	0.7		1	© OpenStreetMap contributors	Open Database License	https://www.openstreetmap.org/copyright
437	AUH	PHARMACY	AL RAWDHA PHARMACY L.L.C	AL DANAH ZONE	P-805 PROPERTY NO. PRP572, BEHIND ADNOC-NDC BUILDING AL DANAH ZONE 1 E11 ABU DHABI, UAE	02-550 5565																							
438	AUH	PHARMACY	FAMILY PHARMACY	AL MARAFI STREET, AL DANAH,	HAMAD MUHAMMAD ALI AL YABHOUNI AL DHAHERI BLDG,AL MARAFI STREET, AL DANAH, ABU DHABI CITY	02-631 7417																							
439	AUH	PHARMACY	A B C PLUS PHARMACY	WORKER CITY NO.1-MAFRAQ I	WORKER CITY NO.1-MAFRAQ INDUSTRIAL AREA-ABU DHABI UAE	02-6279479																							
440	AUH	PHARMACY	A B C PLUS PHARMACY BRANCH	BANI YAS WEST	NERA JERN YAFOOR SCHOOL BANI YAS WEST ABU DHABI,UAE	02-8784997																							
441	AUH	PHARMACY	AL FURQAN PHARMACY	AL MAFRAQ WORKERS CITY	JARN YAFOUR - AL MAFRAQ WORKERS CITY - ABU DHABI	02-644 0077	24.32884465	54.6061811036283	Al Mafraq, Abu Dhabi, Abu Dhabi Emirate, United Arab Emirates						Al Mafraq	Abu Dhabi	Abu Dhabi		Abu Dhabi Emirate		United Arab Emirates	ae	0.19140625			1	© OpenStreetMap contributors	Open Database License	https://www.openstreetmap.org/copyright
442	AUH	PHARMACY	M37 PHARMACY LLC	MUSSAFAH	MUSSAFAH M 37 NEAR ALI HASSAN SUPER MARKET,ABUDHABI,UAE	02-2465436																							
443	AUH	PHARMACY	MODERN PHARMACY L.L.C - BRANCH OF ABU DHABI 1	MADINAT ZAYED	MADINAT ZAYED,WESTERN REGION , MADINAT ZAYEDCITYMALL,ABU DHABI,UAE	02-8829915	23.64492	53.6451	Madinat Zayed, AZ, United Arab Emirates							Madinat Zayed	Al Dhafra		Abu Dhabi	AZ	United Arab Emirates	ae	0.583333333333333			1	GeoNames	CC BY 4.0	https://www.geonames.org/datasources/
444	AUH	PHARMACY	MODERN PHARMACY L.L.C - BRANCH OF ABU DHABI 2	WORLD TRADE CENTRE	OLD FISH MARKET,AL NASIR STREET ,AL HOSN TOWER,LAND MARK,NEARWORLD TRADE CENTRE ,ABUDHABI,UAE, ABU DHABI,PO BOX-24,UAE	02-6449363	24.51357545	54.3748606663804	Old Fish Market, Zayed Port, Abu Dhabi, AZ, United Arab Emirates	Old Fish Market		Old Fish Market			Zayed Port	Abu Dhabi	Abu Dhabi		Abu Dhabi Emirate	AZ	United Arab Emirates	ae	0.45	0.9		0.9	© OpenStreetMap contributors	Open Database License	https://www.openstreetmap.org/copyright
445	AUH	PHARMACY	PUBLIC HEALTH PHARMACY LLC	BANIYAS	SHOP NO.2B PLOT NO F2C4_1MAGENTA PEARL VILLAGE, AL-MAFRAQ INDUSTRIAL-2 (CHINA CAMP),BANIYAS, ABU DHABI	02-6678668	25.25854095	55.40003495	Al Imran Technical Services, Shop Number 2 7a Street, Al Qusais, Dubai, DU, United Arab Emirates	Al Imran Technical Services	Shop Number 2	7a Street	38892 94557		Al Qusais	Dubai	Dubai	DU	Dubai	DU	United Arab Emirates	ae	0.0489130434782609	0.0489130434782609	0.0489130434782609	0.375	© OpenStreetMap contributors	Open Database License	https://www.openstreetmap.org/copyright
446	AUH	PHARMACY	HEALTH TIME PHARMACY - SOLE PROPRIETORSHIP L.L.C.	BANIYAS	BLDG. 08, PLOT F2C4-8, AL-MAFRAQ INDUSTRIAL 2 BANIYAS, ABU DHABI, UNITED ARAB EMIRATES,	02-6425247	25.007596	55.251737	Al Thamam 8, 8 Al Thammam, Remraam, Dubai, DU, United Arab Emirates	Al Thamam 8	8	Al Thammam	23571 66936		Remraam	Dubai	Dubai	DU	Dubai	DU	United Arab Emirates	ae	0		0		© OpenStreetMap contributors	Open Database License	https://www.openstreetmap.org/copyright
447	AUH	PHARMACY	BLACK FALCON PHARMACY L.L.C	GHAYATHI NEW INDUSTRIAL AREA	BIN ASHEER BUILDING, GHAYATHI NEW INDUSTRIAL AREA, WESTERN REGION GHAYATHI ABU DHABI, UAE	02-8762647	25.33723945	55.3952480404436	Saleh Bin Saleh Building, Suraqah Bin Ka'eb Street, Al Qasimia, Sharjah, Abu Shagara, United Arab Emirates	Saleh Bin Saleh Building		Suraqah Bin Ka'eb Street	37946 99117	Abu Shagara	Al Qasimia	Sharjah	Sharjah		Sharjah Emirate	SH	United Arab Emirates	ae	0.113302409638554	0.0818181818181818		0.245454545454545	© OpenStreetMap contributors	Open Database License	https://www.openstreetmap.org/copyright
448	AUH	PHARMACY	FUTURE INTERNATIONAL PHARMACY L.L.C	SHABIYA-11	SHABIYA-11, ABU DHABI, UAE	02-5595112	24.5389828	54.4081441	TEN 11 Beach, Jacques Chirac Street, Culture District, Abu Dhabi, AZ, United Arab Emirates	TEN 11 Beach		Jacques Chirac Street	22600		Culture District	Abu Dhabi	Abu Dhabi		Abu Dhabi Emirate	AZ	United Arab Emirates	ae	0			0.9	© OpenStreetMap contributors	Open Database License	https://www.openstreetmap.org/copyright
449	AUH	PHARMACY	SMART HEALTH PHARMACY	WORKERS VILLAGE 2 AL MAFRAQ	WORKERS VILLAGE 2 AL MAFRAQ INDUSTRIAL AREA ABU DHABI, UAE	02-4467700	25.006162	55.250476	2 Al Thamam, Remraam, Dubai, DU, United Arab Emirates		2	Al Thamam	23442 66762		Remraam	Dubai	Dubai	DU	Dubai	DU	United Arab Emirates	ae	0.0120535714285714	0.0642857142857143	0.0642857142857143	0.0714285714285714	© OpenStreetMap contributors	Open Database License	https://www.openstreetmap.org/copyright
450	AUH	PHARMACY	NORTH WEST PHARMACY LLC	MUSAFFAH 38	MUSAFFAH 38, ABUDHABI,UAE	02-6731164	24.3732352	54.4988424	UAE Exchange, Sultan Bin Mohammed Al Qubaisi Street, Musaffah, AZ, United Arab Emirates	UAE Exchange		Sultan Bin Mohammed Al Qubaisi Street			Musaffah	Musaffah	Abu Dhabi		Abu Dhabi Emirate	AZ	United Arab Emirates	ae	0.5	1			© OpenStreetMap contributors	Open Database License	https://www.openstreetmap.org/copyright
451	AUH	PHARMACY	AL NEEM PHARMACY L.L.C	SHAHAMA	SHAHAMA, ABU DHABI	06-557 9567	24.5643336	54.6910099	Shahama, Al Yoush Street, Al Bahya, Al Bahyah, Abu Dhabi Emirate, United Arab Emirates	Shahama		Al Yoush Street			Al Bahya	Al Bahyah	Abu Dhabi		Abu Dhabi Emirate		United Arab Emirates	ae	1			1	© OpenStreetMap contributors	Open Database License	https://www.openstreetmap.org/copyright
452	AUH	PHARMACY	AL KAMAL PHARMACY	KHALIDIYA	GROUND FLOOR,AL JERNAIN TOWER,ZAYED THE FIRST STREET,KHALIDIYA,ABU DHABI,UAE	02-6669281	24.4806667501897	54.3871337767516	Hazza' Bin Zayed The First Street, Qasr El Bahr, Abu Dhabi, Abu Dhabi Emirate, United Arab Emirates	Hazza' Bin Zayed The First Street		Hazza' Bin Zayed The First Street			Qasr El Bahr	Abu Dhabi	Abu Dhabi		Abu Dhabi Emirate		United Arab Emirates	ae	0.3645	0.729		0.9	© OpenStreetMap contributors	Open Database License	https://www.openstreetmap.org/copyright
453	AUH	PHARMACY	GIANT PHARMACY LLC	MUSSAFAH	SHOP 11, MUSSAFAH,UAE	02-5517211	24.3734513	54.5131596	fish shop, Sultan Bin Mohammed Al Qubaisi Street, Musaffah, AZ, United Arab Emirates	fish shop		Sultan Bin Mohammed Al Qubaisi Street			Musaffah	Musaffah	Abu Dhabi		Abu Dhabi Emirate	AZ	United Arab Emirates	ae	0.54			0.675	© OpenStreetMap contributors	Open Database License	https://www.openstreetmap.org/copyright
454	AUH	PHARMACY	EMERALD PHARMACY LLC	ICAD	STREET#16 M/37 NEAR ICAD,ABU DHABI,UAE	02-5554165	25.051825	55.266024	Street 1 Street, Arabian Ranches, Dubai, DU, United Arab Emirates			Street 1 Street	25065 71800		Arabian Ranches	Dubai	Dubai	DU	Dubai	DU	United Arab Emirates	ae	0.45	0.9			© OpenStreetMap contributors	Open Database License	https://www.openstreetmap.org/copyright
455	AUH	PHARMACY	HOPE PHARMACY L.L.C	BANIYAS	BANIYAS, MAFRAQ INDUSTRIAL - PLOT 384, UNIT, OWNER/GENERAL CONSTRUCTION COMPANY, ABU DHABI	02-5552687	24.28545135	54.6437560622374	Baniyas Post Office, Bani Yas Street, Bani Yas, Abu Dhabi, AZ, United Arab Emirates	Baniyas Post Office		Bani Yas Street			Bani Yas	Abu Dhabi	Abu Dhabi		Abu Dhabi Emirate	AZ	United Arab Emirates	ae	1			1	© OpenStreetMap contributors	Open Database License	https://www.openstreetmap.org/copyright
456	AUH	PHARMACY	MAX BLUE PHARMACY	MUSSAFAH	ABU HINAA 1ST STREET MUSSAFAH M 10, ABU DHABI, UAE	02 5751331	24.4538352	54.3774014	Abu Dhabi, Abu Dhabi Emirate, United Arab Emirates							Abu Dhabi			Abu Dhabi Emirate		United Arab Emirates	ae	0.25			1	© OpenStreetMap contributors	Open Database License	https://www.openstreetmap.org/copyright
457	AUH	PHARMACY	SAHARA PHARMACY L.L.C	MUSAFFAH	M44, MUSAFFAH, ABU DHABI	02-5556392	24.3657845	54.4957065	Musaffah Industrial Area, Musaffah, Abu Dhabi Emirate, United Arab Emirates						Musaffah Industrial Area	Musaffah	Abu Dhabi		Abu Dhabi Emirate		United Arab Emirates	ae	0.25			1	© OpenStreetMap contributors	Open Database License	https://www.openstreetmap.org/copyright
458	AUH	PHARMACY	LLH PHARMACY ALMUSAFFAH L.L.C. - BRANCH	GHIYATHI, AL DHAFRA	NEAR MEGA BAZAR GHIYATHI, AL DHAFRA	056-4010637																							
459	AUH	PHARMACY	TIME CURE PHARMACY - SOLE PROPRIETORSHIP LLC	MUSSAFAH 36	PLOT 15, ABOVE ARAB COOK REST. MUSSAFAH 36, ABU DHABI,UAE	02-5508998	24.4133098	54.45646225	Pitch 15, Al Khaleej Al Arabi Street, Al Rawdah, Abu Dhabi, Rihan Heights, United Arab Emirates	Pitch 15		Al Khaleej Al Arabi Street	UAE	Rihan Heights	Al Rawdah	Abu Dhabi	Abu Dhabi		Abu Dhabi Emirate	AZ	United Arab Emirates	ae	1			1	© OpenStreetMap contributors	Open Database License	https://www.openstreetmap.org/copyright
718	DXB	PHARMACY	ZEN LIFE PHARMACY CO LLC	AL JADAF	SHOP 3A, EMERALD JADAF METRO BUILDING, AL JADAF	04-3238235	25.216159	55.341015	Al Jadaf, Jaddaf, Dubai, DU, United Arab Emirates			Al Jadaf	32843 90177		Jaddaf	Dubai	Dubai	DU	Dubai	DU	United Arab Emirates	ae	0				© OpenStreetMap contributors	Open Database License	https://www.openstreetmap.org/copyright
719	DXB	PHARMACY	ZAMZAM PHARMACY LLC	AL QUOZ	AL QUOZ, INDUSTRIAL AREA-1, PO BOX:38482	04-3334935	25.15072	55.230222	Al Quoz Central Street, Al Quoz Industrial Area 1, Dubai, DU, United Arab Emirates			Al Quoz Central Street	21612 82746		Al Quoz Industrial Area 1	Dubai	Dubai	DU	Dubai	DU	United Arab Emirates	ae	0.486	0.729		0.81	© OpenStreetMap contributors	Open Database License	https://www.openstreetmap.org/copyright
720	DXB	PHARMACY	AL JABRI PHARMACY	DUBAI	32C STREET, AL MIZHAR 1	04-2875296	25.2466216462299	55.4466596648711	1 32c Street, Al Mizhar, Dubai, United Arab Emirates	32c Street	1	32c Street	43567 93170		Al Mizhar	Dubai			Dubai		United Arab Emirates	ae	0.952380952380952	1		1	© OpenStreetMap contributors	Open Database License	https://www.openstreetmap.org/copyright
721	DXB	PHARMACY	AL BAIROONI PHARMACY LLC	KARAMA	BIN HUMAIDEN BLDG, FLAT-3, 4A STREET, NEAR BURJUMAN METRO EXIT-2, AL KARAMA.	04-3709179	25.24498	55.30472	Al Karama, DU, United Arab Emirates							Al Karama	Dubai	DU	Dubai	DU	United Arab Emirates	ae	0.25			1	GeoNames	CC BY 4.0	https://www.geonames.org/datasources/
722	DXB	PHARMACY	MEDEOR 24X7 HOSPITAL PHARMACY LLC	BURDUBAI	CONSULATES AREA, SHEIKH KHALIFA BIN ZAYED ROAD, BUR DUBAI - DUBAI	04-3500600	25.2378787890846	55.2942250057765	Sheikh Khalifa Bin Zayed Street, Al Jafiliya, Dubai, Bur Dubai, United Arab Emirates	Sheikh Khalifa Bin Zayed Street		Sheikh Khalifa Bin Zayed Street	28113 92307	Bur Dubai	Al Jafiliya	Dubai			Dubai		United Arab Emirates	ae	0.5	1		1	© OpenStreetMap contributors	Open Database License	https://www.openstreetmap.org/copyright
723	DXB	PHARMACY	OASIS PHARMACY LLC	SHEIK ZYED ROAD	BLOCK - A SHOP NO. 13 & 14, DUBAI WORLD TRADE CENTER HOTEL APARTMENTS, OPPOSITE DUBAI WORLD TRADE CENTER METRO STATION, SHEIK ZYED ROAD DUBAI.	04-3313391	25.2647227	55.2924146	Dubai, United Arab Emirates							Dubai			Dubai		United Arab Emirates	ae	0.25			1	© OpenStreetMap contributors	Open Database License	https://www.openstreetmap.org/copyright
724	DXB	PHARMACY	AL BARAKA PHARMACY LLC	AL NAKHEEL ROAD	SHOP NO. 9 & 10, A & B BLOCK, BEHIND OLD AL MAKTOUM HOSPITAL, AL NAKHEEL ROAD, YOUSUF BAKER ROAD, DEIRA DUBAI - U.A.E.	04-2230500	25.2727936	55.305334	Deira, Dubai, United Arab Emirates							Deira			Dubai		United Arab Emirates	ae	0.25			1	© OpenStreetMap contributors	Open Database License	https://www.openstreetmap.org/copyright
725	DXB	PHARMACY	AL JUMEIYAH AL TAAWONIYAH PHARMACY LLC	KARAMA	SHOP NO. 2, GROUND FLOOR, UNION CO-OP SOCIETY, 30TH STREET, MANKHOOL, KARAMA DUBAI - U.A.E.	04-3986302	25.05286295	55.2632523	2 6a Street, Saheel, Dubai, DU, United Arab Emirates		2	6a Street	24800 71943		Saheel	Dubai	Dubai	DU	Dubai	DU	United Arab Emirates	ae	0.2835	0.567			© OpenStreetMap contributors	Open Database License	https://www.openstreetmap.org/copyright
726	DXB	PHARMACY	BADER PHARMACY LLC	KARAMA	SHOP NO. 10 & 11, GROUND FLOOR, KIFAF 2 BUILDING, NEAR SUNRISE SUPERMARKET, OPPOSITE CITY CORNER, KARAMA DUBAI - U.A.E.	04-3348129																							
727	DXB	PHARMACY	CARE & CURE PHARMACY LLC	JABAL ALI	SHOP NO. 04, BUILDING NO. 15, CLUSTER ZEN 02, PLOT NO. 853, DISCOVERY GARDENS, STREET 1, JABEL ALI-1, DUBAI, U.A.E.	04-4390384	25.0316455	55.1532647	10th street Discovery Gardens, Building No 223 10 Street, Jabal Ali 1, Jebel Ali, DU, United Arab Emirates	10th street Discovery Gardens	Building No 223	10 Street	13679 69666		Jabal Ali 1	Jebel Ali	Dubai	DU	Dubai	DU	United Arab Emirates	ae	0.0759123966942149	0.4536	0.4536	0.4536	© OpenStreetMap contributors	Open Database License	https://www.openstreetmap.org/copyright
728	DXB	PHARMACY	CORNICHE PHARMACY LLC	JUMEIRAH 1	SHOP NO. 21, GROUND FLOOR, JUMEIRAH BEACH CENTRE COMPLEX, JUMEIRAH - 1 DUBAI - U.A.E.	04-3447220	25.291314	55.3969412	NooK Curtains Dubai, Shop No 5 Amman Street, Al Qusais Industrial 4, Dubai, DU, United Arab Emirates	NooK Curtains Dubai	Shop No 5	Amman Street	38603 98184		Al Qusais Industrial 4	Dubai	Dubai	DU	Dubai	DU	United Arab Emirates	ae	0.029910685443038	0.11025	0.11025	0.25	© OpenStreetMap contributors	Open Database License	https://www.openstreetmap.org/copyright
729	DXB	PHARMACY	HATTA PHARMACY LLC	HATTA	SHOP NO.1, GROUND FLOOR, EMIRATES CO-OPERATIVE SOCIETY, NEAR HATTA FORT HOTEL, OPPOSITE EMIRATES NBD BANK, OMAN ROAD, HATTA DUBAI - U.A.E.	04-8521794	25.1891765	55.2562665	UAE Storages, 402 - Emarat Atrium Building Sheikh Zayed Road (south), Al Wasl, Dubai, DU, United Arab Emirates	UAE Storages	402 - Emarat Atrium Building	Sheikh Zayed Road (south)	24330 87031		Al Wasl	Dubai	Dubai	DU	Dubai	DU	United Arab Emirates	ae	0.0454545454545455	0.0909090909090909		1	© OpenStreetMap contributors	Open Database License	https://www.openstreetmap.org/copyright
730	DXB	PHARMACY	HORIZON HEALTH PHARMACY LLC	BARSHA	GROUND FLOOR, AL THURAYA TOWER, OPPOSITE TIME HOTEL, BARSHA HEIGHTS/TECOM, DUBAI	04-4541225	25.100925	55.1732854904321	Mercure Dubai Barsha Heights, Sheikh Zayed Road (north), Al Thanyah 1, Dubai, Dubai Media City 2, United Arab Emirates	Mercure Dubai Barsha Heights		Sheikh Zayed Road (north)	15778 77399	Dubai Media City 2	Al Thanyah 1	Dubai	Dubai	DU	Dubai	DU	United Arab Emirates	ae	0.074390625			1	© OpenStreetMap contributors	Open Database License	https://www.openstreetmap.org/copyright
731	DXB	PHARMACY	NAD SHAMMA PHARMACY LLC	AL RASHIDIYA	SHOP NO.3, OLD KADOOLI BUILDING, NEAR FIRE STATION, AL RASHIDIYA, DUBAI	04-2514107	25.228256	55.3947027892241	Al Rashidiya Park, Nadd Shamma, Dubai, United Arab Emirates	Al Rashidiya Park					Nadd Shamma	Dubai			Dubai		United Arab Emirates	ae	0.45	0.9		1	© OpenStreetMap contributors	Open Database License	https://www.openstreetmap.org/copyright
732	DXB	PHARMACY	VIVA PHARMACY LLC	JUMEIRAH 1	VILLA NO.117B, AL WASL ROAD JUMEIRAH 1ST	04-3231317	25.1943839	55.245584	DAS Al WASL Al Wasl Road, Al Wasl, Dubai, DU, United Arab Emirates	DAS	DAS Al WASL	Al Wasl Road	213933		Al Wasl	Dubai	Dubai	DU	Dubai	DU	United Arab Emirates	ae	0.3	0.6			© OpenStreetMap contributors	Open Database License	https://www.openstreetmap.org/copyright
733	DXB	PHARMACY	SANA PHARMACY LLC	KARAMA	SHOP NO. 4, NEAR KARAMA SIGNAL, KARAMA 4 BUILDING, 46B STREET, KARAMA DUBAI - U.A.E.	04-3377028	25.22345635	55.2777273704168	Al Refaee Residence, Shop Number 4 29 Street, Al Satwa, Dubai, DU, United Arab Emirates	Al Refaee Residence	Shop Number 4	29 Street	0		Al Satwa	Dubai	Dubai	DU	Dubai	DU	United Arab Emirates	ae	0.0714285714285714		0		© OpenStreetMap contributors	Open Database License	https://www.openstreetmap.org/copyright
734	DXB	PHARMACY	AL MUSAIF PHARMACY	HATTA	SUROOR BUILDING OPP.EPCO PETROL STATION, HATTA,DUBAI	04-8521039																							
735	DXB	PHARMACY	NEW NAWRAS PHARMACY	JEBEL ALI	FOOD COURT 3,FIRST COMMERCIAL CENTRE,JABEL ALI FREE ZONE.	48807112																							
736	DXB	PHARMACY	VILLAGE PHARMACY	JAFZA	VILLAGE HYPERMARKET BUILDING, NEAR WEST ACCOMMODATION, NEAR JUNCTION 8, JAFZA	04-8839904																							
737	DXB	PHARMACY	NEW VIDA PHARMACY CO L L C	MUHAISNAH	AL MADINA HYPERMARKET​32, 6A STREET ​G FLOOR	04-3283333	25.36442215	55.3942783443163	Al Madina Hypermarket, 1 Street, Al Sharq, Sharjah, Al Nabba, United Arab Emirates	Al Madina Hypermarket		1 Street		Al Nabba	Al Sharq	Sharjah	Sharjah		Sharjah Emirate	SH	United Arab Emirates	ae	0.0588235294117647	0.0588235294117647			© OpenStreetMap contributors	Open Database License	https://www.openstreetmap.org/copyright
738	DXB	PHARMACY	VCARE PHARMACY LLC	AL NAHDA 1	LOCATION : AL NAHDA 1 , BUILDING : NASMAH TOWER ,DUBAI,PO BOX : 236676	04-2389492	25.276997	55.364547	39 Al Nahda Road, Al Quasis 1, Dubai, DU, United Arab Emirates		39	Al Nahda Road	35290 96571		Al Quasis 1	Dubai	Dubai	DU	Dubai	DU	United Arab Emirates	ae	0.03955078125	1	0.157894736842105	1	© OpenStreetMap contributors	Open Database License	https://www.openstreetmap.org/copyright
739	DXB	PHARMACY	UNICARE PHARMACY	BURJUMAN	GROUND FLOOR, NEXT TO FILLI CAFÉ, BURJUMAN CENTRE, NEAR METRO EXIT 3	04-3529292	25.266963	55.315165	Union Metro East Exit Park, Al Rigga, Dubai, DU, United Arab Emirates			Union Metro East Exit Park	30345 95610		Al Rigga	Dubai	Dubai	DU	Dubai	DU	United Arab Emirates	ae	0.2	0.2			© OpenStreetMap contributors	Open Database License	https://www.openstreetmap.org/copyright
740	DXB	PHARMACY	UNICARE STAR PHARMACY	SATWA	NEAR BAQER MOHEBI SUPERMARKET, MANKHOOL ROAD, SATWA	04-3868811	25.2959113	55.3758178	Sahara Al Mankhool, 25 Street, Al Nahda, Dubai, DU, United Arab Emirates	Sahara Al Mankhool		25 Street	36478 98713		Al Nahda	Dubai	Dubai	DU	Dubai	DU	United Arab Emirates	ae	0.182405106382979			0.441	© OpenStreetMap contributors	Open Database License	https://www.openstreetmap.org/copyright
741	DXB	PHARMACY	BURJEEL AL HAYYAT PHARMACY	JEBEL ALI	JABAL ALI	N/A	25.0338168	55.1366041	Jabal Ali, Dubai, United Arab Emirates						Jabal Ali				Dubai		United Arab Emirates	ae	1			1	© OpenStreetMap contributors	Open Database License	https://www.openstreetmap.org/copyright
742	DXB	PHARMACY	BETTER LIFE PHARMACY	AL QUOZ	GROUND FLOOR, GRAND CITY MALL, AL QUOZ INDUSTRIAL AREA 4, AL QUOZ,DUBAI	04-3414626/8007400	25.128613	55.2324	Grand City Mall, Al Quoz Industrial Area 4, Dubai, United Arab Emirates	Grand City Mall		Grand City Mall	21827 80340	Al Quoz Industrial Area 4	Al Quoz Industrial Area 4	Dubai	Dubai	DU	Dubai	DU	United Arab Emirates	ae	0.729			1	© OpenStreetMap contributors	Open Database License	https://www.openstreetmap.org/copyright
743	DXB	PHARMACY	PARK BETTER LIFE PHARMACY	DIP	GROUND FLOOR, PARK SHOPPING MALL, DIP,DUBAI.	04-8848859/8007400	25.21635	55.2529973679286	Mercato Shopping Mall, 14c Street, Jumeirah 1, Dubai, United Arab Emirates	Mercato Shopping Mall		14c Street	24035 90106		Jumeirah 1	Dubai			Dubai		United Arab Emirates	ae	0.461538461538462			1	© OpenStreetMap contributors	Open Database License	https://www.openstreetmap.org/copyright
744	DXB	PHARMACY	NEW BETTER LIFE PHARMACY	AL QUOZ	BUIDLING NAME-AL QOUZ MALL , SHOP NO 26 , MAKANI NO-2075479749	04-3466097/8007400																							
745	DXB	PHARMACY	JUMEIRA BETTER LIFE PHARMACY	JUMEIRAH	NO.4 BUILDING M1, AMSA JUMEIRAH VILLAGE CIRCLE, DUBAI.	04-4472086/8007400	25.054137	55.206741	FIVE Jumeirah Village, Jumeirah Village Circle, Dubai, DU, United Arab Emirates			FIVE Jumeirah Village	19139 72127		Jumeirah Village Circle	Dubai	Dubai	DU	Dubai	DU	United Arab Emirates	ae	1			1	© OpenStreetMap contributors	Open Database License	https://www.openstreetmap.org/copyright
746	DXB	PHARMACY	AL RAYAN PHARMACY	KARAMA	45B STREET 43,KARAMA GOLD BUILDING,ARIF & BINTOAK BUILDING,ZABEEL ROAD,DUBAI	04-3347476/8007400	25.2000249572199	55.3882531410966	43 45b Street, Nadd Al Hamar, Dubai, United Arab Emirates	45b Street	43	45b Street	37627 88078		Nadd Al Hamar	Dubai			Dubai		United Arab Emirates	ae	0.45	1	0	1	© OpenStreetMap contributors	Open Database License	https://www.openstreetmap.org/copyright
747	DXB	PHARMACY	GATE BETTER LIFE PHARMACY	DUBAI	SHOP 1 & 2, NEW WEST ZONE MALL, AL KHAIL GATE, DUBAI.	04-5586281/8007400																							
748	DXB	PHARMACY	AL AZHAR AL JADEEDA PHARMACY LLC (JABEL ALI)	JABEL ALI	JABEL ALI	04-8800703/8007400	25.0118474	55.0391493290685	Jabel Ali Naval Base, Jabal Ali, Dubai, United Arab Emirates	Jabel Ali Naval Base					Jabal Ali				Dubai		United Arab Emirates	ae	1				© OpenStreetMap contributors	Open Database License	https://www.openstreetmap.org/copyright
749	DXB	PHARMACY	AL AZHAR PHARMACY LLC (DIP 1)	DIP 1	DIP 1	04-8859598/8007400	25.0029206	55.1541134	NMC dip, 14 Street, Dubai Investments Park, Dubai, DU, United Arab Emirates	NMC dip		14 Street	13699 66537		Dubai Investments Park	Dubai	Dubai	DU	Dubai	DU	United Arab Emirates	ae	0.45	0.9			© OpenStreetMap contributors	Open Database License	https://www.openstreetmap.org/copyright
750	DXB	PHARMACY	RAHEQ ALAZHAR PHARMACY L.L.C	JEBAL ALI	BUILDING NAME: XPO MALL ; STREET NAME: MADINAT HYPERMARKET APARTMENT/VILLA NUMBER: 4 ;AREA NAME: JEBEL ALI INDUSTRIAL-1	04-3836323/8007400																							
751	DXB	PHARMACY	AL MANZIL PHARMACY LLC (DIP 2)	DIP 2	DIP 2	8007400	25.0029206	55.1541134	NMC dip, 14 Street, Dubai Investments Park, Dubai, DU, United Arab Emirates	NMC dip		14 Street	13699 66537		Dubai Investments Park	Dubai	Dubai	DU	Dubai	DU	United Arab Emirates	ae	0.45	0.9			© OpenStreetMap contributors	Open Database License	https://www.openstreetmap.org/copyright
752	DXB	PHARMACY	AL MADINA AL SANAIYA PHARMACY LLC (AL QUOZ)	AL QUOZ	AL QUOZ	04-3406761/8007400	25.1626708	55.253445581315	Al Quoz, Al Goaz, Dubai, United Arab Emirates	Al Quoz					Al Goaz				Dubai		United Arab Emirates	ae	1				© OpenStreetMap contributors	Open Database License	https://www.openstreetmap.org/copyright
753	DXB	PHARMACY	AL SANAIYA PHARMACY (SONAPUR) LLC	SONAPUR	SONAPUR	04-2543500/8007400																							
754	DXB	PHARMACY	NEW SANAIYA PHARMACY LLC (SONAPUR)	SONAPUR	SONAPUR	04-2648202/8007400																							
755	DXB	PHARMACY	RUBY PHARMACY LLC (INTERNATIONAL CITY)	INT.CITY	INT.CITY	04-4226899/8007400	25.1077658	55.4016107329059	German International School Dubai, Pompidou Road, Academic City, Dubai, United Arab Emirates	German International School Dubai		Pompidou Road	38844 77894		Academic City	Dubai			Dubai		United Arab Emirates	ae	0				© OpenStreetMap contributors	Open Database License	https://www.openstreetmap.org/copyright
756	DXB	PHARMACY	ROYAL RUBY PHARMACY LLC	DIP-1	DIP-1	8007400	25.0096942	55.1597856179507	Emicool DIP DCP 1, Dubai Investments Park, Dubai, United Arab Emirates	Emicool DIP DCP 1					Dubai Investments Park				Dubai		United Arab Emirates	ae	0.81				© OpenStreetMap contributors	Open Database License	https://www.openstreetmap.org/copyright
757	DXB	PHARMACY	AL MANZIL AL JADEED PHARMACY LLC (AWIR)	ALAWEER	ALAWEER	8007400																							
758	DXB	PHARMACY	RIGHT HEALTH PHARMACY LLC	MUHAISNAH	BLOCK -19,MUHAISANAH SECOND, PLOT NUM: 54,SHOP NO 2 & 3,DUBAI,UAE	04-3335502/8007400	25.1728502	55.2190509	Route 51, Shop No 4 Al Heeba Street, Umm Suqeim, Dubai, Umm Suqeim 1, United Arab Emirates	Route 51	Shop No 4	Al Heeba Street	20524 85266	Umm Suqeim 1	Umm Suqeim	Dubai	Dubai	DU	Dubai	DU	United Arab Emirates	ae	0.0661878770468257	0.4	0.4	1	© OpenStreetMap contributors	Open Database License	https://www.openstreetmap.org/copyright
759	DXB	PHARMACY	REMEDY PLUS PHARMACY LLC	AL QUOZ	BESIDE AL GHURAIR EXCHANGE,OPP. TO BELHASA DRIVING SCHOOL,AL QOUZ-3,DUBAI,U.A.E	04-3202275																							
760	DXB	PHARMACY	NEO PHARMACY LLC-DIP 2	PASONS	FAKHREE CENTRE ,PASONS HYPERMARKET,FIRST FLOOR, DIP 2	04-8814919	25.269632	55.30068	Fakhree Al Hindi, 2 12 Street, Al Sabkha, Dubai, DU, United Arab Emirates	Fakhree Al Hindi	2	12 Street	28864 95885		Al Sabkha	Dubai	Dubai	DU	Dubai	DU	United Arab Emirates	ae	0.101269035	0.250047		0.567	© OpenStreetMap contributors	Open Database License	https://www.openstreetmap.org/copyright
761	DXB	PHARMACY	NEO PHARMACY LLC BRANCH-ALQOUZ 2	ALQUOZ 2	NEAR OLA AL MADEENA S/M,AL QUOZ 2	04-3320266	25.271748	55.32102	Azzah Al Madeena Minimart, 2 Al Muteena Street, Al Muteena, Dubai, DU, United Arab Emirates	Azzah Al Madeena Minimart	2	Al Muteena Street	30928 96092		Al Muteena	Dubai	Dubai	DU	Dubai	DU	United Arab Emirates	ae	0.0696099400111607	0.520714285714286		0.9	© OpenStreetMap contributors	Open Database License	https://www.openstreetmap.org/copyright
762	DXB	PHARMACY	NEO PHARMACY LLC BRANCH-JEBAL ALI IND 2	JEBAL ALI 2	SALIM ALI RASHID BUILDING,JEBAL ALI IND 2	04 3885436	25.263033	55.328485	2 Ali Bin Salim Bin Jassim Building, Al Muraqqabat, Dubai, DU, United Arab Emirates		2	Ali Bin Salim Bin Jassim Building	31675 95113		Al Muraqqabat	Dubai	Dubai	DU	Dubai	DU	United Arab Emirates	ae	0.0588235294117647	0.117647058823529	0		© OpenStreetMap contributors	Open Database License	https://www.openstreetmap.org/copyright
763	DXB	PHARMACY	NEO PHARMACY LLC (FORMERLY NEO PHARMACY LLC BRANCH ALQOUZ 1)	RAS AL KHOR	SHOP NO. 2, GROUND FLOOR ,BUILDING NAME: RASHED AL MAGOODI, AL FALASI BUILDING,RAS AL KHOR INDUSTRIAL AREA 1,DUBAI,UAE	04-2360063	25.2067262	55.3435125101878	Dubai Creek Residence Tower 2 North, D64, Ras Al Khor, Dubai, DU, United Arab Emirates	Dubai Creek Residence Tower 2 North		D64	33136 88874		Ras Al Khor	Dubai	Dubai	DU	Dubai	DU	United Arab Emirates	ae	0.0254305488491872	0.0350877192982456		0.166666666666667	© OpenStreetMap contributors	Open Database License	https://www.openstreetmap.org/copyright
764	DXB	PHARMACY	RALS PHARMACY	BAGHDAD STREET	BIN SHABIB MALL, GROUND FLOOR, BAGHDAD STREET, AL QUSAIS, OPP MOHRE	04-2275777	25.280654	55.380832	Bin Shabib Mall, Al Quasis Industrial Area 1, Dubai, DU, United Arab Emirates			Bin Shabib Mall	36938 96983		Al Quasis Industrial Area 1	Dubai	Dubai	DU	Dubai	DU	United Arab Emirates	ae	0.222222222222222	0.222222222222222			© OpenStreetMap contributors	Open Database License	https://www.openstreetmap.org/copyright
765	DXB	PHARMACY	BLUE LIFE PHARMACY	BURDUBAI	IT CENTER BUILDING,21 ASTREET,AL SOUQ AL KABEER BURDUBAI,NEXT TO AL RAFFA POLICE STATION	04-2275777	25.160118	55.325622	EmirateNBD IT (building M), Naad al Sheeba, Nadd Al Shiba, Dubai, DU, United Arab Emirates	EmirateNBD IT (building M)		Naad al Sheeba	31154 83696		Nadd Al Shiba	Dubai	Dubai	DU	Dubai	DU	United Arab Emirates	ae	0				© OpenStreetMap contributors	Open Database License	https://www.openstreetmap.org/copyright
766	DXB	PHARMACY	BLUE LIFE PHARMACY BRANCH	BURDUBAI	MEENA BUILDING 302 FLAT NO AL SOQ AL KABEER, 316 IBRAHIM JUM AAL REDHA	04-2836030	25.268006	55.298477	28658 95710 Al Suq Al Kabeer Street, Al Sabkha, Dubai, DU, United Arab Emirates		28658 95710	Al Suq Al Kabeer Street	28658 95710		Al Sabkha	Dubai	Dubai	DU	Dubai	DU	United Arab Emirates	ae	0.3	0.666666666666667	0.000141063619692481		© OpenAddresses contributors	BSD-3-Clause License	
767	DXB	PHARMACY	BASMAT AL IFRAH PHARMACY LLC	AL BARSHA	AL SALAM BUILDING , NEAR MIRACLE GARDEN , ARJAN , AL BARSHA SOUTH	04-7700948	25.0612133	55.2462101	Miracle Garden 1, 22 Street, Al Barsha South 3, Dubai, Al Barsha, United Arab Emirates	Miracle Garden 1		22 Street	23046 72873	Al Barsha	Al Barsha South 3	Dubai	Dubai	DU	Dubai	DU	United Arab Emirates	ae	0.433928571428571			0.9	© OpenStreetMap contributors	Open Database License	https://www.openstreetmap.org/copyright
768	DXB	PHARMACY	PARADISE PLUS PHARMACY L L C	DIP 2	D I P -2 ,RITAJ COMMUNITY CENTRE	N/A																							
769	DXB	PHARMACY	NADHA AL SAHARA	ALNAHDA	BEHIND ZULEKHA HOSPITAL, AL NAHDA	04-2582750	25.30044	55.380881	Al Buhaira Towers, Al Nahda Street, Al Nahda, Sharjah, SH, United Arab Emirates	Al Buhaira Towers		Al Nahda Street	37156 99089		Al Nahda	Sharjah	Sharjah		Sharjah	SH	United Arab Emirates	ae	0				© OpenStreetMap contributors	Open Database License	https://www.openstreetmap.org/copyright
770	DXB	PHARMACY	SAHARA STAR	HAMRIYA	HAMRIYA SHOPPING CENTRE	04-268 8485	25.2953947	55.3310671	Al Hamriya Shipping, Al Khaleej Street, Al Hamriya Port, Dubai, Deira, United Arab Emirates	Al Hamriya Shipping		Al Khaleej Street	31948 98712	Deira	Al Hamriya Port	Dubai	Dubai	DU	Dubai	DU	United Arab Emirates	ae	0.55125				© OpenStreetMap contributors	Open Database License	https://www.openstreetmap.org/copyright
771	DXB	PHARMACY	NOVO PHARMACY	GARHOUD	ASMAWI BUILDING,2ND STREET,GARHOUD	04 2517434	25.0935798	55.17735965	Al Asmawi Building, Al Rabeea' 1 Street, Al Thanyah 1, Dubai, Dubai Media City 2, United Arab Emirates	Al Asmawi Building		Al Rabeea' 1 Street	16218 76531	Dubai Media City 2	Al Thanyah 1	Dubai	Dubai	DU	Dubai	DU	United Arab Emirates	ae	0.176785714285714	0.257142857142857		0.285714285714286	© OpenStreetMap contributors	Open Database License	https://www.openstreetmap.org/copyright
772	DXB	PHARMACY	AL OMARAA RX	DUBAI	SHOP # 27 & 28, GROUND FLOOR, PYRAMID BUILDING, SHEIKH KHALIFA BIN ZAYED ROAD	04 3969221	24.119957	51.597358	Sheikh Khalifa Bin Zayed International Road, AZ, United Arab Emirates			Sheikh Khalifa Bin Zayed International Road					Al Dhafra		Abu Dhabi	AZ	United Arab Emirates	ae	0.45	0.9			© OpenStreetMap contributors	Open Database License	https://www.openstreetmap.org/copyright
773	DXB	PHARMACY	NOVO PHARMACY BRANCH	DEIRA	SHOPPING MALL, HAYAT REGENCY HOTEL, PALM DEIRA	04-268 8485	25.216735	55.252464	Mercato Shopping Mall, Jumeira, Dubai, DU, United Arab Emirates			Mercato Shopping Mall	23941 90093		Jumeira	Dubai	Dubai	DU	Dubai	DU	United Arab Emirates	ae	0.333333333333333	0.5		0.555555555555556	© OpenStreetMap contributors	Open Database License	https://www.openstreetmap.org/copyright
774	DXB	PHARMACY	AL GHUBAIBA PHARMACY LLC	BURDUBAI	G FLOOR, 14, 13B STREET, AL SOUQ AL KABEER, 312, OPP. AL GHUBAIBA BUS STATION, BUR DUBAI, UAE	056-345 1783	25.268006	55.298477	28658 95710 Al Suq Al Kabeer Street, Al Sabkha, Dubai, DU, United Arab Emirates		28658 95710	Al Suq Al Kabeer Street	28658 95710		Al Sabkha	Dubai	Dubai	DU	Dubai	DU	United Arab Emirates	ae	0.0742841772151899	0.45	9.52515346080576E-05	0.5	© OpenAddresses contributors	BSD-3-Clause License	
775	DXB	PHARMACY	NEW HEALTH SIGN PHARMACY L.L.C	BURDUBAI	SHOP NO.2, BOOKASH BUILDING, NEAR ASTORIA HOTEL, BUR DUBAI, UAE	04-320 8755																							
776	DXB	PHARMACY	NOVO PHARMACY LLC (BRANCH)	DEIRA	AL BAFTA GRAND DEIRA, G-FLOOR, AL MURAQABBAT ROAD, DEIRA, DUBAI, U.A.E.	04-547 4214	25.718253	56.074986	Al Yafnah Road, RK, United Arab Emirates			Al Yafnah Road					Ras al Khaimah	RK	Ras al Khaimah	RK	United Arab Emirates	ae	0.0783660306369256	0.0514285714285714		0.0571428571428571	© OpenStreetMap contributors	Open Database License	https://www.openstreetmap.org/copyright
777	DXB	PHARMACY	NOVITAS PHARMACY LLC	INTERNATIONAL CITY	PRIME RESIDENCE II, INTERNATIONAL CITY, DUBAI	04-5693389	25.1656029	55.3980861	Prime Residency 1, 4 Street, Warsan 1, Dubai, DU, United Arab Emirates	Prime Residency 1		4 Street	38516 84269		Warsan 1	Dubai	Dubai	DU	Dubai	DU	United Arab Emirates	ae	0.56			1	© OpenStreetMap contributors	Open Database License	https://www.openstreetmap.org/copyright
778	DXB	PHARMACY	NOVITAS PHARMACY LLC ( BRANCH)	JABEL ALI	JABEL ALI FIRST ,CROWN MALL, G05/1166267134 , DUBAI	04-4918666	24.920371	55.017594	Dubai Parks Street, Dubai Techno Park, Jebel Ali, DU, United Arab Emirates			Dubai Parks Street	99822 57255		Dubai Techno Park	Jebel Ali	Dubai	DU	Dubai	DU	United Arab Emirates	ae	0.45	0.9			© OpenStreetMap contributors	Open Database License	https://www.openstreetmap.org/copyright
779	DXB	PHARMACY	ZAHRAT AL SHEFA PHARMACY LLC	MUHAISNAH	AL GAITH BUILDING MUHAISANAH	04 254 6541																							
780	DXB	PHARMACY	SAMARY PHARMACY	JEBEL ALI	JEBEL ALI MALL, JEBAL ALI	04-8878011	24.918912	55.056468	Jebel Ali, DU, United Arab Emirates							Jebel Ali	Dubai		Dubai	DU	United Arab Emirates	ae	0.6			0.6	Who's On First	CC0	https://www.whosonfirst.org/docs/licenses/
781	DXB	PHARMACY	SAMARY PHARMACY BRANCH LLC	JAFZA	JAFZA SOUTH,JAFZA MALL ,JABEL ALI FREEZONE	04-8817530	25.075873	55.141904	Marina Mall, Al Sufouh 2, Dubai, DU, United Arab Emirates			Marina Mall	12594 74659		Al Sufouh 2	Dubai	Dubai	DU	Dubai	DU	United Arab Emirates	ae	0				© OpenStreetMap contributors	Open Database License	https://www.openstreetmap.org/copyright
782	DXB	PHARMACY	NOOR ALMADINA PHARMACY	ALQOUZ	TAMAM, AL ROSTAMANI STREET, BEHIND NATIONAL CEMENT FACTORY	04-3306606	25.336456	55.3984957	Al Tamam, Aws Bin Thabet Street, Al Qasimia, Sharjah, Abu Shagara, United Arab Emirates	Al Tamam		Aws Bin Thabet Street	37946 99117	Abu Shagara	Al Qasimia	Sharjah	Sharjah		Sharjah Emirate	SH	United Arab Emirates	ae	0.13122	0.2187		0.3	© OpenStreetMap contributors	Open Database License	https://www.openstreetmap.org/copyright
783	DXB	PHARMACY	AL SEHA AL KUBRA PHARMACY	AL QUOZ	AL KHAIL MALL ,AL QUOZ	04-3219926	25.1492917	55.2461009521403	Al Khail Mall, Latifa Bint Hamdan Street, Al Quoz Community, Dubai, United Arab Emirates	Al Khail Mall		Latifa Bint Hamdan Street	23178 82632		Al Quoz Community	Dubai			Dubai		United Arab Emirates	ae	0.8				© OpenStreetMap contributors	Open Database License	https://www.openstreetmap.org/copyright
784	DXB	PHARMACY	FAJER MIRDIF PHARMACY-SATWA - DUBAI	SATWA	AL BADA OASIS BLDG, AL HUDAIBAH STRT , SATWA - DUBAI	04-2981526	25.26038	55.29891	Bur Dubai, DU, United Arab Emirates							Bur Dubai	Dubai	DU	Dubai	DU	United Arab Emirates	ae	0.226950354609929			0.333333333333333	GeoNames	CC BY 4.0	https://www.geonames.org/datasources/
785	DXB	PHARMACY	MUSALLA SONAPOOR PHARMACY	SONAPUR	NEAR SHAKLAN 2 SUPERMARKET BUILDING , MUHAISNAH-2(SONAPOOR) DUBAI, P.O. BOX-26238	N/A	24.9410341	55.060769687495	SAIT FZCO, P.O. Box: 52455 Sheikh Zayed Road (north), Dubai Parks and Resorts, Jebel Ali, Dubai, United Arab Emirates	SAIT FZCO	P.O. Box: 52455	Sheikh Zayed Road (north)	04165 59747		Dubai Parks and Resorts	Jebel Ali			Dubai		United Arab Emirates	ae	0.0833333333333333	0.166666666666667			© OpenStreetMap contributors	Open Database License	https://www.openstreetmap.org/copyright
786	DXB	PHARMACY	NEW FANS PHARMACY LLC	MUHAISNA 2	NEAR EXPRESS MADEENA S/M MUHSINA 2	04-2201589																							
787	DXB	PHARMACY	BORDER PHARMACY LLC	SILICON OASIS	LE SOLARIUM BLDN SILICON OASIS DUBAI	04-3793515																							
788	DXB	PHARMACY	BODER PHARMACY LLC BRANCH	JEBAL ALI	GRAND HYPER JABAL ALI	04 2264404	25.262687	55.430625	Grand Hyper, 19 Street, Muhaisnah 2, Dubai, DU, United Arab Emirates	Grand Hyper		19 Street	41969 94934		Muhaisnah 2	Dubai	Dubai	DU	Dubai	DU	United Arab Emirates	ae	0.5				© OpenStreetMap contributors	Open Database License	https://www.openstreetmap.org/copyright
789	DXB	PHARMACY	AHLANCARE PHARMACY LLC	AL WARSAN 1	ENGLAND CLUSTER Y 21,INTERNATIONAL CITY, AL WARSAN 1, DUBAI	04-5802450	25.1734717	55.4006094175207	Y-21 England, 3 Street, Warsan 1, Dubai, United Arab Emirates	Y-21 England		3 Street	38810 85112		Warsan 1	Dubai			Dubai		United Arab Emirates	ae	0.1333584	0.250047		0.441	© OpenStreetMap contributors	Open Database License	https://www.openstreetmap.org/copyright
790	DXB	PHARMACY	MVR PHARMACY	AL GARHOUD	PO BOX NO.12743, GROUND FLOOR,FLORA INN HOTEL BUILDING,AIRPORT ROAD, AL GARHOUD, DUBAI, UAE	04-2327111	24.264276	55.616169	Al Ain International Airport, Al Dahma, AZ, United Arab Emirates			Al Ain International Airport			Al Ain International Airport	Al Dahma	Al Ain		Abu Dhabi	AZ	United Arab Emirates	ae	0.6561	0.6561		0.9	© OpenStreetMap contributors	Open Database License	https://www.openstreetmap.org/copyright
791	DXB	PHARMACY	BAB AL HAYAT PHARMACY LLC	DIP 2	SHOP NO.2, FIDA AL MADINA HYPERMARKET, DIP-2	04-8831644	25.2716514	55.311919	Al Fida, Al Nakhal Street, Naif, Deira, United Arab Emirates	Al Fida		Al Nakhal Street	30012 96096	Deira	Naif	Deira	Dubai	DU	Dubai	DU	United Arab Emirates	ae	0.093002175	0.15309		0.1701	© OpenStreetMap contributors	Open Database License	https://www.openstreetmap.org/copyright
792	DXB	PHARMACY	MUSALAH AL QUOZE PHARMACY LLC	AL QUOZ	SHOP NO.1 , AL KHAIL MALL,AL QUOZ -4 DUBAI,U.A.E	N/A	25.1524366	55.2369810528571	D C P Advertising, warehouse 4 First Al Khail Street, Al Quoz Community, Dubai, DU, United Arab Emirates	D C P Advertising	warehouse 4	First Al Khail Street	22260 83040		Al Quoz Community	Dubai	Dubai	DU	Dubai	DU	United Arab Emirates	ae	0.0538307162790698	0.162		0.2	© OpenStreetMap contributors	Open Database License	https://www.openstreetmap.org/copyright
793	DXB	PHARMACY	MULTICARE PHARMACY LLC	AL QUOZ	AL KHAIL GATE COMMUNITY CENTER COMPLEX, P.O BOX : 390899, DUBAI, UAE	N/A	25.2143757	55.4288689	Shorooq Community center, Arwa Street 3, Mirdif, Dubai, Shorooq, United Arab Emirates	Shorooq Community center		Arwa Street 3	41719 89589	Shorooq	Mirdif	Dubai	Dubai	DU	Dubai	DU	United Arab Emirates	ae	0.479032258064516			1	© OpenStreetMap contributors	Open Database License	https://www.openstreetmap.org/copyright
794	DXB	PHARMACY	ZAHRATH AL NEEM PHARMACY LLC	DUBAI	GEEPASS BUILDING - ARJAN, DUBAI	04-5824333	25.09345675	55.174612	Avari Building, Al Rabeea' 1 Street, Al Thanyah 1, Dubai, Dubai Media City 2, United Arab Emirates	Avari Building		Al Rabeea' 1 Street	15933 76552	Dubai Media City 2	Al Thanyah 1	Dubai	Dubai	DU	Dubai	DU	United Arab Emirates	ae	0.333333333333333			1	© OpenStreetMap contributors	Open Database License	https://www.openstreetmap.org/copyright
795	DXB	PHARMACY	AL NEEM PHARMACY LLC BRANCH	INTERNATIONAL CITY	J07, MOROCCO CLUSTER-INTERNATIONAL CITY, DUBAI	04-5841144	25.164992	55.416896	I-12 Morocco, 216 morocco, Warisan, Dubai, DU, United Arab Emirates	I-12 Morocco	216	morocco	40447 84143		Warisan	Dubai	Dubai	DU	Dubai	DU	United Arab Emirates	ae	0.125	0.25	0.00717703349282297	1	© OpenStreetMap contributors	Open Database License	https://www.openstreetmap.org/copyright
796	DXB	PHARMACY	AL NEEM STAR PHARMACY LLC(MEDILIFE GROUP)	AL QUOZ	ALQUOZ	04-3219550	25.1349975	55.2281058	Nsv Alquoz, 16 Street, Al Quoz Community, Dubai, United Arab Emirates	Nsv Alquoz		16 Street	21388 81082		Al Quoz Community	Dubai			Dubai		United Arab Emirates	ae	1				© OpenStreetMap contributors	Open Database License	https://www.openstreetmap.org/copyright
797	DXB	PHARMACY	NEW MEDILIFE PHARMACY L.L.C	WARSAN	WARSAN	04-2888318	25.1576794	55.4376687	Warsan, Dubai, United Arab Emirates						Warsan				Dubai		United Arab Emirates	ae	1			1	© OpenStreetMap contributors	Open Database License	https://www.openstreetmap.org/copyright
798	DXB	PHARMACY	NOOR AL SATWA PHARMACY LLC	AL SATWA	AL SATWA ROAD - SALIM SUHAIL AL AMRI'S BUILDING. NR.SUB STN.2696(SHOP NO - 12) - PO BOX 66778	04-3443229	25.219523	55.267804	25499 90380 Al Satwa Road, Al Bada'a, Dubai, DU, United Arab Emirates		25499 90380	Al Satwa Road	25499 90380		Al Bada'a	Dubai	Dubai	DU	Dubai	DU	United Arab Emirates	ae	0.00283795288998203	0.245454545454545	6.45848034349547E-05	0.245454545454545	© OpenAddresses contributors	BSD-3-Clause License	
799	DXB	PHARMACY	NOOR AL QUSAIS PHARMACY LLC	AL QUSAIS	SHOP-5 - DAMASCUS STREET - AL QUSAIS - OPPOSITE DUBAI GRAND HOTEL - PO BOX: 118484	04-2633844	25.20924385	55.2756914480736	Emirates Grand Hotel, 25 st, Trade Centre, Dubai, Sheikh Zayed Road, United Arab Emirates	Emirates Grand Hotel		25 st	26259 89293	Sheikh Zayed Road	Trade Centre	Dubai	Dubai	DU	Dubai	DU	United Arab Emirates	ae	0				© OpenStreetMap contributors	Open Database License	https://www.openstreetmap.org/copyright
800	DXB	PHARMACY	MADINAT AL QOUZ PHARMACY LLC	AL KHAIL	FARNEK BULDING - SHOP NO : 3- BACK SIDE OF AL KHAIL MALL AL QOUZ INDUSTRIAL AREA, PO BOX - 128800	04-3388522	24.194489	55.694307	شارع 3, Al Agabiyya, Al Ain, AZ, United Arab Emirates			شارع 3			Al Agabiyya	Al Ain	Al Ain		Abu Dhabi	AZ	United Arab Emirates	ae	0			0.36	© OpenStreetMap contributors	Open Database License	https://www.openstreetmap.org/copyright
801	DXB	PHARMACY	NAHDA AL NASEEM PHARMACY LLC	ALNAHDA	GROUND FLOOR, AL NAHDA BUILDING, BAGHADAD STREET, DUBAI - LANDMARK: NEAR NMC SPECIAL CARE - P.O.BOX: 47540	04-2581920	25.230556	55.374857	15 Street, Umm Ramool, Dubai, DU, United Arab Emirates		15	Street	3		Umm Ramool	Dubai	Dubai	DU	Dubai	DU	United Arab Emirates	ae	0.45	0.5		1	© OpenStreetMap contributors	Open Database License	https://www.openstreetmap.org/copyright
802	DXB	PHARMACY	ROCK STAR PHARMACY LLC	PEARL CREEK	SHOP -11, PEARL CREEK HOTEL BUILDING - OPP DURRAIYA KAMAL MEDICAL CENTRE - POST BOX : 235354.	04-2348277	24.3106065	54.6208983	du Shop, Bani Yas, Abu Dhabi, United Arab Emirates	du Shop					Bani Yas	Abu Dhabi	Abu Dhabi		Abu Dhabi Emirate	AZ	United Arab Emirates	ae	0.0469752071005917			0.0496125	© OpenStreetMap contributors	Open Database License	https://www.openstreetmap.org/copyright
803	DXB	PHARMACY	NEW AL SUWAIDI PHARMACY LLC	AL HUBAIDA	NAEMA ALI BUAMIM BUILDING - NEAR AL SATWA ROUND ABOUT, AL HUDAIBA STREET - SATWA, DUBAI - PO BOX - 186369	04-3859219	25.2322761594581	55.2664713651214	Al Hudaiba Street, Jumeirah 1, Dubai, United Arab Emirates	Al Hudaiba Street		Al Hudaiba Street	25415 91804		Jumeirah 1	Dubai			Dubai		United Arab Emirates	ae	0.5	1		1	© OpenStreetMap contributors	Open Database License	https://www.openstreetmap.org/copyright
804	DXB	PHARMACY	HAPPY LIFE PHARMACY LLC	DEIRA	SHOP NO 2, AL FAYROUZ BUILDING , REQQA EAST ,OPP AL MAKTOM HOSPITAL, DEIRA - PO BOX 235354	04-2271781	25.006162	55.250476	2 Al Thamam, Remraam, Dubai, DU, United Arab Emirates		2	Al Thamam	23442 66762		Remraam	Dubai	Dubai	DU	Dubai	DU	United Arab Emirates	ae	0				© OpenStreetMap contributors	Open Database License	https://www.openstreetmap.org/copyright
805	DXB	PHARMACY	AL RASHEED PHARMACY LLC	AL BARAHA	SHOP # 7-8, GROUND FLOOR, AL MAKTOUM BUILDING, OMAR BIN AL KHATTAB ROAD, AL BARAHA, DEIRA, PO BOX: 251702	04-2721108	25.0410172	56.36023075	Umar Ibn Al Khattab Mosque, Abdullah Al Khazzar Street, Al Nighala, Kalba, SH, United Arab Emirates	Umar Ibn Al Khattab Mosque		Abdullah Al Khazzar Street			Al Nighala	Kalba	Kalba		Sharjah Emirate	SH	United Arab Emirates	ae	0.037037037037037	0.037037037037037		0.333333333333333	© OpenStreetMap contributors	Open Database License	https://www.openstreetmap.org/copyright
806	DXB	PHARMACY	ORBIT STAR PHARMACY LLC	MUHAISNAH	SHOP – 5 -AL ATTAR BUSINESS AVENUE , NEAR MUHAISNAH MADINA MALL -BARSHA 1 , DUBAI - PO BOX 66778	04-2348918	25.2557676	55.3015053	Off- 605 Khalid Bin Waleed Road, Al Mankhool, Dubai, Bur Dubai, United Arab Emirates		Off- 605	Khalid Bin Waleed Road	92137	Bur Dubai	Al Mankhool	Dubai	Dubai	DU	Dubai	DU	United Arab Emirates	ae	0.1750329	0.194481			© OpenStreetMap contributors	Open Database License	https://www.openstreetmap.org/copyright
807	DXB	PHARMACY	DAR AL NOOR PHARMACY	NAIF ROAD	SHOP NO 1,2 - SHAIBAN BUILDING - NAIF ROAD - DEIRA - 235354	04-2322080	25.2706914	55.374214	Shop-n-Save, Al Nahda Street, Al Qusais, Dubai, DU, United Arab Emirates	Shop-n-Save		Al Nahda Street	36325 95887		Al Qusais	Dubai	Dubai	DU	Dubai	DU	United Arab Emirates	ae	0.00388466111771701	0.133333333333333		0.333333333333333	© OpenStreetMap contributors	Open Database License	https://www.openstreetmap.org/copyright
808	DXB	PHARMACY	MEDI PLUS PHARMACY LLC	AL BARSHA	INSIDE ZAHRA HOSPITAL – DUBAI, NEAR TO SHARAF DJ METRO STATION, SHEIKH ZAYED RD, AL BARSHA 1-PO BOX-66778	04-2244418																							
809	DXB	PHARMACY	HEALTH SIGN PHARMACY LLC	KARAMA	AL WASL RUBY BUILDING , BEHIND HOTEL RAMEE ROYAL , NEAR KARAMA POST OFFICE - DUBAI - PO BOX 66778	04-3300301	25.237862	55.273103	Al wasl mall, Al Wasl Road, Al Bada'a, Dubai, DU, United Arab Emirates	Al wasl mall			Al Wasl Road	26070 92445	Al Bada'a	Dubai	Dubai	DU	Dubai	DU	United Arab Emirates	ae		0.09	0.4	0.36	© OpenStreetMap contributors	Open Database License	https://www.openstreetmap.org/copyright
810	DXB	PHARMACY	UNIQUE CARE PHARMACY LLC	INTERNATIONAL CITY	SHOP NO-S14, X20, ENGLAND CLUSTER, INTERNATIONAL CITY,DUBAI - 235354 -UAE	04-5808675	25.1745443	55.4048617	Khalifa Bakhit Real Estate LLC, building z 02 3 Street, Warsan 1, Dubai, DU, United Arab Emirates	Khalifa Bakhit Real Estate LLC		building z 02	3 Street	79506	Warsan 1	Dubai	Dubai	DU	Dubai	DU	United Arab Emirates	ae		0.9	1	1	© OpenStreetMap contributors	Open Database License	https://www.openstreetmap.org/copyright
811	DXB	PHARMACY	FAJER MIRDIF PHARMACY L.L.C	KARAMA	SHOP NO.5, BURJ NAHAR BUILDING-OPP. SNOWHITE, OMAR BIN AL KHATTAB ROAD-NEAR. FISH ROUNDABOUT - MUTEEN, DEIRA-DUBAI	04-3437636	25.279284	55.313013	30138 96941 Omar Bin Al Khattab Road, Al Baraha, Dubai, DU, United Arab Emirates			30138 96941	Omar Bin Al Khattab Road	30138 96941	Al Baraha	Dubai	Dubai	DU	Dubai	DU	United Arab Emirates	ae		0			© OpenAddresses contributors	BSD-3-Clause License	
812	DXB	PHARMACY	LIVE CARE PHARMACY LLC	INDUSTRIAL AREA 1	SHOPPERS MALL, INDUSTRIAL AREA 1 , JABEL ALI, UAE	04-8845562	25.075873	55.141904	Marina Mall, Al Sufouh 2, Dubai, DU, United Arab Emirates				Marina Mall	12594 74659	Al Sufouh 2	Dubai	Dubai	DU	Dubai	DU	United Arab Emirates	ae		0.0530357142857143	0.375	0.3375	© OpenStreetMap contributors	Open Database License	https://www.openstreetmap.org/copyright
813	DXB	PHARMACY	LIFENITY INTERNATIONAL ADVANCED PHARMACY LLC	AL NAHDA POND PARK	JMS BUILDING, AL NAHDA SECOND, AL NAHDA POND PARK, PLOT NO. 349, SHOP NO. 2, DUBAI, UAE	04-3216964	25.30012	55.373233	Building A, شارع 23, Al Nahda, Sharjah, SH, United Arab Emirates	Building A			شارع 23	36111 98717	Al Nahda	Sharjah	Sharjah		Sharjah	SH	United Arab Emirates	ae		0.468	0.285714285714286		© OpenStreetMap contributors	Open Database License	https://www.openstreetmap.org/copyright
814	DXB	PHARMACY	OUR LIFE GUARD PHARMACY	JEBEL ALI	SHOP # 5 , GROUND FLOOR , SHAMS AL MADINA HYPERMARKET COMPLEX	04-5809681	24.2039973	55.7621047	du Shop, Al Mawsou'ah 1 Street, Industrial Area, AZ, United Arab Emirates	du Shop			Al Mawsou'ah 1 Street		Industrial Area	Industrial Area	Al Ain		Abu Dhabi Emirate	AZ	United Arab Emirates	ae		0.0131206611570248	0.245454545454545		© OpenStreetMap contributors	Open Database License	https://www.openstreetmap.org/copyright
815	DXB	PHARMACY	KIMS PHARMACY	HOR AL ANZ	ABU BAKAR AL SIDDIQUI ROAD,HOR AL ANZ	42209434	25.718253	56.074986	Al Yafnah Road, RK, United Arab Emirates				Al Yafnah Road				Ras al Khaimah	RK	Ras al Khaimah	RK	United Arab Emirates	ae		0.05625	0.0816326530612245	0.073469387755102	© OpenStreetMap contributors	Open Database License	https://www.openstreetmap.org/copyright
816	DXB	PHARMACY	AL RAFAH PHARMACY	BURDUBAI	OPP TO AMBASSADOR HOTEL, BURDUBAI	04-3939402																							
817	DXB	PHARMACY	KHALIDHA PHARMACY L.L.C	AL QUOZ	OFFICE: 103 & 104, FIRST FLOOR,SHEHAR KARACHI RESTAURANT BUILDING,AL QUOZ IND AREA - 3	04-3952885	25.205306	55.27507	103 Central Park Office Tower, Za'abeel 2, Dubai, DU, United Arab Emirates			103	Central Park Office Tower	26223 88776	Za'abeel 2	Dubai	Dubai	DU	Dubai	DU	United Arab Emirates	ae	0	0			© OpenStreetMap contributors	Open Database License	https://www.openstreetmap.org/copyright
818	DXB	PHARMACY	NAJMA AL MUSALLAH PHARMACY	AL QOUZ	27, 44 STREET?G FLOOR,AL QUOZ 3 - 358, HADAEQ MOHAMMED BIN RASHID, DUBAI",04-3381967,25.1158091,55.2184352,"AG Marble & Granite LLC, 50-28B 28b Street, Al Quoz Community, Dubai, DU, United Arab Emirates",0,© OpenStreetMap contributors
787,DXB,PHARMACY,"JANSONS PHARMACY LLC,BURDUBAI",BURDUBAI,"KHYBER BUILDING, 11, AL RAFFA STREET; G FLOOR, SHOP 4 AL SOUQ AL KABEER - 312, BUR DUBAI, DUBAI;UNITED ARAB EMIRATES",04-3514118,25.2623727,55.2963265,"Bur Dubai, Al Souk Al Kabeer, Dubai, Bur Dubai, United Arab Emirates",,© OpenStreetMap contributors
788,DXB,PHARMACY,AL RAIS PHARMACY,BUR DUBAI,"AL RAIS BUILDING,NEXT TO CHOITHRAMS S/M,BUR DUBAI",04-3519581,25.250206,55.294383,"Al Rais Building 6, 19a Street, Al Mankhool, Dubai, Bur Dubai, United Arab Emirates",,© OpenStreetMap contributors
789,DXB,PHARMACY,GAZAL AL JABAL,MUHAISNAH,"MUHAISANAH 2 , NEAR POST OFFICE, SONAPUR",04-2540460,25.27912,55.40894,"Muhaisanah Fourth, DU, United Arab Emirates",,GeoNames
790,DXB,PHARMACY,AL JASEEL PHARMACY,ALQOUZ 3,"AL QOUZ 3 ,AL HASHIMI BLDG",04-3214090,25.264996,55.300228,"3 Al Fahidi, Al Souq Al Kabeer, Dubai, DU, United Arab Emirates",0.18,© OpenStreetMap contributors
791,DXB,PHARMACY,MOTHER PHARMCAY L.L.C.,HOR AL ANZ,"AL FALASI BUILDING, NEAR UNITED HYPER MARKET, HOL AL ANZ",04-2974329,25.4061916,55.4422582,"Taxi Pick Point, Ajman, Near Lulu Hyper market, Sheikh Rashid Bin Humaid Al Nuaimi Street, Al Rumailah, Ajman, AJ, United Arab Emirates",,© OpenStreetMap contributors
792,DXB,PHARMACY,CARE WELL PHARMACY L.L.C,AL QOUZ,"SHOP NO.20 ,AL QOUZ MALL , AL QOUZ ,DUBAI-U.A.E",04-3419008,25.15982,55.2414,"Al Qouz Third, DU, United Arab Emirates",,GeoNames
793,DXB,PHARMACY,WELLCARE PHARMACY LLC,ALQOUZ 4,"SHOP # 12, AL ADEEM BUILDING,AL QUOZ 4",04-2322211,25.117671,55.2357375,"Two Guys Home Furnishings LLC, 23 22 Street, Al Quoz Community, Dubai, DU, United Arab Emirates",,© OpenStreetMap contributors
794,DXB,PHARMACY,TRUST PHARMACY LLC,ALQOUZ 3,"SHOP#12, EIFFEL ACCOMADATION 3, AL QUOZ 3.",04-5475667,25.1158091,55.2184352,"AG Marble & Granite LLC, 50-28B 28b Street, Al Quoz Community, Dubai, DU, United Arab Emirates",0.127894736842105,© OpenStreetMap contributors
795,DXB,PHARMACY,VITACARE PHARMACY LLC,AL HUBAIDA STREET,"VITA CARE PHARMACY L.L.C, SHOP NO 4& 5 BAKHITA SAEED MUBARAK AL SHAMSI AL ROWA, AL HUDAIBA STREET 35",04-3425556,,,,,
796,DXB,PHARMACY,YASMED PHARMACY LLC,NAIF ROAD,"OPP.WEST HOTEL,NAIF ROAD,DEIRA,DUBAI",04-2619535,25.27219,55.31022,"Naif, DU, United Arab Emirates",,GeoNames
797,DXB,PHARMACY,AJMAL PHARMACY LLC,KARAMA,"SMC BUILDING,OPPO.KARAMA BUS STATION, KARAMA",04-3360801,,,,,
798,DXB,PHARMACY,UNITY PHARMACY LLC,BUR DUBAI,"B-05,AB BUILDING, AL SOUK AL KABEER,BUR DUBAI,DUBAI.UAE",04-5462804,24.089201,52.653037,"طريق ٠٥, Ruwais, AZ, United Arab Emirates",,© OpenStreetMap contributors
799,DXB,PHARMACY,Y A Z PHARMACY LLC,HOR AL ANZ,"SHOP NO-16,AL HAZM BUILDING,AL RASHEED ROAD,HOR AL ANZ,DUBAI.UAE",04-5478789,25.2706914,55.374214,"Shop-n-Save, Al Nahda Street, Al Qusais, Dubai, DU, United Arab Emirates",,© OpenStreetMap contributors
800,DXB,PHARMACY,MEDICOM PHARMACY 31 LLC,AL SATWA,"AL SATWA ,AHMED RAMADA JUMA BUILDING,SHOP NO 3-AL BIDA STREET",04-3859232,25.0530261,55.2626087735714,"3 9 Street, Arabian Ranches, Dubai, DU, United Arab Emirates",,© OpenStreetMap contributors
801,DXB,PHARMACY,MEDSEVEN PHARMACY LTD,FINACIAL CENTRE,"UNIT P1-01,LEVEL P1,PARK TOWERS, DUBAI INTERNATIONAL FINANCIAL CENTRE, DIFC, DUBAI",04-5467274,24.4599154,54.3819616,"NW-102-09-RTU-005 (Unit 01), Al Ruwaysi Street, Al Wahda, Abu Dhabi, United Arab Emirates",,© OpenStreetMap contributors
802,DXB,PHARMACY,AL NAHDA PHARMACY LLC,RAS AL KHOR,"OPPOSITE TO AUTO MARKET,WASSEL BUILDING,NEAR SAHARI VILLAGE,RAS AL KHOR INDUSTRIAL AREA 3 -SHOP NO 4",04-3200501,25.2855806,55.406942,"SajaaS, Mona Residence, Al Qusais Industrial 5, Near Lulu Village Amman Street, Al Qusais Industrial 4, Dubai, DU, United Arab Emirates",,© OpenStreetMap contributors
803,DXB,PHARMACY,GREEN BELT PHARMACY L.L.C,ABUHAIL,"GOLD BUILDING, OPPOSITE TO CANADIAN HOSPITAL,ABUHAIL",04-3991839,,,,,
804,DXB,PHARMACY,MED CARE PHARMACY L.L.C,AL TAWAR CENTER,"ESSA SULTAN AHMED LOOTAH BUILDING, NEAR TO AL TAWAR CENTER, QUSAIS, DUBAI",04-3288884,25.3783178,55.4731154,"near al barj garage, Ajman Ring Road, New Industrial, Ajman, AJ, United Arab Emirates",,© OpenStreetMap contributors
805,DXB,PHARMACY,MEDONE PHARMACY LLC,AL QUSAIS 2,"AL FATTAN BUILDING AL QUSAIS 2,",04-3412774,25.2886932,55.3908798,"IDesign Advertising L.L.C, Warehouse number 25 19 Street, Al Qusais Industrial 3, Dubai, DU, United Arab Emirates",,© OpenStreetMap contributors
806,DXB,PHARMACY,RX PHARMACY (BR OF IMARA HEALTH CARE L.L.C)(IMARA GR),NAIF ROAD,"AHMED PLAZA BUILDING, OPPOSITE TO AL FUTTAIM MOSQUE, NAIF ROAD, DUBAI, UAE",04-3555129,25.2723503,55.3045918,"Naif View Hotel, Naif Road, Naif, Deira, United Arab Emirates",,© OpenStreetMap contributors
807,DXB,PHARMACY,SAMARI RX PHARMACY (BR OF IMARA HEALTH CARE L.L.C)(IMARA GR),RAS AL KHOR,"SAMARI RETAIL BUILDING, SHOP NO. R-1008-1, NEXT TO SAMARI RESIDENCE, RAS AL KHOR INDUSTRIAL AREA 3, DUBAI, UAE",04-3330538,25.17901365,55.3794219662479,"Ras Al Khor Industrial Area 3, Ras Al Khor Industrial 3, Dubai, United Arab Emirates",,© OpenStreetMap contributors
808,DXB,PHARMACY,PANORAMA RX PHARMACY (BR OF IMARA HEALTH CARE L.L.C)(IMARA GR),DUBAI,"PANORAMA BUILDING, UNIT NO. 9, NEXT TO REGENT INTERNATIONAL SCHOOL, AL THANYAH 3, DUBAI, UAE",04-4557256,25.0537558,55.2624735596476,"9 9 Street, Arabian Ranches, Dubai, DU, United Arab Emirates",0.567,© OpenStreetMap contributors
809,DXB,PHARMACY,HTK PHARMACY,DEIRA,"DOHA CENTER BUILDING, AL MAKHTOUM ROAD, DEIRA",04-2957776,25.2429736,55.2754972,"Mercure Gold Al Mina Road, Al Mina Street, Al Mina, Dubai, Bur Dubai, United Arab Emirates",,© OpenStreetMap contributors
810,DXB,PHARMACY,HOPECARE PHARMACY L.L.C,HOR AL ANZ,"HAMAD KHALFAN BUILDING 1, 26TH STREET, SHOP 1 TO 6, HOR AL ANZ DUBAI",04-2268881,25.059934,55.202329,"A Street 26, Jumeirah Village Circle, Dubai, DU, United Arab Emirates",,© OpenStreetMap contributors
811,DXB,PHARMACY,APPLE CARE PHARMACY LLC (FRANCE CLUSTER),INTERNATIONAL CITY,"FRANCE CLUSTER P 04,INTERNATIONAL CITY,",04-4322568,,,,,
812,DXB,PHARMACY,APPLE CARE PHARMACY LLC BRANCH (GREECE CLUSTER),INTERNATIONAL CITY,"GREECE CLUSTER K14,INTERNATIONAL CITY,",04-2776210,25.156382,55.407564,"971501400463 Greece L, Warisan, Dubai, DU, United Arab Emirates",,© OpenStreetMap contributors
813,DXB,PHARMACY,APPLE CARE PHARMACY L. L. C BR,JAFZA,"ICARE BLUE BUILDING, NO.WA02O01, JAFZA",04-8876483,25.12052085,55.3738128133124,"Blue Oasis Building, 37/2 54 Street, International City, Dubai, Dubai Silicon Oasis, United Arab Emirates",,© OpenStreetMap contributors
814,DXB,PHARMACY,HARLEY INTERNATIONAL MEDICAL CLINIC PHARMACY BRANCH,DUBAI,GEO TAG: LATITUDE 25.24943 AND LONGITUDE 55.2866,04-3986677,25.2799497,55.3852390094118,"RISE GEO CONTROL SYSTEMS TRADING LLC., شارع دمشق, Al Qusais Industrial Area, Dubai, DU, United Arab Emirates",,© OpenStreetMap contributors
815,DXB,PHARMACY,GSM GREENS PHARMACY LLC,DIP 1,"DIP 1 GREEN COMMUNITY, EUROPEAN BUSINESS CENTER GROUND FLOOR SHOP NO.29",04-8831002,25.07092885,55.14371655,"Jumeirah Business Center 1, JLT Cluster G, Jumeirah Lakes Towers, Dubai, Emirates Hills, United Arab Emirates",,© OpenStreetMap contributors
816,DXB,PHARMACY,GRAND INFINITY PHARMACY LLC,MUHAISNAH,MUHAISINAH,04 2515458,,,,,
817,DXB,PHARMACY,GRAND INFINITY PHARMACY LLC BRANCH,MUTEENA,"SHOP NO.4, NEXT TO GRAND EXCELSIOR HOTEL, MUTEENA STREET, DIERA,DUBAI",04-3361148,25.2744261596681,55.3287628755472,"Al Muteena Street, Al Muteena, Dubai, Deira, United Arab Emirates",,© OpenStreetMap contributors
818,DXB,PHARMACY,BAB AL NOOR PHARMACY LLC,MUHAISNAH 2,"SONAPUR , MUHAISINAH 2 PB NO.392192",N/A,,,,,
819,DXB,PHARMACY,ZAHRAT AL NOOR PHARMACY LLC,DIP 2,"FIRST FLOOR PASONS HYPERMARKET, ABOVE LANDMARK RESTAURANT, DIP-2, DUBAI",04-8814111,,,,,
820,DXB,PHARMACY,GOOD WILL PHARMACY LLC,JABAL ALI,"FIRST FLOOR AL BATEEL MALL(TALAAL PLAZA HYPERMARKET), TALAAL PLAZA HYPERMARKET, MERAAS, JABAL ALI INDUSTRIAL 1, DUBAI, 392192",04-8848777,25.2647227,55.2924146,"Dubai, United Arab Emirates",,© OpenStreetMap contributors
821,DXB,PHARMACY,NAD AL HAMAR PHARMACY LLC,AL QUOZ,"AL QUOZ OFFICE BLOCK, NEAR TO AL KHAIL MALL, AL QUOZ INDUSTRIAL AREA, DUBAI PO BOX: 76636",N/A,25.2410207,55.2723313,"ELITE BODY HOME SLIMMING ANG PHYSIOTHERAPY CENTER, 1st Floor Office 117 Block B Al Hudaiba Awards Building Al Mina Street, Al Mina, Dubai, Bur Dubai, United Arab Emirates",2.84702574778911E-06,© OpenStreetMap contributors
822,DXB,PHARMACY,FAITHWAY PHARMACY LLC (BRANCH),AL MUTEENA,"CENTER RESIDENCE BESIDE WESTZONE SUPERMARKET AL MUTEENA, UAE",04-3327827,,,,,
823,DXB,PHARMACY,LOTUS PHARMACY LLC,DUBAI,SAIF ALI RASHED SUWAILEM BUILDING,04-3433134,,,,,
824,DXB,PHARMACY,FAITH PHARMACY L.L.C,NAIF ROAD,"NEAR AL FUTTAIM MASJID, NAIF ROAD, DEIRA",04-2724279,25.208959,55.362201,"al futtaim access, Festival City, Dubai, DU, United Arab Emirates",,© OpenStreetMap contributors
825,DXB,PHARMACY,AL TAMIMI PHARMACY L.L.C,ALQOUZ,"BEHIND QUOZ HEALTH CENTRE, AL QUOZ, DUBAI",04-3381455,,,,,
826,DXB,PHARMACY,AL TAMIMI NEW PHARMACY LLC,ALQUOZ,"BEHIND OASIS CENTRE, AL QUOZ BOWLING CENTRE ROAD, OPP. JMART SUPER MARKET, DUBAI.",04-3381913,25.15598515,55.249881768229,"Belhasa Driving Centre / Main - Al Quoz 4, 12 Street, Al Quoz Community, Dubai, DU, United Arab Emirates",,© OpenStreetMap contributors
827,DXB,PHARMACY,MURIAT PHARMACY L.L.C,OUD METHA,"KML BUILDING NO:3, NEAR DUNES HOTEL, OUD METHA, DUBAI.",04-3796771,,,,,
828,DXB,PHARMACY,MASHREQ PHARMACY L.L.C,AL QUSAIS,"OPP. FORTUNE GRAND HOTEL, BEHIND SUNRISE SUPER MARKET, AL QUSAIS, DUBAI.",04-2634081,25.2366315,55.3072567,"Sunrise City Super Market, 4 Street, Oud Metha, Dubai, Bur Dubai, United Arab Emirates",,© OpenStreetMap contributors
829,DXB,PHARMACY,ROKN AL MEZHER PHARMACY L.L.C,AL QUSAIS,"NEAR TO AIRPORT FREEZONE METRO STATION, NEXT TO FILLI TEA, AL QUSAIS, DUBAI.",04-2635469,25.2767072,55.3625752,"Stadium Metro Station, Al Nahda Street, Al Twar, Dubai, DU, United Arab Emirates",,© OpenStreetMap contributors
830,DXB,PHARMACY,QALB AL IMAN PHARMACY L.L.C,DEIRA,"NEXT TO KHALID MASJID, DEIRA, DUBAI.",04-2723240,25.2647227,55.2924146,"Dubai, United Arab Emirates",,© OpenStreetMap contributors
831,DXB,PHARMACY,FAITH WAY PHARMACY L.L.C,JUMEIRA 1,"J.T.S MEDICAL CENTRE BUILDING, OPPOSITE UNION HOUSE, 2ND DECEMBER STREET, JUMEIRA-1",04-3798953,25.187372,55.239128,"Union Cooperative Supermarket, Jumeira, Dubai, DU, United Arab Emirates",,© OpenStreetMap contributors
832,DXB,PHARMACY,AL SAFA AL QUOZ PHARMACY L.L.C,AL SAFA 3,"WADI AL SAFA 3, MAJAN DUBAI- UAE",04-3808824,25.1834912,55.2381266,"The Grey, 1 Al Wasl Road, Al Safa, Dubai, DU, United Arab Emirates",0.7,© OpenStreetMap contributors
833,DXB,PHARMACY,GRAND MURIAT PHARMACY LLC,DEIRA,"BEHIND AL HAMRIYA POST OFFICE, HAMRIYA, DEIRA, DUBAI",04-2639986,25.26041,55.30373,"Al Hamriya, DU, United Arab Emirates",,GeoNames
834,DXB,PHARMACY,AL FARAH PHARMACY LLC,AL NAHDA 1,"BEHIND SAHARA CENTRE, AL NAHDA 1, DUBAI",04-2507306,25.080209,55.283596,"Dubai, DU, United Arab Emirates",,Who's On First
835,DXB,PHARMACY,AL AHRAM PHARMACY,SATWA,"OPPOSITE SATWA BUS STATION, AL SATWA STREET, SATWA DUBAI",04-3318060,25.2331881,55.277305,"Shabab Al Satwa Ato Accessories, Al Satwa Road, Al Bada'a, Dubai, DU, United Arab Emirates",,© OpenStreetMap contributors
836,DXB,PHARMACY,AL KHAN PHARMACY LLC,NAIF ROAD,"NAIF DEIRA DUBAI, UAE",04-236 2048,25.27219,55.31022,"Naif (Deira), DU, United Arab Emirates",,GeoNames
837,DXB,PHARMACY,AL TAMIMI NEW PHARMACY LLC BRANCH,AL SATWA,"NEXT TO UAE EXCHANGE AL SATWA, DUBAI UAE",04-3249218,25.2282973,55.2736376,"Al Fardan Exchange, 25 Street, Al Bada'a, Dubai, DU, United Arab Emirates",,© OpenStreetMap contributors
838,DXB,PHARMACY,MEDI GREEN PHARMACY LLC,DOHA STREET,"QUSAIS-1,DOHA STREET-DUBAI",04-2652535,25.0324338,55.27424725,"1 1 Street, Wadi Al Safa 7, Dubai, DU, United Arab Emirates",,© OpenStreetMap contributors
839,DXB,PHARMACY,DAR AL NASEEM PHARMACY LLC,MUHAISNAH 4,"NEXT TO MADINA MALL,BEIRUT STREET,MUHAISNAH 4, DUBAI",04 2576266,25.284366,55.407158,"4 Al Muhaisnah 4 Ambulance Service, Muhaisnah 4, Dubai, DU, United Arab Emirates",0,© OpenStreetMap contributors
840,DXB,PHARMACY,ARDH AL NASEEM PHARMACY LLC.,AMMAN STRRET,"AL MAGRUDY RESIDENCE, NEAR CARREFOUR EXPRESS, AMMAN STREET, AL NAHDA-2, DUBAI",04-2809242,24.97403,55.21045,"Dubai Investment Park Second, DU, United Arab Emirates",,GeoNames
841,DXB,PHARMACY,AL NASEEM PHARMACY LLC,AL QUSAIS,"QUSAIS MANZIL AL QUSAIS 1ST – 232, DUBAI",42635277,,,,,
842,DXB,PHARMACY,MEDIGREEN PHARMACY LLC (BRANCH),FIRJ MURAR,"NEXT TO ABEER AL NOOR CLINIC, FIRJ MURAR , DEIRA , DUBAI",04-2542757,,,,,
843,DXB,PHARMACY,FAITH ACACIA PHARMACY LLC,"SOUFUH, DUBAI","SOUFUH GARDENS, AL SOUFUH, DUBAI UAE",04-5831633,25.2682247,55.3029894,"Al Qarn Al Hadeeth Trading, Al Souk Al Kabeer Street, Al Sabkha, Dubai, Deira, United Arab Emirates",,© OpenStreetMap contributors
844,DXB,PHARMACY,FAITH CAP 1 PHARMACY LLC,MIZHAR FIRST,TUNIS RD AL MIZHAR FIRST - DUBAI,04-2255121,24.1679048216664,55.6888330666202,"Tunis Street, Zakhir, Abu Dhabi Emirate, United Arab Emirates",,© OpenStreetMap contributors
845,DXB,PHARMACY,FAITH EUROPEAN PHARMACY LLC,JUMEIRA,UM SUQAIM SECOND ROAD ADJACENT - AL THANYA - JUMEIRAH ST - DUBAI,04-238 1881,25.080209,55.283596,"Dubai, DU, United Arab Emirates",,Who's On First
846,DXB,PHARMACY,FAITH JABAL PHARMACY LLC,JEBEL ALI,"SHOP NUMBER 5 LABOUR CAMP BUILDING. JEBEL ALI INDUSTRIAL AREA FIRST, JEBEL ALI, DUBAI UAE",04-3956479,25.0096505,55.1067179,"labour camp Parco, 11 Street, Jebel Ali Industrial Area, Jebel Ali, DU, United Arab Emirates",,© OpenStreetMap contributors
847,DXB,PHARMACY,AL WOQAYA PHARMACY -PROTECTION PHARMACY,KARAMA,"SHOP NO 30,31 KARAMA CENTRE,KARAMA",04-3348348,25.244919,55.303659,"Al Karama Center, 31 Kuwait Street, Al Karama, Dubai, DU, United Arab Emirates",,© OpenStreetMap contributors
848,DXB,PHARMACY,EXPERTS PHARMACY,AL KHAIL MALL,"SHOP#10, FROUND FLOOR, ALL KHAIL MALL, LATIFA BINT HAMDAN ST., AL QUOZ",04-3307808,25.16293,55.25005,"Al Quoz 1, Dubai, DU, United Arab Emirates",,GeoNames
849,DXB,PHARMACY,DR ABDULLAS PHARMACY,AL QUSAIS,"MONA'S RESIDENCE ,OPP TO DUNES HOTEL,AMMAN STREET,ALQUSAIS INDUSTRIAL AREA5",04-2388778,,,,,
850,DXB,PHARMACY,NEW SMILE PHARMACY,ALQOUZ,"AWQAF BUILDING NO. 2, GROUND FLOOR, FLAT 1, ALQOUZ II",3381330,25.60355875,56.2724952410526,"Saif Al-Salami Building No. 2, شارع الشيخ حمد بن سيف الشرقي, Al Murabah, Dibba Al Fujairah, FU, United Arab Emirates",,© OpenStreetMap contributors
851,DXB,PHARMACY,SMILE PHARMACY,SONAPUR,"AL ABBAR BUILDING, NEAR MANGO HYPERMARKET, GROUND FLOOR, MUHAISINAH II (SONAPUR)",2643567,25.2740348,55.3022759,"Essa Al Abbar Tailoring, 8 Street, Ayal Nasir, Deira, United Arab Emirates",,© OpenStreetMap contributors
852,DXB,PHARMACY,WEST HILL PHARMACY,KARAMA,"SHEIKH MOHD BLDG, GROUND FLOOR, KARAMA STREET",337-7131,25.2438352,55.3039608,"Al Waleed Real Estate - Karama 1, Al karama Street, Al Karama, Dubai, Bur Dubai, United Arab Emirates",,© OpenStreetMap contributors
853,DXB,PHARMACY,HAFSA PHARMACY,DISCOVERY GARDENS,"ZEN CLUSTER 3, OPP CHELEA TOWER HOTEL, GROUND FLOOR, FLAT # 8, JEBEL ALI AREA, DISCOVERY GARDEN",04 4377548,,,,,
854,DXB,PHARMACY,EAST HILL PHARMACY,DUBAI,"AWQAF BULD, GROUND FLOOR,SHOP NO.2, NEAR PRACO AREA, JEBAL IND- 2, DUBAI",04-8877752,25.25854095,55.40003495,"Al Imran Technical Services, Shop Number 2 7a Street, Al Qusais, Dubai, DU, United Arab Emirates",0,© OpenStreetMap contributors
855,DXB,PHARMACY,HILL LIFE PHARMACY LLC,KARAMA,"41 A STREET ,KARAMA",04-3232886,24.4674781,54.372529,"41 Al 'Adhari Street, Al Manhal, Abu Dhabi, Al Karamah, United Arab Emirates",0.3969,© OpenStreetMap contributors
856,DXB,PHARMACY,FIT FOR LIFE PHARMACY LLC,DIP 1,"GROUND FLOOR 8, RAMLA HYPERMARKET, DUBAI INVESTMENTS PARK 1, DUBAI, UAE",04-8836865,25.008334,55.156513,"8 Premier Inn, Dubai Investments Park, Dubai Investment Park 1, Dubai, DU, United Arab Emirates",0,© OpenStreetMap contributors
857,DXB,PHARMACY,LIFE GUARD PHARMACY L.L.C,ALQOUZ 3,"SHOP-2,EIFFEL ACCOMMODATION-2,OPP.BELHASA DRIVING SCHOOL,AL QUOZ-3",04-3333785,25.117671,55.2357375,"Two Guys Home Furnishings LLC, 23 22 Street, Al Quoz Community, Dubai, DU, United Arab Emirates",,© OpenStreetMap contributors
858,DXB,PHARMACY,CANADIAN SPECIALIST HOSPITAL PHARMACY,DEIRA,"ABU HAIL , DEIRA-DUBAI UAE",04-7072222,25.28544,55.32934,"Abu Hail, DU, United Arab Emirates",,GeoNames
859,DXB,PHARMACY,BRITE PHARMACY LLC,AL NAHDA 2,"AL SUNDOS BUILDING ,GROUND FLOOR, AL NAHDA 2",04-5473734,25.276997,55.364547,"39 Al Nahda Road, Al Quasis 1, Dubai, DU, United Arab Emirates",,© OpenStreetMap contributors
860,DXB,PHARMACY,BIO VISTA PHARMACY LLC,ALNAHDA 2,"SHOP NO:2, SUNDOS AL NAHDA BUILDING, AL NAHDA 2, QUSAIS",N/A,25.27807,55.37245,"Al Qusais First, DU, United Arab Emirates",,GeoNames
861,DXB,PHARMACY,BLUEBELL INTERNATIONAL PHARMACY LLC,BUR DUBAI,"GROUD FLOOR, AL ATTAR BUSINESS CENTRE,NEAR ADCB METROSTATION,P.O.BOX: 294880",04-3231366,25.2723258,55.3000308,"Mohd. Khalid Al Attar General Trading, Al Soor Street, Al Sabkha, Deira, United Arab Emirates",,© OpenStreetMap contributors
862,DXB,PHARMACY,BELHOUL SPECIALITY HOSPITAL PHARMACY,AL BARHA,"BSH BUILDING, NEAR BIG MART SUPERMARKET, AL BARAHA, DUBAI",04-2140638,,,,,
863,DXB,PHARMACY,BADR AL SAMAA PHARMACY,BUR DUBAI,"OPP MUSALLA TOWER NEAR AL FAHIDI METRO STATION, BANK STREET, PO BOX.125035",04-3578681,,,,,
864,DXB,PHARMACY,AXON MEDICA PHARMACY,JEBAL ALI,"THE GARDENS, GFA 8, GROUND FLOOR,JABEL ALI",04-4599904,25.045312,55.131918,"8 The Gardens 8, Jebel Ali Village, Jebel Ali, DU, United Arab Emirates",0,© OpenStreetMap contributors
865,DXB,PHARMACY,AXON MEDICA PHARMA LLC,AL RASHIDIYA,"RASHIDIYA CENTRAL MARKET , UNION CO -OPERATIVE BUILDING ,NEXT TO AL RASHIDIYA POLICE STATION , DUBAI",04-2859880,25.5486368,55.5591107,"Central Market, Sheikh Ahmed Bin Rashid Al Mu'alla Street, Al Khor, Umm Al Quwain, UQ, United Arab Emirates",,© OpenStreetMap contributors
866,DXB,PHARMACY,AXON MEDICA PHARMA LLC,SILICON OASIS,"LYNX APPARTMENT, GROUND FLOOR, HESSA STREET,SILICON OASIS",04-3484992,25.009924,55.251569,"Hessa Street, Remraam, Dubai, DU, United Arab Emirates",,© OpenStreetMap contributors
867,DXB,PHARMACY,MUHAISNA STAR PHARMACY,AL MUHAISINAH,"MUHAMMED ALI ABDUL TAHMAN BLDG., AL QUSAIS, MUHAISNA 2 PO BOX. 45491",04-264 4034,25.6003499,56.3402228,"125590 Dibba-Khor Fakkan Road, Al Fiqait, FU, United Arab Emirates",1.0533839373775E-05,© OpenStreetMap contributors
868,DXB,PHARMACY,PRIMACARE PHARMACY,DEIRA -BANIYAS SQUARE,"MEZZANINE FLOOR, AL MUSALLA TOWER, BANK STREET, PO BOX 26238, BUR DUBAI, UAE",04-396 6123,,,,,
869,DXB,PHARMACY,ASTER PHARMACY 128 (BR OF ASTER PHARMACIES GROUP LLC),AL BARSHA,"SHOP # 1, NEW ENOC, UMM SEQUIM ST, AL BARSHA, DUBAI, UAE",04-4405945,25.101344,55.201907,"Al Barsha, Dubai, DU, United Arab Emirates",,Who's On First
870,DXB,PHARMACY,ASTER PHARMACY 132 (BR OF ASTER PHARMACIES GROUP LLC),ABUHAIL,"SHEIKH SUHAIL BUILDING , HOR AL ANZ EAST, PLOT #133-142ABU HAIL ,DUBAI ,UAE",04-2692835,25.286278,55.326693,"31525 97699 Hor Al Anz Street, Abu Hail, Dubai, DU, United Arab Emirates",4.7782874617737E-05,© OpenAddresses contributors
871,DXB,PHARMACY,ASTER GRAND PHARMACY (AL NAHADA),ALNAHDA,"AB PLAZA BUILDING, GROUND FLOOR, SHOP NO.8 AL NAHDA , DUBAI",04 2505712,25.2768987,55.3647054237515,"Dubai Youth Hostel, 39 Al Nahda Street, Al Qusais, Dubai, United Arab Emirates",0.193548387096774,© OpenStreetMap contributors
872,DXB,PHARMACY,ASTER PHARMACY 120 (BR OF ASTER PHARMACIES GROUP LLC),AL WARQA,"ABDUL RAOUF MOHAMMED SALEH ALAVI BUILDING, AL WARQA 1, AL WARQA, NEAR ASWAQ MALL",04-2803995,,,,,
873,DXB,PHARMACY,GOLDEN SANDS PHARMACY,BUR DUBAI,AL AIN CENTRE - BUR DUBAI,04-3511444,24.20462765,55.7931042545067,"Al Ain City Centre, Al Qaydh Street, Al Sarooj, AZ, United Arab Emirates",,© OpenStreetMap contributors
874,DXB,PHARMACY,MEDICINE SHOPPE MICRO PHARMACY,AL BARSHA,AL BARSHA,04-3237939,25.096326,55.1984022,"Al Barsha 3, Al Barsha, United Arab Emirates",,© OpenStreetMap contributors
875,DXB,PHARMACY,MEDICOM PHARMACY 7 (FLAME PHARMACY),DUBAI,"AL MIZHAR MALL, AL MIZHAR-I, DUBAI",04-2876804,25.254632,55.30846,"Al Mizhar, Dubai, DU, United Arab Emirates",,Who's On First
876,DXB,PHARMACY,ASTER PHARMACY 204(BR OF ASTER PHARMACIES GROUP LLC),AL QUSAIS,"AL QUSAIS BUILDING, DAMASCUSS STREET, NEAR GRAND HOTEL, AL QUSAIS",04-2203889,24.166761,55.113785,"1st Street, AZ, United Arab Emirates",,© OpenStreetMap contributors
877,DXB,PHARMACY,ASTER HEALTHCARE HYPERMARKET (BR OF ASTER PHARMACIES GROUP LLC),BUR DUBAI,"AL RAFFA BUILDING , OPP ASTER HOSPITAL , MANKHOOL ROAD, MANKOOL, BURDUBAI",04-3399523,25.24905,55.29492,"Mankhool, DU, United Arab Emirates",,GeoNames
878,DXB,PHARMACY,ASTER PHARMACY 100 (BR OF ASTER PHARMACIES GROUP LLC),DUBAI,"AL RAZI BUILDING, BUILDING NO 64, D BLOCK, DHCC",04-4343922,25.1161765,55.2038938,"Al Emad, Shop no. 13 Al Seedaf 1 Street, Al Barsha 1, Dubai, Al Barsha, United Arab Emirates",,© OpenStreetMap contributors
879,DXB,PHARMACY,EHSAN PHARMACY,DEIRA,"AL SHAAB COLONY, HOR AL ANZ - DEIRA DUBAI",04-2975986,25.2773851,55.3419861,"AL Shaab Colony, 34d Street, Hor Al Anz, Dubai, Deira, United Arab Emirates",,© OpenStreetMap contributors
880,DXB,PHARMACY,ALFA PHARMACY,QUSAIS,"ALFATTAN BUILDING ,QUSAIS",04-2806714,24.199575,55.676464,"D2 Building, Asharej, Al Ain, AZ, United Arab Emirates",,© OpenStreetMap contributors
881,DXB,PHARMACY,ASTER PHARMACY101(BR OF ASTER PHARMACIES GROUP LLC),QUSAIS,"AQU BUILDING, AL QUSAIS1, SHEIKH COLONY, NEAR TO DAFZA METRO STATION",04-2382342,25.2767072,55.3625752,"Stadium Metro Station, Al Nahda Street, Al Twar, Dubai, DU, United Arab Emirates",,© OpenStreetMap contributors
882,DXB,PHARMACY,AVENUE PHARMACY,BUSSINESS BAY,"ASPECT TOWERS, BAY AVENUE, BUSINESS BAY, DUBAI",04 4357450,25.26038,55.29891,"Bur Dubai, DU, United Arab Emirates",,GeoNames
883,DXB,PHARMACY,ASTER PHARMACY 147 (BR OF ASTER PHARMACIES GROUP LLC),AL FAHIDI,"ASTER JUBILEE MEDICAL COMPLEX, KHALEED BIN AL-WALEED STREET, NEAR TO AL FAHIDI METRO STATION, BURDUBAI",04-3254026,25.2597857,55.3028932,"Khaleed Bin Al Waleed 2, 9th Street, Al Hamriya, Dubai, Bur Dubai, United Arab Emirates",,© OpenStreetMap contributors
884,DXB,PHARMACY,MEDICOM PHARMACY 12 (DUBAI CENTURY PHARMACY),RASHIDIYA,"BEHIND BIN SOUQAT CENTRE, AL RASHIDIYA, DUBAI",04-2859110,25.27268045,55.327850632375,"Ahmed bin Sultan bin Saleem Mosque, 24 Street, Al Muteena, Dubai, Deira, United Arab Emirates",,© OpenStreetMap contributors
885,DXB,PHARMACY,ASMA PHARMACY,DEIRA,BEHIND NAIF POLICE STATION - DEIRA DUBAI,04-2222786,,,,,
886,DXB,PHARMACY,ASTER PHARMACY 202 (BR OF ASTER PHARMACIES GROUP LLC),RASHIDIYA,"BIN SOUGAT CENTER, AIRPORT ROAD, AL RASHIDIYA, NEAR METRO STATION",04-2540474,25.232809,55.385123,"Bin Sougat Centre, Al Khawaneej Road, Al Rashidiya, Dubai, DU, United Arab Emirates",,© OpenStreetMap contributors
887,DXB,PHARMACY,ASTER PHARMACY105 (BR OF ASTER PHARMACIES GROUP LLC),AL WARSAN,"BLDG. I - 11, SHOP NO. 02, AL WARSAN FIRST,INTERNATIONAL CITY, MOROCCO CLUSTER",04-2275972,25.165379,55.416625,"I-11 Morocco, Warisan, Dubai, DU, United Arab Emirates",,© OpenStreetMap contributors
888,DXB,PHARMACY,ASTER PHARMACY 200 (BR OF ASTER PHARMACIES GROUP LLC),AL QUSAIS,"BUILDING NO :241-487, AL NAHADA SECOND, AL QUSAIS",04-2362839,,,,,
889,DXB,PHARMACY,ASTER PHARMACY104 (BR OF ASTER PHARMACIES GROUP LLC),INTERNATIONAL CITY,"BUILDING-L-11, SHOP NO.2, GREECE CLUSTER, INTERNATIONAL CITY,NEAR THOMSUN SUPER MARKET",04-2775973,25.127594,55.3954799955693,"L-11 L Street, Nadd Hessa, Dubai, Dubai Silicon Oasis, United Arab Emirates",0.195872727272727,© OpenStreetMap contributors
890,DXB,PHARMACY,ASTER PHARMACY103 (BR OF ASTER PHARMACIES GROUP LLC),PERSIA,"BUILDING-N04, SHOP NO.S-04, AL WARSAN FIRST, INTERNATIONAL CITY, PERSIA CLUSTER",04-2765802,24.199575,55.676464,"D2 Building, Asharej, Al Ain, AZ, United Arab Emirates",,© OpenStreetMap contributors
891,DXB,PHARMACY,NEW AL SHIFA PHARMACY,INTERNATIONAL CITY,"BUILING NO:20, RUSSIAN CLUSTER,INT'L CITY",04-4227474,25.079374,55.149636,"Cluster T, Jumeirah Lake Towers, Dubai, DU, United Arab Emirates",,© OpenStreetMap contributors
892,DXB,PHARMACY,SHINDAGA PHARMACY,BUR DUBAI BUS STATION,CARREFOUR - BUR DUBAI,04-3933889,25.2537021,55.3027325,"Carrefour BurJuman, Khalid Bin Waleed Road, Al Mankhool, Dubai, Bur Dubai, United Arab Emirates",,© OpenStreetMap contributors
893,DXB,PHARMACY,MEDICOM PHARMACY 8 (CENTURY PHARMACY),HAMRIYA,"CENTURY MALL, HAMRIYA, DUBAI",04-2965040,25.2898895,55.3470918,"Century Mall, Al Wuheida Street, Al Mamzar, Dubai, Deira, United Arab Emirates",,© OpenStreetMap contributors
894,DXB,PHARMACY,AL FAISAL PHARMACY LLC,UMM SEQUM,"CHOITRAM, UMM SEQUM",04-3485102,24.4739761,54.35012695,"Choitram Supermarket, Al Houriyyah Street, Al Manhal, Abu Dhabi, Al Markaziyah West, United Arab Emirates",,© OpenStreetMap contributors
895,DXB,PHARMACY,ASTER PHARMACY 158(BR OF ASTER PHARMACIES GROUP LLC),BUSSINESS BAY,"CHURCHIL TOWER, AL AAMAL STREET,BUSINESS BAY",04-2438618,24.43372795,54.437800421217,"​67, Al Wathiq Street / ​76, Al Hamlah Street, Al Wathiq Street, Al Sa' adah, Abu Dhabi, Al Zahraa, United Arab Emirates",,© OpenStreetMap contributors
896,DXB,PHARMACY,ASTER PHARMACY 115 (BR OF ASTER PHARMACIES GROUP LLC),DISCOVERY GARDENS,"DISCOVERY PAVILION,STREET 7,DISCOVERY GARDEN",04-5546021,24.1908924,55.761664,"Discovery Garden, Ad Diman 3 Street, Industrial Area, AZ, United Arab Emirates",,© OpenStreetMap contributors
897,DXB,PHARMACY,DRAGON PHARMACY (BR OF AL SHAFAR PHARMACIES GROUP LLC),DRAGON MART,"DRAGON MART , BAN 05& 06",04-3687409,25.1730628,55.4244743,"Dragon mart 2, Warsan 1 Street, Warsan 1, Dubai, DU, United Arab Emirates",,© OpenStreetMap contributors
898,DXB,PHARMACY,DRAGON MART PHARMACY (BR OF AL SHAFAR PHARMACIES GROUP LLC),AWEER,DRAGON MART MAIN ENTRANCE,04-3687450,,,,,
899,DXB,PHARMACY,ASTER PHARMACY 6 (BR OF ASTER PHARMACIES GROUP LLC),SILICON OASIS,"DUBAI SILICON GATE 1 - BUILDING, FIRST FLOOR, F-S-101A, GATE 1, SILICON OASIS, OPPOSITE CHOITHRAM & BASKIN ROBINS",04-3262600,,,,,
900,DXB,PHARMACY,MEDICOM PHARMACY 5 (EMIRATES CO-OP PHARMACY),QUSAIS,"EMIRATES COOPERATIVE SOCIETY, AL TWAR, DUBAI",04-2649929,25.272772,55.359044,"Al Twar, Dubai, DU, United Arab Emirates",,Who's On First
901,DXB,PHARMACY,JABAL ALI GARDENS PHARMACY (BR OF AL SHAFAR PHARMACY GROUP LLC),IBN BATUTA MALL,"ENOC STATION, BEHIND IBN BATUTA MALL",04-8820808,,,,,
902,DXB,PHARMACY,HIGH WAY PHARMACY (BR OF AL SHAFAR PHARMACIES GROUP LLC),DUBAI,"ENOC STATION, OPP. WASEL HOSPITAL",04-3375552,,,,,
903,DXB,PHARMACY,ASTER PHARMACY 152(BR OF ASTER PHARMACIES GROUP LLC),JAFZA,"FOOD COURT 3,COMMERCIAL CENTER, JEBEL ALI FREE ZONE SOUTH, NEAR ACCESS CLINIC JAFZA",04-8809102,24.2430793,55.7312998,"Al Safa Commercial Centre, Al Arabeesk Street, Al Jimi, AZ, United Arab Emirates",,© OpenStreetMap contributors
904,DXB,PHARMACY,ASTER PHARMACY 3 (BR OF ASTER PHARMACY L.L.C),DUBAI,"G32 GROUND FLOOR, DUBAI OUTLET MALL,",04-4437250,25.2212614,55.3516735,"Caffè Nero, Ground Floor Crescent Drive Street, Dubai Festival City, Dubai, DU, United Arab Emirates",0.230769230769231,© OpenStreetMap contributors
905,DXB,PHARMACY,UMM HURAIR PHARMACY (BR OF ASTER AL SHAFAR PHARMACY),AL MANARA,"G5&G6 - J3 MALL, AL MANARA, DUBAI",04-3383766,25.14606155,55.2281083566451,"10 Al Manara Street, Al Quoz Community, Dubai, DU, United Arab Emirates",0.7,© OpenStreetMap contributors
906,DXB,PHARMACY,ASTER PHARMACY 134 (BR OF ASTER PHARMACIES GROUP LLC),AL BARSHA,"GOLDEN SANDS BUILDING, BARSHA 1ST, AL BARSHA, NEAR TO LULU",04-3271483,25.112654,55.193111,"1 Al Barsha, Al Barsha 1, Dubai, DU, United Arab Emirates",0.7695,© OpenStreetMap contributors
907,DXB,PHARMACY,ASTER PHARMACY 130 (BR OF ASTER PHARMACIES GROUP LLC),SHEIKH ZAYED ROAD,"GROUND FLOOR , DUJA TOWER,TRADE CENTER FIRST, NEXT TO SHERATON GRAND HOTEL, SHEIK ZAYED ROAD",04-3866768,25.167681,55.237109,"Sheikh Zayed Road, Al Safa 1, Dubai, DU, United Arab Emirates",,© OpenStreetMap contributors
908,DXB,PHARMACY,MEDICOM PHARMACY (AL PHARABI PHARMACY),GOLD SOUQ,"GROUND FLOOR, AL HAYAM HOTEL, GOLD SOUQ, DUBAI",04-2264844,25.187836,55.284686,"Al Wajeha Al Maeyah, Bussiness Bay, Dubai, DU, United Arab Emirates",,© OpenStreetMap contributors
909,DXB,PHARMACY,ASTER PHARMACY (BR OF ASTER PHARMACIES GROUP LLC) - TECOM,TECOM,"GROUND FLOOR, ICON TOWER, BEHIND BYBLOS HOTEL, BARSHA HEIGHT, TECOM",04 4534840,25.097823,55.173969,"Icon Tower, Al Barsha 1, Dubai, DU, United Arab Emirates",,© OpenStreetMap contributors
910,DXB,PHARMACY,PANACEA PHARMACY REEF,DEIRA,"GROUND FLOOR, REEF MALL,SALAH AL DIN ROAD, DEIRA, NEAR TO ANSAR GALLERY",04-2239805,25.718253,56.074986,"Al Yafnah Road, RK, United Arab Emirates",,© OpenStreetMap contributors
911,DXB,PHARMACY,ASTER PHARMACY 138 (BR OF ASTER PHARMACIES GROUP LLC),AL KARAMA,"GROUND FLOOR, AL JABAR BUILDING, NEAR SUNRISE SUPERMARKET, AL KARAMA, DUBAI",04-3377329,25.4077024,55.4383006,"Al Karama Pharmacy, Al Karama Street, Al Rumailah, Ajman, AJ, United Arab Emirates",,© OpenStreetMap contributors
912,DXB,PHARMACY,ASTER PHARMACY 129 (BR OF ASTER PHARMACIES GROUP LLC),SATWA,"GROUND FLOOR,MARJANA PLAZA BUILDING, AL BADA, SATWA",04-3590530,25.239007,55.508355,"Building access, Al Khawaneej, Dubai, DU, United Arab Emirates",,© OpenStreetMap contributors
913,DXB,PHARMACY,ASTER PHARMACY 124 (BR OF ASTER PHARMACIES GROUP LLC),MARINA,"GROUND FLOOR,SUKOON TOWER, MARINA, DUBAI",04-5546282,25.287928,55.3649,"Mai Tower, Al Quasis 1, Dubai, DU, United Arab Emirates",,© OpenStreetMap contributors
914,DXB,PHARMACY,ASTER PHARMACY 126 (BR OF ASTER PHARMACIES GROUP LLC),JUMEIRAH,"JUMERIAH, UMSUQUIM 1, NEAR MEDCARE CLINIC",04-3952213,25.1970336,55.2741329464731,"Burj Khalifa, 1 Sheikh Mohammed bin Rashid Boulevard, Downtown Dubai, Dubai, United Arab Emirates",0.0652173913043478,© OpenStreetMap contributors
915,DXB,PHARMACY,ASTER PHARMACY1(BR.ASTER PHARMACY LLC),BUR DUBAI,"KALID BIN WALEED ROAD, BURDUBAI",04-3863800,,,,,
916,DXB,PHARMACY,AL RAHA PHARMACY,KHALID BIN WALEED ROAD,KHALID BIN WALEED RD - BUR DUBAI,04-3523383,25.260223216469,55.2862923924444,"Khalid Bin Waleed Road, Al Souk Al Kabeer, Dubai, Bur Dubai, United Arab Emirates",,© OpenStreetMap contributors
917,DXB,PHARMACY,YACOUB PHARMACY (BR OF ASTER PHARMACIES GROUP LLC),BUR DUBAI,"KHALID BIN WALEED ROAD, NEAR TO ADCB BANK, BANK STREET,BUR DUBAI",04-3523332,25.2623727,55.2963265,"Bur Dubai, Al Souk Al Kabeer, Dubai, Bur Dubai, United Arab Emirates",,© OpenStreetMap contributors
918,DXB,PHARMACY,AL MUSALLA PHARMACY,UMM SEQUM,"KHARBASH BUILDING,JUMERIAH ROAD,UMM SUQEM 1",04-3284548,25.516644,55.543193,"Al Esam Building, 1 طريق الملك فيصل, Green Belt, Umm al-Quwain, UQ, United Arab Emirates",,© OpenStreetMap contributors
919,DXB,PHARMACY,ASTER AL SHAFAR PHARMACY (FORMELY KNOWN AS LAMCY PHARMACY),KARAMA,"LAMCY PLAZA, 1ST FLOOR",04-3352727,25.2344204,55.3084885,"Lamcy Plaza, 21 Street, Oud Metha, Dubai, Bur Dubai, United Arab Emirates",,© OpenStreetMap contributors
920,DXB,PHARMACY,MEDICOM PHARMACY 14 (MADINA MALL),QUSAIS,"MADINA MALL, AL QUSAIS",04-2558733,25.3260017,55.4331454,"Al qusais, Third Industrial Street, Industrial Area, Sharjah, SH, United Arab Emirates",,© OpenStreetMap contributors
921,DXB,PHARMACY,PANACEA PHARMACY MADINAT (BR OF ASTER PHARMACIES GROUP LLC),JUMEIRAH,"MADINAT JUMERIAH SOUK,SHOP NO.90, UMM SUQEUM, JUMERIAH BEACH ROAD, NEAR TO BURJ AL ARAB HOTEL",04-3686123,,,,,
922,DXB,PHARMACY,ASTER PHARMACY110 (BR OF ASTER PHARMACIES GROUP LLC),KARAMA,"MANDARIN BUILDING, GROUND FLOOR, STREET 13A, OUD MEHTHA, NEAR LAMCY PLAZA",04-3963158,25.710433,55.839131,"13a 13A Street, RK, United Arab Emirates",0,© OpenStreetMap contributors
923,DXB,PHARMACY,MEDICOM PHARMACY 6 (MAZAYA PHARMACY),DUBAI,"MAZAYA CENTRE,SH ZAYED ROAD, DUBAI",04-3435522,25.2494206713575,55.3012449113722,"Sheikh Khalifa Bin Zayed Street, Al Karama, Dubai, Bur Dubai, United Arab Emirates",,© OpenStreetMap contributors
924,DXB,PHARMACY,MEDICOM PHARMACY 2 (AL WASL PHARMACY),JUMEIRAH,"MERCATO CENTRE, JUMEIRA BEACH ROAD, DUBAI",04-3448333,25.1460834,55.1956094,"Beach Walk Boutique Hotel, Al Thanya Street, Umm Suqeim 3, Dubai, DU, United Arab Emirates",,© OpenStreetMap contributors
925,DXB,PHARMACY,ASTER PHARMACY 116 (BR OF ASTER PHARMACIES GROUP LLC),MIRDIFF,"MIRDIF COMMERCIAL COMPLEX, SHOP NO. 1 &2, MIRDIF, WESTZONE SUPER MARKET",04-2884190,25.2061402,55.3432173,"Next Door Kitchen, FB-02 D64, Ras Al Khor, Dubai, DU, United Arab Emirates",0.109615384615385,© OpenStreetMap contributors
926,DXB,PHARMACY,ASTER PHARMACY 113 (BR OF ASTER PHARMACIES GROUP LLC),MIRDIFF,"MIRDIF MALL, UPTOWN MIRDIF,NEAR TO MEDCARE CLINIC, MIRDIF",04-2839542,25.22216905,55.433906557479,"Mirdif Mall, 62b Street, Mirdif, Dubai, DU, United Arab Emirates",,© OpenStreetMap contributors
927,DXB,PHARMACY,ASTER PHARMACY 109 (BR OF ASTER PHARMACIES GROUP LLC),MIRDIFF,"MIRDIFF BUILDING, NEAR TO DUBAI GEANT SUPERMARKET, GHUROOB COMMUNITY, MIRDIFF",04-4582727,,,,,
928,DXB,PHARMACY,BETA PHARMACY,MIRDIFF,MIRDIFF CITY CENTRE,04-2840678,25.2160215,55.4080668294019,"Mirdif City Center, D85, Mirdif, Dubai, United Arab Emirates",,© OpenStreetMap contributors
929,DXB,PHARMACY,ASTER PHARMACY 112 (BR OF ASTER PHARMACIES GROUP LLC),BUR DUBAI,"MOHAMED KHLIFA AL KHALAFI BUILDING, GROUND FLOOR,ROLLA STREET, AL RAFFA, BURDUBAI",04-3252920,25.257067,55.293293,"RainTree Rolla Hotel, AL Rolla Street, Al Raffa, Dubai, DU, United Arab Emirates",,© OpenStreetMap contributors
930,DXB,PHARMACY,ASTER PHARMACY111 (BR OF ASTER PHARMACIES GROUP LLC),MUHAISNAH,"MUHAISINAH PLAZA BUILDING, SHOP NO.6,MUHAISANAH 4,LULU VILLAGE, NEAR THE INDIAN ACADEMY, BEHIND MADINA MALL",04-2593195,25.21544085,55.2807648904782,"Legatum Plaza, Al Sukook Street, Zabeel, Dubai, DU, United Arab Emirates",,© OpenStreetMap contributors
931,DXB,PHARMACY,UNION PHARMACY,BUR DUBAI,NEAR AL RAFA POLY CLINIC - BUR DUBAI,04-3935619,25.187836,55.284686,"Al Wajeha Al Maeyah, Bussiness Bay, Dubai, DU, United Arab Emirates",,© OpenStreetMap contributors
932,DXB,PHARMACY,IBN AL AZWAR PHARMACY,AL AWEER,NEAR EPPCO - AL AWEER,04-3331504,25.165522,55.526962,"Al Aweer, DU, United Arab Emirates",,Who's On First
933,DXB,PHARMACY,RASHID PHARMACY (BR OF ASTER PHARMACIES GROUP LLC),DEIRA,"NEAR GUEST LINE HOTEL ,RIGGA ROAD DEIRA",04 2211739,25.2652961,55.3213316366978,"IBIS Hotel Dubai Al Rigga, 26b Street, Al Muraqqabat, Dubai, Deira, United Arab Emirates",,© OpenStreetMap contributors
934,DXB,PHARMACY,AL QOZE PHARMACY,AL QUOZ,NEAR KHALIFA SUPER MARKET - AL QOUZ,04-3384401,25.134,55.24791,"Al Qouz Ind.Second, DU, United Arab Emirates",,GeoNames
935,DXB,PHARMACY,AL WARQA PHARMACY,WARQA,NEAR MASS SUPER MARKET - WARQA,04-2801691,,,,,
936,DXB,PHARMACY,NEW AL QUOZ PHARMACY,AL QUOZ,NEAR NEW GRAND MALL - AL QOUZ,04-3385854,25.142057,55.223292,"Al Qouz Central Street, Al Quoz Industrial Area 1, Dubai, DU, United Arab Emirates",,© OpenStreetMap contributors
937,DXB,PHARMACY,CENTRAL MARKET PHARMACY,QUSAIS,"NEAR TO DAFZA METRO STATION, AL QUSAIS,DUBAI",04-2613451,25.27807,55.37245,"Al Qusais First, DU, United Arab Emirates",,GeoNames
938,DXB,PHARMACY,AL SHIFA PHARMACY,KARAMA,NEAR UNION MEDICAL CENTRE - KARAMA,04-3969469,,,,,
939,DXB,PHARMACY,MEDSAVE PHARMACY,MIRDIFF,"NEAR UNION NATIONAL BANK, MIRDIFF",04-2847600,25.3160957,55.3765997,"Union National Bank, Al Taawun Street, Al Khan, Sharjah, Al Taawun, United Arab Emirates",,© OpenStreetMap contributors
940,DXB,PHARMACY,MEDICOM PHARMACY 10 (AL SABA PHARMACY),MIRDIFF,"NEAR UP TOWN MALL, MIRDIF, DUBAI",04-2885995,25.222213,55.419531,"Mirdif, Dubai, DU, United Arab Emirates",,Who's On First
941,DXB,PHARMACY,ASTER JEBEL ALI PHARMACY,JEBEL ALI,"NESTO HYPERMARKET, SHOP NO 5, JEBELALI",04 8840237,25.291314,55.3969412,"NooK Curtains Dubai, Shop No 5 Amman Street, Al Qusais Industrial 4, Dubai, DU, United Arab Emirates",0.181818181818182,© OpenStreetMap contributors
942,DXB,PHARMACY,ASTER PHARMACY 118 (BR OF ASTER PHARMACIES GROUP LLC),ALNAHDA,"OBS BUILDING,GROUND FLOOR, SHOP NO.2, NEAR TO NMC HOSPITAL, AMMAN ROAD,AL NAHDA",04-2393397,25.290595,55.366979,"35588 98127 Amman Street, Al Nahda, Dubai, DU, United Arab Emirates",,© OpenAddresses contributors
943,DXB,PHARMACY,MEDICOM PHARMACY 9 (AL QEMMA PHARMACY),QUSAIS,"OPP. AL QUSAIS POLICE STATION, AL QUSAIS, DUBAI",04-2640818,25.27807,55.37245,"Al Qusais First, DU, United Arab Emirates",,GeoNames
944,DXB,PHARMACY,MEDICOM PHARMACY 11 (NEW FLAME PHARMACY),QUSAIS,"OPP. AL TOWAR CENTRE, AL QUSAIS, DUBAI",04-2611551,25.706071,55.8066788,"Al Afia Medical Center, Sheikh Mohammad Bin Salem Road, Al Jazeera Al Hamra, Al jazeera heritage village, RK, United Arab Emirates",,© OpenStreetMap contributors
945,DXB,PHARMACY,AL JUMA PHARMACY,KARAMA,OPP. TO LULU CENTRE - KARAMA,04-3348981,25.244961,55.304744,"Al Karama, Dubai, DU, United Arab Emirates",,Who's On First
946,DXB,PHARMACY,IQRA PHARMACY,DEIRA,"OPP: AL FUTHAIM MASJID, DEIRA",04 2289164,25.187836,55.284686,"Al Wajeha Al Maeyah, Bussiness Bay, Dubai, DU, United Arab Emirates",,© OpenStreetMap contributors
947,DXB,PHARMACY,MEDICOM PHARMACY 13 (HOME PHARMACY),BUR DUBAI,"OPPOSTIE :- KARAMA CENTRE, KARAMA, DUBAI",04-3977739,25.1388961,55.2531021,"Karama Medical Centre, 9a Street, Al Quoz Community, Dubai, Al Quoz Industrial Area 2, United Arab Emirates",,© OpenStreetMap contributors
948,DXB,PHARMACY,ASTER JBR PHARMACY,JUMEIRAH,"P42, PLAZA LEVEL,SADAF4,THE WALK, JBR",04-4471127,25.078803,55.133795,"Tower A The Walk, Al Sufouh 2, Dubai, DU, United Arab Emirates",,© OpenStreetMap contributors
949,DXB,PHARMACY,ASTER PHARMACY 205 (BR OF ASTER PHARMACIES GROUP LLC),JUMEIRAH,"PVE-G-02, PALM VIEWS EAST BUILDING, PALM JUMEIRA",04-4221521,25.11653175,55.1365091453729,"Palm Views East, Palm Jumeirah, Dubai, United Arab Emirates",,© OpenStreetMap contributors
950,DXB,PHARMACY,ASTER PHARMACY 157(BR OF ASTER PHARMACIES GROUP LLC),SAFA,"R-531-A, DAR AL WASL BUILDING, AL WASL ROAD, NEAR SAFA",04-3867820,25.334484,55.3621697,"Al Khan R/A Restaurant, Al Khan Street, Al Khalidiyah, Sharjah, SH, United Arab Emirates",,© OpenStreetMap contributors
951,DXB,PHARMACY,ASTER DIP PHARMACY L.L.C,DIP,"RAMLA HYPERMARKET, DUBAI INVESTMENT PARK",04-8800996,25.0108734,55.165855,"Dubai Investment Park, 6 Street, Dubai Investments Park, Dubai, DU, United Arab Emirates",,© OpenStreetMap contributors
952,DXB,PHARMACY,ASTER PHARMACY 137 (BR OF ASTER PHARMACIES GROUP LLC),INTERNATIONAL CITY,"RETAIL SHOP 6, THE PAVILION MALL, OPP. UNION CO OP, FRANCE CLUSTER, INTERNATIONAL CITY",04-4224515,,,,,
953,DXB,PHARMACY,ASTER PHARMACY 127 (BR OF ASTER PHARMACIES GROUP LLC),MARINA,"ROYAL OCEANIC-1, S-01,PLOT NO:218, MARSA DUBAI, NEAR LE MERIDIEN, DUBAI MARINA",04-5547096,25.08426095,55.1418242423503,"The Royal Oceanic, Al Falea Street, Dubai Marina, Dubai, DU, United Arab Emirates",,© OpenStreetMap contributors
954,DXB,PHARMACY,ASTER PHARMACY 98,MUHAISNAH,"SAMEYA KHALIFA MOHAMED AL FUQAEI BUILDING, SHOP NO.8, 24TH STREET. MUHAISINA 2ND, SONAPUR",04-2521711,25.260542,55.422849,"41175 94731 24 Street, Muhaisnah 2, Dubai, DU, United Arab Emirates",5.10315666690967E-05,© OpenAddresses contributors
955,DXB,PHARMACY,ASTER PHARMACY 149(BR OF ASTER PHARMACIES GROUP LLC),BUR DUBAI,"SHOP 2 & 3, AL WASL BUILDING, BEHIND LULU HYPERMARKET, KARAMA, BURDUBAI",04-3426145,25.137935,55.399563,"International City 2 and 3, Warisan, Dubai, DU, United Arab Emirates",,© OpenStreetMap contributors
956,DXB,PHARMACY,ASTER PHARMACY 102 (BR OF ASTER PHARMACIES GROUP LLC),QUSAIS,"SHOP 2, SAEED HAMAD MUSLEH JAMHOUR AL AHBABI BUILDING, AL QUSAIS SECOND, AL QUSAIS",04-2610833,25.1733317,55.3073188,"Moonlash Ladies Beauty Salon, Riviera 23, Shop 2 Al Meydan Street, MBR- Al Merkad, Dubai, Meydan, United Arab Emirates",,© OpenStreetMap contributors
957,DXB,PHARMACY,ASTER PHARMACY 146(BR OF ASTER PHARMACIES GROUP LLC),BUR DUBAI,"SHOP 32, SOUK AL KABEER BUILDING, NEAR TO GHUBAIBA BUS STAION, OPP.ETISALAT-SHINDAGHA, NEXT TO ACCESS CLINIC , BURDUBAI",04-3271059,24.2039973,55.7621047,"du Shop, Al Mawsou'ah 1 Street, Industrial Area, AZ, United Arab Emirates",,© OpenStreetMap contributors
958,DXB,PHARMACY,ASTER PHARMACY 144 (BR OF ASTER PHARMACIES GROUP LLC),HOR AL ANZ,"SHOP 5 & 6, AL MAALIK BUIDING, AL SHAB, NEAR TO TALAL SUPER MARKET, HOR AL ANZ",04-2212250,25.56126305,55.560699809962,"6 Al Gettaha Street, Al Dar Al Baidah, Umm Al Quwain, UQ, United Arab Emirates",0.0615384615384616,© OpenStreetMap contributors
959,DXB,PHARMACY,ASTER PHARMACY 5 (BR OF ASTER PHARMACIES GROUP LLC),INTERNATIONAL CITY,"SHOP NO 02, CBD 29, AL WARSAN 1ST, INTERNATIONAL CITY",04-4473169,24.419896,54.60023,"29 Canadian International School, Khalifa City, Abu Dhabi, AZ, United Arab Emirates",0,© OpenStreetMap contributors
960,DXB,PHARMACY,ASTER PHARMACY 135 (BR OF ASTER PHARMACIES GROUP LLC),INTERNATIONAL CITY,"SHOP NO 04, RUSHIA V 19,INTERNATIONAL CITY",04-4511674,25.270691,55.374214,"Shop-n-Save, 19 Al Nahda Street, Al Quasis 1, Dubai, DU, United Arab Emirates",0,© OpenStreetMap contributors
961,DXB,PHARMACY,ASTER PHARMACY 114 (BR OF ASTER PHARMACIES GROUP LLC),AL BARSHA,"SHOP NO 12 & 13,ASWAQ MALL, AL BARSHA SOUTH 1, AL BARSHA",04-3851455,25.0797423,55.2452180751043,"Maisan Towers, 1 123 Street, Al Barsha South 2, Dubai, Al Barsha, United Arab Emirates",0.81,© OpenStreetMap contributors
962,DXB,PHARMACY,ASTER PHARMACY 131(BR OF ASTER PHARMACIES GROUP LLC),AL BARSHA,"SHOP NO 17, TRIO BUILDING, AL BARSHA FIRST, AL BARSHA DUBAI",04-3475733,25.1161765,55.2038938,"Al Emad, Shop no. 13 Al Seedaf 1 Street, Al Barsha 1, Dubai, Al Barsha, United Arab Emirates",,© OpenStreetMap contributors
963,DXB,PHARMACY,ASTER AL HAYAT PHARMACY(BR OF ASTER PHARMACIES GROUP LLC),BUR DUBAI,"SHOP NO 3,EASA SALEH AL GURG BUILDING,NEAR TO AL ADIL SUPER MARKET, ROLLA STREET,BURDUBAI",04-3552633,25.2717103,55.3001974,"Easa Saleh Al Gurg, Al Soor Street, Al Sabkha, Deira, United Arab Emirates",,© OpenStreetMap contributors
964,DXB,PHARMACY,ASTER PHARMACY 142 (BR OF ASTER PHARMACIES GROUP LLC),QUSAIS,"SHOP NO 4 , AL FATTAN BUILDING ,PLOT NO 233-129, BEHIND SNOW WHITE, AL QUSAIS",04-2205966,25.27807,55.37245,"Al Qusais First, DU, United Arab Emirates",,GeoNames
965,DXB,PHARMACY,ASTER PHARMACY 148(BR OF ASTER PHARMACIES GROUP LLC),KARAMA,"SHOP NO 5, JAMAL OMAR BIN HYDER BUILDING, 4B STREET, SHEIKH KHALIFA BIN ZAYED ROAD, KARAMA",04-3404005,25.244961,55.304744,"Al Karama, Dubai, DU, United Arab Emirates",,Who's On First
966,DXB,PHARMACY,ASTER PHARMACY 136 (BR OF ASTER PHARMACIES GROUP LLC),AL QUOZ,"SHOP NO FFA01, AL KHAIL MALL, LATIFAT BIN HAMDAN STREET, INDUSTRIAL AREA 4, ALQOUSE",04-3806940,25.064436,55.3136707,"Paavo's Pizza, D54 Sheikh Zayed bin Hamdan Al Nahyan Street, Wadi Al Safa 5, Dubai, DU, United Arab Emirates",,© OpenStreetMap contributors
967,DXB,PHARMACY,ASTER PHARMACY 141 (BR OF ASTER PHARMACIES GROUP LLC),DUBAI,"SHOP NO SC 021, GROUND FLOOR, DUBAI FESTIVAL CITY MALL",04-2365418,,,,,
968,DXB,PHARMACY,ASTER PHARMACY 117 (BR OF ASTER PHARMACIES GROUP LLC),BUR DUBAI,"SHOP NO. 12, BAIT AL-WALEED, AL-SOUQ AL-KABEER, MANKHOOL,BUR DUBAI, UAE",04-3252882,,,,,
969,DXB,PHARMACY,NEW ASTER PHARMACY JLT,JLT,"SHOP NO. G011-B, RED DIAMOND BUILDING JLT",04-3697728,25.176083,55.2212224,"Machu Picchu, SHOP NR 6 Jumeira Street, Jumeirah, Dubai, Jumeirah 3, United Arab Emirates",0,© OpenStreetMap contributors
970,DXB,PHARMACY,ASTER DCC PHARMACY LLC,DUBAI,"SHOP NO. M-020, 1ST FLOOR, DEIRA CITY CENTER, DEIRA, OPPOSITE CARREFOUR HYPERMARKET, DUBAI, UAE",04-2210732,,,,,
971,DXB,PHARMACY,ASTER PHARMACY 119 (BR OF ASTER PHARMACIES GROUP LLC),JUMEIRAH,"SHOP NO.7,MEADOWS, EMIRATES HILLS 3,ENOC 1086",04-5546797,25.067147,55.162656,"3 Emirates Hills, Emirates Hills, Dubai, DU, United Arab Emirates",0,© OpenStreetMap contributors
972,DXB,PHARMACY,ASTER PHARMACY 145(BR OF ASTER PHARMACIES GROUP LLC),KARAMA,"SHOP NO: 1, AL WALEED BUILDING. OPP. UNION MEDICAL CENTRE, IRANIAN SCHOOL ROAD, KARAMA",04-3547745,25.244961,55.304744,"Al Karama, Dubai, DU, United Arab Emirates",,Who's On First
973,DXB,PHARMACY,ASTER PHARMACY 150 (BR OF ASTER PHARMACIES GROUP LLC),DUBAI,"SHOP NO: 6, PINNACLE TOWER, MARINA, MARSA, DUBAI",04-3794306,25.29829995,55.3667354736556,"Sahara Tower 6-B, Al Nahda Street, Al Nahda, Sharjah, SH, United Arab Emirates",,© OpenStreetMap contributors
974,DXB,PHARMACY,ASTER PHARMACY 123 (BR OF ASTER PHARMACIES GROUP LLC),DEIRA,"SHOP NO3, AL GHURAIR REAL ESTATE BUILDING, AL MUTEENA STREET, DEIRA, NEAR DUBAI PALM HOTEL",04-2731282,25.2732362,55.3193472,"Nibras Al Muteena, Al Muteena Street, Al Muteena, Deira, United Arab Emirates",,© OpenStreetMap contributors
975,DXB,PHARMACY,ASTER PHARMACY 201 (BR OF ASTER PHARMACIES GROUP LLC),DUBAI,"SHOP NO3, AL MANAL TOWER, NEXT TO CROWN PLAZA HOTEL, SHEIKH ZAYED ROAD",04-3209481,25.167681,55.237109,"Sheikh Zayed Road, Al Safa 1, Dubai, DU, United Arab Emirates",,© OpenStreetMap contributors
976,DXB,PHARMACY,SARA PHARMACY LLC,KARAMA,"SPINNEYS, KARAMA",04-3593330,24.4732345,54.377104,"Spinneys, Tawi Shouf Street, Al Nahyan, Abu Dhabi, AZ, United Arab Emirates",,© OpenStreetMap contributors
977,DXB,PHARMACY,AL FARDOOS PHARMACY (BR OF AL SHAFAR PHARMACIES GROUP LLC),INTERNATIONAL CITY,"SUPREME RESIDENCY, INTERNATIONAL CITY",04-4410590,25.1660979,55.4062578,"CBD-5 Supreme Residency, International City 1 Street, Warsan, Dubai, Central District, United Arab Emirates",,© OpenStreetMap contributors
978,DXB,PHARMACY,ASTER PHARMACY 143(BR OF ASTER PHARMACIES GROUP LLC),MOTOR CITY,"THE RIBBON BUILDING 2, AL HEBIAH FIRST , PLOT 94- 0, MOTOR CITY",04-4430474,25.006162,55.250476,"2 Al Thamam, Remraam, Dubai, DU, United Arab Emirates",0.139172727272727,© OpenStreetMap contributors
979,DXB,PHARMACY,MEDICOM PHARMACY 4 (TOWN PHARMACY),JUMEIRAH,"TOWN CENTRE, JUMEIRA BEACH ROAD, DUBAI",04-3440077,25.1460834,55.1956094,"Beach Walk Boutique Hotel, Al Thanya Street, Umm Suqeim 3, Dubai, DU, United Arab Emirates",,© OpenStreetMap contributors
980,DXB,PHARMACY,MEDICOM PHARMACY 1 (AL JAMEYA PHARMACY),AL TWAR 1,"UNION COOPERATIVE SOCIETY, AL TWAR 1, DUBAI",04-2633677,25.112654,55.193111,"1 Al Barsha, Al Barsha 1, Dubai, DU, United Arab Emirates",,© OpenStreetMap contributors
981,DXB,PHARMACY,AL AWEER SOCIETY PHARMACY (BR OF AL SHAFAR PHARMACIES GROUP LLC),AWEER,"UNION COP, NEAR FRUIT & VEG MARKET",04-3201900,,,,,
982,DXB,PHARMACY,UPTOWN PHARMACY (AL SHAFAR GROUP OF PHARMACIES),AL MANARA,"J3 MALL, 1ST FLOOR, AL WASL ROAD, AL MANARA, DUBAI, UAE",04-3392762,25.1502301,55.2129463,"Clinical Psychologist Mohammad Fraij, 935 Al Wasl Road, Al Manara, Dubai, DU, United Arab Emirates",0.00643776824034335,© OpenStreetMap contributors
983,DXB,PHARMACY,AL DORRA PHARMACY (BR OF ASTER AL SHAFAR PHARMACIES GROUP LLC),JUMEIRAH,"VILLA 351, BEACH PARK,NEAR MEDCARE CHILD CLINIC, JUMEIRA",04-3478481,24.49580525,54.3579898172126,"Corniche Beach Park, Al Danah, Abu Dhabi, United Arab Emirates",,© OpenStreetMap contributors
984,DXB,PHARMACY,MEDSHOP GARDENS PHARMACY,GARDENS,"ZEN CLUSTER, DISCOVERY GARDENS",04-4329596,25.03827,55.14578,"Discovery Gardens, DU, United Arab Emirates",,GeoNames
985,DXB,PHARMACY,ASTER PHARMACY 155 (BR OF ASTER PHARMACIES GROUP LLC),AL RIGGA,"GROUND FLOOR, BUSINESS CENTRE, IBIS HOTEL, AL RIGGA, DEIRA, DUBAI",04-2280204,25.1036284,55.3856805,"Business Centre, Courtyard A-B, Academic City, Dubai, DU, United Arab Emirates",,© OpenStreetMap contributors
986,DXB,PHARMACY,ASTER PHARMACY 156 (BR OF ASTER PHARMACIES GROUP LLC),DUBAI,"SHOP NO. 6, SAPPHIRE MALL, DUBAI INDUSTRIAL CITY, NEAR TO AL MAKTOUM INTERNATIONAL AIRPORT, DUBAI",N/A,,,,,
987,DXB,PHARMACY,NICE LIFE PHARMACY (BR OF ASTER PHARMACIES GROUP LLC),JUMEIRAH,"GROUND FLOOR, SHOP NO: AG 12, AL HUDAIBA AWARDS BUILDING, BLOCK A, 2ND DECEMBER INTERCHANGE, JUMEIRA",04-3092900,25.0292919,55.1068712,"Starbucks, Ground Floor Abraj Al Mina Street, Jabal Ali, Jebel Ali, DU, United Arab Emirates",0.1701,© OpenStreetMap contributors
988,DXB,PHARMACY,ASTER MEDICAL CENTER PHARMACY AL MUHAISNA BR OF DM HEALTHCARE LLC,MUHAISNAH,"SHOP NO1, ZARAA RESIDENCE 1, MUHAISNAH 4, LULU VILLAGE, BEHIND ST.MARY'S CATHOLIC HIGH SCHOOL, DUBAI",04-5479070,25.2843626,55.4071556,"Al Muhaisnah 4 Ambulance Service, Amman Street, Muhaisnah, Dubai, DU, United Arab Emirates",,© OpenStreetMap contributors
989,DXB,PHARMACY,ASTER PHARMACY 206 (BR OF ASTER PHARMACIES GROUP LLC),DUBAI FOUNTAIN,"SHAIKH MOHAMMED BIN RASHID BOULEVARD,DUBAI FOUNTAIN VIEW, NEXT TO ADDRESS FOUNTAIN VIEW HOTEL. SHOP",04-5475036,25.201678,55.270965,"The Address - Sky View, Downtown Dubai, Dubai, DU, United Arab Emirates",,© OpenStreetMap contributors
990,DXB,PHARMACY,ASTER PHARMACIES GROUP BRANCH EXPO 2020,EXPO CENTRE,"GF1, SUSTAINABILITY PAVILION, EXPO 2020",04-5477218,24.962625,55.144475,"1A Expo Park Drive, Expo 2020 Dubai, DU, United Arab Emirates",0.7695,© OpenStreetMap contributors
991,DXB,PHARMACY,ASTER HOSPITAL PHARMACY SONAPUR,MUHAISNAH,"ALGERIA STREET, MUHAISNAH, SONAPUR",04-4400500,25.241799,55.411549,"Street 12b, Muhaisnah, Dubai, DU, United Arab Emirates",,© OpenStreetMap contributors
992,DXB,PHARMACY,ASTER PHARMACY 165 (BR OF ASTER PHARMACIES GROUP LLC,DUBAI HILLS,"SWAY RESIDENCES, SHOP NO:RETAIL-3,HADAEQ SHEIKH MOHAMMED BIN RASHID, DUBAI HILLS",04-7187190,25.12590555,55.1543148632282,"Muraba Residences, Crescent Road, Palm Jumeirah, Dubai, United Arab Emirates",,© OpenStreetMap contributors
993,DXB,PHARMACY,ASTER PHARMACY 162 (BR OF ASTER PHARMACIES GROUP LLC),JUMEIRAH VILLAGE CIRCLE,"SHOP NO:6, MASJID BUILDING, DISTRICT 10, JUMEIRAH VILLAGE CIRCLE, NEXT TO SALEH MOHAMMED BIN LAHEJ MASJID",04-4580678,25.0474552,55.2091352,"Spinneys Jumeirah Village Circle, District 13F Bijada Boulevard South, Jumeirah Village Circle, Dubai, DU, United Arab Emirates",0.3375,© OpenStreetMap contributors
994,DXB,PHARMACY,ASTER PHARMACY 167 (BR OF ASTER PHARMACIES GROUP LLC),THE DUBAI MALL,"SHOP NO-041, SECOND FLOOR, METROLINK BAY, THE DUBAI MALL, SHEIKH MOHAMMED BIN RASHED BOULEVARD,DOWNTOWN, DUBAI",04-3341829,25.194481,55.275589,"Downtown Dubai, Dubai, DU, United Arab Emirates",,Who's On First
995,DXB,PHARMACY,ASTER PHARMACY 170 (BR OF ASTER PHARMACIES GROUP LLC),AL MERKADH,"SHOP# 6,GROUND FLOOR, BUILDING 1, PHASE 2, SHOBHA HEARTLAND, AL MERKADH, GREENS, DUBAI",04-2588717,25.1766901,55.310762853424,"迪拜房产德世迦 Fast Way Real Estate Broker, Shop-1 Roundabout 3, MBR- Al Merkad, Dubai, Meydan, United Arab Emirates",,© OpenStreetMap contributors
996,DXB,PHARMACY,ASTER PHARMACY 173 (BR OF ASTER PHARMACIES GROUP LLC),AL SAFA,"SHOP 9, BUILDING NO: 2259186831, UNION COOPERATIVE SOCIETY, AL SAFA, JUMEIRAH THIRD, DUBAI, UAE",04-3325595,25.1834912,55.2381266,"The Grey, 1 Al Wasl Road, Al Safa, Dubai, DU, United Arab Emirates",0.7,© OpenStreetMap contributors
997,DXB,PHARMACY,ASTER PHARMACY (DUBAL BRANCH),DUBAL CLINIC,"DUBAI ALUMINIUM COMPANY, DUBAL, NEAR TO DUBAL CLINIC",04-8022684,,,,,
998,DXB,PHARMACY,ZABEEL PHARMACY LLC,BUSSINESS BAY,"BLUE BAY TOWER, BUSINESS BAY",04-5897129,25.18763315,55.2707482974858,"Blue Bay Tower, Marasi Drive, Downtown Dubai, Business Bay, United Arab Emirates",,© OpenStreetMap contributors
999,DXB,PHARMACY,ASTER PHARMACY 104 (BR OF ASTER PHARMACIES GROUP LLC),AL WARQA 1,"SHOP NO.1, HANBAL SHAFIE AL MADANI BUILDING, AL WARQA-1, NEAR TO ASTER ORTHO CLINIC, AL WARQA",04-2829440,24.2039973,55.7621047,"du Shop, Al Mawsou'ah 1 Street, Industrial Area, AZ, United Arab Emirates",,© OpenStreetMap contributors
1000,DXB,PHARMACY,ASTER PHARMACY 160 (BR OF ASTER PHARMACIES GROUP LLC),JABAL ALI,"UNIT NO:M11, JABAL ALI SHOPPING CENTER, NEAR TO RAMLA MARKET, 86 STREET, DUBAI INVESTMENTS PARK 1, DIP",04-8847176,24.983291731235,55.1588625115044,"1 86 Street, Dubai Investment Park 1, Dubai, United Arab Emirates",0,© OpenStreetMap contributors
1001,DXB,PHARMACY,ASTER PHARMACY 164 (BR OF ASTER PHARMACIES GROUP LLC),DUBAI LAND,"SHOP NO.R-7B, TOWER-D, SKY COURTS , DUBAI AL AIN ROAD, DUBAI LAND, DUBAI",04-3208941,25.26038,55.29891,"Bur Dubai, DU, United Arab Emirates",,GeoNames
1002,DXB,PHARMACY,ASTER PHARMACY 161 (BR OF ASTER PHARMACIES GROUP LLC),RAS AL KHOR,"MN36500 86125, MARHABA MALL, SAMARI RESIDENCE, RAS AL KHOR ROAD, AWEER, DUBAI",04-3424262,25.26038,55.29891,"Bur Dubai, DU, United Arab Emirates",,GeoNames
1003,DXB,PHARMACY,ASTER PHARMACY 168 (BR OF ASTER PHARMACIES GROUP LLC),IBN BATTUTA MALL,"IBS GF 35&36, NEAR CARREFOUR PARKING ENTRANCE, TUNISIA COURT, IBN BATTUTA MALL,IBN BATTUTA MALL, JABAL ALI FIRST, JABAL ALI",04-5543519,24.496311,54.381974,"35 Abu Dhabi Mall Parking Entrance, Al Zahiyah, Abu Dhabi, AZ, United Arab Emirates",0,© OpenStreetMap contributors
1004,DXB,PHARMACY,ASTER PHARMACY 169 ( BR OF ASTER PHARMACIES GROUP LLC),AL WASL ROAD,"19A STREET, NEXT TO HEALTHBAY WOMENSCARE , AL WASL ROAD, UMM AL SHEIF , DUBAI",04-3250365,25.080209,55.283596,"Dubai, DU, United Arab Emirates",,Who's On First
1005,DXB,PHARMACY,ASTER PHARMACY 172 (BR OF ASTER PHARMACIES GROUP LLC),ARJAN,"SHOP:12, AL SAYYAH RESIDENCE C, ARJAN DUBAILAND, AL BARSHA SOUTH 2, ARJAN, DUBAI, UAE",04-5786364,25.0584,55.20885,"Al Barsha South Fourth, DU, United Arab Emirates",,GeoNames
1006,DXB,PHARMACY,ASTER PHARMACY 175 (BR OF ASTER PHARMACIES GROUP LLC),JVC,"SHOP:11A, DAMAC TOWER 108, AL BARSHA SOUTH, JUMEIRAH VILLAGE CIRCLE, NEAR TO ASTER CLINIC JVC, DUBAI",04-5579564,,,,,
1007,DXB,PHARMACY,ASTER PHARMACIES GROUP LLC (DMCC BRANCH),JUMEIRAH LAKES TOWERS,"UNIT NO: G-1, ARMADA TOWERS 3, PLOT NO: JLT-PH2-P3A, AL THANYAH FIFTH, JUMEIRAH LAKES TOWERS",04-3092900,24.4588614,54.3217995446846,"Etihad Towers, Building 3, King Abdullah Bin Abdulaziz Al Saud Street, Al Bateen, Abu Dhabi, AZ, United Arab Emirates",,© OpenStreetMap contributors
1008,DXB,PHARMACY,DRAGON PHARMACY (BR OF ASTER AL SHAFAR PHARMACIES GROUP LLC),AL FURJAN,"SHOP NO 9, AZIZI FARISHTA, JABAL ALI FIRST, AL FURJAN, DUBAI",04-5693614,25.1802317,55.2354936,"Adventure Parx & Cafe, Shop #9 Al Wasl Road, Al Safa, Dubai, Al Safa 1, United Arab Emirates",0.0659340659340659,© OpenStreetMap contributors
1009,DXB,PHARMACY,MEDCARE MEDICAL CENTRE BARSHA SOUTH PHARMACY BR OF MEDCARE HOSPITAL LLC,AL BARSHA,"UNIT 15, UNION COOP, AL BARSHA SOUTH MALL, STREET 58, AL BARSHA, BARSHA SOUTH",04-3254383,25.1080682,55.1855614,"58 48 Street, Al Barsha 1, Dubai, DU, United Arab Emirates",0.81,© OpenStreetMap contributors
1010,DXB,PHARMACY,ASTER MEDICAL CENTRE ARABIAN RANCHES PHARMACY BR OF DM HEALTHCARE LLC,ARABIAN RANCHES 2,"1ST FLOOR, EMAAR MALL, NEAR ASTER CLINIC, THE RANCHES SOUK, ARABIAN RANCHES 2, DUBAI",04-3092900,24.976916,55.191804,"1st Floor, Building 6 شارع 30, Dubai Investment Park 2, Dubai, DU, United Arab Emirates",,© OpenStreetMap contributors
1011,DXB,PHARMACY,ASTER PHARMACY 166 (BR OF ASTER PHARMACIES GROUP L.L.C),AL JADDAF,"SHOP NO.5, AZURITE TOWER, IBN AL ZAHRAWI STREET, AL JADDAF, DUBAI",04-2272851,25.268006,55.298477,"28658 95710 Al Suq Al Kabeer Street, Al Sabkha, Dubai, DU, United Arab Emirates",,© OpenAddresses contributors
1012,DXB,PHARMACY,ASTER PHARMACY 179 (BR OF ASTER PHARMACIES GROUP L.L.C),AL QUSAIS INDUSTRIAL AREA 5,"S07,R1083,AL WASL VILLAGE RETAIL CENTRE,AL RAYHAN STREET, AL QUSAIS INDUSTRIAL AREA 5,DUBAI",04-2207653,25.080209,55.283596,"Dubai, DU, United Arab Emirates",,Who's On First
1013,DXB,PHARMACY,ASTER PHARMACY 181 (BR OF ASTER PHARMACIES GROUP L.L.C),DUBAI HILLS,"R04, PARK HEIGHTS SQUARE 1,HADAEQ SHEIKH MOHAMMED BIN RASHID, NEXT TO SPINNEYS, DUBAI HILLS ESTATE, DUBAI HILLS, DUBAI",04-2632594,25.09872095,55.2539400869751,"Maple, Dubai Hills Estate, Hadaeq Sheikh Mohammed Bin Rashid, Dubai, United Arab Emirates",,© OpenStreetMap contributors
1014,DXB,PHARMACY,ASTER PHARMACY 182 (BR OF ASTER PHARMACIES GROUP L.L.C),WARSAN 4,"SHOP NO 2, JOWHRAT AL FAIHAA,INTERNATIONAL CITY 2 ST, INTERNATIONAL CITY PHASE-2, WARSAN 4, DUBAI",04-5545907,25.033401,55.2879743,"2 1 Street, Serena, Dubai, DU, United Arab Emirates",,© OpenStreetMap contributors
1015,DXB,PHARMACY,ASTER PHARMACY 180 (BR OF ASTER PHARMACIES GROUP L.L.C),"THE WALK, MARSA","P19, RIMAL 1, DUBAI MARINA AND JUMEIRA BEACH, THE WALK, MARSA, DUBAI",04-3092900,25.26038,55.29891,"Bur Dubai, DU, United Arab Emirates",,GeoNames
1016,DXB,PHARMACY,ASTER PHARMACY 183 (BR OF ASTER PHARMACIES GROUP L.L.C),BARSHA HEIGHTS,"SHOP-2, ART HEIGHTS, AL NAHAR 2 ST, AL THANYAH FIRST, BARSHA HEIGHTS, DUBAI",04-2679073,25.097559,55.179872,"Premier Inn Dubai Barsha Heights Hotel, Al Khareef 2 Street - Barsha Heights, Al Barsha 1, Dubai, DU, United Arab Emirates",,© OpenStreetMap contributors
1017,DXB,PHARMACY,ASTER ROYAL CLINIC DOWNTOWN PHARAMCY BR OF DM HEALTHCARE LLC,"DOWN TOWN, BURJ KHALIF","BD-RESI 1-RETAIL-G-ER6, RESIDENCES RETAIL, BURJ RESIDENCE PHASE I & II, DOWN TOWN, BURJ KHALIFA, DUBAI",04-3092900,,,,,
1018,DXB,PHARMACY,ASTER PHARMACY 176 ( BR OF ASTER PHARMACIES GROUP L.L.C),"DOWN TOWN, BURJ KHALIF","BD-RESI 1-RETAIL-G-ER6, RESIDENCES RETAIL, BURJ RESIDENCE PHASE I & II, DOWN TOWN, BURJ KHALIFA, DUBAI",04-3092900,,,,,
1019,DXB,PHARMACY,CEDAR HOSPITAL PH,JEBEL ALI,"JEBAL ALI FREE ZONE,DUBAI,UAE",N/A,25.015701,55.086996,"Cedars Jebel Ali Free Hospital, Jebel Ali Freezone, Jebel Ali, DU, United Arab Emirates",,© OpenStreetMap contributors
1020,DXB,PHARMACY,AL RAFA HOSPITAL PHARMACY,MANKOOL,"MANKHOOL ROAD ,DUBAI,UAE",N/A,25.251801,55.2977754833249,"Mankhool Sand Park, 11b Street, Al Mankhool, Dubai, Bur Dubai, United Arab Emirates",,© OpenStreetMap contributors
1021,DXB,PHARMACY,ASTER DAY SURGERY CENTRE PHARMACY - MANKHOOL,MANKHOOL,"MOHAMMAD HUSSAIN ALIYATEEM BUILDING, NEAR ASTER HOSPITAL AL MANKHOOL, KUWAIT ROAD,DUBAI",04-3814987,25.1772237,55.2455536,"Khaneen Kuwait Cuisine, Sheikh Zayed Road, Al Safa, Dubai, Al Safa 1, United Arab Emirates",,© OpenStreetMap contributors
1022,DXB,PHARMACY,ASTER HOSPITAL- AL QUSAIS-PHARMACY,QUSAIS,"9 A STREET, AL QUSAIS INDUSTRIAL AREA 2, AL QUSAIS",04-4546001,25.27807,55.37245,"Al Qusais First, DU, United Arab Emirates",,GeoNames
1023,DXB,PHARMACY,ASHTREE PHARMACY LLC,AL RAFFA,"SOUQ AL KABEER STREET, AL RAFFA, BUR DUBAI",04-3337633,25.231869,55.317237,"Al Madina Al Tebbia Street, Umm Hurair 2, Dubai, DU, United Arab Emirates",,© OpenStreetMap contributors
1024,DXB,PHARMACY,FAJR AL MADINA PHARMACY L.L.C,AL QUOZ,"FARNEK BULIDINBG , BEHIND AL KHAIL MALL , ALQUOZ-3 , DUBAI",N/A,25.26038,55.29891,"Bur Dubai, DU, United Arab Emirates",,GeoNames
1025,DXB,PHARMACY,FAJR AL MADINA PHARMACY L.L.C BRANCH,JEBEL ALI,"CRYSTAL MALL , JABELALI-1 , DUBAI",N/A,25.114283,55.138738,"Nakheel Mall, Palm Jumeirah, Dubai, DU, United Arab Emirates",,© OpenStreetMap contributors
1026,DXB,PHARMACY,AL SHIFA UROPI PHARMACY DWC-LLC,DWC,UNIT NO R06 THE PULSE PODIUM MADINAT AL MATAR DUBAI SOUTH,054-4656269,24.426745,54.456876,"Al Matar, Abu Dhabi, AZ, United Arab Emirates",,Who's On First
1027,DXB,PHARMACY,AL RAWDA PHARMACY,DEIRA,"AL SHAMSI BUILDING, CLOCK TOWER, DEIRA, DUBAI",04-2940786,25.1030123,55.1642604,"Middlesex Clock Tower, Al Falak Street, Dubai Knowledge Park, Dubai, DU, United Arab Emirates",,© OpenStreetMap contributors
1028,DXB,PHARMACY,AL RAWDHA PHARMACY BRANCH,DIP 1,"BAYAN BUSINESS CENTRE, DUBAI INVESTMENT PARK-1, DUBAI, U.A.E",04-8800920,25.1994947,55.2684402,"Business Time Centre, Sheikh Zayed Road (north), Downtown Dubai, Dubai, United Arab Emirates",,© OpenStreetMap contributors
1029,DXB,PHARMACY,AL QUSAIS STAR PHARMACY(LLC) (BRANCH),MUHAISNAH - 2,"28TH STREET, MUHAISNAH - 2, OPP. PATHAN RESTAURANT, NEAR GOLEN JUBILEE SUPERMARKET, DUBAI-UAE",04-5488684,25.282871,55.358972,"2 28 street, Al Quasis 1, Dubai, DU, United Arab Emirates",,© OpenStreetMap contributors
1030,DXB,PHARMACY,NEW AL NEEM PHARMACY L.L.C,AL QUOZ,"JIWIN STAFF ACCOMMODATION, AL QUOZ-2,POST BOX:294880",04-3282121,25.1392648,55.2461494831635,"e-Man Transport, 21/2 12 Street, Al Quoz Community, Dubai, DU, United Arab Emirates",1.08141382830438E-05,© OpenStreetMap contributors
1031,DXB,PHARMACY,AL NEEM GREEN PHARMACY L.L.C,AL QUOZ,"SALMAN IBRAHIM BUILDING, AL QUOZ-4, POST BOX:294880, POST BOX:294880",04-3355557,25.117671,55.2357375,"Two Guys Home Furnishings LLC, 23 22 Street, Al Quoz Community, Dubai, DU, United Arab Emirates",0.315789473684211,© OpenStreetMap contributors
1032,DXB,PHARMACY,AL NEEM GRAND PHARMACY L.L.C,MUHAISNAH,"MASCO HYPERMARKET BUILDING, 27 E STREET. MUHAISNAH-4, POST BOX:294880",04-2237770,25.12556655,55.3989540970656,"E-27 E Street, Nadd Hessa, Dubai, Dubai Silicon Oasis, United Arab Emirates",0.9,© OpenStreetMap contributors
1033,DXB,PHARMACY,NEW AL SHAIMAA PHARMACY,AL NAHDA,MOZNA BUILDING;NEAR AL NAHDA METRO,04-2616286,,,,,
1034,DXB,PHARMACY,SHAJARAT AL NEEM PHARMACY LLC,JEBAL ALI,"SHOP NO 13, SALEM MALL, PLOT NO.599-0474, JEBAL ALI INDUSTRIAL AREA 1, DUBAI",04-8876875,25.286659,55.386596,"Al Quasis Industrial Area 1, Dubai, DU, United Arab Emirates",,Who's On First
1035,DXB,PHARMACY,LIWAN PHARMACY LLC,LIWAN,"LIWAN, DUBAI,",04-5809651,25.1101209,55.3676993,"Liwan, Dubai, United Arab Emirates",,© OpenStreetMap contributors
1036,DXB,PHARMACY,AL NEEM PHARMACY L.L.C BRANCH,JAFZA,"COMMERCIAL CENTER, SHOPE NO:116, JAFZA SOUTH",04-8809667,25.3015656,55.4427076,"badar al bedour grocery, 496 building Sheikh Mohammed Bin Zayed Road, Muweilah Commercial, Sharjah, Muwailih, United Arab Emirates",0.0142105263157895,© OpenStreetMap contributors
1037,DXB,PHARMACY,AL NEEM PHARMACY L.L.C JAFZA (W)BRANCH(AL NEEM GROUP),JAFZA,"NESTO HYPERMARKET BUILDING, NEAR NEW WEST ACCOMMODATION, JAFZA,",04-8876650,25.2992289,55.368155,"Nesto Hypermarket, Bukhara Street, Al Nahda, Sharjah, SH, United Arab Emirates",,© OpenStreetMap contributors
1038,DXB,PHARMACY,AL NEEM PHARMACY L.L.C,WARSEN 1,"CBD20, INTERNATIONAL CITY, WARSEN 1,",04-3697130,25.0797423,55.2452180751043,"Maisan Towers, 1 123 Street, Al Barsha South 2, Dubai, Al Barsha, United Arab Emirates",0.5,© OpenStreetMap contributors
1039,DXB,PHARMACY,ALMURJAN PHARMACY LLC,AL QOUZ 3,"SHOP NO:21, EIFFEL GARDENS 4, AL WAHA STREET AL QUOZ 3, DUBAI",04-2388195,25.1624958,55.2480003,"Hamad Al Arif Bldg, 358-2881 Al Waha Street, Al Quoz Community, Dubai, DU, United Arab Emirates",0.0178041543026706,© OpenStreetMap contributors
1040,DXB,PHARMACY,AL BARSHA AL NOOR POLYCLINIC PHARMACY,AL BARSHA 1,"ELITE BUSINESS CENTRE, INFRONT OF LULU CENTRE, AL BARSHA 1",04-2718762,,,,,
1041,DXB,PHARMACY,HEALTHHUBPHARMACY BR.AL FUTTAIM HEALTHCARE-MUTEENA,AL MUTEENA,"AL MUTEENA STREET 58, AL MUTEENA 1058 , GF",04-5967366,25.272601,55.316663,"30496 96196 Al Muteena Street, Al Muteena, Dubai, DU, United Arab Emirates",0.000169848495142333,© OpenAddresses contributors
1042,DXB,PHARMACY,HEALTHHUBPHARMACY KARAMA,KARAMA,"AL KIFAF MANSION BUILDING , STREET 11,NEXT TO AL IBRAHIMI RESUATURANT ,KARAMA",04-2186276,,,,,
1043,DXB,PHARMACY,HEALTHHUBPHARMACY BR.AL FUTTAIM HEALTHCARE AL NAHDA 2,KARAMA,"ESSA SALEH AL GURG ,GROUND FLOOR AMMAN STREET, AL NAHDA -2",04-5967358,25.2090392,55.2776018,"Nováx Vision Ltd., Ground Floor, Gate Avenue South Zone D, DIFC Al Sukook Street, Zabeel, Dubai, DU, United Arab Emirates",,© OpenStreetMap contributors
1044,DXB,PHARMACY,ADVANCED CARE PHARMACY AL QUOZ,AL QUOZ,"AL QUOZ,DUBAI,UAE",04-3307120,25.1626708,55.253445581315,"Al Quoz, Al Goaz, Dubai, United Arab Emirates",,© OpenStreetMap contributors
1045,DXB,PHARMACY,ADVANCED CARE PLUS PHARMACY JEBAL ALI,JEBEL ALI,"JABEL ALI,DUBAI,UAE",04-8829700,25.0118474,55.0391493290685,"Jabel Ali Naval Base, Jabal Ali, Dubai, United Arab Emirates",,© OpenStreetMap contributors
1046,DXB,PHARMACY,ADVANCED STAR PHARMACY DIP,DIP,"DIP,DUBAI,UAE",04-8851154,24.9736262,55.167997214845,"Emicool DIP DCP 4, Dubai Investments Park, Dubai, United Arab Emirates",,© OpenStreetMap contributors
1047,DXB,PHARMACY,NEW ADVANCED CARE PHARMACY LLC,INDUSTRIAL CITY,"SOUQ NO :4, SHOP NUMBER : 3,  SEIHSHOWEB 4, LABOUR CITY 2,  DUBAI INDUSTRIAL CITY  DUBAI UAE",04-3807807,24.894591,55.071416,"Building 4, Dubai Industrial City, Jebel Ali, DU, United Arab Emirates",,© OpenStreetMap contributors
1048,DXB,PHARMACY,ALQUOZ ADVANCED CARE PHARMACY LLC,AL QUOZ,"PASONS SHOPPING CENTER BUILDING, BEHIND JOTUN PAINT FACTORY,ALQUOZ -2, P.O BOX:283235,DUBAI,UAE",04-2355222,,,,,
1049,DXB,PHARMACY,NOVA ADVANCED CARE PHARMACY LLC,QUSAIS,"SHOP NO.73, GROUND FLOOR, WORLD TRADE CENTER, THE SOUKOPPO: SOUAD JWELLERY",04-2638227,25.223108,55.285827,"Ibis World Trade Centre, Za'abeel 2, Dubai, DU, United Arab Emirates",,© OpenStreetMap contributors
1050,DXB,PHARMACY,JEBAL ALI ADVANCED CARE PHARMACY LLC,JEBAL ALI,"CROWN MALL, GROUND FLOOR, SHOP NO 26 JEBAL ALI INDUSTRIAL AREA 1",04-5693777,25.176083,55.2212224,"Machu Picchu, SHOP NR 6 Jumeira Street, Jumeirah, Dubai, Jumeirah 3, United Arab Emirates",,© OpenStreetMap contributors
1051,DXB,PHARMACY,ALICO ADVANCED CAREPHARMACY L.L.C,DIP 1,"ALICO AL MADINA HYPERMARKET BUILDING, 44 STREET, DUBAI INVESTMENT PARK -1, DUBAI",04-3463099,25.264663,55.2919647,"Accurate Edge, 3 ground floor 3a Street, Al Souk Al Kabeer, Dubai, Bur Dubai, United Arab Emirates",,© OpenStreetMap contributors
1052,DXB,PHARMACY,ACCESS PHARMACY 2 (BR OF ASTER PHARMACIES GROUP LLC),MUHAISNA 2,"ACCESS CLINIC BUILDING, AL MUHAISINA-2, SONAPUR, NEAR TO BUS STATION",04-2637531,25.17610995,55.5447405413046,"Tassedecafe, 2 D50, Al Awir, DU, United Arab Emirates",0.15309,© OpenStreetMap contributors
1053,DXB,PHARMACY,ACCESS PHARMACY (BR OF ASTER PHARMACIES GROUP LLC),ALQOUZ,"AL ARIF BUILDING, GF-1, AL QOUZE-3, AL QOUZE",04-3807218,25.112654,55.193111,"1 Al Barsha, Al Barsha 1, Dubai, DU, United Arab Emirates",,© OpenStreetMap contributors
1054,DXB,PHARMACY,ACCESS PHARMACY 3 (BR OF ASTER PHARMACIES GROUP LLC),DIP 1,"SHOP NO:8, 550 SQFT.AT, PLOT # 597-874, DIP-2, NEAR TO ACCESS CLINIC DIP",04-8833862,25.0291053,55.2704598,"The Body Shop, Al Deem Street, Wadi Al Safa 7, Dubai, Arabian Ranches 2, United Arab Emirates",,© OpenStreetMap contributors
1055,DXB,PHARMACY,ASTER PHARMACY 2 (BR OF ASTER PHARMACIES GROUP LLC),DIP,"UNIT NO 4&5, GROUND FLOOR,CARREFOUR CENTRE, DUBAI INVESTMENT PARK",04-8858044,25.219357,55.284375,"2 Trade Center 2, Za'abeel, Za'abeel 2, Dubai, DU, United Arab Emirates",0.038766976744186,© OpenStreetMap contributors
1056,DXB,PHARMACY,ABRIS PHARMACY LLC,BUR DUBAI BUS STATION,"NEARBY DUBAI MUSEUM, MEENA BAZAR, AL FAHIDI STREET – COSMOS LANE - BUR DUBAI – AL SOUQ AL KABEER",04-3535357,25.2623727,55.2963265,"Bur Dubai, Al Souk Al Kabeer, Dubai, Bur Dubai, United Arab Emirates",,© OpenStreetMap contributors
1057,DXB,PHARMACY,JUPITER AL QUSAIS POLYCLINIC L.L.C PHARMACY,DAMASCUS ROAD,"NO. 207 SECOND FLOOR, AL MAZOON BLDG, DAMASCUS ROAD, AL QUSAIS - DUBAI",04-2630987,,,,,
1058,DXB,PHARMACY,AL MANKHOOL PHARMACY LLC,AL NAHDA 2,"TRIO 3,19 A ST - AL NAHDA - AL NAHDA 2 - DUBAI",04-2554427,25.080209,55.283596,"Dubai, DU, United Arab Emirates",,Who's On First
1059,DXB,PHARMACY,NEW MANKHOOL PHARMACY LLC,AL MANKHOOL,"VILLA NO 108 ,NEXT TO ADCB METRO STATION’S EXIT #2 SHEIKH KHALIFA BIN ZAYED ST - AL MANKHOOL - DUBAI",04-3858580,25.2378787890846,55.2942250057765,"Sheikh Khalifa Bin Zayed Street, Al Jafiliya, Dubai, Bur Dubai, United Arab Emirates",,© OpenStreetMap contributors
1060,DXB,PHARMACY,WESTON PHARMACY LLC,BURDUBAI,"ABDULLAH KHOORY BUILDING,ALMUSALLA RD,BURDUBAI-UAE",04-2652767,25.1296447,55.2097937,"The Lime Tree Cafe - Sheikh Zayed Road, Sheikh Zayed Road (South), Umm Al Sheif, Dubai, DU, United Arab Emirates",,© OpenStreetMap contributors
1061,DXB,PHARMACY,YOUR CENTER PHARMACY LLC,PRODUCTION CITY,"AFNAN3 SHOP NO 4 ME'AISEM FIRST ,MID TOWN,PRODUCTION CITY,DUBAI",04-3657000,25.291314,55.3969412,"NooK Curtains Dubai, Shop No 5 Amman Street, Al Qusais Industrial 4, Dubai, DU, United Arab Emirates",,© OpenStreetMap contributors
1062,DXB,PHARMACY,APL PHARMACY LLC,ZABEEL ST,"GROUND FLOOR, AL ARTI PLAZA, ZABEEL ST,DUBAI,UAE",04-6056046,25.187836,55.284686,"Al Wajeha Al Maeyah, Bussiness Bay, Dubai, DU, United Arab Emirates",,© OpenStreetMap contributors
1063,DXB,PHARMACY,OXFORD PHARMACY LLC,BURDUBAI,"SHOP#2, AL SHARAFI BUILDING,DUBAI,UAE",04-3925070,,,,,
1064,DXB,PHARMACY,LIVERPOOL PHARMACY L.L.C,BURDUBAI,"NEXT TO PALM BEACH HOTEL , KHALID BIN WALID ROAD,BURDUBAI,DUBAI,UAE",04-3349558,24.45123,54.35585,"Masjid Khālid Bin al Walīd, Al Bateen, Abu Dhabi, United Arab Emirates",,GeoNames
1065,DXB,PHARMACY,RALS HEALTHCARE(BR OF ABDULWAHED BIN SHABIB INVESTMENT GROUP L.L.C),JABAL ALI INDUSTRIAL 1,"AWS FAMILY RESIDENCE18, 57 STREETJABAL ALI INDUSTRIAL 1, JEBEL ALI, DUBAI",04-2275777,,,,,
1066,DXB,PHARMACY,ARIN CARE PHARMACY,MUHAISNAH 4TH,"MEZINENE FLOOR, TALAL PLAZA BLDG, MUHAISNAH 4TH, DUBAI,UAE",04-3952774,24.962221,55.148259,"2020 Plaza, Expo 2020 Dubai, DU, United Arab Emirates",,© OpenStreetMap contributors
1067,DXB,PHARMACY,MODERN FAMILY PHARMACY LLC,UMMHURAIR,"04, UMM HURAIR BUILDING, OPP CIVIL DEFENCE ZABEEL ROAD, KARAMA, DUBAI - UAE. PO BOX: 30127",04-3343263,25.1563917,55.4107550633411,"04, Greece k, Warsan 1, Dubai, United Arab Emirates",,© OpenStreetMap contributors
1068,DXB,PHARMACY,MODERN FAMILY PHARMACY LLC Branch,ALBARSHA 1,"GROUND FLOOR. AL BARSHA- 1 , BUSINESS CENTRE, SHOP NO :6",04-3343263,25.112654,55.193111,"1 Al Barsha, Al Barsha 1, Dubai, DU, United Arab Emirates",1,© OpenStreetMap contributors
1069,DXB,PHARMACY,ASTER PHARMACY 174 (BR OF ASTER PHARMACIES GROUP L.L.C),DUBAI SPORTS CITY,"G-03,TAG RETAIL HUB 01,AL HEBIAH FOURTH, DUBAI SPORTS CITY, DUBAI",04-4486271,25.0319,55.21961,"Al Hebiah Fourth, DU, United Arab Emirates",,GeoNames
1070,DXB,PHARMACY,ASTER PHARMACY 184 (BR OF ASTER PHARMACIES GROUP L.L.C),"AL AAMAL STREET, BUSINESS BAY","RETAIL-01, ZADA TOWER, AL AAMAL STREET, BUSINESS BAY, DUBAI",04-4490062,25.26038,55.29891,"Bur Dubai, DU, United Arab Emirates",,GeoNames
1071,DXB,PHARMACY,ASTER PHARMACY 178 (BR OF ASTER PHARMACIES GROUP L.L.C),AL GHARBI STREET,"SHOP R02, WEST AVENUE, AL GHARBI STREET, MARINA, MARSA, DUBAI",04-2950979,25.07441555,55.1387737269052,"West Avenue Tower, Al Yahoom Street, Dubai Marina, Dubai, DU, United Arab Emirates",,© OpenStreetMap contributors
1072,DXB,PHARMACY,ASTER PHARMACY 188 (BR OF ASTER PHARMACIES GROUP L.L.C),DUNES STREET,"RETAIL-06, LOGGIA PLAZA, DUNES STREET, DUBAI SILICON OASIS, DUBAI",04-3497028,25.080209,55.283596,"Dubai, DU, United Arab Emirates",,Who's On First
1073,DXB,PHARMACY,ASTER PHARMACY 189 (BR OF ASTER PHARMACIES GROUP L.L.C),SILICON HEIGHTS 2 BUILDING,"SHOP 6, SILICON HEIGHTS 2 BUILDING, DUBAI SILICON OASIS, DUBAI",04-8324564,25.119946,55.397452,"Silicon Heights, Warisan, Dubai, DU, United Arab Emirates",,© OpenStreetMap contributors
1074,DXB,PHARMACY,ZEST PHARMACY 1 (BR OF ZEST WELLNESS PHARMACY L.L.C),"AL THANYA STREET,UMM AL SHEIF","SHOP NO. 9, AL THANYAH CENTER, WAITROSE THANYA, AL THANYA STREET, UMM AL SHEIF, DUBAI",04-8246485,25.26038,55.29891,"Bur Dubai, DU, United Arab Emirates",,GeoNames
1075,DXB,PHARMACY,ASTER ROYAL CLINIC SPRINGS SOUK PHARMACY BR OF D M HEALTHCARE L L C,"THE SPRING SOUK,","SHOP FF 24 AND FF 25, SPRINGS SOUK, AL THANYAH FOURTH, DUBAI",04-3288352,25.1792943,55.2467979,"25 22a Street, Al Safa, Dubai, Al Safa 1, United Arab Emirates",0.567,© OpenStreetMap contributors
1076,DXB,PHARMACY,FAITH AL KHAIL PHARMACY LLC,AL QUOZ 4,"SHOP. NO. 1A-1B AL KHAIL HEIGHTS BLDG. ,AL QUOZ 4, NEAR TO AL QUOZ GENERAL STAR TRADING DUBAI, UAE",04-554 2713,25.154285,55.252159,"Al Khail Heights 4A-4B, Al Qouz 3, Dubai, DU, United Arab Emirates",,© OpenStreetMap contributors
1077,DXB,PHARMACY,FAITH WALK PHARMACY LLC,AL NAHDA,"SHOP GM14 ,AMWAJ ROTANA JBR DUBAI UAE NEXT TO TEALICIOUS BUBBLE TEA,",04-579 9136,,,,,
1078,DXB,PHARMACY,FAITH AHLAN PHARMACY LLC,AL NAHDA,"SHOP NO. 8 AR 1 TOWER,AL NAHDA , DUBAI UAE",04-554 5847,25.158949,55.371707,"8 1 Street, Nadd Al Shiba, Dubai, DU, United Arab Emirates",0.3969,© OpenStreetMap contributors
1079,DXB,PHARMACY,SULTAN PHARMACY LLC,AL FAHIDI,"SHOP NO. 5-6 FADHLANI BLDG.,AL ESBIJ ST NEAR ASTORIA HOTEL AL FAHIDI, DUBAI",04-394 5392,25.0564633,55.2672808604466,"5 Wadi Al Safa 6 Street, Arabian Ranches, Dubai, United Arab Emirates",,© OpenStreetMap contributors
1080,DXB,PHARMACY,FAITH AL QUOZ PHARMACY LLC,AL QOUZ FIRST,"SHOP NO. 6 KING ABDULLAH AL MUHAIRI,AL QOUZ FIRST, AL QUOZ DUBAI",04-396 0422,25.168284,55.253511,"Al Quoz 1, Dubai, DU, United Arab Emirates",,Who's On First
1081,DXB,PHARMACY,FAITH HAYAA PHARMACY LLC,AL KAWANEEJ,"SHOP NO. 6 DEPARTMENT OF PEACEFUL AFFAIRS AND CHARITABLE ACTIVITIES,MASJID AL KHABEER ST, AL KAWANEEJ 2ND AL KHABEER, DUBAI UAE",04-445 8339,,,,,
1082,DXB,PHARMACY,MODERN PHARMACY L.L.C (BRANCH),"BURDUBAI,","BURDUBAI,AL ESBIJI ,AQIL MUSTAFA ABDUL AL NOORNEAR ASTORIA HOTEL, DUBAI,PO BOX-39803 DUBAI,UAE",04-2264747,,,,,
1083,DXB,PHARMACY,MODERN PHARMACY L.L.C (BRANCH),AL BARSHA 2,"AL BARSHA 2,AL ZAYED STREET,AL MASHROOM BUILDING,BESIDE GOLDEN SANS ARENCO BUILDING,DUBAI,PO BOX- 1885,UAE",04-4508540,25.2780047,55.3218643,"2 Al Rasheed Street, 2 Street, Deira, United Arab Emirates",0.9,© OpenStreetMap contributors
1084,DXB,PHARMACY,MODERN PHARMACY L.L.C (SATWA BRANCH),SATWA,"SATWA,STAL DIYAFA STREET, HILAH SALIM BLDG,BESIDE AL MALLAH RESTAURANT,DUBAI,UAE",04-3259855,,,,,
1085,DXB,PHARMACY,MODERN PHARMACY L.L.C (AL QUSAIS BRANCH),SHEIK RASHID COLONY,"SHEIK RASHID COLONY,3 B STREET ,MASJID AL ANSAR BUILDING,NEAR CEYLON BAKE HOUSE,AL QUSAIS ,PO BOX-48450,,DUBAI",04-2807089,25.124039,55.391623,"B-3 B Street, Warisan, Dubai, Dubai Silicon Oasis, United Arab Emirates",0.9,© OpenStreetMap contributors
1086,DXB,PHARMACY,MODERN PHARMACY LLC-(DEIRA),"AL MAKTOUM STREET,","DEIRA- ALRIQQA,AL MAKTOUM STREET,SHIEKHA MARIAM BUILDING,NEAR BANIYAS METRO STATION,DUBAI-PO BOX 1586,UAE",04-2223879,25.2767072,55.3625752,"Stadium Metro Station, Al Nahda Street, Al Twar, Dubai, DU, United Arab Emirates",,© OpenStreetMap contributors
1087,DXB,PHARMACY,MODERN CARE PHARMACY L.L.C,DEIRA WATERFRONT,"DEIRA WATERFRONT,CORNICH STREET,SHOP 22-23 MAITHA 1,DEIRA WATERFRONT ENRICHMENT,DEIRA, PO BOX- 48450,DUBAI",04-3686411,25.2289232,55.315372,"1 Oud Maitha Road, Zabeel, Dubai, Za'abeel, United Arab Emirates",0,© OpenStreetMap contributors
1088,DXB,PHARMACY,GRAND ADVANCED CARE PHARMACY LLC,DAMSCUS STREET,"AL FATTAN CHARITY BUILDING, NEAR EMIRATES NBD BANK, DAMSCUS STREET, AL QUSAIS, DUBAI,UAE",04-2985078,25.119699,55.203327,"Emirates NBD Bank, Al Barsha 1, Dubai, DU, United Arab Emirates",,© OpenStreetMap contributors
1089,DXB,PHARMACY,MODERN FAMILY PHARMACY LLC BRANCH,"AL QOUZ IND.SECOND,","AL QOUZ IND.SECOND, WASL LABOUR CAMP, UNIT/VILLA NO. SHOP NO 5",056-2163669,25.134,55.24791,"Al Qouz Ind.Second, DU, United Arab Emirates",,GeoNames
1090,DXB,PHARMACY,HAFSA PHARMACY (BRANCH),DEIRA AL MURAR,"SHERINA 1-SHERINA PLAZA, AL-CORNICH,SHOP NO 2,3,4&14,NEAR GOLD SOUK METRO STATION,DEIRA AL MURAR,DUBAI,U.A.E",04 2614591,,,,,
1091,DXB,PHARMACY,MEDSTAR PHARMACY LLC,OUD METHA,"GULF TOWERS , OUD METHA",8002233,25.23396655,55.3134494093484,"Gulf Residence, 19th Street, Oud Metha, Dubai, Bur Dubai, United Arab Emirates",,© OpenStreetMap contributors
1092,DXB,PHARMACY,ASCENT PHARMACY L.L.C,SHEIKH KHALIFA BIN ZAYED ST,"SAEED AL THANI BUILDING - SHEIKH KHALIFA BIN ZAYED ST - UMM HURAIR 1BUR - UMM HURAIR 1 - DUBAI,UAE",04-2747001,25.28894495,55.3710196789502,"Al Thani Building, 4 1 Street, Al Nahda, Dubai, DU, United Arab Emirates",,© OpenStreetMap contributors
1093,DXB,PHARMACY,L L H MEDICAL CENTER L.L.C(AMBULATORY PHARMACY),"AL MARABEA ST, DPG AL QUOZ","AL MARABEA ST, DPG AL QUOZ, INDUSTRIAL FOURTH, DUBAI, UAE",056-1657271,25.231869,55.317237,"Al Madina Al Tebbia Street, Umm Hurair 2, Dubai, DU, United Arab Emirates",,© OpenStreetMap contributors
1094,DXB,PHARMACY,ZARA PHARMACY LLC,"AL BADA'A,","INSIDE NESTO HYPER MARKET, AL BADA'A, SATWA",06-557 9567,25.30897045,55.3689516416667,"Al Arab Mall, Al Taawun Street, Al Mamzar, Sharjah, United Arab Emirates",,© OpenStreetMap contributors
1095,DXB,PHARMACY,LANA PHARMACY L.L.C,JVC,JVC DUBAI,06-557 9567,25.0559446,55.2074650286181,"District 19, Jumeirah Village Circle Villas, JVC, Al Barsha South 4, Dubai, United Arab Emirates",,© OpenStreetMap contributors
1096,DXB,PHARMACY,MEDON FIRST PHARMACY LLC (BRANCH),NAAD AL HAMAR,"NAAD AL HAMAR , DUBAI",06-557 9567,25.187836,55.284686,"Al Wajeha Al Maeyah, Bussiness Bay, Dubai, DU, United Arab Emirates",,© OpenStreetMap contributors
1097,DXB,PHARMACY,800 PHARMA FZ-LLC,AL BARSHA HEIGHTS,"ATANA HOTEL - AL BARSHA HEIGHTS - TECOM, DUBAI, UAE",06-557 9567,25.1174337,55.1960751,"Flora al Barsha, 20 Street, Al Barsha 1, Dubai, Al Barsha, United Arab Emirates",,© OpenStreetMap contributors
1098,DXB,PHARMACY,800 PHARMA PHARMACY LLC,JVC,"HE HOTEL APARTMENTS, JVC, DUBAI UAE",06-557 9567,25.22143195,55.3291412587984,"Park Hotel Apartments, 26 Street, Al Jaddaf, Dubai, DU, United Arab Emirates",,© OpenStreetMap contributors
1099,DXB,PHARMACY,LANA PHARMACY L.L.C branch,JVC,"RESIDENCE 6, JVC DUBAI",06-557 9567,25.041628,55.217409,"Elite Sports Residence 6, Dubai Sports Citys, Dubai, DU, United Arab Emirates",,© OpenStreetMap contributors
1100,DXB,PHARMACY,CARE MARK PHARMACY FZCO,DUBAI SILICON OASIS,"BINGHATTI VISTA, INSIDE WEST ZONE FRESH SUPERMARKET, DUBAI SILICON OASIS, INDUSTRIAL AREA, DUBAI",06-557 9567,25.121778,55.373131,"Binghatti Point, Warisan, Dubai, DU, United Arab Emirates",,© OpenStreetMap contributors
1101,DXB,PHARMACY,PULSE LIFE PHARMACY L.L.C,AL BARSHA SOUTH,"AL BARSHA SOUTH FOURTH,SAMHA RESIDENCE,SHOP 2 , 681",06-557 9567,25.1362781,56.3541632,"Single Origin, Shop 2 Corniche Road, Owaid, Fujairah City, FU, United Arab Emirates",0.0642857142857143,© OpenStreetMap contributors
1102,DXB,PHARMACY,DR ABDUL LATIF CLINIC L.L.C (AMBULATORY PHARMACY),NEAR AL SABKHA BUS STATION,"UNIT 12, 1ST FLOOR, 191 NASER ABDULLA HUSSAIN BUILDING, NEAR AL SABKHA BUS STATION, DEIRA DUBAI, UAE.",04-2264999,,,,,
1103,DXB,PHARMACY,HOUSTON PHARMACY LLC(AMBULATORY PHARMACY),",AL BARSHA1","ELITE BUSINESS CENTRE,IST FLOOR,101 AND 102,PB NO.30152,NEXT TO MALL OF EMIRATES,AL BARSHA1,DUBAI,UAE",04-3850603,25.0995078,55.1771711,"SORP Business Centre, 25 Al Fosool Street, Al Thanyah 1, Dubai, Dubai Media City 2, United Arab Emirates",0.00974025974025974,© OpenStreetMap contributors
1104,DXB,PHARMACY,MEDICOM PHARMACY 1 (BR OF ASTER PHARMACIES GROUP L.L.C),DUBAI OUTLET MALL,"SG-162, EXTENSION OF DUBAI OUTLET MALL, MADINAT HIND 1, DUBAI",04-5721034,,,,,
1105,DXB,PHARMACY,ASTER PHARMACY 187 (BR OF ASTER PHARMACIES GROUP L.L.C),"DISCOVERY GARDENS,JABAL ALI","SHOP 8, ZEN 3 BUILDING, STREET 1, DISCOVERY GARDENS, JABAL ALI FIRST, DUBAI",04-5519467,25.028597,55.1604438,"Building 246, Discovery Gardens, 13 Street, Jabal Ali 1, Jebel Ali, DU, United Arab Emirates",,© OpenStreetMap contributors
1106,DXB,PHARMACY,ASTER PHARMACY 185,AL JADDAF,"SHOP NO 1, GROUND FLOOR, BINGHATTI GATEWAY, AL JADDAF, DUBAI",04-2665280,25.0529412,55.262828242993,"1 9 Street, Arabian Ranches, Dubai, DU, United Arab Emirates",0.567,© OpenStreetMap contributors
1107,DXB,PHARMACY,MEDCARE MEDICAL CENTRE AL FURJAN WEST PHARMACY BR OF MEDCARE HOSPITAL LLC,AL FURJAN WEST PAVILION,"SHOP 1, AL FURJAN WEST PAVILION, JABAL ALI FIRST, DUBAI",04-5513796,25.02204525,55.1302649659686,"Al Furjan West Pavilion, Al Yalayis Street, Jabal Ali, Jebel Ali, Al Furjan, United Arab Emirates",,© OpenStreetMap contributors
1108,DXB,PHARMACY,NMC SPECIALTY HOSPITAL PHARMACY,AL NAHDA 2,"AMMAN STREET, AL NAHDA 2 ,DUBAI",04-2122414,25.2981769661069,55.3804483168306,"Amman Street, Al Nahda, Dubai, United Arab Emirates",,© OpenStreetMap contributors
1109,DXB,PHARMACY,NMC ROYAL HOSPITAL PHARMACY,DIP 1,"NMC ROYAL HOSPITAL,ADJACENT TO FALCON HOUSEDUBAI INVESTMENT PARK 1,P.O BOX 7832,DUBAI INVESTMENTS PARK , DUBAI",04-8108866,,,,,
1110,DXB,PHARMACY,NMC SPECIALTY HOSPITAL PHARMACY DIP BR OF NMC ROYAL HOSPITAL LTD DUBAI BRANCH,DIP 1,"PLOT NO 598-639, IN FRONT OF GREEN COMMUNITY,AL ZAROUNI BUILDING, DIP 1, DUBAI, UAE",04-8108800,,,,,
1111,DXB,PHARMACY,BAIT AL SHIFAA PHARMACY LTD - DUBAI BRANCH,HOR AL ANZ,"OPPOSITE ABU HAIL METRO STATION ,HOR AL ANZ ,NEW AL SAFIYA BUILDING ,DEIRA",04-2666464,25.2248192,55.2836257,"Trade Centre Metro Station, Sheikh Zayed Road (south), Trade Centre, Dubai, Sheikh Zayed Road, United Arab Emirates",,© OpenStreetMap contributors
1112,DXB,PHARMACY,NEW MEDICAL CENTRE PHARMACY LTD BRANCH,JAFZA,"NEAR GATE 7, NEW WEST ACCOMMODATION, FIRST FLOOR, NESTO HYPERMARKET JAFZA DUBAI",04-8808856,24.96341,55.0487993,"DP world Gym, Staff Accommodation, DP World Al Maktoum Airport Street, Jabal Ali, Jebel Ali, DU, United Arab Emirates",,© OpenStreetMap contributors
1113,FUJ,PHARMACY,SUHA PHARMACY,AL BIDYA,"SALEH MOFLEH ALI ASYOUD SHEHHI (BLDG), RUGAYLAT ROAD, AL BIDYA, FUJAIRAH, UAE.",09-2233370,25.581972,56.131927,"washed away service road, FU, United Arab Emirates",,© OpenStreetMap contributors
1114,FUJ,PHARMACY,AL KHAN PHARMACY FUJAIRAH,FUJAIRAH,GROUND FLOOR OPPOSITE TO MASJID OMAR AL KHATAB BARAKAT BUILDING,N/A,25.2724481,55.3002619,"Al Barakat Travel Agency, 30c Street, Al Dhagaya, Deira, United Arab Emirates",,© OpenStreetMap contributors
1115,FUJ,PHARMACY,AL ASDIQQA PHARMACY,FUJAIRAH,OPP MARS TRADING AL HAYL INDUSTRIAL AREA BLOCK Q,09-2230977,,,,,
1116,FUJ,PHARMACY,EMIRATES PHARMACY,FUJAIRAH,"NEAR DIBBA MUNICIPALITY,AL MUHALLAB,FUJAIRAH",09 2444022,25.187836,55.284686,"Al Wajeha Al Maeyah, Bussiness Bay, Dubai, DU, United Arab Emirates",,© OpenStreetMap contributors
1117,FUJ,PHARMACY,ASTER PHARMACY 8,FUJAIRAH,"CENTURY MALL, FASEEL ROAD, NEAR BEACH MOTEL",09-2230701,25.2898895,55.3470918,"Century Mall, Al Wuheida Street, Al Mamzar, Dubai, Deira, United Arab Emirates",,© OpenStreetMap contributors
1118,FUJ,PHARMACY,ASTER PHARMACY-FUJAIRAH BRANCH 1 LLC,FUJAIRAH,"EMIRATES SPRING BUILDING, HAMAD BIN ABDULLAH STREET, FUJAIRAH",09-2238322,25.1225407273634,56.3026815908497,"Sheikh Hamad Bin Abdullah Al Sharqi Road, Haleefath, Fujairah City, Fujairah Emirate, United Arab Emirates",,© OpenStreetMap contributors
1119,FUJ,PHARMACY,TAIBA PHARMACY,FUJAIRAH,OPP. UAE EXCHANGE(MASAFI) - FUJAIRAH,09-2564749,25.3049807,56.1650172,"Masafi, Fujairah Emirate, United Arab Emirates",,© OpenStreetMap contributors
1120,FUJ,PHARMACY,ASTER PHARMACY 139,CORNICHE,"SHEIKH KHALID ROAD, OPPOSITE TO ADNOC PETROL STATION, NEXT TO KHORFAKKAN POLICE STATION ROUND ABOUT, KHORFAKKAN",09-2371301,25.33029235,56.3448287469756,"Khorfakkan Police Station, Sheikh Khalid Bin Mohammed Al Qasimi Road, Al Musalla, Khor Fakkan, SH, United Arab Emirates",,© OpenStreetMap contributors
1121,FUJ,PHARMACY,AL SHARQ HOSPITAL PHARMACY,FUJAIRAH,AL FASEEL FUJAIRAH,09-2249999,25.1432116,56.3467661,"Al Faseel, Fujairah City, Fujairah Emirate, United Arab Emirates",,© OpenStreetMap contributors
1122,FUJ,PHARMACY,AL SHARQ MODERN PHARMACY,FUJAIRAH,AL FASEEL FUJAIRAH,09-2232555,25.1432116,56.3467661,"Al Faseel, Fujairah City, Fujairah Emirate, United Arab Emirates",,© OpenStreetMap contributors
1123,FUJ,PHARMACY,AL SHARQ FAMILY PHARMACY,FUJAIRAH,AL ETIHAD FUJAIRAH,09-2222444,25.124892,56.328537,"Fujairah, FU, United Arab Emirates",,Who's On First
1124,FUJ,PHARMACY,FUJAIRAH PORT PHARMACY,FUJAIRAH,INSIDE PORT OF FUAIRAH,09-2228007,,,,,
1125,FUJ,PHARMACY,AL SHARQ PHARMACY DIBBA,FUJAIRAH,DIBBA FUJAIRAH,09-2444711,25.602261,56.3070733,"Dibba Al Fujairah, Fujairah Emirate, United Arab Emirates",,© OpenStreetMap contributors
1126,FUJ,PHARMACY,AL SHARQ NEW PHARMACY (AL SHARQ GROUP),QIDFA,QIDFA FUJAIRAH,09-2384550,25.30426,56.37034,"Qidfa`, FU, United Arab Emirates",,Who's On First
1127,FUJ,PHARMACY,EAST COAST AHALIA PHARMACY,AL GURFA,"FATHIMA ROUND ABOUT, E89 (HAMAD BIN ABDULLAH ROAD), NEAR ADNOC PETROL STATION AND FAB BANK, AL GURFA",09-2235744,,,,,
1128,FUJ,PHARMACY,BAIT AL MAQDIS PHARMACY LLC,FUJAIRAH,"AL ABEER MARKET, RUQAILATH ROAD, OPP TO MIRHAB MOSQUE. FUJAIRAH",09-2381886,25.2429736,55.2754972,"Mercure Gold Al Mina Road, Al Mina Street, Al Mina, Dubai, Bur Dubai, United Arab Emirates",,© OpenStreetMap contributors
1129,FUJ,PHARMACY,SUHA PHARMACY LLC FUJAIRAH BRANCH 1,AL HAYL,"OPP.POWER PLUS CABLE CO.LLC,MOHAMMED BIN ZAYED CITY-AL HAYL, FUJAIRAH",09-2448009,24.34794,54.55368,"Mohammed Bin Zayed City, AZ, United Arab Emirates",,GeoNames
1130,FUJ,PHARMACY,ASTER PHARMACIES GROUP LLC FUJAIRAH BRANCH 2,MRAISHEED ROAD,"SHOP NO-R-02, FUJAIRAH TWIN TOWERS, MRAISHEED ROAD, MRAISHEED, FUJAIRAH",09-2348765,25.1244604,56.3355085,"Fujairah City, Fujairah Emirate, United Arab Emirates",,© OpenStreetMap contributors
1131,FUJ,PHARMACY,FAITH CARE PHARMACY LLC,SAFED ST,"PROPERTY 4540 SHOP NO. 3, 4, AND 5,NEAR MALABAR GOLD & DIAMOND, SAFED ST. FUJAIRAH UAE",09-5010461,,,,,
1132,RAK,PHARMACY,SHIFA AL JAZEERAH PHARMACY LLC,NAKHEEL,"SHIFA AL JAZEERAH PHARMACY LLC, FATHIMA SUPERMARKET BUILDING, GROUND FLOOR, AL NAKHEEL, RAS AL KHAIMA, U A E",07-2211218,25.105137,55.173221,"Al Nakheel Villas Street, Al Sufouh 2, Dubai, DU, United Arab Emirates",,© OpenStreetMap contributors
1133,RAK,PHARMACY,SHEIKH KHALIFA SPECIALTY HOSPITAL PHARMACY,RAS AL KHAIMAH,"AL SHOHADAA ROAD, PO BOX: 6365, RAK",07-2010371,25.7682628,55.9768842,"RAK Hospital, 42A Street, Al Qusaidat, Ras Al Khaimah, RK, United Arab Emirates",,© OpenStreetMap contributors
1134,RAK,PHARMACY,RETAJ PHARMACY LLC,RAK,"FIDELITY BLDG. BIN SALEM ST, AL DHAIT SOUTH, RAS AL KHAIMAH",07-2277726,25.7737705,55.938232,"Ras Al Khaimah, Ras al-Khaimah, United Arab Emirates",,© OpenStreetMap contributors
1135,RAK,PHARMACY,NMC ROYAL PHARMACY,R A K,"SULTAN FADEL BUILDING,AL QWASIM CORNICHE",07-2028000,25.187836,55.284686,"Al Wajeha Al Maeyah, Bussiness Bay, Dubai, DU, United Arab Emirates",,© OpenStreetMap contributors
1136,RAK,PHARMACY,NEXUS PHARMACY LLC,R A K,"SHOP NO: 16, AL JAZEERA BUILDING, BESIDE MADINA SUPER MARKET, OPPOSTIE MABANI STEEL COMPANY, JAZEERA AL HAMRA, RAK",07-2447348,25.25854095,55.40003495,"Al Imran Technical Services, Shop Number 2 7a Street, Al Qusais, Dubai, DU, United Arab Emirates",0.173913043478261,© OpenStreetMap contributors
1137,RAK,PHARMACY,AL NOOR PHARMACY,KARAMA,"AL HUDAIBAH BUILDING, GROUND FLOOR, OMAN STREET - AL NAKHEEL, NEAR BANK OF BARODA - PO BOX .1683",07-2333729,25.231869,55.317237,"Al Madina Al Tebbia Street, Umm Hurair 2, Dubai, DU, United Arab Emirates",,© OpenStreetMap contributors
1138,RAK,PHARMACY,AL AMAN PHARMACY,KARAMA,AL KHALIFA BUILDING - BEHIND BANK OF BARODA - OMAN STREET - AL NAKHEEL - RAK 1683,07-2261139,25.27339,55.307729,"Al Khalifa Electronics, 1683 2c Street, Naif, Dubai, DU, United Arab Emirates",0,© OpenStreetMap contributors
1139,RAK,PHARMACY,MEDICAL CENTRE PHARMACY,SALEEM STREET,"MOHAMMAD BIN SALEM STREET,RAK",07-2337544,,,,,
1140,RAK,PHARMACY,ASTER MEDICOM -23(AL ENAYA PHARMACY),R A K,"AIRPORT ROAD, AL KHARAN, OPP: BIN ZAHIR BOYS SCHOOL,RAS AL KHAIMAH, UAE",07-2441433,24.4249561,54.4476613,"Mercedes-Benz Airport Road, Mzaham Street, Al Rawdah, Abu Dhabi, Sports City, United Arab Emirates",,© OpenStreetMap contributors
1141,RAK,PHARMACY,AL OLA PHARMACY BR OF ASTER PHARMACIES GROUP LLC,R A K,"AL KHATRI BUILDING 1, MAMTASAR ROAD, NAKHEEL AREA",07-2273637,25.125062,55.238482,"1 Al Marabea Road, Al Quoz Industrial Area 4, Dubai, DU, United Arab Emirates",0.5103,© OpenStreetMap contributors
1142,RAK,PHARMACY,ASTER PHARMACIES GROUP LLC BRANCH 2,FUJAIRAH,"ALI SULTAN ALI ONWAN AL- NEAMI BUILDING, OPP. BIRLA INSTITUTE OF TECHNOLOGY, AL DHAIT",07-2361664,,,,,
1143,RAK,PHARMACY,ASTER PHARMACIES GROUP LLC- BRANCH 1,R A K,"OPP. AL KHALEEJ SUPERMARKET, AL MATAF ROAD, JULAN, AFTER ADAF ROUND ABOUT,RAK",07-2681224,,,,,
1144,RAK,PHARMACY,ASTER PHARMACIES GROUP LLC RAK BRANCH,R A K,"SHOP NO.GF50, SAFEER MALL, AIR PORT ROAD,RAS AL KHAIMAH",07-2352213,25.7737705,55.938232,"Ras Al Khaimah, Ras al-Khaimah, United Arab Emirates",,© OpenStreetMap contributors
1145,RAK,PHARMACY,AL OLA PHARMACY BR ASTER PHARMACIES GROUP LLC,"AL NAKHEEL,","SHOP NO.1, BUILDING NO-0040, NAKHEEL ROAD, AL NAKHEEL, RAS AL KHAIMAH",07-2357563,25.7737705,55.938232,"Ras Al Khaimah, Ras al-Khaimah, United Arab Emirates",,© OpenStreetMap contributors
1146,RAK,PHARMACY,ALYA PHARMACY L.L.C,AL QASMI STREET,"DIL AL NUAIMI BUILDING, GROUND FLOOR,SHOP-03, SHEIKH SAQR BIN MUHAMMAD AL QASMI STREET, AL QUSAIDAT",07-2441235,,,,,
1147,RAK,PHARMACY,AL GHAIL PHARMACY,AL GHAIL,"AL GHAIL ROAD,RAS AL KHAIMAH",07-2580010,25.750292,55.966596,"Ras al-Khaimah, RK, United Arab Emirates",,Who's On First
1148,RAK,PHARMACY,AL SHAMS PHARMACY (AL- SHAMS GROUP),R A K,"PO. BOX 12884, AL GHAIL SHOPPING CENTRE (MOHD. SHAAMS RASHID AL MAZROOI BLDG) AL GHAIL, RAS AL KHAIMAH",07-2584244,25.4003246,56.0593739,"Al Ghail, Ras al-Khaimah, United Arab Emirates",,© OpenStreetMap contributors
1149,RAK,PHARMACY,AL HSAYAT PHARMACY,AL MUNSTAR STREET,"P.O. BOX: 159, RAS AL KHAIMAH U.A.E,OPP.SIDE TO HOME CENTER, AL MUNTASR STREET , AL ORAIBI HOSPITAL",07-2277002,25.6003499,56.3402228,"125590 Dibba-Khor Fakkan Road, Al Fiqait, FU, United Arab Emirates",1.38406024029148E-05,© OpenStreetMap contributors
1150,RAK,PHARMACY,AL ZAHRAWI PHARMACY,R A K,"OMAN STREET, AL NAKHEEL, BESIDE UAE EXCHANGE",07-2289544,25.2688418,55.3045009,"Oman Pharmacy, 18th Street, Al Rigga, Deira, United Arab Emirates",,© OpenStreetMap contributors
1151,RAK,PHARMACY,ZAHRAT NOOR AL SHEFAA PHARMACY,R A K,"FATIMA HYPERMARKET BUILDING, AL MAMOURAH, POST BOX:9831",07-2220103,25.2338654,55.5593114,"RST Werks, Warefhouse 6 Emirates Road, Al Khawaneej, Sharjah, DU, United Arab Emirates",,© OpenStreetMap contributors
1152,RAK,PHARMACY,AL ABRAR PHARMACY,AL HAMARA,"BUILDING NO:1 AL JAZEERA, AL HAMARA",07-2080157,25.7060325,55.8067578,"Al Hamraa Pharmacy, Sheikh Mohammad Bin Salem Road, Al Jazeera Al Hamra, Al jazeera heritage village, RK, United Arab Emirates",,© OpenStreetMap contributors
1153,RAK,PHARMACY,NOOR AL SHEFAA PHARMACY L.L.C,AL MARID,AL MARID,052-4906168,25.3493388,55.4001067,"Al Marid, Abi Salamah Bin Abd Al Asad Street, Al Qasimia, Sharjah, Al Yarmook, United Arab Emirates",,© OpenStreetMap contributors
1154,RAK,PHARMACY,AL AHLIA PHARMACY RAK Branch,AL JAZAH ROAD,"CREEK PLAZA BLDG., NEAR RAK GAS AND OPP. EXPO CENTRE, AL JAZAH ROAD",07-2275993,24.9643072,55.1465577,"Expo exhibition Center, 2020 Boulevard, Expo 2020 District, Expo 2020 Dubai, DU, United Arab Emirates",,© OpenStreetMap contributors
1155,RAK,PHARMACY,AL ALIYA PHARMACY,DAFAN AL KHOR,"SHOP NO 8 AND 9 SHEIKH MOHAMMAD BIN SALIM ROAD, NEAR BANIYAS SUPERMARKET, DAFAN AL KHOR,RAS AL KHAIMAH, U.A.E",07-2274566,24.30047,54.63611,"Baniyas, AZ, United Arab Emirates",,GeoNames
1156,RAK,PHARMACY,RAS AL KHAIMAH GHALILA PHARMACY,GHALILLA,"SHAM,GHALILLA,RAK UAE",07-2334950,26.0279,56.08352,"Ash Sha`m, RK, United Arab Emirates",,Who's On First
1157,RAK,PHARMACY,RAS AL KHAIMAH AL JAZIRA AL HAMRA PHARMACY,AL JAZEERA AL HAMRA,BEHIND RAK CERAMICS AL JAZEERA AL HAMRA,07-2432249,25.7060325,55.8067578,"Al Hamraa Pharmacy, Sheikh Mohammad Bin Salem Road, Al Jazeera Al Hamra, Al jazeera heritage village, RK, United Arab Emirates",,© OpenStreetMap contributors
1158,RAK,PHARMACY,MEDPLUS PHARMACY LLC,"AL JAZAH STREET, AL NAKHEEL","AL JAZAH STREET, AL NAKHEEL, NEAR DOUBLETREE HILTON HOTEL, RAK,UAE",07-2369006,25.294637,55.871352,"Al A'araf bin Al A'alam Street, UQ, United Arab Emirates",,© OpenStreetMap contributors
1159,RAK,PHARMACY,RAK HOSPITAL PHARMACY,AL QUSAIDAT,AL QUSAIDAT - P.O. BOX RAS AL KHAIMAH UAE,07-2074247,25.75887,55.987414,"Al Qusaidat, Ras al-Khaimah, RK, United Arab Emirates",,Who's On First
1160,RAK,PHARMACY,AL KAYAN PHARMACY LLC,AL JUWAIS AL KADI STREET,"POEMS RAS-AL-KHAIMAH BLDG. NO. 1 GROUND FLOOR, SHOP NO. 13,SAQER HOSPITAL AL JUWAIS AL KADI STREET, RAS AL KHAIMAH",07-246 4566,25.7737705,55.938232,"Ras Al Khaimah, Ras al-Khaimah, United Arab Emirates",,© OpenStreetMap contributors
1161,RAK,PHARMACY,MODERN PHARMACY LLC (One Person)RAK Branch,KHUZAM ROAD,"OPP RAS AL KHAIMAH HOTEL/INTERNATIONAL MEDICAL CENTER,RAK,UAE,KHUZAM ROAD",07-2358362,25.3882334,55.4182766164192,"Emirates International Medical Center, Al Sharq Street, Al Heera, Sharjah, Al Rfa'ah, United Arab Emirates",,© OpenStreetMap contributors
1162,RAK,PHARMACY,MODERN PHARMACY LLC (One Person)RAK Branch 01,AL NAKHEEL,"AL MUNTASIR STREET,AL NAKHEEL ,RAS AL KHAIMAH,NEXT TO LULLU CENTER NAKHEEL,OPPOSITE TO AL HILAL BANK",07 2339440,25.7737705,55.938232,"Ras Al Khaimah, Ras al-Khaimah, United Arab Emirates",,© OpenStreetMap contributors
1163,RAK,PHARMACY,MEDON PHARMACY LLC RAK Branch,AL HAMRE,"AL HAMRE ,RAS AL KHAIMAH",06-557 9567,25.750292,55.966596,"Ras al-Khaimah, RK, United Arab Emirates",,Who's On First
1164,SHJ,PHARMACY,ZAM ZAM PHARMACY,SHARJAH,"NATIONAL PAINTS KALBA ROAD, SHARJAH",06-537141,25.2644522317088,55.4971621363524,"Sharjah - Kalba Road, Muwaileh, Sharjah, Sharjah Emirate, United Arab Emirates",,© OpenStreetMap contributors
1165,SHJ,PHARMACY,BAIT AL SHIFA PHARMACY,SHARJAH,"NATIONAL PAINT, MUWAILEH AREA,PB:35872",06-5611891,25.3123056,55.4084646,"National Paints, Al Aqaba Street, Industrial Area, Sharjah, SH, United Arab Emirates",,© OpenStreetMap contributors
1166,SHJ,PHARMACY,BURJEEL SPECIALTY HOSPITAL PHARMACY,AL FAHYA,"KUWAIT STREET, NEAR AL FAYHA PARK, SHARJAH",06-5075010,25.302103,55.548564,"Sharjah, SH, United Arab Emirates",,Who's On First
1167,SHJ,PHARMACY,AL SAMA PHARMACY LLC,AL QASSEMIYA,"SHOP NO. 4, NEAR CITY BANK, ANAS BIN MUATAH STREET, GROUND FLOOR, AL QASSEMIYA, SHARJAH - U.A.E.",06-5508820,25.2706914,55.374214,"Shop-n-Save, Al Nahda Street, Al Qusais, Dubai, DU, United Arab Emirates",,© OpenStreetMap contributors
1168,SHJ,PHARMACY,AL SANA PHARMACY LLC,AL QASSEMIYA,"SHOP NO. 2 & 3, SYED PLAZA BUILDING, AL QASSIMIYA STREET, AL MAHATTA AREA, OPPOSITE OF MEGA MALL SHARJAH – U.A.E.",06-5731610,25.25854095,55.40003495,"Al Imran Technical Services, Shop Number 2 7a Street, Al Qusais, Dubai, DU, United Arab Emirates",0.217391304347826,© OpenStreetMap contributors
1169,SHJ,PHARMACY,HEALTH CARE PHARMACY LLC,KALBAH,"GROUND FLOOR, SHARJAH COOPERATIVE SOCIETY BUILDING, SHARAH ABOOBACKER STREET, KALBAH INDUSTRIAL AREA, SHARJAH - U.A.E.",09 2772394,,,,,
1170,SHJ,PHARMACY,NAJMAT MUWAILEH PHARMACY LLC,AL WATANIYA,"SHOP NO. 1, BLDG. NO 2986, AL WATANYAH REAL ESTATE, MEHTA BUILDING, OPPOSITE NESTO HYPERMARKET, NEAR BUFFALO RESTAURANT, COMMERCIAL INDUSTRIAL AREA, MUWAILEH SHARJAH - U.A.E.",06-5220260,,,,,
1171,SHJ,PHARMACY,AL WAAD PHARMACY,AL QASMI STREET,"SHEIK KHALID BIN MOHAMMED AL QASIMI STREET, SHOP NO 1,NEAR SIGNAL, KHORFAKKAN, SHARJAH.",09-2370070,25.3461498,55.4210633,"Sharjah, Sharjah Emirate, United Arab Emirates",,© OpenStreetMap contributors
1172,SHJ,PHARMACY,AL AMANI PHARMACY,KHORFAKKAN,"SHEIK KHALID BIN MOHAMMED AL QASIMI STREET, HATIN, KHORFAKKAN , SHARJAH.",09-2383875,25.350405,56.324655,"Khor Fakkan, SH, United Arab Emirates",,Who's On First
1173,SHJ,PHARMACY,AL QADSYAH PHARMACY,KHORFAKKAN,"SHARJAH INTERNATIONAL CHARITY BUILDING, SHOP NO 4, AL QADISIYA, KHORFAKKAN , SHARJAH.",09-2373800,25.30873135,55.37306825,"Al Nayli 4, Al Taawun Street, Al Khan, Sharjah, Al Taawun, United Arab Emirates",,© OpenStreetMap contributors
1174,SHJ,PHARMACY,AL SHALAL PHARMACY,KHORFAKKAN,"SHEIKH KHALID BIN MOHAMMED AL QASIMI ST OPPOSITE TO AL DIWAN NEAR TO ADCB BANK / TAS-HEEL - KHORFAKKAN, SHARJAH.",09-2383391,25.285324,55.882636,"Abi Al Adarham Al Zamani Street, Dhaid, SH, United Arab Emirates",,© OpenStreetMap contributors
1175,SHJ,PHARMACY,SHIFA AL JAZEERAH CENTER PHARMACY LLC SHJ BR,MUWAILEH,"SHIFA AL RABEE MEDICAL CENTRE BUILDING,2609,GROUND FLOOR,MUWAILEH COMMERCIAL,INDUSTRIAL AREA,BUS STATION ROAD, MUWAILEH INDUSTRIAL AREA COMMERCIAL SHJ,SHARJAH,UAE",06-5347730,25.1438441,55.24498,"Staff Bus Station, 318, Al Quoz Community, Dubai, DU, United Arab Emirates",,© OpenStreetMap contributors
1176,SHJ,PHARMACY,AL MUSALLA PHARMACY(SHJ),ROLLA,"AL MUSALLA PHARMACY, SHAIKH ABDULLAH ALI AL MAHMOUD BUILDING, OPPOSITE AL ZAHRA HOSPITAL, NEAR AL MUSALLA PARK, AL ZAHRA STREET, ROLLA, SHARJAH, U A E",06-5616136,25.3562706,55.3928784,"Rolla Square Pharmacy, Al Zahra'a Street, Al Gharb, Sharjah, Al Musalla, United Arab Emirates",,© OpenStreetMap contributors
1177,SHJ,PHARMACY,SAIFZONE PHARMACY,SHARJAH,"AIRPORT FREE ZONE F2 42A,F2-42B,SHARJAH",06-5578560,25.3461498,55.4210633,"Sharjah, Sharjah Emirate, United Arab Emirates",,© OpenStreetMap contributors
1178,SHJ,PHARMACY,RUKN AL SALAM PHARMACY,SHARJAH,"UNIT 14, AL MUBARAK HYPERMARKET BUILDING, SHARJAH INDUSTRIAL AREA 3",N/A,25.3412738,55.3862061,"Al Mubarak Stationary, Al Jabarti Street, Al Majaz, Sharjah, SH, United Arab Emirates",,© OpenStreetMap contributors
1179,SHJ,PHARMACY,"AL AZHAR PHARMACY,",SHARJAH,"SAJJA,COPERATIVE SOCEITY",06-5352323/8007400,25.314817,55.638859,"Sajja Industrial Street, Al Saja'a Industrial, Sharjah, SH, United Arab Emirates",,© OpenStreetMap contributors
1180,SHJ,PHARMACY,NAJMAT SAHARA,AL NAHDA AREA,"AL MAHA BUILDING, OPP. AL NAHDA PARK, AL NAHDA",06 5318334,25.25479455,55.30579,"Al Maha Building, 4 Street, Umm Hurair 1, Dubai, Bur Dubai, United Arab Emirates",,© OpenStreetMap contributors
1181,SHJ,PHARMACY,SALSABEEL RX,SHARJAH,"TAMI -3 BUILDING, OPP. AL NAHDA PARK, AL NAHDA, SHARJAH",06 536 8988,25.30261425,55.3754615775086,"Al Nahda Park, Al Nahda, Sharjah, Sharjah Emirate, United Arab Emirates",,© OpenStreetMap contributors
1182,SHJ,PHARMACY,SAHARA AL JAZEERA,SHARJAH,"KHANSAHEB BUILDING, INDUSTRIAL AREA-10",06 5353345,25.3046602,55.4174746,"Khan Saheb Building, Third Industrial Street, Industrial Area, Sharjah, SH, United Arab Emirates",,© OpenStreetMap contributors
1183,SHJ,PHARMACY,MARHABA RX,SHARJAH,"NEXT TO CID OFFICE, AL ZAHRA STREET",06 5238130,25.3599982,55.3945511758721,"Al Zahra Hospital, 116 Al Zahra'a Street, Al Gharb, Sharjah, Al Ghuwair, United Arab Emirates",,© OpenStreetMap contributors
1184,SHJ,PHARMACY,AL RUAYA,SHARJAH,OPP. AL MAJAZ PARK,06-5508737,25.3233792,55.3838967591307,"old emirates islamic building, Al Entifada, Al Majaz, Sharjah, SH, United Arab Emirates",,© OpenStreetMap contributors
1185,SHJ,PHARMACY,FATIMA ZAHRA,SHARJAH,"OPP. CID OFFICE, AL ZAHRA STREET",06-5636145,25.3599982,55.3945511758721,"Al Zahra Hospital, 116 Al Zahra'a Street, Al Gharb, Sharjah, Al Ghuwair, United Arab Emirates",,© OpenStreetMap contributors
1186,SHJ,PHARMACY,LUBNA,SHARJAH,"OPP. CID OFFICE, AL ZAHRA STREET",06-5637220,25.3599982,55.3945511758721,"Al Zahra Hospital, 116 Al Zahra'a Street, Al Gharb, Sharjah, Al Ghuwair, United Arab Emirates",,© OpenStreetMap contributors
1187,SHJ,PHARMACY,SCIENTIFIC RX,SHARJAH,BEHIND MEGA MALL,06-5482762,25.34502,55.39846,"Sharjah Mega Mall, Abu Obiedah Bin Al Jarah Street, Abu Shagara, Sharjah, SH, United Arab Emirates",,© OpenStreetMap contributors
1188,SHJ,PHARMACY,AL RAYAH RX,SHARJAH,"AL NAHDA TOWER, BEHIND QUICK SUPERMARKET, AL NAHDA",06-577 0432,25.30044,55.380881,"Al Buhaira Towers, Al Nahda Street, Al Nahda, Sharjah, SH, United Arab Emirates",,© OpenStreetMap contributors
1189,SHJ,PHARMACY,MEDICARE RX,SHARJAH,"ROLLA,UAE EXCHANGE BULDG",06-5621796,24.1956731,55.7621613,"UAE Exchange, Al Withaq 2 Street, Industrial Area, AZ, United Arab Emirates",,© OpenStreetMap contributors
1190,SHJ,PHARMACY,AL GHAD AL AFDAL PHARMACY LLC,AL NAHDA STREET,"SHOP NO. 6, GROUND FLOOR, AL RAYYAN TOWER (LULU HYPERMARKET), AL NAHDA STREET, AL QUSAIS INDUSTRIAL AREA 3, SHARJAH",06-546 9646,25.291314,55.3969412,"NooK Curtains Dubai, Shop No 5 Amman Street, Al Qusais Industrial 4, Dubai, DU, United Arab Emirates",0,© OpenStreetMap contributors
1191,SHJ,PHARMACY,AL GHAD PHARMACY LLC,MUWAILAH,"SHOP NO. 3 & 4, GROUND FLOOR, THALEB-3, FIRE STATION ROAD MUWAILEH - INDUSTRIAL AREA, MUWAILIH COMMERCIAL, SHARJAH - U.A.E",06-546 8799,25.2982283,55.4415289,"Khaibar Restaurant LLC, 419 Sheikh Mohammed Bin Zayed Road, Muweilah Commercial, Sharjah, Muwailih, United Arab Emirates",,© OpenStreetMap contributors
1192,SHJ,PHARMACY,AL HAYAT AL SAEEDA PHARMACY LLC,KING FAIZAL ROAD,"SHOP NO. 2, GROUND FLOOR, LULU HYPERMARKET, AL MAJAZ, KING FAISAL ROAD, AL NAHDA STREET, SHARJAH",06-5469649,25.30275815,55.3741584412473,"Al Mansoor Tower, 802 Al Nahda Street, Al Nahda, Sharjah, SH, United Arab Emirates",,© OpenStreetMap contributors
1193,SHJ,PHARMACY,DAR AL SAJAA PHARMACY LLC,SAJJA,"ADBDEL RAHMAN SULTAN ALI BIN HADDA AL SUWAIDI BUILIDING, BUILDING NO. 4075, SANAYYA STREET, SAJJA, SHARJAH, UAE",06-565 9077,,,,,
1194,SHJ,PHARMACY,RKN AL RAHA PHARMACY,SHARJAH,"RKN AL RAHA PHARMACY,G FLOOR,TIGER BUILDING,INDUSTRIAL AREA 11,SHARJHA 97530",06-5358605,25.1487295,55.2325502,"Project 11, Warehouse 11 7b Street, Al Safa, Dubai, Al Safa 2, United Arab Emirates",,© OpenStreetMap contributors
1195,SHJ,PHARMACY,"HAMAD PHARMACY LLC-,SHAHBA ,SHARJAH",AL ISTIQLAL ROAD,"BLOCK B, SHAHBA COMPLEX, NO 1WASIT ROAD ,SHAHBA ,SHARJAH",06-5582800,25.31763,55.44057,"Sharjah, United Arab Emirates",,GeoNames
1196,SHJ,PHARMACY,"SHARJAH PHARMACY LLC-ROLLA,SHARJAH",AL ISTIQLAL ROAD,"BEHIND EISA BLDG , NEXT TO NEW SUNNY MEDICAL CENTRE,ROLLA,SHARJAH",06-5623850,25.302103,55.548564,"Sharjah, SH, United Arab Emirates",,Who's On First
1197,SHJ,PHARMACY,"GRAND HAMAD PHARMACY LLC-AL NAHDA,SHARJAH",ALNAHDA,"ASSWAILEM BLDG ,NEXT TO SUNNY AL NAHDA MEDICAL CENTRE ,AL NAHDA,SHARJAH",06-5544050,,,,,
1198,SHJ,PHARMACY,HAMAD AL IHTERAFEYA PHARMACY LLC-MAYSLOON SHARJAH,AL ISTIQLAL ROAD,NEAR LULU HYPERMARKET- MAYSLOON SHARJAH,06-5014700,25.336262,55.4114606,"garage near gmc, Sheikh Khalifa bin Zayed Al Nahyan Road, Industrial Area, Sharjah, SH, United Arab Emirates",,© OpenStreetMap contributors
1199,SHJ,PHARMACY,HAMAD AL OULA PHARMACY LLC-SHAHBA AREA,AL ISTIQLAL ROAD,OPP AL QASSIMI HOSPITAL- SHAHBA AREA,06-5061600,,,,,
1200,SHJ,PHARMACY,"NMC MEDICAL CENTRE PHARMACY LLC N.M.C BR 1-AL MAJAZ ,SHARJAH",AL ISTIQLAL ROAD,"NEAR BUHAIRAH POLICE STATION ,AL MAJAZ ,SHARJAH",06-7410907,25.3162667,55.3808957,"Al Majaz 2, Al Khan Street, Al Majaz, Sharjah, SH, United Arab Emirates",,© OpenStreetMap contributors
1201,SHJ,PHARMACY,"NEW MEDICAL CENTRE PHARMACY LLC-N.M.C,SHARJAH-BEL RESHEED TOWER ,SHARJAH",AL ISTIQLAL ROAD,"BEL RESHEED TOWER, CORNICHE, 1ST AND 2ND FLOOR ,AL BUHAIRA CORNICHE ,BEL RESHEED TOWER ,SHARJAH",06-5974185,25.3004133,55.3811941606138,"Al Buhaira Towers, Al Nahda Street, Al Nahda, Sharjah, Sharjah Emirate, United Arab Emirates",,© OpenStreetMap contributors
1202,SHJ,PHARMACY,N.M.C MEDICAL CENTRE F.Z.C PHARMACY,SHARJAH,"P-MALL,P.O.BOX:124663,SHARJAH",06-5028384,25.29027265,55.4970496520116,"06 Mall, 55 Street, Muwaileh, Sharjah, SH, United Arab Emirates",,© OpenStreetMap contributors
1203,SHJ,PHARMACY,JANAH PHARMACY L.L.C,BUTEENA,"FINE-FAIR BUILDING, BUTEENA - SHARJAH",06-5643980,24.4689546,54.3724669,"Fine Fair, Al Asalah Street, Al Wahda, Abu Dhabi, United Arab Emirates",,© OpenStreetMap contributors
1204,SHJ,PHARMACY,AL HADHAR PHARMACY LLC,AL KHAN,NEAR AMBER SUPER MARKET-AL KHAN STREET - SHARJAH,06-5545487,25.302103,55.548564,"Sharjah, SH, United Arab Emirates",,Who's On First
1205,SHJ,PHARMACY,AL FARAH AL HADITHAH PHARMACY LLC,AL QASIMIA,BEHIND CG MALL-AL QASIMIA-SHARJAH,06-5746066,25.34526,55.3924,"Al Qasimia, SH, United Arab Emirates",,GeoNames
1206,SHJ,PHARMACY,PALMYRA PHARMACY LLC,AL TAAWUN,"AL BAKER BUILDING-AL TAAWUN, SHARJAH",06-5362100,25.308344,55.371488,"Al Burj, Al Taawun Street, Al Khan, Sharjah, SH, United Arab Emirates",,© OpenStreetMap contributors
1207,SHJ,PHARMACY,RUKN AL UFUQ PHARMACY LLC,MUWEILAH,THE SQUARE-2 BUILDING-MUWEILAH - SHARJAH,06-5500363,25.2206308,55.2859568,"Blink Experience - Best Event Management Company in Dubai, No. 06.01 Exhibition Street, Trade Centre, Dubai, DU, United Arab Emirates",,© OpenStreetMap contributors
1208,SHJ,PHARMACY,MEDI PLUS PHARMACY SHJ. BR. LLC,SHARJAH,ASAS TOWER - AL TA’AWON STREET- SHARJAH - PO BOX 71373,06-5544977,25.372489,55.447909,"Al Wafa'a Street, Al Azra, Sharjah, SH, United Arab Emirates",,© OpenStreetMap contributors
1209,SHJ,PHARMACY,AL NAHDA PHARMACY,AL ISTIQLAL ROAD,"SHOP # 10 & 11, GROUND FLOOR, AL KAKOOLI BUILDING, AL KHAN, SHARJAHLANDMARK: OPPOSITE OLD EXPO CENTRE - ZIP CODE: 28216",06-5561122,24.455107,54.674065,"Buildings 10 & 11, Al Reef, Abu Dhabi, AZ, United Arab Emirates",,© OpenStreetMap contributors
1210,SHJ,PHARMACY,AL TAMIMI PHARMACY LLC,AL ISTIQLAL ROAD,"SHOP NO - 2, AL GHUWAIR AREA, BEHIND KM TRADING - ROLLA , SHARJAH - PO BOX 32088",06-5624990,25.3580866,55.3872070470479,"Rolla, Al Gharb, Sharjah, Sharjah Emirate, United Arab Emirates",,© OpenStreetMap contributors
1211,SHJ,PHARMACY,HADEQAT AL ROLA PHARMACY LLC,AL ISTIQLAL ROAD,"GANGA BUILDING, SHOP NO 1- ROLLA STREET, SHARJAH, PO BOX 66961.",06-5748283,25.3580866,55.3872070470479,"Rolla, Al Gharb, Sharjah, Sharjah Emirate, United Arab Emirates",,© OpenStreetMap contributors
1212,SHJ,PHARMACY,REEM PHARMACY,AL ISTIQLAL ROAD,"DEYAAR BUILDING ,SHOP NO.5 NEAR ABU SHAGARA PARK, KING FAISAL RD - SHARJAH - P.O BOX : 25747",06-5594194,25.335994,55.395269,"Abu Shagara Park, Abu Shagara, Sharjah, SH, United Arab Emirates",,© OpenStreetMap contributors
1213,SHJ,PHARMACY,BURJ AL NAHDA PHARMACY,AL ISTIQLAL ROAD,"AL RODA TOWER 2, 1 - G FLOOR - MALAKA STREET- AL NAHDAH, SHARJAH - PO BOX 61179",06-5590076,25.3561271,55.3866895,"Al Anamil Al Baidha Readymade Garments and Tailoring, 1 Al Arouba Street, Al Gharb, Sharjah, Al Marijah, United Arab Emirates",0.166666666666667,© OpenStreetMap contributors
1214,SHJ,PHARMACY,AL BURHAN PHARMACY LLC,AL ISTIQLAL ROAD,"BLUE BUILDING,INDUSTRIAL AREA 13 - NEAR FAMILY RESTAURANT - MUWAILEH - SHARJAH -PO BOX 2797",06-5320585,25.2926993,55.4429643932214,"A Block, Blue Building, 2355 Maliha Road, Muweilah Commercial, Sharjah, Muwailih, United Arab Emirates",0.00135746606334842,© OpenStreetMap contributors
1215,SHJ,PHARMACY,AL MUBARAK CENTRE PHARMACY,AL ISTIQLAL ROAD,"GROUND FLOOR- AL SHARQ STREET - AL NABBA - INSIDE AL MUBARAK CENTRE MALL, ROLLA , SHARJAH - PO BOX 61220",06-5638034,25.3645883,55.3964815187761,"Al Sharq, Sharjah, Sharjah Emirate, United Arab Emirates",,© OpenStreetMap contributors
1216,SHJ,PHARMACY,AL RAWDHA PHARMACY LLC,AL ISTIQLAL ROAD,"AHMED YOUSUF ABDULLA BUILDING - G FLOOR 2,3 - AL ZAHRA'A STREET - BU TINA, AL SHARQ, SHARJAH, PO BOX - 61226",06-5213777,25.3688342,55.4046093757265,"Zulekha Hospital Sharjah, 5 Al Zahra'a Street, Al Sharq, Sharjah, Nasseria, United Arab Emirates",0.7,© OpenStreetMap contributors
1217,SHJ,PHARMACY,DAR AL NASEEM PHARMACY,AL ISTIQLAL ROAD,"GULF PEARL TOWER,SHOP NO-14 - BUHAIRA CORNICHE - AL MAJAZ NO. 1- BACK SIDE OF NMC HOSPITAL- PO BOX 25356",06-5436979,25.278,55.316,"Gulf Pearl, Al Baraha, Dubai, United Arab Emirates",,GeoNames
1218,SHJ,PHARMACY,ZAHRAT AL MADINAH PHARMACY LLC,AL ISTIQLAL ROAD,"FATHIMA SAFE BUILDING,NEAR KANARY CLINIC,SHEIKH MOHAMMAD BIN ZAYED ROAD - NATIONAL PAINT, SHARJAH PO BOX 32088",06-5327075,25.132846,55.387541,"63c Sheikh Mohammed bin Zayed Road, Warisan, Dubai, DU, United Arab Emirates",,© OpenStreetMap contributors
1219,SHJ,PHARMACY,NAJMAT ABU SHAGARA PHARMACY,AL ISTIQLAL ROAD,"OPPOSITE CITY TOWER BUILDING - NEAR DR.ASHOK MENON CLINIC AND CHOITHRAM, ABUSHAGARA, SHARJAH - PO BOX - 32088",06-5424044,25.36941,55.39252,"City Tower, Al Majarrah, Sharjah, United Arab Emirates",,GeoNames
1220,SHJ,PHARMACY,NADEEN PHARMACY,AL ISTIQLAL ROAD,"AL FAHAD BUILDING - NEXT TO PIZZA HUT,BUHAIRA CORNICHE, OPP.TRADITIONAL COFFEE SHARJAH - UAE - 25151",06-5733311,25.303678,55.380522,"25151 Al Fahad Tower, Al Nahda, Sharjah, SH, United Arab Emirates",0,© OpenStreetMap contributors
1221,SHJ,PHARMACY,NAJMAT AL ROLLA PHARMACY LLC,AL ISTIQLAL ROAD,"GROUND FLOOR , SHOP - 1,2 - PARDHA HOUSE BUILDING- ROLLA STREET - AL GHUWAIR - OPPOSITE TO ROLLA SQUARE PARK AND BUS STATION - 32088",06-5559550,25.0292919,55.1068712,"Starbucks, Ground Floor Abraj Al Mina Street, Jabal Ali, Jebel Ali, DU, United Arab Emirates",0.1275989841,© OpenStreetMap contributors
1222,SHJ,PHARMACY,LIVE CARE PHARMACY LLC SHJ BR,INDUSTRIAL AREA 10,"SHOP NO 2, KHANSAHIB BUILDING , INDUSTRIAL AREA 10, SHARJAH",06-5779797,25.30527495,55.3747920966709,"SEWA Substation No. 2, Gernata Street, Al Nahda, Sharjah, SH, United Arab Emirates",,© OpenStreetMap contributors
1223,SHJ,PHARMACY,AL DUNIA PHARMACY,SHARJAH,"AL SHAMS BLDG, IND AREA-12,",06-5599379,25.3410513,55.3862562,"Al Shams Optical, Al Jabarti Street, Al Majaz, Sharjah, SH, United Arab Emirates",,© OpenStreetMap contributors
1224,SHJ,PHARMACY,SAIF AL KHAN PHARMACY LLC,SHARJAH,"BAGHLAF AL ZAFERBLDG, IND AREA-2, SHARJAH",06-5620409,25.302103,55.548564,"Sharjah, SH, United Arab Emirates",,Who's On First
1225,SHJ,PHARMACY,AL SAIF PHARMACY,SHARJAH,"AL NAYELI BLDG, KING ABDUL AZIZ STREET, SHARJAH",06-5391300,25.3397,55.40266,"King Abdul Aziz Square, Industrial Area 4, Sharjah, United Arab Emirates",,GeoNames
1226,SHJ,PHARMACY,AL AHSAN PHARMACY,SHARJAH,"MUWAILAH,SHARJAH UNIVERSITY ROAD .SHARJAH",06-5449393,25.302103,55.548564,"Sharjah, SH, United Arab Emirates",,Who's On First
1227,SHJ,PHARMACY,AL WASHAH PHARMACY-LLC,DHAID,FALAJ AL MUALLA ROAD NEAR FRUIT&VEGETABLE MARKET AL DHAID,06-8833240,25.499549,55.570964,"Al Etihad road, Ar Ramlah, Umm al-Quwain, UQ, United Arab Emirates",,© OpenStreetMap contributors
1228,SHJ,PHARMACY,BOORJ AL ROLLA PHARMACY LLC,AL GHUWAIR,"SHOP NOS. 29 & 30, ROLLA TOWER BUILDING, AL GHUWAIR, AL ROLLA",06-5217190,,,,,
1229,SHJ,PHARMACY,SAMA MUWAILEH PHARMACY LLC,MUWAILAH,"SHOP NO. 3, BUILDING NO. 2608,MUWAILEH COMMERCIAL INDUSTRIAL AREA,BEHIND AL REEM OFFICE BUILDING,NEXT TO MADINA SHOPPING CENTER,SHARJAH, UAE",06-7416878,25.291314,55.3969412,"NooK Curtains Dubai, Shop No 5 Amman Street, Al Qusais Industrial 4, Dubai, DU, United Arab Emirates",0.321489,© OpenStreetMap contributors
1230,SHJ,PHARMACY,PESHAWAR PHARMACY LLC,AL GHUWAIR,ROLLA MALL 2ND FLOOR SHOP 234 AL GHUWAIR SHARJAH,06-5643300,25.3587283,55.3895204023759,"Rolla Mall, Al Arouba Street, Al Gharb, Sharjah, Al Ghuwair, United Arab Emirates",,© OpenStreetMap contributors
1231,SHJ,PHARMACY,AL MISBAH PHARMACY L.L.C,ABUSHAGARA,"SHOP NO 4, BEHIND KING ABDULAZIZ STREET,BEHIND CHOITHRAM SUPERMARKET, ABUSHAGARA, SHARJAH,U.A.E",06-5779734,,,,,
1232,SHJ,PHARMACY,MILLENNIUM PHARMACY LLC,SHARJAH,"SHOP NO 3 & 4, AL SOUQ BUILDING, NEXT TO BANK SADERAT IRAN, AL AROUBA STREET, ROLLA, SHARJAH, UAE",N/A,25.3580866,55.3872070470479,"Rolla, Al Gharb, Sharjah, Sharjah Emirate, United Arab Emirates",,© OpenStreetMap contributors
1233,SHJ,PHARMACY,LIFE LINE PHARMACY LLC,SHARJAH,"AL SOOR BUILDING, P.O.BOX:96234, IBRAHIM MOHAMMED AL MEDFA STREET - AL MINA RD - SHARJAH",N/A,25.35132775,55.3872566249515,"Al Soor Building Complex, 4 Street, Al Soor, Sharjah, SH, United Arab Emirates",,© OpenStreetMap contributors
1234,SHJ,PHARMACY,DOCTORS PHARMACY LLC,SHARJAH,"AL KHALEEJ AL ARABI STREET, OPP TO SWISS BEL HOTEL, AL NABBAH, SHARJAH",N/A,24.4425029,54.3691577,"Al Khaleej Al Arabi St / Al Khirayz St, Al Khaleej Al Arabi Street, Al Bateen, Abu Dhabi, AZ, United Arab Emirates",,© OpenStreetMap contributors
1235,SHJ,PHARMACY,DELMON PHARMACY LLC,AL BUHAIRAH CORNICHE,"MUHAMMAD JUMA AL MUTHAWA BUILDING,GROUND FLOOR, SHOP NO: 19, 20, 21,AL GHUWAIR AROOBA STREET, ROLLA,SHARJAH, UNITED ARAB EMIRATES",06-5504331,25.3580866,55.3872070470479,"Rolla, Al Gharb, Sharjah, Sharjah Emirate, United Arab Emirates",,© OpenStreetMap contributors
1236,SHJ,PHARMACY,IBN BATUTA PHARMACY LLC(SHJ),SHARJAH,"THE NEW BUILDING, HASAN BIN THABET STREET, BUHAIRA CORNICHE AL MAJAZ-3, SHARJAH, UAE",N/A,25.3461498,55.4210633,"Sharjah, Sharjah Emirate, United Arab Emirates",,© OpenStreetMap contributors
1237,SHJ,PHARMACY,DEIRA PHARMACY LLC,SHARJAH,"FIRST FLOOR, AL MUBARAK CENTER BUILDING, AL SHARQ STREET, AL NABAA, SHARJAH, UAE",N/A,25.3434216,55.3865879,"Noor Al Sharq, Al Ezz Bin Abdulsalam Street, Al Majaz, Sharjah, SH, United Arab Emirates",,© OpenStreetMap contributors
1238,SHJ,PHARMACY,DAR AL HIKMAH PHARMACY LLC,SHARJAH,"AL QASBA BUILDING, BUHAIRA CORNICHE, AL MAJAZ-2, SHARJAH, UAE",N/A,25.3162667,55.3808957,"Al Majaz 2, Al Khan Street, Al Majaz, Sharjah, SH, United Arab Emirates",,© OpenStreetMap contributors
1239,SHJ,PHARMACY,GARDEN PHARMACY LLC,ROLLA,"SHOP NO: 34. 35, 36, GROUND FLOOR, MUHAMMAD JUMA AL MUTHAWA BUILDING, ROLLA, SHARJAH",N/A,,,,,
1240,SHJ,PHARMACY,MOTHER CARE PHARMACY LLC,SHARJAH,"SHOP NO 2, MASJID BUILDING, BEHIND SHARJAH CEMENT FACTORY, AL SAJAA, SHARJAH, UAE",N/A,25.05286295,55.2632523,"2 6a Street, Saheel, Dubai, DU, United Arab Emirates",,© OpenStreetMap contributors
1241,SHJ,PHARMACY,AL MEENA PHARMACY LLC,SHARJAH,"SATA BUILDING, IBRAHIM MOHAMMED AL MEDFA STREET, AL MINA ROAD, SHARJAH, UAE",N/A,25.327026,55.357119,"Corniche Road Al Mamzar Sharjah, Al Khan, Sharjah, SH, United Arab Emirates",,© OpenStreetMap contributors
1242,SHJ,PHARMACY,RASHA PHARMACY LLC,SHARJAH,"SHOP NO: 2,3, HESSA SALEM AL OMRANI BUIDLING, TARIQ BIN ZIYAD STREET, NEXT TO AL GHUWAIR POST OFFICE, ROLLA, SHARJAH",N/A,25.3580866,55.3872070470479,"Rolla, Al Gharb, Sharjah, Sharjah Emirate, United Arab Emirates",,© OpenStreetMap contributors
1243,SHJ,PHARMACY,ROYAL GARDEN PHARMACY LLC,AL HUDAIBA STREET,"VITA CARE PHARMACY L.L.C, SHOP NO 4& 5 BAKHITA SAEED MUBARAK AL SHAMSI AL ROWA, AL HUDAIBA STREET 35",06-5569080,,,,,
1244,SHJ,PHARMACY,AL WASFA PHARMACY LLC,AL SOOR,"SHOP NO: 10, MALIK AL RAHMA BUILDING, IBRAHIM AL MEDFA STREET, NEXT TO ADCB, AL SOOR AREA",06-5569080,25.2706914,55.374214,"Shop-n-Save, Al Nahda Street, Al Qusais, Dubai, DU, United Arab Emirates",,© OpenStreetMap contributors
1245,SHJ,PHARMACY,KARAZ PHARMACY,SHARJAH,AL NAHDA SHARJAH,06-5668225,25.302103,55.548564,"Sharjah, SH, United Arab Emirates",,Who's On First
1246,SHJ,PHARMACY,AL ITEKALPHARMACY,SHARJAH,"AL SALAMA TOWER,SHOP NO 2,KING FAISALSTREET ,ABU SHAGARA,SHARJAH",06-5531141,25.33624805,55.3953969398576,"Al Qasimia, Sharjah, Sharjah Emirate, United Arab Emirates",,© OpenStreetMap contributors
1247,SHJ,PHARMACY,NAWAIEM PHARMACY,ROLLA,"SHARJAH GOLD CENTRE , 1ST FLOOR, NEXT TO KM TRADING AL GHUWAIR, AL AROUBA STREET, ROLLA SHARJAH",06-5565195,25.3445767480072,55.3791636610717,"Al Arouba Street, Al Layyah, Sharjah, Sharjah Emirate, United Arab Emirates",,© OpenStreetMap contributors
1248,SHJ,PHARMACY,AL FAROOQ PHARMACY L.L.C,AL NAHDA SHARJAH,"JUMA AL MAJID BUILDING, NEAR REEM AL NAHDA MEDICAL CENTRE,.",06-5315343,25.3001718,55.3802443,"Abu Aziz Al Majid Tower, Al Nahda Street, Al Nahda, Sharjah, SH, United Arab Emirates",,© OpenStreetMap contributors
1249,SHJ,PHARMACY,AL AQSA PHARMACY L.L.C,AL TAAWUN,"BACK SIDE OF W.WILSON SPECIALISED MEDICAL CENTRE, SHARJAH.",06-5774704,25.3461498,55.4210633,"Sharjah, Sharjah Emirate, United Arab Emirates",,© OpenStreetMap contributors
1250,SHJ,PHARMACY,AL FARAH PHARMACY LLC,AL NAHDA SHARJAH,"NEAR PRIME MEDICAL CENTRE, AL NAHDA, SHARJAH",06-5363707,25.3669424,55.3944556,"Al nahda, Al Sharq Street, Al Sharq, Sharjah, Al Majarrah, United Arab Emirates",,© OpenStreetMap contributors
1251,SHJ,PHARMACY,AL RAZY PHARMACY L.L.C,AL NAHDA SHARJAH,"BEHIND ANSAR MALL, AL NAHDA, SHARJAH",06-5377844,25.302103,55.548564,"Sharjah, SH, United Arab Emirates",,Who's On First
1252,SHJ,PHARMACY,DAR AL FARAH PHARMACY LLC,AL KHEZAMMIA AREA,"OPP. AL QASIMI HOSPITAL, AL KHEZAMMIA AREA, SHARJAH, UAE",06-5743825,25.34273,55.43795,"Al Khezammia Park, Al Khazamiya, Sharjah, United Arab Emirates",,GeoNames
1253,SHJ,PHARMACY,DELTA AL MAMZAR PHARMACY,SHARJAH,"SHARJAH-DUBAI ROAD. OPP. SAFEER MALL, SHARJAH,",06-5771703,25.302103,55.548564,"Sharjah, SH, United Arab Emirates",,Who's On First
1254,SHJ,PHARMACY,DELTA PHARMACY,SHARJAH,"SHARJAH CO-OPERATIVE – SWEIHAT BRANCH, SHARJAH",06-5382770,,,,,
1255,SHJ,PHARMACY,DELTA AL DHAID PHARMACY,AL DHAID,"SHARJAH CO-OPERATIVE SOCIETY – AL DHAID, FUJAIRAH ROAD, SHARJAH",06-8828636,25.302103,55.548564,"Sharjah, SH, United Arab Emirates",,Who's On First
1256,SHJ,PHARMACY,DELTA MODERN PHARMACY,SHARJAH,"JAMAL ABDUL NAZAR STREET, NEAR BRANDS FOR LESS SHOW ROOM, SHARJAH",06-5554490,25.302103,55.548564,"Sharjah, SH, United Arab Emirates",,Who's On First
1257,SHJ,PHARMACY,NASEEM AL BATAEH PHARMACY,AL BATAEH,"SHARJA CO-OPERATIVE SOCIETY BUILDING, AL BATAEH, SHARJAH",06-8833352,25.19931,55.736204,"Al Bataeh, SH, United Arab Emirates",,Who's On First
1258,SHJ,PHARMACY,AL RAYAN PHARMACY LLC,ABU SHAGARA,"ABU SHAGARA, SHARJAH UAE",06-5509475,25.335466,55.395661,"Abu Shagara Park, Abu Shagara, Sharjah, SH, United Arab Emirates",,© OpenStreetMap contributors
1259,SHJ,PHARMACY,AL ENWAN PHARMACY,AL MARIJA STREET,"BEHIND RAK BANK MEENA ROAD, DOWN MARIJAH MEDICAL CENTER, AL MARIJA ST. SHARJAH",06-555 9111,25.3471681,55.3920057,"Al Marija Digital Studio, Anas Bin Muath Street, Al Qasimia, Sharjah, United Arab Emirates",,© OpenStreetMap contributors
1260,SHJ,PHARMACY,AL TAWAR PHARMACY,QASIMIYA,"NEXT AL AFDAL MEDICAL CENTER KING ABDUL AZIZ STREET,QASIMIYA SHARJAH",06 5334111,25.302103,55.548564,"Sharjah, SH, United Arab Emirates",,Who's On First
1261,SHJ,PHARMACY,REEM AL NAHDAH PHARMACY LLC,AL NAHDA PARK,"OPP. CARREFOUR MARKET, NEAR AL NAHDA PARK, AL NAHDA SHARJAH",65255825,25.302103,55.548564,"Sharjah, SH, United Arab Emirates",,Who's On First
1262,SHJ,PHARMACY,FAITH ZONE PHARMACY FZC,SAIF ZONE,INTERNATIONAL AIRPORT - SHOP NO A 11-02 - SAIF ZONE - SHARJAH,06-5658787,,,,,
1263,SHJ,PHARMACY,AL HAMRIA PHARMACY LLC,AL NAHDA,"NEAR HOT BURGER AL NAHDA, SHARJAH UAE",06-521 8887,25.30044,55.380881,"Al Buhaira Towers, Al Nahda Street, Al Nahda, Sharjah, SH, United Arab Emirates",,© OpenStreetMap contributors
1264,SHJ,PHARMACY,EMIRATES EUROPEAN HOSPITAL PHARMACY,AL SHARQ STREET,"QULAYA AREA, ALSHARQ STREET",06-5619444,25.051825,55.266024,"Street 1 Street, Arabian Ranches, Dubai, DU, United Arab Emirates",,© OpenStreetMap contributors
1265,SHJ,PHARMACY,LAMIA PHARMACY,SHARJAH,"SHOP NO.5,GROUD FLOOR,KHANSAHEH BUILDING,CORNICHE ROAD,AL SHUWAIHEEN AREA ,SHARJAH,P.O.BOX:20031",06-5680781,25.32745485,55.3779144768387,"Corniche Hotel Sharjah, 3 Corniche Street, Al Majaz, Sharjah, SH, United Arab Emirates",0.7,© OpenStreetMap contributors
1266,SHJ,PHARMACY,AL SADAF PHARMACY LLC,SHARJAH,"SHOP # 4&5MALIK HAMMAD SULTAN BUILDING,NEAR NOOR AL SAJJAH SUPER MARKET",06-5598211,25.2629364,55.2997509,"Al Adil Super Market, Al Fahidi Street, Al Souk Al Kabeer, Dubai, Bur Dubai, United Arab Emirates",,© OpenStreetMap contributors
1267,SHJ,PHARMACY,ASTER PHARMACY 125,SHARJAH,"AL DEYAR BUIDING, NEAR TAWOUN R/A, AL TAWOUN, SHARJAH",06-5303016,,,,,
1268,SHJ,PHARMACY,AL HARAMAIN PHARMACY,AL NAHDA AREA,"AL NAHDA TOWER, AL NAHADAH - SHARJAH",06-5316779,25.3232242,55.3837398787264,"Al kaloti Tower, Al Entifada, Al Majaz, Sharjah, SH, United Arab Emirates",,© OpenStreetMap contributors
1269,SHJ,PHARMACY,CRISTAL PHARMACY,TAAWAUN AREA,"AL SHAMSI BLG.,SHOP 4, AL TAWOON AREA, SHARJAH",06-5773100,25.3233792,55.3838967591307,"old emirates islamic building, Al Entifada, Al Majaz, Sharjah, SH, United Arab Emirates",,© OpenStreetMap contributors
1270,SHJ,PHARMACY,ASTER PHARMACY 133,ABUTINA,"AL SHARQ STREET,NEXT TO FINE FAIR, BUTINA, OPP: SHARJAH COP SOCEITY",06-5619322,,,,,
1271,SHJ,PHARMACY,ASTER MEDICOM -17 (AL ANSAR PHARMACY),SHARJAH,"ANSAR MALL, AL NAHADA ROAD, SHARJAH",06-5313256,25.30707,55.37759,"Ansar Mall, Al Nahda, Sharjah, United Arab Emirates",,GeoNames
1272,SHJ,PHARMACY,ASTER PHARMACY (SHARJAH),KING FAISAL ROAD,"BESIDE NAHDA PARK, OPPOSITE TO CARREFOUR EXPRESS, AL NAHDA",06-5253663,25.3018956,55.3718495,"Carrefour, 15 Street, Al Nahda, Sharjah, SH, United Arab Emirates",,© OpenStreetMap contributors
1273,SHJ,PHARMACY,WASEEM PHARMACY,TAAWAUN AREA,"DAFCO BUILDING, TAAWUN AREA - SHARJAH",06-5770930,25.3381578,55.3911528074268,"Comfort Building, Bilal Bin Rabah Street, Al Qasimia, Sharjah, United Arab Emirates",,© OpenStreetMap contributors
1274,SHJ,PHARMACY,ASTER PHARMACY 106,AL NAHDA AREA,"GOLDENSANDS BUILDING, AL ITTIHAD ROAD ,AL NAHDA, NEAR TO SHAFEER MALL",06-5749669,,,,,
1275,SHJ,PHARMACY,ASTER PHARMACY 107,KING FAISAL ROAD,"HASSAN BABA HASSAN BUILDING, GROUD FLOOR, KING FAISAL ROAD, SHARJAH",06-5734704,25.3400681,55.38807715,"King Faisal Building, 313 King Faisal Street, Al Majaz, Sharjah, SH, United Arab Emirates",,© OpenStreetMap contributors
1276,SHJ,PHARMACY,ASTER PHARMACY 108,ROLLA,"IBRAHIM MOHAMED AL MEDFAA STREET, NEXT TO SATA, UM AL TARAFA AREA, ROLLASHARJAH, NEAR TO ACCESS CLINIC",06-5610012,25.2793766,55.3310319,"Ibrahim Abdulla Al Hammadi, Hor Al Anz Street, Hor Al Anz, Dubai, Deira, United Arab Emirates",United Arab Emirates,© OpenStreetMap contributors
1277,SHJ,PHARMACY,AL MAWADAH PHARMACY,IMMIGRATION ROAD,IMMIGRATION ROAD - SHARJAH,06-5744878,25.302103,55.548564,"Sharjah, SH, United Arab Emirates",United Arab Emirates,Who's On First
1278,SHJ,PHARMACY,AL MAJAZ PHARMACY,JAMAL ABDUL NASR STREET,"JAMAL ABDUL NASIR ST, MAJAZ - SHARJAH",06-5599799,25.302103,55.548564,"Sharjah, SH, United Arab Emirates",United Arab Emirates,Who's On First
1279,SHJ,PHARMACY,ASTER AL BUHAIRAH PHARMACY,AL BUHAIRAH CORNICHE,"LAGOON TOWER, SHOP NO.1, BUHAIRAH CORNICHE, SHARJAH, UAE",06-5444542,25.3149901,55.3595738,"Lagoon Tower, Corniche Road, Al Mamzar, Sharjah, United Arab Emirates",United Arab Emirates,© OpenStreetMap contributors
1280,SHJ,PHARMACY,EXPERTS PHARMACY,ABUTINA,NEAR AL NASSIRAYA POLICE STN - SHARJAH,06-5654635,25.3233792,55.3838967591307,"old emirates islamic building, Al Entifada, Al Majaz, Sharjah, SH, United Arab Emirates",United Arab Emirates,© OpenStreetMap contributors
1281,SHJ,PHARMACY,SALIM PHARMACY,AL BUHAIRAH CORNICHE,"NEAR SMADI SWEETS, AL BUHAIRAH - SHARJAH",06-5736262,25.39174755,55.4188772576182,"Dana Al Buhairah Hotel, Al Muntazah Street, Al Heera, Sharjah, Al Rfa'ah, United Arab Emirates",United Arab Emirates,© OpenStreetMap contributors
1282,SHJ,PHARMACY,AL MANARAH PHARMACY,TAAWAUN AREA,"OPP. TAAWUN MALL, TAAWUN AREA - SHARJAH",06-5774665,25.30891,55.36912,"Al Taawun Shopping Mall, Al Khan, Sharjah, United Arab Emirates",United Arab Emirates,GeoNames
1283,SHJ,PHARMACY,AL SHUALLA PHARMACY,AL NAHDA AREA,"SAFEER MALL, AL NAHDA, NEAR TO AL KHAN BRIDGE,SHARJAH",06-5313648,25.30940145,55.3789068494344,"Safeer Mall, Al Ittihad Road, Industrial Area, Sharjah, Sharjah Emirate, United Arab Emirates",United Arab Emirates,© OpenStreetMap contributors
1284,SHJ,PHARMACY,ASTER PHARMACY 122,SHARJAH,"SHOP NO 2, ASTER BUILDING, NEAR ASTER CLINIC, NEAR ABU SHAGARA PARK, ABU SHAGARA",06-5570996,25.05286295,55.2632523,"2 6a Street, Saheel, Dubai, DU, United Arab Emirates",United Arab Emirates,© OpenStreetMap contributors
1285,SHJ,PHARMACY,ASTER PHARMACY 203,SHARJAH,"SHOP NO.1, ARAB DOCTOR BUILDING,  AL TAAWUN AREA, SHARJAH",06-5396955,25.3171866,55.3752883,"Sharjah Coop, 42а Al Taawun Street, Al Khan, Sharjah, United Arab Emirates",United Arab Emirates,© OpenStreetMap contributors
1286,SHJ,PHARMACY,ASTER PHARMACY 151,TAAWAUN AREA,"SHOP NO.4, MAMZER 1 TOWER, OPP. SHARJAH PALACE HOTEL, TAWUN STREET, AL TAWOON",06-5453109,25.311872,55.49014,"1 COFFEE SHOP, University City, Sharjah, SH, United Arab Emirates",United Arab Emirates,© OpenStreetMap contributors
1287,SHJ,PHARMACY,ASTER PHARMACY 121,AL NAHDA AREA,"SILVER SAND BUILDING, , AL NAHDA,OPP JUMA AL MAJID BUILDING",06-5544504,25.3001718,55.3802443,"Abu Aziz Al Majid Tower, Al Nahda Street, Al Nahda, Sharjah, SH, United Arab Emirates",United Arab Emirates,© OpenStreetMap contributors
1288,SHJ,PHARMACY,ASTER PHARMACY 140,KING FAISAL ROAD,"SULTACO BUILDING, KING FAISAL STREET, AL MAJAZ, SHARJAH",06- 5445001,25.33313,55.38312,"Al Majaz District, SH, United Arab Emirates",United Arab Emirates,GeoNames
1289,SHJ,PHARMACY,ASTER PHARMACY 153,AL NAHDA AREA,"SUROOR BUILDING, AL NAHDA PARK AREA, BESIDE CITY EXCHANGE, AL NAHDA",06-5543060,25.2998008,55.3787567,"Tareeq Al Nahda Fitness, Al Nahda Street, Al Nahda, Sharjah, SH, United Arab Emirates",United Arab Emirates,© OpenStreetMap contributors
1290,SHJ,PHARMACY,ASTER PHARMACIES GROUP LLC -SHJ BR -BRANCH 2,SHARJAH,"SHOP NO.2, BIN THAREEM BUILDING, MUWAILAH COMMERCIAL ROAD, NEAR TO ASTER CLINIC, AL MUWAILAH",06-5321164,25.3015656,55.4427076,"badar al bedour grocery, 496 building Sheikh Mohammed Bin Zayed Road, Muweilah Commercial, Sharjah, Muwailih, United Arab Emirates",United Arab Emirates,© OpenStreetMap contributors
1291,SHJ,PHARMACY,ASTER PHARMACIES GROUP LLC- SHJ BR - BRANCH 3,SHARJAH,"1ST FLOOR, SHARJAH CITY CENTER, OPP: CARREFOUR, AL WAHDA STREET, SHARJAH",06-5950110,25.3425062792145,55.4045207638896,"Al Wahda Street, Industrial Area, Sharjah, Al Ghubaiba, United Arab Emirates",United Arab Emirates,© OpenStreetMap contributors
1292,SHJ,PHARMACY,ASTER PHARMACIES GROUP LLC -SHJ BR -BRANCH 1,SWEIHAT,"SHOP NO:3, SHARJAH CO-OPERATIVE SOCIETY, SWEIHAT, SHARJAH",06-5465240,25.3106396,55.41889,"computer shop sharjah, Maliha Road, Industrial Area, Sharjah, SH, United Arab Emirates",United Arab Emirates,© OpenStreetMap contributors
1293,SHJ,PHARMACY,ASTER PHARMACIES GROUP LLC -SHJ BR,KALBAH,"PLOT 25, SAJIDHA HYPERMARKET, AL WAHDA STREET, KALBA, SHARJAH",09-6061832,25.0443355268678,56.3527834902973,"Al Wahda Street, Al Aoud, Kalba, Sharjah Emirate, United Arab Emirates",United Arab Emirates,© OpenStreetMap contributors
1294,SHJ,PHARMACY,ASTER PHARMACIES GROUP LLC -SHJ BR -BRANCH 4,ALI MOOSA STREET,"SHOP NO.22 & 23, PLOT NO:7664, SAJAH MALL, ALI MOOSA STREET, SAJAH, SHARJAH, UAE",06-5466057,,,,,
1295,SHJ,PHARMACY,ASTER HOSPITAL PHARMACY,AL QASIMI STREET,"BEHIND MEGA MALL, SHEIKH SAQR BIN KHALID AL QASIMI STREET, AL BU DANIQ, SHARJAH",04-4400500,25.392868,55.421458,"Al Safadi Street, Al Rifaah, Sharjah, SH, United Arab Emirates",United Arab Emirates,© OpenStreetMap contributors
1296,SHJ,PHARMACY,AL COURNICHE PHARMACY,SHARJAH,"P.O.BOX - 21218, GROUND FLOOR, CORNICHE PLAZA II , BUHAIRA CORNICHE, SHARJAH, UAE",06-5751222,25.3410063,55.3859132193818,"Corniche Plaza 1, Corniche Street, Al Majaz, Sharjah, SH, United Arab Emirates",United Arab Emirates,© OpenStreetMap contributors
1297,SHJ,PHARMACY,AL YAMAMA PHARMACY LLC,SHARJAH,"PO BOX NO. 64283,INDUSTRIAL AREA 10, SHARJAH, U.A.E",06-5346066,25.6003499,56.3402228,"125590 Dibba-Khor Fakkan Road, Al Fiqait, FU, United Arab Emirates",United Arab Emirates,© OpenStreetMap contributors
1298,SHJ,PHARMACY,AL RAHMANIAH PHARMACY LLC,SHARJAH,"THIRD INDUSTRIAL AREA STREET, SHARJAH, U.A.E",06-5343351,25.3072213526422,55.4191621081347,"Third Industrial Street, Industrial Area, Sharjah, Sharjah Emirate, United Arab Emirates",United Arab Emirates,© OpenStreetMap contributors
1299,SHJ,PHARMACY,AL SHIFA AL UROPI PHARMACY LLC,AL NAHDA AREA,"GROUND FLOOR, QADISSIYA (TIGER) BUILDING, AL NAHDA",06-5394609,25.30044,55.380881,"Al Buhaira Towers, Al Nahda Street, Al Nahda, Sharjah, SH, United Arab Emirates",United Arab Emirates,© OpenStreetMap contributors
1300,SHJ,PHARMACY,BILAL PHARMACY,SHARJAH INDUSTRIAL AREA,"INDUSTRAIL AREA NO. 2, CATERPILLAR ROAD, OPPOSITE TO ADNOC PETROL STATION NEXT TO DYNATRADE SERVICE CENTER, SHARJAH",06-5328558,24.4089482,54.4612761,"PICNIC AREA 5 FOUNTAIN NO: 2, Al Khaleej Al Arabi Street, Al Rawdah, Abu Dhabi, AZ, United Arab Emirates",United Arab Emirates,© OpenStreetMap contributors
1301,SHJ,PHARMACY,AL FURQAN PHARMACY (AL- SHAMS GROUP),SHARJAH,"PO. BOX 48431, SHOP 9, GROUND FLOOR, MATTAR BLDG, AL MADAM, SHARJAH",06-8861910,24.9120153,55.776299,"Al Madam, Sharjah Emirate, United Arab Emirates",United Arab Emirates,© OpenStreetMap contributors
1302,SHJ,PHARMACY,AL SEYOUH PHARMACY LLC,INDUSTRIAL AREA 4,"UNIT 15, BLOCK A, NEAR GIFT MART, SHARJAH INDUSTRIAL AREA 4",06-5594836,25.0784604,55.1532846,"Baskent Turkish kitchen, B09 JLT Cluster Y, Jumeirah Lakes Towers, Dubai, DU, United Arab Emirates",United Arab Emirates,© OpenStreetMap contributors
1303,SHJ,PHARMACY,RUKN AL YASMEEN PHARMACY,ROLLA,"OLLA MALL, GROUND FLOOR, ROLLA - SHARJAH",06-5238080,25.3580866,55.3872070470479,"Rolla, Al Gharb, Sharjah, Sharjah Emirate, United Arab Emirates",United Arab Emirates,© OpenStreetMap contributors
1304,SHJ,PHARMACY,YAS PHARMACY,SHARJAH INDUSTRIAL AREA,"NEAR LULU INTERNATIONAL EXCHANGE, SAJJA INDUSTRIAL AREA",06-5361256,,,,,
1305,SHJ,PHARMACY,QASIMIAH PHARMACY,SHARJAH,"NEAR SHARJAH CEMENT FACTORY, ALI MOOSA BUILDING, SAJJA INDUSTRIAL AREA",06-5310177,,,,,
1306,SHJ,PHARMACY,ASIA PHARMACY,SHARJAH,"INDUSTRIAL AREA 2, NEAR SEDANA SIGNAL, SHARJAH",06-5335970,25.302103,55.548564,"Sharjah, SH, United Arab Emirates",United Arab Emirates,Who's On First
1307,SHJ,PHARMACY,AL SAJAA PHARMACY,SHARJAH,"DHAID ROAD, OPP SHARJAH CEMENT FACTORY, SHARJAH",06-5310199,25.283819,55.435491,"Sharjah Ring Road, Industrial Area 15, Sharjah, SH, United Arab Emirates",United Arab Emirates,© OpenStreetMap contributors
1308,SHJ,PHARMACY,BAB AL SAJAA PHARMACY,SHARJAH,"SAJAA ONDUSTRIAL AREA ,HANNA HYPER MARKET,",06-5221707,25.7558576,55.9126752,"Bollywood hyper market, Al Ittihad Road, Khuzam, RK, United Arab Emirates",United Arab Emirates,© OpenStreetMap contributors
1309,SHJ,PHARMACY,AL AFDHAL PHARMACY,ROLLA,"NEAR SWISS BELL HOTEL, AL AROUBA STREET. ROLLA,, POST BOX:3134",06-5217622,25.3561271,55.3866895,"Al Anamil Al Baidha Readymade Garments and Tailoring, 1 Al Arouba Street, Al Gharb, Sharjah, Al Marijah, United Arab Emirates",United Arab Emirates,© OpenStreetMap contributors
1310,SHJ,PHARMACY,DAR AL DAWAA PHARMACY L.L.C,KING FAISAL ROAD,"RIGHT MEDICALCENTER BUILDING,  ABU SHAGARAH, KING FAISAL STREET.",06-5449544,25.3400681,55.38807715,"King Faisal Building, 313 King Faisal Street, Al Majaz, Sharjah, SH, United Arab Emirates",United Arab Emirates,© OpenStreetMap contributors
1311,SHJ,PHARMACY,AL SABAH PHARMACY L.L.C,SHARJAH,"HNC CLINIC BUILDING, MUWAILAH COMMERCIAL",06-5302468,25.4076181,55.4436978,"Kholood Dental clinic,Citymart building,Al bustan,Ajman, 302 Masfoot Street, Al Bustan, Ajman, United Arab Emirates",United Arab Emirates,© OpenStreetMap contributors
1312,SHJ,PHARMACY,RUKN AL HAYAT PHARMACY L.L.C,AL MAJAZ,AL MAJAZ,06-5444534,25.3256445,55.3886556,"Al Majaz, Sharjah Emirate, United Arab Emirates",United Arab Emirates,© OpenStreetMap contributors
1313,SHJ,PHARMACY,DAR AL NEEM PHARMACY LLC,AL MUNTAZAH,AL MUNTAZAH,06-5593344,24.43014945,54.4555551430266,"Al Muntazah, Abu Dhabi Emirate, United Arab Emirates",United Arab Emirates,© OpenStreetMap contributors
1314,SHJ,PHARMACY,AL SAMHA PHARMACY LLC,ABUSHAGARA,ABU SHAGARA STREET,056-6465225,25.33529545,55.3956795176485,"Abu Shagara Park, Al Qasimia, Sharjah, Abu Shagara, United Arab Emirates",United Arab Emirates,© OpenStreetMap contributors
1315,SHJ,PHARMACY,ABUDHABI PHARMACY,AL KHAN,AL KHAN STREET,056-6465995,25.3301346431982,55.3710153411237,"Al Khan Street, Al Khan, Sharjah, United Arab Emirates",United Arab Emirates,© OpenStreetMap contributors
1316,SHJ,PHARMACY,MUHAMMAD AYAZ PHARMACY L.L.C,SHARJAH,"AHMED BIN ALI BUILDING, AL WASIT STREET, OPP. KARACHI DARBAR, AL SHAHBA",06-5526224,25.294637,55.871352,"Al A'araf bin Al A'alam Street, UQ, United Arab Emirates",United Arab Emirates,© OpenStreetMap contributors
1317,SHJ,PHARMACY,LANA PHARMACY L.L.C,SHARJAH,"MUSCAT BUILDING, UNIVERSITY CITY ROAD, MUWAILAH, , POST BOX:31343",06-5691876,25.105463,55.395669,"2 Academic City Road, Academic City, Dubai, DU, United Arab Emirates",United Arab Emirates,© OpenStreetMap contributors
1318,SHJ,PHARMACY,AL NAS PHARMACY L.L.C,SHARJAH,"MUHAMMED SYEED BUILDING, AL SHUWAIB ROAD, AL WASHAH, DHAID,POST BOX:31343",06-5343034,24.5019478,54.6543467,"Falcon Aviation Compound, Villas 1-56 Al Barhi Street, Al Bahya, Al Bahyah, AZ, United Arab Emirates",United Arab Emirates,© OpenStreetMap contributors
1319,SHJ,PHARMACY,RAFEAH PHARMACY L.L.C,SHARJAH,"ZAEIF MUSABAH HUMOOD AL KETABI BUILDING, BATAYAH RAFEAH, POST BOX:31343",06-5341441,,,,,
1320,SHJ,PHARMACY,AL MALEHA PHARMACY,SHARJAH,"OPPOSITE ETISALAT, AL DHAID,SHARJAH.U.A.E.",06-8826855,25.3539337,55.3894497,"Noor Al Dhaid, Sheikh Saqr Bin Khalid Al Qasimi Street, Al Gharb, Sharjah, Um Tarafa, United Arab Emirates",United Arab Emirates,© OpenStreetMap contributors
1321,SHJ,PHARMACY,MILAN PHARMACY LLC,ABUSHAGARA,"MODERN CLINIC BUILDING,KING FAISAL ROAD,ABUSHAGARA,SHARJAH",06-5420077,25.302103,55.548564,"Sharjah, SH, United Arab Emirates",United Arab Emirates,Who's On First
1322,SHJ,PHARMACY,ARABIAN PHARMACY,SHARJAH INDUSTRIAL AREA,INDUSTRIAL AREA 5,06-5431763,25.327166,55.413406,"Industrial Area 5, Sharjah, SH, United Arab Emirates",United Arab Emirates,Who's On First
1323,SHJ,PHARMACY,SHARJAH AHALIA PHARMACY,SHARJAH,"IBRAHIM AL MEDFA ST,AL MUSALLAH ,INFRONT OF ETISALAT,SHARJAH",06-5621600,25.383995,55.462111,"Hafiz Ibrahim Street, Al Nuaimia, Ajman, AJ, United Arab Emirates",United Arab Emirates,© OpenStreetMap contributors
1324,SHJ,PHARMACY,AL AHLIAH PHARMACY,NEAR CLOCK TOWER,"SHEIKH ZAYED STREET, OPP KALYAN SILKS, NEAR CLOCK TOWER, MAISALOON - ZAIKZAID",06-5313698,25.167681,55.237109,"Sheikh Zayed Road, Al Safa 1, Dubai, DU, United Arab Emirates",United Arab Emirates,© OpenStreetMap contributors
1325,SHJ,PHARMACY,AL INAYAH AL MUTAQADIMAH PHARMACY SHARJAH,SHARJAH,MUWAILAH,06-5345663,,,,,
1326,SHJ,PHARMACY,ASTER PHARMACIES GROUP LLC- SHJ BR - BRANCH 5,MUWAILAH,"SHOP NO:1, RASHID BUILDING, NEAR AL MADINA SHOPPING CENTER, UNIVERSITY ROAD, MUWAILIAH, SHARJAH",06-5538496,25.302103,55.548564,"Sharjah, SH, United Arab Emirates",United Arab Emirates,Who's On First
1327,SHJ,PHARMACY,AL BEDAYA PHARMACY,AL SAJAA INDUSTRIAL AREA,"AL SAJAA INDUSTRIAL AREA, SHARJAH,UAE",06-7676177,25.316773,55.624117,"Al Saja'a Industrial, Sharjah, SH, United Arab Emirates",United Arab Emirates,Who's On First
1328,SHJ,PHARMACY,RAYHAN GULF PHARMACY LLC,ABU SHAGARA,"1ST FLOOR, SHJ COOP, ABU SHAGARA,SHARJAH,UAE",06-5454388,,,,,
1329,SHJ,PHARMACY,AL SHUALLA PHARMACY,AL ZAHIA UPTOWN,"SHOP R027, AL ZAHIA UPTOWN, AL MUWEILAH COMMERCIAL, SHARJAH",06-5736587,25.3475889,55.3970134,"Al Sana Pharmacy, Al Zubair Bin Al Awam Street, Al Qasimia, Sharjah, United Arab Emirates",United Arab Emirates,© OpenStreetMap contributors
1330,SHJ,PHARMACY,ASTER PHARMACIES GROUP LLC - SHJ.BR - BRANCH 7,AL RUQAYBA 4,"SHOP NO-6, SUYOH MALL, AL SUYOH SUBURB, MALIHA STREET, AL RUQAYBA 4, SHARJAH",06-5263317,25.291314,55.3969412,"NooK Curtains Dubai, Shop No 5 Amman Street, Al Qusais Industrial 4, Dubai, DU, United Arab Emirates",United Arab Emirates,© OpenStreetMap contributors
1331,SHJ,PHARMACY,MUZEIRA PHARMACY LLC,AL NAHDA ST,"TIGER AL YARMOOK C BUILDING , NEXT TO AL ARIF HEART AND CHILDRENS MEDICAL CENTRE AL NAHDA ST. SHARJAH UAE",06-542 2337,25.3484131,55.4011244,"Anwar Al Yarmook Shoes Trading, Abi Salamah Bin Abd Al Asad Street, Al Qasimia, Sharjah, Al Yarmook, United Arab Emirates",United Arab Emirates,© OpenStreetMap contributors
1332,SHJ,PHARMACY,AL BARASHI PHARMACY LLC,BARASHI,"SHARJAH COOPERATIVE SOCIETY BARASHI, AL BEDEA SUBURB - BARASHI - SHARJAH",06-524 8828,25.3475889,55.3970134,"Al Sana Pharmacy, Al Zubair Bin Al Awam Street, Al Qasimia, Sharjah, United Arab Emirates",United Arab Emirates,© OpenStreetMap contributors
1333,SHJ,PHARMACY,AL HAJIS PHARMACY L.L.C,HALWAN WASIT STREET,"SHOP NO. 5,7 & 8 KING HASHIM MUHAMMED SALEH AL MARZOUQI,HALWAN WASIT STREET AL ABAR SHARJAH UAE",06-535 3724,25.33914315,55.4187491653887,"Sharjah Wanderers, Sheikh Rashid Bin Saqr Al Qasimi Street, Al-Samnan, Sharjah, Al Abar, United Arab Emirates",United Arab Emirates,© OpenStreetMap contributors
1334,SHJ,PHARMACY,WAHAT AL TAIBAH PHARMACY L.L.C,DHAID MAIN DISTRICT,"SHOP NO. 2-3 MUNEERA SAEED ALI BUILDING,CENTRAL DHAID MAIN DISTRICT WESHAH SHARJAH, UAE",06-744 5575,24.450813,54.605417,"Public Corniche Al Muneera, Al Raha, Abu Dhabi, AZ, United Arab Emirates",United Arab Emirates,© OpenStreetMap contributors
1335,SHJ,PHARMACY,AL JAREENA PHARMACY LLC,AL KHAN ST. MARYAM ISLANDS,"SHOP NO. 13-1 ,AL KHAN ST. MARYAM ISLANDS, SHARJAH UAE",06-510 3888,25.320112,55.374281,"Al Khan 2 Street, Al Khan, Sharjah, SH, United Arab Emirates",United Arab Emirates,© OpenStreetMap contributors
1336,SHJ,PHARMACY,MODERN PHARMACY L.L.C - SHJ BR,AL QASIMI STREET,"AL QULAYAA,AL QASIMI STREET,AL QULAYA BUILDING,SHARJAH, UAE",06-7487812,25.392868,55.421458,"Al Safadi Street, Al Rifaah, Sharjah, SH, United Arab Emirates",United Arab Emirates,© OpenStreetMap contributors
1337,SHJ,PHARMACY,MODERN PHARMACY LLC - SHARJAH BR-BR 02,KING FAISAL ROAD,"KING FAISAL ROAD SHJ ,AL MAJAZ 1,DELMA HOUSE,SHARJAH,UAE",06-5518509,25.333892,55.3917112,"King Faisal Road, Jumbo-Sony 2, King Faisal Street, Al Majaz, Sharjah, SH, United Arab Emirates",United Arab Emirates,© OpenStreetMap contributors
1338,SHJ,PHARMACY,MODERN PHARMACY L.L.C - SHJ BR -BR 03,KALBA,"AL BARAHA,AL WAHDA STREET,SHAIKHA VWAGE BUILDING,NEAR THUMBAY CLINIC,NEAR RAK BANK KALBA,POBOX-11171,SHARJAH,UAE",09-2774070,25.0512959,56.3542189,"Kalba, Sharjah Emirate, United Arab Emirates",United Arab Emirates,© OpenStreetMap contributors
1339,SHJ,PHARMACY,MODERN PHARMACY L.L.C - SHJ BR -BR 05,AL QASSIMI STREET,"IBO MEDICAL CENTER BUILDING,SHEIKH SALEM AL QASSIMI ST. AL QARAYEN – SHARJAH,UAE",06-5180875,25.348875,55.3969788,"Sheikh Saqr Bin Al Qassimi Street, Spinneys, Sheikh Saqr Bin Khalid Al Qasimi Street, Al Qasimia, Sharjah, United Arab Emirates",United Arab Emirates,© OpenStreetMap contributors
1340,SHJ,PHARMACY,MODERN PHARMACY L.L.C - SHJ BR -BR 06,AL RIQQA AREA,"SHARJAH COOPERATIVE SOCIETY,AL RIQQA AREA, SHARJAH,UAE",06-5243214,25.302103,55.548564,"Sharjah, SH, United Arab Emirates",United Arab Emirates,Who's On First
1341,SHJ,PHARMACY,MODERN PHARMACY LLC SHJ BR BR-7,AL QASIMI STREET,"SW2 BUILDING -3114-KHALED BIN SULTAN AL QASIMI STREET-ALEF COMMUNITY,MUWEILAH COMMERCIAL-SHARJAH",06-5041200,,,,,
1342,SHJ,PHARMACY,ABAQ AL NADA PHARMACY LLC,KHALIFA BIN ODAY STREET,"AL BU DANIQ SHARJAH BUTANIA, KHALIFA BIN ODAY STREET,SHJ",054-3905474,24.4466464,54.364675,"Al Khaleej Al Arabi St / Mohamed Bin Khalifa St, Al Khaleej Al Arabi Street, Al Bateen, Abu Dhabi, AZ, United Arab Emirates",United Arab Emirates,© OpenStreetMap contributors
1343,SHJ,PHARMACY,AL SEHA AL KUBRA PHARMACY LLC,SHAHBA,"MARIAM BUILDING,SHAHBA AREA,BEHIND STREET WASIT, GROUND FLOOR,SHOP NO 13,SHARJAH",06-5721213,25.3567354,55.3873298366295,"Bank Saderat Iran, 901 Al Arouba Street, Al Gharb, Sharjah, Al Marijah, United Arab Emirates",United Arab Emirates,© OpenStreetMap contributors
1344,SHJ,PHARMACY,MODERN FAMILY PHARMACY LLC SHJ BRANCH,"NEAR,ABUSHAGARA PARK","CITY TOWER BUILDING, NEAR,ABUSHAGARA PARK, ABUSHAGARA",056-4532332,25.0427823,55.1598506,"Fakeeh Medicentres - Jumeirah Park, Al Worood 1 Street, Jumeirah Park, Dubai, Emirates Hills, United Arab Emirates",United Arab Emirates,© OpenStreetMap contributors
1345,SHJ,PHARMACY,SADAF AL SAJAH PHARMACY,SAJAH INDUSTRIAL AREA,"AHMED AL MULLA BUILDING, FLAT NO-3,4 & 5, SAJAH INDUSTRIAL AREA,SAJAH,SHARJAH,UAE",06-7151998,25.3548763,55.430538,"Solanki Dental Center, Villa No 3, Al Falaj Area Cultural Square, Al Riqqa, Sharjah, Al Abar, United Arab Emirates",United Arab Emirates,© OpenStreetMap contributors
1346,SHJ,PHARMACY,ORIANA PHARMACY LLC SOLE PROPRIETORSHIP,AL TAAWUN ST,"NEW AL TAAWUN RD, MANAZIL TOWER 2 - 1704, MUNAZIL - 2 AL TAAWUN ST - SHARJAH",06-5251000,25.3127156,55.3761363,"Manazil Towers 2, Al Taawun Street, Al Khan, Sharjah, Al Taawun, United Arab Emirates",United Arab Emirates,© OpenStreetMap contributors
1347,SHJ,PHARMACY,ORIANA PHARMACY L.L.C - SOLE PROPRIETORSHIP-Branch 1,AL TAAWUN ST,AL TAAWUN ST - AL KHAN - SHARJAH,06-5918888,25.3129245532299,55.3751310454133,"Al Taawun Street, Al Khan, Sharjah, Al Taawun, United Arab Emirates",United Arab Emirates,© OpenStreetMap contributors
1348,SHJ,PHARMACY,ORIANA PHARMACY LLC SOLE PROPRIETORSHIP BRANCH 2,AL QASIMI ST - AL GUOZ,VILLA NO. 313 - SHEIKH KHALID BIN KHALID AL QASIMI ST - AL GOAZ - WASIT SUBURB - SHARJAH,06-5918889,25.302103,55.548564,"Sharjah, SH, United Arab Emirates",United Arab Emirates,Who's On First
1349,SHJ,PHARMACY,DAR AL KAMAL PHARMACY,AL SHARQ ST,"AL SHARQ ST - AL FISHT - AL HEERAH SUBURB - SHARJAH,UAE",06-5997777,25.35425,55.45983,"Wasit Suburb, SH, United Arab Emirates",United Arab Emirates,GeoNames
1350,SHJ,PHARMACY,AL MATAR PHARMACY LLC,MUWEILAH,"AL SAUD BLOCK A BUILDING,NEAR COOPERATIVE SOCIETY,MUWEILAH COMMERCIAL,SHARJAH",06-557 9567,25.30006045,55.377896572043,"Zubaidi Building Block A, Bukhara Street, Al Nahda, Sharjah, SH, United Arab Emirates",United Arab Emirates,© OpenStreetMap contributors
1351,SHJ,PHARMACY,RUKN AL RAFEAH PHARMACY LLC,"BEHIND RAMADA HOTEL,AL NAHDA","ABDULLA SHAIBA BLDG,BEHIND RAMADA HOTEL,AL NAHDA,SHARJAH ,UAE",06-557 9567,25.30044,55.380881,"Al Buhaira Towers, Al Nahda Street, Al Nahda, Sharjah, SH, United Arab Emirates",United Arab Emirates,© OpenStreetMap contributors
1352,SHJ,PHARMACY,DAR AL FARAJ PHARMACY LLC,MALIHA ROAD,"INDUSTRIAL AREA 18, OPPOSITE SEDRA SPA, MALIHA ROAD, SHARJAH",06-557 9567,25.302103,55.548564,"Sharjah, SH, United Arab Emirates",United Arab Emirates,Who's On First
1353,SHJ,PHARMACY,JANAH PHARMACY L.L.C BRANCH-2,MALIHA ROAD,"SHARJAH, MUWAILAH",06-557 9567,25.302103,55.548564,"Sharjah, SH, United Arab Emirates",United Arab Emirates,Who's On First
1354,SHJ,PHARMACY,800 PHARMA PHARMACY LLC-SHJ.BR,SHARJAH,SHARJAH,06-557 9567,25.3461498,55.4210633,"Sharjah, Sharjah Emirate, United Arab Emirates",United Arab Emirates,© OpenStreetMap contributors
1355,SHJ,PHARMACY,PHARMACY SABEEL L.L.C - SHJ. BR 1,AL BARSHA SOUTH,"NEAR TO EMARAT PETROL STATION, DHAID ROAD, OPPOSITION SHARJAH RAHMANIYA , HAY AL ATAIN, SHARJAH",06-557 9567,25.3173534,55.3804633,"Najam Al Dhaid, Al Khan Street, Al Majaz, Sharjah, SH, United Arab Emirates",United Arab Emirates,© OpenStreetMap contributors
1356,SHJ,PHARMACY,GOLDEN STAR PHARMACY LLC,"ABI AL ATAHIA STREET,ROLLA","SHOP:3, AL MUNNA BOOK SHOP,ABI AL ATAHIA STREET,ROLLA,SHARJAH",06-5581633,25.3580866,55.3872070470479,"Rolla, Al Gharb, Sharjah, Sharjah Emirate, United Arab Emirates",United Arab Emirates,© OpenStreetMap contributors
1357,SHJ,PHARMACY,FAMILY STAR PHARMACY,ABU SHAGHARA,"SHOP NO. 3, GROUND FLOOR - OPP. SEVEN STARS STATIONERY NORA BUILDING - ABU SHAGHARA - SHARJAH",06-5370703,25.0530261,55.2626087735714,"3 9 Street, Arabian Ranches, Dubai, DU, United Arab Emirates",United Arab Emirates,© OpenStreetMap contributors
1358,SHJ,PHARMACY,ASTER PHARMACIES GROUP LLC - SHJ. BR - BRANCH 8,AL MAJAZ 3,"SHOP NO 1,CRESCENT TOWER, CORNICHE STREET, AL MAJAZ 3, SHARJAH",06-5755178,25.32745485,55.3779144768387,"Corniche Hotel Sharjah, 3 Corniche Street, Al Majaz, Sharjah, Sharjah Emirate, United Arab Emirates",United Arab Emirates,© OpenStreetMap contributors
1359,UMQ,PHARMACY,YASMEDPHARMACYLLC,UMM AL QUWAIN,"NEAR ETISALAT ROUNDABOUT, NEW INDUSTRIAL AREA, UMM AL QUWAIN U.A.E",06-529 9064,25.56473,55.55517,"Umm Al Quwain City, UQ, United Arab Emirates",United Arab Emirates,GeoNames
1360,UMQ,PHARMACY,IBN BATUTA PHARMACY LLC,UMM AL QUWAIN,"SHOP NO: 1, UMM AL QUWAIN CHARITY BUILDING, OPPOSITE TO UMM AL QUWAIN MALL, GREEN BELT AREA, UMM AL QUWAIN, UAE",06-5231577,,,,,
1361,UMQ,PHARMACY,MEDICOM PHARMACY 26,UMM AL QUWAIN,"AL MANAMA MALL, UMM AL QUWAIN",06-7649734,25.4058294,55.4423124,"Ajman, Al Manama Mall 1, Sheikh Rashid Bin Humaid Al Nuaimi Street, Al sawan, Ajman, AJ, United Arab Emirates",United Arab Emirates,© OpenStreetMap contributors
1362,UMQ,PHARMACY,ASTER PHARMACIES GROUP LLC UAQ BRANCH,AL MAKTA AREA,"SHOP NO.1, AL MAKTA AREA, AL MASA TOWER2, UAQ.",06-5275126,,,,,
1363,UMQ,PHARMACY,AL NEEM PHARMACY LLC,KING FAISAL STREET,"SHOP NO 3&4, DR. SUNNY MEDICAL CENTRE BUILDING, KING FAISAL ROAD, UMM AL QUWAIN",06-7675263,25.5862454019501,55.5744654866931,"King Faisal Road, Old Town Area, Umm Al Quwain, Umm al-Quwain, United Arab Emirates",United Arab Emirates,© OpenStreetMap contributors
1364,UMQ,PHARMACY,DAR AL HAYAT PHARMACY LLC,NEW INDUSTRIAL AREA UMQ,"NEAR ETISALAT R/A, OPP. HOT PACK,NEW INDUSTRIAL AREA, UAQ,UAE",06-5381165,,,,,
1365,AUH,PHARMACY,NEW PHARMACY COMPANY LTD,ELECTRA STREET,SH.ZAYED 2ND STREET (ELECTRA ROAD),02-6322379,25.036549,55.276823,"Camelia 2 - 2 Street, Arabian Ranches 2, Dubai, DU, United Arab Emirates",United Arab Emirates,© OpenStreetMap contributors
1366,AUH,PHARMACY,NMC PHARMACY L L C - O.P.C,"SAMA TOWER,SH. ZAYED ROAD","SAMA TOWER , GROUND FLOOR, SH. ZAYED ROAD",02-6179820,24.4833953,54.3605790026062,"Sama Tower, Abu Al Bukhoush Street, Al Danah, Abu Dhabi, AZ, United Arab Emirates",United Arab Emirates,© OpenStreetMap contributors
1367,ALAIN,PHARMACY,NEW MEDICAL CENTRE PHARMACY LTD,NEAR ZAYED SCHOOL,"OPP. POLICE HEAD QUARTER, NEAR ZAYED SCHOOL",03-7674404,25.274401,55.351606,"Dubai Police New Head Quarters, Abu Hail road, Al Twar, Dubai, DU, United Arab Emirates",United Arab Emirates,© OpenStreetMap contributors
1368,AUH,PHARMACY,BAREEN PHARMACY,MOHAMMAD BIN ZAYED CITY,"MOHAMMAD BIN ZAYED CITY, ZONE 15 (NEXT TO SHAIKAH FATIMA BINT MUBARAK MOSQUE) ,P.O. BOX 108727, ABU DHABI, U.A.E",02-5545555,,,,,
1369,AUH,PHARMACY,NEW PHARMACY COMPANY LTD,NEW SHAHAMAH,12 AL SADIRAT ST - AL SHAHAMAH - NEW SHAHAMAH - ABU DHABI,02-8859400,24.5204004,54.6719576,"12 Al Sadirat Street, Al Shahamah, Abu Dhabi Emirate, United Arab Emirates",United Arab Emirates,© OpenStreetMap contributors
1370,AUH,PHARMACY,NEW PHARMACY COMPANY LTD - BRANCH 7,AL KHALIDIYAH,14 AL FARIS ST - AL KHALIDIYAH - W17-01 - ABU DHABI,02-6144900,,,,,
1371,AUH,PHARMACY,OXFORD PHARMACY L.L.C,MUROOR AREA,NEXT TO LULU EXPRESS - SULTAN BIN ZAYED THE FIRST STREET - MUROOR AREA - ABU DHABI,02-4489191,24.365909,54.582942,"Abu Dhabi, AZ, United Arab Emirates",United Arab Emirates,Who's On First
1372,AUH,PHARMACY,ZANBAQ AL MADINA PHARMACY L.L.C,MUSAFFAH,"ICAD AREA M40, PLOT NO 96 – MUSAFFAH, P.O. BOX 94100, ABU DHABI, U.A.E",02-5504333,24.35305,54.525242,"Plot No. M-26, Musaffah, Abu Dhabi, AZ, United Arab Emirates",United Arab Emirates,© OpenStreetMap contributors
1373,AUH,PHARMACY,ALPHA CARE PHARMACY L.L.C,MUSAFFAH,"PLOT NO 1, AL FIRDOUS TOWER, M3, MUSAFFAH, ABU DHABI",02-5558383,24.3488731,54.4904380047039,"Musaffah, Abu Dhabi Emirate, United Arab Emirates",United Arab Emirates,© OpenStreetMap contributors
1374,AUH,PHARMACY,SANDS PHARMACY L.L.C,AL FALAH ST,OLD PASSPORT ROAD - AL FALAH ST - ABU DHABI,02-6425688,24.365909,54.582942,"Abu Dhabi, AZ, United Arab Emirates",United Arab Emirates,Who's On First
1375,AUH,PHARMACY,NEW PHARMACY COMPANY LTD BRANCH 2,KHALIFA CITY,"KHALIFA CITY - PLOT NO. P-1, SE-4, 16TH STREET, ZONE 135",02-622 8666,25.043139,55.159631,"Party Zone, 135 Jumeirah Park Pavilion, Jumeirah Park, Dubai, DU, United Arab Emirates",United Arab Emirates,© OpenStreetMap contributors
1376,AUH,PHARMACY,LOTUS PHARMACY L.L.C,MOHAMMED BIN ZAYED CITY,"PRESTIGE TOWER,NEAR CAPITAL MALL,MOHAMMED BIN ZAYED CITY,ABU DHABI",02-5552325,24.375846,54.530091,"Capital Mall, Mohamed Bin Zayed City, Abu Dhabi, AZ, United Arab Emirates",United Arab Emirates,© OpenStreetMap contributors
1377,AUH,PHARMACY,BRIGHT POINT PHARMACY L.L.C,MUROOR ROAD,"NEAR AL JAZIRA STADIUM, MUROOR ROAD, ABU DHABI",02-5552325,24.435021,54.4198692816127,"Muroor Traffic Department, Sultan Bin Zayed The First Street, Al Aman, Abu Dhabi, United Arab Emirates",United Arab Emirates,© OpenStreetMap contributors
1378,AUH,PHARMACY,NMC PHARMACY- L.L.C - O.P.C - BRANCH,SH.ZAYED 2ND STREET,SH.ZAYED 2ND STREET (ELECTRA ROAD),02-6179143,25.036549,55.276823,"Camelia 2 - 2 Street, Arabian Ranches 2, Dubai, DU, United Arab Emirates",United Arab Emirates,© OpenStreetMap contributors
1379,AUH,PHARMACY,APOLLO PHARMACY LLC,HAMDAN STREET,"PLOT NO.C-128,SECTOR NO-3,HAMDAN STRRET,ABUDHABI,P.O BOX-44850",02-6344747,,,,,
1380,AUH,PHARMACY,GOLDEN CURE PHARMACY - SOLE PROPRIETORSHIP L.L.C,AL DHAFRA INDUSTRIAL AREA,"ZAYED CITY EAST 19, BEHIND AL MASAOOD NISSAN SERVICE CENTER, AL DHAFRA INDUSTRIAL AREA- WESTERN REGION- ABU DHABI",02-8784642,25.130446,55.184655,"19 Dar Al Masyaf, Umm Suqeim, Dubai, DU, United Arab Emirates",United Arab Emirates,© OpenStreetMap contributors
1381,AUH,PHARMACY,HEALTH GO PHARMACY LLC,AL MAFRAQ,"AL MAFRAQ INDUSTRIAL AREA ,AUH,UAE",02-5851331,24.3280271,54.613043833697,"Al Mafraq Hospital, Tawi 'Inad Street, Al Mafraq, Abu Dhabi, AZ, United Arab Emirates",United Arab Emirates,© OpenStreetMap contributors
1382,SHJ,PHARMACY,REGAL HOUSE PHARMACY,MUWAILIH,"SHOP NO. 2, BELRESHEED BUILDING, BUILDING NO.2516 MALIHA STREET, NEAR REGAL MEDICAL CENTRE, NATIONAL PAINTS, MUWAILIH, SHARJAH, UAE",06-7151037,25.1362781,56.3541632,"Single Origin, Shop 2 Corniche Road, Owaid, Fujairah City, FU, United Arab Emirates",United Arab Emirates,© OpenStreetMap contributors
1383,AJM,CLINIC,ADVANCED MEDICAL CENTRE L.L.C (AJMAN),AL BUSTAN,"FLAT # 202, 2ND FR, CITY MART BLDG, OPP TO AJMAN MUNICIPALITY, SHEIKH RASHID BIN HUMAID STREET, AL BUSTAN, AJMAN",06-7459969,,,,verified,ox-alpha via OpenRouter
1384,AJM,CLINIC,EMIRATES PRIVATE MEDICAL CENTER( FORMERLY OASIS GR-EMIRATES PRIVATEMEDICAL CENTER),SANIYA,"INDUSTRIAL AREA,SANAIYA, AJMAN",06-7486177,,,,verified,ox-alpha via OpenRouter
1385,AJM,CLINIC,MODERN MEDICAL CENTRE LLC,AL JURF,"AL JURF,INDUSTRIAL AREA 3,JEDDAH STREEET",06-7469695,,,,verified,ox-alpha via OpenRouter
1386,AJM,CLINIC,METRO MEDICAL CENTRE LLC,AL NUAIMIA,AL NUAIMIA,06-7469694,,,,verified,ox-alpha via OpenRouter
1387,AJM,CLINIC,AL AIN MEDICAL CENTER,AL NUAIMIA,"AL AIN BUILDING, HAFIZ IBRAHIM STREET, FIRST FLOOR 104, 105, AL NUAIMIA, AJMAN",06-7406661,,,,verified,ox-alpha via OpenRouter
1388,AJM,CLINIC,IBIN SINA MEDICAL CENTRE (AJMAN AL QUDS),AL QUDS STREET,"AL QUDS BUILDING, NEAR ENBD BANK AJMAN, AL QUDS STREET, AJMAN",06-7457755,,,,verified,ox-alpha via OpenRouter
1389,AJM,CLINIC,NEW IBINSINA MEDICAL CENTRE (AJMAN JURF),AL JURF,"CANADIAN BUILDING, NEAR AJMAN TARAFFIC & LICENSING DEPARTMENT, AL JURF, AJMAN",06-7413330,,,,verified,ox-alpha via OpenRouter
1390,AJM,CLINIC,SHEIKHA CLINIC LLC (FORMERLY FIRSTAID CLINIC LLC),JURF-3,"JURF 3, AJMAN, UAE",06-7407042,,,,verified,ox-alpha via OpenRouter
1391,AJM,CLINIC,EVE MEDICAL CENTRE LLC(AJM),AL JURF 2,J1 BUILDING 1ST FLOOR GARDEN CITY AL JURF 2 AJMAN,06-7498042,,,,verified,ox-alpha via OpenRouter
1392,AJM,CLINIC,ELAJ MEDICAL CENTRE  L.L.C 01,AL NUAIMIA 2,"37 COLLEGE ST - AL NUAIMIYA 2, AJMAN, UAE",06-7488808,,,,verified,ox-alpha via OpenRouter
1393,AJM,CLINIC,INTERNATIONAL SPECIALIST MEDICAL CENTRE,AL NUAIMIA,"FISRT FLOOR,SHAFIQ RANA BUILDING,ABOVE AL HEKMAH PHARMACY, KUWAITI STREET. NAUIMIYA 1. AJMAN, PO BOX 2164",06-7463400,,,,verified,ox-alpha via OpenRouter
1394,AJM,CLINIC,ELAJ MEDICAL CENTRE LLC,AL RUMAILAH,AL RUMAILAH AREA AJMAN UAE,67418880,,,,verified,ox-alpha via OpenRouter
1395,AJM,CLINIC,ACCESS MEDICAL CENTRE (BR. OF DM) - AJMAN,IND AREA-1,"AL HAMRAIN SOUQ, AJMAN INDUSTRIAL AREA 1,NEAR NESTO HYPERMARKET, AJMAN",06-7404778,,,,verified,ox-alpha via OpenRouter
1396,AJM,CLINIC,MAGENTA HEALTH PLUS MEDICAL CENTER LLC (SOLE PROPRIETORSHIP),JURF,"AHMED ABDULLA ALMEHDAR BUILDING, JURF IND.AREA1 ,AJMAN,UAE",06-7449095,,,,verified,ox-alpha via OpenRouter
1397,AJM,CLINIC,RIGHT HEALTH AL NUAIMIA CLINIC (AJMAN)(FORMERLY AL NAUMIA CLINIC (AJMAN),AJMAN,"HASSAN BIN HAITHAM STREET, AJMAN",06-7432292/8007400,,,,verified,ox-alpha via OpenRouter
1398,AJM,CLINIC,DR RAJEEVANS MEDICAL CENTRE,NEW SANIYA,"NEAR IND. AREA,NEW SANIYA, AJMAN",06-7431330,,,,verified,ox-alpha via OpenRouter
1399,AJM,CLINIC,MAX CARE MEDICAL CENTER (S.P.S - L.L.C),RASHIDIYA 1,"RASHIDIYA 1, NEAR RAWABI MARKET,AJM,UAE",056-4131644,,,,verified,ox-alpha via OpenRouter
1400,AJM,CLINIC,AL BUSTAN MEDICAL CENTER,JURG,"NEAR LUCKY CENTRE, NEAR CHINA MALL, JURF , AJMAN",06-7488202,,,,verified,ox-alpha via OpenRouter
1401,AJM,CLINIC,AL MUBARAK MEDICAL CENTER SPS - LLC,JURF 1,"PLAT NO 60, UNIT NO 11, JURF 1 INDUSTRIAL AREA NEAR AJMAN FESTIVAL OPPOSITE TO AJMAN NEW PUBLIC MARKET,UAE",06-5248727,,,,verified,ox-alpha via OpenRouter
1402,AJM,CLINIC,TAHANI MEDICAL CENTER,RASHIDIA 1,"RASHDIYA 1,AJMAN,UAE",054-4340247,,,,verified,ox-alpha via OpenRouter
1403,AJM,CLINIC,AL MADAR MEDICAL CENTER - L.L.C,SHEIKH KHALIFA ST,"AL GHUMLASI BLDG, SHEIKH KHALIFA ST.PO BOX 15028 | AJMAN, UAE",06-7412202,,,,verified,ox-alpha via OpenRouter
1404,AJM,CLINIC,VPM INTERNATIONAL HEALTH CARE LLC,SHEIKH KHALIFA BIN ZAYED ST,EMIRATES NBD BUILDING- GULFA BRIDGE - SHEIKH KHALIFA BIN ZAYED ST - AJMAN,050-6505840,,,,verified,ox-alpha via OpenRouter
1405,AJM,CLINIC,PESHAWAR MEDICAL CENTER LLC-AJMAN,LUCKY ROUND ABOUT,"INDUSTRIAL AREA 2, LUCKY ROUND ABOUT LANDMARK: GIFT MART AJMAN, UAE",06-5210982,,,,verified,ox-alpha via OpenRouter
1406,AJM,CLINIC,BYNOONA MEDICAL CENTER L.L.C (SOLE PROPRIETORSHIP),NUAIMIYA 2,"NUAIMIYA 2, AJMAN, UAE",06-7430015,,,,verified,ox-alpha via OpenRouter
1407,AJM,CLINIC,DOUBLE CARE MEDICAL CENTER L.L.C,AJMAN,"AL SHOROUQ TOWERS, BLOCK A UNIT 101 - AJMAN, UAE",06-7448822,,,,verified,ox-alpha via OpenRouter
1408,AJM,CLINIC,UNITED MEDICAL CENTER LLC,INDUSTRIAL AREA 2,"MUGHALS BUILDING SHOP NO: 6, INDUSTRIAL AREA 2 AJMAN, UAE",050-2672163,,,,verified,ox-alpha via OpenRouter
1409,AJM,CLINIC,AL JURF MEDICAL CENTER,AL JURF,"FLAT NO:105 & 106 AL JURF BUILDING 3, AJMAN, UAE",06-7499766,,,,verified,ox-alpha via OpenRouter
1410,AJM,CLINIC,AL JURF MEDICAL CENTER - BRANCH 01,"INDUSTRIAL AREA,SANAYA","SHOP 21-20, NEAR EMIRATES GAS SIGNAL, INDUSTRIAL AREA, SANAYA,AJMAN",06-5399414,,,,verified,ox-alpha via OpenRouter
1411,AJM,CLINIC,NOOR AL HADAYA MEDICAL CENTER L.L.C,AL JURF,"ALJURF IND 3, NEXT TO FESCO SUPER MARKET, AJMAN, UAE",06-5208144,,,,verified,ox-alpha via OpenRouter
1412,AJM,CLINIC,DR JAMEELA CLINIC L.L.C,RUWAILAH 1,"JAMEELA BUILDING,FLAT NO.2, RUMAILAH1, AL QUDS STREET, AJMAN, UAE",06-7423949,,,,verified,ox-alpha via OpenRouter
1413,AJM,CLINIC,AL SHAMSI PHARMACY L.L.C,RUWAILAH 1,"JAMEELA BUILDING,GROUND FLOOR,RUMAILAH1,AL QUDS STREET,AJMAN,UAE",06-7442178,,,,verified,ox-alpha via OpenRouter
1414,AJM,CLINIC,SMART CARE MEDICAL CENTER,AL JERF INDUSTRIAL 3,"CGHR+2RV - AL JERF INDUSTRIAL 3 - AJMAN, UNITED ARAB EMIRATES",06-5287660,,,,verified,ox-alpha via OpenRouter
1415,AJM,CLINIC,HESSA MEDICAL CLINIC,ABAYA ROUND ABOUT,"OFFICE NO 109, FIRST FLOOR, AL REEM BUILDING, ABAYA ROUND ABOUT, AJMAN, UAE",050-9374461,,,,verified,ox-alpha via OpenRouter
1416,AJM,DENTAL,SKIN AND TEETH MEDICAL CENTER -L.L.C,ALITHIHAD ST,VILLA 36 & 37 - FLAMINGO VILLAS - AL ZORAH - AL ITTHIHAD ST.,06-7444560,,,,verified,ox-alpha via OpenRouter
1417,AJM,DENTAL,AL DURRA DENTAL CLINIC L.L.C,LEWARA 2,"FLAT NO.105,LEWARA BUILDING,LEWARA 2,AJMAN,UAE",06-7313544,,,,verified,ox-alpha via OpenRouter
1418,AJM,HOSPITAL,SHEIKH KHALIFA  HOSPITAL AJMAN ,JURF 1,AJMAN-AL JURF 1 - UNIVERSITY STREET,06-7117777,,,,verified,ox-alpha via OpenRouter
1419,AJM,PHARMACY,AL SANAIYA PHARMACY L.L.C,JURF,"PO BOX- 3484, SHOP NO 8 & 9, GROUND FLOOR, AL JARF, SHEIKH AMMAR BIN HUMAID STREET, JURF  IND AREA 1",04-3335502/8007400,,,,verified,ox-alpha via OpenRouter
1420,AJM,PHARMACY,NEW SANAIYA PHARMACY - AJMAN,AJMAN,HASSAN BIN HAITHAM ST - AJMAN,06-7434034/8007400,,,,verified,ox-alpha via OpenRouter
1421,AJM,PHARMACY,AL RAFI PHARMACY LLC,CHINA DANEM,"RING ROAD,NEAR CHINA DANEM BLDG,SHOP NO 9",06-7432844,,,,verified,ox-alpha via OpenRouter
1422,AJM,PHARMACY,OASIS GR-SHAMS PHARMACY,SANAIYA,"INDUSTRIAL AREA,SANAIYA",06-7484437,,,,verified,ox-alpha via OpenRouter
1423,AJM,PHARMACY,KHALIDHA PHARMACY L.L.C-AJMAN,AJMAN,"SHOP NO 5 ,GROUND FLOOR,KHALID BLDG,MOWAIJHAT, AJMAN",06-5442661,,,,verified,ox-alpha via OpenRouter
1424,AJM,PHARMACY,FIRSTAID PHARMACY LLC,JURF,"OPPOSITE MAPLE HOME LINEN INDUSTRY AND BLUE SUPERMARKET,BEHIND CHINA MALL,JURF- INDUSTRIAL AREA-4",06 7446752,,,,verified,ox-alpha via OpenRouter
1425,AJM,PHARMACY,ASTER NEW GRAND (NEW GRAND PHARMACY),ALAIN,"AL NUAIMIYAH, KING FAISAL ROAD, AJMAN",06-7412588,,,,verified,ox-alpha via OpenRouter
1426,AJM,PHARMACY,ASTER GRAND (GRAND PHARMACY),AJMAN,DANA PLAZA COMPLEX - AJMAN,06-7444840,,,,verified,ox-alpha via OpenRouter
1427,AJM,PHARMACY,ASTER AJMAN PHARMACY,AJMAN,"RASHIDIYA, AJMAN COOPERATIVE SOCIETY, SHOP NO 1",06 7496363,,,,verified,ox-alpha via OpenRouter
1428,AJM,PHARMACY,ASTER MEDICOM-18 (AL ALAM PHARMACY),AJMAN,"SAFEER MALL, AJMAN",06-7464665,,,,verified,ox-alpha via OpenRouter
1429,AJM,PHARMACY,ASTER PHARMACY 159,RASHIDEYA,"SHOP NO.5, AL MANAR TOWER, OPPOSITE HYUNDAI SHOWROOM, CORNICHE ROAD, RASHIDEYA",06-7453226,,,,verified,ox-alpha via OpenRouter
1430,AJM,PHARMACY,AL NEEM PHARMACY L.L.C(AJMAN),AMMAR STREET,"SUBWAY BUILDING, SHK AMMAR STREET",06-7488207,,,,verified,ox-alpha via OpenRouter
1431,AJM,PHARMACY,MAWJOOD PHARMACY L.L.C(AL NEEM GROUP),AL QUDS STREET,"AYISHA MAHMOOD BUILDING, AL QUDS STREET",06-7429030,,,,verified,ox-alpha via OpenRouter
1432,AJM,PHARMACY,AL ZAMAN PHARMACY L.L.C(AL NEEM GROUP),AMMAR STREET,"AL ZAMAN BUILDING, SHK AMMAR STREET",06-7487272,,,,verified,ox-alpha via OpenRouter
1433,AJM,PHARMACY,KHALID LALA PHARMACY LLC,AL JURF 2 ,"AL JURF 2 AJMAN,UAE",06-7049528,,,,verified,ox-alpha via OpenRouter
1434,AJM,PHARMACY,HEALTH PLUS PHARMACY (S.P.S - L.L.C),LIWARA 1,"07, PARDEEP DHIRANI, LIWARA 1, AJMAN",06-7459969,,,,verified,ox-alpha via OpenRouter
1435,AJM,PHARMACY,AL BUSTAN PHARMACY,JURG,"NEAR LUCKY CENTRE, NEAR CHINA MALL, JURF , AJMAN",06-7447969,,,,verified,ox-alpha via OpenRouter
1436,AJM,PHARMACY,SHIFA AL MUBARAK PHARMACY (S.P.S - L.L.C),JURF 1,"PLAT NO 60, UNIT NO 11, JURF 1 INDUSTRIAL AREA NEAR AJMAN FESTIVAL OPPOSITE TO AJMAN NEW PUBLIC MARKET,UAE",06-5248727,,,,verified,ox-alpha via OpenRouter
1437,AJM,PHARMACY,PRISTINE PHARMACY LLC,RASHIDIA 3,NEAR LADIES PARK RASHIDIA-3 AJMAN,06-7497547,,,,verified,ox-alpha via OpenRouter
1438,AJM,PHARMACY,PRISTINE PHARMACY LLC-Branch 01,RASHIDIA 3,"SHOP NO:3,4 NEAR AMINA HOSPITAL QUDS STREET RASHIDIA3 AJMAN",06-5290846,,,,verified,ox-alpha via OpenRouter
1439,AJM,PHARMACY,HEALTH FIRST PHARMACY LLL-SOLE PROPRIETORSHIP-BRANCH 01,RASHIDEYA,"SHOP NO: 19 & 20,NESTO HYPERMARKET MUSHRIF ,ITTIHAD STREET,RASHIDEYA 1,AJMAN",03-7662131,,,,verified,ox-alpha via OpenRouter
1440,AJM,PHARMACY,LULU PHARMACY LLC,LULU AJMAN,"LULU HYPERMARKET, AJMAN, P.O. BOX : 13033, AJMAN ",06-7457771,,,,verified,ox-alpha via OpenRouter
1441,AJM,PHARMACY,AL MAMOORA PHARMACY (S.P.S-L.L.C),RASHIDIYA 3,"NR DEARHEALTH&AL RAWI CLINIC,SHEIKH RASHID BIN HUMEED STREET,RASHIDIYA 3 AJMAN,UAE",06-7426383,,,,verified,ox-alpha via OpenRouter
1442,AJM,PHARMACY,SHEIKHA PHARMACY LLC,JURF 3,"MOOSA SQUARE BUILDING JURF 3, AJMAN, UAE",06-5748865,,,,verified,ox-alpha via OpenRouter
1443,AJM,PHARMACY,UMC PHARMACY L.L.C,INDUSTRIAL AREA 2," INDUSTRIAL AREA 2 AJMAN,UAE",050-3121656,,,,verified,ox-alpha via OpenRouter
1444,AJM,PHARMACY,RIGHT HEALTH PHARMACY JURF - L.L.C - BRANCH 01,AL RAWDHA MALL,"0879,AL RAWDHA MALL,MOHWAIHAT 1,RAWDHA MALL,AJMAN,UAEE",06-5233170,,,,verified,ox-alpha via OpenRouter
1445,AJM,PHARMACY,AL ADIL PHARMACY L.L.C,SHEIK AMMAR BIN HUMAID ST,"AL ADIL PHARMACY, SHK - SHEIKH AMMAR BIN HUMAID ST - AJMAN, UAE",06-7450755,,,,verified,ox-alpha via OpenRouter
1446,AJM,PHARMACY,AL ADIL PHARMACY L.L.C - BRANCH 01,"INDUSTRIAL AREA,SANAYA","SHOP 14, NEAR EMIRATES GAS SIGNAL, INDUSTRIAL AREA, SANAYA,AJMAN",06-5399414,,,,verified,ox-alpha via OpenRouter
1447,AJM,PHARMACY,NOOR AL HADAYA PHARMACY L.L.C,AL JURF,"ALJURF IND 3, NEXT TO FESCO SUPER MARKET, AJMAN, UAE",06-5208189,,,,verified,ox-alpha via OpenRouter
1448,AJM,PHARMACY,NEW SMART CARE PHARMACY(S.P.S - L.L.C),AL JERF INDUSTRIAL 3,CGHR+2RV - AL JERF INDUSTRIAL 3 - AJMAN UNITED ARAB EMIRATES,06-5287660,,,,verified,ox-alpha via OpenRouter
1449,AJM,PHARMACY,800PHARMA1 PHARMACY CO. L.L.C - Branch 01,YASMEEN,"SHOP NO. 3 - YASMEEN BUILDING, SHEIK MAKTOUM BIN RASHID STREET, YASMEEN, AJMAN",06-5226588,,,,verified,ox-alpha via OpenRouter
1450,AJM,PHARMACY,MEDON 24 HOUR PHARMACY CO. L.L.C - Branch 01,AL HAMIDIYAH 2,"SHOP NO. 11 - AJMAN COOP, AL HAMIDIYAH 2, AJMAN",06-8827884,,,,verified,ox-alpha via OpenRouter
1451,ALAIN,CLINIC,AL NOOR MEDICAL CENTRE AL AIN,MURABBA MAIN STREET,MURABBA MAIN STREET,03-7662072,,,,verified,ox-alpha via OpenRouter
1452,ALAIN,CLINIC,INDEX EYE CENTER - L.L.C(FORMERLY INDEX MEDICAL CENTER L.L.C),ALTAWBA,"2ND FLOOR, AL REEM BUILDING, AUD ALTAWBA, AL AIN,ABU DHABI, UAE",03-7513939,,,,verified,ox-alpha via OpenRouter
1453,ALAIN,CLINIC,GEMS MEDICAL CLINIC LLC AL AIN-AUH,TOWN CENTER,"TOWN CENTER ,MAIN STREET .AL AIN",03-7641852,,,,verified,ox-alpha via OpenRouter
1454,ALAIN,CLINIC,MEDLIFE MEDICAL CENTRE LLC-ALAIN,ALAIN,"NEAR QURAN STUDY CENTRE, KALIMA HYPERMARKET BUILDING, ",03-7331033,,,,verified,ox-alpha via OpenRouter
1455,ALAIN,CLINIC,EMIRATES INTERNATIONAL POLYCLINIC SOLE PROPRIETORSHIP LLC,TOWN CENTER,"1ST FLOOR, ABOVE SEPHORA, ALNOUD, WADI ALAIN, BAWADI MALL, AL AIN, ABU DHABI. UAE",03-7669888,,,,verified,ox-alpha via OpenRouter
1456,ALAIN,CLINIC,AL AIN ALAHILI MEDICAL CENTRE - L.L.C - S.P.C (FORMERLY AL AIN ALAHILI MEDICAL CENTRE),SHABIYA KHALIFA STREET,"SHABIYA KHALIFA STREET, NEAR TO AL HILAL BANK, AL AIN, ABU DHABI. UAE",03-7559990,,,,verified,ox-alpha via OpenRouter
1457,ALAIN,CLINIC,COPE MEDICAL CENTER - SOLE PROPRIETORSHIP L.L.C,INDUSTRIAL AREA 34,"FIRST FLOOR, FLAT NO.11, AS SUBH 7 ST INDUSTRIAL AREA,34 AL AIN 30913",03-7543634,,,,verified,ox-alpha via OpenRouter
1458,ALAIN,CLINIC,AL FARABI MEDICAL CENTER - L.L.C,ALMARKANIYYAH,"ROAD 18, AL HABOOY, AL MARKANIYYAH , AL AIN CITY, ABU DHABI, UAE",03-7341950,,,,verified,ox-alpha via OpenRouter
1459,ALAIN,CLINIC,LENOX MEDICAL AND DENTAL CENTER - L.L.C,AL HAYER,"AD COOP BUILDING AL HAYER, ALAIN,ABU DHABI, UAE",03-7343417,,,,verified,ox-alpha via OpenRouter
1460,ALAIN,CLINIC,DHIYARA MEDICAL CENTER,ZAYED IBN SULTAN STREET,"MEZZANINE FLOOR, FLAT NO.1, BUILDING  NO.18 ,SAEED HILALA ABDULLAH AL KUWAITI BUILDING, ZAYED IBN SULTAN STREET, STREET NO.18, HAI AL NAWASER AREA, TOWN CENTER, CENTRAL DISTRICT, AL AIN, UAE",03-7656882,,,,verified,ox-alpha via OpenRouter
1461,ALAIN,HOSPITAL,BURJEEL ROYAL HOSPITAL ASHAREJ - L.L.C (FORMERLY BURJEEL FARHA HOSPITAL L.L.C),ASHAREJ DISTRICT,BIDA BIN AMMAR /ASHAREJ DISTRICT/ALAIN,03-7099000,,,,verified,ox-alpha via OpenRouter
1462,ALAIN,HOSPITAL,NEW MEDICAL CENTRE SPECIALTY HOSPITAL LTD-ABU DHABI(FORMERLY NEW MEDICAL CENTRE SPECIALTY HOSPITAL L,NEAR ZAYED SCHOOL,"OPP. POLICE HEAD QUARTER, NEAR ZAYED SCHOOL",03-7555999,,,,verified,ox-alpha via OpenRouter
1463,ALAIN,PHARMACY,HEALTH FIRST PHARMACY LLC BRANCH 1,AL AIN,"MAIN ST. NEXT TO SNOW WHITE STORE, AL AIN ",03-7662131,,,,verified,ox-alpha via OpenRouter
1464,ALAIN,PHARMACY,HEALTH FIRST PHARMACY LLC BRANCH 11,BUTEEN AREA,"SOUQ EXTRA MALL, BUTEEN AREA,ALAIN,ABU DHABI",03-7804288,,,,verified,ox-alpha via OpenRouter
1465,ALAIN,PHARMACY,HEALTH FIRST PHARMACY LLC BRANCH 14,BARARI MALL,"AL BARARI MALL,ALAIN,ABU DHABI,UAE",03-7675176,,,,verified,ox-alpha via OpenRouter
1466,ALAIN,PHARMACY,NEW MEDICAL CENTRE PHARMACY LTD(FORMERLY NEW MEDICAL CENTRE PHARMACY-L.L.C-ALAIN-NMC),NEAR ZAYED SCHOOL,"OPP. POLICE HEAD QUARTER, NEAR ZAYED SCHOOL",03-7674404,,,,verified,ox-alpha via OpenRouter
1467,ALAIN,PHARMACY,MARJAN MEDICAL CENTER PHARMACY - BRANCH,AL MAZJ 1 ST,"37, AL MAZJ 1 ST, INDUSTRIAL AREA, AL AIN",03-753-0922,,,,verified,ox-alpha via OpenRouter
1468,ALAIN,PHARMACY,LULU AL AIN PHARMACY LLC,LULU SANIAYA,"LULU HYPERMARKET,SANIAYA , AL AIN",03-7212330,,,,verified,ox-alpha via OpenRouter
1469,ALAIN,PHARMACY,LULU AL AIN PHARMACY LLC BRANCH,LULU KUWAITAT,"LULU HYPERMARKET, KUWAITAT, AL AIN",03-7640677,,,,verified,ox-alpha via OpenRouter
1470,ALAIN,PHARMACY,LULU ALFOAH PHARMACY LLC,FOAH MALL,"FOAH MALL,AL AIN",03-7843221,,,,verified,ox-alpha via OpenRouter
1471,ALAIN,PHARMACY,EMIRATES INTERNATIONAL HOSPITAL PHARMACY BRANCH SOLE PROPRIETORSHIP LLC,BAWADI MALL,"1ST FLOOR, ABOVE SEPHORA,ALNOUD,BAWADI MALL, AL AIN, ABU DHABI, UAE",03-7669888,,,,verified,ox-alpha via OpenRouter
1472,ALAIN,PHARMACY,AL SENAEYA PHARMACY,ZAYED IBN SULTAN STREET,"GROUND FLOOR, SHOP NO.2 BUILDING  NO.18 ,SAEED HILALA ABDULLAH AL KUWAITI BUILDING, ZAYED IBN SULTAN STREET, STREET NO.18, HAI AL NAWASER AREA, TOWN CENTER, CENTRAL DISTRICT, AL AIN, NEAR AL ANSARI EXCHANGE, AL AIN, UAE",03 7657105,,,,verified,ox-alpha via OpenRouter
1473,ALAIN,PHARMACY,MEDON OXYCARE PHARMACY - L.L.C - S.P.C,AL ARAS,"AT TUMA, NEENAH 5 ST STREET, INDUSTRIAL AREA, AL ARAS, AL AIN, ABU DHABI",03-7342700,,,,verified,ox-alpha via OpenRouter
1474,ALAIN,CLINIC,AL AAHED MEDICAL CENTRE - SOLE PROPRITERSHIP L.L.C.,ZAYED BIN SULTAN ST,"NEAR SARAYA HALAB RESTAURANT - ZAYED BIN SULTAN ST - CENTRAL DISTRICT - HAI AL HISN - ABU DHABI, UAE",03-7642791,,,,verified,ox-alpha via OpenRouter
1475,ALAIN,CLINIC,MEDSTAR CLINICS SANAIYA AL AIN - L.L.C - O.P.C,SALMEEN BUILDING STREET NO. 1,"INDUSTRIAL AREA AL AIN KHALEEFA SALMEEN BUILDING STREET NO. 1, NEAR TAQWA MOSQUE - ABU DHABI, UAE",056-4648872,,,,verified,ox-alpha via OpenRouter
1476,ALAIN,PHARMACY,MEDSTAR PHARMACY SANAIYA AL AIN - L.L.C - O.P.C,SALMEEN BUILDING STREET NO. 1,"INDUSTRIAL AREA AL AIN KHALEEFA SALMEEN BUILDING STREET NO. 1, NEAR TAQWA MOSQUE - ABU DHABI, UAE",056-4648872,,,,verified,ox-alpha via OpenRouter
1477,ALAIN,PHARMACY,IBN SINA PHARMACY - SOLE PROPRIETORSHIP L.L.C. - BRANCH,AL TIWAYYA ,2ND ST - AL TIWAYYA - ABU DHABI,03 732 7308,,,,verified,ox-alpha via OpenRouter
1478,ALAIN,PHARMACY,IBN SINA PHARMACY SOLE PROPRIETORSHIP L.L.C - Branch 11,WAHAT HILI MALL,FIRST FLOOR WAHAT HILI MALL - ABU DHABI,03 784 3975,,,,verified,ox-alpha via OpenRouter
1479,AUH,CLINIC,PESHAWAR MEDICAL CENTRE LLC AUH,MUSSAFAH,"OPPOSITE TO ICAD GATE 1 , SANAIYA M-40 MUSSAFAH ABU DHABI,UAE",02-5508987,,,,verified,ox-alpha via OpenRouter
1480,AUH,CLINIC,LIFECARE CLINIC  L.L.C. - BRANCH,"WORKERS CITY-2, BANIYAS","MOUNTAIN GATE, PROPERTY INVESTMENT, ALMAFRAQ, WORKERS CITY-2, BANIYAS, ABU DHABI",054-7910144,,,,verified,ox-alpha via OpenRouter
1481,AUH,CLINIC,EXPERT MEDICAL CLINIC  - SOLE PROPRIETORSHIP L.L.C,HAMEEM RD,"MOJUMAAT WORKERS CITY, HAMEEM RD, ABU DHABI",02-5867877,,,,verified,ox-alpha via OpenRouter
1482,AUH,CLINIC,NEW FAMOUS MEDICAL CENTER LLC-AUH,MUSSAFFAH,OFFICE NO.16 1ST FLOOR SALEM KHAMIS SALEM ALKHEMEIRI MUSSAFAH 34 ABU DHABI,02-5538040,,,,verified,ox-alpha via OpenRouter
1483,AUH,CLINIC,AL QABAIL MEDICAL CENTRE L.L.C  L.L.C,MUSAFAH,"AL JIMI WORKERS VILLAGE BUILDING ,M-33 ,  MUSAFAH , ABUDHABI , U.A.E ",02-5575531,,,,verified,ox-alpha via OpenRouter
1484,AUH,CLINIC,GOLDEN TULIP MEDICAL CENTRE LLC-OPC (FORMERLY GOLDEN TULIP MEDICAL CENTRE L.L.C),MUSSAFAH INDUSTRIAL AREA,ST#11 PLOT #23 M-17 MUSSAFAH INDUSTRIAL AREA,02-5556608,,,,verified,ox-alpha via OpenRouter
1485,AUH,CLINIC,DAR AL SHIFA MEDICAL CENTRE ABUDHABI,BEHIND DANA HOTEL,"BLDG NO 137, AL NOWAIS BLDG. ELECTRA ST TOURIST CLUB AREA, BEHIND DANA HOTEL, ABU DHABI, UAE",02-6456100,,,,verified,ox-alpha via OpenRouter
1486,AUH,CLINIC,ASTER PRIMARY CARE LLC (ABU DHABI),MUSAFFAH,"NEAR 1ST SIGNAL (MASJID), SECTOR-9,SANNAYAH,MUSAFFAH ,ABU DHABI",02-5557078,,,,verified,ox-alpha via OpenRouter
1487,AUH,CLINIC,LLH MEDICAL CENTER AL DHAFRA - LLC (FORMERLY HALA MEDICAL CENTRE-GHAYATHI),GAYATHI,"BUILDING NO : 7 , AL FASEEEHAH STREET, GAYATHI, ABU DHABI, UAE",80055,,,,verified,ox-alpha via OpenRouter
1488,AUH,CLINIC,EXPRESS GHAYATHI MEDICAL CENTRE - L.L.C - O.P.C(FORMERLY EXPRESS GHAYATHI CLINIC-AL DHAFRA),GHAYATHI,EXPRESS GHAYATHI MARKET SANAYAH,02-8744430,,,,verified,ox-alpha via OpenRouter
1489,AUH,CLINIC,SAHEL  CLINIC,SAHEL,"SAHEL, WESTERN REGION, ABU DHABI",02-6049928,,,,verified,ox-alpha via OpenRouter
1490,AUH,CLINIC,GROW AND GLOW MEDCLINIC- SOLE PROPRIERTORSHIP LLC,NEW SHAHAMA,"BLD NO 26 NEW SHAHAMA,NEAR PETROL PUMP,UAE",02-6505388,,,,verified,ox-alpha via OpenRouter
1491,AUH,CLINIC,A B C PLUS MEDICAL CENTER,WORKER CITY NO.1-MAFRAQ I,WORKER CITY NO.1-MAFRAQ INDUSTRIAL AREA-ABU DHABI UAE,02-6279479,,,,verified,ox-alpha via OpenRouter
1492,AUH,CLINIC,BASEL MEDICAL CENTRE LLC,AL MAFRAQ WORKERS CITY 2,"AL MAFRAQ WORKERS CITY 2 - ABU DHABI,UAE",02-6316831,,,,verified,ox-alpha via OpenRouter
1493,AUH,CLINIC,HEALTH TIME MEDICAL CENTRE - SOLE PROPRIETORSHIP L.L.C,BANIYAS," BLDG. 08, PLOT F2C4-8, AL-MAFRAQ INDUSTRIAL 2 BANIYAS, ABU DHABI, UNITED ARAB EMIRATES,",02-6425247,,,,verified,ox-alpha via OpenRouter
1494,AUH,CLINIC,INDUS MEDICAL CENTRE LLC,WORKERS VILLAGE 2 AL MAFRAQ,"WORKERS VILLAGE 2 AL MAFRAQ INDUSTRIAL AREA ABU DHABI, UAE  ",02-4467700,,,,verified,ox-alpha via OpenRouter
1495,AUH,CLINIC,AL KAMAL MEDICAL POLY CLINICS-L.L.C- S.P.C (FORMERLY AL KAMAL MEDICAL POLYCLINICS-LLC),KHALIDIYA,"FIRST FLOOR,AL JERNAIN TOWER,ZAYED THE FIRST STREET,KHALIDIYA,ABU DHABI,UAE",02-6651464,,,,verified,ox-alpha via OpenRouter
1496,AUH,CLINIC,LLH CLINIC L.L.C,"ICAD , MUSAFFAH ","LULU STAFF CITY ICAD , MUSAFFAH ",02-4116180,,,,verified,ox-alpha via OpenRouter
1497,AUH,CLINIC,NMC ROYAL FAMILY MEDICAL CENTRE LTD(FORMERLY NMC ROYAL FAMILY MEDICAL CENTRE L.L.C.),MOHAMMAD BIN ZAYED CITY,"PRESTIGE TOWER,NEAR CAPITAL MALL,MOHAMMED BIN ZAYED CITY,ABU DHABI",02-6911500,,,,verified,ox-alpha via OpenRouter
1498,AUH,CLINIC,N M C ROYAL MEDICAL CENTRE LTD(FORMERLY NMC ROYAL MEDICAL CENTRE L.L.C),ELECTRA STREET,"5TH FLOOR, ELECTRA STREET , SAMA TOWER",02-5133111,,,,verified,ox-alpha via OpenRouter
1499,AUH,CLINIC,NMC ROYAL MEDICAL CENTRE LTD,AL KHALIDIYAH ,14 AL FARIS ST - AL KHALIDIYAH - W17-01 - ABU DHABI,02-6144900,,,,verified,ox-alpha via OpenRouter
1500,AUH,CLINIC,AL ITTIHAD MEDICAL CENTRE SOLE PROPRETIERSHIP LLC,HAMDAN STREET,303 THIRD FLOOR EMI TOWER NEXT TO MARKS & SPENCER HAMDAN STREET ABU DHABI,02-6226611,,,,verified,ox-alpha via OpenRouter
1501,AUH,CLINIC,ARCHITECT CLINIC LLC OPC,ICAD - III,"AL DHAFRA WORKERS VILLAGE ICAD - III,IAUH,UAE",02-6721400,,,,verified,ox-alpha via OpenRouter
1502,AUH,CLINIC,MAX CURE MEDICAL CARE CENTER-L.L.C,DARWISH TOWER,"DARWISH TOWER, OFFICE #M06,ABU DHABI,UAE",050-2543146,,,,verified,ox-alpha via OpenRouter
1503,AUH,CLINIC,MEDLUX MEDICAL CENTER L.L.C,AL MAFRAQ INDUSTRIAL AREA,"AL MAFRAQ INDUSTRIAL AREA,ABU DHABI,UAE",02-6229722,,,,verified,ox-alpha via OpenRouter
1504,AUH,CLINIC,MARJAN MEDICAL CENTER,AL KHURAIR - AL NOUD ,AL KHURAIR - AL NOUD - ALAIN ABU DHABI,03-7530110,,,,verified,ox-alpha via OpenRouter
1505,AUH,CLINIC,ROYAL INTERNATIONAL MEDICAL CENTER - SOLE PROPRIETORSHIP L.L.C.,AL MAFRAQ WORKERS VILLAGE,"AL MAFRAQ WORKERS VILLAGE NO. 1 ABU DHABI, UAE",02-8775522,,,,verified,ox-alpha via OpenRouter
1506,AUH,CLINIC,GULF INTERNATIONAL CANCER CENTER ,AL BAHIA,"AL BAHIA, EXIT 39, SHEIK AL MAKTOOM ROAD, ABU DHABI, UAE",02-5630089,,,,verified,ox-alpha via OpenRouter
1507,AUH,CLINIC,CENTRAL CLINIC L.L.C,HAMDAN BIN MOHAMMED,"EMI TOWER, LEVEL 2, NEXT TO MARKS & SPENCER - HAMDAN BIN MOHAMMED ST - ABU DHABI, UAE",02-6323497,,,,verified,ox-alpha via OpenRouter
1508,AUH,CLINIC,SHARMIN AKTER MEDICAL CENTER LLC,WORKERS CITY 2,"G20, 21 PARCO MALL MAFRAQ WORKER CITY 2 ABU DHABI UAE",02-5828077,,,,verified,ox-alpha via OpenRouter
1509,AUH,CLINIC,DR SABAH AL SAKBAN MEDICAL CLINIC - L.L.C - S.P.C,SAEED BIN AHMED AL OTAIBA ST,"SAEED BIN AHMED AL OTAIBA ST - AL DANAH - ZONE 1 - ABU DHABI,UAE",02-6331003,,,,verified,ox-alpha via OpenRouter
1510,AUH,CLINIC,BASHIRA SPECIALIZED MEDICAL CLINIC - L.L.C - S.P.C,SAEED BIN AHMED AL OTAIBA ST,"SAEED BIN AHMED AL OTAIBA ST - AL DANAH - ZONE 1 - ABU DHABI, UAE",02-6219995,,,,verified,ox-alpha via OpenRouter
1511,AUH,CLINIC,LLH CLINIC L.L.C - BRANCH,AL MAHHARAH STREET,"AL NASSER 1 WORKERS CITY ,AL MAHHARAH STREET, AL MAFRAQ WORKERS' RESIDENTIAL CITY , ABU DHABI",02-5841986,,,,verified,ox-alpha via OpenRouter
1512,AUH,CLINIC,LIFECARE CLINIC LLC BRANCH,AL MAFRAQ,"CONSTRUCTION WORKERS RESIDENTIAL CITY, AL MAFRAQ WORKERS CITY, ABU DHABI",02-5562240,,,,verified,ox-alpha via OpenRouter
1513,AUH,CLINIC,MEDEOR MEDICAL CENTRE - L.L.C,RASHID BIN SAEED ST,"717, SHK. RASHID BIN SAEED ST, AL NAHYAH, ZONE 1, ABU DHABI, UAE",02-6977666,,,,verified,ox-alpha via OpenRouter
1514,AUH,CLINIC,LLH OASIS MEDICAL CENTRE L.L.C,MADINAT ZAYED," AL DHAFRA BUILDING B, NEAR STARBUCKS, MADINAT ZAYED, AL DHAFRA REGION,ABU DHABI",02- 8946666,,,,verified,ox-alpha via OpenRouter
1515,AUH,CLINIC,AMERICAN CRESCENT HEALTH CARE CENTRE- SOLE PROPRIETRSHIP L.L.C,KHALIDIYAH,"BIN HAYAI BLDG., BLOCK B, 02 MEZZANINE FLOOR, (OPPOSITE GRAND STORES), ZAYED 1ST  STREET, AL KHALIDIYA, ABU DHABI, UAE",02-6325000,,,,verified,ox-alpha via OpenRouter
1516,AUH,CLINIC,HEALTHSHADES MEDICAL CENTRE L.L.C,MUSAFFAH M37,"MUSAFFAH M37, STREET 16, P190 ,PREMISES 15, 16, 17, ABU DHABI, UAE",02-5545999,,,,verified,ox-alpha via OpenRouter
1517,AUH,CLINIC,EXCELLENT MEDICAL CENTER - SOLE PROPRIETORSHIP L.L.C,WORKER CITY 2,"AL NASSER PROPERTIES, RB 2, MAFRAQ WORKER, CITY 2, ABU DHABI – UAE",02-5544469,,,,verified,ox-alpha via OpenRouter
1518,AUH,CLINIC,HOLISTIC MEDICAL CENTRE - SOLE PROPRIETORSHIP L.L.C.,KHALIFA CITY,"VILLA # 141,12TH STREET, KHALIFA CITY A, OPPOSITE AL FORSON SHOOTING CLUB AND MARRIOTT HOTEL, ABU DHABI, UAE",02-6661567,,,,verified,ox-alpha via OpenRouter
1519,AUH,CLINIC,ABU AL BUKHOOSH CLINIC,ADNOC OFFSHORE,"ADNOC OFFSHORE SITE CLINICS, ABU DHABI, UAE",02 6023882,,,,verified,ox-alpha via OpenRouter
1520,AUH,CLINIC,ADC TARIF CENTRAL CAMP CLINIC,ADC TARIF CENTRAL CAMP,"ADC TARIF CENTRAL CAMP, AL DHAFRA, ABU DHABI",02 6023882,,,,verified,ox-alpha via OpenRouter
1521,AUH,CLINIC,ADNOC OFFSHORE HQ CLINIC,HAMDAN ST,"ZONE 1E2, WORLD TRADE CENTER, HAMDAN ST. ABU DHABI",02 6023882,,,,verified,ox-alpha via OpenRouter
1522,AUH,CLINIC,ALLIANZ INSTALLER CLINIC,ADNOC OFFSHORE,ADNOC OFFSHORE SITE CLINICS,02 6023882,,,,verified,ox-alpha via OpenRouter
1523,AUH,CLINIC,ALLIANZ INTREPID CLINIC,ADNOC OFFSHORE,ADNOC OFFSHORE SITE CLINICS,02 6023882,,,,verified,ox-alpha via OpenRouter
1524,AUH,CLINIC,NSC FORTUNE / ADNOC AB01 CLINIC,ADNOC OFFSHORE,ADNOC OFFSHORE SITE CLINICS,02 6023882,,,,verified,ox-alpha via OpenRouter
1525,AUH,CLINIC,UMM SHAIF PLATFORM CLINIC,ADNOC OFFSHORE,ADNOC OFFSHORE SITE CLINICS,02 6023882,,,,verified,ox-alpha via OpenRouter
1526,AUH,CLINIC,KHYBER MEDICAL CENTER,MADINAT ZAYED,"MADINAT ZAYED, AL DHAFRA REGION, ABU DHABI, UAE",02-8820808,,,,verified,ox-alpha via OpenRouter
1527,AUH,CLINIC,AL AMEEN MEDICAL CENTRE L.L.C,NAJDA ST,"M3 GIFTLAND BLDG. NAJDA ST, ABU DHABI, UAE",02-6339722,,,,verified,ox-alpha via OpenRouter
1528,AUH,CLINIC,AL AMEEN MEDICAL CENTRE L.L.C BRANCH 1,MUSSAFAH,"M37 MUSSAFAH INDUSTRIAL AREA, ABU DHABI, UAE",02-5503115,,,,verified,ox-alpha via OpenRouter
1529,AUH,CLINIC,FAMOUS MEDICAL CENTRE - SOLE PROPRIETORSHIP L.L.C.,SANAYA,"M10, SANAYA, SHOP-05, NEXT TO BANGALI MOSQUE, ABU DHABI, UAE",02-5467888,,,,verified,ox-alpha via OpenRouter
1530,AUH,CLINIC,LOTUS HOLISTIC ALTERNATIVE MEDICAL CENTER,KHALIFA CITY,"STREET #20, BESIDE ALRAWAFED PVT. SCHOOL, KHALIFA CITY A, ABU DHABI, UAE",02-5579801,,,,verified,ox-alpha via OpenRouter
1531,AUH,CLINIC,CONSULTANTS MEDICAL CENTRE - L.L.C - S.P.C,HAMDAN STREET,"LAND MARK PLAZA BUILDING, OPPSITE AL SALAMA HOSPITAL, HAMDAN STREET, ABU DHABI, UAE",02-6794100,,,,verified,ox-alpha via OpenRouter
1532,AUH,CLINIC,ISHTAR MEDICAL CENTRE L.L.C,"MUBARAK STREET,","PLAZA TOWER, FLAT NO 405, FATIMA BINT MUBARAK STREET, AL DANAH AREA, ABU DHABI, UAE",02-6333886,,,,verified,ox-alpha via OpenRouter
1533,AUH,CLINIC,TAHA MEDICAL CENTRE L.L.C,AL  FALAH STREET,"AL FALAH STREET, ABU DHABI, UAE",02-6343438,,,,verified,ox-alpha via OpenRouter
1534,AUH,CLINIC,DRONCALL LTD,AL MARYAHA,"16TH FLOOR , WEWORK  HUB 71 ,ALMARYAHA ISLAND,NEAR GALLERIA MALL ,ADGM SQUARE,ABUDHABI-UAE",02-6730950,,,,verified,ox-alpha via OpenRouter
1535,AUH,CLINIC,GOLDEN HEALTH MEDICAL CENTER - L.L.C - S.P.C - BRANCH,HAMEEM WORKER CITY,"AL SIDRA VILLAGE, SALEM CITY, AL BIHOUTH, HAMEEM WORKER CITY, ABUDHABI, UAE",02-5517216,,,,verified,ox-alpha via OpenRouter
1536,AUH,CLINIC,ELITECARE MEDICAL CENTRE-SOLE PROPRIETORSHIP L.L.C,AL DANAH,"SULTAN BIN ZAYED THE FIRST, 53 ST, AL DANAH, ABU DHABI, UAE",02-6660525,,,,verified,ox-alpha via OpenRouter
1537,AUH,CLINIC,LLH MEDICAL CENTRE AL NOUD - L.L.C,AL NOUD,"WADI AL AIN 1, 0 4: AL ARBAEEN, BUILDING, BADOK REAL ESTATE LLC,AL NOUD",02-5085555,,,,verified,ox-alpha via OpenRouter
1538,AUH,DAYCARE,HEART BEAT MEDICAL CENTER & ONE DAY SURGERY LLC,SHEIKH RASHID BIN SAEED ST,"PLOT 103, MUSHRIF AREA - SHEIKH RASHID BIN SAEED ST-ABU DHABI, UAE",02-4449494,,,,verified,ox-alpha via OpenRouter
1539,AUH,DAYCARE,CROWN HOSPITAL ONE DAY SURGERY - SOLE PROPRIETORSHIP L.L.C.,AL JAZZEEM ST,"M-11, MUSAFFAH, AL JAZZEEM ST., ABU DHABI, UAE",02-5529143,,,,verified,ox-alpha via OpenRouter
1540,AUH,DIAGNOSTIC CENTRE,ACCURACY PLUS MEDICAL LABORATORY L.L.C,HAMDAN STREET,"M02,OPPOSITE HOME CENTRE, HAMDAN STREET,ABU DHABI, UNITED ARAB EMIRATES",056-5227850,,,,verified,ox-alpha via OpenRouter
1541,AUH,DIAGNOSTIC CENTRE,AL BORG DIAGONOSTIC CENTRE FOR LABORATORIES L.L.C,NAJDA ST,"NAJDA ST, BIN ARRAR BUILDING, ABU DHABI, UAE",02-4957999,,,,verified,ox-alpha via OpenRouter
1542,AUH,DIAGNOSTIC CENTRE,PROFICIENCY HEALTHCARE DIAGNOSTIC LABORATORIES L.L.C,ELECTRA STREET,"2ND FLOOR, TOWER C BUILDING (BEHIND HONDA SHOWROOM),ELECTRA STREET, ABU DHABI, UAE",02-4919300,,,,verified,ox-alpha via OpenRouter
1543,AUH,DIAGNOSTIC CENTRE,SANIMED INTERNATIONAL LAB AND MANAGEMENT L.L.C,MASDAR CITY,"W1-UNIT 13, PLOT J03 GROUND FLOOR MASDAR CITY, ABU DHABI, UNITED ARAB EMIRATES",050-5437829,,,,verified,ox-alpha via OpenRouter
1544,AUH,HOSPITAL,MEDEOR 24X7 HOSPITAL LLC (ABUDHABI),AL FALAH ST - AL DANAH,AL FALAH ST - AL DANAH - ZONE 1 - ABU DHABI,02-6900 405,,,,verified,ox-alpha via OpenRouter
1545,AUH,HOSPITAL,N M C SPECIALTY HOSPITAL LTD (FORMERLY NMC SPECIALTY HOSPITAL - LLC),ELECTRA STREET,SHEIKH ZAYED 2ND STREET (ELECTRA ROAD),02-6332255,,,,verified,ox-alpha via OpenRouter
1546,AUH,HOSPITAL,DAS HOSPITAL,DAS ISLAND,"DAS ISLAND, ABU DHABI, UAE",02-8090311,,,,verified,ox-alpha via OpenRouter
1547,AUH,HOSPITAL,NATIONAL HOSPITAL - SOLE PROPRIETORSHIP L.L.C.,AL RUMAITHI STREET,"BUILDING 16, ABDULLA BIN HUMAID AL RUMAITHI STREET, AL DANAH, ABU DHABI, UAE",02-6711000,,,,verified,ox-alpha via OpenRouter
1548,AUH,PHARMACY,LIFE CARE INTERNATIONAL PHARMACY L.L.C- BRANCH,LABOR CITY,"AL WATHBA RAZEEN LABOR CITY, ABU DHABI",02-5845314,,,,verified,ox-alpha via OpenRouter
1549,AUH,PHARMACY,LLH HOSPITAL PHARMACY AL MUSAFFAH,SANAYYA – 7,"PO BOX NO:  92313,16TH, STREET, SANAYYA – 7, INDUSTRIAL AREA, MUSAFFAH, ABU DHABI, UNITED ARAB EMIRA",02-4126018,,,,verified,ox-alpha via OpenRouter
1550,AUH,PHARMACY,LLH HOSPITAL PHARMACY L.L.C,ELECTRA STREET,"AL MARWA TOWER, ELECTRA STREET ABU DHABI",02-6335522,,,,verified,ox-alpha via OpenRouter
1551,AUH,PHARMACY,BURJEEL RETAIL PHARMACY HAMDAN STREET - L.L.C (FORMERLY LLH PHARMACY LLC),HAMDAN STREET,"MARINA PLAZA, HAMDAN ST, NEAR LLH HOSPITAL, ABU DHABI, UAE",02-6335522,,,,verified,ox-alpha via OpenRouter
1552,AUH,PHARMACY,LIFE CARE INTERNATIONAL PHARMACY L.L.C.,"MAFRAQ,BANIYAS","NEAR AL RAHA VILLAGE, MAFRAQ,BANIYAS",02-5856333,,,,verified,ox-alpha via OpenRouter
1553,AUH,PHARMACY,LIFE CARE INTERNATIONAL PHARMACY LLC - BRANCH 1,MUSAFFAH,"M-24, NEAR WORKERS VILLAGE OPPOSITE ADNOC PETROL PUMP, MUSAFFAH",02-4148292,,,,verified,ox-alpha via OpenRouter
1554,AUH,PHARMACY,TOPCARE PHARMACY BRANCH-1,MUSAFFAH,"AL  ESKAN AL JAMAE BUILDING , SHOPS NO. R033– GROUND FLOOR, MUSSAFAH INDUSTRIAL AREA,",02-6665131,,,,verified,ox-alpha via OpenRouter
1555,AUH,PHARMACY,TOPCARE PHARMACY,"MOHAMED BIN KHALIFA STREET,","MOHAMED BIN KHALIFA STREET, NEXT TO RAIN CAFE, ABUDHABI",02-5833145,,,,verified,ox-alpha via OpenRouter
1556,AUH,PHARMACY,AL BAHAR AL AHMAR PHARMACY,"MOHAMED BIN KHALIFA STREET,","MOHAMED BIN ZAYED CITY-ME11, C88, SHOP G2, ABU DHABI  ",02-8763338,,,,verified,ox-alpha via OpenRouter
1557,AUH,PHARMACY,MANSOUR PHARMACY ABU DHABI,AL-FALAH STREET,AL-FALAH STREET  OPPOSITE WEARMART ABU DHABI,02-6422287,,,,verified,ox-alpha via OpenRouter
1558,AUH,PHARMACY,MANSOUR PHARMACY BRANCH 1,MUSAFFAH,MUSAFFAH - M-37 - ABU DHABI,02-5500753,,,,verified,ox-alpha via OpenRouter
1559,AUH,PHARMACY,SARHAD PHARMACY,"MUSAFFAH - II,","MUSAFFAH - II, OPPOSITE TO LLH HOSPITAL,ABU DHABI,UAE",02-5551429,,,,verified,ox-alpha via OpenRouter
1560,AUH,PHARMACY,SABA PHARMACY LLC,MUSAFFAH,"13 AL JAZZEEM 2 STREETMUSAFFAH INDUSTRIAL M37,ABU DHABI, 20316",02-5523200,,,,verified,ox-alpha via OpenRouter
1561,AUH,PHARMACY,RIGHT CHOICE HEALTH PHARMACY,MUSAFFAH-10,"BUILDING # 43, SHOP#32, MUSAFFAH-10, INDUSTRIAL AREA, ABU DHABI,UAE",02-4917599,,,,verified,ox-alpha via OpenRouter
1562,AUH,PHARMACY,MEDSTAR PHARMACY ICAD RESIDENTIAL LLC,"ICAD RESIDENTIAL CITY, MUSSAFAH","PO BOX 106964, ICAD RESIDENTIAL CITY, MUSSAFAH, ABU DHABI, NEAR FRESH & MORE HYPERMARKET",02-5845657,,,,verified,ox-alpha via OpenRouter
1563,AUH,PHARMACY,GOLDEN HEALTH PHARMACY L.L.C.,HAMEEM ROAD,"AL SALAM LIVING CITY, HAMEEM ROAD, ABU DHABI",02-5855553,,,,verified,ox-alpha via OpenRouter
1564,AUH,PHARMACY,EXPERT PHARMACY LLC,HAMEEM ROAD,"MOJUMAAT WORKERS CITY, HAMEEM RD, ABU DHABI",02-5848995,,,,verified,ox-alpha via OpenRouter
1565,AUH,PHARMACY,MEDSTAR HAMDAN PHARMACY L.L.C,HAMDAN STREET,"PO BOX  46713, GROUND FLOOR, BIN BROOK BUILDING, SHEIKH HAMDAN BIN MOHAMMED STREET (HAMDAN STREET),",02-6411124,,,,verified,ox-alpha via OpenRouter
1566,AUH,PHARMACY,NEW NATIONAL MEDICAL CENTRE PHARMACY LLC BRANCH 1,MUSAFFAH,"SECTOR M36,PLOT 138 SANIAH,MUSAFFAH,ABUDHABI",02-5593777,,,,verified,ox-alpha via OpenRouter
1567,AUH,PHARMACY,FAMOUS PHARMACY LLC-AUH,MUSSAFFAH,"SHOP NO. 3, GROUND FLOOR, SALEM KHAMIS SALEM ALKHEMEIRI MUSSAFAH 34 ABU DHABI",02-5521912,,,,verified,ox-alpha via OpenRouter
1568,AUH,PHARMACY,MUBARAK PHARMACY - SOLE PROPRIETORSHIP L.L.C. - BRANCH,WORKER CITY-2,"AL ESHOUSH CAMP, WORKER CITY-2, BANIYAS, ABU DHABI, UAE",02-5837796,,,,verified,ox-alpha via OpenRouter
1569,AUH,PHARMACY,MEDLINE PHARMACY L.L.C,MUSAFFAH," 9G3F+M24 - 14TH ST - MUSAFFAH - M-26 - ABU DHABI,UAE",02-5548669,,,,verified,ox-alpha via OpenRouter
1570,AUH,PHARMACY,MAXIMPHARMACY SOLE PROPRIETORSHIP LLC,MUSAFFAH,"MUSSAFAH-43,ICAD 1,ABDUABI UAE",02-5500161,,,,verified,ox-alpha via OpenRouter
1571,AUH,PHARMACY,M 26  PHARMACY,MUSAFFAH,"PLOT NO: 94, MUSAFFAH M-26 NEAR GUJRAT RESTAURANT MUSAFFAH",02-8867789,,,,verified,ox-alpha via OpenRouter
1572,AUH,PHARMACY,AL ANQOOD PHARMACY,AL WADI,"AL WADI BUILDING, BLOCK NUMBER 198, MAIN INDUSTRIAL, ABU DHABI, UAE",02-8882622,,,,verified,ox-alpha via OpenRouter
1573,AUH,PHARMACY,FALCON PHARMACY LLC,GHAYATHI,"INDUSTRIAL SECTOR 18, SANAIYA 2, GHAYATHI, AL DHAFRA REGION, ABU DHABI, UAE",02-874 3164,,,,verified,ox-alpha via OpenRouter
1574,AUH,PHARMACY,EXPRESS GHAYATHI PHARMACY,SANAYYA,"EXPRESS GAYATHI HYPERMARKET BUILDING, GHAYATHI , SANAYYA,ABUDHABI, UAE ",02-8740121,,,,verified,ox-alpha via OpenRouter
1575,AUH,PHARMACY,PUBLIC LIFE PHARMACY L.L.C,"CHINA CAMP, BANIYAS","SHOP NO G04, F2C4-7, BUILDING NO.07 PARCO MALL,AL MAFRAQ INDUSTRIAL AREA 2 (CHINA CAMP), BANIYAS,ABU DHABI",02-5563658,,,,verified,ox-alpha via OpenRouter
1576,AUH,PHARMACY,UNIQUE CARE PHARMACY,MUSAFFAH INDUSTRIAL AREA,"SHOP NO 07, BUILDING NO 85, STREET 10TH, M-13 MUSAFFAH INDUSTRIAL AREA ABU DHABI UAE",02-5535582,,,,verified,ox-alpha via OpenRouter
1577,AUH,PHARMACY,GOLDEN TULIP PHARMACY LLC-OPC (FORMERLY GOLDEN TULIP PHARMACY L.L.C),MUSSAFAH INDUSTRIAL AREA,ST#11 PLOT #23 M-17 MUSSAFAH INDUSTRIAL AREA,02-5556608,,,,verified,ox-alpha via OpenRouter
1578,AUH,PHARMACY,HEALTH POINT PHARMACY L.L.C.,MUSSAFAH,"BUILDING 3, SHOP 5, MUSAFFAH M-4,ABU DHABI,UAE",02-5590203,,,,verified,ox-alpha via OpenRouter
1579,AUH,PHARMACY,NEXTHEALTH PHARMACY - SOLE PROPRIETORSHIP LLC,AL DHAFRAH REGION,"205, FIRST FLOOR, HAMEEM MALL, AL DHAFRAH REGION, ABU DHABI, UAE",02-8867332,,,,verified,ox-alpha via OpenRouter
1580,AUH,PHARMACY,MEDI CURE PHARMACY L.L.C,"WORKERS CITY 1,BANIYAS","AL JABER SHOPPING COMPLEX,MAFRAQ WORKERS CITY 1, BANIYAS,ABU DHABI",026228383,,,,verified,ox-alpha via OpenRouter
1581,AUH,PHARMACY,LIRA PHARMACY L.L.C,"WORKERS CITY 1,BANIYAS","AL RAHA VILLAGE SHOPPING CENTER,MAFRAQ WORKERS CITY 2,BANIYAS WEST,ABU DHABI",02-8864062,,,,verified,ox-alpha via OpenRouter
1582,AUH,PHARMACY,BLUE OCEAN PHARMACY - SOLE PROPRIETORSHIP L.L.C,SHABIYA-ME10,"ABU DHABI-MUSAFFAH SHABIYA-ME10-MOHAMED BIN ZAYED CITY,ABUDHABI",02-5532323,,,,verified,ox-alpha via OpenRouter
1583,AUH,PHARMACY,NEW NATIONAL MEDICAL CENTRE PHARMACY,MUSSAFAH,"SHABIYA ME 10,MUSAFFAH, ABUDHABI U.A.E",02-2550100,,,,verified,ox-alpha via OpenRouter
1584,AUH,PHARMACY,ASTER PHARMACIES GROUP LLC- BRANCH OF ABU DHABI 1,AL FALAH STREET ,"AL HAMED BUILDING, AL FALAH STREET, BLUE DIAMOND, BEHIND JUMBO ELECTRONICS",02-6437625,,,,verified,ox-alpha via OpenRouter
1585,AUH,PHARMACY,ASTER PHARMACIES GROUP L.L.C-BRANCH OF ABU DHABI -5,ELECTRA,"BUILDING NO 7, ZAYED STREET, ELECTRA",02-4489240,,,,verified,ox-alpha via OpenRouter
1586,AUH,PHARMACY,ASTER PHARMACIES GROUP LLC- BRANCH OF ABU DHABI 3,HAMDAN STREET,"BUILDING NO. EC –C-19, HAMDAN STREET, NEAR TO LULU INTERNATIONAL EXCHANGE",02-6229870,,,,verified,ox-alpha via OpenRouter
1587,AUH,PHARMACY,ASTER PHARMACIES GROUP L.L.C- BRANCH OF ABU DHABI 8,ELECTRA STREET,"CANON BUILDING, ELECTRA STREET, NEXT TO CBI BANK BUILDING",02-6711831,,,,verified,ox-alpha via OpenRouter
1588,AUH,PHARMACY,ASTER PHARMACIES GROUP LLC- BRANCH OF ABU DHABI 2,KHALIDYA,"DAR AL THALMIYA, KHALIDIYA, ABU DHABI, UAE, BEHIND AL MUHAIRY CENTRE",02-4910686,,,,verified,ox-alpha via OpenRouter
1589,AUH,PHARMACY,MODERN DAR AL SHIFA PHARMACY - MUSAFFAH  BR.,MUSSAFAH,"INDUSTRIAL AREA 9, MUSAFFAH",02-5561637,,,,verified,ox-alpha via OpenRouter
1590,AUH,PHARMACY,ASTER MODERN DAR AL SHIFA PHARMACY,ABU DHABI,NEAR DANA HOTEL - ABU DHABI,02-6446100,,,,verified,ox-alpha via OpenRouter
1591,AUH,PHARMACY,ASTER PHARMACY LLC,MUSSAFAH,"SAFEERMALL, MUSSAFAH",02 5529395,,,,verified,ox-alpha via OpenRouter
1592,AUH,PHARMACY,ASTER PHARMACIES GROUP L.L.C- BRANCH OF ABU DHABI 6,MUSAFFAH,"SHABIYA#10, NEAR TO JOY ALUKAS JEWELRY, MUSAFFAH",02-5502429,,,,verified,ox-alpha via OpenRouter
1593,AUH,PHARMACY,ASTER PHARMACIES GROUP  LLC- BRANCH OF ABUDHABI 4,DEYYAR,"SHOP NO 7&8,BODEBIS BUILDING ,DEFENSE ROAD, DEYYAR",02-4478482,,,,verified,ox-alpha via OpenRouter
1594,AUH,PHARMACY,ASTER PHARMACIES GROUP L.L.C- BRANCH OF ABU DHABI 7,ABU DHABI,"AL SHAHEEN COMPLEX , NEAR CHOITHRAM SUPER MARKET, KHALIDIYA, ABU DHABI",02-6395140,,,,verified,ox-alpha via OpenRouter
1595,AUH,PHARMACY,ASTER PHARMACIES GROUP L.L.C BRANCH ABU DHABI 10,ELECTRA STREET,"HEIRS OF DARWISH BIN AHMED BUILDING, SHOP NO:005, ZAYED 1ST ST, ELECTRA STREET, ABUDHABI, UAE",02-8868770,,,,verified,ox-alpha via OpenRouter
1596,AUH,PHARMACY,ASTER PHARMACIES GROUP L.L.C  ABU DHABI BRANCH 11,AIRPORT ROAD,"SHOP NO.2, BUILDING NO.193, NEXT TO ADNOC PETROL STATION, SECTOR E 18_01, AIRPORT ROAD, ABU DHABI, UAE",02-6274688,,,,verified,ox-alpha via OpenRouter
1597,AUH,PHARMACY,ASTER PHARMACIES GROUP L.L.C BRANCH OF ABU DHABI 9,AL WATHIQ STREET,"SHOP 2, BUILDING 139, AL WATHIQ STREET, SULTAN BIN ZAYED THE FIRST , BESIDE ZEHRAT LEBANON, MUROOR ROAD, ABUDHABI",02-8869464,,,,verified,ox-alpha via OpenRouter
1598,AUH,PHARMACY,ASTER PHARMACIES GROUP L.L.C - ABU DHABI BRANCH 15,AL NAHYAN,"37, AL RAWNAQ ST, AL NAHYAN, ABU DHABI",02-6431619,,,,verified,ox-alpha via OpenRouter
1599,AUH,PHARMACY,ASTER PHARMACIES GROUP L.L.C - BRANCH OF ABU DHABI 14, AL DANAH,"721, AL MURAIKHI BUILDING, HAMDAN BIN MOHAMMED ST, AL DANAH, ABU DHABI",02-6350204,,,,verified,ox-alpha via OpenRouter
1600,AUH,PHARMACY,ASTER PHARMACIES GROUP LLC BRANCH  ABUDHABI 13, AL DANA EAST,"DARWISH BIN AHMED BUILDING,AL FALAH STREET, AL DANA EAST , BESIDE TAHA MEDICAL CENTER, ABU DHABI, UAE",02-5858396,,,,verified,ox-alpha via OpenRouter
1601,AUH,PHARMACY,ZEST WELLNESS PHARMACY LLC - BRANCH OF ABU DHABI 1,KHALIFA CITY,"UNIT 07 & 08, WAITROSE CENTRE, KHALIFA CITY,SW-3, SECTOR 32, THEYAB BIN EISSA ST, ABU DHABI, UAE",02-5653462,,,,verified,ox-alpha via OpenRouter
1602,AUH,PHARMACY,ASTER PHARMACIES GROUP L.L.C - BRANCH OF ABU DHABI 17," INDUSTRIAL CITY, ICAD I","FF 123, DALMA MALL, AL WAZN ST, ABU DHABI INDUSTRIAL CITY, ICAD I, ABU DHABI",02-5620147,,,,verified,ox-alpha via OpenRouter
1603,AUH,PHARMACY,MARIAM PHARMACY LLC,AL WAHDA MALL,"OPPOSITE AL WAHDA MALL, DEFECNE ROAD, ABU DHABI",02-6418383,,,,verified,ox-alpha via OpenRouter
1604,AUH,PHARMACY,AMAL PHARMACY - SOLE PROPRIETORSHIP L.L.C,BANIYAS EAST 9,"BANIYAS EAST 9, ABU DHABI, UAE",02-5833996,,,,verified,ox-alpha via OpenRouter
1605,AUH,PHARMACY,AL AHALIA NATIONAL PHARMACY L.L.C. - BRANCH 1,TARIF ROAD,"M 24, MUSAFFAH, NEAR BMW SHOW ROOM, TARIF ROAD",02-5597090,,,,verified,ox-alpha via OpenRouter
1606,AUH,PHARMACY,GALAXY PHARMACY L.L.C.,MUSSAFFAH – 37,"NEAR AHMED SALEM AL - MAHRAMI MOSQUE, OPP AL MADINA HYPERMARKET, MUSSAFFAH – 37",02-5575413,,,,verified,ox-alpha via OpenRouter
1607,AUH,PHARMACY,AL RIDA PHARMACY,NAJATHA STREET,"NAJATHA STREET, OPP. NATIONAL CINEMA",02-6766125,,,,verified,ox-alpha via OpenRouter
1608,AUH,PHARMACY,BETTER LIFE PHARMACY - SOLE PROPRIETORSHIP L.L.C.,MUSAFFAH ICAD,"MUSAFFAH ICAD, NEAR FATHIMA SUPERMARKET",02-5506693,,,,verified,ox-alpha via OpenRouter
1609,AUH,PHARMACY,BETTER LIFE PHARMACY- SOLE PROPRIETORSHIP L.L.C. - BRANCH 1,CORNICHE ROAD,"CORNICHE ROAD,AUH",02-6222230,,,,verified,ox-alpha via OpenRouter
1610,AUH,PHARMACY,EASTERN AL AHLIA PHARMACY - L.L.C.,"MAFRAQ, WORKERS CITY-2","MAFRAQ, WORKERS CITY-2,AUH",02-5856008,,,,verified,ox-alpha via OpenRouter
1611,AUH,PHARMACY,MADINA ZAYED AL AHLIYYA  PHARMACY,SHABIA,"33RD  STREET, ME-10, MUSSAFAH, SHABIA, MOHAMED BIN ZAYED CITY",02-5593711,,,,verified,ox-alpha via OpenRouter
1612,AUH,PHARMACY,NEW ABU DHABI PHARMACY - SOLE PROPRIETORSHIP L.L.C,AL FALAH STREET ,"AL FALAH STREET, OLD PASSPORT ROAD, RAFCO BUILDING",02-6777625,,,,verified,ox-alpha via OpenRouter
1613,AUH,PHARMACY,NOOR ALAHLI PHARMACY L.L.C. - BRANCH 1,ICAD GATE 1,"ICAD MALL, ICAD GATE 1, M41, ICAD RESIDENTIAL CITY, MUSSAFAH",02-6416723,,,,verified,ox-alpha via OpenRouter
1614,AUH,PHARMACY,NOOR ALAHLI PHARMACY L.L.C. - BRANCH 2,MUSSAFFAH,"ABU SHAKRA BLDG., ME-9, MUSSAFFAH",02-5522309,,,,verified,ox-alpha via OpenRouter
1615,AUH,PHARMACY,NOOR ALAHLI PHARMACY L.L.C. - BRANCH 3,HAMDAN STREET,"OPP PANORAMA BLDG, HAMDAN STREET, HAMDAN",02-6263305,,,,verified,ox-alpha via OpenRouter
1616,AUH,PHARMACY,NOOR ALAHLI PHARMACY L.L.C. - BRANCH 4,BANIYAS WEST,"NEAR BANIYAS COURT, BANIYAS WEST",02-5668124,,,,verified,ox-alpha via OpenRouter
1617,AUH,PHARMACY,NOOR ALAHLI PHARMACY L.L.C. - BRANCH 5,BANIYAS WEST,"BANIYAS WEST, NEAR UNITED SCHOOL",02-5831929,,,,verified,ox-alpha via OpenRouter
1618,AUH,PHARMACY,NOOR ALAHLI PHARMACY L.L.C. - BRANCH 6,HAMDAN STREET,"C15, SECTOR : EAST 6, HAMDAN STREET, HAMDAN",02-6210524,,,,verified,ox-alpha via OpenRouter
1619,AUH,PHARMACY,NOOR ALAHLI PHARMACY L.L.C. - BRANCH 7,HAMDAN STREET,"BEHIND A BLOCK, OPP DU BLDG, HAMDAN STREET, HAMDAN",02-6269545,,,,verified,ox-alpha via OpenRouter
1620,AUH,PHARMACY,NOOR ALAHLI PHARMACY L.L.C. - BRANCH 8,MARFA SOUQ,"MARFA SOUQ, OPP ABUSAEED MOSQUE, MIRFA",02-8833443,,,,verified,ox-alpha via OpenRouter
1621,AUH,PHARMACY,STAR AL AHALIA PHARMACY, GAYATHI,"C76, NEAR GAYATHI MARKET, GAYATHI",02-8744060,,,,verified,ox-alpha via OpenRouter
1622,AUH,PHARMACY,UNIQUE AL AHALIA PHARMACY,"MUSSAFAH, SHABIYA","ME-10, NEAR RED CRESCENT, MUSSAFAH, SHABIYA",02-5595441,,,,verified,ox-alpha via OpenRouter
1623,AUH,PHARMACY,UNIQUE AL AHALIA PHARMACY - BRANCH 1,HAMDAN STREET,"BEHIND LIWA CENTER, HAMDAN STREET, HAMDAN",02-6352775,,,,verified,ox-alpha via OpenRouter
1624,AUH,PHARMACY,WESTERN TOWERS AL AHLIA PHARMACY,"SANAYA, MADINA ZAYED","MZE-19, SANAYA, MADINA ZAYED",02-8841020,,,,verified,ox-alpha via OpenRouter
1625,AUH,PHARMACY,PHOENIX HOSPITAL PHARMACY L.L.C.,SHABIYAH,"M-10, SHABIYAH, MUSAFFAH",02-6151525,,,,verified,ox-alpha via OpenRouter
1626,AUH,PHARMACY,MILLENNIUM HOSPITAL PHARMACY L.L.C.,SHABIA 9,"C 175, ME 9, SHABIA 9, MUSSAFAH",02-5649409,,,,verified,ox-alpha via OpenRouter
1627,AUH,PHARMACY,AL AHALIA NATIONAL PHARMACY L.L.C.,MUSSAFAH,"TARIFF ROAD, M-24, MUSSAFAH",02-8119151,,,,verified,ox-alpha via OpenRouter
1628,AUH,PHARMACY,UNIQUE AL AHALIA PHARMACY - BRANCH 2,DELMA STREET,"DELMA STREET, OLD AIRPORT ROAD",02-6410039,,,,verified,ox-alpha via OpenRouter
1629,AUH,PHARMACY,ZIRKU PHARMACY,ZIRKU ISLAND,"ZIRKU ISLAND, ABU DHABI",02 6056503,,,,verified,ox-alpha via OpenRouter
1630,AUH,PHARMACY,ADNOC ONSHORE MEDICAL CENTRE PHARMACY,AL KHALIDIYAH,"ADCO MEDICAL CENTRE, NEAR ADCO OPERATIONS, AL KHALIDIYAH,1ST CORNICHE STREET, ABU DHABI",02-6018527 / 02-6043013,,,,verified,ox-alpha via OpenRouter
1631,AUH,PHARMACY,ADNOC TECHNICAL INSTITUTE PHARMACY,AL SHAWAMEKH,"AL SHAWAMEKH, NEAR SCHLUMBERGER - ABU DHABI",02 6022837,,,,verified,ox-alpha via OpenRouter
1632,AUH,PHARMACY,DAS MEDICAL CENTER PHARMACY,DAS ISLAND,"DAS ISLAND, ABU DHABI",02-6063500,,,,verified,ox-alpha via OpenRouter
1633,AUH,PHARMACY,ABU DHABI REFINERY,INTERNATIONAL AIRPORT ROAD,INTERNATIONAL AIRPORT ROAD - ABU DHABI,02 6026305,,,,verified,ox-alpha via OpenRouter
1634,AUH,PHARMACY,SHEIKH KHALIFA ENERGY CLINIC PHARMACY,SHEIKH KHALIFA ENERGY COMPLEX,SHEIKH KHALIFA ENERGY COMPLEX - ABU DHABI,02 6020070,,,,verified,ox-alpha via OpenRouter
1635,AUH,PHARMACY,AL DABBAYIA PHARMACY,RAMS DHABIYYA CLINI,"RAMS DHABIYYA CLINIC,ABU DHABI",02-26046788,,,,verified,ox-alpha via OpenRouter
1636,AUH,PHARMACY,ASAB PHARMACY,ASAB AREA,"ASAB AREA, ABU DHABI",02-6034222,,,,verified,ox-alpha via OpenRouter
1637,AUH,PHARMACY,BUHASA PHARMACY,RAMS BUHASA,"RAMS BUHASA, ABU DHABI",02-6035272,,,,verified,ox-alpha via OpenRouter
1638,AUH,PHARMACY,HABSHAN PHARMACY,HABSHAN,"BEDA ZAYED ROAD, HABSHAN ABU DHABI",02-6038331,,,,verified,ox-alpha via OpenRouter
1639,AUH,PHARMACY,AL DHANNAH HOSPITAL PHARMACY,AL DHANNAH CITY,"AL DHANNAH CITY, NEAR AL DHANNAH MALL",02-8090311,,,,verified,ox-alpha via OpenRouter
1640,AUH,PHARMACY,MEDEOR 24X7 PHARMACY LLC,AL FALAH ST - AL DANAH,AL FALAH ST - AL DANAH - ZONE 1 - ABU DHABI,02-6900 466,,,,verified,ox-alpha via OpenRouter
1641,AUH,PHARMACY,ALGHARBIA MEDICINE PHARMACY LLC,SHABIYA 10 ,"NEAR PRIME CARE MEDICAL CENTRE. SHABIYA 10 ABUDHABI,UAE",02-5587652,,,,verified,ox-alpha via OpenRouter
1642,AUH,PHARMACY,KNIGHTS PHARMACY,ZAYED THE FIRST STREET,"1ST FLOOR, PINK BUILDING #501, NEAR ROYAL ROSE HOTEL, ZAYED THE FIRST STREET - E-10 - ABU DHABI",02-6767366,,,,verified,ox-alpha via OpenRouter
1643,AUH,PHARMACY,KNIGHTS PHARMACY - LLC - KHALIFA BRANCH.,NEAR SHEIKH KHALIFA MEDICAL CITY,"VILLA NO # 209, NEAR SHEIKH KHALIFA MEDICAL CITY, AL    KARAMAH STREET",02-621 9996,,,,verified,ox-alpha via OpenRouter
1644,AUH,PHARMACY,ASTER PHARMACIES GROUP L.L.C - ABU DHABI BRANCH 20,BANIYAS,"SHOP NO.1, THIBAN BUILDING, PLOT S17, AL TAATUF STREET, BANIYAS, ABU DHABI",02-6355490,,,,verified,ox-alpha via OpenRouter
1645,AUH,PHARMACY,ASTER PHARMACIES GROUP L.L.C - BRANCH OF ABU DHABI 18,KHALIFA CITY,"SHOP NO.1, BUILDING C54, AL MIREEF STREET, SECTOR SE45,SOUTHEAST-KHALIFA CITY, KHALIFA CITY, ABU DHABI",02-5845609,,,,verified,ox-alpha via OpenRouter
1646,AUH,PHARMACY,ASTER PHARMACIES GROUP L.L.C - BRANCH OF ABU DHABI 19,AL SHAHAMAH,"SHOP NO-2, BUILDING-4968, PLOT C123,AL-TAGHROUDA STREET, NEW SHAHAMAH, AL SHAHAMAH, ABU DHABI",02-5837390,,,,verified,ox-alpha via OpenRouter
1647,AUH,PHARMACY,ASTER PHARMACIES GROUP L.L.C - BRANCH OF ABU DHABI 21,AL RAHA,"G-01, BUILDING-P-2629, SECTOR RBW8, AL RAHA BEACH WEST, AL RAHA, ABU DHABI",02-8846576,,,,verified,ox-alpha via OpenRouter
1648,AUH,PHARMACY,AL RAWDHA PHARMACY L.L.C,AL DANAH ZONE,"P-805 PROPERTY NO. PRP572, BEHIND ADNOC-NDC BUILDING AL DANAH ZONE 1 E11 ABU DHABI, UAE",02-550 5565,,,,verified,ox-alpha via OpenRouter
1649,AUH,PHARMACY,FAMILY PHARMACY,"AL MARAFI STREET, AL DANAH,","HAMAD MUHAMMAD ALI  AL YABHOUNI AL DHAHERI BLDG,AL MARAFI STREET, AL DANAH, ABU DHABI CITY ",02-631 7417,,,,verified,ox-alpha via OpenRouter
1650,AUH,PHARMACY,A B C PLUS PHARMACY,WORKER CITY NO.1-MAFRAQ I,WORKER CITY NO.1-MAFRAQ INDUSTRIAL AREA-ABU DHABI UAE,02-6279479,,,,verified,ox-alpha via OpenRouter
1651,AUH,PHARMACY,A B C PLUS PHARMACY- BRANCH,BANI YAS WEST ,"NERA JERN YAFOOR SCHOOL BANI YAS WEST ABU DHABI,UAE",02-8784997,,,,verified,ox-alpha via OpenRouter
1652,AUH,PHARMACY,AL FURQAN PHARMACY,AL MAFRAQ WORKERS CITY,JARN YAFOUR - AL MAFRAQ WORKERS CITY - ABU DHABI,02-644 0077,,,,verified,ox-alpha via OpenRouter
1653,AUH,PHARMACY,M37 PHARMACY LLC,MUSSAFAH,"MUSSAFAH M 37 NEAR ALI HASSAN SUPER MARKET,ABUDHABI,UAE",02-2465436,,,,verified,ox-alpha via OpenRouter
1654,AUH,PHARMACY,MODERN PHARMACY L.L.C - BRANCH OF ABU DHABI 1, MADINAT ZAYED,"MADINAT ZAYED,WESTERN REGION , MADINAT ZAYEDCITYMALL,ABU DHABI,UAE
",02-8829915,,,,verified,ox-alpha via OpenRouter
1655,AUH,PHARMACY,MODERN PHARMACY L.L.C - BRANCH OF ABU DHABI 2,WORLD TRADE CENTRE,"OLD FISH MARKET,AL NASIR STREET ,AL HOSN TOWER,LAND MARK,NEARWORLD TRADE CENTRE ,ABUDHABI,UAE, ABU DHABI,PO BOX-24,UAE
",02-6449363,,,,verified,ox-alpha via OpenRouter
1656,AUH,PHARMACY,PUBLIC HEALTH PHARMACY LLC,BANIYAS," SHOP NO.2B PLOT NO F2C4_1MAGENTA PEARL VILLAGE, AL-MAFRAQ INDUSTRIAL-2 (CHINA CAMP),BANIYAS, ABU DHABI",02-6678668,,,,verified,ox-alpha via OpenRouter
1657,AUH,PHARMACY,HEALTH TIME PHARMACY - SOLE PROPRIETORSHIP L.L.C,BANIYAS," BLDG. 08, PLOT F2C4-8, AL-MAFRAQ INDUSTRIAL 2 BANIYAS, ABU DHABI, UNITED ARAB EMIRATES,",02-6425247,,,,verified,ox-alpha via OpenRouter
1658,AUH,PHARMACY,BLACK FALCON PHARMACY L.L.C,GHAYATHI NEW INDUSTRIAL AREA,"BIN ASHEER BUILDING, GHAYATHI NEW INDUSTRIAL AREA, WESTERN REGION GHAYATHI ABU DHABI, UAE",02-8762647,,,,verified,ox-alpha via OpenRouter
1659,AUH,PHARMACY,FUTURE INTERNATIONAL PHARMACY L.L.C,SHABIYA-11,"SHABIYA-11, ABU DHABI, UAE ",02-5595112,,,,verified,ox-alpha via OpenRouter
1660,AUH,PHARMACY,SMART HEALTH PHARMACY,WORKERS VILLAGE 2 AL MAFRAQ,"WORKERS VILLAGE 2 AL MAFRAQ INDUSTRIAL AREA ABU DHABI, UAE  ",02-4467700,,,,verified,ox-alpha via OpenRouter
1661,AUH,PHARMACY,NORTH WEST PHARMACY LLC,MUSAFFAH 38,"MUSAFFAH 38, ABUDHABI,UAE",02-6731164,,,,verified,ox-alpha via OpenRouter
1662,AUH,PHARMACY,AL KAMAL PHARMACY,KHALIDIYA,"GROUND FLOOR,AL JERNAIN TOWER,ZAYED THE FIRST STREET,KHALIDIYA,ABU DHABI,UAE",02-6669281,,,,verified,ox-alpha via OpenRouter
1663,AUH,PHARMACY,GIANT PHARMACY LLC, MUSSAFAH,"SHOP 11, MUSSAFAH,UAE",02-5517211,,,,verified,ox-alpha via OpenRouter
1664,AUH,PHARMACY,EMERALD PHARMACY LLC, ICAD,"STREET#16 M/37 NEAR ICAD,ABU DHABI,UAE",02-5554165,,,,verified,ox-alpha via OpenRouter
1665,AUH,PHARMACY,HOPE PHARMACY L.L.C,BANIYAS,"BANIYAS, MAFRAQ INDUSTRIAL - PLOT 384, UNIT, OWNER/GENERAL CONSTRUCTION COMPANY, ABU DHABI",02-5552687,,,,verified,ox-alpha via OpenRouter
1666,AUH,PHARMACY,MAX BLUE PHARMACY,MUSSAFAH,"ABU HINAA 1ST STREET MUSSAFAH M 10, ABU DHABI, UAE",02 5751331,,,,verified,ox-alpha via OpenRouter
1667,AUH,PHARMACY,SAHARA PHARMACY L.L.C,MUSAFFAH,"M44, MUSAFFAH, ABU DHABI",02-5556392,,,,verified,ox-alpha via OpenRouter
1668,AUH,PHARMACY,LLH PHARMACY ALMUSAFFAH L.L.C. - BRANCH,"GHIYATHI, AL DHAFRA","NEAR MEGA BAZAR GHIYATHI, AL DHAFRA",056-4010637,,,,verified,ox-alpha via OpenRouter
1669,AUH,PHARMACY,TIME CURE PHARMACY - SOLE PROPRIETORSHIP LLC,MUSSAFAH 36,"PLOT 15, ABOVE ARAB COOK REST. MUSSAFAH 36, ABU DHABI,UAE",02-5508998,,,,verified,ox-alpha via OpenRouter
1670,AUH,PHARMACY,NEW PHARMACY COMPANY LTD(FORMERLY NEW PHARMACY COMPANY WLL),ELECTRA STREET,SH.ZAYED 2ND STREET (ELECTRA ROAD),02-6322379,,,,verified,ox-alpha via OpenRouter
1671,AUH,PHARMACY,NMC PHARMACY L L C - O.P.C(FORMERLY NMC PHARMACY),"SAMA TOWER,SH. ZAYED ROAD","SAMA TOWER , GROUND FLOOR, SH. ZAYED ROAD",02-6179820,,,,verified,ox-alpha via OpenRouter
1672,AUH,PHARMACY,NEW PHARMACY COMPANY LTD -  BRANCH 7,AL KHALIDIYAH ,14 AL FARIS ST - AL KHALIDIYAH - W17-01 - ABU DHABI,02-6144900,,,,verified,ox-alpha via OpenRouter
1673,AUH,PHARMACY,NMC PHARMACY- L.L.C - O.P.C - BRANCH (FORMERLY NMC PHARMACY BRANCH 1),SH.ZAYED 2ND STREET,SH.ZAYED 2ND STREET (ELECTRA ROAD),02-6179143,,,,verified,ox-alpha via OpenRouter
1674,AUH,PHARMACY,APOLLO PHARMACY L.L.C. - S.P.C. (FORMERLY APOLLO PHARMACY LLC),HAMDAN STREET,"PLOT NO.C-128,SECTOR NO-3,HAMDAN STRRET,ABUDHABI,P.O BOX-44850",02-6344747,,,,verified,ox-alpha via OpenRouter
1675,AUH,PHARMACY,ARCHITECTS PHARMACY LLC OPC,ICAD - III,"AL DHAFRA WORKERS VILLAGE ICAD - III,IAUH,UAE",02-6721400,,,,verified,ox-alpha via OpenRouter
1676,AUH,PHARMACY,MEDLUX PHARMACY L.L.C,AL MAFRAQ INDUSTRIAL AREA,"AL MAFRAQ INDUSTRIAL AREA,ABU DHABI,UAE",02-6229722,,,,verified,ox-alpha via OpenRouter
1677,AUH,PHARMACY,ROYAL INTERNATIONAL PHARMACY,AL MAFRAQ WORKERS VILLAGE,"AL MAFRAQ WORKERS VILLAGE NO. 1 ABU DHABI, UAE",02-5833735,,,,verified,ox-alpha via OpenRouter
1678,AUH,PHARMACY,BUPA PHARMACY SOLE PROPRIETORSHIP L.L.C ,HAMDAN BIN MOHAMMED,"GROUND FLOOR, FOTOUH AL KHAIR MALL SHEIKH RASHID BIN SAEED ST - HAMDAN BIN MOHAMMED ST - E3-01 - ABU DHABI",050-4280964,,,,verified,ox-alpha via OpenRouter
1679,AUH,PHARMACY,SHARMIN AKTER PHARMACY LLC,WORKERS CITY 2,"G20, 21 PARCO MALL MAFRAQ WORKER CITY 2 ABU DHABI UAE",02-5828077,,,,verified,ox-alpha via OpenRouter
1680,AUH,PHARMACY,MED DOC PHARMACY L.L.C O.P.C,AL ZAHIYAH ST,"ARABIAN GULF TOWER, 53, AL ZAHIYAH ST, AL ZAHIYAH, ABU DHABI 22211",02 -6428605,,,,verified,ox-alpha via OpenRouter
1681,AUH,PHARMACY,MAX GRAND PHARMACY - SOLE PROPRIETORSHIP L.L.C.,MUSAFFAH,"VILLAGE MALL, MUSAFFAH INDUSTRIAL, SHOP NO.18, ABU DHABI, UAE",02-8820849,,,,verified,ox-alpha via OpenRouter
1682,AUH,PHARMACY,AL DIYAFA PHARMACY,HAMDAN CENTER,"SHOP NO: 4, BEHIND HAMDAN CENTER, ABU DHABI, UNITED ARAB EMIRATES",02-6434325,,,,verified,ox-alpha via OpenRouter
1683,AUH,PHARMACY,HEALTH FIRST PHARMACY LLC - BRANCH 10,BANIYAS EAST,"BANIYAS EAST , AL MUWAILI ST BEHIND BIN HAMODA MOSUQ ABD,ABU DHABI,UAE",02-5464318,,,,verified,ox-alpha via OpenRouter
1684,AUH,PHARMACY,HEALTH FIRST PHARMACY LLC - BRANCH 13,AL SAYYAR ST,"AL BAHIA ABU DUBAI ROAD AL SAYYAR ST,ABU DHABI,UAE",02-5646364,,,,verified,ox-alpha via OpenRouter
1685,AUH,PHARMACY,HEALTH FIRST PHARMACY LLC BRANCH 12,AL FALAH CITY,"AL FALAH CITY - VILLAGE 1,",02-6746989,,,,verified,ox-alpha via OpenRouter
1686,AUH,PHARMACY,HEALTH FIRST PHARMACY LLC BRANCH 15,BANIYAS,BAWABAT AL SHARQ MALL-BANIYAS-AUH,02-5851992,,,,verified,ox-alpha via OpenRouter
1687,AUH,PHARMACY,HEALTH FIRST PHARMACY LLC BRANCH 18,AL NAHYAN AL MARSA ST,DUSIT THANI-YAS MEDICAL SENTER -AL NAHYAN-AL MARSA ST AUH,02-5852625,,,,verified,ox-alpha via OpenRouter
1688,AUH,PHARMACY,HEALTH FIRST PHARMACY LLC BRANCH 2,BANIYAS ST,BANIYAS ST. BESIDE COOPERATIVE SOCIETY,02-5834451,,,,verified,ox-alpha via OpenRouter
1689,AUH,PHARMACY,HEALTH FIRST PHARMACY LLC BRANCH 3,SHABIA KHALIFA,SHABIA KHALIFA-SECTOR#10(MUSSAFAH),02-5527070,,,,verified,ox-alpha via OpenRouter
1690,AUH,PHARMACY,HEALTH FIRST PHARMACY LLC BRANCH 4,KHALIDIA STREET,KHALIDIA STREET,02-6666427,,,,verified,ox-alpha via OpenRouter
1691,AUH,PHARMACY,HEALTH FIRST PHARMACY LLC BRANCH 5,SECTOR #11(MUSSAFAH),SHABIA KHALIFA-SECTOR #11(MUSSAFAH),02-5530036,,,,verified,ox-alpha via OpenRouter
1692,AUH,PHARMACY,HEALTH FIRST PHARMACY LLC BRANCH 6,KHALIDIA ST,BEHIND LEBANESE RESTAU.AL KHALIDIA ST.,02-6668798,,,,verified,ox-alpha via OpenRouter
1693,AUH,PHARMACY,HEALTH FIRST PHARMACY LLC BRANCH 7, AIRPORT ROAD,"CARREFOUR CENTRE,  AIRPORT ROAD. ABU DHABI",02-4494209,,,,verified,ox-alpha via OpenRouter
1694,AUH,PHARMACY,HEALTH FIRST PHARMACY LLC BRANCH 8,BANIYAS ST,BANIYAS ST. BESIDE COMMERCIAL BANK AD,02-5822180,,,,verified,ox-alpha via OpenRouter
1695,AUH,PHARMACY,HEALTH FIRST PHARMACY LLC BRANCH 9,KHALIFA CITY,KHALIFA CITY ABU DHABI AL BANDAR AREA,02-5577611,,,,verified,ox-alpha via OpenRouter
1696,AUH,PHARMACY,HEALTH FIRST PHARMACY LLC,SADYAT ISLAND,"SAINT REDGIS RESORT - SADYAT ISLAND, ABU DHABI, UAE",02-6219720,,,,verified,ox-alpha via OpenRouter
1697,AUH,PHARMACY,BURJEEL JUDICIARY PHARMACY LLC, AL RAWDAH," AL RAWDAH- W58- ABU DHABI, UAE",80055,,,,verified,ox-alpha via OpenRouter
1698,AUH,PHARMACY,BURJEEL PHARMACY FORSAN CENTRAL MALL L.L.C.,KHALIFA CITY - SECTOR 3,"FORSAN CENTRAL MALL - KHALIFA CITY - SECTOR 33 - ABU DHABI, UAE",02-5570123,,,,verified,ox-alpha via OpenRouter
1699,AUH,PHARMACY,BURJEEL RETAIL PHARMACY L.L.C - BRANCH,KHALIFA CITY A2,"KHALIFA CITY A2, MARKET AREA, BUILDING C6 ABU DHABI, UAE",02-5562421,,,,verified,ox-alpha via OpenRouter
1700,AUH,PHARMACY,BURJEEL RETAIL PHARMACY L.L.C.,AL SARAY STREET,"AL SARAY STREET AL DHAFRA MALL FLOOR UGF 27 AL DHAFRA REGION, WESTERN REGION OF ABU DHABI, UAE",02-8848989,,,,verified,ox-alpha via OpenRouter
1701,AUH,PHARMACY,BURJEEL RETAIL PHARMACY L.L.C. - BRANCH SHABIA,SHABIA-9,"SHABIA-9, NEAR LLH MEDICAL CENTRE-MUSAFFAH, SHABIA-9-GROUNF FLOOR, ABU DHABI, UAE",02-6412019,,,,verified,ox-alpha via OpenRouter
1702,AUH,PHARMACY,BURJEEL RETAIL PHARMACY L.L.C. - BRANCH-MAZYAD MALL,MAZYAD MALL,"MAZYAD MALL, MUSAFFAH COMMERCIAL, MAZYAD MALL-GROUND FLOOR, ABU DHABI, UAE",02-5534848,,,,verified,ox-alpha via OpenRouter
1703,AUH,PHARMACY,BURJEEL RETAIL PHARMACY L.L.C. - BRANCH AL DHAFRA,MADINAT ZAYED,"AL DHAFRA SPORTS CLUB BUILDING, BESIDE BURJEEL OASIS MEDICAL CENTRE, MADINAT ZAYED, WESTERN REGION, GROUND FLOOR, ABU DHABI, UAE",02-5567933,,,,verified,ox-alpha via OpenRouter
1704,AUH,PHARMACY,BURJEEL RETAIL PHARMACY L.L.C. - BRANCH-MUSHRIF MALL,MUSHRIF MALL,"MUSHRIF MALL, NEAR LULU HYPER MARKET, MUSHRIF MALL-2ND FLOOR, AIRPORT ROAD, ABU DHABI, UAE",02-4470407,,,,verified,ox-alpha via OpenRouter
1705,AUH,PHARMACY,BURJEEL RETAIL PHARMACY L.L.C. - BRANCH-ALNAHYAN,AL NAHYAN CAMP AREA,"Y TOWER, NEAR LULU SUPER MARKET, AL NAHYAN CAMP AREA, MAMOURAH BUILDING, Y-TOWER-GROUND FLOOR, ABU DHABI, UAE",02-6438330,,,,verified,ox-alpha via OpenRouter
1706,AUH,PHARMACY,BURJEEL RETAIL PHARMACY L.L.C. - BRANCH-AL WAHDA MALL,,"AL WAHDA MALL-EXT. BUILDING, NEAR ABU DHABI BUS STATION, AL WEHDA MALL- GROUND FLOOR (BESIDE MAIN ENTRANCE) ABU DHABI, UAE",04-9187987,,,,verified,ox-alpha via OpenRouter
1707,AUH,PHARMACY,BURJEEL RETAIL PHARMACY L.L.C. - BRANCH-AL WAHDA,AL WAHDA MALL,"AL WAHDA MALL, NEAR LULU HYPER MARKET, AL WEHDA MALL-BASEMENT 1, ABU DHABI, UAE",02-4437788,,,,verified,ox-alpha via OpenRouter
1708,AUH,PHARMACY,BURJEEL RETAIL PHARMACY L.L.C. - BRANCH-MZSC,ELECTRA STREET,"MADINAT ZAYED SHOPPING CENTRE, GROUND FLOOR, NEAR LULU HYPER MARKET, ELECTRA STREET, ABU DHABI, UAE",02-6588918,,,,verified,ox-alpha via OpenRouter
1709,AUH,PHARMACY,BURJEEL RETAIL PHARMACY L.L.C. – BRANCH-AL FALAH,AL FALAH CENTRAL MALL,"AL FALAH CENTRAL MALL, SHOP B-05, SECTOR 1F, AL FALAH CITY, ABU DHABI, UAE",02-6713474,,,,verified,ox-alpha via OpenRouter
1710,AUH,PHARMACY,NIDHAM GHIYATHI PHARMACY,AL DHAFRA REGION GHIYATHI ,"AL DHAFRA REGION GHIYATHI NEAR FAB BANK,ABU DHABI,UAE",02-8741791,,,,verified,ox-alpha via OpenRouter
1711,AUH,PHARMACY,LLH PHARMACY AL MUSAFFAH LLC BRANCH 2,AL MAFRAQ,"LABOTEL WORKERS VILLAGE , AL MAFRAQ WORKERS RESIDENTIAL CITY , ABU DHABI",02-5503529,,,,verified,ox-alpha via OpenRouter
1712,AUH,PHARMACY,LIFECARE INTERNATIONAL PHARMACY LLC BRANCH,AL MAFRAQ,"CONSTRUCTION WORKERS RESIDENTIAL CITY, AL MAFRAQ WORKERS CITY, ABU DHABI",02-5564776,,,,verified,ox-alpha via OpenRouter
1713,AUH,PHARMACY,RIGHT HEALTH PHARMACY - SOLE PROPRIETORSHIP L.L.C,AL DHAFRA,"PARCEL T-29 HABSHAN CAMP - AL DHAFRA, AREA - ABU DHABI, UAE",050-5958958,,,,verified,ox-alpha via OpenRouter
1714,AUH,PHARMACY,KHALIDIYA LULU PHARMACY L L C - BRANCH,SAADIYAT,"HIDD AL SAADIYAT, LULU EXPRESS ,SAADIYAT, ABU DHABI, UAE",02-5467085,,,,verified,ox-alpha via OpenRouter
1715,AUH,PHARMACY,LULU KHALIDIYAH PHARMACY LLC,KHALIDIYAH MALL,KHALIDIYAH MALL. ABU DHABI,02-6354440,,,,verified,ox-alpha via OpenRouter
1716,AUH,PHARMACY,LULU RAHA PHARMACY LLC,AL RAHA MALL,"AL RAHA MALL, ABU DHABI.",02-5562607,,,,verified,ox-alpha via OpenRouter
1717,AUH,PHARMACY,LULU RAHA PHARMACY BRANCH 1,LULU BANIYAS,"LULU HYPERMARKET, BANIYAS,ABU DHABI",02-5505051,,,,verified,ox-alpha via OpenRouter
1718,AUH,PHARMACY,EXCELLENT PHARMACY-SOLE PROPRIETORSHIP L.L.C ,WORKER CITY 2,"SWAEED RESIDENTIAL COMPOUND, AL MAFRAQ WORKER CITY 2, ABU DHABI, UAE",02-5544469,,,,verified,ox-alpha via OpenRouter
1719,AUH,PHARMACY,QUSAHWIRA MEDICAL CENTER PHARMACY,AL DHAFRA,"AL DHAFRA REGION, ABU DHABI",02 6023882,,,,verified,ox-alpha via OpenRouter
1720,AUH,PHARMACY,HEART BEAT PHARMACY L.L.C.,SHEIKH RASHID BIN SAEED ST,"PLOT 103, MUSHRIF AREA - SHEIKH RASHID BIN SAEED ST-ABU DHABI, UAE",02-4449494,,,,verified,ox-alpha via OpenRouter
1721,AUH,PHARMACY,AL TADAWI PHARMACY -L.L.C,ABU DHABI,"INJAZ BUILDING, ABU DHABI, UAE",02-8867077,,,,verified,ox-alpha via OpenRouter
1722,AUH,PHARMACY,AL MARINA PHARMACY L.L.C,AL DANAH AREA,"AL DANAH AREA, ABU DHABI, UAE",02-6343454,,,,verified,ox-alpha via OpenRouter
1723,AUH,PHARMACY,AL MARINA PHARMACY LLC - BRANCH 1,MUSSAFAH,"M37 MUSSAFAH INDUSTRIAL AREA, ABU DHABI, UAE",02-5503115,,,,verified,ox-alpha via OpenRouter
1724,AUH,PHARMACY,SELECT PHARMACY - SOLE PROPRIETORSHIP L.L.C.,SANAYA,"M10, SANAYA, SHOP-05, NEXT TO BANGALI MOSQUE, ABU DHABI, UAE",02-6396140,,,,verified,ox-alpha via OpenRouter
1725,AUH,PHARMACY,CROWN PHARMACY - SOLE PROPRIETORSHIP L.L.C,MUSAFFAH,"MUSAFFAH - M11, ABU DHABI, UAE",02-5529143,,,,verified,ox-alpha via OpenRouter
1726,AUH,PHARMACY,SAAD PHARMACY - SOLE PROPRIETORSHIP L.L.C,HAMDAN STREET,"​AL YOUSUF CENTER​617, HAMDAN STREET, ABU DHABI, UAE",02-6277332,,,,verified,ox-alpha via OpenRouter
1727,AUH,PHARMACY,SELENA PHARMACY - L.L.C - O.P.C,AL DHANA AREA,"AL DHANA AREA WTC, ABU DHABI, UAE ",02-6710051,,,,verified,ox-alpha via OpenRouter
1728,AUH,PHARMACY,TAHA PHARMACY L.L.C,AL  FALAH STREET,"AL FALAH STREET, ABU DHABI, UAE",02-6343447,,,,verified,ox-alpha via OpenRouter
1729,AUH,PHARMACY,GOLDEN HEALTH PHARMACY - L.L.C- O.P.C - BRANCH,HAMEEM WORKER CITY,"AL SIDRA VILLAGE, SALEM CITY, AL BIHOUTH, HAMEEM WORKER CITY, ABU DHABI, UAE",04-3335502,,,,verified,ox-alpha via OpenRouter
1730,AUH,PHARMACY,ZEST WELLNESS PHARMACY L.L.C - BRANCH OF ABU DHABI,AL BATEEN,"SHOP NO G 5, AL RAWDA BUILDING, AL NIYABAH ST, AL BATEEN, ABU DHABI, UAE",02-5823626,,,,verified,ox-alpha via OpenRouter
1731,AUH,PHARMACY,MEDON FIRST PHARMACY - L.L.C - S.P.C,AL DANAH ZONE 1,"SHOP NO. 1 - MUROOR RD SULTAN BIN ZAYED THE FIRST ST - AL DANAH - ZONE 1 - ABU DHABI, UAE",02-5822669,,,,verified,ox-alpha via OpenRouter
1732,AUH,CLINIC,SADIQ POLYCLINIC - SOLE PROPRIETORSHIP L.L.C,MUSSAFAH 37,"MUSSAFAH 37 ABU DHABI,UAE",02-8864000,,,,verified,ox-alpha via OpenRouter
1733,AUH,PHARMACY,SURE MEDI PHARMACY - SOLE PROPRIETORSHIP L.L.C,MUSSAFAH 37,"MUSSAFAH 37 ABU DHABI,UAE",02-8864000,,,,verified,ox-alpha via OpenRouter
1734,AUH,CLINIC,GOLD LIFE MEDICAL CLINIC LLC,HAMEEM WORKERS CITY,"BUHAIRAN HAMIM CAMP AL BIHOUTH , AL DHAFRA ,AREA HAMEEM WORKERS CITY  ABU DHABI- UAE PO BOX - 8680",02-6450545,,,,verified,ox-alpha via OpenRouter
1735,AUH,PHARMACY,ASTER PHARMACIES GROUP L.L.C - BRANCH OF ABU DHABI,MADINATH RIYADH,"SHOP NO 04, AMAL MOHAMMED AL SALMI, MADINATH RIYADH, ABU DHABI",052-9035007,,,,verified,ox-alpha via OpenRouter
1736,AUH,PHARMACY,AL MAQAM PHARMACY - SOLE PROPREITORSHIP L.L.C.,MADINATH RIYADH,"AL OMRAN TRAINING CENTER BUILDING, GROUND FLOOR, ZAYED BIN SULTAN STREET",03-7681188,,,,verified,ox-alpha via OpenRouter
1737,AUH,CLINIC,MIAMI MEDICAL CENTER - L.L.C - S.P.C,AL MAFRAQ ,"JAN YAFOUR - AL MAFRAQ INDUSTRIAL SHOP NO-17, PLOT NO- 349 , ABU DHABI PO BOX -133654, UAE",02-6322126,,,,verified,ox-alpha via OpenRouter
1738,AUH,PHARMACY,MIAMI PHARMACY - L.L.C - S.P.C,AL MAFRAQ ,"JAN YAFOUR - AL MAFRAQ INDUSTRIAL SHOP NO-17, PLOT NO- 349 , ABU DHABI PO BOX -133654, UAE",02-6322126,,,,verified,ox-alpha via OpenRouter
1739,AUH,CLINIC,KOHAT MEDICAL CENTRE - L.L.C - S.P.C,MUSSAFAH ,"MUSSAFAH INDUSTRIAL, M40, ABU DHABI, UAE",02-5511129,,,,verified,ox-alpha via OpenRouter
1740,AUH,PHARMACY,KOHAT PHARMACY- L.L.C - S.P.C,MUSSAFAH ,"MUSSAFAH INDUSTRIAL, M40, ABU DHABI, UAE",02-5531824,,,,verified,ox-alpha via OpenRouter
1741,AUH,PHARMACY,BIN SINA PHARMACY AL MARYAH ISLAND,AL DHAHERI ST,"THE GALLERIA AL MARYAH ISLAND, AL MARYAH CENTRAL, P4, CONCOURSE AREA - 107 HAMOUDA BIN ALI AL DHAHERI ST - AL MARYAH ISLAND - ABU DHABI",02 643 8780,,,,verified,ox-alpha via OpenRouter
1742,AUH,PHARMACY,IBN SINA PHARMACY L.L.C. - BRANCH 9 ,AL FALAH ST,"AL FALAH ST, THE GALLERIA LEVEL 2, R2 PARKING - ABU DHABI",02-4919745,,,,verified,ox-alpha via OpenRouter
1743,AUH,PHARMACY,IBN SINA PHARMACY - SOLE PROPRIETORSHIP L.L.C - BRANCH 2,AL REEM ISLAND,MALL - 1ST FLOOR - OPPOSITE TO HOMBOX - AL REEM ISLAND - NAJMAT ABU DHABI - ABU DHABI,02 449 6357,,,,verified,ox-alpha via OpenRouter
1744,AUH,PHARMACY,IBN SINA PHARMACY - SOLE PROPRIETORSHIP L.L.C.,MARINA MALL ,BASEMENT FLOOR MARINA MALL - أبو ظبي,02 681 5630,,,,verified,ox-alpha via OpenRouter
1745,AUH,PHARMACY,IBN SINA PHARMACY - SOLE PROPRIETORSHIP L.L.C. - BRANCH 1,AL KHALIDIYAH,DANAPLAZA BUILDING - FIRST ZAYED STREET - AL KHALIDIYAH - W8 - ABU DHABI,02 667 8768,,,,verified,ox-alpha via OpenRouter
1746,AUH,PHARMACY,IBN SINA PHARMACY - SOLE PROPRIETORSHIP L.L.C. - BRANCH 10,MUSAFFAH ,"16TH ST GROUND FLOOR, CAPITAL MALL, MOHAMMED BIN ZAYED CITY - MUSAFFAH - ABU DHABI",02 553 9092,,,,verified,ox-alpha via OpenRouter
1747,AUH,PHARMACY,IBN SINA PHARMACY - SOLE PROPRIETORSHIP L.L.C. - BRANCH 12,PARAGON BAY MAL,GROUND FLOOR PARAGON BAY MALL - AE-AZ,02 658 5203,,,,verified,ox-alpha via OpenRouter
1748,AUH,PHARMACY,IBN SINA PHARMACY - SOLE PROPRIETORSHIP L.L.C. - BRANCH 26,AL KHALEEJ AL ARABI ST,SOUQ AL JAMI SHEIKH ZAYED GRAND MOSQUE RD - AL KHALEEJ AL ARABI ST - ABU DHABI,02 672 4141,,,,verified,ox-alpha via OpenRouter
1749,AUH,PHARMACY,IBN SINA PHARMACY - SOLE PROPRIETORSHIP L.L.C. - BRANCH 5,DALMA MALL,"DALMA MALL, ICAD GROUND FLOOR - ABUDHABI",02 551 2385,,,,verified,ox-alpha via OpenRouter
1750,AUH,PHARMACY,IBN SINA PHARMACY - SOLE PROPRIETORSHIP L.L.C. - BRANCH 7,BAWABAT AL SHARQ,MALL - FIRST FLOOR - BAWABAT AL SHARQ - ABU DHABI,02 586 8724,,,,verified,ox-alpha via OpenRouter
1751,AUH,PHARMACY,IBN SINA PHARMACY - SOLE PROPRIETORSHIP L.L.C. - BRANCH Al Qana,AL QANA STREET ,AL QANA STREET - RABDAN - ABU DHABI,02 676 8324,,,,verified,ox-alpha via OpenRouter
1752,AUH,PHARMACY,IBN SINA PHARMACY - SOLE PROPRIETORSHIP L.L.C. - BRANCH Almusafah,MUSAFFAH,AL - BSP-NPCC - MUSAFFAH - ABU DHABI,02 555 0302,,,,verified,ox-alpha via OpenRouter
1753,AUH,PHARMACY,IBN SINA PHARMACY - SOLE PROPRIETORSHIP L.L.C. - BRANCH GLOBAL CARE,AL MANHAL,BUILDING 419 - WEST 14-1 - AL MANHAL - ABU DHABI,02 887 0931,,,,verified,ox-alpha via OpenRouter
1754,AUH,PHARMACY,IBN SINA PHARMACY SOLE PROPRIETORSHIP L.L.C - Branch 16 ,AL DANAH ,SILVER TOWER - AL DANAH - ZONE 1 - ABU DHABI,02 584 7865,,,,verified,ox-alpha via OpenRouter
1755,AUH,PHARMACY,IBN SINA PHARMACY SOLE PROPRIETORSHIP L.L.C - Branch 20,CORNICHE RD,"WEST - STREET NUMBER 7,CORNICHE ROAD - CORNICHE RD - ABU DHABI",02 448 0650,,,,verified,ox-alpha via OpenRouter
1756,AUH,PHARMACY,IBN SINA PHARMACY SOLE PROPRIETORSHIP L.L.C - Branch 27,AL MAHA ST ,AL MAHA ST - YAS ISLAND - ABU DHABI,02 565 1314,,,,verified,ox-alpha via OpenRouter
1757,AUH,PHARMACY,IBN SINA PHARMACY SOLE PROPRIETORSHIP L.L.C - Branch 3,KHALIFA CITY ,16TH ST - KHALIFA CITY - SECTOR 32 - ABU DHABI,02 556 2140,,,,verified,ox-alpha via OpenRouter
1758,AUH,PHARMACY,IBN SINA PHARMACY SOLE PROPRIETORSHIP L.L.C - Branch 4,AL MUROOR STREET ,AL MUROOR STREET COOPERATIVE MUROOR BRANCH - أبو ظبي,02 449 8140,,,,verified,ox-alpha via OpenRouter
1759,AUH,PHARMACY,IBN SINA PHARMACY SOLE PROPRIETORSHIP L.L.C - Branch 6,DALMA MALL,"DALMA MALL, ICAD GROUND FLOOR - ABU DHABI",02 551 2138,,,,verified,ox-alpha via OpenRouter
1760,AUH,PHARMACY,IBN SINA PHARMACY SOLE PROPRIETORSHIP L.L.C BRANCH 17,AL FALAH ,15 QASDAH ST - AL FALAH - ABU DHABI,02 566 9135,,,,verified,ox-alpha via OpenRouter
1761,AUH,PHARMACY,IBN SINA PHARMACY SOLE PROPRIETORSHIP L.L.C BRANCH 18,"NEW AL FALAH,","NEW AL FALAH, AL FALAH VILLAGE 3, SECTOR C SHOP G12 - ABU DHABI",02 566 1251,,,,verified,ox-alpha via OpenRouter
1762,DXB,CLINIC,ZEN LIFE POLYCLINIC CO.LLC,AL JADDAF,"SHOP 3A, EMERALD JADAF METRO BUILDING, AL JADAF",04-2541800,,,,verified,ox-alpha via OpenRouter
1763,DXB,CLINIC,UNICARE MEDICAL CENTRE BRANCH-SATWA,BUR DUBAI -MANKHOOL,"VILLA 172, NEAR NEW DUBAI NURSERY, MANKHOOL ROAD, SATWA",04-3529292,,,,verified,ox-alpha via OpenRouter
1764,DXB,CLINIC,KARAMA MEDICAL CENTRE (KARAMA),KARAMA,"45B STREET 36,1015 IBRAHIM KHALIFA,ARIF & BINTOAK BUILDING,KARAMA,DUBAI",04-3366889/8007400,,,,verified,ox-alpha via OpenRouter
1765,DXB,CLINIC,AL AZHAR CLINIC -BRANCH (JABEL ALI),JEBEL ALI,"JEBEL ALI,DXB,UAE",04-8800545/8007400,,,,verified,ox-alpha via OpenRouter
1766,DXB,CLINIC,AL AZHAR CLINIC (DIP-1),DIP,"DIP,DXB,UAE",04-8859590/8007400,,,,verified,ox-alpha via OpenRouter
1767,DXB,CLINIC,AL AZHAR CLINIC- BRANCH 2 (DIP-2),DIP-2,"DIP-2,DXB,UAE",04-8895309/8007400,,,,verified,ox-alpha via OpenRouter
1768,DXB,CLINIC,AL SANAIYA MEDICAL CLINIC- BR (AL QUOZ),AL QUOZ,"AL QUOZ,DXB,UAE",04 3407548/8007400,,,,verified,ox-alpha via OpenRouter
1769,DXB,CLINIC,AL SANAIYA MEDICAL CLINIC (SONAPUR),SONAPUR,"SONAPUR,DXB,UAE",04 2543500/8007400,,,,verified,ox-alpha via OpenRouter
1770,DXB,CLINIC,NEW SANAIYA CLINIC (SONAPUR),SONAPUR,"SONAPUR,DXB,UAE",04 2648101/8007400,,,,verified,ox-alpha via OpenRouter
1771,DXB,CLINIC,RUBY CLINIC,INTERNATIONAL CITY,"INTERNATIONAL CITY,DXB,UAE",04 4226899/8007400,,,,verified,ox-alpha via OpenRouter
1772,DXB,CLINIC,NEW SANAIYA CLINIC - BR HORALANZ,DEIRA- HOR AL ANZ,"DEIRA- HOR AL ANZ,DXB,UAE",04 2681333/8007400,,,,verified,ox-alpha via OpenRouter
1773,DXB,CLINIC,AL AZHAR CLINIC BRANCH 3 LLC,AWIR,"AWIR,DXB,UAE",04-2230244/8007400,,,,verified,ox-alpha via OpenRouter
1774,DXB,CLINIC,BETA STAR CLINIC L.L.C (FORMERLY NOVITAS CLINIC LLC (BRANCH),JABAL ALI,"AL MADINA HYPER MARKET, JABAL ALI INDUSTRIAL, DUBAI, UAE",04-3264208,,,,verified,ox-alpha via OpenRouter
1775,DXB,CLINIC,NOOR AL SHEFA CLINIC-JEBEL ALI MALL,JEBEL ALI,"JEBEL ALI MALL,JEBEL ALI IND AREA 1 , DUBAI",04-8878155,,,,verified,ox-alpha via OpenRouter
1776,DXB,CLINIC,NOOR AL SHEFA CLINIC BRANCH-AL QUOZ,AL QUOZ-3,"IND.AREA - 3,OPP. K F C ACCOMMODATION,AL QUOZ",04-3807636,,,,verified,ox-alpha via OpenRouter
1777,DXB,CLINIC,NOOR AL SHEFA CLINIC-JAFZA MALL-JEBEL ALI,JAFZA SOUTH,"JAFZA SOUTH,JAFZA MALL, JEBEL ALI FREE ZONE",04-8817530,,,,verified,ox-alpha via OpenRouter
1778,DXB,CLINIC,NOOR AL SHEFA CLINIC(BR) AL AWEER,AL AWEER,"AL AWEER ,1ST FLOOR, ,UNION CO-OP BUILDING,FRUIT VEG MARKET",04-3886601,,,,verified,ox-alpha via OpenRouter
1779,DXB,CLINIC,ZAHRAT  AL SHEFA MEDICAL CENTER LLC,MUHAISANAH - NEAR POST OFFICE,"1ST FLOOR SHOP NO. 1,AL GAITH BUILDING , NEAR EMIRATES POST OFFICE ,MUHAISANAH",04-2646218,,,,verified,ox-alpha via OpenRouter
1780,DXB,CLINIC,NOOR AL SHEFA CLINIC-JAFZA-JEBEL ALI(OPP.VILLAGE HYPER MARKET),JAFZA,"MEENA RETAILS FZE BUILDING ,",04-8844666,,,,verified,ox-alpha via OpenRouter
1781,DXB,CLINIC,FAMILY CLINIC-SATWA - DUBAI,SATWA,"AL BADA OASIS BLDG, AL HUDAIBAH STRT , SATWA - DUBAI",04-3451145,,,,verified,ox-alpha via OpenRouter
1782,DXB,CLINIC,GREEN CITY MEDICAL CENTER L.L.C(FORMERLY NEW AL MUSALLA MEDICAL CENTERE LLC BRANCH),AL QUOZ 4,"OBEROI BUILDING, AL QUOZ 4, NEAR BELHASA DRIVING CENTRE, DUBAI, P.O. BOX- 69105",04-3333450,,,,verified,ox-alpha via OpenRouter
1783,DXB,CLINIC,M V R DIAGNOSTIC CLINIC L.L.C (FORMERLY MVR MEDICAL CENTER L.L.C),AL GARHOUD,"MEZZANINE FLOOR, SHOWROOM 2, FLORA INN HOTEL,AL GARHOUD,DUBAI, UAE",04-2327111,,,,verified,ox-alpha via OpenRouter
1784,DXB,CLINIC,MEDILIFE POLYCLINIC LLC- AL QUOZ(BR),AL QUOZ,ALQUOZ,04-3219550,,,,verified,ox-alpha via OpenRouter
1785,DXB,CLINIC,NEW MEDILIFE MEDICAL CENTRE L.L.C (WARSAN),WARSAN,WARSAN,04-2888315,,,,verified,ox-alpha via OpenRouter
1786,DXB,CLINIC,FALCON MEDICAL CLINIC LLC,BUR DUBAI,"MEENA BUILDING 302 FLAT NO AL SOQ AL KABEER, 316 IBRAHIM JUM AAL REDHA ",04-3554352,,,,verified,ox-alpha via OpenRouter
1787,DXB,CLINIC,AL FALAH MEDICAL CLINIC,DEIRA -NAIF,ABBASY BUILDING NAIF DEIRA,04-2717223,,,,verified,ox-alpha via OpenRouter
1788,DXB,CLINIC,SEKHER MEDICAL CLINIC LLC,AL QUOZ 3,"1ST FLOOR, PLOT # 104, CITY EXCHANGE BUILDING, AL QUOZ INDUSTRIAL AREA # 3, AL QUOZ INDUSTRIAL ARE",04 3387749,,,,verified,ox-alpha via OpenRouter
1789,DXB,CLINIC,PARADISE PLUS POLY CLINIC L L C,DIP,"D I P -2 ,RITAJ COMMUNITY CENTRE",04-5896619,,,,verified,ox-alpha via OpenRouter
1790,DXB,CLINIC,WELLCARE ADVANCED POLY CLINIC L.L.C (FORMERLY AL QUOZ CITY STAR POLYCLINIC),ALQUOZ STREET,"AL ROSTAMANI, AL QUOZ STREET, AL QUOZ 4, DUBAI, UAE",04-3285130,,,,verified,ox-alpha via OpenRouter
1791,DXB,CLINIC,DR REENA BEEGUM CLINIC LLC,DEIRA,"M07, MEZZENAINE FLOOR, ABOVE SNOW WHITE BUILDING, FISH ROUNDABOUT. DEIRA.",04-2240060,,,,verified,ox-alpha via OpenRouter
1792,DXB,CLINIC,DR. JOHN CLINIC (IMARA GR),"AL QUSAIS 1,","NAHDA ROAD, AL QUSAIS 1, DUBAI.",04-261 7176,,,,verified,ox-alpha via OpenRouter
1793,DXB,CLINIC,CLINICARE SAMARI (BR OF IMARA HEALTH CARE L.L.C)(IMARA GR),RAS AL KHORE,"RAS AL KHOR INDUSTRIAL 3, DUBAI",04-332 2682,,,,verified,ox-alpha via OpenRouter
1794,DXB,CLINIC,CLINICARE NAIF(BR OF IMARA HEALTH CARE L.L.C)(IMARA GR),DEIRA -NAIF,"NAIF, DUBAI",04-2617175,,,,verified,ox-alpha via OpenRouter
1795,DXB,CLINIC,COSMOPOLITAN MEDICAL CENTRE BURDUBAI(HNC GROUP),BUR DUBAI,"MEZZANINE FLOOR, AL FADHLANI BLDG, NEXT TO ASTORIA HOTEL, AL FAHIDI STREET, BUR DUBAI",04-3257457,,,,verified,ox-alpha via OpenRouter
1796,DXB,CLINIC,EMIRATES STAR MEDICAL CENTRE(HNC GROUP) AL QUOZ,AL QUOZ 2,"BEHIND AL KHAIL GATE-2, AL QUOZ INDUSTRIAL AREA-2, DUBAI, UNITED ARAB EMIRATES, P.O. BOX: 390639",04-346 8861,,,,verified,ox-alpha via OpenRouter
1797,DXB,CLINIC,COSMOPOLITAN MEDICAL CENTRE LLC- MAMZAR BR.(HNC GROUP),DEIRA ABU HAIL,"MEZZANINE FLOOR 01 & 02, DAR AL WUHEIDA BLDG, WUHEIDA ROAD, ABU HAIL, DEIRA",04-2687272,,,,verified,ox-alpha via OpenRouter
1798,DXB,CLINIC,APPLE CLINIC LLC  ( FRANCE CLUSTER ),INTERNATIONAL CITY,"FRANCE CLUSTER P 03,INTERNATIONAL CITY,",04-4227533,,,,verified,ox-alpha via OpenRouter
1799,DXB,CLINIC,APPLE INTERNATIONAL POLYCLINIC  ( GREECE  CLUSTER),INTERNATIONAL CITY,"GREECE CLUSTER K14,INTERNATIONAL CITY,",04-2776211,,,,verified,ox-alpha via OpenRouter
1800,DXB,CLINIC,GRAND INFINITY MEDICAL CENTER LLC,MUHAISINAH,"AL QASSER BLDG ,MUHAISANAH",04-2515458,,,,verified,ox-alpha via OpenRouter
1801,DXB,CLINIC,DR. SIRAJUDEEN MEDICAL CENTRE,KARAMA,KARAMA,04 3345955,,,,verified,ox-alpha via OpenRouter
1802,DXB,CLINIC,DR.ISMAIL MEDICAL CENTRE-KARAMA,KARAMA,"SHEIKH MOHD BLDG, FLOOR # 1, FLAT # A7, KARAMA",04-3378585,,,,verified,ox-alpha via OpenRouter
1803,DXB,CLINIC,DR.ISMAIL MEDICAL CENTRE AL QUOZ,AL QUOZ,"AWQAF BUILDING NO. 2, OPPOSITE ETA CAMP, GROUND FLOOR, FLAT # 1, ALQOUZ II",04-3381550,,,,verified,ox-alpha via OpenRouter
1804,DXB,CLINIC,DR.ISMAIL MEDICAL CENTRE-MUHAISINAH II  (BRANCH),MUHAISNA,"AL ABBAR BULDING, NEAR MANGO HYPERMARKET, GROUND FLOOR, FLAT # 1, MUHAISINAH II (SONAPUR)",04-2646529,,,,verified,ox-alpha via OpenRouter
1805,DXB,CLINIC,DR.ISMAIL NEW POLYCLINIC(DISCOVERY GARDEN ),DISCOVERY GARDENS,"ZEN CLUSTER 3, OPP CHELEA TOWER HOTEL, GRAND MIDWEST HOTEL BUILDING,GROUND FLOOR, FLAT 6 - 7, JEBEL ALI AREA, DISCOVERY GARDEN",04-4494087,,,,verified,ox-alpha via OpenRouter
1806,DXB,CLINIC,DR.ABDULLA'S CLINIC,AL QUSAIS IND AREA,AL QUSAIS IND AREA 5,04-2388778,,,,verified,ox-alpha via OpenRouter
1807,DXB,CLINIC,AL AMAN MEDICAL CENTRE LLC,AL  KARAMA,KANOO GROUP BUILDING - 201 - NEXT TO ADCB METRO - AL KARAMA - DUBAI,04-2288490,,,,verified,ox-alpha via OpenRouter
1808,DXB,CLINIC,BLUEBELL MEDICAL CENTRE,KARAMA,"BLUEBELL MEDICAL CENTRE,3RD FLOOR,SUIT NO.306,AL ATTAR BUSINESS CENTRE,NEAR ADCB METROSTATION,KARAMA, DUBAI,P.O.BOX: 122137",04-3426565,,,,verified,ox-alpha via OpenRouter
1809,DXB,CLINIC,AXON MEDICA MEDICAL CENTER-GARDENS,DISCOVERY GARDENS,"THE GARDENS, GFA 8, GROUND FLOOR,JABEL ALI",04-2859880,,,,verified,ox-alpha via OpenRouter
1810,DXB,CLINIC,AXON MEDICA POLYCLINIC -AL RASHIDIYA,RASHIDIYA-POLICE STATION,"RASHIDIYA CENTRAL MARKET , UNION CO -OPERATIVE BUILDING, NEXT TO AL RASHIDIYA POLICE STATION,",04-2859880,,,,verified,ox-alpha via OpenRouter
1811,DXB,CLINIC,AVIVO GR-AL BARSHA CLINIC,AL QUOZ,"BIN GHALEITHA BLDG, INTERCHANGE 3, AL QUOZ, DUBAI PO BOX 45491",04-347 8285,,,,verified,ox-alpha via OpenRouter
1812,DXB,CLINIC,AVIVO GR-DOCTOR'S CLINIC,DEIRA -BANIYAS SQUARE,"FLAT 206, AL NASSER SQUARE ( BANIYAS SQUARE) DEIRA, DUBAI",04-224 6688,,,,verified,ox-alpha via OpenRouter
1813,DXB,CLINIC,AVIVO GR-MUHAISNA SPECIALISTS MEDICAL CENTRE,AL MUHAISINAH,"1026 , SULTAN BUILDING. AL MUHAISNA, DUBAI PO BOX. 45491",04-264 4155,,,,verified,ox-alpha via OpenRouter
1814,DXB,CLINIC,AL SHAAB MEDICAL CENTRE-ASTER,DEIRA -HOR AL ANZ,"OPP: TALAL SUPERMARKET, NEAR AL SHAAB COLONY, HOR AL ANZ, DEIRA, DUBAI",04-2970870,,,,verified,ox-alpha via OpenRouter
1815,DXB,CLINIC,DR MOOPENS MEDICAL CENTRE KARAMA BR-ASTER,KARAMA,"AL SHEROUQ BUILDING,KARAMA,DUBAI,UAE",04-3374767,,,,verified,ox-alpha via OpenRouter
1816,DXB,CLINIC,DR.MOOPEN'S AL QUOZ MEDICAL CENTRE-ASTER,AL QUOZ 1,"NEAR OLD GRAND MALL, AL QOUZ INDUSTRIAL AREA 1, DUBAI, UAE",04-3387871,,,,verified,ox-alpha via OpenRouter
1817,DXB,CLINIC,SALEEM POLYCLINIC-ASTER,SATWA,"NEAR SATWA BIG MASJID, DUBAI, U.A.E",04-3495353,,,,verified,ox-alpha via OpenRouter
1818,DXB,CLINIC,ASTER MEDICAL CENTRE - ABUHAIL,DEIRA -HOR AL ANZ EAST,"SHEIKH SUHAIL BUILDING, GROUND FLOOR, SHOP NUMBER 2, 24 STREET, HOR AL ANZ (EAST)",04-2692785,,,,verified,ox-alpha via OpenRouter
1819,DXB,CLINIC,ASTER MEDICAL CENTRE AL QUSAISE(BR OF DM),DAFZA,"NEAR DAFZA METRO STATION ,BEHIND ASTER MEDICAL PHARMACY",04-2632202,,,,verified,ox-alpha via OpenRouter
1820,DXB,CLINIC,ASTER GP  CLINIC BUR DUBAI BR OF DM HEALTHCARE LLC,BUR DUBAI -AL GHUBAIBA,"SOUK AL KABEER BUILDING, GROUND FLOOR , NEXT TO BUS STATION , BUDUBAI",04-3527300,,,,verified,ox-alpha via OpenRouter
1821,DXB,CLINIC,ACCESS CLINIC - PERSIA (BR.DM),INTERNATIONAL CITY- PERSIA,"SHOP NO.10, INTERNATIONAL CITY PERSIA N04 BUILDING,",04-5520139,,,,verified,ox-alpha via OpenRouter
1822,DXB,CLINIC,ACCESS CLINIC SONAPUR 2 (BR. OF  DM),SONAPUR-2,"DUBAI MUNICIPALITY BUILDING, FLOOR NO 1, SHOP NO 04, MUHAISINA 2, SONAPUR,",04-2637279,,,,verified,ox-alpha via OpenRouter
1823,DXB,CLINIC,ACCESS CLINIC DIP 2,DIP -2,"KADRIS MALL, GROUND FLOOR, SHOP NO. 7, DUBAI INVESTMENT PARK 2, JABEL ALI, MAJELAN AL MADEENA SUPERMARKET, DIP2",04-8833028,,,,verified,ox-alpha via OpenRouter
1824,DXB,CLINIC,ASHTREE CLINIC LLC,AL FAHIDI STREET,"M02, AMWAJ BUILDING, AL FAHIDI STREET, DUBAI, UAE",04-5770793,,,,verified,ox-alpha via OpenRouter
1825,DXB,CLINIC,ANAYA MEDICAL CENTRE LLC,JEBEL ALI,"CRYSTAL MALL , JABELALI-1 , DUBAI",04-2341479,,,,verified,ox-alpha via OpenRouter
1826,DXB,CLINIC,AL NOOR SOUTH POLYCLINIC DWC LLC (FORMERLY AL SHIFA AL UROPI MEDICAL CENTER DWC LLC),PARK PODIUM DUBAI DWC,"B3 THE PULSE RESIDENCE PARK PODIUM,DUBAI SOUTH,MADINAT AL MATAAR",04-5759111,,,,verified,ox-alpha via OpenRouter
1827,DXB,CLINIC,AL SHIFA AL KHALEEJI MEDICAL CENTRE BRANCH LLC (DIP),DIP 1,"BAYAN BUSINESS CENTRE, DUBAI INVESTMENT PARK-1, DUBAI, U.A.E",04-8800920,,,,verified,ox-alpha via OpenRouter
1828,DXB,CLINIC,SONAPUR STAR POLYCLINIC L.L.C (FORMERLY AL QUSAIS STAR POLYCLINIC (BRANCH)),MUHAISNAH - 2,"20TH STREET, MUHAISNAH - 2, OPP. PATHAN RESTAURANT, NEAR GOLEN JUBILEE SUPERMARKET, DUBAI-UAE",04-5488684,,,,verified,ox-alpha via OpenRouter
1829,DXB,CLINIC,ABEER AL NOOR POLY CLINIC (AL QUSAIS),AL QUSAIS,"SHOP NO 2;BU HUSSAIN BLDG,GROUND FLOOR,AL QUSAIS",04-2612280,,,,verified,ox-alpha via OpenRouter
1830,DXB,CLINIC,ABEER AL NOOR POLY CLINIC-MUHAISNAH 2,MUHAISNA-2,"SUITE NO.6&31,GROUND FLOOR MUSTHAFA MALL,MUHAISNAH 2",04-2729966,,,,verified,ox-alpha via OpenRouter
1831,DXB,CLINIC,ABEER AL NOOR POLY CLINIC LLC-DEIRA (BR),DEIRA -BEHIND AL FUTTAIM MASJID,"BEHIND AL FUTTAIM MASJID ,NEAR DELHI RESTAURANT ,18TH STREET ,FRIJ MURAR,DEIRA",04-2428849,,,,verified,ox-alpha via OpenRouter
1832,DXB,CLINIC,ADVANCED CARE MEDICAL CENTER-AL QUOZ-(ADVANCED GROUP),AL QUOZ 3,"FAKHRUDDIN BUILDING, BEHIND NATIONAL CEMENT FACTORY, INDUSTRIAL AREA-3, AL QUOZ, DUBAI - UAE",04-3397664,,,,verified,ox-alpha via OpenRouter
1833,DXB,CLINIC,CARE PLUS MEDICAL CENTER-JABEL ALI-(ADVANCED GROUP),JEBEL ALI,"WQAF BUILDING, ABOVE UAEXCHANGE CENTER,JEBEL ALI INDUSTRIAL AREA 1, JEBEL ALI, DUBAI - UAE",04-3397664,,,,verified,ox-alpha via OpenRouter
1834,DXB,CLINIC,ADVANCED CARE MEDICAL CENTER (BRANCH)-DIP-(ADVANCED GROUP),DIP,"SHOP NO : 5, NASSEM AL MADINA SUPER MARKET BULIDING, PHASE 2, DUBAI INVESTMENT PARK, JEBEL ALI, DUBAI - UAE",04-3397664,,,,verified,ox-alpha via OpenRouter
1835,DXB,CLINIC,ADVANCED CARE MEDICAL CENTER (BRANCH)(ADVANCED GROUP),MUHAISINA,"SHOP NO : 22, FIRST FLOOR, SHAKLAN HYPERMARKET 2, 32A STREET, NEAR AL QUASIS BUS STATION 5, MUHAISNA",04-2636800,,,,verified,ox-alpha via OpenRouter
1836,DXB,CLINIC,ADVANCED CARE MEDICAL CENTER BRANCH- DIC (ADVANCE CARE- GROUP),DIC,"SOUQ NO :4, SHOP NUMBER : 4 & 5, SEIHSHOWEB 4, LABOUR CITY 3, DUBAI INDUSTRIAL CITY, DUBAI - UAE",04-3807807,,,,verified,ox-alpha via OpenRouter
1837,DXB,CLINIC,RALS HEALTHCARE (BR OF ABD ULWAHED BIN SHABIB INVESTMENT GROUP L.L.C),AL MUSSALLA TOWERS,"AWS FAMILY RESIDENCE,18, 57 STREET,JEBEL ALI INDUSTRIAL 1, JEBEL ALI, DUBAI",04-2275777,,,,verified,ox-alpha via OpenRouter
1838,DXB,CLINIC,AL FAHIM  CLINIC,DEIRA,"DEIRA,DXB",04-2267157,,,,verified,ox-alpha via OpenRouter
1839,DXB,CLINIC,GUADALOUPE MEDICAL CLINIC L.L.C POLYCLINIC(FORMERLY INDIGO MEDICAL CLINIC L.L.C),SALAH AL DIN STREET,"AL MUTEENA TECHNIC BUILDING,7TH FLOOR,SALAH AL DIN STREET,DEIRA,DUBAI,U.A.E",052-2078651,,,,verified,ox-alpha via OpenRouter
1840,DXB,CLINIC,NEW MEDICAL CENTER LTD - DUBAI BRANCH(FORMERLY NEW MEDICAL CENTRE ( DEIRA)),HOR AL ANZ,"OPPOSITE ABU HAIL METRO STATION ,HOR AL ANZ,NEW AL SAFIYA BUILDING,DEIRA",04-2339939,,,,verified,ox-alpha via OpenRouter
1841,DXB,CLINIC,KEERTHI MEDICAL CENTER LLC,KARAMA,"ALATTAR BUSINESS CENTER,110,112, KARAMA, DUBAI",04-3344256,,,,verified,ox-alpha via OpenRouter
1842,DXB,CLINIC,AMIRUDDIN CLINIC,DEIRA,"34A ST, HOR AL ANZ - DEIRA, DUBAI,UAE",04-2691515,,,,verified,ox-alpha via OpenRouter
1843,DXB,CLINIC,XIE HE MEDICAL CENTER LLC,WARSAN ,"INTERNATIONAL CITY ,CHINA CLUSTER, A12 BUILDING WARSAN FIRST",04-4233055,,,,verified,ox-alpha via OpenRouter
1844,DXB,CLINIC,LLH MEDICAL CENTER LLC (BRANCH),DIP 2,"UNIT NUMBER : SHOP 1 (ROOF FLOOR), THE TOWN MALL, DIP 2, PO BOX-21116, DUBAI",04-6126066,,,,verified,ox-alpha via OpenRouter
1845,DXB,CLINIC,NOOM MEDICAL CLINIC LLC,INDUSTRIAL CITY," SHOP NO 1 , TALAL HYPERMARKET BUILDING, DUBAI INDUSTRIAL CITY , DUBAI , UAE",04-5693338,,,,verified,ox-alpha via OpenRouter
1846,DXB,CLINIC,MBM SPECIALITY MEDICAL CENTER LLC,AL MURAQQABAT ST,"MEZZANINE FLOOR (M18), AL DAR BUILDING, AL MURAQQABAT ST , DEIRA, DUBAI",04-2364701,,,,verified,ox-alpha via OpenRouter
1847,DXB,CLINIC,ZMC HEALTH CLINIC LLC,AL KHAIL,"B28 AL SHOWAIB REAL ESTATE, AL QUOZ 1 FIRST AL KHAIL ROAD,DXB",04-2674685,,,,verified,ox-alpha via OpenRouter
1848,DXB,CLINIC,BLOOM PLUS POLY CLINIC LLC,INTERNATIONAL CITY,"R23, FRANCE CLUSTER, INTERNATIONAL CITY, DUBAI,UAE",04-5656070,,,,verified,ox-alpha via OpenRouter
1849,DXB,CLINIC,GRAND DR ISMAIL POLYCLINIC L.L.C,ABU HAIL,"JSCOM GRAND RESIDENCE, SHOP NO 3, NEAR CANADIAN SPECIALIST HOSPITAL, 28TH STREET, ABU HAIL, DUBAI, U.A.E",04-3706200,,,,verified,ox-alpha via OpenRouter
1850,DXB,CLINIC,STEPS POLY CLINIC L.L.C,AL NAHDA,"AL NAHDA SECOND,DUBAI,UAE",04-5230500,,,,verified,ox-alpha via OpenRouter
1851,DXB,CLINIC,AFRIDI MEDICAL CENTER L.L.C,MUHSINAH 2,"SHOP NO-2, 13B SONAPUR, NEST TO AL ANSARI EXCHANGE, MUHSINAH-2, DUBAI, U.A.E",04-2711802,,,,verified,ox-alpha via OpenRouter
1852,DXB,CLINIC,WE CARE MEDICAL CENTER L.L.C,AL KARAMA,"NEAR ANSAR GALLERY, HAMSAH A BUILDING, KHALID BIN AL WALEED ROAD, AL KARAMA, DUBAI - UAE",04-2611061,,,,verified,ox-alpha via OpenRouter
1853,DXB,CLINIC,AL BAYAN MEDICAL CENTER L.L.C,NAIF STREET,"102, 103,104, KAMALI BUILDING, NAIF STREET, AL MURAR AREA, DEIRA, DUBAI, UAE",04-2719008,,,,verified,ox-alpha via OpenRouter
1854,DXB,CLINIC,AL RUKN MEDICAL CENTER LLC DUBAI BRANCH,JEBEL ALI ,"CIG MALL ,JEBEL ALI ,INDUSTRIAL AREA,DUBAI",050-9239583,,,,verified,ox-alpha via OpenRouter
1855,DXB,CLINIC,GOOD LIFE MEDICAL CENTER L.L.C,MUHAISNAH,"SONAPUR BUILDING, 28TH STREET, MUHAISNAH SECOND, MUHAISNAH, DUBAI, U.A.E",04-5587617,,,,verified,ox-alpha via OpenRouter
1856,DXB,CLINIC,MARHABA MEDICAL CENTRE,NAIF,"SUNSHINE BUILDING - 2, FISH R/A, NAIF DUBAI,UAE",04-2224844,,,,verified,ox-alpha via OpenRouter
1857,DXB,CLINIC,SAFA ALNOOR POLYCLINIC LLC,DUBAI INDUSTRIAL CITY,"SAIH SHUHAIB 3, LV2 C5,DUBAI INDUSTRIAL CITY (DIC),DUBAI",056-4087542,,,,verified,ox-alpha via OpenRouter
1858,DXB,CLINIC,ALDIA MEDICAL CENTER,DEIRA,"103- AWADH BUILDING, 34A STREET, ABUBABKAR ROAD, NEAR UNITED HYPERMARKET, DEIRA,DUBAI,UAE",04-3203207,,,,verified,ox-alpha via OpenRouter
1859,DXB,CLINIC,BEST LIFE GENERAL CLINIC L.L.C,MUHAISNAH 2,"GALADARI BROTHERS STAFF ACCOMODATION - SHOP 1, MUHAISNAH 2,DUBAI,UAE",04-8831595,,,,verified,ox-alpha via OpenRouter
1860,DXB,CLINIC,PESHAWAR MEDICAL CENTER L.L.C- INTERNATIONAL CITY,ENGLAND CLUSTER BUILDING,"INTERNATIONAL CITY, ENGLAND CLUSTER BUILDING Z05",052-4244416,,,,verified,ox-alpha via OpenRouter
1861,DXB,CLINIC,CITY RELIEF EXPRESS GROUP CLINIC,DEIRA,"DEIRA, DUBAI,UAE",04-2246566,,,,verified,ox-alpha via OpenRouter
1862,DXB,CLINIC,SHAMS AL AHALIA MEDICAL CENTER,AL KARAMA,"GROUND FLOOR, AL WASL BUILDING(R507), NEAR TO EMIRATES POST- DUBAI CENTRAL POST OFFICE & ENOC PETROL STATION, 19TH STREET, AL KARAMA, DUBAI, UAE",04-3745222,,,,verified,ox-alpha via OpenRouter
1863,DXB,CLINIC,MUMTAZ AL NOOR EXPRESS PHARMACY L.L.C  (GP CLINIC),AL BARAHA,"SHOP 3, SULTAN BLDG, 6 STREET 30, AL BARAHA, DUBAI, UAE",04-2350018,,,,verified,ox-alpha via OpenRouter
1864,DXB,CLINIC,MEDHUB MEDICAL CENTER L.L.C,JEBEL ALI IND 2,"SHOP NO:- 23, FIRST FLOOR, THE AB MALL, JEBEL ALI INDUSTRIAL AREA 2 - DUBAI, UAE",054-7336363,,,,verified,ox-alpha via OpenRouter
1865,DXB,CLINIC,GREEN LIFE MEDICAL CLINIC,JUMEIRAH 1,"JUMEIRAH 1, DUBAI, UAE",058-5847841,,,,verified,ox-alpha via OpenRouter
1866,DXB,CLINIC,AL NOOR POLYCLINIC L.L.C (BRANCH),ALMUTTENA STREET,"GROUND FLOOR, BUILDING NO:1084 SHOP NO:3 PO BOX: 26160 MASAKEN AL MUTEENA STREET, DEIRA, DUBAI, UNITED ARAB EMIRATES",04-5526101,,,,verified,ox-alpha via OpenRouter
1867,DXB,CLINIC,HEAVEN MEDICAL CENTRE L.L.C,JUMEIRAH 3,"VILLA 504B JUMEIRA ST - JUMEIRAH - JUMEIRAH 3, DUBAI, UAE",04-3880006,,,,verified,ox-alpha via OpenRouter
1868,DXB,CLINIC,SEVEN DENTAL CENTRE L.L.C,JUMEIRAH 3,"VILLA 506-B, AL NESSNASS STREET - 508A JUMEIRA ST - JUMEIRAH -3, DUBAI, UAE",04-3952177,,,,verified,ox-alpha via OpenRouter
1869,DXB,CLINIC,NAJMAT ALSAQR CLINIC L.L.C,AL QUSAIS 4,"SHOPE.NO 7,GHAYETH BUILDING, AL QUSAIS 4, DUBAI, UAE",04-2658607,,,,verified,ox-alpha via OpenRouter
1870,DXB,CLINIC,ABRO CLINIC L.L.C,AL NAHDA 2,"AHALI HOUSE C, OFF: 502, AL NADHA 2, DUBAI",04-3353755,,,,verified,ox-alpha via OpenRouter
1871,DXB,CLINIC,CRX EXPRESS CLINIC L.L.C,JABEL ALI,"WASL GATE, JABEL ALI,DUBAI,UAE",058-5961144,,,,verified,ox-alpha via OpenRouter
1872,DXB,CLINIC,NAIF MEDICAL CENTER,NAIF ROAD,"FLAT 104, 1ST FLOOR, ABDULLA HUSSAIN, LOOTAH BUILDING,NAIF ROAD, DEIRA, DUBAI, UAE",04-2712706,,,,verified,ox-alpha via OpenRouter
1873,DXB,CLINIC,DRONCALL HOME HEALTH CARE CENTER L.L.C,BUSSINESS BAY,"9TH FLOOR ,CRYSTAL TOWER , BUSINESS BAY ,NEAR DUBAI MALL ,DXB,UAE",02-6730950,,,,verified,ox-alpha via OpenRouter
1874,DXB,CLINIC,ELISTERMED POLYCLINIC L.L.C,AL OUSAIS,"AL NOOR BUILDING, AL QUSAIS,INDUSTRIAL AREA 3,DUBAI",04-5529935,,,,verified,ox-alpha via OpenRouter
1875,DXB,CLINIC,ELISTERMED PHARMACY L.L.C,AL OUSAIS,"AL NOOR BUILDING, AL QUSAIS,INDUSTRIAL AREA 3,DUBAI",04-5529951,,,,verified,ox-alpha via OpenRouter
1876,DXB,CLINIC,CARE 7 MEDICAL CENTER LLC ,INTERNATIONL CITY,"SHOP 1,2 CBD-D02 BUILDING,INTERNATIONAL CITY ,DUBAI,UAE",04-5521433,,,,verified,ox-alpha via OpenRouter
1877,DXB,CLINIC,PARADISE PLUS POLY CLINIC LLC(BRANCH),DIP 2,"PARK BAZAAR BUILDING STREET 40, DIP2 - DUBAI - UAE",04-2852454,,,,verified,ox-alpha via OpenRouter
1878,DXB,CLINIC,JAVIDA MEDICAL CENTER L.L.C,RAS AL KHOR,"SHOWROOM 1 & 2, AMA COMMERCIAL BUILDING, 311 AL AWIR ROAD, RAS AL KHOR INDUSTRIAL AREA 3, RAS AL KHOR, DUBAI, UAE",04-3477870,,,,verified,ox-alpha via OpenRouter
1879,DXB,CLINIC,SHIELD MEDICAL CENTER-L.L.C-O.P.C,DUBAI SILICON OASIS,"DUBAI SILICON OASIS,INSIDE UNION COOP BASEMENT ",058-5893366,,,,verified,ox-alpha via OpenRouter
1880,DXB,CLINIC,SHIELD MEDICAL CENTER-DUBAI BRANCH,AL TWAR FIRST,"AL TWAR FIRST,INSIDE UNION COOP FIRST FLOOR",058-5817165,,,,verified,ox-alpha via OpenRouter
1881,DXB,CLINIC,SEHA AL NOOR CLINIC L.L.C,MUHAISNAH,"GROUND FLOOR ,HAMAD ABDUL KAREEM AL AREIF MOSQUE BUILDING ,2-1-1 , MUHAISNAH , DUBAI, UAE",04-5463333,,,,verified,ox-alpha via OpenRouter
1882,DXB,CLINIC,BRIGHT CARE CLINIC L.L.C,DIP 1,"GROUND FLOOR , AIKO HYPER MARKET , DIP1, DUBAI, UAE",04-8322330,,,,verified,ox-alpha via OpenRouter
1883,DXB,CLINIC,MOOPANS POLYCLINIC L.L.C,AL QUSAIS IND 5,"MOOPANS MALL,AL QUSAIS IND 5,DUBAI,UAE",04-3578100,,,,verified,ox-alpha via OpenRouter
1884,DXB,CLINIC,SIDRA HOME HEALTH CARE CENTER L.L.C,SHEIKH ZAYED,"OFFICE NO 61 - OASIS CENTRE, SHEIKH ZAYED,DUBAI,UAE",80074372,,,,verified,ox-alpha via OpenRouter
1885,DXB,CLINIC,ZAIN CURA MEDICAL CENTER LLC,AL RIGGA RD,"6TH FLOOR, AL GHURAIR CENTRE - AL RIGGA RD - DEIRA - DUBAI, UAE",04-5703423,,,,verified,ox-alpha via OpenRouter
1886,DXB,CLINIC,ROYAL SABA MEDICAL CLINIC,GREECE CLUSTER,"L#02, GREECE CLUSTER, INTERNATIONAL CITY, DUBAI, UAE",04-5807092,,,,verified,ox-alpha via OpenRouter
1887,DXB,CLINIC,IBN SINA MEDICAL CENTER,AL RIGGA,"AL OWAIS BUILDING, AL RIGGA, AL MURAKABAT, DUBAI, UAE",04-2221600,,,,verified,ox-alpha via OpenRouter
1888,DXB,CLINIC,NEEKO POLYCLINIC L.L.C,AL MANKHOUL,"102, FIRST FLOOR, MOSTAFAWI BUSINESS CENTER,NEAR SHARAF DG METRO STATION EXIT-1,AL MANKHOUL, DUBAI, UAE",04-3359025,,,,verified,ox-alpha via OpenRouter
1889,DXB,DAYCARE,ALOKA EYE CLINIC L.L.C (DAY SURGICAL CENTER),ALRAFFA,"GROUND FLOOR 3A, AL RAFAA C BUILDING, KUWAIT STREET, DUBAI",04-5466379,,,,verified,ox-alpha via OpenRouter
1890,DXB,DENTAL,DR SAI GANESH MEDICAL CENTRE L.L.C- DEIRA,DNATA DEIRA,"FALT#203,SAPPHIRE TOWER,NEAR DNATA (NEXT TO AL HABTOOR/MITSUBISHI, DEIRA), DUBAI, UAE",050-3066315,,,,verified,ox-alpha via OpenRouter
1891,DXB,DENTAL,SAI GANESH MEDICAL CENTRE L.L.C,DAMASCUS STREET,"SUITE NO. 106, AL FAHED 3, DAMASCUS STREET, AL QUSAIS, DUBAI ",04-2500017,,,,verified,ox-alpha via OpenRouter
1892,DXB,DENTAL,DR. SG POLY CLINIC CO. LLC,KARAMA,"CRYSTAL BUSINESS CENTRE BUILDING, FIRST FLOOR, OFFICE # 105, BESIDE ADCB BANK, NEAR ADCB METRO STATION, KARAMA.",04-2717500,,,,verified,ox-alpha via OpenRouter
1893,DXB,DENTAL,DR SAI GANESH MEDICAL CENTRE L.L.C- SATWA,SATWA,"DUNES CENTER, CLINIC # 201, 2ND DECEMBER STREET, SATWA, DUBAI",04-3570705,,,,verified,ox-alpha via OpenRouter
1894,DXB,DENTAL,SIKKA DENTAL CLINIC L.L.C,OUD METHA,"OFFICE 303, METHA PLAZA BUILDING - BLOCK B 18TH ST - OUD METHA - DUBAI",050-2229153,,,,verified,ox-alpha via OpenRouter
1895,DXB,DENTAL,SEVEN D MEDICAL CENTRE L.L.C,UMM SUQEIMUMM,"801 JUMEIRA ST - UMM SUQEIMUMM - SUQEIM 3, DUBAI, UAE",04-3952377,,,,verified,ox-alpha via OpenRouter
1896,DXB,DENTAL,SAKURA MEDICAL AND DENTAL CLINIC FZ-LLC,DUBAI HEALTHCARE CITY,"3004, BLOCK A, BUILDING NO.64, DUBAI HEALTHCARE CITY, PO BOX 124918, DUBAI, UAE ",04-4452875,,,,verified,ox-alpha via OpenRouter
1897,DXB,DIAGNOSTIC CENTRE,AIRIS IMAGING AND DIAGNOSTIC CENTRE LLC,AL NAHDA 1,"AL NAHDA 1, AMMAN STREET, OPP.NMC HOSPITAL, AL SHAMSI BUILDING, GROUND FLOOR",04-8525916,,,,verified,ox-alpha via OpenRouter
1898,DXB,DIAGNOSTIC CENTRE,MEDINOVA DIAGNOSTIC CENTER,BUR DUBAI,"NEAR AL FAHIDI METRO STATION, KHALID BIN AL WALEED ROAD, BURDUBAI",04-5090400,,,,verified,ox-alpha via OpenRouter
1899,DXB,DIAGNOSTIC CENTRE,FORTE CLINICAL LABORATORY L.L.C,AL GARHOUD ,"PO BOX 214-545, S-G09 / S-G10, AL GARHOUD BUSINESS CENTRE, GARHOUD, DUBAI,","0569925611,800 325 222",,,,verified,ox-alpha via OpenRouter
1900,DXB,DIAGNOSTIC CENTRE,LAB247 DIAGNOSTICS LLC,AL MURAQQABAT ST,"M21 - 35 AL MURAQQABAT ST -  AL DAR BUILDING, DEIRA, DUBAI",050-5131247,,,,verified,ox-alpha via OpenRouter
1901,DXB,DIAGNOSTIC CENTRE,AIRIS IMAGING AND DIAGNOSTICS CENTER LLC,DUBAI GREEN COMMUNITY,"SHOP 10, LULU HYPERMARKET BUILDING, DUBAI GREEN COMMUNITY, DIP, DUBAI",04-2638836,,,,verified,ox-alpha via OpenRouter
1902,DXB,HOSPITAL,MEDEOR 24X7 HOSPITAL LLC(BUR DUBAI),BURDUBAI,"CONSULATES AREA, SHEIKH KHALIFA BIN ZAYED ROAD, BUR DUBAI - DUBAI",04-3500600,,,,verified,ox-alpha via OpenRouter
1903,DXB,HOSPITAL,ASTER HOSPITAL-MANKHOOL,BUR DUBAI,"MANKHOOL, KUWAIT ROAD, AL MANKHOOL, BUR DUBAI",04 440 0500,,,,verified,ox-alpha via OpenRouter
1904,DXB,HOSPITAL,ASTER CEDARS HOSPITAL JEBEL ALI,JEBEL ALI,FREE ZONE JEBEL ALI,04-8814000,,,,verified,ox-alpha via OpenRouter
1905,DXB,HOSPITAL,ASTER HOSPITAL- AL QUSAIS,QUSAIS,"9 A STREET, AL QUSAIS INDUSTRIAL AREA 2, AL QUSAIS",04-4546001,,,,verified,ox-alpha via OpenRouter
1906,DXB,PHARMACY,ZEN LIFE PHARMACY CO LLC,AL JADDAF,"SHOP 3A, EMERALD JADAF METRO BUILDING, AL JADAF",04-3238235,,,,verified,ox-alpha via OpenRouter
1907,DXB,PHARMACY,ZAMZAM PHARMACY LLC,AL QUOZ,"AL QUOZ, INDUSTRIAL AREA-1, PO BOX:38482",04-3334935,,,,verified,ox-alpha via OpenRouter
1908,DXB,PHARMACY,AL JABRI PHARMACY,DUBAI,"32C STREET, AL MIZHAR 1",04-2875296,,,,verified,ox-alpha via OpenRouter
1909,DXB,PHARMACY,AL BAIROONI PHARMACY LLC,KARAMA,"BIN HUMAIDEN BLDG, FLAT-3, 4A STREET, NEAR BURJUMAN METRO EXIT-2, AL KARAMA.",04-3709179,,,,verified,ox-alpha via OpenRouter
1910,DXB,PHARMACY,MEDEOR 24X7 HOSPITAL PHARMACY LLC,BURDUBAI,"CONSULATES AREA, SHEIKH KHALIFA BIN ZAYED ROAD, BUR DUBAI - DUBAI",04-3500600,,,,verified,ox-alpha via OpenRouter
1911,DXB,PHARMACY,OASIS PHARMACY LLC,SHEIK ZYED ROAD,"BLOCK - A SHOP NO. 13 & 14, DUBAI WORLD TRADE CENTER HOTEL APARTMENTS, OPPOSITE DUBAI WORLD TRADE CENTER METRO STATION, SHEIK ZYED ROAD DUBAI.",04-3313391,,,,verified,ox-alpha via OpenRouter
1912,DXB,PHARMACY,AL BARAKA PHARMACY LLC,AL NAKHEEL ROAD,"SHOP NO. 9 & 10, A & B BLOCK, BEHIND OLD AL MAKTOUM HOSPITAL, AL NAKHEEL ROAD, YOUSUF BAKER ROAD, DEIRA DUBAI - U.A.E.",04-2230500,,,,verified,ox-alpha via OpenRouter
1913,DXB,PHARMACY,AL JUMEIYAH AL TAAWONIYAH PHARMACY LLC,KARAMA,"SHOP NO. 2, GROUND FLOOR, UNION CO-OP SOCIETY, 30TH STREET, MANKHOOL, KARAMA DUBAI - U.A.E.",04-3986302,,,,verified,ox-alpha via OpenRouter
1914,DXB,PHARMACY,BADER PHARMACY LLC,KARAMA,"SHOP NO. 10 & 11, GROUND FLOOR, KIFAF 2 BUILDING, NEAR SUNRISE SUPERMARKET, OPPOSITE CITY CORNER, KARAMA DUBAI - U.A.E.",04-3348129,,,,verified,ox-alpha via OpenRouter
1915,DXB,PHARMACY,CARE & CURE PHARMACY LLC,JEBEL ALI ,"SHOP NO. 04, BUILDING NO. 15, CLUSTER ZEN 02, PLOT NO. 853, DISCOVERY GARDENS, STREET 1, JEBEL ALI-1, DUBAI, U.A.E.",04-4390384,,,,verified,ox-alpha via OpenRouter
1916,DXB,PHARMACY,CORNICHE PHARMACY LLC,JUMEIRAH 1,"SHOP NO. 21, GROUND FLOOR, JUMEIRAH BEACH CENTRE COMPLEX, JUMEIRAH - 1 DUBAI - U.A.E.",04-3447220,,,,verified,ox-alpha via OpenRouter
1917,DXB,PHARMACY,HATTA PHARMACY LLC,HATTA,"SHOP NO.1, GROUND FLOOR, EMIRATES CO-OPERATIVE SOCIETY, NEAR HATTA FORT HOTEL, OPPOSITE EMIRATES NBD BANK, OMAN ROAD, HATTA DUBAI - U.A.E.",04-8521794,,,,verified,ox-alpha via OpenRouter
1918,DXB,PHARMACY,HORIZON HEALTH PHARMACY LLC,BARSHA,"GROUND FLOOR, AL THURAYA TOWER, OPPOSITE TIME HOTEL, BARSHA HEIGHTS/TECOM, DUBAI",04-4541225,,,,verified,ox-alpha via OpenRouter
1919,DXB,PHARMACY,NAD SHAMMA PHARMACY LLC,AL RASHIDIYA,"SHOP NO.3, OLD KADOOLI BUILDING, NEAR FIRE STATION, AL RASHIDIYA, DUBAI",04-2514107,,,,verified,ox-alpha via OpenRouter
1920,DXB,PHARMACY,VIVA PHARMACY LLC,JUMEIRAH 1,"VILLA NO.117B, AL WASL ROAD JUMEIRAH 1ST",04-3231317,,,,verified,ox-alpha via OpenRouter
1921,DXB,PHARMACY,SANA PHARMACY LLC,KARAMA,"SHOP NO. 4, NEAR KARAMA SIGNAL, KARAMA 4 BUILDING, 46B STREET, KARAMA DUBAI - U.A.E.",04-3377028,,,,verified,ox-alpha via OpenRouter
1922,DXB,PHARMACY,AL MUSAIF PHARMACY,HATTA,"SUROOR BUILDING OPP.EPCO PETROL STATION, HATTA,DUBAI",04-8521039,,,,verified,ox-alpha via OpenRouter
1923,DXB,PHARMACY,NEW NAWRAS PHARMACY,JEBEL ALI,"FOOD COURT 3,FIRST COMMERCIAL CENTRE,JABEL ALI FREE ZONE.",48807112,,,,verified,ox-alpha via OpenRouter
1924,DXB,PHARMACY,VILLAGE PHARMACY,JAFZA,"VILLAGE HYPERMARKET BUILDING, NEAR WEST ACCOMMODATION, NEAR JUNCTION 8, JAFZA",04-8839904,,,,verified,ox-alpha via OpenRouter
1925,DXB,PHARMACY,NEW VIDA PHARMACY CO L L C,MUHAISNAH,"AL MADINA HYPERMARKET​32, 6A STREET ​G FLOOR",04-3283333,,,,verified,ox-alpha via OpenRouter
1926,DXB,PHARMACY,VCARE PHARMACY LLC,AL NAHDA 1,"LOCATION : AL NAHDA 1 , BUILDING : NASMAH TOWER ,DUBAI,PO BOX : 236676",04-2389492,,,,verified,ox-alpha via OpenRouter
1927,DXB,PHARMACY,UNICARE PHARMACY-BURJUMAN CENTRE,BURJUMAN,"GROUND FLOOR, NEXT TO FILLI CAFÉ, BURJUMAN CENTRE, NEAR METRO EXIT 3",04-3529292,,,,verified,ox-alpha via OpenRouter
1928,DXB,PHARMACY,UNICARE STAR PHARMACY-SATWA,SATWA,"NEAR BAQER MOHEBI SUPERMARKET, MANKHOOL ROAD, SATWA",04-3868811,,,,verified,ox-alpha via OpenRouter
1929,DXB,PHARMACY,BURJEEL AL HAYYAT PHARMACY,JEBEL ALI,JEBEL ALI,04-3519199,,,,verified,ox-alpha via OpenRouter
1930,DXB,PHARMACY,BETTER LIFE PHARMACY,AL QUOZ,"GROUND FLOOR, GRAND CITY MALL, AL QUOZ INDUSTRIAL AREA 4, AL QUOZ,DUBAI",04-3414626/8007400,,,,verified,ox-alpha via OpenRouter
1931,DXB,PHARMACY,PARK BETTER LIFE PHARMACY,DIP,"GROUND FLOOR, PARK SHOPPING MALL, DIP,DUBAI.",04-8848859/8007400,,,,verified,ox-alpha via OpenRouter
1932,DXB,PHARMACY,NEW BETTER LIFE PHARMACY,AL QUOZ,"BUIDLING NAME-AL QOUZ MALL , SHOP NO 26 , MAKANI NO-2075479749",04-3466097/8007400,,,,verified,ox-alpha via OpenRouter
1933,DXB,PHARMACY,JUMEIRA BETTER LIFE PHARMACY,JUMEIRAH,"NO.4 BUILDING M1, AMSA JUMEIRAH VILLAGE CIRCLE, DUBAI.",04-4472086/8007400,,,,verified,ox-alpha via OpenRouter
1934,DXB,PHARMACY,AL RAYAN PHARMACY,KARAMA,"45B STREET 43,KARAMA GOLD BUILDING,ARIF & BINTOAK BUILDING,ZABEEL ROAD,DUBAI",04-3347476/8007400,,,,verified,ox-alpha via OpenRouter
1935,DXB,PHARMACY,GATE BETTER LIFE PHARMACY,DUBAI,"SHOP 1 & 2, NEW WEST ZONE MALL, AL KHAIL GATE, DUBAI.",04-5586281/8007400,,,,verified,ox-alpha via OpenRouter
1936,DXB,PHARMACY,AL AZHAR AL JADEEDA PHARMACY (JABEL ALI),JEBEL ALI ,JEBEL ALI,04-8800703/8007400,,,,verified,ox-alpha via OpenRouter
1937,DXB,PHARMACY,AL AZHAR PHARMACY (DIP-1),DIP 1,DIP 1,04-8859598/8007400,,,,verified,ox-alpha via OpenRouter
1938,DXB,PHARMACY,RAHEQ ALAZHAR PHARMACY L.L.C,JEBEL ALI,BUILDING NAME: XPO MALL ; STREET NAME: MADINAT HYPERMARKET APARTMENT/VILLA NUMBER: 4 ;AREA NAME: JEBEL ALI INDUSTRIAL-1,04-3836323/8007400,,,,verified,ox-alpha via OpenRouter
1939,DXB,PHARMACY,AL MANZIL PHARMACY (DIP-2),DIP 2,DIP 2,8007400,,,,verified,ox-alpha via OpenRouter
1940,DXB,PHARMACY,AL MADINA AL SANAIYA PHARMACY (AL QUOZ),AL QUOZ,AL QUOZ,04-3406761/8007400,,,,verified,ox-alpha via OpenRouter
1941,DXB,PHARMACY,AL SANAIYA PHARMACY (SONAPUR),SONAPUR,SONAPUR,04-2543500/8007400,,,,verified,ox-alpha via OpenRouter
1942,DXB,PHARMACY,NEW SANAIYA PHARMACY (SONAPUR),SONAPUR,SONAPUR,04-2648202/8007400,,,,verified,ox-alpha via OpenRouter
1943,DXB,PHARMACY,RUBY PHARMACY,INT.CITY,INT.CITY,04-4226899/8007400,,,,verified,ox-alpha via OpenRouter
1944,DXB,PHARMACY,ROYAL RUBY PHARMACY - DIP-1,DIP-1,DIP-1,8007400,,,,verified,ox-alpha via OpenRouter
1945,DXB,PHARMACY,AL MANZIL AL JADEED PHARMACY LLC,ALAWEER,ALAWEER,8007400,,,,verified,ox-alpha via OpenRouter
1946,DXB,PHARMACY,RIGHT HEALTH PHARMACY L.L.C,MUHAISNAH,"BLOCK -19,MUHAISANAH SECOND, PLOT NUM: 54,SHOP NO 2 & 3,DUBAI,UAE",04-3335502/8007400,,,,verified,ox-alpha via OpenRouter
1947,DXB,PHARMACY,REMEDY PLUS PHARMACY LLC,AL QUOZ,"BESIDE AL GHURAIR EXCHANGE,OPP. TO BELHASA DRIVING SCHOOL,AL QOUZ-3,DUBAI,U.A.E",04-3202275,,,,verified,ox-alpha via OpenRouter
1948,DXB,PHARMACY,NEO PHARMACY LLC-DIP 2,PASONS,"FAKHREE CENTRE ,PASONS HYPERMARKET,FIRST FLOOR, DIP 2",04-8814919,,,,verified,ox-alpha via OpenRouter
1949,DXB,PHARMACY,NEO PHARMACY LLC BRANCH-ALQOUZ 2,ALQUOZ 2,"NEAR OLA AL MADEENA S/M,AL QUOZ 2",04-3320266,,,,verified,ox-alpha via OpenRouter
1950,DXB,PHARMACY,NEO PHARMACY LLC BRANCH-JEBAL ALI IND 2,JEBEL ALI,"SALIM ALI RASHID BUILDING,JEBEL ALI IND 2",04 3885436,,,,verified,ox-alpha via OpenRouter
1951,DXB,PHARMACY,NEO PHARMACY LLC (FORMERLY NEO PHARMACY LLC BRANCH ALQOUZ 1),RAS AL KHOR,"SHOP NO. 2, GROUND FLOOR ,BUILDING NAME: RASHED AL MAGOODI, AL FALASI BUILDING,RAS AL KHOR INDUSTRIAL AREA 1,DUBAI,UAE",04-2360063,,,,verified,ox-alpha via OpenRouter
1952,DXB,PHARMACY,RALS PHARMACY,BAGHDAD STREET,"BIN SHABIB MALL, GROUND FLOOR, BAGHDAD STREET, AL QUSAIS, OPP MOHRE",04-2275777,,,,verified,ox-alpha via OpenRouter
1953,DXB,PHARMACY,BLUE LIFE PHARMACY,BURDUBAI,"IT CENTER BUILDING,21 ASTREET,AL SOUQ AL KABEER BURDUBAI,NEXT TO AL RAFFA POLICE STATION",04-2275777,,,,verified,ox-alpha via OpenRouter
1954,DXB,PHARMACY,BLUE LIFE PHARMACY BRANCH,BURDUBAI,"MEENA BUILDING 302 FLAT NO AL SOQ AL KABEER, 316 IBRAHIM JUM AAL REDHA ",04-2836030,,,,verified,ox-alpha via OpenRouter
1955,DXB,PHARMACY,BASMAT AL IFRAH PHARMACY LLC,AL BARSHA,"AL SALAM BUILDING , NEAR MIRACLE GARDEN , ARJAN , AL BARSHA SOUTH",04-7700948,,,,verified,ox-alpha via OpenRouter
1956,DXB,PHARMACY,PARADISE PLUS PHARMACY  L L C,DIP 2,"D I P -2 ,RITAJ COMMUNITY CENTRE",04-8848270,,,,verified,ox-alpha via OpenRouter
1957,DXB,PHARMACY,NADHA AL SAHARA(NOVO),ALNAHDA,"BEHIND ZULEKHA HOSPITAL, AL NAHDA",04-2582750,,,,verified,ox-alpha via OpenRouter
1958,DXB,PHARMACY,SAHARA STAR(NOVO),HAMRIYA,HAMRIYA SHOPPING CENTRE,04-268 8485,,,,verified,ox-alpha via OpenRouter
1959,DXB,PHARMACY,NOVO PHARMACY(NOVO),GARHOUD,"ASMAWI BUILDING,2ND STREET,GARHOUD",04 2517434,,,,verified,ox-alpha via OpenRouter
1960,DXB,PHARMACY,AL OMARAA RX(NOVO),DUBAI,"SHOP # 27 & 28, GROUND FLOOR, PYRAMID BUILDING, SHEIKH KHALIFA BIN ZAYED ROAD",04 3969221,,,,verified,ox-alpha via OpenRouter
1961,DXB,PHARMACY,NOVO PHARMACY  BRANCH,DEIRA,"SHOPPING MALL, HAYAT REGENCY HOTEL, PALM DEIRA",04-268 8485,,,,verified,ox-alpha via OpenRouter
1962,DXB,PHARMACY,AL GHUBAIBA PHARMACY LLC,BURDUBAI,"G FLOOR, 14, 13B STREET, AL SOUQ AL KABEER, 312, OPP. AL GHUBAIBA BUS STATION, BUR DUBAI, UAE",056-345 1783,,,,verified,ox-alpha via OpenRouter
1963,DXB,PHARMACY,NEW HEALTH SIGN PHARMACY L.L.C,BURDUBAI,"SHOP NO.2, BOOKASH BUILDING, NEAR ASTORIA HOTEL, BUR DUBAI, UAE",04-320 8755,,,,verified,ox-alpha via OpenRouter
1964,DXB,PHARMACY,NOVO PHARMACY LLC (BRANCH),DEIRA,"AL BAFTA GRAND DEIRA, G-FLOOR, AL MURAQABBAT ROAD, DEIRA, DUBAI, U.A.E.",04-547 4214,,,,verified,ox-alpha via OpenRouter
1965,DXB,PHARMACY,NOVITAS PHARMACY LLC,INTERNATIONAL CITY,"PRIME RESIDENCE II, INTERNATIONAL CITY, DUBAI",04-5693389,,,,verified,ox-alpha via OpenRouter
1966,DXB,PHARMACY,BETA STAR PHARMACY L.L.C (FORMERLY NOVITAS PHARMACY LLC ( BRANCH),JEBEL ALI ,"AL MADINA HYPER MARKET, JABAL ALI INDUSTRIAL, DUBAI, UAE",04-3264208,,,,verified,ox-alpha via OpenRouter
1967,DXB,PHARMACY,ZAHRAT  AL SHEFA PHARMACY LLC,MUHAISNAH,AL GAITH BUILDING MUHAISANAH,04 254 6541,,,,verified,ox-alpha via OpenRouter
1968,DXB,PHARMACY,SAMARY PHARMACY,JEBEL ALI,"JEBEL ALI MALL, JEBEL ALI",04-8878011,,,,verified,ox-alpha via OpenRouter
1969,DXB,PHARMACY,SAMARY PHARMACY BRANCH LLC,JAFZA,"JAFZA SOUTH,JAFZA MALL ,JABEL ALI FREEZONE",04-8817530,,,,verified,ox-alpha via OpenRouter
1970,DXB,PHARMACY,NOOR ALMADINA PHARMACY,ALQOUZ,"TAMAM, AL ROSTAMANI STREET, BEHIND NATIONAL CEMENT FACTORY",04-3306606,,,,verified,ox-alpha via OpenRouter
1971,DXB,PHARMACY,AL SEHA AL KUBRA PHARMACY,AL QUOZ,"AL KHAIL MALL ,AL QUOZ",04-3219926,,,,verified,ox-alpha via OpenRouter
1972,DXB,PHARMACY,FAJER MIRDIF PHARMACY-SATWA - DUBAI,SATWA,"AL BADA OASIS BLDG, AL HUDAIBAH STRT , SATWA - DUBAI",04-2981526,,,,verified,ox-alpha via OpenRouter
1973,DXB,PHARMACY,MUSALLA SONAPOOR PHARMACY,SONAPUR,"NEAR SHAKLAN 2 SUPERMARKET BUILDING , MUHAISNAH-2(SONAPOOR) DUBAI, P.O. BOX-26238",04-2544461,,,,verified,ox-alpha via OpenRouter
1974,DXB,PHARMACY,NEW FANS PHARMACY LLC,MUHAISNA 2,NEAR EXPRESS MADEENA S/M MUHSINA 2 ,04-2201589,,,,verified,ox-alpha via OpenRouter
1975,DXB,PHARMACY,BORDER PHARMACY LLC,SILICON OASIS,LE SOLARIUM BLDN SILICON OASIS DUBAI,04-3793515,,,,verified,ox-alpha via OpenRouter
1976,DXB,PHARMACY,BODER PHARMACY LLC BRANCH,JEBEL ALI,GRAND HYPER  JEBEL ALI,04 2264404,,,,verified,ox-alpha via OpenRouter
1977,DXB,PHARMACY,AHLANCARE PHARMACY LLC,AL WARSAN 1,"ENGLAND CLUSTER Y 21,INTERNATIONAL CITY, AL WARSAN 1, DUBAI",04-5802450,,,,verified,ox-alpha via OpenRouter
1978,DXB,PHARMACY,MVR PHARMACY,AL GARHOUD,"PO BOX NO.12743, GROUND FLOOR,FLORA INN HOTEL BUILDING,AIRPORT ROAD, AL GARHOUD, DUBAI, UAE",04-2327111,,,,verified,ox-alpha via OpenRouter
1979,DXB,PHARMACY,BAB AL HAYAT PHARMACY LLC,DIP 2,"SHOP NO.2, FIDA AL MADINA HYPERMARKET, DIP-2",04-8831644,,,,verified,ox-alpha via OpenRouter
1980,DXB,PHARMACY,MUSALAH AL QUOZE PHARMACY LLC,AL QUOZ,"SHOP NO.1 , AL KHAIL MALL,AL QUOZ -4 DUBAI,U.A.E",04-3285928,,,,verified,ox-alpha via OpenRouter
1981,DXB,PHARMACY,MULTICARE PHARMACY LLC,AL QUOZ,"AL KHAIL GATE COMMUNITY CENTER COMPLEX, P.O BOX : 390899, DUBAI, UAE",04-580 7899,,,,verified,ox-alpha via OpenRouter
1982,DXB,PHARMACY,ZAHRATH AL NEEM PHARMACY LLC,DUBAI,"GEEPASS BUILDING - ARJAN, DUBAI",04-5824333,,,,verified,ox-alpha via OpenRouter
1983,DXB,PHARMACY,AL NEEM PHARMACY LLC BRANCH,INTERNATIONAL CITY,"J07, MOROCCO CLUSTER-INTERNATIONAL CITY, DUBAI",04-5841144,,,,verified,ox-alpha via OpenRouter
1984,DXB,PHARMACY,AL NEEM STAR PHARMACY LLC,AL QUOZ,ALQUOZ,04-3219550,,,,verified,ox-alpha via OpenRouter
1985,DXB,PHARMACY,NEW MEDILIFE PHARMACY L.L.C,WARSAN,WARSAN,04-2888315,,,,verified,ox-alpha via OpenRouter
1986,DXB,PHARMACY,NOOR  AL  SATWA  PHARMACY  LLC,AL SATWA,AL SATWA ROAD - SALIM SUHAIL AL AMRI'S BUILDING. NR.SUB STN.2696(SHOP NO - 12) - PO BOX 66778,04-3443229,,,,verified,ox-alpha via OpenRouter
1987,DXB,PHARMACY,NOOR AL QUSAIS PHARMACY LLC,AL QUSAIS,SHOP-5 - DAMASCUS STREET - AL QUSAIS - OPPOSITE DUBAI GRAND HOTEL - PO BOX: 118484,04-2633844,,,,verified,ox-alpha via OpenRouter
1988,DXB,PHARMACY,MADINAT AL QOUZ  PHARMACY  LLC,AL KHAIL,"FARNEK BULDING - SHOP NO : 3- BACK SIDE OF AL KHAIL MALL AL QOUZ INDUSTRIAL AREA, PO BOX - 128800",04-3388522,,,,verified,ox-alpha via OpenRouter
1989,DXB,PHARMACY,NAHDA  AL NASEEM  PHARMACY LLC,ALNAHDA,"GROUND FLOOR, AL NAHDA BUILDING, BAGHADAD STREET, DUBAI - LANDMARK: NEAR NMC SPECIAL CARE - P.O.BOX: 47540",04-2581920,,,,verified,ox-alpha via OpenRouter
1990,DXB,PHARMACY,ROCK STAR PHARMACY LLC,PEARL CREEK,"SHOP -11, PEARL CREEK HOTEL BUILDING - OPP DURRAIYA KAMAL MEDICAL CENTRE - POST BOX : 235354.",04-2348277,,,,verified,ox-alpha via OpenRouter
1991,DXB,PHARMACY,NEW AL SUWAIDI PHARMACY LLC,AL HUDAIBA STREET,"NAEMA ALI BUAMIM BUILDING - NEAR AL SATWA ROUND ABOUT, AL HUDAIBA STREET - SATWA, DUBAI - PO BOX - 186369",04-3859219,,,,verified,ox-alpha via OpenRouter
1992,DXB,PHARMACY,HAPPY  LIFE PHARMACY LLC  ,DEIRA,"SHOP NO 2, AL FAYROUZ BUILDING , REQQA EAST ,OPP AL MAKTOM HOSPITAL, DEIRA - PO BOX 235354",04-2271781,,,,verified,ox-alpha via OpenRouter
1993,DXB,PHARMACY,AL RASHEED  PHARMACY  LLC,AL BARAHA,"SHOP # 7-8, GROUND FLOOR, AL MAKTOUM BUILDING, OMAR BIN AL KHATTAB ROAD, AL BARAHA, DEIRA, PO BOX: 251702",04-2721108,,,,verified,ox-alpha via OpenRouter
1994,DXB,PHARMACY,ORBIT  STAR PHARMACY  LLC ,MUHAISNAH,"SHOP – 5 -AL ATTAR BUSINESS AVENUE , NEAR MUHAISNAH MADINA MALL -BARSHA 1 , DUBAI - PO BOX 66778",04-2348918,,,,verified,ox-alpha via OpenRouter
1995,DXB,PHARMACY,DAR AL NOOR PHARMACY,NAIF ROAD,"SHOP NO 1,2 - SHAIBAN BUILDING - NAIF ROAD - DEIRA - 235354",04-2322080,,,,verified,ox-alpha via OpenRouter
1996,DXB,PHARMACY,MEDI PLUS PHARMACY LLC,AL BARSHA,"INSIDE ZAHRA HOSPITAL – DUBAI, NEAR TO SHARAF DJ METRO STATION, SHEIKH ZAYED RD, AL BARSHA 1-PO BOX-66778",04-2244418,,,,verified,ox-alpha via OpenRouter
1997,DXB,PHARMACY,HEALTH  SIGN  PHARMACY  LLC  ,KARAMA,"AL WASL RUBY BUILDING , BEHIND HOTEL RAMEE ROYAL , NEAR KARAMA POST OFFICE - DUBAI - PO BOX 66778",04-3300301,,,,verified,ox-alpha via OpenRouter
1998,DXB,PHARMACY,UNIQUE CARE PHARMACY LLC ,INTERNATIONAL CITY,"SHOP NO-S14, X20, ENGLAND CLUSTER, INTERNATIONAL CITY,DUBAI - 235354 -UAE",04-5808675,,,,verified,ox-alpha via OpenRouter
1999,DXB,PHARMACY,FAJER MIRDIF PHARMACY L.L.C,KARAMA,"SHOP NO.5, BURJ NAHAR BUILDING-OPP. SNOWHITE, OMAR BIN AL KHATTAB ROAD-NEAR. FISH ROUNDABOUT - MUTEEN, DEIRA-DUBAI",04-3437636,,,,verified,ox-alpha via OpenRouter
2000,DXB,PHARMACY,LIVE CARE PHARMACY LLC,INDUSTRIAL AREA 1,"SHOPPERS MALL, INDUSTRIAL AREA 1 , JABEL ALI, UAE",04-8845562,,,,verified,ox-alpha via OpenRouter
2001,DXB,PHARMACY,LIFENITY INTERNATIONAL ADVANCED PHARMACY LLC,AL NAHDA POND PARK,"JMS BUILDING, AL NAHDA SECOND, AL NAHDA POND PARK, PLOT NO. 349, SHOP NO. 2, DUBAI, UAE",04-3216964,,,,verified,ox-alpha via OpenRouter
2002,DXB,PHARMACY,OUR LIFE GUARD PHARMACY,JEBEL ALI,"SHOP # 5 , GROUND FLOOR , SHAMS AL MADINA HYPERMARKET COMPLEX",04-5809681,,,,verified,ox-alpha via OpenRouter
2003,DXB,PHARMACY,KIMS PHARMACY,HOR AL ANZ,"ABU BAKAR AL SIDDIQUI ROAD,HOR AL ANZ",42209434,,,,verified,ox-alpha via OpenRouter
2004,DXB,PHARMACY,AL RAFAH PHARMACY,BURDUBAI,"OPP TO AMBASSADOR HOTEL, BURDUBAI",04-3939402,,,,verified,ox-alpha via OpenRouter
2005,DXB,PHARMACY,KHALIDHA PHARMACY L.L.C.,AL QUOZ,"OFFICE: 103 & 104, FIRST FLOOR,SHEHAR KARACHI RESTAURANT BUILDING,AL QUOZ IND AREA - 3",04-3952885,,,,verified,ox-alpha via OpenRouter
2006,DXB,PHARMACY,NAJMA AL MUSALLAH PHARMACY,AL QOUZ,"27, 44 STREET?G FLOOR,AL QUOZ 3 - 358, HADAEQ MOHAMMED BIN RASHID, DUBAI""",04-3381967,,,,verified,ox-alpha via OpenRouter
2007,DXB,PHARMACY,GHAZAL AL JABAL PHARMACY,MUHAISNAH,"MUHAISANAH 2 , NEAR POST OFFICE, SONAPUR",04-2540460,,,,verified,ox-alpha via OpenRouter
2008,DXB,PHARMACY,HOPECARE PHARMACY  L.L.C,HOR AL ANZ,"HAMAD KHALFAN BUILDING 1, 26TH STREET, SHOP 1 TO 6, HOR AL ANZ DUBAI",04-2268881,,,,verified,ox-alpha via OpenRouter
2009,DXB,PHARMACY,APPLE CARE PHARMACY LLC  (FRANCE CLUSTER),INTERNATIONAL CITY,"FRANCE CLUSTER P 04,INTERNATIONAL CITY,",04-4322568,,,,verified,ox-alpha via OpenRouter
2010,DXB,PHARMACY,GRAND INFINITY PHARMACY,MUHAISNAH,MUHAISINAH,04 2515458,,,,verified,ox-alpha via OpenRouter
2011,DXB,PHARMACY,S A M PHARMACY L.L.C (FORMERLY BLUEBELL INTERNATIONAL PHARMACY LLC),KARAMA,"CRYSTAL BUSINESS CENTER, SHOP NO. 10, KARAMA, DUBAI",04-3231366,,,,verified,ox-alpha via OpenRouter
2012,DXB,PHARMACY,AXON MEDICA PHARMACY-JEBEL ALI,JEBEL ALI,"THE GARDENS, GFA 8, GROUND FLOOR, JEBEL ALI",04-4599904,,,,verified,ox-alpha via OpenRouter
2013,DXB,PHARMACY,AXON MEDICA PHARMA LLC-AL RASHIDIYA,AL RASHIDIYA,"RASHIDIYA CENTRAL MARKET , UNION CO -OPERATIVE BUILDING ,NEXT TO AL RASHIDIYA POLICE STATION , DUBAI",04-2859880,,,,verified,ox-alpha via OpenRouter
2014,DXB,PHARMACY,PRIMACARE PHARMACY LLC,DEIRA -BANIYAS SQUARE,"MEZZANINE FLOOR, AL MUSALLA TOWER, BANK STREET, PO BOX 26238, BUR DUBAI, UAE",04-396 6123,,,,verified,ox-alpha via OpenRouter
2015,DXB,PHARMACY,ASTER PHARMACY 128 (BR. OF ASTER PHARMACIES GROUP LLC),AL BARSHA,"SHOP # 1, NEW ENOC, UMM SEQUIM ST, AL BARSHA, DUBAI, UAE",04-4405945,,,,verified,ox-alpha via OpenRouter
2016,DXB,PHARMACY,ASTER GRAND AL NAHDA PHARMACY,ALNAHDA,"AB PLAZA BUILDING, GROUND FLOOR, SHOP NO.8 AL NAHDA , DUBAI",04 2505712,,,,verified,ox-alpha via OpenRouter
2017,DXB,PHARMACY,ASTER PHARMACY 120 (BR OF ASTER PHARMACIES GROUP LLC,AL WARQA,"ABDUL RAOUF MOHAMMED SALEH ALAVI BUILDING, AL WARQA 1, AL WARQA, NEAR ASWAQ MALL",04-2803995,,,,verified,ox-alpha via OpenRouter
2018,DXB,PHARMACY,ASTER GOLDEN SANDS PHARMACY,BUR DUBAI,AL AIN CENTRE - BUR DUBAI,04-3511444,,,,verified,ox-alpha via OpenRouter
2019,DXB,PHARMACY,ASTER MEDICINE SHOPPE MICRO(MEDICINE SHOPPE MICRO),AL BARSHA,AL BARSHA,04-3237939,,,,verified,ox-alpha via OpenRouter
2020,DXB,PHARMACY,ASTER MEDICOM-7 (FLAME PHARMACY),DUBAI,"AL MIZHAR MALL, AL MIZHAR-I, DUBAI",04-2876804,,,,verified,ox-alpha via OpenRouter
2021,DXB,PHARMACY,ASTER PHARMACY 204(BR OF ASTER PHARMACIES GROUP LLC,AL QUSAIS,"AL QUSAIS BUILDING, DAMASCUSS STREET, NEAR GRAND HOTEL, AL QUSAIS",04-2203889,,,,verified,ox-alpha via OpenRouter
2022,DXB,PHARMACY,ASTER PHARMACY 100,DUBAI,"AL RAZI BUILDING, BUILDING NO 64, D BLOCK, DHCC",04-4343922,,,,verified,ox-alpha via OpenRouter
2023,DXB,PHARMACY,ASTER EHSAN PHARMACY,DEIRA,"AL SHAAB COLONY, HOR AL ANZ - DEIRA DUBAI",04-2975986,,,,verified,ox-alpha via OpenRouter
2024,DXB,PHARMACY,ASTER ALFA (ALFA PHARMACY),QUSAIS,"ALFATTAN BUILDING ,QUSAIS",04-2806714,,,,verified,ox-alpha via OpenRouter
2025,DXB,PHARMACY,ASTER PHARMACY101 (BR OF ASTER PHARMACIES GROUP LLC),QUSAIS,"AQU BUILDING, AL QUSAIS1, SHEIKH COLONY, NEAR TO DAFZA METRO STATION",04-2382342,,,,verified,ox-alpha via OpenRouter
2026,DXB,PHARMACY,ASTER AVENUE PHARMACY,BUSSINESS BAY,"ASPECT TOWERS, BAY AVENUE, BUSINESS BAY, DUBAI",04 4357450,,,,verified,ox-alpha via OpenRouter
2027,DXB,PHARMACY,ASTER MEDICOM-12(DUBAI CENTURY PHARMACY),RASHIDIYA,"BEHIND BIN SOUQAT CENTRE, AL RASHIDIYA, DUBAI",04-2859110,,,,verified,ox-alpha via OpenRouter
2028,DXB,PHARMACY,ASTER ASMA PHARMACY,DEIRA,BEHIND NAIF POLICE STATION - DEIRA DUBAI,04-2222786,,,,verified,ox-alpha via OpenRouter
2029,DXB,PHARMACY,ASTER NEW AL SHIFA (NEW AL SHIFA PHARMACY),INTERNATIONAL CITY,"BUILING NO:20, RUSSIAN CLUSTER,INT'L CITY",04-4227474,,,,verified,ox-alpha via OpenRouter
2030,DXB,PHARMACY,ASTER SHINDAGHA PHARMACY,BUR DUBAI BUS STATION,CARREFOUR - BUR DUBAI,04-3933889,,,,verified,ox-alpha via OpenRouter
2031,DXB,PHARMACY,ASTER MEDICOM-8 (CENTURY PHARMACY),HAMRIYA,"CENTURY MALL, HAMRIYA, DUBAI",04-2965040,,,,verified,ox-alpha via OpenRouter
2032,DXB,PHARMACY,FAISAL PHARMACY  (AL SHAFAR GROUP OF PHARMACIES),UMM SEQUM,"CHOITRAM, UMM SEQUM",04-3485102,,,,verified,ox-alpha via OpenRouter
2033,DXB,PHARMACY,DRAGON PHARMACY  (AL SHAFAR GROUP OF PHARMACIES),DRAGON MART,"DRAGON MART , BAN 05& 06",04-3687409,,,,verified,ox-alpha via OpenRouter
2034,DXB,PHARMACY,DRAGON MART PHARMACY  (AL SHAFAR GROUP OF PHARMACIES),AWEER,DRAGON MART MAIN ENTRANCE,04-3687450,,,,verified,ox-alpha via OpenRouter
2035,DXB,PHARMACY,ASTER MEDICOM-5 (EMIRATES CO-OP. PHARMACY),QUSAIS,"EMIRATES COOPERATIVE SOCIETY, AL TWAR, DUBAI",04-2649929,,,,verified,ox-alpha via OpenRouter
2036,DXB,PHARMACY,HIGHWAY PHARMACY  (AL SHAFAR GROUP OF PHARMACIES),DUBAI,"ENOC STATION, OPP. WASEL HOSPITAL",04-3375552,,,,verified,ox-alpha via OpenRouter
2037,DXB,PHARMACY,UMM HURAIR PHARMACY  (AL SHAFAR GROUP OF PHARMACIES),AL MANARA,"G5&G6 - J3 MALL, AL MANARA, DUBAI",04-3383766,,,,verified,ox-alpha via OpenRouter
2038,DXB,PHARMACY,ASTER MEDICOM(AL PHARABI),GOLD SOUQ,"GROUND FLOOR, AL HAYAM HOTEL, GOLD SOUQ, DUBAI",04-2264844,,,,verified,ox-alpha via OpenRouter
2039,DXB,PHARMACY,ASTER TECOM PHARMACY,TECOM,"GROUND FLOOR, ICON TOWER, BEHIND BYBLOS HOTEL, BARSHA HEIGHT, TECOM",04 4534840,,,,verified,ox-alpha via OpenRouter
2040,DXB,PHARMACY,ASTER PHARMACY 129 (BR. OF ASTER PHARMACIES GROUP LLC),SATWA,"GROUND FLOOR,MARJANA PLAZA BUILDING, AL BADA, SATWA",04-3590530,,,,verified,ox-alpha via OpenRouter
2041,DXB,PHARMACY,ASTER PHARMACY 124 (BR. ASTER PHARMACIES GROUP LLC),MARINA,"GROUND FLOOR,SUKOON TOWER, MARINA, DUBAI",04-5546282,,,,verified,ox-alpha via OpenRouter
2042,DXB,PHARMACY,ASTER PHARMACY 126 (BR. OF ASTER PHARMACIES GROUP LLC),JUMEIRAH,"JUMERIAH, UMSUQUIM 1, NEAR MEDCARE CLINIC",04-3952213,,,,verified,ox-alpha via OpenRouter
2043,DXB,PHARMACY,ASTER PHARMACY 1 (BR.ASTER PHARMACY),BUR DUBAI,"KALID BIN WALEED ROAD, BURDUBAI",04-3863800,,,,verified,ox-alpha via OpenRouter
2044,DXB,PHARMACY,ASTER AL RAHA (AL RAHA PHARMACY),KHALID BIN WALEED ROAD,KHALID BIN WALEED RD - BUR DUBAI,04-3523383,,,,verified,ox-alpha via OpenRouter
2045,DXB,PHARMACY,ASTER YACOUB PHARMACY,BUR DUBAI,"KHALID BIN WALEED ROAD, NEAR TO ADCB BANK, BANK STREET,BUR DUBAI",04-3523332,,,,verified,ox-alpha via OpenRouter
2046,DXB,PHARMACY,ASTER AL MUSALLA PHARMACY,UMM SEQUM,"KHARBASH BUILDING,JUMERIAH ROAD,UMM SUQEM 1",04-3284548,,,,verified,ox-alpha via OpenRouter
2047,DXB,PHARMACY,ASTER ALSHAFAR PHARMACY (BR OF ASTER AL SHAFAR PHARMACIES GROUP L.L.C) (FORMERLY LAMCY PHARMACY),KARAMA,"LAMCY PLAZA, 1ST FLOOR",04-3352727,,,,verified,ox-alpha via OpenRouter
2048,DXB,PHARMACY,ASTER MEDICOM PHARMACY-14 (MADINA MALL PHARMACY),QUSAIS,"MADINA MALL, AL QUSAIS",04-2558733,,,,verified,ox-alpha via OpenRouter
2049,DXB,PHARMACY,ASTER MEDICOM-6(MAZAYA PHARMACY),DUBAI,"MAZAYA CENTRE,SH ZAYED ROAD, DUBAI",04-3435522,,,,verified,ox-alpha via OpenRouter
2050,DXB,PHARMACY,ASTER MEDICOM-2 (AL WASL PHARMACY),JUMEIRAH,"MERCATO CENTRE, JUMEIRA BEACH ROAD, DUBAI",04-3448333,,,,verified,ox-alpha via OpenRouter
2051,DXB,PHARMACY,ASTER BETA (BETA PHARMACY),MIRDIFF,MIRDIFF CITY CENTRE,04-2840678,,,,verified,ox-alpha via OpenRouter
2052,DXB,PHARMACY,ASTER PHARMACY 112 (BR OF ASTER PHARMACIES GRP),BUR DUBAI,"MOHAMED KHLIFA AL KHALAFI BUILDING, GROUND FLOOR,ROLLA STREET, AL RAFFA, BURDUBAI",04-3252920,,,,verified,ox-alpha via OpenRouter
2053,DXB,PHARMACY,ASTER PHARMACY 111 (BR OF ASTER PHARMACIES GROUP LLC),MUHAISNAH,"MUHAISINAH PLAZA BUILDING, SHOP NO.6,MUHAISANAH 4,LULU VILLAGE, NEAR THE INDIAN ACADEMY, BEHIND MADINA MALL",04-2593195,,,,verified,ox-alpha via OpenRouter
2054,DXB,PHARMACY,ASTER UNION PHARMACY,BUR DUBAI,NEAR AL RAFA POLY CLINIC - BUR DUBAI,04-3935619,,,,verified,ox-alpha via OpenRouter
2055,DXB,PHARMACY,ASTER IBN AL AZWAR PHARMACY,AL AWEER,NEAR EPPCO - AL AWEER,04-3331504,,,,verified,ox-alpha via OpenRouter
2056,DXB,PHARMACY,ASTER RASHID PHARMACY,DEIRA,"NEAR GUEST LINE HOTEL ,RIGGA ROAD DEIRA",04 2211739,,,,verified,ox-alpha via OpenRouter
2057,DXB,PHARMACY,AL QOUZ PHARMACY,AL QUOZ,NEAR KHALIFA SUPER MARKET - AL QOUZ,04-3384401,,,,verified,ox-alpha via OpenRouter
2058,DXB,PHARMACY,ASTER AL WARQA PHARMACY,WARQA,NEAR MASS SUPER MARKET - WARQA,04-2801691,,,,verified,ox-alpha via OpenRouter
2059,DXB,PHARMACY,ASTER NEW AL QOUZ(NEW AL QUOZ PHARMACY),AL QUOZ,NEAR NEW GRAND MALL - AL QOUZ,04-3385854,,,,verified,ox-alpha via OpenRouter
2060,DXB,PHARMACY,ASTER AL SHIFA PHARMACY,KARAMA,NEAR UNION MEDICAL CENTRE - KARAMA,04-3969469,,,,verified,ox-alpha via OpenRouter
2061,DXB,PHARMACY,ASTER MEDSAVE (MEDSAVE PHARMACY),MIRDIFF,"NEAR UNION NATIONAL BANK, MIRDIFF",04-2847600,,,,verified,ox-alpha via OpenRouter
2062,DXB,PHARMACY,ASTER MEDICOM-10 (AL SABA PHARMACY),MIRDIFF,"NEAR UP TOWN MALL, MIRDIF, DUBAI",04-2885995,,,,verified,ox-alpha via OpenRouter
2063,DXB,PHARMACY,ASTER JEBEL ALI  PHARMACY,JEBEL ALI,"NESTO HYPERMARKET, SHOP NO 5, JEBELALI",04 8840237,,,,verified,ox-alpha via OpenRouter
2064,DXB,PHARMACY,ASTER MEDICOM-9 (AL QEMMA PHARMACY),QUSAIS,"OPP. AL QUSAIS POLICE STATION, AL QUSAIS, DUBAI",04-2640818,,,,verified,ox-alpha via OpenRouter
2065,DXB,PHARMACY,ASTER MEDICOM-11 (NEW FLAME PHARMACY),QUSAIS,"OPP. AL TOWAR CENTRE, AL QUSAIS, DUBAI",04-2611551,,,,verified,ox-alpha via OpenRouter
2066,DXB,PHARMACY,ASTER AL JUMA PHARMACY,KARAMA,OPP. TO LULU CENTRE - KARAMA,04-3348981,,,,verified,ox-alpha via OpenRouter
2067,DXB,PHARMACY,ASTER IQRA PHARMACY,DEIRA,"OPP: AL FUTHAIM MASJID, DEIRA",04 2289164,,,,verified,ox-alpha via OpenRouter
2068,DXB,PHARMACY,ASTER MEDICOM-13(HOME PHARMACY),BUR DUBAI,"OPPOSTIE :- KARAMA CENTRE, KARAMA, DUBAI",04-3977739,,,,verified,ox-alpha via OpenRouter
2069,DXB,PHARMACY,ASTER DIP PHARMACY,DIP,"RAMLA HYPERMARKET, DUBAI INVESTMENT PARK",04-8800996,,,,verified,ox-alpha via OpenRouter
2070,DXB,PHARMACY,ASTER PHARMACY 127 ( BR OF ASTER PHARMACIES GROUP LLC),MARINA,"ROYAL OCEANIC-1, S-01,PLOT NO:218, MARSA DUBAI, NEAR LE MERIDIEN, DUBAI MARINA",04-5547096,,,,verified,ox-alpha via OpenRouter
2071,DXB,PHARMACY,ASTER PHARMACY 102  (BR OF ASTER PHARMACIES GROUP LLC),QUSAIS,"SHOP 2, SAEED HAMAD MUSLEH JAMHOUR AL AHBABI BUILDING, AL QUSAIS SECOND, AL QUSAIS",04-2610833,,,,verified,ox-alpha via OpenRouter
2072,DXB,PHARMACY,ASTER PHARMACY 5,INTERNATIONAL CITY,"SHOP NO 02, CBD 29, AL WARSAN 1ST, INTERNATIONAL CITY",04-4473169,,,,verified,ox-alpha via OpenRouter
2073,DXB,PHARMACY,ASTER PHARMACY 123,DEIRA,"SHOP NO3, AL GHURAIR REAL ESTATE BUILDING, AL MUTEENA STREET, DEIRA, NEAR DUBAI PALM HOTEL",04-2731282,,,,verified,ox-alpha via OpenRouter
2074,DXB,PHARMACY,SARA PHARMACY  (AL SHAFAR GROUP OF PHARMACIES),KARAMA,"SPINNEYS, KARAMA",04-3593330,,,,verified,ox-alpha via OpenRouter
2075,DXB,PHARMACY,AL FARDOOS PHARMACY,INTERNATIONAL CITY,"SUPREME RESIDENCY, INTERNATIONAL CITY",04-4410590,,,,verified,ox-alpha via OpenRouter
2076,DXB,PHARMACY,ASTER MEDICOM-4(TOWN  PHARMACY),JUMEIRAH,"TOWN CENTRE, JUMEIRA BEACH ROAD, DUBAI",04-3440077,,,,verified,ox-alpha via OpenRouter
2077,DXB,PHARMACY,ASTER MEDICOM-1 (AL JAMEYA PHARMACY),AL TWAR 1,"UNION COOPERATIVE SOCIETY, AL TWAR 1, DUBAI",04-2633677,,,,verified,ox-alpha via OpenRouter
2078,DXB,PHARMACY,AWEER SOCIETY PHARMACY (AL SHAFAR GROUP OF PHARMACIES),AWEER,"UNION COP, NEAR FRUIT & VEG MARKET",04-3201900,,,,verified,ox-alpha via OpenRouter
2079,DXB,PHARMACY,UPTOWN PHARMACY  (AL SHAFAR GROUP OF PHARMACIES),AL MANARA,"J3 MALL, 1ST FLOOR, AL WASL ROAD, AL MANARA, DUBAI, UAE",04-3392762,,,,verified,ox-alpha via OpenRouter
2080,DXB,PHARMACY,DORRA PHARMACY (AL SHAFAR GROUP OF PHARMACIES),JUMEIRAH,"VILLA 351, BEACH PARK,NEAR MEDCARE CHILD CLINIC, JUMEIRA",04-3478481,,,,verified,ox-alpha via OpenRouter
2081,DXB,PHARMACY,ASTER MEDSHOP GARDENS (MEDSHOP GARDENS PHARMACY),GARDENS,"ZEN CLUSTER, DISCOVERY GARDENS",04-4329596,,,,verified,ox-alpha via OpenRouter
2082,DXB,PHARMACY,ASTER PHARMACY 165 (BR OF ASTER PHARMACIES GROUP LLC),DUBAI HILLS,"SWAY RESIDENCES, SHOP NO:RETAIL-3,HADAEQ SHEIKH MOHAMMED BIN RASHID, DUBAI HILLS",04-7187190,,,,verified,ox-alpha via OpenRouter
2083,DXB,PHARMACY,ASTER MEDICAL CENTRE  ARABIAN RANCHES PHARMACY BR OF DM HEALTHCARE LLC,ARABIAN RANCHES 2,"1ST FLOOR, EMAAR MALL, NEAR ASTER CLINIC, THE RANCHES SOUK, ARABIAN RANCHES 2, DUBAI",04-3092900,,,,verified,ox-alpha via OpenRouter
2084,DXB,PHARMACY,CEDARS JEBEL ALI INTL HOSPITAL PHARMACY,JEBEL ALI,"JEBEL ALI FREE ZONE,DUBAI,UAE",04-8814000,,,,verified,ox-alpha via OpenRouter
2085,DXB,PHARMACY,AL RAWDA PHARMACY LLC BRANCH,DIP 1,"BAYAN BUSINESS CENTRE, DUBAI INVESTMENT PARK-1, DUBAI, U.A.E",04-8800920,,,,verified,ox-alpha via OpenRouter
2086,DXB,PHARMACY,SONAPUR STAR PHARMACY L.L.C (FORMERLY AL QUSAIS STAR PHARMACY(LLC) (BRANCH)),MUHAISNAH - 2,"20TH STREET, MUHAISNAH - 2, OPP. PATHAN RESTAURANT, NEAR GOLEN JUBILEE SUPERMARKET, DUBAI-UAE",04-5488684,,,,verified,ox-alpha via OpenRouter
2087,DXB,PHARMACY,NEW AL NEEM PHARMACY L.L.C ( AL NEEM GROUP),AL QUOZ,"JIWIN STAFF ACCOMMODATION, AL QUOZ-2,POST BOX:294880",04-3282121,,,,verified,ox-alpha via OpenRouter
2088,DXB,PHARMACY,AL NEEM GREEN PHARMACY L.L.C(AL NEEM GROUP),AL QUOZ,"SALMAN IBRAHIM BUILDING, AL QUOZ-4, POST BOX:294880, POST BOX:294880",04-3355557,,,,verified,ox-alpha via OpenRouter
2089,DXB,PHARMACY,AL NEEM GRAND PHARMACY L.L.C(AL NEEM GROUP),MUHAISNAH,"MASCO HYPERMARKET BUILDING, 27 E STREET. MUHAISNAH-4, POST BOX:294880",04-2237770,,,,verified,ox-alpha via OpenRouter
2090,DXB,PHARMACY,AL NEEM PHARMACY L.L.C BRANCH(AL NEEM GROUP),JAFZA,"COMMERCIAL CENTER, SHOPE NO:116, JAFZA SOUTH",04-8809667,,,,verified,ox-alpha via OpenRouter
2091,DXB,PHARMACY,AL NEEM PHARMACY L.L.C  (AL NEEM GROUP),WARSEN 1,"CBD20, INTERNATIONAL CITY, WARSEN 1,",04-3697130,,,,verified,ox-alpha via OpenRouter
2092,DXB,PHARMACY,ADVANCED CARE PHARMACY LLC-AL QUOZ-(ADVANCED GROUP),AL QUOZ,"ROOM NO -1, FAKHRUDDIN PROPERTIES BUILDING, BEHIND NATIONAL CEMENT FACTORY, INDUSTRIAL AREA-3, AL QUOZ, DUBAI - UAE",04-3307120,,,,verified,ox-alpha via OpenRouter
2093,DXB,PHARMACY,ADVANCED CARE PLUS PHARMACY LLC-JABEL ALI-(ADVANCED GROUP),JEBEL ALI,"AWQAF BUILDING,NEAR TO UAEXCHANGE CENTER, JEBEL ALI INDUSTRIAL AREA 1, JEBEL ALI, DUBAI - UAE",04-8829700,,,,verified,ox-alpha via OpenRouter
2094,DXB,PHARMACY,ADVANCED STAR PHARMACY LLC-DIP-(ADVANCED GROUP),DIP,"SHOP NO : 3, NASSEM AL MADINA SUPER MARKET BULIDING,PHASE 2, DUBAI INVESTMENT PARK,JEBEL ALI, DUBAI - UAE",04-8851154,,,,verified,ox-alpha via OpenRouter
2095,DXB,PHARMACY,NEW ADVANCED CARE PHARMACY LLC (ADVANCE CARE GROUP),INDUSTRIAL CITY,"SOUQ NO :4, SHOP NUMBER : 3, SEIHSHOWEB 4, LABOUR CITY 2, DUBAI INDUSTRIAL CITY, DUBAI - UAE",04-3807807,,,,verified,ox-alpha via OpenRouter
2096,DXB,PHARMACY,ACCESS PHARMACY AL QOUZ (BR OF ASTER PHARMACIES GROUP LLC),ALQOUZ,"AL ARIF BUILDING, GF-1, AL QOUZE-3, AL QOUZE",04-3807218,,,,verified,ox-alpha via OpenRouter
2097,DXB,PHARMACY,AL  MANKHOOL PHARMACY LLC,AL NAHDA 2,"TRIO 3,19 A ST - AL NAHDA - AL NAHDA 2 - DUBAI",04-2554427,,,,verified,ox-alpha via OpenRouter
2098,DXB,PHARMACY,RALS PHARMACY( BR OF ABD ULWAHED BIN SHABIB INVESTMENT GROUP L.L.C),JEBEL ALI INDUSTRIAL 1,"AWS FAMILY RESIDENCE,18, 57 STREET,JEBEL ALI INDUSTRIAL 1, JEBEL ALI, DUBAI",04-2275777,,,,verified,ox-alpha via OpenRouter
2099,DXB,PHARMACY,MODERN FAMILY  PHARMACY LLC  BRANCH,ALBARSHA 1,"GROUND FLOOR. AL BARSHA- 1 , BUSINESS CENTRE,  SHOP NO :6",04-3343263,,,,verified,ox-alpha via OpenRouter
2100,DXB,PHARMACY,LANA  PHARMACY  L.L.C,JVC,JVC DUBAI,06-557 9567,,,,verified,ox-alpha via OpenRouter
2101,DXB,PHARMACY,NMC SPECIALITY HOSPITAL PHARMACY(FORMERLY NMC SPECIALITY HOSPITAL PHARMACY),AL NAHDA 2,"AMMAN STREET, AL NAHDA 2  ,DUBAI",04-2122414,,,,verified,ox-alpha via OpenRouter
2102,DXB,PHARMACY,NMC ROYAL HOSPITAL PHARMACY(FORMERLY NMC HOSPITAL PHARMACY),DIP 1,"NMC ROYAL HOSPITAL,ADJACENT TO FALCON HOUSEDUBAI INVESTMENT PARK 1,P.O BOX 7832,DUBAI INVESTMENTS PARK , DUBAI",04-8108866,,,,verified,ox-alpha via OpenRouter
2103,DXB,PHARMACY,BAIT AL SHIFAA PHARMACY LTD - DUBAI BRANCH(FORMERLY BAIT AL SHIFAA NEW PHARMACY),HOR AL ANZ,"OPPOSITE ABU HAIL METRO STATION ,HOR AL ANZ ,NEW AL SAFIYA BUILDING ,DEIRA",04-2666464,,,,verified,ox-alpha via OpenRouter
2104,DXB,PHARMACY,XIE HE PHARMACY LLC,WARSAN ,"INTERNATIONAL CITY ,CHINA CLUSTER, A12 BUILDING WARSAN FIRST",04-4233055,,,,verified,ox-alpha via OpenRouter
2105,DXB,PHARMACY,VIDA PHARMACY L.L.C,AL RAFA,"SHOP NO -14 , AL RAIS SHOPPING CENTRE , AL RAFFA -   DUBAI",052-5341543,,,,verified,ox-alpha via OpenRouter
2106,DXB,PHARMACY,LLH MEDICAL CENTER LLC PHARMACY BRANCH,DIP 2,"UNIT NUMBER : SHOP 1 (ROOF FLOOR), THE TOWN MALL, DIP 2, PO BOX-21116, DUBAI",04-6126066,,,,verified,ox-alpha via OpenRouter
2107,DXB,PHARMACY,NOOM PHARMACY LLC,INDUSTRIAL CITY," SHOP NO 2 , TALAL HYPERMARKET BUILDING, DUBAI INDUSTRIAL CITY , DUBAI , UAE",04-2773338,,,,verified,ox-alpha via OpenRouter
2108,DXB,PHARMACY,ZMC PHARMACY LLC,AL KHAIL,"B28 AL SHOWAIB REAL ESTATE, AL QUOZ 1 FIRST AL KHAIL ROAD,DXB",04-2674685,,,,verified,ox-alpha via OpenRouter
2109,DXB,PHARMACY,BLOOM PLUS PHARMACY,INTERNATIONAL CITY,"R23, FRANCE CLUSTER, INTERNATIONAL CITY, DUBAI,UAE",04-5297272,,,,verified,ox-alpha via OpenRouter
2110,DXB,PHARMACY,CANADIAN SPECIALIST HOSPITAL PHARMACY L.L.C,AL RIGGA RD,"AL GHURAIR CENTRE, 2ND FLOOR, AL RIGGA RD, DEIRA, DUBAI, UAE",04-7072880,,,,verified,ox-alpha via OpenRouter
2111,DXB,PHARMACY,ASTER PHARMACY 186 (BR OF ASTER PHARMACIES GROUP L.L.C),PALM JUMEIRAH,"SHOP 1, SEVEN PALM HOTEL & APARTMENTS THE PALM A, NEAR TO MEDCARE MEDICAL CENTER PLAM JUMEIRAH, PALM JUMAIRA ROAD, PALM JUMEIRAH, DUBAI",04-2688710,,,,verified,ox-alpha via OpenRouter
2112,DXB,PHARMACY,ASTER PHARMACY 191 (BR OF ASTER PHARMACIES GROUP L.L.C),NAD AL SHEBA 1,"SHOP NO 2, CREEK VISTAS TOWER B, SHOBA HEARTLAND, AL MERKADH, NAD AL SHEBA 1, DUBAI",04-3092900,,,,verified,ox-alpha via OpenRouter
2113,DXB,PHARMACY,ASTER PHARMACY 192 (BR OF ASTER PHARMACIES GROUP L.L.C),DOWNTOWN,"SHOP NO 3, TOWER NO 1, TRADE CENTER FIRST, SHAIKH ZAYED ROAD, DOWNTOWN, DUBAI",04-3092900,,,,verified,ox-alpha via OpenRouter
2114,DXB,PHARMACY,ASTER PHARMACY 194 (BR OF ASTER PHARMACIES GROUP L.L.C),NAD AL SHEBA 1,"SHOP NO 2, CREEK VISTAS TOWER B, SHOBA HARTLAND, AL MERKADH, NAD AL SHEBA 1, DUBAI",04-3092900,,,,verified,ox-alpha via OpenRouter
2115,DXB,PHARMACY,ASTER PHARMACY 196 (BR OF ASTER PHARMACIES GROUP L.L.C),NAD AL SHEBA 1,"RETAIL-20, AZIZI RIVIERA 5, SHOBA HARTLAND, AL MERKADH, NAD AL SHEBA 1, DUBAI",04-3092900,,,,verified,ox-alpha via OpenRouter
2116,DXB,PHARMACY,AL HANA PHARMACY LLC,AL JAFILIYA,"INSIDE ALHANA CENTER. GROUND FLOOR. AL MANKHOOL ROAD. AL JAFILIYA,DIBAI,UAE",04-2719122,,,,verified,ox-alpha via OpenRouter
2117,DXB,PHARMACY,ABSOLUTE WELLNESS MEDICAL CENTRE LLC- AMBULATORY PHARMACY,AL QUOZ 3,"SALMAN EBRAHIM BUILDING,OFFICE NO 101,BEHIND ALKHAIL MALL,ALQUOZ-3-DXB",04-8863521,,,,verified,ox-alpha via OpenRouter
2118,DXB,PHARMACY,GRAND DR ISMAIL POLYCLINIC L.L.C PHARMACY,ABU HAIL,"JSCOM GRAND RESIDENCE, SHOP NO 3, NEAR CANADIAN SPECIALIST HOSPITAL, 28TH STREET, ABU HAIL, DUBAI, U.A.E",04-3706200,,,,verified,ox-alpha via OpenRouter
2119,DXB,PHARMACY,EMIRATES PHARMACY L.L.C (BR.DISCOVERY GARDEN),DISCOVERY GARDENS,BUILDING 18 GROUND FLOOR STREET ONE ZEN CLUSTER - DISCOVERY GARDEN ,04-5573905,,,,verified,ox-alpha via OpenRouter
2120,DXB,PHARMACY,ASTER PHARMACY180 AND CLINIC BR OF ASTER PHARMACIES GROUP LLC,MARSA DUBAI,"THE RIMAL ,GROUND FLOOR ,FLAT NO-173-0 , NEXT TO CARREFOURE - JBR ,MARSA DUBAI, POBOX 8703 , DUBAI , UAE",04-4400500,,,,verified,ox-alpha via OpenRouter
2121,DXB,PHARMACY,STEPS PHARMACY L.L.C,AL NAHDA,"AL NAHDA SECOND,DUBAI,UAE",04-5230555,,,,verified,ox-alpha via OpenRouter
2122,DXB,PHARMACY,AFRIDI PHARMACY LLC,MUHSINAH 2,"SHOP NO-2, 13B SONAPUR, NEST TO AL ANSARI EXCHANGE, MUHSINAH-2, DUBAI, U.A.E",04-2711802,,,,verified,ox-alpha via OpenRouter
2123,DXB,PHARMACY,WECARE E R X PHARMACY L.L.C,AL KARAMA,"BEHIND ANSAR GALLERY - KHALID BIN AL WALEED RD - AL KARAMA - DUBAI,UAE",04-8804179,,,,verified,ox-alpha via OpenRouter
2124,DXB,PHARMACY,MED DOC PHARMACY L.L.C,JVT,"GOLDEN WOOD VIEWS BUILDING SHOP NO: 2,  JVT, DUBAI",04-424 8097,,,,verified,ox-alpha via OpenRouter
2125,DXB,PHARMACY,MEDICOM PHARMACY 31 L.L.C,SATWA,"OPPO AL ANSARI EXCHANGE, AL BADA, SATWA, DUBAI",04-385 9232,,,,verified,ox-alpha via OpenRouter
2126,DXB,PHARMACY,TRU DOC PHARMACY L.L.C,OUD METHA,"OUD METHA, SH HASHER HAMAD 13, SHOP NO. 11, DUBAI, UAE",04-2677656,,,,verified,ox-alpha via OpenRouter
2127,DXB,CLINIC,ROYAL PHOENIX CLINIC L.L.C,WASL VILLAGE,"1ST FLOOR, WASL VILLAGE RETAIL, CENTER WASL VILLAGE, AL QUASIS INDUSTRIAL AREA 5, DUBAI UAE",04-2576155,,,,verified,ox-alpha via OpenRouter
2128,DXB,PHARMACY,ROYAL PHOENIX CLINIC L.L.C - PHARMACY,WASL VILLAGE,"1ST FLOOR, WASL VILLAGE RETAIL, CENTER WASL VILLAGE, AL QUASIS INDUSTRIAL AREA 5, DUBAI UAE",04-2576155,,,,verified,ox-alpha via OpenRouter
2129,DXB,PHARMACY,PRISTINE CARE PHARMACY (BR OF PRISTINE PHARMACY LLC)DUBAI BRANCH,JEBEL ALI ,"CIG MALL ,JEBEL ALI ,INDUSTRIAL AREA",04-5548530,,,,verified,ox-alpha via OpenRouter
2130,DXB,PHARMACY,AL MULAYIM PHARMACY L.L.C,MUHAISNAH,"SONAPUR BUILDING, 28TH STREET, MUHAISNAH SECOND, MUHAISNAH, DUBAI, U.A.E",04-5587617,,,,verified,ox-alpha via OpenRouter
2131,DXB,PHARMACY,ASTER PHARMACY 171 (BR OF ASTER PHARMACIES GROUP L.L.C),DIP,"SHOP NO B6, RDK 1190 BUILDING B, GREEN COMMUNITY VILLAGE, DUBAI INVESTMENT PARK FIRST, DUBAI",04-2516452,,,,verified,ox-alpha via OpenRouter
2132,DXB,PHARMACY,ASTER PHARMACY 177 (BR OF ASTER PHARMACIES GROUP L.L.C),WADI AL SAFA 5,"SHOP 6&7, RAJA BUILDING, OPPOSITE SKYCOURT TOWER B, WADI AL SAFA- 5, DUBAI LAND RESIDENCE COMPLEX, DUBAI LAND, DUBAI",04-2575216,,,,verified,ox-alpha via OpenRouter
2133,DXB,PHARMACY,ASTER PHARMACY 195 (BR OF ASTER PHARMACIES GROUP L.L.C),IBN BATTUTA ST,"SHOP NO. 3, PINK BUILDING 7,  JEBEL ALI VILLAGE, IBN BATTUTA STREET, THE GARDENS, DUBAI",04-5725507,,,,verified,ox-alpha via OpenRouter
2134,DXB,PHARMACY,MARHABA PHARMACY LLC,NAIF,"SUNSHINE BUILDING - 2, FISH R/A, NAIF DUBAI, UAE",04-2224844,,,,verified,ox-alpha via OpenRouter
2135,DXB,PHARMACY,ABEER AL NOOR PHARMACY LLC,RASHIDIYA,"RASHIDIYA-BEHIND BIN SOUGAT CENTRE, DUBAI, UAE",04-2362305,,,,verified,ox-alpha via OpenRouter
2136,DXB,PHARMACY,ABEER AL NOOR POLY CLINIC L.L.C (BRANCH)-PHARMACY,MUHAISNAH 2,MUHAISNAH2-GRAND HYPERMARKET -DUBAI,04-3298661,,,,verified,ox-alpha via OpenRouter
2137,DXB,PHARMACY,AMBER CLINICS LLC(PHARMACY),AL RIGGA ST,AL RIGGA ST.DEIRA- DXB NEAR IBIS HOTLE RIGGA,04-2325109,,,,verified,ox-alpha via OpenRouter
2138,DXB,PHARMACY,AMBER PHARMACY L.L.C,DUBAI AIRPORT FREEZONE ,"AL QUSAIS 1.DEIRA BEHIND DUBAI AIRPORT FREE ZONE METRO NEXT TALAL SM 2, DUBAI, UAE",04-3558458,,,,verified,ox-alpha via OpenRouter
2139,DXB,PHARMACY,DR JOSEPH POLYCLINIC (BR OF AMBER CLINICS L.L.C PHARMACY)),AL KARAMA,AL KARAMA- DXB NEAR KARAMA METRO STATION ,04-3541012,,,,verified,ox-alpha via OpenRouter
2140,DXB,PHARMACY,DURAIYA KAMAL MEDICAL CLINIC-PHARMACY,AL RIGGA,"DUBAI AL RIGGA, BANIYAS SQUARE ST., NEXT DEIRA POST OFFICE, DUBAI, UAE",04-2272289,,,,verified,ox-alpha via OpenRouter
2141,DXB,PHARMACY,INNOVATION FAMILY PHARMACY L.L.C,UMM SUQEIM 1,"UMM SUQEIM 1/JUMEIRAH ST /OPP FAB BANK, DUBAI, UAE",04-3417924,,,,verified,ox-alpha via OpenRouter
2142,DXB,PHARMACY,HEALTH FIRST PHARMACY 1- DUBAI (BR. OF HEALTH FIRST INVESTMENT LLC),TECOM,"TECOM, TAMEEM HOUSE BLDG, DUBAI",056-5379674,,,,verified,ox-alpha via OpenRouter
2143,DXB,PHARMACY,HEALTH FIRST PHARMACY 11,MIRDIF,SPORT SOCIETY MALL NEAR CITY CENTER MIRDIF -MIRDIF DXB,04-7181486,,,,verified,ox-alpha via OpenRouter
2144,DXB,PHARMACY,HEALTH FIRST PHARMACY 2,NAD AL SHEBA,NAD AL SHEBA FOURTH -ASWAQ -DUBAI,04-3264234,,,,verified,ox-alpha via OpenRouter
2145,DXB,PHARMACY,HEALTH FIRST PHARMACY 23- DUBAI (BR. OF HEALTH FIRST INVESTMENT LLC),HAMARIAN CENTRE,"INSIDE HAMARAIN CENTRE, DUBAI ",04-2693618,,,,verified,ox-alpha via OpenRouter
2146,DXB,PHARMACY,HEALTH FIRST PHARMACY 24- DUBAI (BR. OF HEALTH FIRST INVESTMENT LLC),SOUTH RIDGE BURJ DXB,TOWER 1 SOUTH RIDGE BURJ DXB BEHIND AL MANZIL HOTEL,04-4329158,,,,verified,ox-alpha via OpenRouter
2147,DXB,PHARMACY,HEALTH FIRST PHARMACY 25- DUBAI (BR. OF HEALTH FIRST INVESTMENT LLC),AL BARSHA,SOUQ EXTRA AL BARSHA,04-3992116,,,,verified,ox-alpha via OpenRouter
2148,DXB,PHARMACY,HEALTH FIRST PHARMACY 27 (IMPZ),INTERNATIONAL MEDIA PRODUCT ZONE,"INTERNATIONAL MEDIA PRODUCT ZONE,DXB,UAE",04-4253020,,,,verified,ox-alpha via OpenRouter
2149,DXB,PHARMACY,HEALTH FIRST PHARMACY 3,AL HUDAIBA STREET,"DUBAI -SATWA .AL HUDAIBA ST , OPP LAL'S S/MKT ",04-5464618,,,,verified,ox-alpha via OpenRouter
2150,DXB,PHARMACY,HEALTH FIRST PHARMACY 30,AL YUFRAH 2,DUBAI-AL YUFRAH2-AKOYA OXEGYN COMMUNITY CENTER,04-2523591,,,,verified,ox-alpha via OpenRouter
2151,DXB,PHARMACY,HEALTH FIRST PHARMACY 33,JUMEIRAH BEACH HOTEL,"JUMEIRAH BEACH HOTEL, DUBAI ",04-3469373,,,,verified,ox-alpha via OpenRouter
2152,DXB,PHARMACY,HEALTH FIRST PHARMACY 34,BURDUBAI,BURDUBAI MUSALLA MAIN ROAD,04-3852791,,,,verified,ox-alpha via OpenRouter
2153,DXB,PHARMACY,HEALTH FIRST PHARMACY 37,DUBAI SPORTS CITY,DUBAI SPORTS CITY,04-3606023,,,,verified,ox-alpha via OpenRouter
2154,DXB,PHARMACY,HEALTH FIRST PHARMACY 38,OUD METHA,OUD METHA 338 NEAR LAMCY PLAZA,04-3960695,,,,verified,ox-alpha via OpenRouter
2155,DXB,PHARMACY,HEALTH FIRST PHARMACY 4- DUBAI (BR. OF HEALTH FIRST INVESTMENT LLC),BUSSINESS BAY,"BUSINESS BAY EXECUTIVE TOWERS, NEXT TO SPINNEYS, DUBAI",04-4587004,,,,verified,ox-alpha via OpenRouter
2156,DXB,PHARMACY,HEALTH FIRST PHARMACY 41,MIRDIF MALL,"UP TOWN MIRDIF MALL,DXB,UAE",04-2882296,,,,verified,ox-alpha via OpenRouter
2157,DXB,PHARMACY,HEALTH FIRST PHARMACY 45,BARSHA 1,BARSHA 1 AL RAWBA BUILD. OPP LULU SM,04-3965891,,,,verified,ox-alpha via OpenRouter
2158,DXB,PHARMACY,HEALTH FIRST PHARMACY 48 ,JUMEIRAH 1,JUMAIRAH ROAD JUMAIRAH 1 OPP SPINNEYS,04-3430616,,,,verified,ox-alpha via OpenRouter
2159,DXB,PHARMACY,HEALTH FIRST PHARMACY 5- DUBAI (BR. OF HEALTH FIRST INVESTMENT LLC),DUBAI MALL ,DUBAI-DUBAI MALL 2 FLOUR ,04-5469856,,,,verified,ox-alpha via OpenRouter
2160,DXB,PHARMACY,HEALTH FIRST PHARMACY 52,SHEIKH ZAYED ROAD,"SHEIKH ZAYED ROAD WHITE CROWN BUILD, BEHIND RADISSON HOTEL",04 3253056,,,,verified,ox-alpha via OpenRouter
2161,DXB,PHARMACY,HEALTH FIRST PHARMACY 55,DUBAI HEALTHCARE CITY,DUBAI -DUBAI HEALTHCARE CITY -IBN SINA 27B BUILD,04-5776210,,,,verified,ox-alpha via OpenRouter
2162,DXB,PHARMACY,HEALTH FIRST PHARMACY 57,SUFOUH ST,MARSA DUBAI -SUFOUH ST -SHERATON JUMERIAH BEACH RESORT,04-5468891,,,,verified,ox-alpha via OpenRouter
2163,DXB,PHARMACY,HEALTH FIRST PHARMACY 58,MIRDIFF ST,"MIRDIF HILLS, MUTAQA AVENUE 2 - 78TH STREET , MIRDIF DXB",04-5913880,,,,verified,ox-alpha via OpenRouter
2164,DXB,PHARMACY,HEALTH FIRST PHARMACY 60,GARHOUD,"EMIRATES GROUP HEADQUARTERS ,GARHOUD, AIR PORT ROAD, OPP EMIRATES METRO",04-7187442,,,,verified,ox-alpha via OpenRouter
2165,DXB,PHARMACY,HEALTH FIRST PHARMACY 61,AL YUFRAH 2,DUBAI-AL YURFAH2-DAMAC HILLS 2 VIRIDIS TOWER B,04-2286011,,,,verified,ox-alpha via OpenRouter
2166,DXB,PHARMACY,HEALTH FIRST PHARMACY 64,AL GARHOUD PARK 3,DUBAI-AL GARHOUD-AIRPORT VIEW BUILDING OPP AL GARHOUD PARK3 -ST 35TH,04-3805045,,,,verified,ox-alpha via OpenRouter
2167,DXB,PHARMACY,HEALTH FIRST PHARMACY 9,JUMERIAH VILLAGE,JUMERIAH VILLAGE 2 SUMMER CLUSTER,04-4233733,,,,verified,ox-alpha via OpenRouter
2168,DXB,PHARMACY,DEANS LIFE PHARMACY LLC ,ALQUOZ 4,"SHOP NO:28, AL AMEED PLAZA, ALQUOZ 4, DUBAI,UAE.",04-2345897,,,,verified,ox-alpha via OpenRouter
2169,DXB,PHARMACY,ABEER AL NOOR PHARMACY LLC BRANCH,DIC,"SAIH SHUHAIB 3, LV2 C5,DUBAI INDUSTRIAL CITY (DIC),DUBAI,UAE",050-2900239,,,,verified,ox-alpha via OpenRouter
2170,DXB,PHARMACY,NEXA PHARMACY,ENGLAND CLUSTER BUILDING,"INTERNATIONAL CITY, ENGLAND CLUSTER BUILDING Z05",052-4244416,,,,verified,ox-alpha via OpenRouter
2171,DXB,PHARMACY,CRX PHARMACY L.L.C,JEBEL ALI VILLAGE,"WASL NOOK, WASL GATE COMMUNITY - NEAR SHEIKH ZAYED ROAD - JEBEL ALI VILLAGE - DUBAI,UAE",04 2246566,,,,verified,ox-alpha via OpenRouter
2172,DXB,PHARMACY,ASTER PHARMACIES GROUP LLC(DMCC BRANCH),JLT,"SHOP NO-5, GROUND FLOOR, ME DO RE RESIDENTIAL TOWER, CLUSTER L, JUMEIRAH LAKES TOWERS, AL THANYAH FIFTH, DUBAI",04-5917109,,,,verified,ox-alpha via OpenRouter
2173,DXB,PHARMACY,MEDCARE MEDICAL CENTRE ARABIAN RANCHES 3 (BR OF MEDCARE HOSPITAL (L.L.C)(PHARMACY),WADI AL SAFA 5,"AR3 GF37, ARABIAN RANCHES 3 SOUK, NEAR SILICON CENTRAL, SHEIKH ZAYED BIN HAMDAN AL NAHYAN STREET, WADI AL SAFA 5, DUBAI",04-2578939,,,,verified,ox-alpha via OpenRouter
2174,DXB,PHARMACY,MEDCARE MEDICAL CENTRE THE VALLEY (BR OF MEDCARE HOSPITAL (L.L.C)(PHARMACY),AL YUFRAH 1,"SHOP NO. 11 & 12, THE VALLEY PAVILION, AL AIN ROAD, AL YUFRAH 1, DUBAI",04-3291310,,,,verified,ox-alpha via OpenRouter
2175,DXB,PHARMACY,SHAMS AL AHALIA MEDICAL CENTER - (AMBULATORY PHARMACY),,"GROUND FLOOR, AL WASL BUILDING(R507), NEAR TO EMIRATES POST- DUBAI CENTRAL POST OFFICE & ENOC PETROL STATION, 19TH STREET, AL KARAMA, DUBAI, UAE",050-5319427,,,,verified,ox-alpha via OpenRouter
2176,DXB,PHARMACY,AMAAN PHARMACY,MUHAISNAH 4,"NEAR AL MUHAISNAH POLY CLINIC, LULU VILLAGE, MUHAISNAH-4",04-2647264,,,,verified,ox-alpha via OpenRouter
2177,DXB,PHARMACY,DOCIB PHARMACY LLC,LULU AL RASHIDIYA,"DOCIB PHARMACY, INSIDE LULU HYPERMARKET - AL RASHIDIYA - DUBAI",04-2250448,,,,verified,ox-alpha via OpenRouter
2178,DXB,PHARMACY,LULU BARSHA PHARMACY LLC,LULU AL BARSHA,"LULU BARSHA PHARMACY LLC – LULU HYPERMARKET, AL BARSHA, DUBAI",04-3418828,,,,verified,ox-alpha via OpenRouter
2179,DXB,PHARMACY,LULU CENTER PHARMACY LLC,LULU AL QUSAIS,"LULU HYPERMARKET, AL QUSAIS",04-2988771,,,,verified,ox-alpha via OpenRouter
2180,DXB,PHARMACY,LULU KARAMA PHARMACY LLC,LULU KARAMA,"LULU KARAMA PHARMACY LLC – LULU HYPERMARKET, KARAMA, DUBAI",04-3369970,,,,verified,ox-alpha via OpenRouter
2181,DXB,PHARMACY,PMC PHARMACY LLC,OUD METHA,"STREET 11B, OUD METHA ROAD, BUR DUBAI,DUBAI,UAE",04-2305000,,,,verified,ox-alpha via OpenRouter
2182,DXB,PHARMACY,MEDHUB PHARMACY L.L.C,JEBEL ALI IND 2,"SHOP NO:- 3, GROUND FLOOR, THE AB MALL, JEBEL ALI INDUSTRIAL AREA 2 - DUBAI",054-7336363,,,,verified,ox-alpha via OpenRouter
2183,DXB,PHARMACY,MEDHUB PHARMACY L.L.C (BRANCH),DIP 2,"SHOP NO:20, THE TOWN MALL, DIP2, DUBAI",054-7336363,,,,verified,ox-alpha via OpenRouter
2184,DXB,PHARMACY,ASTER PHARMACY 208 (BR OF ASTER PHARMACIES GROUP L.L.C),AL  BARSHA SOUTH,"SHOP NO. 6, CURVE BY SENTRO, AL BARSHA SOUTH THIRD, BARSHA SOUTH, DUBAI",04-3499016,,,,verified,ox-alpha via OpenRouter
2185,DXB,PHARMACY,ASTER PHARMACY 211 (BR OF ASTER PHARMACIES GROUP L.L.C),NAD AL SHEBA 1,"SHOP NO. 11, AZIZI RIVERA 44, AL MERKADH, NAD AL SHEBA 1, DUBAI",04-3578436,,,,verified,ox-alpha via OpenRouter
2186,DXB,PHARMACY,MEDCARE MEDICAL CENTRE NAD AL SHEBA PHARMACY BR OF MEDCARE HOSPITAL L L C (AMBULATORY PHARMACY),NAD AL SHEBA 3,"SHOP NO. G-013, GROUND FLOOR, NAD AL SHEBA 3, NAD AL SHEBA, DUBAI",04-3499016,,,,verified,ox-alpha via OpenRouter
2187,DXB,PHARMACY,ASTER PHARMACY 199 (BR OF ASTER PHARMACIES GROUP L.L.C),AL FURJAN,"SHOP NO. 7, GEMZ BY DANUBE, AL ASAYEL ST, JEBEL ALI VILLAGE, AL FURJAN, DUBAI",04-3971206,,,,verified,ox-alpha via OpenRouter
2188,DXB,PHARMACY,ASTER PHARMACY 190 (BR OF ASTER PHARMACIES GROUP L.L.C),JUMEIRAH,"SHOP NO 1, BINGHATTI ORCHID, KAHRABA ROAD, JUMEIRAH VILLAGE CIRCLE, BARSHA SOUTH 4, DUBAI",04-5527027,,,,verified,ox-alpha via OpenRouter
2189,DXB,PHARMACY,ZEST PHARMACY 3 (BR OF ZEST WELLNESS PHARMACY L.L.C),BARSHA 2,"UNIT NO GF 02, GROVE MALL, COMMUNITY CENTER, BARSHA 2, DUBAI",04-3705493,,,,verified,ox-alpha via OpenRouter
2190,DXB,PHARMACY,INTERNATIONAL MODERN HOSPITAL PHARMACY,MANKHOOL,"SHEIKH RASHID ROAD. MANKHOOL AREA-BUR DUBAI, UAE",04-4063273,,,,verified,ox-alpha via OpenRouter
2191,DXB,PHARMACY,AMBER PHARMACY L.L.C BRANCH,AL BARAHA,"SULTHAN BUILDING,PLOT NO-463-0,AL BARAHA,DUBAI, UAE",04-2692307,,,,verified,ox-alpha via OpenRouter
2192,DXB,PHARMACY,MUMTAZ AL NOOR EXPRESS PHARMACY L.L.C,AL BARAHA,"SULTHAN BUILDING, PLOT NO-463-0, AL BARAHA, DUBAI, UAE",04 2579576,,,,verified,ox-alpha via OpenRouter
2193,DXB,PHARMACY,STAR FALCON PHARMACY LLC,BEIRUT STREET,"SHOP 4, BEIRUT STREET ,GHEYATH BLDG QUSAIS IND 4,DUBAI , UAE",04-3852636,,,,verified,ox-alpha via OpenRouter
2194,DXB,PHARMACY,CITY RELIEF PHARMACY LLC,NAID ROAD,"NAIF ROAD, DEIRA,DUBAI,UAE",04-2242951,,,,verified,ox-alpha via OpenRouter
2195,DXB,PHARMACY,ASTER PHARMACY 197 (BR OF ASTER PHARMACIES GROUP L.L.C),DIP,"SHOP NO M05, AIKO MALL, DUBAI INVESTMENT PARK FIRST, DUBAI",04-2528870,,,,verified,ox-alpha via OpenRouter
2196,DXB,PHARMACY,ZEST WELLNESS PHARMACY LLC. DWC-BRANCH,DUBAI SOUTH,"RETAIL 2, THE PULSE BEACH FRONT, DUBAI SOUTH RESIDENCIAL DISTRICT, DUBAI SOUTH, DUBAI",04-3428372,,,,verified,ox-alpha via OpenRouter
2197,DXB,PHARMACY,ASTER PHARMACY 209 (BR OF ASTER PHARMACIES GROUP L.L.C),MARINA,"SHOP NO. S02, THE POINT TOWER, JUMEIRAH BEACH RESIDENCE, MARSA DUBAI, DUBAI MARINA, DUBAI",04-5843414,,,,verified,ox-alpha via OpenRouter
2198,DXB,PHARMACY,ASTER PHARMACY 210 (BR OF ASTER PHARMACIES GROUP L.L.C),AL BARSHA ,"RETAIL 1, ART PARK VIEW, AL BARSHA SOUTH THIRD, AL BARSHA, DUBAI",04-8816085,,,,verified,ox-alpha via OpenRouter
2199,DXB,PHARMACY,ASTER PHARMACY 212 (BR OF ASTER PHARMACIES GROUP L.L.C),JUMEIRAH GARDEN CITY,"SHOP-4, BQ RESIDENCE, JUMEIRAH GARDEN CITY, AL SATWA, DUBAI",04-5853391,,,,verified,ox-alpha via OpenRouter
2200,DXB,PHARMACY,CARE 7 PHARMACY LLC ,INTERNATIONL CITY,"SHOP 1,2 CBD-D02 BUILDING,INTERNATIONAL CITY ,DUBAI,UAE",04-5521433,,,,verified,ox-alpha via OpenRouter
2201,DXB,PHARMACY,PARK BETTER LIFE PHARMACY (L.LC) (BRANCH),JABEL ALI,"SHOP NO.6, DUBAI REAL ESTATE CORPORATION, JABEL ALI, DUBAI, UAE",04-3511805,,,,verified,ox-alpha via OpenRouter
2202,DXB,PHARMACY,PARADISE PLUS POLY CLINIC LLC (BRANCH) AMBULATORY PHARMACY,DIP 2,"PARK BAZAAR BUILDING STREET 40, DIP2 - DUBAI - UAE",04-2852454,,,,verified,ox-alpha via OpenRouter
2203,DXB,PHARMACY,ASTER PHARMACY 207 (BR OF ASTER PHARMACIES GROUP L.L.C),AL  JADAF,"SHOP NO SH-A1, LILAC RESIDENCE, AL JADAF, DUBAI",04-3968831,,,,verified,ox-alpha via OpenRouter
2204,DXB,PHARMACY,ASTER PHARMACY 215 (BR OF ASTER PHARMACIES GROUP L.L.C),BUSINESS  BAY,"SHOP G-13, BAY AVENUE RETAIL, BUSINESS BAY, DUBAI",04-3968831,,,,verified,ox-alpha via OpenRouter
2205,DXB,PHARMACY,FIRST SHIELD PHARMACY L.L.C,AL TWAR FIRST,"AL TWAR FIRST,INSIDE UNION COOP FIRST FLOOR",058 560 3366,,,,verified,ox-alpha via OpenRouter
2206,DXB,PHARMACY,SEHA AL NOOR PHARMACY L.L.C (BRANCH),MUHAISNAH,"GROUND FLOOR ,HAMAD ABDUL KAREEM AL AREIF MOSQUE BUILDING ,2-1-1 , MUHAISNAH , DUBAI, UAE",04-2625223,,,,verified,ox-alpha via OpenRouter
2207,DXB,PHARMACY,SEHA AL NOOR PHARMACY L.L.C,DIP 1,"GROUND FLOOR , AIKO HYPER MARKET , DIP1, DUBAI, UAE",04-3336522,,,,verified,ox-alpha via OpenRouter
2208,DXB,PHARMACY,MOOPANS PHARMACY L.L.C,AL QUSAIS IND 5,"MOOPANS MALL,AL QUSAIS IND 6,DUBAI,UAE",04-3325433,,,,verified,ox-alpha via OpenRouter
2209,DXB,PHARMACY,ICARE AL REFFA (BR OF EXCEL HEALTHCARE L.L.C),AL  RAFFA,"AL RAFFA C- KHALIFA JUMA SAEED AL NABBODA AL REFFA,DUBAI,UAE",04-3872555,,,,verified,ox-alpha via OpenRouter
2210,DXB,PHARMACY,RUKN AL MAMZAR PHARMACY LLC,DEIRA,"WAQF AL MAMZAR MOSQUE BLDG, AL MAMZAR,DEIRA,UAE.",04-2686430,,,,verified,ox-alpha via OpenRouter
2211,DXB,PHARMACY,SHIFA AL BAIROONI PHARMACY LLC,MUHAISANAH 2,"AL MALIK LABOUR CAMP BLDG, MUHAISANAH-2 (SONAPUR),DUBAI,UAE.",04-5767833,,,,verified,ox-alpha via OpenRouter
2212,DXB,PHARMACY,ROYAL SABA MEDICAL CLINIC PHARMACY,GREECE CLUSTER,"L#02, GREECE CLUSTER, INTERNATIONAL CITY, DUBAI, UAE",04-5807092,,,,verified,ox-alpha via OpenRouter
2213,DXB,PHARMACY,ASTER PHARMACY 213 (BR OF ASTER PHARMACIES GROUP L.L.C),BUSINESS BAY,"SHOP RG16, MEERA TOWER, ALHABTOOR BOULEVARD, BUSINESS BAY, DUBAI",04-5573179,,,,verified,ox-alpha via OpenRouter
2214,DXB,PHARMACY,ASTER PHARMACY 219 (BR OF ASTER PHARMACIES GROUP L.L.C),"LIV MARINA,","RETAIL -01, LIV MARINA, MARSA DUBAI, DUBAI",04-5587637,,,,verified,ox-alpha via OpenRouter
2215,DXB,PHARMACY,ASTER MEDICAL CENTER SILICON OASIS (BR OF DM HEALTHCARE (L L C)), SILICON OASIS,"FS 101,FS 101 B, SILICON GATE - 1,  SILICON OASIS, NAAD HESSA, DUBAI",04-3758428,,,,verified,ox-alpha via OpenRouter
2216,DXB,PHARMACY,ASTER PHARMACY 198 (BR OF ASTER PHARMACIES GROUP L.L.C),"AL WASL VILLAGE, AL QUSAIS","SHP-M-06, CIG NESTO MALL, AL WASL VILLAGE, AL QUSAIS INDUSTRIAL FIFTH, DUBAI",052-9035007,,,,verified,ox-alpha via OpenRouter
2217,DXB,PHARMACY,ASTER PHARMACY 214 (BR OF ASTER PHARMACIES GROUP L.L.C),AL MERKADH,"RETAIL-11, AZIZI RIVIERA 65, AL MERKADH, DUBAI",04-2354366,,,,verified,ox-alpha via OpenRouter
2218,DXB,PHARMACY,ASTER PHARMACY 216 (BR OF ASTER PHARMACIES GROUP L.L.C),AL MERKADH,"RETAIL 05, SOBHA HARTLAND - THE CREST TOWER PODIUM, AL MERKADH, DUBAI",04-3759337,,,,verified,ox-alpha via OpenRouter
2219,DXB,PHARMACY,ASTER PHARMACY 218  (BR OF ASTER PHARMACIES GROUP L.L.C),PORT SAEED,"SHOP NO-S04, JEWEL OF THE CREEK F1F2 OFFICE BUILDING, PORT SAEED, DUBAI",052-9035007,,,,verified,ox-alpha via OpenRouter
2220,DXB,PHARMACY,24 HOUR PHARMACY CO. L.L.C, BUSINESS BAY,"OVAL TOWER, SHOP 2, BUSINESS BAY, DUBAI",04-3566649,,,,verified,ox-alpha via OpenRouter
2221,DXB,PHARMACY,800PHARMA1 PHARMACY CO. L.L.C, BUSINESS BAY,"SHOP#1,COURT TOWER BUSINESS, IRIS BAY - BUSINESS BAY - DUBAI",04-5751794,,,,verified,ox-alpha via OpenRouter
2222,DXB,PHARMACY,800PHARMA1 PHARMACY CO. L.L.C (BRANCH),WARQA 1,"SHOP#5, AL BAHRI BUILDING, WARQA 1, NEAR Q1 MALL",04-3805026,,,,verified,ox-alpha via OpenRouter
2223,DXB,PHARMACY,ADAMS PHARMACY L.L.C,AL WARQA,"SHOP-1, MAKEEN BUILDING, AL WARQA, DUBAI",04-2888411,,,,verified,ox-alpha via OpenRouter
2224,DXB,PHARMACY,ADAMS PHARMACY L.L.C (BRANCH),AL QUSAIS,"SHOP-1, 21 42ND ST, AL QUSAIS, AL TWAR FOURTH, DUBAI",04-2948086,,,,verified,ox-alpha via OpenRouter
2225,DXB,PHARMACY,CAREWELL STAR PHARMACY L.L.C, HOR AL ANZ EAST,"SHOP 7, ZUBAIDI BUILDING, HOR AL ANZ EAST, DEIRA - DUBAI",04-3345450,,,,verified,ox-alpha via OpenRouter
2226,DXB,PHARMACY,JANAH PHARMACY FZ LLC,AL JADDAF,"SHOP-2, AL WALEED GARDEN 2, AL JADDAF, DUBAI",04-5700331,,,,verified,ox-alpha via OpenRouter
2227,DXB,PHARMACY,MEDISHOP PHARMACY L.L.C,AL BARAHA,"KUWAIT BUILDING #25, AL BARAHA - NEXT TO AL FUTTAIM MASJID - NAIF - AL MURAR - DUBAI",04-2882207,,,,verified,ox-alpha via OpenRouter
2228,DXB,PHARMACY,MEDON 24 HOUR PHARMACY CO. L.L.C,AL BARSHA,"SHOP#7, BINGHATTI CORNER, AL BARSHA SOUTH FOURTH",04-5752045,,,,verified,ox-alpha via OpenRouter
2229,DXB,PHARMACY,MEDON 24 HOUR PHARMACY CO. L.L.C (Branch)- MARINA,"MARINA,","EMIRATES CROWN TOWER, SHOP S05, MARINA, DUBAI",04-5531366,,,,verified,ox-alpha via OpenRouter
2230,DXB,PHARMACY,MEDON 24 HOUR PHARMACY CO. L.L.C (Branch)- AL BARSHA,AL BARSHA ,"AL FALASI BUILDING, RETAIL SHOP 1, AL BARSHA FIRST, DUBAI",04-2524706,,,,verified,ox-alpha via OpenRouter
2231,DXB,PHARMACY,HEALTH FIRST PHARMACY 65 (Br. OF HEALTH FIRST INVESTMENT L.L.C), JADAF,"SHOP NO.03, MADEIRA BUILDING, AL JADAF, DUBAI, U.A.E",04-2829347,,,,verified,ox-alpha via OpenRouter
2232,DXB,PHARMACY,AL NOOR VILLAGE PHARMACY L.L.C, MUHAISNAH 4 ,SHOP NO 21-MUHAISANAH FOURTH - MUHAISNAH 4 - DUBAI,04-3246295,,,,verified,ox-alpha via OpenRouter
2233,DXB,PHARMACY,MERCURY PLUS PHARMACY LLC,INDUSTRIAL AREA 1,"INDUSTRIAL AREA 1, OPP JABAL ALI MALL JABAL ALI, DUBAI, UAE",04-2992294,,,,verified,ox-alpha via OpenRouter
2234,DXB,CLINIC,MEDHUB MEDICAL CENTER L.L.C (BRANCH),INDUSTRIAL AREA 1,"ABDUL AZIZ MOHMMED IBRAHIM OBAIDULLA BUILDING, GROUND FLOOR,OPPOSITE AL KABAYEL, JEBEL ALI, INDUSTRIAL AREA 1, DUBAI",054-7336363,,,,verified,ox-alpha via OpenRouter
2235,DXB,PHARMACY,MEDHUB PHARMACY L.L.C  (BRANCH),INDUSTRIAL AREA 1,"ABDUL AZIZ MOHMMED IBRAHIM OBAIDULLA BUILDING, GROUND FLOOR,OPPOSITE AL KABAYEL, JEBEL ALI, INDUSTRIAL AREA 1, DUBAI",054-7336363,,,,verified,ox-alpha via OpenRouter
2236,DXB,PHARMACY,AL JAZEERA PHARMACY,AL SABKHA,"NEAR DEIRA POST OFFICE , SABKHA,DUBAI,UAE",04-2232057,,,,verified,ox-alpha via OpenRouter
2237,DXB,PHARMACY,MEDICOM PHARMACY 15,AL RIGGA STREET,"AL RIGGA STREET,DUBAI,UAE",04-2297670,,,,verified,ox-alpha via OpenRouter
2238,DXB,PHARMACY,MEDICOM PHARMACY 16,AL SABKHA,"AL SABKHA ,DUBAI,UAE",04-2263614,,,,verified,ox-alpha via OpenRouter
2239,DXB,PHARMACY,MEDICOM PHARMACY 34 LLC,AL QUSAIS,"NEAR AL NAHDA METRO STATION, AL QUSAIS,DUBAI,UAE",04-2544001,,,,verified,ox-alpha via OpenRouter
2240,DXB,PHARMACY,MEDICOM PHARMACY 35 LLC, DEIRA,"BANIYAS SQUARE, DEIRA,DUBAI,UAE",04-3455920,,,,verified,ox-alpha via OpenRouter
2241,DXB,PHARMACY,AL ADHAL PHARMACY 1 (LLC), DEIRA,"NASSER SQUARE,DEIRA,DUBAI,UAE",04-2283357,,,,verified,ox-alpha via OpenRouter
2242,DXB,PHARMACY,AL SHOHOB PHARMACY (LLC), DEIRA,"BEHIND GOLD LAND, DEIRA ,DUBAI,UAE",04-2255556,,,,verified,ox-alpha via OpenRouter
2243,DXB,PHARMACY,GHAZAL JUMAIRAH PHARMACY (LLC),"AL SATWA,","OPP. AL SATWA BIG MOSQUE, AL SATWA,DUBAI,UAE",04-3494882,,,,verified,ox-alpha via OpenRouter
2244,DXB,PHARMACY,MEDICOM PHARMACY 33 (LLC),FRIJ MURAR,"FRIJ MURAR,DEIRA,DUBAI,UAE",04-2733237,,,,verified,ox-alpha via OpenRouter
2245,DXB,PHARMACY,MEDICOM PHARMACY 38 BRANCH,MIRDIF ,"MIRDIF AVENUE MALL,DUBAI,UAE",04-5684238,,,,verified,ox-alpha via OpenRouter
2246,DXB,PHARMACY,MEDICOM PHARMACY 38 LLC,BEIRUT ST,"BEIRUT ST., AL QUSAIS INDUSTRIAL AREA-5,DUBAI,UAE",04-2293561,,,,verified,ox-alpha via OpenRouter
2247,DXB,PHARMACY,RELIEF PHARMACY (L.L.C),NAIF ROAD,"NAIF ROAD,DEIRA,DUBAI,UAE",04-2285462,,,,verified,ox-alpha via OpenRouter
2248,DXB,PHARMACY,GARDENS MEDICAL CENTRE PHARMACY (BR OF DM HEALTHCARE L.L.C), DISCOVERY GARDEN,"SHOP 4,6,9, ZEN 9, DISCOVERY GARDEN, JABEL ALI FIRST, DUBAI",052-9035007,,,,verified,ox-alpha via OpenRouter
2249,DXB,PHARMACY,MEDCARE MEDICAL CENTER JVC (BR OF MEDCARE HOSPITAL) - AMBULATORY PHARMACY, JUMERIAH VILLAGE CIRCLE,"JV-TCM-RT-1061, THE CIRCLE MALL, JUMERIAH VILLAGE CIRCLE, AL BARSHA SOUTH FOURTH, DUBAI",052-9035007,,,,verified,ox-alpha via OpenRouter
2250,DXB,PHARMACY,ASTER PHARMACY 217 (BR OF ASTER PHARMACIES GROUP L.L.C),UMM SUQEIM FIRST,"SHOP NO -5, AHMAD ALI, UMM SUQEIM FIRST, DUBAI",052-9035007,,,,verified,ox-alpha via OpenRouter
2251,DXB,PHARMACY,ZEST PHARMACY 13 (BR OF ZEST WELLNESS PHARMACY L.L.C),MOTOR CITY,"RETAIL -05, WAITROSE SHOPPING CENTRE, MOTOR CITY, AL HEBIAH FIRST, DUBAI",04-5479218,,,,verified,ox-alpha via OpenRouter
2252,DXB,PHARMACY,BIN SINA EMIRATES PHARMACY (L.L.C),MALL OF THE EMIRATE,"AL BARSHA RD, MALL OF THE EMIRATES - DUBAI",04-341 0345,,,,verified,ox-alpha via OpenRouter
2253,DXB,PHARMACY,IBN SINA 100 PHARMACY (BR OF IBN SINA GROUP PHARMACIES (L.L.C)),AL QUDRA RD," TOWN SQUARE, BUILDING # 2 - JENNA APARTMENTS - AL QUDRA RD - DUBAI",04-3202302,,,,verified,ox-alpha via OpenRouter
2254,DXB,PHARMACY,IBN SINA 21 PHARMACY (BR OF IBN SINA GROUP PHARMACIES),DUBAI FESTIVAL CITY,MARKS & SPENCER GATE - DUBAI FESTIVAL CITY - DUBAI,04-283 9686,,,,verified,ox-alpha via OpenRouter
2255,DXB,PHARMACY,IBN SINA 29 PHARMACY (BR OF IBN SINA GROUP PHARMACIES),DUBAI MALL,STAR ATRIUM LOWER GROUND FLOOR - DUBAI MALL,04-339 8918,,,,verified,ox-alpha via OpenRouter
2256,DXB,PHARMACY,IBN SINA 30 PHARMACY(BR OF IBN SINA GROUP PHARMACIES), UMM HURAIR 2,68XC+H2H - UMM HURAIR 2 - DUBAI,04-258 1397,,,,verified,ox-alpha via OpenRouter
2257,DXB,PHARMACY,IBN SINA 31 PHARMACY (BR OF IBN SINA GROUP PHARMACIES (L.L.C)),NAD AL SHEBA 1,MEYDAN ONE - NAD AL SHEBA 1 - DUBAI,04-886 5406,,,,verified,ox-alpha via OpenRouter
2258,DXB,PHARMACY,IBN SINA 34 PHARMACY(BR OF IBN SINA GROUP PHARMACIES L.L.C),AL ASAYEL ST,AL ASAYEL ST - JEBEL ALI VILLAGE - DUBAI,04-575 1686,,,,verified,ox-alpha via OpenRouter
2259,DXB,PHARMACY,IBN SINA 36 PHARMACY (BR OF IBN SINA GROUP PHARMACIES (L.L.C)),AL WASL STREET,"AL WASL STREET, WASL 51, JUMEIRA 1 SHOP NO. 1 - DUBAI",04-385 4224,,,,verified,ox-alpha via OpenRouter
2260,DXB,PHARMACY,IBN SINA 38 PHARMACY(BR IBN SINA),MIRDIF,"NORTH EAST ENTRANCE, CITY CENTRE - GROUND FLOOR - NEXT TO CENTERPOINT - MIRDIF - DUBAI",04-392 3570,,,,verified,ox-alpha via OpenRouter
2261,DXB,PHARMACY,IBN SINA 39 PHARMACY (BR OF IBN SINA GROUP PHARMACIES (L.L.C)),AL KARAMA,2 8A ST - AL KARAMA - DUBAI,04-832 7246,,,,verified,ox-alpha via OpenRouter
2262,DXB,PHARMACY,IBN SINA 40 PHARMACY (BR OF IBN SINA GROUP PHARMACIES (L.L.C)),DOWNTOWN DUBAI,"SECOND FLOOR, DUBAI MALL - FINANCIAL CENTER RD - DOWNTOWN DUBAI - DUBAI",04-325 3410,,,,verified,ox-alpha via OpenRouter
2263,DXB,PHARMACY,IBN SINA 41 PHARMACY (BR OF IBN SINA GROUP PHARMACIES (L.L.C)),NAD AL SHEBA 1,MEYDAN HEIGHTS - NAD AL SHEBA - NAD AL SHEBA 1 - DUBAI,04-3271417,,,,verified,ox-alpha via OpenRouter
2264,DXB,PHARMACY,IBN SINA 43 PHARMACY (BR OF IBN SINA GROUP PHARMACIES (L.L.C)),AL SHAIE BUILDING ,"AL SHAIE BUILDING , NEXT TO STARBUCKS,DUBAII,UAE",04-395 0305,,,,verified,ox-alpha via OpenRouter
2265,DXB,PHARMACY,IBN SINA 44 PHARMACY (BR OF IBN SINA GROUP PHARMACIES (L.L.C)),JUMEIRAH TOWER,"JUMEIRAH TOWER, 95 - 336 SHEIKH ZAYED RD - ZA'ABEEL - TRADE CENTRE 2 - DUBAI",04-351 3249,,,,verified,ox-alpha via OpenRouter
2266,DXB,PHARMACY,IBN SINA 45 PHARMACY (BR OF IBN SINA GROUP PHARMACIES (L.L.C)),DUBAI NAKHEEL MALL,"CENTER OF PALM - AL HILALI - DUBAI NAKHEEL MALL, PALM - JUMEIRAH - DUBAI",04-568 6691,,,,verified,ox-alpha via OpenRouter
2267,DXB,PHARMACY,IBN SINA 46 PHARMACY (BR OF IBN SINA GROUP PHARMACIES (L.L.C)),OUD METHA,10TH ST - OUD METHA - DUBAI,04-3572684,,,,verified,ox-alpha via OpenRouter
2268,DXB,PHARMACY,IBN SINA 50 PHARMACY (BR OF IBN SINA GROUP PHARMACIES (L.L.C.)),ZA'ABEEL 2,FINANCIAL CENTER RD - ZA'ABEEL - ZA'ABEEL 2 - DUBAI,04-229 0991,,,,verified,ox-alpha via OpenRouter
2269,DXB,PHARMACY,IBN SINA 51 PHARMACY (BR OF IBN SINA GROUP PHARMACIES (L.L.C)),DISCOVERY GARDENS,THE PAVILION - STREET 7 - JEBEL ALI VILLAGE - DISCOVERY GARDENS - DUBAI,04-551 6175,,,,verified,ox-alpha via OpenRouter
2270,DXB,PHARMACY,IBN SINA 52 PHARMACY (BR OF IBN SINA GROUP PHARMACIES (L.L.C)),AL WOROOD 1 ST,AL WOROOD 1 ST - JUMEIRAH PARK - DUBAI,04-425 0584,,,,verified,ox-alpha via OpenRouter
2271,DXB,PHARMACY,IBN SINA 54 PHARMACY (BR OF IBN SINA GROUP PHARMACIES (L.L.C)),SHEIKH ZAYED RD,FIRST FLOOR - SHEIKH ZAYED RD - EMIRATES TOWERS - TRADE CENTRE 2 - DUBAI,04-352 3073,,,,verified,ox-alpha via OpenRouter
2272,DXB,PHARMACY,IBN SINA 55 PHARMACY (BR OF IBN SINA GROUP PHARMACIES (L.L.C)),I-RISE TOWER,"I-RISE TOWER, GROUND FLOOR SHOP #02,DUBAI,UAE",04-552 1384,,,,verified,ox-alpha via OpenRouter
2273,DXB,PHARMACY,IBN SINA 56 PHARMACY (BR OF IBN SINA GROUP PHARMACIES (L.L.C)),ARABIAN RANCHES 2,ARABIAN RANCHES 2 - DUBAI,04-8105952,,,,verified,ox-alpha via OpenRouter
2274,DXB,PHARMACY,IBN SINA 57 PHARMACY (BR OF IBN SINA GROUP PHARMACIES (L.L.C.)),BAY SQUARE,"BAY SQUARE,DUBAI,UAE",04-348 2918,,,,verified,ox-alpha via OpenRouter
2275,DXB,PHARMACY,IBN SINA 58 PHARMACY (BR OF IBN SINA GROUP PHARMACIES (L.L.C)),DOWNTOWN DUBAI,EMAAR SQUARE - DOWNTOWN DUBAI - DUBAI,04-458 4338,,,,verified,ox-alpha via OpenRouter
2276,DXB,PHARMACY,IBN SINA 59 PHARMACY (BR OF IBN SINA GROUP PHARMACIES (L.L.C.)),THE PALM JUMEIRAH,SHORELINE 9 - THE PALM JUMEIRAH - DUBAI,04-228 5503,,,,verified,ox-alpha via OpenRouter
2277,DXB,PHARMACY,IBN SINA 60 PHARMACY (BR OF IBN SINA GROUP PHARMACIES (L.L.C)),ARABIAN RANCHES 2,RANCHES SOUK G1 - ARABIAN RANCHES 2 - DUBAI,04-4293156,,,,verified,ox-alpha via OpenRouter
2278,DXB,PHARMACY,IBN SINA 61 PHARMACY (BR OF IBN SINA GROUP PHARMACIES (L.L.C)),UMM SUQEIM 2,UNION COOP - 1212 AL WASL RD - UMM SUQEIM - UMM SUQEIM 2 - DUBAI,04-3465104,,,,verified,ox-alpha via OpenRouter
2279,DXB,PHARMACY,IBN SINA 62 PHARMACY (BR OF IBN SINA GROUP PHARMACIES (L.L.C)),MUDON,"AL QUDRA ROAD ,MUDON COMMUNITY(MUDON VILLAS)",04-514 8927,,,,verified,ox-alpha via OpenRouter
2280,DXB,PHARMACY,IBN SINA 63 PHARMACY (BR OF IBN SINA GROUP PHARMACIES (L.L.C)),BN BATTUTA MALL,SHEIKH ZAYED RD IBN BATTUTA MALL - DUBAI,04-4233895,,,,verified,ox-alpha via OpenRouter
2281,DXB,PHARMACY,IBN SINA 64 PHARMACY (BR OF IBN SINA GROUP PHARMACIES (L.L.C)),AL BARSHA 2, 36X2+P5C GALLERIA MALL - 37 23RD ST - AL BARSHA - AL BARSHA 2 - DUBAI,04-320 5132,,,,verified,ox-alpha via OpenRouter
2282,DXB,PHARMACY,IBN SINA 65 PHARMACY (BR OF IBN SINA GROUP PHARMACIES (L.L.C)),AL YUFRAH 1,EMAAR DEVELOPMENT PJSC - RET-10 915 AL YUFRAH 1 - DUBAI,04-8105952,,,,verified,ox-alpha via OpenRouter
2283,DXB,PHARMACY,IBN SINA 67 PHARMACY (BR OF IBN SINA GROUP PHARMACIES (L.L.C)),AL KHAIL RD,AL KHAIL RD - DUBAI,04-320 0253,,,,verified,ox-alpha via OpenRouter
2284,DXB,PHARMACY,IBN SINA 68 PHARMACY (BR OF IBN SINA GROUP PHARMACIES (L.L.C)),JUMEIRAH 3,777 CENTER MALL - AL WASL RD - JUMEIRAH - JUMEIRAH 3 - DUBAI,04-887 0244,,,,verified,ox-alpha via OpenRouter
2285,DXB,PHARMACY,IBN SINA 69 PHARMACY (BR OF IBN SINA GROUP PHARMACIES (L.L.C.)),NAD AL SHEBA 1,58H5+F9Q - MOHAMMED BIN RASHID AL MAKTOUM CITY - NAD AL SHEBA 1 - DUBAI,04-326 0617,,,,verified,ox-alpha via OpenRouter
2286,DXB,PHARMACY,IBN SINA 71 PHARMACY (BR OF IBN SINA GROUP PHARMACIES (L.L.C)),AL JADDAF ,OUD METHA RD - AL JADDAF - DUBAI,04-2346025,,,,verified,ox-alpha via OpenRouter
2287,DXB,PHARMACY,IBN SINA 72 PHARMACY (BR OF IBN SINA GROUP PHARMACIES (L.L.C)),THE GREENS,"THE GREENS - DUBAI,UAE",04-4242065,,,,verified,ox-alpha via OpenRouter
2288,DXB,PHARMACY,IBN SINA 73 PHARMACY (BR OF IBN SINA GROUP PHARMACIES (L.L.C)),THE WESTERN GATE,"GROUND FLOOR , IN FRONT OF  CARREFOUR,  TO WARD THE WESTERN GATE,DUBAI,UAE",04-2424028,,,,verified,ox-alpha via OpenRouter
2289,DXB,PHARMACY,IBN SINA 74 PHARMACY (BR OF IBN SINA GROUP PHARMACIES (L.L.C)),AL MIZHAR 1,220 RD WEST ZONE MALL - AL MIZHAR 1 - DUBAI,04-2245307,,,,verified,ox-alpha via OpenRouter
2290,DXB,PHARMACY,IBN SINA 75 PHARMACY (BR OF IBN SINA GROUP PHARMACIES (L.L.C)),MIRDIF,MIRDIF AVENUE MALL - MIRDIF - DUBAI,04-2204386,,,,verified,ox-alpha via OpenRouter
2291,DXB,PHARMACY,IBN SINA 76 PHARMACY (BR OF IBN SINA GROUP PHARMACIES (L.L.C)),JUMEIRAH 1,PORT DE LAMER - JUMEIRAH 1 - DUBAI,04-280434,,,,verified,ox-alpha via OpenRouter
2292,DXB,PHARMACY,IBN SINA 77 PHARMACY (BR OF IBN SINA GROUP PHARMACIES (L.L.C)),THE PALM JUMEIRAH,BEACH VISTA EMAAR BEACH FRONT - THE PALM JUMEIRAH - DUBAI MARINA - DUBAI,04-2322043,,,,verified,ox-alpha via OpenRouter
2293,DXB,PHARMACY,IBN SINA 78 PHARMACY (BR OF IBN SINA GROUP PHARMACIES (L.L.C)),AL AFNAN ST,SPRING VILLAGE MALL - AL AFNAN ST - SPRINGS 7 - DUBAI,04-4252745,,,,verified,ox-alpha via OpenRouter
2294,DXB,PHARMACY,IBN SINA 79 PHARMACY (BR OF IBN SINA GROUP PHARMACIES (L.L.C)), MINA JEBEL ALI,THE OUTLET VILLAGE BY MERAAS - MINA JEBEL ALI - AE-AZ,04-8860840,,,,verified,ox-alpha via OpenRouter
2295,DXB,PHARMACY,IBN SINA 80 PHARMACY (BR OF IBN SINA GROUP PHARMACIES (L.L.C)),ALKHAYAY ST,"ALKHAYAY ST, DUBAI MARINA MARINA GATE 1 - DUBAI",04-5897405,,,,verified,ox-alpha via OpenRouter
2296,DXB,PHARMACY,IBN SINA 81 PHARMACY (BR OF IBN SINA GROUP PHARMACIES (L.L.C.)), AL BARSHA 2,36X2+P5C GALLERIA MALL - 37 23RD ST - AL BARSHA - AL BARSHA 2 - DUBAI,04-2516355,,,,verified,ox-alpha via OpenRouter
2297,DXB,PHARMACY,IBN SINA 82 PHARMACY (BR OF IBN SINA GROUP PHARMACIES (L.L.C)),MOTOR CITY ,UNION COOP - MOTOR CITY - DUBAI,04-5299155,,,,verified,ox-alpha via OpenRouter
2298,DXB,PHARMACY,IBN SINA 83 PHARMACY (BR OF IBN SINA GROUP PHARMACIES (L.L.C)),JUMEIRAH,"EAST - CRESCENT ROAD SOFITEL HOTEL, PALM - JUMEIRAH - DUBAI",04-2445750,,,,verified,ox-alpha via OpenRouter
2299,DXB,PHARMACY,IBN SINA 85 PHARMACY (BR OF IBN SINA GROUP PHARMACIES (L.L.C)),SHEIKH MOHAMMED BIN ZAYED ROAD,"SEVENTH HEAVEN, AL BARARI FIRM MANAGEMENT, SHEIKH MOHAMMED BIN ZAYED ROAD, E311 OPPOSITE TO GLOBAL VILLAGE - DUBAI",04-3854225,,,,verified,ox-alpha via OpenRouter
2300,DXB,PHARMACY,IBN SINA 86 PHARMACY (BR OF IBN SINA GROUP PHARMACIES (L.L.C)),RAS AL KHOR ,RAS AL KHOR - DUBAI CREEK HARBOUR - DUBAI,04-3574389,,,,verified,ox-alpha via OpenRouter
2301,DXB,PHARMACY,IBN SINA 88 PHARMACY (BR OF IBN SINA GROUP PHARMACIES (L.L.C)),AL MINA ,67XH+F2G - AL MINA - DUBAI,04-2269768,,,,verified,ox-alpha via OpenRouter
2302,DXB,PHARMACY,IBN SINA 89 PHARMACY (BR OF IBN SINA GROUP PHARMACIES (L.L.C)),AL KHAWANEEJ ST ,BESIDE GEANT HYPERMARKET - AL KHAWANEEJ ST - AL KHAWANEEJ - AL KHAWANEEJ 1 - DUBAI,04-5464606,,,,verified,ox-alpha via OpenRouter
2303,DXB,PHARMACY,IBN SINA 90 PHARMACY (BR OF IBN SINA GROUP PHARMACIES (L.L.C)),WADI AL SAFA 4,"CITYLAND MALL WADI AL SAFA 4, BESIDE GLOBAL VILLAGE - E311 - DUBAI",04-878 6435,,,,verified,ox-alpha via OpenRouter
2304,DXB,PHARMACY,IBN SINA 91 PHARMACY (BR OF IBN SINA GROUP PHARMACIES (L.L.C)),AL SUFOUH,BUSINESS CENTRAL TOWERS - AL SUFOUH - DUBAI INTERNET CITY - DUBAI,04-296 7916,,,,verified,ox-alpha via OpenRouter
2305,DXB,PHARMACY,IBN SINA 92 PHARMACY (BR OF IBN SINA GROUP PHARMACIES (L.L.C)),SHEIKH ZAYED RD,SHEIKH ZAYED RD - TRADE CENTRE - TRADE CENTRE 1 - DUBAI,04 250 6121,,,,verified,ox-alpha via OpenRouter
2306,DXB,PHARMACY,IBN SINA 93 PHARMACY (BR OF IBN SINA GROUP PHARMACIES (L.L.C.)),DUBAI HILLS ESTATE,"47F6+95 DUBAI HILLS ESTATE, GOLF SUITES - DUBAI",04-224 6826,,,,verified,ox-alpha via OpenRouter
2307,DXB,PHARMACY,IBN SINA 94 PHARMACY (BR OF IBN SINA GROUP PHARMACIES (L.L.C)),UMM SUQEIM 2,5644+89R - UMM SUQEIM - UMM SUQEIM 2 - DUBAI,04-404 7777,,,,verified,ox-alpha via OpenRouter
2308,DXB,PHARMACY,IBN SINA 95 PHARMACY (BR OF IBN SINA GROUP PHARMACIES (L.L.C)),AL QUOZ 1 ,SOUQ EXTRA - 17 10A STREET - AL QUOZ - AL QUOZ 1 - DUBAI,04-3201644,,,,verified,ox-alpha via OpenRouter
2309,DXB,PHARMACY,IBN SINA 96 PHARMACY (BR OF IBN SINA GROUP PHARMACIES (L.L.C)),AL MEYDAN RD,AL MEYDAN RD - AL QUOZ - AL QUOZ 2 - DUBAI,04-2640718,,,,verified,ox-alpha via OpenRouter
2310,DXB,PHARMACY,IBN SINA 97 PHARMACY (BR OF IBN SINA GROUP PHARMACIES (L.L.C)),DUBAI DESIGN DISTRICT,"DUBAI DESIGN DISTRICT - DUBAI,UAE",04-876 1001,,,,verified,ox-alpha via OpenRouter
2311,DXB,PHARMACY,IBN SINA 98 PHARMACY (BR OF IBN SINA GROUP PHARMACIES (L.L.C)),DUBAI FESTIVAL CITY ,"DUBAI FESTIVAL CITY - FESTIVAL CITY, DUBAI FESTIVAL CITY 1ST FLOOR, SHOP AT030 - DUBAI",04-232 5234,,,,verified,ox-alpha via OpenRouter
2312,DXB,PHARMACY,IBN SINA 99 PHARMACY (BR OF IBN SINA GROUP PHARMACIES (L.L.C)),JUMEIRAH 1 ," MERCATO SHOPPING MALL, JUMEIRAH BEACH RD, JUMEIRAH 1 GROUND FLOOR, NEXT TO AURO SHOP DUBAI",04-340 0296,,,,verified,ox-alpha via OpenRouter
2313,DXB,PHARMACY,IBN SINA GROUP PHARMACIES (L.L.C), DUBAI HEALTHCARE CITY," DUBAI HEALTHCARE CITY AL RAZI BUILDING, BUILDING 64, BLOCK A - DUBAI",04-242 7835,,,,verified,ox-alpha via OpenRouter
2314,DXB,PHARMACY,IBN SINA GROUP PHARMACIES (L.L.C) (BRANCH),DUBAI SILICON OASIS,497Q+V3R - DUBAI SILICON OASIS - DUBAI,04-320 1644,,,,verified,ox-alpha via OpenRouter
2315,DXB,PHARMACY,IBN SINA GROUP PHARMACIES (LLC) (EXPO CITY DUBAI BRANCH),QRH ,X552+QRH - DUBAI,04-8105952,,,,verified,ox-alpha via OpenRouter
2316,DXB,PHARMACY,IBN SINA PHARMACY (BR OF IBN SINA GROUP PHARMACIES (L.L.C)),BANIYAS ,"NASSER SQUARE, DUBAI TOWER, D89, AL RIGGA CHOITRAMS BUILDING, OPPOSITE TO BANIYAS METRO STATION - DUBAI",04-2221071,,,,verified,ox-alpha via OpenRouter
2317,DXB,PHARMACY,IBN SINA PHARMACY (L.L.C) BR 32,IBN BATTUTA MALL,SHEIKH ZAYED RD IBN BATTUTA MALL - DUBAI,04-4233895,,,,verified,ox-alpha via OpenRouter
2318,DXB,PHARMACY,IBN SINA PHARMACY 66,UMM HURAIR 2,BSP- DHCC NAKHEEL - UMM HURAIR 2 - DUBAI HEALTHCARE CITY - DUBAI,04-4228832,,,,verified,ox-alpha via OpenRouter
2319,DXB,PHARMACY,IBN SINA SCIENTIFIC PHARMACY(BR OF IBN SINA GROUP PHARMACIES),LAYAN COMMUNITY,"SPINNEYS, LAYAN COMMUNITY, LAYAN 27JM+Q3W, GROUND FLOOR - INSIDE SPINNEYS - DUBAI",04-4580211,,,,verified,ox-alpha via OpenRouter
2320,DXB,PHARMACY,IBN SINA TWENTY FIVE PHARMACY (BR OF IBN SINA GROUP PHARMACIES),UMM SUQEIM 1,"MANARA SIGNAL - 680 JUMERIA BEACH ROAD, OPPOSITE COSTA COFFEE - UMM SUQEIM 1 - DUBAI",04-3940934,,,,verified,ox-alpha via OpenRouter
2321,DXB,PHARMACY,MODERN IBN SINA PHARMACY (BR OF IBN SINA GROUP PHARMACIES),AL HUDAIBA,AL DIYAFAH STREET - AL HUDAIBA - DUBAI,04-3986026,,,,verified,ox-alpha via OpenRouter
2322,DXB,PHARMACY,NEW IBN SINA PHARMACY (BR OF IBN SINA GROUP PHARMACIES (L.L.C)),DIERA CITY CENTRE,"CENTRE COURT, GROUND FLOOR, DIERA CITY CENTRE - DUBAI",04-2954367,,,,verified,ox-alpha via OpenRouter
2323,FUJ,CLINIC,DIBBA MEDICAL CENTRE FUJAIRAH,AL MUHALLAB DIBBA,"OPPOSITE AL SHARQ HOSPITAL,AL MUHALLAB DIBBA POB 13002, FUJAIRAH, UAE",09-2447447,,,,verified,ox-alpha via OpenRouter
2324,FUJ,CLINIC,EVE MEDICAL CENTRE LLC(FUJ),AL FASEEL STREET,"OPPOSITE MOHAMMED BIN HAMAD AL SHARQI SCHOOL , AL FASEEL ROAD, FUJAIRAH, UAE",09-2287982,,,,verified,ox-alpha via OpenRouter
2325,FUJ,CLINIC,ASTER MEDICAL CENTRE - FUJAIRAH BR,HAMDAN BIN ABDULLA STREET,"OPP: CHOITHRAM SUPER MARCKET, HAMDAN BIN ABDULLA STREET, FUJAIRAH, UAE",09-2234912,,,,verified,ox-alpha via OpenRouter
2326,FUJ,CLINIC,FUJAIRAH PORT MEDICAL CENTER(AL SHARQ GROUP),FUJAIRAH PORT,INSIDE PORT OF FUAIRAH,09 2228007,,,,verified,ox-alpha via OpenRouter
2327,FUJ,CLINIC,AL SHARQ MEDICAL CENTER ETIHAD (AL SHARQ GROUP),AL ETIHAD FUJAIRAH,AL ETIHAD FUJAIRAH,09 2222444,,,,verified,ox-alpha via OpenRouter
2328,FUJ,CLINIC,AL SHARQ MEDICAL CENTER DIBBA (AL SHARQ GROUP),DIBBA FUJAIRAH,SHEIKH ZAYED BIN SULTAN AL NAHYAN ROAD AL NAHDAH DIBBA FUJAIRAH ,09 2444711,,,,verified,ox-alpha via OpenRouter
2329,FUJ,CLINIC,AL SHARQ MEDICAL CENTER COSMOMED(AL SHARQ GROUP),AL ETIHAD FUJAIRAH,AL ETIHAD FUJAIRAH,09 2222444,,,,verified,ox-alpha via OpenRouter
2330,FUJ,CLINIC,KHORFAKHAN PORT CLINIC(AL SHARQ GROUP),KHORFAKKAN FUJAIRAH,KHORFAKKAN FUJAIRAH,09 2222444,,,,verified,ox-alpha via OpenRouter
2331,FUJ,CLINIC,LIFECARE MEDICAL CENTER,DIBBA,"NEAR IMMIGRATION OFFICE,DIBBA,FUJAIRAH,UAE",09-2445722,,,,verified,ox-alpha via OpenRouter
2332,FUJ,CLINIC,HEALTH ONE MEDICAL CENTER,MIRBAH,"SHOP # 1 & 2, MAJAN PROPERTY BUILDING, MIRBAH, FUJAIRAH",09-2344048,,,,verified,ox-alpha via OpenRouter
2333,FUJ,CLINIC,AL HAYL MEDICAL CENTRE LLC,AL  HAYL,"OPPOSITE FUJAIRAH PLASTIC FACTORY, AL HAYL INDUSTRIAL AREA, FUJAIRAH, UAE",09-2370377,,,,verified,ox-alpha via OpenRouter
2334,FUJ,HOSPITAL,AL SHARQ HOSPITAL - DIBBA,DIBBA,AL NAHDAH - DIBBA FUJAIRAH,09-2273200,,,,verified,ox-alpha via OpenRouter
2335,FUJ,PHARMACY,AL KHAN PHARMACY  FUJAIRAH,FUJAIRAH,GROUND FLOOR OPPOSITE TO MASJID OMAR AL KHATAB BARAKAT BUILDING,09-2234154,,,,verified,ox-alpha via OpenRouter
2336,FUJ,PHARMACY,EMIRATES PHARMACY (DIBBA),FUJAIRAH,"NEAR DIBBA MUNICIPALITY,AL MUHALLAB,FUJAIRAH",09 2444022,,,,verified,ox-alpha via OpenRouter
2337,FUJ,PHARMACY,ASTER PHARMACY 8 (BR OF ASTER PHARMACIES GROUP LLC),FUJAIRAH,"CENTURY MALL, FASEEL ROAD, NEAR BEACH MOTEL",09-2230701,,,,verified,ox-alpha via OpenRouter
2338,FUJ,PHARMACY,ASTER PHARMACY-FUJAIRAH BRANCH LLC,FUJAIRAH,"EMIRATES SPRING BUILDING, HAMAD BIN ABDULLAH STREET, FUJAIRAH",09-2238322,,,,verified,ox-alpha via OpenRouter
2339,FUJ,PHARMACY,AL SHARQ HOSPITAL PHARMACY (AL SHARQ GROUP),FUJAIRAH,AL FASEEL FUJAIRAH,09-2249999,,,,verified,ox-alpha via OpenRouter
2340,FUJ,PHARMACY,AL SHARQ MODERN PHARMACY (AL SHARQ GROUP),FUJAIRAH,AL FASEEL FUJAIRAH,09-2232555,,,,verified,ox-alpha via OpenRouter
2341,FUJ,PHARMACY,AL SHARQ FAMILY PHARMACY (AL SHARQ GROUP),FUJAIRAH,AL ETIHAD FUJAIRAH,09-2222444,,,,verified,ox-alpha via OpenRouter
2342,FUJ,PHARMACY,FUJAIRAH PORT PHARMACY (AL SHARQ GROUP),FUJAIRAH,INSIDE PORT OF FUAIRAH,09-2228007,,,,verified,ox-alpha via OpenRouter
2343,FUJ,PHARMACY,LIFECARE PHARMACY,DIBBA,"NEAR IMMIGRATION OFFICE,DIBBA,FUJAIRAH,UAE",09-2441445,,,,verified,ox-alpha via OpenRouter
2344,FUJ,PHARMACY,AL SHARQ HOSPITAL - DIBBA PHARMACY,DIBBA,AL NAHDAH - DIBBA FUJAIRAH,09-2273200,,,,verified,ox-alpha via OpenRouter
2345,FUJ,PHARMACY,LIWA PHARMACY L.L.C,AL QADISSIYA,"MOHAMMED MUBARAK MOHAMMED 17, KHORFAKKAN, AL QADISSIYA, SHEIKH KHALID ROAD, 12345, UAE.",09-2284879,,,,verified,ox-alpha via OpenRouter
2346,FUJ,PHARMACY,HEALTH FIRST 19 PHARMACY- DIBBA BRANCH,DIBBA,"HAMAD BIN ABDULLA ST., DIBBA, FUJAIRAH, UAE",09-2444376,,,,verified,ox-alpha via OpenRouter
2347,FUJ,PHARMACY,HEALTH FIRST 20 PHARMACY- DIBBA BRANCH,DIBBA,"MUHALLAB ST., FUJAIRAH, DIBBA, FUJAIRAH",09-2447064,,,,verified,ox-alpha via OpenRouter
2348,FUJ,PHARMACY,HEALTH FIRST PHARMACY 16- FUJAIRAH BRANCH,"SHEIKH HAMDAN BIN ABULLA STREET,","SHEIKH HAMDAN BIN ABULLA STREET,FUJ,UAE",09-2229295,,,,verified,ox-alpha via OpenRouter
2349,FUJ,PHARMACY,HEALTH FIRST PHARMACY 17- FUJAIRAH BRANCH,AL SHURIYA,"AL SHURIYA,FUJ,UAE",09 2230340,,,,verified,ox-alpha via OpenRouter
2350,FUJ,PHARMACY,HEALTH FIRST PHARMACY 18- FUJAIRAH BRANCH,"SHK ZAYED BIN SULTAN ST,","SHK ZAYED BIN SULTAN ST, FUJAIRAH",09-2231540,,,,verified,ox-alpha via OpenRouter
2351,FUJ,PHARMACY,HEALTH FIRST PHARMACY 21- FUJAIRAH BRANCH,DANA PLAZA,"DANA PLAZA, NEXT TO GRAND DANA CINEMA, FUJAIRAH",09-2234517,,,,verified,ox-alpha via OpenRouter
2352,FUJ,PHARMACY,HEALTH FIRST PHARMACY 26,MIRBAH AREA,"LULU EXPRESS BUILDING ,MIRBAH AREA, FUJAIRAH ",09-2373985,,,,verified,ox-alpha via OpenRouter
2353,FUJ,PHARMACY,HEALTH FIRST PHARMACY 59 FUJAIRAH BRANCH,MOHD BIN ZAYED CITY,AL HAIL NEAR MOHD BIN ZAYED CITY -FUJAIRAH,09-2385714,,,,verified,ox-alpha via OpenRouter
2354,FUJ,PHARMACY,HEALTHFIRST PHARMACY 10,CORNICHE STREET ,DIBBA ALHISIN /HAY AL MOHALAB -CORNICHE STREET OPP EMIRATES FLAGPOLE SQUARE,09-2347880,,,,verified,ox-alpha via OpenRouter
2355,FUJ,PHARMACY,LULU DIBBA PHARMACY LLC,LULU DIBA,"LULU DIBBA PHARMACY LLC – LULU HYPERMARKET, DIBBA, FUJAIRAH",09-2431399,,,,verified,ox-alpha via OpenRouter
2356,FUJ,PHARMACY,MERASHID PHARMACY L.L.C - SINGLE PERSON,HAMAD BIN ABDULAH ROAD,"HAMD BIN ABDULLAH ROAD, FUJAIRAH, UAE",09-2774738,,,,verified,ox-alpha via OpenRouter
2357,FUJ,PHARMACY,AL HILAL PHARMACY - L.L.C - SINGLE PERSON,MIRBAH,"SHOP # 1 & 2, MAJAN PROPERTY BUILDING, MIRBAH, FUJAIRAH",09-2380087,,,,verified,ox-alpha via OpenRouter
2358,FUJ,PHARMACY,LABAIK PHARMACY ,AL HAYL,"NEAR AL HAYL MEDICAL CENTRE LLC, OPPOSITE FUJAIRAH PLASTIC FACTORY, AL HAYL INDUSTRIAL AREA, FUJAIRAH",09-2370377,,,,verified,ox-alpha via OpenRouter
2359,FUJ,PHARMACY,MEDON 24 HOUR PHARMACY CO. L.L.C FUJAIRAH BRANCH 1,AL SHARIA,"SHOP 1, AL FASEEL STREET, AL SHARIA, FUJAIRAH",09-2373240,,,,verified,ox-alpha via OpenRouter
2360,FUJ,PHARMACY,IBN SINA PHARMACY - SOLE PROPRIETORSHIP - L.L.C - SINGLE PERSON - FUJAIRAH BRANCH 1,AL SHARQI ST,AL TAIF MAAL - 98 - 1 SHK. HAMAD BIN ABDULLAH AL SHARQI ST - FUJAIRAH CITY CENTER - FUJAIRAH,09-237 2383,,,,verified,ox-alpha via OpenRouter
2361,FUJ,PHARMACY,NEW IBN SINA PHARMACY (BR OF IBN SINA GROUP PHARMACIES) LLC ,CITY CENTRE FUJAIRAH,CITY CENTRE FUJAIRAH 1ST FLOOR - FUJAIRAH,09-2236647,,,,verified,ox-alpha via OpenRouter
2362,RAK,CLINIC,SHIFA AL JAZEERAH MEDICAL CENTRE LLC - RAK,"AL RAMS ROAD, AL SEER","M FLOOR, FATHIMA HYPERMARKET BUILDING, AL RAMS ROAD, AL SEER - RAS AL KHAIMAH",07-221 1126,,,,verified,ox-alpha via OpenRouter
2363,RAK,CLINIC,AL HUDAIBAH GENERAL CLINIC  LLC,AL NAKHEEL,AL NAKHEEL-RAS AL KHAIMAH,07-2222188,,,,verified,ox-alpha via OpenRouter
2364,RAK,CLINIC,EVE MEDICAL CENTRE LLC(RAK),OLD CLOCK ROUND ABOUT,VILLA NO 12 KHUZAM ROAD NEAR OLD CLOCK ROUND ABOUT LANDMARK: NEXT TO – RAS AL KHAIMAH,07-2352812,,,,verified,ox-alpha via OpenRouter
2365,RAK,CLINIC,ASTER MEDICAL CENTRE - RAK(BR OF DM ),MOH,"MALABAR GOLD BUILDING, OPPST. UNITED ARAB BANK, RAS AL KAHIMAH, UAE",07-2338866,,,,verified,ox-alpha via OpenRouter
2366,RAK,CLINIC,(SHAMS GR)AL GHAIL MEDICAL CENTRE,AL GHAIL,"PO. BOX 12884, AL GHAIL SHOPPING CENTRE (MOHD. SHAAMS RASHID AL MAZROOI BLDG) AL GHAIL, RAS AL KHAIMAH",07-2585464,,,,verified,ox-alpha via OpenRouter
2367,RAK,CLINIC,NEW ROYAL MEDICAL AND DENTAL CENTER LLC (FORMERLY NEW ROYAL CENTER MEDICAL AND DENTAL LLC),CORNICHE," 299 CORNICHE AL QAWASIM ST - DAFAN AL KHOR - RAS AL KHAIMAH,UAE",07-2212050,,,,verified,ox-alpha via OpenRouter
2368,RAK,CLINIC,PLATINUM MEDICAL CENTER LLC ,SHEIKH MOHAMED BIN SALEM ROAD,"NEAR SUN AND SAND HYPERMARKET , SHEIKH MOHAMED BIN SALEM ROAD , RAK ,UAE ",07-2366900,,,,verified,ox-alpha via OpenRouter
2369,RAK,CLINIC,ALNEBRAS MEDICAL CENTER LLC,ALJWAIS,"ALJWAIS - ALMUNTASER ROAD, RAS AL KHAIMAH, UAE",07-2277007,,,,verified,ox-alpha via OpenRouter
2370,RAK,CLINIC,ALNAMA ALTERNATIVE MEDICAL AND PHYSIOTHERAPY CENTER LLC OPC,AL NAKHEEL,"FIRST FLOOR 101 NAEEM TOWER 3, OPP NAEM MALL AL NAKHEEL, RAS-AL-KHAIMAH, UAE",07-2448897,,,,verified,ox-alpha via OpenRouter
2371,RAK,CLINIC,CARE AND CURE MEDICAL AND DENTAL CENTER LLC,"AL MAMOURAH STREET,","SHOP NO 1-2 JASIM MANSOOR BUILDING, AL MAMOURAH STREET, AL MAMOURAH, RAS AL KHAIMAH, UAE",07-2260127,,,,verified,ox-alpha via OpenRouter
2372,RAK,CLINIC,EMIRATES HOSPITALS AND CLINICS LLC - RAK BRANCH,AL HISN STREET,"FIRST FLOOR, AVENUE BUILDING. JULPHAR TOWERS, AL HISN ROAD, RAK",07-2037777,,,,verified,ox-alpha via OpenRouter
2373,RAK,CLINIC,REGIONAL MEDICAL AND DENTAL CENTER LLC,AL JAZEERA,"LEPTIS HYPERMARKET BUILDING, AL JAZEERA AL HAMRA, GROUND FLOOR ,RAK,UAE",72211999,,,,verified,ox-alpha via OpenRouter
2374,RAK,CLINIC,HOUSECALL HEALTHCARE,RAK MALL,"AL-TA'MIR BUILDING 3, NEAR RAK MALL, NEXT TO SHIKOOLALA BUILDING,RAK,UAE",600 566119,,,,verified,ox-alpha via OpenRouter
2375,RAK,CLINIC,CEDAR MEDICAL CENTER LLC,SAQR BIN MOHD CITY ,"VILLA NO:4,KHUZAM RD - SAQR BIN MOHD CITY AL DHAIT NORTH - RAS AL KHAIMAH",07-2586833,,,,verified,ox-alpha via OpenRouter
2376,RAK,CLINIC,AL RAHMANIAH MEDICAL CENTER LLC,ADHEN VILLAGE,"ADHEN VILLAGE, RAS AL KHAIMAH.UAE",056-4429760,,,,verified,ox-alpha via OpenRouter
2377,RAK,CLINIC,MENDHAN MEDICAL CENTER LLC,AL NAKHEEL," OPP.RAK BANK,AL NAKHEEL,RAK",07-2286364,,,,verified,ox-alpha via OpenRouter
2378,RAK,CLINIC,PESHAWAR MEDICINE AND DENTISTRY LLC,AL NAKHEEL,"AL SAEED BUILDING,M FLOOR,AL NAKHEEL RAK,UAE",07-2276822,,,,verified,ox-alpha via OpenRouter
2379,RAK,CLINIC,AL FARABI MEDICAL CLINIC,RAS AL KHAIMAH,"DUBAI ISLAMIC BANK BUILDING APT-402, RAS AL KHAIMAH, UAE",07-2276699,,,,verified,ox-alpha via OpenRouter
2380,RAK,CLINIC,KHYBER MEDICAL CENTER L.L.C.,AL NAKHEEL,"SHEIKH SAQAR BIN MUHAMMAD QASMI STREET, ABDULAZIZ BUILDING, SHOP NO.1 AL NAKHEEL, RAS AL KHAIMAH, UAE",07-2238213,,,,verified,ox-alpha via OpenRouter
2381,RAK,CLINIC,YASMED MEDICAL CENTER LLC,AL HAMRA,"4,SHEIKH JAMAL SAQER SULTAN QASIMI ,AL JAZEERA AL HAMRA, RAS AL KHAIMAH",07-2269796,,,,verified,ox-alpha via OpenRouter
2382,RAK,PHARMACY,AL NOOR  PHARMACY,KARAMA,"AL HUDAIBAH BUILDING, GROUND FLOOR, OMAN STREET - AL NAKHEEL, NEAR BANK OF BARODA - PO BOX .1683",07-2333729,,,,verified,ox-alpha via OpenRouter
2383,RAK,PHARMACY,AL AMAN  PHARMACY ,KARAMA,AL KHALIFA BUILDING - BEHIND BANK OF BARODA - OMAN STREET - AL NAKHEEL - RAK 1683,07-2261139,,,,verified,ox-alpha via OpenRouter
2384,RAK,PHARMACY,ZAHRAT NOOR AL SHEFAA PHARMACY(AL NEEM GROUP),R A K,"FATIMA HYPERMARKET BUILDING, AL MAMOURAH, POST BOX:9831",07-2220103,,,,verified,ox-alpha via OpenRouter
2385,RAK,PHARMACY,AL SALAMA PHARMACY LLC,AL NAKHEEL,"AL NAKHEEL,ALSEER ROAD,HUDABIA BUILDING, SHOP 1, RAS AL KHAIMAH, UAE",07-2217989,,,,verified,ox-alpha via OpenRouter
2386,RAK,PHARMACY,CENTRAL PHARMACY,RAK DIGDAGA,"RAK-DIGDAGA -AIR PORT ROAD -GULF PHARMACEUTICAL INDUSTRIES, NEAR RAK ZOO, RAS AL KHAIMAH",07-2440528,,,,verified,ox-alpha via OpenRouter
2387,RAK,PHARMACY,HEALTH FIRST 54 PHARMACY LLC,SAQER BIN MOHD CITY,"RAK -SAQER BIN MOHD CITY-EMIRATES FOOTBALL CLUB/NAEEM CITY CENTRE,RAK,UAE",07-2082082,,,,verified,ox-alpha via OpenRouter
2388,RAK,PHARMACY,HEALTH FIRST PHARMACY 14 - RAK,AL RAMS,"BESIDE AL RAMS POLICE STATION, RAK  ",07-2662295,,,,verified,ox-alpha via OpenRouter
2389,RAK,PHARMACY,HEALTH FIRST PHARMACY 22 - RAK,MANAR MALLL,"MANAR MALL, RAK",07-2274848,,,,verified,ox-alpha via OpenRouter
2390,RAK,PHARMACY,HEALTH FIRST PHARMACY 50,SHK MOHD BIN SALEM ROAD,"AL NADEYA .OPP RAK BANK SHK MOHD BIN SALEM RD,RAK,UAE",07-2358018,,,,verified,ox-alpha via OpenRouter
2391,RAK,PHARMACY,HEALTH FIRST PHARMACY 53 ,RAK-BAB AL BAHAR ,RAK-BAB AL BAHAR - AL YAQOUT BUILD.OPP ZOOM SM.,07-2435406,,,,verified,ox-alpha via OpenRouter
2392,RAK,PHARMACY,HEALTH FIRST PHARMACY 63 LLC ONE PERSON,RAK KHALIFA CITY,RAK-KHALIFA CITY -AL ASWAQ MARKET -AL RUJIBA STREET,07-2081966,,,,verified,ox-alpha via OpenRouter
2393,RAK,PHARMACY,AL LULU RAK PHARMACY LLC,LULU RAK,"AL LULU RAK PHARMACY LLC – LULU HYPERMARKET, RAS AL KHAIMAH",07-2264393,,,,verified,ox-alpha via OpenRouter
2394,RAK,PHARMACY,U M D C PHARMACY LLC,AL JUWAIS,"NEAR NESTO HYPERMARKET, AL JUWAIS - RAS AL KHAIMAH, UAE",07-2272402,,,,verified,ox-alpha via OpenRouter
2395,RAK,PHARMACY,NEW ROYAL PHARMACY LLC,AL QAWASIM STREET,"CORNICHE AL QAWASIM STREET, DAFAN AL KHOR, RAS AL KHAIMAH, UAE",07-2212051,,,,verified,ox-alpha via OpenRouter
2396,RAK,PHARMACY,CARE AND CURE PHARMACY LLC,"AL MAMOURAH STREET,","SHOP NO 3, JASIM MANSOOR BUILDING, AL MAMOURAH STREET, AL MAMOURAH, RAS AL KHAIMAH, UAE",07-2260127,,,,verified,ox-alpha via OpenRouter
2397,RAK,PHARMACY,EMIRATES DUBAI PHARMACY LLC - RAK BRANCH ,AL HISN STREET,"AL HISN STREET, JULPHAR TOWERS FIRST FLOOR, NAKHEEL, RAS AL KHAIMAH ",07-2037744,,,,verified,ox-alpha via OpenRouter
2398,RAK,PHARMACY,AL RAHMANIAH PHARMACY LLC RAK,ADHEN VILLAGE,"ADHEN VILLAGE, RAS AL KHAIMAH.UAE",056-4429760,,,,verified,ox-alpha via OpenRouter
2399,RAK,PHARMACY,KHYBER PHARMACY L.L.C.,AL NAKHEEL,"SHEIKH SAQAR BIN MUHAMMAD QASMI STREET, ABDULAZIZ BUILDING, SHOP NO.1 AL NAKHEEL, RAS AL KHAIMAH, UAE",07-2274603,,,,verified,ox-alpha via OpenRouter
2400,RAK,PHARMACY,WELCARE PHARMACY LLC,"DHAFAN AL KHOR,","SHOP-1A, MARSA BUILDING, HOSUN STREET, DHAFAN AL KHOR, RAS AL-KHAIMAH",056-4885652,,,,verified,ox-alpha via OpenRouter
2401,RAK,PHARMACY,IBN SINA PHARMACY LLC OPC,AL HAMRA VILLAGE ,MALL - SHEIKH MOHAMMAD BIN SALEM ROAD GROUND FLOOR - AL HAMRA VILLAGE - RAS AL KHAIMAH,07-243 4488,,,,verified,ox-alpha via OpenRouter
2402,RAK,PHARMACY,IBN SINA PHARMACY LLC OPC - BRANCH 1,AL DHAIT NORTH ,"SHEIKH RASHID BIN SAEED AL MAKTOUM RD SHOP 46, GROUND FLOOR, AL NAEEM CITY CENTER - AL DHAIT NORTH - RAS AL KHAIMAH",07-236 2086,,,,verified,ox-alpha via OpenRouter
2403,RAK,PHARMACY,IBN SINA PHARMACY LLC OPC - BRANCH 3,AL NAKHEEL,MANAR MALL - AL MUNTASIR RD - DAFAN AL NAKHEEL - RAS AL KHAIMAH,07-246 3671,,,,verified,ox-alpha via OpenRouter
2404,RAK,PHARMACY,IBN SINA PHARMACY LLC OPC - BRANCH 4,AL DHAIT SOUTH AREA,"BSP - AL DHAIT SOUTH AREA, RAS AL KHAIMAH,UAE",07-2105952,,,,verified,ox-alpha via OpenRouter
2405,SHJ,CLINIC,SUNNY SHARQAN MEDICAL CENTRE LLC,AL SHARQAN ,"AL SHARQAN EXTENSION ,AL AROUBA STREET,TOWARDS.SHARJAH",06-5667996,,,,verified,ox-alpha via OpenRouter
2406,SHJ,CLINIC,SAIFZONE MEDICAL CENTER,AIRPORT FREE ZONE,"AIRPORT FREE ZONE F2 42A,F2-42B,SHARJAH",06-5578471,,,,verified,ox-alpha via OpenRouter
2407,SHJ,CLINIC,NOVO GROUP-AL WAHDA MEDICAL CENTRE,AL WAHDA,SHARJAH - AL WAHDA AREA,06-5455501,,,,verified,ox-alpha via OpenRouter
2408,SHJ,CLINIC,NOVO GROUP-PERFECT MEDICAL CENTRE,ROLLA,SHARJAH - ROLLA,06-5455501,,,,verified,ox-alpha via OpenRouter
2409,SHJ,CLINIC,"NEW MEDICAL CENTRE, SHARJAH-AL BUHAIRA CORNICHE ,BEL RESHEED TOWER ,SHARJAH",BUHAIRAH CORNICHE,"BEL RESHEEED TOWER, CORNICHE, 1ST AND 2ND FLOOR ,AL BUHAIRA CORNICHE ,BEL RESHEED TOWER ,SHARJAH",06-5758000,,,,verified,ox-alpha via OpenRouter
2410,SHJ,CLINIC,NMC MEDICAL CENTER L.L.C SHJ BR.3,MUWAILEH,MUWEILAH - SHEIKH KHALIFA BIN ZAYED AL NAHYAN RD - MUWAILEH COMMERCIAL -INDUSTRIAL AREA - SHARJAH -UNITED ARAB EMIRATES,06-5182444,,,,verified,ox-alpha via OpenRouter
2411,SHJ,CLINIC,NASMAT AL SHIFAA MEDICAL CENTRE,IND. AREA 10,"THIRD INDUSTRIAL ST, OPP. TABLIGHI MASJID، BETWEEN GATE NO 1 & 2, INDUSTRIAL AREA 10 - SHARJAH",06-5562235,,,,verified,ox-alpha via OpenRouter
2412,SHJ,CLINIC,(LIBERTY GR)-AL DUNIA MEDICAL CENTER LLC,MUWAILEH,"SHOP NO 5, MUWAILEH STAR BUILDING, MUWAILEH COMMERCIAL AREA, SHARJAH. ",06-5546644,,,,verified,ox-alpha via OpenRouter
2413,SHJ,CLINIC,(LIBERTY GR)-AL NAHDA MEDICAL CENTER,AL NAHDA,"AL NAHDA,SHARJAH,UAE",06-5384466,,,,verified,ox-alpha via OpenRouter
2414,SHJ,CLINIC,AL RABEE MEDICAL CENTER,IND AREA-2,"INDUSTRIAL AREA 2,SHARJAH,UAE",06-5391222,,,,verified,ox-alpha via OpenRouter
2415,SHJ,CLINIC,(LIBERTY GR)-LIBERTY MEDICAL CENTER,ABU SHAGARA,"ABUSHAGARA,SHARJAH,UAE",06-5599379,,,,verified,ox-alpha via OpenRouter
2416,SHJ,CLINIC,MARVELLOUS MEDICAL CENTER L.L.C. S.P(FORMERLY AL DALLAH MEDICAL CENTRE LLC),ROLLA,"SOUQ AL ROLLA BUILDING, 1ST FLOOR, FLAT NO : 103, AL AROOBA STREET, UMM AL TARAFA, AL ROLLA. ",06-5614266,,,,verified,ox-alpha via OpenRouter
2417,SHJ,CLINIC,MEDICARE MEDICAL CENTRE SHARJAH,ROLLA,"OLD UAE EXCHANGE BLDG., ROLLA",06-5626922,,,,verified,ox-alpha via OpenRouter
2418,SHJ,CLINIC,DR.ALI SALEEM EL HINDI CLINIC LLC,INDUSTRIAL AREA,"PO BOX NO.4500, SHARJAH, UNITED ARAB EMIRATES,",06-5746006,,,,verified,ox-alpha via OpenRouter
2419,SHJ,CLINIC,DOOA  MEDICAL CLINIC,HAMRIYAH,NEAR  EMIRATES  POST/ HAMRIYAH  FREE  ZONE  PHASE 1,050-2068125,,,,verified,ox-alpha via OpenRouter
2420,SHJ,CLINIC,CARE MEDICAL CENTRE(IMARA GR),SHAHABA,SHAHABA SHARJAH,06-5455501,,,,verified,ox-alpha via OpenRouter
2421,SHJ,CLINIC,IDEAL MEDICAL CENTER,ROLLA,"1ST FLOOR,MALABAR GOLD BUILDING,ROLLA",06-5623844,,,,verified,ox-alpha via OpenRouter
2422,SHJ,CLINIC,AL SABAH MEDICAL CENTRE LLC(HNC GROUP),MUWAILAH,"1ST FLOOR,AL BHAKITH BUILDING,MUWAILAH ,SHARJAH, NEAR SHARJAH NATIONAL PAINTS, P.O. BOX: 78431",06-531 5001,,,,verified,ox-alpha via OpenRouter
2423,SHJ,CLINIC,EVE MEDICAL CENTRE LLC(SHJ),AL FAHYA STREET,"OPPOSITE OF NMC MAYSALOON, AL FAYHA STREET, VILLA 159, SHARJAH, UAE ",06-5210100,,,,verified,ox-alpha via OpenRouter
2424,SHJ,CLINIC,ASTER MEDICAL CENTRE-ABU TINA,ABUTINA,"SHAIKH MAJID BIN SAUD BIN KHALID BUILDING, GROUND FLOOR, SHOP NO:1 &2,AL SHARQ STREET NO - 103, SHARJAH ABUTINA.",06-5619045,,,,verified,ox-alpha via OpenRouter
2425,SHJ,CLINIC,ASTER MEDICAL CENTRE-ABUSHAGARA,ABU SHAGARA,"ASTER BUILDING, GROUND FLOOR, SHOP NO:1, NEAR ABU SHAGARA PARK, ABU SHAGARA",06-5568225,,,,verified,ox-alpha via OpenRouter
2426,SHJ,CLINIC,ALNOOR ALNAHDA POLY CLINIC L.L.C (FORMERLY AL SHIFA AL UROPI MEDICAL CENTER LLC),AL NAHDA,"AL NAHDA,SHARJAH,UAE",06-5376969,,,,verified,ox-alpha via OpenRouter
2427,SHJ,CLINIC,AL SHIFA AL KHALEEJI MEDICAL CENTRE(SHJ),CATERPILLAR ROAD,"INDUSTRAIL AREA NO. 2, CATERPILLAR ROAD, OPPOSITE TO ADNOC PETROL STATION NEXT TO DYNATRADE SERVICE CENTER, SHARJAH",06-5328558,,,,verified,ox-alpha via OpenRouter
2428,SHJ,CLINIC,AL FURQAN MEDICAL CENTRE,IND AAREA -11,"PO. BOX 48431, M- 2179, FLOOR 1, SALEM SAEED OMAI AL JABERI BLDG, INDUSTRIAL AREA 11SHARJAH",06-5353868,,,,verified,ox-alpha via OpenRouter
2429,SHJ,CLINIC,AL SHAMS AL JADEED MEDICAL CENTRE,IND AREA-5,"PO. BOX 25686, WAHID SALIM BLDG, FLOOR M, FLAT M6, DOUBLE COLA ROAD, INDUSTRIAL AREA 5, SHARJAH",06-5397539,,,,verified,ox-alpha via OpenRouter
2430,SHJ,CLINIC,AL SHAMS MEDICAL CENTRE-AREA 3 SHJ,CATERPILLAR ROAD,"PO. BOX 34792, SHIHAB SULAIMAN BLDG, FLAT 113-115, CATERPILLAR AREA ROAD, AREA 3, SHARJAH",06-5424255,,,,verified,ox-alpha via OpenRouter
2431,SHJ,CLINIC,AL QASIMIAH MEDICAL CLINIC,AL SAJJA,"NEAR SHARJAH CEMENT FACTORY, ALI MOOSA BUILDING, SAJJA INDUSTRIAL AREA",06-5310050,,,,verified,ox-alpha via OpenRouter
2432,SHJ,CLINIC,YAS MEDICAL CENTER LLC,SAJJA,"NEAR LULU INTERNATIONAL EXCHANGE, SAJJA INDUSTRIAL AREA",06-5361258,,,,verified,ox-alpha via OpenRouter
2433,SHJ,CLINIC,FIRST GULF MEDICAL CENTER-MUWAILAH-(ADVANCED GROUP),NATIONAL PAINT,"FLAT NO: 102, 1ST FLOOR, AL REEM BUILDING II MUWAILAH, NEAR NATIONAL PAINTS, MALIHA ROAD, SHARJAH - UAE",06-5347573,,,,verified,ox-alpha via OpenRouter
2434,SHJ,CLINIC,LIFELINE MEDICAL CENTRE(FORMERLY DR ASHOK MENON MEDICAL CENTER),ABU SHAGARA,"ABU SHAGARA, CITY TOWER BLDG. FLAT NO. 11, NEAR PRIME TOWER HOTEL, KING FAISAL ST., ABU SHAGARA,SHARJAH,UAE",06-553 0557,,,,verified,ox-alpha via OpenRouter
2435,SHJ,CLINIC,AL MAHABAH CLINIC,SAJJA,"JAMIA MASJID COMPLEX, OFFICE NO. 101,  SAJJA SHARJAH",050-8775876,,,,verified,ox-alpha via OpenRouter
2436,SHJ,CLINIC,AL TAJ AL FADHI CLINIC,INDUSTRIAL AREA 11,"SHARJAH INDUSTRIAL AREA 11,SHARJAH ,UAE",06-7044671,,,,verified,ox-alpha via OpenRouter
2437,SHJ,CLINIC,PURE PATH MEDICAL CENTER LLC SP,AL SAJJA,"AL SAJAA INDUSTRIAL AREA, CEMENT FACTORY ROAD, SHARJAH",06-5221135,,,,verified,ox-alpha via OpenRouter
2438,SHJ,CLINIC,SIMRAN MEDICAL CLINIC,MUWAILAH,"WAHA AL-REEM BUILDING FIRST FLOOR, OFFICE NO. 105, NEAR AL MADINA HYPERMARKET, MUWAILAH,SHARJAH,UAE",054-7141674,,,,verified,ox-alpha via OpenRouter
2439,SHJ,CLINIC,WELL CARE MEDICAL CENTER LLC,MUWAILAH,"BUILDING NO : 6, MUWEILAH COMMERCIAL, SHARJAH",06-5791444,,,,verified,ox-alpha via OpenRouter
2440,SHJ,CLINIC,AL ARIF MEDICAL CENTRE LLC,ALNAHDA,"SHOP 1, B BLOCK, TIGER AL YARMOUK BUILDING, NEAR ENOC PETROL PUMP, AL NAHDA, SHARJAH",06-715 4999,,,,verified,ox-alpha via OpenRouter
2441,SHJ,CLINIC,MAX CARE MEDICAL CENTRE,INDUSTRIAL AREA 5,"BMW - MAAZA SIGNAL, NEAR LULU EXCHANGE,INDUSTRIAL AREA 5,SHJ,UAE",056-4131644,,,,verified,ox-alpha via OpenRouter
2442,SHJ,CLINIC,NOOR MEDICAL CENTER,CORNICHE,"FLAT NO 202, OLD IRANIAN BUILDING, NEAR CORNICH POST OFFICE, SHARJAH, UAE",06-5684974,,,,verified,ox-alpha via OpenRouter
2443,SHJ,CLINIC,AL AMAL MEDICAL CENTRE LLC,AL KHAN ST,"AL ITTIHAD ROAD, AL HELAL BLDG - FLAT NO. 203 - AL KHAN ST - SHARJAH",058-5073355,,,,verified,ox-alpha via OpenRouter
2444,SHJ,CLINIC,SAMEENA MEDICAL CENTRE L.L.C,CLOCK TOWER,"101,FIRST FLOOR, AL ZAHRA BUILDING, CLOCK TOWER, SHARJAH,UAE",06-5559010,,,,verified,ox-alpha via OpenRouter
2445,SHJ,CLINIC,AL DHAID MEDICAL CENTRE,AL DHAID,"FIRST FLOOR , SHAIKH MUHAIR BUILDING, OLD HOSPITAL ROAD, AL DHAID,SHARJAH,UAE",06-8823535,,,,verified,ox-alpha via OpenRouter
2446,SHJ,CLINIC,RIAZ SPECIALIST MEDICAL CENTER LLC,AL WASIT STREET,"AL WASIT STREET, AL SHAHBAH AREA,SHARJAH,UAE",06-5583351,,,,verified,ox-alpha via OpenRouter
2447,SHJ,CLINIC,AL NEBRAS MEDICAL CENTER -L L C SHJ. BR,AL ZAHIA CITY,"ENTRANCE C, AL ZAHIA CITY CENTER,SHJ,UAE",06-5532400,,,,verified,ox-alpha via OpenRouter
2448,SHJ,CLINIC,AL SANABIL MEDICAL CENTER L.L.C,BHAIRAH CORNICHE,"GOLDEN TOWER 6TH  AL MAJAZ1 BUHAIRA CORNICHE MARHRIQ BLDG, OPPOSITE MARBELLA RESORT SHARJAH",06-5486662,,,,verified,ox-alpha via OpenRouter
2449,SHJ,CLINIC,EBN HAYAN MEDICAL CENTER,AL  MAJAZ 3,"AL MAJAZ 3 BUHAIRAH CORNICHE, SHARJAH, UAE",058-5847841,,,,verified,ox-alpha via OpenRouter
2450,SHJ,CLINIC,AL DAWLI MEDICAL COSMETIC CENTER,AL  MAJAZ 3,"AL MAJAZ 3 BUHAIRAH CORNICHE, SHARJAH, UAE",058-5847841,,,,verified,ox-alpha via OpenRouter
2451,SHJ,CLINIC,SHIFA MUWAILEH MEDICAL CENTER L.L.C,MUWAILEH,"SHARJAH MUWAILEH COMMERCIAL ,AL EMARAT STREET,BUILDING NO 7460,G FLOOR, MUWAILEH,SHARJAH, UAE",06-7401790,,,,verified,ox-alpha via OpenRouter
2452,SHJ,CLINIC,NAFEESA MEDICAL CENTER LLC,ABUSHAGARA,"FLAT NO 104,AL THURAYA TOWER,ABUSHAGARA,SHARJAH,UAE",06-7152940,,,,verified,ox-alpha via OpenRouter
2453,SHJ,CLINIC,TRUE CARE MEDICAL CENTER,ROLLA,"FLAT # 102, FIRST FLOOR OLD JANATA BANK BULIDING, AL AROUBA STREET, ROLLA, SHARJAH, UAE",06-5453305,,,,verified,ox-alpha via OpenRouter
2454,SHJ,CLINIC,NABDH AL SHIFA MEDICAL CENTER,AL QASIMIAH,"SAMAK BIN SA'AD ST - ABU SHAGHARA - HAY AL QASIMIAH, SHARJAH, UAE",052-6815255,,,,verified,ox-alpha via OpenRouter
2455,SHJ,CLINIC,SHIFA AL JAZEERA MEDICAL CENTRE  BRANCH - 1,MUWAILEH,"1796, ALZAROUNI BUILDING, SHK. MOHAMMED BIN ZAYED ROAD, MUWAILEH COMMERCIAL, NEAR ADNOC PETROL STATION, SHARJAH, UAE.",06-5236923,,,,verified,ox-alpha via OpenRouter
2456,SHJ,CLINIC,MAX CARE MEDICAL CENTER (S.P.S - L.L.C) - SHJ. BR 1,ROLLA,"OPP ROLLA MALL, NEAR VEGME REST. ROLLA SHARJAH,UAE",054-2241128,,,,verified,ox-alpha via OpenRouter
2457,SHJ,DAYCARE,SHARJAH CORNICHE MEDICAL CENTRE(DAY CARE HOSPITAL),BUHAIRAH CORNICHE,"PO BOX 19692, CORNICHE PLAZA II, 10TH FLOOR, BUHAIRAH CORNICHE",06-5751222,,,,verified,ox-alpha via OpenRouter
2458,SHJ,DAYCARE,AL SAHA WA AL SHIFAA HOSPITAL FOR ONE DAY SURGERY,ROLLA,"ROLLA MALL,SHARJAH,UAE",06-5632618,,,,verified,ox-alpha via OpenRouter
2459,SHJ,DENTAL,DR.SAI GANESH PILLAI MEDICAL CENTRE,ALAROUBA STREET ,"BANK SADERAT IRAN,SECOND FLOOR,SUIT NO 203, AL AROUBA STREET,SHARJAH-ROLLA.",054-4462109,,,,verified,ox-alpha via OpenRouter
2460,SHJ,DENTAL,INDIANA DENTAL AND AESTHETIC CENTER LLC,MUWAILEH,"8F43+W6 MUWAILEH COMMERCIAL INDUSTRIAL AREA, ",06-5699411,,,,verified,ox-alpha via OpenRouter
2461,SHJ,DIAGNOSTIC CENTRE,CLASS MEDICAL CENTRE,ROLLA,"AL SAUD TOWERS,SHARJAH,UAE",06-5652332,,,,verified,ox-alpha via OpenRouter
2462,SHJ,DIAGNOSTIC CENTRE,REEM AL BAWADI MEDICAL AND DIAGNOSTIC CENTRE(NOVO GR),ROLLA,SHARJAH - ROLLA,06-5455501,,,,verified,ox-alpha via OpenRouter
2463,SHJ,DIAGNOSTIC CENTRE,AVIVO GR-REEM MEDICAL DIAGNOSTIC CENTRE,ROLLA,"1ST FLOOR AL AHALIA EXCHANGE BLDG. ROLLA SQUARE, ROLLA SHARJAH PO BOX. 21764",06-562 0831,,,,verified,ox-alpha via OpenRouter
2464,SHJ,HOSPITAL,BURJEEL SPECIALTY HOSPITAL LLC (SHARJAH),AL FAHYA,"KUWAIT STREET, NEAR AL FAYHA PARK, SHARJAH",06-5075010,,,,verified,ox-alpha via OpenRouter
2465,SHJ,PHARMACY,HAMAD AL MUMAYAZAH PHARMACY LLC,AL SHARQAN,"AL SHARQAN EXTENSION- SHARJAH,UAE",06-5238054,,,,verified,ox-alpha via OpenRouter
2466,SHJ,PHARMACY,ZAMZAM PHARMACY LLC SHARJAH,SHARJAH,"NATIONAL PAINTS KALBA ROAD, SHARJAH",06-537141,,,,verified,ox-alpha via OpenRouter
2467,SHJ,PHARMACY,AL QADSYAH PHARMACY L.L.C,KHORFAKKAN,"SHARJAH INTERNATIONAL CHARITY BUILDING, SHOP NO 4, AL QADISIYA, KHORFAKKAN , SHARJAH.",09-2373800,,,,verified,ox-alpha via OpenRouter
2468,SHJ,PHARMACY,AL AZHAR PHARMACY (SHARJAH),SHARJAH,"SAJJA,COPERATIVE SOCEITY",06-5352323/8007400,,,,verified,ox-alpha via OpenRouter
2469,SHJ,PHARMACY,NAJMAT SAHARA(NOVO),AL NAHDA AREA,"AL MAHA BUILDING, OPP. AL NAHDA PARK, AL NAHDA",06 5318334,,,,verified,ox-alpha via OpenRouter
2470,SHJ,PHARMACY,SALSABEEL RX(NOVO),SHARJAH,"TAMI -3 BUILDING, OPP. AL NAHDA PARK, AL NAHDA, SHARJAH",06 536 8988,,,,verified,ox-alpha via OpenRouter
2471,SHJ,PHARMACY,SAHARA AL JAZEERA(NOVO),SHARJAH,"KHANSAHEB BUILDING, INDUSTRIAL AREA-10",06 5353345,,,,verified,ox-alpha via OpenRouter
2472,SHJ,PHARMACY,MARHABA RX(NOVO),SHARJAH,"NEXT TO CID OFFICE, AL ZAHRA STREET",06 5238130,,,,verified,ox-alpha via OpenRouter
2473,SHJ,PHARMACY,AL RUAYA(NOVO),SHARJAH,OPP. AL MAJAZ PARK,06-5508737,,,,verified,ox-alpha via OpenRouter
2474,SHJ,PHARMACY,FATIMA ZAHRA(NOVO),SHARJAH,"OPP. CID OFFICE, AL ZAHRA STREET",06-5636145,,,,verified,ox-alpha via OpenRouter
2475,SHJ,PHARMACY,LUBNA(NOVO),SHARJAH,"OPP. CID OFFICE, AL ZAHRA STREET",06-5637220,,,,verified,ox-alpha via OpenRouter
2476,SHJ,PHARMACY,SCIENTIFIC RX(NOVO),SHARJAH,BEHIND MEGA MALL,06-5482762,,,,verified,ox-alpha via OpenRouter
2477,SHJ,PHARMACY,AL RAYAH RX(NOVO),SHARJAH,"AL NAHDA TOWER, BEHIND QUICK SUPERMARKET, AL NAHDA",06-577 0432,,,,verified,ox-alpha via OpenRouter
2478,SHJ,PHARMACY,MEDICARE RX(NOVO),SHARJAH,"ROLLA,UAE EXCHANGE BULDG",06-5621796,,,,verified,ox-alpha via OpenRouter
2479,SHJ,PHARMACY,MEDI PLUS PHARMACY SHJ. BR.  LLC,SHARJAH,ASAS TOWER - AL TA’AWON STREET- SHARJAH - PO BOX 71373,06-5544977,,,,verified,ox-alpha via OpenRouter
2480,SHJ,PHARMACY,AL  TAMIMI PHARMACY LLC,AL ISTIQLAL ROAD,"SHOP NO - 2, AL GHUWAIR AREA, BEHIND KM TRADING - ROLLA , SHARJAH - PO BOX 32088",06-5624990,,,,verified,ox-alpha via OpenRouter
2481,SHJ,PHARMACY,AL RAWDHA  PHARMACY  LLC,AL ISTIQLAL ROAD,"AHMED YOUSUF ABDULLA BUILDING - G FLOOR 2,3 - AL ZAHRA'A STREET - BU TINA, AL SHARQ, SHARJAH, PO BOX - 61226",06-5213777,,,,verified,ox-alpha via OpenRouter
2482,SHJ,PHARMACY,(LIBERTY GR)-AL DUNIA PHARMACY,MUWAILEH,"BIN TARYAN 1 BUILDING,SHOP NO 2, MUWAILEH STAR BUILDING, MUWAILEH COMMERCIAL AREA, SHARJAH. UAE",06-5599379,,,,verified,ox-alpha via OpenRouter
2483,SHJ,PHARMACY,(LIBERTY GR)-SAIF AL KHAN PAHRMACY LLC,SHARJAH,"BAGHLAF AL ZAFERBLDG, IND AREA-2, SHARJAH",06-5620409,,,,verified,ox-alpha via OpenRouter
2484,SHJ,PHARMACY,(LIBERTY GR)-AL SAIF PHARMACY,SHARJAH,"AL NAYELI BLDG, KING ABDUL AZIZ STREET, SHARJAH",06-5391300,,,,verified,ox-alpha via OpenRouter
2485,SHJ,PHARMACY,AL AHSAN PHARMACY SHARJAH,SHARJAH,"MUWAILAH,SHARJAH UNIVERSITY ROAD .SHARJAH",06-5449393,,,,verified,ox-alpha via OpenRouter
2486,SHJ,PHARMACY,IBN BATUTA PHARMACY LLC (SHARJAH),SHARJAH,"THE NEW BUILDING, HASAN BIN THABET STREET, BUHAIRA CORNICHE AL MAJAZ-3, SHARJAH, UAE",06-5561544,,,,verified,ox-alpha via OpenRouter
2487,SHJ,PHARMACY,GOOD HEALTH GR-AL KARAZ PHARMACY,SHARJAH,AL NAHDA SHARJAH,06-5668225,,,,verified,ox-alpha via OpenRouter
2488,SHJ,PHARMACY,AL ITEKAL PHARMACY LLC,SHARJAH,"AL SALAMA TOWER,SHOP NO 2,KING FAISALSTREET ,ABU SHAGARA,SHARJAH",06-5531141,,,,verified,ox-alpha via OpenRouter
2489,SHJ,PHARMACY,ASTER HARAMAIN (AL HARAMAIN PHARMACY),AL NAHDA AREA,"AL NAHDA TOWER, AL NAHADAH - SHARJAH",06-5316779,,,,verified,ox-alpha via OpenRouter
2490,SHJ,PHARMACY,ASTER SHARJAH PHARMACY,KING FAISAL ROAD,"BESIDE NAHDA PARK, OPPOSITE TO CARREFOUR EXPRESS, AL NAHDA",06-5253663,,,,verified,ox-alpha via OpenRouter
2491,SHJ,PHARMACY,ASTER WASEEM (WASEEM PHARMACY),TAAWAUN AREA,"DAFCO BUILDING, TAAWUN AREA - SHARJAH",06-5770930,,,,verified,ox-alpha via OpenRouter
2492,SHJ,PHARMACY,ASTER AL MAWADAH (AL MAWADAH PHARMACY),IMMIGRATION ROAD,IMMIGRATION ROAD - SHARJAH,06-5744878,,,,verified,ox-alpha via OpenRouter
2493,SHJ,PHARMACY,ASTER AL MAJAZ (AL MAJAZ PHARMACY),JAMAL ABDUL NASR STREET,"JAMAL ABDUL NASIR ST, MAJAZ - SHARJAH",06-5599799,,,,verified,ox-alpha via OpenRouter
2494,SHJ,PHARMACY,ASTER EXPERT (EXPERT PHARMACY),ABUTINA,NEAR AL NASSIRAYA POLICE STN - SHARJAH,06-5654635,,,,verified,ox-alpha via OpenRouter
2495,SHJ,PHARMACY,ASTER SALIM (SALIM PHARMACY),AL BUHAIRAH CORNICHE,"NEAR SMADI SWEETS, AL BUHAIRAH - SHARJAH",06-5736262,,,,verified,ox-alpha via OpenRouter
2496,SHJ,PHARMACY,ASTER AL MANARAH (AL MANARAH PHARMACY),TAAWAUN AREA,"OPP. TAAWUN MALL, TAAWUN AREA - SHARJAH",06-5774665,,,,verified,ox-alpha via OpenRouter
2497,SHJ,PHARMACY,ASTER AL SHUALLA (AL SHUALLA PHARMACY),AL NAHDA AREA,"SAFEER MALL, AL NAHDA, NEAR TO AL KHAN BRIDGE,SHARJAH",06-5313648,,,,verified,ox-alpha via OpenRouter
2498,SHJ,PHARMACY,ASTER PHARMACY 121 (BR OF ASTER PHARMACIES GROUP LLC),AL NAHDA AREA,"SILVER SAND BUILDING, , AL NAHDA,OPP JUMA AL MAJID BUILDING",06-5544504,,,,verified,ox-alpha via OpenRouter
2499,SHJ,PHARMACY,AL SHIFA UROPI PHARMACY LLC,AL NAHDA AREA,"GROUND FLOOR, QADISSIYA (TIGER) BUILDING, AL NAHDA",06-5394609,,,,verified,ox-alpha via OpenRouter
2500,SHJ,PHARMACY,YAS PHARMACY L.L.C,SHARJAH INDUSTRIAL AREA,"NEAR LULU INTERNATIONAL EXCHANGE, SAJJA INDUSTRIAL AREA",06-5361256,,,,verified,ox-alpha via OpenRouter
2501,SHJ,PHARMACY,AL QASIMIAH PHARMACY LLC,SHARJAH,"NEAR SHARJAH CEMENT FACTORY, ALI MOOSA BUILDING, SAJJA INDUSTRIAL AREA",06-5310177,,,,verified,ox-alpha via OpenRouter
2502,SHJ,PHARMACY,ASIA PHARMACY LLC,SHARJAH,"INDUSTRIAL AREA 2, NEAR SEDANA SIGNAL, SHARJAH",06-5335970,,,,verified,ox-alpha via OpenRouter
2503,SHJ,PHARMACY,AL SAJAA PHARMACY LLC,SHARJAH,"DHAID ROAD, OPP SHARJAH CEMENT FACTORY, SHARJAH",06-5310199,,,,verified,ox-alpha via OpenRouter
2504,SHJ,PHARMACY,BAB AL QASIMIAH PHARMACY LLC,SHARJAH,"SAJAA ONDUSTRIAL AREA ,HANNA HYPER MARKET,",06-5221707,,,,verified,ox-alpha via OpenRouter
2505,SHJ,PHARMACY,AL AFDHAL PHARMACY(AL NEEM GROUP),ROLLA,"NEAR SWISS BELL HOTEL, AL AROUBA STREET. ROLLA,, POST BOX:3134",06-5217622,,,,verified,ox-alpha via OpenRouter
2506,SHJ,PHARMACY,DAR AL DAWAA PHARMACY L.L.C(AL NEEM GROUP),KING FAISAL ROAD,"RIGHT MEDICALCENTER BUILDING, ABU SHAGARAH, KING FAISAL STREET.",06-5449544,,,,verified,ox-alpha via OpenRouter
2507,SHJ,PHARMACY,AL SABAH PHARMACY L.L.C(AL NEEM GROUP),SHARJAH,"HNC CLINIC BUILDING, MUWAILAH COMMERCIAL",06-5302468,,,,verified,ox-alpha via OpenRouter
2508,SHJ,PHARMACY,LANA PHARMACY L.L.C(AL NEEM GROUP),SHARJAH,"MUSCAT BUILDING, UNIVERSITY CITY ROAD, MUWAILAH, , POST BOX:31343",06-5691876,,,,verified,ox-alpha via OpenRouter
2509,SHJ,PHARMACY,AL NAS PHARMACY L.L.C(AL NEEM GROUP),SHARJAH,"MUHAMMED SYEED BUILDING, AL SHUWAIB ROAD, AL WASHAH, DHAID,POST BOX:31343",06-5343034,,,,verified,ox-alpha via OpenRouter
2510,SHJ,PHARMACY,RAFEAH PHARMACY L.L.C(AL NEEM GROUP),SHARJAH,"ZAEIF MUSABAH HUMOOD AL KETABI BUILDING, BATAYAH RAFEAH, POST BOX:31343",06-5341441,,,,verified,ox-alpha via OpenRouter
2511,SHJ,PHARMACY,ARABIAN PHARMACY (AL BARAKAH),SHARJAH INDUSTRIAL AREA,INDUSTRIAL AREA 5,06-5431763,,,,verified,ox-alpha via OpenRouter
2512,SHJ,PHARMACY,AL INAYA AL MUTAQADIMAH PHARMACY LLC-MUWAILAH-(ADVANCED GROUP),SHARJAH,"SHOP NO : 2, GROUND FLOOR, AL REEM BUILDING I, MUWAILAH, NEAR NATIONAL PAINTS,MALIHA ROAD (SHARJAH-KALBA ROAD), SHARJAH - UAE.",06-5345663,,,,verified,ox-alpha via OpenRouter
2513,SHJ,PHARMACY,WAHAT AL TAIBAH PHARMACY LLC,DHAID MAIN DISTRICT,"SHOP NO. 2-3 MUNEERA SAEED ALI BUILDING,CENTRAL DHAID MAIN DISTRICT WESHAH SHARJAH, UAE",06-744 5575,,,,verified,ox-alpha via OpenRouter
2514,SHJ,PHARMACY,PURE PATH PHARMACY LLC SP,AL SAJJA,"AL SAJAA INDUSTRIAL AREA, SHARJAH,UAE",06-5518894,,,,verified,ox-alpha via OpenRouter
2515,SHJ,PHARMACY,BAIT AL DAWAA PHARMACY,AL TAAWUN,"AL TAAWUN.SHARJAH,UAE",06-5772511,,,,verified,ox-alpha via OpenRouter
2516,SHJ,PHARMACY,RUKN BAIT AL DAWAA PHARMACY,MUWAILAH,"MUWAILEH,SHARJAH,UAE",06-5442144,,,,verified,ox-alpha via OpenRouter
2517,SHJ,PHARMACY,GUARDIAN PHARMACY LLC,MUWAILAH,"NASEER ALI ABDUL JALEEL ALAUDH, BEHIND SHEIKH KHALIFA BIN ZAYED, MUWAILAH COMMERCIAL,SHARJAH,UAE",058-5651880,,,,verified,ox-alpha via OpenRouter
2518,SHJ,PHARMACY,ZEST WELLNESS PHARMACY L LC - SHJ. BR ,AL MAJAZ 1,"SHOP NO 3, SPINNEYS SHARJAH LIMITED BUILDING, KING FAISAL STREET, AL MAJAZ 1, AL MAJAZ, SHARJAH",06-5270457,,,,verified,ox-alpha via OpenRouter
2519,SHJ,PHARMACY,ASTER PHARMACIES GROUP LLC - SHJ. BR - BRANCH 6,MUWEILAH,"SHOP NO. 10, BUILDING 148/696, NEW MUWEILAH COMMERCIAL, MUWEILAH, SHARJAH",06-5748975,,,,verified,ox-alpha via OpenRouter
2520,SHJ,PHARMACY,AL REEF PHARMACY LLC,FIRST STREET,"1ST INDUSTRIAL FIRST STREET, SHARJAH,UAE",06-5330212,,,,verified,ox-alpha via OpenRouter
2521,SHJ,PHARMACY,STARCARE PHARMACY L L C,ROLLA SQUARE PARK,"NEAR ROLLA SQUARE PARK,MALABAR GOLD BLDG,SHARJAH",06-5611099,,,,verified,ox-alpha via OpenRouter
2522,SHJ,PHARMACY,AL DHAFRAH PHARMACY L.L.C,AL MAJAAZ 3,"GROUND FLOOR, AL-NOOR BUILDING - 8 ST - AL MAJAZ - AL MAJAAZ 3 - SHARJAH, UAE",06-5552277,,,,verified,ox-alpha via OpenRouter
2523,SHJ,PHARMACY,PRISTINE PHARMACY LLC-SHJ.BR,CORNICHE,MAMLAK HOTEL BUILDING NEAR CORNICH POST OFFICE SHARJAH,06-5611482,,,,verified,ox-alpha via OpenRouter
2524,SHJ,PHARMACY,AL MURTADHA PHARMACY,AL BUSTAN,"DAY TO DAY BUILDING , OPPOSITE MUSALLA SOUQ, AL BUSTAN , UAE",06-7406038,,,,verified,ox-alpha via OpenRouter
2525,SHJ,PHARMACY,HEALTH FIRST PHARMACY - BR3 ,AL JADA SHJ UNIVERSITY,SHARJAH MUWAILIH COMMERCIAL /AL JADA REHAN 01 OPP SHJ UNVIERSITY ,06-7678715,,,,verified,ox-alpha via OpenRouter
2526,SHJ,PHARMACY,HEALTH FIRST PHARMACY - BRANCH 11,AL DHAID,SHARJAH AL DHAID /AL DHAID MALL NEXT SHJ COOP,06-5232186,,,,verified,ox-alpha via OpenRouter
2527,SHJ,PHARMACY,HEALTH FIRST PHARMACY - BRANCH 7,AL KHAN,"MATAJER MALL – AL KHAN, SHARJAH ",06 5285143,,,,verified,ox-alpha via OpenRouter
2528,SHJ,PHARMACY,HEALTH FIRST PHARMACY - BRANCH 8 ,AL MIRQAB,"MATAJER MALL – AL MIRQAB, SHARJAH -AL SHARQ STREET OPP ADNOC STATION ",06-5462537,,,,verified,ox-alpha via OpenRouter
2529,SHJ,PHARMACY,HEALTH FIRST PHARMACY - BRANCH 9 ,AL SUYOH,SHARJAH COOPERATIVE SOCIETY SUYOH4  AL SUYOH SUBURB ,06-5353951,,,,verified,ox-alpha via OpenRouter
2530,SHJ,PHARMACY,HEALTH FIRST PHARMACY - SHARJAH,CORNICHE,CORNICHE ROAD- NEXT TO SUBWAY - SHARJAH,06-5643275,,,,verified,ox-alpha via OpenRouter
2531,SHJ,PHARMACY,HEALTH FIRST PHARMACY -BR 4- SHARJAH,MATAJER MALL SHJ,"MATAJER MALL – AL QOZ, SHARJAH ",06-5534225,,,,verified,ox-alpha via OpenRouter
2532,SHJ,PHARMACY,HEALTH FIRST PHARMACY BRANCH 6 SHARJAH,MALIHA STREET,NASMA RESIDENCES-AL TAYY -AL SUYOH SUBURB -MALIHA STREET -SHARJAH,06-5467683,,,,verified,ox-alpha via OpenRouter
2533,SHJ,PHARMACY,DUAA PHARMACY L.L.C,AL DHAID,"NEAR OLD FISH MARKET,AL DHAID ,SHARJAH,UAE",06-8822525,,,,verified,ox-alpha via OpenRouter
2534,SHJ,PHARMACY,AL RIYADH PHARMACY,AL WASIT STREET,"AL WASIT STREET, AL SHAHBAH AREA,SHARJAH,UAE",06-5583351,,,,verified,ox-alpha via OpenRouter
2535,SHJ,PHARMACY,LULU AL FALAH PHARMACY LLC,LULU SHARJAH,"LULU AL FALAH PHARMACY LLC, LULU HYPERMARKET, SHARJAH.",04-5774762,,,,verified,ox-alpha via OpenRouter
2536,SHJ,PHARMACY,LULU AL NAHDA PHARMACY LLC,LULU AL NAHDA,"LULU AL NAHDA PHARMACY LLC – LULU HYPERMARKET, AL NAHDA, SHARJAH",06-5211105,,,,verified,ox-alpha via OpenRouter
2537,SHJ,PHARMACY,HEALTH FIRST PHARMACY L.L.C.SP - BRANCH 12,AL KHUROOS,"SHOP NO: 04, SHARJAH COOP, AL KHUROOS, SHARJAH, U.A.E",06-5240865,,,,verified,ox-alpha via OpenRouter
2538,SHJ,PHARMACY,AL RAWAA PHARMACY LLC,AL MAHATTA,"89XV+FCP - AL MAHATTA - AL QASIMIA - SHARJAH, UAR",06-5500424,,,,verified,ox-alpha via OpenRouter
2539,SHJ,PHARMACY,AL RAWAA PHARMACY LLC- BRANCH 1,AL GHUWAIR,"994Q+9HV - AL ROLLA ST - AL GHUWAIR - AL GHARB - SHARJAH, UAE",06-5793911,,,,verified,ox-alpha via OpenRouter
2540,SHJ,PHARMACY,ASTER PHARMACIES GROUP LLC - SHJ. BR - BRANCH 9,ALQUOZ,"SHOP NO Q009-10, MATAJER AL QUOZ, AL FAWZ, WASIT SUBURB, SHARJAH",06-5610829,,,,verified,ox-alpha via OpenRouter
2541,SHJ,PHARMACY,SHIFA MUWAILEH PHARMACY L.L.C,MUWAILEH,"SHARJAH MUWAILEH COMMERCIAL ,AL EMARAT STREET,BUILDING NO 7460,G FLOOR, MUWAILEH,SHARJAH, UAE",06-5683830,,,,verified,ox-alpha via OpenRouter
2542,SHJ,PHARMACY,CENTRAL PRIVATE HOSPITAL PHARMACY," CLOCK TOWER, MYSALOON","SHEIKH ZAYED STREET, CLOCK TOWER, MYSALOON, SHARJAH, UAE",06-5639900,,,,verified,ox-alpha via OpenRouter
2543,SHJ,PHARMACY,SAIF AL NAHDA PHARMACY L.L.C.SP,BUKHARA STREET,"467,ART TOWER,BUKHARA STREET,AL NADHA,SHARJAH,UAE",06-7156377,,,,verified,ox-alpha via OpenRouter
2544,SHJ,PHARMACY,NEW MEDICAL CENTRE PHARMACY LTD - SHJ.BR - BRANCH 2,MUWEILAH,"MUWEILAH, SHEIKH KHALIFA BIN ZAYED AL NAHYAN RD 
SHARJAH, SAFARI MALL , 61, SHARJAH",06-5168823,,,,verified,ox-alpha via OpenRouter
2545,SHJ,PHARMACY,BAB AL ROLAH PHARMACY LLC,AL SHUWAIHEEN,"SHOP NO. 1, BEHIND THE ARABIAN GULF STREET, AL SHUWAIHEEN, SHARJAH",06-8868335,,,,verified,ox-alpha via OpenRouter
2546,SHJ,PHARMACY,NABDH ALSHIFA PHARMACY,ABU SHAGARA,"ABUSHAGARA, SHARJAH, UAE",052-6815255,,,,verified,ox-alpha via OpenRouter
2547,SHJ,PHARMACY,24 HOUR PHARMACY CO.LLC - SHJ. BR 1,MUWAILEH ,BUILDING #5090 - MUWAILEH COMMERCIAL - SHARJAH,06 -5723959,,,,verified,ox-alpha via OpenRouter
2548,SHJ,PHARMACY,MEDON 24 HOUR PHARMACY CO. L.L.C - SHJ. BR 1,INDUSTRIAL AREA 17 ,INSIDE NESTO HYPERMARKET - MALEHA ST - INDUSTRIAL AREA 17 - INDUSTRIAL AREA - SHARJAH,06-8845449,,,,verified,ox-alpha via OpenRouter
2549,SHJ,PHARMACY,AL MUSALLA PHARMACY BRANCH 1,MUWAILEH,"1796, ALZAROUNI BUILDING, SHK. MOHAMMED BIN ZAYED ROAD, MUWAILEH COMMERCIAL, NEAR ADNOC PETROL STATION, SHARJAH, UAE.",06-5627959,,,,verified,ox-alpha via OpenRouter
2550,SHJ,PHARMACY,MAX CARE POINT PHARMACY L.L.C.SP,ROLLA,"OPP ROLLA MALL, NEAR VEGME REST. ROLLA SHARJAH,UAE",054-2241129,,,,verified,ox-alpha via OpenRouter
2551,SHJ,PHARMACY,MERCURY PHARMACY LLC,IND AREA 3,"SHOP NO 9 AL WASIT BUILDING IND AREA 3, SHARJAH, UAE",06-5228988,,,,verified,ox-alpha via OpenRouter
2552,SHJ,PHARMACY,MERCURY STAR PHARMACY LLC,IND AREA 15,"SHOP NO;8 ALI MOUSA BUILDING IND AREA 15, SHARJAH, UAE",06-7677767,,,,verified,ox-alpha via OpenRouter
2553,SHJ,CLINIC,MATHEW MEDICAL CENTRE L.L.C SP,KING FAISAL STREET,"FLAT NO.111,1ST FLOOR, BLOCK B, DAR ALAMAN BUILDING, KING FAISAL STREET,SHARJAH,UAE",06-5595594,,,,verified,ox-alpha via OpenRouter
2554,SHJ,CLINIC,REGAL CARE MEDICAL CENTER,SAJJA INDUSTRIAL AREA,"SHOP 6 & 7, ISMAEIL ALI SHAHEEN BUILDING , SAJJA INDUSTRIAL AREA, SHARJAH,UAE",055-1409352,,,,verified,ox-alpha via OpenRouter
2555,SHJ,PHARMACY,IBN SINA PHARMACY SOLE PROPRIETORSHIP L.L.C SHJ. BR - BRANCH 4,AL ESTIQLAL ST,"GROUND FLOOR, MEGA MALL - AL ESTIQLAL ST - BU DANIG - SHARJAH",06-5744066,,,,verified,ox-alpha via OpenRouter
2556,SHJ,PHARMACY,IBN SINA PHARMACY SOLE PROPRIETORSHIP L.L.C SHJ. BR - BRANCH 8,AL TAAWUN ST,ABDULAZIZ AL MAJID - AL TAAWUN ST - AL MAJAZ 3 - AL MAJAZ - SHARJAH,06-5569007,,,,verified,ox-alpha via OpenRouter
2557,SHJ,PHARMACY,IBN SINA PHARAMCY SOLE PROPRIETORSHIP L.L.C - BRANCH 1,KALBA MALL,KALBA MALL - SHARJAH,09-234 1273,,,,verified,ox-alpha via OpenRouter
2558,SHJ,PHARMACY,IBN SINA PHARAMCY SOLE PROPRIETORSHIP L.L.C - BRANCH 10,AL ZAHIA,8F74+X2 - MUWAILEH COMMERCIAL - AL ZAHIA - SHARJAH,06-885 3144,,,,verified,ox-alpha via OpenRouter
2559,SHJ,PHARMACY,IBN SINA PHARAMCY SOLE PROPRIETORSHIP L.L.C - BRANCH 11,ALJADA,"ALJADA, BOULEVARD 1 - MUWAILEH COMMERCIAL - SHARJAH",06-740 6056,,,,verified,ox-alpha via OpenRouter
2560,SHJ,PHARMACY,IBN SINA PHARAMCY SOLE PROPRIETORSHIP L.L.C - BRANCH 3,AL MAMSHA COMMUNITY,BUILDING SS2-SHOP 008 - AL MAMSHA COMMUNITY - UNIVERSITY CITY RD - MUWAILEH COMMERCIAL - SHARJAH,06-548 3386,,,,verified,ox-alpha via OpenRouter
2561,SHJ,PHARMACY,IBN SINA PHARAMCY SOLE PROPRIETORSHIP L.L.C - SHJ. BR - BRANCH 14,AL NAHDA 1,79XF+4GM - AL NAHDA - AL NAHDA 1 - SHARJAH,04-8105952,,,,verified,ox-alpha via OpenRouter
2562,SHJ,PHARMACY,IBN SINA PHARAMCY SOLE PROPRIETORSHIP L.L.C BRANCH 12, AL MAJAZ 1,"CORNICHE PLAZA 2, 61134 - CORNICHE ST - AL MAJAZ 1 - AL MAJAZ - SHARJAH",06-572 6885,,,,verified,ox-alpha via OpenRouter
2563,SHJ,PHARMACY,IBN SINA PHARAMCY SOLE PROPRIETORSHIP L.L.C SHJ. BR  6,AL ZAHIA,CITY CENTRE AL ZAHIA - SHARJAH,06-555 0534,,,,verified,ox-alpha via OpenRouter
2564,SHJ,PHARMACY,IBN SINA PHARAMCY SOLE PROPRIETORSHIP L.L.C SHJ. BR  7,RAHMANIA MALL,RAHMANIA MALL - AL RAHMANIYA SUBURB - KSHISHAH 6 - SHARJAH,06-530 0039,,,,verified,ox-alpha via OpenRouter
2565,SHJ,PHARMACY,IBN SINA PHARAMCY SOLE PROPRIETORSHIP L.L.C SHJ. BR - BRANCH 2,UNIVERSITY CITY ROAD,"ZERO 6 MALL - UNIVERSITY CITY ROAD, ZERO 6 MALL - UNIVERSITY CITY ROAD, - SHARJAH",06-554 2467,,,,verified,ox-alpha via OpenRouter
2566,SHJ,PHARMACY,IBN SINA PHARMACY L.L.C - BRANCH,SHARJAH HEALTHCARE CITY,BSP-SHARJAH HCC، SHARJAH HEALTHCARE CITY - AL ABAR - HALWAN SUBURB - SHARJAH,06-538 8357,,,,verified,ox-alpha via OpenRouter
2567,SHJ,PHARMACY,IBN SINA PHARMACY SOLEPROPRIETORSHIP LLC SHJ BRANCH,SHARJAH INTERNATIONAL AIRPORT,"SHARJAH INTERNATIONAL AIRPORT - SHARJAH,UAE",06-564 1565,,,,verified,ox-alpha via OpenRouter
2568,UMQ,CLINIC,WELLNESS MEDICAL CENTER LLC,BADAMI 2,"BADAMI-2,NEW INDUSTRIAL AREA - AL RAFFA,UAE",06-6786664,,,,verified,ox-alpha via OpenRouter
2569,UMQ,CLINIC,CARE FOR YOU MEDICAL CENTER,AL MAQTA,"SHOP NO 29, MALL OF UAQ, AL MAQTA, UMM AL QUWAIN, UAE",06-6787382,,,,verified,ox-alpha via OpenRouter
2570,UMQ,CLINIC,AL SHIFA MEDICAL CENTER L.L.C,UMM AL QUWAIN,"AL SANADIL BUILDING ,UAQ ,UAE",06 -5258185,,,,verified,ox-alpha via OpenRouter
2571,UMQ,CLINIC,NOOR AL SHIFA MEDICAL CENTER,UMM AL THUOOB,"UMM AL THUOOB , NEW SANAIYA , UMM AL QUWAIN",06-6786364,,,,verified,ox-alpha via OpenRouter
2572,UMQ,CLINIC,YOUR MEDICAL CENTER,UMM AL THUOOB 1,"SHOP 5 & 6,SULTHAN SAIF AL KUBAISI BUILDING,PLOT NO: 792,BLOCK NO 3, AL ITTIHAD STREET,NEAR ETISALAT ROUNDABOUT,UMM AL THUOOB 1-UAQ",06-6787003,,,,verified,ox-alpha via OpenRouter
2573,UMQ,HOSPITAL,SHEIKH KHALIFA GENERAL HOSPITAL UMQ,AL SALAMA,"OPP: MINISTRY OF COMMUNITY DEVELOPMENT, AL SALAMA UMM AL QUWAIN, UAE",06-7061111,,,,verified,ox-alpha via OpenRouter
2574,UMQ,PHARMACY,ASTER MEDICOM -26 (MEDICOM PHARMACY -26),UMM AL QUWAIN,"AL MANAMA MALL, UMM AL QUWAIN",06-7649734,,,,verified,ox-alpha via OpenRouter
2575,UMQ,PHARMACY,WELLNESS PHARMACY LLC,BADAMI 2,"BADAMI-2,NEW INDUSTRIAL AREA - AL RAFFA,UAE",06-6786664,,,,verified,ox-alpha via OpenRouter
2576,UMQ,PHARMACY,SUNNY PHARMACY L.L.C,KING FAIZAL STREET,"KING FAISAL STREET, AL MUQTA1, UMM AL QUWAIN,UAE",06-5433746,,,,verified,ox-alpha via OpenRouter
2577,UMQ,PHARMACY,AL REEM PHARMACY LLC,KING FAISAL ROAD,"KING FAISAL ROAD, UMM AL QUWAIN,UAE",06-7690400,,,,verified,ox-alpha via OpenRouter
2578,UMQ,PHARMACY,HEALTH FIRST PHARMACY 12 - UAQ,KING FAISAL ROAD,"KING FAISAL RD., BESIDE LULU, UAQ",06-7641156,,,,verified,ox-alpha via OpenRouter
2579,UMQ,PHARMACY,HEALTH FIRST PHARMACY 28 - UAQ,OLD BAZZAR,UAQ MAIN RD. OLD BAZZAR,06-7656180,,,,verified,ox-alpha via OpenRouter
2580,UMQ,PHARMACY,HEALTH FIRST PHARMACY 62,AL WAHA ST,UAQ -SALAMAH -AL WAHA ST OPP CITY MALL,06 5365107,,,,verified,ox-alpha via OpenRouter
2581,UMQ,PHARMACY,AL TALAL PHARMACY LLC - BRANCH 1,UMM AL THUOOB,"UMM AL THUOOB , NEW SANAIYA , UMM AL QUWAIN",06-6787074,,,,verified,ox-alpha via OpenRouter
2582,UMQ,PHARMACY,YOUR PHARMACY LLC,UMM AL THUOOB 1,"SHOP 4,SULTHAN SAIF AL KUBAISI BUILDING,PLOT NO: 792,BLOCK NO 3, AL ITTIHAD STREET,NEAR ETISALAT ROUNDABOUT,UMM AL THUOOB 1-UAQ",06-6787003,,,,verified,ox-alpha via OpenRouter
2583,UMQ,PHARMACY,SHEIKH KHALIFA GENERAL HOSPITAL PHARMACY UMQ,AL SALAMA,"OPP: MINISTRY OF COMMUNITY DEVELOPMENT, AL SALAMA UMM AL QUWAIN, UAE",06-7061111,,,,verified,ox-alpha via OpenRouter
