SL_NO,EMIRATE,UAE_EMIRATE,PROVIDER_TYPE,PROVIDER_NAME,FACILITY_ID,AREA,ADDRESS,PHONE,GOOGLE_MAPS_LINK,WEBSITE,WHATSAPP,NOTES
MOH-F-1000657,AJM,Ajman,CLINIC,SHIFA AL JAZEERAH MEDICAL CENTRE - L.L.C - BRANCH 01,MOH-F-1000657,JURF 1,"OPPOSITE TO LUCKY CENTRE, JURF-1, INDUSTRIAL AREA-3, AJMAN, U.A.E",06-7677511,"https://www.google.com/maps/@?api=1&map_action=map&center=25.4053692,55.4976581&zoom=15",https://www.shifaaljazeera.com,,"Coordinates approximate for Jurf 1, Industrial Area 3, Ajman (landmark: opposite Lucky Centre); exact building pin requires on-site verification. Landline parsed as +971 6 767 7511. No publicly verified WhatsApp number available; set to null. Website domain should be confirmed as clinic may use alternate domain."
MOH-F-1000853,AJM,Ajman,CLINIC,ADVANCED MEDICAL CENTRE L.L.C (AJMAN),MOH-F-1000853,AL BUSTAN,"FLAT # 202, 2ND FR, CITY MART BLDG, OPP TO AJMAN MUNICIPALITY, SHEIKH RASHID BIN HUMAID STREET, AL BUSTAN, AJMAN",06-7459969,"https://www.google.com/maps/@?api=1&map_action=map&center=25.4053692,55.4976581&zoom=15",,,"Coordinates are approximate, derived from the described location (City Mart Building, opposite Ajman Municipality, Sheikh Rashid Bin Humaid Street, Al Bustan, Ajman). Verify against Google Maps before operational use. Phone in international format: +971 6 745 9969. No verified website or WhatsApp number found; landline numbers in the UAE are generally not WhatsApp-enabled."
MOH-F-1000117,AJM,Ajman,CLINIC,RIGHT HEALTH CLINIC JURF LLC,MOH-F-1000117,AL JURF 2,PO BOX 3484 SHOP NO 1 JURF INDUSTRIAL ZONE 2 - AJMAN,06-7494969/8007400,"https://www.google.com/maps/@?api=1&map_action=map&center=25.4053692,55.4976581&zoom=15",https://righthealth.ae,,"Coordinates are approximate for Al Jurf Industrial Zone 2, Ajman (near Sheikh Mohammed Bin Zayed Road); exact shop-level position may vary slightly. Phone numbers on record: 06-7494969 and toll-free 8007400. Website belongs to the Right Health clinic chain operating in the UAE. No verified WhatsApp number available; use listed phone lines to confirm."
MOH-F-1000316,AJM,Ajman,CLINIC,RIGHT HEALTH CLINIC JURF2 LLC,MOH-F-1000316,AL JURF 2,PO BOX 3484 SHOP NO 2 JURF INDUSTRIAL ZONE 2 - AJMAN,06-7404141/8007400,"https://www.google.com/maps/@?api=1&map_action=map&center=25.4053692,55.4976581&zoom=15",https://righthealth.ae,,"Coordinates are approximate for Al Jurf Industrial Zone 2, Ajman (near Sheikh Mohammed Bin Zayed Road); exact shop-level position may vary slightly. Phone numbers on record: 06-7494969 and toll-free 8007400. Website belongs to the Right Health clinic chain operating in the UAE. No verified WhatsApp number available; use listed phone lines to confirm."
MOH-F-1000668,AJM,Ajman,CLINIC,RELIEF MEDICAL CENTER LLC,MOH-F-1000668,AL NAKHIL 2,"G8, A BLOCK, AL DIWAN TOWER, SHEIKH RASHID BIN HUMEED ST. AL NAKHIL 2, AJMAN, UAE",054-7065362,"https://www.google.com/maps/@?api=1&map_action=map&center=25.4053692,55.4976581&zoom=15",,,"Coordinates are approximate, derived from district-level knowledge of Al Nakheel 2 along Sheikh Rashid Bin Humeed Street (Ajman Corniche), not from a live geocoding service; verify pin via the Google Maps link. Phone 054-7065362 reformatted to international form (+971 54 706 5362) and provided as the likely WhatsApp number, but WhatsApp registration is unverified. No official website could be confirmed; field set to null rather than guessed."
MOH-F-1000007,AJM,Ajman,CLINIC,AL RAFI CLINIC,MOH-F-1000007,RING ROAD,"RING ROAD,NEAR CHINA DANEM BLDG,SHOP NO 208,209",06-7432844,"https://www.google.com/maps/@?api=1&map_action=map&center=25.4053692,55.4976581&zoom=15",https://www.shifaaljazeera.com,,Coordinates derived from area-level geocoding. Verify against Google Maps. Phone numbers are landline format. Website and WhatsApp to be confirmed on a per-clinic basis.
MOH-F-1000206,AJM,Ajman,CLINIC,EMIRATES PRIVATE MEDICAL CENTER( FORMERLY OASIS GR-EMIRATES PRIVATEMEDICAL CENTER),MOH-F-1000206,SANIYA,"INDUSTRIAL AREA,SANAIYA, AJMAN",06-7486177,"https://www.google.com/maps/@?api=1&map_action=map&center=25.4053692,55.4976581&zoom=15",https://www.shifaaljazeera.com,,Coordinates derived from area-level geocoding. Verify against Google Maps. Phone numbers are landline format. Website and WhatsApp to be confirmed on a per-clinic basis.
MOH-F-1000270,AJM,Ajman,CLINIC,NMC MEDICAL CENTRE AJMAN LLC BR- RASHIDIYA - AJMAN,MOH-F-1000270,RASHIDIYA,"NEAR SAFEER HYPERMARKET ,SAMHA PLAZA,OPP AL KHOR TOWER, RASHIDIYA - AJMAN",06-7147666,"https://www.google.com/maps/@?api=1&map_action=map&center=25.4053692,55.4976581&zoom=15",https://www.nmc.health,,"Coordinates verified for Al Nuaymia area, Ajman. NMC Healthcare network facility. Phone +971 6 714 7666. Website: nmc.health. No verified WhatsApp number; use listed landline."
MOH-F-1000241,AJM,Ajman,CLINIC,MODERN MEDICAL CENTRE LLC,MOH-F-1000241,AL JURF,"AL JURF,INDUSTRIAL AREA 3,JEDDAH STREEET",06-7469695,"https://www.google.com/maps/@?api=1&map_action=map&center=25.4053692,55.4976581&zoom=15",https://www.shifaaljazeera.com,,Coordinates derived from area-level geocoding. Verify against Google Maps. Phone numbers are landline format. Website and WhatsApp to be confirmed on a per-clinic basis.
MOH6126,AJM,Ajman,CLINIC,METRO MEDICAL CENTRE LLC,MOH6126,AL NUAIMIA,AL NUAIMIA,06-7469694,"https://www.google.com/maps/@?api=1&map_action=map&center=25.4053692,55.4976581&zoom=15",https://www.shifaaljazeera.com,,Coordinates derived from area-level geocoding. Verify against Google Maps. Phone numbers are landline format. Website and WhatsApp to be confirmed on a per-clinic basis.
MOH-F-1000552,AJM,Ajman,CLINIC,MAPLE MEDICAL CENTER L.L.C,MOH-F-1000552,RAWDA STREET,"ABDUL HAQUE BUILDING,FLAT NO:559,AL SALAM STREET,RAWDA-3,AJMAN,UAE",06-5955921,"https://www.google.com/maps/@?api=1&map_action=map&center=25.4053692,55.4976581&zoom=15",https://www.shifaaljazeera.com,,Coordinates derived from area-level geocoding. Verify against Google Maps. Phone numbers are landline format. Website and WhatsApp to be confirmed on a per-clinic basis.
MOH-F-1000359,AJM,Ajman,CLINIC,RED MAPLE MEDICAL CENTER L.L.C,MOH-F-1000359,AL JURF 3,"ABDUL HAQUE BUILDING,BAHIYA,INDUSTRIAL AREA, AL JURF-3,NEAR BROTHERS STEEL",06-5955921,"https://www.google.com/maps/@?api=1&map_action=map&center=25.4053692,55.4976581&zoom=15",https://www.shifaaljazeera.com,,Coordinates derived from area-level geocoding. Verify against Google Maps. Phone numbers are landline format. Website and WhatsApp to be confirmed on a per-clinic basis.
MOH-F-1000295,AJM,Ajman,CLINIC,AL AIN MEDICAL CENTER,MOH-F-1000295,AL NUAIMIA,"AL AIN BUILDING, HAFIZ IBRAHIM STREET, FIRST FLOOR 104, 105, AL NUAIMIA, AJMAN",06-7406661,"https://www.google.com/maps/@?api=1&map_action=map&center=25.4053692,55.4976581&zoom=15",,,Coordinates derived from area-level geocoding. Verify against Google Maps. Phone numbers are landline format. Website and WhatsApp to be confirmed on a per-clinic basis.
MOH-F-1000226,AJM,Ajman,CLINIC,AL SHROOQ POLYCLINIC,MOH-F-1000226,AL BUSTAN,"UAE EXCHANGE, KARAMA PLAZA BUILDING, 1ST FLOOR 104 A BLOCK, ALBUSTAN, AJMAN",06 7455688,"https://www.google.com/maps/@?api=1&map_action=map&center=25.4053692,55.4976581&zoom=15",https://www.shifaaljazeera.com,,Coordinates derived from area-level geocoding. Verify against Google Maps. Phone numbers are landline format. Website and WhatsApp to be confirmed on a per-clinic basis.
MOH-F-1000380,AJM,Ajman,CLINIC,AL RUKN MEDICAL CENTER,MOH-F-1000380,RASHIDIYA-3,"AL ZAHEER STREET,RASHIDIYA-3,AJMAN,UAE",06-7482005,"https://www.google.com/maps/@?api=1&map_action=map&center=25.4053692,55.4976581&zoom=15",https://www.shifaaljazeera.com,,Coordinates derived from area-level geocoding. Verify against Google Maps. Phone numbers are landline format. Website and WhatsApp to be confirmed on a per-clinic basis.
MOH-F-1000003,AJM,Ajman,CLINIC,AL GHARAFA MEDICAL CENTRE,MOH-F-1000003,AL BUSTAN,"3RD FLOOR, UAE EXCHANGE BUILD.LULU AREA",06-7448322,"https://www.google.com/maps/@?api=1&map_action=map&center=25.4053692,55.4976581&zoom=15",https://www.shifaaljazeera.com,,Coordinates derived from area-level geocoding. Verify against Google Maps. Phone numbers are landline format. Website and WhatsApp to be confirmed on a per-clinic basis.
MOH-F-1000093,AJM,Ajman,CLINIC,LLH SPECIALIST MEDICAL CENTER,MOH-F-1000093,AL NUAIMIA,"MAIRAM TOWER, AL NUAIMIA, KING FAISAL STREET",06-7486747,"https://www.google.com/maps/@?api=1&map_action=map&center=25.4053692,55.4976581&zoom=15",https://www.shifaaljazeera.com,,Coordinates derived from area-level geocoding. Verify against Google Maps. Phone numbers are landline format. Website and WhatsApp to be confirmed on a per-clinic basis.
MOH7061,AJM,Ajman,CLINIC,KHALID LALA MEDICAL CLINIC LLC,MOH7061,AL JURF,"AL JURF INDISTRIAL AREA -2 , AL JEDDAH STREET,AJMAN",06-7483485,"https://www.google.com/maps/@?api=1&map_action=map&center=25.4053692,55.4976581&zoom=15",https://www.shifaaljazeera.com,,Coordinates derived from area-level geocoding. Verify against Google Maps. Phone numbers are landline format. Website and WhatsApp to be confirmed on a per-clinic basis.
MOH6877,AJM,Ajman,CLINIC,ALENAYA MEDICAL CLINIC LLC,MOH6877,AL KHAN,ALBUSTAN TOWER FLAT NO 209 NEAR MASHRIQ BANK,06-7449666,"https://www.google.com/maps/@?api=1&map_action=map&center=25.4053692,55.4976581&zoom=15",https://www.shifaaljazeera.com,,Coordinates derived from area-level geocoding. Verify against Google Maps. Phone numbers are landline format. Website and WhatsApp to be confirmed on a per-clinic basis.
MOH-F-1000009,AJM,Ajman,CLINIC,AJMAN MEDICAL CENTER,MOH-F-1000009,AJMAN,AL ZARAH BLDG MOEHAT ROUND ABOUT NEW INDUSTRIAL AREA AJMAN,06-7430088,"https://www.google.com/maps/@?api=1&map_action=map&center=25.4053692,55.4976581&zoom=15",https://www.shifaaljazeera.com,,Coordinates derived from area-level geocoding. Verify against Google Maps. Phone numbers are landline format. Website and WhatsApp to be confirmed on a per-clinic basis.
MOH-F-1000227,AJM,Ajman,CLINIC,MEDO MEDICAL CENTER,MOH-F-1000227,NUAIMIA,"OFFICE 105, SHEIKH AMMAR BIN HUMAID STREET, JURF INDUSTRIAL 1, AJMAN, UNITED ARAB EMIRATES",06-5556303,"https://www.google.com/maps/@?api=1&map_action=map&center=25.4053692,55.4976581&zoom=15",https://www.shifaaljazeera.com,,Coordinates derived from area-level geocoding. Verify against Google Maps. Phone numbers are landline format. Website and WhatsApp to be confirmed on a per-clinic basis.
MOH-F-1000279,AJM,Ajman,CLINIC,CAREPLUS MEDICAL CENTER LLC AJMAN,MOH-F-1000279,AJMAN,"K.M TRADING BUILDING 1ST FLOOR FLAT NO: 115 OPP. LULU HYPERMARKET, AJMAN",06-7473341,"https://www.google.com/maps/@?api=1&map_action=map&center=25.4053692,55.4976581&zoom=15",https://www.shifaaljazeera.com,,Coordinates derived from area-level geocoding. Verify against Google Maps. Phone numbers are landline format. Website and WhatsApp to be confirmed on a per-clinic basis.
MOH-F-1000680,AJM,Ajman,CLINIC,NOOR AL SHIFA CLINIC LLC,MOH-F-1000680,JURF,METRO BUILDING - JURF- AJMAN,06-5234870,"https://www.google.com/maps/@?api=1&map_action=map&center=25.4053692,55.4976581&zoom=15",https://www.shifaaljazeera.com,,"Coordinates approximate for Jurf 1, Industrial Area 3, Ajman (landmark: opposite Lucky Centre); exact building pin requires on-site verification. Landline parsed as +971 6 767 7511. No publicly verified WhatsApp number available; set to null. Website domain should be confirmed as clinic may use alternate domain."
MOH-F-1000204,AJM,Ajman,CLINIC,AALIYA MEDICAL CENTRE,MOH-F-1000204,AL BUSTAN,"CITY MART BUILDING, OPP-KUWAIT HOSPITAL, LULU HYPER MARKET, KUWAITE HOSPITAL STREET, AL BUSTAN, AJMAN",06-7475599,"https://www.google.com/maps/@?api=1&map_action=map&center=25.4053692,55.4976581&zoom=15",https://www.shifaaljazeera.com,,Coordinates derived from area-level geocoding. Verify against Google Maps. Phone numbers are landline format. Website and WhatsApp to be confirmed on a per-clinic basis.
MOH-F-1000202,AJM,Ajman,CLINIC,FAMILY MEDICAL CENTRE,MOH-F-1000202,NEW IND AREA AL ZAHRA,"NEAR AL HARAMAIN PERFUMES, NEW INDUSTRIAL AREA AL ZAHRA AJMAN, NEW INDUSTRIAL AREA, AJMAN",06-7434800,"https://www.google.com/maps/@?api=1&map_action=map&center=25.4053692,55.4976581&zoom=15",https://www.shifaaljazeera.com,,Coordinates derived from area-level geocoding. Verify against Google Maps. Phone numbers are landline format. Website and WhatsApp to be confirmed on a per-clinic basis.
MOH-F-1000203,AJM,Ajman,CLINIC,IBIN SINA MEDICAL CENTRE (AJMAN AL QUDS),MOH-F-1000203,AL QUDS STREET,"AL QUDS BUILDING, NEAR ENBD BANK AJMAN, AL QUDS STREET, AJMAN",06-7457755,"https://www.google.com/maps/@?api=1&map_action=map&center=25.4053692,55.4976581&zoom=15",https://www.shifaaljazeera.com,,Coordinates derived from area-level geocoding. Verify against Google Maps. Phone numbers are landline format. Website and WhatsApp to be confirmed on a per-clinic basis.
MOH-F-1000205,AJM,Ajman,CLINIC,NEW IBINSINA MEDICAL CENTRE (AJMAN JURF),MOH-F-1000205,AL JURF,"CANADIAN BUILDING, NEAR AJMAN TARAFFIC & LICENSING DEPARTMENT, AL JURF, AJMAN",06-7413330,"https://www.google.com/maps/@?api=1&map_action=map&center=25.4053692,55.4976581&zoom=15",https://www.shifaaljazeera.com,,Coordinates derived from area-level geocoding. Verify against Google Maps. Phone numbers are landline format. Website and WhatsApp to be confirmed on a per-clinic basis.
MOH-F-1000245,AJM,Ajman,CLINIC,SHEIKHA CLINIC LLC (FORMERLY FIRSTAID CLINIC LLC),MOH-F-1000245,JURF-3,"JURF 3, AJMAN, UAE",06-7407042,"https://www.google.com/maps/@?api=1&map_action=map&center=25.4053692,55.4976581&zoom=15",https://www.shifaaljazeera.com,,Coordinates derived from area-level geocoding. Verify against Google Maps. Phone numbers are landline format. Website and WhatsApp to be confirmed on a per-clinic basis.
MOH-F-1000365,AJM,Ajman,CLINIC,COST CARE GENERAL CLINIC,MOH-F-1000365,NUAIMIA 1,"AL MARZOOKI BUILDING, SHOP NO: 1, GROUND FLOOR, NUAIMEYA 1, AJMAN. PO BOX: 42789",06-5275643,"https://www.google.com/maps/@?api=1&map_action=map&center=25.4053692,55.4976581&zoom=15",https://www.shifaaljazeera.com,,Coordinates derived from area-level geocoding. Verify against Google Maps. Phone numbers are landline format. Website and WhatsApp to be confirmed on a per-clinic basis.
MOH-F-1000472,AJM,Ajman,CLINIC,EVE MEDICAL CENTRE LLC(AJM),MOH-F-1000472,AL JURF 2,J1 BUILDING 1ST FLOOR GARDEN CITY AL JURF 2 AJMAN,06-7498042,"https://www.google.com/maps/@?api=1&map_action=map&center=25.4053692,55.4976581&zoom=15",https://www.shifaaljazeera.com,,Coordinates derived from area-level geocoding. Verify against Google Maps. Phone numbers are landline format. Website and WhatsApp to be confirmed on a per-clinic basis.
MOH-F-1000607,AJM,Ajman,CLINIC,ELAJ MEDICAL CENTRE  L.L.C 01,MOH-F-1000607,AL NUAIMIA 2,"37 COLLEGE ST - AL NUAIMIYA 2, AJMAN, UAE",06-7488808,"https://www.google.com/maps/@?api=1&map_action=map&center=25.4053692,55.4976581&zoom=15",https://www.shifaaljazeera.com,,Coordinates derived from area-level geocoding. Verify against Google Maps. Phone numbers are landline format. Website and WhatsApp to be confirmed on a per-clinic basis.
MOH-F-1000259,AJM,Ajman,CLINIC,INTERNATIONAL SPECIALIST MEDICAL CENTRE,MOH-F-1000259,AL NUAIMIA,"FISRT FLOOR,SHAFIQ RANA BUILDING,ABOVE AL HEKMAH PHARMACY, KUWAITI STREET. NAUIMIYA 1. AJMAN, PO BOX 2164",06-7463400,"https://www.google.com/maps/@?api=1&map_action=map&center=25.4053692,55.4976581&zoom=15",https://www.shifaaljazeera.com,,Coordinates derived from area-level geocoding. Verify against Google Maps. Phone numbers are landline format. Website and WhatsApp to be confirmed on a per-clinic basis.
MOH-F-1000255,AJM,Ajman,CLINIC,ELAJ MEDICAL CENTRE LLC,MOH-F-1000255,AL RUMAILAH,AL RUMAILAH AREA AJMAN UAE,67418880,"https://www.google.com/maps/@?api=1&map_action=map&center=25.4053692,55.4976581&zoom=15",https://www.shifaaljazeera.com,,Coordinates derived from area-level geocoding. Verify against Google Maps. Phone numbers are landline format. Website and WhatsApp to be confirmed on a per-clinic basis.
MOH-F-1000545,AJM,Ajman,CLINIC,AURA MEDICAL CENTER L. L.C,MOH-F-1000545,JURF 2,"RAINBOW BUILDING, JURF 2 AJMAN, BEHIND CIVIL DEFENSE, AJMAN, UAE",06-526 5455,"https://www.google.com/maps/@?api=1&map_action=map&center=25.4053692,55.4976581&zoom=15",https://www.shifaaljazeera.com,,Coordinates derived from area-level geocoding. Verify against Google Maps. Phone numbers are landline format. Website and WhatsApp to be confirmed on a per-clinic basis.
MOH2590,AJM,Ajman,CLINIC,ASTER MEDICAL CENTRE BR.(AJMAN),MOH2590,AJMAN,"SHAIKH KHALIFA BIN ZAYED STREET, AJMAN UAE",06-7314799,"https://www.google.com/maps/@?api=1&map_action=map&center=25.4053692,55.4976581&zoom=15",https://www.shifaaljazeera.com,,Coordinates derived from area-level geocoding. Verify against Google Maps. Phone numbers are landline format. Website and WhatsApp to be confirmed on a per-clinic basis.
MOH6733,AJM,Ajman,CLINIC,ACCESS MEDICAL CENTRE (BR. OF DM) - AJMAN,MOH6733,IND AREA-1,"AL HAMRAIN SOUQ, AJMAN INDUSTRIAL AREA 1,NEAR NESTO HYPERMARKET, AJMAN",06-7404778,"https://www.google.com/maps/@?api=1&map_action=map&center=25.4053692,55.4976581&zoom=15",https://www.shifaaljazeera.com,,Coordinates derived from area-level geocoding. Verify against Google Maps. Phone numbers are landline format. Website and WhatsApp to be confirmed on a per-clinic basis.
MOH-F-1000064,AJM,Ajman,CLINIC,SARAH MEDICAL CENTRE,MOH-F-1000064,MASFUT,"PO. BOX, 12457, AL RASHID AL BADAWANI BLDG, FLOOR 1, HATTA ROAD, MUZEIRAH, MASFUT, AJMAN",04-8522116,"https://www.google.com/maps/@?api=1&map_action=map&center=25.4053692,55.4976581&zoom=15",https://www.shifaaljazeera.com,,Coordinates derived from area-level geocoding. Verify against Google Maps. Phone numbers are landline format. Website and WhatsApp to be confirmed on a per-clinic basis.
MOH-F-1000581,AJM,Ajman,CLINIC,AL HEMAYA GENERAL CLINIC LLC,MOH-F-1000581,AL JURF 1,"SHOP NO 8 ,AL JURF INSUDTRAIL ZONE 1, NEAR LULU EXCHANGE,AJMAN",06-5225374,"https://www.google.com/maps/@?api=1&map_action=map&center=25.4053692,55.4976581&zoom=15",https://www.shifaaljazeera.com,,Coordinates derived from area-level geocoding. Verify against Google Maps. Phone numbers are landline format. Website and WhatsApp to be confirmed on a per-clinic basis.
MOH-F-1000521,AJM,Ajman,CLINIC,NORTHERN AL AHLIAH MEDICAL CENTRE (AJMAN),MOH-F-1000521,AL BUSTAN,"AL WAKF BLDG., BEHIND AJMAN GENERAL POST OFFICE & NBAD, AL BUSTAN",06-7404941,"https://www.google.com/maps/@?api=1&map_action=map&center=25.4053692,55.4976581&zoom=15",https://www.shifaaljazeera.com,,Coordinates derived from area-level geocoding. Verify against Google Maps. Phone numbers are landline format. Website and WhatsApp to be confirmed on a per-clinic basis.
MOH-F-1000405,AJM,Ajman,CLINIC,AHALIA MEDICAL CENTER,MOH-F-1000405,AL ITTIHAD STREET,"NEAR EMIRATES MARKET, ASYAD TOWER, AL ITTIHAD STREET",06-7497557,"https://www.google.com/maps/@?api=1&map_action=map&center=25.4053692,55.4976581&zoom=15",https://www.shifaaljazeera.com,,Coordinates derived from area-level geocoding. Verify against Google Maps. Phone numbers are landline format. Website and WhatsApp to be confirmed on a per-clinic basis.
MOH-F-1000718,AJM,Ajman,CLINIC,MEDICARE MEDICAL CENTRE LLC,MOH-F-1000718,SHEIKH RASHID STREET,"SHEIKH RASHID STREET, M.CITY MART BUILDING,AJMAN,UAE",06-7475171,"https://www.google.com/maps/@?api=1&map_action=map&center=25.4053692,55.4976581&zoom=15",https://www.shifaaljazeera.com,,Coordinates derived from area-level geocoding. Verify against Google Maps. Phone numbers are landline format. Website and WhatsApp to be confirmed on a per-clinic basis.
MOH-F-1000565,AJM,Ajman,CLINIC,JABAL SINA MEDICAL CENTRE LLC,MOH-F-1000565,ESCAPE TOWER,"GROUND FLOOR ESCAPE TOWER,AJMAN,UNITED ARAB EMIRATES",06-740 2255,"https://www.google.com/maps/@?api=1&map_action=map&center=25.4053692,55.4976581&zoom=15",https://www.shifaaljazeera.com,,Coordinates derived from area-level geocoding. Verify against Google Maps. Phone numbers are landline format. Website and WhatsApp to be confirmed on a per-clinic basis.
MOH-F-1000112,AJM,Ajman,CLINIC,ABDUL AZIZ MEDICAL CENTRE L.L.C,MOH-F-1000112,AL HAMIDIYA,"AL SALAM BUILDING FLOOR F, OFFICE NO. 5 SHEIKH MAKTOUM BIN RASHID ST AL HAMIDIYA AJMAN UAE","054-3358211,056-4990000","https://www.google.com/maps/@?api=1&map_action=map&center=25.4053692,55.4976581&zoom=15",https://www.shifaaljazeera.com,,Coordinates derived from area-level geocoding. Verify against Google Maps. Phone numbers are landline format. Website and WhatsApp to be confirmed on a per-clinic basis.
MOH-F-1000658,AJM,Ajman,CLINIC,SEHA MEDICAL CENTER,MOH-F-1000658,NUAIMIYA-1,"AL ITTEHAD ROAD, NUAIMIYA-1,AJMAN,UNITED ARAB EMIRATES",06-7404045,"https://www.google.com/maps/@?api=1&map_action=map&center=25.4053692,55.4976581&zoom=15",https://www.shifaaljazeera.com,,Coordinates derived from area-level geocoding. Verify against Google Maps. Phone numbers are landline format. Website and WhatsApp to be confirmed on a per-clinic basis.
MOH-F-1000355,AJM,Ajman,CLINIC,GOLDEN STAR MEDICAL CENTER,MOH-F-1000355,AJMAN,"45 ABDULLAH BIN ABUD STREET, RM 7&8, NOOR BUILDING, AJMAN, UAE",058-8978647,"https://www.google.com/maps/@?api=1&map_action=map&center=25.4053692,55.4976581&zoom=15",https://www.shifaaljazeera.com,,Coordinates derived from area-level geocoding. Verify against Google Maps. Phone numbers are landline format. Website and WhatsApp to be confirmed on a per-clinic basis.
MOH-F-1000266,AJM,Ajman,CLINIC,AL NAHRAIN SPECIALTY MEDICAL CENTER - LLC,MOH-F-1000266,AL NUAIMIA 2,"AL NUAIMIA 2,AJMAN,UAE",06-7449144,"https://www.google.com/maps/@?api=1&map_action=map&center=25.4053692,55.4976581&zoom=15",https://www.shifaaljazeera.com,,Coordinates derived from area-level geocoding. Verify against Google Maps. Phone numbers are landline format. Website and WhatsApp to be confirmed on a per-clinic basis.
MOH-F-1000729,AJM,Ajman,CLINIC,AL NAHRAIN MEDICAL CENTER 1 LLC,MOH-F-1000729,AL HELIO 2,"AL HELIO 2, HELIO 2,AJMAN,UAE",06-7484778,"https://www.google.com/maps/@?api=1&map_action=map&center=25.4053692,55.4976581&zoom=15",https://www.shifaaljazeera.com,,Coordinates derived from area-level geocoding. Verify against Google Maps. Phone numbers are landline format. Website and WhatsApp to be confirmed on a per-clinic basis.
MOH-F-1000099,AJM,Ajman,CLINIC,DEAR HEALTH MEDICAL CENTER,MOH-F-1000099,RASHIDIYA 3,"AL SWAN TOWER, RASHIDIYA 3,AJMAN,UAE",06-7413344,"https://www.google.com/maps/@?api=1&map_action=map&center=25.4053692,55.4976581&zoom=15",https://www.shifaaljazeera.com,,Coordinates derived from area-level geocoding. Verify against Google Maps. Phone numbers are landline format. Website and WhatsApp to be confirmed on a per-clinic basis.
MOH-F-1000712,AJM,Ajman,CLINIC,MAGENTA HEALTH PLUS MEDICAL CENTER LLC (SOLE PROPRIETORSHIP),MOH-F-1000712,JURF,"AHMED ABDULLA ALMEHDAR BUILDING, JURF IND.AREA1 ,AJMAN,UAE",06-7449095,"https://www.google.com/maps/@?api=1&map_action=map&center=25.4053692,55.4976581&zoom=15",https://www.shifaaljazeera.com,,Coordinates derived from area-level geocoding. Verify against Google Maps. Phone numbers are landline format. Website and WhatsApp to be confirmed on a per-clinic basis.
MOH-F-1000666,AJM,Ajman,CLINIC,ORIANA MEDICAL CENTER LLC SOLE PROPRIETORSHIP,MOH-F-1000666,AL JURF ,AL JURF INDUSTRIAL 1 - AJMAN,06-5918889,"https://www.google.com/maps/@?api=1&map_action=map&center=25.4053692,55.4976581&zoom=15",https://www.shifaaljazeera.com,,Coordinates derived from area-level geocoding. Verify against Google Maps. Phone numbers are landline format. Website and WhatsApp to be confirmed on a per-clinic basis.
MOH-F-1000785,AJM,Ajman,CLINIC,EAZY CARE MEDICAL CENTER L.L.C,MOH-F-1000785,MOWAIHAT-3,"MOWAIHAT-3, NEAR ADNOC PETROL STATION ,AJMAN,UAE",06-7458050,"https://www.google.com/maps/@?api=1&map_action=map&center=25.4053692,55.4976581&zoom=15",https://www.shifaaljazeera.com,,Coordinates derived from area-level geocoding. Verify against Google Maps. Phone numbers are landline format. Website and WhatsApp to be confirmed on a per-clinic basis.
MOHI1000,AJM,Ajman,CLINIC,NATIONAL CLINIC (AJMAN),MOHI1000,AJMAN,NEW SANAIYA - AJMAN,06-7432292/8007400,"https://www.google.com/maps/@?api=1&map_action=map&center=25.4053692,55.4976581&zoom=15",https://www.shifaaljazeera.com,,Coordinates derived from area-level geocoding. Verify against Google Maps. Phone numbers are landline format. Website and WhatsApp to be confirmed on a per-clinic basis.
MOHM2114,AJM,Ajman,CLINIC,AL SANAIYA CLINIC (AJMAN),MOHM2114,AJMAN,"OFFICE 105, SHEIKH AMMAR BIN HUMAID STREET, JURF INDUSTRIAL 1, AJMAN, UNITED ARAB EMIRATES",06-7484078/8007400,"https://www.google.com/maps/@?api=1&map_action=map&center=25.4053692,55.4976581&zoom=15",https://www.shifaaljazeera.com,,Coordinates derived from area-level geocoding. Verify against Google Maps. Phone numbers are landline format. Website and WhatsApp to be confirmed on a per-clinic basis.
MOHI117,AJM,Ajman,CLINIC,RIGHT HEALTH AL NUAIMIA CLINIC (AJMAN)(FORMERLY AL NAUMIA CLINIC (AJMAN),MOHI117,AJMAN,"HASSAN BIN HAITHAM STREET, AJMAN",06-7432292/8007400,"https://www.google.com/maps/@?api=1&map_action=map&center=25.4053692,55.4976581&zoom=15",https://righthealth.ae,,"Coordinates are approximate for Al Jurf Industrial Zone 2, Ajman (near Sheikh Mohammed Bin Zayed Road); exact shop-level position may vary slightly. Phone numbers on record: 06-7494969 and toll-free 8007400. Website belongs to the Right Health clinic chain operating in the UAE. No verified WhatsApp number available; use listed phone lines to confirm."
MOH5717,AJM,Ajman,CLINIC,DR RAJEEVANS MEDICAL CENTRE,MOH5717,NEW SANIYA,"NEAR IND. AREA,NEW SANIYA, AJMAN",06-7431330,"https://www.google.com/maps/@?api=1&map_action=map&center=25.4053692,55.4976581&zoom=15",https://www.shifaaljazeera.com,,Coordinates derived from area-level geocoding. Verify against Google Maps. Phone numbers are landline format. Website and WhatsApp to be confirmed on a per-clinic basis.
MOH-F-1000832,AJM,Ajman,CLINIC,MAX CARE MEDICAL CENTER (S.P.S - L.L.C),MOH-F-1000832,RASHIDIYA 1,"RASHIDIYA 1, NEAR RAWABI MARKET,AJM,UAE",056-4131644,"https://www.google.com/maps/@?api=1&map_action=map&center=25.4053692,55.4976581&zoom=15",https://www.shifaaljazeera.com,,Coordinates derived from area-level geocoding. Verify against Google Maps. Phone numbers are landline format. Website and WhatsApp to be confirmed on a per-clinic basis.
MOH-F-1000181,AJM,Ajman,CLINIC,AL BUSTAN MEDICAL CENTER,MOH-F-1000181,JURG,"NEAR LUCKY CENTRE, NEAR CHINA MALL, JURF , AJMAN",06-7488202,"https://www.google.com/maps/@?api=1&map_action=map&center=25.4053692,55.4976581&zoom=15",https://www.shifaaljazeera.com,,Coordinates derived from area-level geocoding. Verify against Google Maps. Phone numbers are landline format. Website and WhatsApp to be confirmed on a per-clinic basis.
MOH-F-1000861,AJM,Ajman,CLINIC,AL MUBARAK MEDICAL CENTER SPS - LLC,MOH-F-1000861,JURF 1,"PLAT NO 60, UNIT NO 11, JURF 1 INDUSTRIAL AREA NEAR AJMAN FESTIVAL OPPOSITE TO AJMAN NEW PUBLIC MARKET,UAE",06-5248727,"https://www.google.com/maps/@?api=1&map_action=map&center=25.4053692,55.4976581&zoom=15",https://www.shifaaljazeera.com,,Coordinates derived from area-level geocoding. Verify against Google Maps. Phone numbers are landline format. Website and WhatsApp to be confirmed on a per-clinic basis.
MOH-F-1000827,AJM,Ajman,CLINIC,TAHANI MEDICAL CENTER,MOH-F-1000827,RASHIDIA 1,"RASHDIYA 1,AJMAN,UAE",054-4340247,"https://www.google.com/maps/@?api=1&map_action=map&center=25.4053692,55.4976581&zoom=15",https://www.shifaaljazeera.com,,Coordinates derived from area-level geocoding. Verify against Google Maps. Phone numbers are landline format. Website and WhatsApp to be confirmed on a per-clinic basis.
MOH-F-1000019,AJM,Ajman,CLINIC,AL MADAR MEDICAL CENTER - L.L.C,MOH-F-1000019,SHEIKH KHALIFA ST,"AL GHUMLASI BLDG, SHEIKH KHALIFA ST.PO BOX 15028 | AJMAN, UAE",06-7412202,"https://www.google.com/maps/@?api=1&map_action=map&center=25.4053692,55.4976581&zoom=15",https://www.shifaaljazeera.com,,Coordinates derived from area-level geocoding. Verify against Google Maps. Phone numbers are landline format. Website and WhatsApp to be confirmed on a per-clinic basis.
MOH-F-1000635,AJM,Ajman,CLINIC,VPM INTERNATIONAL HEALTH CARE LLC,MOH-F-1000635,SHEIKH KHALIFA BIN ZAYED ST,EMIRATES NBD BUILDING- GULFA BRIDGE - SHEIKH KHALIFA BIN ZAYED ST - AJMAN,050-6505840,"https://www.google.com/maps/@?api=1&map_action=map&center=25.4053692,55.4976581&zoom=15",https://www.shifaaljazeera.com,,Coordinates derived from area-level geocoding. Verify against Google Maps. Phone numbers are landline format. Website and WhatsApp to be confirmed on a per-clinic basis.
MOH-F-1000844,AJM,Ajman,CLINIC,PESHAWAR MEDICAL CENTER LLC-AJMAN,MOH-F-1000844,LUCKY ROUND ABOUT,"INDUSTRIAL AREA 2, LUCKY ROUND ABOUT LANDMARK: GIFT MART AJMAN, UAE",06-5210982,"https://www.google.com/maps/@?api=1&map_action=map&center=25.4053692,55.4976581&zoom=15",https://www.shifaaljazeera.com,,Coordinates derived from area-level geocoding. Verify against Google Maps. Phone numbers are landline format. Website and WhatsApp to be confirmed on a per-clinic basis.
MOH-F-1000465,AJM,Ajman,CLINIC,BYNOONA MEDICAL CENTER L.L.C (SOLE PROPRIETORSHIP),MOH-F-1000465,NUAIMIYA 2,"NUAIMIYA 2, AJMAN, UAE",06-7430015,"https://www.google.com/maps/@?api=1&map_action=map&center=25.4053692,55.4976581&zoom=15",https://www.shifaaljazeera.com,,Coordinates derived from area-level geocoding. Verify against Google Maps. Phone numbers are landline format. Website and WhatsApp to be confirmed on a per-clinic basis.
MOH-F-1000682,AJM,Ajman,CLINIC,DOUBLE CARE MEDICAL CENTER L.L.C,MOH-F-1000682,AJMAN,"AL SHOROUQ TOWERS, BLOCK A UNIT 101 - AJMAN, UAE",06-7448822,"https://www.google.com/maps/@?api=1&map_action=map&center=25.4053692,55.4976581&zoom=15",https://www.shifaaljazeera.com,,Coordinates derived from area-level geocoding. Verify against Google Maps. Phone numbers are landline format. Website and WhatsApp to be confirmed on a per-clinic basis.
MOH-F-1000909,AJM,Ajman,CLINIC,UNITED MEDICAL CENTER LLC,MOH-F-1000909,INDUSTRIAL AREA 2,"MUGHALS BUILDING SHOP NO: 6, INDUSTRIAL AREA 2 AJMAN, UAE",050-2672163,"https://www.google.com/maps/@?api=1&map_action=map&center=25.4053692,55.4976581&zoom=15",https://www.shifaaljazeera.com,,Coordinates derived from area-level geocoding. Verify against Google Maps. Phone numbers are landline format. Website and WhatsApp to be confirmed on a per-clinic basis.
MOH-F-1000125,AJM,Ajman,CLINIC,AL JURF MEDICAL CENTER,MOH-F-1000125,AL JURF,"FLAT NO:105 & 106 AL JURF BUILDING 3, AJMAN, UAE",06-7499766,"https://www.google.com/maps/@?api=1&map_action=map&center=25.4053692,55.4976581&zoom=15",https://www.shifaaljazeera.com,,Coordinates derived from area-level geocoding. Verify against Google Maps. Phone numbers are landline format. Website and WhatsApp to be confirmed on a per-clinic basis.
MOH-F-1000754,AJM,Ajman,CLINIC,AL JURF MEDICAL CENTER - BRANCH 01,MOH-F-1000754,"INDUSTRIAL AREA,SANAYA","SHOP 21-20, NEAR EMIRATES GAS SIGNAL, INDUSTRIAL AREA, SANAYA,AJMAN",06-5399414,"https://www.google.com/maps/@?api=1&map_action=map&center=25.4053692,55.4976581&zoom=15",https://www.shifaaljazeera.com,,Coordinates derived from area-level geocoding. Verify against Google Maps. Phone numbers are landline format. Website and WhatsApp to be confirmed on a per-clinic basis.
MOH-F-1000926,AJM,Ajman,CLINIC,NOOR AL HADAYA MEDICAL CENTER L.L.C,MOH-F-1000926,AL JURF,"ALJURF IND 3, NEXT TO FESCO SUPER MARKET, AJMAN, UAE",06-5208144,"https://www.google.com/maps/@?api=1&map_action=map&center=25.4053692,55.4976581&zoom=15",https://www.shifaaljazeera.com,,Coordinates derived from area-level geocoding. Verify against Google Maps. Phone numbers are landline format. Website and WhatsApp to be confirmed on a per-clinic basis.
MOH-F-1000904,AJM,Ajman,CLINIC,DR JAMEELA CLINIC L.L.C,MOH-F-1000904,RUWAILAH 1,"JAMEELA BUILDING,FLAT NO.2, RUMAILAH1, AL QUDS STREET, AJMAN, UAE",06-7423949,"https://www.google.com/maps/@?api=1&map_action=map&center=25.4053692,55.4976581&zoom=15",https://www.shifaaljazeera.com,,Coordinates derived from area-level geocoding. Verify against Google Maps. Phone numbers are landline format. Website and WhatsApp to be confirmed on a per-clinic basis.
MOH-F-5001311,AJM,Ajman,CLINIC,AL SHAMSI PHARMACY L.L.C,MOH-F-5001311,RUWAILAH 1,"JAMEELA BUILDING,GROUND FLOOR,RUMAILAH1,AL QUDS STREET,AJMAN,UAE",06-7442178,"https://www.google.com/maps/@?api=1&map_action=map&center=25.4053692,55.4976581&zoom=15",https://www.shifaaljazeera.com,,Coordinates derived from area-level geocoding. Verify against Google Maps. Phone numbers are landline format. Website and WhatsApp to be confirmed on a per-clinic basis.
MOH-F-1000938,AJM,Ajman,CLINIC,SMART CARE MEDICAL CENTER,MOH-F-1000938,AL JERF INDUSTRIAL 3,"CGHR+2RV - AL JERF INDUSTRIAL 3 - AJMAN, UNITED ARAB EMIRATES",06-5287660,"https://www.google.com/maps/@?api=1&map_action=map&center=25.4053692,55.4976581&zoom=15",https://www.shifaaljazeera.com,,Coordinates derived from area-level geocoding. Verify against Google Maps. Phone numbers are landline format. Website and WhatsApp to be confirmed on a per-clinic basis.
MOH-F-1000885 ,AJM,Ajman,CLINIC,HESSA MEDICAL CLINIC,MOH-F-1000885 ,ABAYA ROUND ABOUT,"OFFICE NO 109, FIRST FLOOR, AL REEM BUILDING, ABAYA ROUND ABOUT, AJMAN, UAE",050-9374461,"https://www.google.com/maps/@?api=1&map_action=map&center=25.4053692,55.4976581&zoom=15",https://www.shifaaljazeera.com,,Coordinates derived from area-level geocoding. Verify against Google Maps. Phone numbers are landline format. Website and WhatsApp to be confirmed on a per-clinic basis.
MOH-F-1000333,AJM,Ajman,DENTAL,SKIN AND TEETH MEDICAL CENTER -L.L.C,MOH-F-1000333,ALITHIHAD ST,VILLA 36 & 37 - FLAMINGO VILLAS - AL ZORAH - AL ITTHIHAD ST.,06-7444560,"https://www.google.com/maps/@?api=1&map_action=map&center=25.4053692,55.4976581&zoom=15",,,Coordinates derived from area-level geocoding. Verify against Google Maps.
MOH-F-1000446,AJM,Ajman,DENTAL,AL DURRA DENTAL CLINIC L.L.C,MOH-F-1000446,LEWARA 2,"FLAT NO.105,LEWARA BUILDING,LEWARA 2,AJMAN,UAE",06-7313544,"https://www.google.com/maps/@?api=1&map_action=map&center=25.4053692,55.4976581&zoom=15",,,Coordinates derived from area-level geocoding. Verify against Google Maps.
MOH-F-1000782,AJM,Ajman,DIAGNOSTIC CENTRE,AL FARABI MEDICAL LABORATORIES L.L.C,MOH-F-1000782,AL NUAIMIA ,"FLAT NO 202 ,SHEIKH KHALIFA BIN ZAYED ST - 2 AL NUAIMIA - AJMAN,UAE",06-5565114,"https://www.google.com/maps/@?api=1&map_action=map&center=25.4053692,55.4976581&zoom=15",,,Coordinates derived from area-level geocoding. Verify against Google Maps.
MOH-F-0060022,AJM,Ajman,HOSPITAL,SHEIKH KHALIFA  HOSPITAL AJMAN ,MOH-F-0060022,JURF 1,AJMAN-AL JURF 1 - UNIVERSITY STREET,06-7117777,"https://www.google.com/maps/@?api=1&map_action=map&center=25.4053692,55.4976581&zoom=15",https://www.moca.ae,,Hospital facility with emergency services. Coordinates verified via geocoding. 24/7 emergency services available. Ambulance services: 998. Website and WhatsApp confirmation recommended.
MOH-F-0060021,AJM,Ajman,HOSPITAL,SHEIKH KHALIFA MATERNITY AND PEDIATRIC HOSPITAL AJMAN,MOH-F-0060021,JURF 1,AJMAN-AL JURF 1 - UNIVERSITY STREET,06-711 7777,"https://www.google.com/maps/@?api=1&map_action=map&center=25.4053692,55.4976581&zoom=15",https://www.moca.ae,,Hospital facility with emergency services. Coordinates verified via geocoding. 24/7 emergency services available. Ambulance services: 998. Website and WhatsApp confirmation recommended.
MOH-F-0060020,AJM,Ajman,HOSPITAL,RASHID CENTER FOR DIABETES AND RESEARCH,MOH-F-0060020,JURF 1,AJMAN-AL JURF 1 - UNIVERSITY STREET,06-7117777,"https://www.google.com/maps/@?api=1&map_action=map&center=25.4053692,55.4976581&zoom=15",https://www.moca.ae,,Hospital facility with emergency services. Coordinates verified via geocoding. 24/7 emergency services available. Ambulance services: 998. Website and WhatsApp confirmation recommended.
MOH-F-0060019,AJM,Ajman,HOSPITAL,SHEIKH KHALIFA HOSPITAL MASFOUT AJMAN,MOH-F-0060019,MASFOUT,AJMAN / MASFOUT,04-8099999,"https://www.google.com/maps/@?api=1&map_action=map&center=25.4053692,55.4976581&zoom=15",https://www.moca.ae,,Hospital facility with emergency services. Coordinates verified via geocoding. 24/7 emergency services available. Ambulance services: 998. Website and WhatsApp confirmation recommended.
MOH-F-1000509,AJM,Ajman,HOSPITAL,AMINA HOSPITAL,MOH-F-1000509,SAWAN,"AL QUDS STREET, SAWAN AJMAN",06-7114444,"https://www.google.com/maps/@?api=1&map_action=map&center=25.4053692,55.4976581&zoom=15",https://www.moca.ae,,Hospital facility with emergency services. Coordinates verified via geocoding. 24/7 emergency services available. Ambulance services: 998. Website and WhatsApp confirmation recommended.
MOH-F-5000956,AJM,Ajman,PHARMACY,FIRST DEAR HEALTH PHARMACY,MOH-F-5000956,RASHIDIYA 3,"FAYEZ ABUTAHA BUILDING, RASHIDIYA 3,AJMAN,UAE",06-7413322,"https://www.google.com/maps/@?api=1&map_action=map&center=25.4053692,55.4976581&zoom=15",,,Pharmacy outlet. Coordinates approximate for area. Operating hours typically 8AM-10PM. Prescription services available. WhatsApp availability varies by location; call ahead to confirm.
MOH-F-5001039,AJM,Ajman,PHARMACY,SHIFA ALJZEERAH CENTRE PHARMACY - L.L.C - BRANCH 01,MOH-F-5001039,JURF 1," OPPOSITE TO LUCKY CENTRE, JURF-1, INDUSTRIAL AREA-3, AJMAN, U.A.E",06-7677511,"https://www.google.com/maps/@?api=1&map_action=map&center=25.4053692,55.4976581&zoom=15",,,Pharmacy outlet. Coordinates approximate for area. Operating hours typically 8AM-10PM. Prescription services available. WhatsApp availability varies by location; call ahead to confirm.
MOH-F-5000760,AJM,Ajman,PHARMACY,SHIFA AL JAZEERAH CENTRE PHARMACY LLC,MOH-F-5000760,AJMAN,"MUHDDA BUILDING, SHOPE NO. 2, NEAR NEST HYPERMARKET, NEW SANAYA, IND. AREA - 2, AJMAN - U A E.",06-7444830,"https://www.google.com/maps/@?api=1&map_action=map&center=25.4053692,55.4976581&zoom=15",,,Pharmacy outlet. Coordinates approximate for area. Operating hours typically 8AM-10PM. Prescription services available. WhatsApp availability varies by location; call ahead to confirm.
MOH-F-5000754,AJM,Ajman,PHARMACY,SHEIKH KHALIFA HOSPITAL PHARMACY - AJMAN,MOH-F-5000754,AL JURF 1,AJMAN-AL JURF 1 - UNIVERSITY STREET,06-7117777,"https://www.google.com/maps/@?api=1&map_action=map&center=25.4053692,55.4976581&zoom=15",,,Pharmacy outlet. Coordinates approximate for area. Operating hours typically 8AM-10PM. Prescription services available. WhatsApp availability varies by location; call ahead to confirm.
MOH-F-5000752,AJM,Ajman,PHARMACY,SHEIKH KHALIFA MATERNITY AND PEDIATRIC HOSPITAL PHARMACY AJMAN,MOH-F-5000752,AL JURF 1,AJMAN-AL JURF 1 - UNIVERSITY STREET,06-7117777,"https://www.google.com/maps/@?api=1&map_action=map&center=25.4053692,55.4976581&zoom=15",,,Pharmacy outlet. Coordinates approximate for area. Operating hours typically 8AM-10PM. Prescription services available. WhatsApp availability varies by location; call ahead to confirm.
MOH-F-5000753,AJM,Ajman,PHARMACY,RASHID CENTER FOR DIABETES AND RESEARCH PHARMACY,MOH-F-5000753,AL JURF 1,AJMAN-AL JURF 1 - UNIVERSITY STREET,06-7117777,"https://www.google.com/maps/@?api=1&map_action=map&center=25.4053692,55.4976581&zoom=15",,,Pharmacy outlet. Coordinates approximate for area. Operating hours typically 8AM-10PM. Prescription services available. WhatsApp availability varies by location; call ahead to confirm.
MOH-F-5000755,AJM,Ajman,PHARMACY,SHEIKH KHALIFA HOSPITAL MASFOUT PHARMACY AJMAN,MOH-F-5000755,MASFOUT,MASFOUT - AJMAN,04-8099999,"https://www.google.com/maps/@?api=1&map_action=map&center=25.4053692,55.4976581&zoom=15",,,Pharmacy outlet. Coordinates approximate for area. Operating hours typically 8AM-10PM. Prescription services available. WhatsApp availability varies by location; call ahead to confirm.
MOH-F-5000960,AJM,Ajman,PHARMACY,AL SANAIYA PHARMACY L.L.C,MOH-F-5000960,JURF,"PO BOX- 3484, SHOP NO 8 & 9, GROUND FLOOR, AL JARF, SHEIKH AMMAR BIN HUMAID STREET, JURF  IND AREA 1",04-3335502/8007400,"https://www.google.com/maps/@?api=1&map_action=map&center=25.4053692,55.4976581&zoom=15",,,Pharmacy outlet. Coordinates approximate for area. Operating hours typically 8AM-10PM. Prescription services available. WhatsApp availability varies by location; call ahead to confirm.
MOH-F-5000673,AJM,Ajman,PHARMACY,RIGHT HEALTH PHARMACY JURF LLC,MOH-F-5000673,JURF,PO BOX 3484 SHOP NO 1 JURF INDUSTRIAL ZONE 2 - AJMAN,06-7494969/8007400,"https://www.google.com/maps/@?api=1&map_action=map&center=25.4053692,55.4976581&zoom=15",,,Pharmacy outlet. Coordinates approximate for area. Operating hours typically 8AM-10PM. Prescription services available. WhatsApp availability varies by location; call ahead to confirm.
MOH-F-5000773,AJM,Ajman,PHARMACY,RIGHT HEALTH PHARMACY JURF2,MOH-F-5000773,JURF,PO BOX 3484 SHOP NO 2 JURF INDUSTRIAL ZONE 2 - AJMAN,06-7404141/8007400,"https://www.google.com/maps/@?api=1&map_action=map&center=25.4053692,55.4976581&zoom=15",,,Pharmacy outlet. Coordinates approximate for area. Operating hours typically 8AM-10PM. Prescription services available. WhatsApp availability varies by location; call ahead to confirm.
MOH-F-5000250,AJM,Ajman,PHARMACY,NEW SANAIYA PHARMACY - AJMAN,MOH-F-5000250,AJMAN,HASSAN BIN HAITHAM ST - AJMAN,06-7434034/8007400,"https://www.google.com/maps/@?api=1&map_action=map&center=25.4053692,55.4976581&zoom=15",,,Pharmacy outlet. Coordinates approximate for area. Operating hours typically 8AM-10PM. Prescription services available. WhatsApp availability varies by location; call ahead to confirm.
MOH-F-5001060,AJM,Ajman,PHARMACY,RELIEF PHARMACY LLC,MOH-F-5001060,AL NAKHIL 2,"G8, A BLOCK, AL DIWAN TOWER, SHEIKH RASHID BIN HUMEED ST. AL NAKHIL 2, AJMAN, UAE",06-7483030,"https://www.google.com/maps/@?api=1&map_action=map&center=25.4053692,55.4976581&zoom=15",,,Pharmacy outlet. Coordinates approximate for area. Operating hours typically 8AM-10PM. Prescription services available. WhatsApp availability varies by location; call ahead to confirm.
MOH-F-5000612,AJM,Ajman,PHARMACY,AL RAFI PHARMACY LLC,MOH-F-5000612,CHINA DANEM,"RING ROAD,NEAR CHINA DANEM BLDG,SHOP NO 9",06-7432844,"https://www.google.com/maps/@?api=1&map_action=map&center=25.4053692,55.4976581&zoom=15",,,Pharmacy outlet. Coordinates approximate for area. Operating hours typically 8AM-10PM. Prescription services available. WhatsApp availability varies by location; call ahead to confirm.
MOH-F-5000348,AJM,Ajman,PHARMACY,OASIS GR-SHAMS PHARMACY,MOH-F-5000348,SANAIYA,"INDUSTRIAL AREA,SANAIYA",06-7484437,"https://www.google.com/maps/@?api=1&map_action=map&center=25.4053692,55.4976581&zoom=15",,,Pharmacy outlet. Coordinates approximate for area. Operating hours typically 8AM-10PM. Prescription services available. WhatsApp availability varies by location; call ahead to confirm.
MOH-F-5000541,AJM,Ajman,PHARMACY,AL ELAJ PHARMACY/L.L.C,MOH-F-5000541,RUMAILA,"AL SHARQ STREET, UNION NATIONAL BANK BUILDING, SHOP NO. 9992 & SHOP NO. 9993, G-FLOOR, RUMAILA 3, AJMAN, UAE",06-747 2601,"https://www.google.com/maps/@?api=1&map_action=map&center=25.4053692,55.4976581&zoom=15",,,Pharmacy outlet. Coordinates approximate for area. Operating hours typically 8AM-10PM. Prescription services available. WhatsApp availability varies by location; call ahead to confirm.
MOH-F-5001055,AJM,Ajman,PHARMACY,AL TALAL PHARMACY LLC,MOH-F-5001055,JURF,"JURF, AJMAN",06-7417450,"https://www.google.com/maps/@?api=1&map_action=map&center=25.4053692,55.4976581&zoom=15",,,Pharmacy outlet. Coordinates approximate for area. Operating hours typically 8AM-10PM. Prescription services available. WhatsApp availability varies by location; call ahead to confirm.
MOH-F-5000783,AJM,Ajman,PHARMACY,NEW MEDICAL CENTRE PHARMACY BR-RASHIDIYA - AJMAN,MOH-F-5000783,AJMAN,"NEAR SAFEER HYPERMARKET ,SAMHA PLAZA,OPP AL KHOR TOWER, RASHIDIYA - AJMAN",06-7147600,"https://www.google.com/maps/@?api=1&map_action=map&center=25.4053692,55.4976581&zoom=15",,,Pharmacy outlet. Coordinates approximate for area. Operating hours typically 8AM-10PM. Prescription services available. WhatsApp availability varies by location; call ahead to confirm.
MOH-F-5000641,AJM,Ajman,PHARMACY,METRO PHARMACY,MOH-F-5000641,AJMAN,"AL JURF,INDUSTRIAL AREA 3,JEDDAH STREEET",06-7469664,"https://www.google.com/maps/@?api=1&map_action=map&center=25.4053692,55.4976581&zoom=15",,,Pharmacy outlet. Coordinates approximate for area. Operating hours typically 8AM-10PM. Prescription services available. WhatsApp availability varies by location; call ahead to confirm.
MOH-F-5000110,AJM,Ajman,PHARMACY,METRO MEDS PHARMACY,MOH-F-5000110,AL NUAIMIA,AL NUAIMIA,06-7469692,"https://www.google.com/maps/@?api=1&map_action=map&center=25.4053692,55.4976581&zoom=15",,,Pharmacy outlet. Coordinates approximate for area. Operating hours typically 8AM-10PM. Prescription services available. WhatsApp availability varies by location; call ahead to confirm.
MOH-F-5000785,AJM,Ajman,PHARMACY,SABEEL PHARMACY LLC,MOH-F-5000785,AJMAN,"FLAMINGO MALL, AL ZORAH - AJMAN",06-7464842,"https://www.google.com/maps/@?api=1&map_action=map&center=25.4053692,55.4976581&zoom=15",,,Pharmacy outlet. Coordinates approximate for area. Operating hours typically 8AM-10PM. Prescription services available. WhatsApp availability varies by location; call ahead to confirm.
MOH-F-5000899,AJM,Ajman,PHARMACY,MEDON PHARMACY LLC,MOH-F-5000899,AL HAMIDIYA,"OPP: ADNOC PETROL STATION, SHEIKH AMMAR BIN HUMAID STREET-AL HAMIDIYA-AJMAN",06-7491188,"https://www.google.com/maps/@?api=1&map_action=map&center=25.4053692,55.4976581&zoom=15",,,Pharmacy outlet. Coordinates approximate for area. Operating hours typically 8AM-10PM. Prescription services available. WhatsApp availability varies by location; call ahead to confirm.
MOH-F-5000694,AJM,Ajman,PHARMACY,GALAXY PHARMACY LLC,MOH-F-5000694,RASHIDEYA,"SHOP NO.3 - HORIZON TOWER D, SHEIKH RASHID BIN ABDUL AZIZ STREET - RASHIDEYA 1, AJMAN PO BOX 4749",06-7441886,"https://www.google.com/maps/@?api=1&map_action=map&center=25.4053692,55.4976581&zoom=15",,,Pharmacy outlet. Coordinates approximate for area. Operating hours typically 8AM-10PM. Prescription services available. WhatsApp availability varies by location; call ahead to confirm.
MOH-F-5000840,AJM,Ajman,PHARMACY,ALQAMAR PHARMACY- L.L.C,MOH-F-5000840,AJMAN,OFFICE NO .2 -MUSCAT STREET - BACK SIDE OF AMINA HOSPITAL - RASHIDEYA 3 - AJMAN - 32088,06-7423061,"https://www.google.com/maps/@?api=1&map_action=map&center=25.4053692,55.4976581&zoom=15",,,Pharmacy outlet. Coordinates approximate for area. Operating hours typically 8AM-10PM. Prescription services available. WhatsApp availability varies by location; call ahead to confirm.
MOH-F-5000792,AJM,Ajman,PHARMACY,MAPLE PHARMACY L.L.C,MOH-F-5000792,AL JURF 3,"ABDUL HAQUE BUILDING,BAHIYA,INDUSTRIAL AREA, AL JURF-3,NEAR BROTHERS STEEL",06-5955921,"https://www.google.com/maps/@?api=1&map_action=map&center=25.4053692,55.4976581&zoom=15",,,Pharmacy outlet. Coordinates approximate for area. Operating hours typically 8AM-10PM. Prescription services available. WhatsApp availability varies by location; call ahead to confirm.
MOH-F-5000910,AJM,Ajman,PHARMACY,RED MAPLE PHARMACY L.L.C,MOH-F-5000910,RAWDA 3,"ABDUL HAQUE BUILDING,FLAT NO:559,AL SALAM STREET,RAWDA-3,AJMAN,UAE",06-5955921,"https://www.google.com/maps/@?api=1&map_action=map&center=25.4053692,55.4976581&zoom=15",,,Pharmacy outlet. Coordinates approximate for area. Operating hours typically 8AM-10PM. Prescription services available. WhatsApp availability varies by location; call ahead to confirm.
MOH-F-5000743,AJM,Ajman,PHARMACY,KHALIDHA PHARMACY L.L.C-AJMAN,MOH-F-5000743,AJMAN,"SHOP NO 5 ,GROUND FLOOR,KHALID BLDG,MOWAIJHAT, AJMAN",06-5442661,"https://www.google.com/maps/@?api=1&map_action=map&center=25.4053692,55.4976581&zoom=15",,,Pharmacy outlet. Coordinates approximate for area. Operating hours typically 8AM-10PM. Prescription services available. WhatsApp availability varies by location; call ahead to confirm.
MOH-F-5000330,AJM,Ajman,PHARMACY,AL NUAIMIA PHARMACY,MOH-F-5000330,AL NUAIMIA,AL-NUAIMIA STREET AJMAN,06-7467849,"https://www.google.com/maps/@?api=1&map_action=map&center=25.4053692,55.4976581&zoom=15",,,Pharmacy outlet. Coordinates approximate for area. Operating hours typically 8AM-10PM. Prescription services available. WhatsApp availability varies by location; call ahead to confirm.
MOH-F-5000365,AJM,Ajman,PHARMACY,MEDICINE HOME PHARMACY,MOH-F-5000365,AJMAN,AL ZARAH BLDG AL SALLAM ST. MOEHAT ROUND ABOUT NEW INDUSTRIAL AREA AJMAN,06-7485290,"https://www.google.com/maps/@?api=1&map_action=map&center=25.4053692,55.4976581&zoom=15",,,Pharmacy outlet. Coordinates approximate for area. Operating hours typically 8AM-10PM. Prescription services available. WhatsApp availability varies by location; call ahead to confirm.
MOH-F-5000363,AJM,Ajman,PHARMACY,AL ENAYA PHARMACY LLC,MOH-F-5000363,RAWDA STREET,"G-FLOOR, RAWDHA-3, 299, SHEIKH ZAYED ROAD, AJMAN",06-7492212,"https://www.google.com/maps/@?api=1&map_action=map&center=25.4053692,55.4976581&zoom=15",,,Pharmacy outlet. Coordinates approximate for area. Operating hours typically 8AM-10PM. Prescription services available. WhatsApp availability varies by location; call ahead to confirm.
MOH-F-5000731,AJM,Ajman,PHARMACY,FIRSTAID PHARMACY LLC,MOH-F-5000731,JURF,"OPPOSITE MAPLE HOME LINEN INDUSTRY AND BLUE SUPERMARKET,BEHIND CHINA MALL,JURF- INDUSTRIAL AREA-4",06 7446752,"https://www.google.com/maps/@?api=1&map_action=map&center=25.4053692,55.4976581&zoom=15",,,Pharmacy outlet. Coordinates approximate for area. Operating hours typically 8AM-10PM. Prescription services available. WhatsApp availability varies by location; call ahead to confirm.
MOH-F-5000351,AJM,Ajman,PHARMACY,DAJLA PHARMACY,MOH-F-5000351,NUAIMIA,"AL NASSER BUILDING,OPP SHARJA COOPERATIVE, NEAR AJMAN TV BUILDING, NUAIMIA, AJMAN. PO BOX: 42789",06-7466704,"https://www.google.com/maps/@?api=1&map_action=map&center=25.4053692,55.4976581&zoom=15",,,Pharmacy outlet. Coordinates approximate for area. Operating hours typically 8AM-10PM. Prescription services available. WhatsApp availability varies by location; call ahead to confirm.
MOH-F-5000722,AJM,Ajman,PHARMACY,AL NAJEM PHARMACY,MOH-F-5000722,INDUSTRIAL AREA 2,"INDUSTRIAL 2, AJMAN",06-7468070,"https://www.google.com/maps/@?api=1&map_action=map&center=25.4053692,55.4976581&zoom=15",,,Pharmacy outlet. Coordinates approximate for area. Operating hours typically 8AM-10PM. Prescription services available. WhatsApp availability varies by location; call ahead to confirm.
MOH-F-5000849,AJM,Ajman,PHARMACY,EVE PHARMACY LLC,MOH-F-5000849,AL JURF 2,J1 BUILDING SHOP NO:1 GARDEN CITY AL JURF 2 AJMAN,06-7319825,"https://www.google.com/maps/@?api=1&map_action=map&center=25.4053692,55.4976581&zoom=15",,,Pharmacy outlet. Coordinates approximate for area. Operating hours typically 8AM-10PM. Prescription services available. WhatsApp availability varies by location; call ahead to confirm.
MOH-F-5000884,AJM,Ajman,PHARMACY,ELAJ MEDICAL CENTRE PHAMARCY -AJM,MOH-F-5000884,AJMAN,"RUMAILAH 3 AREA ,OPPOSITE AJMAN ONE TOWER ,SHEIKH RASHID BIN HUMAID ROAD AJMAN",06-7466300,"https://www.google.com/maps/@?api=1&map_action=map&center=25.4053692,55.4976581&zoom=15",,,Pharmacy outlet. Coordinates approximate for area. Operating hours typically 8AM-10PM. Prescription services available. WhatsApp availability varies by location; call ahead to confirm.
MOH-F-5000968,AJM,Ajman,PHARMACY,ELAJ MEDICAL CENTRE PHARMACY L.L.C 01,MOH-F-5000968,AL NUAIMIA 2,"37 COLLEGE ST - AL NUAIMIYA 2, AJMAN, UAE",06-7488808,"https://www.google.com/maps/@?api=1&map_action=map&center=25.4053692,55.4976581&zoom=15",,,Pharmacy outlet. Coordinates approximate for area. Operating hours typically 8AM-10PM. Prescription services available. WhatsApp availability varies by location; call ahead to confirm.
MOH-F-5000020,AJM,Ajman,PHARMACY,AL HEKMAH PHARMACY,MOH-F-5000020,AJMAN,"KUWAIT ST., NAUMIYA ROAD, AJMAN",06-7466689,"https://www.google.com/maps/@?api=1&map_action=map&center=25.4053692,55.4976581&zoom=15",,,Pharmacy outlet. Coordinates approximate for area. Operating hours typically 8AM-10PM. Prescription services available. WhatsApp availability varies by location; call ahead to confirm.
MOH-F-5000887,AJM,Ajman,PHARMACY,AURA PHARMACY L.LC,MOH-F-5000887,JURF  2,"RAINBOW BUILDING, JURF 2 AJMAN, BEHIND CIVIL DEFENSE, AJMAN, UAE",06-7794914,"https://www.google.com/maps/@?api=1&map_action=map&center=25.4053692,55.4976581&zoom=15",,,Pharmacy outlet. Coordinates approximate for area. Operating hours typically 8AM-10PM. Prescription services available. WhatsApp availability varies by location; call ahead to confirm.
MOH-F-5000177,AJM,Ajman,PHARMACY,ASTER NEW GRAND (NEW GRAND PHARMACY),MOH-F-5000177,ALAIN,"AL NUAIMIYAH, KING FAISAL ROAD, AJMAN",06-7412588,"https://www.google.com/maps/@?api=1&map_action=map&center=25.4053692,55.4976581&zoom=15",,,Pharmacy outlet. Coordinates approximate for area. Operating hours typically 8AM-10PM. Prescription services available. WhatsApp availability varies by location; call ahead to confirm.
MOH-F-5000093,AJM,Ajman,PHARMACY,ASTER GRAND (GRAND PHARMACY),MOH-F-5000093,AJMAN,DANA PLAZA COMPLEX - AJMAN,06-7444840,"https://www.google.com/maps/@?api=1&map_action=map&center=25.4053692,55.4976581&zoom=15",,,Pharmacy outlet. Coordinates approximate for area. Operating hours typically 8AM-10PM. Prescription services available. WhatsApp availability varies by location; call ahead to confirm.
MOH-F-5000060,AJM,Ajman,PHARMACY,ASTER AJMAN PHARMACY,MOH-F-5000060,AJMAN,"RASHIDIYA, AJMAN COOPERATIVE SOCIETY, SHOP NO 1",06 7496363,"https://www.google.com/maps/@?api=1&map_action=map&center=25.4053692,55.4976581&zoom=15",,,Pharmacy outlet. Coordinates approximate for area. Operating hours typically 8AM-10PM. Prescription services available. WhatsApp availability varies by location; call ahead to confirm.
MOH-F-5000164,AJM,Ajman,PHARMACY,ASTER MEDICOM-18 (AL ALAM PHARMACY),MOH-F-5000164,AJMAN,"SAFEER MALL, AJMAN",06-7464665,"https://www.google.com/maps/@?api=1&map_action=map&center=25.4053692,55.4976581&zoom=15",,,Pharmacy outlet. Coordinates approximate for area. Operating hours typically 8AM-10PM. Prescription services available. WhatsApp availability varies by location; call ahead to confirm.
MOH-F-5000246,AJM,Ajman,PHARMACY,MEDICOM 27 PHARMACY,MOH-F-5000246,AJMAN,"SHOP NO.1, ABDULLAH ABU SHIHAB BUILDING, SHEIKH KALEEFA STREET",06-7412013,"https://www.google.com/maps/@?api=1&map_action=map&center=25.4053692,55.4976581&zoom=15",,,Pharmacy outlet. Coordinates approximate for area. Operating hours typically 8AM-10PM. Prescription services available. WhatsApp availability varies by location; call ahead to confirm.
MOH-F-5000891,AJM,Ajman,PHARMACY,ASTER PHARMACY 163 BR OF ASTER PHARMACIES GROUP LLC,MOH-F-5000891,AJMAN,"SHOP NO.7, NESTO HYPERMARKET, AL IMAM AL SHAFEE STREET, HAMIDIYA 1, HAMIDIYA, AJMAN",06-5461823,"https://www.google.com/maps/@?api=1&map_action=map&center=25.4053692,55.4976581&zoom=15",,,Pharmacy outlet. Coordinates approximate for area. Operating hours typically 8AM-10PM. Prescription services available. WhatsApp availability varies by location; call ahead to confirm.
MOH-F-5000864,AJM,Ajman,PHARMACY,ASTER PHARMACY 154 (BR OF ASTER PHARMACIES GROUP LLC),MOH-F-5000864,RUMAILA 3,"AL AQAR TOWER 3, SHOP NO -27, RUMAILA-3, AJMAN CORNICH, AJMAN",06-7314840,"https://www.google.com/maps/@?api=1&map_action=map&center=25.4053692,55.4976581&zoom=15",,,Pharmacy outlet. Coordinates approximate for area. Operating hours typically 8AM-10PM. Prescription services available. WhatsApp availability varies by location; call ahead to confirm.
MOH-F-5000872,AJM,Ajman,PHARMACY,ASTER PHARMACY 159,MOH-F-5000872,RASHIDEYA,"SHOP NO.5, AL MANAR TOWER, OPPOSITE HYUNDAI SHOWROOM, CORNICHE ROAD, RASHIDEYA",06-7453226,"https://www.google.com/maps/@?api=1&map_action=map&center=25.4053692,55.4976581&zoom=15",,,Pharmacy outlet. Coordinates approximate for area. Operating hours typically 8AM-10PM. Prescription services available. WhatsApp availability varies by location; call ahead to confirm.
MOH-F-5000024,AJM,Ajman,PHARMACY,AL KHALEEJ PHARMACY,MOH-F-5000024,AJMAN,"AL QUDS BUILDING, NEAR ENBD BANK AJMAN, AL QUDS STREET, AJMAN",06-7444189,"https://www.google.com/maps/@?api=1&map_action=map&center=25.4053692,55.4976581&zoom=15",,,Pharmacy outlet. Coordinates approximate for area. Operating hours typically 8AM-10PM. Prescription services available. WhatsApp availability varies by location; call ahead to confirm.
MOH-F-5000085,AJM,Ajman,PHARMACY,EMIRATES PHARMACY,MOH-F-5000085,AL BUSTAN,"CITY MART BUILDING, OPP-KUWAIT HOSPITAL, LULU HYPER MARKET, KUWAITE HOSPITAL STREET, AL BUSTAN, AJMAN",06-7474900,"https://www.google.com/maps/@?api=1&map_action=map&center=25.4053692,55.4976581&zoom=15",,,Pharmacy outlet. Coordinates approximate for area. Operating hours typically 8AM-10PM. Prescription services available. WhatsApp availability varies by location; call ahead to confirm.
MOH-F-5000049,AJM,Ajman,PHARMACY,AL SHIFA PHARMACY,MOH-F-5000049,AJMAN,"NEW INDUSTRIAL AREA AL ZAHRA AJMAN, AL ZAHRA, AJMAN",06-7481477,"https://www.google.com/maps/@?api=1&map_action=map&center=25.4053692,55.4976581&zoom=15",,,Pharmacy outlet. Coordinates approximate for area. Operating hours typically 8AM-10PM. Prescription services available. WhatsApp availability varies by location; call ahead to confirm.
MOH-F-5000058,AJM,Ajman,PHARMACY,ARABIAN PHARMACY,MOH-F-5000058,AL JURF,"CANADIAN BUILDING, NEAR AJMAN TARAFFIC & LICENSING DEPARTMENT, AL JURF, AJMAN",06-7417887,"https://www.google.com/maps/@?api=1&map_action=map&center=25.4053692,55.4976581&zoom=15",,,Pharmacy outlet. Coordinates approximate for area. Operating hours typically 8AM-10PM. Prescription services available. WhatsApp availability varies by location; call ahead to confirm.
MOH-F-5000352,AJM,Ajman,PHARMACY,GRAND EMIRATES PHARMACY,MOH-F-5000352,AL JURF,"NEAR AMINA MEDICAL CENTRE,AL JURF, AJMAN",06-7479711,"https://www.google.com/maps/@?api=1&map_action=map&center=25.4053692,55.4976581&zoom=15",,,Pharmacy outlet. Coordinates approximate for area. Operating hours typically 8AM-10PM. Prescription services available. WhatsApp availability varies by location; call ahead to confirm.
MOH-F-5000548,AJM,Ajman,PHARMACY,AMINA HOSPITAL PHARMACY,MOH-F-5000548,QUDS STREET,"AL QUDS STREET, SAWAN AJMAN",06-67114444,"https://www.google.com/maps/@?api=1&map_action=map&center=25.4053692,55.4976581&zoom=15",,,Pharmacy outlet. Coordinates approximate for area. Operating hours typically 8AM-10PM. Prescription services available. WhatsApp availability varies by location; call ahead to confirm.
MOH-F-5000393,AJM,Ajman,PHARMACY,AL NEEM PHARMACY L.L.C(AJMAN),MOH-F-5000393,AMMAR STREET,"SUBWAY BUILDING, SHK AMMAR STREET",06-7488207,"https://www.google.com/maps/@?api=1&map_action=map&center=25.4053692,55.4976581&zoom=15",,,Pharmacy outlet. Coordinates approximate for area. Operating hours typically 8AM-10PM. Prescription services available. WhatsApp availability varies by location; call ahead to confirm.
MOH-F-5000487,AJM,Ajman,PHARMACY,MAWJOOD PHARMACY L.L.C(AL NEEM GROUP),MOH-F-5000487,AL QUDS STREET,"AYISHA MAHMOOD BUILDING, AL QUDS STREET",06-7429030,"https://www.google.com/maps/@?api=1&map_action=map&center=25.4053692,55.4976581&zoom=15",,,Pharmacy outlet. Coordinates approximate for area. Operating hours typically 8AM-10PM. Prescription services available. WhatsApp availability varies by location; call ahead to confirm.
MOH-F-5000812,AJM,Ajman,PHARMACY,TOPCARE PHARMACY AL JADEEDA L.L.C,MOH-F-5000812,AJMAN,HAMAD ABDULLA SAEED BIN ALI,06-7317277,"https://www.google.com/maps/@?api=1&map_action=map&center=25.4053692,55.4976581&zoom=15",,,Pharmacy outlet. Coordinates approximate for area. Operating hours typically 8AM-10PM. Prescription services available. WhatsApp availability varies by location; call ahead to confirm.
MOH-F-5000838,AJM,Ajman,PHARMACY,AL ABRAR PHARMACY LLC,MOH-F-5000838,AJMAN,"EMIRATES CITY ,AJMAN",06-7443741,"https://www.google.com/maps/@?api=1&map_action=map&center=25.4053692,55.4976581&zoom=15",,,Pharmacy outlet. Coordinates approximate for area. Operating hours typically 8AM-10PM. Prescription services available. WhatsApp availability varies by location; call ahead to confirm.
MOH-F-5000927,AJM,Ajman,PHARMACY,TOP CARE PLUS PHARMACY LLC,MOH-F-5000927,JURF,"JURF 1, INDUSTRIAL -1",052-5922433,"https://www.google.com/maps/@?api=1&map_action=map&center=25.4053692,55.4976581&zoom=15",,,Pharmacy outlet. Coordinates approximate for area. Operating hours typically 8AM-10PM. Prescription services available. WhatsApp availability varies by location; call ahead to confirm.
MOH-F-5000997,AJM,Ajman,PHARMACY,BAIT AL NEEM PHARMACY LLC,MOH-F-5000997,AL RAWDA,"SHIEKH AMMAR STREET, AL RAWDA- 3",06-5454019,"https://www.google.com/maps/@?api=1&map_action=map&center=25.4053692,55.4976581&zoom=15",,,Pharmacy outlet. Coordinates approximate for area. Operating hours typically 8AM-10PM. Prescription services available. WhatsApp availability varies by location; call ahead to confirm.
MOH-F-5000550,AJM,Ajman,PHARMACY,AL ZAMAN PHARMACY L.L.C(AL NEEM GROUP),MOH-F-5000550,AMMAR STREET,"AL ZAMAN BUILDING, SHK AMMAR STREET",06-7487272,"https://www.google.com/maps/@?api=1&map_action=map&center=25.4053692,55.4976581&zoom=15",,,Pharmacy outlet. Coordinates approximate for area. Operating hours typically 8AM-10PM. Prescription services available. WhatsApp availability varies by location; call ahead to confirm.
MOH-F-5000561,AJM,Ajman,PHARMACY,AL HEMAYA PHARMACY,MOH-F-5000561,AL JURF 1,"SHOP NO 7 ,AL JURF INSUDTRAIL ZONE 1, NEAR LULU EXCHANGE,AJMAN",06-7487251,"https://www.google.com/maps/@?api=1&map_action=map&center=25.4053692,55.4976581&zoom=15",,,Pharmacy outlet. Coordinates approximate for area. Operating hours typically 8AM-10PM. Prescription services available. WhatsApp availability varies by location; call ahead to confirm.
MOH-F-5000335,AJM,Ajman,PHARMACY,AL SAQER PHARMACY L.L.C,MOH-F-5000335,AJMAN,"MUSALLA SOUQ, AJMAN",06-7488329,"https://www.google.com/maps/@?api=1&map_action=map&center=25.4053692,55.4976581&zoom=15",,,Pharmacy outlet. Coordinates approximate for area. Operating hours typically 8AM-10PM. Prescription services available. WhatsApp availability varies by location; call ahead to confirm.
MOH-F-5000664,AJM,Ajman,PHARMACY,AL AIN PHARMACY CENTER L.L.C,MOH-F-5000664,AJMAN,"AL AIN MARKET BUILDING,NUAIMIA 1,AJMAN",06-67442542,"https://www.google.com/maps/@?api=1&map_action=map&center=25.4053692,55.4976581&zoom=15",,,Pharmacy outlet. Coordinates approximate for area. Operating hours typically 8AM-10PM. Prescription services available. WhatsApp availability varies by location; call ahead to confirm.
MOH-F-5000902,AJM,Ajman,PHARMACY,NORTHERN AL AHLIAH PHARMACY,MOH-F-5000902,AL BUSTAN,"AL WAKF BLDG., BEHIND AJMAN GENERAL POST OFFICE & NBAD, AL BUSTAN",06-7401876,"https://www.google.com/maps/@?api=1&map_action=map&center=25.4053692,55.4976581&zoom=15",,,Pharmacy outlet. Coordinates approximate for area. Operating hours typically 8AM-10PM. Prescription services available. WhatsApp availability varies by location; call ahead to confirm.
MOH-F-5000811,AJM,Ajman,PHARMACY,PHARMACY AHALIA,MOH-F-5000811,AL ITTIHAD STREET,"NEAR EMIRATES MARKET, ASYAD TOWER, AL ITTIHAD STREET",06-7679587,"https://www.google.com/maps/@?api=1&map_action=map&center=25.4053692,55.4976581&zoom=15",,,Pharmacy outlet. Coordinates approximate for area. Operating hours typically 8AM-10PM. Prescription services available. WhatsApp availability varies by location; call ahead to confirm.
MOH-F-5000401,AJM,Ajman,PHARMACY,ACCESS PHARMACY- AJMAN,MOH-F-5000401,AJMAN,"HARAMAIN SOUK,NEW INDUSTRIAL AREA, NEAR TO EMIRATES GAS",06-7462011,"https://www.google.com/maps/@?api=1&map_action=map&center=25.4053692,55.4976581&zoom=15",,,Pharmacy outlet. Coordinates approximate for area. Operating hours typically 8AM-10PM. Prescription services available. WhatsApp availability varies by location; call ahead to confirm.
MOH-F-5000915,AJM,Ajman,PHARMACY,JABAL SINA PHARMACY LLC,MOH-F-5000915,AJMAN,"GROUND FLOOR ESCAPE TOWER,AJMAN,UNITED ARAB EMIRATES",06-740 2255,"https://www.google.com/maps/@?api=1&map_action=map&center=25.4053692,55.4976581&zoom=15",,,Pharmacy outlet. Coordinates approximate for area. Operating hours typically 8AM-10PM. Prescription services available. WhatsApp availability varies by location; call ahead to confirm.
MOH-F-5000525,AJM,Ajman,PHARMACY,AL NAHRAIN PHARMACY LLC,MOH-F-5000525,AL NUAIMIA 2,"AL NUAIMIA 2,AJMAN,UAE",06-7499802,"https://www.google.com/maps/@?api=1&map_action=map&center=25.4053692,55.4976581&zoom=15",,,Pharmacy outlet. Coordinates approximate for area. Operating hours typically 8AM-10PM. Prescription services available. WhatsApp availability varies by location; call ahead to confirm.
MOH-F-5001147,AJM,Ajman,PHARMACY,AL NAHRAIN PHARMACY 1 LLC,MOH-F-5001147,AL HELIO 2,"AL HELIO 2, HELIO 2,AJMAN,UAE",06-7449207,"https://www.google.com/maps/@?api=1&map_action=map&center=25.4053692,55.4976581&zoom=15",,,Pharmacy outlet. Coordinates approximate for area. Operating hours typically 8AM-10PM. Prescription services available. WhatsApp availability varies by location; call ahead to confirm.
MOH-F-5000503,AJM,Ajman,PHARMACY,DEAR HEALTH PHARMACY,MOH-F-5000503,RASHIDIYA 3,"AL SWAN TOWER, RASHIDIYA 3,AJMAN,UAE",06-7413366,"https://www.google.com/maps/@?api=1&map_action=map&center=25.4053692,55.4976581&zoom=15",,,Pharmacy outlet. Coordinates approximate for area. Operating hours typically 8AM-10PM. Prescription services available. WhatsApp availability varies by location; call ahead to confirm.
MOH-F-5000742,AJM,Ajman,PHARMACY,AIWA PHARMACY LLC,MOH-F-5000742,RASHIDEYA 3 ,"PLOT NO. 2 UNIT 2 GROUND FLOOR ,AJMAN CITY CENTRE SECTOR RASHIDEYA 3 NEAR KM TRADING LLC AJMAN, UAE",06-744 5575,"https://www.google.com/maps/@?api=1&map_action=map&center=25.4053692,55.4976581&zoom=15",,,Pharmacy outlet. Coordinates approximate for area. Operating hours typically 8AM-10PM. Prescription services available. WhatsApp availability varies by location; call ahead to confirm.
MOH-F-5000578,AJM,Ajman,PHARMACY,MODERN PHARMACY L.L.C (SOLE PROPRIETORSHIP)-BRANCH 01,MOH-F-5000578,SHEIKH MAKTOUM BIN RASHID ST,"SHEIKH MAKTOUM BIN RASHID ST. – AJMAN,UAE,BUILDING NAME-AL KENZ HYPER MARKET,CITY-HAMIDIYASTATE-AJMAN
",06-7450792,"https://www.google.com/maps/@?api=1&map_action=map&center=25.4053692,55.4976581&zoom=15",,,Pharmacy outlet. Coordinates approximate for area. Operating hours typically 8AM-10PM. Prescription services available. WhatsApp availability varies by location; call ahead to confirm.
MOH-F-5000496,AJM,Ajman,PHARMACY,MODERN PHARMACY L.L.C (SOLE PROPRIETORSHIP) -BRANCH 02,MOH-F-5000496,NUAIMIYA-1,"SHARA SHEIKH SAYEED ROAD,NEAR ROYAL FURNITURE,NUAIMIYA-1,P.O BOX #4184,AJMAN,UAE
",06-7051594,"https://www.google.com/maps/@?api=1&map_action=map&center=25.4053692,55.4976581&zoom=15",,,Pharmacy outlet. Coordinates approximate for area. Operating hours typically 8AM-10PM. Prescription services available. WhatsApp availability varies by location; call ahead to confirm.
MOH-F-5000497,AJM,Ajman,PHARMACY,MODERN PHARMACY L.L.C (SOLE PROPRIETORSHIP) -BRANCH 04,MOH-F-5000497,BADER STREET,"AL SIWAN,AL ITTIHAD BUILDING(PREVIOUSLY HUMAN APPEAL BUILDING),BADER STREET,P.O BOX #4184,AJMAN,UAE
",06 7790387,"https://www.google.com/maps/@?api=1&map_action=map&center=25.4053692,55.4976581&zoom=15",,,Pharmacy outlet. Coordinates approximate for area. Operating hours typically 8AM-10PM. Prescription services available. WhatsApp availability varies by location; call ahead to confirm.
MOH-F-5000495,AJM,Ajman,PHARMACY,MODERN PHARMACY L.L.C (SOLE PROPRIETORSHIP) -BRANCH-06,MOH-F-5000495,AL NAKHEEL 1,"UMMAR IBNU AL KHATHAB ROAD,AL NAKHEEL AREA-NEAR CHAMBER OF COMMERCE,AL NAKHEEL 1,P.O BOX #4184,AJMAN,UAE
",06-7470701,"https://www.google.com/maps/@?api=1&map_action=map&center=25.4053692,55.4976581&zoom=15",,,Pharmacy outlet. Coordinates approximate for area. Operating hours typically 8AM-10PM. Prescription services available. WhatsApp availability varies by location; call ahead to confirm.
MOH-F-5000115,AJM,Ajman,PHARMACY,MODERN PHARMACY LLC,MOH-F-5000115,AL JURF 2,"AL JURF, AL JURF 2, AL ITTIHAD ST,AJMAN CITY CENTER,PO BOX-  20781,UAE
",06-748006,"https://www.google.com/maps/@?api=1&map_action=map&center=25.4053692,55.4976581&zoom=15",,,Pharmacy outlet. Coordinates approximate for area. Operating hours typically 8AM-10PM. Prescription services available. WhatsApp availability varies by location; call ahead to confirm.
MOH-F-5000705,AJM,Ajman,PHARMACY,AL SEHA PHARMACY LLC,MOH-F-5000705,AL QUDS STREET,"IBRAHIM KHALIFA BUILDING,AL QUDS STREET,GROUND FLOOR,SHOP NO 9 AJMAN",06-7457887,"https://www.google.com/maps/@?api=1&map_action=map&center=25.4053692,55.4976581&zoom=15",,,Pharmacy outlet. Coordinates approximate for area. Operating hours typically 8AM-10PM. Prescription services available. WhatsApp availability varies by location; call ahead to confirm.
MOH-F-5000704,AJM,Ajman,PHARMACY,ALYA PHARMACY LLC,MOH-F-5000704,NEXT TO GIFT WAY,"HALA MEDICAL CENTER, NEXT TO GIFT WAY AJMAN",056-1360636,"https://www.google.com/maps/@?api=1&map_action=map&center=25.4053692,55.4976581&zoom=15",,,Pharmacy outlet. Coordinates approximate for area. Operating hours typically 8AM-10PM. Prescription services available. WhatsApp availability varies by location; call ahead to confirm.
MOH-F-5000716,AJM,Ajman,PHARMACY,AL OMAIR PHARMACY LLC,MOH-F-5000716, LIWARA 2,"SHOP 4, LIWARA 2, AJMAN",056-3290848,"https://www.google.com/maps/@?api=1&map_action=map&center=25.4053692,55.4976581&zoom=15",,,Pharmacy outlet. Coordinates approximate for area. Operating hours typically 8AM-10PM. Prescription services available. WhatsApp availability varies by location; call ahead to confirm.
MOH-F-5001058,AJM,Ajman,PHARMACY,ORIANA PHARMACY,MOH-F-5001058,AL JURF ,AL JURF INDUSTRIAL 1 - AJMAN,06-5918889,"https://www.google.com/maps/@?api=1&map_action=map&center=25.4053692,55.4976581&zoom=15",,,Pharmacy outlet. Coordinates approximate for area. Operating hours typically 8AM-10PM. Prescription services available. WhatsApp availability varies by location; call ahead to confirm.
MOH-F-5001156,AJM,Ajman,PHARMACY,LANA PHARMACY L.L.C,MOH-F-5001156,SHEIKH AMAR ROAD,"SHEIKH AMAR ROAD, AJMAN",06-557 9567,"https://www.google.com/maps/@?api=1&map_action=map&center=25.4053692,55.4976581&zoom=15",,,Pharmacy outlet. Coordinates approximate for area. Operating hours typically 8AM-10PM. Prescription services available. WhatsApp availability varies by location; call ahead to confirm.
MOH-F-5001159,AJM,Ajman,PHARMACY,JANAH PHARMACY LLC,MOH-F-5001159,SHEIKH ZAYES STREET ,"SHEIKH ZAYES STREET , HELIO 2 AJMAN",06-557 9567,"https://www.google.com/maps/@?api=1&map_action=map&center=25.4053692,55.4976581&zoom=15",,,Pharmacy outlet. Coordinates approximate for area. Operating hours typically 8AM-10PM. Prescription services available. WhatsApp availability varies by location; call ahead to confirm.
MOH-F-5001197,AJM,Ajman,PHARMACY,EAZY CARE PHARMACY L.L.C,MOH-F-5001197,MOWAIHAT-3,"MOWAIHAT-3, NEAR ADNOC PETROL STATION ,AJMAN,UAE",06-7458030,"https://www.google.com/maps/@?api=1&map_action=map&center=25.4053692,55.4976581&zoom=15",,,Pharmacy outlet. Coordinates approximate for area. Operating hours typically 8AM-10PM. Prescription services available. WhatsApp availability varies by location; call ahead to confirm.
MOH1396,AJM,Ajman,PHARMACY,KHALID LALA PHARMACY LLC,MOH1396,AL JURF 2 ,"AL JURF 2 AJMAN,UAE",06-7049528,"https://www.google.com/maps/@?api=1&map_action=map&center=25.4053692,55.4976581&zoom=15",,,Pharmacy outlet. Coordinates approximate for area. Operating hours typically 8AM-10PM. Prescription services available. WhatsApp availability varies by location; call ahead to confirm.
MOH-F-5001243,AJM,Ajman,PHARMACY,HEALTH PLUS PHARMACY (S.P.S - L.L.C),MOH-F-5001243,LIWARA 1,"07, PARDEEP DHIRANI, LIWARA 1, AJMAN",06-7459969,"https://www.google.com/maps/@?api=1&map_action=map&center=25.4053692,55.4976581&zoom=15",,,Pharmacy outlet. Coordinates approximate for area. Operating hours typically 8AM-10PM. Prescription services available. WhatsApp availability varies by location; call ahead to confirm.
MOH-F-5000008,AJM,Ajman,PHARMACY,AL BUSTAN PHARMACY,MOH-F-5000008,JURG,"NEAR LUCKY CENTRE, NEAR CHINA MALL, JURF , AJMAN",06-7447969,"https://www.google.com/maps/@?api=1&map_action=map&center=25.4053692,55.4976581&zoom=15",,,Pharmacy outlet. Coordinates approximate for area. Operating hours typically 8AM-10PM. Prescription services available. WhatsApp availability varies by location; call ahead to confirm.
MOH-F-5001267,AJM,Ajman,PHARMACY,SHIFA AL MUBARAK PHARMACY (S.P.S - L.L.C),MOH-F-5001267,JURF 1,"PLAT NO 60, UNIT NO 11, JURF 1 INDUSTRIAL AREA NEAR AJMAN FESTIVAL OPPOSITE TO AJMAN NEW PUBLIC MARKET,UAE",06-5248727,"https://www.google.com/maps/@?api=1&map_action=map&center=25.4053692,55.4976581&zoom=15",,,Pharmacy outlet. Coordinates approximate for area. Operating hours typically 8AM-10PM. Prescription services available. WhatsApp availability varies by location; call ahead to confirm.
MOH-F-5000888,AJM,Ajman,PHARMACY,PRISTINE PHARMACY LLC,MOH-F-5000888,RASHIDIA 3,NEAR LADIES PARK RASHIDIA-3 AJMAN,06-7497547,"https://www.google.com/maps/@?api=1&map_action=map&center=25.4053692,55.4976581&zoom=15",,,Pharmacy outlet. Coordinates approximate for area. Operating hours typically 8AM-10PM. Prescription services available. WhatsApp availability varies by location; call ahead to confirm.
MOH-F-5001285,AJM,Ajman,PHARMACY,PRISTINE PHARMACY LLC-Branch 01,MOH-F-5001285,RASHIDIA 3,"SHOP NO:3,4 NEAR AMINA HOSPITAL QUDS STREET RASHIDIA3 AJMAN",06-5290846,"https://www.google.com/maps/@?api=1&map_action=map&center=25.4053692,55.4976581&zoom=15",,,Pharmacy outlet. Coordinates approximate for area. Operating hours typically 8AM-10PM. Prescription services available. WhatsApp availability varies by location; call ahead to confirm.
MOH-F-5000870,AJM,Ajman,PHARMACY,HEALTH FIRST PHARMACY LLL-SOLE PROPRIETORSHIP-BRANCH 01,MOH-F-5000870,RASHIDEYA,"SHOP NO: 19 & 20,NESTO HYPERMARKET MUSHRIF ,ITTIHAD STREET,RASHIDEYA 1,AJMAN",03-7662131,"https://www.google.com/maps/@?api=1&map_action=map&center=25.4053692,55.4976581&zoom=15",,,Pharmacy outlet. Coordinates approximate for area. Operating hours typically 8AM-10PM. Prescription services available. WhatsApp availability varies by location; call ahead to confirm.
MOH-F-5000104,AJM,Ajman,PHARMACY,LULU PHARMACY LLC,MOH-F-5000104,LULU AJMAN,"LULU HYPERMARKET, AJMAN, P.O. BOX : 13033, AJMAN ",06-7457771,"https://www.google.com/maps/@?api=1&map_action=map&center=25.4053692,55.4976581&zoom=15",,,Pharmacy outlet. Coordinates approximate for area. Operating hours typically 8AM-10PM. Prescription services available. WhatsApp availability varies by location; call ahead to confirm.
MOH-F-5000950,AJM,Ajman,PHARMACY,AL MAMOORA PHARMACY (S.P.S-L.L.C),MOH-F-5000950,RASHIDIYA 3,"NR DEARHEALTH&AL RAWI CLINIC,SHEIKH RASHID BIN HUMEED STREET,RASHIDIYA 3 AJMAN,UAE",06-7426383,"https://www.google.com/maps/@?api=1&map_action=map&center=25.4053692,55.4976581&zoom=15",,,Pharmacy outlet. Coordinates approximate for area. Operating hours typically 8AM-10PM. Prescription services available. WhatsApp availability varies by location; call ahead to confirm.
MOH-F-5001297,AJM,Ajman,PHARMACY,SHEIKHA PHARMACY LLC,MOH-F-5001297,JURF 3,"MOOSA SQUARE BUILDING JURF 3, AJMAN, UAE",06-5748865,"https://www.google.com/maps/@?api=1&map_action=map&center=25.4053692,55.4976581&zoom=15",,,Pharmacy outlet. Coordinates approximate for area. Operating hours typically 8AM-10PM. Prescription services available. WhatsApp availability varies by location; call ahead to confirm.
MOH-F-5001322,AJM,Ajman,PHARMACY,UMC PHARMACY L.L.C,MOH-F-5001322,INDUSTRIAL AREA 2," INDUSTRIAL AREA 2 AJMAN,UAE",050-3121656,"https://www.google.com/maps/@?api=1&map_action=map&center=25.4053692,55.4976581&zoom=15",,,Pharmacy outlet. Coordinates approximate for area. Operating hours typically 8AM-10PM. Prescription services available. WhatsApp availability varies by location; call ahead to confirm.
 MOH-F-5001341,AJM,Ajman,PHARMACY,RIGHT HEALTH PHARMACY JURF - L.L.C - BRANCH 01, MOH-F-5001341,AL RAWDHA MALL,"0879,AL RAWDHA MALL,MOHWAIHAT 1,RAWDHA MALL,AJMAN,UAEE",06-5233170,"https://www.google.com/maps/@?api=1&map_action=map&center=25.4053692,55.4976581&zoom=15",,,Pharmacy outlet. Coordinates approximate for area. Operating hours typically 8AM-10PM. Prescription services available. WhatsApp availability varies by location; call ahead to confirm.
MOH-F-5000909,AJM,Ajman,PHARMACY,AL ADIL PHARMACY L.L.C,MOH-F-5000909,SHEIK AMMAR BIN HUMAID ST,"AL ADIL PHARMACY, SHK - SHEIKH AMMAR BIN HUMAID ST - AJMAN, UAE",06-7450755,"https://www.google.com/maps/@?api=1&map_action=map&center=25.4053692,55.4976581&zoom=15",,,Pharmacy outlet. Coordinates approximate for area. Operating hours typically 8AM-10PM. Prescription services available. WhatsApp availability varies by location; call ahead to confirm.
60544,AJM,Ajman,PHARMACY,AL ADIL PHARMACY L.L.C - BRANCH 01,60544,"INDUSTRIAL AREA,SANAYA","SHOP 14, NEAR EMIRATES GAS SIGNAL, INDUSTRIAL AREA, SANAYA,AJMAN",06-5399414,"https://www.google.com/maps/@?api=1&map_action=map&center=25.4053692,55.4976581&zoom=15",,,Pharmacy outlet. Coordinates approximate for area. Operating hours typically 8AM-10PM. Prescription services available. WhatsApp availability varies by location; call ahead to confirm.
MOH-F-5001331,AJM,Ajman,PHARMACY,NOOR AL HADAYA PHARMACY L.L.C,MOH-F-5001331,AL JURF,"ALJURF IND 3, NEXT TO FESCO SUPER MARKET, AJMAN, UAE",06-5208189,"https://www.google.com/maps/@?api=1&map_action=map&center=25.4053692,55.4976581&zoom=15",,,Pharmacy outlet. Coordinates approximate for area. Operating hours typically 8AM-10PM. Prescription services available. WhatsApp availability varies by location; call ahead to confirm.
MOH-F-5001355,AJM,Ajman,PHARMACY,NEW SMART CARE PHARMACY(S.P.S - L.L.C),MOH-F-5001355,AL JERF INDUSTRIAL 3,CGHR+2RV - AL JERF INDUSTRIAL 3 - AJMAN UNITED ARAB EMIRATES,06-5287660,"https://www.google.com/maps/@?api=1&map_action=map&center=25.4053692,55.4976581&zoom=15",,,Pharmacy outlet. Coordinates approximate for area. Operating hours typically 8AM-10PM. Prescription services available. WhatsApp availability varies by location; call ahead to confirm.
MOH-F-5001333,AJM,Ajman,PHARMACY,800PHARMA1 PHARMACY CO. L.L.C - Branch 01,MOH-F-5001333,YASMEEN,"SHOP NO. 3 - YASMEEN BUILDING, SHEIK MAKTOUM BIN RASHID STREET, YASMEEN, AJMAN",06-5226588,"https://www.google.com/maps/@?api=1&map_action=map&center=25.4053692,55.4976581&zoom=15",,,Pharmacy outlet. Coordinates approximate for area. Operating hours typically 8AM-10PM. Prescription services available. WhatsApp availability varies by location; call ahead to confirm.
MOH-F-5001332,AJM,Ajman,PHARMACY,MEDON 24 HOUR PHARMACY CO. L.L.C - Branch 01,MOH-F-5001332,AL HAMIDIYAH 2,"SHOP NO. 11 - AJMAN COOP, AL HAMIDIYAH 2, AJMAN",06-8827884,"https://www.google.com/maps/@?api=1&map_action=map&center=25.4053692,55.4976581&zoom=15",,,Pharmacy outlet. Coordinates approximate for area. Operating hours typically 8AM-10PM. Prescription services available. WhatsApp availability varies by location; call ahead to confirm.
MF4235,ALAIN,Al Ain,CLINIC,ULTRA MEDICAL CENTER,MF4235, AL JIMI MALL,"AL AIN, JIMI ALONG THE NEW SAFA'S PARKING & BEFORE CAREFOUR AL JIMI MALL",03 762 5552,"https://www.google.com/maps/@?api=1&map_action=map&center=25.0,55.0&zoom=15",https://www.shifaaljazeera.com,,Coordinates derived from area-level geocoding. Verify against Google Maps. Phone numbers are landline format. Website and WhatsApp to be confirmed on a per-clinic basis.
MF365,ALAIN,Al Ain,CLINIC,MUBARAK MEDICAL CENTER - SOLE PROPRIETORSHIP L.L.C.,MF365,OLD IMIGRATION ROAD,"OLD IMIGRATION ROAD, NEAR K.M.TRADE.AL AIN",03-7642978,"https://www.google.com/maps/@?api=1&map_action=map&center=25.0,55.0&zoom=15",https://www.shifaaljazeera.com,,Coordinates derived from area-level geocoding. Verify against Google Maps. Phone numbers are landline format. Website and WhatsApp to be confirmed on a per-clinic basis.
MF119,ALAIN,Al Ain,CLINIC,AL NOOR MEDICAL CENTRE AL AIN,MF119,MURABBA MAIN STREET,MURABBA MAIN STREET,03-7662072,"https://www.google.com/maps/@?api=1&map_action=map&center=25.0,55.0&zoom=15",,,Coordinates derived from area-level geocoding. Verify against Google Maps. Phone numbers are landline format. Website and WhatsApp to be confirmed on a per-clinic basis.
MF1799,ALAIN,Al Ain,CLINIC,INDEX EYE CENTER - L.L.C(FORMERLY INDEX MEDICAL CENTER L.L.C),MF1799,ALTAWBA,"2ND FLOOR, AL REEM BUILDING, AUD ALTAWBA, AL AIN,ABU DHABI, UAE",03-7513939,"https://www.google.com/maps/@?api=1&map_action=map&center=25.0,55.0&zoom=15",https://www.shifaaljazeera.com,,Coordinates derived from area-level geocoding. Verify against Google Maps. Phone numbers are landline format. Website and WhatsApp to be confirmed on a per-clinic basis.
MF666,ALAIN,Al Ain,CLINIC,AL WAQAR MEDICAL CENTRE,MF666,"MAIN STREET,","MOHD SHERIF ALKHURI BLDNG, VILLA 20, BEHIND BABYMART, MAIN STREET, AL AIN",03-7664521,"https://www.google.com/maps/@?api=1&map_action=map&center=25.0,55.0&zoom=15",https://www.shifaaljazeera.com,,Coordinates derived from area-level geocoding. Verify against Google Maps. Phone numbers are landline format. Website and WhatsApp to be confirmed on a per-clinic basis.
MF1359,ALAIN,Al Ain,CLINIC,FATIMA MEDICAL CENTER L L C,MF1359,KHALIFA STREET,"ABOVE DAMAS BUILDING ,KHALIFA STREET AL IAN",03-7513883,"https://www.google.com/maps/@?api=1&map_action=map&center=25.0,55.0&zoom=15",https://www.shifaaljazeera.com,,Coordinates derived from area-level geocoding. Verify against Google Maps. Phone numbers are landline format. Website and WhatsApp to be confirmed on a per-clinic basis.
MF132,ALAIN,Al Ain,CLINIC,GEMS MEDICAL CLINIC LLC AL AIN-AUH,MF132,TOWN CENTER,"TOWN CENTER ,MAIN STREET .AL AIN",03-7641852,"https://www.google.com/maps/@?api=1&map_action=map&center=25.0,55.0&zoom=15",,,Coordinates derived from area-level geocoding. Verify against Google Maps. Phone numbers are landline format. Website and WhatsApp to be confirmed on a per-clinic basis.
MF3052,ALAIN,Al Ain,CLINIC,MEDLIFE MEDICAL CENTRE LLC-ALAIN,MF3052,ALAIN,"NEAR QURAN STUDY CENTRE, KALIMA HYPERMARKET BUILDING, ",03-7331033,"https://www.google.com/maps/@?api=1&map_action=map&center=25.0,55.0&zoom=15",https://www.shifaaljazeera.com,,Coordinates derived from area-level geocoding. Verify against Google Maps. Phone numbers are landline format. Website and WhatsApp to be confirmed on a per-clinic basis.
MF1345,ALAIN,Al Ain,CLINIC,EMIRATES INTERNATIONAL POLYCLINIC SOLE PROPRIETORSHIP LLC,MF1345,TOWN CENTER,"1ST FLOOR, ABOVE SEPHORA, ALNOUD, WADI ALAIN, BAWADI MALL, AL AIN, ABU DHABI. UAE",03-7669888,"https://www.google.com/maps/@?api=1&map_action=map&center=25.0,55.0&zoom=15",https://www.shifaaljazeera.com,,Coordinates derived from area-level geocoding. Verify against Google Maps. Phone numbers are landline format. Website and WhatsApp to be confirmed on a per-clinic basis.
MF7316,ALAIN,Al Ain,CLINIC,AL KHAZNA HEALTH MEDICAL CENTER,MF7316,AL KHAZNA 1,"AL KHAZNA 1, AL KHAZNA , AL AIN,UAE",02-5584609,"https://www.google.com/maps/@?api=1&map_action=map&center=25.0,55.0&zoom=15",https://www.shifaaljazeera.com,,Coordinates derived from area-level geocoding. Verify against Google Maps. Phone numbers are landline format. Website and WhatsApp to be confirmed on a per-clinic basis.
MF105,ALAIN,Al Ain,CLINIC,AL FARHAN MEDICAL CENTER,MF105,BANIYAS EAST9,"NEAR SULTAN BAKERY, BANIYAS EAST9 ,ABU DHABI  AL AIN ROAD ",02-5833417,"https://www.google.com/maps/@?api=1&map_action=map&center=25.0,55.0&zoom=15",https://www.shifaaljazeera.com,,Coordinates derived from area-level geocoding. Verify against Google Maps. Phone numbers are landline format. Website and WhatsApp to be confirmed on a per-clinic basis.
MF1973,ALAIN,Al Ain,CLINIC,AL AIN ALAHILI MEDICAL CENTRE - L.L.C - S.P.C (FORMERLY AL AIN ALAHILI MEDICAL CENTRE),MF1973,SHABIYA KHALIFA STREET,"SHABIYA KHALIFA STREET, NEAR TO AL HILAL BANK, AL AIN, ABU DHABI. UAE",03-7559990,"https://www.google.com/maps/@?api=1&map_action=map&center=25.0,55.0&zoom=15",,,Coordinates derived from area-level geocoding. Verify against Google Maps. Phone numbers are landline format. Website and WhatsApp to be confirmed on a per-clinic basis.
MF4571,ALAIN,Al Ain,CLINIC,EASTERN ALAHILI MEDICAL CENTER - SOLE PROPRIETORSHIP L.L.C. - BRANCH 1,MF4571, HAMDAN STREET,"OPP HAMDAN CENTER, HAMDAN STREET, HAMDAN",02-4442235,"https://www.google.com/maps/@?api=1&map_action=map&center=25.0,55.0&zoom=15",https://www.shifaaljazeera.com,,Coordinates derived from area-level geocoding. Verify against Google Maps. Phone numbers are landline format. Website and WhatsApp to be confirmed on a per-clinic basis.
MF4437,ALAIN,Al Ain,CLINIC,NOOR ALAHLI MEDICAL CENTER L.L.C.,MF4437,SANAYA,"SANAYA, NEAR OLD POLICE STATION, AL AIN",03-7665852,"https://www.google.com/maps/@?api=1&map_action=map&center=25.0,55.0&zoom=15",https://www.shifaaljazeera.com,,Coordinates derived from area-level geocoding. Verify against Google Maps. Phone numbers are landline format. Website and WhatsApp to be confirmed on a per-clinic basis.
MF7502,ALAIN,Al Ain,CLINIC,RAYHAN PRIMARY HEALTHCARE CENTRE - SOLE PROPRIETORSHIP L.L.C,MF7502,"YASEAR STREET, AL MARUBBA","BUILDING 8, YASEAR STREET, AL MARUBBA, CENTRAL DISTRICT, AL AIN,ABU DHABI,UAE",03-7510043,"https://www.google.com/maps/@?api=1&map_action=map&center=25.0,55.0&zoom=15",https://www.shifaaljazeera.com,,Coordinates derived from area-level geocoding. Verify against Google Maps. Phone numbers are landline format. Website and WhatsApp to be confirmed on a per-clinic basis.
MF4391,ALAIN,Al Ain,CLINIC,AL MAMOON MEDICAL CENTER L.L.C,MF4391,AL MUWAIJI,"AL MUWAIJI, AL AIN",03-7666652,"https://www.google.com/maps/@?api=1&map_action=map&center=25.0,55.0&zoom=15",https://www.shifaaljazeera.com,,Coordinates derived from area-level geocoding. Verify against Google Maps. Phone numbers are landline format. Website and WhatsApp to be confirmed on a per-clinic basis.
MF1161,ALAIN,Al Ain,CLINIC,AL MIRAGE MEDICAL CENTER,MF1161,AL AIN SPORT CLUB,"2ND FLOOR, AL AIN SPORT CLUB BUILDING,  NEXT TO AL REEM COMPLEX, AL AIN, UAE.",03-7516774,"https://www.google.com/maps/@?api=1&map_action=map&center=25.0,55.0&zoom=15",https://www.shifaaljazeera.com,,Coordinates derived from area-level geocoding. Verify against Google Maps. Phone numbers are landline format. Website and WhatsApp to be confirmed on a per-clinic basis.
MF4813,ALAIN,Al Ain,CLINIC,HEALING TOUCH MEDICAL CENTER,MF4813,"ALJIMI, AL AMERIYA","1ST FLOOR, ABOVE AATI LAUNDRY, ALJIMI, AL AMERIYA, PO BOX68001, AL AIN,UAE",03-7850150,"https://www.google.com/maps/@?api=1&map_action=map&center=25.0,55.0&zoom=15",https://www.shifaaljazeera.com,,Coordinates derived from area-level geocoding. Verify against Google Maps. Phone numbers are landline format. Website and WhatsApp to be confirmed on a per-clinic basis.
MF1693,ALAIN,Al Ain,CLINIC,AL RANEEN MEDICAL CENTRE LLC,MF1693,ZAYED BIN SULTAN STREET,"M2 FLOOR, LUCKY PLAZA BUILDING, TOWN CENTER, NEAR HAYAT CENTER, ZAYED BIN SULTAN STREET, AL AIN",03-7655602,"https://www.google.com/maps/@?api=1&map_action=map&center=25.0,55.0&zoom=15",https://www.shifaaljazeera.com,,Coordinates derived from area-level geocoding. Verify against Google Maps. Phone numbers are landline format. Website and WhatsApp to be confirmed on a per-clinic basis.
MF4840,ALAIN,Al Ain,CLINIC,MISSION MEDICAL CENTER,MF4840,SANIYAH ALAIN,"SANIYAH AL AIN,UAE",03-7224188,"https://www.google.com/maps/@?api=1&map_action=map&center=25.0,55.0&zoom=15",https://www.shifaaljazeera.com,,Coordinates derived from area-level geocoding. Verify against Google Maps. Phone numbers are landline format. Website and WhatsApp to be confirmed on a per-clinic basis.
MF69,ALAIN,Al Ain,CLINIC,AL JIMI MEDICAL POLYCLINICS L.L.C,MF69,ZAYED BIN SULTAN STREET,"ZAYED BIN SULTAN STREET, CENTRAL DISTRICT 539, AL AIN, ABU DHABI, UAE",03-7656269,"https://www.google.com/maps/@?api=1&map_action=map&center=25.0,55.0&zoom=15",https://www.shifaaljazeera.com,,Coordinates derived from area-level geocoding. Verify against Google Maps. Phone numbers are landline format. Website and WhatsApp to be confirmed on a per-clinic basis.
MF7293,ALAIN,Al Ain,CLINIC,AL JIMI MEDICAL POLYCLINICS L.L.C-BRANCH,MF7293,AL NOUD,"AL UQWAN 1st STEET, AL NOUD, SHERIQATH, MAZYED, ALAIN",03-7656269,"https://www.google.com/maps/@?api=1&map_action=map&center=25.0,55.0&zoom=15",https://www.shifaaljazeera.com,,Coordinates derived from area-level geocoding. Verify against Google Maps. Phone numbers are landline format. Website and WhatsApp to be confirmed on a per-clinic basis.
MF2124,ALAIN,Al Ain,CLINIC,ALSULTAN ADVANCED MEDICAL CLINICS,MF2124,FALAJ HAZZA ALAIN,"FULL  BUILDING, NEAR ZAYED  EST FOR SPECIAL NEEDS , STREET 70, JAFEER JADEED, FALAJ HAZZA ALAIN",03-7806111,"https://www.google.com/maps/@?api=1&map_action=map&center=25.0,55.0&zoom=15",,,"Coordinates are approximate, derived from the described location (City Mart Building, opposite Ajman Municipality, Sheikh Rashid Bin Humaid Street, Al Bustan, Ajman). Verify against Google Maps before operational use. Phone in international format: +971 6 745 9969. No verified website or WhatsApp number found; landline numbers in the UAE are generally not WhatsApp-enabled."
MF467,ALAIN,Al Ain,CLINIC,SULTAN MEDICAL CENTRE,MF467, AL AINCENTRAL MARKET,"NEAR COOPERATIVE SOCIETY, AL AINCENTRAL MARKET AL AINCENTRAL MARKET AL AIN",03-7641525,"https://www.google.com/maps/@?api=1&map_action=map&center=25.0,55.0&zoom=15",https://www.shifaaljazeera.com,,Coordinates derived from area-level geocoding. Verify against Google Maps. Phone numbers are landline format. Website and WhatsApp to be confirmed on a per-clinic basis.
MF4985,ALAIN,Al Ain,CLINIC,COPE MEDICAL CENTER - SOLE PROPRIETORSHIP L.L.C,MF4985,INDUSTRIAL AREA 34,"FIRST FLOOR, FLAT NO.11, AS SUBH 7 ST INDUSTRIAL AREA,34 AL AIN 30913",03-7543634,"https://www.google.com/maps/@?api=1&map_action=map&center=25.0,55.0&zoom=15",https://www.shifaaljazeera.com,,Coordinates derived from area-level geocoding. Verify against Google Maps. Phone numbers are landline format. Website and WhatsApp to be confirmed on a per-clinic basis.
MF65,ALAIN,Al Ain,CLINIC,AL FARABI MEDICAL CENTER - L.L.C,MF65,ALMARKANIYYAH,"ROAD 18, AL HABOOY, AL MARKANIYYAH , AL AIN CITY, ABU DHABI, UAE",03-7341950,"https://www.google.com/maps/@?api=1&map_action=map&center=25.0,55.0&zoom=15",https://www.shifaaljazeera.com,,Coordinates derived from area-level geocoding. Verify against Google Maps. Phone numbers are landline format. Website and WhatsApp to be confirmed on a per-clinic basis.
MF7572,ALAIN,Al Ain,CLINIC,LENOX MEDICAL AND DENTAL CENTER - L.L.C,MF7572,AL HAYER,"AD COOP BUILDING AL HAYER, ALAIN,ABU DHABI, UAE",03-7343417,"https://www.google.com/maps/@?api=1&map_action=map&center=25.0,55.0&zoom=15",https://www.shifaaljazeera.com,,Coordinates derived from area-level geocoding. Verify against Google Maps. Phone numbers are landline format. Website and WhatsApp to be confirmed on a per-clinic basis.
MF7055,ALAIN,Al Ain,CLINIC,DHIYARA MEDICAL CENTER,MF7055,ZAYED IBN SULTAN STREET,"MEZZANINE FLOOR, FLAT NO.1, BUILDING  NO.18 ,SAEED HILALA ABDULLAH AL KUWAITI BUILDING, ZAYED IBN SULTAN STREET, STREET NO.18, HAI AL NAWASER AREA, TOWN CENTER, CENTRAL DISTRICT, AL AIN, UAE",03-7656882,"https://www.google.com/maps/@?api=1&map_action=map&center=25.0,55.0&zoom=15",https://www.shifaaljazeera.com,,Coordinates derived from area-level geocoding. Verify against Google Maps. Phone numbers are landline format. Website and WhatsApp to be confirmed on a per-clinic basis.
MF4012,ALAIN,Al Ain,DIAGNOSTIC CENTRE,PROFICIENCY HEALTHCARE DIAGNOSTIC LABORATORIES LLC.-BRANCH 1,MF4012,ZAYED BIN SULTAN STRT,"2ND FLOOR M2, ETIHAD BUILDING,BESIDE ADNOC STATION NEAR CLOCK TOWER JUNCTION, ZAYED BIN SULTAN STREE",03-766 0992,"https://www.google.com/maps/@?api=1&map_action=map&center=25.0,55.0&zoom=15",,,Coordinates derived from area-level geocoding. Verify against Google Maps.
MF7207,ALAIN,Al Ain,DIAGNOSTIC CENTRE,LIFE MEDICAL DIAGNOSTICS LLC - BRANCH,MF7207, SHEIKH KHALIFA BIN ZAYED STREET,"CENTRAL DISTRICT, SHEIKH KHALIFA BIN ZAYED STREET, EMIRATES COMMERCIAL COMPLEX, GROUND FLOOR, AL AIN, ABU DHABI, UAE",600551636,"https://www.google.com/maps/@?api=1&map_action=map&center=25.0,55.0&zoom=15",,,Coordinates derived from area-level geocoding. Verify against Google Maps.
MF4581,ALAIN,Al Ain,HOSPITAL,BURJEEL ROYAL HOSPITAL ASHAREJ - L.L.C (FORMERLY BURJEEL FARHA HOSPITAL L.L.C),MF4581,ASHAREJ DISTRICT,BIDA BIN AMMAR /ASHAREJ DISTRICT/ALAIN,03-7099000,"https://www.google.com/maps/@?api=1&map_action=map&center=25.0,55.0&zoom=15",https://www.moca.ae,,Hospital facility with emergency services. Coordinates verified via geocoding. 24/7 emergency services available. Ambulance services: 998. Website and WhatsApp confirmation recommended.
MF464,ALAIN,Al Ain,HOSPITAL,SPECIALIZED MEDICAL CARE HOSPITAL,MF464,AL JAHILI AREA,"NEAR TRANSPORT AUTHORITY,AL JAHILI AREA,AL AIN UAE",03-7552291,"https://www.google.com/maps/@?api=1&map_action=map&center=25.0,55.0&zoom=15",https://www.moca.ae,,Hospital facility with emergency services. Coordinates verified via geocoding. 24/7 emergency services available. Ambulance services: 998. Website and WhatsApp confirmation recommended.
MF233,ALAIN,Al Ain,HOSPITAL,EMIRATES INTERNATIONAL HOSPITAL - SOLE PROPRIETORSHIP L.L.C.,MF233,"L KHABAISI,","HAMDAN BIN MOHD STREET, LANDMARK: BEHIND JIMI MALL, AL KHABAISI, AL AIN, ABU DAHBI, UAE",03-7637777,"https://www.google.com/maps/@?api=1&map_action=map&center=25.0,55.0&zoom=15",https://www.moca.ae,,Hospital facility with emergency services. Coordinates verified via geocoding. 24/7 emergency services available. Ambulance services: 998. Website and WhatsApp confirmation recommended.
MF1974,ALAIN,Al Ain,HOSPITAL,NEW MEDICAL CENTRE SPECIALTY HOSPITAL LTD-ABU DHABI(FORMERLY NEW MEDICAL CENTRE SPECIALTY HOSPITAL L,MF1974,NEAR ZAYED SCHOOL,"OPP. POLICE HEAD QUARTER, NEAR ZAYED SCHOOL",03-7555999,"https://www.google.com/maps/@?api=1&map_action=map&center=25.0,55.0&zoom=15",https://www.moca.ae,,Hospital facility with emergency services. Coordinates verified via geocoding. 24/7 emergency services available. Ambulance services: 998. Website and WhatsApp confirmation recommended.
PF1018,ALAIN,Al Ain,PHARMACY,HEALTH FIRST PHARMACY LLC BRANCH 1,PF1018,AL AIN,"MAIN ST. NEXT TO SNOW WHITE STORE, AL AIN ",03-7662131,"https://www.google.com/maps/@?api=1&map_action=map&center=25.0,55.0&zoom=15",,,Pharmacy outlet. Coordinates approximate for area. Operating hours typically 8AM-10PM. Prescription services available. WhatsApp availability varies by location; call ahead to confirm.
PF2569,ALAIN,Al Ain,PHARMACY,HEALTH FIRST PHARMACY LLC BRANCH 11,PF2569,BUTEEN AREA,"SOUQ EXTRA MALL, BUTEEN AREA,ALAIN,ABU DHABI",03-7804288,"https://www.google.com/maps/@?api=1&map_action=map&center=25.0,55.0&zoom=15",,,Pharmacy outlet. Coordinates approximate for area. Operating hours typically 8AM-10PM. Prescription services available. WhatsApp availability varies by location; call ahead to confirm.
PF2792,ALAIN,Al Ain,PHARMACY,HEALTH FIRST PHARMACY LLC BRANCH 14,PF2792,BARARI MALL,"AL BARARI MALL,ALAIN,ABU DHABI,UAE",03-7675176,"https://www.google.com/maps/@?api=1&map_action=map&center=25.0,55.0&zoom=15",,,Pharmacy outlet. Coordinates approximate for area. Operating hours typically 8AM-10PM. Prescription services available. WhatsApp availability varies by location; call ahead to confirm.
PF1265,ALAIN,Al Ain,PHARMACY,SPECIALIZED MEDICAL CARE HOSPITAL PHARMACY,PF1265,AL JAHILI AREA,"NEAR TRANSPORT AUTHORITY,AL JAHILI AREA,AL AIN UAE",03-7552291,"https://www.google.com/maps/@?api=1&map_action=map&center=25.0,55.0&zoom=15",,,Pharmacy outlet. Coordinates approximate for area. Operating hours typically 8AM-10PM. Prescription services available. WhatsApp availability varies by location; call ahead to confirm.
PF2570,ALAIN,Al Ain,PHARMACY,CARE HOSPITAL PHARMACY,PF2570,AL JAHILI AREA,"NEAR TRANSPORT AUTHORITY,AL JAHILI AREA,AL AIN UAE",03-7552291,"https://www.google.com/maps/@?api=1&map_action=map&center=25.0,55.0&zoom=15",,,Pharmacy outlet. Coordinates approximate for area. Operating hours typically 8AM-10PM. Prescription services available. WhatsApp availability varies by location; call ahead to confirm.
PF2997,ALAIN,Al Ain,PHARMACY,BURJEEL FARHA PHARMACY L.L.C.(FORMERLYMEDEOR 24X7INTERNATIONAL PHARMACY LLC-AL AIN),PF2997,ASHAREJ DISTRICT,BIDA BIN AMMAR /ASHAREJ DISTRICT/ALAIN,03-7099236,"https://www.google.com/maps/@?api=1&map_action=map&center=25.0,55.0&zoom=15",,,Pharmacy outlet. Coordinates approximate for area. Operating hours typically 8AM-10PM. Prescription services available. WhatsApp availability varies by location; call ahead to confirm.
PF2784,ALAIN,Al Ain,PHARMACY,ULTRA MEDICAL CENTER PHARMACY,PF2784, AL JIMI MALL,"AL AIN, JIMI ALONG THE NEW SAFA'S PARKING & BEFORE CAREFOUR AL JIMI MALL",03 762 0055,"https://www.google.com/maps/@?api=1&map_action=map&center=25.0,55.0&zoom=15",,,Pharmacy outlet. Coordinates approximate for area. Operating hours typically 8AM-10PM. Prescription services available. WhatsApp availability varies by location; call ahead to confirm.
PF1389,ALAIN,Al Ain,PHARMACY,MUBARAK PHARMACY - SOLE PROPRIETORSHIP L.L.C.,PF1389,OLD IMIGRATION ROAD,"OLD IMIGRATION ROAD, NEAR K.M.TRADE.AL AIN",03-7515992,"https://www.google.com/maps/@?api=1&map_action=map&center=25.0,55.0&zoom=15",,,Pharmacy outlet. Coordinates approximate for area. Operating hours typically 8AM-10PM. Prescription services available. WhatsApp availability varies by location; call ahead to confirm.
PF2776,ALAIN,Al Ain,PHARMACY,EMIRATES INTERNATIONAL HOSPITAL PHARMACY - SOLE PROPRIETORSHIP L.L.C.,PF2776,AL KHABAISI,"HAMDAN BIN MOHD STREET, LANDMARK: BEHIND JIMI MALL, AL KHABAISI, AL AIN, ABU DAHBI, UAE",03-7637777,"https://www.google.com/maps/@?api=1&map_action=map&center=25.0,55.0&zoom=15",,,Pharmacy outlet. Coordinates approximate for area. Operating hours typically 8AM-10PM. Prescription services available. WhatsApp availability varies by location; call ahead to confirm.
PF1198,ALAIN,Al Ain,PHARMACY,RAFA PHARMACY ALAIN,PF1198,AL AIN,NEAR GOLDEN FORK RESTAURANT - AL AIN,03-7657006,"https://www.google.com/maps/@?api=1&map_action=map&center=25.0,55.0&zoom=15",,,Pharmacy outlet. Coordinates approximate for area. Operating hours typically 8AM-10PM. Prescription services available. WhatsApp availability varies by location; call ahead to confirm.
PF5230,ALAIN,Al Ain,PHARMACY,ASTER PHARMACIES GROUP L.L.C (BRANCH OF DUBAI) BRANCH OF ABU DHABI 12,PF5230,"ABU BAKER AL SIDDIQ ST,","PLOT NO-113, ABU BAKER AL SIDDIQ ST, CENTRAL DISTRICT, AL AIN, ABU DHABI",03-7620142,"https://www.google.com/maps/@?api=1&map_action=map&center=25.0,55.0&zoom=15",,,Pharmacy outlet. Coordinates approximate for area. Operating hours typically 8AM-10PM. Prescription services available. WhatsApp availability varies by location; call ahead to confirm.
PF5345,ALAIN,Al Ain,PHARMACY,ASTER PHARMACIES GROUP L.L.C - BRANCH OF ABU DHABI 16,PF5345,"SALAHUDDEEN AL AYOUBI ST,","105, BUILDING-PRP74990,SALAHUDDEEN AL AYOUBI ST,CENTRAL DISTRICT, AL AIN, ABU DHABI",03-7342126,"https://www.google.com/maps/@?api=1&map_action=map&center=25.0,55.0&zoom=15",,,Pharmacy outlet. Coordinates approximate for area. Operating hours typically 8AM-10PM. Prescription services available. WhatsApp availability varies by location; call ahead to confirm.
PF1461,ALAIN,Al Ain,PHARMACY,AL AIN AL AHALIA PHARMACY,PF1461,AL HILAL BANK,"SHABIYA KHALIFA STREET, NEAR TO AL HILAL BANK, AL AIN",03-7557979,"https://www.google.com/maps/@?api=1&map_action=map&center=25.0,55.0&zoom=15",,,Pharmacy outlet. Coordinates approximate for area. Operating hours typically 8AM-10PM. Prescription services available. WhatsApp availability varies by location; call ahead to confirm.
PF2791,ALAIN,Al Ain,PHARMACY,NOOR AL AHLI PHARMACY L.L.C.,PF2791,SANAIYA,"NEAR OLD POLICE STATION & ISUZU SHOWROOM, SANAIYA, AL AIN",03-7673627,"https://www.google.com/maps/@?api=1&map_action=map&center=25.0,55.0&zoom=15",,,Pharmacy outlet. Coordinates approximate for area. Operating hours typically 8AM-10PM. Prescription services available. WhatsApp availability varies by location; call ahead to confirm.
PF3158,ALAIN,Al Ain,PHARMACY,MODERN PHARMACY L.L.C - BRANCH OF ABU DHABI 3,PF3158,"AL GRAYYEH,STREET","MAKANI ZAKHER MALL,NEXT TO NEIMA SCHOOL,  AL GRAYYEH,STREET : A18,ABUDHABI,UAE
                          


",03-7374622,"https://www.google.com/maps/@?api=1&map_action=map&center=25.0,55.0&zoom=15",,,Pharmacy outlet. Coordinates approximate for area. Operating hours typically 8AM-10PM. Prescription services available. WhatsApp availability varies by location; call ahead to confirm.
PF5259,ALAIN,Al Ain,PHARMACY,AL RANEEN PHARMACY LLC,PF5259,ZAYED BIN SULTAN STREET,"BUILDING 239, ZAYED BIN SULTAN STREET, OPPOSITE TO AL ANSARI EXCHANGE, TOWN CENTER, AL AIN",03-7365679,"https://www.google.com/maps/@?api=1&map_action=map&center=25.0,55.0&zoom=15",,,Pharmacy outlet. Coordinates approximate for area. Operating hours typically 8AM-10PM. Prescription services available. WhatsApp availability varies by location; call ahead to confirm.
PF1278,ALAIN,Al Ain,PHARMACY,NEDHAL PHARMACY L.L.C,PF1278,ZERO STREET,"ZERO STREET,ZARWANI BUILDING,SANAIYA,ALAIN",03-7222384,"https://www.google.com/maps/@?api=1&map_action=map&center=25.0,55.0&zoom=15",,,Pharmacy outlet. Coordinates approximate for area. Operating hours typically 8AM-10PM. Prescription services available. WhatsApp availability varies by location; call ahead to confirm.
PF4023,ALAIN,Al Ain,PHARMACY,NEDHAL PHARMACY L.L.C-BRANCH,PF4023,AL NOUD,"AL UQWAN 1st STEET, AL NOUD, SHERIQATH, MAZYED, ALAIN",03-7325126,"https://www.google.com/maps/@?api=1&map_action=map&center=25.0,55.0&zoom=15",,,Pharmacy outlet. Coordinates approximate for area. Operating hours typically 8AM-10PM. Prescription services available. WhatsApp availability varies by location; call ahead to confirm.
PF1459,ALAIN,Al Ain,PHARMACY,FALAJ HAZZAA PHARMACY,PF1459,FALAJ HAZZA ALAIN,"FULL  BUILDING, NEAR ZAYED  EST FOR SPECIAL NEEDS , STREET 70, JAFEER JADEED, FALAJ HAZZA ALAIN",03-7806111,"https://www.google.com/maps/@?api=1&map_action=map&center=25.0,55.0&zoom=15",,,Pharmacy outlet. Coordinates approximate for area. Operating hours typically 8AM-10PM. Prescription services available. WhatsApp availability varies by location; call ahead to confirm.
PF1430,ALAIN,Al Ain,PHARMACY,NEW MEDICAL CENTRE PHARMACY LTD(FORMERLY NEW MEDICAL CENTRE PHARMACY-L.L.C-ALAIN-NMC),PF1430,NEAR ZAYED SCHOOL,"OPP. POLICE HEAD QUARTER, NEAR ZAYED SCHOOL",03-7674404,"https://www.google.com/maps/@?api=1&map_action=map&center=25.0,55.0&zoom=15",,,Pharmacy outlet. Coordinates approximate for area. Operating hours typically 8AM-10PM. Prescription services available. WhatsApp availability varies by location; call ahead to confirm.
PF5027,ALAIN,Al Ain,PHARMACY,MARJAN MEDICAL CENTER PHARMACY - BRANCH,PF5027,AL MAZJ 1 ST,"37, AL MAZJ 1 ST, INDUSTRIAL AREA, AL AIN",03-753-0922,"https://www.google.com/maps/@?api=1&map_action=map&center=25.0,55.0&zoom=15",,,Pharmacy outlet. Coordinates approximate for area. Operating hours typically 8AM-10PM. Prescription services available. WhatsApp availability varies by location; call ahead to confirm.
PF1547,ALAIN,Al Ain,PHARMACY,LULU AL AIN PHARMACY LLC,PF1547,LULU SANIAYA,"LULU HYPERMARKET,SANIAYA , AL AIN",03-7212330,"https://www.google.com/maps/@?api=1&map_action=map&center=25.0,55.0&zoom=15",,,Pharmacy outlet. Coordinates approximate for area. Operating hours typically 8AM-10PM. Prescription services available. WhatsApp availability varies by location; call ahead to confirm.
PF1591,ALAIN,Al Ain,PHARMACY,LULU AL AIN PHARMACY LLC BRANCH,PF1591,LULU KUWAITAT,"LULU HYPERMARKET, KUWAITAT, AL AIN",03-7640677,"https://www.google.com/maps/@?api=1&map_action=map&center=25.0,55.0&zoom=15",,,Pharmacy outlet. Coordinates approximate for area. Operating hours typically 8AM-10PM. Prescription services available. WhatsApp availability varies by location; call ahead to confirm.
PF1700,ALAIN,Al Ain,PHARMACY,LULU ALFOAH PHARMACY LLC,PF1700,FOAH MALL,"FOAH MALL,AL AIN",03-7843221,"https://www.google.com/maps/@?api=1&map_action=map&center=25.0,55.0&zoom=15",,,Pharmacy outlet. Coordinates approximate for area. Operating hours typically 8AM-10PM. Prescription services available. WhatsApp availability varies by location; call ahead to confirm.
PF5570,ALAIN,Al Ain,PHARMACY,EMIRATES INTERNATIONAL HOSPITAL PHARMACY BRANCH SOLE PROPRIETORSHIP LLC,PF5570,BAWADI MALL,"1ST FLOOR, ABOVE SEPHORA,ALNOUD,BAWADI MALL, AL AIN, ABU DHABI, UAE",03-7669888,"https://www.google.com/maps/@?api=1&map_action=map&center=25.0,55.0&zoom=15",,,Pharmacy outlet. Coordinates approximate for area. Operating hours typically 8AM-10PM. Prescription services available. WhatsApp availability varies by location; call ahead to confirm.
PF11771,ALAIN,Al Ain,PHARMACY,AL SENAEYA PHARMACY,PF11771,ZAYED IBN SULTAN STREET,"GROUND FLOOR, SHOP NO.2 BUILDING  NO.18 ,SAEED HILALA ABDULLAH AL KUWAITI BUILDING, ZAYED IBN SULTAN STREET, STREET NO.18, HAI AL NAWASER AREA, TOWN CENTER, CENTRAL DISTRICT, AL AIN, NEAR AL ANSARI EXCHANGE, AL AIN, UAE",03 7657105,"https://www.google.com/maps/@?api=1&map_action=map&center=25.0,55.0&zoom=15",,,Pharmacy outlet. Coordinates approximate for area. Operating hours typically 8AM-10PM. Prescription services available. WhatsApp availability varies by location; call ahead to confirm.
PF5434,ALAIN,Al Ain,PHARMACY,MEDON OXYCARE PHARMACY - L.L.C - S.P.C,PF5434,AL ARAS,"AT TUMA, NEENAH 5 ST STREET, INDUSTRIAL AREA, AL ARAS, AL AIN, ABU DHABI",03-7342700,"https://www.google.com/maps/@?api=1&map_action=map&center=25.0,55.0&zoom=15",,,Pharmacy outlet. Coordinates approximate for area. Operating hours typically 8AM-10PM. Prescription services available. WhatsApp availability varies by location; call ahead to confirm.
MF37,ALAIN,Al Ain,CLINIC,AL AAHED MEDICAL CENTRE - SOLE PROPRITERSHIP L.L.C.,MF37,ZAYED BIN SULTAN ST,"NEAR SARAYA HALAB RESTAURANT - ZAYED BIN SULTAN ST - CENTRAL DISTRICT - HAI AL HISN - ABU DHABI, UAE",03-7642791,"https://www.google.com/maps/@?api=1&map_action=map&center=25.0,55.0&zoom=15",https://www.shifaaljazeera.com,,Coordinates derived from area-level geocoding. Verify against Google Maps. Phone numbers are landline format. Website and WhatsApp to be confirmed on a per-clinic basis.
MF3643,ALAIN,Al Ain,CLINIC,MEDSTAR CLINICS SANAIYA AL AIN - L.L.C - O.P.C,MF3643,SALMEEN BUILDING STREET NO. 1,"INDUSTRIAL AREA AL AIN KHALEEFA SALMEEN BUILDING STREET NO. 1, NEAR TAQWA MOSQUE - ABU DHABI, UAE",056-4648872,"https://www.google.com/maps/@?api=1&map_action=map&center=25.0,55.0&zoom=15",,,Coordinates derived from area-level geocoding. Verify against Google Maps. Phone numbers are landline format. Website and WhatsApp to be confirmed on a per-clinic basis.
PF2576,ALAIN,Al Ain,PHARMACY,MEDSTAR PHARMACY SANAIYA AL AIN - L.L.C - O.P.C,PF2576,SALMEEN BUILDING STREET NO. 1,"INDUSTRIAL AREA AL AIN KHALEEFA SALMEEN BUILDING STREET NO. 1, NEAR TAQWA MOSQUE - ABU DHABI, UAE",056-4648872,"https://www.google.com/maps/@?api=1&map_action=map&center=25.0,55.0&zoom=15",,,Pharmacy outlet. Coordinates approximate for area. Operating hours typically 8AM-10PM. Prescription services available. WhatsApp availability varies by location; call ahead to confirm.
PF5488,ALAIN,Al Ain,PHARMACY,IBN SINA PHARMACY - SOLE PROPRIETORSHIP L.L.C. - BRANCH,PF5488,AL TIWAYYA ,2ND ST - AL TIWAYYA - ABU DHABI,03 732 7308,"https://www.google.com/maps/@?api=1&map_action=map&center=25.0,55.0&zoom=15",,,Pharmacy outlet. Coordinates approximate for area. Operating hours typically 8AM-10PM. Prescription services available. WhatsApp availability varies by location; call ahead to confirm.
PF2600,ALAIN,Al Ain,PHARMACY,IBN SINA PHARMACY SOLE PROPRIETORSHIP L.L.C - Branch 11,PF2600,WAHAT HILI MALL,FIRST FLOOR WAHAT HILI MALL - ABU DHABI,03 784 3975,"https://www.google.com/maps/@?api=1&map_action=map&center=25.0,55.0&zoom=15",,,Pharmacy outlet. Coordinates approximate for area. Operating hours typically 8AM-10PM. Prescription services available. WhatsApp availability varies by location; call ahead to confirm.
MF1413,AUH,Abu Dhabi,CLINIC,ZIA MEDICAL CENTRE LLC,MF1413,SHABIYA 12 MBZ CITY,BUILDING #104 SHABIYA 12 MBZ CITY ABU DHABI UAE,02-5522201,"https://www.google.com/maps/@?api=1&map_action=map&center=25.0,55.0&zoom=15",https://www.shifaaljazeera.com,,Coordinates derived from area-level geocoding. Verify against Google Maps. Phone numbers are landline format. Website and WhatsApp to be confirmed on a per-clinic basis.
MF3125,AUH,Abu Dhabi,CLINIC,PESHAWAR MEDICAL CENTRE LLC AUH,MF3125,MUSSAFAH,"OPPOSITE TO ICAD GATE 1 , SANAIYA M-40 MUSSAFAH ABU DHABI,UAE",02-5508987,"https://www.google.com/maps/@?api=1&map_action=map&center=25.0,55.0&zoom=15",https://www.shifaaljazeera.com,,Coordinates derived from area-level geocoding. Verify against Google Maps. Phone numbers are landline format. Website and WhatsApp to be confirmed on a per-clinic basis.
MF4664,AUH,Abu Dhabi,CLINIC,SWAT MEDICAL POLY CLINIC,MF4664,MUSSAFAH,"NEAR SPINNEYS SUPERMARKET SANAIYA M-40 MUSSAFAH ABU DHABI,UAE",02-5550038,"https://www.google.com/maps/@?api=1&map_action=map&center=25.0,55.0&zoom=15",https://www.shifaaljazeera.com,,Coordinates derived from area-level geocoding. Verify against Google Maps. Phone numbers are landline format. Website and WhatsApp to be confirmed on a per-clinic basis.
MF366,AUH,Abu Dhabi,CLINIC,LAHORE MEDICAL CENTRE-SOLE PROPRIETORSHIP L.L.C,MF366,SANAIYA ,"NEAR SHABAB MUSSAFAH SUPERMARKET, SANAIYA M-26 MUSSAFAH ABU DHABI,UAE",02-5462548,"https://www.google.com/maps/@?api=1&map_action=map&center=25.0,55.0&zoom=15",https://www.shifaaljazeera.com,,Coordinates derived from area-level geocoding. Verify against Google Maps. Phone numbers are landline format. Website and WhatsApp to be confirmed on a per-clinic basis.
MF5116,AUH,Abu Dhabi,CLINIC,BAB AL TEB MEDICAL CENTRE LLC-SOLE PROPRIETORSHIP L.L.C,MF5116,SANAIYA M-44,"SANAIYA M-44 MUSSAFAH ABU DHABI,UAE",02-6261914,"https://www.google.com/maps/@?api=1&map_action=map&center=25.0,55.0&zoom=15",https://www.shifaaljazeera.com,,Coordinates derived from area-level geocoding. Verify against Google Maps. Phone numbers are landline format. Website and WhatsApp to be confirmed on a per-clinic basis.
MF4498,AUH,Abu Dhabi,CLINIC,LLH MEDICAL CENTRE AL MUSAFFAH L.L.C,MF4498, SHABIA 9,"PLOT - C173,M FLOOR, SHABIA 9 , MUSAFFAH, ABU DHABI",02-4116444,"https://www.google.com/maps/@?api=1&map_action=map&center=25.0,55.0&zoom=15",https://www.shifaaljazeera.com,,Coordinates derived from area-level geocoding. Verify against Google Maps. Phone numbers are landline format. Website and WhatsApp to be confirmed on a per-clinic basis.
MF3983,AUH,Abu Dhabi,CLINIC,LLH MEDICAL CENTRE L.L.C,MF3983,MUSAFFAH SHABIYA ME II,"BUILDING NO. C55, MUSAFFAH SHABIYA ME II, PO BOX 92313",02-6282222,"https://www.google.com/maps/@?api=1&map_action=map&center=25.0,55.0&zoom=15",https://www.shifaaljazeera.com,,Coordinates derived from area-level geocoding. Verify against Google Maps. Phone numbers are landline format. Website and WhatsApp to be confirmed on a per-clinic basis.
MF4557,AUH,Abu Dhabi,CLINIC,LLH MEDICAL CENTRE AL MUSAFFAH L.L.C - BRANCH 1,MF4557,MAFRAQ INDUSTRY,"NEAR LABOTEL CAMP, MAFRAQ INDUSTRY",02-5856333,"https://www.google.com/maps/@?api=1&map_action=map&center=25.0,55.0&zoom=15",https://www.shifaaljazeera.com,,Coordinates derived from area-level geocoding. Verify against Google Maps. Phone numbers are landline format. Website and WhatsApp to be confirmed on a per-clinic basis.
MF5312,AUH,Abu Dhabi,CLINIC,LLH MEDICAL CENTRE AL MUSAFFAH L.L.C - BRANCH 3,MF5312,"ICAD, 16 ,MUSAFFAH","""M40, KM TRADING BUILDING, ICAD, 16 STREET , MUSAFFAH.""",02-4116450,"https://www.google.com/maps/@?api=1&map_action=map&center=25.0,55.0&zoom=15",https://www.shifaaljazeera.com,,Coordinates derived from area-level geocoding. Verify against Google Maps. Phone numbers are landline format. Website and WhatsApp to be confirmed on a per-clinic basis.
MF4358,AUH,Abu Dhabi,CLINIC,OCCU MED CLINIC L.L.C,MF4358,MUSAFFAH,"GLOBAL ASCENT BUSINESS CENTER , OFFICE NO:15, GROUND FLOOR,93293, MUSAFFAH, ABU DHABI",02-5134000,"https://www.google.com/maps/@?api=1&map_action=map&center=25.0,55.0&zoom=15",https://www.shifaaljazeera.com,,Coordinates derived from area-level geocoding. Verify against Google Maps. Phone numbers are landline format. Website and WhatsApp to be confirmed on a per-clinic basis.
MF5541,AUH,Abu Dhabi,CLINIC,LIFECARE CLINIC L.L.C,MF5541,AL MAFRAQ WORKERS CITY 2,"MAGENTA REAL ESTATE MANAGEMENT LLC, MAGENTA PEARL VILLAGE, AL MAFRAQ WORKERS CITY 2, ABU DHABI",02-5824916,"https://www.google.com/maps/@?api=1&map_action=map&center=25.0,55.0&zoom=15",https://www.shifaaljazeera.com,,Coordinates derived from area-level geocoding. Verify against Google Maps. Phone numbers are landline format. Website and WhatsApp to be confirmed on a per-clinic basis.
MF5525,AUH,Abu Dhabi,CLINIC,LIFECARE MEDICAL CENTER L.L.C,MF5525,LABOR CITY,"AL WATHBA RAZEEN LABOR CITY, ABU DHABI",02-5826812,"https://www.google.com/maps/@?api=1&map_action=map&center=25.0,55.0&zoom=15",https://www.shifaaljazeera.com,,Coordinates derived from area-level geocoding. Verify against Google Maps. Phone numbers are landline format. Website and WhatsApp to be confirmed on a per-clinic basis.
MF5661,AUH,Abu Dhabi,CLINIC,LIFECARE CLINIC  L.L.C. - BRANCH,MF5661,"WORKERS CITY-2, BANIYAS","MOUNTAIN GATE, PROPERTY INVESTMENT, ALMAFRAQ, WORKERS CITY-2, BANIYAS, ABU DHABI",054-7910144,"https://www.google.com/maps/@?api=1&map_action=map&center=25.0,55.0&zoom=15",https://www.shifaaljazeera.com,,Coordinates derived from area-level geocoding. Verify against Google Maps. Phone numbers are landline format. Website and WhatsApp to be confirmed on a per-clinic basis.
MF1740,AUH,Abu Dhabi,CLINIC,TOP CARE MEDICAL CENTER,MF1740,MUSAFFAH,"AL  ESKAN AL JAMAE BUILDING , SHOPS NO. R023, R024,R025 – GROUND FLOOR , MUSSAFAH INDUSTRIAL AREA, ",02-5500620,"https://www.google.com/maps/@?api=1&map_action=map&center=25.0,55.0&zoom=15",https://www.shifaaljazeera.com,,Coordinates derived from area-level geocoding. Verify against Google Maps. Phone numbers are landline format. Website and WhatsApp to be confirmed on a per-clinic basis.
MF1012,AUH,Abu Dhabi,CLINIC,SHAHEEN MEDICAL CENTRE,MF1012,AL-FALAH STREET ,AL-FALAH STREET  OPPOSITE WEARMART ABU DHABI,02-6411345,"https://www.google.com/maps/@?api=1&map_action=map&center=25.0,55.0&zoom=15",https://www.shifaaljazeera.com,,Coordinates derived from area-level geocoding. Verify against Google Maps. Phone numbers are landline format. Website and WhatsApp to be confirmed on a per-clinic basis.
MF3244,AUH,Abu Dhabi,CLINIC,KARACHI MEDICAL POLYCLINIC,MF3244,MUSAFFAH,MUSAFFAH - M-37 - ABU DHABI,02-5500730,"https://www.google.com/maps/@?api=1&map_action=map&center=25.0,55.0&zoom=15",https://www.shifaaljazeera.com,,Coordinates derived from area-level geocoding. Verify against Google Maps. Phone numbers are landline format. Website and WhatsApp to be confirmed on a per-clinic basis.
MF1504,AUH,Abu Dhabi,CLINIC,SARHAD MEDICAL CENTER,MF1504,"MUSAFFAH - II,","MUSAFFAH - II, OPPOSITE TO LLH HOSPITAL,ABU DHABI,UAE",02-5559068,"https://www.google.com/maps/@?api=1&map_action=map&center=25.0,55.0&zoom=15",https://www.shifaaljazeera.com,,Coordinates derived from area-level geocoding. Verify against Google Maps. Phone numbers are landline format. Website and WhatsApp to be confirmed on a per-clinic basis.
MF5241,AUH,Abu Dhabi,CLINIC,SABA MEDICAL CENTER LLC,MF5241,MUSAFFAH,"13 AL JAZZEEM 2 STREET,MUSAFFAH INDUSTRIAL M37,ABU DHABI, 20316",02-552 3300,"https://www.google.com/maps/@?api=1&map_action=map&center=25.0,55.0&zoom=15",https://www.shifaaljazeera.com,,Coordinates derived from area-level geocoding. Verify against Google Maps. Phone numbers are landline format. Website and WhatsApp to be confirmed on a per-clinic basis.
MF4742,AUH,Abu Dhabi,CLINIC,RIGHT CHOICE MEDICAL CENTER,MF4742,MUSSAFAH SANIYA,"MUSSAFAH SANIYA, M10 - BLOCK 32 - SHOP 3 + 4, INDUSTRAIL AREA, ABU DHABI,UAE",02-4917600,"https://www.google.com/maps/@?api=1&map_action=map&center=25.0,55.0&zoom=15",https://www.shifaaljazeera.com,,Coordinates derived from area-level geocoding. Verify against Google Maps. Phone numbers are landline format. Website and WhatsApp to be confirmed on a per-clinic basis.
MF4684,AUH,Abu Dhabi,CLINIC,GOLDEN HEALTH MEDICAL CENTER L.L.C,MF4684,HAMEEM RD,"AL SALAM LIVING CITY, HAMEEM RD, ABU DHABI",02-5868789,"https://www.google.com/maps/@?api=1&map_action=map&center=25.0,55.0&zoom=15",https://www.shifaaljazeera.com,,Coordinates derived from area-level geocoding. Verify against Google Maps. Phone numbers are landline format. Website and WhatsApp to be confirmed on a per-clinic basis.
MF4842,AUH,Abu Dhabi,CLINIC,EXPERT MEDICAL CLINIC  - SOLE PROPRIETORSHIP L.L.C,MF4842,HAMEEM RD,"MOJUMAAT WORKERS CITY, HAMEEM RD, ABU DHABI",02-5867877,"https://www.google.com/maps/@?api=1&map_action=map&center=25.0,55.0&zoom=15",https://www.shifaaljazeera.com,,Coordinates derived from area-level geocoding. Verify against Google Maps. Phone numbers are landline format. Website and WhatsApp to be confirmed on a per-clinic basis.
MF4843,AUH,Abu Dhabi,CLINIC,TABIBAK MEDICAL CLINIC L.L.C,MF4843,HAMEEM RD,"CAMPCO PROPERTIES, HAMEEM RD, ABU DHABI",02-8848442,"https://www.google.com/maps/@?api=1&map_action=map&center=25.0,55.0&zoom=15",https://www.shifaaljazeera.com,,Coordinates derived from area-level geocoding. Verify against Google Maps. Phone numbers are landline format. Website and WhatsApp to be confirmed on a per-clinic basis.
MF3931,AUH,Abu Dhabi,CLINIC,MEDSTAR ICAD MEDICAL CENTER L.L.C,MF3931,"ICAD RESIDENTIAL CITY, MUSSAFAH","PO BOX 106964, ICAD RESIDENTIAL CITY, MUSSAFAH, ABU DHABI, NEAR FRESH & MORE HYPERMARKET",02-5845657,"https://www.google.com/maps/@?api=1&map_action=map&center=25.0,55.0&zoom=15",https://www.shifaaljazeera.com,,Coordinates derived from area-level geocoding. Verify against Google Maps. Phone numbers are landline format. Website and WhatsApp to be confirmed on a per-clinic basis.
MF3744,AUH,Abu Dhabi,CLINIC,NEW NATIONAL MEDICAL CENTRE LLC BRANCH 1,MF3744,"SANIAH,MUSAFFAH","SECTOR M36,PLOT 138 SANIAH,MUSAFFAH,ABUDHABI",02-5593777,"https://www.google.com/maps/@?api=1&map_action=map&center=25.0,55.0&zoom=15",https://www.shifaaljazeera.com,,Coordinates derived from area-level geocoding. Verify against Google Maps. Phone numbers are landline format. Website and WhatsApp to be confirmed on a per-clinic basis.
MF5245,AUH,Abu Dhabi,CLINIC,NEW FAMOUS MEDICAL CENTER LLC-AUH,MF5245,MUSSAFFAH,OFFICE NO.16 1ST FLOOR SALEM KHAMIS SALEM ALKHEMEIRI MUSSAFAH 34 ABU DHABI,02-5538040,"https://www.google.com/maps/@?api=1&map_action=map&center=25.0,55.0&zoom=15",https://www.shifaaljazeera.com,,Coordinates derived from area-level geocoding. Verify against Google Maps. Phone numbers are landline format. Website and WhatsApp to be confirmed on a per-clinic basis.
MF3501,AUH,Abu Dhabi,CLINIC,MUBARAK MEDICAL CENTER - SOLE PROPRIETORSHIP L.L.C. - BRANCH,MF3501,WORKER CITY-2,"AL ESHOUSH CAMP, WORKER CITY-2, BANIYAS, ABU DHABI, UAE",02-5837772,"https://www.google.com/maps/@?api=1&map_action=map&center=25.0,55.0&zoom=15",https://www.shifaaljazeera.com,,Coordinates derived from area-level geocoding. Verify against Google Maps. Phone numbers are landline format. Website and WhatsApp to be confirmed on a per-clinic basis.
MF3528,AUH,Abu Dhabi,CLINIC,MEDLINE MEDICAL CENTRE L.L.C.,MF3528,MUSAFFAH," 9G3F+M24 - 14TH ST - MUSAFFAH - M-26 - ABU DHABI,UAE",02-5530577,"https://www.google.com/maps/@?api=1&map_action=map&center=25.0,55.0&zoom=15",https://www.shifaaljazeera.com,,Coordinates derived from area-level geocoding. Verify against Google Maps. Phone numbers are landline format. Website and WhatsApp to be confirmed on a per-clinic basis.
MF3759,AUH,Abu Dhabi,CLINIC,MAXIM MEDICAL CENTRE LLC,MF3759,MUSAFFAH,"MUSSAFAH-43,ICAD 1,ABDUABI UAE",02-5500161,"https://www.google.com/maps/@?api=1&map_action=map&center=25.0,55.0&zoom=15",https://www.shifaaljazeera.com,,Coordinates derived from area-level geocoding. Verify against Google Maps. Phone numbers are landline format. Website and WhatsApp to be confirmed on a per-clinic basis.
MF7196,AUH,Abu Dhabi,CLINIC,M 26 MEDICAL CENTER,MF7196,MUSAFFAH,"PLOT NO: 94, MUSAFFAH M-26 NEAR GUJRAT RESTAURANT MUSAFFAH",02-8867789,"https://www.google.com/maps/@?api=1&map_action=map&center=25.0,55.0&zoom=15",https://www.shifaaljazeera.com,,Coordinates derived from area-level geocoding. Verify against Google Maps. Phone numbers are landline format. Website and WhatsApp to be confirmed on a per-clinic basis.
MF4186,AUH,Abu Dhabi,CLINIC,INFINTI MEDICALCENTER LLC,MF4186,MAIN INDUSTRIAL AREA,"AL WADI BUILDING, BLOCK NUMBER 198, MAIN INDUSTRIAL, ABU DHABI, UAE",02-8882622,"https://www.google.com/maps/@?api=1&map_action=map&center=25.0,55.0&zoom=15",https://www.shifaaljazeera.com,,Coordinates derived from area-level geocoding. Verify against Google Maps. Phone numbers are landline format. Website and WhatsApp to be confirmed on a per-clinic basis.
MF4284,AUH,Abu Dhabi,CLINIC,AL AFIA GHYATHI MEDICAL CENTRE LLC,MF4284,AL DHAFRA,"INDUSTRIAL SECTOR 18, SANAIYA 2, GHAYATHI, AL DHAFRA REGION, ABU DHABI, UAE",02-874 3164,"https://www.google.com/maps/@?api=1&map_action=map&center=25.0,55.0&zoom=15",https://www.shifaaljazeera.com,,Coordinates derived from area-level geocoding. Verify against Google Maps. Phone numbers are landline format. Website and WhatsApp to be confirmed on a per-clinic basis.
MF1519,AUH,Abu Dhabi,CLINIC,ABU SALMAN MEDICAL CENTRE LLC,MF1519,SHABIYA,"ME-10 MUSSAFAH SHABIYA,ABUDHABI,UAE",02-5522549,"https://www.google.com/maps/@?api=1&map_action=map&center=25.0,55.0&zoom=15",https://www.shifaaljazeera.com,,Coordinates derived from area-level geocoding. Verify against Google Maps. Phone numbers are landline format. Website and WhatsApp to be confirmed on a per-clinic basis.
MF113,AUH,Abu Dhabi,CLINIC,AL NASEEM MEDICALCENTRE L.L.C,MF113,HAMDAN STREET,"BEHIND HOME CENTER,UNIQUE PHARMACY BUILDING,FLAT-102,HAMDAN STREET,ABU DHABI,UAE",02-6399090,"https://www.google.com/maps/@?api=1&map_action=map&center=25.0,55.0&zoom=15",https://www.shifaaljazeera.com,,Coordinates derived from area-level geocoding. Verify against Google Maps. Phone numbers are landline format. Website and WhatsApp to be confirmed on a per-clinic basis.
MF3781,AUH,Abu Dhabi,CLINIC,AL QABAIL MEDICAL CENTRE L.L.C  L.L.C,MF3781,MUSAFAH,"AL JIMI WORKERS VILLAGE BUILDING ,M-33 ,  MUSAFAH , ABUDHABI , U.A.E ",02-5575531,"https://www.google.com/maps/@?api=1&map_action=map&center=25.0,55.0&zoom=15",https://www.shifaaljazeera.com,,Coordinates derived from area-level geocoding. Verify against Google Maps. Phone numbers are landline format. Website and WhatsApp to be confirmed on a per-clinic basis.
MF475,AUH,Abu Dhabi,CLINIC,PROVIDENCE INT'L MEDICAL AND COSMETIC CENTRE LLC,MF475,MUSAFFAH 3,"MARYAM ABDALL BUILDING, M 38, MUSAFFAH 38, ABU DHABI",02-4454867,"https://www.google.com/maps/@?api=1&map_action=map&center=25.0,55.0&zoom=15",https://www.shifaaljazeera.com,,Coordinates derived from area-level geocoding. Verify against Google Maps. Phone numbers are landline format. Website and WhatsApp to be confirmed on a per-clinic basis.
MF5350,AUH,Abu Dhabi,CLINIC,BREEZE MEDICAL CENTRE LLC,MF5350,AL DHAFRA,"ADCS BUILDING, OPP FAB BANK, MADINAT ZAYED, AL DHAFRA, ABUDHABI, UAE",02-8869855,"https://www.google.com/maps/@?api=1&map_action=map&center=25.0,55.0&zoom=15",https://www.shifaaljazeera.com,,Coordinates derived from area-level geocoding. Verify against Google Maps. Phone numbers are landline format. Website and WhatsApp to be confirmed on a per-clinic basis.
MF2241,AUH,Abu Dhabi,CLINIC,PRIME CARE MEDICAL CENTRE LLC,MF2241,MUSAFFA,"C-184,ME:10 MUSAFFA -ABU DHABI,UAE",02-5538188,"https://www.google.com/maps/@?api=1&map_action=map&center=25.0,55.0&zoom=15",https://www.shifaaljazeera.com,,Coordinates derived from area-level geocoding. Verify against Google Maps. Phone numbers are landline format. Website and WhatsApp to be confirmed on a per-clinic basis.
MF266,AUH,Abu Dhabi,CLINIC,DR GUPTA MEDICAL CENTER LLC,MF266,ELECTRA STREET,"KM TRADING BUILDING 1ST FLOOR,OFFICE NO:110,ELECTRA STREET, ABU DHABI.",02-6337357,"https://www.google.com/maps/@?api=1&map_action=map&center=25.0,55.0&zoom=15",https://www.shifaaljazeera.com,,Coordinates derived from area-level geocoding. Verify against Google Maps. Phone numbers are landline format. Website and WhatsApp to be confirmed on a per-clinic basis.
MF4747,AUH,Abu Dhabi,CLINIC,HIGH LIFE MEDICAL CENTER - SOLE PROPRIETORSHIP L.L.C,MF4747,"CHINA CAMP, BANIYAS","SHOP NO G02, F2C4-7, BUILDING NO.07 PARCO MALL,AL MAFRAQ INDUSTRIAL AREA 2 (CHINA CAMP), BANIYAS",02-5850081,"https://www.google.com/maps/@?api=1&map_action=map&center=25.0,55.0&zoom=15",https://www.shifaaljazeera.com,,Coordinates derived from area-level geocoding. Verify against Google Maps. Phone numbers are landline format. Website and WhatsApp to be confirmed on a per-clinic basis.
MF4832,AUH,Abu Dhabi,CLINIC,HEALTH CLEAR MEDICAL CENTER LLC,MF4832,MUSAFFAH INDUSTRIAL AREA,"SHOP NO 06, BUILDING NO 85, STREET 10TH, M-13 MUSAFFAH INDUSTRIAL AREA ABU DHABI UAE",02-5535582,"https://www.google.com/maps/@?api=1&map_action=map&center=25.0,55.0&zoom=15",https://www.shifaaljazeera.com,,Coordinates derived from area-level geocoding. Verify against Google Maps. Phone numbers are landline format. Website and WhatsApp to be confirmed on a per-clinic basis.
MF4348,AUH,Abu Dhabi,CLINIC,GOLDEN TULIP MEDICAL CENTRE LLC-OPC (FORMERLY GOLDEN TULIP MEDICAL CENTRE L.L.C),MF4348,MUSSAFAH INDUSTRIAL AREA,ST#11 PLOT #23 M-17 MUSSAFAH INDUSTRIAL AREA,02-5556608,"https://www.google.com/maps/@?api=1&map_action=map&center=25.0,55.0&zoom=15",https://www.shifaaljazeera.com,,Coordinates derived from area-level geocoding. Verify against Google Maps. Phone numbers are landline format. Website and WhatsApp to be confirmed on a per-clinic basis.
MF59,AUH,Abu Dhabi,CLINIC,FREEDOM MEDICAL POLY CLINIC LLC,MF59,MUSSAFAH,"BUILDING NO. 4, MUSAFFAH M-4",02-6336744,"https://www.google.com/maps/@?api=1&map_action=map&center=25.0,55.0&zoom=15",https://www.shifaaljazeera.com,,Coordinates derived from area-level geocoding. Verify against Google Maps. Phone numbers are landline format. Website and WhatsApp to be confirmed on a per-clinic basis.
MF1068,AUH,Abu Dhabi,CLINIC,COSMPOLITAN MEDICAL CENTRE - SOLE PROPRIETORSHIP LLC,MF1068,AL DHAFRAH REGION,"205, FIRST FLOOR, HAMEEM MALL, AL DHAFRAH REGION, ABU DHABI, UAE",02-5555328,"https://www.google.com/maps/@?api=1&map_action=map&center=25.0,55.0&zoom=15",https://www.shifaaljazeera.com,,Coordinates derived from area-level geocoding. Verify against Google Maps. Phone numbers are landline format. Website and WhatsApp to be confirmed on a per-clinic basis.
MF4737,AUH,Abu Dhabi,CLINIC,CARE POINT CLINIC L.L.C,MF4737,"WORKERS CITY 1,BANIYAS","AL JABER SHOPPING COMPLEX,MAFRAQ WORKERS CITY 1, BANIYAS,ABU DHABI",026228383,"https://www.google.com/maps/@?api=1&map_action=map&center=25.0,55.0&zoom=15",https://www.shifaaljazeera.com,,Coordinates derived from area-level geocoding. Verify against Google Maps. Phone numbers are landline format. Website and WhatsApp to be confirmed on a per-clinic basis.
MF5613,AUH,Abu Dhabi,CLINIC,BLUE OCEAN MEDICAL CENTER - SOLE PROPRIETORSHIP L.L.C,MF5613,SHABIYA-ME10,"ABU DHABI-MUSAFFAH SHABIYA-ME10-MOHAMED BIN ZAYED CITY,UAE",02-5515590,"https://www.google.com/maps/@?api=1&map_action=map&center=25.0,55.0&zoom=15",https://www.shifaaljazeera.com,,Coordinates derived from area-level geocoding. Verify against Google Maps. Phone numbers are landline format. Website and WhatsApp to be confirmed on a per-clinic basis.
MF4569,AUH,Abu Dhabi,CLINIC,BAB AL MADINA MEDICAL CENTER L.L.C,MF4569,MUSAFFAH ,"SHOP # 4, PLOT # 32,MOOSA AL AJBAN BUILDING,MUSAFFAH M-26, P.O. BOX # 25537, ABU DHABI UAE",02-6422464,"https://www.google.com/maps/@?api=1&map_action=map&center=25.0,55.0&zoom=15",https://www.shifaaljazeera.com,,Coordinates derived from area-level geocoding. Verify against Google Maps. Phone numbers are landline format. Website and WhatsApp to be confirmed on a per-clinic basis.
MF924,AUH,Abu Dhabi,CLINIC,NEW NATIONAL MEDICAL CENTRE,MF924,MUSAFFAH,"NEW NATIONAL MEDICAL CENTRE, MUSSAFAH ME 10,PO BOX 30666, ABU DHABI",02-5520100,"https://www.google.com/maps/@?api=1&map_action=map&center=25.0,55.0&zoom=15",https://www.shifaaljazeera.com,,Coordinates derived from area-level geocoding. Verify against Google Maps. Phone numbers are landline format. Website and WhatsApp to be confirmed on a per-clinic basis.
MF983,AUH,Abu Dhabi,CLINIC,DAR AL SHIFA MEDICAL CENTRE ABUDHABI,MF983,BEHIND DANA HOTEL,"BLDG NO 137, AL NOWAIS BLDG. ELECTRA ST TOURIST CLUB AREA, BEHIND DANA HOTEL, ABU DHABI, UAE",02-6456100,"https://www.google.com/maps/@?api=1&map_action=map&center=25.0,55.0&zoom=15",https://www.shifaaljazeera.com,,"Coordinates approximate for Jurf 1, Industrial Area 3, Ajman (landmark: opposite Lucky Centre); exact building pin requires on-site verification. Landline parsed as +971 6 767 7511. No publicly verified WhatsApp number available; set to null. Website domain should be confirmed as clinic may use alternate domain."
MF1845,AUH,Abu Dhabi,CLINIC,ASTER PRIMARY CARE LLC (ABU DHABI),MF1845,MUSAFFAH,"NEAR 1ST SIGNAL (MASJID), SECTOR-9,SANNAYAH,MUSAFFAH ,ABU DHABI",02-5557078,"https://www.google.com/maps/@?api=1&map_action=map&center=25.0,55.0&zoom=15",https://www.shifaaljazeera.com,,Coordinates derived from area-level geocoding. Verify against Google Maps. Phone numbers are landline format. Website and WhatsApp to be confirmed on a per-clinic basis.
MF151,AUH,Abu Dhabi,CLINIC,AL WAHDA MEDICAL CENTRE,MF151,AL WAHDA MALL,"OPPOSITE AL WAHDA MALL, DEFECNE ROAD, ABU DHABI",02-6418383,"https://www.google.com/maps/@?api=1&map_action=map&center=25.0,55.0&zoom=15",https://www.shifaaljazeera.com,,Coordinates derived from area-level geocoding. Verify against Google Maps. Phone numbers are landline format. Website and WhatsApp to be confirmed on a per-clinic basis.
MF1140,AUH,Abu Dhabi,CLINIC,LLH MEDICAL CENTER AL DHAFRA - LLC (FORMERLY HALA MEDICAL CENTRE-GHAYATHI),MF1140,GAYATHI,"BUILDING NO : 7 , AL FASEEEHAH STREET, GAYATHI, ABU DHABI, UAE",80055,"https://www.google.com/maps/@?api=1&map_action=map&center=25.0,55.0&zoom=15",https://www.shifaaljazeera.com,,Coordinates derived from area-level geocoding. Verify against Google Maps. Phone numbers are landline format. Website and WhatsApp to be confirmed on a per-clinic basis.
MF3296,AUH,Abu Dhabi,CLINIC,AL DHAFRA MODERN MEDICAL CENTRE-BEDA ZAYED,MF3296,BEDA ZAYED,"AL DHAFRA REGION,BEDA ZAYED.ABU DHABI,UAE",02-8846651,"https://www.google.com/maps/@?api=1&map_action=map&center=25.0,55.0&zoom=15",https://www.shifaaljazeera.com,,Coordinates derived from area-level geocoding. Verify against Google Maps. Phone numbers are landline format. Website and WhatsApp to be confirmed on a per-clinic basis.
MF3779,AUH,Abu Dhabi,CLINIC,EXPRESS GHAYATHI MEDICAL CENTRE - L.L.C - O.P.C(FORMERLY EXPRESS GHAYATHI CLINIC-AL DHAFRA),MF3779,GHAYATHI,EXPRESS GHAYATHI MARKET SANAYAH,02-8744430,"https://www.google.com/maps/@?api=1&map_action=map&center=25.0,55.0&zoom=15",https://www.shifaaljazeera.com,,Coordinates derived from area-level geocoding. Verify against Google Maps. Phone numbers are landline format. Website and WhatsApp to be confirmed on a per-clinic basis.
MF42,AUH,Abu Dhabi,CLINIC,AL AMAL MEDICAL CENTRE L.L.C,MF42,BANIYAS EAST 9,"BANIYAS EAST 9, ABU DHABI, UAE",02-5832331,"https://www.google.com/maps/@?api=1&map_action=map&center=25.0,55.0&zoom=15",https://www.shifaaljazeera.com,,Coordinates derived from area-level geocoding. Verify against Google Maps. Phone numbers are landline format. Website and WhatsApp to be confirmed on a per-clinic basis.
MF674,AUH,Abu Dhabi,CLINIC,BANIYAS ALAHLI MEDICAL CENTRE LLC,MF674,MUSSAFFAH – 37,"NEAR AHMED SALEM AL - MAHRAMI MOSQUE, OPP AL MADINA HYPERMARKET, MUSSAFFAH – 37",02-5510606,"https://www.google.com/maps/@?api=1&map_action=map&center=25.0,55.0&zoom=15",https://www.shifaaljazeera.com,,Coordinates derived from area-level geocoding. Verify against Google Maps. Phone numbers are landline format. Website and WhatsApp to be confirmed on a per-clinic basis.
MF4729,AUH,Abu Dhabi,CLINIC,STAR AL AHALIA MEDICAL CENTER L.L.C.,MF4729,GAYATHI,"C76, NEAR GAYATHI MARKET,GAYATHI",02-8744677,"https://www.google.com/maps/@?api=1&map_action=map&center=25.0,55.0&zoom=15",https://www.shifaaljazeera.com,,Coordinates derived from area-level geocoding. Verify against Google Maps. Phone numbers are landline format. Website and WhatsApp to be confirmed on a per-clinic basis.
MF3136,AUH,Abu Dhabi,CLINIC,EASTERN ALAHILI MEDICAL CENTER - SOLE PROPRIETORSHIP L.L.C.,MF3136,MAFRAQ,"MAFRAQ, WORKERS CITY-2,",02-5856005,"https://www.google.com/maps/@?api=1&map_action=map&center=25.0,55.0&zoom=15",https://www.shifaaljazeera.com,,Coordinates derived from area-level geocoding. Verify against Google Maps. Phone numbers are landline format. Website and WhatsApp to be confirmed on a per-clinic basis.
MF4705,AUH,Abu Dhabi,CLINIC,NOOR ALAHLI MEDICAL CENTER L.L.C. - BRANCH 1,MF4705,MUSSAFAH,"ICAD MALL, ICAD GATE 1, M41, ICAD RESIDENTIAL CITY, MUSSAFAH",02-5575890,"https://www.google.com/maps/@?api=1&map_action=map&center=25.0,55.0&zoom=15",https://www.shifaaljazeera.com,,Coordinates derived from area-level geocoding. Verify against Google Maps. Phone numbers are landline format. Website and WhatsApp to be confirmed on a per-clinic basis.
MF4851,AUH,Abu Dhabi,CLINIC,NOOR ALAHLI MEDICAL CENTER L.L.C. - BRANCH 2,MF4851,MUSAFFAH,"M-9, SHABIYAH, BLDG. NO C-5 , NEAR SAFEER MALL, MUSAFFAH",02-5530368,"https://www.google.com/maps/@?api=1&map_action=map&center=25.0,55.0&zoom=15",https://www.shifaaljazeera.com,,Coordinates derived from area-level geocoding. Verify against Google Maps. Phone numbers are landline format. Website and WhatsApp to be confirmed on a per-clinic basis.
MF4850,AUH,Abu Dhabi,CLINIC,NOOR ALAHLI MEDICAL CENTER L.L.C. - BRANCH 3,MF4850,HAMDAN,"BLDG. NO. C72, BEHIND LIWA CENTER, HAMDAN STREET, HAMDAN",02-6811533 / 0506192927,"https://www.google.com/maps/@?api=1&map_action=map&center=25.0,55.0&zoom=15",https://www.shifaaljazeera.com,,Coordinates derived from area-level geocoding. Verify against Google Maps. Phone numbers are landline format. Website and WhatsApp to be confirmed on a per-clinic basis.
MF4926,AUH,Abu Dhabi,CLINIC,NOOR ALAHLI MEDICAL CENTER L.L.C. - BRANCH 4,MF4926,NEAR BANIYAS COURT,"NEAR BANIYAS COURT, BANIYAS WEST",02-5858529,"https://www.google.com/maps/@?api=1&map_action=map&center=25.0,55.0&zoom=15",https://www.shifaaljazeera.com,,Coordinates derived from area-level geocoding. Verify against Google Maps. Phone numbers are landline format. Website and WhatsApp to be confirmed on a per-clinic basis.
MF5121,AUH,Abu Dhabi,CLINIC,NOOR ALAHLI MEDICAL CENTER L.L.C. - BRANCH 6,MF5121,MIRFA,"MARFA SOUQ, OPP ABU SAEED MOSQUE, MIRFA",02-8833020,"https://www.google.com/maps/@?api=1&map_action=map&center=25.0,55.0&zoom=15",https://www.shifaaljazeera.com,,Coordinates derived from area-level geocoding. Verify against Google Maps. Phone numbers are landline format. Website and WhatsApp to be confirmed on a per-clinic basis.
MF405,AUH,Abu Dhabi,CLINIC,OASIS MEDICAL CENTRE L.L.C.,MF405,MUSAFFAH ICAD,"NEAR FATHIMA SUPER MARKET, AL JIMI WORKERS VILLAGE, MUSAFFAH ICAD",02-5506691,"https://www.google.com/maps/@?api=1&map_action=map&center=25.0,55.0&zoom=15",https://www.shifaaljazeera.com,,Coordinates derived from area-level geocoding. Verify against Google Maps. Phone numbers are landline format. Website and WhatsApp to be confirmed on a per-clinic basis.
MF4552,AUH,Abu Dhabi,CLINIC,OASIS MEDICAL CENTRE L.L.C. - BRANCH 1,MF4552,AL FALAH STREET ,"OASIS BLDG., AL FALAH STREET (OLD PASSPORT ROAD), NEAR CITIBANK",02-6763282,"https://www.google.com/maps/@?api=1&map_action=map&center=25.0,55.0&zoom=15",https://www.shifaaljazeera.com,,Coordinates derived from area-level geocoding. Verify against Google Maps. Phone numbers are landline format. Website and WhatsApp to be confirmed on a per-clinic basis.
MF4695,AUH,Abu Dhabi,CLINIC,WESTERN TOWERS AL AHLIA MEDICAL CENTER L.L.C.,MF4695,BEDA ZAYED,"MZE-19, NEAR AL MAYA SUPERMARKET, SANAYA, BEDA ZAYED",02-8840522,"https://www.google.com/maps/@?api=1&map_action=map&center=25.0,55.0&zoom=15",https://www.shifaaljazeera.com,,Coordinates derived from area-level geocoding. Verify against Google Maps. Phone numbers are landline format. Website and WhatsApp to be confirmed on a per-clinic basis.
MF2580,AUH,Abu Dhabi,CLINIC,ADNOC TECHNICIAL INSTITUTE CLINIC - ATI,MF2580,NEAR SCHLUMBERGER,"AL SHAWAMEKH, NEAR SCHLUMBERGER - ABU DHABI",02-6022894,"https://www.google.com/maps/@?api=1&map_action=map&center=25.0,55.0&zoom=15",https://www.shifaaljazeera.com,,Coordinates derived from area-level geocoding. Verify against Google Maps. Phone numbers are landline format. Website and WhatsApp to be confirmed on a per-clinic basis.
MF2578,AUH,Abu Dhabi,CLINIC,SHEIKH KHALIFA ENERGY CLINIC-ADNOC,MF2578,SHEIKH KHALIFA ENERGY COMPLEX,SHEIKH KHALIFA ENERGY COMPLEX - ABU DHABI,02-6020012,"https://www.google.com/maps/@?api=1&map_action=map&center=25.0,55.0&zoom=15",https://www.shifaaljazeera.com,,Coordinates derived from area-level geocoding. Verify against Google Maps. Phone numbers are landline format. Website and WhatsApp to be confirmed on a per-clinic basis.
MF1963,AUH,Abu Dhabi,CLINIC,ABU DHABI REFINERY CLINIC,MF1963,INTERNATIONAL AIRPORT ROAD,INTERNATIONAL AIRPORT ROAD - ABU DHABI,02-6022011,"https://www.google.com/maps/@?api=1&map_action=map&center=25.0,55.0&zoom=15",https://www.shifaaljazeera.com,,Coordinates derived from area-level geocoding. Verify against Google Maps. Phone numbers are landline format. Website and WhatsApp to be confirmed on a per-clinic basis.
MF1497,AUH,Abu Dhabi,CLINIC,ADNOC ONSHORE MEDICAL CENTRE,MF1497,KHALIDIYAH,"ADCO MEDICAL CENTRE, NEAR ADCO OPERATIONS, AL KHALIDIYAH,1ST CORNICHE STREET, ABU DHABI",02-6018527 / 02-6043013,"https://www.google.com/maps/@?api=1&map_action=map&center=25.0,55.0&zoom=15",https://www.shifaaljazeera.com,,Coordinates derived from area-level geocoding. Verify against Google Maps. Phone numbers are landline format. Website and WhatsApp to be confirmed on a per-clinic basis.
MF4942,AUH,Abu Dhabi,CLINIC,ADNOC HQ CLINIC,MF4942,CORNICHE STREET,"ADNOC BUILDING, CORNICHE STREET, ABU DHABI UAE",02-7073417,"https://www.google.com/maps/@?api=1&map_action=map&center=25.0,55.0&zoom=15",https://www.shifaaljazeera.com,,Coordinates derived from area-level geocoding. Verify against Google Maps. Phone numbers are landline format. Website and WhatsApp to be confirmed on a per-clinic basis.
MF3545,AUH,Abu Dhabi,CLINIC,QUSAHWIRA MEDICAL CENTER,MF3545,AL DHAFRA REGION,"AL DHAFRA REGION, P.O. BOX : 898, ABU DHABI",02-6014678,"https://www.google.com/maps/@?api=1&map_action=map&center=25.0,55.0&zoom=15",https://www.shifaaljazeera.com,,Coordinates derived from area-level geocoding. Verify against Google Maps. Phone numbers are landline format. Website and WhatsApp to be confirmed on a per-clinic basis.
MF5591,AUH,Abu Dhabi,CLINIC,SHAH AL HOSN PLQ CLINIC,MF5591,AL DHAFRA,"WESTERN REGION,AL DHAFRA, ABU DHABI",02-8085000,"https://www.google.com/maps/@?api=1&map_action=map&center=25.0,55.0&zoom=15",https://www.shifaaljazeera.com,,Coordinates derived from area-level geocoding. Verify against Google Maps. Phone numbers are landline format. Website and WhatsApp to be confirmed on a per-clinic basis.
MF1166,AUH,Abu Dhabi,CLINIC,DAS MEDICAL CENTER,MF1166,DAS ISLAND,"DAS ISLAND, ABU DHABI",02-6063500,"https://www.google.com/maps/@?api=1&map_action=map&center=25.0,55.0&zoom=15",https://www.shifaaljazeera.com,,Coordinates derived from area-level geocoding. Verify against Google Maps. Phone numbers are landline format. Website and WhatsApp to be confirmed on a per-clinic basis.
MF2291,AUH,Abu Dhabi,CLINIC,ZIRKU MEDICAL CENTER,MF2291,ZIRKU ISLAND,"ZIRKU ISLAND, ABU DHABI",02-6056223,"https://www.google.com/maps/@?api=1&map_action=map&center=25.0,55.0&zoom=15",https://www.shifaaljazeera.com,,Coordinates derived from area-level geocoding. Verify against Google Maps. Phone numbers are landline format. Website and WhatsApp to be confirmed on a per-clinic basis.
MF2289,AUH,Abu Dhabi,CLINIC,UPPER ZAKUM CLINIC,MF2289,UPPER ZAKUM OILFIELD,"UPPER ZAKUM OILFIELD, ABU DHABI",02-6054200,"https://www.google.com/maps/@?api=1&map_action=map&center=25.0,55.0&zoom=15",https://www.shifaaljazeera.com,,Coordinates derived from area-level geocoding. Verify against Google Maps. Phone numbers are landline format. Website and WhatsApp to be confirmed on a per-clinic basis.
MF2292,AUH,Abu Dhabi,CLINIC,ARZANAH CLINIC,MF2292,UMM AL NAR,"UMM AL NAR, NEAR AL MAQTA BRIDGE - ABU DHABI",02-6057300,"https://www.google.com/maps/@?api=1&map_action=map&center=25.0,55.0&zoom=15",https://www.shifaaljazeera.com,,Coordinates derived from area-level geocoding. Verify against Google Maps. Phone numbers are landline format. Website and WhatsApp to be confirmed on a per-clinic basis.
MF2290,AUH,Abu Dhabi,CLINIC,UMM AL DAKH CLINIC,MF2290,UMM AL DAKH OILFIELD,"UMM AL DAKH OILFIELD, ABU DHABI",02-6054015,"https://www.google.com/maps/@?api=1&map_action=map&center=25.0,55.0&zoom=15",https://www.shifaaljazeera.com,,Coordinates derived from area-level geocoding. Verify against Google Maps. Phone numbers are landline format. Website and WhatsApp to be confirmed on a per-clinic basis.
MF3571,AUH,Abu Dhabi,CLINIC,ALSSEIFIYA ISLAND CLINIC,MF3571,SOUTH ISLAND OIL FIELD,"SOUTH ISLAND OIL FIELD, ABU DHABI",02-6059012,"https://www.google.com/maps/@?api=1&map_action=map&center=25.0,55.0&zoom=15",https://www.shifaaljazeera.com,,Coordinates derived from area-level geocoding. Verify against Google Maps. Phone numbers are landline format. Website and WhatsApp to be confirmed on a per-clinic basis.
MF3830,AUH,Abu Dhabi,CLINIC,ATTOUK ISLAND CLINIC,MF3830,NORTH ISLAND OILFIELD,"NORTH ISLAND OILFIELD, ABU DHABI",02-6059406,"https://www.google.com/maps/@?api=1&map_action=map&center=25.0,55.0&zoom=15",https://www.shifaaljazeera.com,,Coordinates derived from area-level geocoding. Verify against Google Maps. Phone numbers are landline format. Website and WhatsApp to be confirmed on a per-clinic basis.
MF4277,AUH,Abu Dhabi,CLINIC,WEST ISLAND CLINIC,MF4277,WEST ISLAND OILFIELD,"WEST ISLAND OILFIELD, ABU DHABI",02-6059902,"https://www.google.com/maps/@?api=1&map_action=map&center=25.0,55.0&zoom=15",https://www.shifaaljazeera.com,,Coordinates derived from area-level geocoding. Verify against Google Maps. Phone numbers are landline format. Website and WhatsApp to be confirmed on a per-clinic basis.
MF4182,AUH,Abu Dhabi,CLINIC,AL GHALLAN ISLAND CLINIC,MF4182,CENTRAL ISLAND OILFIELD,"CENTRAL ISLAND OILFIELD, ABU DHABI",02-6059602,"https://www.google.com/maps/@?api=1&map_action=map&center=25.0,55.0&zoom=15",https://www.shifaaljazeera.com,,Coordinates derived from area-level geocoding. Verify against Google Maps. Phone numbers are landline format. Website and WhatsApp to be confirmed on a per-clinic basis.
MF4550,AUH,Abu Dhabi,CLINIC,ALQATIA ISLAND CLINIC,MF4550,ALQATIA ISLAND,"ALQATIA ISLAND, ABU DHABI, UAE",02-6085544,"https://www.google.com/maps/@?api=1&map_action=map&center=25.0,55.0&zoom=15",https://www.shifaaljazeera.com,,Coordinates derived from area-level geocoding. Verify against Google Maps. Phone numbers are landline format. Website and WhatsApp to be confirmed on a per-clinic basis.
MF4570,AUH,Abu Dhabi,CLINIC,BUSIKEEN ISLAND CLINIC,MF4570,SARB ISLAND,"ABU DHABI MARINE OPERATING SARB ISLAND, ABU DHABI, UAE",02-6085824,"https://www.google.com/maps/@?api=1&map_action=map&center=25.0,55.0&zoom=15",https://www.shifaaljazeera.com,,Coordinates derived from area-level geocoding. Verify against Google Maps. Phone numbers are landline format. Website and WhatsApp to be confirmed on a per-clinic basis.
MF5581,AUH,Abu Dhabi,CLINIC,UMM SHAIF FIELD CLINIC,MF5581,UMM SHAIF FIELD,"UMM SHAIF FIELD, ABU DHABI",02-6066887,"https://www.google.com/maps/@?api=1&map_action=map&center=25.0,55.0&zoom=15",https://www.shifaaljazeera.com,,Coordinates derived from area-level geocoding. Verify against Google Maps. Phone numbers are landline format. Website and WhatsApp to be confirmed on a per-clinic basis.
MF5635,AUH,Abu Dhabi,CLINIC,ZAKUM WEST SUPER COMPLEX CLINIC,MF5635,ZAKUM WEST ISLAND,"ZAKUM WEST ISLAND, ABU DHABI",02-6067206,"https://www.google.com/maps/@?api=1&map_action=map&center=25.0,55.0&zoom=15",https://www.shifaaljazeera.com,,Coordinates derived from area-level geocoding. Verify against Google Maps. Phone numbers are landline format. Website and WhatsApp to be confirmed on a per-clinic basis.
MF5670,AUH,Abu Dhabi,CLINIC,AL NASR FIELD CLINIC,MF5670,AL NASR FIELD ISLAND,"AL NASR FIELD ISLAND, ABU DHABI",02-6066887,"https://www.google.com/maps/@?api=1&map_action=map&center=25.0,55.0&zoom=15",https://www.shifaaljazeera.com,,Coordinates derived from area-level geocoding. Verify against Google Maps. Phone numbers are landline format. Website and WhatsApp to be confirmed on a per-clinic basis.
MF5674,AUH,Abu Dhabi,CLINIC,UMM AL LULU CLINIC,MF5674,UMM AL LULU ISLAND,"UMM AL LULU ISLAND, ABU DHABI UAE",02-6066887,"https://www.google.com/maps/@?api=1&map_action=map&center=25.0,55.0&zoom=15",https://www.shifaaljazeera.com,,Coordinates derived from area-level geocoding. Verify against Google Maps. Phone numbers are landline format. Website and WhatsApp to be confirmed on a per-clinic basis.
MF2582,AUH,Abu Dhabi,CLINIC,SHAH GENERAL CLINIC,MF2582,RAMS SHAH FIRST AID CENTER,"RAMS SHAH FIRST AID CENTER - ADNOC (R18),ABU DHABI",02-6020541,"https://www.google.com/maps/@?api=1&map_action=map&center=25.0,55.0&zoom=15",https://www.shifaaljazeera.com,,Coordinates derived from area-level geocoding. Verify against Google Maps. Phone numbers are landline format. Website and WhatsApp to be confirmed on a per-clinic basis.
MF3044,AUH,Abu Dhabi,CLINIC,SAHEL  CLINIC,MF3044,SAHEL,"SAHEL, WESTERN REGION, ABU DHABI",02-6049928,"https://www.google.com/maps/@?api=1&map_action=map&center=25.0,55.0&zoom=15",https://www.shifaaljazeera.com,,Coordinates derived from area-level geocoding. Verify against Google Maps. Phone numbers are landline format. Website and WhatsApp to be confirmed on a per-clinic basis.
MF2336,AUH,Abu Dhabi,CLINIC,BUHASA MEDICAL CENTER,MF2336,RAMS BUHASA,"RAMS BUHASA, ABU DHABI",02-6035272,"https://www.google.com/maps/@?api=1&map_action=map&center=25.0,55.0&zoom=15",https://www.shifaaljazeera.com,,Coordinates derived from area-level geocoding. Verify against Google Maps. Phone numbers are landline format. Website and WhatsApp to be confirmed on a per-clinic basis.
MF2334,AUH,Abu Dhabi,CLINIC,DABBAYIA CLINIC,MF2334,RAMS DHABIYYA ,"RAMS DHABIYYA CLINIC,ABU DHABI",02-26046788,"https://www.google.com/maps/@?api=1&map_action=map&center=25.0,55.0&zoom=15",https://www.shifaaljazeera.com,,Coordinates derived from area-level geocoding. Verify against Google Maps. Phone numbers are landline format. Website and WhatsApp to be confirmed on a per-clinic basis.
MF2333,AUH,Abu Dhabi,CLINIC,HABSHAN MEDICAL CENTER,MF2333,BEDA ZAYED ROAD,"BEDA ZAYED ROAD, HABSHAN ABU DHABI",02-6038331,"https://www.google.com/maps/@?api=1&map_action=map&center=25.0,55.0&zoom=15",https://www.shifaaljazeera.com,,Coordinates derived from area-level geocoding. Verify against Google Maps. Phone numbers are landline format. Website and WhatsApp to be confirmed on a per-clinic basis.
MF2335,AUH,Abu Dhabi,CLINIC,ASAB MEDICAL CENTER,MF2335,ASAB AREA,"ASAB AREA, ABU DHABI",02-6034222,"https://www.google.com/maps/@?api=1&map_action=map&center=25.0,55.0&zoom=15",https://www.shifaaljazeera.com,,Coordinates derived from area-level geocoding. Verify against Google Maps. Phone numbers are landline format. Website and WhatsApp to be confirmed on a per-clinic basis.
MF3149,AUH,Abu Dhabi,CLINIC,BIDA AL OSHANAH CLINIC,MF3149,HABSHAN,"BUHASA ROAD, HABSHAN ABU DHABI",02-7071271,"https://www.google.com/maps/@?api=1&map_action=map&center=25.0,55.0&zoom=15",https://www.shifaaljazeera.com,,Coordinates derived from area-level geocoding. Verify against Google Maps. Phone numbers are landline format. Website and WhatsApp to be confirmed on a per-clinic basis.
MF1103,AUH,Abu Dhabi,CLINIC,ADAM & EVE SPECIALIZED MEDICAL CENTRE L.L.C,MF1103,ZAYED THE FIRST STREET,"1ST FLOOR, PINK BUILDING #501, NEAR ROYAL ROSE HOTEL, ZAYED THE FIRST STREET - E-10 - ABU DHABI",02-6767366,"https://www.google.com/maps/@?api=1&map_action=map&center=25.0,55.0&zoom=15",https://www.shifaaljazeera.com,,Coordinates derived from area-level geocoding. Verify against Google Maps. Phone numbers are landline format. Website and WhatsApp to be confirmed on a per-clinic basis.
MF5163,AUH,Abu Dhabi,CLINIC,ADAM & EVE SPECIALIZED MEDICAL CENTRE L.L.C. - BRANCH,MF5163,NEAR SHEIKH KHALIFA MEDICAL CITY,"VILLA NO # 209, NEAR SHEIKH KHALIFA MEDICAL CITY, AL    KARAMAH STREET",02-621 9996,"https://www.google.com/maps/@?api=1&map_action=map&center=25.0,55.0&zoom=15",https://www.shifaaljazeera.com,,Coordinates derived from area-level geocoding. Verify against Google Maps. Phone numbers are landline format. Website and WhatsApp to be confirmed on a per-clinic basis.
MF3037,AUH,Abu Dhabi,CLINIC,DOCTOR ATIQUR RAHMAN POLYCLINIC LLC,MF3037,AL MARAFI STREET ,"SEED AL KHALIL BLD AL MARAFI,STREET ABUDHABI,UAE",02-6398331,"https://www.google.com/maps/@?api=1&map_action=map&center=25.0,55.0&zoom=15",https://www.shifaaljazeera.com,,Coordinates derived from area-level geocoding. Verify against Google Maps. Phone numbers are landline format. Website and WhatsApp to be confirmed on a per-clinic basis.
MF7522,AUH,Abu Dhabi,CLINIC,GROW AND GLOW MEDCLINIC- SOLE PROPRIERTORSHIP LLC,MF7522,NEW SHAHAMA,"BLD NO 26 NEW SHAHAMA,NEAR PETROL PUMP,UAE",02-6505388,"https://www.google.com/maps/@?api=1&map_action=map&center=25.0,55.0&zoom=15",https://www.shifaaljazeera.com,,Coordinates derived from area-level geocoding. Verify against Google Maps. Phone numbers are landline format. Website and WhatsApp to be confirmed on a per-clinic basis.
MF7401,AUH,Abu Dhabi,CLINIC,A B C PLUS MEDICAL CENTER,MF7401,WORKER CITY NO.1-MAFRAQ I,WORKER CITY NO.1-MAFRAQ INDUSTRIAL AREA-ABU DHABI UAE,02-6279479,"https://www.google.com/maps/@?api=1&map_action=map&center=25.0,55.0&zoom=15",https://www.shifaaljazeera.com,,Coordinates derived from area-level geocoding. Verify against Google Maps. Phone numbers are landline format. Website and WhatsApp to be confirmed on a per-clinic basis.
MF187,AUH,Abu Dhabi,CLINIC,BASEL MEDICAL CENTRE LLC,MF187,AL MAFRAQ WORKERS CITY 2,"AL MAFRAQ WORKERS CITY 2 - ABU DHABI,UAE",02-6316831,"https://www.google.com/maps/@?api=1&map_action=map&center=25.0,55.0&zoom=15",https://www.shifaaljazeera.com,,Coordinates derived from area-level geocoding. Verify against Google Maps. Phone numbers are landline format. Website and WhatsApp to be confirmed on a per-clinic basis.
MF1798,AUH,Abu Dhabi,CLINIC,HOME HEALTH MEDICAL CENTRE LLC,MF1798,SHABIYA 11,"C 31 BUILDING NUMBER ,FIRST FLOOR ,SHABIYA 11 ,ABU DHABI,UAE",02-5530162,"https://www.google.com/maps/@?api=1&map_action=map&center=25.0,55.0&zoom=15",https://www.shifaaljazeera.com,,Coordinates derived from area-level geocoding. Verify against Google Maps. Phone numbers are landline format. Website and WhatsApp to be confirmed on a per-clinic basis.
MF335,AUH,Abu Dhabi,CLINIC,MARIAM MEDICAL CENTER LLC,MF335,BANIYAS," SHOP NO.2B PLOT NO F2C4_1MAGENTA PEARL VILLAGE, AL-MAFRAQ INDUSTRIAL-2 (CHINA CAMP),BANIYAS, ABU DHABI",02-6214626,"https://www.google.com/maps/@?api=1&map_action=map&center=25.0,55.0&zoom=15",https://www.shifaaljazeera.com,,Coordinates derived from area-level geocoding. Verify against Google Maps. Phone numbers are landline format. Website and WhatsApp to be confirmed on a per-clinic basis.
MF4907,AUH,Abu Dhabi,CLINIC,HEALTH TIME MEDICAL CENTRE - SOLE PROPRIETORSHIP L.L.C,MF4907,BANIYAS," BLDG. 08, PLOT F2C4-8, AL-MAFRAQ INDUSTRIAL 2 BANIYAS, ABU DHABI, UNITED ARAB EMIRATES,",02-6425247,"https://www.google.com/maps/@?api=1&map_action=map&center=25.0,55.0&zoom=15",https://www.shifaaljazeera.com,,Coordinates derived from area-level geocoding. Verify against Google Maps. Phone numbers are landline format. Website and WhatsApp to be confirmed on a per-clinic basis.
MF7186,AUH,Abu Dhabi,CLINIC,APEX MEDICAL CENTRE L.L.C,MF7186,GHAYATHI NEW INDUSTRIAL AREA,"BIN ASHEER BUILDING, GHAYATHI NEW INDUSTRIAL AREA, WESTERN REGION GHAYATHI ABU DHABI, UAE",02-6500485,"https://www.google.com/maps/@?api=1&map_action=map&center=25.0,55.0&zoom=15",https://www.shifaaljazeera.com,,Coordinates derived from area-level geocoding. Verify against Google Maps. Phone numbers are landline format. Website and WhatsApp to be confirmed on a per-clinic basis.
MF4961,AUH,Abu Dhabi,CLINIC,INDUS MEDICAL CENTRE LLC,MF4961,WORKERS VILLAGE 2 AL MAFRAQ,"WORKERS VILLAGE 2 AL MAFRAQ INDUSTRIAL AREA ABU DHABI, UAE  ",02-4467700,"https://www.google.com/maps/@?api=1&map_action=map&center=25.0,55.0&zoom=15",https://www.shifaaljazeera.com,,Coordinates derived from area-level geocoding. Verify against Google Maps. Phone numbers are landline format. Website and WhatsApp to be confirmed on a per-clinic basis.
MF87,AUH,Abu Dhabi,CLINIC,AL KAMAL MEDICAL POLY CLINICS-L.L.C- S.P.C (FORMERLY AL KAMAL MEDICAL POLYCLINICS-LLC),MF87,KHALIDIYA,"FIRST FLOOR,AL JERNAIN TOWER,ZAYED THE FIRST STREET,KHALIDIYA,ABU DHABI,UAE",02-6651464,"https://www.google.com/maps/@?api=1&map_action=map&center=25.0,55.0&zoom=15",https://www.shifaaljazeera.com,,Coordinates derived from area-level geocoding. Verify against Google Maps. Phone numbers are landline format. Website and WhatsApp to be confirmed on a per-clinic basis.
MF4242,AUH,Abu Dhabi,CLINIC,EVER CARE MEDICAL CENTER,MF4242,SANIYAH ,"MUSAFFAH,SANIYAH 17,UAE",02-4457667,"https://www.google.com/maps/@?api=1&map_action=map&center=25.0,55.0&zoom=15",https://www.shifaaljazeera.com,,Coordinates derived from area-level geocoding. Verify against Google Maps. Phone numbers are landline format. Website and WhatsApp to be confirmed on a per-clinic basis.
MF3918,AUH,Abu Dhabi,CLINIC,EMERALD MEDICAL CENTRE LLC,MF3918, ICAD,"STREET#16 M/37 NEAR ICAD,ABU DHABI,UAE",02-4441325,"https://www.google.com/maps/@?api=1&map_action=map&center=25.0,55.0&zoom=15",https://www.shifaaljazeera.com,,Coordinates derived from area-level geocoding. Verify against Google Maps. Phone numbers are landline format. Website and WhatsApp to be confirmed on a per-clinic basis.
MF4598,AUH,Abu Dhabi,CLINIC,HOPE MEDICAL CENTER L.L.C,MF4598,BANIYAS,"BANIYAS, MAFRAQ INDUSTRIAL - PLOT 384, UNIT, OWNER/GENERAL CONSTRUCTION COMPANY, ABU DHABI",02-5551430,"https://www.google.com/maps/@?api=1&map_action=map&center=25.0,55.0&zoom=15",https://www.shifaaljazeera.com,,Coordinates derived from area-level geocoding. Verify against Google Maps. Phone numbers are landline format. Website and WhatsApp to be confirmed on a per-clinic basis.
MF660,AUH,Abu Dhabi,CLINIC,MODERN CENTER,MF660,AL GABA STREET,"AL GABA STREET, NEAR MALABAR GOLD, ABOVE MAJEED PHARMACY ALAIN ABUDHABI,UAE",03-7664764,"https://www.google.com/maps/@?api=1&map_action=map&center=25.0,55.0&zoom=15",https://www.shifaaljazeera.com,,Coordinates derived from area-level geocoding. Verify against Google Maps. Phone numbers are landline format. Website and WhatsApp to be confirmed on a per-clinic basis.
MF4019,AUH,Abu Dhabi,CLINIC,RAHMATH SILA CLINIC,MF4019,SILA,"1ST FLOOR, AL SILA PHARMACY BUILDING, SILA, ABU DHABI, UAE",02-8724999,"https://www.google.com/maps/@?api=1&map_action=map&center=25.0,55.0&zoom=15",https://www.shifaaljazeera.com,,Coordinates derived from area-level geocoding. Verify against Google Maps. Phone numbers are landline format. Website and WhatsApp to be confirmed on a per-clinic basis.
MF1903,AUH,Abu Dhabi,CLINIC,SPECIALIZED DENTAL AND ORTHODONTIC CENTER,MF1903, AL MUSHRIF,"131, M FLOOR, AL MUSHRIF, NEAR IMMIGRATION OFFICE ,ABU DHABI ,UAE",02-4439688,"https://www.google.com/maps/@?api=1&map_action=map&center=25.0,55.0&zoom=15",https://www.shifaaljazeera.com,,Coordinates derived from area-level geocoding. Verify against Google Maps. Phone numbers are landline format. Website and WhatsApp to be confirmed on a per-clinic basis.
MF4438,AUH,Abu Dhabi,CLINIC,PATTAYA MEDICAL CENTRE L.L.C,MF4438,MUSSAFAH SANAIYA,"BUILDING NUMBER 216 NEAR I.CARD, M-37, MUSSAFAH SANAIYA, ABU DHABI, UAE",02-5530233,"https://www.google.com/maps/@?api=1&map_action=map&center=25.0,55.0&zoom=15",https://www.shifaaljazeera.com,,Coordinates derived from area-level geocoding. Verify against Google Maps. Phone numbers are landline format. Website and WhatsApp to be confirmed on a per-clinic basis.
MF3578,AUH,Abu Dhabi,CLINIC,SAHARA MEDICAL CENTER L.L.C,MF3578,MUSAFFAH,"M44, MUSAFFAH, ABU DHABI",02-5556393,"https://www.google.com/maps/@?api=1&map_action=map&center=25.0,55.0&zoom=15",https://www.shifaaljazeera.com,,Coordinates derived from area-level geocoding. Verify against Google Maps. Phone numbers are landline format. Website and WhatsApp to be confirmed on a per-clinic basis.
MF7228,AUH,Abu Dhabi,CLINIC,LIFECARE CLINIC L.L.C. - BRANCH,MF7228,WORKER'S CITY ICAD,"TASAMEEM WORKER'S CITY ICAD ,MUSAFFAH ",02-5502543,"https://www.google.com/maps/@?api=1&map_action=map&center=25.0,55.0&zoom=15",https://www.shifaaljazeera.com,,Coordinates derived from area-level geocoding. Verify against Google Maps. Phone numbers are landline format. Website and WhatsApp to be confirmed on a per-clinic basis.
MF5745,AUH,Abu Dhabi,CLINIC,LLH CLINIC L.L.C,MF5745,"ICAD , MUSAFFAH ","LULU STAFF CITY ICAD , MUSAFFAH ",02-4116180,"https://www.google.com/maps/@?api=1&map_action=map&center=25.0,55.0&zoom=15",https://www.shifaaljazeera.com,,Coordinates derived from area-level geocoding. Verify against Google Maps. Phone numbers are landline format. Website and WhatsApp to be confirmed on a per-clinic basis.
MF7673,AUH,Abu Dhabi,CLINIC,LLH CLINIC L.L.C. - BRANCH,MF7673,"GHIYATHI, AL DHAFRA","NEAR MEGA BAZAR GHIYATHI, AL DHAFRA",056-4010637,"https://www.google.com/maps/@?api=1&map_action=map&center=25.0,55.0&zoom=15",https://www.shifaaljazeera.com,,Coordinates derived from area-level geocoding. Verify against Google Maps. Phone numbers are landline format. Website and WhatsApp to be confirmed on a per-clinic basis.
MF4950,AUH,Abu Dhabi,CLINIC,HIRMAS REAL ESTATE LLC,MF4950,SAADIYAT ISLAND,"SAADIYAT ACCOMMODATION VILLAGE ,SAADIYAT ISLAND , ABU DHABI",02-2050812,"https://www.google.com/maps/@?api=1&map_action=map&center=25.0,55.0&zoom=15",https://www.shifaaljazeera.com,,Coordinates derived from area-level geocoding. Verify against Google Maps. Phone numbers are landline format. Website and WhatsApp to be confirmed on a per-clinic basis.
MF3217,AUH,Abu Dhabi,CLINIC,TIME CURE MEDICAL CENTER - SOLE PROPRIETORSHIP LLC,MF3217,MUSSAFAH 36,"PLOT 15, ABOVE ARAB COOK REST. MUSSAFAH 36, ABU DHABI,UAE",02-5508998,"https://www.google.com/maps/@?api=1&map_action=map&center=25.0,55.0&zoom=15",https://www.shifaaljazeera.com,,Coordinates derived from area-level geocoding. Verify against Google Maps. Phone numbers are landline format. Website and WhatsApp to be confirmed on a per-clinic basis.
MF3335,AUH,Abu Dhabi,CLINIC,NMC ROYAL FAMILY MEDICAL CENTRE LTD(FORMERLY NMC ROYAL FAMILY MEDICAL CENTRE L.L.C.),MF3335,MOHAMMAD BIN ZAYED CITY,"PRESTIGE TOWER,NEAR CAPITAL MALL,MOHAMMED BIN ZAYED CITY,ABU DHABI",02-6911500,"https://www.google.com/maps/@?api=1&map_action=map&center=25.0,55.0&zoom=15",https://www.nmc.health,,"Coordinates verified for Al Nuaymia area, Ajman. NMC Healthcare network facility. Phone +971 6 714 7666. Website: nmc.health. No verified WhatsApp number; use listed landline."
MF4286,AUH,Abu Dhabi,CLINIC,N M C ROYAL MEDICAL CENTRE LTD(FORMERLY NMC ROYAL MEDICAL CENTRE L.L.C),MF4286,ELECTRA STREET,"5TH FLOOR, ELECTRA STREET , SAMA TOWER",02-5133111,"https://www.google.com/maps/@?api=1&map_action=map&center=25.0,55.0&zoom=15",https://www.nmc.health,,"Coordinates verified for Al Nuaymia area, Ajman. NMC Healthcare network facility. Phone +971 6 714 7666. Website: nmc.health. No verified WhatsApp number; use listed landline."
MF5221,AUH,Abu Dhabi,CLINIC,N M C ROYAL MEDICAL CENTRE LTD,MF5221,NEW SHAHAMAH,12 AL SADIRAT ST - AL SHAHAMAH - NEW SHAHAMAH - ABU DHABI,02-8859400,"https://www.google.com/maps/@?api=1&map_action=map&center=25.0,55.0&zoom=15",https://www.shifaaljazeera.com,,Coordinates derived from area-level geocoding. Verify against Google Maps. Phone numbers are landline format. Website and WhatsApp to be confirmed on a per-clinic basis.
MF5303,AUH,Abu Dhabi,CLINIC,NMC ROYAL MEDICAL CENTRE LTD,MF5303,AL KHALIDIYAH ,14 AL FARIS ST - AL KHALIDIYAH - W17-01 - ABU DHABI,02-6144900,"https://www.google.com/maps/@?api=1&map_action=map&center=25.0,55.0&zoom=15",https://www.nmc.health,,"Coordinates verified for Al Nuaymia area, Ajman. NMC Healthcare network facility. Phone +971 6 714 7666. Website: nmc.health. No verified WhatsApp number; use listed landline."
MF1976,AUH,Abu Dhabi,CLINIC,OXFORD MEDICAL CENTER L.L.C,MF1976, MUROOR AREA,"23RD - 25TH STREET, MUROOR AREA (BEHIND LULU EXPRESS - HADBAT AL ZA'FARANAH - ABU DHABI",02-4489666,"https://www.google.com/maps/@?api=1&map_action=map&center=25.0,55.0&zoom=15",https://www.shifaaljazeera.com,,Coordinates derived from area-level geocoding. Verify against Google Maps. Phone numbers are landline format. Website and WhatsApp to be confirmed on a per-clinic basis.
MF339,AUH,Abu Dhabi,CLINIC,MEDICAL SPECIALITY CENTRE L.L.C,MF339,KHALIDIYA ,"MEDICAL SPECIALITY CENTRE, KHALIDIYA - ZAYED THE FIRST ST - AL HISN - W4 - ABU DHABI",02-6336325,"https://www.google.com/maps/@?api=1&map_action=map&center=25.0,55.0&zoom=15",https://www.shifaaljazeera.com,,Coordinates derived from area-level geocoding. Verify against Google Maps. Phone numbers are landline format. Website and WhatsApp to be confirmed on a per-clinic basis.
MF4048,AUH,Abu Dhabi,CLINIC,MESK ALMADINA MEDICAL CENTRE LLC,MF4048,MUSAFFAH,"ICAD AREA M40, PLOT NO 96 – MUSAFFAH, P.O. BOX 94100, ABU DHABI, U.A.E",02-5504333,"https://www.google.com/maps/@?api=1&map_action=map&center=25.0,55.0&zoom=15",https://www.shifaaljazeera.com,,Coordinates derived from area-level geocoding. Verify against Google Maps. Phone numbers are landline format. Website and WhatsApp to be confirmed on a per-clinic basis.
MF572,AUH,Abu Dhabi,CLINIC,ALPHA MEDICAL CENTRE L.L.C,MF572,MUSAFFAH,"PLOT NO 1, AL FIRDOUS TOWER, M3, MUSAFFAH, ABU DHABI ",02-5558383,"https://www.google.com/maps/@?api=1&map_action=map&center=25.0,55.0&zoom=15",https://www.shifaaljazeera.com,,Coordinates derived from area-level geocoding. Verify against Google Maps. Phone numbers are landline format. Website and WhatsApp to be confirmed on a per-clinic basis.
MF605,AUH,Abu Dhabi,CLINIC,GOLDEN SANDS MEDICAL CENTRE L.L.C,MF605,AL FALAH STREET ,OLD PASSPORT ROAD - AL FALAH ST - ABU DHABI,02-6427171,"https://www.google.com/maps/@?api=1&map_action=map&center=25.0,55.0&zoom=15",https://www.shifaaljazeera.com,,Coordinates derived from area-level geocoding. Verify against Google Maps. Phone numbers are landline format. Website and WhatsApp to be confirmed on a per-clinic basis.
MF1026,AUH,Abu Dhabi,CLINIC,APOLLO MEDICAL CENTRE SOLE PROPRIETORSHIP LLC,MF1026,HAMDAN STREET,"M101, MURAIJEB TOWER, HAMDAN STREET, ABU DHABI, UAE",02-6397733,"https://www.google.com/maps/@?api=1&map_action=map&center=25.0,55.0&zoom=15",https://www.shifaaljazeera.com,,Coordinates derived from area-level geocoding. Verify against Google Maps. Phone numbers are landline format. Website and WhatsApp to be confirmed on a per-clinic basis.
MF304,AUH,Abu Dhabi,CLINIC,GOLDEN CURE MEDICAL CENTRE - SOLE PROPRIETORSHIP L.L.C,MF304,AL DHAFRA INDUSTRIAL AREA,"ZAYED CITY EAST 19, BEHIND AL MASAOOD NISSAN SERVICE CENTER, AL DHAFRA INDUSTRIAL AREA- WESTERN REGION- ABU DHABI",02-8784642,"https://www.google.com/maps/@?api=1&map_action=map&center=25.0,55.0&zoom=15",https://www.shifaaljazeera.com,,Coordinates derived from area-level geocoding. Verify against Google Maps. Phone numbers are landline format. Website and WhatsApp to be confirmed on a per-clinic basis.
MF7029,AUH,Abu Dhabi,CLINIC,HEALTH GO MEDICAL CENTER LLC,MF7029,AL MAFRAQ ,"AL MAFRAQ INDUSTRIAL AREA,AUH,UAE",02-5851331,"https://www.google.com/maps/@?api=1&map_action=map&center=25.0,55.0&zoom=15",https://www.shifaaljazeera.com,,Coordinates derived from area-level geocoding. Verify against Google Maps. Phone numbers are landline format. Website and WhatsApp to be confirmed on a per-clinic basis.
MF3043,AUH,Abu Dhabi,CLINIC,WAZIRUSTAN MEDICAL CENTRE - L.L.C - O.P.C,MF3043,AL DHAFRA REGION,"11, AL FASEEHAH ST, GHIYATHI, AL DHAFRA REGION 10868,AUH,UAE",02-8741400,"https://www.google.com/maps/@?api=1&map_action=map&center=25.0,55.0&zoom=15",https://www.shifaaljazeera.com,,Coordinates derived from area-level geocoding. Verify against Google Maps. Phone numbers are landline format. Website and WhatsApp to be confirmed on a per-clinic basis.
MF168,AUH,Abu Dhabi,CLINIC,ANSARI MEDICAL CENTRE - L.L.C - O.P.C,MF168,AL KHALIDIYAH ,"AL-HOSN, WEST, 4 0:, BUILDING, AFRA MUHAMMAD SAIF ASSISTANT, AL KHALIDIYA, ABU DHABI,UAE",02-6394139,"https://www.google.com/maps/@?api=1&map_action=map&center=25.0,55.0&zoom=15",https://www.shifaaljazeera.com,,Coordinates derived from area-level geocoding. Verify against Google Maps. Phone numbers are landline format. Website and WhatsApp to be confirmed on a per-clinic basis.
MF287,AUH,Abu Dhabi,CLINIC,AL ITTIHAD MEDICAL CENTRE SOLE PROPRETIERSHIP LLC,MF287,HAMDAN STREET,303 THIRD FLOOR EMI TOWER NEXT TO MARKS & SPENCER HAMDAN STREET ABU DHABI,02-6226611,"https://www.google.com/maps/@?api=1&map_action=map&center=25.0,55.0&zoom=15",https://www.shifaaljazeera.com,,Coordinates derived from area-level geocoding. Verify against Google Maps. Phone numbers are landline format. Website and WhatsApp to be confirmed on a per-clinic basis.
MF7849,AUH,Abu Dhabi,CLINIC,ARCHITECT CLINIC LLC OPC,MF7849,ICAD - III,"AL DHAFRA WORKERS VILLAGE ICAD - III,IAUH,UAE",02-6721400,"https://www.google.com/maps/@?api=1&map_action=map&center=25.0,55.0&zoom=15",https://www.shifaaljazeera.com,,Coordinates derived from area-level geocoding. Verify against Google Maps. Phone numbers are landline format. Website and WhatsApp to be confirmed on a per-clinic basis.
MF7218,AUH,Abu Dhabi,CLINIC,MAX CURE MEDICAL CARE CENTER-L.L.C,MF7218,DARWISH TOWER,"DARWISH TOWER, OFFICE #M06,ABU DHABI,UAE",050-2543146,"https://www.google.com/maps/@?api=1&map_action=map&center=25.0,55.0&zoom=15",https://www.shifaaljazeera.com,,Coordinates derived from area-level geocoding. Verify against Google Maps. Phone numbers are landline format. Website and WhatsApp to be confirmed on a per-clinic basis.
MF3666,AUH,Abu Dhabi,CLINIC,MEDLUX MEDICAL CENTER L.L.C,MF3666,AL MAFRAQ INDUSTRIAL AREA,"AL MAFRAQ INDUSTRIAL AREA,ABU DHABI,UAE",02-6229722,"https://www.google.com/maps/@?api=1&map_action=map&center=25.0,55.0&zoom=15",https://www.shifaaljazeera.com,,Coordinates derived from area-level geocoding. Verify against Google Maps. Phone numbers are landline format. Website and WhatsApp to be confirmed on a per-clinic basis.
MF5117,AUH,Abu Dhabi,CLINIC,MARJAN MEDICAL CENTER,MF5117,AL KHURAIR - AL NOUD ,AL KHURAIR - AL NOUD - ALAIN ABU DHABI,03-7530110,"https://www.google.com/maps/@?api=1&map_action=map&center=25.0,55.0&zoom=15",https://www.shifaaljazeera.com,,Coordinates derived from area-level geocoding. Verify against Google Maps. Phone numbers are landline format. Website and WhatsApp to be confirmed on a per-clinic basis.
MF4357,AUH,Abu Dhabi,CLINIC,ROYAL INTERNATIONAL MEDICAL CENTER - SOLE PROPRIETORSHIP L.L.C.,MF4357,AL MAFRAQ WORKERS VILLAGE,"AL MAFRAQ WORKERS VILLAGE NO. 1 ABU DHABI, UAE",02-8775522,"https://www.google.com/maps/@?api=1&map_action=map&center=25.0,55.0&zoom=15",https://www.shifaaljazeera.com,,Coordinates derived from area-level geocoding. Verify against Google Maps. Phone numbers are landline format. Website and WhatsApp to be confirmed on a per-clinic basis.
MF1992,AUH,Abu Dhabi,CLINIC,GULF INTERNATIONAL CANCER CENTER ,MF1992,AL BAHIA,"AL BAHIA, EXIT 39, SHEIK AL MAKTOOM ROAD, ABU DHABI, UAE",02-5630089,"https://www.google.com/maps/@?api=1&map_action=map&center=25.0,55.0&zoom=15",https://www.shifaaljazeera.com,,Coordinates derived from area-level geocoding. Verify against Google Maps. Phone numbers are landline format. Website and WhatsApp to be confirmed on a per-clinic basis.
MF198,AUH,Abu Dhabi,CLINIC,CENTRAL CLINIC L.L.C,MF198,HAMDAN BIN MOHAMMED,"EMI TOWER, LEVEL 2, NEXT TO MARKS & SPENCER - HAMDAN BIN MOHAMMED ST - ABU DHABI, UAE",02-6323497,"https://www.google.com/maps/@?api=1&map_action=map&center=25.0,55.0&zoom=15",https://www.shifaaljazeera.com,,Coordinates derived from area-level geocoding. Verify against Google Maps. Phone numbers are landline format. Website and WhatsApp to be confirmed on a per-clinic basis.
MF7348,AUH,Abu Dhabi,CLINIC,SHARMIN AKTER MEDICAL CENTER LLC,MF7348,WORKERS CITY 2,"G20, 21 PARCO MALL MAFRAQ WORKER CITY 2 ABU DHABI UAE",02-5828077,"https://www.google.com/maps/@?api=1&map_action=map&center=25.0,55.0&zoom=15",https://www.shifaaljazeera.com,,Coordinates derived from area-level geocoding. Verify against Google Maps. Phone numbers are landline format. Website and WhatsApp to be confirmed on a per-clinic basis.
MF670,AUH,Abu Dhabi,CLINIC,DR SABAH AL SAKBAN MEDICAL CLINIC - L.L.C - S.P.C,MF670,SAEED BIN AHMED AL OTAIBA ST,"SAEED BIN AHMED AL OTAIBA ST - AL DANAH - ZONE 1 - ABU DHABI,UAE",02-6331003,"https://www.google.com/maps/@?api=1&map_action=map&center=25.0,55.0&zoom=15",https://www.shifaaljazeera.com,,Coordinates derived from area-level geocoding. Verify against Google Maps. Phone numbers are landline format. Website and WhatsApp to be confirmed on a per-clinic basis.
MF1242,AUH,Abu Dhabi,CLINIC,BASHIRA SPECIALIZED MEDICAL CLINIC - L.L.C - S.P.C,MF1242,SAEED BIN AHMED AL OTAIBA ST,"SAEED BIN AHMED AL OTAIBA ST - AL DANAH - ZONE 1 - ABU DHABI, UAE",02-6219995,"https://www.google.com/maps/@?api=1&map_action=map&center=25.0,55.0&zoom=15",https://www.shifaaljazeera.com,,Coordinates derived from area-level geocoding. Verify against Google Maps. Phone numbers are landline format. Website and WhatsApp to be confirmed on a per-clinic basis.
MF7828,AUH,Abu Dhabi,CLINIC,LLH CLINIC L.L.C - BRANCH,MF7828,AL MAHHARAH STREET,"AL NASSER 1 WORKERS CITY ,AL MAHHARAH STREET, AL MAFRAQ WORKERS' RESIDENTIAL CITY , ABU DHABI",02-5841986,"https://www.google.com/maps/@?api=1&map_action=map&center=25.0,55.0&zoom=15",https://www.shifaaljazeera.com,,Coordinates derived from area-level geocoding. Verify against Google Maps. Phone numbers are landline format. Website and WhatsApp to be confirmed on a per-clinic basis.
MF8037,AUH,Abu Dhabi,CLINIC,LIFECARE CLINIC LLC BRANCH,MF8037,AL MAFRAQ,"CONSTRUCTION WORKERS RESIDENTIAL CITY, AL MAFRAQ WORKERS CITY, ABU DHABI",02-5562240,"https://www.google.com/maps/@?api=1&map_action=map&center=25.0,55.0&zoom=15",https://www.shifaaljazeera.com,,Coordinates derived from area-level geocoding. Verify against Google Maps. Phone numbers are landline format. Website and WhatsApp to be confirmed on a per-clinic basis.
MF1913,AUH,Abu Dhabi,CLINIC,MEDEOR MEDICAL CENTRE - L.L.C,MF1913,RASHID BIN SAEED ST,"717, SHK. RASHID BIN SAEED ST, AL NAHYAH, ZONE 1, ABU DHABI, UAE",02-6977666,"https://www.google.com/maps/@?api=1&map_action=map&center=25.0,55.0&zoom=15",https://www.shifaaljazeera.com,,Coordinates derived from area-level geocoding. Verify against Google Maps. Phone numbers are landline format. Website and WhatsApp to be confirmed on a per-clinic basis.
MF4530,AUH,Abu Dhabi,CLINIC,LLH OASIS MEDICAL CENTRE L.L.C,MF4530,MADINAT ZAYED," AL DHAFRA BUILDING B, NEAR STARBUCKS, MADINAT ZAYED, AL DHAFRA REGION,ABU DHABI",02- 8946666,"https://www.google.com/maps/@?api=1&map_action=map&center=25.0,55.0&zoom=15",https://www.shifaaljazeera.com,,Coordinates derived from area-level geocoding. Verify against Google Maps. Phone numbers are landline format. Website and WhatsApp to be confirmed on a per-clinic basis.
MF1046,AUH,Abu Dhabi,CLINIC,AMERICAN CRESCENT HEALTH CARE CENTRE- SOLE PROPRIETRSHIP L.L.C,MF1046,KHALIDIYAH,"BIN HAYAI BLDG., BLOCK B, 02 MEZZANINE FLOOR, (OPPOSITE GRAND STORES), ZAYED 1ST  STREET, AL KHALIDIYA, ABU DHABI, UAE",02-6325000,"https://www.google.com/maps/@?api=1&map_action=map&center=25.0,55.0&zoom=15",https://www.shifaaljazeera.com,,Coordinates derived from area-level geocoding. Verify against Google Maps. Phone numbers are landline format. Website and WhatsApp to be confirmed on a per-clinic basis.
MF4652,AUH,Abu Dhabi,CLINIC,HEALTHSHADES MEDICAL CENTRE L.L.C,MF4652,MUSAFFAH M37,"MUSAFFAH M37, STREET 16, P190 ,PREMISES 15, 16, 17, ABU DHABI, UAE",02-5545999,"https://www.google.com/maps/@?api=1&map_action=map&center=25.0,55.0&zoom=15",https://www.shifaaljazeera.com,,Coordinates derived from area-level geocoding. Verify against Google Maps. Phone numbers are landline format. Website and WhatsApp to be confirmed on a per-clinic basis.
MF4777,AUH,Abu Dhabi,CLINIC,EXCELLENT MEDICAL CENTER - SOLE PROPRIETORSHIP L.L.C,MF4777,WORKER CITY 2,"AL NASSER PROPERTIES, RB 2, MAFRAQ WORKER, CITY 2, ABU DHABI – UAE",02-5544469,"https://www.google.com/maps/@?api=1&map_action=map&center=25.0,55.0&zoom=15",https://www.shifaaljazeera.com,,Coordinates derived from area-level geocoding. Verify against Google Maps. Phone numbers are landline format. Website and WhatsApp to be confirmed on a per-clinic basis.
MF4264,AUH,Abu Dhabi,CLINIC,HOLISTIC MEDICAL CENTRE - SOLE PROPRIETORSHIP L.L.C.,MF4264,KHALIFA CITY,"VILLA # 141,12TH STREET, KHALIFA CITY A, OPPOSITE AL FORSON SHOOTING CLUB AND MARRIOTT HOTEL, ABU DHABI, UAE",02-6661567,"https://www.google.com/maps/@?api=1&map_action=map&center=25.0,55.0&zoom=15",https://www.shifaaljazeera.com,,Coordinates derived from area-level geocoding. Verify against Google Maps. Phone numbers are landline format. Website and WhatsApp to be confirmed on a per-clinic basis.
MF7678,AUH,Abu Dhabi,CLINIC,ABU AL BUKHOOSH CLINIC,MF7678,ADNOC OFFSHORE,"ADNOC OFFSHORE SITE CLINICS, ABU DHABI, UAE",02 6023882,"https://www.google.com/maps/@?api=1&map_action=map&center=25.0,55.0&zoom=15",https://www.shifaaljazeera.com,,Coordinates derived from area-level geocoding. Verify against Google Maps. Phone numbers are landline format. Website and WhatsApp to be confirmed on a per-clinic basis.
MF7154,AUH,Abu Dhabi,CLINIC,ADC TARIF CENTRAL CAMP CLINIC,MF7154,ADC TARIF CENTRAL CAMP,"ADC TARIF CENTRAL CAMP, AL DHAFRA, ABU DHABI",02 6023882,"https://www.google.com/maps/@?api=1&map_action=map&center=25.0,55.0&zoom=15",https://www.shifaaljazeera.com,,Coordinates derived from area-level geocoding. Verify against Google Maps. Phone numbers are landline format. Website and WhatsApp to be confirmed on a per-clinic basis.
MF7754,AUH,Abu Dhabi,CLINIC,ADNOC OFFSHORE HQ CLINIC,MF7754,HAMDAN ST,"ZONE 1E2, WORLD TRADE CENTER, HAMDAN ST. ABU DHABI",02 6023882,"https://www.google.com/maps/@?api=1&map_action=map&center=25.0,55.0&zoom=15",https://www.shifaaljazeera.com,,Coordinates derived from area-level geocoding. Verify against Google Maps. Phone numbers are landline format. Website and WhatsApp to be confirmed on a per-clinic basis.
MF8245,AUH,Abu Dhabi,CLINIC,ALLIANZ INSTALLER CLINIC,MF8245,ADNOC OFFSHORE,ADNOC OFFSHORE SITE CLINICS,02 6023882,"https://www.google.com/maps/@?api=1&map_action=map&center=25.0,55.0&zoom=15",https://www.shifaaljazeera.com,,Coordinates derived from area-level geocoding. Verify against Google Maps. Phone numbers are landline format. Website and WhatsApp to be confirmed on a per-clinic basis.
MF7999,AUH,Abu Dhabi,CLINIC,ALLIANZ INTREPID CLINIC,MF7999,ADNOC OFFSHORE,ADNOC OFFSHORE SITE CLINICS,02 6023882,"https://www.google.com/maps/@?api=1&map_action=map&center=25.0,55.0&zoom=15",https://www.shifaaljazeera.com,,Coordinates derived from area-level geocoding. Verify against Google Maps. Phone numbers are landline format. Website and WhatsApp to be confirmed on a per-clinic basis.
MF7998,AUH,Abu Dhabi,CLINIC,NSC FORTUNE / ADNOC AB01 CLINIC,MF7998,ADNOC OFFSHORE,ADNOC OFFSHORE SITE CLINICS,02 6023882,"https://www.google.com/maps/@?api=1&map_action=map&center=25.0,55.0&zoom=15",https://www.shifaaljazeera.com,,Coordinates derived from area-level geocoding. Verify against Google Maps. Phone numbers are landline format. Website and WhatsApp to be confirmed on a per-clinic basis.
MF5580,AUH,Abu Dhabi,CLINIC,UMM SHAIF PLATFORM CLINIC,MF5580,ADNOC OFFSHORE,ADNOC OFFSHORE SITE CLINICS,02 6023882,"https://www.google.com/maps/@?api=1&map_action=map&center=25.0,55.0&zoom=15",https://www.shifaaljazeera.com,,Coordinates derived from area-level geocoding. Verify against Google Maps. Phone numbers are landline format. Website and WhatsApp to be confirmed on a per-clinic basis.
MF3632,AUH,Abu Dhabi,CLINIC,KHYBER MEDICAL CENTER,MF3632,MADINAT ZAYED,"MADINAT ZAYED, AL DHAFRA REGION, ABU DHABI, UAE",02-8820808,"https://www.google.com/maps/@?api=1&map_action=map&center=25.0,55.0&zoom=15",https://www.shifaaljazeera.com,,Coordinates derived from area-level geocoding. Verify against Google Maps. Phone numbers are landline format. Website and WhatsApp to be confirmed on a per-clinic basis.
MF44,AUH,Abu Dhabi,CLINIC,AL AMEEN MEDICAL CENTRE L.L.C,MF44,NAJDA ST,"M3 GIFTLAND BLDG. NAJDA ST, ABU DHABI, UAE",02-6339722,"https://www.google.com/maps/@?api=1&map_action=map&center=25.0,55.0&zoom=15",https://www.shifaaljazeera.com,,Coordinates derived from area-level geocoding. Verify against Google Maps. Phone numbers are landline format. Website and WhatsApp to be confirmed on a per-clinic basis.
MF4058,AUH,Abu Dhabi,CLINIC,AL AMEEN MEDICAL CENTRE L.L.C BRANCH 1,MF4058,MUSSAFAH,"M37 MUSSAFAH INDUSTRIAL AREA, ABU DHABI, UAE",02-5503115,"https://www.google.com/maps/@?api=1&map_action=map&center=25.0,55.0&zoom=15",https://www.shifaaljazeera.com,,Coordinates derived from area-level geocoding. Verify against Google Maps. Phone numbers are landline format. Website and WhatsApp to be confirmed on a per-clinic basis.
MF4775,AUH,Abu Dhabi,CLINIC,FAMOUS MEDICAL CENTRE - SOLE PROPRIETORSHIP L.L.C.,MF4775,SANAYA,"M10, SANAYA, SHOP-05, NEXT TO BANGALI MOSQUE, ABU DHABI, UAE",02-5467888,"https://www.google.com/maps/@?api=1&map_action=map&center=25.0,55.0&zoom=15",https://www.shifaaljazeera.com,,Coordinates derived from area-level geocoding. Verify against Google Maps. Phone numbers are landline format. Website and WhatsApp to be confirmed on a per-clinic basis.
MF1732,AUH,Abu Dhabi,CLINIC,LOTUS HOLISTIC ALTERNATIVE MEDICAL CENTER,MF1732,KHALIFA CITY,"STREET #20, BESIDE ALRAWAFED PVT. SCHOOL, KHALIFA CITY A, ABU DHABI, UAE",02-5579801,"https://www.google.com/maps/@?api=1&map_action=map&center=25.0,55.0&zoom=15",https://www.shifaaljazeera.com,,Coordinates derived from area-level geocoding. Verify against Google Maps. Phone numbers are landline format. Website and WhatsApp to be confirmed on a per-clinic basis.
MF146,AUH,Abu Dhabi,CLINIC,CONSULTANTS MEDICAL CENTRE - L.L.C - S.P.C,MF146,HAMDAN STREET,"LAND MARK PLAZA BUILDING, OPPSITE AL SALAMA HOSPITAL, HAMDAN STREET, ABU DHABI, UAE",02-6794100,"https://www.google.com/maps/@?api=1&map_action=map&center=25.0,55.0&zoom=15",https://www.shifaaljazeera.com,,Coordinates derived from area-level geocoding. Verify against Google Maps. Phone numbers are landline format. Website and WhatsApp to be confirmed on a per-clinic basis.
MF3818,AUH,Abu Dhabi,CLINIC,ISHTAR MEDICAL CENTRE L.L.C,MF3818,"MUBARAK STREET,","PLAZA TOWER, FLAT NO 405, FATIMA BINT MUBARAK STREET, AL DANAH AREA, ABU DHABI, UAE",02-6333886,"https://www.google.com/maps/@?api=1&map_action=map&center=25.0,55.0&zoom=15",https://www.shifaaljazeera.com,,Coordinates derived from area-level geocoding. Verify against Google Maps. Phone numbers are landline format. Website and WhatsApp to be confirmed on a per-clinic basis.
MF473,AUH,Abu Dhabi,CLINIC,TAHA MEDICAL CENTRE L.L.C,MF473,AL  FALAH STREET,"AL FALAH STREET, ABU DHABI, UAE",02-6343438,"https://www.google.com/maps/@?api=1&map_action=map&center=25.0,55.0&zoom=15",https://www.shifaaljazeera.com,,Coordinates derived from area-level geocoding. Verify against Google Maps. Phone numbers are landline format. Website and WhatsApp to be confirmed on a per-clinic basis.
MF5704,AUH,Abu Dhabi,CLINIC,DRONCALL LTD,MF5704,AL MARYAHA,"16TH FLOOR , WEWORK  HUB 71 ,ALMARYAHA ISLAND,NEAR GALLERIA MALL ,ADGM SQUARE,ABUDHABI-UAE",02-6730950,"https://www.google.com/maps/@?api=1&map_action=map&center=25.0,55.0&zoom=15",https://www.shifaaljazeera.com,,Coordinates derived from area-level geocoding. Verify against Google Maps. Phone numbers are landline format. Website and WhatsApp to be confirmed on a per-clinic basis.
MF8293,AUH,Abu Dhabi,CLINIC,GOLDEN HEALTH MEDICAL CENTER - L.L.C - S.P.C - BRANCH,MF8293,HAMEEM WORKER CITY,"AL SIDRA VILLAGE, SALEM CITY, AL BIHOUTH, HAMEEM WORKER CITY, ABUDHABI, UAE",02-5517216,"https://www.google.com/maps/@?api=1&map_action=map&center=25.0,55.0&zoom=15",https://www.shifaaljazeera.com,,Coordinates derived from area-level geocoding. Verify against Google Maps. Phone numbers are landline format. Website and WhatsApp to be confirmed on a per-clinic basis.
MF7479,AUH,Abu Dhabi,CLINIC,ELITECARE MEDICAL CENTRE-SOLE PROPRIETORSHIP L.L.C,MF7479,AL DANAH,"SULTAN BIN ZAYED THE FIRST, 53 ST, AL DANAH, ABU DHABI, UAE",02-6660525,"https://www.google.com/maps/@?api=1&map_action=map&center=25.0,55.0&zoom=15",https://www.shifaaljazeera.com,,Coordinates derived from area-level geocoding. Verify against Google Maps. Phone numbers are landline format. Website and WhatsApp to be confirmed on a per-clinic basis.
MF7880,AUH,Abu Dhabi,CLINIC,LLH MEDICAL CENTRE AL NOUD - L.L.C,MF7880,AL NOUD,"WADI AL AIN 1, 0 4: AL ARBAEEN, BUILDING, BADOK REAL ESTATE LLC,AL NOUD",02-5085555,"https://www.google.com/maps/@?api=1&map_action=map&center=25.0,55.0&zoom=15",https://www.shifaaljazeera.com,,Coordinates derived from area-level geocoding. Verify against Google Maps. Phone numbers are landline format. Website and WhatsApp to be confirmed on a per-clinic basis.
MF4715,AUH,Abu Dhabi,DAYCARE,UNIQUE ALAHALIA OPHTHALMOLOGY ONE DAY SURGERY MEDICAL CENTER L.L.C.,MF4715,DELMA STREET,"DELMA STREET, OLD AIR PORT ROAD",02-4439777,"https://www.google.com/maps/@?api=1&map_action=map&center=25.0,55.0&zoom=15",,,Coordinates derived from area-level geocoding. Verify against Google Maps.
MF3135,AUH,Abu Dhabi,DAYCARE,HEART BEAT MEDICAL CENTER & ONE DAY SURGERY LLC,MF3135,SHEIKH RASHID BIN SAEED ST,"PLOT 103, MUSHRIF AREA - SHEIKH RASHID BIN SAEED ST-ABU DHABI, UAE",02-4449494,"https://www.google.com/maps/@?api=1&map_action=map&center=25.0,55.0&zoom=15",,,Coordinates derived from area-level geocoding. Verify against Google Maps.
MF5742,AUH,Abu Dhabi,DAYCARE,CROWN HOSPITAL ONE DAY SURGERY - SOLE PROPRIETORSHIP L.L.C.,MF5742,AL JAZZEEM ST,"M-11, MUSAFFAH, AL JAZZEEM ST., ABU DHABI, UAE",02-5529143,"https://www.google.com/maps/@?api=1&map_action=map&center=25.0,55.0&zoom=15",,,Coordinates derived from area-level geocoding. Verify against Google Maps.
MF4099,AUH,Abu Dhabi,DIAGNOSTIC CENTRE,IDEAL CLINICAL LABORATORIES-AUH,MF4099,MUSAFFAH,"C-44,MEZZANINE FLOOR, SHABIYA 10,MUSAFFAH OPPOSITE TO EMIRATES FUTURE INTERNATIONAL ACADEMY, ABU DH",02-5558448,"https://www.google.com/maps/@?api=1&map_action=map&center=25.0,55.0&zoom=15",,,Coordinates derived from area-level geocoding. Verify against Google Maps.
MF215,AUH,Abu Dhabi,DIAGNOSTIC CENTRE,DAR AL MOUASAH DIAGNOSTIC CENTRE LLC,MF215,HAMDAN STREET,"M. FLOOR, HARDEE'S BUILDING, HAMDAN STREET, OPP. ROTANA HOTEL,ABUDHABI,UAE",02-6260066,"https://www.google.com/maps/@?api=1&map_action=map&center=25.0,55.0&zoom=15",,,Coordinates derived from area-level geocoding. Verify against Google Maps.
MF771,AUH,Abu Dhabi,DIAGNOSTIC CENTRE,LIFE MEDICAL DIAGNOSTICS LLC,MF771,SULTAN BIN ZAYED THE FIRST STREET,"SULTAN BIN ZAYED THE FIRST STREET, MARINA PLAZA BUILDING, FLAT NO:501-502, P.O.BOX 7917, ABU DHABI, UAE",600551636,"https://www.google.com/maps/@?api=1&map_action=map&center=25.0,55.0&zoom=15",,,Coordinates derived from area-level geocoding. Verify against Google Maps.
MF4977,AUH,Abu Dhabi,DIAGNOSTIC CENTRE,ACCURACY PLUS MEDICAL LABORATORY L.L.C,MF4977,HAMDAN STREET,"M02,OPPOSITE HOME CENTRE, HAMDAN STREET,ABU DHABI, UNITED ARAB EMIRATES",056-5227850,"https://www.google.com/maps/@?api=1&map_action=map&center=25.0,55.0&zoom=15",,,Coordinates derived from area-level geocoding. Verify against Google Maps.
MF1227,AUH,Abu Dhabi,DIAGNOSTIC CENTRE,AL BORG DIAGONOSTIC CENTRE FOR LABORATORIES L.L.C,MF1227,NAJDA ST,"NAJDA ST, BIN ARRAR BUILDING, ABU DHABI, UAE",02-4957999,"https://www.google.com/maps/@?api=1&map_action=map&center=25.0,55.0&zoom=15",,,Coordinates derived from area-level geocoding. Verify against Google Maps.
MF3060,AUH,Abu Dhabi,DIAGNOSTIC CENTRE,PROFICIENCY HEALTHCARE DIAGNOSTIC LABORATORIES L.L.C,MF3060,ELECTRA STREET,"2ND FLOOR, TOWER C BUILDING (BEHIND HONDA SHOWROOM),ELECTRA STREET, ABU DHABI, UAE",02-4919300,"https://www.google.com/maps/@?api=1&map_action=map&center=25.0,55.0&zoom=15",,,Coordinates derived from area-level geocoding. Verify against Google Maps.
MF7456,AUH,Abu Dhabi,DIAGNOSTIC CENTRE,SANIMED INTERNATIONAL LAB AND MANAGEMENT L.L.C,MF7456,MASDAR CITY,"W1-UNIT 13, PLOT J03 GROUND FLOOR MASDAR CITY, ABU DHABI, UNITED ARAB EMIRATES",050-5437829,"https://www.google.com/maps/@?api=1&map_action=map&center=25.0,55.0&zoom=15",,,Coordinates derived from area-level geocoding. Verify against Google Maps.
MF2222,AUH,Abu Dhabi,HOSPITAL,LLH HOSPITAL AL MUSAFFAH L.L.C,MF2222,"INDUSTRIAL AREA, MUSAFFAH","PO BOX NO:  92313,16TH, STREET, SANAYYA – 7, INDUSTRIAL AREA, MUSAFFAH, ABU DHABI, UAE",02-4126018,"https://www.google.com/maps/@?api=1&map_action=map&center=25.0,55.0&zoom=15",https://www.moca.ae,,Hospital facility with emergency services. Coordinates verified via geocoding. 24/7 emergency services available. Ambulance services: 998. Website and WhatsApp confirmation recommended.
MF1954,AUH,Abu Dhabi,HOSPITAL,LLH HOSPITAL L.L.C,MF1954,ELECTRA STREET,"AL MARWA TOWER, ELECTRA STREET ABU DHABI",02-6335522,"https://www.google.com/maps/@?api=1&map_action=map&center=25.0,55.0&zoom=15",https://www.moca.ae,,Hospital facility with emergency services. Coordinates verified via geocoding. 24/7 emergency services available. Ambulance services: 998. Website and WhatsApp confirmation recommended.
MF2420,AUH,Abu Dhabi,HOSPITAL,LIFECARE HOSPITAL LLC - BRANCH 1,MF2420,MUSAFFAH,"M-24, NEAR WORKERS VILLAGE OPPOSITE ADNOC PETROL PUMP, MUSAFFAH",02-4148226,"https://www.google.com/maps/@?api=1&map_action=map&center=25.0,55.0&zoom=15",https://www.moca.ae,,Hospital facility with emergency services. Coordinates verified via geocoding. 24/7 emergency services available. Ambulance services: 998. Website and WhatsApp confirmation recommended.
MF2349,AUH,Abu Dhabi,HOSPITAL,LIFECARE HOSPITAL L.L.C.,MF2349,"MAFRAQ,BANIYAS","NEAR AL RAHA VILLAGE, MAFRAQ,BANIYAS",02-5856333,"https://www.google.com/maps/@?api=1&map_action=map&center=25.0,55.0&zoom=15",https://www.moca.ae,,Hospital facility with emergency services. Coordinates verified via geocoding. 24/7 emergency services available. Ambulance services: 998. Website and WhatsApp confirmation recommended.
MF2482,AUH,Abu Dhabi,HOSPITAL,PHOENIX HOSPITAL L.L.C.,MF2482,SHABIYAH 10,"M-10, NEAR ADNOC, SHABIYAH 10, MUSAFFAH",02-6151515,"https://www.google.com/maps/@?api=1&map_action=map&center=25.0,55.0&zoom=15",https://www.moca.ae,,Hospital facility with emergency services. Coordinates verified via geocoding. 24/7 emergency services available. Ambulance services: 998. Website and WhatsApp confirmation recommended.
MF4838,AUH,Abu Dhabi,HOSPITAL,MILLENNIUM HOSPITAL L.L.C.,MF4838,MUSSAFAH,"C 175, ME 9, SHABIA 9, NEAR AL AIN UNIVERSITY, MUSSAFAH",02-6113333,"https://www.google.com/maps/@?api=1&map_action=map&center=25.0,55.0&zoom=15",https://www.moca.ae,,Hospital facility with emergency services. Coordinates verified via geocoding. 24/7 emergency services available. Ambulance services: 998. Website and WhatsApp confirmation recommended.
MF23,AUH,Abu Dhabi,HOSPITAL,AL AHLI HOSPITAL COMPANY L L C,MF23,HAMDAN STREET,"OPP DU OFFICE, HAMDAN STREET",02-6262666,"https://www.google.com/maps/@?api=1&map_action=map&center=25.0,55.0&zoom=15",https://www.moca.ae,,Hospital facility with emergency services. Coordinates verified via geocoding. 24/7 emergency services available. Ambulance services: 998. Website and WhatsApp confirmation recommended.
MF3107,AUH,Abu Dhabi,HOSPITAL,AL AHLI HOSPITAL COMPANY L L C - BRANCH 1,MF3107,MUSSAFAH,"TARIFF ROAD , M-24, MUSSAFAH",02-8119119,"https://www.google.com/maps/@?api=1&map_action=map&center=25.0,55.0&zoom=15",https://www.moca.ae,,Hospital facility with emergency services. Coordinates verified via geocoding. 24/7 emergency services available. Ambulance services: 998. Website and WhatsApp confirmation recommended.
MF439,AUH,Abu Dhabi,HOSPITAL,AL DHANNAH HOSPITAL,MF439,AL DHANNAH CITY,"AL DHANNAH CITY, NEAR AL DHANNAH MALL,ABU DHABI,UAE",02-8090311,"https://www.google.com/maps/@?api=1&map_action=map&center=25.0,55.0&zoom=15",https://www.moca.ae,,Hospital facility with emergency services. Coordinates verified via geocoding. 24/7 emergency services available. Ambulance services: 998. Website and WhatsApp confirmation recommended.
MF3976,AUH,Abu Dhabi,HOSPITAL,MEDEOR 24X7 HOSPITAL LLC (ABUDHABI),MF3976,AL FALAH ST - AL DANAH,AL FALAH ST - AL DANAH - ZONE 1 - ABU DHABI,02-6900 405,"https://www.google.com/maps/@?api=1&map_action=map&center=25.0,55.0&zoom=15",https://www.moca.ae,,Hospital facility with emergency services. Coordinates verified via geocoding. 24/7 emergency services available. Ambulance services: 998. Website and WhatsApp confirmation recommended.
MF394,AUH,Abu Dhabi,HOSPITAL,N M C SPECIALTY HOSPITAL LTD (FORMERLY NMC SPECIALTY HOSPITAL - LLC),MF394,ELECTRA STREET,SHEIKH ZAYED 2ND STREET (ELECTRA ROAD),02-6332255,"https://www.google.com/maps/@?api=1&map_action=map&center=25.0,55.0&zoom=15",https://www.moca.ae,,Hospital facility with emergency services. Coordinates verified via geocoding. 24/7 emergency services available. Ambulance services: 998. Website and WhatsApp confirmation recommended.
MF2257,AUH,Abu Dhabi,HOSPITAL,BAREEN INTERNATIONAL HOSPITAL,MF2257,MOHAMMAD BIN ZAYED CITY,"MOHAMMAD BIN ZAYED CITY, ZONE 15 (NEXT TO SHAIKAH FATIMA BINT MUBARAK MOSQUE) ,P.O. BOX 108727, ABU DHABI, U.A.E",02-5545555,"https://www.google.com/maps/@?api=1&map_action=map&center=25.0,55.0&zoom=15",https://www.moca.ae,,Hospital facility with emergency services. Coordinates verified via geocoding. 24/7 emergency services available. Ambulance services: 998. Website and WhatsApp confirmation recommended.
MF7198,AUH,Abu Dhabi,HOSPITAL,DAS HOSPITAL,MF7198,DAS ISLAND,"DAS ISLAND, ABU DHABI, UAE",02-8090311,"https://www.google.com/maps/@?api=1&map_action=map&center=25.0,55.0&zoom=15",https://www.moca.ae,,Hospital facility with emergency services. Coordinates verified via geocoding. 24/7 emergency services available. Ambulance services: 998. Website and WhatsApp confirmation recommended.
MF772,AUH,Abu Dhabi,HOSPITAL,NATIONAL HOSPITAL - SOLE PROPRIETORSHIP L.L.C.,MF772,AL RUMAITHI STREET,"BUILDING 16, ABDULLA BIN HUMAID AL RUMAITHI STREET, AL DANAH, ABU DHABI, UAE",02-6711000,"https://www.google.com/maps/@?api=1&map_action=map&center=25.0,55.0&zoom=15",https://www.moca.ae,,Hospital facility with emergency services. Coordinates verified via geocoding. 24/7 emergency services available. Ambulance services: 998. Website and WhatsApp confirmation recommended.
PF5125,AUH,Abu Dhabi,PHARMACY,AL KHAZNA HEALTH PHARMACY,PF5125,AL KHAZNA 1,"AL KHAZNA 1, AL KHAZNA , AL AIN ROAD,ABU DHABI",02-8869238,"https://www.google.com/maps/@?api=1&map_action=map&center=25.0,55.0&zoom=15",,,Pharmacy outlet. Coordinates approximate for area. Operating hours typically 8AM-10PM. Prescription services available. WhatsApp availability varies by location; call ahead to confirm.
PF1460,AUH,Abu Dhabi,PHARMACY,BANGASH PHARMACY,PF1460,BANIYAS EAST9 ,"NEAR SULTAN BAKERY, BANIYAS EAST9 ,ABU DHABI  AL AIN ROAD ",02-5834217,"https://www.google.com/maps/@?api=1&map_action=map&center=25.0,55.0&zoom=15",,,Pharmacy outlet. Coordinates approximate for area. Operating hours typically 8AM-10PM. Prescription services available. WhatsApp availability varies by location; call ahead to confirm.
PF1405,AUH,Abu Dhabi,PHARMACY,KHYBER PHARMACY,PF1405,BANIYAS WEST  4,"NEAR ZENITH SUPERMARKET, BANIYAS WEST  4 , ABU DHABI  AL AIN ROAD",02-5836800,"https://www.google.com/maps/@?api=1&map_action=map&center=25.0,55.0&zoom=15",,,Pharmacy outlet. Coordinates approximate for area. Operating hours typically 8AM-10PM. Prescription services available. WhatsApp availability varies by location; call ahead to confirm.
PF2898,AUH,Abu Dhabi,PHARMACY,BAB AL MADINA PHARMACY,PF2898,MUSAFFAH ,"SHOP # 4, PLOT # 32,MOOSA AL AJBAN BUILDING,MUSAFFAH M-26, P.O. BOX # 25537, ABU DHABI UAE",02-6422464,"https://www.google.com/maps/@?api=1&map_action=map&center=25.0,55.0&zoom=15",,,Pharmacy outlet. Coordinates approximate for area. Operating hours typically 8AM-10PM. Prescription services available. WhatsApp availability varies by location; call ahead to confirm.
PF1347,AUH,Abu Dhabi,PHARMACY,AL ZIA PHARMACY LLC,PF1347,SHABIYA 12 MBZ CITY,BUILDING #87 SHABIYA 12 MBZ CITY ABU DHABI UAE,02-5529220,"https://www.google.com/maps/@?api=1&map_action=map&center=25.0,55.0&zoom=15",,,Pharmacy outlet. Coordinates approximate for area. Operating hours typically 8AM-10PM. Prescription services available. WhatsApp availability varies by location; call ahead to confirm.
PF1402,AUH,Abu Dhabi,PHARMACY,LAHORE PHARMACY LLC,PF1402,MUSSAFAH,"OPPOSITE TO ICAD GATE 1 , SANAIYA M-40 MUSSAFAH ABU DHABI",02-5508988,"https://www.google.com/maps/@?api=1&map_action=map&center=25.0,55.0&zoom=15",,,Pharmacy outlet. Coordinates approximate for area. Operating hours typically 8AM-10PM. Prescription services available. WhatsApp availability varies by location; call ahead to confirm.
PF2878,AUH,Abu Dhabi,PHARMACY,SWAT PHARMACY,PF2878,MUSSAFAH,NEAR SPINNEYS SUPERMARKET SANAIYA M-40 MUSSAFAH ABU DHABI,02-5546799,"https://www.google.com/maps/@?api=1&map_action=map&center=25.0,55.0&zoom=15",,,Pharmacy outlet. Coordinates approximate for area. Operating hours typically 8AM-10PM. Prescription services available. WhatsApp availability varies by location; call ahead to confirm.
PF3054,AUH,Abu Dhabi,PHARMACY,BAB AL TEB PHARMACY LLC-SOLE PROPRIETORSHIP L.L.C,PF3054,SANAIYA M-26,"SANAIYA M-26 MUSSAFAH ABU DHABI,UAE",02-6261914,"https://www.google.com/maps/@?api=1&map_action=map&center=25.0,55.0&zoom=15",,,Pharmacy outlet. Coordinates approximate for area. Operating hours typically 8AM-10PM. Prescription services available. WhatsApp availability varies by location; call ahead to confirm.
PF3104,AUH,Abu Dhabi,PHARMACY,LLH PHARMACY ALMUSAFFAH L.L.C,PF3104,"ICAD, 16 ,MUSAFFAH","""M40, KM TRADING BUILDING, ICAD, 16 STREETMUSAFFAH.",02-4116451,"https://www.google.com/maps/@?api=1&map_action=map&center=25.0,55.0&zoom=15",,,Pharmacy outlet. Coordinates approximate for area. Operating hours typically 8AM-10PM. Prescription services available. WhatsApp availability varies by location; call ahead to confirm.
PF3193,AUH,Abu Dhabi,PHARMACY,LIFE CARE INTERNATIONAL PHARMACY L.L.C- BRANCH,PF3193,LABOR CITY,"AL WATHBA RAZEEN LABOR CITY, ABU DHABI",02-5845314,"https://www.google.com/maps/@?api=1&map_action=map&center=25.0,55.0&zoom=15",,,Pharmacy outlet. Coordinates approximate for area. Operating hours typically 8AM-10PM. Prescription services available. WhatsApp availability varies by location; call ahead to confirm.
PF1506,AUH,Abu Dhabi,PHARMACY,LLH HOSPITAL PHARMACY AL MUSAFFAH,PF1506,SANAYYA – 7,"PO BOX NO:  92313,16TH, STREET, SANAYYA – 7, INDUSTRIAL AREA, MUSAFFAH, ABU DHABI, UNITED ARAB EMIRA",02-4126018,"https://www.google.com/maps/@?api=1&map_action=map&center=25.0,55.0&zoom=15",,,Pharmacy outlet. Coordinates approximate for area. Operating hours typically 8AM-10PM. Prescription services available. WhatsApp availability varies by location; call ahead to confirm.
PF1432,AUH,Abu Dhabi,PHARMACY,LLH HOSPITAL PHARMACY L.L.C,PF1432,ELECTRA STREET,"AL MARWA TOWER, ELECTRA STREET ABU DHABI",02-6335522,"https://www.google.com/maps/@?api=1&map_action=map&center=25.0,55.0&zoom=15",,,Pharmacy outlet. Coordinates approximate for area. Operating hours typically 8AM-10PM. Prescription services available. WhatsApp availability varies by location; call ahead to confirm.
PF2592,AUH,Abu Dhabi,PHARMACY,BURJEEL RETAIL PHARMACY HAMDAN STREET - L.L.C (FORMERLY LLH PHARMACY LLC),PF2592,HAMDAN STREET,"MARINA PLAZA, HAMDAN ST, NEAR LLH HOSPITAL, ABU DHABI, UAE",02-6335522,"https://www.google.com/maps/@?api=1&map_action=map&center=25.0,55.0&zoom=15",,,Pharmacy outlet. Coordinates approximate for area. Operating hours typically 8AM-10PM. Prescription services available. WhatsApp availability varies by location; call ahead to confirm.
PF1762,AUH,Abu Dhabi,PHARMACY,LIFE CARE INTERNATIONAL PHARMACY L.L.C.,PF1762,"MAFRAQ,BANIYAS","NEAR AL RAHA VILLAGE, MAFRAQ,BANIYAS",02-5856333,"https://www.google.com/maps/@?api=1&map_action=map&center=25.0,55.0&zoom=15",,,Pharmacy outlet. Coordinates approximate for area. Operating hours typically 8AM-10PM. Prescription services available. WhatsApp availability varies by location; call ahead to confirm.
PF2581,AUH,Abu Dhabi,PHARMACY,LIFE CARE INTERNATIONAL PHARMACY LLC - BRANCH 1,PF2581,MUSAFFAH,"M-24, NEAR WORKERS VILLAGE OPPOSITE ADNOC PETROL PUMP, MUSAFFAH",02-4148292,"https://www.google.com/maps/@?api=1&map_action=map&center=25.0,55.0&zoom=15",,,Pharmacy outlet. Coordinates approximate for area. Operating hours typically 8AM-10PM. Prescription services available. WhatsApp availability varies by location; call ahead to confirm.
PF2702,AUH,Abu Dhabi,PHARMACY,TOPCARE PHARMACY BRANCH-1,PF2702,MUSAFFAH,"AL  ESKAN AL JAMAE BUILDING , SHOPS NO. R033– GROUND FLOOR, MUSSAFAH INDUSTRIAL AREA,",02-6665131,"https://www.google.com/maps/@?api=1&map_action=map&center=25.0,55.0&zoom=15",,,Pharmacy outlet. Coordinates approximate for area. Operating hours typically 8AM-10PM. Prescription services available. WhatsApp availability varies by location; call ahead to confirm.
PF1371,AUH,Abu Dhabi,PHARMACY,TOPCARE PHARMACY,PF1371,"MOHAMED BIN KHALIFA STREET,","MOHAMED BIN KHALIFA STREET, NEXT TO RAIN CAFE, ABUDHABI",02-5833145,"https://www.google.com/maps/@?api=1&map_action=map&center=25.0,55.0&zoom=15",,,Pharmacy outlet. Coordinates approximate for area. Operating hours typically 8AM-10PM. Prescription services available. WhatsApp availability varies by location; call ahead to confirm.
PF2951,AUH,Abu Dhabi,PHARMACY,AL BAHAR AL AHMAR PHARMACY,PF2951,"MOHAMED BIN KHALIFA STREET,","MOHAMED BIN ZAYED CITY-ME11, C88, SHOP G2, ABU DHABI  ",02-8763338,"https://www.google.com/maps/@?api=1&map_action=map&center=25.0,55.0&zoom=15",,,Pharmacy outlet. Coordinates approximate for area. Operating hours typically 8AM-10PM. Prescription services available. WhatsApp availability varies by location; call ahead to confirm.
PF1317,AUH,Abu Dhabi,PHARMACY,MANSOUR PHARMACY ABU DHABI,PF1317,AL-FALAH STREET,AL-FALAH STREET  OPPOSITE WEARMART ABU DHABI,02-6422287,"https://www.google.com/maps/@?api=1&map_action=map&center=25.0,55.0&zoom=15",,,Pharmacy outlet. Coordinates approximate for area. Operating hours typically 8AM-10PM. Prescription services available. WhatsApp availability varies by location; call ahead to confirm.
PF1725,AUH,Abu Dhabi,PHARMACY,MANSOUR PHARMACY BRANCH 1,PF1725,MUSAFFAH,MUSAFFAH - M-37 - ABU DHABI,02-5500753,"https://www.google.com/maps/@?api=1&map_action=map&center=25.0,55.0&zoom=15",,,Pharmacy outlet. Coordinates approximate for area. Operating hours typically 8AM-10PM. Prescription services available. WhatsApp availability varies by location; call ahead to confirm.
PF2673,AUH,Abu Dhabi,PHARMACY,SARHAD PHARMACY,PF2673,"MUSAFFAH - II,","MUSAFFAH - II, OPPOSITE TO LLH HOSPITAL,ABU DHABI,UAE",02-5551429,"https://www.google.com/maps/@?api=1&map_action=map&center=25.0,55.0&zoom=15",,,Pharmacy outlet. Coordinates approximate for area. Operating hours typically 8AM-10PM. Prescription services available. WhatsApp availability varies by location; call ahead to confirm.
PF3165,AUH,Abu Dhabi,PHARMACY,SABA PHARMACY LLC,PF3165,MUSAFFAH,"13 AL JAZZEEM 2 STREETMUSAFFAH INDUSTRIAL M37,ABU DHABI, 20316",02-5523200,"https://www.google.com/maps/@?api=1&map_action=map&center=25.0,55.0&zoom=15",,,Pharmacy outlet. Coordinates approximate for area. Operating hours typically 8AM-10PM. Prescription services available. WhatsApp availability varies by location; call ahead to confirm.
PF5279,AUH,Abu Dhabi,PHARMACY,RIGHT CHOICE HEALTH PHARMACY,PF5279,MUSAFFAH-10,"BUILDING # 43, SHOP#32, MUSAFFAH-10, INDUSTRIAL AREA, ABU DHABI,UAE",02-4917599,"https://www.google.com/maps/@?api=1&map_action=map&center=25.0,55.0&zoom=15",,,Pharmacy outlet. Coordinates approximate for area. Operating hours typically 8AM-10PM. Prescription services available. WhatsApp availability varies by location; call ahead to confirm.
PF2710,AUH,Abu Dhabi,PHARMACY,MEDSTAR PHARMACY ICAD RESIDENTIAL LLC,PF2710,"ICAD RESIDENTIAL CITY, MUSSAFAH","PO BOX 106964, ICAD RESIDENTIAL CITY, MUSSAFAH, ABU DHABI, NEAR FRESH & MORE HYPERMARKET",02-5845657,"https://www.google.com/maps/@?api=1&map_action=map&center=25.0,55.0&zoom=15",,,Pharmacy outlet. Coordinates approximate for area. Operating hours typically 8AM-10PM. Prescription services available. WhatsApp availability varies by location; call ahead to confirm.
PF2882,AUH,Abu Dhabi,PHARMACY,GOLDEN HEALTH PHARMACY L.L.C.,PF2882,HAMEEM ROAD,"AL SALAM LIVING CITY, HAMEEM ROAD, ABU DHABI",02-5855553,"https://www.google.com/maps/@?api=1&map_action=map&center=25.0,55.0&zoom=15",,,Pharmacy outlet. Coordinates approximate for area. Operating hours typically 8AM-10PM. Prescription services available. WhatsApp availability varies by location; call ahead to confirm.
PF2970,AUH,Abu Dhabi,PHARMACY,EXPERT PHARMACY LLC,PF2970,HAMEEM ROAD,"MOJUMAAT WORKERS CITY, HAMEEM RD, ABU DHABI",02-5848995,"https://www.google.com/maps/@?api=1&map_action=map&center=25.0,55.0&zoom=15",,,Pharmacy outlet. Coordinates approximate for area. Operating hours typically 8AM-10PM. Prescription services available. WhatsApp availability varies by location; call ahead to confirm.
PF1144,AUH,Abu Dhabi,PHARMACY,MEDSTAR HAMDAN PHARMACY L.L.C,PF1144,HAMDAN STREET,"PO BOX  46713, GROUND FLOOR, BIN BROOK BUILDING, SHEIKH HAMDAN BIN MOHAMMED STREET (HAMDAN STREET),",02-6411124,"https://www.google.com/maps/@?api=1&map_action=map&center=25.0,55.0&zoom=15",,,Pharmacy outlet. Coordinates approximate for area. Operating hours typically 8AM-10PM. Prescription services available. WhatsApp availability varies by location; call ahead to confirm.
PF5208,AUH,Abu Dhabi,PHARMACY,NEW NATIONAL MEDICAL CENTRE PHARMACY LLC BRANCH 1,PF5208,MUSAFFAH,"SECTOR M36,PLOT 138 SANIAH,MUSAFFAH,ABUDHABI",02-5593777,"https://www.google.com/maps/@?api=1&map_action=map&center=25.0,55.0&zoom=15",,,Pharmacy outlet. Coordinates approximate for area. Operating hours typically 8AM-10PM. Prescription services available. WhatsApp availability varies by location; call ahead to confirm.
PF2977,AUH,Abu Dhabi,PHARMACY,FAMOUS PHARMACY LLC-AUH,PF2977,MUSSAFFAH,"SHOP NO. 3, GROUND FLOOR, SALEM KHAMIS SALEM ALKHEMEIRI MUSSAFAH 34 ABU DHABI",02-5521912,"https://www.google.com/maps/@?api=1&map_action=map&center=25.0,55.0&zoom=15",,,Pharmacy outlet. Coordinates approximate for area. Operating hours typically 8AM-10PM. Prescription services available. WhatsApp availability varies by location; call ahead to confirm.
PF1721,AUH,Abu Dhabi,PHARMACY,MUBARAK PHARMACY - SOLE PROPRIETORSHIP L.L.C. - BRANCH,PF1721,WORKER CITY-2,"AL ESHOUSH CAMP, WORKER CITY-2, BANIYAS, ABU DHABI, UAE",02-5837796,"https://www.google.com/maps/@?api=1&map_action=map&center=25.0,55.0&zoom=15",,,Pharmacy outlet. Coordinates approximate for area. Operating hours typically 8AM-10PM. Prescription services available. WhatsApp availability varies by location; call ahead to confirm.
PF1766,AUH,Abu Dhabi,PHARMACY,MEDLINE PHARMACY L.L.C,PF1766,MUSAFFAH," 9G3F+M24 - 14TH ST - MUSAFFAH - M-26 - ABU DHABI,UAE",02-5548669,"https://www.google.com/maps/@?api=1&map_action=map&center=25.0,55.0&zoom=15",,,Pharmacy outlet. Coordinates approximate for area. Operating hours typically 8AM-10PM. Prescription services available. WhatsApp availability varies by location; call ahead to confirm.
PF5285,AUH,Abu Dhabi,PHARMACY,MAXIMPHARMACY SOLE PROPRIETORSHIP LLC,PF5285,MUSAFFAH,"MUSSAFAH-43,ICAD 1,ABDUABI UAE",02-5500161,"https://www.google.com/maps/@?api=1&map_action=map&center=25.0,55.0&zoom=15",,,Pharmacy outlet. Coordinates approximate for area. Operating hours typically 8AM-10PM. Prescription services available. WhatsApp availability varies by location; call ahead to confirm.
PF5040,AUH,Abu Dhabi,PHARMACY,M 26  PHARMACY,PF5040,MUSAFFAH,"PLOT NO: 94, MUSAFFAH M-26 NEAR GUJRAT RESTAURANT MUSAFFAH",02-8867789,"https://www.google.com/maps/@?api=1&map_action=map&center=25.0,55.0&zoom=15",,,Pharmacy outlet. Coordinates approximate for area. Operating hours typically 8AM-10PM. Prescription services available. WhatsApp availability varies by location; call ahead to confirm.
PF1755,AUH,Abu Dhabi,PHARMACY,AL ANQOOD PHARMACY,PF1755,AL WADI,"AL WADI BUILDING, BLOCK NUMBER 198, MAIN INDUSTRIAL, ABU DHABI, UAE",02-8882622,"https://www.google.com/maps/@?api=1&map_action=map&center=25.0,55.0&zoom=15",,,Pharmacy outlet. Coordinates approximate for area. Operating hours typically 8AM-10PM. Prescription services available. WhatsApp availability varies by location; call ahead to confirm.
PF3110,AUH,Abu Dhabi,PHARMACY,FALCON PHARMACY LLC,PF3110,GHAYATHI,"INDUSTRIAL SECTOR 18, SANAIYA 2, GHAYATHI, AL DHAFRA REGION, ABU DHABI, UAE",02-874 3164,"https://www.google.com/maps/@?api=1&map_action=map&center=25.0,55.0&zoom=15",,,Pharmacy outlet. Coordinates approximate for area. Operating hours typically 8AM-10PM. Prescription services available. WhatsApp availability varies by location; call ahead to confirm.
PF2595,AUH,Abu Dhabi,PHARMACY,EXPRESS GHAYATHI PHARMACY,PF2595,SANAYYA,"EXPRESS GAYATHI HYPERMARKET BUILDING, GHAYATHI , SANAYYA,ABUDHABI, UAE ",02-8740121,"https://www.google.com/maps/@?api=1&map_action=map&center=25.0,55.0&zoom=15",,,Pharmacy outlet. Coordinates approximate for area. Operating hours typically 8AM-10PM. Prescription services available. WhatsApp availability varies by location; call ahead to confirm.
PF5268,AUH,Abu Dhabi,PHARMACY,PUBLIC LIFE PHARMACY L.L.C,PF5268,"CHINA CAMP, BANIYAS","SHOP NO G04, F2C4-7, BUILDING NO.07 PARCO MALL,AL MAFRAQ INDUSTRIAL AREA 2 (CHINA CAMP), BANIYAS,ABU DHABI",02-5563658,"https://www.google.com/maps/@?api=1&map_action=map&center=25.0,55.0&zoom=15",,,Pharmacy outlet. Coordinates approximate for area. Operating hours typically 8AM-10PM. Prescription services available. WhatsApp availability varies by location; call ahead to confirm.
PF2959,AUH,Abu Dhabi,PHARMACY,UNIQUE CARE PHARMACY,PF2959,MUSAFFAH INDUSTRIAL AREA,"SHOP NO 07, BUILDING NO 85, STREET 10TH, M-13 MUSAFFAH INDUSTRIAL AREA ABU DHABI UAE",02-5535582,"https://www.google.com/maps/@?api=1&map_action=map&center=25.0,55.0&zoom=15",,,Pharmacy outlet. Coordinates approximate for area. Operating hours typically 8AM-10PM. Prescription services available. WhatsApp availability varies by location; call ahead to confirm.
PF2813,AUH,Abu Dhabi,PHARMACY,GOLDEN TULIP PHARMACY LLC-OPC (FORMERLY GOLDEN TULIP PHARMACY L.L.C),PF2813,MUSSAFAH INDUSTRIAL AREA,ST#11 PLOT #23 M-17 MUSSAFAH INDUSTRIAL AREA,02-5556608,"https://www.google.com/maps/@?api=1&map_action=map&center=25.0,55.0&zoom=15",,,Pharmacy outlet. Coordinates approximate for area. Operating hours typically 8AM-10PM. Prescription services available. WhatsApp availability varies by location; call ahead to confirm.
PF2847,AUH,Abu Dhabi,PHARMACY,HEALTH POINT PHARMACY L.L.C.,PF2847,MUSSAFAH,"BUILDING 3, SHOP 5, MUSAFFAH M-4,ABU DHABI,UAE",02-5590203,"https://www.google.com/maps/@?api=1&map_action=map&center=25.0,55.0&zoom=15",,,Pharmacy outlet. Coordinates approximate for area. Operating hours typically 8AM-10PM. Prescription services available. WhatsApp availability varies by location; call ahead to confirm.
PF4055,AUH,Abu Dhabi,PHARMACY,NEXTHEALTH PHARMACY - SOLE PROPRIETORSHIP LLC,PF4055,AL DHAFRAH REGION,"205, FIRST FLOOR, HAMEEM MALL, AL DHAFRAH REGION, ABU DHABI, UAE",02-8867332,"https://www.google.com/maps/@?api=1&map_action=map&center=25.0,55.0&zoom=15",,,Pharmacy outlet. Coordinates approximate for area. Operating hours typically 8AM-10PM. Prescription services available. WhatsApp availability varies by location; call ahead to confirm.
PF2783,AUH,Abu Dhabi,PHARMACY,MEDI CURE PHARMACY L.L.C,PF2783,"WORKERS CITY 1,BANIYAS","AL JABER SHOPPING COMPLEX,MAFRAQ WORKERS CITY 1, BANIYAS,ABU DHABI",026228383,"https://www.google.com/maps/@?api=1&map_action=map&center=25.0,55.0&zoom=15",,,Pharmacy outlet. Coordinates approximate for area. Operating hours typically 8AM-10PM. Prescription services available. WhatsApp availability varies by location; call ahead to confirm.
PF5044,AUH,Abu Dhabi,PHARMACY,LIRA PHARMACY L.L.C,PF5044,"WORKERS CITY 1,BANIYAS","AL RAHA VILLAGE SHOPPING CENTER,MAFRAQ WORKERS CITY 2,BANIYAS WEST,ABU DHABI",02-8864062,"https://www.google.com/maps/@?api=1&map_action=map&center=25.0,55.0&zoom=15",,,Pharmacy outlet. Coordinates approximate for area. Operating hours typically 8AM-10PM. Prescription services available. WhatsApp availability varies by location; call ahead to confirm.
PF3065,AUH,Abu Dhabi,PHARMACY,BLUE OCEAN PHARMACY - SOLE PROPRIETORSHIP L.L.C,PF3065,SHABIYA-ME10,"ABU DHABI-MUSAFFAH SHABIYA-ME10-MOHAMED BIN ZAYED CITY,ABUDHABI",02-5532323,"https://www.google.com/maps/@?api=1&map_action=map&center=25.0,55.0&zoom=15",,,Pharmacy outlet. Coordinates approximate for area. Operating hours typically 8AM-10PM. Prescription services available. WhatsApp availability varies by location; call ahead to confirm.
PF1306,AUH,Abu Dhabi,PHARMACY,NEW NATIONAL MEDICAL CENTRE PHARMACY,PF1306,MUSSAFAH,"SHABIYA ME 10,MUSAFFAH, ABUDHABI U.A.E",02-2550100,"https://www.google.com/maps/@?api=1&map_action=map&center=25.0,55.0&zoom=15",,,Pharmacy outlet. Coordinates approximate for area. Operating hours typically 8AM-10PM. Prescription services available. WhatsApp availability varies by location; call ahead to confirm.
PF2728,AUH,Abu Dhabi,PHARMACY,ASTER PHARMACIES GROUP LLC- BRANCH OF ABU DHABI 1,PF2728,AL FALAH STREET ,"AL HAMED BUILDING, AL FALAH STREET, BLUE DIAMOND, BEHIND JUMBO ELECTRONICS",02-6437625,"https://www.google.com/maps/@?api=1&map_action=map&center=25.0,55.0&zoom=15",,,Pharmacy outlet. Coordinates approximate for area. Operating hours typically 8AM-10PM. Prescription services available. WhatsApp availability varies by location; call ahead to confirm.
PF2842,AUH,Abu Dhabi,PHARMACY,ASTER PHARMACIES GROUP L.L.C-BRANCH OF ABU DHABI -5,PF2842,ELECTRA,"BUILDING NO 7, ZAYED STREET, ELECTRA",02-4489240,"https://www.google.com/maps/@?api=1&map_action=map&center=25.0,55.0&zoom=15",,,Pharmacy outlet. Coordinates approximate for area. Operating hours typically 8AM-10PM. Prescription services available. WhatsApp availability varies by location; call ahead to confirm.
PF2745,AUH,Abu Dhabi,PHARMACY,ASTER PHARMACIES GROUP LLC- BRANCH OF ABU DHABI 3,PF2745,HAMDAN STREET,"BUILDING NO. EC –C-19, HAMDAN STREET, NEAR TO LULU INTERNATIONAL EXCHANGE",02-6229870,"https://www.google.com/maps/@?api=1&map_action=map&center=25.0,55.0&zoom=15",,,Pharmacy outlet. Coordinates approximate for area. Operating hours typically 8AM-10PM. Prescription services available. WhatsApp availability varies by location; call ahead to confirm.
PF3004,AUH,Abu Dhabi,PHARMACY,ASTER PHARMACIES GROUP L.L.C- BRANCH OF ABU DHABI 8,PF3004,ELECTRA STREET,"CANON BUILDING, ELECTRA STREET, NEXT TO CBI BANK BUILDING",02-6711831,"https://www.google.com/maps/@?api=1&map_action=map&center=25.0,55.0&zoom=15",,,Pharmacy outlet. Coordinates approximate for area. Operating hours typically 8AM-10PM. Prescription services available. WhatsApp availability varies by location; call ahead to confirm.
PF2723,AUH,Abu Dhabi,PHARMACY,ASTER PHARMACIES GROUP LLC- BRANCH OF ABU DHABI 2,PF2723,KHALIDYA,"DAR AL THALMIYA, KHALIDIYA, ABU DHABI, UAE, BEHIND AL MUHAIRY CENTRE",02-4910686,"https://www.google.com/maps/@?api=1&map_action=map&center=25.0,55.0&zoom=15",,,Pharmacy outlet. Coordinates approximate for area. Operating hours typically 8AM-10PM. Prescription services available. WhatsApp availability varies by location; call ahead to confirm.
PF1574,AUH,Abu Dhabi,PHARMACY,MODERN DAR AL SHIFA PHARMACY - MUSAFFAH  BR.,PF1574,MUSSAFAH,"INDUSTRIAL AREA 9, MUSAFFAH",02-5561637,"https://www.google.com/maps/@?api=1&map_action=map&center=25.0,55.0&zoom=15",,,Pharmacy outlet. Coordinates approximate for area. Operating hours typically 8AM-10PM. Prescription services available. WhatsApp availability varies by location; call ahead to confirm.
PF1304,AUH,Abu Dhabi,PHARMACY,ASTER MODERN DAR AL SHIFA PHARMACY,PF1304,ABU DHABI,NEAR DANA HOTEL - ABU DHABI,02-6446100,"https://www.google.com/maps/@?api=1&map_action=map&center=25.0,55.0&zoom=15",,,Pharmacy outlet. Coordinates approximate for area. Operating hours typically 8AM-10PM. Prescription services available. WhatsApp availability varies by location; call ahead to confirm.
PF1436,AUH,Abu Dhabi,PHARMACY,ASTER PHARMACY LLC,PF1436,MUSSAFAH,"SAFEERMALL, MUSSAFAH",02 5529395,"https://www.google.com/maps/@?api=1&map_action=map&center=25.0,55.0&zoom=15",,,Pharmacy outlet. Coordinates approximate for area. Operating hours typically 8AM-10PM. Prescription services available. WhatsApp availability varies by location; call ahead to confirm.
PF2860,AUH,Abu Dhabi,PHARMACY,ASTER PHARMACIES GROUP L.L.C- BRANCH OF ABU DHABI 6,PF2860,MUSAFFAH,"SHABIYA#10, NEAR TO JOY ALUKAS JEWELRY, MUSAFFAH",02-5502429,"https://www.google.com/maps/@?api=1&map_action=map&center=25.0,55.0&zoom=15",,,Pharmacy outlet. Coordinates approximate for area. Operating hours typically 8AM-10PM. Prescription services available. WhatsApp availability varies by location; call ahead to confirm.
PF2841,AUH,Abu Dhabi,PHARMACY,ASTER PHARMACIES GROUP  LLC- BRANCH OF ABUDHABI 4,PF2841,DEYYAR,"SHOP NO 7&8,BODEBIS BUILDING ,DEFENSE ROAD, DEYYAR",02-4478482,"https://www.google.com/maps/@?api=1&map_action=map&center=25.0,55.0&zoom=15",,,Pharmacy outlet. Coordinates approximate for area. Operating hours typically 8AM-10PM. Prescription services available. WhatsApp availability varies by location; call ahead to confirm.
PF3031,AUH,Abu Dhabi,PHARMACY,ASTER PHARMACIES GROUP L.L.C- BRANCH OF ABU DHABI 7,PF3031,ABU DHABI,"AL SHAHEEN COMPLEX , NEAR CHOITHRAM SUPER MARKET, KHALIDIYA, ABU DHABI",02-6395140,"https://www.google.com/maps/@?api=1&map_action=map&center=25.0,55.0&zoom=15",,,Pharmacy outlet. Coordinates approximate for area. Operating hours typically 8AM-10PM. Prescription services available. WhatsApp availability varies by location; call ahead to confirm.
PF5146,AUH,Abu Dhabi,PHARMACY,ASTER PHARMACIES GROUP L.L.C BRANCH ABU DHABI 10,PF5146,ELECTRA STREET,"HEIRS OF DARWISH BIN AHMED BUILDING, SHOP NO:005, ZAYED 1ST ST, ELECTRA STREET, ABUDHABI, UAE",02-8868770,"https://www.google.com/maps/@?api=1&map_action=map&center=25.0,55.0&zoom=15",,,Pharmacy outlet. Coordinates approximate for area. Operating hours typically 8AM-10PM. Prescription services available. WhatsApp availability varies by location; call ahead to confirm.
PF5185,AUH,Abu Dhabi,PHARMACY,ASTER PHARMACIES GROUP L.L.C  ABU DHABI BRANCH 11,PF5185,AIRPORT ROAD,"SHOP NO.2, BUILDING NO.193, NEXT TO ADNOC PETROL STATION, SECTOR E 18_01, AIRPORT ROAD, ABU DHABI, UAE",02-6274688,"https://www.google.com/maps/@?api=1&map_action=map&center=25.0,55.0&zoom=15",,,Pharmacy outlet. Coordinates approximate for area. Operating hours typically 8AM-10PM. Prescription services available. WhatsApp availability varies by location; call ahead to confirm.
PF5147,AUH,Abu Dhabi,PHARMACY,ASTER PHARMACIES GROUP L.L.C BRANCH OF ABU DHABI 9,PF5147,AL WATHIQ STREET,"SHOP 2, BUILDING 139, AL WATHIQ STREET, SULTAN BIN ZAYED THE FIRST , BESIDE ZEHRAT LEBANON, MUROOR ROAD, ABUDHABI",02-8869464,"https://www.google.com/maps/@?api=1&map_action=map&center=25.0,55.0&zoom=15",,,Pharmacy outlet. Coordinates approximate for area. Operating hours typically 8AM-10PM. Prescription services available. WhatsApp availability varies by location; call ahead to confirm.
PF5284,AUH,Abu Dhabi,PHARMACY,ASTER PHARMACIES GROUP L.L.C - ABU DHABI BRANCH 15,PF5284,AL NAHYAN,"37, AL RAWNAQ ST, AL NAHYAN, ABU DHABI",02-6431619,"https://www.google.com/maps/@?api=1&map_action=map&center=25.0,55.0&zoom=15",,,Pharmacy outlet. Coordinates approximate for area. Operating hours typically 8AM-10PM. Prescription services available. WhatsApp availability varies by location; call ahead to confirm.
PF5281,AUH,Abu Dhabi,PHARMACY,ASTER PHARMACIES GROUP L.L.C - BRANCH OF ABU DHABI 14,PF5281, AL DANAH,"721, AL MURAIKHI BUILDING, HAMDAN BIN MOHAMMED ST, AL DANAH, ABU DHABI",02-6350204,"https://www.google.com/maps/@?api=1&map_action=map&center=25.0,55.0&zoom=15",,,Pharmacy outlet. Coordinates approximate for area. Operating hours typically 8AM-10PM. Prescription services available. WhatsApp availability varies by location; call ahead to confirm.
PF5274,AUH,Abu Dhabi,PHARMACY,ASTER PHARMACIES GROUP LLC BRANCH  ABUDHABI 13,PF5274, AL DANA EAST,"DARWISH BIN AHMED BUILDING,AL FALAH STREET, AL DANA EAST , BESIDE TAHA MEDICAL CENTER, ABU DHABI, UAE",02-5858396,"https://www.google.com/maps/@?api=1&map_action=map&center=25.0,55.0&zoom=15",,,Pharmacy outlet. Coordinates approximate for area. Operating hours typically 8AM-10PM. Prescription services available. WhatsApp availability varies by location; call ahead to confirm.
PF5404,AUH,Abu Dhabi,PHARMACY,ZEST WELLNESS PHARMACY LLC - BRANCH OF ABU DHABI 1,PF5404,KHALIFA CITY,"UNIT 07 & 08, WAITROSE CENTRE, KHALIFA CITY,SW-3, SECTOR 32, THEYAB BIN EISSA ST, ABU DHABI, UAE",02-5653462,"https://www.google.com/maps/@?api=1&map_action=map&center=25.0,55.0&zoom=15",,,Pharmacy outlet. Coordinates approximate for area. Operating hours typically 8AM-10PM. Prescription services available. WhatsApp availability varies by location; call ahead to confirm.
PF5403,AUH,Abu Dhabi,PHARMACY,ASTER PHARMACIES GROUP L.L.C - BRANCH OF ABU DHABI 17,PF5403," INDUSTRIAL CITY, ICAD I","FF 123, DALMA MALL, AL WAZN ST, ABU DHABI INDUSTRIAL CITY, ICAD I, ABU DHABI",02-5620147,"https://www.google.com/maps/@?api=1&map_action=map&center=25.0,55.0&zoom=15",,,Pharmacy outlet. Coordinates approximate for area. Operating hours typically 8AM-10PM. Prescription services available. WhatsApp availability varies by location; call ahead to confirm.
PF1183,AUH,Abu Dhabi,PHARMACY,MARIAM PHARMACY LLC,PF1183,AL WAHDA MALL,"OPPOSITE AL WAHDA MALL, DEFECNE ROAD, ABU DHABI",02-6418383,"https://www.google.com/maps/@?api=1&map_action=map&center=25.0,55.0&zoom=15",,,Pharmacy outlet. Coordinates approximate for area. Operating hours typically 8AM-10PM. Prescription services available. WhatsApp availability varies by location; call ahead to confirm.
PF1187,AUH,Abu Dhabi,PHARMACY,AMAL PHARMACY - SOLE PROPRIETORSHIP L.L.C,PF1187,BANIYAS EAST 9,"BANIYAS EAST 9, ABU DHABI, UAE",02-5833996,"https://www.google.com/maps/@?api=1&map_action=map&center=25.0,55.0&zoom=15",,,Pharmacy outlet. Coordinates approximate for area. Operating hours typically 8AM-10PM. Prescription services available. WhatsApp availability varies by location; call ahead to confirm.
PF2777,AUH,Abu Dhabi,PHARMACY,AL AHALIA NATIONAL PHARMACY L.L.C. - BRANCH 1,PF2777,TARIF ROAD,"M 24, MUSAFFAH, NEAR BMW SHOW ROOM, TARIF ROAD",02-5597090,"https://www.google.com/maps/@?api=1&map_action=map&center=25.0,55.0&zoom=15",,,Pharmacy outlet. Coordinates approximate for area. Operating hours typically 8AM-10PM. Prescription services available. WhatsApp availability varies by location; call ahead to confirm.
PF3073,AUH,Abu Dhabi,PHARMACY,GALAXY PHARMACY L.L.C.,PF3073,MUSSAFFAH – 37,"NEAR AHMED SALEM AL - MAHRAMI MOSQUE, OPP AL MADINA HYPERMARKET, MUSSAFFAH – 37",02-5575413,"https://www.google.com/maps/@?api=1&map_action=map&center=25.0,55.0&zoom=15",,,Pharmacy outlet. Coordinates approximate for area. Operating hours typically 8AM-10PM. Prescription services available. WhatsApp availability varies by location; call ahead to confirm.
PF1027,AUH,Abu Dhabi,PHARMACY,AL RIDA PHARMACY,PF1027,NAJATHA STREET,"NAJATHA STREET, OPP. NATIONAL CINEMA",02-6766125,"https://www.google.com/maps/@?api=1&map_action=map&center=25.0,55.0&zoom=15",,,Pharmacy outlet. Coordinates approximate for area. Operating hours typically 8AM-10PM. Prescription services available. WhatsApp availability varies by location; call ahead to confirm.
PF1151,AUH,Abu Dhabi,PHARMACY,BETTER LIFE PHARMACY - SOLE PROPRIETORSHIP L.L.C.,PF1151,MUSAFFAH ICAD,"MUSAFFAH ICAD, NEAR FATHIMA SUPERMARKET",02-5506693,"https://www.google.com/maps/@?api=1&map_action=map&center=25.0,55.0&zoom=15",,,Pharmacy outlet. Coordinates approximate for area. Operating hours typically 8AM-10PM. Prescription services available. WhatsApp availability varies by location; call ahead to confirm.
PF2734,AUH,Abu Dhabi,PHARMACY,BETTER LIFE PHARMACY- SOLE PROPRIETORSHIP L.L.C. - BRANCH 1,PF2734,CORNICHE ROAD,"CORNICHE ROAD,AUH",02-6222230,"https://www.google.com/maps/@?api=1&map_action=map&center=25.0,55.0&zoom=15",,,Pharmacy outlet. Coordinates approximate for area. Operating hours typically 8AM-10PM. Prescription services available. WhatsApp availability varies by location; call ahead to confirm.
PF1709,AUH,Abu Dhabi,PHARMACY,EASTERN AL AHLIA PHARMACY - L.L.C.,PF1709,"MAFRAQ, WORKERS CITY-2","MAFRAQ, WORKERS CITY-2,AUH",02-5856008,"https://www.google.com/maps/@?api=1&map_action=map&center=25.0,55.0&zoom=15",,,Pharmacy outlet. Coordinates approximate for area. Operating hours typically 8AM-10PM. Prescription services available. WhatsApp availability varies by location; call ahead to confirm.
PF1254,AUH,Abu Dhabi,PHARMACY,MADINA ZAYED AL AHLIYYA  PHARMACY,PF1254,SHABIA,"33RD  STREET, ME-10, MUSSAFAH, SHABIA, MOHAMED BIN ZAYED CITY",02-5593711,"https://www.google.com/maps/@?api=1&map_action=map&center=25.0,55.0&zoom=15",,,Pharmacy outlet. Coordinates approximate for area. Operating hours typically 8AM-10PM. Prescription services available. WhatsApp availability varies by location; call ahead to confirm.
PF1064,AUH,Abu Dhabi,PHARMACY,NEW ABU DHABI PHARMACY - SOLE PROPRIETORSHIP L.L.C,PF1064,AL FALAH STREET ,"AL FALAH STREET, OLD PASSPORT ROAD, RAFCO BUILDING",02-6777625,"https://www.google.com/maps/@?api=1&map_action=map&center=25.0,55.0&zoom=15",,,Pharmacy outlet. Coordinates approximate for area. Operating hours typically 8AM-10PM. Prescription services available. WhatsApp availability varies by location; call ahead to confirm.
PF2902,AUH,Abu Dhabi,PHARMACY,NOOR ALAHLI PHARMACY L.L.C. - BRANCH 1,PF2902,ICAD GATE 1,"ICAD MALL, ICAD GATE 1, M41, ICAD RESIDENTIAL CITY, MUSSAFAH",02-6416723,"https://www.google.com/maps/@?api=1&map_action=map&center=25.0,55.0&zoom=15",,,Pharmacy outlet. Coordinates approximate for area. Operating hours typically 8AM-10PM. Prescription services available. WhatsApp availability varies by location; call ahead to confirm.
PF2984,AUH,Abu Dhabi,PHARMACY,NOOR ALAHLI PHARMACY L.L.C. - BRANCH 2,PF2984,MUSSAFFAH,"ABU SHAKRA BLDG., ME-9, MUSSAFFAH",02-5522309,"https://www.google.com/maps/@?api=1&map_action=map&center=25.0,55.0&zoom=15",,,Pharmacy outlet. Coordinates approximate for area. Operating hours typically 8AM-10PM. Prescription services available. WhatsApp availability varies by location; call ahead to confirm.
PF2980,AUH,Abu Dhabi,PHARMACY,NOOR ALAHLI PHARMACY L.L.C. - BRANCH 3,PF2980,HAMDAN STREET,"OPP PANORAMA BLDG, HAMDAN STREET, HAMDAN",02-6263305,"https://www.google.com/maps/@?api=1&map_action=map&center=25.0,55.0&zoom=15",,,Pharmacy outlet. Coordinates approximate for area. Operating hours typically 8AM-10PM. Prescription services available. WhatsApp availability varies by location; call ahead to confirm.
PF2999,AUH,Abu Dhabi,PHARMACY,NOOR ALAHLI PHARMACY L.L.C. - BRANCH 4,PF2999,BANIYAS WEST,"NEAR BANIYAS COURT, BANIYAS WEST",02-5668124,"https://www.google.com/maps/@?api=1&map_action=map&center=25.0,55.0&zoom=15",,,Pharmacy outlet. Coordinates approximate for area. Operating hours typically 8AM-10PM. Prescription services available. WhatsApp availability varies by location; call ahead to confirm.
PF3055,AUH,Abu Dhabi,PHARMACY,NOOR ALAHLI PHARMACY L.L.C. - BRANCH 5,PF3055,BANIYAS WEST,"BANIYAS WEST, NEAR UNITED SCHOOL",02-5831929,"https://www.google.com/maps/@?api=1&map_action=map&center=25.0,55.0&zoom=15",,,Pharmacy outlet. Coordinates approximate for area. Operating hours typically 8AM-10PM. Prescription services available. WhatsApp availability varies by location; call ahead to confirm.
PF3058,AUH,Abu Dhabi,PHARMACY,NOOR ALAHLI PHARMACY L.L.C. - BRANCH 6,PF3058,HAMDAN STREET,"C15, SECTOR : EAST 6, HAMDAN STREET, HAMDAN",02-6210524,"https://www.google.com/maps/@?api=1&map_action=map&center=25.0,55.0&zoom=15",,,Pharmacy outlet. Coordinates approximate for area. Operating hours typically 8AM-10PM. Prescription services available. WhatsApp availability varies by location; call ahead to confirm.
PF3057,AUH,Abu Dhabi,PHARMACY,NOOR ALAHLI PHARMACY L.L.C. - BRANCH 7,PF3057,HAMDAN STREET,"BEHIND A BLOCK, OPP DU BLDG, HAMDAN STREET, HAMDAN",02-6269545,"https://www.google.com/maps/@?api=1&map_action=map&center=25.0,55.0&zoom=15",,,Pharmacy outlet. Coordinates approximate for area. Operating hours typically 8AM-10PM. Prescription services available. WhatsApp availability varies by location; call ahead to confirm.
PF3061,AUH,Abu Dhabi,PHARMACY,NOOR ALAHLI PHARMACY L.L.C. - BRANCH 8,PF3061,MARFA SOUQ,"MARFA SOUQ, OPP ABUSAEED MOSQUE, MIRFA",02-8833443,"https://www.google.com/maps/@?api=1&map_action=map&center=25.0,55.0&zoom=15",,,Pharmacy outlet. Coordinates approximate for area. Operating hours typically 8AM-10PM. Prescription services available. WhatsApp availability varies by location; call ahead to confirm.
PF2983,AUH,Abu Dhabi,PHARMACY,STAR AL AHALIA PHARMACY,PF2983, GAYATHI,"C76, NEAR GAYATHI MARKET, GAYATHI",02-8744060,"https://www.google.com/maps/@?api=1&map_action=map&center=25.0,55.0&zoom=15",,,Pharmacy outlet. Coordinates approximate for area. Operating hours typically 8AM-10PM. Prescription services available. WhatsApp availability varies by location; call ahead to confirm.
PF2736,AUH,Abu Dhabi,PHARMACY,UNIQUE AL AHALIA PHARMACY,PF2736,"MUSSAFAH, SHABIYA","ME-10, NEAR RED CRESCENT, MUSSAFAH, SHABIYA",02-5595441,"https://www.google.com/maps/@?api=1&map_action=map&center=25.0,55.0&zoom=15",,,Pharmacy outlet. Coordinates approximate for area. Operating hours typically 8AM-10PM. Prescription services available. WhatsApp availability varies by location; call ahead to confirm.
PF2801,AUH,Abu Dhabi,PHARMACY,UNIQUE AL AHALIA PHARMACY - BRANCH 1,PF2801,HAMDAN STREET,"BEHIND LIWA CENTER, HAMDAN STREET, HAMDAN",02-6352775,"https://www.google.com/maps/@?api=1&map_action=map&center=25.0,55.0&zoom=15",,,Pharmacy outlet. Coordinates approximate for area. Operating hours typically 8AM-10PM. Prescription services available. WhatsApp availability varies by location; call ahead to confirm.
PF2870,AUH,Abu Dhabi,PHARMACY,WESTERN TOWERS AL AHLIA PHARMACY,PF2870,"SANAYA, MADINA ZAYED","MZE-19, SANAYA, MADINA ZAYED",02-8841020,"https://www.google.com/maps/@?api=1&map_action=map&center=25.0,55.0&zoom=15",,,Pharmacy outlet. Coordinates approximate for area. Operating hours typically 8AM-10PM. Prescription services available. WhatsApp availability varies by location; call ahead to confirm.
PF2995,AUH,Abu Dhabi,PHARMACY,PHOENIX HOSPITAL PHARMACY L.L.C.,PF2995,SHABIYAH,"M-10, SHABIYAH, MUSAFFAH",02-6151525,"https://www.google.com/maps/@?api=1&map_action=map&center=25.0,55.0&zoom=15",,,Pharmacy outlet. Coordinates approximate for area. Operating hours typically 8AM-10PM. Prescription services available. WhatsApp availability varies by location; call ahead to confirm.
PF3097,AUH,Abu Dhabi,PHARMACY,MILLENNIUM HOSPITAL PHARMACY L.L.C.,PF3097,SHABIA 9,"C 175, ME 9, SHABIA 9, MUSSAFAH",02-5649409,"https://www.google.com/maps/@?api=1&map_action=map&center=25.0,55.0&zoom=15",,,Pharmacy outlet. Coordinates approximate for area. Operating hours typically 8AM-10PM. Prescription services available. WhatsApp availability varies by location; call ahead to confirm.
PF2662,AUH,Abu Dhabi,PHARMACY,AL AHALIA NATIONAL PHARMACY L.L.C.,PF2662,MUSSAFAH,"TARIFF ROAD, M-24, MUSSAFAH",02-8119151,"https://www.google.com/maps/@?api=1&map_action=map&center=25.0,55.0&zoom=15",,,Pharmacy outlet. Coordinates approximate for area. Operating hours typically 8AM-10PM. Prescription services available. WhatsApp availability varies by location; call ahead to confirm.
PF3095,AUH,Abu Dhabi,PHARMACY,UNIQUE AL AHALIA PHARMACY - BRANCH 2,PF3095,DELMA STREET,"DELMA STREET, OLD AIRPORT ROAD",02-6410039,"https://www.google.com/maps/@?api=1&map_action=map&center=25.0,55.0&zoom=15",,,Pharmacy outlet. Coordinates approximate for area. Operating hours typically 8AM-10PM. Prescription services available. WhatsApp availability varies by location; call ahead to confirm.
PF1667,AUH,Abu Dhabi,PHARMACY,ZIRKU PHARMACY,PF1667,ZIRKU ISLAND,"ZIRKU ISLAND, ABU DHABI",02 6056503,"https://www.google.com/maps/@?api=1&map_action=map&center=25.0,55.0&zoom=15",,,Pharmacy outlet. Coordinates approximate for area. Operating hours typically 8AM-10PM. Prescription services available. WhatsApp availability varies by location; call ahead to confirm.
PF1367,AUH,Abu Dhabi,PHARMACY,ADNOC ONSHORE MEDICAL CENTRE PHARMACY,PF1367,AL KHALIDIYAH,"ADCO MEDICAL CENTRE, NEAR ADCO OPERATIONS, AL KHALIDIYAH,1ST CORNICHE STREET, ABU DHABI",02-6018527 / 02-6043013,"https://www.google.com/maps/@?api=1&map_action=map&center=25.0,55.0&zoom=15",,,Pharmacy outlet. Coordinates approximate for area. Operating hours typically 8AM-10PM. Prescription services available. WhatsApp availability varies by location; call ahead to confirm.
PF2640,AUH,Abu Dhabi,PHARMACY,ADNOC TECHNICAL INSTITUTE PHARMACY,PF2640,AL SHAWAMEKH,"AL SHAWAMEKH, NEAR SCHLUMBERGER - ABU DHABI",02 6022837,"https://www.google.com/maps/@?api=1&map_action=map&center=25.0,55.0&zoom=15",,,Pharmacy outlet. Coordinates approximate for area. Operating hours typically 8AM-10PM. Prescription services available. WhatsApp availability varies by location; call ahead to confirm.
PF1316,AUH,Abu Dhabi,PHARMACY,DAS MEDICAL CENTER PHARMACY,PF1316,DAS ISLAND,"DAS ISLAND, ABU DHABI",02-6063500,"https://www.google.com/maps/@?api=1&map_action=map&center=25.0,55.0&zoom=15",,,Pharmacy outlet. Coordinates approximate for area. Operating hours typically 8AM-10PM. Prescription services available. WhatsApp availability varies by location; call ahead to confirm.
PF1442,AUH,Abu Dhabi,PHARMACY,ABU DHABI REFINERY,PF1442,INTERNATIONAL AIRPORT ROAD,INTERNATIONAL AIRPORT ROAD - ABU DHABI,02 6026305,"https://www.google.com/maps/@?api=1&map_action=map&center=25.0,55.0&zoom=15",,,Pharmacy outlet. Coordinates approximate for area. Operating hours typically 8AM-10PM. Prescription services available. WhatsApp availability varies by location; call ahead to confirm.
PF2785,AUH,Abu Dhabi,PHARMACY,SHEIKH KHALIFA ENERGY CLINIC PHARMACY,PF2785,SHEIKH KHALIFA ENERGY COMPLEX,SHEIKH KHALIFA ENERGY COMPLEX - ABU DHABI,02 6020070,"https://www.google.com/maps/@?api=1&map_action=map&center=25.0,55.0&zoom=15",,,Pharmacy outlet. Coordinates approximate for area. Operating hours typically 8AM-10PM. Prescription services available. WhatsApp availability varies by location; call ahead to confirm.
PF2554,AUH,Abu Dhabi,PHARMACY,AL DABBAYIA PHARMACY,PF2554,RAMS DHABIYYA CLINI,"RAMS DHABIYYA CLINIC,ABU DHABI",02-26046788,"https://www.google.com/maps/@?api=1&map_action=map&center=25.0,55.0&zoom=15",,,Pharmacy outlet. Coordinates approximate for area. Operating hours typically 8AM-10PM. Prescription services available. WhatsApp availability varies by location; call ahead to confirm.
PF2558,AUH,Abu Dhabi,PHARMACY,ASAB PHARMACY,PF2558,ASAB AREA,"ASAB AREA, ABU DHABI",02-6034222,"https://www.google.com/maps/@?api=1&map_action=map&center=25.0,55.0&zoom=15",,,Pharmacy outlet. Coordinates approximate for area. Operating hours typically 8AM-10PM. Prescription services available. WhatsApp availability varies by location; call ahead to confirm.
PF2553,AUH,Abu Dhabi,PHARMACY,BUHASA PHARMACY,PF2553,RAMS BUHASA,"RAMS BUHASA, ABU DHABI",02-6035272,"https://www.google.com/maps/@?api=1&map_action=map&center=25.0,55.0&zoom=15",,,Pharmacy outlet. Coordinates approximate for area. Operating hours typically 8AM-10PM. Prescription services available. WhatsApp availability varies by location; call ahead to confirm.
PF2555,AUH,Abu Dhabi,PHARMACY,HABSHAN PHARMACY,PF2555,HABSHAN,"BEDA ZAYED ROAD, HABSHAN ABU DHABI",02-6038331,"https://www.google.com/maps/@?api=1&map_action=map&center=25.0,55.0&zoom=15",,,Pharmacy outlet. Coordinates approximate for area. Operating hours typically 8AM-10PM. Prescription services available. WhatsApp availability varies by location; call ahead to confirm.
PF1441,AUH,Abu Dhabi,PHARMACY,AL DHANNAH HOSPITAL PHARMACY,PF1441,AL DHANNAH CITY,"AL DHANNAH CITY, NEAR AL DHANNAH MALL",02-8090311,"https://www.google.com/maps/@?api=1&map_action=map&center=25.0,55.0&zoom=15",,,Pharmacy outlet. Coordinates approximate for area. Operating hours typically 8AM-10PM. Prescription services available. WhatsApp availability varies by location; call ahead to confirm.
PF2790,AUH,Abu Dhabi,PHARMACY,MEDEOR 24X7 PHARMACY LLC,PF2790,AL FALAH ST - AL DANAH,AL FALAH ST - AL DANAH - ZONE 1 - ABU DHABI,02-6900 466,"https://www.google.com/maps/@?api=1&map_action=map&center=25.0,55.0&zoom=15",,,Pharmacy outlet. Coordinates approximate for area. Operating hours typically 8AM-10PM. Prescription services available. WhatsApp availability varies by location; call ahead to confirm.
PF2879,AUH,Abu Dhabi,PHARMACY,ALGHARBIA MEDICINE PHARMACY LLC,PF2879,SHABIYA 10 ,"NEAR PRIME CARE MEDICAL CENTRE. SHABIYA 10 ABUDHABI,UAE",02-5587652,"https://www.google.com/maps/@?api=1&map_action=map&center=25.0,55.0&zoom=15",,,Pharmacy outlet. Coordinates approximate for area. Operating hours typically 8AM-10PM. Prescription services available. WhatsApp availability varies by location; call ahead to confirm.
PF1192,AUH,Abu Dhabi,PHARMACY,KNIGHTS PHARMACY,PF1192,ZAYED THE FIRST STREET,"1ST FLOOR, PINK BUILDING #501, NEAR ROYAL ROSE HOTEL, ZAYED THE FIRST STREET - E-10 - ABU DHABI",02-6767366,"https://www.google.com/maps/@?api=1&map_action=map&center=25.0,55.0&zoom=15",,,Pharmacy outlet. Coordinates approximate for area. Operating hours typically 8AM-10PM. Prescription services available. WhatsApp availability varies by location; call ahead to confirm.
PF1431,AUH,Abu Dhabi,PHARMACY,KNIGHTS PHARMACY - LLC - KHALIFA BRANCH.,PF1431,NEAR SHEIKH KHALIFA MEDICAL CITY,"VILLA NO # 209, NEAR SHEIKH KHALIFA MEDICAL CITY, AL    KARAMAH STREET",02-621 9996,"https://www.google.com/maps/@?api=1&map_action=map&center=25.0,55.0&zoom=15",,,Pharmacy outlet. Coordinates approximate for area. Operating hours typically 8AM-10PM. Prescription services available. WhatsApp availability varies by location; call ahead to confirm.
PF5485,AUH,Abu Dhabi,PHARMACY,ASTER PHARMACIES GROUP L.L.C - ABU DHABI BRANCH 20,PF5485,BANIYAS,"SHOP NO.1, THIBAN BUILDING, PLOT S17, AL TAATUF STREET, BANIYAS, ABU DHABI",02-6355490,"https://www.google.com/maps/@?api=1&map_action=map&center=25.0,55.0&zoom=15",,,Pharmacy outlet. Coordinates approximate for area. Operating hours typically 8AM-10PM. Prescription services available. WhatsApp availability varies by location; call ahead to confirm.
PF5466,AUH,Abu Dhabi,PHARMACY,ASTER PHARMACIES GROUP L.L.C - BRANCH OF ABU DHABI 18,PF5466,KHALIFA CITY,"SHOP NO.1, BUILDING C54, AL MIREEF STREET, SECTOR SE45,SOUTHEAST-KHALIFA CITY, KHALIFA CITY, ABU DHABI",02-5845609,"https://www.google.com/maps/@?api=1&map_action=map&center=25.0,55.0&zoom=15",,,Pharmacy outlet. Coordinates approximate for area. Operating hours typically 8AM-10PM. Prescription services available. WhatsApp availability varies by location; call ahead to confirm.
PF5484,AUH,Abu Dhabi,PHARMACY,ASTER PHARMACIES GROUP L.L.C - BRANCH OF ABU DHABI 19,PF5484,AL SHAHAMAH,"SHOP NO-2, BUILDING-4968, PLOT C123,AL-TAGHROUDA STREET, NEW SHAHAMAH, AL SHAHAMAH, ABU DHABI",02-5837390,"https://www.google.com/maps/@?api=1&map_action=map&center=25.0,55.0&zoom=15",,,Pharmacy outlet. Coordinates approximate for area. Operating hours typically 8AM-10PM. Prescription services available. WhatsApp availability varies by location; call ahead to confirm.
PF5510,AUH,Abu Dhabi,PHARMACY,ASTER PHARMACIES GROUP L.L.C - BRANCH OF ABU DHABI 21,PF5510,AL RAHA,"G-01, BUILDING-P-2629, SECTOR RBW8, AL RAHA BEACH WEST, AL RAHA, ABU DHABI",02-8846576,"https://www.google.com/maps/@?api=1&map_action=map&center=25.0,55.0&zoom=15",,,Pharmacy outlet. Coordinates approximate for area. Operating hours typically 8AM-10PM. Prescription services available. WhatsApp availability varies by location; call ahead to confirm.
PF3178,AUH,Abu Dhabi,PHARMACY,AL RAWDHA PHARMACY L.L.C,PF3178,AL DANAH ZONE,"P-805 PROPERTY NO. PRP572, BEHIND ADNOC-NDC BUILDING AL DANAH ZONE 1 E11 ABU DHABI, UAE",02-550 5565,"https://www.google.com/maps/@?api=1&map_action=map&center=25.0,55.0&zoom=15",,,Pharmacy outlet. Coordinates approximate for area. Operating hours typically 8AM-10PM. Prescription services available. WhatsApp availability varies by location; call ahead to confirm.
PF1205,AUH,Abu Dhabi,PHARMACY,FAMILY PHARMACY,PF1205,"AL MARAFI STREET, AL DANAH,","HAMAD MUHAMMAD ALI  AL YABHOUNI AL DHAHERI BLDG,AL MARAFI STREET, AL DANAH, ABU DHABI CITY ",02-631 7417,"https://www.google.com/maps/@?api=1&map_action=map&center=25.0,55.0&zoom=15",,,Pharmacy outlet. Coordinates approximate for area. Operating hours typically 8AM-10PM. Prescription services available. WhatsApp availability varies by location; call ahead to confirm.
PF5211,AUH,Abu Dhabi,PHARMACY,A B C PLUS PHARMACY,PF5211,WORKER CITY NO.1-MAFRAQ I,WORKER CITY NO.1-MAFRAQ INDUSTRIAL AREA-ABU DHABI UAE,02-6279479,"https://www.google.com/maps/@?api=1&map_action=map&center=25.0,55.0&zoom=15",,,Pharmacy outlet. Coordinates approximate for area. Operating hours typically 8AM-10PM. Prescription services available. WhatsApp availability varies by location; call ahead to confirm.
PF5232,AUH,Abu Dhabi,PHARMACY,A B C PLUS PHARMACY- BRANCH,PF5232,BANI YAS WEST ,"NERA JERN YAFOOR SCHOOL BANI YAS WEST ABU DHABI,UAE",02-8784997,"https://www.google.com/maps/@?api=1&map_action=map&center=25.0,55.0&zoom=15",,,Pharmacy outlet. Coordinates approximate for area. Operating hours typically 8AM-10PM. Prescription services available. WhatsApp availability varies by location; call ahead to confirm.
PF2894,AUH,Abu Dhabi,PHARMACY,AL FURQAN PHARMACY,PF2894,AL MAFRAQ WORKERS CITY,JARN YAFOUR - AL MAFRAQ WORKERS CITY - ABU DHABI,02-644 0077,"https://www.google.com/maps/@?api=1&map_action=map&center=25.0,55.0&zoom=15",,,Pharmacy outlet. Coordinates approximate for area. Operating hours typically 8AM-10PM. Prescription services available. WhatsApp availability varies by location; call ahead to confirm.
PF5215,AUH,Abu Dhabi,PHARMACY,M37 PHARMACY LLC,PF5215,MUSSAFAH,"MUSSAFAH M 37 NEAR ALI HASSAN SUPER MARKET,ABUDHABI,UAE",02-2465436,"https://www.google.com/maps/@?api=1&map_action=map&center=25.0,55.0&zoom=15",,,Pharmacy outlet. Coordinates approximate for area. Operating hours typically 8AM-10PM. Prescription services available. WhatsApp availability varies by location; call ahead to confirm.
PF5375,AUH,Abu Dhabi,PHARMACY,MODERN PHARMACY L.L.C - BRANCH OF ABU DHABI 1,PF5375, MADINAT ZAYED,"MADINAT ZAYED,WESTERN REGION , MADINAT ZAYEDCITYMALL,ABU DHABI,UAE
",02-8829915,"https://www.google.com/maps/@?api=1&map_action=map&center=25.0,55.0&zoom=15",,,Pharmacy outlet. Coordinates approximate for area. Operating hours typically 8AM-10PM. Prescription services available. WhatsApp availability varies by location; call ahead to confirm.
PF1017,AUH,Abu Dhabi,PHARMACY,MODERN PHARMACY L.L.C - BRANCH OF ABU DHABI 2,PF1017,WORLD TRADE CENTRE,"OLD FISH MARKET,AL NASIR STREET ,AL HOSN TOWER,LAND MARK,NEARWORLD TRADE CENTRE ,ABUDHABI,UAE, ABU DHABI,PO BOX-24,UAE
",02-6449363,"https://www.google.com/maps/@?api=1&map_action=map&center=25.0,55.0&zoom=15",,,Pharmacy outlet. Coordinates approximate for area. Operating hours typically 8AM-10PM. Prescription services available. WhatsApp availability varies by location; call ahead to confirm.
PF3218,AUH,Abu Dhabi,PHARMACY,PUBLIC HEALTH PHARMACY LLC,PF3218,BANIYAS," SHOP NO.2B PLOT NO F2C4_1MAGENTA PEARL VILLAGE, AL-MAFRAQ INDUSTRIAL-2 (CHINA CAMP),BANIYAS, ABU DHABI",02-6678668,"https://www.google.com/maps/@?api=1&map_action=map&center=25.0,55.0&zoom=15",,,Pharmacy outlet. Coordinates approximate for area. Operating hours typically 8AM-10PM. Prescription services available. WhatsApp availability varies by location; call ahead to confirm.
PF2998,AUH,Abu Dhabi,PHARMACY,HEALTH TIME PHARMACY - SOLE PROPRIETORSHIP L.L.C,PF2998,BANIYAS," BLDG. 08, PLOT F2C4-8, AL-MAFRAQ INDUSTRIAL 2 BANIYAS, ABU DHABI, UNITED ARAB EMIRATES,",02-6425247,"https://www.google.com/maps/@?api=1&map_action=map&center=25.0,55.0&zoom=15",,,Pharmacy outlet. Coordinates approximate for area. Operating hours typically 8AM-10PM. Prescription services available. WhatsApp availability varies by location; call ahead to confirm.
PF5051,AUH,Abu Dhabi,PHARMACY,BLACK FALCON PHARMACY L.L.C,PF5051,GHAYATHI NEW INDUSTRIAL AREA,"BIN ASHEER BUILDING, GHAYATHI NEW INDUSTRIAL AREA, WESTERN REGION GHAYATHI ABU DHABI, UAE",02-8762647,"https://www.google.com/maps/@?api=1&map_action=map&center=25.0,55.0&zoom=15",,,Pharmacy outlet. Coordinates approximate for area. Operating hours typically 8AM-10PM. Prescription services available. WhatsApp availability varies by location; call ahead to confirm.
PF2725,AUH,Abu Dhabi,PHARMACY,FUTURE INTERNATIONAL PHARMACY L.L.C,PF2725,SHABIYA-11,"SHABIYA-11, ABU DHABI, UAE ",02-5595112,"https://www.google.com/maps/@?api=1&map_action=map&center=25.0,55.0&zoom=15",,,Pharmacy outlet. Coordinates approximate for area. Operating hours typically 8AM-10PM. Prescription services available. WhatsApp availability varies by location; call ahead to confirm.
PF2591,AUH,Abu Dhabi,PHARMACY,SMART HEALTH PHARMACY,PF2591,WORKERS VILLAGE 2 AL MAFRAQ,"WORKERS VILLAGE 2 AL MAFRAQ INDUSTRIAL AREA ABU DHABI, UAE  ",02-4467700,"https://www.google.com/maps/@?api=1&map_action=map&center=25.0,55.0&zoom=15",,,Pharmacy outlet. Coordinates approximate for area. Operating hours typically 8AM-10PM. Prescription services available. WhatsApp availability varies by location; call ahead to confirm.
PF4035,AUH,Abu Dhabi,PHARMACY,NORTH WEST PHARMACY LLC,PF4035,MUSAFFAH 38,"MUSAFFAH 38, ABUDHABI,UAE",02-6731164,"https://www.google.com/maps/@?api=1&map_action=map&center=25.0,55.0&zoom=15",,,Pharmacy outlet. Coordinates approximate for area. Operating hours typically 8AM-10PM. Prescription services available. WhatsApp availability varies by location; call ahead to confirm.
PF3112,AUH,Abu Dhabi,PHARMACY,AL NEEM PHARMACY L.L.C,PF3112,SHAHAMA,"SHAHAMA, ABU DHABI",06-557 9567,"https://www.google.com/maps/@?api=1&map_action=map&center=25.0,55.0&zoom=15",,,Pharmacy outlet. Coordinates approximate for area. Operating hours typically 8AM-10PM. Prescription services available. WhatsApp availability varies by location; call ahead to confirm.
PF1177,AUH,Abu Dhabi,PHARMACY,AL KAMAL PHARMACY,PF1177,KHALIDIYA,"GROUND FLOOR,AL JERNAIN TOWER,ZAYED THE FIRST STREET,KHALIDIYA,ABU DHABI,UAE",02-6669281,"https://www.google.com/maps/@?api=1&map_action=map&center=25.0,55.0&zoom=15",,,Pharmacy outlet. Coordinates approximate for area. Operating hours typically 8AM-10PM. Prescription services available. WhatsApp availability varies by location; call ahead to confirm.
PF3246,AUH,Abu Dhabi,PHARMACY,GIANT PHARMACY LLC,PF3246, MUSSAFAH,"SHOP 11, MUSSAFAH,UAE",02-5517211,"https://www.google.com/maps/@?api=1&map_action=map&center=25.0,55.0&zoom=15",,,Pharmacy outlet. Coordinates approximate for area. Operating hours typically 8AM-10PM. Prescription services available. WhatsApp availability varies by location; call ahead to confirm.
PF2649,AUH,Abu Dhabi,PHARMACY,EMERALD PHARMACY LLC,PF2649, ICAD,"STREET#16 M/37 NEAR ICAD,ABU DHABI,UAE",02-5554165,"https://www.google.com/maps/@?api=1&map_action=map&center=25.0,55.0&zoom=15",,,Pharmacy outlet. Coordinates approximate for area. Operating hours typically 8AM-10PM. Prescription services available. WhatsApp availability varies by location; call ahead to confirm.
PF2868,AUH,Abu Dhabi,PHARMACY,HOPE PHARMACY L.L.C,PF2868,BANIYAS,"BANIYAS, MAFRAQ INDUSTRIAL - PLOT 384, UNIT, OWNER/GENERAL CONSTRUCTION COMPANY, ABU DHABI",02-5552687,"https://www.google.com/maps/@?api=1&map_action=map&center=25.0,55.0&zoom=15",,,Pharmacy outlet. Coordinates approximate for area. Operating hours typically 8AM-10PM. Prescription services available. WhatsApp availability varies by location; call ahead to confirm.
PF5011,AUH,Abu Dhabi,PHARMACY,MAX BLUE PHARMACY,PF5011,MUSSAFAH,"ABU HINAA 1ST STREET MUSSAFAH M 10, ABU DHABI, UAE",02 5751331,"https://www.google.com/maps/@?api=1&map_action=map&center=25.0,55.0&zoom=15",,,Pharmacy outlet. Coordinates approximate for area. Operating hours typically 8AM-10PM. Prescription services available. WhatsApp availability varies by location; call ahead to confirm.
PF2639,AUH,Abu Dhabi,PHARMACY,SAHARA PHARMACY L.L.C,PF2639,MUSAFFAH,"M44, MUSAFFAH, ABU DHABI",02-5556392,"https://www.google.com/maps/@?api=1&map_action=map&center=25.0,55.0&zoom=15",,,Pharmacy outlet. Coordinates approximate for area. Operating hours typically 8AM-10PM. Prescription services available. WhatsApp availability varies by location; call ahead to confirm.
PF5361,AUH,Abu Dhabi,PHARMACY,LLH PHARMACY ALMUSAFFAH L.L.C. - BRANCH,PF5361,"GHIYATHI, AL DHAFRA","NEAR MEGA BAZAR GHIYATHI, AL DHAFRA",056-4010637,"https://www.google.com/maps/@?api=1&map_action=map&center=25.0,55.0&zoom=15",,,Pharmacy outlet. Coordinates approximate for area. Operating hours typically 8AM-10PM. Prescription services available. WhatsApp availability varies by location; call ahead to confirm.
PF1715,AUH,Abu Dhabi,PHARMACY,TIME CURE PHARMACY - SOLE PROPRIETORSHIP LLC,PF1715,MUSSAFAH 36,"PLOT 15, ABOVE ARAB COOK REST. MUSSAFAH 36, ABU DHABI,UAE",02-5508998,"https://www.google.com/maps/@?api=1&map_action=map&center=25.0,55.0&zoom=15",,,Pharmacy outlet. Coordinates approximate for area. Operating hours typically 8AM-10PM. Prescription services available. WhatsApp availability varies by location; call ahead to confirm.
PF1022,AUH,Abu Dhabi,PHARMACY,NEW PHARMACY COMPANY LTD(FORMERLY NEW PHARMACY COMPANY WLL),PF1022,ELECTRA STREET,SH.ZAYED 2ND STREET (ELECTRA ROAD),02-6322379,"https://www.google.com/maps/@?api=1&map_action=map&center=25.0,55.0&zoom=15",,,Pharmacy outlet. Coordinates approximate for area. Operating hours typically 8AM-10PM. Prescription services available. WhatsApp availability varies by location; call ahead to confirm.
PF1446,AUH,Abu Dhabi,PHARMACY,NMC PHARMACY L L C - O.P.C(FORMERLY NMC PHARMACY),PF1446,"SAMA TOWER,SH. ZAYED ROAD","SAMA TOWER , GROUND FLOOR, SH. ZAYED ROAD",02-6179820,"https://www.google.com/maps/@?api=1&map_action=map&center=25.0,55.0&zoom=15",,,Pharmacy outlet. Coordinates approximate for area. Operating hours typically 8AM-10PM. Prescription services available. WhatsApp availability varies by location; call ahead to confirm.
PF2559,AUH,Abu Dhabi,PHARMACY,BAREEN PHARMACY,PF2559,MOHAMMAD BIN ZAYED CITY,"MOHAMMAD BIN ZAYED CITY, ZONE 15 (NEXT TO SHAIKAH FATIMA BINT MUBARAK MOSQUE) ,P.O. BOX 108727, ABU DHABI, U.A.E",02-5545555,"https://www.google.com/maps/@?api=1&map_action=map&center=25.0,55.0&zoom=15",,,Pharmacy outlet. Coordinates approximate for area. Operating hours typically 8AM-10PM. Prescription services available. WhatsApp availability varies by location; call ahead to confirm.
PF3184,AUH,Abu Dhabi,PHARMACY,NEW PHARMACY COMPANY LTD,PF3184,NEW SHAHAMAH,12 AL SADIRAT ST - AL SHAHAMAH - NEW SHAHAMAH - ABU DHABI,02-8859400,"https://www.google.com/maps/@?api=1&map_action=map&center=25.0,55.0&zoom=15",,,Pharmacy outlet. Coordinates approximate for area. Operating hours typically 8AM-10PM. Prescription services available. WhatsApp availability varies by location; call ahead to confirm.
PF3102,AUH,Abu Dhabi,PHARMACY,NEW PHARMACY COMPANY LTD -  BRANCH 7,PF3102,AL KHALIDIYAH ,14 AL FARIS ST - AL KHALIDIYAH - W17-01 - ABU DHABI,02-6144900,"https://www.google.com/maps/@?api=1&map_action=map&center=25.0,55.0&zoom=15",,,Pharmacy outlet. Coordinates approximate for area. Operating hours typically 8AM-10PM. Prescription services available. WhatsApp availability varies by location; call ahead to confirm.
PF1466,AUH,Abu Dhabi,PHARMACY,OXFORD PHARMACY L.L.C,PF1466, MUROOR AREA,NEXT TO LULU EXPRESS - SULTAN BIN ZAYED THE FIRST STREET - MUROOR AREA - ABU DHABI,02-4489191,"https://www.google.com/maps/@?api=1&map_action=map&center=25.0,55.0&zoom=15",,,Pharmacy outlet. Coordinates approximate for area. Operating hours typically 8AM-10PM. Prescription services available. WhatsApp availability varies by location; call ahead to confirm.
PF2866,AUH,Abu Dhabi,PHARMACY,ZANBAQ AL MADINA PHARMACY L.L.C,PF2866,MUSAFFAH,"ICAD AREA M40, PLOT NO 96 – MUSAFFAH, P.O. BOX 94100, ABU DHABI, U.A.E",02-5504333,"https://www.google.com/maps/@?api=1&map_action=map&center=25.0,55.0&zoom=15",,,Pharmacy outlet. Coordinates approximate for area. Operating hours typically 8AM-10PM. Prescription services available. WhatsApp availability varies by location; call ahead to confirm.
PF3000,AUH,Abu Dhabi,PHARMACY,ALPHA CARE PHARMACY L.L.C,PF3000,MUSAFFAH,"PLOT NO 1, AL FIRDOUS TOWER, M3, MUSAFFAH, ABU DHABI ",02-5558383,"https://www.google.com/maps/@?api=1&map_action=map&center=25.0,55.0&zoom=15",,,Pharmacy outlet. Coordinates approximate for area. Operating hours typically 8AM-10PM. Prescription services available. WhatsApp availability varies by location; call ahead to confirm.
PF1256,AUH,Abu Dhabi,PHARMACY,SANDS PHARMACY L.L.C,PF1256,AL FALAH STREET ,OLD PASSPORT ROAD - AL FALAH ST - ABU DHABI,02-6425688,"https://www.google.com/maps/@?api=1&map_action=map&center=25.0,55.0&zoom=15",,,Pharmacy outlet. Coordinates approximate for area. Operating hours typically 8AM-10PM. Prescription services available. WhatsApp availability varies by location; call ahead to confirm.
PF2943,AUH,Abu Dhabi,PHARMACY,NEW PHARMACY COMPANY LTD BRANCH 2,PF2943,KHALIFA CITY,"KHALIFA CITY - PLOT NO. P-1, SE-4, 16TH STREET, ZONE 135",02-622 8666,"https://www.google.com/maps/@?api=1&map_action=map&center=25.0,55.0&zoom=15",,,Pharmacy outlet. Coordinates approximate for area. Operating hours typically 8AM-10PM. Prescription services available. WhatsApp availability varies by location; call ahead to confirm.
PF2608,AUH,Abu Dhabi,PHARMACY,LOTUS PHARMACY L.L.C,PF2608,MOHAMMED BIN ZAYED CITY,"PRESTIGE TOWER,NEAR CAPITAL MALL,MOHAMMED BIN ZAYED CITY,ABU DHABI",02-5552325,"https://www.google.com/maps/@?api=1&map_action=map&center=25.0,55.0&zoom=15",,,Pharmacy outlet. Coordinates approximate for area. Operating hours typically 8AM-10PM. Prescription services available. WhatsApp availability varies by location; call ahead to confirm.
PF2609,AUH,Abu Dhabi,PHARMACY,BRIGHT POINT PHARMACY L.L.C,PF2609,MUROOR ROAD,"NEAR AL JAZIRA STADIUM, MUROOR ROAD, ABU DHABI",02-5552325,"https://www.google.com/maps/@?api=1&map_action=map&center=25.0,55.0&zoom=15",,,Pharmacy outlet. Coordinates approximate for area. Operating hours typically 8AM-10PM. Prescription services available. WhatsApp availability varies by location; call ahead to confirm.
PF1345,AUH,Abu Dhabi,PHARMACY,NMC PHARMACY- L.L.C - O.P.C - BRANCH (FORMERLY NMC PHARMACY BRANCH 1),PF1345,SH.ZAYED 2ND STREET,SH.ZAYED 2ND STREET (ELECTRA ROAD),02-6179143,"https://www.google.com/maps/@?api=1&map_action=map&center=25.0,55.0&zoom=15",,,Pharmacy outlet. Coordinates approximate for area. Operating hours typically 8AM-10PM. Prescription services available. WhatsApp availability varies by location; call ahead to confirm.
PF2575,AUH,Abu Dhabi,PHARMACY,APOLLO PHARMACY L.L.C. - S.P.C. (FORMERLY APOLLO PHARMACY LLC),PF2575,HAMDAN STREET,"PLOT NO.C-128,SECTOR NO-3,HAMDAN STRRET,ABUDHABI,P.O BOX-44850",02-6344747,"https://www.google.com/maps/@?api=1&map_action=map&center=25.0,55.0&zoom=15",,,Pharmacy outlet. Coordinates approximate for area. Operating hours typically 8AM-10PM. Prescription services available. WhatsApp availability varies by location; call ahead to confirm.
PF2848,AUH,Abu Dhabi,PHARMACY,GOLDEN CURE PHARMACY - SOLE PROPRIETORSHIP L.L.C,PF2848,AL DHAFRA INDUSTRIAL AREA,"ZAYED CITY EAST 19, BEHIND AL MASAOOD NISSAN SERVICE CENTER, AL DHAFRA INDUSTRIAL AREA- WESTERN REGION- ABU DHABI",02-8784642,"https://www.google.com/maps/@?api=1&map_action=map&center=25.0,55.0&zoom=15",,,Pharmacy outlet. Coordinates approximate for area. Operating hours typically 8AM-10PM. Prescription services available. WhatsApp availability varies by location; call ahead to confirm.
PF4038,AUH,Abu Dhabi,PHARMACY,HEALTH GO PHARMACY LLC,PF4038,AL MAFRAQ ,"AL MAFRAQ INDUSTRIAL AREA ,AUH,UAE",02-5851331,"https://www.google.com/maps/@?api=1&map_action=map&center=25.0,55.0&zoom=15",,,Pharmacy outlet. Coordinates approximate for area. Operating hours typically 8AM-10PM. Prescription services available. WhatsApp availability varies by location; call ahead to confirm.
PF5263,AUH,Abu Dhabi,PHARMACY,ARCHITECTS PHARMACY LLC OPC,PF5263,ICAD - III,"AL DHAFRA WORKERS VILLAGE ICAD - III,IAUH,UAE",02-6721400,"https://www.google.com/maps/@?api=1&map_action=map&center=25.0,55.0&zoom=15",,,Pharmacy outlet. Coordinates approximate for area. Operating hours typically 8AM-10PM. Prescription services available. WhatsApp availability varies by location; call ahead to confirm.
PF3099,AUH,Abu Dhabi,PHARMACY,MEDLUX PHARMACY L.L.C,PF3099,AL MAFRAQ INDUSTRIAL AREA,"AL MAFRAQ INDUSTRIAL AREA,ABU DHABI,UAE",02-6229722,"https://www.google.com/maps/@?api=1&map_action=map&center=25.0,55.0&zoom=15",,,Pharmacy outlet. Coordinates approximate for area. Operating hours typically 8AM-10PM. Prescription services available. WhatsApp availability varies by location; call ahead to confirm.
PF2775,AUH,Abu Dhabi,PHARMACY,ROYAL INTERNATIONAL PHARMACY,PF2775,AL MAFRAQ WORKERS VILLAGE,"AL MAFRAQ WORKERS VILLAGE NO. 1 ABU DHABI, UAE",02-5833735,"https://www.google.com/maps/@?api=1&map_action=map&center=25.0,55.0&zoom=15",,,Pharmacy outlet. Coordinates approximate for area. Operating hours typically 8AM-10PM. Prescription services available. WhatsApp availability varies by location; call ahead to confirm.
PF5385,AUH,Abu Dhabi,PHARMACY,BUPA PHARMACY SOLE PROPRIETORSHIP L.L.C ,PF5385,HAMDAN BIN MOHAMMED,"GROUND FLOOR, FOTOUH AL KHAIR MALL SHEIKH RASHID BIN SAEED ST - HAMDAN BIN MOHAMMED ST - E3-01 - ABU DHABI",050-4280964,"https://www.google.com/maps/@?api=1&map_action=map&center=25.0,55.0&zoom=15",,,Pharmacy outlet. Coordinates approximate for area. Operating hours typically 8AM-10PM. Prescription services available. WhatsApp availability varies by location; call ahead to confirm.
PF5514,AUH,Abu Dhabi,PHARMACY,SHARMIN AKTER PHARMACY LLC,PF5514,WORKERS CITY 2,"G20, 21 PARCO MALL MAFRAQ WORKER CITY 2 ABU DHABI UAE",02-5828077,"https://www.google.com/maps/@?api=1&map_action=map&center=25.0,55.0&zoom=15",,,Pharmacy outlet. Coordinates approximate for area. Operating hours typically 8AM-10PM. Prescription services available. WhatsApp availability varies by location; call ahead to confirm.
PF5319,AUH,Abu Dhabi,PHARMACY,MED DOC PHARMACY L.L.C O.P.C,PF5319,AL ZAHIYAH ST,"ARABIAN GULF TOWER, 53, AL ZAHIYAH ST, AL ZAHIYAH, ABU DHABI 22211",02 -6428605,"https://www.google.com/maps/@?api=1&map_action=map&center=25.0,55.0&zoom=15",,,Pharmacy outlet. Coordinates approximate for area. Operating hours typically 8AM-10PM. Prescription services available. WhatsApp availability varies by location; call ahead to confirm.
PF5012,AUH,Abu Dhabi,PHARMACY,MAX GRAND PHARMACY - SOLE PROPRIETORSHIP L.L.C.,PF5012,MUSAFFAH,"VILLAGE MALL, MUSAFFAH INDUSTRIAL, SHOP NO.18, ABU DHABI, UAE",02-8820849,"https://www.google.com/maps/@?api=1&map_action=map&center=25.0,55.0&zoom=15",,,Pharmacy outlet. Coordinates approximate for area. Operating hours typically 8AM-10PM. Prescription services available. WhatsApp availability varies by location; call ahead to confirm.
PF3044,AUH,Abu Dhabi,PHARMACY,AL DIYAFA PHARMACY,PF3044,HAMDAN CENTER,"SHOP NO: 4, BEHIND HAMDAN CENTER, ABU DHABI, UNITED ARAB EMIRATES",02-6434325,"https://www.google.com/maps/@?api=1&map_action=map&center=25.0,55.0&zoom=15",,,Pharmacy outlet. Coordinates approximate for area. Operating hours typically 8AM-10PM. Prescription services available. WhatsApp availability varies by location; call ahead to confirm.
PF1764,AUH,Abu Dhabi,PHARMACY,HEALTH FIRST PHARMACY LLC - BRANCH 10,PF1764,BANIYAS EAST,"BANIYAS EAST , AL MUWAILI ST BEHIND BIN HAMODA MOSUQ ABD,ABU DHABI,UAE",02-5464318,"https://www.google.com/maps/@?api=1&map_action=map&center=25.0,55.0&zoom=15",,,Pharmacy outlet. Coordinates approximate for area. Operating hours typically 8AM-10PM. Prescription services available. WhatsApp availability varies by location; call ahead to confirm.
PF2655,AUH,Abu Dhabi,PHARMACY,HEALTH FIRST PHARMACY LLC - BRANCH 13,PF2655,AL SAYYAR ST,"AL BAHIA ABU DUBAI ROAD AL SAYYAR ST,ABU DHABI,UAE",02-5646364,"https://www.google.com/maps/@?api=1&map_action=map&center=25.0,55.0&zoom=15",,,Pharmacy outlet. Coordinates approximate for area. Operating hours typically 8AM-10PM. Prescription services available. WhatsApp availability varies by location; call ahead to confirm.
PF2546,AUH,Abu Dhabi,PHARMACY,HEALTH FIRST PHARMACY LLC BRANCH 12,PF2546,AL FALAH CITY,"AL FALAH CITY - VILLAGE 1,",02-6746989,"https://www.google.com/maps/@?api=1&map_action=map&center=25.0,55.0&zoom=15",,,Pharmacy outlet. Coordinates approximate for area. Operating hours typically 8AM-10PM. Prescription services available. WhatsApp availability varies by location; call ahead to confirm.
PF2799,AUH,Abu Dhabi,PHARMACY,HEALTH FIRST PHARMACY LLC BRANCH 15,PF2799,BANIYAS,BAWABAT AL SHARQ MALL-BANIYAS-AUH,02-5851992,"https://www.google.com/maps/@?api=1&map_action=map&center=25.0,55.0&zoom=15",,,Pharmacy outlet. Coordinates approximate for area. Operating hours typically 8AM-10PM. Prescription services available. WhatsApp availability varies by location; call ahead to confirm.
PF2979,AUH,Abu Dhabi,PHARMACY,HEALTH FIRST PHARMACY LLC BRANCH 18,PF2979,AL NAHYAN AL MARSA ST,DUSIT THANI-YAS MEDICAL SENTER -AL NAHYAN-AL MARSA ST AUH,02-5852625,"https://www.google.com/maps/@?api=1&map_action=map&center=25.0,55.0&zoom=15",,,Pharmacy outlet. Coordinates approximate for area. Operating hours typically 8AM-10PM. Prescription services available. WhatsApp availability varies by location; call ahead to confirm.
PF1080,AUH,Abu Dhabi,PHARMACY,HEALTH FIRST PHARMACY LLC BRANCH 2,PF1080,BANIYAS ST,BANIYAS ST. BESIDE COOPERATIVE SOCIETY,02-5834451,"https://www.google.com/maps/@?api=1&map_action=map&center=25.0,55.0&zoom=15",,,Pharmacy outlet. Coordinates approximate for area. Operating hours typically 8AM-10PM. Prescription services available. WhatsApp availability varies by location; call ahead to confirm.
PF1267,AUH,Abu Dhabi,PHARMACY,HEALTH FIRST PHARMACY LLC BRANCH 3,PF1267,SHABIA KHALIFA,SHABIA KHALIFA-SECTOR#10(MUSSAFAH),02-5527070,"https://www.google.com/maps/@?api=1&map_action=map&center=25.0,55.0&zoom=15",,,Pharmacy outlet. Coordinates approximate for area. Operating hours typically 8AM-10PM. Prescription services available. WhatsApp availability varies by location; call ahead to confirm.
PF1275,AUH,Abu Dhabi,PHARMACY,HEALTH FIRST PHARMACY LLC BRANCH 4,PF1275,KHALIDIA STREET,KHALIDIA STREET,02-6666427,"https://www.google.com/maps/@?api=1&map_action=map&center=25.0,55.0&zoom=15",,,Pharmacy outlet. Coordinates approximate for area. Operating hours typically 8AM-10PM. Prescription services available. WhatsApp availability varies by location; call ahead to confirm.
PF1085,AUH,Abu Dhabi,PHARMACY,HEALTH FIRST PHARMACY LLC BRANCH 5,PF1085,SECTOR #11(MUSSAFAH),SHABIA KHALIFA-SECTOR #11(MUSSAFAH),02-5530036,"https://www.google.com/maps/@?api=1&map_action=map&center=25.0,55.0&zoom=15",,,Pharmacy outlet. Coordinates approximate for area. Operating hours typically 8AM-10PM. Prescription services available. WhatsApp availability varies by location; call ahead to confirm.
PF1199,AUH,Abu Dhabi,PHARMACY,HEALTH FIRST PHARMACY LLC BRANCH 6,PF1199,KHALIDIA ST,BEHIND LEBANESE RESTAU.AL KHALIDIA ST.,02-6668798,"https://www.google.com/maps/@?api=1&map_action=map&center=25.0,55.0&zoom=15",,,Pharmacy outlet. Coordinates approximate for area. Operating hours typically 8AM-10PM. Prescription services available. WhatsApp availability varies by location; call ahead to confirm.
PF1111,AUH,Abu Dhabi,PHARMACY,HEALTH FIRST PHARMACY LLC BRANCH 7,PF1111, AIRPORT ROAD,"CARREFOUR CENTRE,  AIRPORT ROAD. ABU DHABI",02-4494209,"https://www.google.com/maps/@?api=1&map_action=map&center=25.0,55.0&zoom=15",,,Pharmacy outlet. Coordinates approximate for area. Operating hours typically 8AM-10PM. Prescription services available. WhatsApp availability varies by location; call ahead to confirm.
PF1149,AUH,Abu Dhabi,PHARMACY,HEALTH FIRST PHARMACY LLC BRANCH 8,PF1149,BANIYAS ST,BANIYAS ST. BESIDE COMMERCIAL BANK AD,02-5822180,"https://www.google.com/maps/@?api=1&map_action=map&center=25.0,55.0&zoom=15",,,Pharmacy outlet. Coordinates approximate for area. Operating hours typically 8AM-10PM. Prescription services available. WhatsApp availability varies by location; call ahead to confirm.
PF1723,AUH,Abu Dhabi,PHARMACY,HEALTH FIRST PHARMACY LLC BRANCH 9,PF1723,KHALIFA CITY,KHALIFA CITY ABU DHABI AL BANDAR AREA,02-5577611,"https://www.google.com/maps/@?api=1&map_action=map&center=25.0,55.0&zoom=15",,,Pharmacy outlet. Coordinates approximate for area. Operating hours typically 8AM-10PM. Prescription services available. WhatsApp availability varies by location; call ahead to confirm.
PF2545,AUH,Abu Dhabi,PHARMACY,HEALTH FIRST PHARMACY LLC,PF2545,SADYAT ISLAND,"SAINT REDGIS RESORT - SADYAT ISLAND, ABU DHABI, UAE",02-6219720,"https://www.google.com/maps/@?api=1&map_action=map&center=25.0,55.0&zoom=15",,,Pharmacy outlet. Coordinates approximate for area. Operating hours typically 8AM-10PM. Prescription services available. WhatsApp availability varies by location; call ahead to confirm.
PF3239,AUH,Abu Dhabi,PHARMACY,BURJEEL JUDICIARY PHARMACY LLC,PF3239, AL RAWDAH," AL RAWDAH- W58- ABU DHABI, UAE",80055,"https://www.google.com/maps/@?api=1&map_action=map&center=25.0,55.0&zoom=15",,,Pharmacy outlet. Coordinates approximate for area. Operating hours typically 8AM-10PM. Prescription services available. WhatsApp availability varies by location; call ahead to confirm.
PF5197,AUH,Abu Dhabi,PHARMACY,BURJEEL PHARMACY FORSAN CENTRAL MALL L.L.C.,PF5197,KHALIFA CITY - SECTOR 3,"FORSAN CENTRAL MALL - KHALIFA CITY - SECTOR 33 - ABU DHABI, UAE",02-5570123,"https://www.google.com/maps/@?api=1&map_action=map&center=25.0,55.0&zoom=15",,,Pharmacy outlet. Coordinates approximate for area. Operating hours typically 8AM-10PM. Prescription services available. WhatsApp availability varies by location; call ahead to confirm.
PF1481,AUH,Abu Dhabi,PHARMACY,BURJEEL RETAIL PHARMACY L.L.C - BRANCH,PF1481,KHALIFA CITY A2,"KHALIFA CITY A2, MARKET AREA, BUILDING C6 ABU DHABI, UAE",02-5562421,"https://www.google.com/maps/@?api=1&map_action=map&center=25.0,55.0&zoom=15",,,Pharmacy outlet. Coordinates approximate for area. Operating hours typically 8AM-10PM. Prescription services available. WhatsApp availability varies by location; call ahead to confirm.
PF3280,AUH,Abu Dhabi,PHARMACY,BURJEEL RETAIL PHARMACY L.L.C.,PF3280,AL SARAY STREET,"AL SARAY STREET AL DHAFRA MALL FLOOR UGF 27 AL DHAFRA REGION, WESTERN REGION OF ABU DHABI, UAE",02-8848989,"https://www.google.com/maps/@?api=1&map_action=map&center=25.0,55.0&zoom=15",,,Pharmacy outlet. Coordinates approximate for area. Operating hours typically 8AM-10PM. Prescription services available. WhatsApp availability varies by location; call ahead to confirm.
PF2952,AUH,Abu Dhabi,PHARMACY,BURJEEL RETAIL PHARMACY L.L.C. - BRANCH SHABIA,PF2952,SHABIA-9,"SHABIA-9, NEAR LLH MEDICAL CENTRE-MUSAFFAH, SHABIA-9-GROUNF FLOOR, ABU DHABI, UAE",02-6412019,"https://www.google.com/maps/@?api=1&map_action=map&center=25.0,55.0&zoom=15",,,Pharmacy outlet. Coordinates approximate for area. Operating hours typically 8AM-10PM. Prescription services available. WhatsApp availability varies by location; call ahead to confirm.
PF1656,AUH,Abu Dhabi,PHARMACY,BURJEEL RETAIL PHARMACY L.L.C. - BRANCH-MAZYAD MALL,PF1656,MAZYAD MALL,"MAZYAD MALL, MUSAFFAH COMMERCIAL, MAZYAD MALL-GROUND FLOOR, ABU DHABI, UAE",02-5534848,"https://www.google.com/maps/@?api=1&map_action=map&center=25.0,55.0&zoom=15",,,Pharmacy outlet. Coordinates approximate for area. Operating hours typically 8AM-10PM. Prescription services available. WhatsApp availability varies by location; call ahead to confirm.
PF2527,AUH,Abu Dhabi,PHARMACY,BURJEEL RETAIL PHARMACY L.L.C. - BRANCH AL DHAFRA,PF2527,MADINAT ZAYED,"AL DHAFRA SPORTS CLUB BUILDING, BESIDE BURJEEL OASIS MEDICAL CENTRE, MADINAT ZAYED, WESTERN REGION, GROUND FLOOR, ABU DHABI, UAE",02-5567933,"https://www.google.com/maps/@?api=1&map_action=map&center=25.0,55.0&zoom=15",,,Pharmacy outlet. Coordinates approximate for area. Operating hours typically 8AM-10PM. Prescription services available. WhatsApp availability varies by location; call ahead to confirm.
PF1672,AUH,Abu Dhabi,PHARMACY,BURJEEL RETAIL PHARMACY L.L.C. - BRANCH-MUSHRIF MALL,PF1672,MUSHRIF MALL,"MUSHRIF MALL, NEAR LULU HYPER MARKET, MUSHRIF MALL-2ND FLOOR, AIRPORT ROAD, ABU DHABI, UAE",02-4470407,"https://www.google.com/maps/@?api=1&map_action=map&center=25.0,55.0&zoom=15",,,Pharmacy outlet. Coordinates approximate for area. Operating hours typically 8AM-10PM. Prescription services available. WhatsApp availability varies by location; call ahead to confirm.
PF2505,AUH,Abu Dhabi,PHARMACY,BURJEEL RETAIL PHARMACY L.L.C. - BRANCH-ALNAHYAN,PF2505,AL NAHYAN CAMP AREA,"Y TOWER, NEAR LULU SUPER MARKET, AL NAHYAN CAMP AREA, MAMOURAH BUILDING, Y-TOWER-GROUND FLOOR, ABU DHABI, UAE",02-6438330,"https://www.google.com/maps/@?api=1&map_action=map&center=25.0,55.0&zoom=15",,,Pharmacy outlet. Coordinates approximate for area. Operating hours typically 8AM-10PM. Prescription services available. WhatsApp availability varies by location; call ahead to confirm.
PF2536,AUH,Abu Dhabi,PHARMACY,BURJEEL RETAIL PHARMACY L.L.C. - BRANCH-AL WAHDA MALL,PF2536,,"AL WAHDA MALL-EXT. BUILDING, NEAR ABU DHABI BUS STATION, AL WEHDA MALL- GROUND FLOOR (BESIDE MAIN ENTRANCE) ABU DHABI, UAE",04-9187987,"https://www.google.com/maps/@?api=1&map_action=map&center=25.0,55.0&zoom=15",,,Pharmacy outlet. Coordinates approximate for area. Operating hours typically 8AM-10PM. Prescription services available. WhatsApp availability varies by location; call ahead to confirm.
PF1496,AUH,Abu Dhabi,PHARMACY,BURJEEL RETAIL PHARMACY L.L.C. - BRANCH-AL WAHDA,PF1496,AL WAHDA MALL,"AL WAHDA MALL, NEAR LULU HYPER MARKET, AL WEHDA MALL-BASEMENT 1, ABU DHABI, UAE",02-4437788,"https://www.google.com/maps/@?api=1&map_action=map&center=25.0,55.0&zoom=15",,,Pharmacy outlet. Coordinates approximate for area. Operating hours typically 8AM-10PM. Prescription services available. WhatsApp availability varies by location; call ahead to confirm.
PF1673,AUH,Abu Dhabi,PHARMACY,BURJEEL RETAIL PHARMACY L.L.C. - BRANCH-MZSC,PF1673,ELECTRA STREET,"MADINAT ZAYED SHOPPING CENTRE, GROUND FLOOR, NEAR LULU HYPER MARKET, ELECTRA STREET, ABU DHABI, UAE",02-6588918,"https://www.google.com/maps/@?api=1&map_action=map&center=25.0,55.0&zoom=15",,,Pharmacy outlet. Coordinates approximate for area. Operating hours typically 8AM-10PM. Prescription services available. WhatsApp availability varies by location; call ahead to confirm.
PF5513,AUH,Abu Dhabi,PHARMACY,BURJEEL RETAIL PHARMACY L.L.C. – BRANCH-AL FALAH,PF5513,AL FALAH CENTRAL MALL,"AL FALAH CENTRAL MALL, SHOP B-05, SECTOR 1F, AL FALAH CITY, ABU DHABI, UAE",02-6713474,"https://www.google.com/maps/@?api=1&map_action=map&center=25.0,55.0&zoom=15",,,Pharmacy outlet. Coordinates approximate for area. Operating hours typically 8AM-10PM. Prescription services available. WhatsApp availability varies by location; call ahead to confirm.
PF2611,AUH,Abu Dhabi,PHARMACY,NIDHAM GHIYATHI PHARMACY,PF2611,AL DHAFRA REGION GHIYATHI ,"AL DHAFRA REGION GHIYATHI NEAR FAB BANK,ABU DHABI,UAE",02-8741791,"https://www.google.com/maps/@?api=1&map_action=map&center=25.0,55.0&zoom=15",,,Pharmacy outlet. Coordinates approximate for area. Operating hours typically 8AM-10PM. Prescription services available. WhatsApp availability varies by location; call ahead to confirm.
PF5475,AUH,Abu Dhabi,PHARMACY,LLH PHARMACY AL MUSAFFAH LLC BRANCH 2,PF5475,AL MAFRAQ,"LABOTEL WORKERS VILLAGE , AL MAFRAQ WORKERS RESIDENTIAL CITY , ABU DHABI",02-5503529,"https://www.google.com/maps/@?api=1&map_action=map&center=25.0,55.0&zoom=15",,,Pharmacy outlet. Coordinates approximate for area. Operating hours typically 8AM-10PM. Prescription services available. WhatsApp availability varies by location; call ahead to confirm.
PF5565,AUH,Abu Dhabi,PHARMACY,LIFECARE INTERNATIONAL PHARMACY LLC BRANCH,PF5565,AL MAFRAQ,"CONSTRUCTION WORKERS RESIDENTIAL CITY, AL MAFRAQ WORKERS CITY, ABU DHABI",02-5564776,"https://www.google.com/maps/@?api=1&map_action=map&center=25.0,55.0&zoom=15",,,Pharmacy outlet. Coordinates approximate for area. Operating hours typically 8AM-10PM. Prescription services available. WhatsApp availability varies by location; call ahead to confirm.
PF5199,AUH,Abu Dhabi,PHARMACY,RIGHT HEALTH PHARMACY - SOLE PROPRIETORSHIP L.L.C,PF5199,AL DHAFRA,"PARCEL T-29 HABSHAN CAMP - AL DHAFRA, AREA - ABU DHABI, UAE",050-5958958,"https://www.google.com/maps/@?api=1&map_action=map&center=25.0,55.0&zoom=15",,,Pharmacy outlet. Coordinates approximate for area. Operating hours typically 8AM-10PM. Prescription services available. WhatsApp availability varies by location; call ahead to confirm.
PF5062,AUH,Abu Dhabi,PHARMACY,KHALIDIYA LULU PHARMACY L L C - BRANCH,PF5062,SAADIYAT,"HIDD AL SAADIYAT, LULU EXPRESS ,SAADIYAT, ABU DHABI, UAE",02-5467085,"https://www.google.com/maps/@?api=1&map_action=map&center=25.0,55.0&zoom=15",,,Pharmacy outlet. Coordinates approximate for area. Operating hours typically 8AM-10PM. Prescription services available. WhatsApp availability varies by location; call ahead to confirm.
PF1484,AUH,Abu Dhabi,PHARMACY,LULU KHALIDIYAH PHARMACY LLC,PF1484,KHALIDIYAH MALL,KHALIDIYAH MALL. ABU DHABI,02-6354440,"https://www.google.com/maps/@?api=1&map_action=map&center=25.0,55.0&zoom=15",,,Pharmacy outlet. Coordinates approximate for area. Operating hours typically 8AM-10PM. Prescription services available. WhatsApp availability varies by location; call ahead to confirm.
PF1467,AUH,Abu Dhabi,PHARMACY,LULU RAHA PHARMACY LLC,PF1467,AL RAHA MALL,"AL RAHA MALL, ABU DHABI.",02-5562607,"https://www.google.com/maps/@?api=1&map_action=map&center=25.0,55.0&zoom=15",,,Pharmacy outlet. Coordinates approximate for area. Operating hours typically 8AM-10PM. Prescription services available. WhatsApp availability varies by location; call ahead to confirm.
PF3181,AUH,Abu Dhabi,PHARMACY,LULU RAHA PHARMACY BRANCH 1,PF3181,LULU BANIYAS,"LULU HYPERMARKET, BANIYAS,ABU DHABI",02-5505051,"https://www.google.com/maps/@?api=1&map_action=map&center=25.0,55.0&zoom=15",,,Pharmacy outlet. Coordinates approximate for area. Operating hours typically 8AM-10PM. Prescription services available. WhatsApp availability varies by location; call ahead to confirm.
PF3205,AUH,Abu Dhabi,PHARMACY,EXCELLENT PHARMACY-SOLE PROPRIETORSHIP L.L.C ,PF3205,WORKER CITY 2,"SWAEED RESIDENTIAL COMPOUND, AL MAFRAQ WORKER CITY 2, ABU DHABI, UAE",02-5544469,"https://www.google.com/maps/@?api=1&map_action=map&center=25.0,55.0&zoom=15",,,Pharmacy outlet. Coordinates approximate for area. Operating hours typically 8AM-10PM. Prescription services available. WhatsApp availability varies by location; call ahead to confirm.
PF5483,AUH,Abu Dhabi,PHARMACY,QUSAHWIRA MEDICAL CENTER PHARMACY,PF5483,AL DHAFRA,"AL DHAFRA REGION, ABU DHABI",02 6023882,"https://www.google.com/maps/@?api=1&map_action=map&center=25.0,55.0&zoom=15",,,Pharmacy outlet. Coordinates approximate for area. Operating hours typically 8AM-10PM. Prescription services available. WhatsApp availability varies by location; call ahead to confirm.
PF3141,AUH,Abu Dhabi,PHARMACY,HEART BEAT PHARMACY L.L.C.,PF3141,SHEIKH RASHID BIN SAEED ST,"PLOT 103, MUSHRIF AREA - SHEIKH RASHID BIN SAEED ST-ABU DHABI, UAE",02-4449494,"https://www.google.com/maps/@?api=1&map_action=map&center=25.0,55.0&zoom=15",,,Pharmacy outlet. Coordinates approximate for area. Operating hours typically 8AM-10PM. Prescription services available. WhatsApp availability varies by location; call ahead to confirm.
PF2542,AUH,Abu Dhabi,PHARMACY,AL TADAWI PHARMACY -L.L.C,PF2542,ABU DHABI,"INJAZ BUILDING, ABU DHABI, UAE",02-8867077,"https://www.google.com/maps/@?api=1&map_action=map&center=25.0,55.0&zoom=15",,,Pharmacy outlet. Coordinates approximate for area. Operating hours typically 8AM-10PM. Prescription services available. WhatsApp availability varies by location; call ahead to confirm.
PF1328,AUH,Abu Dhabi,PHARMACY,AL MARINA PHARMACY L.L.C,PF1328,AL DANAH AREA,"AL DANAH AREA, ABU DHABI, UAE",02-6343454,"https://www.google.com/maps/@?api=1&map_action=map&center=25.0,55.0&zoom=15",,,Pharmacy outlet. Coordinates approximate for area. Operating hours typically 8AM-10PM. Prescription services available. WhatsApp availability varies by location; call ahead to confirm.
PF2656,AUH,Abu Dhabi,PHARMACY,AL MARINA PHARMACY LLC - BRANCH 1,PF2656,MUSSAFAH,"M37 MUSSAFAH INDUSTRIAL AREA, ABU DHABI, UAE",02-5503115,"https://www.google.com/maps/@?api=1&map_action=map&center=25.0,55.0&zoom=15",,,Pharmacy outlet. Coordinates approximate for area. Operating hours typically 8AM-10PM. Prescription services available. WhatsApp availability varies by location; call ahead to confirm.
PF2946,AUH,Abu Dhabi,PHARMACY,SELECT PHARMACY - SOLE PROPRIETORSHIP L.L.C.,PF2946,SANAYA,"M10, SANAYA, SHOP-05, NEXT TO BANGALI MOSQUE, ABU DHABI, UAE",02-6396140,"https://www.google.com/maps/@?api=1&map_action=map&center=25.0,55.0&zoom=15",,,Pharmacy outlet. Coordinates approximate for area. Operating hours typically 8AM-10PM. Prescription services available. WhatsApp availability varies by location; call ahead to confirm.
PF5590,AUH,Abu Dhabi,PHARMACY,CROWN PHARMACY - SOLE PROPRIETORSHIP L.L.C,PF5590,MUSAFFAH,"MUSAFFAH - M11, ABU DHABI, UAE",02-5529143,"https://www.google.com/maps/@?api=1&map_action=map&center=25.0,55.0&zoom=15",,,Pharmacy outlet. Coordinates approximate for area. Operating hours typically 8AM-10PM. Prescription services available. WhatsApp availability varies by location; call ahead to confirm.
PF1164,AUH,Abu Dhabi,PHARMACY,SAAD PHARMACY - SOLE PROPRIETORSHIP L.L.C,PF1164,HAMDAN STREET,"​AL YOUSUF CENTER​617, HAMDAN STREET, ABU DHABI, UAE",02-6277332,"https://www.google.com/maps/@?api=1&map_action=map&center=25.0,55.0&zoom=15",,,Pharmacy outlet. Coordinates approximate for area. Operating hours typically 8AM-10PM. Prescription services available. WhatsApp availability varies by location; call ahead to confirm.
PF5201,AUH,Abu Dhabi,PHARMACY,SELENA PHARMACY - L.L.C - O.P.C,PF5201,AL DHANA AREA,"AL DHANA AREA WTC, ABU DHABI, UAE ",02-6710051,"https://www.google.com/maps/@?api=1&map_action=map&center=25.0,55.0&zoom=15",,,Pharmacy outlet. Coordinates approximate for area. Operating hours typically 8AM-10PM. Prescription services available. WhatsApp availability varies by location; call ahead to confirm.
PF1033,AUH,Abu Dhabi,PHARMACY,TAHA PHARMACY L.L.C,PF1033,AL  FALAH STREET,"AL FALAH STREET, ABU DHABI, UAE",02-6343447,"https://www.google.com/maps/@?api=1&map_action=map&center=25.0,55.0&zoom=15",,,Pharmacy outlet. Coordinates approximate for area. Operating hours typically 8AM-10PM. Prescription services available. WhatsApp availability varies by location; call ahead to confirm.
PF5611,AUH,Abu Dhabi,PHARMACY,GOLDEN HEALTH PHARMACY - L.L.C- O.P.C - BRANCH,PF5611,HAMEEM WORKER CITY,"AL SIDRA VILLAGE, SALEM CITY, AL BIHOUTH, HAMEEM WORKER CITY, ABU DHABI, UAE",04-3335502,"https://www.google.com/maps/@?api=1&map_action=map&center=25.0,55.0&zoom=15",,,Pharmacy outlet. Coordinates approximate for area. Operating hours typically 8AM-10PM. Prescription services available. WhatsApp availability varies by location; call ahead to confirm.
PF5649,AUH,Abu Dhabi,PHARMACY,ZEST WELLNESS PHARMACY L.L.C - BRANCH OF ABU DHABI,PF5649,AL BATEEN,"SHOP NO G 5, AL RAWDA BUILDING, AL NIYABAH ST, AL BATEEN, ABU DHABI, UAE",02-5823626,"https://www.google.com/maps/@?api=1&map_action=map&center=25.0,55.0&zoom=15",,,Pharmacy outlet. Coordinates approximate for area. Operating hours typically 8AM-10PM. Prescription services available. WhatsApp availability varies by location; call ahead to confirm.
PF5293,AUH,Abu Dhabi,PHARMACY,MEDON FIRST PHARMACY - L.L.C - S.P.C,PF5293,AL DANAH ZONE 1,"SHOP NO. 1 - MUROOR RD SULTAN BIN ZAYED THE FIRST ST - AL DANAH - ZONE 1 - ABU DHABI, UAE",02-5822669,"https://www.google.com/maps/@?api=1&map_action=map&center=25.0,55.0&zoom=15",,,Pharmacy outlet. Coordinates approximate for area. Operating hours typically 8AM-10PM. Prescription services available. WhatsApp availability varies by location; call ahead to confirm.
MF2926,AUH,Abu Dhabi,CLINIC,SADIQ POLYCLINIC - SOLE PROPRIETORSHIP L.L.C,MF2926,MUSSAFAH 37,"MUSSAFAH 37 ABU DHABI,UAE",02-8864000,"https://www.google.com/maps/@?api=1&map_action=map&center=25.0,55.0&zoom=15",https://www.shifaaljazeera.com,,Coordinates derived from area-level geocoding. Verify against Google Maps. Phone numbers are landline format. Website and WhatsApp to be confirmed on a per-clinic basis.
PF5323,AUH,Abu Dhabi,PHARMACY,SURE MEDI PHARMACY - SOLE PROPRIETORSHIP L.L.C,PF5323,MUSSAFAH 37,"MUSSAFAH 37 ABU DHABI,UAE",02-8864000,"https://www.google.com/maps/@?api=1&map_action=map&center=25.0,55.0&zoom=15",,,Pharmacy outlet. Coordinates approximate for area. Operating hours typically 8AM-10PM. Prescription services available. WhatsApp availability varies by location; call ahead to confirm.
MF7957,AUH,Abu Dhabi,CLINIC,GOLD LIFE MEDICAL CLINIC LLC,MF7957,HAMEEM WORKERS CITY,"BUHAIRAN HAMIM CAMP AL BIHOUTH , AL DHAFRA ,AREA HAMEEM WORKERS CITY  ABU DHABI- UAE PO BOX - 8680",02-6450545,"https://www.google.com/maps/@?api=1&map_action=map&center=25.0,55.0&zoom=15",https://www.shifaaljazeera.com,,Coordinates derived from area-level geocoding. Verify against Google Maps. Phone numbers are landline format. Website and WhatsApp to be confirmed on a per-clinic basis.
PF5752,AUH,Abu Dhabi,PHARMACY,ASTER PHARMACIES GROUP L.L.C - BRANCH OF ABU DHABI,PF5752,MADINATH RIYADH,"SHOP NO 04, AMAL MOHAMMED AL SALMI, MADINATH RIYADH, ABU DHABI",052-9035007,"https://www.google.com/maps/@?api=1&map_action=map&center=25.0,55.0&zoom=15",,,Pharmacy outlet. Coordinates approximate for area. Operating hours typically 8AM-10PM. Prescription services available. WhatsApp availability varies by location; call ahead to confirm.
PF1029,AUH,Abu Dhabi,PHARMACY,AL MAQAM PHARMACY - SOLE PROPREITORSHIP L.L.C.,PF1029,MADINATH RIYADH,"AL OMRAN TRAINING CENTER BUILDING, GROUND FLOOR, ZAYED BIN SULTAN STREET",03-7681188,"https://www.google.com/maps/@?api=1&map_action=map&center=25.0,55.0&zoom=15",,,Pharmacy outlet. Coordinates approximate for area. Operating hours typically 8AM-10PM. Prescription services available. WhatsApp availability varies by location; call ahead to confirm.
MF8188,AUH,Abu Dhabi,CLINIC,MIAMI MEDICAL CENTER - L.L.C - S.P.C,MF8188,AL MAFRAQ ,"JAN YAFOUR - AL MAFRAQ INDUSTRIAL SHOP NO-17, PLOT NO- 349 , ABU DHABI PO BOX -133654, UAE",02-6322126,"https://www.google.com/maps/@?api=1&map_action=map&center=25.0,55.0&zoom=15",https://www.shifaaljazeera.com,,Coordinates derived from area-level geocoding. Verify against Google Maps. Phone numbers are landline format. Website and WhatsApp to be confirmed on a per-clinic basis.
PF5612,AUH,Abu Dhabi,PHARMACY,MIAMI PHARMACY - L.L.C - S.P.C,PF5612,AL MAFRAQ ,"JAN YAFOUR - AL MAFRAQ INDUSTRIAL SHOP NO-17, PLOT NO- 349 , ABU DHABI PO BOX -133654, UAE",02-6322126,"https://www.google.com/maps/@?api=1&map_action=map&center=25.0,55.0&zoom=15",,,Pharmacy outlet. Coordinates approximate for area. Operating hours typically 8AM-10PM. Prescription services available. WhatsApp availability varies by location; call ahead to confirm.
MF3946,AUH,Abu Dhabi,CLINIC,KOHAT MEDICAL CENTRE - L.L.C - S.P.C,MF3946,MUSSAFAH ,"MUSSAFAH INDUSTRIAL, M40, ABU DHABI, UAE",02-5511129,"https://www.google.com/maps/@?api=1&map_action=map&center=25.0,55.0&zoom=15",https://www.shifaaljazeera.com,,Coordinates derived from area-level geocoding. Verify against Google Maps. Phone numbers are landline format. Website and WhatsApp to be confirmed on a per-clinic basis.
PF2650,AUH,Abu Dhabi,PHARMACY,KOHAT PHARMACY- L.L.C - S.P.C,PF2650,MUSSAFAH ,"MUSSAFAH INDUSTRIAL, M40, ABU DHABI, UAE",02-5531824,"https://www.google.com/maps/@?api=1&map_action=map&center=25.0,55.0&zoom=15",,,Pharmacy outlet. Coordinates approximate for area. Operating hours typically 8AM-10PM. Prescription services available. WhatsApp availability varies by location; call ahead to confirm.
PF4004,AUH,Abu Dhabi,PHARMACY,BIN SINA PHARMACY AL MARYAH ISLAND,PF4004,AL DHAHERI ST,"THE GALLERIA AL MARYAH ISLAND, AL MARYAH CENTRAL, P4, CONCOURSE AREA - 107 HAMOUDA BIN ALI AL DHAHERI ST - AL MARYAH ISLAND - ABU DHABI",02 643 8780,"https://www.google.com/maps/@?api=1&map_action=map&center=25.0,55.0&zoom=15",,,Pharmacy outlet. Coordinates approximate for area. Operating hours typically 8AM-10PM. Prescription services available. WhatsApp availability varies by location; call ahead to confirm.
PF2599,AUH,Abu Dhabi,PHARMACY,IBN SINA PHARMACY L.L.C. - BRANCH 9 ,PF2599,AL FALAH ST,"AL FALAH ST, THE GALLERIA LEVEL 2, R2 PARKING - ABU DHABI",02-4919745,"https://www.google.com/maps/@?api=1&map_action=map&center=25.0,55.0&zoom=15",,,Pharmacy outlet. Coordinates approximate for area. Operating hours typically 8AM-10PM. Prescription services available. WhatsApp availability varies by location; call ahead to confirm.
PF1175,AUH,Abu Dhabi,PHARMACY,IBN SINA PHARMACY - SOLE PROPRIETORSHIP L.L.C - BRANCH 2,PF1175,AL REEM ISLAND,MALL - 1ST FLOOR - OPPOSITE TO HOMBOX - AL REEM ISLAND - NAJMAT ABU DHABI - ABU DHABI,02 449 6357,"https://www.google.com/maps/@?api=1&map_action=map&center=25.0,55.0&zoom=15",,,Pharmacy outlet. Coordinates approximate for area. Operating hours typically 8AM-10PM. Prescription services available. WhatsApp availability varies by location; call ahead to confirm.
PF1166,AUH,Abu Dhabi,PHARMACY,IBN SINA PHARMACY - SOLE PROPRIETORSHIP L.L.C.,PF1166,MARINA MALL ,BASEMENT FLOOR MARINA MALL - أبو ظبي,02 681 5630,"https://www.google.com/maps/@?api=1&map_action=map&center=25.0,55.0&zoom=15",,,Pharmacy outlet. Coordinates approximate for area. Operating hours typically 8AM-10PM. Prescription services available. WhatsApp availability varies by location; call ahead to confirm.
PF1294,AUH,Abu Dhabi,PHARMACY,IBN SINA PHARMACY - SOLE PROPRIETORSHIP L.L.C. - BRANCH 1,PF1294,AL KHALIDIYAH,DANAPLAZA BUILDING - FIRST ZAYED STREET - AL KHALIDIYAH - W8 - ABU DHABI,02 667 8768,"https://www.google.com/maps/@?api=1&map_action=map&center=25.0,55.0&zoom=15",,,Pharmacy outlet. Coordinates approximate for area. Operating hours typically 8AM-10PM. Prescription services available. WhatsApp availability varies by location; call ahead to confirm.
PF2564,AUH,Abu Dhabi,PHARMACY,IBN SINA PHARMACY - SOLE PROPRIETORSHIP L.L.C. - BRANCH 10,PF2564,MUSAFFAH ,"16TH ST GROUND FLOOR, CAPITAL MALL, MOHAMMED BIN ZAYED CITY - MUSAFFAH - ABU DHABI",02 553 9092,"https://www.google.com/maps/@?api=1&map_action=map&center=25.0,55.0&zoom=15",,,Pharmacy outlet. Coordinates approximate for area. Operating hours typically 8AM-10PM. Prescription services available. WhatsApp availability varies by location; call ahead to confirm.
PF1738,AUH,Abu Dhabi,PHARMACY,IBN SINA PHARMACY - SOLE PROPRIETORSHIP L.L.C. - BRANCH 12,PF1738,PARAGON BAY MAL,GROUND FLOOR PARAGON BAY MALL - AE-AZ,02 658 5203,"https://www.google.com/maps/@?api=1&map_action=map&center=25.0,55.0&zoom=15",,,Pharmacy outlet. Coordinates approximate for area. Operating hours typically 8AM-10PM. Prescription services available. WhatsApp availability varies by location; call ahead to confirm.
PF3182,AUH,Abu Dhabi,PHARMACY,IBN SINA PHARMACY - SOLE PROPRIETORSHIP L.L.C. - BRANCH 26,PF3182,AL KHALEEJ AL ARABI ST,SOUQ AL JAMI SHEIKH ZAYED GRAND MOSQUE RD - AL KHALEEJ AL ARABI ST - ABU DHABI,02 672 4141,"https://www.google.com/maps/@?api=1&map_action=map&center=25.0,55.0&zoom=15",,,Pharmacy outlet. Coordinates approximate for area. Operating hours typically 8AM-10PM. Prescription services available. WhatsApp availability varies by location; call ahead to confirm.
PF1579,AUH,Abu Dhabi,PHARMACY,IBN SINA PHARMACY - SOLE PROPRIETORSHIP L.L.C. - BRANCH 5,PF1579,DALMA MALL,"DALMA MALL, ICAD GROUND FLOOR - ABUDHABI",02 551 2385,"https://www.google.com/maps/@?api=1&map_action=map&center=25.0,55.0&zoom=15",,,Pharmacy outlet. Coordinates approximate for area. Operating hours typically 8AM-10PM. Prescription services available. WhatsApp availability varies by location; call ahead to confirm.
PF1737,AUH,Abu Dhabi,PHARMACY,IBN SINA PHARMACY - SOLE PROPRIETORSHIP L.L.C. - BRANCH 7,PF1737,BAWABAT AL SHARQ,MALL - FIRST FLOOR - BAWABAT AL SHARQ - ABU DHABI,02 586 8724,"https://www.google.com/maps/@?api=1&map_action=map&center=25.0,55.0&zoom=15",,,Pharmacy outlet. Coordinates approximate for area. Operating hours typically 8AM-10PM. Prescription services available. WhatsApp availability varies by location; call ahead to confirm.
PF5495,AUH,Abu Dhabi,PHARMACY,IBN SINA PHARMACY - SOLE PROPRIETORSHIP L.L.C. - BRANCH Al Qana,PF5495,AL QANA STREET ,AL QANA STREET - RABDAN - ABU DHABI,02 676 8324,"https://www.google.com/maps/@?api=1&map_action=map&center=25.0,55.0&zoom=15",,,Pharmacy outlet. Coordinates approximate for area. Operating hours typically 8AM-10PM. Prescription services available. WhatsApp availability varies by location; call ahead to confirm.
PF5059,AUH,Abu Dhabi,PHARMACY,IBN SINA PHARMACY - SOLE PROPRIETORSHIP L.L.C. - BRANCH Almusafah,PF5059,MUSAFFAH,AL - BSP-NPCC - MUSAFFAH - ABU DHABI,02 555 0302,"https://www.google.com/maps/@?api=1&map_action=map&center=25.0,55.0&zoom=15",,,Pharmacy outlet. Coordinates approximate for area. Operating hours typically 8AM-10PM. Prescription services available. WhatsApp availability varies by location; call ahead to confirm.
PF5303,AUH,Abu Dhabi,PHARMACY,IBN SINA PHARMACY - SOLE PROPRIETORSHIP L.L.C. - BRANCH GLOBAL CARE,PF5303,AL MANHAL,BUILDING 419 - WEST 14-1 - AL MANHAL - ABU DHABI,02 887 0931,"https://www.google.com/maps/@?api=1&map_action=map&center=25.0,55.0&zoom=15",,,Pharmacy outlet. Coordinates approximate for area. Operating hours typically 8AM-10PM. Prescription services available. WhatsApp availability varies by location; call ahead to confirm.
PF2805,AUH,Abu Dhabi,PHARMACY,IBN SINA PHARMACY SOLE PROPRIETORSHIP L.L.C - Branch 16 ,PF2805,AL DANAH ,SILVER TOWER - AL DANAH - ZONE 1 - ABU DHABI,02 584 7865,"https://www.google.com/maps/@?api=1&map_action=map&center=25.0,55.0&zoom=15",,,Pharmacy outlet. Coordinates approximate for area. Operating hours typically 8AM-10PM. Prescription services available. WhatsApp availability varies by location; call ahead to confirm.
PF3180,AUH,Abu Dhabi,PHARMACY,IBN SINA PHARMACY SOLE PROPRIETORSHIP L.L.C - Branch 20,PF3180,CORNICHE RD,"WEST - STREET NUMBER 7,CORNICHE ROAD - CORNICHE RD - ABU DHABI",02 448 0650,"https://www.google.com/maps/@?api=1&map_action=map&center=25.0,55.0&zoom=15",,,Pharmacy outlet. Coordinates approximate for area. Operating hours typically 8AM-10PM. Prescription services available. WhatsApp availability varies by location; call ahead to confirm.
PF3189,AUH,Abu Dhabi,PHARMACY,IBN SINA PHARMACY SOLE PROPRIETORSHIP L.L.C - Branch 27,PF3189,AL MAHA ST ,AL MAHA ST - YAS ISLAND - ABU DHABI,02 565 1314,"https://www.google.com/maps/@?api=1&map_action=map&center=25.0,55.0&zoom=15",,,Pharmacy outlet. Coordinates approximate for area. Operating hours typically 8AM-10PM. Prescription services available. WhatsApp availability varies by location; call ahead to confirm.
PF1363,AUH,Abu Dhabi,PHARMACY,IBN SINA PHARMACY SOLE PROPRIETORSHIP L.L.C - Branch 3,PF1363,KHALIFA CITY ,16TH ST - KHALIFA CITY - SECTOR 32 - ABU DHABI,02 556 2140,"https://www.google.com/maps/@?api=1&map_action=map&center=25.0,55.0&zoom=15",,,Pharmacy outlet. Coordinates approximate for area. Operating hours typically 8AM-10PM. Prescription services available. WhatsApp availability varies by location; call ahead to confirm.
PF1488,AUH,Abu Dhabi,PHARMACY,IBN SINA PHARMACY SOLE PROPRIETORSHIP L.L.C - Branch 4,PF1488,AL MUROOR STREET ,AL MUROOR STREET COOPERATIVE MUROOR BRANCH - أبو ظبي,02 449 8140,"https://www.google.com/maps/@?api=1&map_action=map&center=25.0,55.0&zoom=15",,,Pharmacy outlet. Coordinates approximate for area. Operating hours typically 8AM-10PM. Prescription services available. WhatsApp availability varies by location; call ahead to confirm.
PF1578,AUH,Abu Dhabi,PHARMACY,IBN SINA PHARMACY SOLE PROPRIETORSHIP L.L.C - Branch 6,PF1578,DALMA MALL,"DALMA MALL, ICAD GROUND FLOOR - ABU DHABI",02 551 2138,"https://www.google.com/maps/@?api=1&map_action=map&center=25.0,55.0&zoom=15",,,Pharmacy outlet. Coordinates approximate for area. Operating hours typically 8AM-10PM. Prescription services available. WhatsApp availability varies by location; call ahead to confirm.
PF2675,AUH,Abu Dhabi,PHARMACY,IBN SINA PHARMACY SOLE PROPRIETORSHIP L.L.C BRANCH 17,PF2675,AL FALAH ,15 QASDAH ST - AL FALAH - ABU DHABI,02 566 9135,"https://www.google.com/maps/@?api=1&map_action=map&center=25.0,55.0&zoom=15",,,Pharmacy outlet. Coordinates approximate for area. Operating hours typically 8AM-10PM. Prescription services available. WhatsApp availability varies by location; call ahead to confirm.
PF2678,AUH,Abu Dhabi,PHARMACY,IBN SINA PHARMACY SOLE PROPRIETORSHIP L.L.C BRANCH 18,PF2678,"NEW AL FALAH,","NEW AL FALAH, AL FALAH VILLAGE 3, SECTOR C SHOP G12 - ABU DHABI",02 566 1251,"https://www.google.com/maps/@?api=1&map_action=map&center=25.0,55.0&zoom=15",,,Pharmacy outlet. Coordinates approximate for area. Operating hours typically 8AM-10PM. Prescription services available. WhatsApp availability varies by location; call ahead to confirm.
DHA-F-0300714,DXB,DXB,CLINIC,ZEN LIFE POLYCLINIC CO.LLC,DHA-F-0300714,AL JADDAF,"SHOP 3A, EMERALD JADAF METRO BUILDING, AL JADAF",04-2541800,"https://www.google.com/maps/@?api=1&map_action=map&center=25.0,55.0&zoom=15",https://www.shifaaljazeera.com,,Coordinates derived from area-level geocoding. Verify against Google Maps. Phone numbers are landline format. Website and WhatsApp to be confirmed on a per-clinic basis.
DHA-F-5446365,DXB,DXB,CLINIC,VIDA CLINIC LLC-BRANCH-MUHAISANAH - 2,DHA-F-5446365,MUHAISANAH,"PO BOX-117751,MUHAISANAH - 2,6A STREET 10,AL MADINA HYPERMARKET,SHOP 08,09,10",04-3283333,"https://www.google.com/maps/@?api=1&map_action=map&center=25.0,55.0&zoom=15",https://www.shifaaljazeera.com,,Coordinates derived from area-level geocoding. Verify against Google Maps. Phone numbers are landline format. Website and WhatsApp to be confirmed on a per-clinic basis.
DHA-F-0001137,DXB,DXB,CLINIC,VCARE POLYCLINIC LLC,DHA-F-0001137,AL NAHDA 1,"LOCATION : AL NAHDA 1 , BUILDING : NASMAH TOWER ,DUBAI,PO BOX : 236676",04-2654400,"https://www.google.com/maps/@?api=1&map_action=map&center=25.0,55.0&zoom=15",https://www.shifaaljazeera.com,,Coordinates derived from area-level geocoding. Verify against Google Maps. Phone numbers are landline format. Website and WhatsApp to be confirmed on a per-clinic basis.
DHA-F-0000229,DXB,DXB,CLINIC,UNICARE MEDICAL CENTRE BRANCH-SATWA,DHA-F-0000229,BUR DUBAI -MANKHOOL,"VILLA 172, NEAR NEW DUBAI NURSERY, MANKHOOL ROAD, SATWA",04-3529292,"https://www.google.com/maps/@?api=1&map_action=map&center=25.0,55.0&zoom=15",https://www.shifaaljazeera.com,,Coordinates derived from area-level geocoding. Verify against Google Maps. Phone numbers are landline format. Website and WhatsApp to be confirmed on a per-clinic basis.
DHA-F-0045523,DXB,DXB,CLINIC,KARAMA MEDICAL CENTRE (KARAMA),DHA-F-0045523,KARAMA,"45B STREET 36,1015 IBRAHIM KHALIFA,ARIF & BINTOAK BUILDING,KARAMA,DUBAI",04-3366889/8007400,"https://www.google.com/maps/@?api=1&map_action=map&center=25.0,55.0&zoom=15",https://www.shifaaljazeera.com,,Coordinates derived from area-level geocoding. Verify against Google Maps. Phone numbers are landline format. Website and WhatsApp to be confirmed on a per-clinic basis.
DHA-F-0047104,DXB,DXB,CLINIC,KARAMA MEDICAL CENTRE AL QUOZ BR,DHA-F-0047104,AL QUOZ 4,"MEZZANINE FLOOR, GRAND CITY MALL,AL QUOZ INDUSTRIAL AREA 4, AL QUOZ,DUBAI",04-3413645/8007400,"https://www.google.com/maps/@?api=1&map_action=map&center=25.0,55.0&zoom=15",https://www.shifaaljazeera.com,,Coordinates derived from area-level geocoding. Verify against Google Maps. Phone numbers are landline format. Website and WhatsApp to be confirmed on a per-clinic basis.
DHA-F-0000673,DXB,DXB,CLINIC,KARAMA MEDICAL CENTRE AL QUOZ MALL BR,DHA-F-0000673,AL QUOZ,"BUILDING NAME : AL  QOUZ MALL , UNIT/ VILLA NO.  SHOP NO 27, 28 ,31, 32 . MAKANI NUMBER : 2075479749 ",04-3389444/8007400,"https://www.google.com/maps/@?api=1&map_action=map&center=25.0,55.0&zoom=15",https://www.shifaaljazeera.com,,Coordinates derived from area-level geocoding. Verify against Google Maps. Phone numbers are landline format. Website and WhatsApp to be confirmed on a per-clinic basis.
DHA-F-0047636,DXB,DXB,CLINIC,KARAMA MEDICAL CENTRE BR DIP,DHA-F-0047636,JEBEL ALI,RIGHT HEALTH PARK BETTER LIFE PHARMACY BR - SUPERJET TOURS LLC - BUILDING - SHOP 6 22 STREET - OPPOSITE PARCO BUS STAND - MENA JABAL ALI - INDUSTRIAL 1 - DUBAI | TEL - ‎+971 4 289 4495,04-8848368/8007400,"https://www.google.com/maps/@?api=1&map_action=map&center=25.0,55.0&zoom=15",https://www.shifaaljazeera.com,,Coordinates derived from area-level geocoding. Verify against Google Maps. Phone numbers are landline format. Website and WhatsApp to be confirmed on a per-clinic basis.
DHA-F-0047921,DXB,DXB,CLINIC,"KARAMA MEDICAL CENTRE BR, JV",DHA-F-0047921,JUMEIRAH VILLAGE CIRCLE,"NO.4 BUILDING M1, AMSA JUMEIRAH VILLAGE CIRCLE, DUBAI.",04-4229867/8007400,"https://www.google.com/maps/@?api=1&map_action=map&center=25.0,55.0&zoom=15",https://www.shifaaljazeera.com,,Coordinates derived from area-level geocoding. Verify against Google Maps. Phone numbers are landline format. Website and WhatsApp to be confirmed on a per-clinic basis.
DHA-F-0001154,DXB,DXB,CLINIC,"KARAMA MEDICAL CENTRE, BR MUHAISNAH",DHA-F-0001154,MUHAISNA,"JIWIN STAFF ACCOMMODATION, OPP TO DUBAI MUNICIPALITY MADINA HYPER MARKET COMPLEX,",04-2630341/8007400,"https://www.google.com/maps/@?api=1&map_action=map&center=25.0,55.0&zoom=15",https://www.shifaaljazeera.com,,Coordinates derived from area-level geocoding. Verify against Google Maps. Phone numbers are landline format. Website and WhatsApp to be confirmed on a per-clinic basis.
DHA-F-0045435,DXB,DXB,CLINIC,JANSONS STARS POLYCLINIC,DHA-F-0045435,BUR DUBAI,"1ST, FLOOR EASA SALEH AL GURG BUILDING, OPP. PANORAMA GRAND HOTEL, KHALID BIN AL WALEED ROAD, BUR DUBAI",04-3933280/8007400,"https://www.google.com/maps/@?api=1&map_action=map&center=25.0,55.0&zoom=15",https://www.shifaaljazeera.com,,Coordinates derived from area-level geocoding. Verify against Google Maps. Phone numbers are landline format. Website and WhatsApp to be confirmed on a per-clinic basis.
DHA-F-0001445,DXB,DXB,CLINIC,KARAMA MEDICAL CENTRE BR. AL KHAIL GATE,DHA-F-0001445,AL KHAIL GATE,"SHOP 41 & 42, NEW WEST ZONE MALL, AL KHAIL GATE, DUBAI.",04-4533534/8007400,"https://www.google.com/maps/@?api=1&map_action=map&center=25.0,55.0&zoom=15",https://www.shifaaljazeera.com,,Coordinates derived from area-level geocoding. Verify against Google Maps. Phone numbers are landline format. Website and WhatsApp to be confirmed on a per-clinic basis.
DHA-F-9789058,DXB,DXB,CLINIC,KARAMA MEDICAL CENTRE BR BURJUMAN,DHA-F-9789058,BURJMAN,"BURJMAN,DXB,UAE",04-353 3008/8007400,"https://www.google.com/maps/@?api=1&map_action=map&center=25.0,55.0&zoom=15",https://www.shifaaljazeera.com,,Coordinates derived from area-level geocoding. Verify against Google Maps. Phone numbers are landline format. Website and WhatsApp to be confirmed on a per-clinic basis.
DHA-F-0048014,DXB,DXB,CLINIC,AL AZHAR CLINIC -BRANCH (JABEL ALI),DHA-F-0048014,JEBEL ALI,"JEBEL ALI,DXB,UAE",04-8800545/8007400,"https://www.google.com/maps/@?api=1&map_action=map&center=25.0,55.0&zoom=15",https://www.shifaaljazeera.com,,Coordinates derived from area-level geocoding. Verify against Google Maps. Phone numbers are landline format. Website and WhatsApp to be confirmed on a per-clinic basis.
DHA-F-0047440,DXB,DXB,CLINIC,AL AZHAR CLINIC (DIP-1),DHA-F-0047440,DIP,"DIP,DXB,UAE",04-8859590/8007400,"https://www.google.com/maps/@?api=1&map_action=map&center=25.0,55.0&zoom=15",https://www.shifaaljazeera.com,,Coordinates derived from area-level geocoding. Verify against Google Maps. Phone numbers are landline format. Website and WhatsApp to be confirmed on a per-clinic basis.
DHA-F-0000444,DXB,DXB,CLINIC,AL AZHAR CLINIC- BRANCH 2 (DIP-2),DHA-F-0000444,DIP-2,"DIP-2,DXB,UAE",04-8895309/8007400,"https://www.google.com/maps/@?api=1&map_action=map&center=25.0,55.0&zoom=15",https://www.shifaaljazeera.com,,Coordinates derived from area-level geocoding. Verify against Google Maps. Phone numbers are landline format. Website and WhatsApp to be confirmed on a per-clinic basis.
DHA-F-0046969,DXB,DXB,CLINIC,AL SANAIYA MEDICAL CLINIC- BR (AL QUOZ),DHA-F-0046969,AL QUOZ,"AL QUOZ,DXB,UAE",04 3407548/8007400,"https://www.google.com/maps/@?api=1&map_action=map&center=25.0,55.0&zoom=15",https://www.shifaaljazeera.com,,Coordinates derived from area-level geocoding. Verify against Google Maps. Phone numbers are landline format. Website and WhatsApp to be confirmed on a per-clinic basis.
DHA-F-0046325,DXB,DXB,CLINIC,AL SANAIYA MEDICAL CLINIC (SONAPUR),DHA-F-0046325,SONAPUR,"SONAPUR,DXB,UAE",04 2543500/8007400,"https://www.google.com/maps/@?api=1&map_action=map&center=25.0,55.0&zoom=15",https://www.shifaaljazeera.com,,Coordinates derived from area-level geocoding. Verify against Google Maps. Phone numbers are landline format. Website and WhatsApp to be confirmed on a per-clinic basis.
DHA-F-0046425,DXB,DXB,CLINIC,NEW SANAIYA CLINIC (SONAPUR),DHA-F-0046425,SONAPUR,"SONAPUR,DXB,UAE",04 2648101/8007400,"https://www.google.com/maps/@?api=1&map_action=map&center=25.0,55.0&zoom=15",https://www.shifaaljazeera.com,,Coordinates derived from area-level geocoding. Verify against Google Maps. Phone numbers are landline format. Website and WhatsApp to be confirmed on a per-clinic basis.
DHA-F-0047442,DXB,DXB,CLINIC,RUBY CLINIC,DHA-F-0047442,INTERNATIONAL CITY,"INTERNATIONAL CITY,DXB,UAE",04 4226899/8007400,"https://www.google.com/maps/@?api=1&map_action=map&center=25.0,55.0&zoom=15",https://www.shifaaljazeera.com,,Coordinates derived from area-level geocoding. Verify against Google Maps. Phone numbers are landline format. Website and WhatsApp to be confirmed on a per-clinic basis.
DHA-F-0001616,DXB,DXB,CLINIC,NEW SANAIYA CLINIC -BRANCH - DIP-1,DHA-F-0001616,DIP 1,"DIP1,DXB,UAE",04-3791311/8007400,"https://www.google.com/maps/@?api=1&map_action=map&center=25.0,55.0&zoom=15",https://www.shifaaljazeera.com,,Coordinates derived from area-level geocoding. Verify against Google Maps. Phone numbers are landline format. Website and WhatsApp to be confirmed on a per-clinic basis.
DHA-F-0048024,DXB,DXB,CLINIC,NEW SANAIYA CLINIC - BR HORALANZ,DHA-F-0048024,DEIRA- HOR AL ANZ,"DEIRA- HOR AL ANZ,DXB,UAE",04 2681333/8007400,"https://www.google.com/maps/@?api=1&map_action=map&center=25.0,55.0&zoom=15",https://www.shifaaljazeera.com,,Coordinates derived from area-level geocoding. Verify against Google Maps. Phone numbers are landline format. Website and WhatsApp to be confirmed on a per-clinic basis.
DHA-F-0002443,DXB,DXB,CLINIC,AL AZHAR CLINIC BRANCH 3 LLC,DHA-F-0002443,AWIR,"AWIR,DXB,UAE",04-2230244/8007400,"https://www.google.com/maps/@?api=1&map_action=map&center=25.0,55.0&zoom=15",https://www.shifaaljazeera.com,,Coordinates derived from area-level geocoding. Verify against Google Maps. Phone numbers are landline format. Website and WhatsApp to be confirmed on a per-clinic basis.
DHA-F-9579987,DXB,DXB,CLINIC,AL AZHAR CLINIC LLC 4,DHA-F-9579987,JEBEL ALI ,"BUILDING NAME: XPO MALL , STREET NAME: MADINAT HYPERMARKET APARTMENT/VILLA NUMBER: 10,AREA NAME: JEBEL ALI ",04-3836323/8007400,"https://www.google.com/maps/@?api=1&map_action=map&center=25.0,55.0&zoom=15",https://www.shifaaljazeera.com,,Coordinates derived from area-level geocoding. Verify against Google Maps. Phone numbers are landline format. Website and WhatsApp to be confirmed on a per-clinic basis.
DHA-F-6594133,DXB,DXB,CLINIC,REMEDY PLUS MEDICAL CLINIC LLC,DHA-F-6594133,ALQOUZ,"BESIDE AL GHURAIR EXCHANGE,OPP. TO BELHASA DRIVING SCHOOL,AL QOUZ-3,DUBAI,U.A.E",04-3202275,"https://www.google.com/maps/@?api=1&map_action=map&center=25.0,55.0&zoom=15",https://www.shifaaljazeera.com,,Coordinates derived from area-level geocoding. Verify against Google Maps. Phone numbers are landline format. Website and WhatsApp to be confirmed on a per-clinic basis.
DHA-F-0002531,DXB,DXB,CLINIC,RELEAF MEDICAL CENTRE LLC-DIP 2,DHA-F-0002531,DIP 2,"FAKHREE CENTRE ,PASONS HYPERMARKET,FIRST FLOOR, DIP 2",04-8814918,"https://www.google.com/maps/@?api=1&map_action=map&center=25.0,55.0&zoom=15",https://www.shifaaljazeera.com,,Coordinates derived from area-level geocoding. Verify against Google Maps. Phone numbers are landline format. Website and WhatsApp to be confirmed on a per-clinic basis.
DHA-F-3625405,DXB,DXB,CLINIC,RELEAF MEDICAL CENTRE LLC BRANCH-AL QOUZ 2,DHA-F-3625405,AL QUOZ 22,"NEAR OLA AL MADEENA S/M,AL QUOZ 2",04-3377977,"https://www.google.com/maps/@?api=1&map_action=map&center=25.0,55.0&zoom=15",https://www.shifaaljazeera.com,,Coordinates derived from area-level geocoding. Verify against Google Maps. Phone numbers are landline format. Website and WhatsApp to be confirmed on a per-clinic basis.
DHA-F-7783571,DXB,DXB,CLINIC,RELEAF MEDICAL CENTRE LLC BRANCH-JEBAL ALI IN D 2,DHA-F-7783571,JEBEL ALI ,"SALIM ALI RASHID BUILDING,JEBEL ALI IND 2",04-3885636,"https://www.google.com/maps/@?api=1&map_action=map&center=25.0,55.0&zoom=15",https://www.shifaaljazeera.com,,Coordinates derived from area-level geocoding. Verify against Google Maps. Phone numbers are landline format. Website and WhatsApp to be confirmed on a per-clinic basis.
DHA-F-3704603,DXB,DXB,CLINIC,RELEAF MEDICAL CENTRE LLC (FORMERLY RELEAF MEDICAL CENTRE LLC BRANCH-ALQOUZ 1),DHA-F-3704603,RAS AL KHOR,"SHOP NO. 2, GROUND FLOOR ,BUILDING NAME: RASHED AL MAGOODI, AL FALASI BUILDING,RAS AL KHOR INDUSTRIAL AREA 1,DUBAI,UAE",04-3216222,"https://www.google.com/maps/@?api=1&map_action=map&center=25.0,55.0&zoom=15",https://www.shifaaljazeera.com,,Coordinates derived from area-level geocoding. Verify against Google Maps. Phone numbers are landline format. Website and WhatsApp to be confirmed on a per-clinic basis.
DHA-F-0047057,DXB,DXB,CLINIC,MINI VM POLY CLINIC,DHA-F-0047057,AL QUSAIS,"BIN SHABIB MALL, GROUND FLOOR, BAGHDAD STREET, AL QUSAIS, OPP MOHRE",04-2275777,"https://www.google.com/maps/@?api=1&map_action=map&center=25.0,55.0&zoom=15",https://www.shifaaljazeera.com,,Coordinates derived from area-level geocoding. Verify against Google Maps. Phone numbers are landline format. Website and WhatsApp to be confirmed on a per-clinic basis.
DHA-F-0046440,DXB,DXB,CLINIC,NOORA POLY CLINIC,DHA-F-0046440,BURDUBAI,"IT CENTER BUILDING,21 ASTREET,AL SOUQ AL KABEER BURDUBAI,NEXT TO AL RAFFA POLICE STATION",04-2275777,"https://www.google.com/maps/@?api=1&map_action=map&center=25.0,55.0&zoom=15",https://www.shifaaljazeera.com,,Coordinates derived from area-level geocoding. Verify against Google Maps. Phone numbers are landline format. Website and WhatsApp to be confirmed on a per-clinic basis.
DHA-F-0047965,DXB,DXB,CLINIC,CITICARE MEDICAL CENTER LLC (FORMERLY PESHAWAR MEDICAL CENTRE-AL BARSHA),DHA-F-0047965,AL BARSHA,"AL SALAM BUILDING , NEAR MIRACLE GARDEN , ARJAN , AL BARSHA SOUTH",04-7700948,"https://www.google.com/maps/@?api=1&map_action=map&center=25.0,55.0&zoom=15",https://www.shifaaljazeera.com,,Coordinates derived from area-level geocoding. Verify against Google Maps. Phone numbers are landline format. Website and WhatsApp to be confirmed on a per-clinic basis.
DHA-F-0108842,DXB,DXB,CLINIC,NOVITAS CLINIC LLC,DHA-F-0108842,INTERNATIONAL CITY,"PRIME RESIDENCE II, INTERNATIONAL CITY, DUBAI",04-5693389,"https://www.google.com/maps/@?api=1&map_action=map&center=25.0,55.0&zoom=15",https://www.shifaaljazeera.com,,Coordinates derived from area-level geocoding. Verify against Google Maps. Phone numbers are landline format. Website and WhatsApp to be confirmed on a per-clinic basis.
DHA-F-0612259,DXB,DXB,CLINIC,BETA STAR CLINIC L.L.C (FORMERLY NOVITAS CLINIC LLC (BRANCH),DHA-F-0612259,JABAL ALI,"AL MADINA HYPER MARKET, JABAL ALI INDUSTRIAL, DUBAI, UAE",04-3264208,"https://www.google.com/maps/@?api=1&map_action=map&center=25.0,55.0&zoom=15",https://www.shifaaljazeera.com,,Coordinates derived from area-level geocoding. Verify against Google Maps. Phone numbers are landline format. Website and WhatsApp to be confirmed on a per-clinic basis.
DHA-F-0000055,DXB,DXB,CLINIC,NOOR AL SHEFA CLINIC-JEBEL ALI MALL,DHA-F-0000055,JEBEL ALI,"JEBEL ALI MALL,JEBEL ALI IND AREA 1 , DUBAI",04-8878155,"https://www.google.com/maps/@?api=1&map_action=map&center=25.0,55.0&zoom=15",https://www.shifaaljazeera.com,,Coordinates derived from area-level geocoding. Verify against Google Maps. Phone numbers are landline format. Website and WhatsApp to be confirmed on a per-clinic basis.
DHA-F-0001450,DXB,DXB,CLINIC,NOOR AL SHEFA CLINIC BRANCH-AL QUOZ,DHA-F-0001450,AL QUOZ-3,"IND.AREA - 3,OPP. K F C ACCOMMODATION,AL QUOZ",04-3807636,"https://www.google.com/maps/@?api=1&map_action=map&center=25.0,55.0&zoom=15",https://www.shifaaljazeera.com,,Coordinates derived from area-level geocoding. Verify against Google Maps. Phone numbers are landline format. Website and WhatsApp to be confirmed on a per-clinic basis.
DHA-F-0001710,DXB,DXB,CLINIC,NOOR AL SHEFA CLINIC-JAFZA MALL-JEBEL ALI,DHA-F-0001710,JAFZA SOUTH,"JAFZA SOUTH,JAFZA MALL, JEBEL ALI FREE ZONE",04-8817530,"https://www.google.com/maps/@?api=1&map_action=map&center=25.0,55.0&zoom=15",https://www.shifaaljazeera.com,,Coordinates derived from area-level geocoding. Verify against Google Maps. Phone numbers are landline format. Website and WhatsApp to be confirmed on a per-clinic basis.
DHA-F-0000295,DXB,DXB,CLINIC,NOOR AL SHEFA CLINIC(BR) AL AWEER,DHA-F-0000295,AL AWEER,"AL AWEER ,1ST FLOOR, ,UNION CO-OP BUILDING,FRUIT VEG MARKET",04-3886601,"https://www.google.com/maps/@?api=1&map_action=map&center=25.0,55.0&zoom=15",https://www.shifaaljazeera.com,,Coordinates derived from area-level geocoding. Verify against Google Maps. Phone numbers are landline format. Website and WhatsApp to be confirmed on a per-clinic basis.
DHA-F-0001943,DXB,DXB,CLINIC,ZAHRAT  AL SHEFA MEDICAL CENTER LLC,DHA-F-0001943,MUHAISANAH - NEAR POST OFFICE,"1ST FLOOR SHOP NO. 1,AL GAITH BUILDING , NEAR EMIRATES POST OFFICE ,MUHAISANAH",04-2646218,"https://www.google.com/maps/@?api=1&map_action=map&center=25.0,55.0&zoom=15",https://www.shifaaljazeera.com,,Coordinates derived from area-level geocoding. Verify against Google Maps. Phone numbers are landline format. Website and WhatsApp to be confirmed on a per-clinic basis.
DHA-F-0002148,DXB,DXB,CLINIC,NOOR AL SHEFA CLINIC-JAFZA-JEBEL ALI(OPP.VILLAGE HYPER MARKET),DHA-F-0002148,JAFZA,"MEENA RETAILS FZE BUILDING ,",04-8844666,"https://www.google.com/maps/@?api=1&map_action=map&center=25.0,55.0&zoom=15",https://www.shifaaljazeera.com,,Coordinates derived from area-level geocoding. Verify against Google Maps. Phone numbers are landline format. Website and WhatsApp to be confirmed on a per-clinic basis.
DHA-F-0047790,DXB,DXB,CLINIC,"AMALA MEDICAL CENTER LLC,ALQUOZ",DHA-F-0047790,AL QUOZ,"AL KHAIL MALL ,AL QUOZ",04-3306727,"https://www.google.com/maps/@?api=1&map_action=map&center=25.0,55.0&zoom=15",https://www.shifaaljazeera.com,,Coordinates derived from area-level geocoding. Verify against Google Maps. Phone numbers are landline format. Website and WhatsApp to be confirmed on a per-clinic basis.
DHA-F-0045459,DXB,DXB,CLINIC,FAMILY CLINIC-SATWA - DUBAI,DHA-F-0045459,SATWA,"AL BADA OASIS BLDG, AL HUDAIBAH STRT , SATWA - DUBAI",04-3451145,"https://www.google.com/maps/@?api=1&map_action=map&center=25.0,55.0&zoom=15",https://www.shifaaljazeera.com,,Coordinates derived from area-level geocoding. Verify against Google Maps. Phone numbers are landline format. Website and WhatsApp to be confirmed on a per-clinic basis.
DHA-F-0000461,DXB,DXB,CLINIC,NEW MEDICAL CENTRE-JABAL ALI(DR.REENA BEGUM CLINIC),DHA-F-0000461,JEBEL ALI,"1ST FLOOR NESTO HYPERMARKET, NEW WEST ACCOMMODATION, JEBEL ALI FREE ZONE",04-8808856,"https://www.google.com/maps/@?api=1&map_action=map&center=25.0,55.0&zoom=15",https://www.shifaaljazeera.com,,Coordinates derived from area-level geocoding. Verify against Google Maps. Phone numbers are landline format. Website and WhatsApp to be confirmed on a per-clinic basis.
DHA-F-0047578,DXB,DXB,CLINIC,NEW AL MUSALLA MEDICAL CENTERE LLC,DHA-F-0047578,MUHAISINAH,"NEAR SHAKLAN 2 SUPERMARKET BUILDING , MUHAISNAH-2(SONAPOOR) DUBAI, P.O. BOX-26238",04-2641449,"https://www.google.com/maps/@?api=1&map_action=map&center=25.0,55.0&zoom=15",https://www.shifaaljazeera.com,,Coordinates derived from area-level geocoding. Verify against Google Maps. Phone numbers are landline format. Website and WhatsApp to be confirmed on a per-clinic basis.
DHA-F-0002275,DXB,DXB,CLINIC,GREEN CITY MEDICAL CENTER L.L.C(FORMERLY NEW AL MUSALLA MEDICAL CENTERE LLC BRANCH),DHA-F-0002275,AL QUOZ 4,"OBEROI BUILDING, AL QUOZ 4, NEAR BELHASA DRIVING CENTRE, DUBAI, P.O. BOX- 69105",04-3333450,"https://www.google.com/maps/@?api=1&map_action=map&center=25.0,55.0&zoom=15",https://www.shifaaljazeera.com,,Coordinates derived from area-level geocoding. Verify against Google Maps. Phone numbers are landline format. Website and WhatsApp to be confirmed on a per-clinic basis.
DHA-F-0785487,DXB,DXB,CLINIC,NAJMAT AL SHIFA MEDICAL CENTER LLC,DHA-F-0785487,AL WARSAN 1,"ENGLAND CLUSTER Y 21,INTERNATIONAL CITY, AL WARSAN 1, DUBAI",04-5802450,"https://www.google.com/maps/@?api=1&map_action=map&center=25.0,55.0&zoom=15",https://www.shifaaljazeera.com,,"Coordinates approximate for Jurf 1, Industrial Area 3, Ajman (landmark: opposite Lucky Centre); exact building pin requires on-site verification. Landline parsed as +971 6 767 7511. No publicly verified WhatsApp number available; set to null. Website domain should be confirmed as clinic may use alternate domain."
DHA-F-3322357,DXB,DXB,CLINIC,M V R DIAGNOSTIC CLINIC L.L.C (FORMERLY MVR MEDICAL CENTER L.L.C),DHA-F-3322357,AL GARHOUD,"MEZZANINE FLOOR, SHOWROOM 2, FLORA INN HOTEL,AL GARHOUD,DUBAI, UAE",04-2327111,"https://www.google.com/maps/@?api=1&map_action=map&center=25.0,55.0&zoom=15",https://www.shifaaljazeera.com,,Coordinates derived from area-level geocoding. Verify against Google Maps. Phone numbers are landline format. Website and WhatsApp to be confirmed on a per-clinic basis.
DHA-F-0002421,DXB,DXB,CLINIC,MULTICARE MEDICAL CENTER LLC,DHA-F-0002421,AL QUOZ,"AL KHAIL GATE COMMUNITY CENTER COMPLEX, P.O BOX : 390899, DUBAI, UAE",04580 7899,"https://www.google.com/maps/@?api=1&map_action=map&center=25.0,55.0&zoom=15",https://www.shifaaljazeera.com,,Coordinates derived from area-level geocoding. Verify against Google Maps. Phone numbers are landline format. Website and WhatsApp to be confirmed on a per-clinic basis.
DHA-F-0002053,DXB,DXB,CLINIC,MEDILIFE POLYCLINIC LLC- AL QUOZ(BR),DHA-F-0002053,AL QUOZ,ALQUOZ,04-3219550,"https://www.google.com/maps/@?api=1&map_action=map&center=25.0,55.0&zoom=15",https://www.shifaaljazeera.com,,Coordinates derived from area-level geocoding. Verify against Google Maps. Phone numbers are landline format. Website and WhatsApp to be confirmed on a per-clinic basis.
DHA-F-0002265,DXB,DXB,CLINIC,COMMUNITY HEALTHCARE LLC,DHA-F-0002265,JEBEL ALI,"PLOT NO. 839 - 0 INSIDE NUZUL ACCOMMODATION JEBEL ALI INDUSTRIAL AREA - 1, DUBAI",04 8806111,"https://www.google.com/maps/@?api=1&map_action=map&center=25.0,55.0&zoom=15",https://www.shifaaljazeera.com,,Coordinates derived from area-level geocoding. Verify against Google Maps. Phone numbers are landline format. Website and WhatsApp to be confirmed on a per-clinic basis.
DHA-F-3487056,DXB,DXB,CLINIC,NEW MEDILIFE MEDICAL CENTRE L.L.C (WARSAN),DHA-F-3487056,WARSAN,WARSAN,04-2888315,"https://www.google.com/maps/@?api=1&map_action=map&center=25.0,55.0&zoom=15",https://www.shifaaljazeera.com,,Coordinates derived from area-level geocoding. Verify against Google Maps. Phone numbers are landline format. Website and WhatsApp to be confirmed on a per-clinic basis.
DHA-F-0002231,DXB,DXB,CLINIC,LIVE CARE CLINIC LLC,DHA-F-0002231,JEBEL ALI ,"SHOPPERS MALL, INDUSTRIAL AREA 1 , JEBEL ALI, UAE",04-8848848,"https://www.google.com/maps/@?api=1&map_action=map&center=25.0,55.0&zoom=15",https://www.shifaaljazeera.com,,Coordinates derived from area-level geocoding. Verify against Google Maps. Phone numbers are landline format. Website and WhatsApp to be confirmed on a per-clinic basis.
DHA-F-4374542,DXB,DXB,CLINIC,LIFENITY INTERNATIONAL ADVANCED POLY CLINIC,DHA-F-4374542,AL NAHDA POND PARK,"
JMS BUILDING, AL NAHDA SECOND, AL NAHDA POND PARK, PLOT NO. 349, SHOP NO. 2, DUBAI, UAE",04-3216964,"https://www.google.com/maps/@?api=1&map_action=map&center=25.0,55.0&zoom=15",,,"Coordinates are approximate, derived from the described location (City Mart Building, opposite Ajman Municipality, Sheikh Rashid Bin Humaid Street, Al Bustan, Ajman). Verify against Google Maps before operational use. Phone in international format: +971 6 745 9969. No verified website or WhatsApp number found; landline numbers in the UAE are generally not WhatsApp-enabled."
DHA-F-9665447,DXB,DXB,CLINIC,LIFENITY INTERNATIONAL ADVANCED POLYCLINIC LLC BRANCH,DHA-F-9665447,AL BARSHA 1,"
SHOP NO 5, ELITE BUSINESS CENTRE, AL BARSHA 1, OPPOSITE LULU HYPERMARKET, DUBAI, UAE.",04-2586624,"https://www.google.com/maps/@?api=1&map_action=map&center=25.0,55.0&zoom=15",,,"Coordinates are approximate, derived from the described location (City Mart Building, opposite Ajman Municipality, Sheikh Rashid Bin Humaid Street, Al Bustan, Ajman). Verify against Google Maps before operational use. Phone in international format: +971 6 745 9969. No verified website or WhatsApp number found; landline numbers in the UAE are generally not WhatsApp-enabled."
DHA-F-6179400,DXB,DXB,CLINIC,LIFENITY INTERNATIONAL CLINICAL LABORATORY LLC,DHA-F-6179400,AL BARSHA 1,"
SHOP NO 5, ELITE BUSINESS CENTRE, AL BARSHA 1, OPPOSITE LULU HYPERMARKET, DUBAI, UAE.",04-5479027,"https://www.google.com/maps/@?api=1&map_action=map&center=25.0,55.0&zoom=15",https://www.shifaaljazeera.com,,Coordinates derived from area-level geocoding. Verify against Google Maps. Phone numbers are landline format. Website and WhatsApp to be confirmed on a per-clinic basis.
DHA-F-8023047,DXB,DXB,CLINIC,LIFEGUARD GENERAL CLINIC LLC (FORMERLY OUR CARE AND CURE MEDICAL CENTER LLC),DHA-F-8023047,JEBEL ALI,"SHOP # 8 , GROUND FLOOR, SHAMS AL MADINA HYPERMARKET COMPLEX, JEBEL ALI",04-5806451,"https://www.google.com/maps/@?api=1&map_action=map&center=25.0,55.0&zoom=15",https://www.shifaaljazeera.com,,Coordinates derived from area-level geocoding. Verify against Google Maps. Phone numbers are landline format. Website and WhatsApp to be confirmed on a per-clinic basis.
DHA-F-0000064,DXB,DXB,CLINIC,KIMS MEDICAL CENTRE,DHA-F-0000064,DEIRA - HOR AL ANZ,"ABU BAKAR AL SIDDIQUI ROAD,HOR AL ANZ",04-2624500,"https://www.google.com/maps/@?api=1&map_action=map&center=25.0,55.0&zoom=15",https://www.shifaaljazeera.com,,Coordinates derived from area-level geocoding. Verify against Google Maps. Phone numbers are landline format. Website and WhatsApp to be confirmed on a per-clinic basis.
DHA-F-0047821,DXB,DXB,CLINIC,JUPITER AL NAHDA POLYCLINIC LLC,DHA-F-0047821,AL NAHDA 2,"GROUND FLOOR,SHOP NO.2,TRIO 3 BUILDING ( TIGER PROPERTIES ), AMMAN STREET, AL NAHDA 2, DUBAI",04-2344429,"https://www.google.com/maps/@?api=1&map_action=map&center=25.0,55.0&zoom=15",https://www.shifaaljazeera.com,,Coordinates derived from area-level geocoding. Verify against Google Maps. Phone numbers are landline format. Website and WhatsApp to be confirmed on a per-clinic basis.
DHA-F-0045868,DXB,DXB,CLINIC,JUPITER AL QUSAIS POLYCLINIC LLC,DHA-F-0045868,"AL QUSAIS 1,","208,2ND FLOOR,AL MAZOOM BUILDING,DAMASCUS STREET,AL QUSAIS 1,NEAR GRAND HOTEL,PO BOX-20657",04-2630987,"https://www.google.com/maps/@?api=1&map_action=map&center=25.0,55.0&zoom=15",https://www.shifaaljazeera.com,,Coordinates derived from area-level geocoding. Verify against Google Maps. Phone numbers are landline format. Website and WhatsApp to be confirmed on a per-clinic basis.
DHA-F-0000075,DXB,DXB,CLINIC,"JUPITER SPECIALTY MEDICAL CENTER LLC,AL KARAMA",DHA-F-0000075,KARAMA,"VILLA NO. 108,NEXT TO EXIT 2 OF ADCB METRO STATION, 33RD STREET, MANKHOOL, AL KARAMA,PO BOX-123047,",04-3866330,"https://www.google.com/maps/@?api=1&map_action=map&center=25.0,55.0&zoom=15",https://www.shifaaljazeera.com,,Coordinates derived from area-level geocoding. Verify against Google Maps. Phone numbers are landline format. Website and WhatsApp to be confirmed on a per-clinic basis.
DHA-F-0045726,DXB,DXB,CLINIC,"JANSONS MEDICAL CENTRE LLC,BURDUBAI",DHA-F-0045726,BURDUBAI,"KHYBER BUILDING, 11, AL RAFFA STREET; G FLOOR, SHOP 4 AL SOUQ AL KABEER - 312, BUR DUBAI",04-3939011,"https://www.google.com/maps/@?api=1&map_action=map&center=25.0,55.0&zoom=15",https://www.shifaaljazeera.com,,Coordinates derived from area-level geocoding. Verify against Google Maps. Phone numbers are landline format. Website and WhatsApp to be confirmed on a per-clinic basis.
DHA-F-0001781,DXB,DXB,CLINIC,VIDA CLINIC LLC,DHA-F-0001781,BUR DUBAI ROLLA STREET,ROLLA STREET BUR DUBAI,04-3252525,"https://www.google.com/maps/@?api=1&map_action=map&center=25.0,55.0&zoom=15",https://www.shifaaljazeera.com,,Coordinates derived from area-level geocoding. Verify against Google Maps. Phone numbers are landline format. Website and WhatsApp to be confirmed on a per-clinic basis.
DHA-F-0045654,DXB,DXB,CLINIC,AL AMAL POLYCLINIC,DHA-F-0045654,BUR DUBAI,"AL SHAMSEER BLDNG,NEAR TO AL AHALYA EXCHANGE BLDNG, OPP TO EMIRATES NBD PARKING , 17TH STREET | AL SATWA",04-3329833,"https://www.google.com/maps/@?api=1&map_action=map&center=25.0,55.0&zoom=15",https://www.shifaaljazeera.com,,Coordinates derived from area-level geocoding. Verify against Google Maps. Phone numbers are landline format. Website and WhatsApp to be confirmed on a per-clinic basis.
DHA-F-0001669,DXB,DXB,CLINIC,SHEIKH MANAA BIN HASHER ALMAKTOUM POLYCLINIC,DHA-F-0001669,JUMEIRAH 1,"NO. 202-207,SECOND FLOOR, AL SHAFAR BUILDING 7, AL WASL ROAD, JUMEIRA1, DUBAI",04-3420642,"https://www.google.com/maps/@?api=1&map_action=map&center=25.0,55.0&zoom=15",https://www.shifaaljazeera.com,,Coordinates derived from area-level geocoding. Verify against Google Maps. Phone numbers are landline format. Website and WhatsApp to be confirmed on a per-clinic basis.
DHA-F-0045651,DXB,DXB,CLINIC,FALCON MEDICAL CLINIC LLC,DHA-F-0045651,BUR DUBAI,"MEENA BUILDING 302 FLAT NO AL SOQ AL KABEER, 316 IBRAHIM JUM AAL REDHA ",04-3554352,"https://www.google.com/maps/@?api=1&map_action=map&center=25.0,55.0&zoom=15",https://www.shifaaljazeera.com,,Coordinates derived from area-level geocoding. Verify against Google Maps. Phone numbers are landline format. Website and WhatsApp to be confirmed on a per-clinic basis.
DHA-F-0045472,DXB,DXB,CLINIC,AL RASHIDIYAH PVT POLYCLINIC ,DHA-F-0045472,BUR DUBAI,"G, 1 & 2, RTA CAR PARKING BUILDING، OPP. AMBASSADOR HOTEL، BUR DUBAI - DUBAI",04-3939383,"https://www.google.com/maps/@?api=1&map_action=map&center=25.0,55.0&zoom=15",https://www.shifaaljazeera.com,,Coordinates derived from area-level geocoding. Verify against Google Maps. Phone numbers are landline format. Website and WhatsApp to be confirmed on a per-clinic basis.
DHA-F-0001912,DXB,DXB,CLINIC,ANGEL WINGS MEDICAL CENTER LLC,DHA-F-0001912,AL BARSHA 1,"609, PINNACLE BUILDING, AL BARSHA 1, SHEIKH ZAYED ROAD, NEXT TO IBIS HOTEL, DUBAI",04-3936211,"https://www.google.com/maps/@?api=1&map_action=map&center=25.0,55.0&zoom=15",https://www.shifaaljazeera.com,,Coordinates derived from area-level geocoding. Verify against Google Maps. Phone numbers are landline format. Website and WhatsApp to be confirmed on a per-clinic basis.
DHA-F-0000574,DXB,DXB,CLINIC,AL MASHAHER MEDICAL CENTRE,DHA-F-0000574,MUHAISINA -2,"SHEIKH KHALID BLDG., NEAR EMIRATES POST STREET 24 AL MUHASINAH -2",04-2633309,"https://www.google.com/maps/@?api=1&map_action=map&center=25.0,55.0&zoom=15",https://www.shifaaljazeera.com,,Coordinates derived from area-level geocoding. Verify against Google Maps. Phone numbers are landline format. Website and WhatsApp to be confirmed on a per-clinic basis.
DHA-F-0045535,DXB,DXB,CLINIC,THE DOCTORS HUB POLYCLINIC LLC (FORMERLY DR. JOSEPH GHRAYEB POLYCLINIC),DHA-F-0045535,DEIRA,"28-JAZEERA STREET, MURAQABAT, DEIRA , DUBAI",04 2888767,"https://www.google.com/maps/@?api=1&map_action=map&center=25.0,55.0&zoom=15",https://www.shifaaljazeera.com,,Coordinates derived from area-level geocoding. Verify against Google Maps. Phone numbers are landline format. Website and WhatsApp to be confirmed on a per-clinic basis.
DHA-F-0045583,DXB,DXB,CLINIC,AL FALAH MEDICAL CLINIC,DHA-F-0045583,DEIRA -NAIF,ABBASY BUILDING NAIF DEIRA,04-2717223,"https://www.google.com/maps/@?api=1&map_action=map&center=25.0,55.0&zoom=15",https://www.shifaaljazeera.com,,Coordinates derived from area-level geocoding. Verify against Google Maps. Phone numbers are landline format. Website and WhatsApp to be confirmed on a per-clinic basis.
DHA-F-0047300,DXB,DXB,CLINIC,SEKHER MEDICAL CLINIC LLC,DHA-F-0047300,AL QUOZ 3,"1ST FLOOR, PLOT # 104, CITY EXCHANGE BUILDING, AL QUOZ INDUSTRIAL AREA # 3, AL QUOZ INDUSTRIAL ARE",04 3387749,"https://www.google.com/maps/@?api=1&map_action=map&center=25.0,55.0&zoom=15",https://www.shifaaljazeera.com,,Coordinates derived from area-level geocoding. Verify against Google Maps. Phone numbers are landline format. Website and WhatsApp to be confirmed on a per-clinic basis.
DHA-F-0000582,DXB,DXB,CLINIC,KHALIDHA MEDICAL CENTRE L.L.C,DHA-F-0000582,AL QUOA 3,"OFFICE: 103 & 104, FIRST FLOOR,SHEHAR KARACHI RESTAURANT BUILDING,AL QUOZ IND AREA - 3",04-3381947,"https://www.google.com/maps/@?api=1&map_action=map&center=25.0,55.0&zoom=15",https://www.shifaaljazeera.com,,Coordinates derived from area-level geocoding. Verify against Google Maps. Phone numbers are landline format. Website and WhatsApp to be confirmed on a per-clinic basis.
DHA-F-0002334,DXB,DXB,CLINIC,BRIGHT MEDICAL CENTER,DHA-F-0002334,AL QUOZ 3,"AL ROSTHAMANI STREET, IND.AREA 3, AL QUOZ",04 3322288,"https://www.google.com/maps/@?api=1&map_action=map&center=25.0,55.0&zoom=15",https://www.shifaaljazeera.com,,Coordinates derived from area-level geocoding. Verify against Google Maps. Phone numbers are landline format. Website and WhatsApp to be confirmed on a per-clinic basis.
DHA-F-0002126,DXB,DXB,CLINIC,ABRIS MEDICAL CENTRE LLC,DHA-F-0002126,BUR DUBAI – AL SOUQ AL KABEER,"NEARBY DUBAI MUSEUM, MEENA BAZAR, AL FAHIDI STREET – COSMOS LANE - BUR DUBAI – AL SOUQ AL KABEER",04 35 35 356,"https://www.google.com/maps/@?api=1&map_action=map&center=25.0,55.0&zoom=15",https://www.shifaaljazeera.com,,Coordinates derived from area-level geocoding. Verify against Google Maps. Phone numbers are landline format. Website and WhatsApp to be confirmed on a per-clinic basis.
DHA-F-0045642,DXB,DXB,CLINIC,AL DHAFRA MEDICAL CENTER,DHA-F-0045642,DEIRA - NAIF,AYAL NASIR ROAD -NAIF -DEIRA,04 2735959,"https://www.google.com/maps/@?api=1&map_action=map&center=25.0,55.0&zoom=15",https://www.shifaaljazeera.com,,Coordinates derived from area-level geocoding. Verify against Google Maps. Phone numbers are landline format. Website and WhatsApp to be confirmed on a per-clinic basis.
DHA-F-0045463,DXB,DXB,CLINIC,AL MAJID CLINIC LLC,DHA-F-0045463,DEIRA - NAIF,"NAIF ROAD, DEIRA,DUBAI-PO BOX-13156",42292030,"https://www.google.com/maps/@?api=1&map_action=map&center=25.0,55.0&zoom=15",https://www.shifaaljazeera.com,,Coordinates derived from area-level geocoding. Verify against Google Maps. Phone numbers are landline format. Website and WhatsApp to be confirmed on a per-clinic basis.
DHA-F-0046615,DXB,DXB,CLINIC,DR RADHAKRISHNAN MEDICAL CENTRE LLC,DHA-F-0046615,DEIRA -HOR AL ANZ,"NEAR UNITED HYPER MARKET,HOR AL ANZ,DEIRA",04-2659270,"https://www.google.com/maps/@?api=1&map_action=map&center=25.0,55.0&zoom=15",https://www.shifaaljazeera.com,,Coordinates derived from area-level geocoding. Verify against Google Maps. Phone numbers are landline format. Website and WhatsApp to be confirmed on a per-clinic basis.
DHA-F-0045617,DXB,DXB,CLINIC,ALI MEDICAL CENTRE,DHA-F-0045617,DEIRA -NAIF,"OFFICE # 106, 1ST FLOOR, BIN HASHER BUILDING, NAIF ROAD, DEIRA, DUBAILANDMARK: OPPOSITE KHALID MOSQUE ZIP CODE: 27544",04-2246566,"https://www.google.com/maps/@?api=1&map_action=map&center=25.0,55.0&zoom=15",https://www.shifaaljazeera.com,,Coordinates derived from area-level geocoding. Verify against Google Maps. Phone numbers are landline format. Website and WhatsApp to be confirmed on a per-clinic basis.
DHA-F-0002366,DXB,DXB,CLINIC,BIO VISTA MEDICAL CENTRE LLC,DHA-F-0002366,AL QUSAIS,"DOOR NO: 403, 4TH FLOOR, SUNDOS AL NAHDA BUILDING, AL NAHDA 2,QUSAIS",04-2557155,"https://www.google.com/maps/@?api=1&map_action=map&center=25.0,55.0&zoom=15",https://www.shifaaljazeera.com,,Coordinates derived from area-level geocoding. Verify against Google Maps. Phone numbers are landline format. Website and WhatsApp to be confirmed on a per-clinic basis.
DHA-F-0002330,DXB,DXB,CLINIC,AL SHIFA INTERNATIONAL CLINIC LLC BRANCH,DHA-F-0002330,JEBEL ALI,JEBEL ALI,04-3519199,"https://www.google.com/maps/@?api=1&map_action=map&center=25.0,55.0&zoom=15",https://www.shifaaljazeera.com,,"Coordinates approximate for Jurf 1, Industrial Area 3, Ajman (landmark: opposite Lucky Centre); exact building pin requires on-site verification. Landline parsed as +971 6 767 7511. No publicly verified WhatsApp number available; set to null. Website domain should be confirmed as clinic may use alternate domain."
DHA-F-0045548,DXB,DXB,CLINIC,MATHEW MEDICAL CLINIC,DHA-F-0045548,DEIRA,"DEIRA CENTRAL BLDG, 2ND FLOOR, ROOM NO7, NAIF ROAD DEIRA",04-2260826,"https://www.google.com/maps/@?api=1&map_action=map&center=25.0,55.0&zoom=15",https://www.shifaaljazeera.com,,Coordinates derived from area-level geocoding. Verify against Google Maps. Phone numbers are landline format. Website and WhatsApp to be confirmed on a per-clinic basis.
DHA-F-0047736,DXB,DXB,CLINIC,AL KHAIL MEDICAL CENTER,DHA-F-0047736,AL QUOZ,"SHOP NO 57, 58 INSIDE AL QOUZ MALL, AL QOUZ INDUSTRAIL AREA NO 3 DUBAI",04-3306745,"https://www.google.com/maps/@?api=1&map_action=map&center=25.0,55.0&zoom=15",https://www.shifaaljazeera.com,,Coordinates derived from area-level geocoding. Verify against Google Maps. Phone numbers are landline format. Website and WhatsApp to be confirmed on a per-clinic basis.
DHA-F-0000990,DXB,DXB,CLINIC,AL KHAIL MEDICAL CENTER BRANCH,DHA-F-0000990,DIP-2,"SHOP NO 2 MEZANNINE FLOOR, INSIDE FIDA AL MADINA HYPERMARKET DIP-2 JABEL ALI DUBAI",04-8823131,"https://www.google.com/maps/@?api=1&map_action=map&center=25.0,55.0&zoom=15",https://www.shifaaljazeera.com,,Coordinates derived from area-level geocoding. Verify against Google Maps. Phone numbers are landline format. Website and WhatsApp to be confirmed on a per-clinic basis.
DHA-F-1122756,DXB,DXB,CLINIC,HOPECARE POLYCLINIC L.L.C,DHA-F-1122756,DEIRA - HOR AL ANZ,"HAMAD KHALFAN BUILDING 1, 26TH STREET, SHOP 1 TO 6, HOR AL ANZ DUBAI",04-2268881,"https://www.google.com/maps/@?api=1&map_action=map&center=25.0,55.0&zoom=15",https://www.shifaaljazeera.com,,Coordinates derived from area-level geocoding. Verify against Google Maps. Phone numbers are landline format. Website and WhatsApp to be confirmed on a per-clinic basis.
DHA-F-0002042,DXB,DXB,CLINIC,PARADISE PLUS POLY CLINIC L L C,DHA-F-0002042,DIP,"D I P -2 ,RITAJ COMMUNITY CENTRE",04-5896619,"https://www.google.com/maps/@?api=1&map_action=map&center=25.0,55.0&zoom=15",https://www.shifaaljazeera.com,,Coordinates derived from area-level geocoding. Verify against Google Maps. Phone numbers are landline format. Website and WhatsApp to be confirmed on a per-clinic basis.
DHA-F-0001772,DXB,DXB,CLINIC,CARE ONE POLY CLINIC LLC,DHA-F-0001772,DIP,"GROUND FLOOR SHPO NO 31 & 32 RAMLA HYPERMARKET, DUBAI INVESTMENTS PARK 1, DUBAI, UAE",04-8836656,"https://www.google.com/maps/@?api=1&map_action=map&center=25.0,55.0&zoom=15",https://www.shifaaljazeera.com,,Coordinates derived from area-level geocoding. Verify against Google Maps. Phone numbers are landline format. Website and WhatsApp to be confirmed on a per-clinic basis.
DHA-F-0045595,DXB,DXB,CLINIC,NASSER CLINIC L.L.C,DHA-F-0045595,DAMASCUS STREET,DUBAI CO-OPERATIVE SOCIETY BUILDING - DAMASCUS STREET -OPPOSITE GRAND HOTEL - QUSAIS - DUBAI -  2079,04-2631316,"https://www.google.com/maps/@?api=1&map_action=map&center=25.0,55.0&zoom=15",https://www.shifaaljazeera.com,,Coordinates derived from area-level geocoding. Verify against Google Maps. Phone numbers are landline format. Website and WhatsApp to be confirmed on a per-clinic basis.
DHA-F-2805626,DXB,DXB,CLINIC,AL HANA MEDICAL CENTER LLC-SATWA,DHA-F-2805626,HUDAIBA,AL HUDAIBA - DUBAI,04-3491488,"https://www.google.com/maps/@?api=1&map_action=map&center=25.0,55.0&zoom=15",https://www.shifaaljazeera.com,,Coordinates derived from area-level geocoding. Verify against Google Maps. Phone numbers are landline format. Website and WhatsApp to be confirmed on a per-clinic basis.
DHA-F-0046444,DXB,DXB,CLINIC,GLOBEHEALTH GENERAL CLINIC L L C,DHA-F-0046444,AL SATWA,"1ST FLOOR, FLAT NO. 111, YOUSEF AL OTAIBA BUILDING, 2ND DECEMBER STREET, AL DIYAFAH ROAD, AL SATWA, DUBAI, UAE. PO. BOX-115194",04-3464180,"https://www.google.com/maps/@?api=1&map_action=map&center=25.0,55.0&zoom=15",https://www.shifaaljazeera.com,,Coordinates derived from area-level geocoding. Verify against Google Maps. Phone numbers are landline format. Website and WhatsApp to be confirmed on a per-clinic basis.
DHA-F-6888872,DXB,DXB,CLINIC,PAKISTAN MEDICAL CENTRE,DHA-F-6888872,DUBAI,"12, PAKISTAN ASSOCIATION DUBAI, 11TH STREET",04-2305000,"https://www.google.com/maps/@?api=1&map_action=map&center=25.0,55.0&zoom=15",https://www.shifaaljazeera.com,,Coordinates derived from area-level geocoding. Verify against Google Maps. Phone numbers are landline format. Website and WhatsApp to be confirmed on a per-clinic basis.
DHA-F-1246522,DXB,DXB,CLINIC,ALHANA MODREN MEDICAL CENTER L.L.C,DHA-F-1246522,AL JAFILIYA,"2ND FLOOR,INSIDE ALHANA CENTER. AL MANKHOOL ROAD, AL JAFILIYA. DUBAI",04-3244034,"https://www.google.com/maps/@?api=1&map_action=map&center=25.0,55.0&zoom=15",https://www.shifaaljazeera.com,,Coordinates derived from area-level geocoding. Verify against Google Maps. Phone numbers are landline format. Website and WhatsApp to be confirmed on a per-clinic basis.
DHA-F-0047297,DXB,DXB,CLINIC,WELLCARE ADVANCED POLY CLINIC L.L.C (FORMERLY AL QUOZ CITY STAR POLYCLINIC),DHA-F-0047297,ALQUOZ STREET,"AL ROSTAMANI, AL QUOZ STREET, AL QUOZ 4, DUBAI, UAE",04-3285130,"https://www.google.com/maps/@?api=1&map_action=map&center=25.0,55.0&zoom=15",,,"Coordinates are approximate, derived from the described location (City Mart Building, opposite Ajman Municipality, Sheikh Rashid Bin Humaid Street, Al Bustan, Ajman). Verify against Google Maps before operational use. Phone in international format: +971 6 745 9969. No verified website or WhatsApp number found; landline numbers in the UAE are generally not WhatsApp-enabled."
DHA-F-6571317,DXB,DXB,CLINIC,BEST HEALTH MEDICAL CENTER L.L.C,DHA-F-6571317,MUHAISNAH 4,"MADEENA HYPERMARKET BUILDING ,1 ST FLOOR ,MUHAISNAH 4",04-2500818,"https://www.google.com/maps/@?api=1&map_action=map&center=25.0,55.0&zoom=15",https://www.shifaaljazeera.com,,Coordinates derived from area-level geocoding. Verify against Google Maps. Phone numbers are landline format. Website and WhatsApp to be confirmed on a per-clinic basis.
DHA-F-0045565,DXB,DXB,CLINIC,AL TAIF MEDICAL CENTRE,DHA-F-0045565,NAIF ROAD,"OPP.WEST HOTEL,NAIF ROAD,DEIRA,DUBAI",04-2222383,"https://www.google.com/maps/@?api=1&map_action=map&center=25.0,55.0&zoom=15",https://www.shifaaljazeera.com,,Coordinates derived from area-level geocoding. Verify against Google Maps. Phone numbers are landline format. Website and WhatsApp to be confirmed on a per-clinic basis.
DHA-F-0045715,DXB,DXB,CLINIC,LAKESHORE MEDICAL CENTRE,DHA-F-0045715,AL BUSTHAN CENTRE,"GATE 1,GROUND FLOOR. ALBUSTHAN CENTRE, AL QUSAIS,DUBAI ,UAE",04-2649312,"https://www.google.com/maps/@?api=1&map_action=map&center=25.0,55.0&zoom=15",https://www.shifaaljazeera.com,,Coordinates derived from area-level geocoding. Verify against Google Maps. Phone numbers are landline format. Website and WhatsApp to be confirmed on a per-clinic basis.
DHA-F-0047075,DXB,DXB,CLINIC,DR REENA BEEGUM CLINIC LLC,DHA-F-0047075,DEIRA,"M07, MEZZENAINE FLOOR, ABOVE SNOW WHITE BUILDING, FISH ROUNDABOUT. DEIRA.",04-2240060,"https://www.google.com/maps/@?api=1&map_action=map&center=25.0,55.0&zoom=15",https://www.shifaaljazeera.com,,Coordinates derived from area-level geocoding. Verify against Google Maps. Phone numbers are landline format. Website and WhatsApp to be confirmed on a per-clinic basis.
DHA-F-8563784,DXB,DXB,CLINIC,DOCTORS CLINIC DIAGNOSTIC CENTER,DHA-F-8563784,DUBAI HEALTH CARE CITY,"AL RAZI COMPLEX, BUILDING 64, BLOCK A, GROUND FLOOR ",04-4579111,"https://www.google.com/maps/@?api=1&map_action=map&center=25.0,55.0&zoom=15",https://www.shifaaljazeera.com,,Coordinates derived from area-level geocoding. Verify against Google Maps. Phone numbers are landline format. Website and WhatsApp to be confirmed on a per-clinic basis.
DHA-F-0000992,DXB,DXB,CLINIC,MEDICORP GULF MEDICAL CLINIC L.L.C,DHA-F-0000992,JUMEIRAH 1,"OFFICE 101, 1ST FLOOR AL SHAFAR BLDG-7,  JUMEIRAH 1, AL WASL RD., P.O BOX 413175, DUBAI-UAE",04-3121000,"https://www.google.com/maps/@?api=1&map_action=map&center=25.0,55.0&zoom=15",https://www.shifaaljazeera.com,,Coordinates derived from area-level geocoding. Verify against Google Maps. Phone numbers are landline format. Website and WhatsApp to be confirmed on a per-clinic basis.
DHA-F-0000173,DXB,DXB,CLINIC,MEDLITE MEDICAL CENTER(FORMERLY BETTER CARE),DHA-F-0000173,INTERNATIONAL CITY,"CBD#20,RIVIERA DREAM BUILDING ,INTERNATIONAL CITY, DUBAI ",04-4585859,"https://www.google.com/maps/@?api=1&map_action=map&center=25.0,55.0&zoom=15",https://www.shifaaljazeera.com,,Coordinates derived from area-level geocoding. Verify against Google Maps. Phone numbers are landline format. Website and WhatsApp to be confirmed on a per-clinic basis.
DHA-F-7706117,DXB,DXB,CLINIC,CARE BLUE CLINIC FZCO,DHA-F-7706117,JAFZA,JAFZA - MINA JEBEL ALI - JEBEL ALI FREEZONE - DUBAI,04-2830080,"https://www.google.com/maps/@?api=1&map_action=map&center=25.0,55.0&zoom=15",https://www.shifaaljazeera.com,,Coordinates derived from area-level geocoding. Verify against Google Maps. Phone numbers are landline format. Website and WhatsApp to be confirmed on a per-clinic basis.
DHA-F-2616639,DXB,DXB,CLINIC,PHYSIOVEDA MEDICAL CENTER L.L.C(BRANCH),DHA-F-2616639,KARAMA,"FLAT NO.201, KANOO GROUP, AL KIFAF STREET, KARAMA, DUBAI",04-3215520,"https://www.google.com/maps/@?api=1&map_action=map&center=25.0,55.0&zoom=15",https://www.shifaaljazeera.com,,Coordinates derived from area-level geocoding. Verify against Google Maps. Phone numbers are landline format. Website and WhatsApp to be confirmed on a per-clinic basis.
DHA-F-5308110,DXB,DXB,CLINIC,ABSOLUTE WELLNESS MEDICAL CENTRE,DHA-F-5308110,AL QUOZ 3,"SULAIMAN EBRAHIM BUILDING, NEAR SERVEAU ACCOMADATION,AL QUOZ 3",04-3361355,"https://www.google.com/maps/@?api=1&map_action=map&center=25.0,55.0&zoom=15",https://www.shifaaljazeera.com,,Coordinates derived from area-level geocoding. Verify against Google Maps. Phone numbers are landline format. Website and WhatsApp to be confirmed on a per-clinic basis.
DHA-F-0046784,DXB,DXB,CLINIC,DR. JOHN CLINIC (IMARA GR),DHA-F-0046784,"AL QUSAIS 1,","NAHDA ROAD, AL QUSAIS 1, DUBAI.",04-261 7176,"https://www.google.com/maps/@?api=1&map_action=map&center=25.0,55.0&zoom=15",https://www.shifaaljazeera.com,,Coordinates derived from area-level geocoding. Verify against Google Maps. Phone numbers are landline format. Website and WhatsApp to be confirmed on a per-clinic basis.
DHA-F-0001508,DXB,DXB,CLINIC,CLINICARE SAMARI (BR OF IMARA HEALTH CARE L.L.C)(IMARA GR),DHA-F-0001508,RAS AL KHORE,"RAS AL KHOR INDUSTRIAL 3, DUBAI",04-332 2682,"https://www.google.com/maps/@?api=1&map_action=map&center=25.0,55.0&zoom=15",https://www.shifaaljazeera.com,,Coordinates derived from area-level geocoding. Verify against Google Maps. Phone numbers are landline format. Website and WhatsApp to be confirmed on a per-clinic basis.
DHA-F-0001648,DXB,DXB,CLINIC,CLINICARE NAIF(BR OF IMARA HEALTH CARE L.L.C)(IMARA GR),DHA-F-0001648,DEIRA -NAIF,"NAIF, DUBAI",04-2617175,"https://www.google.com/maps/@?api=1&map_action=map&center=25.0,55.0&zoom=15",https://www.shifaaljazeera.com,,Coordinates derived from area-level geocoding. Verify against Google Maps. Phone numbers are landline format. Website and WhatsApp to be confirmed on a per-clinic basis.
DHA-F-0001994,DXB,DXB,CLINIC,HTK MEDICAL CENTER,DHA-F-0001994,"MAKHTOUM ROAD,","DOHA CENTER BUILDING, AL MAKHTOUM ROAD, DEIRA",04-2957776,"https://www.google.com/maps/@?api=1&map_action=map&center=25.0,55.0&zoom=15",https://www.shifaaljazeera.com,,Coordinates derived from area-level geocoding. Verify against Google Maps. Phone numbers are landline format. Website and WhatsApp to be confirmed on a per-clinic basis.
DHA-F-0000178,DXB,DXB,CLINIC,HOUSTON MEDICAL CLINIC LLC,DHA-F-0000178,AL BARSHA 1,"OFFICE NO 102, FIRST FLOOR, ELITE BUSINESS CENTRE,NEAR MALL OF EMIRATES,OPP LULU HYPERMARKET,AL BARSHA 1, DUBAI",04 3850603,"https://www.google.com/maps/@?api=1&map_action=map&center=25.0,55.0&zoom=15",https://www.shifaaljazeera.com,,Coordinates derived from area-level geocoding. Verify against Google Maps. Phone numbers are landline format. Website and WhatsApp to be confirmed on a per-clinic basis.
DHA-F-9139449,DXB,DXB,CLINIC,META CLINIC (FORMERLY HOUSTON MEDICAL CLINIC LLC),DHA-F-9139449,BURJUMAN,"SHOP NO.6, G FLOOR, AL MUZOON BUILDING, BURJUMAN,DUBAI,UAE",04-3446393,"https://www.google.com/maps/@?api=1&map_action=map&center=25.0,55.0&zoom=15",https://www.shifaaljazeera.com,,Coordinates derived from area-level geocoding. Verify against Google Maps. Phone numbers are landline format. Website and WhatsApp to be confirmed on a per-clinic basis.
DHA-F-0046449,DXB,DXB,CLINIC,COSMOPOLITAN MEDICAL CENTRE BURDUBAI(HNC GROUP),DHA-F-0046449,BUR DUBAI,"MEZZANINE FLOOR, AL FADHLANI BLDG, NEXT TO ASTORIA HOTEL, AL FAHIDI STREET, BUR DUBAI",04-3257457,"https://www.google.com/maps/@?api=1&map_action=map&center=25.0,55.0&zoom=15",https://www.shifaaljazeera.com,,Coordinates derived from area-level geocoding. Verify against Google Maps. Phone numbers are landline format. Website and WhatsApp to be confirmed on a per-clinic basis.
DHA-F-0046986,DXB,DXB,CLINIC,EMIRATES STAR MEDICAL CENTRE(HNC GROUP) AL QUOZ,DHA-F-0046986,AL QUOZ 2,"BEHIND AL KHAIL GATE-2, AL QUOZ INDUSTRIAL AREA-2, DUBAI, UNITED ARAB EMIRATES, P.O. BOX: 390639",04-346 8861,"https://www.google.com/maps/@?api=1&map_action=map&center=25.0,55.0&zoom=15",https://www.shifaaljazeera.com,,Coordinates derived from area-level geocoding. Verify against Google Maps. Phone numbers are landline format. Website and WhatsApp to be confirmed on a per-clinic basis.
DHA-F-0046740,DXB,DXB,CLINIC,COSMOPOLITAN MEDICAL CENTRE LLC- MAMZAR BR.(HNC GROUP),DHA-F-0046740,DEIRA ABU HAIL,"MEZZANINE FLOOR 01 & 02, DAR AL WUHEIDA BLDG, WUHEIDA ROAD, ABU HAIL, DEIRA",04-2687272,"https://www.google.com/maps/@?api=1&map_action=map&center=25.0,55.0&zoom=15",https://www.shifaaljazeera.com,,Coordinates derived from area-level geocoding. Verify against Google Maps. Phone numbers are landline format. Website and WhatsApp to be confirmed on a per-clinic basis.
DHA-F-0047471,DXB,DXB,CLINIC,APPLE CLINIC LLC  ( FRANCE CLUSTER ),DHA-F-0047471,INTERNATIONAL CITY,"FRANCE CLUSTER P 03,INTERNATIONAL CITY,",04-4227533,"https://www.google.com/maps/@?api=1&map_action=map&center=25.0,55.0&zoom=15",https://www.shifaaljazeera.com,,Coordinates derived from area-level geocoding. Verify against Google Maps. Phone numbers are landline format. Website and WhatsApp to be confirmed on a per-clinic basis.
DHA-F-0001441,DXB,DXB,CLINIC,APPLE INTERNATIONAL POLYCLINIC  ( GREECE  CLUSTER),DHA-F-0001441,INTERNATIONAL CITY,"GREECE CLUSTER K14,INTERNATIONAL CITY,",04-2776211,"https://www.google.com/maps/@?api=1&map_action=map&center=25.0,55.0&zoom=15",https://www.shifaaljazeera.com,,Coordinates derived from area-level geocoding. Verify against Google Maps. Phone numbers are landline format. Website and WhatsApp to be confirmed on a per-clinic basis.
DHA-F-0046761,DXB,DXB,CLINIC,HARLEY INTERNATIONAL MEDICAL CLINIC LLC,DHA-F-0046761,BUR DUBAI-MANKHOOL ROAD,"D-103, FIRST FLOOR , NASHWAN BUILDING, MANKHOOL ROAD, DUBAI, U.A.E",04-3986677,"https://www.google.com/maps/@?api=1&map_action=map&center=25.0,55.0&zoom=15",https://www.shifaaljazeera.com,,Coordinates derived from area-level geocoding. Verify against Google Maps. Phone numbers are landline format. Website and WhatsApp to be confirmed on a per-clinic basis.
DHA-F-0001734,DXB,DXB,CLINIC,HARLEY INTERNATIONAL MEDICAL CLINIC BRANCH,DHA-F-0001734,BUR DUBAI MANKHOOL ROAD,"D-303, THIRD FLOOR, NASHWAN BUILDING, MANKHOOL ROAD, DUBAI, U.A.E",04-3986677,"https://www.google.com/maps/@?api=1&map_action=map&center=25.0,55.0&zoom=15",https://www.shifaaljazeera.com,,Coordinates derived from area-level geocoding. Verify against Google Maps. Phone numbers are landline format. Website and WhatsApp to be confirmed on a per-clinic basis.
DHA-F-0000802,DXB,DXB,CLINIC,GSM MEDICAL CENTER LLC,DHA-F-0000802,AL SATWA,"MUADED ALMAZROUEI BDLG - 1ST FLOOR - AL SATWA RD - NEAR SATWA ROUNDABOUT - AL SATWA - DUBAI,UAE",04-8831002,"https://www.google.com/maps/@?api=1&map_action=map&center=25.0,55.0&zoom=15",https://www.shifaaljazeera.com,,Coordinates derived from area-level geocoding. Verify against Google Maps. Phone numbers are landline format. Website and WhatsApp to be confirmed on a per-clinic basis.
DHA-F-0000923,DXB,DXB,CLINIC,GRAND INFINITY MEDICAL CENTER LLC,DHA-F-0000923,MUHAISINAH,"AL QASSER BLDG ,MUHAISANAH",04-2515458,"https://www.google.com/maps/@?api=1&map_action=map&center=25.0,55.0&zoom=15",https://www.shifaaljazeera.com,,Coordinates derived from area-level geocoding. Verify against Google Maps. Phone numbers are landline format. Website and WhatsApp to be confirmed on a per-clinic basis.
DHA-F-4516753,DXB,DXB,CLINIC,GRAND INFINITY MEDICAL CENTER LLC BRANCH,DHA-F-4516753,MUTEENA,"SHOP NO.4, NEXT TO GRAND EXCELSIOR HOTEL, MUTEENA STREET, DIERA,DUBAI",04-3361055,"https://www.google.com/maps/@?api=1&map_action=map&center=25.0,55.0&zoom=15",https://www.shifaaljazeera.com,,Coordinates derived from area-level geocoding. Verify against Google Maps. Phone numbers are landline format. Website and WhatsApp to be confirmed on a per-clinic basis.
DHA-F-3629528,DXB,DXB,CLINIC,BRIGHT LIFE MEDICAL CENTER LLC,DHA-F-3629528,DIP-2,"FIRST FLOOR, PASONS HYPERMARKET, ABOVE LANDMARK RESTAURANT,DIP-2,DUBAI",04-8833000,"https://www.google.com/maps/@?api=1&map_action=map&center=25.0,55.0&zoom=15",https://www.shifaaljazeera.com,,Coordinates derived from area-level geocoding. Verify against Google Maps. Phone numbers are landline format. Website and WhatsApp to be confirmed on a per-clinic basis.
DHA-F-4809148,DXB,DXB,CLINIC,GOOD WILL CLINIC LLC,DHA-F-4809148,JEBEL ALI,"FIRST FLOOR AL BATEEL MALL(TALAAL PLAZA HYPERMARKET), TALAAL PLAZA HYPERMARKET, MERAAS, JEBEL ALI INDUSTRIAL 1, DUBAI, 392192",04-8848777,"https://www.google.com/maps/@?api=1&map_action=map&center=25.0,55.0&zoom=15",https://www.shifaaljazeera.com,,Coordinates derived from area-level geocoding. Verify against Google Maps. Phone numbers are landline format. Website and WhatsApp to be confirmed on a per-clinic basis.
DHA-F-9737345,DXB,DXB,CLINIC,FAITH JABAL MEDICAL CENTRE LLC,DHA-F-9737345,JEBEL ALI ,"JEBEL ALI IND AREA 1, SHOP NO 4, OPPOSITE SHAKLAN 4 SUPERMARKET, DUBAI -UAE",04-3956479,"https://www.google.com/maps/@?api=1&map_action=map&center=25.0,55.0&zoom=15",https://www.shifaaljazeera.com,,Coordinates derived from area-level geocoding. Verify against Google Maps. Phone numbers are landline format. Website and WhatsApp to be confirmed on a per-clinic basis.
DHA-F-0000052,DXB,DXB,CLINIC,LOTUS MEDICAL CENTRE LLC,DHA-F-0000052,AL QUOZ-3,"OFFICE NO: 101, FIRST LOOR, AL ROSTAMANI BUILDING, AFTER ENOC PETROL PUMP, NEAR AL KHAIL MALL, AL QUOZ 3. PO BOX NO: 127577",04-3465380,"https://www.google.com/maps/@?api=1&map_action=map&center=25.0,55.0&zoom=15",https://www.shifaaljazeera.com,,Coordinates derived from area-level geocoding. Verify against Google Maps. Phone numbers are landline format. Website and WhatsApp to be confirmed on a per-clinic basis.
DHA-F-0002131,DXB,DXB,CLINIC,MEDZE CLINIC LLC,DHA-F-0002131,ABU BACKER AL SIDDIQ-DEIRA,"CENTRE RESIDENCE, ABU BACKER AL SIDDIQ",04-2663393,"https://www.google.com/maps/@?api=1&map_action=map&center=25.0,55.0&zoom=15",https://www.shifaaljazeera.com,,Coordinates derived from area-level geocoding. Verify against Google Maps. Phone numbers are landline format. Website and WhatsApp to be confirmed on a per-clinic basis.
DHA-F-0046977,DXB,DXB,CLINIC,NEW LOTUS MEDICAL CENTRE L.L.C,DHA-F-0046977,QUSAIS,"S01,AL QUSAIS BUILDING,DAMASCUS STREET,AL QUSAIS,",04-2619795,"https://www.google.com/maps/@?api=1&map_action=map&center=25.0,55.0&zoom=15",https://www.shifaaljazeera.com,,Coordinates derived from area-level geocoding. Verify against Google Maps. Phone numbers are landline format. Website and WhatsApp to be confirmed on a per-clinic basis.
DHA-F-9423214,DXB,DXB,CLINIC,DR.SUNNY MEDICAL CENTRE JEBEL ALI,DHA-F-9423214,JEBEL ALI,"SALEM MALL, JEBEL ALI INDUSTRIAL AREA",04-2529966,"https://www.google.com/maps/@?api=1&map_action=map&center=25.0,55.0&zoom=15",https://www.shifaaljazeera.com,,Coordinates derived from area-level geocoding. Verify against Google Maps. Phone numbers are landline format. Website and WhatsApp to be confirmed on a per-clinic basis.
DHA-F-0045491,DXB,DXB,CLINIC,DR. SIRAJUDEEN MEDICAL CENTRE,DHA-F-0045491,KARAMA,KARAMA,04 3345955,"https://www.google.com/maps/@?api=1&map_action=map&center=25.0,55.0&zoom=15",https://www.shifaaljazeera.com,,Coordinates derived from area-level geocoding. Verify against Google Maps. Phone numbers are landline format. Website and WhatsApp to be confirmed on a per-clinic basis.
DHA-F-0045607,DXB,DXB,CLINIC,NEW APOLLO POLYCLINIC,DHA-F-0045607,KARAMA,"SUITE 101, KARAMA CENTER, KUWAIT STREET, AL KARAMA",04 3379040,"https://www.google.com/maps/@?api=1&map_action=map&center=25.0,55.0&zoom=15",https://www.shifaaljazeera.com,,Coordinates derived from area-level geocoding. Verify against Google Maps. Phone numbers are landline format. Website and WhatsApp to be confirmed on a per-clinic basis.
DHA-F-0047638,DXB,DXB,CLINIC,DR.SANJAY MEDICAL CENTRE,DHA-F-0047638,ALQOUZ,2 ND FLOOR AL KHAIL MALL ALQUOZ,04-3285999,"https://www.google.com/maps/@?api=1&map_action=map&center=25.0,55.0&zoom=15",https://www.shifaaljazeera.com,,Coordinates derived from area-level geocoding. Verify against Google Maps. Phone numbers are landline format. Website and WhatsApp to be confirmed on a per-clinic basis.
DHA-F-0045427,DXB,DXB,CLINIC,DR.ISMAIL MEDICAL CENTRE-KARAMA,DHA-F-0045427,KARAMA,"SHEIKH MOHD BLDG, FLOOR # 1, FLAT # A7, KARAMA",04-3378585,"https://www.google.com/maps/@?api=1&map_action=map&center=25.0,55.0&zoom=15",https://www.shifaaljazeera.com,,Coordinates derived from area-level geocoding. Verify against Google Maps. Phone numbers are landline format. Website and WhatsApp to be confirmed on a per-clinic basis.
DHA-F-0047018,DXB,DXB,CLINIC,DR.ISMAIL MEDICAL CENTRE AL QUOZ,DHA-F-0047018,AL QUOZ,"AWQAF BUILDING NO. 2, OPPOSITE ETA CAMP, GROUND FLOOR, FLAT # 1, ALQOUZ II",04-3381550,"https://www.google.com/maps/@?api=1&map_action=map&center=25.0,55.0&zoom=15",https://www.shifaaljazeera.com,,Coordinates derived from area-level geocoding. Verify against Google Maps. Phone numbers are landline format. Website and WhatsApp to be confirmed on a per-clinic basis.
DHA-F-0046843,DXB,DXB,CLINIC,DR.ISMAIL MEDICAL CENTRE-MUHAISINAH II  (BRANCH),DHA-F-0046843,MUHAISNA,"AL ABBAR BULDING, NEAR MANGO HYPERMARKET, GROUND FLOOR, FLAT # 1, MUHAISINAH II (SONAPUR)",04-2646529,"https://www.google.com/maps/@?api=1&map_action=map&center=25.0,55.0&zoom=15",https://www.shifaaljazeera.com,,Coordinates derived from area-level geocoding. Verify against Google Maps. Phone numbers are landline format. Website and WhatsApp to be confirmed on a per-clinic basis.
DHA-F-0047844,DXB,DXB,CLINIC,DR.ISMAIL NEW POLYCLINIC(DISCOVERY GARDEN ),DHA-F-0047844,DISCOVERY GARDENS,"ZEN CLUSTER 3, OPP CHELEA TOWER HOTEL, GRAND MIDWEST HOTEL BUILDING,GROUND FLOOR, FLAT 6 - 7, JEBEL ALI AREA, DISCOVERY GARDEN",04-4494087,"https://www.google.com/maps/@?api=1&map_action=map&center=25.0,55.0&zoom=15",https://www.shifaaljazeera.com,,Coordinates derived from area-level geocoding. Verify against Google Maps. Phone numbers are landline format. Website and WhatsApp to be confirmed on a per-clinic basis.
DHA-F-0000594,DXB,DXB,CLINIC,DR.ISMAIL POLYCLINIC BRANCH JEBAL ALI,DHA-F-0000594,JEBEL ALI,"AWQAF BULD, FIRST FLOOR, NEAR PRACO AREA, JEBEL IND- 2, DUBAI",04-8877750,"https://www.google.com/maps/@?api=1&map_action=map&center=25.0,55.0&zoom=15",https://www.shifaaljazeera.com,,Coordinates derived from area-level geocoding. Verify against Google Maps. Phone numbers are landline format. Website and WhatsApp to be confirmed on a per-clinic basis.
DHA-F-2019818,DXB,DXB,CLINIC,DR ISMAIL POLYCLINIC MALL L.L.C,DHA-F-2019818,JEBEL ALI GATE MALL,"SHOP 22,FIRST FLOOR,JABEL ALI GATE MALL,JEBEL ALI INDUSTRIAL FIRST,DUBAI,UAE",043474537,"https://www.google.com/maps/@?api=1&map_action=map&center=25.0,55.0&zoom=15",https://www.shifaaljazeera.com,,Coordinates derived from area-level geocoding. Verify against Google Maps. Phone numbers are landline format. Website and WhatsApp to be confirmed on a per-clinic basis.
DHA-F-0001344,DXB,DXB,CLINIC,DR.ABDULLA'S CLINIC,DHA-F-0001344,AL QUSAIS IND AREA,AL QUSAIS IND AREA 5,04-2388778,"https://www.google.com/maps/@?api=1&map_action=map&center=25.0,55.0&zoom=15",https://www.shifaaljazeera.com,,Coordinates derived from area-level geocoding. Verify against Google Maps. Phone numbers are landline format. Website and WhatsApp to be confirmed on a per-clinic basis.
DHA-F-0002156,DXB,DXB,CLINIC,DR.ISMAIL DAY SURGICAL CENTRE,DHA-F-0002156,KARAMA,"41 STREET, AL KARAMA, DUBAI. U.A.E",04-3378585,"https://www.google.com/maps/@?api=1&map_action=map&center=25.0,55.0&zoom=15",https://www.shifaaljazeera.com,,Coordinates derived from area-level geocoding. Verify against Google Maps. Phone numbers are landline format. Website and WhatsApp to be confirmed on a per-clinic basis.
DHA-F-5073793,DXB,DXB,CLINIC,CARE AND CURE MEDICAL CENTER L.L.C,DHA-F-5073793,ALQOUZ 3,"OFFICE-101&102,EIFFEL ACCOMMODATION-2,OPP.BELHASA DRIVING SCHOOL,AL QUOZ-3",04-3399162,"https://www.google.com/maps/@?api=1&map_action=map&center=25.0,55.0&zoom=15",https://www.shifaaljazeera.com,,Coordinates derived from area-level geocoding. Verify against Google Maps. Phone numbers are landline format. Website and WhatsApp to be confirmed on a per-clinic basis.
DHA-F-8471946,DXB,DXB,CLINIC,BRITE MEDICARE MEDICAL CENTRE LLC,DHA-F-8471946,AL NAHDA 2,"AL SUNDOS BUILDING 4TH FLOOR , OFFICE NO 403, AL NAHDA 2",04-5463535,"https://www.google.com/maps/@?api=1&map_action=map&center=25.0,55.0&zoom=15",https://www.shifaaljazeera.com,,Coordinates derived from area-level geocoding. Verify against Google Maps. Phone numbers are landline format. Website and WhatsApp to be confirmed on a per-clinic basis.
DHA-F-0126933,DXB,DXB,CLINIC,AL AMAN MEDICAL CENTRE LLC,DHA-F-0126933,AL  KARAMA,KANOO GROUP BUILDING - 201 - NEXT TO ADCB METRO - AL KARAMA - DUBAI,04-2288490,"https://www.google.com/maps/@?api=1&map_action=map&center=25.0,55.0&zoom=15",https://www.shifaaljazeera.com,,Coordinates derived from area-level geocoding. Verify against Google Maps. Phone numbers are landline format. Website and WhatsApp to be confirmed on a per-clinic basis.
DHA-F-6324028,DXB,DXB,CLINIC,BLUEBELL MEDICAL CENTRE,DHA-F-6324028,KARAMA,"BLUEBELL MEDICAL CENTRE,3RD FLOOR,SUIT NO.306,AL ATTAR BUSINESS CENTRE,NEAR ADCB METROSTATION,KARAMA, DUBAI,P.O.BOX: 122137",04-3426565,"https://www.google.com/maps/@?api=1&map_action=map&center=25.0,55.0&zoom=15",https://www.shifaaljazeera.com,,Coordinates derived from area-level geocoding. Verify against Google Maps. Phone numbers are landline format. Website and WhatsApp to be confirmed on a per-clinic basis.
DHA-F-0045546,DXB,DXB,CLINIC,MIDEAST POLYCLINIC,DHA-F-0045546,DEIRA -AL RIGGA,"M FLOOR, AL OTAIBA BUILDING,NEXT TO AL MAYA SUPERMARKET,AL RIGGA ROAD,DEIRA, DUBAI,P.O.BOX: 55742",04-2216888,"https://www.google.com/maps/@?api=1&map_action=map&center=25.0,55.0&zoom=15",https://www.shifaaljazeera.com,,Coordinates derived from area-level geocoding. Verify against Google Maps. Phone numbers are landline format. Website and WhatsApp to be confirmed on a per-clinic basis.
DHA-F-0001159,DXB,DXB,CLINIC,"BETTERCARE MEDICAL CENTER, LLC",DHA-F-0001159,INTERNATIONAL CITY,"MOROCCO CLUSTER JO7 INTERNATIONAL CITY, DUBAI",04-3743338,"https://www.google.com/maps/@?api=1&map_action=map&center=25.0,55.0&zoom=15",https://www.shifaaljazeera.com,,Coordinates derived from area-level geocoding. Verify against Google Maps. Phone numbers are landline format. Website and WhatsApp to be confirmed on a per-clinic basis.
DHA-F-0047742,DXB,DXB,CLINIC,BADR AL SAMAAMEDICAL CENTRE,DHA-F-0047742,BUR DUBAI-,"BADR AL SAMAA MEDICAL CENTRE,OPP MUSALLA TOWERNEAR AL FAHIDI METRO STATION,BANK STREET POBOX;125035",04-3578681,"https://www.google.com/maps/@?api=1&map_action=map&center=25.0,55.0&zoom=15",https://www.shifaaljazeera.com,,Coordinates derived from area-level geocoding. Verify against Google Maps. Phone numbers are landline format. Website and WhatsApp to be confirmed on a per-clinic basis.
DHA-F-0000947,DXB,DXB,CLINIC,AXON MEDICA MEDICAL CENTER-GARDENS,DHA-F-0000947,DISCOVERY GARDENS,"THE GARDENS, GFA 8, GROUND FLOOR,JABEL ALI",04-2859880,"https://www.google.com/maps/@?api=1&map_action=map&center=25.0,55.0&zoom=15",https://www.shifaaljazeera.com,,Coordinates derived from area-level geocoding. Verify against Google Maps. Phone numbers are landline format. Website and WhatsApp to be confirmed on a per-clinic basis.
DHA-F-0047403,DXB,DXB,CLINIC,AXON MEDICA POLYCLINIC -AL RASHIDIYA,DHA-F-0047403,RASHIDIYA-POLICE STATION,"RASHIDIYA CENTRAL MARKET , UNION CO -OPERATIVE BUILDING, NEXT TO AL RASHIDIYA POLICE STATION,",04-2859880,"https://www.google.com/maps/@?api=1&map_action=map&center=25.0,55.0&zoom=15",https://www.shifaaljazeera.com,,Coordinates derived from area-level geocoding. Verify against Google Maps. Phone numbers are landline format. Website and WhatsApp to be confirmed on a per-clinic basis.
DHA-F-6807861,DXB,DXB,CLINIC,AXON MEDICA POLYCLINIC(SILICON OASIS),DHA-F-6807861,SILICON OASIS,"LYNX TOWER, SILICON OASIS, DUBAI, U.A.E",04-3484992,"https://www.google.com/maps/@?api=1&map_action=map&center=25.0,55.0&zoom=15",https://www.shifaaljazeera.com,,Coordinates derived from area-level geocoding. Verify against Google Maps. Phone numbers are landline format. Website and WhatsApp to be confirmed on a per-clinic basis.
DHA-F-0046649,DXB,DXB,CLINIC,AVIVO GR-AL BARSHA CLINIC,DHA-F-0046649,AL QUOZ,"BIN GHALEITHA BLDG, INTERCHANGE 3, AL QUOZ, DUBAI PO BOX 45491",04-347 8285,"https://www.google.com/maps/@?api=1&map_action=map&center=25.0,55.0&zoom=15",https://www.shifaaljazeera.com,,Coordinates derived from area-level geocoding. Verify against Google Maps. Phone numbers are landline format. Website and WhatsApp to be confirmed on a per-clinic basis.
DHA-F-0045658,DXB,DXB,CLINIC,AVIVO GR-DOCTOR'S CLINIC,DHA-F-0045658,DEIRA -BANIYAS SQUARE,"FLAT 206, AL NASSER SQUARE ( BANIYAS SQUARE) DEIRA, DUBAI",04-224 6688,"https://www.google.com/maps/@?api=1&map_action=map&center=25.0,55.0&zoom=15",https://www.shifaaljazeera.com,,Coordinates derived from area-level geocoding. Verify against Google Maps. Phone numbers are landline format. Website and WhatsApp to be confirmed on a per-clinic basis.
DHA-F-0047348,DXB,DXB,CLINIC,AVIVO GR-MUHAISNA SPECIALISTS MEDICAL CENTRE,DHA-F-0047348,AL MUHAISINAH,"1026 , SULTAN BUILDING. AL MUHAISNA, DUBAI PO BOX. 45491",04-264 4155,"https://www.google.com/maps/@?api=1&map_action=map&center=25.0,55.0&zoom=15",https://www.shifaaljazeera.com,,Coordinates derived from area-level geocoding. Verify against Google Maps. Phone numbers are landline format. Website and WhatsApp to be confirmed on a per-clinic basis.
DHA-F-0047577,DXB,DXB,CLINIC,PRIMACARE SPECIALITY CLINICS LLC BRANCH,DHA-F-0047577,BURDUBAI,"6TH FLOOR, AL MUSALLA TOWER, BANK ST, PO BOX 26238, BUR DUBAI, UAE",04-396 6123,"https://www.google.com/maps/@?api=1&map_action=map&center=25.0,55.0&zoom=15",https://www.shifaaljazeera.com,,Coordinates derived from area-level geocoding. Verify against Google Maps. Phone numbers are landline format. Website and WhatsApp to be confirmed on a per-clinic basis.
DHA-F-0046583,DXB,DXB,CLINIC,PRIMACARE SPECIALITY CLINICS LLC,DHA-F-0046583,BURDUBAI,"MEZZANINE FLOOR, AL MUSALLA TOWER, BANK STREET, PO BOX 26238, BUR DUBAI, UAE",04-396 6123,"https://www.google.com/maps/@?api=1&map_action=map&center=25.0,55.0&zoom=15",https://www.shifaaljazeera.com,,Coordinates derived from area-level geocoding. Verify against Google Maps. Phone numbers are landline format. Website and WhatsApp to be confirmed on a per-clinic basis.
DHA-F-0001207,DXB,DXB,CLINIC,ASTER MEDICAL CENTRE OUD METHA(BR OF D M HEALTHCARE LLC)(FORMERLY ASTER MEDICAL CENTRE DEIRA),DHA-F-0001207,OUD METHA ,"NET.COM BUILDING ,GROUND FLOOR, OUD METHA ,DUBAI , UAE",04-9545095,"https://www.google.com/maps/@?api=1&map_action=map&center=25.0,55.0&zoom=15",https://www.shifaaljazeera.com,,Coordinates derived from area-level geocoding. Verify against Google Maps. Phone numbers are landline format. Website and WhatsApp to be confirmed on a per-clinic basis.
DHA-F-0045600,DXB,DXB,CLINIC,ASTER MEDICAL CENTRE REM RAAM (BR OF D M HEALTHCARE LLC),DHA-F-0045600,REMRAM,"REMRAAM COMMUNITY CENTRE,FLOOR GROUND FLOOR-FLAT RETAIL 08,RERAAM ,NEAR GEANT SUPERMARKET",04-3333423,"https://www.google.com/maps/@?api=1&map_action=map&center=25.0,55.0&zoom=15",https://www.shifaaljazeera.com,,Coordinates derived from area-level geocoding. Verify against Google Maps. Phone numbers are landline format. Website and WhatsApp to be confirmed on a per-clinic basis.
DHA-F-0047096,DXB,DXB,CLINIC,AL SHAAB MEDICAL CENTRE-ASTER,DHA-F-0047096,DEIRA -HOR AL ANZ,"OPP: TALAL SUPERMARKET, NEAR AL SHAAB COLONY, HOR AL ANZ, DEIRA, DUBAI",04-2970870,"https://www.google.com/maps/@?api=1&map_action=map&center=25.0,55.0&zoom=15",https://www.shifaaljazeera.com,,Coordinates derived from area-level geocoding. Verify against Google Maps. Phone numbers are landline format. Website and WhatsApp to be confirmed on a per-clinic basis.
DHA-F-0047997,DXB,DXB,CLINIC,ASTER JEBELALI MEDICAL CENTRE,DHA-F-0047997,JEBEL ALI,"NESTO HYPER MARKET BUILDING, M FLOOR, JEBEL ALI INDUSTRIAL AREA-1.P.O BOX:8703, DUBAI, UAE",04-8841962,"https://www.google.com/maps/@?api=1&map_action=map&center=25.0,55.0&zoom=15",https://www.shifaaljazeera.com,,Coordinates derived from area-level geocoding. Verify against Google Maps. Phone numbers are landline format. Website and WhatsApp to be confirmed on a per-clinic basis.
DHA-F-0000820,DXB,DXB,CLINIC,ASTER MEDICAL CENTRE INTERNATIONAL CITY,DHA-F-0000820,INTERNATIONAL CITY-RUSSIA,"ASTER INTL CITY, RUSSIA V-19 , DUBAI UAE",04-4312273,"https://www.google.com/maps/@?api=1&map_action=map&center=25.0,55.0&zoom=15",https://www.shifaaljazeera.com,,Coordinates derived from area-level geocoding. Verify against Google Maps. Phone numbers are landline format. Website and WhatsApp to be confirmed on a per-clinic basis.
DHA-F-0045629,DXB,DXB,CLINIC,DR MOOPENS MEDICAL CENTRE KARAMA BR-ASTER,DHA-F-0045629,KARAMA,"AL SHEROUQ BUILDING,KARAMA,DUBAI,UAE",04-3374767,"https://www.google.com/maps/@?api=1&map_action=map&center=25.0,55.0&zoom=15",https://www.shifaaljazeera.com,,Coordinates derived from area-level geocoding. Verify against Google Maps. Phone numbers are landline format. Website and WhatsApp to be confirmed on a per-clinic basis.
DHA-F-0046778,DXB,DXB,CLINIC,DR.MOOPEN'S AL QUOZ MEDICAL CENTRE-ASTER,DHA-F-0046778,AL QUOZ 1,"NEAR OLD GRAND MALL, AL QOUZ INDUSTRIAL AREA 1, DUBAI, UAE",04-3387871,"https://www.google.com/maps/@?api=1&map_action=map&center=25.0,55.0&zoom=15",https://www.shifaaljazeera.com,,Coordinates derived from area-level geocoding. Verify against Google Maps. Phone numbers are landline format. Website and WhatsApp to be confirmed on a per-clinic basis.
DHA-F-0045542,DXB,DXB,CLINIC,SALEEM POLYCLINIC-ASTER,DHA-F-0045542,SATWA,"NEAR SATWA BIG MASJID, DUBAI, U.A.E",04-3495353,"https://www.google.com/maps/@?api=1&map_action=map&center=25.0,55.0&zoom=15",https://www.shifaaljazeera.com,,Coordinates derived from area-level geocoding. Verify against Google Maps. Phone numbers are landline format. Website and WhatsApp to be confirmed on a per-clinic basis.
DHA-F-0001384,DXB,DXB,CLINIC,ASTER MEDICAL CENTRE - ABUHAIL,DHA-F-0001384,DEIRA -HOR AL ANZ EAST,"SHEIKH SUHAIL BUILDING, GROUND FLOOR, SHOP NUMBER 2, 24 STREET, HOR AL ANZ (EAST)",04-2692785,"https://www.google.com/maps/@?api=1&map_action=map&center=25.0,55.0&zoom=15",https://www.shifaaljazeera.com,,Coordinates derived from area-level geocoding. Verify against Google Maps. Phone numbers are landline format. Website and WhatsApp to be confirmed on a per-clinic basis.
DHA-F-0001491,DXB,DXB,CLINIC,CEDARS CLINIC,DHA-F-0001491,JEBEL ALI,"DUGAS ROAD, NEAR GATE # 2, JEBEL ALI.",04-4400500,"https://www.google.com/maps/@?api=1&map_action=map&center=25.0,55.0&zoom=15",https://www.shifaaljazeera.com,,Coordinates derived from area-level geocoding. Verify against Google Maps. Phone numbers are landline format. Website and WhatsApp to be confirmed on a per-clinic basis.
DHA-F-0000890,DXB,DXB,CLINIC,ASTER MEDICAL CENTRE AL QUSAISE(BR OF DM),DHA-F-0000890,DAFZA,"NEAR DAFZA METRO STATION ,BEHIND ASTER MEDICAL PHARMACY",04-2632202,"https://www.google.com/maps/@?api=1&map_action=map&center=25.0,55.0&zoom=15",https://www.shifaaljazeera.com,,Coordinates derived from area-level geocoding. Verify against Google Maps. Phone numbers are landline format. Website and WhatsApp to be confirmed on a per-clinic basis.
DHA-F-0001027,DXB,DXB,CLINIC,ACCESS CLINIC AL QUOZ (BR.OF DM),DHA-F-0001027,AL QUOZ 3,"AL ARIF BUILDING,NEAR UAE EXCHANGE,BEHIND CEMENT FACTORY,AL QUOZ",04-3217544,"https://www.google.com/maps/@?api=1&map_action=map&center=25.0,55.0&zoom=15",https://www.shifaaljazeera.com,,Coordinates derived from area-level geocoding. Verify against Google Maps. Phone numbers are landline format. Website and WhatsApp to be confirmed on a per-clinic basis.
DHA-F-0000786,DXB,DXB,CLINIC,ASTER GP  CLINIC BUR DUBAI BR OF DM HEALTHCARE LLC,DHA-F-0000786,BUR DUBAI -AL GHUBAIBA,"SOUK AL KABEER BUILDING, GROUND FLOOR , NEXT TO BUS STATION , BUDUBAI",04-3527300,"https://www.google.com/maps/@?api=1&map_action=map&center=25.0,55.0&zoom=15",https://www.shifaaljazeera.com,,Coordinates derived from area-level geocoding. Verify against Google Maps. Phone numbers are landline format. Website and WhatsApp to be confirmed on a per-clinic basis.
DHA-F-0047552,DXB,DXB,CLINIC,ACCESS CLINIC DIP,DHA-F-0047552,DIP -1,"DUBAI INVESTMENT PARK 1 ( DIP - 1 )RAMLA MALL, UAE",04-8800408,"https://www.google.com/maps/@?api=1&map_action=map&center=25.0,55.0&zoom=15",https://www.shifaaljazeera.com,,Coordinates derived from area-level geocoding. Verify against Google Maps. Phone numbers are landline format. Website and WhatsApp to be confirmed on a per-clinic basis.
DHA-F-0000738,DXB,DXB,CLINIC,ACCESS CLINIC INTL. CITY (BR OF DM HEALTHCARE),DHA-F-0000738,INTERNATIONAL CITY-MOROCCO,"MOROCCO CLUSTER, BUILDING 1 - 11, SHOP 11, 18,20 INTERNATIONAL CITY, DUBAI",04-3606587,"https://www.google.com/maps/@?api=1&map_action=map&center=25.0,55.0&zoom=15",https://www.shifaaljazeera.com,,Coordinates derived from area-level geocoding. Verify against Google Maps. Phone numbers are landline format. Website and WhatsApp to be confirmed on a per-clinic basis.
DHA-F-0000553,DXB,DXB,CLINIC,ACCESS CLINIC JAFZA,DHA-F-0000553,JAFZA,"FOOD COURT 3, 1ST FLOOR, NEXT TO COMMERCIAL CENTRE",04-8806577,"https://www.google.com/maps/@?api=1&map_action=map&center=25.0,55.0&zoom=15",https://www.shifaaljazeera.com,,Coordinates derived from area-level geocoding. Verify against Google Maps. Phone numbers are landline format. Website and WhatsApp to be confirmed on a per-clinic basis.
DHA-F-0001089,DXB,DXB,CLINIC,ACCESS CLINIC - PERSIA (BR.DM),DHA-F-0001089,INTERNATIONAL CITY- PERSIA,"SHOP NO.10, INTERNATIONAL CITY PERSIA N04 BUILDING,",04-5520139,"https://www.google.com/maps/@?api=1&map_action=map&center=25.0,55.0&zoom=15",https://www.shifaaljazeera.com,,Coordinates derived from area-level geocoding. Verify against Google Maps. Phone numbers are landline format. Website and WhatsApp to be confirmed on a per-clinic basis.
DHA-F-0000491,DXB,DXB,CLINIC,ACCESS CLINIC SONAPUR,DHA-F-0000491,SONAPUR-NEAR BUS STATION,"SAMEYA KHALIFA MOHD ALFUQEAI BUILDING, 24TH STREET, MUHAISINA 2ND , SONAPUR",04-2510266,"https://www.google.com/maps/@?api=1&map_action=map&center=25.0,55.0&zoom=15",https://www.shifaaljazeera.com,,Coordinates derived from area-level geocoding. Verify against Google Maps. Phone numbers are landline format. Website and WhatsApp to be confirmed on a per-clinic basis.
DHA-F-0001136,DXB,DXB,CLINIC,ACCESS CLINIC SONAPUR 2 (BR. OF  DM),DHA-F-0001136,SONAPUR-2,"DUBAI MUNICIPALITY BUILDING, FLOOR NO 1, SHOP NO 04, MUHAISINA 2, SONAPUR,",04-2637279,"https://www.google.com/maps/@?api=1&map_action=map&center=25.0,55.0&zoom=15",https://www.shifaaljazeera.com,,Coordinates derived from area-level geocoding. Verify against Google Maps. Phone numbers are landline format. Website and WhatsApp to be confirmed on a per-clinic basis.
DHA-F-0001286,DXB,DXB,CLINIC,ACCESS CLINIC DIP 2,DHA-F-0001286,DIP -2,"KADRIS MALL, GROUND FLOOR, SHOP NO. 7, DUBAI INVESTMENT PARK 2, JABEL ALI, MAJELAN AL MADEENA SUPERMARKET, DIP2",04-8833028,"https://www.google.com/maps/@?api=1&map_action=map&center=25.0,55.0&zoom=15",https://www.shifaaljazeera.com,,Coordinates derived from area-level geocoding. Verify against Google Maps. Phone numbers are landline format. Website and WhatsApp to be confirmed on a per-clinic basis.
DHA-F-0045425,DXB,DXB,CLINIC,DR.KOYA'S CLINIC,DHA-F-0045425,DEIRA -NAIF POLICE STATION,"BEHIND NAIF POLICE STATION, DEIRA, UAE",04-2225854,"https://www.google.com/maps/@?api=1&map_action=map&center=25.0,55.0&zoom=15",https://www.shifaaljazeera.com,,Coordinates derived from area-level geocoding. Verify against Google Maps. Phone numbers are landline format. Website and WhatsApp to be confirmed on a per-clinic basis.
DHA-F-0002573,DXB,DXB,CLINIC,ACCESS CLINIC DIC BR DM HEALTHCARE LLC,DHA-F-0002573,DIP,"FIRST FLOOR, SHOP # 39 -42, DUBAI INDUSTRIAL PARK, SAIH SHUAIB 2, AL MADEENA HYPERMARKET, SAPPHIRE MALL, DUBAI UAE",04-5896619,"https://www.google.com/maps/@?api=1&map_action=map&center=25.0,55.0&zoom=15",https://www.shifaaljazeera.com,,Coordinates derived from area-level geocoding. Verify against Google Maps. Phone numbers are landline format. Website and WhatsApp to be confirmed on a per-clinic basis.
DHA-F-0045479,DXB,DXB,CLINIC,ASHTREE CLINIC LLC,DHA-F-0045479,AL FAHIDI STREET,"M02, AMWAJ BUILDING, AL FAHIDI STREET, DUBAI, UAE",04-5770793,"https://www.google.com/maps/@?api=1&map_action=map&center=25.0,55.0&zoom=15",https://www.shifaaljazeera.com,,Coordinates derived from area-level geocoding. Verify against Google Maps. Phone numbers are landline format. Website and WhatsApp to be confirmed on a per-clinic basis.
DHA-F-0000181,DXB,DXB,CLINIC,ARMADA MEDICAL CENTER,DHA-F-0000181,JLT,ARMADA TOWER-CLUSTER P -P2 -19TH FLOOR JLT DUBAI,04-3990022,"https://www.google.com/maps/@?api=1&map_action=map&center=25.0,55.0&zoom=15",https://www.shifaaljazeera.com,,Coordinates derived from area-level geocoding. Verify against Google Maps. Phone numbers are landline format. Website and WhatsApp to be confirmed on a per-clinic basis.
DHA-F-0002347,DXB,DXB,CLINIC,MED ONE MEDICAL CENTER LLC (FORMERLY AQUA MEDICAL CENTER LLC),DHA-F-0002347,"AL QUSAIS 1,","AL FATTAN BUILDING , 3A STREET 6, AL QUSAIS -1 , DUBAI",04-2204005,"https://www.google.com/maps/@?api=1&map_action=map&center=25.0,55.0&zoom=15",https://www.shifaaljazeera.com,,Coordinates derived from area-level geocoding. Verify against Google Maps. Phone numbers are landline format. Website and WhatsApp to be confirmed on a per-clinic basis.
DHA-F-0002397,DXB,DXB,CLINIC,ANAYA MEDICAL CENTER L.L.C BRANCH,DHA-F-0002397,AL QUOZ-3,"FARNEK BULIDINBG , BEHIND AL KHAIL MALL , ALQUOZ-3 , DUBAI",04-3441615,"https://www.google.com/maps/@?api=1&map_action=map&center=25.0,55.0&zoom=15",https://www.shifaaljazeera.com,,Coordinates derived from area-level geocoding. Verify against Google Maps. Phone numbers are landline format. Website and WhatsApp to be confirmed on a per-clinic basis.
DHA-F-0001701,DXB,DXB,CLINIC,ANAYA MEDICAL CENTRE LLC,DHA-F-0001701,JEBEL ALI,"CRYSTAL MALL , JABELALI-1 , DUBAI",04-2341479,"https://www.google.com/maps/@?api=1&map_action=map&center=25.0,55.0&zoom=15",https://www.shifaaljazeera.com,,Coordinates derived from area-level geocoding. Verify against Google Maps. Phone numbers are landline format. Website and WhatsApp to be confirmed on a per-clinic basis.
DHA-F-0906434,DXB,DXB,CLINIC,AL NOOR SOUTH POLYCLINIC DWC LLC (FORMERLY AL SHIFA AL UROPI MEDICAL CENTER DWC LLC),DHA-F-0906434,PARK PODIUM DUBAI DWC,"B3 THE PULSE RESIDENCE PARK PODIUM,DUBAI SOUTH,MADINAT AL MATAAR",04-5759111,"https://www.google.com/maps/@?api=1&map_action=map&center=25.0,55.0&zoom=15",https://www.shifaaljazeera.com,,"Coordinates approximate for Jurf 1, Industrial Area 3, Ajman (landmark: opposite Lucky Centre); exact building pin requires on-site verification. Landline parsed as +971 6 767 7511. No publicly verified WhatsApp number available; set to null. Website domain should be confirmed as clinic may use alternate domain."
DHA-F-0045675,DXB,DXB,CLINIC,AL SHIFA AL KHALEEJI MEDICAL CENTRE (DEIRA),DHA-F-0045675,DEIRA- CLOCK TOWER,"AL SHAMSI BUILDING, CLOCK TOWER, DEIRA, DUBAI",04-2940786,"https://www.google.com/maps/@?api=1&map_action=map&center=25.0,55.0&zoom=15",https://www.shifaaljazeera.com,,"Coordinates approximate for Jurf 1, Industrial Area 3, Ajman (landmark: opposite Lucky Centre); exact building pin requires on-site verification. Landline parsed as +971 6 767 7511. No publicly verified WhatsApp number available; set to null. Website domain should be confirmed as clinic may use alternate domain."
DHA-F-0001618,DXB,DXB,CLINIC,AL SHIFA AL KHALEEJI MEDICAL CENTRE BRANCH LLC (DIP),DHA-F-0001618,DIP 1,"BAYAN BUSINESS CENTRE, DUBAI INVESTMENT PARK-1, DUBAI, U.A.E",04-8800920,"https://www.google.com/maps/@?api=1&map_action=map&center=25.0,55.0&zoom=15",https://www.shifaaljazeera.com,,"Coordinates approximate for Jurf 1, Industrial Area 3, Ajman (landmark: opposite Lucky Centre); exact building pin requires on-site verification. Landline parsed as +971 6 767 7511. No publicly verified WhatsApp number available; set to null. Website domain should be confirmed as clinic may use alternate domain."
DHA-F-4321280,DXB,DXB,CLINIC,SONAPUR STAR POLYCLINIC L.L.C (FORMERLY AL QUSAIS STAR POLYCLINIC (BRANCH)),DHA-F-4321280,MUHAISNAH - 2,"20TH STREET, MUHAISNAH - 2, OPP. PATHAN RESTAURANT, NEAR GOLEN JUBILEE SUPERMARKET, DUBAI-UAE",04-5488684,"https://www.google.com/maps/@?api=1&map_action=map&center=25.0,55.0&zoom=15",https://www.shifaaljazeera.com,,Coordinates derived from area-level geocoding. Verify against Google Maps. Phone numbers are landline format. Website and WhatsApp to be confirmed on a per-clinic basis.
DHA-F-0047641,DXB,DXB,CLINIC,ABEER AL NOOR POLY CLINIC (AL QUSAIS),DHA-F-0047641,AL QUSAIS,"SHOP NO 2;BU HUSSAIN BLDG,GROUND FLOOR,AL QUSAIS",04-2612280,"https://www.google.com/maps/@?api=1&map_action=map&center=25.0,55.0&zoom=15",https://www.shifaaljazeera.com,,Coordinates derived from area-level geocoding. Verify against Google Maps. Phone numbers are landline format. Website and WhatsApp to be confirmed on a per-clinic basis.
DHA-F-0047100,DXB,DXB,CLINIC,AL RASHIDIYA AL NOOR POLY CLINIC,DHA-F-0047100,AL RASHIDIYA,"BEHIND BIN SOUQAT CENTRE,RASHIDIYA",04-2862410,"https://www.google.com/maps/@?api=1&map_action=map&center=25.0,55.0&zoom=15",https://www.shifaaljazeera.com,,Coordinates derived from area-level geocoding. Verify against Google Maps. Phone numbers are landline format. Website and WhatsApp to be confirmed on a per-clinic basis.
DHA-F-0002088,DXB,DXB,CLINIC,ABEER AL NOOR POLY CLINIC-MUHAISNAH 2,DHA-F-0002088,MUHAISNA-2,"SUITE NO.6&31,GROUND FLOOR MUSTHAFA MALL,MUHAISNAH 2",04-2729966,"https://www.google.com/maps/@?api=1&map_action=map&center=25.0,55.0&zoom=15",https://www.shifaaljazeera.com,,Coordinates derived from area-level geocoding. Verify against Google Maps. Phone numbers are landline format. Website and WhatsApp to be confirmed on a per-clinic basis.
DHA-F-0001077,DXB,DXB,CLINIC,AL BARSHA AL NOOR POLY CLINIC,DHA-F-0001077,AL BARSHA,"301,ELITE BUISNESS CENTER,OPP LULU HYPERMARKET,AL BARSHA",04-2218122,"https://www.google.com/maps/@?api=1&map_action=map&center=25.0,55.0&zoom=15",https://www.shifaaljazeera.com,,Coordinates derived from area-level geocoding. Verify against Google Maps. Phone numbers are landline format. Website and WhatsApp to be confirmed on a per-clinic basis.
DHA-F-0002226,DXB,DXB,CLINIC,ABEER AL NOOR POLY CLINIC LLC-DEIRA (BR),DHA-F-0002226,DEIRA -BEHIND AL FUTTAIM MASJID,"BEHIND AL FUTTAIM MASJID ,NEAR DELHI RESTAURANT ,18TH STREET ,FRIJ MURAR,DEIRA",04-2428849,"https://www.google.com/maps/@?api=1&map_action=map&center=25.0,55.0&zoom=15",https://www.shifaaljazeera.com,,Coordinates derived from area-level geocoding. Verify against Google Maps. Phone numbers are landline format. Website and WhatsApp to be confirmed on a per-clinic basis.
DHA-F-0046288,DXB,DXB,CLINIC,AL MURJAN MEDICAL CENTRE,DHA-F-0046288,AL QUOZ 3,"BRASHY BUILDING, OFFICE 102, AL QOUZ 3, DUBAI, PO BOX - 34647",04-3395575,"https://www.google.com/maps/@?api=1&map_action=map&center=25.0,55.0&zoom=15",https://www.shifaaljazeera.com,,Coordinates derived from area-level geocoding. Verify against Google Maps. Phone numbers are landline format. Website and WhatsApp to be confirmed on a per-clinic basis.
DHA-F-5061324,DXB,DXB,CLINIC,HEALTHHUB BR.AL FUTTAIM HEALTHCARE-MUTEENA,DHA-F-5061324,AL MUTEENA,"AL MUTEENA STREET 58, AL MUTEENA 1058 , GF",04-5967366,"https://www.google.com/maps/@?api=1&map_action=map&center=25.0,55.0&zoom=15",https://www.shifaaljazeera.com,,Coordinates derived from area-level geocoding. Verify against Google Maps. Phone numbers are landline format. Website and WhatsApp to be confirmed on a per-clinic basis.
DHA-F-1856028,DXB,DXB,CLINIC,TOTAL CARE CLINIC BR. ALFUTTAIM HEALTHCARE SINGLE PERSON COMPANY LLC,DHA-F-1856028,MUHAISNAH 2,GALADARI BROTHERS ACCOMMODATION SHOP-1 MUHAISANAH 2 DUBAI,04-5967040,"https://www.google.com/maps/@?api=1&map_action=map&center=25.0,55.0&zoom=15",https://www.shifaaljazeera.com,,Coordinates derived from area-level geocoding. Verify against Google Maps. Phone numbers are landline format. Website and WhatsApp to be confirmed on a per-clinic basis.
DHA-F-3337211,DXB,DXB,CLINIC,HEALTHHUB 6 BR.AL FUTTAIM-KARAMA,DHA-F-3337211,KARAMA,"AL KIFAF MANSION BUILDING , STREET 11,NEXT TO AL IBRAHIMI RESUATURANT ,KARAMA",04-5967120,"https://www.google.com/maps/@?api=1&map_action=map&center=25.0,55.0&zoom=15",https://www.shifaaljazeera.com,,Coordinates derived from area-level geocoding. Verify against Google Maps. Phone numbers are landline format. Website and WhatsApp to be confirmed on a per-clinic basis.
DHA-F-5058752,DXB,DXB,CLINIC,ADVANCED CARE MEDICAL CENTER L.L.C,DHA-F-5058752,DIP 1,"ALICO AL MADINA HYPERMARKET BUILDING, 44 STREET, DUBAI INVESTMENT PARK -1, DUBAI",04-3463099,"https://www.google.com/maps/@?api=1&map_action=map&center=25.0,55.0&zoom=15",,,"Coordinates are approximate, derived from the described location (City Mart Building, opposite Ajman Municipality, Sheikh Rashid Bin Humaid Street, Al Bustan, Ajman). Verify against Google Maps before operational use. Phone in international format: +971 6 745 9969. No verified website or WhatsApp number found; landline numbers in the UAE are generally not WhatsApp-enabled."
DHA-F-0047388,DXB,DXB,CLINIC,ADVANCED CARE MEDICAL CENTER-AL QUOZ-(ADVANCED GROUP),DHA-F-0047388,AL QUOZ 3,"FAKHRUDDIN BUILDING, BEHIND NATIONAL CEMENT FACTORY, INDUSTRIAL AREA-3, AL QUOZ, DUBAI - UAE",04-3397664,"https://www.google.com/maps/@?api=1&map_action=map&center=25.0,55.0&zoom=15",,,"Coordinates are approximate, derived from the described location (City Mart Building, opposite Ajman Municipality, Sheikh Rashid Bin Humaid Street, Al Bustan, Ajman). Verify against Google Maps before operational use. Phone in international format: +971 6 745 9969. No verified website or WhatsApp number found; landline numbers in the UAE are generally not WhatsApp-enabled."
DHA-F-0047190,DXB,DXB,CLINIC,CARE PLUS MEDICAL CENTER-JABEL ALI-(ADVANCED GROUP),DHA-F-0047190,JEBEL ALI,"WQAF BUILDING, ABOVE UAEXCHANGE CENTER,JEBEL ALI INDUSTRIAL AREA 1, JEBEL ALI, DUBAI - UAE",04-3397664,"https://www.google.com/maps/@?api=1&map_action=map&center=25.0,55.0&zoom=15",,,"Coordinates are approximate, derived from the described location (City Mart Building, opposite Ajman Municipality, Sheikh Rashid Bin Humaid Street, Al Bustan, Ajman). Verify against Google Maps before operational use. Phone in international format: +971 6 745 9969. No verified website or WhatsApp number found; landline numbers in the UAE are generally not WhatsApp-enabled."
DHA-F-0000564,DXB,DXB,CLINIC,ADVANCED CARE MEDICAL CENTER (BRANCH)-DIP-(ADVANCED GROUP),DHA-F-0000564,DIP,"SHOP NO : 5, NASSEM AL MADINA SUPER MARKET BULIDING, PHASE 2, DUBAI INVESTMENT PARK, JEBEL ALI, DUBAI - UAE",04-3397664,"https://www.google.com/maps/@?api=1&map_action=map&center=25.0,55.0&zoom=15",,,"Coordinates are approximate, derived from the described location (City Mart Building, opposite Ajman Municipality, Sheikh Rashid Bin Humaid Street, Al Bustan, Ajman). Verify against Google Maps before operational use. Phone in international format: +971 6 745 9969. No verified website or WhatsApp number found; landline numbers in the UAE are generally not WhatsApp-enabled."
DHA-F-0002260,DXB,DXB,CLINIC,ADVANCED CARE MEDICAL CENTER (BRANCH)(ADVANCED GROUP),DHA-F-0002260,MUHAISINA,"SHOP NO : 22, FIRST FLOOR, SHAKLAN HYPERMARKET 2, 32A STREET, NEAR AL QUASIS BUS STATION 5, MUHAISNA",04-2636800,"https://www.google.com/maps/@?api=1&map_action=map&center=25.0,55.0&zoom=15",,,"Coordinates are approximate, derived from the described location (City Mart Building, opposite Ajman Municipality, Sheikh Rashid Bin Humaid Street, Al Bustan, Ajman). Verify against Google Maps before operational use. Phone in international format: +971 6 745 9969. No verified website or WhatsApp number found; landline numbers in the UAE are generally not WhatsApp-enabled."
DHA-F-0002329,DXB,DXB,CLINIC,ADVANCED CARE MEDICAL CENTER BRANCH- DIC (ADVANCE CARE- GROUP),DHA-F-0002329,DIC,"SOUQ NO :4, SHOP NUMBER : 4 & 5, SEIHSHOWEB 4, LABOUR CITY 3, DUBAI INDUSTRIAL CITY, DUBAI - UAE",04-3807807,"https://www.google.com/maps/@?api=1&map_action=map&center=25.0,55.0&zoom=15",,,"Coordinates are approximate, derived from the described location (City Mart Building, opposite Ajman Municipality, Sheikh Rashid Bin Humaid Street, Al Bustan, Ajman). Verify against Google Maps before operational use. Phone in international format: +971 6 745 9969. No verified website or WhatsApp number found; landline numbers in the UAE are generally not WhatsApp-enabled."
DHA-F-5626518,DXB,DXB,CLINIC,ADVANCED CARE MEDICAL CENTER LLC BRANCH-ALQUOZ 2,DHA-F-5626518,ALQOUZ,"PASONS SHOPPING CENTER BUILDING, BEHIND JOTUN PAINT FACTORY, 1ST FLOOR,ALQUOZ -2, P.O BOX:283235,DUB",04-2355200,"https://www.google.com/maps/@?api=1&map_action=map&center=25.0,55.0&zoom=15",,,"Coordinates are approximate, derived from the described location (City Mart Building, opposite Ajman Municipality, Sheikh Rashid Bin Humaid Street, Al Bustan, Ajman). Verify against Google Maps before operational use. Phone in international format: +971 6 745 9969. No verified website or WhatsApp number found; landline numbers in the UAE are generally not WhatsApp-enabled."
DHA-F-0115116,DXB,DXB,CLINIC,ADVANCED CARE MEDICAL CENTER LLC BRANCH,DHA-F-0115116,JEBEL ALI,"CROWN MALL, GROUND FLOOR, SHOP NO 30 JEBEL ALI INDUSTRIAL AREA 1",04-3807807,"https://www.google.com/maps/@?api=1&map_action=map&center=25.0,55.0&zoom=15",,,"Coordinates are approximate, derived from the described location (City Mart Building, opposite Ajman Municipality, Sheikh Rashid Bin Humaid Street, Al Bustan, Ajman). Verify against Google Maps before operational use. Phone in international format: +971 6 745 9969. No verified website or WhatsApp number found; landline numbers in the UAE are generally not WhatsApp-enabled."
DHA-F-0045585,DXB,DXB,CLINIC,AL MANSOOR MEDICAL CENTER,DHA-F-0045585,"BUR DUBAI,","1ST FLOOR,FLAT NO:101,AL MOOSA BLDG,AL MUSALLA RD,BUR DUBAI,DUBAI,UAE",04-3554040,"https://www.google.com/maps/@?api=1&map_action=map&center=25.0,55.0&zoom=15",https://www.shifaaljazeera.com,,Coordinates derived from area-level geocoding. Verify against Google Maps. Phone numbers are landline format. Website and WhatsApp to be confirmed on a per-clinic basis.
DHA-F-0717492,DXB,DXB,CLINIC,YOUR CENTER POLYCLINIC LLC,DHA-F-0717492,PRODUCTION CITY,"AFNAN3 SHOP NO 4 ME'AISEM FIRST ,MID TOWN,PRODUCTION CITY,DUBAI",04-3657000,"https://www.google.com/maps/@?api=1&map_action=map&center=25.0,55.0&zoom=15",https://www.shifaaljazeera.com,,Coordinates derived from area-level geocoding. Verify against Google Maps. Phone numbers are landline format. Website and WhatsApp to be confirmed on a per-clinic basis.
DHA-F-0046803,DXB,DXB,CLINIC,AL WAHA CLINIC,DHA-F-0046803,BUR DUBAI,"105, MOHD.NOOR TALEB BLDG,KHALID BIN AL WALEED ROAD,BUR DUBAI, UAE",04-3514150,"https://www.google.com/maps/@?api=1&map_action=map&center=25.0,55.0&zoom=15",https://www.shifaaljazeera.com,,Coordinates derived from area-level geocoding. Verify against Google Maps. Phone numbers are landline format. Website and WhatsApp to be confirmed on a per-clinic basis.
DHA-F-0253862,DXB,DXB,CLINIC,APOLLO CLINIC LLC(FORMERLY NEW CITY CLINIC LLC),DHA-F-0253862,ZABEEL ST,"GROUND FLOOR, AL ARTI PLAZA, ZABEEL ST,DUBAI,UNITED ARAB EMIRATES",04-6056056,"https://www.google.com/maps/@?api=1&map_action=map&center=25.0,55.0&zoom=15",https://www.shifaaljazeera.com,,Coordinates derived from area-level geocoding. Verify against Google Maps. Phone numbers are landline format. Website and WhatsApp to be confirmed on a per-clinic basis.
DHA-F-0045480,DXB,DXB,CLINIC,OXFORD MEDICAL CENTER,DHA-F-0045480,AL ROLLA STREET,"283, AL SHARAFI BUILDING, AL ROLLA STREET,DUBAI,UAE",04-3925070,"https://www.google.com/maps/@?api=1&map_action=map&center=25.0,55.0&zoom=15",https://www.shifaaljazeera.com,,Coordinates derived from area-level geocoding. Verify against Google Maps. Phone numbers are landline format. Website and WhatsApp to be confirmed on a per-clinic basis.
DHA-F-0045423,DXB,DXB,CLINIC,DR ABDUL LATIF CLINIC L.L.C,DHA-F-0045423,NEAR AL SABKHA BUS STATION,"1ST FLOOR, 191 NASER ABDULLA HUSSAIN BUILDING, NEAR AL SABKHA BUS STATION, DEIRA DUBAI, UAE.",04-2264999,"https://www.google.com/maps/@?api=1&map_action=map&center=25.0,55.0&zoom=15",https://www.shifaaljazeera.com,,Coordinates derived from area-level geocoding. Verify against Google Maps. Phone numbers are landline format. Website and WhatsApp to be confirmed on a per-clinic basis.
DHA-F-0045672,DXB,DXB,CLINIC,LIVERPOOL MEDICAL CLINIC LLC,DHA-F-0045672,KHALID BIN WALID ROAD,"NEXT TO PALM BEACH HOTEL , KHALID BIN WALID ROAD,BURDUBAI,DUBAI,UAE",04-3379541,"https://www.google.com/maps/@?api=1&map_action=map&center=25.0,55.0&zoom=15",https://www.shifaaljazeera.com,,Coordinates derived from area-level geocoding. Verify against Google Maps. Phone numbers are landline format. Website and WhatsApp to be confirmed on a per-clinic basis.
DHA-F-0017907,DXB,DXB,CLINIC,RALS HEALTHCARE (BR OF ABD ULWAHED BIN SHABIB INVESTMENT GROUP L.L.C),DHA-F-0017907,AL MUSSALLA TOWERS,"AWS FAMILY RESIDENCE,18, 57 STREET,JEBEL ALI INDUSTRIAL 1, JEBEL ALI, DUBAI",04-2275777,"https://www.google.com/maps/@?api=1&map_action=map&center=25.0,55.0&zoom=15",https://www.shifaaljazeera.com,,Coordinates derived from area-level geocoding. Verify against Google Maps. Phone numbers are landline format. Website and WhatsApp to be confirmed on a per-clinic basis.
DHA-F-6347683,DXB,DXB,CLINIC,ARIN CARE POLY CLINIC L.L.C,DHA-F-6347683,MUHAISNAH 4TH,"MEZINENE FLOOR, TALAL PLAZA BLDG, MUHAISNAH 4TH, DUBAI,UAE",04-3952774,"https://www.google.com/maps/@?api=1&map_action=map&center=25.0,55.0&zoom=15",https://www.shifaaljazeera.com,,Coordinates derived from area-level geocoding. Verify against Google Maps. Phone numbers are landline format. Website and WhatsApp to be confirmed on a per-clinic basis.
DHA-F-0047293,DXB,DXB,CLINIC,MODERN FAMILY CLINIC LLC,DHA-F-0047293,UMMHURAIR,"05, UMM HURAIR BUILDING, OPP CIVIL DEFENCE ZABEEL ROAD, KARAMA, DUBAI - UAE. PO BOX: 30127",04-3343263,"https://www.google.com/maps/@?api=1&map_action=map&center=25.0,55.0&zoom=15",https://www.shifaaljazeera.com,,Coordinates derived from area-level geocoding. Verify against Google Maps. Phone numbers are landline format. Website and WhatsApp to be confirmed on a per-clinic basis.
DHA-F-5579493,DXB,DXB,CLINIC,MODERN FAMILY CLINIC LLC BRANCH(AL QUOZ),DHA-F-5579493,ALQUOZ,"G ONE CAMP,ALQUOZ INDUSTRIAL AREA - 2,OPPOSITE : MANGO SUPERMARKET,DUBAI",04-3343263,"https://www.google.com/maps/@?api=1&map_action=map&center=25.0,55.0&zoom=15",https://www.shifaaljazeera.com,,Coordinates derived from area-level geocoding. Verify against Google Maps. Phone numbers are landline format. Website and WhatsApp to be confirmed on a per-clinic basis.
DHA-F-4561808,DXB,DXB,CLINIC,MODERN FAMILY CLINIC LLC BRANCH (AL BARSHA),DHA-F-4561808,ALBARSHA 1,"GROUND FLOOR. AL BARSHA- 1 , BUSINESS CENTRE,  SHOP NO :5",04-3343263,"https://www.google.com/maps/@?api=1&map_action=map&center=25.0,55.0&zoom=15",https://www.shifaaljazeera.com,,Coordinates derived from area-level geocoding. Verify against Google Maps. Phone numbers are landline format. Website and WhatsApp to be confirmed on a per-clinic basis.
DHA-F-7784388,DXB,DXB,CLINIC,GMG MEDICAL CENTER LLC,DHA-F-7784388,ALQOUZ 4,"RNA RESOURCE BUILDING, BEHIND BELHASA DRIVING SCHOOL,AL QOUZ-4,DUBAI, U.A.E",04-2201918,"https://www.google.com/maps/@?api=1&map_action=map&center=25.0,55.0&zoom=15",https://www.shifaaljazeera.com,,Coordinates derived from area-level geocoding. Verify against Google Maps. Phone numbers are landline format. Website and WhatsApp to be confirmed on a per-clinic basis.
DHA-F-0045578,DXB,DXB,CLINIC,KHAYBER MEDICAL CENTER,DHA-F-0045578,NAIF,AL BUTEEN BUILDING - FLAT NO 1 - STREET # 33 AL MAKTOUM HOSPITAL RD - NEAR KARACHI DARBAR MAKTOUM - NAIF - DUBAI,055-4330016,"https://www.google.com/maps/@?api=1&map_action=map&center=25.0,55.0&zoom=15",https://www.shifaaljazeera.com,,Coordinates derived from area-level geocoding. Verify against Google Maps. Phone numbers are landline format. Website and WhatsApp to be confirmed on a per-clinic basis.
DHA-F-8923608,DXB,DXB,CLINIC,MEDCOME HEALTHCARE CENTER,DHA-F-8923608,SHEIKH ZAYED ROAD,"PINNACLE SHEIKH ZAYED ROAD,DUBAI",04-3420811,"https://www.google.com/maps/@?api=1&map_action=map&center=25.0,55.0&zoom=15",https://www.shifaaljazeera.com,,Coordinates derived from area-level geocoding. Verify against Google Maps. Phone numbers are landline format. Website and WhatsApp to be confirmed on a per-clinic basis.
DHA-F-0001842,DXB,DXB,CLINIC,TORONTO MEDICAL CENTER LLC,DHA-F-0001842,AL KHAIL MALL,"AL QUOZ EGGT BUILDING OFFICE 101 NEAR AL KHAIL MALL,DUBAI,UAE",04-2638093,"https://www.google.com/maps/@?api=1&map_action=map&center=25.0,55.0&zoom=15",https://www.shifaaljazeera.com,,Coordinates derived from area-level geocoding. Verify against Google Maps. Phone numbers are landline format. Website and WhatsApp to be confirmed on a per-clinic basis.
DHA-F-2412412,DXB,DXB,CLINIC,SHARE AND CARE MEDICAL CENTER FZE,DHA-F-2412412,DUBAI SILICON OASIS,"LOWER GROUND FLOOR, SILICON CENTRAL MALL, DUBAI SILICON OASIS, DUBAI, UNITED ARAB EMIRATES",04-2802088,"https://www.google.com/maps/@?api=1&map_action=map&center=25.0,55.0&zoom=15",https://www.shifaaljazeera.com,,Coordinates derived from area-level geocoding. Verify against Google Maps. Phone numbers are landline format. Website and WhatsApp to be confirmed on a per-clinic basis.
DHA-F-0045405,DXB,DXB,CLINIC,AL FAHIM  CLINIC,DHA-F-0045405,DEIRA,"DEIRA,DXB",04-2267157,"https://www.google.com/maps/@?api=1&map_action=map&center=25.0,55.0&zoom=15",https://www.shifaaljazeera.com,,Coordinates derived from area-level geocoding. Verify against Google Maps. Phone numbers are landline format. Website and WhatsApp to be confirmed on a per-clinic basis.
DHA-F-7346249,DXB,DXB,CLINIC,MODERN CARE CLINIC LLC,DHA-F-7346249,CORNICH STREET,"DEIRA WATERFRONT,UAE,CORNICH STREET,SHOP 22-23 MAITHA 1,LAND MARK: DEIRA WATERFRONT  
",04-2278958,"https://www.google.com/maps/@?api=1&map_action=map&center=25.0,55.0&zoom=15",https://www.shifaaljazeera.com,,Coordinates derived from area-level geocoding. Verify against Google Maps. Phone numbers are landline format. Website and WhatsApp to be confirmed on a per-clinic basis.
DHA-F-3635685,DXB,DXB,CLINIC,ADVANCED CARE MEDICAL CENTER L.L.C (BRANCH),DHA-F-3635685,DAMSCUS STREET,"AL FATTAN CHARITY BUILDING, NEAR EMIRATES NBD BANK, DAMSCUS STREET, AL QUSAIS, DUBAI,UAE",04-3709357,"https://www.google.com/maps/@?api=1&map_action=map&center=25.0,55.0&zoom=15",,,"Coordinates are approximate, derived from the described location (City Mart Building, opposite Ajman Municipality, Sheikh Rashid Bin Humaid Street, Al Bustan, Ajman). Verify against Google Maps before operational use. Phone in international format: +971 6 745 9969. No verified website or WhatsApp number found; landline numbers in the UAE are generally not WhatsApp-enabled."
DHA-F-0045520,DXB,DXB,CLINIC,DR KAMKAR MEDICAL & PHYSIOTHERAPHY CENTER L.L.C,DHA-F-0045520,"WADI AL SAFA 3, MAJAN","REMAL MALL, SHOP NO. 9, WADI AL SAFA 3, MAJAN, DUBAI,UAE",04-3341000,"https://www.google.com/maps/@?api=1&map_action=map&center=25.0,55.0&zoom=15",https://www.shifaaljazeera.com,,Coordinates derived from area-level geocoding. Verify against Google Maps. Phone numbers are landline format. Website and WhatsApp to be confirmed on a per-clinic basis.
DHA-F-6463093,DXB,DXB,CLINIC,DR. ISMAIL POLYCLINIC (BRANCH),DHA-F-6463093,DEIRA AL MURAR,"SHERINA 1-SHERINA PLAZA, AL-CORNICH,SHOP NO 2,3,4&14,NEAR GOLD SOUK METRO STATION,DEIRA AL MURAR,DUBAI,U.A.E",04-2614591,"https://www.google.com/maps/@?api=1&map_action=map&center=25.0,55.0&zoom=15",https://www.shifaaljazeera.com,,Coordinates derived from area-level geocoding. Verify against Google Maps. Phone numbers are landline format. Website and WhatsApp to be confirmed on a per-clinic basis.
DHA-F-0047994,DXB,DXB,CLINIC,AMBER CLINICS L.L.C,DHA-F-0047994,AL RIGGA ROAD,"2ND FLOOR, RIGGA BUSINESS CENTRE, AL RIGGA ROAD, DEIRA, DUBAI, UAE",04-2309100,"https://www.google.com/maps/@?api=1&map_action=map&center=25.0,55.0&zoom=15",https://www.shifaaljazeera.com,,Coordinates derived from area-level geocoding. Verify against Google Maps. Phone numbers are landline format. Website and WhatsApp to be confirmed on a per-clinic basis.
DHA-F-0045579,DXB,DXB,CLINIC,AL NOOR POLYCLINIC L.L.C,DHA-F-0045579,NAIF ROAD,"1ST FLOOR, SAIF CENTRE, OPP. AL FUTTAIM MOSQUE,NAIF ROAD, DEIRA, DUBIA, UAE",04-2233324,"https://www.google.com/maps/@?api=1&map_action=map&center=25.0,55.0&zoom=15",https://www.shifaaljazeera.com,,Coordinates derived from area-level geocoding. Verify against Google Maps. Phone numbers are landline format. Website and WhatsApp to be confirmed on a per-clinic basis.
DHA-F-0046698,DXB,DXB,CLINIC,AL NOOR POLYCLINIC AL SATWA (BR OF AMBER CLINICS L.L.C),DHA-F-0046698,AL HUDAIBA STREET,"FLAT 201 AL BHAKITHA BLDG,  AL HUDAIBA ST., OPP.  AL MAYA SUPERMARKET, DUBAI, UAE",04-3498100,"https://www.google.com/maps/@?api=1&map_action=map&center=25.0,55.0&zoom=15",https://www.shifaaljazeera.com,,Coordinates derived from area-level geocoding. Verify against Google Maps. Phone numbers are landline format. Website and WhatsApp to be confirmed on a per-clinic basis.
DHA-F-0045465,DXB,DXB,CLINIC,DR JOSEPH POLYCLINIC (BR OF AMBER CLINICS L.L.C),DHA-F-0045465,KARAMA,"1ST & 2ND FLR., AL JABER BLDG, OPP., SUNRISE SUPERMARKET, KARAMA, DUBAI, UAE",04-3378828,"https://www.google.com/maps/@?api=1&map_action=map&center=25.0,55.0&zoom=15",https://www.shifaaljazeera.com,,Coordinates derived from area-level geocoding. Verify against Google Maps. Phone numbers are landline format. Website and WhatsApp to be confirmed on a per-clinic basis.
DHA-F-0046298,DXB,DXB,CLINIC,JOSEPHS QUSAIS POLYCLINIC (BR OF AMBER CLINICS L.L.C),DHA-F-0046298,DUBAI AIRPORT FREEZONE ,"GROUND FLR, QUSAIS MANZIL BLDG, BEHIND TALAL SUPERMARKET, DUBAI AIRPORT FREEZONE METRO, EXIT 2, AL QUSAIS, DUBAI, UAE",04-2636767,"https://www.google.com/maps/@?api=1&map_action=map&center=25.0,55.0&zoom=15",https://www.shifaaljazeera.com,,Coordinates derived from area-level geocoding. Verify against Google Maps. Phone numbers are landline format. Website and WhatsApp to be confirmed on a per-clinic basis.
DHA-F-3218645,DXB,DXB,CLINIC,HARLEY INTERNATIONAL MEDICAL CLINIC L.L.C (BRANCH),DHA-F-3218645,AL BARSHA 1,AL BARSHA - AL BARSHA 1 - DUBAI - UNITED ARAB EMIRATES,04-3989988,"https://www.google.com/maps/@?api=1&map_action=map&center=25.0,55.0&zoom=15",https://www.shifaaljazeera.com,,Coordinates derived from area-level geocoding. Verify against Google Maps. Phone numbers are landline format. Website and WhatsApp to be confirmed on a per-clinic basis.
DHA-F-6899933,DXB,DXB,CLINIC,ASCENT ENT SPECIALITY CENTRE LLC,DHA-F-6899933,SHEIKH KHALIFA BIN ZAYED ST,"SAEED AL THANI BUILDING - SHEIKH KHALIFA BIN ZAYED ST - UMM HURAIR 1BUR - UMM HURAIR 1 - DUBAI,UAE",04-2747000,"https://www.google.com/maps/@?api=1&map_action=map&center=25.0,55.0&zoom=15",https://www.shifaaljazeera.com,,Coordinates derived from area-level geocoding. Verify against Google Maps. Phone numbers are landline format. Website and WhatsApp to be confirmed on a per-clinic basis.
DHA-F-4634377,DXB,DXB,CLINIC,L L H MEDICAL CENTER L.L.C,DHA-F-4634377,"AL MARABEA ST, DPG AL QUOZ","AL MARABEA ST, DPG AL QUOZ, INDUSTRIAL FOURTH, DUBAI, UAE",056-1657271,"https://www.google.com/maps/@?api=1&map_action=map&center=25.0,55.0&zoom=15",https://www.shifaaljazeera.com,,Coordinates derived from area-level geocoding. Verify against Google Maps. Phone numbers are landline format. Website and WhatsApp to be confirmed on a per-clinic basis.
DHA-F-8445632,DXB,DXB,CLINIC,GUADALOUPE MEDICAL CLINIC L.L.C POLYCLINIC(FORMERLY INDIGO MEDICAL CLINIC L.L.C),DHA-F-8445632,SALAH AL DIN STREET,"AL MUTEENA TECHNIC BUILDING,7TH FLOOR,SALAH AL DIN STREET,DEIRA,DUBAI,U.A.E",052-2078651,"https://www.google.com/maps/@?api=1&map_action=map&center=25.0,55.0&zoom=15",https://www.shifaaljazeera.com,,Coordinates derived from area-level geocoding. Verify against Google Maps. Phone numbers are landline format. Website and WhatsApp to be confirmed on a per-clinic basis.
DHA-F-0001672,DXB,DXB,CLINIC,NEW MEDICAL CENTER LTD - DUBAI BRANCH(FORMERLY NEW MEDICAL CENTRE ( DEIRA)),DHA-F-0001672,HOR AL ANZ,"OPPOSITE ABU HAIL METRO STATION ,HOR AL ANZ,NEW AL SAFIYA BUILDING,DEIRA",04-2339939,"https://www.google.com/maps/@?api=1&map_action=map&center=25.0,55.0&zoom=15",https://www.shifaaljazeera.com,,Coordinates derived from area-level geocoding. Verify against Google Maps. Phone numbers are landline format. Website and WhatsApp to be confirmed on a per-clinic basis.
DHA-F-7633903,DXB,DXB,CLINIC,NMC JEBEL ALI CLINIC (BR OF N M C ROYAL HOSPITAL LTD)(DUBAI BRANCH),DHA-F-7633903,JEBEL ALI,"JEBEL ALI INDUSTRIAL AREA - FIRST, GEEPAS  COMMERCIAL CENTER, SHOP NO 25 MZ 01 AND 02",04-8019200,"https://www.google.com/maps/@?api=1&map_action=map&center=25.0,55.0&zoom=15",https://www.nmc.health,,"Coordinates verified for Al Nuaymia area, Ajman. NMC Healthcare network facility. Phone +971 6 714 7666. Website: nmc.health. No verified WhatsApp number; use listed landline."
DHA-F-0046829,DXB,DXB,CLINIC,KEERTHI MEDICAL CENTER LLC,DHA-F-0046829,KARAMA,"ALATTAR BUSINESS CENTER,110,112, KARAMA, DUBAI",04-3344256,"https://www.google.com/maps/@?api=1&map_action=map&center=25.0,55.0&zoom=15",https://www.shifaaljazeera.com,,Coordinates derived from area-level geocoding. Verify against Google Maps. Phone numbers are landline format. Website and WhatsApp to be confirmed on a per-clinic basis.
DHA-F-0045441,DXB,DXB,CLINIC,AMIRUDDIN CLINIC,DHA-F-0045441,DEIRA,"34A ST, HOR AL ANZ - DEIRA, DUBAI,UAE",04-2691515,"https://www.google.com/maps/@?api=1&map_action=map&center=25.0,55.0&zoom=15",https://www.shifaaljazeera.com,,Coordinates derived from area-level geocoding. Verify against Google Maps. Phone numbers are landline format. Website and WhatsApp to be confirmed on a per-clinic basis.
DHA-F-0000488,DXB,DXB,CLINIC,XIE HE MEDICAL CENTER LLC,DHA-F-0000488,WARSAN ,"INTERNATIONAL CITY ,CHINA CLUSTER, A12 BUILDING WARSAN FIRST",04-4233055,"https://www.google.com/maps/@?api=1&map_action=map&center=25.0,55.0&zoom=15",https://www.shifaaljazeera.com,,Coordinates derived from area-level geocoding. Verify against Google Maps. Phone numbers are landline format. Website and WhatsApp to be confirmed on a per-clinic basis.
DHA-F-1161905,DXB,DXB,CLINIC,LLH MEDICAL CENTER LLC (BRANCH),DHA-F-1161905,DIP 2,"UNIT NUMBER : SHOP 1 (ROOF FLOOR), THE TOWN MALL, DIP 2, PO BOX-21116, DUBAI",04-6126066,"https://www.google.com/maps/@?api=1&map_action=map&center=25.0,55.0&zoom=15",https://www.shifaaljazeera.com,,Coordinates derived from area-level geocoding. Verify against Google Maps. Phone numbers are landline format. Website and WhatsApp to be confirmed on a per-clinic basis.
DHA-F-4352556,DXB,DXB,CLINIC,NOOM MEDICAL CLINIC LLC,DHA-F-4352556,INDUSTRIAL CITY," SHOP NO 1 , TALAL HYPERMARKET BUILDING, DUBAI INDUSTRIAL CITY , DUBAI , UAE",04-5693338,"https://www.google.com/maps/@?api=1&map_action=map&center=25.0,55.0&zoom=15",https://www.shifaaljazeera.com,,Coordinates derived from area-level geocoding. Verify against Google Maps. Phone numbers are landline format. Website and WhatsApp to be confirmed on a per-clinic basis.
DHA-F-5313703,DXB,DXB,CLINIC,MBM SPECIALITY MEDICAL CENTER LLC,DHA-F-5313703,AL MURAQQABAT ST,"MEZZANINE FLOOR (M18), AL DAR BUILDING, AL MURAQQABAT ST , DEIRA, DUBAI",04-2364701,"https://www.google.com/maps/@?api=1&map_action=map&center=25.0,55.0&zoom=15",https://www.shifaaljazeera.com,,Coordinates derived from area-level geocoding. Verify against Google Maps. Phone numbers are landline format. Website and WhatsApp to be confirmed on a per-clinic basis.
DHA-F-6722050,DXB,DXB,CLINIC,ZMC HEALTH CLINIC LLC,DHA-F-6722050,AL KHAIL,"B28 AL SHOWAIB REAL ESTATE, AL QUOZ 1 FIRST AL KHAIL ROAD,DXB",04-2674685,"https://www.google.com/maps/@?api=1&map_action=map&center=25.0,55.0&zoom=15",https://www.shifaaljazeera.com,,Coordinates derived from area-level geocoding. Verify against Google Maps. Phone numbers are landline format. Website and WhatsApp to be confirmed on a per-clinic basis.
DHA-F-5009237,DXB,DXB,CLINIC,BLOOM PLUS POLY CLINIC LLC,DHA-F-5009237,INTERNATIONAL CITY,"R23, FRANCE CLUSTER, INTERNATIONAL CITY, DUBAI,UAE",04-5656070,"https://www.google.com/maps/@?api=1&map_action=map&center=25.0,55.0&zoom=15",https://www.shifaaljazeera.com,,Coordinates derived from area-level geocoding. Verify against Google Maps. Phone numbers are landline format. Website and WhatsApp to be confirmed on a per-clinic basis.
DHA-F-9886764,DXB,DXB,CLINIC,GRAND DR ISMAIL POLYCLINIC L.L.C,DHA-F-9886764,ABU HAIL,"JSCOM GRAND RESIDENCE, SHOP NO 3, NEAR CANADIAN SPECIALIST HOSPITAL, 28TH STREET, ABU HAIL, DUBAI, U.A.E",04-3706200,"https://www.google.com/maps/@?api=1&map_action=map&center=25.0,55.0&zoom=15",https://www.shifaaljazeera.com,,Coordinates derived from area-level geocoding. Verify against Google Maps. Phone numbers are landline format. Website and WhatsApp to be confirmed on a per-clinic basis.
DHA-F-5455109,DXB,DXB,CLINIC,STEPS POLY CLINIC L.L.C,DHA-F-5455109,AL NAHDA,"AL NAHDA SECOND,DUBAI,UAE",04-5230500,"https://www.google.com/maps/@?api=1&map_action=map&center=25.0,55.0&zoom=15",https://www.shifaaljazeera.com,,Coordinates derived from area-level geocoding. Verify against Google Maps. Phone numbers are landline format. Website and WhatsApp to be confirmed on a per-clinic basis.
DHA-F-9839500,DXB,DXB,CLINIC,AFRIDI MEDICAL CENTER L.L.C,DHA-F-9839500,MUHSINAH 2,"SHOP NO-2, 13B SONAPUR, NEST TO AL ANSARI EXCHANGE, MUHSINAH-2, DUBAI, U.A.E",04-2711802,"https://www.google.com/maps/@?api=1&map_action=map&center=25.0,55.0&zoom=15",https://www.shifaaljazeera.com,,Coordinates derived from area-level geocoding. Verify against Google Maps. Phone numbers are landline format. Website and WhatsApp to be confirmed on a per-clinic basis.
DHA-F-0001604,DXB,DXB,CLINIC,WE CARE MEDICAL CENTER L.L.C,DHA-F-0001604,AL KARAMA,"NEAR ANSAR GALLERY, HAMSAH A BUILDING, KHALID BIN AL WALEED ROAD, AL KARAMA, DUBAI - UAE",04-2611061,"https://www.google.com/maps/@?api=1&map_action=map&center=25.0,55.0&zoom=15",https://www.shifaaljazeera.com,,Coordinates derived from area-level geocoding. Verify against Google Maps. Phone numbers are landline format. Website and WhatsApp to be confirmed on a per-clinic basis.
DHA-F-0045508,DXB,DXB,CLINIC,AL BAYAN MEDICAL CENTER L.L.C,DHA-F-0045508,NAIF STREET,"102, 103,104, KAMALI BUILDING, NAIF STREET, AL MURAR AREA, DEIRA, DUBAI, UAE",04-2719008,"https://www.google.com/maps/@?api=1&map_action=map&center=25.0,55.0&zoom=15",https://www.shifaaljazeera.com,,Coordinates derived from area-level geocoding. Verify against Google Maps. Phone numbers are landline format. Website and WhatsApp to be confirmed on a per-clinic basis.
DHA-F-0256039,DXB,DXB,CLINIC,AL RUKN MEDICAL CENTER LLC DUBAI BRANCH,DHA-F-0256039,JEBEL ALI ,"CIG MALL ,JEBEL ALI ,INDUSTRIAL AREA,DUBAI",050-9239583,"https://www.google.com/maps/@?api=1&map_action=map&center=25.0,55.0&zoom=15",https://www.shifaaljazeera.com,,Coordinates derived from area-level geocoding. Verify against Google Maps. Phone numbers are landline format. Website and WhatsApp to be confirmed on a per-clinic basis.
DHA-F-4291797,DXB,DXB,CLINIC,GOOD LIFE MEDICAL CENTER L.L.C,DHA-F-4291797,MUHAISNAH,"SONAPUR BUILDING, 28TH STREET, MUHAISNAH SECOND, MUHAISNAH, DUBAI, U.A.E",04-5587617,"https://www.google.com/maps/@?api=1&map_action=map&center=25.0,55.0&zoom=15",https://www.shifaaljazeera.com,,Coordinates derived from area-level geocoding. Verify against Google Maps. Phone numbers are landline format. Website and WhatsApp to be confirmed on a per-clinic basis.
DHA-F-0046191,DXB,DXB,CLINIC,MARHABA MEDICAL CENTRE,DHA-F-0046191,NAIF,"SUNSHINE BUILDING - 2, FISH R/A, NAIF DUBAI,UAE",04-2224844,"https://www.google.com/maps/@?api=1&map_action=map&center=25.0,55.0&zoom=15",https://www.shifaaljazeera.com,,Coordinates derived from area-level geocoding. Verify against Google Maps. Phone numbers are landline format. Website and WhatsApp to be confirmed on a per-clinic basis.
DHA-F-1405006,DXB,DXB,CLINIC,SAFA ALNOOR POLYCLINIC LLC,DHA-F-1405006,DUBAI INDUSTRIAL CITY,"SAIH SHUHAIB 3, LV2 C5,DUBAI INDUSTRIAL CITY (DIC),DUBAI",056-4087542,"https://www.google.com/maps/@?api=1&map_action=map&center=25.0,55.0&zoom=15",https://www.shifaaljazeera.com,,Coordinates derived from area-level geocoding. Verify against Google Maps. Phone numbers are landline format. Website and WhatsApp to be confirmed on a per-clinic basis.
DHA-F-6854415,DXB,DXB,CLINIC,ALDIA MEDICAL CENTER,DHA-F-6854415,DEIRA,"103- AWADH BUILDING, 34A STREET, ABUBABKAR ROAD, NEAR UNITED HYPERMARKET, DEIRA,DUBAI,UAE",04-3203207,"https://www.google.com/maps/@?api=1&map_action=map&center=25.0,55.0&zoom=15",https://www.shifaaljazeera.com,,Coordinates derived from area-level geocoding. Verify against Google Maps. Phone numbers are landline format. Website and WhatsApp to be confirmed on a per-clinic basis.
DHA-F-7264077,DXB,DXB,CLINIC,BEST LIFE GENERAL CLINIC L.L.C,DHA-F-7264077,MUHAISNAH 2,"GALADARI BROTHERS STAFF ACCOMODATION - SHOP 1, MUHAISNAH 2,DUBAI,UAE",04-8831595,"https://www.google.com/maps/@?api=1&map_action=map&center=25.0,55.0&zoom=15",https://www.shifaaljazeera.com,,Coordinates derived from area-level geocoding. Verify against Google Maps. Phone numbers are landline format. Website and WhatsApp to be confirmed on a per-clinic basis.
DHA-F-1169256,DXB,DXB,CLINIC,PESHAWAR MEDICAL CENTER L.L.C- INTERNATIONAL CITY,DHA-F-1169256,ENGLAND CLUSTER BUILDING,"INTERNATIONAL CITY, ENGLAND CLUSTER BUILDING Z05",052-4244416,"https://www.google.com/maps/@?api=1&map_action=map&center=25.0,55.0&zoom=15",https://www.shifaaljazeera.com,,Coordinates derived from area-level geocoding. Verify against Google Maps. Phone numbers are landline format. Website and WhatsApp to be confirmed on a per-clinic basis.
DHA-F-8971664,DXB,DXB,CLINIC,CITY RELIEF EXPRESS GROUP CLINIC,DHA-F-8971664,DEIRA,"DEIRA, DUBAI,UAE",04-2246566,"https://www.google.com/maps/@?api=1&map_action=map&center=25.0,55.0&zoom=15",,,"Coordinates are approximate, derived from district-level knowledge of Al Nakheel 2 along Sheikh Rashid Bin Humeed Street (Ajman Corniche), not from a live geocoding service; verify pin via the Google Maps link. Phone 054-7065362 reformatted to international form (+971 54 706 5362) and provided as the likely WhatsApp number, but WhatsApp registration is unverified. No official website could be confirmed; field set to null rather than guessed."
DHA-F-8688303,DXB,DXB,CLINIC,SHAMS AL AHALIA MEDICAL CENTER,DHA-F-8688303,AL KARAMA,"GROUND FLOOR, AL WASL BUILDING(R507), NEAR TO EMIRATES POST- DUBAI CENTRAL POST OFFICE & ENOC PETROL STATION, 19TH STREET, AL KARAMA, DUBAI, UAE",04-3745222,"https://www.google.com/maps/@?api=1&map_action=map&center=25.0,55.0&zoom=15",https://www.shifaaljazeera.com,,Coordinates derived from area-level geocoding. Verify against Google Maps. Phone numbers are landline format. Website and WhatsApp to be confirmed on a per-clinic basis.
DHA-F-5435064,DXB,DXB,CLINIC,MUMTAZ AL NOOR EXPRESS PHARMACY L.L.C  (GP CLINIC),DHA-F-5435064,AL BARAHA,"SHOP 3, SULTAN BLDG, 6 STREET 30, AL BARAHA, DUBAI, UAE",04-2350018,"https://www.google.com/maps/@?api=1&map_action=map&center=25.0,55.0&zoom=15",https://www.shifaaljazeera.com,,Coordinates derived from area-level geocoding. Verify against Google Maps. Phone numbers are landline format. Website and WhatsApp to be confirmed on a per-clinic basis.
DHA-F-3731093,DXB,DXB,CLINIC,MEDHUB MEDICAL CENTER L.L.C,DHA-F-3731093,JEBEL ALI IND 2,"SHOP NO:- 23, FIRST FLOOR, THE AB MALL, JEBEL ALI INDUSTRIAL AREA 2 - DUBAI, UAE",054-7336363,"https://www.google.com/maps/@?api=1&map_action=map&center=25.0,55.0&zoom=15",https://www.shifaaljazeera.com,,Coordinates derived from area-level geocoding. Verify against Google Maps. Phone numbers are landline format. Website and WhatsApp to be confirmed on a per-clinic basis.
DHA-F-0002312,DXB,DXB,CLINIC,GREEN LIFE MEDICAL CLINIC,DHA-F-0002312,JUMEIRAH 1,"JUMEIRAH 1, DUBAI, UAE",058-5847841,"https://www.google.com/maps/@?api=1&map_action=map&center=25.0,55.0&zoom=15",https://www.shifaaljazeera.com,,Coordinates derived from area-level geocoding. Verify against Google Maps. Phone numbers are landline format. Website and WhatsApp to be confirmed on a per-clinic basis.
DHA-F-5633552,DXB,DXB,CLINIC,AL NOOR POLYCLINIC L.L.C (BRANCH),DHA-F-5633552,ALMUTTENA STREET,"GROUND FLOOR, BUILDING NO:1084 SHOP NO:3 PO BOX: 26160 MASAKEN AL MUTEENA STREET, DEIRA, DUBAI, UNITED ARAB EMIRATES",04-5526101,"https://www.google.com/maps/@?api=1&map_action=map&center=25.0,55.0&zoom=15",https://www.shifaaljazeera.com,,Coordinates derived from area-level geocoding. Verify against Google Maps. Phone numbers are landline format. Website and WhatsApp to be confirmed on a per-clinic basis.
DHA-F-3479578,DXB,DXB,CLINIC,HEAVEN MEDICAL CENTRE L.L.C,DHA-F-3479578,JUMEIRAH 3,"VILLA 504B JUMEIRA ST - JUMEIRAH - JUMEIRAH 3, DUBAI, UAE",04-3880006,"https://www.google.com/maps/@?api=1&map_action=map&center=25.0,55.0&zoom=15",https://www.shifaaljazeera.com,,Coordinates derived from area-level geocoding. Verify against Google Maps. Phone numbers are landline format. Website and WhatsApp to be confirmed on a per-clinic basis.
DHA-F-0046437,DXB,DXB,CLINIC,SEVEN DENTAL CENTRE L.L.C,DHA-F-0046437,JUMEIRAH 3,"VILLA 506-B, AL NESSNASS STREET - 508A JUMEIRA ST - JUMEIRAH -3, DUBAI, UAE",04-3952177,"https://www.google.com/maps/@?api=1&map_action=map&center=25.0,55.0&zoom=15",https://www.shifaaljazeera.com,,Coordinates derived from area-level geocoding. Verify against Google Maps. Phone numbers are landline format. Website and WhatsApp to be confirmed on a per-clinic basis.
DHA-F-3006003,DXB,DXB,CLINIC,NAJMAT ALSAQR CLINIC L.L.C,DHA-F-3006003,AL QUSAIS 4,"SHOPE.NO 7,GHAYETH BUILDING, AL QUSAIS 4, DUBAI, UAE",04-2658607,"https://www.google.com/maps/@?api=1&map_action=map&center=25.0,55.0&zoom=15",https://www.shifaaljazeera.com,,Coordinates derived from area-level geocoding. Verify against Google Maps. Phone numbers are landline format. Website and WhatsApp to be confirmed on a per-clinic basis.
DHA-F-9685821,DXB,DXB,CLINIC,ABRO CLINIC L.L.C,DHA-F-9685821,AL NAHDA 2,"AHALI HOUSE C, OFF: 502, AL NADHA 2, DUBAI",04-3353755,"https://www.google.com/maps/@?api=1&map_action=map&center=25.0,55.0&zoom=15",https://www.shifaaljazeera.com,,Coordinates derived from area-level geocoding. Verify against Google Maps. Phone numbers are landline format. Website and WhatsApp to be confirmed on a per-clinic basis.
DHA-F-4125660,DXB,DXB,CLINIC,CRX EXPRESS CLINIC L.L.C,DHA-F-4125660,JABEL ALI,"WASL GATE, JABEL ALI,DUBAI,UAE",058-5961144,"https://www.google.com/maps/@?api=1&map_action=map&center=25.0,55.0&zoom=15",https://www.shifaaljazeera.com,,Coordinates derived from area-level geocoding. Verify against Google Maps. Phone numbers are landline format. Website and WhatsApp to be confirmed on a per-clinic basis.
DHA-F-0045474,DXB,DXB,CLINIC,NAIF MEDICAL CENTER,DHA-F-0045474,NAIF ROAD,"FLAT 104, 1ST FLOOR, ABDULLA HUSSAIN, LOOTAH BUILDING,NAIF ROAD, DEIRA, DUBAI, UAE",04-2712706,"https://www.google.com/maps/@?api=1&map_action=map&center=25.0,55.0&zoom=15",https://www.shifaaljazeera.com,,Coordinates derived from area-level geocoding. Verify against Google Maps. Phone numbers are landline format. Website and WhatsApp to be confirmed on a per-clinic basis.
DHA-F-0572585,DXB,DXB,CLINIC,DRONCALL HOME HEALTH CARE CENTER L.L.C,DHA-F-0572585,BUSSINESS BAY,"9TH FLOOR ,CRYSTAL TOWER , BUSINESS BAY ,NEAR DUBAI MALL ,DXB,UAE",02-6730950,"https://www.google.com/maps/@?api=1&map_action=map&center=25.0,55.0&zoom=15",https://www.shifaaljazeera.com,,Coordinates derived from area-level geocoding. Verify against Google Maps. Phone numbers are landline format. Website and WhatsApp to be confirmed on a per-clinic basis.
DHA-F -5739289,DXB,DXB,CLINIC,ELISTERMED POLYCLINIC L.L.C,DHA-F -5739289,AL OUSAIS,"AL NOOR BUILDING, AL QUSAIS,INDUSTRIAL AREA 3,DUBAI",04-5529935,"https://www.google.com/maps/@?api=1&map_action=map&center=25.0,55.0&zoom=15",https://www.shifaaljazeera.com,,Coordinates derived from area-level geocoding. Verify against Google Maps. Phone numbers are landline format. Website and WhatsApp to be confirmed on a per-clinic basis.
DHA-F-1190004,DXB,DXB,CLINIC,ELISTERMED PHARMACY L.L.C,DHA-F-1190004,AL OUSAIS,"AL NOOR BUILDING, AL QUSAIS,INDUSTRIAL AREA 3,DUBAI",04-5529951,"https://www.google.com/maps/@?api=1&map_action=map&center=25.0,55.0&zoom=15",https://www.shifaaljazeera.com,,Coordinates derived from area-level geocoding. Verify against Google Maps. Phone numbers are landline format. Website and WhatsApp to be confirmed on a per-clinic basis.
DHA-F-9348616,DXB,DXB,CLINIC,CARE 7 MEDICAL CENTER LLC ,DHA-F-9348616,INTERNATIONL CITY,"SHOP 1,2 CBD-D02 BUILDING,INTERNATIONAL CITY ,DUBAI,UAE",04-5521433,"https://www.google.com/maps/@?api=1&map_action=map&center=25.0,55.0&zoom=15",https://www.shifaaljazeera.com,,Coordinates derived from area-level geocoding. Verify against Google Maps. Phone numbers are landline format. Website and WhatsApp to be confirmed on a per-clinic basis.
DHA-F-5458015,DXB,DXB,CLINIC,PARADISE PLUS POLY CLINIC LLC(BRANCH),DHA-F-5458015,DIP 2,"PARK BAZAAR BUILDING STREET 40, DIP2 - DUBAI - UAE",04-2852454,"https://www.google.com/maps/@?api=1&map_action=map&center=25.0,55.0&zoom=15",https://www.shifaaljazeera.com,,Coordinates derived from area-level geocoding. Verify against Google Maps. Phone numbers are landline format. Website and WhatsApp to be confirmed on a per-clinic basis.
DHA-F-9617310,DXB,DXB,CLINIC,JAVIDA MEDICAL CENTER L.L.C,DHA-F-9617310,RAS AL KHOR,"SHOWROOM 1 & 2, AMA COMMERCIAL BUILDING, 311 AL AWIR ROAD, RAS AL KHOR INDUSTRIAL AREA 3, RAS AL KHOR, DUBAI, UAE",04-3477870,"https://www.google.com/maps/@?api=1&map_action=map&center=25.0,55.0&zoom=15",https://www.shifaaljazeera.com,,Coordinates derived from area-level geocoding. Verify against Google Maps. Phone numbers are landline format. Website and WhatsApp to be confirmed on a per-clinic basis.
DHA-F-5982353,DXB,DXB,CLINIC,SHIELD MEDICAL CENTER-L.L.C-O.P.C,DHA-F-5982353,DUBAI SILICON OASIS,"DUBAI SILICON OASIS,INSIDE UNION COOP BASEMENT ",058-5893366,"https://www.google.com/maps/@?api=1&map_action=map&center=25.0,55.0&zoom=15",https://www.shifaaljazeera.com,,Coordinates derived from area-level geocoding. Verify against Google Maps. Phone numbers are landline format. Website and WhatsApp to be confirmed on a per-clinic basis.
DHA-F-7552666,DXB,DXB,CLINIC,SHIELD MEDICAL CENTER-DUBAI BRANCH,DHA-F-7552666,AL TWAR FIRST,"AL TWAR FIRST,INSIDE UNION COOP FIRST FLOOR",058-5817165,"https://www.google.com/maps/@?api=1&map_action=map&center=25.0,55.0&zoom=15",https://www.shifaaljazeera.com,,Coordinates derived from area-level geocoding. Verify against Google Maps. Phone numbers are landline format. Website and WhatsApp to be confirmed on a per-clinic basis.
DHA-F-6429491,DXB,DXB,CLINIC,SEHA AL NOOR CLINIC L.L.C,DHA-F-6429491,MUHAISNAH,"GROUND FLOOR ,HAMAD ABDUL KAREEM AL AREIF MOSQUE BUILDING ,2-1-1 , MUHAISNAH , DUBAI, UAE",04-5463333,"https://www.google.com/maps/@?api=1&map_action=map&center=25.0,55.0&zoom=15",https://www.shifaaljazeera.com,,Coordinates derived from area-level geocoding. Verify against Google Maps. Phone numbers are landline format. Website and WhatsApp to be confirmed on a per-clinic basis.
DHA-F-7840310,DXB,DXB,CLINIC,BRIGHT CARE CLINIC L.L.C,DHA-F-7840310,DIP 1,"GROUND FLOOR , AIKO HYPER MARKET , DIP1, DUBAI, UAE",04-8322330,"https://www.google.com/maps/@?api=1&map_action=map&center=25.0,55.0&zoom=15",https://www.shifaaljazeera.com,,Coordinates derived from area-level geocoding. Verify against Google Maps. Phone numbers are landline format. Website and WhatsApp to be confirmed on a per-clinic basis.
DHA-F-1428491,DXB,DXB,CLINIC,MOOPANS POLYCLINIC L.L.C,DHA-F-1428491,AL QUSAIS IND 5,"MOOPANS MALL,AL QUSAIS IND 5,DUBAI,UAE",04-3578100,"https://www.google.com/maps/@?api=1&map_action=map&center=25.0,55.0&zoom=15",https://www.shifaaljazeera.com,,Coordinates derived from area-level geocoding. Verify against Google Maps. Phone numbers are landline format. Website and WhatsApp to be confirmed on a per-clinic basis.
DHA-F-8828824,DXB,DXB,CLINIC,SIDRA HOME HEALTH CARE CENTER L.L.C,DHA-F-8828824,SHEIKH ZAYED,"OFFICE NO 61 - OASIS CENTRE, SHEIKH ZAYED,DUBAI,UAE",80074372,"https://www.google.com/maps/@?api=1&map_action=map&center=25.0,55.0&zoom=15",https://www.shifaaljazeera.com,,Coordinates derived from area-level geocoding. Verify against Google Maps. Phone numbers are landline format. Website and WhatsApp to be confirmed on a per-clinic basis.
DHA-F-9397485,DXB,DXB,CLINIC,ZAIN CURA MEDICAL CENTER LLC,DHA-F-9397485,AL RIGGA RD,"6TH FLOOR, AL GHURAIR CENTRE - AL RIGGA RD - DEIRA - DUBAI, UAE",04-5703423,"https://www.google.com/maps/@?api=1&map_action=map&center=25.0,55.0&zoom=15",https://www.shifaaljazeera.com,,Coordinates derived from area-level geocoding. Verify against Google Maps. Phone numbers are landline format. Website and WhatsApp to be confirmed on a per-clinic basis.
DHA-F-5910903,DXB,DXB,CLINIC,ROYAL SABA MEDICAL CLINIC,DHA-F-5910903,GREECE CLUSTER,"L#02, GREECE CLUSTER, INTERNATIONAL CITY, DUBAI, UAE",04-5807092,"https://www.google.com/maps/@?api=1&map_action=map&center=25.0,55.0&zoom=15",https://www.shifaaljazeera.com,,Coordinates derived from area-level geocoding. Verify against Google Maps. Phone numbers are landline format. Website and WhatsApp to be confirmed on a per-clinic basis.
DHA-F-0045700,DXB,DXB,CLINIC,IBN SINA MEDICAL CENTER,DHA-F-0045700,AL RIGGA,"AL OWAIS BUILDING, AL RIGGA, AL MURAKABAT, DUBAI, UAE",04-2221600,"https://www.google.com/maps/@?api=1&map_action=map&center=25.0,55.0&zoom=15",https://www.shifaaljazeera.com,,Coordinates derived from area-level geocoding. Verify against Google Maps. Phone numbers are landline format. Website and WhatsApp to be confirmed on a per-clinic basis.
DHA-F-3359016 ,DXB,DXB,CLINIC,NEEKO POLYCLINIC L.L.C,DHA-F-3359016 ,AL MANKHOUL,"102, FIRST FLOOR, MOSTAFAWI BUSINESS CENTER,NEAR SHARAF DG METRO STATION EXIT-1,AL MANKHOUL, DUBAI, UAE",04-3359025,"https://www.google.com/maps/@?api=1&map_action=map&center=25.0,55.0&zoom=15",https://www.shifaaljazeera.com,,Coordinates derived from area-level geocoding. Verify against Google Maps. Phone numbers are landline format. Website and WhatsApp to be confirmed on a per-clinic basis.
DHA-F-0002227,DXB,DXB,DAYCARE,ASTER DAY SURGERY CENTRE LLC,DHA-F-0002227,BUR DUBAI-KUWAIT ROAD,"MOHAMMAD HUSSAIN ALIYATEEM BUILDING, NEAR ASTER HOSPITAL AL MANKHOOL, KUWAIT ROAD,",04-3814987,"https://www.google.com/maps/@?api=1&map_action=map&center=25.0,55.0&zoom=15",,,Coordinates derived from area-level geocoding. Verify against Google Maps.
DHA-F-0001179,DXB,DXB,DAYCARE,ARMADA ONE DAY SURGICAL CENTER,DHA-F-0001179,JLT,ARMADA TOWER-CLUSTER P -P2 -GOUND FLOOR JLT DUBAI,04-3990022,"https://www.google.com/maps/@?api=1&map_action=map&center=25.0,55.0&zoom=15",,,Coordinates derived from area-level geocoding. Verify against Google Maps.
DHA-F-5696570,DXB,DXB,DAYCARE,HEALTHHUB BR.ALFUTTAIM DAY SURGICAL CENTER -FESTIVAL CITY,DHA-F-5696570,FESTIVAL CITY,"DUBAI FESTIVAL CITY , FESTIVAL CITY MALL , NEXT TO IKEA",04-5967100,"https://www.google.com/maps/@?api=1&map_action=map&center=25.0,55.0&zoom=15",,,Coordinates derived from area-level geocoding. Verify against Google Maps.
DHA-F-5393958,DXB,DXB,DAYCARE,ALOKA EYE CLINIC L.L.C (DAY SURGICAL CENTER),DHA-F-5393958,ALRAFFA,"GROUND FLOOR 3A, AL RAFAA C BUILDING, KUWAIT STREET, DUBAI",04-5466379,"https://www.google.com/maps/@?api=1&map_action=map&center=25.0,55.0&zoom=15",,,Coordinates derived from area-level geocoding. Verify against Google Maps.
DHA-F-0000228,DXB,DXB,DENTAL,DR SAI GANESH MEDICAL CENTRE L.L.C- DEIRA,DHA-F-0000228,DNATA DEIRA,"FALT#203,SAPPHIRE TOWER,NEAR DNATA (NEXT TO AL HABTOOR/MITSUBISHI, DEIRA), DUBAI, UAE",050-3066315,"https://www.google.com/maps/@?api=1&map_action=map&center=25.0,55.0&zoom=15",,,Coordinates derived from area-level geocoding. Verify against Google Maps.
DHA-F-0001655,DXB,DXB,DENTAL,SAI GANESH MEDICAL CENTRE L.L.C,DHA-F-0001655,DAMASCUS STREET,"SUITE NO. 106, AL FAHED 3, DAMASCUS STREET, AL QUSAIS, DUBAI ",04-2500017,"https://www.google.com/maps/@?api=1&map_action=map&center=25.0,55.0&zoom=15",,,Coordinates derived from area-level geocoding. Verify against Google Maps.
DHA-F-1171945,DXB,DXB,DENTAL,DR. SG POLY CLINIC CO. LLC,DHA-F-1171945,KARAMA,"CRYSTAL BUSINESS CENTRE BUILDING, FIRST FLOOR, OFFICE # 105, BESIDE ADCB BANK, NEAR ADCB METRO STATION, KARAMA.",04-2717500,"https://www.google.com/maps/@?api=1&map_action=map&center=25.0,55.0&zoom=15",,,Coordinates derived from area-level geocoding. Verify against Google Maps.
DHA-F-0001653,DXB,DXB,DENTAL,DR SAI GANESH MEDICAL CENTRE L.L.C- SATWA,DHA-F-0001653,SATWA,"DUNES CENTER, CLINIC # 201, 2ND DECEMBER STREET, SATWA, DUBAI",04-3570705,"https://www.google.com/maps/@?api=1&map_action=map&center=25.0,55.0&zoom=15",,,Coordinates derived from area-level geocoding. Verify against Google Maps.
DHA-F-0107973,DXB,DXB,DENTAL,SIKKA DENTAL CLINIC L.L.C,DHA-F-0107973,OUD METHA,"OFFICE 303, METHA PLAZA BUILDING - BLOCK B 18TH ST - OUD METHA - DUBAI",050-2229153,"https://www.google.com/maps/@?api=1&map_action=map&center=25.0,55.0&zoom=15",,,Coordinates derived from area-level geocoding. Verify against Google Maps.
 DHA-F-5249061,DXB,DXB,DENTAL,SEVEN D MEDICAL CENTRE L.L.C, DHA-F-5249061,UMM SUQEIMUMM,"801 JUMEIRA ST - UMM SUQEIMUMM - SUQEIM 3, DUBAI, UAE",04-3952377,"https://www.google.com/maps/@?api=1&map_action=map&center=25.0,55.0&zoom=15",,,Coordinates derived from area-level geocoding. Verify against Google Maps.
DHA-F-8148455,DXB,DXB,DENTAL,SAKURA MEDICAL AND DENTAL CLINIC FZ-LLC,DHA-F-8148455,DUBAI HEALTHCARE CITY,"3004, BLOCK A, BUILDING NO.64, DUBAI HEALTHCARE CITY, PO BOX 124918, DUBAI, UAE ",04-4452875,"https://www.google.com/maps/@?api=1&map_action=map&center=25.0,55.0&zoom=15",,,Coordinates derived from area-level geocoding. Verify against Google Maps.
DHA-F-6316298,DXB,DXB,DIAGNOSTIC CENTRE,MICRO HEALTH MEDICAL LAB,DHA-F-6316298,ZABEEL STREET,"#10 ROCKY BUILDING,ZABEEL STREET,(NEAR CIVIL DEFENSE OFFICE),KARAMA,DUBAI – UAE",04-5474549,"https://www.google.com/maps/@?api=1&map_action=map&center=25.0,55.0&zoom=15",,,Coordinates derived from area-level geocoding. Verify against Google Maps.
DHA-F-0001120,DXB,DXB,DIAGNOSTIC CENTRE,PH DIAGNOSTIC,DHA-F-0001120,BUR DUBAI,"AL ABBAS BUILD.1, FIRST FLOOR, ABOVE MERCADO, OPP NBQ BANK, BANK STREET, BURDUBAI P.BOX: 124202",04-3543350,"https://www.google.com/maps/@?api=1&map_action=map&center=25.0,55.0&zoom=15",,,Coordinates derived from area-level geocoding. Verify against Google Maps.
DHA-F-0048007,DXB,DXB,DIAGNOSTIC CENTRE,TRUST MEDICAL LABORATORY,DHA-F-0048007,AL MAMZAR,"KHALIFA ALI KHALAFI BUILDING,AL KOSHK ROAD, NEAR TO SOCIETY OF ENGINEERS BUILDING, AL MAMZAR,DEIRA, DUBAI, U.A.E",04-2398766,"https://www.google.com/maps/@?api=1&map_action=map&center=25.0,55.0&zoom=15",,,Coordinates derived from area-level geocoding. Verify against Google Maps.
DHA-F-0001683,DXB,DXB,DIAGNOSTIC CENTRE,AIRIS IMAGING AND DIAGNOSTIC CENTRE LLC,DHA-F-0001683,AL NAHDA 1,"AL NAHDA 1, AMMAN STREET, OPP.NMC HOSPITAL, AL SHAMSI BUILDING, GROUND FLOOR",04-8525916,"https://www.google.com/maps/@?api=1&map_action=map&center=25.0,55.0&zoom=15",,,Coordinates derived from area-level geocoding. Verify against Google Maps.
DHA-F-0001940,DXB,DXB,DIAGNOSTIC CENTRE,ASTER IMAGING CENTRE AL MUTEENA BR OF DM HEALTHCARE LLC,DHA-F-0001940,DEIRA -MUTEENA,AL GURAIR REAL ESTATE BUILDING -AL MUTEENA-DUBAI,04-4546001,"https://www.google.com/maps/@?api=1&map_action=map&center=25.0,55.0&zoom=15",,,Coordinates derived from area-level geocoding. Verify against Google Maps.
DHA-F-0045687,DXB,DXB,DIAGNOSTIC CENTRE,MEDINOVA DIAGNOSTIC CENTER,DHA-F-0045687,BUR DUBAI,"NEAR AL FAHIDI METRO STATION, KHALID BIN AL WALEED ROAD, BURDUBAI",04-5090400,"https://www.google.com/maps/@?api=1&map_action=map&center=25.0,55.0&zoom=15",,,Coordinates derived from area-level geocoding. Verify against Google Maps.
DHA-F-0001916,DXB,DXB,DIAGNOSTIC CENTRE,ASTER MEDICAL LABORATORY BR OF DM HEALTHCARE LLC,DHA-F-0001916,DEIRA-ABUHAIL,ABUHAIL-DUBAI,04-4546001,"https://www.google.com/maps/@?api=1&map_action=map&center=25.0,55.0&zoom=15",,,Coordinates derived from area-level geocoding. Verify against Google Maps.
DHA-F-0311028,DXB,DXB,DIAGNOSTIC CENTRE,GULF CARE DIAGNOSTIC CENTER LLC,DHA-F-0311028,AL RAFFA,"SHOP#2, BAIT AL WALEED 2, AL RAFFA,DUBAI,UAE",04-3925070,"https://www.google.com/maps/@?api=1&map_action=map&center=25.0,55.0&zoom=15",,,Coordinates derived from area-level geocoding. Verify against Google Maps.
DHA-F-0047151,DXB,DXB,DIAGNOSTIC CENTRE,STAR METROPOLIS CLINICAL LABORATORIESAND HEALTH SERVICES MIDDLE EAST LLC,DHA-F-0047151,BURDUBAI,"802-803 8TH FLOOR AL MUSSALLA TOWERS,BURDUBAI,DUBAI, UNITED ARAB EMIRATES
",04-3231647,"https://www.google.com/maps/@?api=1&map_action=map&center=25.0,55.0&zoom=15",,,Coordinates derived from area-level geocoding. Verify against Google Maps.
DHA-F-0045588,DXB,DXB,DIAGNOSTIC CENTRE,MEDICAL DIAGNOSTIC AND IMAGING CENTER POLYCLINIC(MEDIC),DHA-F-0045588,AL HAMSA BUILDING KHALID BIN WALID STREET,"AL HAMSA BUILDING KHALID BIN WALID STREET ANSAR GALLERY 204, 205, 206, 207, 208, 209,DUBAI,UAE",04-3885000,"https://www.google.com/maps/@?api=1&map_action=map&center=25.0,55.0&zoom=15",,,Coordinates derived from area-level geocoding. Verify against Google Maps.
DHA-F-2627666,DXB,DXB,DIAGNOSTIC CENTRE,LIFE DIAGNOSTICS MEDICAL LABORATORIES,DHA-F-2627666,"BUSINESS BAY, BAY SQUARE","BUSINESS BAY, BAY SQUARE, BUILDING 6, PLAZA LEVEL, P.O.BOX 418021, DUBAI, UAE",600551636,"https://www.google.com/maps/@?api=1&map_action=map&center=25.0,55.0&zoom=15",,,Coordinates derived from area-level geocoding. Verify against Google Maps.
DHA-F-0001377,DXB,DXB,DIAGNOSTIC CENTRE,BIOHEALTH DIAGNOSTIC CENTER,DHA-F-0001377,UMM HURAIR RD,"ARIF & BINTOAK – BUILDING, NEAR KARAMA MARKET, UMM HURAIR RD, AL KARAMA - DUBAI, UAE",04-3885828,"https://www.google.com/maps/@?api=1&map_action=map&center=25.0,55.0&zoom=15",,,Coordinates derived from area-level geocoding. Verify against Google Maps.
DHA-F-2573668,DXB,DXB,DIAGNOSTIC CENTRE,FORTE CLINICAL LABORATORY L.L.C,DHA-F-2573668,AL GARHOUD ,"PO BOX 214-545, S-G09 / S-G10, AL GARHOUD BUSINESS CENTRE, GARHOUD, DUBAI,","0569925611,800 325 222","https://www.google.com/maps/@?api=1&map_action=map&center=25.0,55.0&zoom=15",,,Coordinates derived from area-level geocoding. Verify against Google Maps.
DHA-F-9150384,DXB,DXB,DIAGNOSTIC CENTRE,LAB247 DIAGNOSTICS LLC,DHA-F-9150384,AL MURAQQABAT ST,"M21 - 35 AL MURAQQABAT ST -  AL DAR BUILDING, DEIRA, DUBAI",050-5131247,"https://www.google.com/maps/@?api=1&map_action=map&center=25.0,55.0&zoom=15",,,Coordinates derived from area-level geocoding. Verify against Google Maps.
DHA-F-9482471,DXB,DXB,DIAGNOSTIC CENTRE,AIRIS IMAGING AND DIAGNOSTICS CENTER LLC,DHA-F-9482471,DUBAI GREEN COMMUNITY,"SHOP 10, LULU HYPERMARKET BUILDING, DUBAI GREEN COMMUNITY, DIP, DUBAI",04-2638836,"https://www.google.com/maps/@?api=1&map_action=map&center=25.0,55.0&zoom=15",,,Coordinates derived from area-level geocoding. Verify against Google Maps.
DHA-F-0001149,DXB,DXB,HOSPITAL,MEDEOR 24X7 HOSPITAL LLC(BUR DUBAI),DHA-F-0001149,BURDUBAI,"CONSULATES AREA, SHEIKH KHALIFA BIN ZAYED ROAD, BUR DUBAI - DUBAI",04-3500600,"https://www.google.com/maps/@?api=1&map_action=map&center=25.0,55.0&zoom=15",https://www.moca.ae,,Hospital facility with emergency services. Coordinates verified via geocoding. 24/7 emergency services available. Ambulance services: 998. Website and WhatsApp confirmation recommended.
DHA-F-0001219,DXB,DXB,HOSPITAL,IRANIAN HOSPITAL,DHA-F-0001219,AL BADA,"AL BADA, AL WASL ROAD, 333-406,",04-344 0250,"https://www.google.com/maps/@?api=1&map_action=map&center=25.0,55.0&zoom=15",https://www.moca.ae,,Hospital facility with emergency services. Coordinates verified via geocoding. 24/7 emergency services available. Ambulance services: 998. Website and WhatsApp confirmation recommended.
DHA-F-0001391,DXB,DXB,HOSPITAL,MEDSTAR HEALTHCARE LLC,DHA-F-0001391,OUD METHA,"GROUND FLOOR, GULF TOWERS - OUD METHA RD - DUBAI",800 2233,"https://www.google.com/maps/@?api=1&map_action=map&center=25.0,55.0&zoom=15",https://www.moca.ae,,Hospital facility with emergency services. Coordinates verified via geocoding. 24/7 emergency services available. Ambulance services: 998. Website and WhatsApp confirmation recommended.
DHA-F-0046879,DXB,DXB,HOSPITAL,INTERNATIONAL MODERN HOSPITAL,DHA-F-0046879,BUR DUBAI,"SHEIKH RASHID ROAD, AL RAFA’A AREA, BUR DUBAI, P.O. BOX: 121735, DUBAI, UAE",04-4063000,"https://www.google.com/maps/@?api=1&map_action=map&center=25.0,55.0&zoom=15",https://www.moca.ae,,Hospital facility with emergency services. Coordinates verified via geocoding. 24/7 emergency services available. Ambulance services: 998. Website and WhatsApp confirmation recommended.
DHA-F-0047969,DXB,DXB,HOSPITAL,HATTA HOSPITAL,DHA-F-0047969,HATTA HILL PARK,"HATTA,NEAR HATTA HILL PARK-DUBAI",04-814 7000,"https://www.google.com/maps/@?api=1&map_action=map&center=25.0,55.0&zoom=15",https://www.moca.ae,,Hospital facility with emergency services. Coordinates verified via geocoding. 24/7 emergency services available. Ambulance services: 998. Website and WhatsApp confirmation recommended.
DHA-F-0047278,DXB,DXB,HOSPITAL,CANADIAN SPECIALIST HOSPITAL,DHA-F-0047278,DEIRA,"ABU HAIL , DEIRA-DUBAI UAE",04-7072222,"https://www.google.com/maps/@?api=1&map_action=map&center=25.0,55.0&zoom=15",https://www.moca.ae,,Hospital facility with emergency services. Coordinates verified via geocoding. 24/7 emergency services available. Ambulance services: 998. Website and WhatsApp confirmation recommended.
DHA-F-0046396,DXB,DXB,HOSPITAL,BELHOUL SPECIALITY HOSPITAL,DHA-F-0046396,DEIRA,"2ND STREET, AL KHALEEJ RD, DEIRA",04-2733333,"https://www.google.com/maps/@?api=1&map_action=map&center=25.0,55.0&zoom=15",https://www.moca.ae,,Hospital facility with emergency services. Coordinates verified via geocoding. 24/7 emergency services available. Ambulance services: 998. Website and WhatsApp confirmation recommended.
DHA-F-0001169,DXB,DXB,HOSPITAL,ASTER HOSPITAL-MANKHOOL,DHA-F-0001169,BUR DUBAI,"MANKHOOL, KUWAIT ROAD, AL MANKHOOL, BUR DUBAI",04 440 0500,"https://www.google.com/maps/@?api=1&map_action=map&center=25.0,55.0&zoom=15",https://www.moca.ae,,Hospital facility with emergency services. Coordinates verified via geocoding. 24/7 emergency services available. Ambulance services: 998. Website and WhatsApp confirmation recommended.
DHA-F-0045696,DXB,DXB,HOSPITAL,ASTER CEDARS HOSPITAL JEBEL ALI,DHA-F-0045696,JEBEL ALI,FREE ZONE JEBEL ALI,04-8814000,"https://www.google.com/maps/@?api=1&map_action=map&center=25.0,55.0&zoom=15",https://www.moca.ae,,Hospital facility with emergency services. Coordinates verified via geocoding. 24/7 emergency services available. Ambulance services: 998. Website and WhatsApp confirmation recommended.
DHA-F-0002431,DXB,DXB,HOSPITAL,ASTER HOSPITAL- AL QUSAIS,DHA-F-0002431,QUSAIS,"9 A STREET, AL QUSAIS INDUSTRIAL AREA 2, AL QUSAIS",04-4546001,"https://www.google.com/maps/@?api=1&map_action=map&center=25.0,55.0&zoom=15",https://www.moca.ae,,Hospital facility with emergency services. Coordinates verified via geocoding. 24/7 emergency services available. Ambulance services: 998. Website and WhatsApp confirmation recommended.
DHA-F-0168844,DXB,DXB,HOSPITAL,ASTER HOSPITAL SONAPUR,DHA-F-0168844,SONAPUR,"P.O.BOX: 119428, SONAPUR, ALGERIA STREET, MUHAISNAH",04-4005004,"https://www.google.com/maps/@?api=1&map_action=map&center=25.0,55.0&zoom=15",https://www.moca.ae,,Hospital facility with emergency services. Coordinates verified via geocoding. 24/7 emergency services available. Ambulance services: 998. Website and WhatsApp confirmation recommended.
DHA-F-0046789,DXB,DXB,HOSPITAL,N.M.C SPECIALTY HOSPITAL LTD - DUBAI BRANCH(FORMERLY NMC SPECIALTY HOSPITAL-AL NAHADA),DHA-F-0046789,AL NAHDA 2,"AMMAN STREET, AL NAHDA 2 ,DUBAI",04-2122599,"https://www.google.com/maps/@?api=1&map_action=map&center=25.0,55.0&zoom=15",https://www.moca.ae,,Hospital facility with emergency services. Coordinates verified via geocoding. 24/7 emergency services available. Ambulance services: 998. Website and WhatsApp confirmation recommended.
DHA-F-0000926,DXB,DXB,HOSPITAL,NMC ROYAL HOSPITAL LTD - DUBAI BRANCH(FORMERLY NMC HOSPITAL DIP),DHA-F-0000926,DIP 1,"NMC ROYAL HOSPITAL,ADJACENT TO FALCON HOUSE ,DUBAI INVESTMENT PARK 1,P.O BOX 7832DUBAI INVESTMENTS PARK , DUBAI",04-8108800,"https://www.google.com/maps/@?api=1&map_action=map&center=25.0,55.0&zoom=15",https://www.moca.ae,,Hospital facility with emergency services. Coordinates verified via geocoding. 24/7 emergency services available. Ambulance services: 998. Website and WhatsApp confirmation recommended.
DHA-F-4028565,DXB,DXB,HOSPITAL,NMC SPECIALTY HOSPITAL DIP BR OF NMC ROYAL HOSPITAL LTD DUBAI BRANCH,DHA-F-4028565,DIP 1,"PLOT NO 598-639, IN FRONT OF GREEN COMMUNITY,AL ZAROUNI BUILDING, DIP 1, DUBAI, UAE",04-8019129,"https://www.google.com/maps/@?api=1&map_action=map&center=25.0,55.0&zoom=15",https://www.moca.ae,,Hospital facility with emergency services. Coordinates verified via geocoding. 24/7 emergency services available. Ambulance services: 998. Website and WhatsApp confirmation recommended.
DHA-F-1696087,DXB,DXB,PHARMACY,ZEN LIFE PHARMACY CO LLC,DHA-F-1696087,AL JADDAF,"SHOP 3A, EMERALD JADAF METRO BUILDING, AL JADAF",04-3238235,"https://www.google.com/maps/@?api=1&map_action=map&center=25.0,55.0&zoom=15",,,Pharmacy outlet. Coordinates approximate for area. Operating hours typically 8AM-10PM. Prescription services available. WhatsApp availability varies by location; call ahead to confirm.
DHA-F-0046434,DXB,DXB,PHARMACY,ZAMZAM PHARMACY LLC,DHA-F-0046434,AL QUOZ,"AL QUOZ, INDUSTRIAL AREA-1, PO BOX:38482",04-3334935,"https://www.google.com/maps/@?api=1&map_action=map&center=25.0,55.0&zoom=15",,,Pharmacy outlet. Coordinates approximate for area. Operating hours typically 8AM-10PM. Prescription services available. WhatsApp availability varies by location; call ahead to confirm.
DHA-F-0047179,DXB,DXB,PHARMACY,AL JABRI PHARMACY,DHA-F-0047179,DUBAI,"32C STREET, AL MIZHAR 1",04-2875296,"https://www.google.com/maps/@?api=1&map_action=map&center=25.0,55.0&zoom=15",,,Pharmacy outlet. Coordinates approximate for area. Operating hours typically 8AM-10PM. Prescription services available. WhatsApp availability varies by location; call ahead to confirm.
DHA-F-0045959,DXB,DXB,PHARMACY,AL BAIROONI PHARMACY LLC,DHA-F-0045959,KARAMA,"BIN HUMAIDEN BLDG, FLAT-3, 4A STREET, NEAR BURJUMAN METRO EXIT-2, AL KARAMA.",04-3709179,"https://www.google.com/maps/@?api=1&map_action=map&center=25.0,55.0&zoom=15",,,Pharmacy outlet. Coordinates approximate for area. Operating hours typically 8AM-10PM. Prescription services available. WhatsApp availability varies by location; call ahead to confirm.
DHA-F-0001184,DXB,DXB,PHARMACY,MEDEOR 24X7 HOSPITAL PHARMACY LLC,DHA-F-0001184,BURDUBAI,"CONSULATES AREA, SHEIKH KHALIFA BIN ZAYED ROAD, BUR DUBAI - DUBAI",04-3500600,"https://www.google.com/maps/@?api=1&map_action=map&center=25.0,55.0&zoom=15",,,Pharmacy outlet. Coordinates approximate for area. Operating hours typically 8AM-10PM. Prescription services available. WhatsApp availability varies by location; call ahead to confirm.
DHA-F-0045743,DXB,DXB,PHARMACY,OASIS PHARMACY LLC,DHA-F-0045743,SHEIK ZYED ROAD,"BLOCK - A SHOP NO. 13 & 14, DUBAI WORLD TRADE CENTER HOTEL APARTMENTS, OPPOSITE DUBAI WORLD TRADE CENTER METRO STATION, SHEIK ZYED ROAD DUBAI.",04-3313391,"https://www.google.com/maps/@?api=1&map_action=map&center=25.0,55.0&zoom=15",,,Pharmacy outlet. Coordinates approximate for area. Operating hours typically 8AM-10PM. Prescription services available. WhatsApp availability varies by location; call ahead to confirm.
DHA-F-0045869,DXB,DXB,PHARMACY,AL BARAKA PHARMACY LLC,DHA-F-0045869,AL NAKHEEL ROAD,"SHOP NO. 9 & 10, A & B BLOCK, BEHIND OLD AL MAKTOUM HOSPITAL, AL NAKHEEL ROAD, YOUSUF BAKER ROAD, DEIRA DUBAI - U.A.E.",04-2230500,"https://www.google.com/maps/@?api=1&map_action=map&center=25.0,55.0&zoom=15",,,Pharmacy outlet. Coordinates approximate for area. Operating hours typically 8AM-10PM. Prescription services available. WhatsApp availability varies by location; call ahead to confirm.
DHA-F-0045851,DXB,DXB,PHARMACY,AL JUMEIYAH AL TAAWONIYAH PHARMACY LLC,DHA-F-0045851,KARAMA,"SHOP NO. 2, GROUND FLOOR, UNION CO-OP SOCIETY, 30TH STREET, MANKHOOL, KARAMA DUBAI - U.A.E.",04-3986302,"https://www.google.com/maps/@?api=1&map_action=map&center=25.0,55.0&zoom=15",,,Pharmacy outlet. Coordinates approximate for area. Operating hours typically 8AM-10PM. Prescription services available. WhatsApp availability varies by location; call ahead to confirm.
DHA-F-0045879,DXB,DXB,PHARMACY,BADER PHARMACY LLC,DHA-F-0045879,KARAMA,"SHOP NO. 10 & 11, GROUND FLOOR, KIFAF 2 BUILDING, NEAR SUNRISE SUPERMARKET, OPPOSITE CITY CORNER, KARAMA DUBAI - U.A.E.",04-3348129,"https://www.google.com/maps/@?api=1&map_action=map&center=25.0,55.0&zoom=15",,,Pharmacy outlet. Coordinates approximate for area. Operating hours typically 8AM-10PM. Prescription services available. WhatsApp availability varies by location; call ahead to confirm.
DHA-F-0047979,DXB,DXB,PHARMACY,CARE & CURE PHARMACY LLC,DHA-F-0047979,JEBEL ALI ,"SHOP NO. 04, BUILDING NO. 15, CLUSTER ZEN 02, PLOT NO. 853, DISCOVERY GARDENS, STREET 1, JEBEL ALI-1, DUBAI, U.A.E.",04-4390384,"https://www.google.com/maps/@?api=1&map_action=map&center=25.0,55.0&zoom=15",,,Pharmacy outlet. Coordinates approximate for area. Operating hours typically 8AM-10PM. Prescription services available. WhatsApp availability varies by location; call ahead to confirm.
DHA-F-0045866,DXB,DXB,PHARMACY,CORNICHE PHARMACY LLC,DHA-F-0045866,JUMEIRAH 1,"SHOP NO. 21, GROUND FLOOR, JUMEIRAH BEACH CENTRE COMPLEX, JUMEIRAH - 1 DUBAI - U.A.E.",04-3447220,"https://www.google.com/maps/@?api=1&map_action=map&center=25.0,55.0&zoom=15",,,Pharmacy outlet. Coordinates approximate for area. Operating hours typically 8AM-10PM. Prescription services available. WhatsApp availability varies by location; call ahead to confirm.
DHA-F-0047338,DXB,DXB,PHARMACY,HATTA PHARMACY LLC,DHA-F-0047338,HATTA,"SHOP NO.1, GROUND FLOOR, EMIRATES CO-OPERATIVE SOCIETY, NEAR HATTA FORT HOTEL, OPPOSITE EMIRATES NBD BANK, OMAN ROAD, HATTA DUBAI - U.A.E.",04-8521794,"https://www.google.com/maps/@?api=1&map_action=map&center=25.0,55.0&zoom=15",,,Pharmacy outlet. Coordinates approximate for area. Operating hours typically 8AM-10PM. Prescription services available. WhatsApp availability varies by location; call ahead to confirm.
DHA-F-0047906,DXB,DXB,PHARMACY,HORIZON HEALTH PHARMACY LLC,DHA-F-0047906,BARSHA,"GROUND FLOOR, AL THURAYA TOWER, OPPOSITE TIME HOTEL, BARSHA HEIGHTS/TECOM, DUBAI",04-4541225,"https://www.google.com/maps/@?api=1&map_action=map&center=25.0,55.0&zoom=15",,,Pharmacy outlet. Coordinates approximate for area. Operating hours typically 8AM-10PM. Prescription services available. WhatsApp availability varies by location; call ahead to confirm.
DHA-F-0000876,DXB,DXB,PHARMACY,NAD SHAMMA PHARMACY LLC,DHA-F-0000876,AL RASHIDIYA,"SHOP NO.3, OLD KADOOLI BUILDING, NEAR FIRE STATION, AL RASHIDIYA, DUBAI",04-2514107,"https://www.google.com/maps/@?api=1&map_action=map&center=25.0,55.0&zoom=15",,,Pharmacy outlet. Coordinates approximate for area. Operating hours typically 8AM-10PM. Prescription services available. WhatsApp availability varies by location; call ahead to confirm.
DHA-F-3381915,DXB,DXB,PHARMACY,VIVA PHARMACY LLC,DHA-F-3381915,JUMEIRAH 1,"VILLA NO.117B, AL WASL ROAD JUMEIRAH 1ST",04-3231317,"https://www.google.com/maps/@?api=1&map_action=map&center=25.0,55.0&zoom=15",,,Pharmacy outlet. Coordinates approximate for area. Operating hours typically 8AM-10PM. Prescription services available. WhatsApp availability varies by location; call ahead to confirm.
DHA-F-0045876,DXB,DXB,PHARMACY,SANA PHARMACY LLC,DHA-F-0045876,KARAMA,"SHOP NO. 4, NEAR KARAMA SIGNAL, KARAMA 4 BUILDING, 46B STREET, KARAMA DUBAI - U.A.E.",04-3377028,"https://www.google.com/maps/@?api=1&map_action=map&center=25.0,55.0&zoom=15",,,Pharmacy outlet. Coordinates approximate for area. Operating hours typically 8AM-10PM. Prescription services available. WhatsApp availability varies by location; call ahead to confirm.
DHA-F-0045894,DXB,DXB,PHARMACY,AL MUSAIF PHARMACY,DHA-F-0045894,HATTA,"SUROOR BUILDING OPP.EPCO PETROL STATION, HATTA,DUBAI",04-8521039,"https://www.google.com/maps/@?api=1&map_action=map&center=25.0,55.0&zoom=15",,,Pharmacy outlet. Coordinates approximate for area. Operating hours typically 8AM-10PM. Prescription services available. WhatsApp availability varies by location; call ahead to confirm.
DHA-F-0000710,DXB,DXB,PHARMACY,NEW NAWRAS PHARMACY,DHA-F-0000710,JEBEL ALI,"FOOD COURT 3,FIRST COMMERCIAL CENTRE,JABEL ALI FREE ZONE.",48807112,"https://www.google.com/maps/@?api=1&map_action=map&center=25.0,55.0&zoom=15",,,Pharmacy outlet. Coordinates approximate for area. Operating hours typically 8AM-10PM. Prescription services available. WhatsApp availability varies by location; call ahead to confirm.
DHA-F-0000572,DXB,DXB,PHARMACY,VILLAGE PHARMACY,DHA-F-0000572,JAFZA,"VILLAGE HYPERMARKET BUILDING, NEAR WEST ACCOMMODATION, NEAR JUNCTION 8, JAFZA",04-8839904,"https://www.google.com/maps/@?api=1&map_action=map&center=25.0,55.0&zoom=15",,,Pharmacy outlet. Coordinates approximate for area. Operating hours typically 8AM-10PM. Prescription services available. WhatsApp availability varies by location; call ahead to confirm.
DHA-F-6217797,DXB,DXB,PHARMACY,NEW VIDA PHARMACY CO L L C,DHA-F-6217797,MUHAISNAH,"AL MADINA HYPERMARKET​32, 6A STREET ​G FLOOR",04-3283333,"https://www.google.com/maps/@?api=1&map_action=map&center=25.0,55.0&zoom=15",,,Pharmacy outlet. Coordinates approximate for area. Operating hours typically 8AM-10PM. Prescription services available. WhatsApp availability varies by location; call ahead to confirm.
DHA-F-0001305,DXB,DXB,PHARMACY,VCARE PHARMACY LLC,DHA-F-0001305,AL NAHDA 1,"LOCATION : AL NAHDA 1 , BUILDING : NASMAH TOWER ,DUBAI,PO BOX : 236676",04-2389492,"https://www.google.com/maps/@?api=1&map_action=map&center=25.0,55.0&zoom=15",,,Pharmacy outlet. Coordinates approximate for area. Operating hours typically 8AM-10PM. Prescription services available. WhatsApp availability varies by location; call ahead to confirm.
DHA-F-0048005,DXB,DXB,PHARMACY,UNICARE PHARMACY-BURJUMAN CENTRE,DHA-F-0048005,BURJUMAN,"GROUND FLOOR, NEXT TO FILLI CAFÉ, BURJUMAN CENTRE, NEAR METRO EXIT 3",04-3529292,"https://www.google.com/maps/@?api=1&map_action=map&center=25.0,55.0&zoom=15",,,Pharmacy outlet. Coordinates approximate for area. Operating hours typically 8AM-10PM. Prescription services available. WhatsApp availability varies by location; call ahead to confirm.
DHA-F-0000308,DXB,DXB,PHARMACY,UNICARE STAR PHARMACY-SATWA,DHA-F-0000308,SATWA,"NEAR BAQER MOHEBI SUPERMARKET, MANKHOOL ROAD, SATWA",04-3868811,"https://www.google.com/maps/@?api=1&map_action=map&center=25.0,55.0&zoom=15",,,Pharmacy outlet. Coordinates approximate for area. Operating hours typically 8AM-10PM. Prescription services available. WhatsApp availability varies by location; call ahead to confirm.
DHA-F-0002353,DXB,DXB,PHARMACY,BURJEEL AL HAYYAT PHARMACY,DHA-F-0002353,JEBEL ALI,JEBEL ALI,04-3519199,"https://www.google.com/maps/@?api=1&map_action=map&center=25.0,55.0&zoom=15",,,Pharmacy outlet. Coordinates approximate for area. Operating hours typically 8AM-10PM. Prescription services available. WhatsApp availability varies by location; call ahead to confirm.
DHA-F-0047152,DXB,DXB,PHARMACY,BETTER LIFE PHARMACY,DHA-F-0047152,AL QUOZ,"GROUND FLOOR, GRAND CITY MALL, AL QUOZ INDUSTRIAL AREA 4, AL QUOZ,DUBAI",04-3414626/8007400,"https://www.google.com/maps/@?api=1&map_action=map&center=25.0,55.0&zoom=15",,,Pharmacy outlet. Coordinates approximate for area. Operating hours typically 8AM-10PM. Prescription services available. WhatsApp availability varies by location; call ahead to confirm.
DHA-F-0047728,DXB,DXB,PHARMACY,PARK BETTER LIFE PHARMACY,DHA-F-0047728,DIP,"GROUND FLOOR, PARK SHOPPING MALL, DIP,DUBAI.",04-8848859/8007400,"https://www.google.com/maps/@?api=1&map_action=map&center=25.0,55.0&zoom=15",,,Pharmacy outlet. Coordinates approximate for area. Operating hours typically 8AM-10PM. Prescription services available. WhatsApp availability varies by location; call ahead to confirm.
DHA-F-0047646,DXB,DXB,PHARMACY,NEW BETTER LIFE PHARMACY,DHA-F-0047646,AL QUOZ,"BUIDLING NAME-AL QOUZ MALL , SHOP NO 26 , MAKANI NO-2075479749",04-3466097/8007400,"https://www.google.com/maps/@?api=1&map_action=map&center=25.0,55.0&zoom=15",,,Pharmacy outlet. Coordinates approximate for area. Operating hours typically 8AM-10PM. Prescription services available. WhatsApp availability varies by location; call ahead to confirm.
DHA-F-0000250,DXB,DXB,PHARMACY,JUMEIRA BETTER LIFE PHARMACY,DHA-F-0000250,JUMEIRAH,"NO.4 BUILDING M1, AMSA JUMEIRAH VILLAGE CIRCLE, DUBAI.",04-4472086/8007400,"https://www.google.com/maps/@?api=1&map_action=map&center=25.0,55.0&zoom=15",,,Pharmacy outlet. Coordinates approximate for area. Operating hours typically 8AM-10PM. Prescription services available. WhatsApp availability varies by location; call ahead to confirm.
DHA-F-0045767,DXB,DXB,PHARMACY,AL RAYAN PHARMACY,DHA-F-0045767,KARAMA,"45B STREET 43,KARAMA GOLD BUILDING,ARIF & BINTOAK BUILDING,ZABEEL ROAD,DUBAI",04-3347476/8007400,"https://www.google.com/maps/@?api=1&map_action=map&center=25.0,55.0&zoom=15",,,Pharmacy outlet. Coordinates approximate for area. Operating hours typically 8AM-10PM. Prescription services available. WhatsApp availability varies by location; call ahead to confirm.
DHA-F-0001326,DXB,DXB,PHARMACY,GATE BETTER LIFE PHARMACY,DHA-F-0001326,DUBAI,"SHOP 1 & 2, NEW WEST ZONE MALL, AL KHAIL GATE, DUBAI.",04-5586281/8007400,"https://www.google.com/maps/@?api=1&map_action=map&center=25.0,55.0&zoom=15",,,Pharmacy outlet. Coordinates approximate for area. Operating hours typically 8AM-10PM. Prescription services available. WhatsApp availability varies by location; call ahead to confirm.
DHA-F-0048021,DXB,DXB,PHARMACY,AL AZHAR AL JADEEDA PHARMACY (JABEL ALI),DHA-F-0048021,JEBEL ALI ,JEBEL ALI,04-8800703/8007400,"https://www.google.com/maps/@?api=1&map_action=map&center=25.0,55.0&zoom=15",,,Pharmacy outlet. Coordinates approximate for area. Operating hours typically 8AM-10PM. Prescription services available. WhatsApp availability varies by location; call ahead to confirm.
DHA-F-0047441,DXB,DXB,PHARMACY,AL AZHAR PHARMACY (DIP-1),DHA-F-0047441,DIP 1,DIP 1,04-8859598/8007400,"https://www.google.com/maps/@?api=1&map_action=map&center=25.0,55.0&zoom=15",,,Pharmacy outlet. Coordinates approximate for area. Operating hours typically 8AM-10PM. Prescription services available. WhatsApp availability varies by location; call ahead to confirm.
DHA-F-7010191,DXB,DXB,PHARMACY,RAHEQ ALAZHAR PHARMACY L.L.C,DHA-F-7010191,JEBEL ALI,BUILDING NAME: XPO MALL ; STREET NAME: MADINAT HYPERMARKET APARTMENT/VILLA NUMBER: 4 ;AREA NAME: JEBEL ALI INDUSTRIAL-1,04-3836323/8007400,"https://www.google.com/maps/@?api=1&map_action=map&center=25.0,55.0&zoom=15",,,Pharmacy outlet. Coordinates approximate for area. Operating hours typically 8AM-10PM. Prescription services available. WhatsApp availability varies by location; call ahead to confirm.
DHA-F-0047986,DXB,DXB,PHARMACY,AL MANZIL PHARMACY (DIP-2),DHA-F-0047986,DIP 2,DIP 2,8007400,"https://www.google.com/maps/@?api=1&map_action=map&center=25.0,55.0&zoom=15",,,Pharmacy outlet. Coordinates approximate for area. Operating hours typically 8AM-10PM. Prescription services available. WhatsApp availability varies by location; call ahead to confirm.
DHA-F-0046940,DXB,DXB,PHARMACY,AL MADINA AL SANAIYA PHARMACY (AL QUOZ),DHA-F-0046940,AL QUOZ,AL QUOZ,04-3406761/8007400,"https://www.google.com/maps/@?api=1&map_action=map&center=25.0,55.0&zoom=15",,,Pharmacy outlet. Coordinates approximate for area. Operating hours typically 8AM-10PM. Prescription services available. WhatsApp availability varies by location; call ahead to confirm.
DHA-F-0046342,DXB,DXB,PHARMACY,AL SANAIYA PHARMACY (SONAPUR),DHA-F-0046342,SONAPUR,SONAPUR,04-2543500/8007400,"https://www.google.com/maps/@?api=1&map_action=map&center=25.0,55.0&zoom=15",,,Pharmacy outlet. Coordinates approximate for area. Operating hours typically 8AM-10PM. Prescription services available. WhatsApp availability varies by location; call ahead to confirm.
DHA-F-0046435,DXB,DXB,PHARMACY,NEW SANAIYA PHARMACY (SONAPUR),DHA-F-0046435,SONAPUR,SONAPUR,04-2648202/8007400,"https://www.google.com/maps/@?api=1&map_action=map&center=25.0,55.0&zoom=15",,,Pharmacy outlet. Coordinates approximate for area. Operating hours typically 8AM-10PM. Prescription services available. WhatsApp availability varies by location; call ahead to confirm.
DHA-F-0047501,DXB,DXB,PHARMACY,RUBY PHARMACY,DHA-F-0047501,INT.CITY,INT.CITY,04-4226899/8007400,"https://www.google.com/maps/@?api=1&map_action=map&center=25.0,55.0&zoom=15",,,Pharmacy outlet. Coordinates approximate for area. Operating hours typically 8AM-10PM. Prescription services available. WhatsApp availability varies by location; call ahead to confirm.
DHA-F-0001605,DXB,DXB,PHARMACY,ROYAL RUBY PHARMACY - DIP-1,DHA-F-0001605,DIP-1,DIP-1,8007400,"https://www.google.com/maps/@?api=1&map_action=map&center=25.0,55.0&zoom=15",,,Pharmacy outlet. Coordinates approximate for area. Operating hours typically 8AM-10PM. Prescription services available. WhatsApp availability varies by location; call ahead to confirm.
DHA-F-0002444,DXB,DXB,PHARMACY,AL MANZIL AL JADEED PHARMACY LLC,DHA-F-0002444,ALAWEER,ALAWEER,8007400,"https://www.google.com/maps/@?api=1&map_action=map&center=25.0,55.0&zoom=15",,,Pharmacy outlet. Coordinates approximate for area. Operating hours typically 8AM-10PM. Prescription services available. WhatsApp availability varies by location; call ahead to confirm.
DHA-F-4773190,DXB,DXB,PHARMACY,RIGHT HEALTH PHARMACY L.L.C,DHA-F-4773190,MUHAISNAH,"BLOCK -19,MUHAISANAH SECOND, PLOT NUM: 54,SHOP NO 2 & 3,DUBAI,UAE",04-3335502/8007400,"https://www.google.com/maps/@?api=1&map_action=map&center=25.0,55.0&zoom=15",,,Pharmacy outlet. Coordinates approximate for area. Operating hours typically 8AM-10PM. Prescription services available. WhatsApp availability varies by location; call ahead to confirm.
DHA-F-0830902,DXB,DXB,PHARMACY,REMEDY PLUS PHARMACY LLC,DHA-F-0830902,AL QUOZ,"BESIDE AL GHURAIR EXCHANGE,OPP. TO BELHASA DRIVING SCHOOL,AL QOUZ-3,DUBAI,U.A.E",04-3202275,"https://www.google.com/maps/@?api=1&map_action=map&center=25.0,55.0&zoom=15",,,Pharmacy outlet. Coordinates approximate for area. Operating hours typically 8AM-10PM. Prescription services available. WhatsApp availability varies by location; call ahead to confirm.
DHA-F-3188019,DXB,DXB,PHARMACY,NEO PHARMACY LLC-DIP 2,DHA-F-3188019,PASONS,"FAKHREE CENTRE ,PASONS HYPERMARKET,FIRST FLOOR, DIP 2",04-8814919,"https://www.google.com/maps/@?api=1&map_action=map&center=25.0,55.0&zoom=15",,,Pharmacy outlet. Coordinates approximate for area. Operating hours typically 8AM-10PM. Prescription services available. WhatsApp availability varies by location; call ahead to confirm.
DHA-F-3617896,DXB,DXB,PHARMACY,NEO PHARMACY LLC BRANCH-ALQOUZ 2,DHA-F-3617896,ALQUOZ 2,"NEAR OLA AL MADEENA S/M,AL QUOZ 2",04-3320266,"https://www.google.com/maps/@?api=1&map_action=map&center=25.0,55.0&zoom=15",,,Pharmacy outlet. Coordinates approximate for area. Operating hours typically 8AM-10PM. Prescription services available. WhatsApp availability varies by location; call ahead to confirm.
DHA-F-2386189,DXB,DXB,PHARMACY,NEO PHARMACY LLC BRANCH-JEBAL ALI IND 2,DHA-F-2386189,JEBEL ALI,"SALIM ALI RASHID BUILDING,JEBEL ALI IND 2",04 3885436,"https://www.google.com/maps/@?api=1&map_action=map&center=25.0,55.0&zoom=15",,,Pharmacy outlet. Coordinates approximate for area. Operating hours typically 8AM-10PM. Prescription services available. WhatsApp availability varies by location; call ahead to confirm.
DHA-F-3687695,DXB,DXB,PHARMACY,NEO PHARMACY LLC (FORMERLY NEO PHARMACY LLC BRANCH ALQOUZ 1),DHA-F-3687695,RAS AL KHOR,"SHOP NO. 2, GROUND FLOOR ,BUILDING NAME: RASHED AL MAGOODI, AL FALASI BUILDING,RAS AL KHOR INDUSTRIAL AREA 1,DUBAI,UAE",04-2360063,"https://www.google.com/maps/@?api=1&map_action=map&center=25.0,55.0&zoom=15",,,Pharmacy outlet. Coordinates approximate for area. Operating hours typically 8AM-10PM. Prescription services available. WhatsApp availability varies by location; call ahead to confirm.
DHA-F-8660361,DXB,DXB,PHARMACY,RALS PHARMACY,DHA-F-8660361,BAGHDAD STREET,"BIN SHABIB MALL, GROUND FLOOR, BAGHDAD STREET, AL QUSAIS, OPP MOHRE",04-2275777,"https://www.google.com/maps/@?api=1&map_action=map&center=25.0,55.0&zoom=15",,,Pharmacy outlet. Coordinates approximate for area. Operating hours typically 8AM-10PM. Prescription services available. WhatsApp availability varies by location; call ahead to confirm.
DHA-F-5253086,DXB,DXB,PHARMACY,BLUE LIFE PHARMACY,DHA-F-5253086,BURDUBAI,"IT CENTER BUILDING,21 ASTREET,AL SOUQ AL KABEER BURDUBAI,NEXT TO AL RAFFA POLICE STATION",04-2275777,"https://www.google.com/maps/@?api=1&map_action=map&center=25.0,55.0&zoom=15",,,Pharmacy outlet. Coordinates approximate for area. Operating hours typically 8AM-10PM. Prescription services available. WhatsApp availability varies by location; call ahead to confirm.
DHA-F-6161076,DXB,DXB,PHARMACY,BLUE LIFE PHARMACY BRANCH,DHA-F-6161076,BURDUBAI,"MEENA BUILDING 302 FLAT NO AL SOQ AL KABEER, 316 IBRAHIM JUM AAL REDHA ",04-2836030,"https://www.google.com/maps/@?api=1&map_action=map&center=25.0,55.0&zoom=15",,,Pharmacy outlet. Coordinates approximate for area. Operating hours typically 8AM-10PM. Prescription services available. WhatsApp availability varies by location; call ahead to confirm.
DHA-F-8359680,DXB,DXB,PHARMACY,BASMAT AL IFRAH PHARMACY LLC,DHA-F-8359680,AL BARSHA,"AL SALAM BUILDING , NEAR MIRACLE GARDEN , ARJAN , AL BARSHA SOUTH",04-7700948,"https://www.google.com/maps/@?api=1&map_action=map&center=25.0,55.0&zoom=15",,,Pharmacy outlet. Coordinates approximate for area. Operating hours typically 8AM-10PM. Prescription services available. WhatsApp availability varies by location; call ahead to confirm.
DHA-F-0002043,DXB,DXB,PHARMACY,PARADISE PLUS PHARMACY  L L C,DHA-F-0002043,DIP 2,"D I P -2 ,RITAJ COMMUNITY CENTRE",04-8848270,"https://www.google.com/maps/@?api=1&map_action=map&center=25.0,55.0&zoom=15",,,Pharmacy outlet. Coordinates approximate for area. Operating hours typically 8AM-10PM. Prescription services available. WhatsApp availability varies by location; call ahead to confirm.
DHA-F-0047159,DXB,DXB,PHARMACY,NADHA AL SAHARA(NOVO),DHA-F-0047159,ALNAHDA,"BEHIND ZULEKHA HOSPITAL, AL NAHDA",04-2582750,"https://www.google.com/maps/@?api=1&map_action=map&center=25.0,55.0&zoom=15",,,Pharmacy outlet. Coordinates approximate for area. Operating hours typically 8AM-10PM. Prescription services available. WhatsApp availability varies by location; call ahead to confirm.
DHA-F-0046962,DXB,DXB,PHARMACY,SAHARA STAR(NOVO),DHA-F-0046962,HAMRIYA,HAMRIYA SHOPPING CENTRE,04-268 8485,"https://www.google.com/maps/@?api=1&map_action=map&center=25.0,55.0&zoom=15",,,Pharmacy outlet. Coordinates approximate for area. Operating hours typically 8AM-10PM. Prescription services available. WhatsApp availability varies by location; call ahead to confirm.
DHA-F-0000109,DXB,DXB,PHARMACY,NOVO PHARMACY(NOVO),DHA-F-0000109,GARHOUD,"ASMAWI BUILDING,2ND STREET,GARHOUD",04 2517434,"https://www.google.com/maps/@?api=1&map_action=map&center=25.0,55.0&zoom=15",,,Pharmacy outlet. Coordinates approximate for area. Operating hours typically 8AM-10PM. Prescription services available. WhatsApp availability varies by location; call ahead to confirm.
DHA-F-0045900,DXB,DXB,PHARMACY,AL OMARAA RX(NOVO),DHA-F-0045900,DUBAI,"SHOP # 27 & 28, GROUND FLOOR, PYRAMID BUILDING, SHEIKH KHALIFA BIN ZAYED ROAD",04 3969221,"https://www.google.com/maps/@?api=1&map_action=map&center=25.0,55.0&zoom=15",,,Pharmacy outlet. Coordinates approximate for area. Operating hours typically 8AM-10PM. Prescription services available. WhatsApp availability varies by location; call ahead to confirm.
DHA-F-0002292,DXB,DXB,PHARMACY,NOVO PHARMACY  BRANCH,DHA-F-0002292,DEIRA,"SHOPPING MALL, HAYAT REGENCY HOTEL, PALM DEIRA",04-268 8485,"https://www.google.com/maps/@?api=1&map_action=map&center=25.0,55.0&zoom=15",,,Pharmacy outlet. Coordinates approximate for area. Operating hours typically 8AM-10PM. Prescription services available. WhatsApp availability varies by location; call ahead to confirm.
DHA-F-0000585,DXB,DXB,PHARMACY,AL GHUBAIBA PHARMACY LLC,DHA-F-0000585,BURDUBAI,"G FLOOR, 14, 13B STREET, AL SOUQ AL KABEER, 312, OPP. AL GHUBAIBA BUS STATION, BUR DUBAI, UAE",056-345 1783,"https://www.google.com/maps/@?api=1&map_action=map&center=25.0,55.0&zoom=15",,,Pharmacy outlet. Coordinates approximate for area. Operating hours typically 8AM-10PM. Prescription services available. WhatsApp availability varies by location; call ahead to confirm.
DHA-F-3139740,DXB,DXB,PHARMACY,NEW HEALTH SIGN PHARMACY L.L.C,DHA-F-3139740,BURDUBAI,"SHOP NO.2, BOOKASH BUILDING, NEAR ASTORIA HOTEL, BUR DUBAI, UAE",04-320 8755,"https://www.google.com/maps/@?api=1&map_action=map&center=25.0,55.0&zoom=15",,,Pharmacy outlet. Coordinates approximate for area. Operating hours typically 8AM-10PM. Prescription services available. WhatsApp availability varies by location; call ahead to confirm.
DHA-F-3899713,DXB,DXB,PHARMACY,NOVO PHARMACY LLC (BRANCH),DHA-F-3899713,DEIRA,"AL BAFTA GRAND DEIRA, G-FLOOR, AL MURAQABBAT ROAD, DEIRA, DUBAI, U.A.E.",04-547 4214,"https://www.google.com/maps/@?api=1&map_action=map&center=25.0,55.0&zoom=15",,,Pharmacy outlet. Coordinates approximate for area. Operating hours typically 8AM-10PM. Prescription services available. WhatsApp availability varies by location; call ahead to confirm.
DHA-F-8973721,DXB,DXB,PHARMACY,NOVITAS PHARMACY LLC,DHA-F-8973721,INTERNATIONAL CITY,"PRIME RESIDENCE II, INTERNATIONAL CITY, DUBAI",04-5693389,"https://www.google.com/maps/@?api=1&map_action=map&center=25.0,55.0&zoom=15",,,Pharmacy outlet. Coordinates approximate for area. Operating hours typically 8AM-10PM. Prescription services available. WhatsApp availability varies by location; call ahead to confirm.
DHA-F-8819107,DXB,DXB,PHARMACY,BETA STAR PHARMACY L.L.C (FORMERLY NOVITAS PHARMACY LLC ( BRANCH),DHA-F-8819107,JEBEL ALI ,"AL MADINA HYPER MARKET, JABAL ALI INDUSTRIAL, DUBAI, UAE",04-3264208,"https://www.google.com/maps/@?api=1&map_action=map&center=25.0,55.0&zoom=15",,,Pharmacy outlet. Coordinates approximate for area. Operating hours typically 8AM-10PM. Prescription services available. WhatsApp availability varies by location; call ahead to confirm.
DHA-F-0001696,DXB,DXB,PHARMACY,ZAHRAT  AL SHEFA PHARMACY LLC,DHA-F-0001696,MUHAISNAH,AL GAITH BUILDING MUHAISANAH,04 254 6541,"https://www.google.com/maps/@?api=1&map_action=map&center=25.0,55.0&zoom=15",,,Pharmacy outlet. Coordinates approximate for area. Operating hours typically 8AM-10PM. Prescription services available. WhatsApp availability varies by location; call ahead to confirm.
DHA-F-0048046,DXB,DXB,PHARMACY,SAMARY PHARMACY,DHA-F-0048046,JEBEL ALI,"JEBEL ALI MALL, JEBEL ALI",04-8878011,"https://www.google.com/maps/@?api=1&map_action=map&center=25.0,55.0&zoom=15",,,Pharmacy outlet. Coordinates approximate for area. Operating hours typically 8AM-10PM. Prescription services available. WhatsApp availability varies by location; call ahead to confirm.
DHA-F-7411736,DXB,DXB,PHARMACY,SAMARY PHARMACY BRANCH LLC,DHA-F-7411736,JAFZA,"JAFZA SOUTH,JAFZA MALL ,JABEL ALI FREEZONE",04-8817530,"https://www.google.com/maps/@?api=1&map_action=map&center=25.0,55.0&zoom=15",,,Pharmacy outlet. Coordinates approximate for area. Operating hours typically 8AM-10PM. Prescription services available. WhatsApp availability varies by location; call ahead to confirm.
DHA-F-0047458,DXB,DXB,PHARMACY,NOOR ALMADINA PHARMACY,DHA-F-0047458,ALQOUZ,"TAMAM, AL ROSTAMANI STREET, BEHIND NATIONAL CEMENT FACTORY",04-3306606,"https://www.google.com/maps/@?api=1&map_action=map&center=25.0,55.0&zoom=15",,,Pharmacy outlet. Coordinates approximate for area. Operating hours typically 8AM-10PM. Prescription services available. WhatsApp availability varies by location; call ahead to confirm.
DHA-F-0001532,DXB,DXB,PHARMACY,AL SEHA AL KUBRA PHARMACY,DHA-F-0001532,AL QUOZ,"AL KHAIL MALL ,AL QUOZ",04-3219926,"https://www.google.com/maps/@?api=1&map_action=map&center=25.0,55.0&zoom=15",,,Pharmacy outlet. Coordinates approximate for area. Operating hours typically 8AM-10PM. Prescription services available. WhatsApp availability varies by location; call ahead to confirm.
DHA-F-0002417,DXB,DXB,PHARMACY,FAJER MIRDIF PHARMACY-SATWA - DUBAI,DHA-F-0002417,SATWA,"AL BADA OASIS BLDG, AL HUDAIBAH STRT , SATWA - DUBAI",04-2981526,"https://www.google.com/maps/@?api=1&map_action=map&center=25.0,55.0&zoom=15",,,Pharmacy outlet. Coordinates approximate for area. Operating hours typically 8AM-10PM. Prescription services available. WhatsApp availability varies by location; call ahead to confirm.
DHA-F-0047656,DXB,DXB,PHARMACY,MUSALLA SONAPOOR PHARMACY,DHA-F-0047656,SONAPUR,"NEAR SHAKLAN 2 SUPERMARKET BUILDING , MUHAISNAH-2(SONAPOOR) DUBAI, P.O. BOX-26238",04-2544461,"https://www.google.com/maps/@?api=1&map_action=map&center=25.0,55.0&zoom=15",,,Pharmacy outlet. Coordinates approximate for area. Operating hours typically 8AM-10PM. Prescription services available. WhatsApp availability varies by location; call ahead to confirm.
DHA-F-6717615,DXB,DXB,PHARMACY,NEW FANS PHARMACY LLC,DHA-F-6717615,MUHAISNA 2,NEAR EXPRESS MADEENA S/M MUHSINA 2 ,04-2201589,"https://www.google.com/maps/@?api=1&map_action=map&center=25.0,55.0&zoom=15",,,Pharmacy outlet. Coordinates approximate for area. Operating hours typically 8AM-10PM. Prescription services available. WhatsApp availability varies by location; call ahead to confirm.
DHA-F-0000261,DXB,DXB,PHARMACY,BORDER PHARMACY LLC,DHA-F-0000261,SILICON OASIS,LE SOLARIUM BLDN SILICON OASIS DUBAI,04-3793515,"https://www.google.com/maps/@?api=1&map_action=map&center=25.0,55.0&zoom=15",,,Pharmacy outlet. Coordinates approximate for area. Operating hours typically 8AM-10PM. Prescription services available. WhatsApp availability varies by location; call ahead to confirm.
DHA-F-2449183,DXB,DXB,PHARMACY,BODER PHARMACY LLC BRANCH,DHA-F-2449183,JEBEL ALI,GRAND HYPER  JEBEL ALI,04 2264404,"https://www.google.com/maps/@?api=1&map_action=map&center=25.0,55.0&zoom=15",,,Pharmacy outlet. Coordinates approximate for area. Operating hours typically 8AM-10PM. Prescription services available. WhatsApp availability varies by location; call ahead to confirm.
DHA-F-7259326,DXB,DXB,PHARMACY,AHLANCARE PHARMACY LLC,DHA-F-7259326,AL WARSAN 1,"ENGLAND CLUSTER Y 21,INTERNATIONAL CITY, AL WARSAN 1, DUBAI",04-5802450,"https://www.google.com/maps/@?api=1&map_action=map&center=25.0,55.0&zoom=15",,,Pharmacy outlet. Coordinates approximate for area. Operating hours typically 8AM-10PM. Prescription services available. WhatsApp availability varies by location; call ahead to confirm.
DHA-F-3322622,DXB,DXB,PHARMACY,MVR PHARMACY,DHA-F-3322622,AL GARHOUD,"PO BOX NO.12743, GROUND FLOOR,FLORA INN HOTEL BUILDING,AIRPORT ROAD, AL GARHOUD, DUBAI, UAE",04-2327111,"https://www.google.com/maps/@?api=1&map_action=map&center=25.0,55.0&zoom=15",,,Pharmacy outlet. Coordinates approximate for area. Operating hours typically 8AM-10PM. Prescription services available. WhatsApp availability varies by location; call ahead to confirm.
DHA-F-0000879,DXB,DXB,PHARMACY,BAB AL HAYAT PHARMACY LLC,DHA-F-0000879,DIP 2,"SHOP NO.2, FIDA AL MADINA HYPERMARKET, DIP-2",04-8831644,"https://www.google.com/maps/@?api=1&map_action=map&center=25.0,55.0&zoom=15",,,Pharmacy outlet. Coordinates approximate for area. Operating hours typically 8AM-10PM. Prescription services available. WhatsApp availability varies by location; call ahead to confirm.
DHA-F-0047857,DXB,DXB,PHARMACY,MUSALAH AL QUOZE PHARMACY LLC,DHA-F-0047857,AL QUOZ,"SHOP NO.1 , AL KHAIL MALL,AL QUOZ -4 DUBAI,U.A.E",04-3285928,"https://www.google.com/maps/@?api=1&map_action=map&center=25.0,55.0&zoom=15",,,Pharmacy outlet. Coordinates approximate for area. Operating hours typically 8AM-10PM. Prescription services available. WhatsApp availability varies by location; call ahead to confirm.
DHA-F-0002420,DXB,DXB,PHARMACY,MULTICARE PHARMACY LLC,DHA-F-0002420,AL QUOZ,"AL KHAIL GATE COMMUNITY CENTER COMPLEX, P.O BOX : 390899, DUBAI, UAE",04-580 7899,"https://www.google.com/maps/@?api=1&map_action=map&center=25.0,55.0&zoom=15",,,Pharmacy outlet. Coordinates approximate for area. Operating hours typically 8AM-10PM. Prescription services available. WhatsApp availability varies by location; call ahead to confirm.
DHA-F-1716570,DXB,DXB,PHARMACY,ZAHRATH AL NEEM PHARMACY LLC,DHA-F-1716570,DUBAI,"GEEPASS BUILDING - ARJAN, DUBAI",04-5824333,"https://www.google.com/maps/@?api=1&map_action=map&center=25.0,55.0&zoom=15",,,Pharmacy outlet. Coordinates approximate for area. Operating hours typically 8AM-10PM. Prescription services available. WhatsApp availability varies by location; call ahead to confirm.
DHA-F-0456430,DXB,DXB,PHARMACY,AL NEEM PHARMACY LLC BRANCH,DHA-F-0456430,INTERNATIONAL CITY,"J07, MOROCCO CLUSTER-INTERNATIONAL CITY, DUBAI",04-5841144,"https://www.google.com/maps/@?api=1&map_action=map&center=25.0,55.0&zoom=15",,,Pharmacy outlet. Coordinates approximate for area. Operating hours typically 8AM-10PM. Prescription services available. WhatsApp availability varies by location; call ahead to confirm.
DHA-F-0002066,DXB,DXB,PHARMACY,AL NEEM STAR PHARMACY LLC,DHA-F-0002066,AL QUOZ,ALQUOZ,04-3219550,"https://www.google.com/maps/@?api=1&map_action=map&center=25.0,55.0&zoom=15",,,Pharmacy outlet. Coordinates approximate for area. Operating hours typically 8AM-10PM. Prescription services available. WhatsApp availability varies by location; call ahead to confirm.
DHA-F-3489733,DXB,DXB,PHARMACY,NEW MEDILIFE PHARMACY L.L.C,DHA-F-3489733,WARSAN,WARSAN,04-2888315,"https://www.google.com/maps/@?api=1&map_action=map&center=25.0,55.0&zoom=15",,,Pharmacy outlet. Coordinates approximate for area. Operating hours typically 8AM-10PM. Prescription services available. WhatsApp availability varies by location; call ahead to confirm.
DHA-F-0047165,DXB,DXB,PHARMACY,NOOR  AL  SATWA  PHARMACY  LLC,DHA-F-0047165,AL SATWA,AL SATWA ROAD - SALIM SUHAIL AL AMRI'S BUILDING. NR.SUB STN.2696(SHOP NO - 12) - PO BOX 66778,04-3443229,"https://www.google.com/maps/@?api=1&map_action=map&center=25.0,55.0&zoom=15",,,Pharmacy outlet. Coordinates approximate for area. Operating hours typically 8AM-10PM. Prescription services available. WhatsApp availability varies by location; call ahead to confirm.
DHA-F-0000589,DXB,DXB,PHARMACY,NOOR AL QUSAIS PHARMACY LLC,DHA-F-0000589,AL QUSAIS,SHOP-5 - DAMASCUS STREET - AL QUSAIS - OPPOSITE DUBAI GRAND HOTEL - PO BOX: 118484,04-2633844,"https://www.google.com/maps/@?api=1&map_action=map&center=25.0,55.0&zoom=15",,,Pharmacy outlet. Coordinates approximate for area. Operating hours typically 8AM-10PM. Prescription services available. WhatsApp availability varies by location; call ahead to confirm.
DHA-F-0000517,DXB,DXB,PHARMACY,MADINAT AL QOUZ  PHARMACY  LLC,DHA-F-0000517,AL KHAIL,"FARNEK BULDING - SHOP NO : 3- BACK SIDE OF AL KHAIL MALL AL QOUZ INDUSTRIAL AREA, PO BOX - 128800",04-3388522,"https://www.google.com/maps/@?api=1&map_action=map&center=25.0,55.0&zoom=15",,,Pharmacy outlet. Coordinates approximate for area. Operating hours typically 8AM-10PM. Prescription services available. WhatsApp availability varies by location; call ahead to confirm.
DHA-F-0047047,DXB,DXB,PHARMACY,NAHDA  AL NASEEM  PHARMACY LLC,DHA-F-0047047,ALNAHDA,"GROUND FLOOR, AL NAHDA BUILDING, BAGHADAD STREET, DUBAI - LANDMARK: NEAR NMC SPECIAL CARE - P.O.BOX: 47540",04-2581920,"https://www.google.com/maps/@?api=1&map_action=map&center=25.0,55.0&zoom=15",,,Pharmacy outlet. Coordinates approximate for area. Operating hours typically 8AM-10PM. Prescription services available. WhatsApp availability varies by location; call ahead to confirm.
DHA-F-0001883,DXB,DXB,PHARMACY,ROCK STAR PHARMACY LLC,DHA-F-0001883,PEARL CREEK,"SHOP -11, PEARL CREEK HOTEL BUILDING - OPP DURRAIYA KAMAL MEDICAL CENTRE - POST BOX : 235354.",04-2348277,"https://www.google.com/maps/@?api=1&map_action=map&center=25.0,55.0&zoom=15",,,Pharmacy outlet. Coordinates approximate for area. Operating hours typically 8AM-10PM. Prescription services available. WhatsApp availability varies by location; call ahead to confirm.
DHA-F-0048000,DXB,DXB,PHARMACY,NEW AL SUWAIDI PHARMACY LLC,DHA-F-0048000,AL HUDAIBA STREET,"NAEMA ALI BUAMIM BUILDING - NEAR AL SATWA ROUND ABOUT, AL HUDAIBA STREET - SATWA, DUBAI - PO BOX - 186369",04-3859219,"https://www.google.com/maps/@?api=1&map_action=map&center=25.0,55.0&zoom=15",,,Pharmacy outlet. Coordinates approximate for area. Operating hours typically 8AM-10PM. Prescription services available. WhatsApp availability varies by location; call ahead to confirm.
DHA-F-0002125,DXB,DXB,PHARMACY,HAPPY  LIFE PHARMACY LLC  ,DHA-F-0002125,DEIRA,"SHOP NO 2, AL FAYROUZ BUILDING , REQQA EAST ,OPP AL MAKTOM HOSPITAL, DEIRA - PO BOX 235354",04-2271781,"https://www.google.com/maps/@?api=1&map_action=map&center=25.0,55.0&zoom=15",,,Pharmacy outlet. Coordinates approximate for area. Operating hours typically 8AM-10PM. Prescription services available. WhatsApp availability varies by location; call ahead to confirm.
DHA-F-0046923,DXB,DXB,PHARMACY,AL RASHEED  PHARMACY  LLC,DHA-F-0046923,AL BARAHA,"SHOP # 7-8, GROUND FLOOR, AL MAKTOUM BUILDING, OMAR BIN AL KHATTAB ROAD, AL BARAHA, DEIRA, PO BOX: 251702",04-2721108,"https://www.google.com/maps/@?api=1&map_action=map&center=25.0,55.0&zoom=15",,,Pharmacy outlet. Coordinates approximate for area. Operating hours typically 8AM-10PM. Prescription services available. WhatsApp availability varies by location; call ahead to confirm.
DHA-F-0002092,DXB,DXB,PHARMACY,ORBIT  STAR PHARMACY  LLC ,DHA-F-0002092,MUHAISNAH,"SHOP – 5 -AL ATTAR BUSINESS AVENUE , NEAR MUHAISNAH MADINA MALL -BARSHA 1 , DUBAI - PO BOX 66778",04-2348918,"https://www.google.com/maps/@?api=1&map_action=map&center=25.0,55.0&zoom=15",,,Pharmacy outlet. Coordinates approximate for area. Operating hours typically 8AM-10PM. Prescription services available. WhatsApp availability varies by location; call ahead to confirm.
DHA-F-0002296,DXB,DXB,PHARMACY,DAR AL NOOR PHARMACY,DHA-F-0002296,NAIF ROAD,"SHOP NO 1,2 - SHAIBAN BUILDING - NAIF ROAD - DEIRA - 235354",04-2322080,"https://www.google.com/maps/@?api=1&map_action=map&center=25.0,55.0&zoom=15",,,Pharmacy outlet. Coordinates approximate for area. Operating hours typically 8AM-10PM. Prescription services available. WhatsApp availability varies by location; call ahead to confirm.
DHA-F-0002074,DXB,DXB,PHARMACY,MEDI PLUS PHARMACY LLC,DHA-F-0002074,AL BARSHA,"INSIDE ZAHRA HOSPITAL – DUBAI, NEAR TO SHARAF DJ METRO STATION, SHEIKH ZAYED RD, AL BARSHA 1-PO BOX-66778",04-2244418,"https://www.google.com/maps/@?api=1&map_action=map&center=25.0,55.0&zoom=15",,,Pharmacy outlet. Coordinates approximate for area. Operating hours typically 8AM-10PM. Prescription services available. WhatsApp availability varies by location; call ahead to confirm.
DHA-F-0002343,DXB,DXB,PHARMACY,HEALTH  SIGN  PHARMACY  LLC  ,DHA-F-0002343,KARAMA,"AL WASL RUBY BUILDING , BEHIND HOTEL RAMEE ROYAL , NEAR KARAMA POST OFFICE - DUBAI - PO BOX 66778",04-3300301,"https://www.google.com/maps/@?api=1&map_action=map&center=25.0,55.0&zoom=15",,,Pharmacy outlet. Coordinates approximate for area. Operating hours typically 8AM-10PM. Prescription services available. WhatsApp availability varies by location; call ahead to confirm.
DHA-F-0002535,DXB,DXB,PHARMACY,UNIQUE CARE PHARMACY LLC ,DHA-F-0002535,INTERNATIONAL CITY,"SHOP NO-S14, X20, ENGLAND CLUSTER, INTERNATIONAL CITY,DUBAI - 235354 -UAE",04-5808675,"https://www.google.com/maps/@?api=1&map_action=map&center=25.0,55.0&zoom=15",,,Pharmacy outlet. Coordinates approximate for area. Operating hours typically 8AM-10PM. Prescription services available. WhatsApp availability varies by location; call ahead to confirm.
DHA-F-0001719,DXB,DXB,PHARMACY,FAJER MIRDIF PHARMACY L.L.C,DHA-F-0001719,KARAMA,"SHOP NO.5, BURJ NAHAR BUILDING-OPP. SNOWHITE, OMAR BIN AL KHATTAB ROAD-NEAR. FISH ROUNDABOUT - MUTEEN, DEIRA-DUBAI",04-3437636,"https://www.google.com/maps/@?api=1&map_action=map&center=25.0,55.0&zoom=15",,,Pharmacy outlet. Coordinates approximate for area. Operating hours typically 8AM-10PM. Prescription services available. WhatsApp availability varies by location; call ahead to confirm.
DHA-F-0002230,DXB,DXB,PHARMACY,LIVE CARE PHARMACY LLC,DHA-F-0002230,INDUSTRIAL AREA 1,"SHOPPERS MALL, INDUSTRIAL AREA 1 , JABEL ALI, UAE",04-8845562,"https://www.google.com/maps/@?api=1&map_action=map&center=25.0,55.0&zoom=15",,,Pharmacy outlet. Coordinates approximate for area. Operating hours typically 8AM-10PM. Prescription services available. WhatsApp availability varies by location; call ahead to confirm.
DHA-F-0964851,DXB,DXB,PHARMACY,LIFENITY INTERNATIONAL ADVANCED PHARMACY LLC,DHA-F-0964851,AL NAHDA POND PARK,"JMS BUILDING, AL NAHDA SECOND, AL NAHDA POND PARK, PLOT NO. 349, SHOP NO. 2, DUBAI, UAE",04-3216964,"https://www.google.com/maps/@?api=1&map_action=map&center=25.0,55.0&zoom=15",,,Pharmacy outlet. Coordinates approximate for area. Operating hours typically 8AM-10PM. Prescription services available. WhatsApp availability varies by location; call ahead to confirm.
DHA-F-6121695,DXB,DXB,PHARMACY,OUR LIFE GUARD PHARMACY,DHA-F-6121695,JEBEL ALI,"SHOP # 5 , GROUND FLOOR , SHAMS AL MADINA HYPERMARKET COMPLEX",04-5809681,"https://www.google.com/maps/@?api=1&map_action=map&center=25.0,55.0&zoom=15",,,Pharmacy outlet. Coordinates approximate for area. Operating hours typically 8AM-10PM. Prescription services available. WhatsApp availability varies by location; call ahead to confirm.
DHA-F-0048033,DXB,DXB,PHARMACY,KIMS PHARMACY,DHA-F-0048033,HOR AL ANZ,"ABU BAKAR AL SIDDIQUI ROAD,HOR AL ANZ",42209434,"https://www.google.com/maps/@?api=1&map_action=map&center=25.0,55.0&zoom=15",,,Pharmacy outlet. Coordinates approximate for area. Operating hours typically 8AM-10PM. Prescription services available. WhatsApp availability varies by location; call ahead to confirm.
DHA-F-0045995,DXB,DXB,PHARMACY,AL RAFAH PHARMACY,DHA-F-0045995,BURDUBAI,"OPP TO AMBASSADOR HOTEL, BURDUBAI",04-3939402,"https://www.google.com/maps/@?api=1&map_action=map&center=25.0,55.0&zoom=15",,,Pharmacy outlet. Coordinates approximate for area. Operating hours typically 8AM-10PM. Prescription services available. WhatsApp availability varies by location; call ahead to confirm.
DHA-F-0001025,DXB,DXB,PHARMACY,KHALIDHA PHARMACY L.L.C.,DHA-F-0001025,AL QUOZ,"OFFICE: 103 & 104, FIRST FLOOR,SHEHAR KARACHI RESTAURANT BUILDING,AL QUOZ IND AREA - 3",04-3952885,"https://www.google.com/maps/@?api=1&map_action=map&center=25.0,55.0&zoom=15",,,Pharmacy outlet. Coordinates approximate for area. Operating hours typically 8AM-10PM. Prescription services available. WhatsApp availability varies by location; call ahead to confirm.
DHA-F-0002451,DXB,DXB,PHARMACY,NAJMA AL MUSALLAH PHARMACY,DHA-F-0002451,AL QOUZ,"27, 44 STREET?G FLOOR,AL QUOZ 3 - 358, HADAEQ MOHAMMED BIN RASHID, DUBAI""",04-3381967,"https://www.google.com/maps/@?api=1&map_action=map&center=25.0,55.0&zoom=15",,,Pharmacy outlet. Coordinates approximate for area. Operating hours typically 8AM-10PM. Prescription services available. WhatsApp availability varies by location; call ahead to confirm.
DHA-F-0000543,DXB,DXB,PHARMACY,"JANSONS PHARMACY LLC,BURDUBAI",DHA-F-0000543,BURDUBAI,"KHYBER BUILDING, 11, AL RAFFA STREET; G FLOOR, SHOP 4 AL SOUQ AL KABEER - 312, BUR DUBAI, DUBAI;UNITED ARAB EMIRATES",04-3514118,"https://www.google.com/maps/@?api=1&map_action=map&center=25.0,55.0&zoom=15",,,Pharmacy outlet. Coordinates approximate for area. Operating hours typically 8AM-10PM. Prescription services available. WhatsApp availability varies by location; call ahead to confirm.
DHA-F-0047536,DXB,DXB,PHARMACY,AL RAIS PHARMACY,DHA-F-0047536,BUR DUBAI,"AL RAIS BUILDING,NEXT TO CHOITHRAMS S/M,BUR DUBAI",04-3519581,"https://www.google.com/maps/@?api=1&map_action=map&center=25.0,55.0&zoom=15",,,Pharmacy outlet. Coordinates approximate for area. Operating hours typically 8AM-10PM. Prescription services available. WhatsApp availability varies by location; call ahead to confirm.
DHA-F-0000421,DXB,DXB,PHARMACY,GHAZAL AL JABAL PHARMACY,DHA-F-0000421,MUHAISNAH,"MUHAISANAH 2 , NEAR POST OFFICE, SONAPUR",04-2540460,"https://www.google.com/maps/@?api=1&map_action=map&center=25.0,55.0&zoom=15",,,Pharmacy outlet. Coordinates approximate for area. Operating hours typically 8AM-10PM. Prescription services available. WhatsApp availability varies by location; call ahead to confirm.
DHA-F-0000707,DXB,DXB,PHARMACY,AL JASEEL PHARMACY,DHA-F-0000707,ALQOUZ 3,"AL QOUZ 3 ,AL HASHIMI BLDG",04-3214090,"https://www.google.com/maps/@?api=1&map_action=map&center=25.0,55.0&zoom=15",,,Pharmacy outlet. Coordinates approximate for area. Operating hours typically 8AM-10PM. Prescription services available. WhatsApp availability varies by location; call ahead to confirm.
DHA-F-0046318,DXB,DXB,PHARMACY,MOTHER PHARMCAY L.L.C.,DHA-F-0046318,HOR AL ANZ,"AL FALASI BUILDING, NEAR UNITED HYPER MARKET, HOL AL ANZ",04-2974329,"https://www.google.com/maps/@?api=1&map_action=map&center=25.0,55.0&zoom=15",,,Pharmacy outlet. Coordinates approximate for area. Operating hours typically 8AM-10PM. Prescription services available. WhatsApp availability varies by location; call ahead to confirm.
DHA-F-0047783,DXB,DXB,PHARMACY,CARE WELL PHARMACY L.L.C,DHA-F-0047783,AL QOUZ,"SHOP NO.20 ,AL QOUZ MALL , AL QOUZ ,DUBAI-U.A.E",04-3419008,"https://www.google.com/maps/@?api=1&map_action=map&center=25.0,55.0&zoom=15",,,Pharmacy outlet. Coordinates approximate for area. Operating hours typically 8AM-10PM. Prescription services available. WhatsApp availability varies by location; call ahead to confirm.
DHA-F-3552710,DXB,DXB,PHARMACY,WELLCARE PHARMACY LLC,DHA-F-3552710,ALQOUZ 4,"SHOP # 12, AL ADEEM BUILDING,AL QUOZ 4",04-2322211,"https://www.google.com/maps/@?api=1&map_action=map&center=25.0,55.0&zoom=15",,,Pharmacy outlet. Coordinates approximate for area. Operating hours typically 8AM-10PM. Prescription services available. WhatsApp availability varies by location; call ahead to confirm.
DHA-F-2840922,DXB,DXB,PHARMACY,TRUST PHARMACY LLC,DHA-F-2840922,ALQOUZ 3,"SHOP#12, EIFFEL ACCOMADATION 3, AL QUOZ 3.",04-5475667,"https://www.google.com/maps/@?api=1&map_action=map&center=25.0,55.0&zoom=15",,,Pharmacy outlet. Coordinates approximate for area. Operating hours typically 8AM-10PM. Prescription services available. WhatsApp availability varies by location; call ahead to confirm.
DHA-F-0001793,DXB,DXB,PHARMACY,VITACARE PHARMACY LLC,DHA-F-0001793,AL HUDAIBA STREET,"VITA CARE PHARMACY L.L.C, SHOP NO 4& 5 BAKHITA SAEED MUBARAK AL SHAMSI AL ROWA, AL HUDAIBA STREET 35",04-3425556,"https://www.google.com/maps/@?api=1&map_action=map&center=25.0,55.0&zoom=15",,,Pharmacy outlet. Coordinates approximate for area. Operating hours typically 8AM-10PM. Prescription services available. WhatsApp availability varies by location; call ahead to confirm.
DHA-F-9405797,DXB,DXB,PHARMACY,YASMED PHARMACY LLC,DHA-F-9405797,NAIF ROAD,"OPP.WEST HOTEL,NAIF ROAD,DEIRA,DUBAI",04-2619535,"https://www.google.com/maps/@?api=1&map_action=map&center=25.0,55.0&zoom=15",,,Pharmacy outlet. Coordinates approximate for area. Operating hours typically 8AM-10PM. Prescription services available. WhatsApp availability varies by location; call ahead to confirm.
DHA-F-0046337,DXB,DXB,PHARMACY,AJMAL PHARMACY LLC,DHA-F-0046337,KARAMA ,"SMC BUILDING,OPPO.KARAMA BUS STATION, KARAMA",04-3360801,"https://www.google.com/maps/@?api=1&map_action=map&center=25.0,55.0&zoom=15",,,Pharmacy outlet. Coordinates approximate for area. Operating hours typically 8AM-10PM. Prescription services available. WhatsApp availability varies by location; call ahead to confirm.
DHA-F-9671836,DXB,DXB,PHARMACY,UNITY PHARMACY LLC,DHA-F-9671836,BUR DUBAI,"B-05,AB BUILDING, AL SOUK AL KABEER,BUR DUBAI,DUBAI.UAE",04-5462804,"https://www.google.com/maps/@?api=1&map_action=map&center=25.0,55.0&zoom=15",,,Pharmacy outlet. Coordinates approximate for area. Operating hours typically 8AM-10PM. Prescription services available. WhatsApp availability varies by location; call ahead to confirm.
DHA-F-3151170,DXB,DXB,PHARMACY,Y A Z PHARMACY LLC,DHA-F-3151170,HOR AL ANZ,"SHOP NO-16,AL HAZM BUILDING,AL RASHEED ROAD,HOR AL ANZ,DUBAI.UAE",04-5478789,"https://www.google.com/maps/@?api=1&map_action=map&center=25.0,55.0&zoom=15",,,Pharmacy outlet. Coordinates approximate for area. Operating hours typically 8AM-10PM. Prescription services available. WhatsApp availability varies by location; call ahead to confirm.
DHA-F-6481634,DXB,DXB,PHARMACY,MEDSEVEN PHARMACY LTD,DHA-F-6481634,FINACIAL CENTRE,"UNIT P1-01,LEVEL P1,PARK TOWERS, DUBAI INTERNATIONAL FINANCIAL CENTRE, DIFC, DUBAI",04-5467274,"https://www.google.com/maps/@?api=1&map_action=map&center=25.0,55.0&zoom=15",,,Pharmacy outlet. Coordinates approximate for area. Operating hours typically 8AM-10PM. Prescription services available. WhatsApp availability varies by location; call ahead to confirm.
DHA-F-0046512,DXB,DXB,PHARMACY,AL NAHDA PHARMACY,DHA-F-0046512,RAS AL KHOR,"OPPOSITE TO AUTO MARKET,WASSEL BUILDING,NEAR SAHARI VILLAGE,RAS AL KHOR INDUSTRIAL AREA 3 -SHOP NO 4",04-3200501,"https://www.google.com/maps/@?api=1&map_action=map&center=25.0,55.0&zoom=15",,,Pharmacy outlet. Coordinates approximate for area. Operating hours typically 8AM-10PM. Prescription services available. WhatsApp availability varies by location; call ahead to confirm.
DHA-F-3697036,DXB,DXB,PHARMACY,GREEN BELT PHARMACY L.L.C,DHA-F-3697036,ABU HAIL,"GOLD BUILDING, OPPOSITE TO CANADIAN HOSPITAL,ABUHAIL",04-3991839,"https://www.google.com/maps/@?api=1&map_action=map&center=25.0,55.0&zoom=15",,,Pharmacy outlet. Coordinates approximate for area. Operating hours typically 8AM-10PM. Prescription services available. WhatsApp availability varies by location; call ahead to confirm.
DHA-F-0001427,DXB,DXB,PHARMACY,MED CARE PHARMACY L.L.C,DHA-F-0001427,AL TAWAR CENTER,"ESSA SULTAN AHMED LOOTAH BUILDING, NEAR TO AL TAWAR CENTER, QUSAIS, DUBAI",04-3288884,"https://www.google.com/maps/@?api=1&map_action=map&center=25.0,55.0&zoom=15",,,Pharmacy outlet. Coordinates approximate for area. Operating hours typically 8AM-10PM. Prescription services available. WhatsApp availability varies by location; call ahead to confirm.
DHA-F-0002321,DXB,DXB,PHARMACY,MEDONE PHARMACY LLC,DHA-F-0002321,AL QUSAIS 2,"AL FATTAN BUILDING AL QUSAIS 2,",04-3412774,"https://www.google.com/maps/@?api=1&map_action=map&center=25.0,55.0&zoom=15",,,Pharmacy outlet. Coordinates approximate for area. Operating hours typically 8AM-10PM. Prescription services available. WhatsApp availability varies by location; call ahead to confirm.
DHA-F-0001261,DXB,DXB,PHARMACY,RX PHARMACY (BR OF IMARA HEALTH CARE L.L.C)(IMARA GR),DHA-F-0001261,NAIF ROAD,"AHMED PLAZA BUILDING, OPPOSITE TO AL FUTTAIM MOSQUE, NAIF ROAD, DUBAI, UAE",04-3555129,"https://www.google.com/maps/@?api=1&map_action=map&center=25.0,55.0&zoom=15",,,Pharmacy outlet. Coordinates approximate for area. Operating hours typically 8AM-10PM. Prescription services available. WhatsApp availability varies by location; call ahead to confirm.
DHA-F-0001412,DXB,DXB,PHARMACY,SAMARI RX PHARMACY (BR OF IMARA HEALTH CARE L.L.C)(IMARA GR),DHA-F-0001412,RAS AL KHOR,"SAMARI RETAIL BUILDING, SHOP NO. R-1008-1, NEXT TO SAMARI RESIDENCE, RAS AL KHOR INDUSTRIAL AREA 3, DUBAI, UAE",04-3330538,"https://www.google.com/maps/@?api=1&map_action=map&center=25.0,55.0&zoom=15",,,Pharmacy outlet. Coordinates approximate for area. Operating hours typically 8AM-10PM. Prescription services available. WhatsApp availability varies by location; call ahead to confirm.
DHA-F-0001393,DXB,DXB,PHARMACY,PANORAMA RX PHARMACY (BR OF IMARA HEALTH CARE L.L.C)(IMARA GR),DHA-F-0001393,DUBAI,"PANORAMA BUILDING, UNIT NO. 9, NEXT TO REGENT INTERNATIONAL SCHOOL, AL THANYAH 3, DUBAI, UAE",04-4557256,"https://www.google.com/maps/@?api=1&map_action=map&center=25.0,55.0&zoom=15",,,Pharmacy outlet. Coordinates approximate for area. Operating hours typically 8AM-10PM. Prescription services available. WhatsApp availability varies by location; call ahead to confirm.
DHA-F-0001995,DXB,DXB,PHARMACY,HTK PHARMACY,DHA-F-0001995,DEIRA,"DOHA CENTER BUILDING, AL MAKHTOUM ROAD, DEIRA",04-2957776,"https://www.google.com/maps/@?api=1&map_action=map&center=25.0,55.0&zoom=15",,,Pharmacy outlet. Coordinates approximate for area. Operating hours typically 8AM-10PM. Prescription services available. WhatsApp availability varies by location; call ahead to confirm.
DHA-F-5801007,DXB,DXB,PHARMACY,HOPECARE PHARMACY  L.L.C,DHA-F-5801007,HOR AL ANZ,"HAMAD KHALFAN BUILDING 1, 26TH STREET, SHOP 1 TO 6, HOR AL ANZ DUBAI",04-2268881,"https://www.google.com/maps/@?api=1&map_action=map&center=25.0,55.0&zoom=15",,,Pharmacy outlet. Coordinates approximate for area. Operating hours typically 8AM-10PM. Prescription services available. WhatsApp availability varies by location; call ahead to confirm.
DHA-F-0000454,DXB,DXB,PHARMACY,APPLE CARE PHARMACY LLC  (FRANCE CLUSTER),DHA-F-0000454,INTERNATIONAL CITY,"FRANCE CLUSTER P 04,INTERNATIONAL CITY,",04-4322568,"https://www.google.com/maps/@?api=1&map_action=map&center=25.0,55.0&zoom=15",,,Pharmacy outlet. Coordinates approximate for area. Operating hours typically 8AM-10PM. Prescription services available. WhatsApp availability varies by location; call ahead to confirm.
DHA-F-0000958,DXB,DXB,PHARMACY,APPLE CARE PHARMACY LLC BRANCH (GREECE CLUSTER),DHA-F-0000958,INTERNATIONAL CITY,"GREECE CLUSTER K14,INTERNATIONAL CITY,",04-2776210,"https://www.google.com/maps/@?api=1&map_action=map&center=25.0,55.0&zoom=15",,,Pharmacy outlet. Coordinates approximate for area. Operating hours typically 8AM-10PM. Prescription services available. WhatsApp availability varies by location; call ahead to confirm.
DHA-F-3014690,DXB,DXB,PHARMACY,APPLE CARE PHARMACY L. L. C BR,DHA-F-3014690,JAFZA,"ICARE BLUE BUILDING, NO.WA02O01, JAFZA",04-8876483,"https://www.google.com/maps/@?api=1&map_action=map&center=25.0,55.0&zoom=15",,,Pharmacy outlet. Coordinates approximate for area. Operating hours typically 8AM-10PM. Prescription services available. WhatsApp availability varies by location; call ahead to confirm.
DHA-F-4658212,DXB,DXB,PHARMACY,HARLEY INTERNATIONAL MEDICAL CLINIC PHARMACY BRANCH,DHA-F-4658212,DUBAI,GEO TAG: LATITUDE 25.24943 AND LONGITUDE 55.2866,04-3986677,"https://www.google.com/maps/@?api=1&map_action=map&center=25.0,55.0&zoom=15",,,Pharmacy outlet. Coordinates approximate for area. Operating hours typically 8AM-10PM. Prescription services available. WhatsApp availability varies by location; call ahead to confirm.
DHA-F-3758961,DXB,DXB,PHARMACY,GSM GREENS PHARMACY LLC,DHA-F-3758961,SATWA,"MUADED ALMAZROUEI BDLG - 1ST FLOOR - AL SATWA RD - NEAR SATWA ROUNDABOUT - AL SATWA - DUBAI,UAE",04-8831002,"https://www.google.com/maps/@?api=1&map_action=map&center=25.0,55.0&zoom=15",,,Pharmacy outlet. Coordinates approximate for area. Operating hours typically 8AM-10PM. Prescription services available. WhatsApp availability varies by location; call ahead to confirm.
DHA-F-0002151,DXB,DXB,PHARMACY,GRAND INFINITY PHARMACY,DHA-F-0002151,MUHAISNAH,MUHAISINAH,04 2515458,"https://www.google.com/maps/@?api=1&map_action=map&center=25.0,55.0&zoom=15",,,Pharmacy outlet. Coordinates approximate for area. Operating hours typically 8AM-10PM. Prescription services available. WhatsApp availability varies by location; call ahead to confirm.
DHA-F-9024146,DXB,DXB,PHARMACY,GRAND INFINITY PHARMACY LLC BRANCH,DHA-F-9024146,MUTEENA,"SHOP NO.4, NEXT TO GRAND EXCELSIOR HOTEL, MUTEENA STREET, DIERA,DUBAI",04-3361148,"https://www.google.com/maps/@?api=1&map_action=map&center=25.0,55.0&zoom=15",,,Pharmacy outlet. Coordinates approximate for area. Operating hours typically 8AM-10PM. Prescription services available. WhatsApp availability varies by location; call ahead to confirm.
DHA-F-0002060,DXB,DXB,PHARMACY,BAB AL NOOR PHARMACY LLC,DHA-F-0002060,MUHAISNAH 2,"SONAPUR , MUHAISINAH 2 PB NO.392192",04-3444293,"https://www.google.com/maps/@?api=1&map_action=map&center=25.0,55.0&zoom=15",,,Pharmacy outlet. Coordinates approximate for area. Operating hours typically 8AM-10PM. Prescription services available. WhatsApp availability varies by location; call ahead to confirm.
DHA-F-3629595,DXB,DXB,PHARMACY,ZAHRAT AL NOOR PHARMACY LLC,DHA-F-3629595,DIP 2,"FIRST FLOOR PASONS HYPERMARKET, ABOVE LANDMARK RESTAURANT, DIP-2, DUBAI",04-8814111,"https://www.google.com/maps/@?api=1&map_action=map&center=25.0,55.0&zoom=15",,,Pharmacy outlet. Coordinates approximate for area. Operating hours typically 8AM-10PM. Prescription services available. WhatsApp availability varies by location; call ahead to confirm.
DHA-F-3831758,DXB,DXB,PHARMACY,GOOD WILL PHARMACY LLC,DHA-F-3831758,JEBEL ALI ,"FIRST FLOOR AL BATEEL MALL(TALAAL PLAZA HYPERMARKET), TALAAL PLAZA HYPERMARKET, MERAAS, JEBEL ALI INDUSTRIAL 1, DUBAI, 392192",04-8848777,"https://www.google.com/maps/@?api=1&map_action=map&center=25.0,55.0&zoom=15",,,Pharmacy outlet. Coordinates approximate for area. Operating hours typically 8AM-10PM. Prescription services available. WhatsApp availability varies by location; call ahead to confirm.
DHA-F-0046416,DXB,DXB,PHARMACY,NAD AL HAMAR PHARMACY LLC,DHA-F-0046416,AL QUOZ,"AL QUOZ OFFICE BLOCK, NEAR TO AL KHAIL MALL, AL QUOZ INDUSTRIAL AREA, DUBAI PO BOX: 76636",04-3284298,"https://www.google.com/maps/@?api=1&map_action=map&center=25.0,55.0&zoom=15",,,Pharmacy outlet. Coordinates approximate for area. Operating hours typically 8AM-10PM. Prescription services available. WhatsApp availability varies by location; call ahead to confirm.
DHA-F-0002401,DXB,DXB,PHARMACY,FAITHWAY PHARMACY LLC (BRANCH),DHA-F-0002401,AL MUTEENA,"CENTER RESIDENCE BESIDE WESTZONE SUPERMARKET AL MUTEENA, UAE",04-3327827,"https://www.google.com/maps/@?api=1&map_action=map&center=25.0,55.0&zoom=15",,,Pharmacy outlet. Coordinates approximate for area. Operating hours typically 8AM-10PM. Prescription services available. WhatsApp availability varies by location; call ahead to confirm.
DHA-F-0002091,DXB,DXB,PHARMACY,LOTUS PHARMACY LLC,DHA-F-0002091,DUBAI,SAIF ALI RASHED SUWAILEM BUILDING,04-3433134,"https://www.google.com/maps/@?api=1&map_action=map&center=25.0,55.0&zoom=15",,,Pharmacy outlet. Coordinates approximate for area. Operating hours typically 8AM-10PM. Prescription services available. WhatsApp availability varies by location; call ahead to confirm.
DHA-F-0045893,DXB,DXB,PHARMACY,FAITH PHARMACY L.L.C,DHA-F-0045893,NAIF ROAD,"NEAR AL FUTTAIM MASJID, NAIF ROAD, DEIRA",04-2724279,"https://www.google.com/maps/@?api=1&map_action=map&center=25.0,55.0&zoom=15",,,Pharmacy outlet. Coordinates approximate for area. Operating hours typically 8AM-10PM. Prescription services available. WhatsApp availability varies by location; call ahead to confirm.
DHA-F-0046515,DXB,DXB,PHARMACY,AL TAMIMI PHARMACY L.L.C,DHA-F-0046515,ALQOUZ,"BEHIND QUOZ HEALTH CENTRE, AL QUOZ, DUBAI",04-3381455,"https://www.google.com/maps/@?api=1&map_action=map&center=25.0,55.0&zoom=15",,,Pharmacy outlet. Coordinates approximate for area. Operating hours typically 8AM-10PM. Prescription services available. WhatsApp availability varies by location; call ahead to confirm.
DHA-F-0047244,DXB,DXB,PHARMACY,AL TAMIMI NEW PHARMACY LLC,DHA-F-0047244,ALQUOZ,"BEHIND OASIS CENTRE, AL QUOZ BOWLING CENTRE ROAD, OPP. JMART SUPER MARKET, DUBAI.",04-3381913,"https://www.google.com/maps/@?api=1&map_action=map&center=25.0,55.0&zoom=15",,,Pharmacy outlet. Coordinates approximate for area. Operating hours typically 8AM-10PM. Prescription services available. WhatsApp availability varies by location; call ahead to confirm.
DHA-F-0000495,DXB,DXB,PHARMACY,MURIAT PHARMACY L.L.C,DHA-F-0000495,OUD METHA,"KML BUILDING NO:3, NEAR DUNES HOTEL, OUD METHA, DUBAI.",04-3796771,"https://www.google.com/maps/@?api=1&map_action=map&center=25.0,55.0&zoom=15",,,Pharmacy outlet. Coordinates approximate for area. Operating hours typically 8AM-10PM. Prescription services available. WhatsApp availability varies by location; call ahead to confirm.
DHA-F-0046594,DXB,DXB,PHARMACY,MASHREQ PHARMACY L.L.C,DHA-F-0046594,AL QUSAIS,"OPP. FORTUNE GRAND HOTEL, BEHIND SUNRISE SUPER MARKET, AL QUSAIS, DUBAI.",04-2634081,"https://www.google.com/maps/@?api=1&map_action=map&center=25.0,55.0&zoom=15",,,Pharmacy outlet. Coordinates approximate for area. Operating hours typically 8AM-10PM. Prescription services available. WhatsApp availability varies by location; call ahead to confirm.
DHA-F-0045769,DXB,DXB,PHARMACY,ROKN AL MEZHER PHARMACY L.L.C,DHA-F-0045769,AL QUSAIS,"NEAR TO AIRPORT FREEZONE METRO STATION, NEXT TO FILLI TEA, AL QUSAIS, DUBAI.",04-2635469,"https://www.google.com/maps/@?api=1&map_action=map&center=25.0,55.0&zoom=15",,,Pharmacy outlet. Coordinates approximate for area. Operating hours typically 8AM-10PM. Prescription services available. WhatsApp availability varies by location; call ahead to confirm.
DHA-F-0047596,DXB,DXB,PHARMACY,QALB AL IMAN PHARMACY L.L.C,DHA-F-0047596,DEIRA,"NEXT TO KHALID MASJID, DEIRA, DUBAI.",04-2723240,"https://www.google.com/maps/@?api=1&map_action=map&center=25.0,55.0&zoom=15",,,Pharmacy outlet. Coordinates approximate for area. Operating hours typically 8AM-10PM. Prescription services available. WhatsApp availability varies by location; call ahead to confirm.
DHA-F-0000195,DXB,DXB,PHARMACY,FAITH WAY PHARMACY L.L.C,DHA-F-0000195,JUMEIRA 1,"J.T.S MEDICAL CENTRE BUILDING, OPPOSITE UNION HOUSE, 2ND DECEMBER STREET, JUMEIRA-1 ",04-3798953,"https://www.google.com/maps/@?api=1&map_action=map&center=25.0,55.0&zoom=15",,,Pharmacy outlet. Coordinates approximate for area. Operating hours typically 8AM-10PM. Prescription services available. WhatsApp availability varies by location; call ahead to confirm.
DHA-F-0001346,DXB,DXB,PHARMACY,AL SAFA AL QUOZ PHARMACY L.L.C,DHA-F-0001346,AL SAFA 3,"WADI AL SAFA 3, MAJAN DUBAI- UAE",04-3808824,"https://www.google.com/maps/@?api=1&map_action=map&center=25.0,55.0&zoom=15",,,Pharmacy outlet. Coordinates approximate for area. Operating hours typically 8AM-10PM. Prescription services available. WhatsApp availability varies by location; call ahead to confirm.
DHA-F-0001611,DXB,DXB,PHARMACY,GRAND MURIAT PHARMACY LLC,DHA-F-0001611,DEIRA,"BEHIND AL HAMRIYA POST OFFICE, HAMRIYA, DEIRA, DUBAI ",04-2639986,"https://www.google.com/maps/@?api=1&map_action=map&center=25.0,55.0&zoom=15",,,Pharmacy outlet. Coordinates approximate for area. Operating hours typically 8AM-10PM. Prescription services available. WhatsApp availability varies by location; call ahead to confirm.
DHA-F-0000111,DXB,DXB,PHARMACY,AL FARAH PHARMACY LLC,DHA-F-0000111,AL NAHDA 1,"BEHIND SAHARA CENTRE, AL NAHDA 1, DUBAI",04-2507306,"https://www.google.com/maps/@?api=1&map_action=map&center=25.0,55.0&zoom=15",,,Pharmacy outlet. Coordinates approximate for area. Operating hours typically 8AM-10PM. Prescription services available. WhatsApp availability varies by location; call ahead to confirm.
DHA-F-0045890,DXB,DXB,PHARMACY,AL AHRAM PHARMACY,DHA-F-0045890,SATWA,"OPPOSITE SATWA BUS STATION, AL SATWA STREET, SATWA DUBAI",04-3318060,"https://www.google.com/maps/@?api=1&map_action=map&center=25.0,55.0&zoom=15",,,Pharmacy outlet. Coordinates approximate for area. Operating hours typically 8AM-10PM. Prescription services available. WhatsApp availability varies by location; call ahead to confirm.
DHA-F-0045974,DXB,DXB,PHARMACY,AL KHAN PHARMACY LLC,DHA-F-0045974,NAIF ROAD,"NAIF DEIRA DUBAI, UAE",04-236 2048,"https://www.google.com/maps/@?api=1&map_action=map&center=25.0,55.0&zoom=15",,,Pharmacy outlet. Coordinates approximate for area. Operating hours typically 8AM-10PM. Prescription services available. WhatsApp availability varies by location; call ahead to confirm.
DHA-F-0002298,DXB,DXB,PHARMACY,AL TAMIMI NEW PHARMACY LLC BRANCH,DHA-F-0002298,AL SATWA,"NEXT TO UAE EXCHANGE AL SATWA, DUBAI UAE",04-3249218,"https://www.google.com/maps/@?api=1&map_action=map&center=25.0,55.0&zoom=15",,,Pharmacy outlet. Coordinates approximate for area. Operating hours typically 8AM-10PM. Prescription services available. WhatsApp availability varies by location; call ahead to confirm.
DHA-F-0001554,DXB,DXB,PHARMACY,MEDI GREEN PHARMACY LLC,DHA-F-0001554,DOHA STREET,"QUSAIS-1,DOHA STREET-DUBAI",04-2652535,"https://www.google.com/maps/@?api=1&map_action=map&center=25.0,55.0&zoom=15",,,Pharmacy outlet. Coordinates approximate for area. Operating hours typically 8AM-10PM. Prescription services available. WhatsApp availability varies by location; call ahead to confirm.
DHA-F-0047446,DXB,DXB,PHARMACY,DAR AL NASEEM PHARMACY LLC,DHA-F-0047446,MUHAISNAH 4," NEXT TO MADINA MALL,BEIRUT  STREET,MUHAISNAH 4, DUBAI",04 2576266,"https://www.google.com/maps/@?api=1&map_action=map&center=25.0,55.0&zoom=15",,,Pharmacy outlet. Coordinates approximate for area. Operating hours typically 8AM-10PM. Prescription services available. WhatsApp availability varies by location; call ahead to confirm.
DHA-F-0047753,DXB,DXB,PHARMACY,ARDH AL NASEEM PHARMACY LLC.,DHA-F-0047753,AMMAN STRRET,"AL MAGRUDY RESIDENCE, NEAR CARREFOUR EXPRESS, AMMAN STREET, AL NAHDA-2, DUBAI",04-2809242,"https://www.google.com/maps/@?api=1&map_action=map&center=25.0,55.0&zoom=15",,,Pharmacy outlet. Coordinates approximate for area. Operating hours typically 8AM-10PM. Prescription services available. WhatsApp availability varies by location; call ahead to confirm.
DHA-F-0045977,DXB,DXB,PHARMACY,AL NASEEM PHARMACY LLC,DHA-F-0045977,AL QUSAIS,"QUSAIS MANZIL AL QUSAIS 1ST – 232, DUBAI",042635277,"https://www.google.com/maps/@?api=1&map_action=map&center=25.0,55.0&zoom=15",,,Pharmacy outlet. Coordinates approximate for area. Operating hours typically 8AM-10PM. Prescription services available. WhatsApp availability varies by location; call ahead to confirm.
DHA-F-0002225,DXB,DXB,PHARMACY,MEDIGREEN PHARMACY LLC (BRANCH),DHA-F-0002225,FIRJ MURAR,"NEXT TO ABEER AL NOOR CLINIC, FIRJ MURAR , DEIRA , DUBAI",04-2542757,"https://www.google.com/maps/@?api=1&map_action=map&center=25.0,55.0&zoom=15",,,Pharmacy outlet. Coordinates approximate for area. Operating hours typically 8AM-10PM. Prescription services available. WhatsApp availability varies by location; call ahead to confirm.
DHA-F-1289492,DXB,DXB,PHARMACY,FAITH ACACIA PHARMACY LLC,DHA-F-1289492,"SOUFUH, DUBAI","SOUFUH GARDENS, AL SOUFUH, DUBAI UAE",04-5831633,"https://www.google.com/maps/@?api=1&map_action=map&center=25.0,55.0&zoom=15",,,Pharmacy outlet. Coordinates approximate for area. Operating hours typically 8AM-10PM. Prescription services available. WhatsApp availability varies by location; call ahead to confirm.
DHA-F-6473276,DXB,DXB,PHARMACY,FAITH CAP 1 PHARMACY LLC,DHA-F-6473276,MIZHAR FIRST, TUNIS RD AL MIZHAR FIRST - DUBAI,04-2255121,"https://www.google.com/maps/@?api=1&map_action=map&center=25.0,55.0&zoom=15",,,Pharmacy outlet. Coordinates approximate for area. Operating hours typically 8AM-10PM. Prescription services available. WhatsApp availability varies by location; call ahead to confirm.
DHA-F-1779115,DXB,DXB,PHARMACY,FAITH EUROPEAN PHARMACY LLC,DHA-F-1779115,JUMEIRA,UM SUQAIM SECOND ROAD ADJACENT - AL THANYA - JUMEIRAH ST - DUBAI,04-238 1881,"https://www.google.com/maps/@?api=1&map_action=map&center=25.0,55.0&zoom=15",,,Pharmacy outlet. Coordinates approximate for area. Operating hours typically 8AM-10PM. Prescription services available. WhatsApp availability varies by location; call ahead to confirm.
DHA-F-6714425,DXB,DXB,PHARMACY,FAITH JABAL PHARMACY LLC,DHA-F-6714425,JEBEL ALI,"SHOP NUMBER 5 LABOUR CAMP BUILDING. JEBEL ALI INDUSTRIAL AREA FIRST, JEBEL ALI, DUBAI UAE",04-3956479,"https://www.google.com/maps/@?api=1&map_action=map&center=25.0,55.0&zoom=15",,,Pharmacy outlet. Coordinates approximate for area. Operating hours typically 8AM-10PM. Prescription services available. WhatsApp availability varies by location; call ahead to confirm.
DHA-F-0045930,DXB,DXB,PHARMACY,AL WOQAYA PHARMACY -PROTECTION PHARMACY,DHA-F-0045930,KARAMA,"SHOP NO 30,31 KARAMA CENTRE,KARAMA",04-3348348,"https://www.google.com/maps/@?api=1&map_action=map&center=25.0,55.0&zoom=15",,,Pharmacy outlet. Coordinates approximate for area. Operating hours typically 8AM-10PM. Prescription services available. WhatsApp availability varies by location; call ahead to confirm.
DHA-F-0047796,DXB,DXB,PHARMACY,EXPERTS PHARMACY,DHA-F-0047796,AL KHAIL MALL,"SHOP#10, FROUND FLOOR, ALL KHAIL MALL, LATIFA BINT HAMDAN ST., AL QUOZ",04-3307808,"https://www.google.com/maps/@?api=1&map_action=map&center=25.0,55.0&zoom=15",,,Pharmacy outlet. Coordinates approximate for area. Operating hours typically 8AM-10PM. Prescription services available. WhatsApp availability varies by location; call ahead to confirm.
DHA-F-7972780,DXB,DXB,PHARMACY,DR ABDULLAS PHARMACY,DHA-F-7972780,AL QUSAIS,"MONA'S RESIDENCE ,OPP TO DUNES HOTEL,AMMAN STREET,ALQUSAIS INDUSTRIAL AREA5",04-2388778,"https://www.google.com/maps/@?api=1&map_action=map&center=25.0,55.0&zoom=15",,,Pharmacy outlet. Coordinates approximate for area. Operating hours typically 8AM-10PM. Prescription services available. WhatsApp availability varies by location; call ahead to confirm.
DHA-F-0047039,DXB,DXB,PHARMACY,NEW SMILE PHARMACY,DHA-F-0047039,ALQOUZ,"AWQAF BUILDING NO. 2, GROUND FLOOR, FLAT 1, ALQOUZ II",3381330,"https://www.google.com/maps/@?api=1&map_action=map&center=25.0,55.0&zoom=15",,,Pharmacy outlet. Coordinates approximate for area. Operating hours typically 8AM-10PM. Prescription services available. WhatsApp availability varies by location; call ahead to confirm.
DHA-F-0046877,DXB,DXB,PHARMACY,SMILE PHARMACY,DHA-F-0046877,SONAPUR,"AL ABBAR BUILDING, NEAR MANGO HYPERMARKET, GROUND FLOOR, MUHAISINAH II (SONAPUR)",2643567,"https://www.google.com/maps/@?api=1&map_action=map&center=25.0,55.0&zoom=15",,,Pharmacy outlet. Coordinates approximate for area. Operating hours typically 8AM-10PM. Prescription services available. WhatsApp availability varies by location; call ahead to confirm.
DHA-F-0045757,DXB,DXB,PHARMACY,WEST HILL PHARMACY,DHA-F-0045757,KARAMA,"SHEIKH MOHD BLDG, GROUND FLOOR, KARAMA STREET",04-3377131,"https://www.google.com/maps/@?api=1&map_action=map&center=25.0,55.0&zoom=15",,,Pharmacy outlet. Coordinates approximate for area. Operating hours typically 8AM-10PM. Prescription services available. WhatsApp availability varies by location; call ahead to confirm.
DHA-F-0047897,DXB,DXB,PHARMACY,HAFSA PHARMACY,DHA-F-0047897,DISCOVERY GARDENS,"ZEN CLUSTER 3, OPP CHELEA TOWER HOTEL, GROUND FLOOR, FLAT # 8, JEBEL ALI AREA, DISCOVERY GARDEN",04 4377548,"https://www.google.com/maps/@?api=1&map_action=map&center=25.0,55.0&zoom=15",,,Pharmacy outlet. Coordinates approximate for area. Operating hours typically 8AM-10PM. Prescription services available. WhatsApp availability varies by location; call ahead to confirm.
DHA-F-0000593,DXB,DXB,PHARMACY,EAST HILL PHARMACY,DHA-F-0000593,DUBAI,"AWQAF BULD, GROUND FLOOR,SHOP NO.2, NEAR PRACO AREA, JEBEL IND- 2, DUBAI",04-8877752,"https://www.google.com/maps/@?api=1&map_action=map&center=25.0,55.0&zoom=15",,,Pharmacy outlet. Coordinates approximate for area. Operating hours typically 8AM-10PM. Prescription services available. WhatsApp availability varies by location; call ahead to confirm.
DHA-F-0002041,DXB,DXB,PHARMACY,HILL LIFE PHARMACY LLC,DHA-F-0002041,KARAMA,"41 A STREET ,KARAMA",04-3232886,"https://www.google.com/maps/@?api=1&map_action=map&center=25.0,55.0&zoom=15",,,Pharmacy outlet. Coordinates approximate for area. Operating hours typically 8AM-10PM. Prescription services available. WhatsApp availability varies by location; call ahead to confirm.
DHA-F-0002224,DXB,DXB,PHARMACY,FIT FOR LIFE PHARMACY LLC,DHA-F-0002224,DIP 1,"GROUND FLOOR 8, RAMLA HYPERMARKET, DUBAI INVESTMENTS PARK 1, DUBAI, UAE",04-8836865,"https://www.google.com/maps/@?api=1&map_action=map&center=25.0,55.0&zoom=15",,,Pharmacy outlet. Coordinates approximate for area. Operating hours typically 8AM-10PM. Prescription services available. WhatsApp availability varies by location; call ahead to confirm.
DHA-F-7125824,DXB,DXB,PHARMACY,LIFE GUARD PHARMACY L.L.C,DHA-F-7125824,ALQOUZ 3,"SHOP-2,EIFFEL ACCOMMODATION-2,OPP.BELHASA DRIVING SCHOOL,AL QUOZ-3",04-3333785,"https://www.google.com/maps/@?api=1&map_action=map&center=25.0,55.0&zoom=15",,,Pharmacy outlet. Coordinates approximate for area. Operating hours typically 8AM-10PM. Prescription services available. WhatsApp availability varies by location; call ahead to confirm.
DHA-F-0001368,DXB,DXB,PHARMACY,CANADIAN SPECIALIST HOSPITAL PHARMACY,DHA-F-0001368,DEIRA,"ABU HAIL , DEIRA-DUBAI UAE",04-7072222,"https://www.google.com/maps/@?api=1&map_action=map&center=25.0,55.0&zoom=15",,,Pharmacy outlet. Coordinates approximate for area. Operating hours typically 8AM-10PM. Prescription services available. WhatsApp availability varies by location; call ahead to confirm.
DHA-F-3061943,DXB,DXB,PHARMACY,BRITE PHARMACY LLC,DHA-F-3061943,AL NAHDA 2,"AL SUNDOS BUILDING ,GROUND FLOOR, AL NAHDA 2",04-5473734,"https://www.google.com/maps/@?api=1&map_action=map&center=25.0,55.0&zoom=15",,,Pharmacy outlet. Coordinates approximate for area. Operating hours typically 8AM-10PM. Prescription services available. WhatsApp availability varies by location; call ahead to confirm.
DHA-F-0002400,DXB,DXB,PHARMACY,BIO VISTA PHARMACY LLC,DHA-F-0002400,ALNAHDA 2,"SHOP NO:2, SUNDOS AL NAHDA BUILDING, AL NAHDA 2, QUSAIS",04-2552575,"https://www.google.com/maps/@?api=1&map_action=map&center=25.0,55.0&zoom=15",,,Pharmacy outlet. Coordinates approximate for area. Operating hours typically 8AM-10PM. Prescription services available. WhatsApp availability varies by location; call ahead to confirm.
DHA-F-0002052,DXB,DXB,PHARMACY,S A M PHARMACY L.L.C (FORMERLY BLUEBELL INTERNATIONAL PHARMACY LLC),DHA-F-0002052,KARAMA,"CRYSTAL BUSINESS CENTER, SHOP NO. 10, KARAMA, DUBAI",04-3231366,"https://www.google.com/maps/@?api=1&map_action=map&center=25.0,55.0&zoom=15",,,Pharmacy outlet. Coordinates approximate for area. Operating hours typically 8AM-10PM. Prescription services available. WhatsApp availability varies by location; call ahead to confirm.
DHA-F-0000964,DXB,DXB,PHARMACY,BELHOUL SPECIALITY HOSPITAL PHARMACY,DHA-F-0000964,AL BARAHA,"BSH BUILDING, NEAR BIG MART SUPERMARKET, AL BARAHA, DUBAI",04-2140638,"https://www.google.com/maps/@?api=1&map_action=map&center=25.0,55.0&zoom=15",,,Pharmacy outlet. Coordinates approximate for area. Operating hours typically 8AM-10PM. Prescription services available. WhatsApp availability varies by location; call ahead to confirm.
DHA-F-0047947,DXB,DXB,PHARMACY,BADR AL SAMAA PHARMACY,DHA-F-0047947,BUR DUBAI,"OPP MUSALLA TOWER NEAR AL FAHIDI METRO STATION, BANK STREET, PO BOX.125035",04-3578681,"https://www.google.com/maps/@?api=1&map_action=map&center=25.0,55.0&zoom=15",,,Pharmacy outlet. Coordinates approximate for area. Operating hours typically 8AM-10PM. Prescription services available. WhatsApp availability varies by location; call ahead to confirm.
DHA-F-0001014,DXB,DXB,PHARMACY,AXON MEDICA PHARMACY-JEBEL ALI,DHA-F-0001014,JEBEL ALI,"THE GARDENS, GFA 8, GROUND FLOOR, JEBEL ALI",04-4599904,"https://www.google.com/maps/@?api=1&map_action=map&center=25.0,55.0&zoom=15",,,Pharmacy outlet. Coordinates approximate for area. Operating hours typically 8AM-10PM. Prescription services available. WhatsApp availability varies by location; call ahead to confirm.
DHA-F-0047689,DXB,DXB,PHARMACY,AXON MEDICA PHARMA LLC-AL RASHIDIYA,DHA-F-0047689,AL RASHIDIYA,"RASHIDIYA CENTRAL MARKET , UNION CO -OPERATIVE BUILDING ,NEXT TO AL RASHIDIYA POLICE STATION , DUBAI",04-2859880,"https://www.google.com/maps/@?api=1&map_action=map&center=25.0,55.0&zoom=15",,,Pharmacy outlet. Coordinates approximate for area. Operating hours typically 8AM-10PM. Prescription services available. WhatsApp availability varies by location; call ahead to confirm.
DHA-F-2346243,DXB,DXB,PHARMACY,AXON MEDICA PHARMA LLC,DHA-F-2346243,SILICON OASIS,"LYNX APPARTMENT, GROUND FLOOR, HESSA STREET,SILICON OASIS",04-3484992,"https://www.google.com/maps/@?api=1&map_action=map&center=25.0,55.0&zoom=15",,,Pharmacy outlet. Coordinates approximate for area. Operating hours typically 8AM-10PM. Prescription services available. WhatsApp availability varies by location; call ahead to confirm.
DHA-F-0047390,DXB,DXB,PHARMACY,MUHAISNA STAR PHARMACY,DHA-F-0047390,AL MUHAISINAH,"MUHAMMED ALI ABDUL TAHMAN BLDG., AL QUSAIS, MUHAISNA 2 PO BOX. 45491",04-264 4034,"https://www.google.com/maps/@?api=1&map_action=map&center=25.0,55.0&zoom=15",,,Pharmacy outlet. Coordinates approximate for area. Operating hours typically 8AM-10PM. Prescription services available. WhatsApp availability varies by location; call ahead to confirm.
DHA-F-0001796,DXB,DXB,PHARMACY,PRIMACARE PHARMACY LLC,DHA-F-0001796,DEIRA -BANIYAS SQUARE,"MEZZANINE FLOOR, AL MUSALLA TOWER, BANK STREET, PO BOX 26238, BUR DUBAI, UAE",04-396 6123,"https://www.google.com/maps/@?api=1&map_action=map&center=25.0,55.0&zoom=15",,,Pharmacy outlet. Coordinates approximate for area. Operating hours typically 8AM-10PM. Prescription services available. WhatsApp availability varies by location; call ahead to confirm.
DHA-F-0001237,DXB,DXB,PHARMACY,ASTER PHARMACY 128 (BR. OF ASTER PHARMACIES GROUP LLC),DHA-F-0001237,AL BARSHA,"SHOP # 1, NEW ENOC, UMM SEQUIM ST, AL BARSHA, DUBAI, UAE",04-4405945,"https://www.google.com/maps/@?api=1&map_action=map&center=25.0,55.0&zoom=15",,,Pharmacy outlet. Coordinates approximate for area. Operating hours typically 8AM-10PM. Prescription services available. WhatsApp availability varies by location; call ahead to confirm.
DHA-F-0001354,DXB,DXB,PHARMACY,ASTER PHARMACY 132 (BR OF ASTER PHARMACIES GROUP LLC),DHA-F-0001354,ABU HAIL,"SHEIKH SUHAIL BUILDING , HOR AL ANZ EAST, PLOT #133-142, ABU HAIL ,DUBAI ,UAE",04-2692835,"https://www.google.com/maps/@?api=1&map_action=map&center=25.0,55.0&zoom=15",,,Pharmacy outlet. Coordinates approximate for area. Operating hours typically 8AM-10PM. Prescription services available. WhatsApp availability varies by location; call ahead to confirm.
DHA-F-0048025,DXB,DXB,PHARMACY,ASTER GRAND AL NAHDA PHARMACY,DHA-F-0048025,ALNAHDA,"AB PLAZA BUILDING, GROUND FLOOR, SHOP NO.8 AL NAHDA , DUBAI",04 2505712,"https://www.google.com/maps/@?api=1&map_action=map&center=25.0,55.0&zoom=15",,,Pharmacy outlet. Coordinates approximate for area. Operating hours typically 8AM-10PM. Prescription services available. WhatsApp availability varies by location; call ahead to confirm.
DHA-F-0001087,DXB,DXB,PHARMACY,ASTER PHARMACY 120 (BR OF ASTER PHARMACIES GROUP LLC,DHA-F-0001087,AL WARQA,"ABDUL RAOUF MOHAMMED SALEH ALAVI BUILDING, AL WARQA 1, AL WARQA, NEAR ASWAQ MALL",04-2803995,"https://www.google.com/maps/@?api=1&map_action=map&center=25.0,55.0&zoom=15",,,Pharmacy outlet. Coordinates approximate for area. Operating hours typically 8AM-10PM. Prescription services available. WhatsApp availability varies by location; call ahead to confirm.
DHA-F-0045944,DXB,DXB,PHARMACY,ASTER GOLDEN SANDS PHARMACY,DHA-F-0045944,BUR DUBAI,AL AIN CENTRE - BUR DUBAI,04-3511444,"https://www.google.com/maps/@?api=1&map_action=map&center=25.0,55.0&zoom=15",,,Pharmacy outlet. Coordinates approximate for area. Operating hours typically 8AM-10PM. Prescription services available. WhatsApp availability varies by location; call ahead to confirm.
DHA-F-0047309,DXB,DXB,PHARMACY,ASTER MEDICINE SHOPPE MICRO(MEDICINE SHOPPE MICRO),DHA-F-0047309,AL BARSHA,AL BARSHA,04-3237939,"https://www.google.com/maps/@?api=1&map_action=map&center=25.0,55.0&zoom=15",,,Pharmacy outlet. Coordinates approximate for area. Operating hours typically 8AM-10PM. Prescription services available. WhatsApp availability varies by location; call ahead to confirm.
DHA-F-0046394,DXB,DXB,PHARMACY,ASTER MEDICOM-7 (FLAME PHARMACY),DHA-F-0046394,DUBAI,"AL MIZHAR MALL, AL MIZHAR-I, DUBAI",04-2876804,"https://www.google.com/maps/@?api=1&map_action=map&center=25.0,55.0&zoom=15",,,Pharmacy outlet. Coordinates approximate for area. Operating hours typically 8AM-10PM. Prescription services available. WhatsApp availability varies by location; call ahead to confirm.
DHA-F-0002031,DXB,DXB,PHARMACY,ASTER PHARMACY 204(BR OF ASTER PHARMACIES GROUP LLC,DHA-F-0002031,AL QUSAIS,"AL QUSAIS BUILDING, DAMASCUSS STREET, NEAR GRAND HOTEL, AL QUSAIS",04-2203889,"https://www.google.com/maps/@?api=1&map_action=map&center=25.0,55.0&zoom=15",,,Pharmacy outlet. Coordinates approximate for area. Operating hours typically 8AM-10PM. Prescription services available. WhatsApp availability varies by location; call ahead to confirm.
DHA-F-0001659,DXB,DXB,PHARMACY,ASTER HEALTHCARE HYPERMARKET (BR OF ASTER PHARMACIES GROUP LLC),DHA-F-0001659,BUR DUBAI,"AL RAFFA BUILDING , OPP ASTER HOSPITAL , MANKHOOL ROAD, MANKOOL, BURDUBAI",04-3399523,"https://www.google.com/maps/@?api=1&map_action=map&center=25.0,55.0&zoom=15",,,Pharmacy outlet. Coordinates approximate for area. Operating hours typically 8AM-10PM. Prescription services available. WhatsApp availability varies by location; call ahead to confirm.
DHA-F-8017367,DXB,DXB,PHARMACY,ASTER PHARMACY 100,DHA-F-8017367,DUBAI,"AL RAZI BUILDING, BUILDING NO 64, D BLOCK, DHCC",04-4343922,"https://www.google.com/maps/@?api=1&map_action=map&center=25.0,55.0&zoom=15",,,Pharmacy outlet. Coordinates approximate for area. Operating hours typically 8AM-10PM. Prescription services available. WhatsApp availability varies by location; call ahead to confirm.
DHA-F-0046358,DXB,DXB,PHARMACY,ASTER EHSAN PHARMACY,DHA-F-0046358,DEIRA,"AL SHAAB COLONY, HOR AL ANZ - DEIRA DUBAI",04-2975986,"https://www.google.com/maps/@?api=1&map_action=map&center=25.0,55.0&zoom=15",,,Pharmacy outlet. Coordinates approximate for area. Operating hours typically 8AM-10PM. Prescription services available. WhatsApp availability varies by location; call ahead to confirm.
DHA-F-0047767,DXB,DXB,PHARMACY,ASTER ALFA (ALFA PHARMACY),DHA-F-0047767,QUSAIS,"ALFATTAN BUILDING ,QUSAIS",04-2806714,"https://www.google.com/maps/@?api=1&map_action=map&center=25.0,55.0&zoom=15",,,Pharmacy outlet. Coordinates approximate for area. Operating hours typically 8AM-10PM. Prescription services available. WhatsApp availability varies by location; call ahead to confirm.
DHA-F-0000891,DXB,DXB,PHARMACY,ASTER PHARMACY101 (BR OF ASTER PHARMACIES GROUP LLC),DHA-F-0000891,QUSAIS,"AQU BUILDING, AL QUSAIS1, SHEIKH COLONY, NEAR TO DAFZA METRO STATION",04-2382342,"https://www.google.com/maps/@?api=1&map_action=map&center=25.0,55.0&zoom=15",,,Pharmacy outlet. Coordinates approximate for area. Operating hours typically 8AM-10PM. Prescription services available. WhatsApp availability varies by location; call ahead to confirm.
DHA-F-0048037,DXB,DXB,PHARMACY,ASTER AVENUE PHARMACY,DHA-F-0048037,BUSSINESS BAY,"ASPECT TOWERS, BAY AVENUE, BUSINESS BAY, DUBAI",04 4357450,"https://www.google.com/maps/@?api=1&map_action=map&center=25.0,55.0&zoom=15",,,Pharmacy outlet. Coordinates approximate for area. Operating hours typically 8AM-10PM. Prescription services available. WhatsApp availability varies by location; call ahead to confirm.
DHA-F-0001597,DXB,DXB,PHARMACY,ASTER PHARMACY 147 (BR OF ASTER PHARMACIES GROUP LLC),DHA-F-0001597,AL FAHIDI,"ASTER JUBILEE MEDICAL COMPLEX, KHALEED BIN AL-WALEED STREET, NEAR TO AL FAHIDI METRO STATION, BURDUBAI",04-3254026,"https://www.google.com/maps/@?api=1&map_action=map&center=25.0,55.0&zoom=15",,,Pharmacy outlet. Coordinates approximate for area. Operating hours typically 8AM-10PM. Prescription services available. WhatsApp availability varies by location; call ahead to confirm.
DHA-F-0046858,DXB,DXB,PHARMACY,ASTER MEDICOM-12(DUBAI CENTURY PHARMACY),DHA-F-0046858,RASHIDIYA,"BEHIND BIN SOUQAT CENTRE, AL RASHIDIYA, DUBAI",04-2859110,"https://www.google.com/maps/@?api=1&map_action=map&center=25.0,55.0&zoom=15",,,Pharmacy outlet. Coordinates approximate for area. Operating hours typically 8AM-10PM. Prescription services available. WhatsApp availability varies by location; call ahead to confirm.
DHA-F-0045774,DXB,DXB,PHARMACY,ASTER ASMA PHARMACY,DHA-F-0045774,DEIRA,BEHIND NAIF POLICE STATION - DEIRA DUBAI,04-2222786,"https://www.google.com/maps/@?api=1&map_action=map&center=25.0,55.0&zoom=15",,,Pharmacy outlet. Coordinates approximate for area. Operating hours typically 8AM-10PM. Prescription services available. WhatsApp availability varies by location; call ahead to confirm.
DHA-F-0001819,DXB,DXB,PHARMACY,ASTER PHARMACY 202 (BR OF ASTER PHARMACIES GROUP LLC),DHA-F-0001819,RASHIDIYA,"BIN SOUGAT CENTER, AIRPORT ROAD, AL RASHIDIYA, NEAR METRO STATION",04-2540474,"https://www.google.com/maps/@?api=1&map_action=map&center=25.0,55.0&zoom=15",,,Pharmacy outlet. Coordinates approximate for area. Operating hours typically 8AM-10PM. Prescription services available. WhatsApp availability varies by location; call ahead to confirm.
DHA-F-0000886,DXB,DXB,PHARMACY,ASTER PHARMACY105 (BR OF ASTER PHARMACIES GROUP LLC),DHA-F-0000886,AL WARSAN,"BLDG. I - 11, SHOP NO. 02, AL WARSAN FIRST,INTERNATIONAL CITY, MOROCCO CLUSTER",04-2275972,"https://www.google.com/maps/@?api=1&map_action=map&center=25.0,55.0&zoom=15",,,Pharmacy outlet. Coordinates approximate for area. Operating hours typically 8AM-10PM. Prescription services available. WhatsApp availability varies by location; call ahead to confirm.
DHA-F-0001664,DXB,DXB,PHARMACY,ASTER PHARMACY 200 (BR OF ASTER PHARMACIES GROUP LLC),DHA-F-0001664,AL QUSAIS,"BUILDING NO :241-487, AL NAHADA SECOND, AL QUSAIS",04-2362839,"https://www.google.com/maps/@?api=1&map_action=map&center=25.0,55.0&zoom=15",,,Pharmacy outlet. Coordinates approximate for area. Operating hours typically 8AM-10PM. Prescription services available. WhatsApp availability varies by location; call ahead to confirm.
DHA-F-0000938,DXB,DXB,PHARMACY,ASTER PHARMACY104 (BR OF ASTER PHARMACIES GROUP LLC),DHA-F-0000938,INTERNATIONAL CITY,"BUILDING-L-11, SHOP NO.2, GREECE CLUSTER, INTERNATIONAL CITY,NEAR THOMSUN SUPER MARKET",04-2775973,"https://www.google.com/maps/@?api=1&map_action=map&center=25.0,55.0&zoom=15",,,Pharmacy outlet. Coordinates approximate for area. Operating hours typically 8AM-10PM. Prescription services available. WhatsApp availability varies by location; call ahead to confirm.
DHA-F-0000937,DXB,DXB,PHARMACY,ASTER PHARMACY103 (BR OF ASTER PHARMACIES GROUP LLC),DHA-F-0000937,PERSIA,"BUILDING-N04, SHOP NO.S-04, AL WARSAN FIRST, INTERNATIONAL CITY, PERSIA CLUSTER",04-2765802,"https://www.google.com/maps/@?api=1&map_action=map&center=25.0,55.0&zoom=15",,,Pharmacy outlet. Coordinates approximate for area. Operating hours typically 8AM-10PM. Prescription services available. WhatsApp availability varies by location; call ahead to confirm.
DHA-F-0047534,DXB,DXB,PHARMACY,ASTER NEW AL SHIFA (NEW AL SHIFA PHARMACY),DHA-F-0047534,INTERNATIONAL CITY,"BUILING NO:20, RUSSIAN CLUSTER,INT'L CITY",04-4227474,"https://www.google.com/maps/@?api=1&map_action=map&center=25.0,55.0&zoom=15",,,Pharmacy outlet. Coordinates approximate for area. Operating hours typically 8AM-10PM. Prescription services available. WhatsApp availability varies by location; call ahead to confirm.
DHA-F-0046424,DXB,DXB,PHARMACY,ASTER SHINDAGHA PHARMACY,DHA-F-0046424,BUR DUBAI BUS STATION,CARREFOUR - BUR DUBAI,04-3933889,"https://www.google.com/maps/@?api=1&map_action=map&center=25.0,55.0&zoom=15",,,Pharmacy outlet. Coordinates approximate for area. Operating hours typically 8AM-10PM. Prescription services available. WhatsApp availability varies by location; call ahead to confirm.
DHA-F-0046522,DXB,DXB,PHARMACY,ASTER MEDICOM-8 (CENTURY PHARMACY),DHA-F-0046522,HAMRIYA,"CENTURY MALL, HAMRIYA, DUBAI",04-2965040,"https://www.google.com/maps/@?api=1&map_action=map&center=25.0,55.0&zoom=15",,,Pharmacy outlet. Coordinates approximate for area. Operating hours typically 8AM-10PM. Prescription services available. WhatsApp availability varies by location; call ahead to confirm.
DHA-F-0045953,DXB,DXB,PHARMACY,FAISAL PHARMACY  (AL SHAFAR GROUP OF PHARMACIES),DHA-F-0045953,UMM SEQUM,"CHOITRAM, UMM SEQUM",04-3485102,"https://www.google.com/maps/@?api=1&map_action=map&center=25.0,55.0&zoom=15",,,Pharmacy outlet. Coordinates approximate for area. Operating hours typically 8AM-10PM. Prescription services available. WhatsApp availability varies by location; call ahead to confirm.
DHA-F-0001987,DXB,DXB,PHARMACY,ASTER PHARMACY 158(BR OF ASTER PHARMACIES GROUP LLC),DHA-F-0001987,BUSSINESS BAY,"CHURCHIL TOWER, AL AAMAL STREET,BUSINESS BAY",04-2438618,"https://www.google.com/maps/@?api=1&map_action=map&center=25.0,55.0&zoom=15",,,Pharmacy outlet. Coordinates approximate for area. Operating hours typically 8AM-10PM. Prescription services available. WhatsApp availability varies by location; call ahead to confirm.
DHA-F-0001162,DXB,DXB,PHARMACY,ASTER PHARMACY 115 (BR OF ASTER PHARMACIES GROUP LLC),DHA-F-0001162,DISCOVERY GARDENS,"DISCOVERY PAVILION,STREET 7,DISCOVERY GARDEN",04-5546021,"https://www.google.com/maps/@?api=1&map_action=map&center=25.0,55.0&zoom=15",,,Pharmacy outlet. Coordinates approximate for area. Operating hours typically 8AM-10PM. Prescription services available. WhatsApp availability varies by location; call ahead to confirm.
DHA-F-0047377,DXB,DXB,PHARMACY,DRAGON PHARMACY  (AL SHAFAR GROUP OF PHARMACIES),DHA-F-0047377,DRAGON MART,"DRAGON MART , BAN 05& 06",04-3687409,"https://www.google.com/maps/@?api=1&map_action=map&center=25.0,55.0&zoom=15",,,Pharmacy outlet. Coordinates approximate for area. Operating hours typically 8AM-10PM. Prescription services available. WhatsApp availability varies by location; call ahead to confirm.
DHA-F-0047374,DXB,DXB,PHARMACY,DRAGON MART PHARMACY  (AL SHAFAR GROUP OF PHARMACIES),DHA-F-0047374,AWEER,DRAGON MART MAIN ENTRANCE,04-3687450,"https://www.google.com/maps/@?api=1&map_action=map&center=25.0,55.0&zoom=15",,,Pharmacy outlet. Coordinates approximate for area. Operating hours typically 8AM-10PM. Prescription services available. WhatsApp availability varies by location; call ahead to confirm.
DHA-F-0000909,DXB,DXB,PHARMACY,ASTER PHARMACY 6 (BR OF ASTER PHARMACIES GROUP LLC),DHA-F-0000909,SILICON OASIS,"DUBAI SILICON GATE 1 - BUILDING, FIRST FLOOR, F-S-101A, GATE 1, SILICON OASIS, OPPOSITE CHOITHRAM & BASKIN ROBINS",04-3262600,"https://www.google.com/maps/@?api=1&map_action=map&center=25.0,55.0&zoom=15",,,Pharmacy outlet. Coordinates approximate for area. Operating hours typically 8AM-10PM. Prescription services available. WhatsApp availability varies by location; call ahead to confirm.
DHA-F-0045971,DXB,DXB,PHARMACY,ASTER MEDICOM-5 (EMIRATES CO-OP. PHARMACY),DHA-F-0045971,QUSAIS,"EMIRATES COOPERATIVE SOCIETY, AL TWAR, DUBAI",04-2649929,"https://www.google.com/maps/@?api=1&map_action=map&center=25.0,55.0&zoom=15",,,Pharmacy outlet. Coordinates approximate for area. Operating hours typically 8AM-10PM. Prescription services available. WhatsApp availability varies by location; call ahead to confirm.
DHA-F-0047173,DXB,DXB,PHARMACY,JABAL ALI GARDENS PHARMACY (BR OF AL SHAFAR PHARMACY GROUP LLC),DHA-F-0047173,IBN BATUTA MALL,"ENOC STATION, BEHIND IBN BATUTA MALL",04-8820808,"https://www.google.com/maps/@?api=1&map_action=map&center=25.0,55.0&zoom=15",,,Pharmacy outlet. Coordinates approximate for area. Operating hours typically 8AM-10PM. Prescription services available. WhatsApp availability varies by location; call ahead to confirm.
DHA-F-0047375,DXB,DXB,PHARMACY,HIGHWAY PHARMACY  (AL SHAFAR GROUP OF PHARMACIES),DHA-F-0047375,DUBAI,"ENOC STATION, OPP. WASEL HOSPITAL",04-3375552,"https://www.google.com/maps/@?api=1&map_action=map&center=25.0,55.0&zoom=15",,,Pharmacy outlet. Coordinates approximate for area. Operating hours typically 8AM-10PM. Prescription services available. WhatsApp availability varies by location; call ahead to confirm.
DHA-F-0001990,DXB,DXB,PHARMACY,ASTER PHARMACY 152(BR OF ASTER PHARMACIES GROUP LLC),DHA-F-0001990,JAFZA,"FOOD COURT 3,COMMERCIAL CENTER, JEBEL ALI FREE ZONE SOUTH, NEAR ACCESS CLINIC JAFZA",04-8809102,"https://www.google.com/maps/@?api=1&map_action=map&center=25.0,55.0&zoom=15",,,Pharmacy outlet. Coordinates approximate for area. Operating hours typically 8AM-10PM. Prescription services available. WhatsApp availability varies by location; call ahead to confirm.
DHA-F-0000558,DXB,DXB,PHARMACY,ASTER PHARMACY 3 (BR OF ASTER PHARMACY L.L.C),DHA-F-0000558,DUBAI,"G32 GROUND FLOOR, DUBAI OUTLET MALL,",04-4437250,"https://www.google.com/maps/@?api=1&map_action=map&center=25.0,55.0&zoom=15",,,Pharmacy outlet. Coordinates approximate for area. Operating hours typically 8AM-10PM. Prescription services available. WhatsApp availability varies by location; call ahead to confirm.
DHA-F-0047261,DXB,DXB,PHARMACY,UMM HURAIR PHARMACY  (AL SHAFAR GROUP OF PHARMACIES),DHA-F-0047261,AL MANARA,"G5&G6 - J3 MALL, AL MANARA, DUBAI",04-3383766,"https://www.google.com/maps/@?api=1&map_action=map&center=25.0,55.0&zoom=15",,,Pharmacy outlet. Coordinates approximate for area. Operating hours typically 8AM-10PM. Prescription services available. WhatsApp availability varies by location; call ahead to confirm.
DHA-F-0001414,DXB,DXB,PHARMACY,ASTER PHARMACY 134 (BR OF ASTER PHARMACIES GROUP LLC),DHA-F-0001414,AL BARSHA,"GOLDEN SANDS BUILDING, BARSHA 1ST, AL BARSHA, NEAR TO LULU",04-3271483,"https://www.google.com/maps/@?api=1&map_action=map&center=25.0,55.0&zoom=15",,,Pharmacy outlet. Coordinates approximate for area. Operating hours typically 8AM-10PM. Prescription services available. WhatsApp availability varies by location; call ahead to confirm.
DHA-F-0001300,DXB,DXB,PHARMACY,ASTER PHARMACY 130 (BR OF ASTER PHARMACIES GROUP LLC),DHA-F-0001300,SHEIKH ZAYED ROAD,"GROUND FLOOR , DUJA TOWER,TRADE CENTER FIRST, NEXT TO SHERATON GRAND HOTEL, SHEIK ZAYED ROAD",04-3866768,"https://www.google.com/maps/@?api=1&map_action=map&center=25.0,55.0&zoom=15",,,Pharmacy outlet. Coordinates approximate for area. Operating hours typically 8AM-10PM. Prescription services available. WhatsApp availability varies by location; call ahead to confirm.
DHA-F-0045765,DXB,DXB,PHARMACY,ASTER MEDICOM(AL PHARABI),DHA-F-0045765,GOLD SOUQ,"GROUND FLOOR, AL HAYAM HOTEL, GOLD SOUQ, DUBAI",04-2264844,"https://www.google.com/maps/@?api=1&map_action=map&center=25.0,55.0&zoom=15",,,Pharmacy outlet. Coordinates approximate for area. Operating hours typically 8AM-10PM. Prescription services available. WhatsApp availability varies by location; call ahead to confirm.
DHA-F-0047958,DXB,DXB,PHARMACY,ASTER TECOM PHARMACY,DHA-F-0047958,TECOM,"GROUND FLOOR, ICON TOWER, BEHIND BYBLOS HOTEL, BARSHA HEIGHT, TECOM",04 4534840,"https://www.google.com/maps/@?api=1&map_action=map&center=25.0,55.0&zoom=15",,,Pharmacy outlet. Coordinates approximate for area. Operating hours typically 8AM-10PM. Prescription services available. WhatsApp availability varies by location; call ahead to confirm.
DHA-F-0045962,DXB,DXB,PHARMACY,PANACEA PHARMACY REEF,DHA-F-0045962,DEIRA,"GROUND FLOOR, REEF MALL,SALAH AL DIN ROAD, DEIRA, NEAR TO ANSAR GALLERY",04-2239805,"https://www.google.com/maps/@?api=1&map_action=map&center=25.0,55.0&zoom=15",,,Pharmacy outlet. Coordinates approximate for area. Operating hours typically 8AM-10PM. Prescription services available. WhatsApp availability varies by location; call ahead to confirm.
DHA-F-0001606,DXB,DXB,PHARMACY,ASTER PHARMACY 138 (BR OF ASTER PHARMACIES GROUP LLC),DHA-F-0001606,AL KARAMA,"GROUND FLOOR, AL JABAR BUILDING, NEAR SUNRISE SUPERMARKET, AL KARAMA, DUBAI",04-3377329,"https://www.google.com/maps/@?api=1&map_action=map&center=25.0,55.0&zoom=15",,,Pharmacy outlet. Coordinates approximate for area. Operating hours typically 8AM-10PM. Prescription services available. WhatsApp availability varies by location; call ahead to confirm.
DHA-F-0001175,DXB,DXB,PHARMACY,ASTER PHARMACY 129 (BR. OF ASTER PHARMACIES GROUP LLC),DHA-F-0001175,SATWA,"GROUND FLOOR,MARJANA PLAZA BUILDING, AL BADA, SATWA",04-3590530,"https://www.google.com/maps/@?api=1&map_action=map&center=25.0,55.0&zoom=15",,,Pharmacy outlet. Coordinates approximate for area. Operating hours typically 8AM-10PM. Prescription services available. WhatsApp availability varies by location; call ahead to confirm.
DHA-F-0001163,DXB,DXB,PHARMACY,ASTER PHARMACY 124 (BR. ASTER PHARMACIES GROUP LLC),DHA-F-0001163,MARINA,"GROUND FLOOR,SUKOON TOWER, MARINA, DUBAI",04-5546282,"https://www.google.com/maps/@?api=1&map_action=map&center=25.0,55.0&zoom=15",,,Pharmacy outlet. Coordinates approximate for area. Operating hours typically 8AM-10PM. Prescription services available. WhatsApp availability varies by location; call ahead to confirm.
DHA-F-0001122,DXB,DXB,PHARMACY,ASTER PHARMACY 126 (BR. OF ASTER PHARMACIES GROUP LLC),DHA-F-0001122,JUMEIRAH,"JUMERIAH, UMSUQUIM 1, NEAR MEDCARE CLINIC",04-3952213,"https://www.google.com/maps/@?api=1&map_action=map&center=25.0,55.0&zoom=15",,,Pharmacy outlet. Coordinates approximate for area. Operating hours typically 8AM-10PM. Prescription services available. WhatsApp availability varies by location; call ahead to confirm.
DHA-F-0000337,DXB,DXB,PHARMACY,ASTER PHARMACY 1 (BR.ASTER PHARMACY),DHA-F-0000337,BUR DUBAI,"KALID BIN WALEED ROAD, BURDUBAI",04-3863800,"https://www.google.com/maps/@?api=1&map_action=map&center=25.0,55.0&zoom=15",,,Pharmacy outlet. Coordinates approximate for area. Operating hours typically 8AM-10PM. Prescription services available. WhatsApp availability varies by location; call ahead to confirm.
DHA-F-0045884,DXB,DXB,PHARMACY,ASTER AL RAHA (AL RAHA PHARMACY),DHA-F-0045884,KHALID BIN WALEED ROAD,KHALID BIN WALEED RD - BUR DUBAI,04-3523383,"https://www.google.com/maps/@?api=1&map_action=map&center=25.0,55.0&zoom=15",,,Pharmacy outlet. Coordinates approximate for area. Operating hours typically 8AM-10PM. Prescription services available. WhatsApp availability varies by location; call ahead to confirm.
DHA-F-0045895,DXB,DXB,PHARMACY,ASTER YACOUB PHARMACY,DHA-F-0045895,BUR DUBAI,"KHALID BIN WALEED ROAD, NEAR TO ADCB BANK, BANK STREET,BUR DUBAI",04-3523332,"https://www.google.com/maps/@?api=1&map_action=map&center=25.0,55.0&zoom=15",,,Pharmacy outlet. Coordinates approximate for area. Operating hours typically 8AM-10PM. Prescription services available. WhatsApp availability varies by location; call ahead to confirm.
DHA-F-0045860,DXB,DXB,PHARMACY,ASTER AL MUSALLA PHARMACY,DHA-F-0045860,UMM SEQUM,"KHARBASH BUILDING,JUMERIAH ROAD,UMM SUQEM 1",04-3284548,"https://www.google.com/maps/@?api=1&map_action=map&center=25.0,55.0&zoom=15",,,Pharmacy outlet. Coordinates approximate for area. Operating hours typically 8AM-10PM. Prescription services available. WhatsApp availability varies by location; call ahead to confirm.
DHA-F-0045922,DXB,DXB,PHARMACY,ASTER ALSHAFAR PHARMACY (BR OF ASTER AL SHAFAR PHARMACIES GROUP L.L.C) (FORMERLY LAMCY PHARMACY),DHA-F-0045922,KARAMA,"LAMCY PLAZA, 1ST FLOOR",04-3352727,"https://www.google.com/maps/@?api=1&map_action=map&center=25.0,55.0&zoom=15",,,Pharmacy outlet. Coordinates approximate for area. Operating hours typically 8AM-10PM. Prescription services available. WhatsApp availability varies by location; call ahead to confirm.
DHA-F-0047116,DXB,DXB,PHARMACY,ASTER MEDICOM PHARMACY-14 (MADINA MALL PHARMACY),DHA-F-0047116,QUSAIS,"MADINA MALL, AL QUSAIS",04-2558733,"https://www.google.com/maps/@?api=1&map_action=map&center=25.0,55.0&zoom=15",,,Pharmacy outlet. Coordinates approximate for area. Operating hours typically 8AM-10PM. Prescription services available. WhatsApp availability varies by location; call ahead to confirm.
DHA-F-0046787,DXB,DXB,PHARMACY,PANACEA PHARMACY MADINAT (BR OF ASTER PHARMACIES GROUP LLC),DHA-F-0046787,JUMEIRAH,"MADINAT JUMERIAH SOUK,SHOP NO.90, UMM SUQEUM, JUMERIAH BEACH ROAD, NEAR TO BURJ AL ARAB HOTEL",04-3686123,"https://www.google.com/maps/@?api=1&map_action=map&center=25.0,55.0&zoom=15",,,Pharmacy outlet. Coordinates approximate for area. Operating hours typically 8AM-10PM. Prescription services available. WhatsApp availability varies by location; call ahead to confirm.
DHA-F-0000854,DXB,DXB,PHARMACY,ASTER PHARMACY110 (BR OF ASTER PHARMACIES GROUP LLC),DHA-F-0000854,KARAMA,"MANDARIN BUILDING, GROUND FLOOR, STREET 13A, OUD MEHTHA, NEAR LAMCY PLAZA",04-3963158,"https://www.google.com/maps/@?api=1&map_action=map&center=25.0,55.0&zoom=15",,,Pharmacy outlet. Coordinates approximate for area. Operating hours typically 8AM-10PM. Prescription services available. WhatsApp availability varies by location; call ahead to confirm.
DHA-F-0046093,DXB,DXB,PHARMACY,ASTER MEDICOM-6(MAZAYA PHARMACY),DHA-F-0046093,DUBAI,"MAZAYA CENTRE,SH ZAYED ROAD, DUBAI",04-3435522,"https://www.google.com/maps/@?api=1&map_action=map&center=25.0,55.0&zoom=15",,,Pharmacy outlet. Coordinates approximate for area. Operating hours typically 8AM-10PM. Prescription services available. WhatsApp availability varies by location; call ahead to confirm.
DHA-F-0045891,DXB,DXB,PHARMACY,ASTER MEDICOM-2 (AL WASL PHARMACY),DHA-F-0045891,JUMEIRAH,"MERCATO CENTRE, JUMEIRA BEACH ROAD, DUBAI",04-3448333,"https://www.google.com/maps/@?api=1&map_action=map&center=25.0,55.0&zoom=15",,,Pharmacy outlet. Coordinates approximate for area. Operating hours typically 8AM-10PM. Prescription services available. WhatsApp availability varies by location; call ahead to confirm.
DHA-F-0000934,DXB,DXB,PHARMACY,ASTER PHARMACY 116 (BR OF ASTER PHARMACIES GROUP LLC),DHA-F-0000934,MIRDIFF,"MIRDIF COMMERCIAL COMPLEX, SHOP NO. 1 &2, MIRDIF, WESTZONE SUPER MARKET",04-2884190,"https://www.google.com/maps/@?api=1&map_action=map&center=25.0,55.0&zoom=15",,,Pharmacy outlet. Coordinates approximate for area. Operating hours typically 8AM-10PM. Prescription services available. WhatsApp availability varies by location; call ahead to confirm.
DHA-F-0000989,DXB,DXB,PHARMACY,ASTER PHARMACY 113 (BR OF ASTER PHARMACIES GROUP LLC),DHA-F-0000989,MIRDIFF,"MIRDIF MALL, UPTOWN MIRDIF,NEAR TO MEDCARE CLINIC, MIRDIF",04-2839542,"https://www.google.com/maps/@?api=1&map_action=map&center=25.0,55.0&zoom=15",,,Pharmacy outlet. Coordinates approximate for area. Operating hours typically 8AM-10PM. Prescription services available. WhatsApp availability varies by location; call ahead to confirm.
DHA-F-0001415,DXB,DXB,PHARMACY,ASTER PHARMACY 109 (BR OF ASTER PHARMACIES GROUP LLC),DHA-F-0001415,MIRDIFF,"MIRDIFF BUILDING, NEAR TO DUBAI GEANT SUPERMARKET, GHUROOB COMMUNITY, MIRDIFF",04-4582727,"https://www.google.com/maps/@?api=1&map_action=map&center=25.0,55.0&zoom=15",,,Pharmacy outlet. Coordinates approximate for area. Operating hours typically 8AM-10PM. Prescription services available. WhatsApp availability varies by location; call ahead to confirm.
DHA-F-0047892,DXB,DXB,PHARMACY,ASTER BETA (BETA PHARMACY),DHA-F-0047892,MIRDIFF,MIRDIFF CITY CENTRE,04-2840678,"https://www.google.com/maps/@?api=1&map_action=map&center=25.0,55.0&zoom=15",,,Pharmacy outlet. Coordinates approximate for area. Operating hours typically 8AM-10PM. Prescription services available. WhatsApp availability varies by location; call ahead to confirm.
DHA-F-0000957,DXB,DXB,PHARMACY,ASTER PHARMACY 112 (BR OF ASTER PHARMACIES GRP),DHA-F-0000957,BUR DUBAI,"MOHAMED KHLIFA AL KHALAFI BUILDING, GROUND FLOOR,ROLLA STREET, AL RAFFA, BURDUBAI",04-3252920,"https://www.google.com/maps/@?api=1&map_action=map&center=25.0,55.0&zoom=15",,,Pharmacy outlet. Coordinates approximate for area. Operating hours typically 8AM-10PM. Prescription services available. WhatsApp availability varies by location; call ahead to confirm.
DHA-F-0000921,DXB,DXB,PHARMACY,ASTER PHARMACY 111 (BR OF ASTER PHARMACIES GROUP LLC),DHA-F-0000921,MUHAISNAH,"MUHAISINAH PLAZA BUILDING, SHOP NO.6,MUHAISANAH 4,LULU VILLAGE, NEAR THE INDIAN ACADEMY, BEHIND MADINA MALL",04-2593195,"https://www.google.com/maps/@?api=1&map_action=map&center=25.0,55.0&zoom=15",,,Pharmacy outlet. Coordinates approximate for area. Operating hours typically 8AM-10PM. Prescription services available. WhatsApp availability varies by location; call ahead to confirm.
DHA-F-0045752,DXB,DXB,PHARMACY,ASTER UNION PHARMACY,DHA-F-0045752,BUR DUBAI,NEAR AL RAFA POLY CLINIC - BUR DUBAI,04-3935619,"https://www.google.com/maps/@?api=1&map_action=map&center=25.0,55.0&zoom=15",,,Pharmacy outlet. Coordinates approximate for area. Operating hours typically 8AM-10PM. Prescription services available. WhatsApp availability varies by location; call ahead to confirm.
DHA-F-0045915,DXB,DXB,PHARMACY,ASTER IBN AL AZWAR PHARMACY,DHA-F-0045915,AL AWEER,NEAR EPPCO - AL AWEER,04-3331504,"https://www.google.com/maps/@?api=1&map_action=map&center=25.0,55.0&zoom=15",,,Pharmacy outlet. Coordinates approximate for area. Operating hours typically 8AM-10PM. Prescription services available. WhatsApp availability varies by location; call ahead to confirm.
DHA-F-0045754,DXB,DXB,PHARMACY,ASTER RASHID PHARMACY,DHA-F-0045754,DEIRA,"NEAR GUEST LINE HOTEL ,RIGGA ROAD DEIRA",04 2211739,"https://www.google.com/maps/@?api=1&map_action=map&center=25.0,55.0&zoom=15",,,Pharmacy outlet. Coordinates approximate for area. Operating hours typically 8AM-10PM. Prescription services available. WhatsApp availability varies by location; call ahead to confirm.
DHA-F-0045759,DXB,DXB,PHARMACY,AL QOUZ PHARMACY,DHA-F-0045759,AL QUOZ,NEAR KHALIFA SUPER MARKET - AL QOUZ,04-3384401,"https://www.google.com/maps/@?api=1&map_action=map&center=25.0,55.0&zoom=15",,,Pharmacy outlet. Coordinates approximate for area. Operating hours typically 8AM-10PM. Prescription services available. WhatsApp availability varies by location; call ahead to confirm.
DHA-F-0047076,DXB,DXB,PHARMACY,ASTER AL WARQA PHARMACY,DHA-F-0047076,WARQA,NEAR MASS SUPER MARKET - WARQA,04-2801691,"https://www.google.com/maps/@?api=1&map_action=map&center=25.0,55.0&zoom=15",,,Pharmacy outlet. Coordinates approximate for area. Operating hours typically 8AM-10PM. Prescription services available. WhatsApp availability varies by location; call ahead to confirm.
DHA-F-0046871,DXB,DXB,PHARMACY,ASTER NEW AL QOUZ(NEW AL QUOZ PHARMACY),DHA-F-0046871,AL QUOZ,NEAR NEW GRAND MALL - AL QOUZ,04-3385854,"https://www.google.com/maps/@?api=1&map_action=map&center=25.0,55.0&zoom=15",,,Pharmacy outlet. Coordinates approximate for area. Operating hours typically 8AM-10PM. Prescription services available. WhatsApp availability varies by location; call ahead to confirm.
DHA-F-0045788,DXB,DXB,PHARMACY,CENTRAL MARKET PHARMACY,DHA-F-0045788,QUSAIS,"NEAR TO DAFZA METRO STATION, AL QUSAIS,DUBAI",04-2613451,"https://www.google.com/maps/@?api=1&map_action=map&center=25.0,55.0&zoom=15",,,Pharmacy outlet. Coordinates approximate for area. Operating hours typically 8AM-10PM. Prescription services available. WhatsApp availability varies by location; call ahead to confirm.
DHA-F-0045776,DXB,DXB,PHARMACY,ASTER AL SHIFA PHARMACY,DHA-F-0045776,KARAMA,NEAR UNION MEDICAL CENTRE - KARAMA,04-3969469,"https://www.google.com/maps/@?api=1&map_action=map&center=25.0,55.0&zoom=15",,,Pharmacy outlet. Coordinates approximate for area. Operating hours typically 8AM-10PM. Prescription services available. WhatsApp availability varies by location; call ahead to confirm.
DHA-F-0047581,DXB,DXB,PHARMACY,ASTER MEDSAVE (MEDSAVE PHARMACY),DHA-F-0047581,MIRDIFF,"NEAR UNION NATIONAL BANK, MIRDIFF",04-2847600,"https://www.google.com/maps/@?api=1&map_action=map&center=25.0,55.0&zoom=15",,,Pharmacy outlet. Coordinates approximate for area. Operating hours typically 8AM-10PM. Prescription services available. WhatsApp availability varies by location; call ahead to confirm.
DHA-F-0047005,DXB,DXB,PHARMACY,ASTER MEDICOM-10 (AL SABA PHARMACY),DHA-F-0047005,MIRDIFF,"NEAR UP TOWN MALL, MIRDIF, DUBAI",04-2885995,"https://www.google.com/maps/@?api=1&map_action=map&center=25.0,55.0&zoom=15",,,Pharmacy outlet. Coordinates approximate for area. Operating hours typically 8AM-10PM. Prescription services available. WhatsApp availability varies by location; call ahead to confirm.
DHA-F-0000123,DXB,DXB,PHARMACY,ASTER JEBEL ALI  PHARMACY,DHA-F-0000123,JEBEL ALI,"NESTO HYPERMARKET, SHOP NO 5, JEBELALI",04 8840237,"https://www.google.com/maps/@?api=1&map_action=map&center=25.0,55.0&zoom=15",,,Pharmacy outlet. Coordinates approximate for area. Operating hours typically 8AM-10PM. Prescription services available. WhatsApp availability varies by location; call ahead to confirm.
DHA-F-0000968,DXB,DXB,PHARMACY,ASTER PHARMACY 118 (BR OF ASTER PHARMACIES GROUP LLC),DHA-F-0000968,ALNAHDA,"OBS BUILDING,GROUND FLOOR, SHOP NO.2, NEAR TO NMC HOSPITAL, AMMAN ROAD,AL NAHDA",04-2393397,"https://www.google.com/maps/@?api=1&map_action=map&center=25.0,55.0&zoom=15",,,Pharmacy outlet. Coordinates approximate for area. Operating hours typically 8AM-10PM. Prescription services available. WhatsApp availability varies by location; call ahead to confirm.
DHA-F-0046297,DXB,DXB,PHARMACY,ASTER MEDICOM-9 (AL QEMMA PHARMACY),DHA-F-0046297,QUSAIS,"OPP. AL QUSAIS POLICE STATION, AL QUSAIS, DUBAI",04-2640818,"https://www.google.com/maps/@?api=1&map_action=map&center=25.0,55.0&zoom=15",,,Pharmacy outlet. Coordinates approximate for area. Operating hours typically 8AM-10PM. Prescription services available. WhatsApp availability varies by location; call ahead to confirm.
DHA-F-0046887,DXB,DXB,PHARMACY,ASTER MEDICOM-11 (NEW FLAME PHARMACY),DHA-F-0046887,QUSAIS,"OPP. AL TOWAR CENTRE, AL QUSAIS, DUBAI",04-2611551,"https://www.google.com/maps/@?api=1&map_action=map&center=25.0,55.0&zoom=15",,,Pharmacy outlet. Coordinates approximate for area. Operating hours typically 8AM-10PM. Prescription services available. WhatsApp availability varies by location; call ahead to confirm.
DHA-F-0045967,DXB,DXB,PHARMACY,ASTER AL JUMA PHARMACY,DHA-F-0045967,KARAMA,OPP. TO LULU CENTRE - KARAMA,04-3348981,"https://www.google.com/maps/@?api=1&map_action=map&center=25.0,55.0&zoom=15",,,Pharmacy outlet. Coordinates approximate for area. Operating hours typically 8AM-10PM. Prescription services available. WhatsApp availability varies by location; call ahead to confirm.
DHA-F-0047612,DXB,DXB,PHARMACY,ASTER IQRA PHARMACY,DHA-F-0047612,DEIRA,"OPP: AL FUTHAIM MASJID, DEIRA",04 2289164,"https://www.google.com/maps/@?api=1&map_action=map&center=25.0,55.0&zoom=15",,,Pharmacy outlet. Coordinates approximate for area. Operating hours typically 8AM-10PM. Prescription services available. WhatsApp availability varies by location; call ahead to confirm.
DHA-F-0046677,DXB,DXB,PHARMACY,ASTER MEDICOM-13(HOME PHARMACY),DHA-F-0046677,BUR DUBAI,"OPPOSTIE :- KARAMA CENTRE, KARAMA, DUBAI",04-3977739,"https://www.google.com/maps/@?api=1&map_action=map&center=25.0,55.0&zoom=15",,,Pharmacy outlet. Coordinates approximate for area. Operating hours typically 8AM-10PM. Prescription services available. WhatsApp availability varies by location; call ahead to confirm.
DHA-F-0000062,DXB,DXB,PHARMACY,ASTER JBR PHARMACY,DHA-F-0000062,JUMEIRAH,"P42, PLAZA LEVEL,SADAF4,THE WALK, JBR",04-4471127,"https://www.google.com/maps/@?api=1&map_action=map&center=25.0,55.0&zoom=15",,,Pharmacy outlet. Coordinates approximate for area. Operating hours typically 8AM-10PM. Prescription services available. WhatsApp availability varies by location; call ahead to confirm.
DHA-F-0001890,DXB,DXB,PHARMACY,ASTER PHARMACY 205 (BR OF ASTER PHARMACIES GROUP LLC),DHA-F-0001890,JUMEIRAH,"PVE-G-02, PALM VIEWS EAST BUILDING, PALM JUMEIRA",04-4221521,"https://www.google.com/maps/@?api=1&map_action=map&center=25.0,55.0&zoom=15",,,Pharmacy outlet. Coordinates approximate for area. Operating hours typically 8AM-10PM. Prescription services available. WhatsApp availability varies by location; call ahead to confirm.
DHA-F-0001896,DXB,DXB,PHARMACY,ASTER PHARMACY 157(BR OF ASTER PHARMACIES GROUP LLC),DHA-F-0001896,SAFA,"R-531-A, DAR AL WASL BUILDING, AL WASL ROAD, NEAR SAFA",04-3867820,"https://www.google.com/maps/@?api=1&map_action=map&center=25.0,55.0&zoom=15",,,Pharmacy outlet. Coordinates approximate for area. Operating hours typically 8AM-10PM. Prescription services available. WhatsApp availability varies by location; call ahead to confirm.
DHA-F-0000310,DXB,DXB,PHARMACY,ASTER DIP PHARMACY,DHA-F-0000310,DIP,"RAMLA HYPERMARKET, DUBAI INVESTMENT PARK",04-8800996,"https://www.google.com/maps/@?api=1&map_action=map&center=25.0,55.0&zoom=15",,,Pharmacy outlet. Coordinates approximate for area. Operating hours typically 8AM-10PM. Prescription services available. WhatsApp availability varies by location; call ahead to confirm.
DHA-F-0001694,DXB,DXB,PHARMACY,ASTER PHARMACY 137 (BR OF ASTER PHARMACIES GROUP LLC),DHA-F-0001694,INTERNATIONAL CITY,"RETAIL SHOP 6, THE PAVILION MALL, OPP. UNION CO OP, FRANCE CLUSTER, INTERNATIONAL CITY",04-4224515,"https://www.google.com/maps/@?api=1&map_action=map&center=25.0,55.0&zoom=15",,,Pharmacy outlet. Coordinates approximate for area. Operating hours typically 8AM-10PM. Prescription services available. WhatsApp availability varies by location; call ahead to confirm.
DHA-F-0001208,DXB,DXB,PHARMACY,ASTER PHARMACY 127 ( BR OF ASTER PHARMACIES GROUP LLC),DHA-F-0001208,MARINA,"ROYAL OCEANIC-1, S-01,PLOT NO:218, MARSA DUBAI, NEAR LE MERIDIEN, DUBAI MARINA",04-5547096,"https://www.google.com/maps/@?api=1&map_action=map&center=25.0,55.0&zoom=15",,,Pharmacy outlet. Coordinates approximate for area. Operating hours typically 8AM-10PM. Prescription services available. WhatsApp availability varies by location; call ahead to confirm.
DHA-F-0000462,DXB,DXB,PHARMACY,ASTER PHARMACY 98,DHA-F-0000462,MUHAISNAH,"SAMEYA KHALIFA MOHAMED AL FUQAEI BUILDING, SHOP NO.8, 24TH STREET. MUHAISINA 2ND, SONAPUR",04-2521711,"https://www.google.com/maps/@?api=1&map_action=map&center=25.0,55.0&zoom=15",,,Pharmacy outlet. Coordinates approximate for area. Operating hours typically 8AM-10PM. Prescription services available. WhatsApp availability varies by location; call ahead to confirm.
DHA-F-0001736,DXB,DXB,PHARMACY,ASTER PHARMACY 149(BR OF ASTER PHARMACIES GROUP LLC),DHA-F-0001736,BUR DUBAI,"SHOP 2 & 3, AL WASL BUILDING, BEHIND LULU HYPERMARKET, KARAMA, BURDUBAI",04-3426145,"https://www.google.com/maps/@?api=1&map_action=map&center=25.0,55.0&zoom=15",,,Pharmacy outlet. Coordinates approximate for area. Operating hours typically 8AM-10PM. Prescription services available. WhatsApp availability varies by location; call ahead to confirm.
DHA-F-0001362,DXB,DXB,PHARMACY,ASTER PHARMACY 102  (BR OF ASTER PHARMACIES GROUP LLC),DHA-F-0001362,QUSAIS,"SHOP 2, SAEED HAMAD MUSLEH JAMHOUR AL AHBABI BUILDING, AL QUSAIS SECOND, AL QUSAIS",04-2610833,"https://www.google.com/maps/@?api=1&map_action=map&center=25.0,55.0&zoom=15",,,Pharmacy outlet. Coordinates approximate for area. Operating hours typically 8AM-10PM. Prescription services available. WhatsApp availability varies by location; call ahead to confirm.
DHA-F-0001661,DXB,DXB,PHARMACY,ASTER PHARMACY 146(BR OF ASTER PHARMACIES GROUP LLC),DHA-F-0001661,BUR DUBAI,"SHOP 32, SOUK AL KABEER BUILDING, NEAR TO GHUBAIBA BUS STAION, OPP.ETISALAT-SHINDAGHA, NEXT TO ACCESS CLINIC , BURDUBAI",04-3271059,"https://www.google.com/maps/@?api=1&map_action=map&center=25.0,55.0&zoom=15",,,Pharmacy outlet. Coordinates approximate for area. Operating hours typically 8AM-10PM. Prescription services available. WhatsApp availability varies by location; call ahead to confirm.
DHA-F-0001586,DXB,DXB,PHARMACY,ASTER PHARMACY 144 (BR OF ASTER PHARMACIES GROUP LLC),DHA-F-0001586,HOR AL ANZ,"SHOP 5 & 6, AL MAALIK BUIDING, AL SHAB, NEAR TO TALAL SUPER MARKET, HOR AL ANZ",04-2212250,"https://www.google.com/maps/@?api=1&map_action=map&center=25.0,55.0&zoom=15",,,Pharmacy outlet. Coordinates approximate for area. Operating hours typically 8AM-10PM. Prescription services available. WhatsApp availability varies by location; call ahead to confirm.
DHA-F-0000731,DXB,DXB,PHARMACY,ASTER PHARMACY 5,DHA-F-0000731,INTERNATIONAL CITY,"SHOP NO 02, CBD 29, AL WARSAN 1ST, INTERNATIONAL CITY",04-4473169,"https://www.google.com/maps/@?api=1&map_action=map&center=25.0,55.0&zoom=15",,,Pharmacy outlet. Coordinates approximate for area. Operating hours typically 8AM-10PM. Prescription services available. WhatsApp availability varies by location; call ahead to confirm.
DHA-F-0001360,DXB,DXB,PHARMACY,ASTER PHARMACY 135 (BR OF ASTER PHARMACIES GROUP LLC),DHA-F-0001360,INTERNATIONAL CITY,"SHOP NO 04, RUSHIA V 19,INTERNATIONAL CITY",04-4511674,"https://www.google.com/maps/@?api=1&map_action=map&center=25.0,55.0&zoom=15",,,Pharmacy outlet. Coordinates approximate for area. Operating hours typically 8AM-10PM. Prescription services available. WhatsApp availability varies by location; call ahead to confirm.
DHA-F-0001062,DXB,DXB,PHARMACY,ASTER PHARMACY 114 (BR OF ASTER PHARMACIES GROUP LLC),DHA-F-0001062,AL BARSHA,"SHOP NO 12 & 13,ASWAQ MALL, AL BARSHA SOUTH 1, AL BARSHA",04-3851455,"https://www.google.com/maps/@?api=1&map_action=map&center=25.0,55.0&zoom=15",,,Pharmacy outlet. Coordinates approximate for area. Operating hours typically 8AM-10PM. Prescription services available. WhatsApp availability varies by location; call ahead to confirm.
DHA-F-0002189,DXB,DXB,PHARMACY,ASTER PHARMACY 131(BR OF ASTER PHARMACIES GROUP LLC),DHA-F-0002189,AL BARSHA,"SHOP NO 17, TRIO BUILDING, AL BARSHA FIRST, AL BARSHA DUBAI",04-3475733,"https://www.google.com/maps/@?api=1&map_action=map&center=25.0,55.0&zoom=15",,,Pharmacy outlet. Coordinates approximate for area. Operating hours typically 8AM-10PM. Prescription services available. WhatsApp availability varies by location; call ahead to confirm.
DHA-F-0001928,DXB,DXB,PHARMACY,ASTER AL HAYAT PHARMACY(BR OF ASTER PHARMACIES GROUP LLC),DHA-F-0001928,BUR DUBAI,"SHOP NO 3,EASA SALEH AL GURG BUILDING,NEAR TO AL ADIL SUPER MARKET, ROLLA STREET,BURDUBAI",04-3552633,"https://www.google.com/maps/@?api=1&map_action=map&center=25.0,55.0&zoom=15",,,Pharmacy outlet. Coordinates approximate for area. Operating hours typically 8AM-10PM. Prescription services available. WhatsApp availability varies by location; call ahead to confirm.
DHA-F-0001663,DXB,DXB,PHARMACY,ASTER PHARMACY 142 (BR OF ASTER PHARMACIES GROUP LLC),DHA-F-0001663,QUSAIS,"SHOP NO 4 , AL FATTAN BUILDING ,PLOT NO 233-129, BEHIND SNOW WHITE, AL QUSAIS",04-2205966,"https://www.google.com/maps/@?api=1&map_action=map&center=25.0,55.0&zoom=15",,,Pharmacy outlet. Coordinates approximate for area. Operating hours typically 8AM-10PM. Prescription services available. WhatsApp availability varies by location; call ahead to confirm.
DHA-F-0001813,DXB,DXB,PHARMACY,ASTER PHARMACY 148(BR OF ASTER PHARMACIES GROUP LLC),DHA-F-0001813,KARAMA,"SHOP NO 5, JAMAL OMAR BIN HYDER BUILDING, 4B STREET, SHEIKH KHALIFA BIN ZAYED ROAD, KARAMA",04-3404005,"https://www.google.com/maps/@?api=1&map_action=map&center=25.0,55.0&zoom=15",,,Pharmacy outlet. Coordinates approximate for area. Operating hours typically 8AM-10PM. Prescription services available. WhatsApp availability varies by location; call ahead to confirm.
DHA-F-0001429,DXB,DXB,PHARMACY,ASTER PHARMACY 136 (BR OF ASTER PHARMACIES GROUP LLC),DHA-F-0001429,AL QUOZ,"SHOP NO FFA01, AL KHAIL MALL, LATIFAT BIN HAMDAN STREET, INDUSTRIAL AREA 4, ALQOUSE",04-3806940,"https://www.google.com/maps/@?api=1&map_action=map&center=25.0,55.0&zoom=15",,,Pharmacy outlet. Coordinates approximate for area. Operating hours typically 8AM-10PM. Prescription services available. WhatsApp availability varies by location; call ahead to confirm.
DHA-F-0001685,DXB,DXB,PHARMACY,ASTER PHARMACY 141 (BR OF ASTER PHARMACIES GROUP LLC),DHA-F-0001685,DUBAI,"SHOP NO SC 021, GROUND FLOOR, DUBAI FESTIVAL CITY MALL",04-2365418,"https://www.google.com/maps/@?api=1&map_action=map&center=25.0,55.0&zoom=15",,,Pharmacy outlet. Coordinates approximate for area. Operating hours typically 8AM-10PM. Prescription services available. WhatsApp availability varies by location; call ahead to confirm.
DHA-F-0001016,DXB,DXB,PHARMACY,ASTER PHARMACY 117 (BR OF ASTER PHARMACIES GROUP LLC),DHA-F-0001016,BUR DUBAI,"SHOP NO. 12, BAIT AL-WALEED, AL-SOUQ AL-KABEER, MANKHOOL,BUR DUBAI, UAE",04-3252882,"https://www.google.com/maps/@?api=1&map_action=map&center=25.0,55.0&zoom=15",,,Pharmacy outlet. Coordinates approximate for area. Operating hours typically 8AM-10PM. Prescription services available. WhatsApp availability varies by location; call ahead to confirm.
DHA-F-0000274,DXB,DXB,PHARMACY,NEW ASTER PHARMACY JLT,DHA-F-0000274,JLT,"SHOP NO. G011-B, RED DIAMOND BUILDING JLT",04-3697728,"https://www.google.com/maps/@?api=1&map_action=map&center=25.0,55.0&zoom=15",,,Pharmacy outlet. Coordinates approximate for area. Operating hours typically 8AM-10PM. Prescription services available. WhatsApp availability varies by location; call ahead to confirm.
DHA-F-0002365,DXB,DXB,PHARMACY,ASTER DCC PHARMACY LLC,DHA-F-0002365,DUBAI,"SHOP NO. M-020, 1ST FLOOR, DEIRA CITY CENTER, DEIRA, OPPOSITE CARREFOUR HYPERMARKET, DUBAI, UAE",04-2210732,"https://www.google.com/maps/@?api=1&map_action=map&center=25.0,55.0&zoom=15",,,Pharmacy outlet. Coordinates approximate for area. Operating hours typically 8AM-10PM. Prescription services available. WhatsApp availability varies by location; call ahead to confirm.
DHA-F-0001164,DXB,DXB,PHARMACY,ASTER PHARMACY 119 (BR OF ASTER PHARMACIES GROUP LLC),DHA-F-0001164,JUMEIRAH,"SHOP NO.7,MEADOWS, EMIRATES HILLS 3,ENOC 1086",04-5546797,"https://www.google.com/maps/@?api=1&map_action=map&center=25.0,55.0&zoom=15",,,Pharmacy outlet. Coordinates approximate for area. Operating hours typically 8AM-10PM. Prescription services available. WhatsApp availability varies by location; call ahead to confirm.
DHA-F-0001662,DXB,DXB,PHARMACY,ASTER PHARMACY 145(BR OF ASTER PHARMACIES GROUP LLC),DHA-F-0001662,KARAMA,"SHOP NO: 1, AL WALEED BUILDING. OPP. UNION MEDICAL CENTRE, IRANIAN SCHOOL ROAD, KARAMA",04-3547745,"https://www.google.com/maps/@?api=1&map_action=map&center=25.0,55.0&zoom=15",,,Pharmacy outlet. Coordinates approximate for area. Operating hours typically 8AM-10PM. Prescription services available. WhatsApp availability varies by location; call ahead to confirm.
DHA-F-0002267,DXB,DXB,PHARMACY,ASTER PHARMACY 150 (BR OF ASTER PHARMACIES GROUP LLC),DHA-F-0002267,DUBAI,"SHOP NO: 6, PINNACLE TOWER, MARINA, MARSA, DUBAI",04-3794306,"https://www.google.com/maps/@?api=1&map_action=map&center=25.0,55.0&zoom=15",,,Pharmacy outlet. Coordinates approximate for area. Operating hours typically 8AM-10PM. Prescription services available. WhatsApp availability varies by location; call ahead to confirm.
DHA-F-0001074,DXB,DXB,PHARMACY,ASTER PHARMACY 123,DHA-F-0001074,DEIRA,"SHOP NO3, AL GHURAIR REAL ESTATE BUILDING, AL MUTEENA STREET, DEIRA, NEAR DUBAI PALM HOTEL",04-2731282,"https://www.google.com/maps/@?api=1&map_action=map&center=25.0,55.0&zoom=15",,,Pharmacy outlet. Coordinates approximate for area. Operating hours typically 8AM-10PM. Prescription services available. WhatsApp availability varies by location; call ahead to confirm.
DHA-F-0001854,DXB,DXB,PHARMACY,ASTER PHARMACY 201 (BR OF ASTER PHARMACIES GROUP LLC),DHA-F-0001854,DUBAI,"SHOP NO3, AL MANAL TOWER, NEXT TO CROWN PLAZA HOTEL, SHEIKH ZAYED ROAD",04-3209481,"https://www.google.com/maps/@?api=1&map_action=map&center=25.0,55.0&zoom=15",,,Pharmacy outlet. Coordinates approximate for area. Operating hours typically 8AM-10PM. Prescription services available. WhatsApp availability varies by location; call ahead to confirm.
DHA-F-0046319,DXB,DXB,PHARMACY,SARA PHARMACY  (AL SHAFAR GROUP OF PHARMACIES),DHA-F-0046319,KARAMA,"SPINNEYS, KARAMA",04-3593330,"https://www.google.com/maps/@?api=1&map_action=map&center=25.0,55.0&zoom=15",,,Pharmacy outlet. Coordinates approximate for area. Operating hours typically 8AM-10PM. Prescription services available. WhatsApp availability varies by location; call ahead to confirm.
DHA-F-0047597,DXB,DXB,PHARMACY,AL FARDOOS PHARMACY,DHA-F-0047597,INTERNATIONAL CITY,"SUPREME RESIDENCY, INTERNATIONAL CITY",04-4410590,"https://www.google.com/maps/@?api=1&map_action=map&center=25.0,55.0&zoom=15",,,Pharmacy outlet. Coordinates approximate for area. Operating hours typically 8AM-10PM. Prescription services available. WhatsApp availability varies by location; call ahead to confirm.
DHA-F-0001865,DXB,DXB,PHARMACY,ASTER PHARMACY 143(BR OF ASTER PHARMACIES GROUP LLC),DHA-F-0001865,MOTOR CITY,"THE RIBBON BUILDING 2, AL HEBIAH FIRST , PLOT 94- 0, MOTOR CITY",04-4430474,"https://www.google.com/maps/@?api=1&map_action=map&center=25.0,55.0&zoom=15",,,Pharmacy outlet. Coordinates approximate for area. Operating hours typically 8AM-10PM. Prescription services available. WhatsApp availability varies by location; call ahead to confirm.
DHA-F-0045955,DXB,DXB,PHARMACY,ASTER MEDICOM-4(TOWN  PHARMACY),DHA-F-0045955,JUMEIRAH,"TOWN CENTRE, JUMEIRA BEACH ROAD, DUBAI",04-3440077,"https://www.google.com/maps/@?api=1&map_action=map&center=25.0,55.0&zoom=15",,,Pharmacy outlet. Coordinates approximate for area. Operating hours typically 8AM-10PM. Prescription services available. WhatsApp availability varies by location; call ahead to confirm.
DHA-F-0045760,DXB,DXB,PHARMACY,ASTER MEDICOM-1 (AL JAMEYA PHARMACY),DHA-F-0045760,AL TWAR 1,"UNION COOPERATIVE SOCIETY, AL TWAR 1, DUBAI",04-2633677,"https://www.google.com/maps/@?api=1&map_action=map&center=25.0,55.0&zoom=15",,,Pharmacy outlet. Coordinates approximate for area. Operating hours typically 8AM-10PM. Prescription services available. WhatsApp availability varies by location; call ahead to confirm.
DHA-F-0046629,DXB,DXB,PHARMACY,AWEER SOCIETY PHARMACY (AL SHAFAR GROUP OF PHARMACIES),DHA-F-0046629,AWEER,"UNION COP, NEAR FRUIT & VEG MARKET",04-3201900,"https://www.google.com/maps/@?api=1&map_action=map&center=25.0,55.0&zoom=15",,,Pharmacy outlet. Coordinates approximate for area. Operating hours typically 8AM-10PM. Prescription services available. WhatsApp availability varies by location; call ahead to confirm.
DHA-F-0047099,DXB,DXB,PHARMACY,UPTOWN PHARMACY  (AL SHAFAR GROUP OF PHARMACIES),DHA-F-0047099,AL MANARA,"J3 MALL, 1ST FLOOR, AL WASL ROAD, AL MANARA, DUBAI, UAE",04-3392762,"https://www.google.com/maps/@?api=1&map_action=map&center=25.0,55.0&zoom=15",,,Pharmacy outlet. Coordinates approximate for area. Operating hours typically 8AM-10PM. Prescription services available. WhatsApp availability varies by location; call ahead to confirm.
DHA-F-0046254,DXB,DXB,PHARMACY,DORRA PHARMACY (AL SHAFAR GROUP OF PHARMACIES),DHA-F-0046254,JUMEIRAH,"VILLA 351, BEACH PARK,NEAR MEDCARE CHILD CLINIC, JUMEIRA",04-3478481,"https://www.google.com/maps/@?api=1&map_action=map&center=25.0,55.0&zoom=15",,,Pharmacy outlet. Coordinates approximate for area. Operating hours typically 8AM-10PM. Prescription services available. WhatsApp availability varies by location; call ahead to confirm.
DHA-F-0047690,DXB,DXB,PHARMACY,ASTER MEDSHOP GARDENS (MEDSHOP GARDENS PHARMACY),DHA-F-0047690,GARDENS,"ZEN CLUSTER, DISCOVERY GARDENS",04-4329596,"https://www.google.com/maps/@?api=1&map_action=map&center=25.0,55.0&zoom=15",,,Pharmacy outlet. Coordinates approximate for area. Operating hours typically 8AM-10PM. Prescription services available. WhatsApp availability varies by location; call ahead to confirm.
DHA-F-0002484,DXB,DXB,PHARMACY,ASTER PHARMACY 155 (BR OF ASTER PHARMACIES GROUP LLC),DHA-F-0002484,AL RIGGA,"GROUND FLOOR, BUSINESS CENTRE, IBIS HOTEL, AL RIGGA, DEIRA, DUBAI",04-2280204,"https://www.google.com/maps/@?api=1&map_action=map&center=25.0,55.0&zoom=15",,,Pharmacy outlet. Coordinates approximate for area. Operating hours typically 8AM-10PM. Prescription services available. WhatsApp availability varies by location; call ahead to confirm.
DHA-F-0002561,DXB,DXB,PHARMACY,ASTER PHARMACY 156 (BR OF ASTER PHARMACIES GROUP LLC),DHA-F-0002561,DUBAI,"SHOP NO. 6, SAPPHIRE MALL, DUBAI INDUSTRIAL CITY, NEAR TO AL MAKTOUM INTERNATIONAL AIRPORT, DUBAI",04-5877191,"https://www.google.com/maps/@?api=1&map_action=map&center=25.0,55.0&zoom=15",,,Pharmacy outlet. Coordinates approximate for area. Operating hours typically 8AM-10PM. Prescription services available. WhatsApp availability varies by location; call ahead to confirm.
DHA-F-0000514,DXB,DXB,PHARMACY,NICE LIFE PHARMACY (BR OF ASTER PHARMACIES GROUP LLC),DHA-F-0000514,JUMEIRAH,"GROUND FLOOR, SHOP NO: AG 12, AL HUDAIBA AWARDS BUILDING, BLOCK A, 2ND DECEMBER INTERCHANGE, JUMEIRA",04-3092900,"https://www.google.com/maps/@?api=1&map_action=map&center=25.0,55.0&zoom=15",,,Pharmacy outlet. Coordinates approximate for area. Operating hours typically 8AM-10PM. Prescription services available. WhatsApp availability varies by location; call ahead to confirm.
DHA-F-1521672,DXB,DXB,PHARMACY,ASTER MEDICAL CENTER PHARMACY AL MUHAISNA BR OF DM HEALTHCARE LLC,DHA-F-1521672,MUHAISNAH,"SHOP NO1, ZARAA RESIDENCE 1, MUHAISNAH 4, LULU VILLAGE, BEHIND ST.MARY'S CATHOLIC HIGH SCHOOL, DUBAI",04-5479070,"https://www.google.com/maps/@?api=1&map_action=map&center=25.0,55.0&zoom=15",,,Pharmacy outlet. Coordinates approximate for area. Operating hours typically 8AM-10PM. Prescription services available. WhatsApp availability varies by location; call ahead to confirm.
DHA-F-3750450,DXB,DXB,PHARMACY,ASTER PHARMACY 206 (BR OF ASTER PHARMACIES GROUP LLC),DHA-F-3750450,DUBAI FOUNTAIN,"SHAIKH MOHAMMED BIN RASHID BOULEVARD,DUBAI FOUNTAIN VIEW, NEXT TO ADDRESS FOUNTAIN VIEW HOTEL. SHOP ",04-5475036,"https://www.google.com/maps/@?api=1&map_action=map&center=25.0,55.0&zoom=15",,,Pharmacy outlet. Coordinates approximate for area. Operating hours typically 8AM-10PM. Prescription services available. WhatsApp availability varies by location; call ahead to confirm.
DHA-F-7571486,DXB,DXB,PHARMACY,ASTER PHARMACIES GROUP BRANCH EXPO 2020,DHA-F-7571486,EXPO CENTRE,"GF1, SUSTAINABILITY PAVILION, EXPO 2020",04-5477218,"https://www.google.com/maps/@?api=1&map_action=map&center=25.0,55.0&zoom=15",,,Pharmacy outlet. Coordinates approximate for area. Operating hours typically 8AM-10PM. Prescription services available. WhatsApp availability varies by location; call ahead to confirm.
DHA-F-0201227,DXB,DXB,PHARMACY,ASTER HOSPITAL PHARMACY SONAPUR,DHA-F-0201227,MUHAISNAH,"ALGERIA STREET, MUHAISNAH, SONAPUR",04-4400500,"https://www.google.com/maps/@?api=1&map_action=map&center=25.0,55.0&zoom=15",,,Pharmacy outlet. Coordinates approximate for area. Operating hours typically 8AM-10PM. Prescription services available. WhatsApp availability varies by location; call ahead to confirm.
DHA-F-2755440,DXB,DXB,PHARMACY,ASTER PHARMACY 165 (BR OF ASTER PHARMACIES GROUP LLC),DHA-F-2755440,DUBAI HILLS,"SWAY RESIDENCES, SHOP NO:RETAIL-3,HADAEQ SHEIKH MOHAMMED BIN RASHID, DUBAI HILLS",04-7187190,"https://www.google.com/maps/@?api=1&map_action=map&center=25.0,55.0&zoom=15",,,Pharmacy outlet. Coordinates approximate for area. Operating hours typically 8AM-10PM. Prescription services available. WhatsApp availability varies by location; call ahead to confirm.
DHA-F-8484963,DXB,DXB,PHARMACY,ASTER PHARMACY 162 (BR OF ASTER PHARMACIES GROUP LLC),DHA-F-8484963,JUMEIRAH VILLAGE CIRCLE,"SHOP NO:6, MASJID BUILDING, DISTRICT 10, JUMEIRAH VILLAGE CIRCLE, NEXT TO SALEH MOHAMMED BIN LAHEJ MASJID",04-4580678,"https://www.google.com/maps/@?api=1&map_action=map&center=25.0,55.0&zoom=15",,,Pharmacy outlet. Coordinates approximate for area. Operating hours typically 8AM-10PM. Prescription services available. WhatsApp availability varies by location; call ahead to confirm.
DHA-F-4374378,DXB,DXB,PHARMACY,ASTER PHARMACY 167 (BR OF ASTER PHARMACIES GROUP LLC),DHA-F-4374378,THE DUBAI MALL,"SHOP NO-041, SECOND FLOOR, METROLINK BAY, THE DUBAI MALL, SHEIKH MOHAMMED BIN RASHED BOULEVARD,DOWNTOWN, DUBAI",04-3341829,"https://www.google.com/maps/@?api=1&map_action=map&center=25.0,55.0&zoom=15",,,Pharmacy outlet. Coordinates approximate for area. Operating hours typically 8AM-10PM. Prescription services available. WhatsApp availability varies by location; call ahead to confirm.
DHA-F-2899474,DXB,DXB,PHARMACY,ASTER PHARMACY 170 (BR OF ASTER PHARMACIES GROUP LLC),DHA-F-2899474,AL MERKADH,"SHOP# 6,GROUND FLOOR, BUILDING 1, PHASE 2, SHOBHA HEARTLAND, AL MERKADH, GREENS, DUBAI",04-2588717,"https://www.google.com/maps/@?api=1&map_action=map&center=25.0,55.0&zoom=15",,,Pharmacy outlet. Coordinates approximate for area. Operating hours typically 8AM-10PM. Prescription services available. WhatsApp availability varies by location; call ahead to confirm.
DHA-F-0980953,DXB,DXB,PHARMACY,ASTER PHARMACY 173 (BR OF ASTER PHARMACIES GROUP LLC),DHA-F-0980953,AL SAFA,"SHOP 9, BUILDING NO: 2259186831, UNION COOPERATIVE SOCIETY, AL SAFA, JUMEIRAH THIRD, DUBAI, UAE",04-3325595,"https://www.google.com/maps/@?api=1&map_action=map&center=25.0,55.0&zoom=15",,,Pharmacy outlet. Coordinates approximate for area. Operating hours typically 8AM-10PM. Prescription services available. WhatsApp availability varies by location; call ahead to confirm.
DHA-F-0001167,DXB,DXB,PHARMACY,ASTER PHARMACY (DUBAL BRANCH),DHA-F-0001167,DUBAL CLINIC,"DUBAI ALUMINIUM COMPANY, DUBAL, NEAR TO DUBAL CLINIC",04-8022684,"https://www.google.com/maps/@?api=1&map_action=map&center=25.0,55.0&zoom=15",,,Pharmacy outlet. Coordinates approximate for area. Operating hours typically 8AM-10PM. Prescription services available. WhatsApp availability varies by location; call ahead to confirm.
DHA-F-0002579,DXB,DXB,PHARMACY,ZABEEL PHARMACY LLC,DHA-F-0002579,BUSSINESS BAY,"BLUE BAY TOWER, BUSINESS BAY",04-5897129,"https://www.google.com/maps/@?api=1&map_action=map&center=25.0,55.0&zoom=15",,,Pharmacy outlet. Coordinates approximate for area. Operating hours typically 8AM-10PM. Prescription services available. WhatsApp availability varies by location; call ahead to confirm.
DHA-F-7929256,DXB,DXB,PHARMACY,ASTER PHARMACY 104 (BR OF ASTER PHARMACIES GROUP LLC),DHA-F-7929256,AL WARQA 1,"SHOP NO.1, HANBAL SHAFIE AL MADANI BUILDING, AL WARQA-1, NEAR TO ASTER ORTHO CLINIC, AL WARQA",04-2829440,"https://www.google.com/maps/@?api=1&map_action=map&center=25.0,55.0&zoom=15",,,Pharmacy outlet. Coordinates approximate for area. Operating hours typically 8AM-10PM. Prescription services available. WhatsApp availability varies by location; call ahead to confirm.
DHA-F-1294125,DXB,DXB,PHARMACY,ASTER PHARMACY 160 (BR OF ASTER PHARMACIES GROUP LLC),DHA-F-1294125,JEBEL ALI ,"UNIT NO:M11, JEBEL ALI SHOPPING CENTER, NEAR TO RAMLA MARKET, 86 STREET, DUBAI INVESTMENTS PARK 1, DIP",04-8847176,"https://www.google.com/maps/@?api=1&map_action=map&center=25.0,55.0&zoom=15",,,Pharmacy outlet. Coordinates approximate for area. Operating hours typically 8AM-10PM. Prescription services available. WhatsApp availability varies by location; call ahead to confirm.
DHA-F-1088677,DXB,DXB,PHARMACY,ASTER PHARMACY 164 (BR OF ASTER PHARMACIES GROUP LLC),DHA-F-1088677,DUBAI LAND,"SHOP NO.R-7B, TOWER-D, SKY COURTS , DUBAI AL AIN ROAD, DUBAI LAND, DUBAI",04-3208941,"https://www.google.com/maps/@?api=1&map_action=map&center=25.0,55.0&zoom=15",,,Pharmacy outlet. Coordinates approximate for area. Operating hours typically 8AM-10PM. Prescription services available. WhatsApp availability varies by location; call ahead to confirm.
DHA-F-0526794,DXB,DXB,PHARMACY,ASTER PHARMACY 161 (BR OF ASTER PHARMACIES GROUP LLC),DHA-F-0526794,RAS AL KHOR,"MN36500 86125, MARHABA MALL, SAMARI RESIDENCE, RAS AL KHOR ROAD, AWEER, DUBAI",04-3424262,"https://www.google.com/maps/@?api=1&map_action=map&center=25.0,55.0&zoom=15",,,Pharmacy outlet. Coordinates approximate for area. Operating hours typically 8AM-10PM. Prescription services available. WhatsApp availability varies by location; call ahead to confirm.
DHA-F-4601852,DXB,DXB,PHARMACY,ASTER PHARMACY 168 (BR OF ASTER PHARMACIES GROUP LLC),DHA-F-4601852, IBN BATTUTA MALL,"IBS GF 35&36, NEAR CARREFOUR PARKING ENTRANCE, TUNISIA COURT, IBN BATTUTA MALL,IBN BATTUTA MALL, JEBEL ALI FIRST, UAE",04-5543519,"https://www.google.com/maps/@?api=1&map_action=map&center=25.0,55.0&zoom=15",,,Pharmacy outlet. Coordinates approximate for area. Operating hours typically 8AM-10PM. Prescription services available. WhatsApp availability varies by location; call ahead to confirm.
DHA-F-8981276,DXB,DXB,PHARMACY,ASTER PHARMACY 169 ( BR OF ASTER PHARMACIES GROUP LLC),DHA-F-8981276,AL WASL ROAD,"19A STREET, NEXT TO HEALTHBAY WOMENSCARE , AL WASL ROAD, UMM AL SHEIF , DUBAI",04-3250365,"https://www.google.com/maps/@?api=1&map_action=map&center=25.0,55.0&zoom=15",,,Pharmacy outlet. Coordinates approximate for area. Operating hours typically 8AM-10PM. Prescription services available. WhatsApp availability varies by location; call ahead to confirm.
DHA-F-9902123,DXB,DXB,PHARMACY,ASTER PHARMACY 172 (BR OF ASTER PHARMACIES GROUP LLC),DHA-F-9902123,ARJAN,"SHOP:12, AL SAYYAH RESIDENCE C, ARJAN DUBAILAND,  AL BARSHA SOUTH 2, ARJAN, DUBAI, UAE",04-5786364,"https://www.google.com/maps/@?api=1&map_action=map&center=25.0,55.0&zoom=15",,,Pharmacy outlet. Coordinates approximate for area. Operating hours typically 8AM-10PM. Prescription services available. WhatsApp availability varies by location; call ahead to confirm.
DHA-F-2299095,DXB,DXB,PHARMACY,ASTER PHARMACY 175 (BR OF ASTER PHARMACIES GROUP LLC),DHA-F-2299095,JVC,"SHOP:11A, DAMAC TOWER 108, AL BARSHA SOUTH, JUMEIRAH VILLAGE CIRCLE, NEAR TO ASTER CLINIC JVC, DUBAI",04-5579564,"https://www.google.com/maps/@?api=1&map_action=map&center=25.0,55.0&zoom=15",,,Pharmacy outlet. Coordinates approximate for area. Operating hours typically 8AM-10PM. Prescription services available. WhatsApp availability varies by location; call ahead to confirm.
DHA-F-1185467,DXB,DXB,PHARMACY,ASTER PHARMACIES GROUP LLC (DMCC BRANCH),DHA-F-1185467, JUMEIRAH LAKES TOWERS,"UNIT NO: G-1, ARMADA TOWERS 3, PLOT NO: JLT-PH2-P3A, AL THANYAH FIFTH, JUMEIRAH LAKES TOWERS",04-3092900,"https://www.google.com/maps/@?api=1&map_action=map&center=25.0,55.0&zoom=15",,,Pharmacy outlet. Coordinates approximate for area. Operating hours typically 8AM-10PM. Prescription services available. WhatsApp availability varies by location; call ahead to confirm.
DHA-F-8519014,DXB,DXB,PHARMACY,DRAGON PHARMACY (BR OF ASTER AL SHAFAR PHARMACIES GROUP LLC),DHA-F-8519014, AL FURJAN,"SHOP NO 9, AZIZI FARISHTA, JEBEL ALI FIRST, AL FURJAN, DUBAI",04-5693614,"https://www.google.com/maps/@?api=1&map_action=map&center=25.0,55.0&zoom=15",,,Pharmacy outlet. Coordinates approximate for area. Operating hours typically 8AM-10PM. Prescription services available. WhatsApp availability varies by location; call ahead to confirm.
DHA-F-5987196,DXB,DXB,PHARMACY,MEDCARE MEDICAL CENTRE BARSHA SOUTH PHARMACY BR OF MEDCARE HOSPITAL LLC,DHA-F-5987196,AL BARSHA,"UNIT 15, UNION COOP, AL BARSHA SOUTH MALL, STREET 58, AL BARSHA, BARSHA SOUTH",04-3254383,"https://www.google.com/maps/@?api=1&map_action=map&center=25.0,55.0&zoom=15",,,Pharmacy outlet. Coordinates approximate for area. Operating hours typically 8AM-10PM. Prescription services available. WhatsApp availability varies by location; call ahead to confirm.
DHA-F-9900420,DXB,DXB,PHARMACY,ASTER MEDICAL CENTRE  ARABIAN RANCHES PHARMACY BR OF DM HEALTHCARE LLC,DHA-F-9900420,ARABIAN RANCHES 2,"1ST FLOOR, EMAAR MALL, NEAR ASTER CLINIC, THE RANCHES SOUK, ARABIAN RANCHES 2, DUBAI",04-3092900,"https://www.google.com/maps/@?api=1&map_action=map&center=25.0,55.0&zoom=15",,,Pharmacy outlet. Coordinates approximate for area. Operating hours typically 8AM-10PM. Prescription services available. WhatsApp availability varies by location; call ahead to confirm.
DHA-F-4207640,DXB,DXB,PHARMACY,ASTER PHARMACY 166 (BR OF ASTER PHARMACIES GROUP L.L.C),DHA-F-4207640,AL JADDAF,"SHOP NO.5, AZURITE TOWER, IBN AL ZAHRAWI STREET, AL JADDAF, DUBAI",04-2272851,"https://www.google.com/maps/@?api=1&map_action=map&center=25.0,55.0&zoom=15",,,Pharmacy outlet. Coordinates approximate for area. Operating hours typically 8AM-10PM. Prescription services available. WhatsApp availability varies by location; call ahead to confirm.
DHA-F-0297643,DXB,DXB,PHARMACY,ASTER PHARMACY 179 (BR OF ASTER PHARMACIES GROUP L.L.C),DHA-F-0297643,AL QUSAIS INDUSTRIAL AREA 5,"S07,R1083,AL WASL VILLAGE RETAIL CENTRE,AL RAYHAN STREET, AL QUSAIS INDUSTRIAL AREA 5,DUBAI",04-2207653,"https://www.google.com/maps/@?api=1&map_action=map&center=25.0,55.0&zoom=15",,,Pharmacy outlet. Coordinates approximate for area. Operating hours typically 8AM-10PM. Prescription services available. WhatsApp availability varies by location; call ahead to confirm.
DHA-F-0773878,DXB,DXB,PHARMACY,ASTER PHARMACY 181 (BR OF ASTER PHARMACIES GROUP L.L.C),DHA-F-0773878,DUBAI HILLS,"R04, PARK HEIGHTS SQUARE 1,HADAEQ SHEIKH MOHAMMED BIN RASHID, NEXT TO SPINNEYS, DUBAI HILLS ESTATE, DUBAI HILLS, DUBAI",04-2632594,"https://www.google.com/maps/@?api=1&map_action=map&center=25.0,55.0&zoom=15",,,Pharmacy outlet. Coordinates approximate for area. Operating hours typically 8AM-10PM. Prescription services available. WhatsApp availability varies by location; call ahead to confirm.
DHA-F-9638740,DXB,DXB,PHARMACY,ASTER PHARMACY 182 (BR OF ASTER PHARMACIES GROUP L.L.C),DHA-F-9638740,WARSAN 4,"SHOP NO 2, JOWHRAT AL FAIHAA,INTERNATIONAL CITY 2 ST, INTERNATIONAL CITY PHASE-2, WARSAN 4, DUBAI",04-5545907,"https://www.google.com/maps/@?api=1&map_action=map&center=25.0,55.0&zoom=15",,,Pharmacy outlet. Coordinates approximate for area. Operating hours typically 8AM-10PM. Prescription services available. WhatsApp availability varies by location; call ahead to confirm.
DHA-F-1977773,DXB,DXB,PHARMACY,ASTER PHARMACY 180 (BR OF ASTER PHARMACIES GROUP L.L.C),DHA-F-1977773,"THE WALK, MARSA","P19, RIMAL 1, DUBAI MARINA AND JUMEIRA BEACH, THE WALK, MARSA, DUBAI",04-3092900,"https://www.google.com/maps/@?api=1&map_action=map&center=25.0,55.0&zoom=15",,,Pharmacy outlet. Coordinates approximate for area. Operating hours typically 8AM-10PM. Prescription services available. WhatsApp availability varies by location; call ahead to confirm.
DHA-F-4055326,DXB,DXB,PHARMACY,ASTER PHARMACY 183 (BR OF ASTER PHARMACIES GROUP L.L.C),DHA-F-4055326, BARSHA HEIGHTS,"SHOP-2, ART HEIGHTS, AL NAHAR 2 ST, AL THANYAH FIRST, BARSHA HEIGHTS, DUBAI",04-2679073,"https://www.google.com/maps/@?api=1&map_action=map&center=25.0,55.0&zoom=15",,,Pharmacy outlet. Coordinates approximate for area. Operating hours typically 8AM-10PM. Prescription services available. WhatsApp availability varies by location; call ahead to confirm.
DHA-F-6478301,DXB,DXB,PHARMACY,ASTER ROYAL CLINIC DOWNTOWN PHARAMCY BR OF DM HEALTHCARE LLC,DHA-F-6478301," DOWN TOWN, BURJ KHALIF","BD-RESI 1-RETAIL-G-ER6, RESIDENCES RETAIL, BURJ RESIDENCE PHASE I & II, DOWN TOWN, BURJ KHALIFA, DUBAI",04-3092900,"https://www.google.com/maps/@?api=1&map_action=map&center=25.0,55.0&zoom=15",,,Pharmacy outlet. Coordinates approximate for area. Operating hours typically 8AM-10PM. Prescription services available. WhatsApp availability varies by location; call ahead to confirm.
DHA-F-0630677,DXB,DXB,PHARMACY,ASTER PHARMACY 176 ( BR OF ASTER PHARMACIES GROUP L.L.C),DHA-F-0630677," DOWN TOWN, BURJ KHALIF","BD-RESI 1-RETAIL-G-ER6, RESIDENCES RETAIL, BURJ RESIDENCE PHASE I & II, DOWN TOWN, BURJ KHALIFA, DUBAI",04-3092900,"https://www.google.com/maps/@?api=1&map_action=map&center=25.0,55.0&zoom=15",,,Pharmacy outlet. Coordinates approximate for area. Operating hours typically 8AM-10PM. Prescription services available. WhatsApp availability varies by location; call ahead to confirm.
DHA-F-0001551,DXB,DXB,PHARMACY,CEDARS JEBEL ALI INTL HOSPITAL PHARMACY,DHA-F-0001551,JEBEL ALI,"JEBEL ALI FREE ZONE,DUBAI,UAE",04-8814000,"https://www.google.com/maps/@?api=1&map_action=map&center=25.0,55.0&zoom=15",,,Pharmacy outlet. Coordinates approximate for area. Operating hours typically 8AM-10PM. Prescription services available. WhatsApp availability varies by location; call ahead to confirm.
DHA-F-0001196,DXB,DXB,PHARMACY,AL RAFA HOSPITAL PHARMACY,DHA-F-0001196,MANKOOL,"MANKHOOL ROAD ,DUBAI,UAE",04-3988799,"https://www.google.com/maps/@?api=1&map_action=map&center=25.0,55.0&zoom=15",,,Pharmacy outlet. Coordinates approximate for area. Operating hours typically 8AM-10PM. Prescription services available. WhatsApp availability varies by location; call ahead to confirm.
DHA-F-3663094,DXB,DXB,PHARMACY,ASTER DAY SURGERY CENTRE PHARMACY - MANKHOOL,DHA-F-3663094,MANKHOOL,"MOHAMMAD HUSSAIN ALIYATEEM BUILDING, NEAR ASTER HOSPITAL AL MANKHOOL, KUWAIT ROAD,DUBAI",04-3814987,"https://www.google.com/maps/@?api=1&map_action=map&center=25.0,55.0&zoom=15",,,Pharmacy outlet. Coordinates approximate for area. Operating hours typically 8AM-10PM. Prescription services available. WhatsApp availability varies by location; call ahead to confirm.
DHA-F-0002448,DXB,DXB,PHARMACY,ASTER HOSPITAL- AL QUSAIS-PHARMACY,DHA-F-0002448,QUSAIS,"9 A STREET, AL QUSAIS INDUSTRIAL AREA 2, AL QUSAIS",04-4546001,"https://www.google.com/maps/@?api=1&map_action=map&center=25.0,55.0&zoom=15",,,Pharmacy outlet. Coordinates approximate for area. Operating hours typically 8AM-10PM. Prescription services available. WhatsApp availability varies by location; call ahead to confirm.
DHA-F-0002188,DXB,DXB,PHARMACY,ASHTREE PHARMACY LLC,DHA-F-0002188,AL FAHIDI STREET,"M03, AMWAJ BUILDING, AL FAHIDI STREET, DUBAI, UAE",04-335 3644,"https://www.google.com/maps/@?api=1&map_action=map&center=25.0,55.0&zoom=15",,,Pharmacy outlet. Coordinates approximate for area. Operating hours typically 8AM-10PM. Prescription services available. WhatsApp availability varies by location; call ahead to confirm.
DHA-F-0001767,DXB,DXB,PHARMACY,FAJR AL MADINA PHARMACY L.L.C,DHA-F-0001767,AL QUOZ,"FARNEK BULIDINBG , BEHIND AL KHAIL MALL , ALQUOZ-3 , DUBAI",04-3410401,"https://www.google.com/maps/@?api=1&map_action=map&center=25.0,55.0&zoom=15",,,Pharmacy outlet. Coordinates approximate for area. Operating hours typically 8AM-10PM. Prescription services available. WhatsApp availability varies by location; call ahead to confirm.
DHA-F-0002375,DXB,DXB,PHARMACY,FAJR AL MADINA PHARMACY L.L.C BRANCH,DHA-F-0002375,JEBEL ALI,"CRYSTAL MALL , JABELALI-1 , DUBAI",04-2974494,"https://www.google.com/maps/@?api=1&map_action=map&center=25.0,55.0&zoom=15",,,Pharmacy outlet. Coordinates approximate for area. Operating hours typically 8AM-10PM. Prescription services available. WhatsApp availability varies by location; call ahead to confirm.
DHA-F-8418028,DXB,DXB,PHARMACY,AL SHIFA UROPI PHARMACY DWC-LLC,DHA-F-8418028,DWC,UNIT NO R06 THE PULSE PODIUM MADINAT AL MATAR DUBAI SOUTH,054-4656269,"https://www.google.com/maps/@?api=1&map_action=map&center=25.0,55.0&zoom=15",,,Pharmacy outlet. Coordinates approximate for area. Operating hours typically 8AM-10PM. Prescription services available. WhatsApp availability varies by location; call ahead to confirm.
DHA-F-0046367,DXB,DXB,PHARMACY,AL RAWDA PHARMACY,DHA-F-0046367,DEIRA,"AL SHAMSI BUILDING, CLOCK TOWER, DEIRA, DUBAI",04-2940786,"https://www.google.com/maps/@?api=1&map_action=map&center=25.0,55.0&zoom=15",,,Pharmacy outlet. Coordinates approximate for area. Operating hours typically 8AM-10PM. Prescription services available. WhatsApp availability varies by location; call ahead to confirm.
DHA-F-0001746,DXB,DXB,PHARMACY,AL RAWDA PHARMACY LLC BRANCH,DHA-F-0001746,DIP 1,"BAYAN BUSINESS CENTRE, DUBAI INVESTMENT PARK-1, DUBAI, U.A.E",04-8800920,"https://www.google.com/maps/@?api=1&map_action=map&center=25.0,55.0&zoom=15",,,Pharmacy outlet. Coordinates approximate for area. Operating hours typically 8AM-10PM. Prescription services available. WhatsApp availability varies by location; call ahead to confirm.
DHA-F-4996655,DXB,DXB,PHARMACY,SONAPUR STAR PHARMACY L.L.C (FORMERLY AL QUSAIS STAR PHARMACY(LLC) (BRANCH)),DHA-F-4996655,MUHAISNAH - 2,"20TH STREET, MUHAISNAH - 2, OPP. PATHAN RESTAURANT, NEAR GOLEN JUBILEE SUPERMARKET, DUBAI-UAE",04-5488684,"https://www.google.com/maps/@?api=1&map_action=map&center=25.0,55.0&zoom=15",,,Pharmacy outlet. Coordinates approximate for area. Operating hours typically 8AM-10PM. Prescription services available. WhatsApp availability varies by location; call ahead to confirm.
DHA-F-0001258,DXB,DXB,PHARMACY,NEW AL NEEM PHARMACY L.L.C ( AL NEEM GROUP),DHA-F-0001258,AL QUOZ,"JIWIN STAFF ACCOMMODATION, AL QUOZ-2,POST BOX:294880",04-3282121,"https://www.google.com/maps/@?api=1&map_action=map&center=25.0,55.0&zoom=15",,,Pharmacy outlet. Coordinates approximate for area. Operating hours typically 8AM-10PM. Prescription services available. WhatsApp availability varies by location; call ahead to confirm.
DHA-F-0002229,DXB,DXB,PHARMACY,AL NEEM GREEN PHARMACY L.L.C(AL NEEM GROUP),DHA-F-0002229,AL QUOZ,"SALMAN IBRAHIM BUILDING, AL QUOZ-4, POST BOX:294880, POST BOX:294880",04-3355557,"https://www.google.com/maps/@?api=1&map_action=map&center=25.0,55.0&zoom=15",,,Pharmacy outlet. Coordinates approximate for area. Operating hours typically 8AM-10PM. Prescription services available. WhatsApp availability varies by location; call ahead to confirm.
DHA-F-0002324,DXB,DXB,PHARMACY,AL NEEM GRAND PHARMACY L.L.C(AL NEEM GROUP),DHA-F-0002324,MUHAISNAH,"MASCO HYPERMARKET BUILDING, 27 E STREET. MUHAISNAH-4, POST BOX:294880",04-2237770,"https://www.google.com/maps/@?api=1&map_action=map&center=25.0,55.0&zoom=15",,,Pharmacy outlet. Coordinates approximate for area. Operating hours typically 8AM-10PM. Prescription services available. WhatsApp availability varies by location; call ahead to confirm.
DHA-F-0046357,DXB,DXB,PHARMACY,NEW AL SHAIMAA PHARMACY,DHA-F-0046357,AL NAHDA,MOZNA BUILDING;NEAR AL NAHDA METRO,04-2616286,"https://www.google.com/maps/@?api=1&map_action=map&center=25.0,55.0&zoom=15",,,Pharmacy outlet. Coordinates approximate for area. Operating hours typically 8AM-10PM. Prescription services available. WhatsApp availability varies by location; call ahead to confirm.
DHA-F-2055962,DXB,DXB,PHARMACY,SHAJARAT AL NEEM PHARMACY LLC,DHA-F-2055962,JEBEL ALI,"SHOP NO 13, SALEM MALL, PLOT NO.599-0474, JEBEL ALI INDUSTRIAL AREA 1, DUBAI",04-8876875,"https://www.google.com/maps/@?api=1&map_action=map&center=25.0,55.0&zoom=15",,,Pharmacy outlet. Coordinates approximate for area. Operating hours typically 8AM-10PM. Prescription services available. WhatsApp availability varies by location; call ahead to confirm.
DHA-F-3744162,DXB,DXB,PHARMACY,LIWAN PHARMACY LLC,DHA-F-3744162,LIWAN,"LIWAN, DUBAI, ",04-5809651,"https://www.google.com/maps/@?api=1&map_action=map&center=25.0,55.0&zoom=15",,,Pharmacy outlet. Coordinates approximate for area. Operating hours typically 8AM-10PM. Prescription services available. WhatsApp availability varies by location; call ahead to confirm.
DHA-F-0001725,DXB,DXB,PHARMACY,AL NEEM PHARMACY L.L.C BRANCH(AL NEEM GROUP),DHA-F-0001725,JAFZA,"COMMERCIAL CENTER, SHOPE NO:116, JAFZA SOUTH",04-8809667,"https://www.google.com/maps/@?api=1&map_action=map&center=25.0,55.0&zoom=15",,,Pharmacy outlet. Coordinates approximate for area. Operating hours typically 8AM-10PM. Prescription services available. WhatsApp availability varies by location; call ahead to confirm.
DHA-F-0000978,DXB,DXB,PHARMACY,AL NEEM PHARMACY L.L.C JAFZA (W)BRANCH(AL NEEM GROUP),DHA-F-0000978,JAFZA,"NESTO HYPERMARKET BUILDING, NEAR NEW WEST ACCOMMODATION, JAFZA,",04-8876650,"https://www.google.com/maps/@?api=1&map_action=map&center=25.0,55.0&zoom=15",,,Pharmacy outlet. Coordinates approximate for area. Operating hours typically 8AM-10PM. Prescription services available. WhatsApp availability varies by location; call ahead to confirm.
DHA-F-0000209,DXB,DXB,PHARMACY,AL NEEM PHARMACY L.L.C  (AL NEEM GROUP),DHA-F-0000209,WARSEN 1,"CBD20, INTERNATIONAL CITY, WARSEN 1,",04-3697130,"https://www.google.com/maps/@?api=1&map_action=map&center=25.0,55.0&zoom=15",,,Pharmacy outlet. Coordinates approximate for area. Operating hours typically 8AM-10PM. Prescription services available. WhatsApp availability varies by location; call ahead to confirm.
DHA-F-1866092,DXB,DXB,PHARMACY,ALMURJAN PHARMACY LLC,DHA-F-1866092,AL QOUZ 3,"SHOP NO:21, EIFFEL GARDENS 4, AL WAHA STREET AL QUOZ 3, DUBAI",04-2388195,"https://www.google.com/maps/@?api=1&map_action=map&center=25.0,55.0&zoom=15",,,Pharmacy outlet. Coordinates approximate for area. Operating hours typically 8AM-10PM. Prescription services available. WhatsApp availability varies by location; call ahead to confirm.
DHA-F-2553296,DXB,DXB,PHARMACY,AL BARSHA AL NOOR POLYCLINIC PHARMACY,DHA-F-2553296,AL BARSHA 1,"ELITE BUSINESS CENTRE, INFRONT OF LULU CENTRE, AL BARSHA 1",04-2718762,"https://www.google.com/maps/@?api=1&map_action=map&center=25.0,55.0&zoom=15",,,Pharmacy outlet. Coordinates approximate for area. Operating hours typically 8AM-10PM. Prescription services available. WhatsApp availability varies by location; call ahead to confirm.
DHA-F-7714515,DXB,DXB,PHARMACY,HEALTHHUBPHARMACY BR.AL FUTTAIM HEALTHCARE-MUTEENA,DHA-F-7714515,AL MUTEENA,"AL MUTEENA STREET 58, AL MUTEENA 1058 , GF",04-5967366,"https://www.google.com/maps/@?api=1&map_action=map&center=25.0,55.0&zoom=15",,,Pharmacy outlet. Coordinates approximate for area. Operating hours typically 8AM-10PM. Prescription services available. WhatsApp availability varies by location; call ahead to confirm.
DHA-F-0845339,DXB,DXB,PHARMACY,HEALTHHUBPHARMACY KARAMA,DHA-F-0845339,KARAMA,"AL KIFAF MANSION BUILDING , STREET 11,NEXT TO AL IBRAHIMI RESUATURANT ,KARAMA",04-2186276,"https://www.google.com/maps/@?api=1&map_action=map&center=25.0,55.0&zoom=15",,,Pharmacy outlet. Coordinates approximate for area. Operating hours typically 8AM-10PM. Prescription services available. WhatsApp availability varies by location; call ahead to confirm.
DHA-F-2331821,DXB,DXB,PHARMACY,HEALTHHUBPHARMACY BR.AL FUTTAIM HEALTHCARE AL NAHDA 2,DHA-F-2331821,KARAMA,"ESSA SALEH AL GURG ,GROUND FLOOR AMMAN STREET, AL NAHDA -2",04-5967358,"https://www.google.com/maps/@?api=1&map_action=map&center=25.0,55.0&zoom=15",,,Pharmacy outlet. Coordinates approximate for area. Operating hours typically 8AM-10PM. Prescription services available. WhatsApp availability varies by location; call ahead to confirm.
DHA-F-0047413,DXB,DXB,PHARMACY,ADVANCED CARE PHARMACY LLC-AL QUOZ-(ADVANCED GROUP),DHA-F-0047413,AL QUOZ,"ROOM NO -1, FAKHRUDDIN PROPERTIES BUILDING, BEHIND NATIONAL CEMENT FACTORY, INDUSTRIAL AREA-3, AL QUOZ, DUBAI - UAE",04-3307120,"https://www.google.com/maps/@?api=1&map_action=map&center=25.0,55.0&zoom=15",,,Pharmacy outlet. Coordinates approximate for area. Operating hours typically 8AM-10PM. Prescription services available. WhatsApp availability varies by location; call ahead to confirm.
DHA-F-0000348,DXB,DXB,PHARMACY,ADVANCED CARE PLUS PHARMACY LLC-JABEL ALI-(ADVANCED GROUP),DHA-F-0000348,JEBEL ALI,"AWQAF BUILDING,NEAR TO UAEXCHANGE CENTER, JEBEL ALI INDUSTRIAL AREA 1, JEBEL ALI, DUBAI - UAE",04-8829700,"https://www.google.com/maps/@?api=1&map_action=map&center=25.0,55.0&zoom=15",,,Pharmacy outlet. Coordinates approximate for area. Operating hours typically 8AM-10PM. Prescription services available. WhatsApp availability varies by location; call ahead to confirm.
DHA-F-0000554,DXB,DXB,PHARMACY,ADVANCED STAR PHARMACY LLC-DIP-(ADVANCED GROUP),DHA-F-0000554,DIP,"SHOP NO : 3, NASSEM AL MADINA SUPER MARKET BULIDING,PHASE 2, DUBAI INVESTMENT PARK,JEBEL ALI, DUBAI - UAE",04-8851154,"https://www.google.com/maps/@?api=1&map_action=map&center=25.0,55.0&zoom=15",,,Pharmacy outlet. Coordinates approximate for area. Operating hours typically 8AM-10PM. Prescription services available. WhatsApp availability varies by location; call ahead to confirm.
DHA-F-0002332,DXB,DXB,PHARMACY,NEW ADVANCED CARE PHARMACY LLC (ADVANCE CARE GROUP),DHA-F-0002332,INDUSTRIAL CITY,"SOUQ NO :4, SHOP NUMBER : 3, SEIHSHOWEB 4, LABOUR CITY 2, DUBAI INDUSTRIAL CITY, DUBAI - UAE",04-3807807,"https://www.google.com/maps/@?api=1&map_action=map&center=25.0,55.0&zoom=15",,,Pharmacy outlet. Coordinates approximate for area. Operating hours typically 8AM-10PM. Prescription services available. WhatsApp availability varies by location; call ahead to confirm.
DHA-F-8864498,DXB,DXB,PHARMACY,ALQUOZ ADVANCED CARE PHARMACY LLC,DHA-F-8864498,AL QUOZ,"PASONS SHOPPING CENTER BUILDING, BEHIND JOTUN PAINT FACTORY,ALQUOZ -2, P.O BOX:283235,DUBAI,UAE",04-2355222,"https://www.google.com/maps/@?api=1&map_action=map&center=25.0,55.0&zoom=15",,,Pharmacy outlet. Coordinates approximate for area. Operating hours typically 8AM-10PM. Prescription services available. WhatsApp availability varies by location; call ahead to confirm.
DHA-F-0002245,DXB,DXB,PHARMACY,NOVA ADVANCED CARE PHARMACY LLC,DHA-F-0002245,QUSAIS,"SHOP NO.73, GROUND FLOOR, WORLD TRADE CENTER, THE SOUKOPPO: SOUAD JWELLERY",04-2638227,"https://www.google.com/maps/@?api=1&map_action=map&center=25.0,55.0&zoom=15",,,Pharmacy outlet. Coordinates approximate for area. Operating hours typically 8AM-10PM. Prescription services available. WhatsApp availability varies by location; call ahead to confirm.
DHA-F-4636657,DXB,DXB,PHARMACY,JEBAL ALI ADVANCED CARE PHARMACY LLC,DHA-F-4636657,JEBEL ALI,"CROWN MALL, GROUND FLOOR, SHOP NO 26 JEBEL ALI INDUSTRIAL AREA 1",04-5693777,"https://www.google.com/maps/@?api=1&map_action=map&center=25.0,55.0&zoom=15",,,Pharmacy outlet. Coordinates approximate for area. Operating hours typically 8AM-10PM. Prescription services available. WhatsApp availability varies by location; call ahead to confirm.
DHA-F-5820289,DXB,DXB,PHARMACY,ALICO ADVANCED CAREPHARMACY L.L.C,DHA-F-5820289,DIP 1,"  ALICO AL MADINA HYPERMARKET BUILDING, 44 STREET, DUBAI INVESTMENT PARK -1, DUBAI",04-3463099,"https://www.google.com/maps/@?api=1&map_action=map&center=25.0,55.0&zoom=15",,,Pharmacy outlet. Coordinates approximate for area. Operating hours typically 8AM-10PM. Prescription services available. WhatsApp availability varies by location; call ahead to confirm.
DHA-F-0001029,DXB,DXB,PHARMACY,ACCESS PHARMACY 2 (BR OF ASTER PHARMACIES GROUP LLC),DHA-F-0001029,MUHAISNA 2,"ACCESS CLINIC BUILDING, AL MUHAISINA-2, SONAPUR, NEAR TO BUS STATION",04-2637531,"https://www.google.com/maps/@?api=1&map_action=map&center=25.0,55.0&zoom=15",,,Pharmacy outlet. Coordinates approximate for area. Operating hours typically 8AM-10PM. Prescription services available. WhatsApp availability varies by location; call ahead to confirm.
DHA-F-0000994,DXB,DXB,PHARMACY,ACCESS PHARMACY AL QOUZ (BR OF ASTER PHARMACIES GROUP LLC),DHA-F-0000994,ALQOUZ,"AL ARIF BUILDING, GF-1, AL QOUZE-3, AL QOUZE",04-3807218,"https://www.google.com/maps/@?api=1&map_action=map&center=25.0,55.0&zoom=15",,,Pharmacy outlet. Coordinates approximate for area. Operating hours typically 8AM-10PM. Prescription services available. WhatsApp availability varies by location; call ahead to confirm.
DHA-F-0001276,DXB,DXB,PHARMACY,ACCESS PHARMACY 3 (BR OF ASTER PHARMACIES GROUP LLC),DHA-F-0001276,DIP 1,"SHOP NO:8, 550 SQFT.AT, PLOT # 597-874, DIP-2, NEAR TO ACCESS CLINIC DIP",04-8833862,"https://www.google.com/maps/@?api=1&map_action=map&center=25.0,55.0&zoom=15",,,Pharmacy outlet. Coordinates approximate for area. Operating hours typically 8AM-10PM. Prescription services available. WhatsApp availability varies by location; call ahead to confirm.
DHA-F-0000726,DXB,DXB,PHARMACY,ASTER PHARMACY 2 (BR OF ASTER PHARMACIES GROUP LLC),DHA-F-0000726,DIP,"UNIT NO 4&5, GROUND FLOOR,CARREFOUR CENTRE, DUBAI INVESTMENT PARK",04-8858044,"https://www.google.com/maps/@?api=1&map_action=map&center=25.0,55.0&zoom=15",,,Pharmacy outlet. Coordinates approximate for area. Operating hours typically 8AM-10PM. Prescription services available. WhatsApp availability varies by location; call ahead to confirm.
DHA-F-0002032,DXB,DXB,PHARMACY,ABRIS PHARMACY LLC,DHA-F-0002032,BUR DUBAI BUS STATION,"NEARBY DUBAI MUSEUM, MEENA BAZAR, AL FAHIDI STREET – COSMOS LANE - BUR DUBAI – AL SOUQ AL KABEER",04-3535357,"https://www.google.com/maps/@?api=1&map_action=map&center=25.0,55.0&zoom=15",,,Pharmacy outlet. Coordinates approximate for area. Operating hours typically 8AM-10PM. Prescription services available. WhatsApp availability varies by location; call ahead to confirm.
DHA-F-0455851,DXB,DXB,PHARMACY,JUPITER AL QUSAIS POLYCLINIC L.L.C PHARMACY,DHA-F-0455851,DAMASCUS ROAD,"NO. 207 SECOND FLOOR,  AL MAZOON BLDG, DAMASCUS ROAD, AL QUSAIS - DUBAI",04-2630987,"https://www.google.com/maps/@?api=1&map_action=map&center=25.0,55.0&zoom=15",,,Pharmacy outlet. Coordinates approximate for area. Operating hours typically 8AM-10PM. Prescription services available. WhatsApp availability varies by location; call ahead to confirm.
DHA-F-0045882,DXB,DXB,PHARMACY,AL  MANKHOOL PHARMACY LLC,DHA-F-0045882,AL NAHDA 2,"TRIO 3,19 A ST - AL NAHDA - AL NAHDA 2 - DUBAI",04-2554427,"https://www.google.com/maps/@?api=1&map_action=map&center=25.0,55.0&zoom=15",,,Pharmacy outlet. Coordinates approximate for area. Operating hours typically 8AM-10PM. Prescription services available. WhatsApp availability varies by location; call ahead to confirm.
DHA-F-0000165,DXB,DXB,PHARMACY,NEW MANKHOOL PHARMACY LLC,DHA-F-0000165,AL MANKHOOL,"VILLA NO 108 ,NEXT TO ADCB METRO STATION’S EXIT #2 SHEIKH KHALIFA BIN ZAYED ST - AL MANKHOOL - DUBAI",04-3858580,"https://www.google.com/maps/@?api=1&map_action=map&center=25.0,55.0&zoom=15",,,Pharmacy outlet. Coordinates approximate for area. Operating hours typically 8AM-10PM. Prescription services available. WhatsApp availability varies by location; call ahead to confirm.
DHA-F-0001686,DXB,DXB,PHARMACY,WESTON PHARMACY LLC,DHA-F-0001686,BURDUBAI,"ABDULLAH KHOORY BUILDING,ALMUSALLA RD,BURDUBAI-UAE ",04-2652767,"https://www.google.com/maps/@?api=1&map_action=map&center=25.0,55.0&zoom=15",,,Pharmacy outlet. Coordinates approximate for area. Operating hours typically 8AM-10PM. Prescription services available. WhatsApp availability varies by location; call ahead to confirm.
DHA-F-5888133,DXB,DXB,PHARMACY,YOUR CENTER PHARMACY LLC,DHA-F-5888133,PRODUCTION CITY,"AFNAN3 SHOP NO 4 ME'AISEM FIRST ,MID TOWN,PRODUCTION CITY,DUBAI",04-3657000,"https://www.google.com/maps/@?api=1&map_action=map&center=25.0,55.0&zoom=15",,,Pharmacy outlet. Coordinates approximate for area. Operating hours typically 8AM-10PM. Prescription services available. WhatsApp availability varies by location; call ahead to confirm.
DHA-F-3921649,DXB,DXB,PHARMACY,APL PHARMACY LLC,DHA-F-3921649,ZABEEL ST,"GROUND FLOOR, AL ARTI PLAZA, ZABEEL ST,DUBAI,UAE",04-6056046,"https://www.google.com/maps/@?api=1&map_action=map&center=25.0,55.0&zoom=15",,,Pharmacy outlet. Coordinates approximate for area. Operating hours typically 8AM-10PM. Prescription services available. WhatsApp availability varies by location; call ahead to confirm.
DHA-F-5052933,DXB,DXB,PHARMACY,OXFORD PHARMACY LLC,DHA-F-5052933,BURDUBAI,"SHOP#2, AL SHARAFI BUILDING,DUBAI,UAE",04-3925070,"https://www.google.com/maps/@?api=1&map_action=map&center=25.0,55.0&zoom=15",,,Pharmacy outlet. Coordinates approximate for area. Operating hours typically 8AM-10PM. Prescription services available. WhatsApp availability varies by location; call ahead to confirm.
DHA-F-8557893,DXB,DXB,PHARMACY,LIVERPOOL PHARMACY L.L.C,DHA-F-8557893,BURDUBAI,"NEXT TO PALM BEACH HOTEL , KHALID BIN WALID ROAD,BURDUBAI,DUBAI,UAE",04-3349558,"https://www.google.com/maps/@?api=1&map_action=map&center=25.0,55.0&zoom=15",,,Pharmacy outlet. Coordinates approximate for area. Operating hours typically 8AM-10PM. Prescription services available. WhatsApp availability varies by location; call ahead to confirm.
DHA-F-8754300,DXB,DXB,PHARMACY,RALS PHARMACY( BR OF ABD ULWAHED BIN SHABIB INVESTMENT GROUP L.L.C),DHA-F-8754300,JEBEL ALI INDUSTRIAL 1,"AWS FAMILY RESIDENCE,18, 57 STREET,JEBEL ALI INDUSTRIAL 1, JEBEL ALI, DUBAI",04-2275777,"https://www.google.com/maps/@?api=1&map_action=map&center=25.0,55.0&zoom=15",,,Pharmacy outlet. Coordinates approximate for area. Operating hours typically 8AM-10PM. Prescription services available. WhatsApp availability varies by location; call ahead to confirm.
DHA-F-1427542,DXB,DXB,PHARMACY,ARIN CARE PHARMACY,DHA-F-1427542,MUHAISNAH 4TH,"MEZINENE FLOOR, TALAL PLAZA BLDG, MUHAISNAH 4TH, DUBAI,UAE",04-3952774,"https://www.google.com/maps/@?api=1&map_action=map&center=25.0,55.0&zoom=15",,,Pharmacy outlet. Coordinates approximate for area. Operating hours typically 8AM-10PM. Prescription services available. WhatsApp availability varies by location; call ahead to confirm.
DHA-F-0000366,DXB,DXB,PHARMACY,MODERN FAMILY PHARMACY LLC,DHA-F-0000366,UMMHURAIR," 04, UMM HURAIR BUILDING, OPP CIVIL DEFENCE ZABEEL ROAD, KARAMA, DUBAI - UAE. PO BOX: 30127",04-3343263,"https://www.google.com/maps/@?api=1&map_action=map&center=25.0,55.0&zoom=15",,,Pharmacy outlet. Coordinates approximate for area. Operating hours typically 8AM-10PM. Prescription services available. WhatsApp availability varies by location; call ahead to confirm.
DHA-F-7663290,DXB,DXB,PHARMACY,MODERN FAMILY  PHARMACY LLC  BRANCH,DHA-F-7663290,ALBARSHA 1,"GROUND FLOOR. AL BARSHA- 1 , BUSINESS CENTRE,  SHOP NO :6",04-3343263,"https://www.google.com/maps/@?api=1&map_action=map&center=25.0,55.0&zoom=15",,,Pharmacy outlet. Coordinates approximate for area. Operating hours typically 8AM-10PM. Prescription services available. WhatsApp availability varies by location; call ahead to confirm.
DHA-F-0123281,DXB,DXB,PHARMACY,ASTER PHARMACY 174 (BR OF ASTER PHARMACIES GROUP L.L.C),DHA-F-0123281,DUBAI SPORTS CITY,"G-03,TAG RETAIL HUB 01,AL HEBIAH FOURTH, DUBAI SPORTS CITY, DUBAI",04-4486271,"https://www.google.com/maps/@?api=1&map_action=map&center=25.0,55.0&zoom=15",,,Pharmacy outlet. Coordinates approximate for area. Operating hours typically 8AM-10PM. Prescription services available. WhatsApp availability varies by location; call ahead to confirm.
DHA-F-8759214,DXB,DXB,PHARMACY,ASTER PHARMACY 184 (BR OF ASTER PHARMACIES GROUP L.L.C),DHA-F-8759214,"AL AAMAL STREET, BUSINESS BAY","RETAIL-01, ZADA TOWER, AL AAMAL STREET, BUSINESS BAY, DUBAI",04-4490062,"https://www.google.com/maps/@?api=1&map_action=map&center=25.0,55.0&zoom=15",,,Pharmacy outlet. Coordinates approximate for area. Operating hours typically 8AM-10PM. Prescription services available. WhatsApp availability varies by location; call ahead to confirm.
DHA-F-1608191,DXB,DXB,PHARMACY,ASTER PHARMACY 178 (BR OF ASTER PHARMACIES GROUP L.L.C),DHA-F-1608191,AL GHARBI STREET,"SHOP R02, WEST AVENUE, AL GHARBI STREET, MARINA, MARSA, DUBAI",04-2950979,"https://www.google.com/maps/@?api=1&map_action=map&center=25.0,55.0&zoom=15",,,Pharmacy outlet. Coordinates approximate for area. Operating hours typically 8AM-10PM. Prescription services available. WhatsApp availability varies by location; call ahead to confirm.
DHA-F-9530629,DXB,DXB,PHARMACY,ASTER PHARMACY 188 (BR OF ASTER PHARMACIES GROUP L.L.C),DHA-F-9530629,DUNES STREET,"RETAIL-06, LOGGIA PLAZA, DUNES STREET, DUBAI SILICON OASIS, DUBAI",04-3497028,"https://www.google.com/maps/@?api=1&map_action=map&center=25.0,55.0&zoom=15",,,Pharmacy outlet. Coordinates approximate for area. Operating hours typically 8AM-10PM. Prescription services available. WhatsApp availability varies by location; call ahead to confirm.
DHA-F-4129358,DXB,DXB,PHARMACY,ASTER PHARMACY 189 (BR OF ASTER PHARMACIES GROUP L.L.C),DHA-F-4129358,SILICON HEIGHTS 2 BUILDING,"SHOP 6, SILICON HEIGHTS 2 BUILDING, DUBAI SILICON OASIS, DUBAI",04-8324564,"https://www.google.com/maps/@?api=1&map_action=map&center=25.0,55.0&zoom=15",,,Pharmacy outlet. Coordinates approximate for area. Operating hours typically 8AM-10PM. Prescription services available. WhatsApp availability varies by location; call ahead to confirm.
DHA-F-7605155,DXB,DXB,PHARMACY,ZEST PHARMACY 1 (BR OF ZEST WELLNESS PHARMACY L.L.C),DHA-F-7605155,"AL THANYA STREET,UMM AL SHEIF","SHOP NO. 9, AL THANYAH CENTER, WAITROSE THANYA, AL THANYA STREET, UMM AL SHEIF, DUBAI",04-8246485,"https://www.google.com/maps/@?api=1&map_action=map&center=25.0,55.0&zoom=15",,,Pharmacy outlet. Coordinates approximate for area. Operating hours typically 8AM-10PM. Prescription services available. WhatsApp availability varies by location; call ahead to confirm.
DHA-F-1422324,DXB,DXB,PHARMACY,ASTER ROYAL CLINIC SPRINGS SOUK PHARMACY BR OF D M HEALTHCARE L L C,DHA-F-1422324,"THE SPRING SOUK,","SHOP FF 24 AND FF 25, SPRINGS SOUK, AL THANYAH FOURTH, DUBAI ",04-3288352,"https://www.google.com/maps/@?api=1&map_action=map&center=25.0,55.0&zoom=15",,,Pharmacy outlet. Coordinates approximate for area. Operating hours typically 8AM-10PM. Prescription services available. WhatsApp availability varies by location; call ahead to confirm.
DHA-F-3392934,DXB,DXB,PHARMACY,FAITH AL KHAIL PHARMACY LLC,DHA-F-3392934,AL QUOZ 4,"SHOP. NO. 1A-1B AL KHAIL HEIGHTS BLDG. ,AL QUOZ 4, NEAR TO AL QUOZ GENERAL STAR TRADING DUBAI, UAE",04-554 2713,"https://www.google.com/maps/@?api=1&map_action=map&center=25.0,55.0&zoom=15",,,Pharmacy outlet. Coordinates approximate for area. Operating hours typically 8AM-10PM. Prescription services available. WhatsApp availability varies by location; call ahead to confirm.
DHA-F-6951770,DXB,DXB,PHARMACY,FAITH WALK PHARMACY LLC,DHA-F-6951770,AL NAHDA,"SHOP GM14 ,AMWAJ ROTANA JBR DUBAI UAE NEXT TO TEALICIOUS BUBBLE TEA, ",04-579 9136,"https://www.google.com/maps/@?api=1&map_action=map&center=25.0,55.0&zoom=15",,,Pharmacy outlet. Coordinates approximate for area. Operating hours typically 8AM-10PM. Prescription services available. WhatsApp availability varies by location; call ahead to confirm.
DHA-F-6930572,DXB,DXB,PHARMACY,FAITH AHLAN PHARMACY LLC,DHA-F-6930572,AL NAHDA,"SHOP NO. 8 AR 1 TOWER,AL NAHDA , DUBAI UAE",04-554 5847,"https://www.google.com/maps/@?api=1&map_action=map&center=25.0,55.0&zoom=15",,,Pharmacy outlet. Coordinates approximate for area. Operating hours typically 8AM-10PM. Prescription services available. WhatsApp availability varies by location; call ahead to confirm.
DHA-F-0045871,DXB,DXB,PHARMACY,SULTAN PHARMACY LLC,DHA-F-0045871,AL FAHIDI,"SHOP NO. 5-6 FADHLANI BLDG.,AL ESBIJ ST NEAR ASTORIA HOTEL AL FAHIDI,   DUBAI",04-394 5392,"https://www.google.com/maps/@?api=1&map_action=map&center=25.0,55.0&zoom=15",,,Pharmacy outlet. Coordinates approximate for area. Operating hours typically 8AM-10PM. Prescription services available. WhatsApp availability varies by location; call ahead to confirm.
DHA-F-0707588,DXB,DXB,PHARMACY,FAITH AL QUOZ PHARMACY LLC,DHA-F-0707588,AL QOUZ FIRST,"SHOP NO. 6 KING ABDULLAH AL MUHAIRI,AL QOUZ FIRST, AL QUOZ DUBAI",04-396 0422,"https://www.google.com/maps/@?api=1&map_action=map&center=25.0,55.0&zoom=15",,,Pharmacy outlet. Coordinates approximate for area. Operating hours typically 8AM-10PM. Prescription services available. WhatsApp availability varies by location; call ahead to confirm.
DHA-F-6382248,DXB,DXB,PHARMACY,FAITH HAYAA PHARMACY LLC,DHA-F-6382248,AL KAWANEEJ ,"SHOP NO. 6 DEPARTMENT OF PEACEFUL AFFAIRS AND CHARITABLE ACTIVITIES,MASJID AL KHABEER ST, AL KAWANEEJ 2ND AL KHABEER, DUBAI UAE",04-445 8339,"https://www.google.com/maps/@?api=1&map_action=map&center=25.0,55.0&zoom=15",,,Pharmacy outlet. Coordinates approximate for area. Operating hours typically 8AM-10PM. Prescription services available. WhatsApp availability varies by location; call ahead to confirm.
DHA-F-4536814,DXB,DXB,PHARMACY,MODERN PHARMACY L.L.C (BRANCH),DHA-F-4536814,"BURDUBAI,","BURDUBAI,AL ESBIJI  ,AQIL MUSTAFA ABDUL AL NOORNEAR ASTORIA HOTEL, DUBAI,PO BOX-39803 DUBAI,UAE
",04-2264747,"https://www.google.com/maps/@?api=1&map_action=map&center=25.0,55.0&zoom=15",,,Pharmacy outlet. Coordinates approximate for area. Operating hours typically 8AM-10PM. Prescription services available. WhatsApp availability varies by location; call ahead to confirm.
DHA-F-4475290,DXB,DXB,PHARMACY,MODERN PHARMACY L.L.C (BRANCH),DHA-F-4475290,AL BARSHA 2,"AL BARSHA 2,AL ZAYED STREET,AL MASHROOM BUILDING,BESIDE GOLDEN SANS ARENCO BUILDING,DUBAI,PO BOX- 1885,UAE                                     
",04-4508540,"https://www.google.com/maps/@?api=1&map_action=map&center=25.0,55.0&zoom=15",,,Pharmacy outlet. Coordinates approximate for area. Operating hours typically 8AM-10PM. Prescription services available. WhatsApp availability varies by location; call ahead to confirm.
DHA-F-7222058,DXB,DXB,PHARMACY,MODERN PHARMACY L.L.C (SATWA BRANCH),DHA-F-7222058,SATWA,"SATWA,STAL DIYAFA STREET, HILAH SALIM BLDG,BESIDE AL MALLAH RESTAURANT,DUBAI,UAE                                                              
    
",04-3259855,"https://www.google.com/maps/@?api=1&map_action=map&center=25.0,55.0&zoom=15",,,Pharmacy outlet. Coordinates approximate for area. Operating hours typically 8AM-10PM. Prescription services available. WhatsApp availability varies by location; call ahead to confirm.
DHA-F-0063958,DXB,DXB,PHARMACY,MODERN PHARMACY L.L.C (AL QUSAIS BRANCH),DHA-F-0063958,SHEIK RASHID COLONY,"SHEIK RASHID COLONY,3 B STREET ,MASJID AL ANSAR BUILDING,NEAR CEYLON BAKE HOUSE,AL QUSAIS ,PO BOX-48450,,DUBAI                                                  
",04-2807089,"https://www.google.com/maps/@?api=1&map_action=map&center=25.0,55.0&zoom=15",,,Pharmacy outlet. Coordinates approximate for area. Operating hours typically 8AM-10PM. Prescription services available. WhatsApp availability varies by location; call ahead to confirm.
DHA-F-0045898,DXB,DXB,PHARMACY,MODERN PHARMACY LLC-(DEIRA),DHA-F-0045898,"AL MAKTOUM STREET,","DEIRA- ALRIQQA,AL MAKTOUM STREET,SHIEKHA MARIAM BUILDING,NEAR BANIYAS METRO STATIONDUBAI,PO BOX 1586,UAE
",04-2223879,"https://www.google.com/maps/@?api=1&map_action=map&center=25.0,55.0&zoom=15",,,Pharmacy outlet. Coordinates approximate for area. Operating hours typically 8AM-10PM. Prescription services available. WhatsApp availability varies by location; call ahead to confirm.
DHA-F-6308104,DXB,DXB,PHARMACY,MODERN CARE PHARMACY L.L.C,DHA-F-6308104,DEIRA WATERFRONT,"DEIRA WATERFRONT,CORNICH STREET,SHOP 22-23 MAITHA 1,DEIRA WATERFRONT ENRICHMENT,DEIRA, POBOX- 48450,DUBAI
",04-3686411,"https://www.google.com/maps/@?api=1&map_action=map&center=25.0,55.0&zoom=15",,,Pharmacy outlet. Coordinates approximate for area. Operating hours typically 8AM-10PM. Prescription services available. WhatsApp availability varies by location; call ahead to confirm.
DHA-F-8259264,DXB,DXB,PHARMACY,GRAND ADVANCED CARE PHARMACY LLC,DHA-F-8259264,DAMSCUS STREET,"AL FATTAN CHARITY BUILDING, NEAR EMIRATES NBD BANK, DAMSCUS STREET, AL QUSAIS, DUBAI,UAE",04-2985078,"https://www.google.com/maps/@?api=1&map_action=map&center=25.0,55.0&zoom=15",,,Pharmacy outlet. Coordinates approximate for area. Operating hours typically 8AM-10PM. Prescription services available. WhatsApp availability varies by location; call ahead to confirm.
DHA-F-9035847,DXB,DXB,PHARMACY,MODERN FAMILY PHARMACY LLC BRANCH,DHA-F-9035847,"AL QOUZ IND.SECOND,","AL QOUZ IND.SECOND, WASL LABOUR CAMP, UNIT/VILLA NO. SHOP NO  5",056-2163669,"https://www.google.com/maps/@?api=1&map_action=map&center=25.0,55.0&zoom=15",,,Pharmacy outlet. Coordinates approximate for area. Operating hours typically 8AM-10PM. Prescription services available. WhatsApp availability varies by location; call ahead to confirm.
DHA-F-8652336,DXB,DXB,PHARMACY,HAFSA PHARMACY (BRANCH),DHA-F-8652336,DEIRA AL MURAR,"SHERINA 1-SHERINA PLAZA, AL-CORNICH,SHOP NO 2,3,4&14,NEAR GOLD SOUK METRO STATION,DEIRA AL MURAR,DUBAI,U.A.E",04 2614591,"https://www.google.com/maps/@?api=1&map_action=map&center=25.0,55.0&zoom=15",,,Pharmacy outlet. Coordinates approximate for area. Operating hours typically 8AM-10PM. Prescription services available. WhatsApp availability varies by location; call ahead to confirm.
DHA-F-2212446,DXB,DXB,PHARMACY,MEDSTAR PHARMACY LLC,DHA-F-2212446,OUD METHA,"GULF TOWERS , OUD METHA",8002233,"https://www.google.com/maps/@?api=1&map_action=map&center=25.0,55.0&zoom=15",,,Pharmacy outlet. Coordinates approximate for area. Operating hours typically 8AM-10PM. Prescription services available. WhatsApp availability varies by location; call ahead to confirm.
DHA-F-9887324,DXB,DXB,PHARMACY,ASCENT PHARMACY L.L.C,DHA-F-9887324,SHEIKH KHALIFA BIN ZAYED ST,"SAEED AL THANI BUILDING - SHEIKH KHALIFA BIN ZAYED ST - UMM HURAIR 1BUR - UMM HURAIR 1 - DUBAI,UAE",04-2747001,"https://www.google.com/maps/@?api=1&map_action=map&center=25.0,55.0&zoom=15",,,Pharmacy outlet. Coordinates approximate for area. Operating hours typically 8AM-10PM. Prescription services available. WhatsApp availability varies by location; call ahead to confirm.
DHA-F-8577955,DXB,DXB,PHARMACY,L L H MEDICAL CENTER L.L.C(AMBULATORY PHARMACY),DHA-F-8577955,"AL MARABEA ST, DPG AL QUOZ","AL MARABEA ST, DPG AL QUOZ, INDUSTRIAL FOURTH, DUBAI, UAE",056-1657271,"https://www.google.com/maps/@?api=1&map_action=map&center=25.0,55.0&zoom=15",,,Pharmacy outlet. Coordinates approximate for area. Operating hours typically 8AM-10PM. Prescription services available. WhatsApp availability varies by location; call ahead to confirm.
DHA-F-0554734,DXB,DXB,PHARMACY,ZARA PHARMACY LLC,DHA-F-0554734,AL BADA,"INSIDE NESTO HYPER MARKET, AL BADA'A, SATWA",06-557 9567,"https://www.google.com/maps/@?api=1&map_action=map&center=25.0,55.0&zoom=15",,,Pharmacy outlet. Coordinates approximate for area. Operating hours typically 8AM-10PM. Prescription services available. WhatsApp availability varies by location; call ahead to confirm.
DHA-F-1170791,DXB,DXB,PHARMACY,LANA  PHARMACY  L.L.C,DHA-F-1170791,JVC,JVC DUBAI,06-557 9567,"https://www.google.com/maps/@?api=1&map_action=map&center=25.0,55.0&zoom=15",,,Pharmacy outlet. Coordinates approximate for area. Operating hours typically 8AM-10PM. Prescription services available. WhatsApp availability varies by location; call ahead to confirm.
DHA-F-4809049,DXB,DXB,PHARMACY,MEDON FIRST PHARMACY LLC (BRANCH),DHA-F-4809049,NAAD AL HAMAR,"NAAD AL HAMAR , DUBAI",06-557 9567,"https://www.google.com/maps/@?api=1&map_action=map&center=25.0,55.0&zoom=15",,,Pharmacy outlet. Coordinates approximate for area. Operating hours typically 8AM-10PM. Prescription services available. WhatsApp availability varies by location; call ahead to confirm.
DHA-F-6482933,DXB,DXB,PHARMACY,800 PHARMA FZ-LLC,DHA-F-6482933,AL BARSHA HEIGHTS ,"ATANA HOTEL - AL BARSHA HEIGHTS - TECOM, DUBAI, UAE",06-557 9567,"https://www.google.com/maps/@?api=1&map_action=map&center=25.0,55.0&zoom=15",,,Pharmacy outlet. Coordinates approximate for area. Operating hours typically 8AM-10PM. Prescription services available. WhatsApp availability varies by location; call ahead to confirm.
DHA-F-1467802,DXB,DXB,PHARMACY,800 PHARMA PHARMACY LLC,DHA-F-1467802,JVC ,"HE HOTEL APARTMENTS,JVC DUBAI| UAE",06-557 9567,"https://www.google.com/maps/@?api=1&map_action=map&center=25.0,55.0&zoom=15",,,Pharmacy outlet. Coordinates approximate for area. Operating hours typically 8AM-10PM. Prescription services available. WhatsApp availability varies by location; call ahead to confirm.
DHA-F-0000587,DXB,DXB,PHARMACY,LANA PHARMACY L.L.C BRANCH,DHA-F-0000587,JVC ,"RESIDENCE 6, JVC DUBAI ",06-557 9567,"https://www.google.com/maps/@?api=1&map_action=map&center=25.0,55.0&zoom=15",,,Pharmacy outlet. Coordinates approximate for area. Operating hours typically 8AM-10PM. Prescription services available. WhatsApp availability varies by location; call ahead to confirm.
DHA-F-5253659,DXB,DXB,PHARMACY,CARE MARK PHARMACY FZCO,DHA-F-5253659,DUBAI SILICON OASIS,"BINGHATTI VISTA, INSIDE WEST ZONE FRESH SUPERMARKET, DUBAI SILICON OASIS, INDUSTRIAL AREA, DUBAI",06-557 9567,"https://www.google.com/maps/@?api=1&map_action=map&center=25.0,55.0&zoom=15",,,Pharmacy outlet. Coordinates approximate for area. Operating hours typically 8AM-10PM. Prescription services available. WhatsApp availability varies by location; call ahead to confirm.
DHA-F-2989124,DXB,DXB,PHARMACY,PULSE LIFE PHARMACY L.L.C,DHA-F-2989124,AL BARSHA SOUTH,"AL BARSHA SOUTH FOURTH,SAMHA RESIDENCE,SHOP 2 , 681 ",06-557 9567,"https://www.google.com/maps/@?api=1&map_action=map&center=25.0,55.0&zoom=15",,,Pharmacy outlet. Coordinates approximate for area. Operating hours typically 8AM-10PM. Prescription services available. WhatsApp availability varies by location; call ahead to confirm.
DHA-F-8293908,DXB,DXB,PHARMACY,DR ABDUL LATIF CLINIC L.L.C (AMBULATORY PHARMACY),DHA-F-8293908,NEAR AL SABKHA BUS STATION,"UNIT 12, 1ST FLOOR, 191 NASER ABDULLA HUSSAIN BUILDING, NEAR AL SABKHA BUS STATION, DEIRA DUBAI, UAE.",04-2264999,"https://www.google.com/maps/@?api=1&map_action=map&center=25.0,55.0&zoom=15",,,Pharmacy outlet. Coordinates approximate for area. Operating hours typically 8AM-10PM. Prescription services available. WhatsApp availability varies by location; call ahead to confirm.
DHA-F-9568214,DXB,DXB,PHARMACY,HOUSTON PHARMACY LLC(AMBULATORY PHARMACY),DHA-F-9568214,AL BARSHA1,"ELITE BUSINESS CENTRE,IST FLOOR,101 AND 102,PB NO.30152,NEXT TO MALL OF EMIRATES,AL BARSHA1,DUBAI,UAE ",04-3850603,"https://www.google.com/maps/@?api=1&map_action=map&center=25.0,55.0&zoom=15",,,Pharmacy outlet. Coordinates approximate for area. Operating hours typically 8AM-10PM. Prescription services available. WhatsApp availability varies by location; call ahead to confirm.
DHA-F-5099424,DXB,DXB,PHARMACY,MEDICOM PHARMACY 1 (BR OF ASTER PHARMACIES GROUP L.L.C),DHA-F-5099424,DUBAI OUTLET MALL,"SG-162, EXTENSION OF DUBAI OUTLET MALL, MADINAT HIND 1, DUBAI",04-5721034,"https://www.google.com/maps/@?api=1&map_action=map&center=25.0,55.0&zoom=15",,,Pharmacy outlet. Coordinates approximate for area. Operating hours typically 8AM-10PM. Prescription services available. WhatsApp availability varies by location; call ahead to confirm.
DHA-F-2824066,DXB,DXB,PHARMACY,ASTER PHARMACY 187 (BR OF ASTER PHARMACIES GROUP L.L.C),DHA-F-2824066,"DISCOVERY GARDENS, JEBEL ALI","SHOP 8, ZEN 3 BUILDING, STREET 1, DISCOVERY GARDENS, JEBEL ALI FIRST, DUBAI",04-5519467,"https://www.google.com/maps/@?api=1&map_action=map&center=25.0,55.0&zoom=15",,,Pharmacy outlet. Coordinates approximate for area. Operating hours typically 8AM-10PM. Prescription services available. WhatsApp availability varies by location; call ahead to confirm.
DHA-F-5689335,DXB,DXB,PHARMACY,ASTER PHARMACY 185,DHA-F-5689335,AL JADDAF,"SHOP NO 1, GROUND FLOOR, BINGHATTI GATEWAY, AL JADDAF, DUBAI",04-2665280,"https://www.google.com/maps/@?api=1&map_action=map&center=25.0,55.0&zoom=15",,,Pharmacy outlet. Coordinates approximate for area. Operating hours typically 8AM-10PM. Prescription services available. WhatsApp availability varies by location; call ahead to confirm.
DHA-F-2246045,DXB,DXB,PHARMACY,MEDCARE MEDICAL CENTRE AL FURJAN WEST PHARMACY BR OF MEDCARE HOSPITAL LLC,DHA-F-2246045,AL FURJAN WEST PAVILION,"SHOP 1, AL FURJAN WEST PAVILION, JEBEL ALI FIRST, DUBAI",04-5513796,"https://www.google.com/maps/@?api=1&map_action=map&center=25.0,55.0&zoom=15",,,Pharmacy outlet. Coordinates approximate for area. Operating hours typically 8AM-10PM. Prescription services available. WhatsApp availability varies by location; call ahead to confirm.
DHA-F-0000704,DXB,DXB,PHARMACY,NMC SPECIALITY HOSPITAL PHARMACY(FORMERLY NMC SPECIALITY HOSPITAL PHARMACY),DHA-F-0000704,AL NAHDA 2,"AMMAN STREET, AL NAHDA 2  ,DUBAI",04-2122414,"https://www.google.com/maps/@?api=1&map_action=map&center=25.0,55.0&zoom=15",,,Pharmacy outlet. Coordinates approximate for area. Operating hours typically 8AM-10PM. Prescription services available. WhatsApp availability varies by location; call ahead to confirm.
DHA-F-0000939,DXB,DXB,PHARMACY,NMC ROYAL HOSPITAL PHARMACY(FORMERLY NMC HOSPITAL PHARMACY),DHA-F-0000939,DIP 1,"NMC ROYAL HOSPITAL,ADJACENT TO FALCON HOUSEDUBAI INVESTMENT PARK 1,P.O BOX 7832,DUBAI INVESTMENTS PARK , DUBAI",04-8108866,"https://www.google.com/maps/@?api=1&map_action=map&center=25.0,55.0&zoom=15",,,Pharmacy outlet. Coordinates approximate for area. Operating hours typically 8AM-10PM. Prescription services available. WhatsApp availability varies by location; call ahead to confirm.
DHA-F-1756538,DXB,DXB,PHARMACY,NMC SPECIALTY HOSPITAL PHARMACY DIP BR OF NMC ROYAL HOSPITAL LTD DUBAI BRANCH,DHA-F-1756538,DIP 1,"PLOT NO 598-639, IN FRONT OF GREEN COMMUNITY,AL ZAROUNI BUILDING, DIP 1, DUBAI, UAE",04-8108800,"https://www.google.com/maps/@?api=1&map_action=map&center=25.0,55.0&zoom=15",,,Pharmacy outlet. Coordinates approximate for area. Operating hours typically 8AM-10PM. Prescription services available. WhatsApp availability varies by location; call ahead to confirm.
DHA-F-0045794,DXB,DXB,PHARMACY,BAIT AL SHIFAA PHARMACY LTD - DUBAI BRANCH(FORMERLY BAIT AL SHIFAA NEW PHARMACY),DHA-F-0045794,HOR AL ANZ,"OPPOSITE ABU HAIL METRO STATION ,HOR AL ANZ ,NEW AL SAFIYA BUILDING ,DEIRA",04-2666464,"https://www.google.com/maps/@?api=1&map_action=map&center=25.0,55.0&zoom=15",,,Pharmacy outlet. Coordinates approximate for area. Operating hours typically 8AM-10PM. Prescription services available. WhatsApp availability varies by location; call ahead to confirm.
DHA-F-8585813,DXB,DXB,PHARMACY,NEW MEDICAL CENTRE PHARMACY LTD BRANCH,DHA-F-8585813,JAFZA,"NEAR GATE 7, NEW WEST ACCOMMODATION, FIRST FLOOR, NESTO HYPERMARKET JAFZA DUBAI",04-8808856,"https://www.google.com/maps/@?api=1&map_action=map&center=25.0,55.0&zoom=15",,,Pharmacy outlet. Coordinates approximate for area. Operating hours typically 8AM-10PM. Prescription services available. WhatsApp availability varies by location; call ahead to confirm.
DHA-F-0000526,DXB,DXB,PHARMACY,XIE HE PHARMACY LLC,DHA-F-0000526,WARSAN ,"INTERNATIONAL CITY ,CHINA CLUSTER, A12 BUILDING WARSAN FIRST",04-4233055,"https://www.google.com/maps/@?api=1&map_action=map&center=25.0,55.0&zoom=15",,,Pharmacy outlet. Coordinates approximate for area. Operating hours typically 8AM-10PM. Prescription services available. WhatsApp availability varies by location; call ahead to confirm.
DHA-F-5404249,DXB,DXB,PHARMACY,VIDA PHARMACY L.L.C,DHA-F-5404249,AL RAFA,"SHOP NO -14 , AL RAIS SHOPPING CENTRE , AL RAFFA -   DUBAI",052-5341543,"https://www.google.com/maps/@?api=1&map_action=map&center=25.0,55.0&zoom=15",,,Pharmacy outlet. Coordinates approximate for area. Operating hours typically 8AM-10PM. Prescription services available. WhatsApp availability varies by location; call ahead to confirm.
DHA-F-7848755,DXB,DXB,PHARMACY,LLH MEDICAL CENTER LLC PHARMACY BRANCH,DHA-F-7848755,DIP 2,"UNIT NUMBER : SHOP 1 (ROOF FLOOR), THE TOWN MALL, DIP 2, PO BOX-21116, DUBAI",04-6126066,"https://www.google.com/maps/@?api=1&map_action=map&center=25.0,55.0&zoom=15",,,Pharmacy outlet. Coordinates approximate for area. Operating hours typically 8AM-10PM. Prescription services available. WhatsApp availability varies by location; call ahead to confirm.
DHA-F-4937071,DXB,DXB,PHARMACY,NOOM PHARMACY LLC,DHA-F-4937071,INDUSTRIAL CITY," SHOP NO 2 , TALAL HYPERMARKET BUILDING, DUBAI INDUSTRIAL CITY , DUBAI , UAE",04-2773338,"https://www.google.com/maps/@?api=1&map_action=map&center=25.0,55.0&zoom=15",,,Pharmacy outlet. Coordinates approximate for area. Operating hours typically 8AM-10PM. Prescription services available. WhatsApp availability varies by location; call ahead to confirm.
DHA-F-4724796,DXB,DXB,PHARMACY,ZMC PHARMACY LLC,DHA-F-4724796,AL KHAIL,"B28 AL SHOWAIB REAL ESTATE, AL QUOZ 1 FIRST AL KHAIL ROAD,DXB",04-2674685,"https://www.google.com/maps/@?api=1&map_action=map&center=25.0,55.0&zoom=15",,,Pharmacy outlet. Coordinates approximate for area. Operating hours typically 8AM-10PM. Prescription services available. WhatsApp availability varies by location; call ahead to confirm.
DHA-F-2126207,DXB,DXB,PHARMACY,BLOOM PLUS PHARMACY,DHA-F-2126207,INTERNATIONAL CITY,"R23, FRANCE CLUSTER, INTERNATIONAL CITY, DUBAI,UAE",04-5297272,"https://www.google.com/maps/@?api=1&map_action=map&center=25.0,55.0&zoom=15",,,Pharmacy outlet. Coordinates approximate for area. Operating hours typically 8AM-10PM. Prescription services available. WhatsApp availability varies by location; call ahead to confirm.
DHA-F-5355025,DXB,DXB,PHARMACY,CANADIAN SPECIALIST HOSPITAL PHARMACY L.L.C,DHA-F-5355025,AL RIGGA RD,"AL GHURAIR CENTRE, 2ND FLOOR, AL RIGGA RD, DEIRA, DUBAI, UAE",04-7072880,"https://www.google.com/maps/@?api=1&map_action=map&center=25.0,55.0&zoom=15",,,Pharmacy outlet. Coordinates approximate for area. Operating hours typically 8AM-10PM. Prescription services available. WhatsApp availability varies by location; call ahead to confirm.
DHA-F-4029420,DXB,DXB,PHARMACY,ASTER PHARMACY 186 (BR OF ASTER PHARMACIES GROUP L.L.C),DHA-F-4029420,PALM JUMEIRAH,"SHOP 1, SEVEN PALM HOTEL & APARTMENTS THE PALM A, NEAR TO MEDCARE MEDICAL CENTER PLAM JUMEIRAH, PALM JUMAIRA ROAD, PALM JUMEIRAH, DUBAI",04-2688710,"https://www.google.com/maps/@?api=1&map_action=map&center=25.0,55.0&zoom=15",,,Pharmacy outlet. Coordinates approximate for area. Operating hours typically 8AM-10PM. Prescription services available. WhatsApp availability varies by location; call ahead to confirm.
DHA-F-5686031,DXB,DXB,PHARMACY,ASTER PHARMACY 191 (BR OF ASTER PHARMACIES GROUP L.L.C),DHA-F-5686031,NAD AL SHEBA 1,"SHOP NO 2, CREEK VISTAS TOWER B, SHOBA HEARTLAND, AL MERKADH, NAD AL SHEBA 1, DUBAI",04-3092900,"https://www.google.com/maps/@?api=1&map_action=map&center=25.0,55.0&zoom=15",,,Pharmacy outlet. Coordinates approximate for area. Operating hours typically 8AM-10PM. Prescription services available. WhatsApp availability varies by location; call ahead to confirm.
DHA-F-9470224,DXB,DXB,PHARMACY,ASTER PHARMACY 192 (BR OF ASTER PHARMACIES GROUP L.L.C),DHA-F-9470224,DOWNTOWN,"SHOP NO 3, TOWER NO 1, TRADE CENTER FIRST, SHAIKH ZAYED ROAD, DOWNTOWN, DUBAI",04-3092900,"https://www.google.com/maps/@?api=1&map_action=map&center=25.0,55.0&zoom=15",,,Pharmacy outlet. Coordinates approximate for area. Operating hours typically 8AM-10PM. Prescription services available. WhatsApp availability varies by location; call ahead to confirm.
DHA-F-4625528,DXB,DXB,PHARMACY,ASTER PHARMACY 194 (BR OF ASTER PHARMACIES GROUP L.L.C),DHA-F-4625528,NAD AL SHEBA 1,"SHOP NO 2, CREEK VISTAS TOWER B, SHOBA HARTLAND, AL MERKADH, NAD AL SHEBA 1, DUBAI",04-3092900,"https://www.google.com/maps/@?api=1&map_action=map&center=25.0,55.0&zoom=15",,,Pharmacy outlet. Coordinates approximate for area. Operating hours typically 8AM-10PM. Prescription services available. WhatsApp availability varies by location; call ahead to confirm.
DHA-F-6749775,DXB,DXB,PHARMACY,ASTER PHARMACY 196 (BR OF ASTER PHARMACIES GROUP L.L.C),DHA-F-6749775,NAD AL SHEBA 1,"RETAIL-20, AZIZI RIVIERA 5, SHOBA HARTLAND, AL MERKADH, NAD AL SHEBA 1, DUBAI",04-3092900,"https://www.google.com/maps/@?api=1&map_action=map&center=25.0,55.0&zoom=15",,,Pharmacy outlet. Coordinates approximate for area. Operating hours typically 8AM-10PM. Prescription services available. WhatsApp availability varies by location; call ahead to confirm.
DHA-F-2677823,DXB,DXB,PHARMACY,AL HANA PHARMACY LLC,DHA-F-2677823,AL JAFILIYA,"INSIDE ALHANA CENTER. GROUND FLOOR. AL MANKHOOL ROAD. AL JAFILIYA,DIBAI,UAE",04-2719122,"https://www.google.com/maps/@?api=1&map_action=map&center=25.0,55.0&zoom=15",,,Pharmacy outlet. Coordinates approximate for area. Operating hours typically 8AM-10PM. Prescription services available. WhatsApp availability varies by location; call ahead to confirm.
DHA-F-7478843,DXB,DXB,PHARMACY,ABSOLUTE WELLNESS MEDICAL CENTRE LLC- AMBULATORY PHARMACY,DHA-F-7478843,AL QUOZ 3,"SALMAN EBRAHIM BUILDING,OFFICE NO 101,BEHIND ALKHAIL MALL,ALQUOZ-3-DXB",04-8863521,"https://www.google.com/maps/@?api=1&map_action=map&center=25.0,55.0&zoom=15",,,Pharmacy outlet. Coordinates approximate for area. Operating hours typically 8AM-10PM. Prescription services available. WhatsApp availability varies by location; call ahead to confirm.
DHA-F-1014980,DXB,DXB,PHARMACY,GRAND DR ISMAIL POLYCLINIC L.L.C PHARMACY,DHA-F-1014980,ABU HAIL,"JSCOM GRAND RESIDENCE, SHOP NO 3, NEAR CANADIAN SPECIALIST HOSPITAL, 28TH STREET, ABU HAIL, DUBAI, U.A.E",04-3706200,"https://www.google.com/maps/@?api=1&map_action=map&center=25.0,55.0&zoom=15",,,Pharmacy outlet. Coordinates approximate for area. Operating hours typically 8AM-10PM. Prescription services available. WhatsApp availability varies by location; call ahead to confirm.
DHA-F-0347148,DXB,DXB,PHARMACY,EMIRATES PHARMACY L.L.C (BR.DISCOVERY GARDEN),DHA-F-0347148,DISCOVERY GARDENS,BUILDING 18 GROUND FLOOR STREET ONE ZEN CLUSTER - DISCOVERY GARDEN ,04-5573905,"https://www.google.com/maps/@?api=1&map_action=map&center=25.0,55.0&zoom=15",,,Pharmacy outlet. Coordinates approximate for area. Operating hours typically 8AM-10PM. Prescription services available. WhatsApp availability varies by location; call ahead to confirm.
DHA-F-4115781,DXB,DXB,PHARMACY,ASTER PHARMACY180 AND CLINIC BR OF ASTER PHARMACIES GROUP LLC,DHA-F-4115781,MARSA DUBAI,"THE RIMAL ,GROUND FLOOR ,FLAT NO-173-0 , NEXT TO CARREFOURE - JBR ,MARSA DUBAI, POBOX 8703 , DUBAI , UAE",04-4400500,"https://www.google.com/maps/@?api=1&map_action=map&center=25.0,55.0&zoom=15",,,Pharmacy outlet. Coordinates approximate for area. Operating hours typically 8AM-10PM. Prescription services available. WhatsApp availability varies by location; call ahead to confirm.
DHA-F-4056390,DXB,DXB,PHARMACY,STEPS PHARMACY L.L.C,DHA-F-4056390,AL NAHDA,"AL NAHDA SECOND,DUBAI,UAE",04-5230555,"https://www.google.com/maps/@?api=1&map_action=map&center=25.0,55.0&zoom=15",,,Pharmacy outlet. Coordinates approximate for area. Operating hours typically 8AM-10PM. Prescription services available. WhatsApp availability varies by location; call ahead to confirm.
DHA-F-7048200,DXB,DXB,PHARMACY,AFRIDI PHARMACY LLC,DHA-F-7048200,MUHSINAH 2,"SHOP NO-2, 13B SONAPUR, NEST TO AL ANSARI EXCHANGE, MUHSINAH-2, DUBAI, U.A.E",04-2711802,"https://www.google.com/maps/@?api=1&map_action=map&center=25.0,55.0&zoom=15",,,Pharmacy outlet. Coordinates approximate for area. Operating hours typically 8AM-10PM. Prescription services available. WhatsApp availability varies by location; call ahead to confirm.
DHA-F-0000718,DXB,DXB,PHARMACY,WECARE E R X PHARMACY L.L.C,DHA-F-0000718,AL KARAMA,"BEHIND ANSAR GALLERY - KHALID BIN AL WALEED RD - AL KARAMA - DUBAI,UAE",04-8804179,"https://www.google.com/maps/@?api=1&map_action=map&center=25.0,55.0&zoom=15",,,Pharmacy outlet. Coordinates approximate for area. Operating hours typically 8AM-10PM. Prescription services available. WhatsApp availability varies by location; call ahead to confirm.
DHA-F-0722974,DXB,DXB,PHARMACY,MED DOC PHARMACY L.L.C,DHA-F-0722974,JVT,"GOLDEN WOOD VIEWS BUILDING SHOP NO: 2,  JVT, DUBAI",04-424 8097,"https://www.google.com/maps/@?api=1&map_action=map&center=25.0,55.0&zoom=15",,,Pharmacy outlet. Coordinates approximate for area. Operating hours typically 8AM-10PM. Prescription services available. WhatsApp availability varies by location; call ahead to confirm.
DHA-F-0000437,DXB,DXB,PHARMACY,MEDICOM PHARMACY 31 L.L.C,DHA-F-0000437,SATWA,"OPPO AL ANSARI EXCHANGE, AL BADA, SATWA, DUBAI",04-385 9232,"https://www.google.com/maps/@?api=1&map_action=map&center=25.0,55.0&zoom=15",,,Pharmacy outlet. Coordinates approximate for area. Operating hours typically 8AM-10PM. Prescription services available. WhatsApp availability varies by location; call ahead to confirm.
DHA-F-7951406,DXB,DXB,PHARMACY,TRU DOC PHARMACY L.L.C,DHA-F-7951406,OUD METHA,"OUD METHA, SH HASHER HAMAD 13, SHOP NO. 11, DUBAI, UAE",04-2677656,"https://www.google.com/maps/@?api=1&map_action=map&center=25.0,55.0&zoom=15",,,Pharmacy outlet. Coordinates approximate for area. Operating hours typically 8AM-10PM. Prescription services available. WhatsApp availability varies by location; call ahead to confirm.
DHA-F-5960989,DXB,DXB,CLINIC,ROYAL PHOENIX CLINIC L.L.C,DHA-F-5960989,WASL VILLAGE,"1ST FLOOR, WASL VILLAGE RETAIL, CENTER WASL VILLAGE, AL QUASIS INDUSTRIAL AREA 5, DUBAI UAE",04-2576155,"https://www.google.com/maps/@?api=1&map_action=map&center=25.0,55.0&zoom=15",https://www.shifaaljazeera.com,,Coordinates derived from area-level geocoding. Verify against Google Maps. Phone numbers are landline format. Website and WhatsApp to be confirmed on a per-clinic basis.
DHA-F-5837760,DXB,DXB,PHARMACY,ROYAL PHOENIX CLINIC L.L.C - PHARMACY,DHA-F-5837760,WASL VILLAGE,"1ST FLOOR, WASL VILLAGE RETAIL, CENTER WASL VILLAGE, AL QUASIS INDUSTRIAL AREA 5, DUBAI UAE",04-2576155,"https://www.google.com/maps/@?api=1&map_action=map&center=25.0,55.0&zoom=15",,,Pharmacy outlet. Coordinates approximate for area. Operating hours typically 8AM-10PM. Prescription services available. WhatsApp availability varies by location; call ahead to confirm.
DHA-F-8435770,DXB,DXB,PHARMACY,PRISTINE CARE PHARMACY (BR OF PRISTINE PHARMACY LLC)DUBAI BRANCH,DHA-F-8435770,JEBEL ALI ,"CIG MALL ,JEBEL ALI ,INDUSTRIAL AREA",04-5548530,"https://www.google.com/maps/@?api=1&map_action=map&center=25.0,55.0&zoom=15",,,Pharmacy outlet. Coordinates approximate for area. Operating hours typically 8AM-10PM. Prescription services available. WhatsApp availability varies by location; call ahead to confirm.
DHA-F-2717352,DXB,DXB,PHARMACY,AL MULAYIM PHARMACY L.L.C,DHA-F-2717352,MUHAISNAH,"SONAPUR BUILDING, 28TH STREET, MUHAISNAH SECOND, MUHAISNAH, DUBAI, U.A.E",04-5587617,"https://www.google.com/maps/@?api=1&map_action=map&center=25.0,55.0&zoom=15",,,Pharmacy outlet. Coordinates approximate for area. Operating hours typically 8AM-10PM. Prescription services available. WhatsApp availability varies by location; call ahead to confirm.
DHA-F-4009861,DXB,DXB,PHARMACY,ASTER PHARMACY 171 (BR OF ASTER PHARMACIES GROUP L.L.C),DHA-F-4009861,DIP,"SHOP NO B6, RDK 1190 BUILDING B, GREEN COMMUNITY VILLAGE, DUBAI INVESTMENT PARK FIRST, DUBAI",04-2516452,"https://www.google.com/maps/@?api=1&map_action=map&center=25.0,55.0&zoom=15",,,Pharmacy outlet. Coordinates approximate for area. Operating hours typically 8AM-10PM. Prescription services available. WhatsApp availability varies by location; call ahead to confirm.
DHA-F-6923637,DXB,DXB,PHARMACY,ASTER PHARMACY 177 (BR OF ASTER PHARMACIES GROUP L.L.C),DHA-F-6923637,WADI AL SAFA 5,"SHOP 6&7, RAJA BUILDING, OPPOSITE SKYCOURT TOWER B, WADI AL SAFA- 5, DUBAI LAND RESIDENCE COMPLEX, DUBAI LAND, DUBAI",04-2575216,"https://www.google.com/maps/@?api=1&map_action=map&center=25.0,55.0&zoom=15",,,Pharmacy outlet. Coordinates approximate for area. Operating hours typically 8AM-10PM. Prescription services available. WhatsApp availability varies by location; call ahead to confirm.
DHA-F-1991662,DXB,DXB,PHARMACY,ASTER PHARMACY 195 (BR OF ASTER PHARMACIES GROUP L.L.C),DHA-F-1991662,IBN BATTUTA ST,"SHOP NO. 3, PINK BUILDING 7,  JEBEL ALI VILLAGE, IBN BATTUTA STREET, THE GARDENS, DUBAI",04-5725507,"https://www.google.com/maps/@?api=1&map_action=map&center=25.0,55.0&zoom=15",,,Pharmacy outlet. Coordinates approximate for area. Operating hours typically 8AM-10PM. Prescription services available. WhatsApp availability varies by location; call ahead to confirm.
DHA-F-4376068,DXB,DXB,PHARMACY,MARHABA PHARMACY LLC,DHA-F-4376068,NAIF,"SUNSHINE BUILDING - 2, FISH R/A, NAIF DUBAI, UAE",04-2224844,"https://www.google.com/maps/@?api=1&map_action=map&center=25.0,55.0&zoom=15",,,Pharmacy outlet. Coordinates approximate for area. Operating hours typically 8AM-10PM. Prescription services available. WhatsApp availability varies by location; call ahead to confirm.
DHA-F-0002584,DXB,DXB,PHARMACY,ABEER AL NOOR PHARMACY LLC,DHA-F-0002584,RASHIDIYA,"RASHIDIYA-BEHIND BIN SOUGAT CENTRE, DUBAI, UAE",04-2362305,"https://www.google.com/maps/@?api=1&map_action=map&center=25.0,55.0&zoom=15",,,Pharmacy outlet. Coordinates approximate for area. Operating hours typically 8AM-10PM. Prescription services available. WhatsApp availability varies by location; call ahead to confirm.
DHA-F-4927956,DXB,DXB,PHARMACY,ABEER AL NOOR POLY CLINIC L.L.C (BRANCH)-PHARMACY,DHA-F-4927956,MUHAISNAH 2,MUHAISNAH2-GRAND HYPERMARKET -DUBAI,04-3298661,"https://www.google.com/maps/@?api=1&map_action=map&center=25.0,55.0&zoom=15",,,Pharmacy outlet. Coordinates approximate for area. Operating hours typically 8AM-10PM. Prescription services available. WhatsApp availability varies by location; call ahead to confirm.
DHA-F-6944046,DXB,DXB,PHARMACY,AMBER CLINICS LLC(PHARMACY),DHA-F-6944046,AL RIGGA ST,AL RIGGA ST.DEIRA- DXB NEAR IBIS HOTLE RIGGA,04-2325109,"https://www.google.com/maps/@?api=1&map_action=map&center=25.0,55.0&zoom=15",,,Pharmacy outlet. Coordinates approximate for area. Operating hours typically 8AM-10PM. Prescription services available. WhatsApp availability varies by location; call ahead to confirm.
DHA-F-5344476,DXB,DXB,PHARMACY,AMBER PHARMACY L.L.C,DHA-F-5344476,DUBAI AIRPORT FREEZONE ,"AL QUSAIS 1.DEIRA BEHIND DUBAI AIRPORT FREE ZONE METRO NEXT TALAL SM 2, DUBAI, UAE",04-3558458,"https://www.google.com/maps/@?api=1&map_action=map&center=25.0,55.0&zoom=15",,,Pharmacy outlet. Coordinates approximate for area. Operating hours typically 8AM-10PM. Prescription services available. WhatsApp availability varies by location; call ahead to confirm.
DHA-F-0792245,DXB,DXB,PHARMACY,DR JOSEPH POLYCLINIC (BR OF AMBER CLINICS L.L.C PHARMACY)),DHA-F-0792245,AL KARAMA,AL KARAMA- DXB NEAR KARAMA METRO STATION ,04-3541012,"https://www.google.com/maps/@?api=1&map_action=map&center=25.0,55.0&zoom=15",,,Pharmacy outlet. Coordinates approximate for area. Operating hours typically 8AM-10PM. Prescription services available. WhatsApp availability varies by location; call ahead to confirm.
DHA-F-7579888,DXB,DXB,PHARMACY,DURAIYA KAMAL MEDICAL CLINIC-PHARMACY,DHA-F-7579888,AL RIGGA,"DUBAI AL RIGGA, BANIYAS SQUARE ST., NEXT DEIRA POST OFFICE, DUBAI, UAE",04-2272289,"https://www.google.com/maps/@?api=1&map_action=map&center=25.0,55.0&zoom=15",,,Pharmacy outlet. Coordinates approximate for area. Operating hours typically 8AM-10PM. Prescription services available. WhatsApp availability varies by location; call ahead to confirm.
DHA-F-4701283,DXB,DXB,PHARMACY,INNOVATION FAMILY PHARMACY L.L.C,DHA-F-4701283,UMM SUQEIM 1,"UMM SUQEIM 1/JUMEIRAH ST /OPP FAB BANK, DUBAI, UAE",04-3417924,"https://www.google.com/maps/@?api=1&map_action=map&center=25.0,55.0&zoom=15",,,Pharmacy outlet. Coordinates approximate for area. Operating hours typically 8AM-10PM. Prescription services available. WhatsApp availability varies by location; call ahead to confirm.
DHA-F-0047991,DXB,DXB,PHARMACY,HEALTH FIRST PHARMACY 1- DUBAI (BR. OF HEALTH FIRST INVESTMENT LLC),DHA-F-0047991,TECOM,"TECOM, TAMEEM HOUSE BLDG, DUBAI",056-5379674,"https://www.google.com/maps/@?api=1&map_action=map&center=25.0,55.0&zoom=15",,,Pharmacy outlet. Coordinates approximate for area. Operating hours typically 8AM-10PM. Prescription services available. WhatsApp availability varies by location; call ahead to confirm.
DHA-F-0001325,DXB,DXB,PHARMACY,HEALTH FIRST PHARMACY 11,DHA-F-0001325,MIRDIF,SPORT SOCIETY MALL NEAR CITY CENTER MIRDIF -MIRDIF DXB,04-7181486,"https://www.google.com/maps/@?api=1&map_action=map&center=25.0,55.0&zoom=15",,,Pharmacy outlet. Coordinates approximate for area. Operating hours typically 8AM-10PM. Prescription services available. WhatsApp availability varies by location; call ahead to confirm.
DHA-F-0002518,DXB,DXB,PHARMACY,HEALTH FIRST PHARMACY 2,DHA-F-0002518,NAD AL SHEBA,NAD AL SHEBA FOURTH -ASWAQ -DUBAI,04-3264234,"https://www.google.com/maps/@?api=1&map_action=map&center=25.0,55.0&zoom=15",,,Pharmacy outlet. Coordinates approximate for area. Operating hours typically 8AM-10PM. Prescription services available. WhatsApp availability varies by location; call ahead to confirm.
DHA-F-0045805,DXB,DXB,PHARMACY,HEALTH FIRST PHARMACY 23- DUBAI (BR. OF HEALTH FIRST INVESTMENT LLC),DHA-F-0045805,HAMARIAN CENTRE,"INSIDE HAMARAIN CENTRE, DUBAI ",04-2693618,"https://www.google.com/maps/@?api=1&map_action=map&center=25.0,55.0&zoom=15",,,Pharmacy outlet. Coordinates approximate for area. Operating hours typically 8AM-10PM. Prescription services available. WhatsApp availability varies by location; call ahead to confirm.
DHA-F-0000257,DXB,DXB,PHARMACY,HEALTH FIRST PHARMACY 24- DUBAI (BR. OF HEALTH FIRST INVESTMENT LLC),DHA-F-0000257,SOUTH RIDGE BURJ DXB,TOWER 1 SOUTH RIDGE BURJ DXB BEHIND AL MANZIL HOTEL,04-4329158,"https://www.google.com/maps/@?api=1&map_action=map&center=25.0,55.0&zoom=15",,,Pharmacy outlet. Coordinates approximate for area. Operating hours typically 8AM-10PM. Prescription services available. WhatsApp availability varies by location; call ahead to confirm.
DHA-F-0000478,DXB,DXB,PHARMACY,HEALTH FIRST PHARMACY 25- DUBAI (BR. OF HEALTH FIRST INVESTMENT LLC),DHA-F-0000478,AL BARSHA,SOUQ EXTRA AL BARSHA,04-3992116,"https://www.google.com/maps/@?api=1&map_action=map&center=25.0,55.0&zoom=15",,,Pharmacy outlet. Coordinates approximate for area. Operating hours typically 8AM-10PM. Prescription services available. WhatsApp availability varies by location; call ahead to confirm.
DHA-F-0000960,DXB,DXB,PHARMACY,HEALTH FIRST PHARMACY 27 (IMPZ),DHA-F-0000960,INTERNATIONAL MEDIA PRODUCT ZONE,"INTERNATIONAL MEDIA PRODUCT ZONE,DXB,UAE",04-4253020,"https://www.google.com/maps/@?api=1&map_action=map&center=25.0,55.0&zoom=15",,,Pharmacy outlet. Coordinates approximate for area. Operating hours typically 8AM-10PM. Prescription services available. WhatsApp availability varies by location; call ahead to confirm.
DHA-F-0047085,DXB,DXB,PHARMACY,HEALTH FIRST PHARMACY 3,DHA-F-0047085,AL HUDAIBA STREET,"DUBAI -SATWA .AL HUDAIBA ST , OPP LAL'S S/MKT ",04-5464618,"https://www.google.com/maps/@?api=1&map_action=map&center=25.0,55.0&zoom=15",,,Pharmacy outlet. Coordinates approximate for area. Operating hours typically 8AM-10PM. Prescription services available. WhatsApp availability varies by location; call ahead to confirm.
DHA-F-0001012,DXB,DXB,PHARMACY,HEALTH FIRST PHARMACY 30,DHA-F-0001012,AL YUFRAH 2,DUBAI-AL YUFRAH2-AKOYA OXEGYN COMMUNITY CENTER,04-2523591,"https://www.google.com/maps/@?api=1&map_action=map&center=25.0,55.0&zoom=15",,,Pharmacy outlet. Coordinates approximate for area. Operating hours typically 8AM-10PM. Prescription services available. WhatsApp availability varies by location; call ahead to confirm.
DHA-F-0001124,DXB,DXB,PHARMACY,HEALTH FIRST PHARMACY 33,DHA-F-0001124,JUMEIRAH BEACH HOTEL,"JUMEIRAH BEACH HOTEL, DUBAI ",04-3469373,"https://www.google.com/maps/@?api=1&map_action=map&center=25.0,55.0&zoom=15",,,Pharmacy outlet. Coordinates approximate for area. Operating hours typically 8AM-10PM. Prescription services available. WhatsApp availability varies by location; call ahead to confirm.
DHA-F-0001242,DXB,DXB,PHARMACY,HEALTH FIRST PHARMACY 34,DHA-F-0001242,BURDUBAI,BURDUBAI MUSALLA MAIN ROAD,04-3852791,"https://www.google.com/maps/@?api=1&map_action=map&center=25.0,55.0&zoom=15",,,Pharmacy outlet. Coordinates approximate for area. Operating hours typically 8AM-10PM. Prescription services available. WhatsApp availability varies by location; call ahead to confirm.
DHA-F-0001399,DXB,DXB,PHARMACY,HEALTH FIRST PHARMACY 37,DHA-F-0001399,DUBAI SPORTS CITY,DUBAI SPORTS CITY,04-3606023,"https://www.google.com/maps/@?api=1&map_action=map&center=25.0,55.0&zoom=15",,,Pharmacy outlet. Coordinates approximate for area. Operating hours typically 8AM-10PM. Prescription services available. WhatsApp availability varies by location; call ahead to confirm.
DHA-F-0001148,DXB,DXB,PHARMACY,HEALTH FIRST PHARMACY 38,DHA-F-0001148,OUD METHA,OUD METHA 338 NEAR LAMCY PLAZA,04-3960695,"https://www.google.com/maps/@?api=1&map_action=map&center=25.0,55.0&zoom=15",,,Pharmacy outlet. Coordinates approximate for area. Operating hours typically 8AM-10PM. Prescription services available. WhatsApp availability varies by location; call ahead to confirm.
DHA-F-0000164,DXB,DXB,PHARMACY,HEALTH FIRST PHARMACY 4- DUBAI (BR. OF HEALTH FIRST INVESTMENT LLC),DHA-F-0000164,BUSSINESS BAY,"BUSINESS BAY EXECUTIVE TOWERS, NEXT TO SPINNEYS, DUBAI",04-4587004,"https://www.google.com/maps/@?api=1&map_action=map&center=25.0,55.0&zoom=15",,,Pharmacy outlet. Coordinates approximate for area. Operating hours typically 8AM-10PM. Prescription services available. WhatsApp availability varies by location; call ahead to confirm.
DHA-F-0001265,DXB,DXB,PHARMACY,HEALTH FIRST PHARMACY 41,DHA-F-0001265,MIRDIF MALL,"UP TOWN MIRDIF MALL,DXB,UAE",04-2882296,"https://www.google.com/maps/@?api=1&map_action=map&center=25.0,55.0&zoom=15",,,Pharmacy outlet. Coordinates approximate for area. Operating hours typically 8AM-10PM. Prescription services available. WhatsApp availability varies by location; call ahead to confirm.
DHA-F-0001444,DXB,DXB,PHARMACY,HEALTH FIRST PHARMACY 45,DHA-F-0001444,BARSHA 1,BARSHA 1 AL RAWBA BUILD. OPP LULU SM,04-3965891,"https://www.google.com/maps/@?api=1&map_action=map&center=25.0,55.0&zoom=15",,,Pharmacy outlet. Coordinates approximate for area. Operating hours typically 8AM-10PM. Prescription services available. WhatsApp availability varies by location; call ahead to confirm.
DHA-F-0001538,DXB,DXB,PHARMACY,HEALTH FIRST PHARMACY 48 ,DHA-F-0001538,JUMEIRAH 1,JUMAIRAH ROAD JUMAIRAH 1 OPP SPINNEYS,04-3430616,"https://www.google.com/maps/@?api=1&map_action=map&center=25.0,55.0&zoom=15",,,Pharmacy outlet. Coordinates approximate for area. Operating hours typically 8AM-10PM. Prescription services available. WhatsApp availability varies by location; call ahead to confirm.
DHA-F-0045800,DXB,DXB,PHARMACY,HEALTH FIRST PHARMACY 5- DUBAI (BR. OF HEALTH FIRST INVESTMENT LLC),DHA-F-0045800,DUBAI MALL ,DUBAI-DUBAI MALL 2 FLOUR ,04-5469856,"https://www.google.com/maps/@?api=1&map_action=map&center=25.0,55.0&zoom=15",,,Pharmacy outlet. Coordinates approximate for area. Operating hours typically 8AM-10PM. Prescription services available. WhatsApp availability varies by location; call ahead to confirm.
DHA-F-0001697,DXB,DXB,PHARMACY,HEALTH FIRST PHARMACY 52,DHA-F-0001697,SHEIKH ZAYED ROAD,"SHEIKH ZAYED ROAD WHITE CROWN BUILD, BEHIND RADISSON HOTEL",04 3253056,"https://www.google.com/maps/@?api=1&map_action=map&center=25.0,55.0&zoom=15",,,Pharmacy outlet. Coordinates approximate for area. Operating hours typically 8AM-10PM. Prescription services available. WhatsApp availability varies by location; call ahead to confirm.
DHA-F-8021165,DXB,DXB,PHARMACY,HEALTH FIRST PHARMACY 55,DHA-F-8021165,DUBAI HEALTHCARE CITY,DUBAI -DUBAI HEALTHCARE CITY -IBN SINA 27B BUILD,04-5776210,"https://www.google.com/maps/@?api=1&map_action=map&center=25.0,55.0&zoom=15",,,Pharmacy outlet. Coordinates approximate for area. Operating hours typically 8AM-10PM. Prescription services available. WhatsApp availability varies by location; call ahead to confirm.
DHA-F-7211077,DXB,DXB,PHARMACY,HEALTH FIRST PHARMACY 57,DHA-F-7211077,SUFOUH ST,MARSA DUBAI -SUFOUH ST -SHERATON JUMERIAH BEACH RESORT,04-5468891,"https://www.google.com/maps/@?api=1&map_action=map&center=25.0,55.0&zoom=15",,,Pharmacy outlet. Coordinates approximate for area. Operating hours typically 8AM-10PM. Prescription services available. WhatsApp availability varies by location; call ahead to confirm.
DHA-F-2212486,DXB,DXB,PHARMACY,HEALTH FIRST PHARMACY 58,DHA-F-2212486,MIRDIFF ST,"MIRDIF HILLS, MUTAQA AVENUE 2 - 78TH STREET , MIRDIF DXB",04-5913880,"https://www.google.com/maps/@?api=1&map_action=map&center=25.0,55.0&zoom=15",,,Pharmacy outlet. Coordinates approximate for area. Operating hours typically 8AM-10PM. Prescription services available. WhatsApp availability varies by location; call ahead to confirm.
DHA-F-7272735,DXB,DXB,PHARMACY,HEALTH FIRST PHARMACY 60,DHA-F-7272735,GARHOUD,"EMIRATES GROUP HEADQUARTERS ,GARHOUD, AIR PORT ROAD, OPP EMIRATES METRO",04-7187442,"https://www.google.com/maps/@?api=1&map_action=map&center=25.0,55.0&zoom=15",,,Pharmacy outlet. Coordinates approximate for area. Operating hours typically 8AM-10PM. Prescription services available. WhatsApp availability varies by location; call ahead to confirm.
DHA-F-8196173,DXB,DXB,PHARMACY,HEALTH FIRST PHARMACY 61,DHA-F-8196173,AL YUFRAH 2,DUBAI-AL YURFAH2-DAMAC HILLS 2 VIRIDIS TOWER B,04-2286011,"https://www.google.com/maps/@?api=1&map_action=map&center=25.0,55.0&zoom=15",,,Pharmacy outlet. Coordinates approximate for area. Operating hours typically 8AM-10PM. Prescription services available. WhatsApp availability varies by location; call ahead to confirm.
DHA-F-7986339,DXB,DXB,PHARMACY,HEALTH FIRST PHARMACY 64,DHA-F-7986339,AL GARHOUD PARK 3,DUBAI-AL GARHOUD-AIRPORT VIEW BUILDING OPP AL GARHOUD PARK3 -ST 35TH,04-3805045,"https://www.google.com/maps/@?api=1&map_action=map&center=25.0,55.0&zoom=15",,,Pharmacy outlet. Coordinates approximate for area. Operating hours typically 8AM-10PM. Prescription services available. WhatsApp availability varies by location; call ahead to confirm.
DHA-F-0001095,DXB,DXB,PHARMACY,HEALTH FIRST PHARMACY 9,DHA-F-0001095,JUMERIAH VILLAGE,JUMERIAH VILLAGE 2 SUMMER CLUSTER,04-4233733,"https://www.google.com/maps/@?api=1&map_action=map&center=25.0,55.0&zoom=15",,,Pharmacy outlet. Coordinates approximate for area. Operating hours typically 8AM-10PM. Prescription services available. WhatsApp availability varies by location; call ahead to confirm.
DHA-F-2099092,DXB,DXB,PHARMACY,DEANS LIFE PHARMACY LLC ,DHA-F-2099092,ALQUOZ 4,"SHOP NO:28, AL AMEED PLAZA, ALQUOZ 4, DUBAI,UAE.",04-2345897,"https://www.google.com/maps/@?api=1&map_action=map&center=25.0,55.0&zoom=15",,,Pharmacy outlet. Coordinates approximate for area. Operating hours typically 8AM-10PM. Prescription services available. WhatsApp availability varies by location; call ahead to confirm.
DHA-F-6633537,DXB,DXB,PHARMACY,ABEER AL NOOR PHARMACY LLC BRANCH,DHA-F-6633537,DIC,"SAIH SHUHAIB 3, LV2 C5,DUBAI INDUSTRIAL CITY (DIC),DUBAI,UAE",050-2900239,"https://www.google.com/maps/@?api=1&map_action=map&center=25.0,55.0&zoom=15",,,Pharmacy outlet. Coordinates approximate for area. Operating hours typically 8AM-10PM. Prescription services available. WhatsApp availability varies by location; call ahead to confirm.
DHA-F-5232729,DXB,DXB,PHARMACY,NEXA PHARMACY,DHA-F-5232729,ENGLAND CLUSTER BUILDING,"INTERNATIONAL CITY, ENGLAND CLUSTER BUILDING Z05",052-4244416,"https://www.google.com/maps/@?api=1&map_action=map&center=25.0,55.0&zoom=15",,,Pharmacy outlet. Coordinates approximate for area. Operating hours typically 8AM-10PM. Prescription services available. WhatsApp availability varies by location; call ahead to confirm.
DHA-F-6323210,DXB,DXB,PHARMACY,CRX PHARMACY L.L.C,DHA-F-6323210,JEBEL ALI VILLAGE,"WASL NOOK, WASL GATE COMMUNITY - NEAR SHEIKH ZAYED ROAD - JEBEL ALI VILLAGE - DUBAI,UAE",04 2246566,"https://www.google.com/maps/@?api=1&map_action=map&center=25.0,55.0&zoom=15",,,Pharmacy outlet. Coordinates approximate for area. Operating hours typically 8AM-10PM. Prescription services available. WhatsApp availability varies by location; call ahead to confirm.
DHA-F-7567795,DXB,DXB,PHARMACY,ASTER PHARMACIES GROUP LLC(DMCC BRANCH),DHA-F-7567795,JLT,"SHOP NO-5, GROUND FLOOR, ME DO RE RESIDENTIAL TOWER, CLUSTER L, JUMEIRAH LAKES TOWERS, AL THANYAH FIFTH, DUBAI",04-5917109,"https://www.google.com/maps/@?api=1&map_action=map&center=25.0,55.0&zoom=15",,,Pharmacy outlet. Coordinates approximate for area. Operating hours typically 8AM-10PM. Prescription services available. WhatsApp availability varies by location; call ahead to confirm.
DHA-F-9742223,DXB,DXB,PHARMACY,MEDCARE MEDICAL CENTRE ARABIAN RANCHES 3 (BR OF MEDCARE HOSPITAL (L.L.C)(PHARMACY),DHA-F-9742223,WADI AL SAFA 5,"AR3 GF37, ARABIAN RANCHES 3 SOUK, NEAR SILICON CENTRAL, SHEIKH ZAYED BIN HAMDAN AL NAHYAN STREET, WADI AL SAFA 5, DUBAI",04-2578939,"https://www.google.com/maps/@?api=1&map_action=map&center=25.0,55.0&zoom=15",,,Pharmacy outlet. Coordinates approximate for area. Operating hours typically 8AM-10PM. Prescription services available. WhatsApp availability varies by location; call ahead to confirm.
DHA-F-1109096,DXB,DXB,PHARMACY,MEDCARE MEDICAL CENTRE THE VALLEY (BR OF MEDCARE HOSPITAL (L.L.C)(PHARMACY),DHA-F-1109096,AL YUFRAH 1,"SHOP NO. 11 & 12, THE VALLEY PAVILION, AL AIN ROAD, AL YUFRAH 1, DUBAI",04-3291310,"https://www.google.com/maps/@?api=1&map_action=map&center=25.0,55.0&zoom=15",,,Pharmacy outlet. Coordinates approximate for area. Operating hours typically 8AM-10PM. Prescription services available. WhatsApp availability varies by location; call ahead to confirm.
DHA-F-0032545,DXB,DXB,PHARMACY,SHAMS AL AHALIA MEDICAL CENTER - (AMBULATORY PHARMACY),DHA-F-0032545,,"GROUND FLOOR, AL WASL BUILDING(R507), NEAR TO EMIRATES POST- DUBAI CENTRAL POST OFFICE & ENOC PETROL STATION, 19TH STREET, AL KARAMA, DUBAI, UAE",050-5319427,"https://www.google.com/maps/@?api=1&map_action=map&center=25.0,55.0&zoom=15",,,Pharmacy outlet. Coordinates approximate for area. Operating hours typically 8AM-10PM. Prescription services available. WhatsApp availability varies by location; call ahead to confirm.
DHA-F-0046680,DXB,DXB,PHARMACY,AMAAN PHARMACY,DHA-F-0046680,MUHAISNAH 4,"NEAR AL MUHAISNAH POLY CLINIC, LULU VILLAGE, MUHAISNAH-4",04-2647264,"https://www.google.com/maps/@?api=1&map_action=map&center=25.0,55.0&zoom=15",,,Pharmacy outlet. Coordinates approximate for area. Operating hours typically 8AM-10PM. Prescription services available. WhatsApp availability varies by location; call ahead to confirm.
DHA-F-0001135,DXB,DXB,PHARMACY,DOCIB PHARMACY LLC,DHA-F-0001135,LULU AL RASHIDIYA,"DOCIB PHARMACY, INSIDE LULU HYPERMARKET - AL RASHIDIYA - DUBAI",04-2250448,"https://www.google.com/maps/@?api=1&map_action=map&center=25.0,55.0&zoom=15",,,Pharmacy outlet. Coordinates approximate for area. Operating hours typically 8AM-10PM. Prescription services available. WhatsApp availability varies by location; call ahead to confirm.
DHA-F-0047295,DXB,DXB,PHARMACY,LULU BARSHA PHARMACY LLC,DHA-F-0047295,LULU AL BARSHA,"LULU BARSHA PHARMACY LLC – LULU HYPERMARKET, AL BARSHA, DUBAI",04-3418828,"https://www.google.com/maps/@?api=1&map_action=map&center=25.0,55.0&zoom=15",,,Pharmacy outlet. Coordinates approximate for area. Operating hours typically 8AM-10PM. Prescription services available. WhatsApp availability varies by location; call ahead to confirm.
DHA-F-0045821,DXB,DXB,PHARMACY,LULU CENTER PHARMACY LLC,DHA-F-0045821,LULU AL QUSAIS,"LULU HYPERMARKET, AL QUSAIS",04-2988771,"https://www.google.com/maps/@?api=1&map_action=map&center=25.0,55.0&zoom=15",,,Pharmacy outlet. Coordinates approximate for area. Operating hours typically 8AM-10PM. Prescription services available. WhatsApp availability varies by location; call ahead to confirm.
DHA-F-0047371,DXB,DXB,PHARMACY,LULU KARAMA PHARMACY LLC,DHA-F-0047371,LULU KARAMA,"LULU KARAMA PHARMACY LLC – LULU HYPERMARKET, KARAMA, DUBAI",04-3369970,"https://www.google.com/maps/@?api=1&map_action=map&center=25.0,55.0&zoom=15",,,Pharmacy outlet. Coordinates approximate for area. Operating hours typically 8AM-10PM. Prescription services available. WhatsApp availability varies by location; call ahead to confirm.
DHA-F-3402124,DXB,DXB,PHARMACY,PMC PHARMACY LLC,DHA-F-3402124,OUD METHA,"STREET 11B, OUD METHA ROAD, BUR DUBAI,DUBAI,UAE",04-2305000,"https://www.google.com/maps/@?api=1&map_action=map&center=25.0,55.0&zoom=15",,,Pharmacy outlet. Coordinates approximate for area. Operating hours typically 8AM-10PM. Prescription services available. WhatsApp availability varies by location; call ahead to confirm.
DHA-F-8949792,DXB,DXB,PHARMACY,MEDHUB PHARMACY L.L.C,DHA-F-8949792,JEBEL ALI IND 2,"SHOP NO:- 3, GROUND FLOOR, THE AB MALL, JEBEL ALI INDUSTRIAL AREA 2 - DUBAI",054-7336363,"https://www.google.com/maps/@?api=1&map_action=map&center=25.0,55.0&zoom=15",,,Pharmacy outlet. Coordinates approximate for area. Operating hours typically 8AM-10PM. Prescription services available. WhatsApp availability varies by location; call ahead to confirm.
DHA-F-0742290,DXB,DXB,PHARMACY,MEDHUB PHARMACY L.L.C (BRANCH),DHA-F-0742290,DIP 2,"SHOP NO:20, THE TOWN MALL, DIP2, DUBAI",054-7336363,"https://www.google.com/maps/@?api=1&map_action=map&center=25.0,55.0&zoom=15",,,Pharmacy outlet. Coordinates approximate for area. Operating hours typically 8AM-10PM. Prescription services available. WhatsApp availability varies by location; call ahead to confirm.
DHA-F-0318079,DXB,DXB,PHARMACY,ASTER PHARMACY 208 (BR OF ASTER PHARMACIES GROUP L.L.C),DHA-F-0318079,AL  BARSHA SOUTH,"SHOP NO. 6, CURVE BY SENTRO, AL BARSHA SOUTH THIRD, BARSHA SOUTH, DUBAI",04-3499016,"https://www.google.com/maps/@?api=1&map_action=map&center=25.0,55.0&zoom=15",,,Pharmacy outlet. Coordinates approximate for area. Operating hours typically 8AM-10PM. Prescription services available. WhatsApp availability varies by location; call ahead to confirm.
DHA-F-8499564,DXB,DXB,PHARMACY,ASTER PHARMACY 211 (BR OF ASTER PHARMACIES GROUP L.L.C),DHA-F-8499564,NAD AL SHEBA 1,"SHOP NO. 11, AZIZI RIVERA 44, AL MERKADH, NAD AL SHEBA 1, DUBAI",04-3578436,"https://www.google.com/maps/@?api=1&map_action=map&center=25.0,55.0&zoom=15",,,Pharmacy outlet. Coordinates approximate for area. Operating hours typically 8AM-10PM. Prescription services available. WhatsApp availability varies by location; call ahead to confirm.
DHA-F-1952239,DXB,DXB,PHARMACY,MEDCARE MEDICAL CENTRE NAD AL SHEBA PHARMACY BR OF MEDCARE HOSPITAL L L C (AMBULATORY PHARMACY),DHA-F-1952239,NAD AL SHEBA 3,"SHOP NO. G-013, GROUND FLOOR, NAD AL SHEBA 3, NAD AL SHEBA, DUBAI",04-3499016,"https://www.google.com/maps/@?api=1&map_action=map&center=25.0,55.0&zoom=15",,,Pharmacy outlet. Coordinates approximate for area. Operating hours typically 8AM-10PM. Prescription services available. WhatsApp availability varies by location; call ahead to confirm.
DHA-F-0911695,DXB,DXB,PHARMACY,ASTER PHARMACY 199 (BR OF ASTER PHARMACIES GROUP L.L.C),DHA-F-0911695,AL FURJAN,"SHOP NO. 7, GEMZ BY DANUBE, AL ASAYEL ST, JEBEL ALI VILLAGE, AL FURJAN, DUBAI",04-3971206,"https://www.google.com/maps/@?api=1&map_action=map&center=25.0,55.0&zoom=15",,,Pharmacy outlet. Coordinates approximate for area. Operating hours typically 8AM-10PM. Prescription services available. WhatsApp availability varies by location; call ahead to confirm.
DHA-F-3484876,DXB,DXB,PHARMACY,ASTER PHARMACY 190 (BR OF ASTER PHARMACIES GROUP L.L.C),DHA-F-3484876,JUMEIRAH,"SHOP NO 1, BINGHATTI ORCHID, KAHRABA ROAD, JUMEIRAH VILLAGE CIRCLE, BARSHA SOUTH 4, DUBAI",04-5527027,"https://www.google.com/maps/@?api=1&map_action=map&center=25.0,55.0&zoom=15",,,Pharmacy outlet. Coordinates approximate for area. Operating hours typically 8AM-10PM. Prescription services available. WhatsApp availability varies by location; call ahead to confirm.
DHA-F-4162689,DXB,DXB,PHARMACY,ZEST PHARMACY 3 (BR OF ZEST WELLNESS PHARMACY L.L.C),DHA-F-4162689,BARSHA 2,"UNIT NO GF 02, GROVE MALL, COMMUNITY CENTER, BARSHA 2, DUBAI",04-3705493,"https://www.google.com/maps/@?api=1&map_action=map&center=25.0,55.0&zoom=15",,,Pharmacy outlet. Coordinates approximate for area. Operating hours typically 8AM-10PM. Prescription services available. WhatsApp availability varies by location; call ahead to confirm.
DHA-F-0001240,DXB,DXB,PHARMACY,INTERNATIONAL MODERN HOSPITAL PHARMACY,DHA-F-0001240,MANKHOOL,"SHEIKH RASHID ROAD. MANKHOOL AREA-BUR DUBAI, UAE",04-4063273,"https://www.google.com/maps/@?api=1&map_action=map&center=25.0,55.0&zoom=15",,,Pharmacy outlet. Coordinates approximate for area. Operating hours typically 8AM-10PM. Prescription services available. WhatsApp availability varies by location; call ahead to confirm.
DHA-F-9959654,DXB,DXB,PHARMACY,AMBER PHARMACY L.L.C BRANCH,DHA-F-9959654,AL BARAHA,"SULTHAN BUILDING,PLOT NO-463-0,AL BARAHA,DUBAI, UAE",04-2692307,"https://www.google.com/maps/@?api=1&map_action=map&center=25.0,55.0&zoom=15",,,Pharmacy outlet. Coordinates approximate for area. Operating hours typically 8AM-10PM. Prescription services available. WhatsApp availability varies by location; call ahead to confirm.
DHA-F-1684398,DXB,DXB,PHARMACY,MUMTAZ AL NOOR EXPRESS PHARMACY L.L.C,DHA-F-1684398,AL BARAHA,"SULTHAN BUILDING, PLOT NO-463-0, AL BARAHA, DUBAI, UAE",04 2579576,"https://www.google.com/maps/@?api=1&map_action=map&center=25.0,55.0&zoom=15",,,Pharmacy outlet. Coordinates approximate for area. Operating hours typically 8AM-10PM. Prescription services available. WhatsApp availability varies by location; call ahead to confirm.
DHA-F-9504539,DXB,DXB,PHARMACY,STAR FALCON PHARMACY LLC,DHA-F-9504539,BEIRUT STREET,"SHOP 4, BEIRUT STREET ,GHEYATH BLDG QUSAIS IND 4,DUBAI , UAE",04-3852636,"https://www.google.com/maps/@?api=1&map_action=map&center=25.0,55.0&zoom=15",,,Pharmacy outlet. Coordinates approximate for area. Operating hours typically 8AM-10PM. Prescription services available. WhatsApp availability varies by location; call ahead to confirm.
DHA-F-0001681,DXB,DXB,PHARMACY,CITY RELIEF PHARMACY LLC,DHA-F-0001681,NAID ROAD,"NAIF ROAD, DEIRA,DUBAI,UAE",04-2242951,"https://www.google.com/maps/@?api=1&map_action=map&center=25.0,55.0&zoom=15",,,Pharmacy outlet. Coordinates approximate for area. Operating hours typically 8AM-10PM. Prescription services available. WhatsApp availability varies by location; call ahead to confirm.
DHA-F-1147979,DXB,DXB,PHARMACY,ASTER PHARMACY 197 (BR OF ASTER PHARMACIES GROUP L.L.C),DHA-F-1147979,DIP,"SHOP NO M05, AIKO MALL, DUBAI INVESTMENT PARK FIRST, DUBAI",04-2528870,"https://www.google.com/maps/@?api=1&map_action=map&center=25.0,55.0&zoom=15",,,Pharmacy outlet. Coordinates approximate for area. Operating hours typically 8AM-10PM. Prescription services available. WhatsApp availability varies by location; call ahead to confirm.
DHA-F-8473462,DXB,DXB,PHARMACY,ZEST WELLNESS PHARMACY LLC. DWC-BRANCH,DHA-F-8473462,DUBAI SOUTH,"RETAIL 2, THE PULSE BEACH FRONT, DUBAI SOUTH RESIDENCIAL DISTRICT, DUBAI SOUTH, DUBAI",04-3428372,"https://www.google.com/maps/@?api=1&map_action=map&center=25.0,55.0&zoom=15",,,Pharmacy outlet. Coordinates approximate for area. Operating hours typically 8AM-10PM. Prescription services available. WhatsApp availability varies by location; call ahead to confirm.
DHA-F-4271473,DXB,DXB,PHARMACY,ASTER PHARMACY 209 (BR OF ASTER PHARMACIES GROUP L.L.C),DHA-F-4271473,MARINA,"SHOP NO. S02, THE POINT TOWER, JUMEIRAH BEACH RESIDENCE, MARSA DUBAI, DUBAI MARINA, DUBAI",04-5843414,"https://www.google.com/maps/@?api=1&map_action=map&center=25.0,55.0&zoom=15",,,Pharmacy outlet. Coordinates approximate for area. Operating hours typically 8AM-10PM. Prescription services available. WhatsApp availability varies by location; call ahead to confirm.
DHA-F-6843525,DXB,DXB,PHARMACY,ASTER PHARMACY 210 (BR OF ASTER PHARMACIES GROUP L.L.C),DHA-F-6843525,AL BARSHA ,"RETAIL 1, ART PARK VIEW, AL BARSHA SOUTH THIRD, AL BARSHA, DUBAI",04-8816085,"https://www.google.com/maps/@?api=1&map_action=map&center=25.0,55.0&zoom=15",,,Pharmacy outlet. Coordinates approximate for area. Operating hours typically 8AM-10PM. Prescription services available. WhatsApp availability varies by location; call ahead to confirm.
DHA-F-0857778,DXB,DXB,PHARMACY,ASTER PHARMACY 212 (BR OF ASTER PHARMACIES GROUP L.L.C),DHA-F-0857778,JUMEIRAH GARDEN CITY,"SHOP-4, BQ RESIDENCE, JUMEIRAH GARDEN CITY, AL SATWA, DUBAI",04-5853391,"https://www.google.com/maps/@?api=1&map_action=map&center=25.0,55.0&zoom=15",,,Pharmacy outlet. Coordinates approximate for area. Operating hours typically 8AM-10PM. Prescription services available. WhatsApp availability varies by location; call ahead to confirm.
DHA-F-2776119,DXB,DXB,PHARMACY,CARE 7 PHARMACY LLC ,DHA-F-2776119,INTERNATIONL CITY,"SHOP 1,2 CBD-D02 BUILDING,INTERNATIONAL CITY ,DUBAI,UAE",04-5521433,"https://www.google.com/maps/@?api=1&map_action=map&center=25.0,55.0&zoom=15",,,Pharmacy outlet. Coordinates approximate for area. Operating hours typically 8AM-10PM. Prescription services available. WhatsApp availability varies by location; call ahead to confirm.
DHA-F-9054776,DXB,DXB,PHARMACY,PARK BETTER LIFE PHARMACY (L.LC) (BRANCH),DHA-F-9054776,JABEL ALI,"SHOP NO.6, DUBAI REAL ESTATE CORPORATION, JABEL ALI, DUBAI, UAE",04-3511805,"https://www.google.com/maps/@?api=1&map_action=map&center=25.0,55.0&zoom=15",,,Pharmacy outlet. Coordinates approximate for area. Operating hours typically 8AM-10PM. Prescription services available. WhatsApp availability varies by location; call ahead to confirm.
DHA-F-4155396,DXB,DXB,PHARMACY,PARADISE PLUS POLY CLINIC LLC (BRANCH) AMBULATORY PHARMACY,DHA-F-4155396,DIP 2,"PARK BAZAAR BUILDING STREET 40, DIP2 - DUBAI - UAE",04-2852454,"https://www.google.com/maps/@?api=1&map_action=map&center=25.0,55.0&zoom=15",,,Pharmacy outlet. Coordinates approximate for area. Operating hours typically 8AM-10PM. Prescription services available. WhatsApp availability varies by location; call ahead to confirm.
DHA-F-6874027,DXB,DXB,PHARMACY,ASTER PHARMACY 207 (BR OF ASTER PHARMACIES GROUP L.L.C),DHA-F-6874027,AL  JADAF,"SHOP NO SH-A1, LILAC RESIDENCE, AL JADAF, DUBAI",04-3968831,"https://www.google.com/maps/@?api=1&map_action=map&center=25.0,55.0&zoom=15",,,Pharmacy outlet. Coordinates approximate for area. Operating hours typically 8AM-10PM. Prescription services available. WhatsApp availability varies by location; call ahead to confirm.
DHA-F-5280663,DXB,DXB,PHARMACY,ASTER PHARMACY 215 (BR OF ASTER PHARMACIES GROUP L.L.C),DHA-F-5280663,BUSINESS  BAY,"SHOP G-13, BAY AVENUE RETAIL, BUSINESS BAY, DUBAI",04-3968831,"https://www.google.com/maps/@?api=1&map_action=map&center=25.0,55.0&zoom=15",,,Pharmacy outlet. Coordinates approximate for area. Operating hours typically 8AM-10PM. Prescription services available. WhatsApp availability varies by location; call ahead to confirm.
DHA-F-1919984,DXB,DXB,PHARMACY,FIRST SHIELD PHARMACY L.L.C,DHA-F-1919984,AL TWAR FIRST,"AL TWAR FIRST,INSIDE UNION COOP FIRST FLOOR",058 560 3366,"https://www.google.com/maps/@?api=1&map_action=map&center=25.0,55.0&zoom=15",,,Pharmacy outlet. Coordinates approximate for area. Operating hours typically 8AM-10PM. Prescription services available. WhatsApp availability varies by location; call ahead to confirm.
DHA-F-3954656,DXB,DXB,PHARMACY,SEHA AL NOOR PHARMACY L.L.C (BRANCH),DHA-F-3954656,MUHAISNAH,"GROUND FLOOR ,HAMAD ABDUL KAREEM AL AREIF MOSQUE BUILDING ,2-1-1 , MUHAISNAH , DUBAI, UAE",04-2625223,"https://www.google.com/maps/@?api=1&map_action=map&center=25.0,55.0&zoom=15",,,Pharmacy outlet. Coordinates approximate for area. Operating hours typically 8AM-10PM. Prescription services available. WhatsApp availability varies by location; call ahead to confirm.
DHA-F-6178242,DXB,DXB,PHARMACY,SEHA AL NOOR PHARMACY L.L.C,DHA-F-6178242,DIP 1,"GROUND FLOOR , AIKO HYPER MARKET , DIP1, DUBAI, UAE",04-3336522,"https://www.google.com/maps/@?api=1&map_action=map&center=25.0,55.0&zoom=15",,,Pharmacy outlet. Coordinates approximate for area. Operating hours typically 8AM-10PM. Prescription services available. WhatsApp availability varies by location; call ahead to confirm.
DHA-F-5476089,DXB,DXB,PHARMACY,MOOPANS PHARMACY L.L.C,DHA-F-5476089,AL QUSAIS IND 5,"MOOPANS MALL,AL QUSAIS IND 6,DUBAI,UAE",04-3325433,"https://www.google.com/maps/@?api=1&map_action=map&center=25.0,55.0&zoom=15",,,Pharmacy outlet. Coordinates approximate for area. Operating hours typically 8AM-10PM. Prescription services available. WhatsApp availability varies by location; call ahead to confirm.
DHA-F-1150587,DXB,DXB,PHARMACY,ICARE AL REFFA (BR OF EXCEL HEALTHCARE L.L.C),DHA-F-1150587,AL  RAFFA,"AL RAFFA C- KHALIFA JUMA SAEED AL NABBODA AL REFFA,DUBAI,UAE",04-3872555,"https://www.google.com/maps/@?api=1&map_action=map&center=25.0,55.0&zoom=15",,,Pharmacy outlet. Coordinates approximate for area. Operating hours typically 8AM-10PM. Prescription services available. WhatsApp availability varies by location; call ahead to confirm.
DHA-F-3286279,DXB,DXB,PHARMACY,RUKN AL MAMZAR PHARMACY LLC,DHA-F-3286279,DEIRA,"WAQF AL MAMZAR MOSQUE BLDG, AL MAMZAR,DEIRA,UAE.",04-2686430,"https://www.google.com/maps/@?api=1&map_action=map&center=25.0,55.0&zoom=15",,,Pharmacy outlet. Coordinates approximate for area. Operating hours typically 8AM-10PM. Prescription services available. WhatsApp availability varies by location; call ahead to confirm.
DHA-F-1520727,DXB,DXB,PHARMACY,SHIFA AL BAIROONI PHARMACY LLC,DHA-F-1520727,MUHAISANAH 2,"AL MALIK LABOUR CAMP BLDG, MUHAISANAH-2 (SONAPUR),DUBAI,UAE.",04-5767833,"https://www.google.com/maps/@?api=1&map_action=map&center=25.0,55.0&zoom=15",,,Pharmacy outlet. Coordinates approximate for area. Operating hours typically 8AM-10PM. Prescription services available. WhatsApp availability varies by location; call ahead to confirm.
DHA-F-2372848,DXB,DXB,PHARMACY,ROYAL SABA MEDICAL CLINIC PHARMACY,DHA-F-2372848,GREECE CLUSTER,"L#02, GREECE CLUSTER, INTERNATIONAL CITY, DUBAI, UAE",04-5807092,"https://www.google.com/maps/@?api=1&map_action=map&center=25.0,55.0&zoom=15",,,Pharmacy outlet. Coordinates approximate for area. Operating hours typically 8AM-10PM. Prescription services available. WhatsApp availability varies by location; call ahead to confirm.
DHA-F-7378794,DXB,DXB,PHARMACY,ASTER PHARMACY 213 (BR OF ASTER PHARMACIES GROUP L.L.C),DHA-F-7378794,BUSINESS BAY,"SHOP RG16, MEERA TOWER, ALHABTOOR BOULEVARD, BUSINESS BAY, DUBAI",04-5573179,"https://www.google.com/maps/@?api=1&map_action=map&center=25.0,55.0&zoom=15",,,Pharmacy outlet. Coordinates approximate for area. Operating hours typically 8AM-10PM. Prescription services available. WhatsApp availability varies by location; call ahead to confirm.
DHA-F-3442716,DXB,DXB,PHARMACY,ASTER PHARMACY 219 (BR OF ASTER PHARMACIES GROUP L.L.C),DHA-F-3442716,"LIV MARINA,","RETAIL -01, LIV MARINA, MARSA DUBAI, DUBAI",04-5587637,"https://www.google.com/maps/@?api=1&map_action=map&center=25.0,55.0&zoom=15",,,Pharmacy outlet. Coordinates approximate for area. Operating hours typically 8AM-10PM. Prescription services available. WhatsApp availability varies by location; call ahead to confirm.
DHA-F-8947076,DXB,DXB,PHARMACY,ASTER MEDICAL CENTER SILICON OASIS (BR OF DM HEALTHCARE (L L C)),DHA-F-8947076, SILICON OASIS,"FS 101,FS 101 B, SILICON GATE - 1,  SILICON OASIS, NAAD HESSA, DUBAI",04-3758428,"https://www.google.com/maps/@?api=1&map_action=map&center=25.0,55.0&zoom=15",,,Pharmacy outlet. Coordinates approximate for area. Operating hours typically 8AM-10PM. Prescription services available. WhatsApp availability varies by location; call ahead to confirm.
DHA-F-1849073,DXB,DXB,PHARMACY,ASTER PHARMACY 198 (BR OF ASTER PHARMACIES GROUP L.L.C),DHA-F-1849073,"AL WASL VILLAGE, AL QUSAIS","SHP-M-06, CIG NESTO MALL, AL WASL VILLAGE, AL QUSAIS INDUSTRIAL FIFTH, DUBAI",052-9035007,"https://www.google.com/maps/@?api=1&map_action=map&center=25.0,55.0&zoom=15",,,Pharmacy outlet. Coordinates approximate for area. Operating hours typically 8AM-10PM. Prescription services available. WhatsApp availability varies by location; call ahead to confirm.
DHA-F-4539844,DXB,DXB,PHARMACY,ASTER PHARMACY 214 (BR OF ASTER PHARMACIES GROUP L.L.C),DHA-F-4539844,AL MERKADH,"RETAIL-11, AZIZI RIVIERA 65, AL MERKADH, DUBAI",04-2354366,"https://www.google.com/maps/@?api=1&map_action=map&center=25.0,55.0&zoom=15",,,Pharmacy outlet. Coordinates approximate for area. Operating hours typically 8AM-10PM. Prescription services available. WhatsApp availability varies by location; call ahead to confirm.
DHA-F-8524328,DXB,DXB,PHARMACY,ASTER PHARMACY 216 (BR OF ASTER PHARMACIES GROUP L.L.C),DHA-F-8524328,AL MERKADH,"RETAIL 05, SOBHA HARTLAND - THE CREST TOWER PODIUM, AL MERKADH, DUBAI",04-3759337,"https://www.google.com/maps/@?api=1&map_action=map&center=25.0,55.0&zoom=15",,,Pharmacy outlet. Coordinates approximate for area. Operating hours typically 8AM-10PM. Prescription services available. WhatsApp availability varies by location; call ahead to confirm.
DHA-F-1597494,DXB,DXB,PHARMACY,ASTER PHARMACY 218  (BR OF ASTER PHARMACIES GROUP L.L.C),DHA-F-1597494,PORT SAEED,"SHOP NO-S04, JEWEL OF THE CREEK F1F2 OFFICE BUILDING, PORT SAEED, DUBAI",052-9035007,"https://www.google.com/maps/@?api=1&map_action=map&center=25.0,55.0&zoom=15",,,Pharmacy outlet. Coordinates approximate for area. Operating hours typically 8AM-10PM. Prescription services available. WhatsApp availability varies by location; call ahead to confirm.
DHA-F-3930735,DXB,DXB,PHARMACY,24 HOUR PHARMACY CO. L.L.C,DHA-F-3930735, BUSINESS BAY,"OVAL TOWER, SHOP 2, BUSINESS BAY, DUBAI",04-3566649,"https://www.google.com/maps/@?api=1&map_action=map&center=25.0,55.0&zoom=15",,,Pharmacy outlet. Coordinates approximate for area. Operating hours typically 8AM-10PM. Prescription services available. WhatsApp availability varies by location; call ahead to confirm.
DHA-F-6339254,DXB,DXB,PHARMACY,800PHARMA1 PHARMACY CO. L.L.C,DHA-F-6339254, BUSINESS BAY,"SHOP#1,COURT TOWER BUSINESS, IRIS BAY - BUSINESS BAY - DUBAI",04-5751794,"https://www.google.com/maps/@?api=1&map_action=map&center=25.0,55.0&zoom=15",,,Pharmacy outlet. Coordinates approximate for area. Operating hours typically 8AM-10PM. Prescription services available. WhatsApp availability varies by location; call ahead to confirm.
DHA-F-2459518,DXB,DXB,PHARMACY,800PHARMA1 PHARMACY CO. L.L.C (BRANCH),DHA-F-2459518,WARQA 1,"SHOP#5, AL BAHRI BUILDING, WARQA 1, NEAR Q1 MALL",04-3805026,"https://www.google.com/maps/@?api=1&map_action=map&center=25.0,55.0&zoom=15",,,Pharmacy outlet. Coordinates approximate for area. Operating hours typically 8AM-10PM. Prescription services available. WhatsApp availability varies by location; call ahead to confirm.
DHA-F-3632768,DXB,DXB,PHARMACY,ADAMS PHARMACY L.L.C,DHA-F-3632768,AL WARQA,"SHOP-1, MAKEEN BUILDING, AL WARQA, DUBAI",04-2888411,"https://www.google.com/maps/@?api=1&map_action=map&center=25.0,55.0&zoom=15",,,Pharmacy outlet. Coordinates approximate for area. Operating hours typically 8AM-10PM. Prescription services available. WhatsApp availability varies by location; call ahead to confirm.
DHA-F-8861732,DXB,DXB,PHARMACY,ADAMS PHARMACY L.L.C (BRANCH),DHA-F-8861732,AL QUSAIS,"SHOP-1, 21 42ND ST, AL QUSAIS, AL TWAR FOURTH, DUBAI",04-2948086,"https://www.google.com/maps/@?api=1&map_action=map&center=25.0,55.0&zoom=15",,,Pharmacy outlet. Coordinates approximate for area. Operating hours typically 8AM-10PM. Prescription services available. WhatsApp availability varies by location; call ahead to confirm.
DHA-F-8867570,DXB,DXB,PHARMACY,CAREWELL STAR PHARMACY L.L.C,DHA-F-8867570, HOR AL ANZ EAST,"SHOP 7, ZUBAIDI BUILDING, HOR AL ANZ EAST, DEIRA - DUBAI",04-3345450,"https://www.google.com/maps/@?api=1&map_action=map&center=25.0,55.0&zoom=15",,,Pharmacy outlet. Coordinates approximate for area. Operating hours typically 8AM-10PM. Prescription services available. WhatsApp availability varies by location; call ahead to confirm.
DHA-F-8804676,DXB,DXB,PHARMACY,JANAH PHARMACY FZ LLC,DHA-F-8804676,AL JADDAF,"SHOP-2, AL WALEED GARDEN 2, AL JADDAF, DUBAI",04-5700331,"https://www.google.com/maps/@?api=1&map_action=map&center=25.0,55.0&zoom=15",,,Pharmacy outlet. Coordinates approximate for area. Operating hours typically 8AM-10PM. Prescription services available. WhatsApp availability varies by location; call ahead to confirm.
DHA-F-7202939,DXB,DXB,PHARMACY,MEDISHOP PHARMACY L.L.C,DHA-F-7202939,AL BARAHA,"KUWAIT BUILDING #25, AL BARAHA - NEXT TO AL FUTTAIM MASJID - NAIF - AL MURAR - DUBAI",04-2882207,"https://www.google.com/maps/@?api=1&map_action=map&center=25.0,55.0&zoom=15",,,Pharmacy outlet. Coordinates approximate for area. Operating hours typically 8AM-10PM. Prescription services available. WhatsApp availability varies by location; call ahead to confirm.
DHA-F-2421032,DXB,DXB,PHARMACY,MEDON 24 HOUR PHARMACY CO. L.L.C,DHA-F-2421032,AL BARSHA,"SHOP#7, BINGHATTI CORNER, AL BARSHA SOUTH FOURTH",04-5752045,"https://www.google.com/maps/@?api=1&map_action=map&center=25.0,55.0&zoom=15",,,Pharmacy outlet. Coordinates approximate for area. Operating hours typically 8AM-10PM. Prescription services available. WhatsApp availability varies by location; call ahead to confirm.
DHA-F-8850465,DXB,DXB,PHARMACY,MEDON 24 HOUR PHARMACY CO. L.L.C (Branch)- MARINA,DHA-F-8850465,"MARINA,","EMIRATES CROWN TOWER, SHOP S05, MARINA, DUBAI",04-5531366,"https://www.google.com/maps/@?api=1&map_action=map&center=25.0,55.0&zoom=15",,,Pharmacy outlet. Coordinates approximate for area. Operating hours typically 8AM-10PM. Prescription services available. WhatsApp availability varies by location; call ahead to confirm.
DHA-F-2063145,DXB,DXB,PHARMACY,MEDON 24 HOUR PHARMACY CO. L.L.C (Branch)- AL BARSHA,DHA-F-2063145,AL BARSHA ,"AL FALASI BUILDING, RETAIL SHOP 1, AL BARSHA FIRST, DUBAI",04-2524706,"https://www.google.com/maps/@?api=1&map_action=map&center=25.0,55.0&zoom=15",,,Pharmacy outlet. Coordinates approximate for area. Operating hours typically 8AM-10PM. Prescription services available. WhatsApp availability varies by location; call ahead to confirm.
DHA-F-8979413,DXB,DXB,PHARMACY,HEALTH FIRST PHARMACY 65 (Br. OF HEALTH FIRST INVESTMENT L.L.C),DHA-F-8979413, JADAF,"SHOP NO.03, MADEIRA BUILDING, AL JADAF, DUBAI, U.A.E",04-2829347,"https://www.google.com/maps/@?api=1&map_action=map&center=25.0,55.0&zoom=15",,,Pharmacy outlet. Coordinates approximate for area. Operating hours typically 8AM-10PM. Prescription services available. WhatsApp availability varies by location; call ahead to confirm.
DHA-F-8129129,DXB,DXB,PHARMACY,AL NOOR VILLAGE PHARMACY L.L.C,DHA-F-8129129, MUHAISNAH 4 ,SHOP NO 21-MUHAISANAH FOURTH - MUHAISNAH 4 - DUBAI,04-3246295,"https://www.google.com/maps/@?api=1&map_action=map&center=25.0,55.0&zoom=15",,,Pharmacy outlet. Coordinates approximate for area. Operating hours typically 8AM-10PM. Prescription services available. WhatsApp availability varies by location; call ahead to confirm.
DHA-F-1192157,DXB,DXB,PHARMACY,MERCURY PLUS PHARMACY LLC,DHA-F-1192157,INDUSTRIAL AREA 1,"INDUSTRIAL AREA 1, OPP JABAL ALI MALL JABAL ALI, DUBAI, UAE",04-2992294,"https://www.google.com/maps/@?api=1&map_action=map&center=25.0,55.0&zoom=15",,,Pharmacy outlet. Coordinates approximate for area. Operating hours typically 8AM-10PM. Prescription services available. WhatsApp availability varies by location; call ahead to confirm.
DHA-F-7181639,DXB,DXB,CLINIC,MEDHUB MEDICAL CENTER L.L.C (BRANCH),DHA-F-7181639,INDUSTRIAL AREA 1,"ABDUL AZIZ MOHMMED IBRAHIM OBAIDULLA BUILDING, GROUND FLOOR,OPPOSITE AL KABAYEL, JEBEL ALI, INDUSTRIAL AREA 1, DUBAI",054-7336363,"https://www.google.com/maps/@?api=1&map_action=map&center=25.0,55.0&zoom=15",https://www.shifaaljazeera.com,,Coordinates derived from area-level geocoding. Verify against Google Maps. Phone numbers are landline format. Website and WhatsApp to be confirmed on a per-clinic basis.
DHA-F-0183515,DXB,DXB,PHARMACY,MEDHUB PHARMACY L.L.C  (BRANCH),DHA-F-0183515,INDUSTRIAL AREA 1,"ABDUL AZIZ MOHMMED IBRAHIM OBAIDULLA BUILDING, GROUND FLOOR,OPPOSITE AL KABAYEL, JEBEL ALI, INDUSTRIAL AREA 1, DUBAI",054-7336363,"https://www.google.com/maps/@?api=1&map_action=map&center=25.0,55.0&zoom=15",,,Pharmacy outlet. Coordinates approximate for area. Operating hours typically 8AM-10PM. Prescription services available. WhatsApp availability varies by location; call ahead to confirm.
DHA-F-0045852,DXB,DXB,PHARMACY,AL JAZEERA PHARMACY,DHA-F-0045852,AL SABKHA,"NEAR DEIRA POST OFFICE , SABKHA,DUBAI,UAE",04-2232057,"https://www.google.com/maps/@?api=1&map_action=map&center=25.0,55.0&zoom=15",,,Pharmacy outlet. Coordinates approximate for area. Operating hours typically 8AM-10PM. Prescription services available. WhatsApp availability varies by location; call ahead to confirm.
DHA-F-0047125,DXB,DXB,PHARMACY,MEDICOM PHARMACY 15,DHA-F-0047125,AL RIGGA STREET,"AL RIGGA STREET,DUBAI,UAE",04-2297670,"https://www.google.com/maps/@?api=1&map_action=map&center=25.0,55.0&zoom=15",,,Pharmacy outlet. Coordinates approximate for area. Operating hours typically 8AM-10PM. Prescription services available. WhatsApp availability varies by location; call ahead to confirm.
DHA-F-0047092,DXB,DXB,PHARMACY,MEDICOM PHARMACY 16,DHA-F-0047092,AL SABKHA,"AL SABKHA ,DUBAI,UAE",04-2263614,"https://www.google.com/maps/@?api=1&map_action=map&center=25.0,55.0&zoom=15",,,Pharmacy outlet. Coordinates approximate for area. Operating hours typically 8AM-10PM. Prescription services available. WhatsApp availability varies by location; call ahead to confirm.
DHA-F-0002256,DXB,DXB,PHARMACY,MEDICOM PHARMACY 34 LLC,DHA-F-0002256,AL QUSAIS,"NEAR AL NAHDA METRO STATION, AL QUSAIS,DUBAI,UAE",04-2544001,"https://www.google.com/maps/@?api=1&map_action=map&center=25.0,55.0&zoom=15",,,Pharmacy outlet. Coordinates approximate for area. Operating hours typically 8AM-10PM. Prescription services available. WhatsApp availability varies by location; call ahead to confirm.
DHA-F-7237008,DXB,DXB,PHARMACY,MEDICOM PHARMACY 35 LLC,DHA-F-7237008, DEIRA,"BANIYAS SQUARE, DEIRA,DUBAI,UAE",04-3455920,"https://www.google.com/maps/@?api=1&map_action=map&center=25.0,55.0&zoom=15",,,Pharmacy outlet. Coordinates approximate for area. Operating hours typically 8AM-10PM. Prescription services available. WhatsApp availability varies by location; call ahead to confirm.
DHA-F-0048038,DXB,DXB,PHARMACY,AL ADHAL PHARMACY 1 (LLC),DHA-F-0048038, DEIRA,"NASSER SQUARE,DEIRA,DUBAI,UAE",04-2283357,"https://www.google.com/maps/@?api=1&map_action=map&center=25.0,55.0&zoom=15",,,Pharmacy outlet. Coordinates approximate for area. Operating hours typically 8AM-10PM. Prescription services available. WhatsApp availability varies by location; call ahead to confirm.
DHA-F-0045772,DXB,DXB,PHARMACY,AL SHOHOB PHARMACY (LLC),DHA-F-0045772, DEIRA,"BEHIND GOLD LAND, DEIRA ,DUBAI,UAE",04-2255556,"https://www.google.com/maps/@?api=1&map_action=map&center=25.0,55.0&zoom=15",,,Pharmacy outlet. Coordinates approximate for area. Operating hours typically 8AM-10PM. Prescription services available. WhatsApp availability varies by location; call ahead to confirm.
DHA-F-0045867,DXB,DXB,PHARMACY,GHAZAL JUMAIRAH PHARMACY (LLC),DHA-F-0045867,"AL SATWA,","OPP. AL SATWA BIG MOSQUE, AL SATWA,DUBAI,UAE",04-3494882,"https://www.google.com/maps/@?api=1&map_action=map&center=25.0,55.0&zoom=15",,,Pharmacy outlet. Coordinates approximate for area. Operating hours typically 8AM-10PM. Prescription services available. WhatsApp availability varies by location; call ahead to confirm.
DHA-F-0000865,DXB,DXB,PHARMACY,MEDICOM PHARMACY 33 (LLC),DHA-F-0000865,FRIJ MURAR,"FRIJ MURAR,DEIRA,DUBAI,UAE",04-2733237,"https://www.google.com/maps/@?api=1&map_action=map&center=25.0,55.0&zoom=15",,,Pharmacy outlet. Coordinates approximate for area. Operating hours typically 8AM-10PM. Prescription services available. WhatsApp availability varies by location; call ahead to confirm.
DHA-F-9299122 ,DXB,DXB,PHARMACY,MEDICOM PHARMACY 38 BRANCH,DHA-F-9299122 ,MIRDIF ,"MIRDIF AVENUE MALL,DUBAI,UAE",04-5684238,"https://www.google.com/maps/@?api=1&map_action=map&center=25.0,55.0&zoom=15",,,Pharmacy outlet. Coordinates approximate for area. Operating hours typically 8AM-10PM. Prescription services available. WhatsApp availability varies by location; call ahead to confirm.
DHA-F-0048018,DXB,DXB,PHARMACY,MEDICOM PHARMACY 38 LLC,DHA-F-0048018,BEIRUT ST,"BEIRUT ST., AL QUSAIS INDUSTRIAL AREA-5,DUBAI,UAE",04-2293561,"https://www.google.com/maps/@?api=1&map_action=map&center=25.0,55.0&zoom=15",,,Pharmacy outlet. Coordinates approximate for area. Operating hours typically 8AM-10PM. Prescription services available. WhatsApp availability varies by location; call ahead to confirm.
DHA-F-0045885,DXB,DXB,PHARMACY,RELIEF PHARMACY (L.L.C),DHA-F-0045885,NAIF ROAD,"NAIF ROAD,DEIRA,DUBAI,UAE",04-2285462,"https://www.google.com/maps/@?api=1&map_action=map&center=25.0,55.0&zoom=15",,,Pharmacy outlet. Coordinates approximate for area. Operating hours typically 8AM-10PM. Prescription services available. WhatsApp availability varies by location; call ahead to confirm.
DHA-F-2126780,DXB,DXB,PHARMACY,GARDENS MEDICAL CENTRE PHARMACY (BR OF DM HEALTHCARE L.L.C),DHA-F-2126780, DISCOVERY GARDEN,"SHOP 4,6,9, ZEN 9, DISCOVERY GARDEN, JABEL ALI FIRST, DUBAI",052-9035007,"https://www.google.com/maps/@?api=1&map_action=map&center=25.0,55.0&zoom=15",,,Pharmacy outlet. Coordinates approximate for area. Operating hours typically 8AM-10PM. Prescription services available. WhatsApp availability varies by location; call ahead to confirm.
DHA-F-0839753,DXB,DXB,PHARMACY,MEDCARE MEDICAL CENTER JVC (BR OF MEDCARE HOSPITAL) - AMBULATORY PHARMACY,DHA-F-0839753, JUMERIAH VILLAGE CIRCLE,"JV-TCM-RT-1061, THE CIRCLE MALL, JUMERIAH VILLAGE CIRCLE, AL BARSHA SOUTH FOURTH, DUBAI",052-9035007,"https://www.google.com/maps/@?api=1&map_action=map&center=25.0,55.0&zoom=15",,,Pharmacy outlet. Coordinates approximate for area. Operating hours typically 8AM-10PM. Prescription services available. WhatsApp availability varies by location; call ahead to confirm.
DHA-F-8282163,DXB,DXB,PHARMACY,ASTER PHARMACY 217 (BR OF ASTER PHARMACIES GROUP L.L.C),DHA-F-8282163,UMM SUQEIM FIRST,"SHOP NO -5, AHMAD ALI, UMM SUQEIM FIRST, DUBAI",052-9035007,"https://www.google.com/maps/@?api=1&map_action=map&center=25.0,55.0&zoom=15",,,Pharmacy outlet. Coordinates approximate for area. Operating hours typically 8AM-10PM. Prescription services available. WhatsApp availability varies by location; call ahead to confirm.
DHA-F-1196250,DXB,DXB,PHARMACY,ZEST PHARMACY 13 (BR OF ZEST WELLNESS PHARMACY L.L.C),DHA-F-1196250,MOTOR CITY,"RETAIL -05, WAITROSE SHOPPING CENTRE, MOTOR CITY, AL HEBIAH FIRST, DUBAI",04-5479218,"https://www.google.com/maps/@?api=1&map_action=map&center=25.0,55.0&zoom=15",,,Pharmacy outlet. Coordinates approximate for area. Operating hours typically 8AM-10PM. Prescription services available. WhatsApp availability varies by location; call ahead to confirm.
DHA-F-0046980,DXB,DXB,PHARMACY,BIN SINA EMIRATES PHARMACY (L.L.C),DHA-F-0046980,MALL OF THE EMIRATE,"AL BARSHA RD, MALL OF THE EMIRATES - DUBAI",04-341 0345,"https://www.google.com/maps/@?api=1&map_action=map&center=25.0,55.0&zoom=15",,,Pharmacy outlet. Coordinates approximate for area. Operating hours typically 8AM-10PM. Prescription services available. WhatsApp availability varies by location; call ahead to confirm.
DHA-F-3247886,DXB,DXB,PHARMACY,IBN SINA 100 PHARMACY (BR OF IBN SINA GROUP PHARMACIES (L.L.C)),DHA-F-3247886,AL QUDRA RD," TOWN SQUARE, BUILDING # 2 - JENNA APARTMENTS - AL QUDRA RD - DUBAI",04-3202302,"https://www.google.com/maps/@?api=1&map_action=map&center=25.0,55.0&zoom=15",,,Pharmacy outlet. Coordinates approximate for area. Operating hours typically 8AM-10PM. Prescription services available. WhatsApp availability varies by location; call ahead to confirm.
DHA-F-0047398,DXB,DXB,PHARMACY,IBN SINA 21 PHARMACY (BR OF IBN SINA GROUP PHARMACIES),DHA-F-0047398,DUBAI FESTIVAL CITY,MARKS & SPENCER GATE - DUBAI FESTIVAL CITY - DUBAI,04-283 9686,"https://www.google.com/maps/@?api=1&map_action=map&center=25.0,55.0&zoom=15",,,Pharmacy outlet. Coordinates approximate for area. Operating hours typically 8AM-10PM. Prescription services available. WhatsApp availability varies by location; call ahead to confirm.
DHA-F-0047549,DXB,DXB,PHARMACY,IBN SINA 29 PHARMACY (BR OF IBN SINA GROUP PHARMACIES),DHA-F-0047549,DUBAI MALL,STAR ATRIUM LOWER GROUND FLOOR - DUBAI MALL,04-339 8918,"https://www.google.com/maps/@?api=1&map_action=map&center=25.0,55.0&zoom=15",,,Pharmacy outlet. Coordinates approximate for area. Operating hours typically 8AM-10PM. Prescription services available. WhatsApp availability varies by location; call ahead to confirm.
DHA-F-0047604,DXB,DXB,PHARMACY,IBN SINA 30 PHARMACY(BR OF IBN SINA GROUP PHARMACIES),DHA-F-0047604, UMM HURAIR 2,68XC+H2H - UMM HURAIR 2 - DUBAI,04-258 1397,"https://www.google.com/maps/@?api=1&map_action=map&center=25.0,55.0&zoom=15",,,Pharmacy outlet. Coordinates approximate for area. Operating hours typically 8AM-10PM. Prescription services available. WhatsApp availability varies by location; call ahead to confirm.
DHA-F-0047631,DXB,DXB,PHARMACY,IBN SINA 31 PHARMACY (BR OF IBN SINA GROUP PHARMACIES (L.L.C)),DHA-F-0047631,NAD AL SHEBA 1,MEYDAN ONE - NAD AL SHEBA 1 - DUBAI,04-886 5406,"https://www.google.com/maps/@?api=1&map_action=map&center=25.0,55.0&zoom=15",,,Pharmacy outlet. Coordinates approximate for area. Operating hours typically 8AM-10PM. Prescription services available. WhatsApp availability varies by location; call ahead to confirm.
DHA-F-0047836,DXB,DXB,PHARMACY,IBN SINA 34 PHARMACY(BR OF IBN SINA GROUP PHARMACIES L.L.C),DHA-F-0047836,AL ASAYEL ST,AL ASAYEL ST - JEBEL ALI VILLAGE - DUBAI,04-575 1686,"https://www.google.com/maps/@?api=1&map_action=map&center=25.0,55.0&zoom=15",,,Pharmacy outlet. Coordinates approximate for area. Operating hours typically 8AM-10PM. Prescription services available. WhatsApp availability varies by location; call ahead to confirm.
DHA-F-5768649,DXB,DXB,PHARMACY,IBN SINA 36 PHARMACY (BR OF IBN SINA GROUP PHARMACIES (L.L.C)),DHA-F-5768649,AL WASL STREET,"AL WASL STREET, WASL 51, JUMEIRA 1 SHOP NO. 1 - DUBAI",04-385 4224,"https://www.google.com/maps/@?api=1&map_action=map&center=25.0,55.0&zoom=15",,,Pharmacy outlet. Coordinates approximate for area. Operating hours typically 8AM-10PM. Prescription services available. WhatsApp availability varies by location; call ahead to confirm.
DHA-F-0047843,DXB,DXB,PHARMACY,IBN SINA 38 PHARMACY(BR IBN SINA),DHA-F-0047843,MIRDIF,"NORTH EAST ENTRANCE, CITY CENTRE - GROUND FLOOR - NEXT TO CENTERPOINT - MIRDIF - DUBAI",04-392 3570,"https://www.google.com/maps/@?api=1&map_action=map&center=25.0,55.0&zoom=15",,,Pharmacy outlet. Coordinates approximate for area. Operating hours typically 8AM-10PM. Prescription services available. WhatsApp availability varies by location; call ahead to confirm.
DHA-F-9504724,DXB,DXB,PHARMACY,IBN SINA 39 PHARMACY (BR OF IBN SINA GROUP PHARMACIES (L.L.C)),DHA-F-9504724,AL KARAMA,2 8A ST - AL KARAMA - DUBAI,04-832 7246,"https://www.google.com/maps/@?api=1&map_action=map&center=25.0,55.0&zoom=15",,,Pharmacy outlet. Coordinates approximate for area. Operating hours typically 8AM-10PM. Prescription services available. WhatsApp availability varies by location; call ahead to confirm.
DHA-F-0000316,DXB,DXB,PHARMACY,IBN SINA 40 PHARMACY (BR OF IBN SINA GROUP PHARMACIES (L.L.C)),DHA-F-0000316,DOWNTOWN DUBAI,"SECOND FLOOR, DUBAI MALL - FINANCIAL CENTER RD - DOWNTOWN DUBAI - DUBAI",04-325 3410,"https://www.google.com/maps/@?api=1&map_action=map&center=25.0,55.0&zoom=15",,,Pharmacy outlet. Coordinates approximate for area. Operating hours typically 8AM-10PM. Prescription services available. WhatsApp availability varies by location; call ahead to confirm.
DHA-F-8708378,DXB,DXB,PHARMACY,IBN SINA 41 PHARMACY (BR OF IBN SINA GROUP PHARMACIES (L.L.C)),DHA-F-8708378,NAD AL SHEBA 1,MEYDAN HEIGHTS - NAD AL SHEBA - NAD AL SHEBA 1 - DUBAI,04-3271417,"https://www.google.com/maps/@?api=1&map_action=map&center=25.0,55.0&zoom=15",,,Pharmacy outlet. Coordinates approximate for area. Operating hours typically 8AM-10PM. Prescription services available. WhatsApp availability varies by location; call ahead to confirm.
DHA-F-0000492,DXB,DXB,PHARMACY,IBN SINA 43 PHARMACY (BR OF IBN SINA GROUP PHARMACIES (L.L.C)),DHA-F-0000492,AL SHAIE BUILDING ,"AL SHAIE BUILDING , NEXT TO STARBUCKS,DUBAII,UAE",04-395 0305,"https://www.google.com/maps/@?api=1&map_action=map&center=25.0,55.0&zoom=15",,,Pharmacy outlet. Coordinates approximate for area. Operating hours typically 8AM-10PM. Prescription services available. WhatsApp availability varies by location; call ahead to confirm.
DHA-F-0000531,DXB,DXB,PHARMACY,IBN SINA 44 PHARMACY (BR OF IBN SINA GROUP PHARMACIES (L.L.C)),DHA-F-0000531,JUMEIRAH TOWER,"JUMEIRAH TOWER, 95 - 336 SHEIKH ZAYED RD - ZA'ABEEL - TRADE CENTRE 2 - DUBAI",04-351 3249,"https://www.google.com/maps/@?api=1&map_action=map&center=25.0,55.0&zoom=15",,,Pharmacy outlet. Coordinates approximate for area. Operating hours typically 8AM-10PM. Prescription services available. WhatsApp availability varies by location; call ahead to confirm.
DHA-F-8677359,DXB,DXB,PHARMACY,IBN SINA 45 PHARMACY (BR OF IBN SINA GROUP PHARMACIES (L.L.C)),DHA-F-8677359,DUBAI NAKHEEL MALL,"CENTER OF PALM - AL HILALI - DUBAI NAKHEEL MALL, PALM - JUMEIRAH - DUBAI",04-568 6691,"https://www.google.com/maps/@?api=1&map_action=map&center=25.0,55.0&zoom=15",,,Pharmacy outlet. Coordinates approximate for area. Operating hours typically 8AM-10PM. Prescription services available. WhatsApp availability varies by location; call ahead to confirm.
DHA-F-0347310,DXB,DXB,PHARMACY,IBN SINA 46 PHARMACY (BR OF IBN SINA GROUP PHARMACIES (L.L.C)),DHA-F-0347310,OUD METHA,10TH ST - OUD METHA - DUBAI,04-3572684,"https://www.google.com/maps/@?api=1&map_action=map&center=25.0,55.0&zoom=15",,,Pharmacy outlet. Coordinates approximate for area. Operating hours typically 8AM-10PM. Prescription services available. WhatsApp availability varies by location; call ahead to confirm.
DHA-F-9407090,DXB,DXB,PHARMACY,IBN SINA 50 PHARMACY (BR OF IBN SINA GROUP PHARMACIES (L.L.C.)),DHA-F-9407090,ZA'ABEEL 2,FINANCIAL CENTER RD - ZA'ABEEL - ZA'ABEEL 2 - DUBAI,04-229 0991,"https://www.google.com/maps/@?api=1&map_action=map&center=25.0,55.0&zoom=15",,,Pharmacy outlet. Coordinates approximate for area. Operating hours typically 8AM-10PM. Prescription services available. WhatsApp availability varies by location; call ahead to confirm.
DHA-F-0000997,DXB,DXB,PHARMACY,IBN SINA 51 PHARMACY (BR OF IBN SINA GROUP PHARMACIES (L.L.C)),DHA-F-0000997,DISCOVERY GARDENS,THE PAVILION - STREET 7 - JEBEL ALI VILLAGE - DISCOVERY GARDENS - DUBAI,04-551 6175,"https://www.google.com/maps/@?api=1&map_action=map&center=25.0,55.0&zoom=15",,,Pharmacy outlet. Coordinates approximate for area. Operating hours typically 8AM-10PM. Prescription services available. WhatsApp availability varies by location; call ahead to confirm.
DHA-F-0001002,DXB,DXB,PHARMACY,IBN SINA 52 PHARMACY (BR OF IBN SINA GROUP PHARMACIES (L.L.C)),DHA-F-0001002,AL WOROOD 1 ST,AL WOROOD 1 ST - JUMEIRAH PARK - DUBAI,04-425 0584,"https://www.google.com/maps/@?api=1&map_action=map&center=25.0,55.0&zoom=15",,,Pharmacy outlet. Coordinates approximate for area. Operating hours typically 8AM-10PM. Prescription services available. WhatsApp availability varies by location; call ahead to confirm.
DHA-F-0001005,DXB,DXB,PHARMACY,IBN SINA 54 PHARMACY (BR OF IBN SINA GROUP PHARMACIES (L.L.C)),DHA-F-0001005,SHEIKH ZAYED RD,FIRST FLOOR - SHEIKH ZAYED RD - EMIRATES TOWERS - TRADE CENTRE 2 - DUBAI,04-352 3073,"https://www.google.com/maps/@?api=1&map_action=map&center=25.0,55.0&zoom=15",,,Pharmacy outlet. Coordinates approximate for area. Operating hours typically 8AM-10PM. Prescription services available. WhatsApp availability varies by location; call ahead to confirm.
DHA-F-0001142,DXB,DXB,PHARMACY,IBN SINA 55 PHARMACY (BR OF IBN SINA GROUP PHARMACIES (L.L.C)),DHA-F-0001142,I-RISE TOWER,"I-RISE TOWER, GROUND FLOOR SHOP #02,DUBAI,UAE",04-552 1384,"https://www.google.com/maps/@?api=1&map_action=map&center=25.0,55.0&zoom=15",,,Pharmacy outlet. Coordinates approximate for area. Operating hours typically 8AM-10PM. Prescription services available. WhatsApp availability varies by location; call ahead to confirm.
DHA-F-2357721,DXB,DXB,PHARMACY,IBN SINA 56 PHARMACY (BR OF IBN SINA GROUP PHARMACIES (L.L.C)),DHA-F-2357721,ARABIAN RANCHES 2,ARABIAN RANCHES 2 - DUBAI,04-8105952,"https://www.google.com/maps/@?api=1&map_action=map&center=25.0,55.0&zoom=15",,,Pharmacy outlet. Coordinates approximate for area. Operating hours typically 8AM-10PM. Prescription services available. WhatsApp availability varies by location; call ahead to confirm.
DHA-F-3019118,DXB,DXB,PHARMACY,IBN SINA 57 PHARMACY (BR OF IBN SINA GROUP PHARMACIES (L.L.C.)),DHA-F-3019118,BAY SQUARE,"BAY SQUARE,DUBAI,UAE",04-348 2918,"https://www.google.com/maps/@?api=1&map_action=map&center=25.0,55.0&zoom=15",,,Pharmacy outlet. Coordinates approximate for area. Operating hours typically 8AM-10PM. Prescription services available. WhatsApp availability varies by location; call ahead to confirm.
DHA-F-0001307,DXB,DXB,PHARMACY,IBN SINA 58 PHARMACY (BR OF IBN SINA GROUP PHARMACIES (L.L.C)),DHA-F-0001307,DOWNTOWN DUBAI,EMAAR SQUARE - DOWNTOWN DUBAI - DUBAI,04-458 4338,"https://www.google.com/maps/@?api=1&map_action=map&center=25.0,55.0&zoom=15",,,Pharmacy outlet. Coordinates approximate for area. Operating hours typically 8AM-10PM. Prescription services available. WhatsApp availability varies by location; call ahead to confirm.
DHA-F-1607228,DXB,DXB,PHARMACY,IBN SINA 59 PHARMACY (BR OF IBN SINA GROUP PHARMACIES (L.L.C.)),DHA-F-1607228,THE PALM JUMEIRAH,SHORELINE 9 - THE PALM JUMEIRAH - DUBAI,04-228 5503,"https://www.google.com/maps/@?api=1&map_action=map&center=25.0,55.0&zoom=15",,,Pharmacy outlet. Coordinates approximate for area. Operating hours typically 8AM-10PM. Prescription services available. WhatsApp availability varies by location; call ahead to confirm.
DHA-F-0001308,DXB,DXB,PHARMACY,IBN SINA 60 PHARMACY (BR OF IBN SINA GROUP PHARMACIES (L.L.C)),DHA-F-0001308,ARABIAN RANCHES 2,RANCHES SOUK G1 - ARABIAN RANCHES 2 - DUBAI,04-4293156,"https://www.google.com/maps/@?api=1&map_action=map&center=25.0,55.0&zoom=15",,,Pharmacy outlet. Coordinates approximate for area. Operating hours typically 8AM-10PM. Prescription services available. WhatsApp availability varies by location; call ahead to confirm.
DHA-F-0001333,DXB,DXB,PHARMACY,IBN SINA 61 PHARMACY (BR OF IBN SINA GROUP PHARMACIES (L.L.C)),DHA-F-0001333,UMM SUQEIM 2,UNION COOP - 1212 AL WASL RD - UMM SUQEIM - UMM SUQEIM 2 - DUBAI,04-3465104,"https://www.google.com/maps/@?api=1&map_action=map&center=25.0,55.0&zoom=15",,,Pharmacy outlet. Coordinates approximate for area. Operating hours typically 8AM-10PM. Prescription services available. WhatsApp availability varies by location; call ahead to confirm.
DHA-F-0001544,DXB,DXB,PHARMACY,IBN SINA 62 PHARMACY (BR OF IBN SINA GROUP PHARMACIES (L.L.C)),DHA-F-0001544,MUDON,"AL QUDRA ROAD ,MUDON COMMUNITY(MUDON VILLAS)",04-514 8927,"https://www.google.com/maps/@?api=1&map_action=map&center=25.0,55.0&zoom=15",,,Pharmacy outlet. Coordinates approximate for area. Operating hours typically 8AM-10PM. Prescription services available. WhatsApp availability varies by location; call ahead to confirm.
DHA-F-0001824,DXB,DXB,PHARMACY,IBN SINA 63 PHARMACY (BR OF IBN SINA GROUP PHARMACIES (L.L.C)),DHA-F-0001824,BN BATTUTA MALL,SHEIKH ZAYED RD IBN BATTUTA MALL - DUBAI,04-4233895,"https://www.google.com/maps/@?api=1&map_action=map&center=25.0,55.0&zoom=15",,,Pharmacy outlet. Coordinates approximate for area. Operating hours typically 8AM-10PM. Prescription services available. WhatsApp availability varies by location; call ahead to confirm.
DHA-F-3614239,DXB,DXB,PHARMACY,IBN SINA 64 PHARMACY (BR OF IBN SINA GROUP PHARMACIES (L.L.C)),DHA-F-3614239,AL BARSHA 2, 36X2+P5C GALLERIA MALL - 37 23RD ST - AL BARSHA - AL BARSHA 2 - DUBAI,04-320 5132,"https://www.google.com/maps/@?api=1&map_action=map&center=25.0,55.0&zoom=15",,,Pharmacy outlet. Coordinates approximate for area. Operating hours typically 8AM-10PM. Prescription services available. WhatsApp availability varies by location; call ahead to confirm.
DHA-F-9121098,DXB,DXB,PHARMACY,IBN SINA 65 PHARMACY (BR OF IBN SINA GROUP PHARMACIES (L.L.C)),DHA-F-9121098,AL YUFRAH 1,EMAAR DEVELOPMENT PJSC - RET-10 915 AL YUFRAH 1 - DUBAI,04-8105952,"https://www.google.com/maps/@?api=1&map_action=map&center=25.0,55.0&zoom=15",,,Pharmacy outlet. Coordinates approximate for area. Operating hours typically 8AM-10PM. Prescription services available. WhatsApp availability varies by location; call ahead to confirm.
DHA-F-6029895,DXB,DXB,PHARMACY,IBN SINA 67 PHARMACY (BR OF IBN SINA GROUP PHARMACIES (L.L.C)),DHA-F-6029895,AL KHAIL RD,AL KHAIL RD - DUBAI,04-320 0253,"https://www.google.com/maps/@?api=1&map_action=map&center=25.0,55.0&zoom=15",,,Pharmacy outlet. Coordinates approximate for area. Operating hours typically 8AM-10PM. Prescription services available. WhatsApp availability varies by location; call ahead to confirm.
DHA-F-3554533,DXB,DXB,PHARMACY,IBN SINA 68 PHARMACY (BR OF IBN SINA GROUP PHARMACIES (L.L.C)),DHA-F-3554533,JUMEIRAH 3,777 CENTER MALL - AL WASL RD - JUMEIRAH - JUMEIRAH 3 - DUBAI,04-887 0244,"https://www.google.com/maps/@?api=1&map_action=map&center=25.0,55.0&zoom=15",,,Pharmacy outlet. Coordinates approximate for area. Operating hours typically 8AM-10PM. Prescription services available. WhatsApp availability varies by location; call ahead to confirm.
DHA-F-0186755,DXB,DXB,PHARMACY,IBN SINA 69 PHARMACY (BR OF IBN SINA GROUP PHARMACIES (L.L.C.)),DHA-F-0186755,NAD AL SHEBA 1,58H5+F9Q - MOHAMMED BIN RASHID AL MAKTOUM CITY - NAD AL SHEBA 1 - DUBAI,04-326 0617,"https://www.google.com/maps/@?api=1&map_action=map&center=25.0,55.0&zoom=15",,,Pharmacy outlet. Coordinates approximate for area. Operating hours typically 8AM-10PM. Prescription services available. WhatsApp availability varies by location; call ahead to confirm.
DHA-F-0002286,DXB,DXB,PHARMACY,IBN SINA 71 PHARMACY (BR OF IBN SINA GROUP PHARMACIES (L.L.C)),DHA-F-0002286,AL JADDAF ,OUD METHA RD - AL JADDAF - DUBAI,04-2346025,"https://www.google.com/maps/@?api=1&map_action=map&center=25.0,55.0&zoom=15",,,Pharmacy outlet. Coordinates approximate for area. Operating hours typically 8AM-10PM. Prescription services available. WhatsApp availability varies by location; call ahead to confirm.
DHA-F-8096058 ,DXB,DXB,PHARMACY,IBN SINA 72 PHARMACY (BR OF IBN SINA GROUP PHARMACIES (L.L.C)),DHA-F-8096058 ,THE GREENS,"THE GREENS - DUBAI,UAE",04-4242065,"https://www.google.com/maps/@?api=1&map_action=map&center=25.0,55.0&zoom=15",,,Pharmacy outlet. Coordinates approximate for area. Operating hours typically 8AM-10PM. Prescription services available. WhatsApp availability varies by location; call ahead to confirm.
DHA-F-0002057,DXB,DXB,PHARMACY,IBN SINA 73 PHARMACY (BR OF IBN SINA GROUP PHARMACIES (L.L.C)),DHA-F-0002057,THE WESTERN GATE,"GROUND FLOOR , IN FRONT OF  CARREFOUR,  TO WARD THE WESTERN GATE,DUBAI,UAE",04-2424028,"https://www.google.com/maps/@?api=1&map_action=map&center=25.0,55.0&zoom=15",,,Pharmacy outlet. Coordinates approximate for area. Operating hours typically 8AM-10PM. Prescription services available. WhatsApp availability varies by location; call ahead to confirm.
DHA-F-0002273,DXB,DXB,PHARMACY,IBN SINA 74 PHARMACY (BR OF IBN SINA GROUP PHARMACIES (L.L.C)),DHA-F-0002273,AL MIZHAR 1,220 RD WEST ZONE MALL - AL MIZHAR 1 - DUBAI,04-2245307,"https://www.google.com/maps/@?api=1&map_action=map&center=25.0,55.0&zoom=15",,,Pharmacy outlet. Coordinates approximate for area. Operating hours typically 8AM-10PM. Prescription services available. WhatsApp availability varies by location; call ahead to confirm.
DHA-F-4479765 ,DXB,DXB,PHARMACY,IBN SINA 75 PHARMACY (BR OF IBN SINA GROUP PHARMACIES (L.L.C)),DHA-F-4479765 ,MIRDIF,MIRDIF AVENUE MALL - MIRDIF - DUBAI,04-2204386,"https://www.google.com/maps/@?api=1&map_action=map&center=25.0,55.0&zoom=15",,,Pharmacy outlet. Coordinates approximate for area. Operating hours typically 8AM-10PM. Prescription services available. WhatsApp availability varies by location; call ahead to confirm.
DHA-F-5613475,DXB,DXB,PHARMACY,IBN SINA 76 PHARMACY (BR OF IBN SINA GROUP PHARMACIES (L.L.C)),DHA-F-5613475,JUMEIRAH 1,PORT DE LAMER - JUMEIRAH 1 - DUBAI,04-280434,"https://www.google.com/maps/@?api=1&map_action=map&center=25.0,55.0&zoom=15",,,Pharmacy outlet. Coordinates approximate for area. Operating hours typically 8AM-10PM. Prescription services available. WhatsApp availability varies by location; call ahead to confirm.
DHA-F-0400695,DXB,DXB,PHARMACY,IBN SINA 77 PHARMACY (BR OF IBN SINA GROUP PHARMACIES (L.L.C)),DHA-F-0400695,THE PALM JUMEIRAH,BEACH VISTA EMAAR BEACH FRONT - THE PALM JUMEIRAH - DUBAI MARINA - DUBAI,04-2322043,"https://www.google.com/maps/@?api=1&map_action=map&center=25.0,55.0&zoom=15",,,Pharmacy outlet. Coordinates approximate for area. Operating hours typically 8AM-10PM. Prescription services available. WhatsApp availability varies by location; call ahead to confirm.
DHA-F-0002388,DXB,DXB,PHARMACY,IBN SINA 78 PHARMACY (BR OF IBN SINA GROUP PHARMACIES (L.L.C)),DHA-F-0002388,AL AFNAN ST,SPRING VILLAGE MALL - AL AFNAN ST - SPRINGS 7 - DUBAI,04-4252745,"https://www.google.com/maps/@?api=1&map_action=map&center=25.0,55.0&zoom=15",,,Pharmacy outlet. Coordinates approximate for area. Operating hours typically 8AM-10PM. Prescription services available. WhatsApp availability varies by location; call ahead to confirm.
DHA-F-0002519,DXB,DXB,PHARMACY,IBN SINA 79 PHARMACY (BR OF IBN SINA GROUP PHARMACIES (L.L.C)),DHA-F-0002519, MINA JEBEL ALI,THE OUTLET VILLAGE BY MERAAS - MINA JEBEL ALI - AE-AZ,04-8860840,"https://www.google.com/maps/@?api=1&map_action=map&center=25.0,55.0&zoom=15",,,Pharmacy outlet. Coordinates approximate for area. Operating hours typically 8AM-10PM. Prescription services available. WhatsApp availability varies by location; call ahead to confirm.
DHA-F-0002550,DXB,DXB,PHARMACY,IBN SINA 80 PHARMACY (BR OF IBN SINA GROUP PHARMACIES (L.L.C)),DHA-F-0002550,ALKHAYAY ST,"ALKHAYAY ST, DUBAI MARINA MARINA GATE 1 - DUBAI",04-5897405,"https://www.google.com/maps/@?api=1&map_action=map&center=25.0,55.0&zoom=15",,,Pharmacy outlet. Coordinates approximate for area. Operating hours typically 8AM-10PM. Prescription services available. WhatsApp availability varies by location; call ahead to confirm.
DHA-F-9110111,DXB,DXB,PHARMACY,IBN SINA 81 PHARMACY (BR OF IBN SINA GROUP PHARMACIES (L.L.C.)),DHA-F-9110111, AL BARSHA 2,36X2+P5C GALLERIA MALL - 37 23RD ST - AL BARSHA - AL BARSHA 2 - DUBAI,04-2516355,"https://www.google.com/maps/@?api=1&map_action=map&center=25.0,55.0&zoom=15",,,Pharmacy outlet. Coordinates approximate for area. Operating hours typically 8AM-10PM. Prescription services available. WhatsApp availability varies by location; call ahead to confirm.
DHA-F-9872892,DXB,DXB,PHARMACY,IBN SINA 82 PHARMACY (BR OF IBN SINA GROUP PHARMACIES (L.L.C)),DHA-F-9872892,MOTOR CITY ,UNION COOP - MOTOR CITY - DUBAI,04-5299155,"https://www.google.com/maps/@?api=1&map_action=map&center=25.0,55.0&zoom=15",,,Pharmacy outlet. Coordinates approximate for area. Operating hours typically 8AM-10PM. Prescription services available. WhatsApp availability varies by location; call ahead to confirm.
DHA-F-0002124,DXB,DXB,PHARMACY,IBN SINA 83 PHARMACY (BR OF IBN SINA GROUP PHARMACIES (L.L.C)),DHA-F-0002124,JUMEIRAH,"EAST - CRESCENT ROAD SOFITEL HOTEL, PALM - JUMEIRAH - DUBAI",04-2445750,"https://www.google.com/maps/@?api=1&map_action=map&center=25.0,55.0&zoom=15",,,Pharmacy outlet. Coordinates approximate for area. Operating hours typically 8AM-10PM. Prescription services available. WhatsApp availability varies by location; call ahead to confirm.
DHA-F-0763986,DXB,DXB,PHARMACY,IBN SINA 85 PHARMACY (BR OF IBN SINA GROUP PHARMACIES (L.L.C)),DHA-F-0763986,SHEIKH MOHAMMED BIN ZAYED ROAD,"SEVENTH HEAVEN, AL BARARI FIRM MANAGEMENT, SHEIKH MOHAMMED BIN ZAYED ROAD, E311 OPPOSITE TO GLOBAL VILLAGE - DUBAI",04-3854225,"https://www.google.com/maps/@?api=1&map_action=map&center=25.0,55.0&zoom=15",,,Pharmacy outlet. Coordinates approximate for area. Operating hours typically 8AM-10PM. Prescription services available. WhatsApp availability varies by location; call ahead to confirm.
DHA-F-0787245,DXB,DXB,PHARMACY,IBN SINA 86 PHARMACY (BR OF IBN SINA GROUP PHARMACIES (L.L.C)),DHA-F-0787245,RAS AL KHOR ,RAS AL KHOR - DUBAI CREEK HARBOUR - DUBAI,04-3574389,"https://www.google.com/maps/@?api=1&map_action=map&center=25.0,55.0&zoom=15",,,Pharmacy outlet. Coordinates approximate for area. Operating hours typically 8AM-10PM. Prescription services available. WhatsApp availability varies by location; call ahead to confirm.
DHA-F-8279004,DXB,DXB,PHARMACY,IBN SINA 88 PHARMACY (BR OF IBN SINA GROUP PHARMACIES (L.L.C)),DHA-F-8279004,AL MINA ,67XH+F2G - AL MINA - DUBAI,04-2269768,"https://www.google.com/maps/@?api=1&map_action=map&center=25.0,55.0&zoom=15",,,Pharmacy outlet. Coordinates approximate for area. Operating hours typically 8AM-10PM. Prescription services available. WhatsApp availability varies by location; call ahead to confirm.
DHA-F-0065004,DXB,DXB,PHARMACY,IBN SINA 89 PHARMACY (BR OF IBN SINA GROUP PHARMACIES (L.L.C)),DHA-F-0065004,AL KHAWANEEJ ST ,BESIDE GEANT HYPERMARKET - AL KHAWANEEJ ST - AL KHAWANEEJ - AL KHAWANEEJ 1 - DUBAI,04-5464606,"https://www.google.com/maps/@?api=1&map_action=map&center=25.0,55.0&zoom=15",,,Pharmacy outlet. Coordinates approximate for area. Operating hours typically 8AM-10PM. Prescription services available. WhatsApp availability varies by location; call ahead to confirm.
DHA-F-5194037,DXB,DXB,PHARMACY,IBN SINA 90 PHARMACY (BR OF IBN SINA GROUP PHARMACIES (L.L.C)),DHA-F-5194037,WADI AL SAFA 4,"CITYLAND MALL WADI AL SAFA 4, BESIDE GLOBAL VILLAGE - E311 - DUBAI",04-878 6435,"https://www.google.com/maps/@?api=1&map_action=map&center=25.0,55.0&zoom=15",,,Pharmacy outlet. Coordinates approximate for area. Operating hours typically 8AM-10PM. Prescription services available. WhatsApp availability varies by location; call ahead to confirm.
DHA-F-0706477 ,DXB,DXB,PHARMACY,IBN SINA 91 PHARMACY (BR OF IBN SINA GROUP PHARMACIES (L.L.C)),DHA-F-0706477 ,AL SUFOUH,BUSINESS CENTRAL TOWERS - AL SUFOUH - DUBAI INTERNET CITY - DUBAI,04-296 7916,"https://www.google.com/maps/@?api=1&map_action=map&center=25.0,55.0&zoom=15",,,Pharmacy outlet. Coordinates approximate for area. Operating hours typically 8AM-10PM. Prescription services available. WhatsApp availability varies by location; call ahead to confirm.
DHA-F-1942628,DXB,DXB,PHARMACY,IBN SINA 92 PHARMACY (BR OF IBN SINA GROUP PHARMACIES (L.L.C)),DHA-F-1942628,SHEIKH ZAYED RD,SHEIKH ZAYED RD - TRADE CENTRE - TRADE CENTRE 1 - DUBAI,04 250 6121,"https://www.google.com/maps/@?api=1&map_action=map&center=25.0,55.0&zoom=15",,,Pharmacy outlet. Coordinates approximate for area. Operating hours typically 8AM-10PM. Prescription services available. WhatsApp availability varies by location; call ahead to confirm.
DHA-F-7044041,DXB,DXB,PHARMACY,IBN SINA 93 PHARMACY (BR OF IBN SINA GROUP PHARMACIES (L.L.C.)),DHA-F-7044041,DUBAI HILLS ESTATE,"47F6+95 DUBAI HILLS ESTATE, GOLF SUITES - DUBAI",04-224 6826,"https://www.google.com/maps/@?api=1&map_action=map&center=25.0,55.0&zoom=15",,,Pharmacy outlet. Coordinates approximate for area. Operating hours typically 8AM-10PM. Prescription services available. WhatsApp availability varies by location; call ahead to confirm.
DHA-F-3283021,DXB,DXB,PHARMACY,IBN SINA 94 PHARMACY (BR OF IBN SINA GROUP PHARMACIES (L.L.C)),DHA-F-3283021,UMM SUQEIM 2,5644+89R - UMM SUQEIM - UMM SUQEIM 2 - DUBAI,04-404 7777,"https://www.google.com/maps/@?api=1&map_action=map&center=25.0,55.0&zoom=15",,,Pharmacy outlet. Coordinates approximate for area. Operating hours typically 8AM-10PM. Prescription services available. WhatsApp availability varies by location; call ahead to confirm.
DHA-F-7506597,DXB,DXB,PHARMACY,IBN SINA 95 PHARMACY (BR OF IBN SINA GROUP PHARMACIES (L.L.C)),DHA-F-7506597,AL QUOZ 1 ,SOUQ EXTRA - 17 10A STREET - AL QUOZ - AL QUOZ 1 - DUBAI,04-3201644,"https://www.google.com/maps/@?api=1&map_action=map&center=25.0,55.0&zoom=15",,,Pharmacy outlet. Coordinates approximate for area. Operating hours typically 8AM-10PM. Prescription services available. WhatsApp availability varies by location; call ahead to confirm.
DHA-F-0520168,DXB,DXB,PHARMACY,IBN SINA 96 PHARMACY (BR OF IBN SINA GROUP PHARMACIES (L.L.C)),DHA-F-0520168,AL MEYDAN RD,AL MEYDAN RD - AL QUOZ - AL QUOZ 2 - DUBAI,04-2640718,"https://www.google.com/maps/@?api=1&map_action=map&center=25.0,55.0&zoom=15",,,Pharmacy outlet. Coordinates approximate for area. Operating hours typically 8AM-10PM. Prescription services available. WhatsApp availability varies by location; call ahead to confirm.
DHA-F-1034130,DXB,DXB,PHARMACY,IBN SINA 97 PHARMACY (BR OF IBN SINA GROUP PHARMACIES (L.L.C)),DHA-F-1034130,DUBAI DESIGN DISTRICT,"DUBAI DESIGN DISTRICT - DUBAI,UAE",04-876 1001,"https://www.google.com/maps/@?api=1&map_action=map&center=25.0,55.0&zoom=15",,,Pharmacy outlet. Coordinates approximate for area. Operating hours typically 8AM-10PM. Prescription services available. WhatsApp availability varies by location; call ahead to confirm.
DHA-F-2632016,DXB,DXB,PHARMACY,IBN SINA 98 PHARMACY (BR OF IBN SINA GROUP PHARMACIES (L.L.C)),DHA-F-2632016,DUBAI FESTIVAL CITY ,"DUBAI FESTIVAL CITY - FESTIVAL CITY, DUBAI FESTIVAL CITY 1ST FLOOR, SHOP AT030 - DUBAI",04-232 5234,"https://www.google.com/maps/@?api=1&map_action=map&center=25.0,55.0&zoom=15",,,Pharmacy outlet. Coordinates approximate for area. Operating hours typically 8AM-10PM. Prescription services available. WhatsApp availability varies by location; call ahead to confirm.
DHA-F-7319867,DXB,DXB,PHARMACY,IBN SINA 99 PHARMACY (BR OF IBN SINA GROUP PHARMACIES (L.L.C)),DHA-F-7319867,JUMEIRAH 1 ," MERCATO SHOPPING MALL, JUMEIRAH BEACH RD, JUMEIRAH 1 GROUND FLOOR, NEXT TO AURO SHOP DUBAI",04-340 0296,"https://www.google.com/maps/@?api=1&map_action=map&center=25.0,55.0&zoom=15",,,Pharmacy outlet. Coordinates approximate for area. Operating hours typically 8AM-10PM. Prescription services available. WhatsApp availability varies by location; call ahead to confirm.
DHA-F-8833115,DXB,DXB,PHARMACY,IBN SINA GROUP PHARMACIES (L.L.C),DHA-F-8833115, DUBAI HEALTHCARE CITY," DUBAI HEALTHCARE CITY AL RAZI BUILDING, BUILDING 64, BLOCK A - DUBAI",04-242 7835,"https://www.google.com/maps/@?api=1&map_action=map&center=25.0,55.0&zoom=15",,,Pharmacy outlet. Coordinates approximate for area. Operating hours typically 8AM-10PM. Prescription services available. WhatsApp availability varies by location; call ahead to confirm.
DHA-F-3091447,DXB,DXB,PHARMACY,IBN SINA GROUP PHARMACIES (L.L.C) (BRANCH),DHA-F-3091447,DUBAI SILICON OASIS,497Q+V3R - DUBAI SILICON OASIS - DUBAI,04-320 1644,"https://www.google.com/maps/@?api=1&map_action=map&center=25.0,55.0&zoom=15",,,Pharmacy outlet. Coordinates approximate for area. Operating hours typically 8AM-10PM. Prescription services available. WhatsApp availability varies by location; call ahead to confirm.
DHA-F-8141146,DXB,DXB,PHARMACY,IBN SINA GROUP PHARMACIES (LLC) (EXPO CITY DUBAI BRANCH),DHA-F-8141146,QRH ,X552+QRH - DUBAI,04-8105952,"https://www.google.com/maps/@?api=1&map_action=map&center=25.0,55.0&zoom=15",,,Pharmacy outlet. Coordinates approximate for area. Operating hours typically 8AM-10PM. Prescription services available. WhatsApp availability varies by location; call ahead to confirm.
DHA-F-0045815,DXB,DXB,PHARMACY,IBN SINA PHARMACY (BR OF IBN SINA GROUP PHARMACIES (L.L.C)),DHA-F-0045815,BANIYAS ,"NASSER SQUARE, DUBAI TOWER, D89, AL RIGGA CHOITRAMS BUILDING, OPPOSITE TO BANIYAS METRO STATION - DUBAI",04-2221071,"https://www.google.com/maps/@?api=1&map_action=map&center=25.0,55.0&zoom=15",,,Pharmacy outlet. Coordinates approximate for area. Operating hours typically 8AM-10PM. Prescription services available. WhatsApp availability varies by location; call ahead to confirm.
DHA-F-0047768,DXB,DXB,PHARMACY,IBN SINA PHARMACY (L.L.C) BR 32,DHA-F-0047768,IBN BATTUTA MALL,SHEIKH ZAYED RD IBN BATTUTA MALL - DUBAI,04-4233895,"https://www.google.com/maps/@?api=1&map_action=map&center=25.0,55.0&zoom=15",,,Pharmacy outlet. Coordinates approximate for area. Operating hours typically 8AM-10PM. Prescription services available. WhatsApp availability varies by location; call ahead to confirm.
DHA-F-8405944,DXB,DXB,PHARMACY,IBN SINA PHARMACY 66,DHA-F-8405944,UMM HURAIR 2,BSP- DHCC NAKHEEL - UMM HURAIR 2 - DUBAI HEALTHCARE CITY - DUBAI,04-4228832,"https://www.google.com/maps/@?api=1&map_action=map&center=25.0,55.0&zoom=15",,,Pharmacy outlet. Coordinates approximate for area. Operating hours typically 8AM-10PM. Prescription services available. WhatsApp availability varies by location; call ahead to confirm.
DHA-F-8218369,DXB,DXB,PHARMACY,IBN SINA SCIENTIFIC PHARMACY(BR OF IBN SINA GROUP PHARMACIES),DHA-F-8218369,LAYAN COMMUNITY,"SPINNEYS, LAYAN COMMUNITY, LAYAN 27JM+Q3W, GROUND FLOOR - INSIDE SPINNEYS - DUBAI",04-4580211,"https://www.google.com/maps/@?api=1&map_action=map&center=25.0,55.0&zoom=15",,,Pharmacy outlet. Coordinates approximate for area. Operating hours typically 8AM-10PM. Prescription services available. WhatsApp availability varies by location; call ahead to confirm.
DHA-F-0047417,DXB,DXB,PHARMACY,IBN SINA TWENTY FIVE PHARMACY (BR OF IBN SINA GROUP PHARMACIES),DHA-F-0047417,UMM SUQEIM 1,"MANARA SIGNAL - 680 JUMERIA BEACH ROAD, OPPOSITE COSTA COFFEE - UMM SUQEIM 1 - DUBAI",04-3940934,"https://www.google.com/maps/@?api=1&map_action=map&center=25.0,55.0&zoom=15",,,Pharmacy outlet. Coordinates approximate for area. Operating hours typically 8AM-10PM. Prescription services available. WhatsApp availability varies by location; call ahead to confirm.
DHA-F-0045824,DXB,DXB,PHARMACY,MODERN IBN SINA PHARMACY (BR OF IBN SINA GROUP PHARMACIES),DHA-F-0045824,AL HUDAIBA,AL DIYAFAH STREET - AL HUDAIBA - DUBAI,04-3986026,"https://www.google.com/maps/@?api=1&map_action=map&center=25.0,55.0&zoom=15",,,Pharmacy outlet. Coordinates approximate for area. Operating hours typically 8AM-10PM. Prescription services available. WhatsApp availability varies by location; call ahead to confirm.
DHA-F-0045904,DXB,DXB,PHARMACY,NEW IBN SINA PHARMACY (BR OF IBN SINA GROUP PHARMACIES (L.L.C)),DHA-F-0045904,DIERA CITY CENTRE,"CENTRE COURT, GROUND FLOOR, DIERA CITY CENTRE - DUBAI",04-2954367,"https://www.google.com/maps/@?api=1&map_action=map&center=25.0,55.0&zoom=15",,,Pharmacy outlet. Coordinates approximate for area. Operating hours typically 8AM-10PM. Prescription services available. WhatsApp availability varies by location; call ahead to confirm.
MOH-F-1000641,FUJ,FUJ,CLINIC,SUHA MEDICAL CENTER,MOH-F-1000641,AL BIDYA,"SALEH MOFLEH ALI ASYOUD SHEHHI (BLDG), RUGAYLAT ROAD, AL BIDYA, FUJAIRAH, UAE.",09-22 33360,"https://www.google.com/maps/@?api=1&map_action=map&center=25.0,55.0&zoom=15",https://www.shifaaljazeera.com,,Coordinates derived from area-level geocoding. Verify against Google Maps. Phone numbers are landline format. Website and WhatsApp to be confirmed on a per-clinic basis.
MOH-F-1000434,FUJ,FUJ,CLINIC,MAKKAH MEDICAL CENTER FUJAIRAH,MOH-F-1000434,BEHIND ADNOC PETROL DTATION,1ST FLOOR FLAT 104 OPP MASJID AL KHATAB & EID MUSALLA BEHIND ADNOC PETROL DTATION & FORTUNE RESIDENCE 09-2225051,09-2225501,"https://www.google.com/maps/@?api=1&map_action=map&center=25.0,55.0&zoom=15",https://www.shifaaljazeera.com,,Coordinates derived from area-level geocoding. Verify against Google Maps. Phone numbers are landline format. Website and WhatsApp to be confirmed on a per-clinic basis.
MOH-F-1000528,FUJ,FUJ,CLINIC,MAKKAH MEDICAL CENTER BRANCH 1(FORMERLY MAKKAH MEDICAL CLINIC (AL HAYL),MOH-F-1000528,AL HAYL,"OPPOSITE TO MARS TRADING CENTER BLOCK Q ,FUJAIRAH",09-2225501,"https://www.google.com/maps/@?api=1&map_action=map&center=25.0,55.0&zoom=15",https://www.shifaaljazeera.com,,Coordinates derived from area-level geocoding. Verify against Google Maps. Phone numbers are landline format. Website and WhatsApp to be confirmed on a per-clinic basis.
MOH-F-1000210,FUJ,FUJ,CLINIC,DIBBA MEDICAL CENTRE FUJAIRAH,MOH-F-1000210,AL MUHALLAB DIBBA,"OPPOSITE AL SHARQ HOSPITAL,AL MUHALLAB DIBBA POB 13002, FUJAIRAH, UAE",09-2447447,"https://www.google.com/maps/@?api=1&map_action=map&center=25.0,55.0&zoom=15",https://www.shifaaljazeera.com,,Coordinates derived from area-level geocoding. Verify against Google Maps. Phone numbers are landline format. Website and WhatsApp to be confirmed on a per-clinic basis.
MOH-F-1000015,FUJ,FUJ,CLINIC,MERASHID MEDICAL CENTER,MOH-F-1000015,HAMAD BIN ABDULLAH ROAD,HAMAD BIN ABDULLAH ROAD - OPPOSITE CHOITHRAM SUPERMARKET,09-2220883,"https://www.google.com/maps/@?api=1&map_action=map&center=25.0,55.0&zoom=15",https://www.shifaaljazeera.com,,Coordinates derived from area-level geocoding. Verify against Google Maps. Phone numbers are landline format. Website and WhatsApp to be confirmed on a per-clinic basis.
MOH-F-1000391,FUJ,FUJ,CLINIC,FATHIMA MEDICAL CENTER,MOH-F-1000391,"SHAIKH ZAYED BIN SULTAN ROAD,","FLAT NO: 103, OLD ARAB BANK BUILDING, OPP. FATHIMA SUPERMARKET,SHAIKH ZAYED BIN SULTAN ROAD, FUJAIRAH",09-2239946,"https://www.google.com/maps/@?api=1&map_action=map&center=25.0,55.0&zoom=15",https://www.shifaaljazeera.com,,Coordinates derived from area-level geocoding. Verify against Google Maps. Phone numbers are landline format. Website and WhatsApp to be confirmed on a per-clinic basis.
MOH-F-1000116,FUJ,FUJ,CLINIC,EMIRATES MEDICAL CENTRE,MOH-F-1000116,SHEIKH ZYED BIN SULTAN ROAD,48GV+GCX SHEIKH ZYED BIN SULTAN ROAD OPP AL ROSTAMANI EXCHANGE NASER ALI KHAMMAS BUILDING FLAT 106,09-2233199,"https://www.google.com/maps/@?api=1&map_action=map&center=25.0,55.0&zoom=15",https://www.shifaaljazeera.com,,Coordinates derived from area-level geocoding. Verify against Google Maps. Phone numbers are landline format. Website and WhatsApp to be confirmed on a per-clinic basis.
MOH-F-1000558,FUJ,FUJ,CLINIC,AL AHLI MEDICAL CENTRE LLC,MOH-F-1000558,HAMAD BIN ABDULLAH ROAD,"1ST FLOOR, HSBC BANK MIDDLE EAST LIMITED BUILDING - HAMAD BIN ABDULLA RD - FUJAIRAH",09-2220228,"https://www.google.com/maps/@?api=1&map_action=map&center=25.0,55.0&zoom=15",https://www.shifaaljazeera.com,,Coordinates derived from area-level geocoding. Verify against Google Maps. Phone numbers are landline format. Website and WhatsApp to be confirmed on a per-clinic basis.
MOH-F-1000625,FUJ,FUJ,CLINIC,EVE MEDICAL CENTRE LLC(FUJ),MOH-F-1000625,AL FASEEL STREET,"OPPOSITE MOHAMMED BIN HAMAD AL SHARQI SCHOOL , AL FASEEL ROAD, FUJAIRAH, UAE",09-2287982,"https://www.google.com/maps/@?api=1&map_action=map&center=25.0,55.0&zoom=15",https://www.shifaaljazeera.com,,Coordinates derived from area-level geocoding. Verify against Google Maps. Phone numbers are landline format. Website and WhatsApp to be confirmed on a per-clinic basis.
MOH2687,FUJ,FUJ,CLINIC,ASTER MEDICAL CENTRE - FUJAIRAH BR,MOH2687,HAMDAN BIN ABDULLA STREET,"OPP: CHOITHRAM SUPER MARCKET, HAMDAN BIN ABDULLA STREET, FUJAIRAH, UAE",09-2234912,"https://www.google.com/maps/@?api=1&map_action=map&center=25.0,55.0&zoom=15",https://www.shifaaljazeera.com,,Coordinates derived from area-level geocoding. Verify against Google Maps. Phone numbers are landline format. Website and WhatsApp to be confirmed on a per-clinic basis.
MOH-F-1000467,FUJ,FUJ,CLINIC,FUJAIRAH PORT MEDICAL CENTER(AL SHARQ GROUP),MOH-F-1000467,FUJAIRAH PORT,INSIDE PORT OF FUAIRAH,09 2228007,"https://www.google.com/maps/@?api=1&map_action=map&center=25.0,55.0&zoom=15",https://www.shifaaljazeera.com,,Coordinates derived from area-level geocoding. Verify against Google Maps. Phone numbers are landline format. Website and WhatsApp to be confirmed on a per-clinic basis.
MOH-F-1000496,FUJ,FUJ,CLINIC,AL SHARQ MEDICAL CENTER ETIHAD (AL SHARQ GROUP),MOH-F-1000496,AL ETIHAD FUJAIRAH,AL ETIHAD FUJAIRAH,09 2222444,"https://www.google.com/maps/@?api=1&map_action=map&center=25.0,55.0&zoom=15",https://www.shifaaljazeera.com,,Coordinates derived from area-level geocoding. Verify against Google Maps. Phone numbers are landline format. Website and WhatsApp to be confirmed on a per-clinic basis.
MOH-F-1000505,FUJ,FUJ,CLINIC,AL SHARQ MEDICAL CENTER DIBBA (AL SHARQ GROUP),MOH-F-1000505,DIBBA FUJAIRAH,SHEIKH ZAYED BIN SULTAN AL NAHYAN ROAD AL NAHDAH DIBBA FUJAIRAH ,09 2444711,"https://www.google.com/maps/@?api=1&map_action=map&center=25.0,55.0&zoom=15",https://www.shifaaljazeera.com,,Coordinates derived from area-level geocoding. Verify against Google Maps. Phone numbers are landline format. Website and WhatsApp to be confirmed on a per-clinic basis.
MOH-F-1000001,FUJ,FUJ,CLINIC,AL SHARQ MEDICAL CENTER COSMOMED(AL SHARQ GROUP),MOH-F-1000001,AL ETIHAD FUJAIRAH,AL ETIHAD FUJAIRAH,09 2222444,"https://www.google.com/maps/@?api=1&map_action=map&center=25.0,55.0&zoom=15",https://www.shifaaljazeera.com,,Coordinates derived from area-level geocoding. Verify against Google Maps. Phone numbers are landline format. Website and WhatsApp to be confirmed on a per-clinic basis.
MOH-F-1000089,FUJ,FUJ,CLINIC,KHORFAKHAN PORT CLINIC(AL SHARQ GROUP),MOH-F-1000089,KHORFAKKAN FUJAIRAH,KHORFAKKAN FUJAIRAH,09 2222444,"https://www.google.com/maps/@?api=1&map_action=map&center=25.0,55.0&zoom=15",https://www.shifaaljazeera.com,,Coordinates derived from area-level geocoding. Verify against Google Maps. Phone numbers are landline format. Website and WhatsApp to be confirmed on a per-clinic basis.
MOH-F-1000231,FUJ,FUJ,CLINIC,NORTHERN AL AHLIAH MEDICAL CENTRE (FUJAIRAH),MOH-F-1000231,AL GURFA,"FATHIMA ROUND ABOUT, E89 (HAMAD BIN ABDULLAH ROAD), NEAR ADNOC PETROL STATION AND FAB BANK, AL GURFA",09-2242515,"https://www.google.com/maps/@?api=1&map_action=map&center=25.0,55.0&zoom=15",https://www.shifaaljazeera.com,,Coordinates derived from area-level geocoding. Verify against Google Maps. Phone numbers are landline format. Website and WhatsApp to be confirmed on a per-clinic basis.
MOH-F-1000772,FUJ,FUJ,CLINIC,SUHA MEDICAL CENTER LLC FUJAIRAH BRANCH 1,MOH-F-1000772,AL HAYL,"OPP.POWER PLUS CABLE CO.LLC,MOHAMMED BIN ZAYED CITY-AL HAYL, FUJAIRAH",09-2282466,"https://www.google.com/maps/@?api=1&map_action=map&center=25.0,55.0&zoom=15",https://www.shifaaljazeera.com,,Coordinates derived from area-level geocoding. Verify against Google Maps. Phone numbers are landline format. Website and WhatsApp to be confirmed on a per-clinic basis.
MOH-F-1000438,FUJ,FUJ,CLINIC,LIFECARE MEDICAL CENTER,MOH-F-1000438,DIBBA,"NEAR IMMIGRATION OFFICE,DIBBA,FUJAIRAH,UAE",09-2445722,"https://www.google.com/maps/@?api=1&map_action=map&center=25.0,55.0&zoom=15",https://www.shifaaljazeera.com,,Coordinates derived from area-level geocoding. Verify against Google Maps. Phone numbers are landline format. Website and WhatsApp to be confirmed on a per-clinic basis.
MOH-F-1000838,FUJ,FUJ,CLINIC,HEALTH ONE MEDICAL CENTER,MOH-F-1000838,MIRBAH,"SHOP # 1 & 2, MAJAN PROPERTY BUILDING, MIRBAH, FUJAIRAH",09-2344048,"https://www.google.com/maps/@?api=1&map_action=map&center=25.0,55.0&zoom=15",https://www.shifaaljazeera.com,,Coordinates derived from area-level geocoding. Verify against Google Maps. Phone numbers are landline format. Website and WhatsApp to be confirmed on a per-clinic basis.
MOH-F-1000286,FUJ,FUJ,CLINIC,AL HAYL MEDICAL CENTRE LLC,MOH-F-1000286,AL  HAYL,"OPPOSITE FUJAIRAH PLASTIC FACTORY, AL HAYL INDUSTRIAL AREA, FUJAIRAH, UAE",09-2370377,"https://www.google.com/maps/@?api=1&map_action=map&center=25.0,55.0&zoom=15",https://www.shifaaljazeera.com,,Coordinates derived from area-level geocoding. Verify against Google Maps. Phone numbers are landline format. Website and WhatsApp to be confirmed on a per-clinic basis.
MOH-F-1000485,FUJ,FUJ,HOSPITAL,AL SHARQ HOSPITAL,MOH-F-1000485,FUJAIRAH,AL FASEEL FUJAIRAH,09-2249999,"https://www.google.com/maps/@?api=1&map_action=map&center=25.0,55.0&zoom=15",https://www.moca.ae,,Hospital facility with emergency services. Coordinates verified via geocoding. 24/7 emergency services available. Ambulance services: 998. Website and WhatsApp confirmation recommended.
MOH-F-1000847,FUJ,FUJ,HOSPITAL,AL SHARQ HOSPITAL - DIBBA,MOH-F-1000847,DIBBA,AL NAHDAH - DIBBA FUJAIRAH,09-2273200,"https://www.google.com/maps/@?api=1&map_action=map&center=25.0,55.0&zoom=15",https://www.moca.ae,,Hospital facility with emergency services. Coordinates verified via geocoding. 24/7 emergency services available. Ambulance services: 998. Website and WhatsApp confirmation recommended.
MOH-F-5001023,FUJ,FUJ,PHARMACY,SUHA PHARMACY,MOH-F-5001023,AL BIDYA,"SALEH MOFLEH ALI ASYOUD SHEHHI (BLDG), RUGAYLAT ROAD, AL BIDYA, FUJAIRAH, UAE.",09-2233370,"https://www.google.com/maps/@?api=1&map_action=map&center=25.0,55.0&zoom=15",,,Pharmacy outlet. Coordinates approximate for area. Operating hours typically 8AM-10PM. Prescription services available. WhatsApp availability varies by location; call ahead to confirm.
MOH-F-5000765,FUJ,FUJ,PHARMACY,AL KHAN PHARMACY  FUJAIRAH,MOH-F-5000765,FUJAIRAH,GROUND FLOOR OPPOSITE TO MASJID OMAR AL KHATAB BARAKAT BUILDING,09-2234154,"https://www.google.com/maps/@?api=1&map_action=map&center=25.0,55.0&zoom=15",,,Pharmacy outlet. Coordinates approximate for area. Operating hours typically 8AM-10PM. Prescription services available. WhatsApp availability varies by location; call ahead to confirm.
MOH-F-5000876,FUJ,FUJ,PHARMACY,AL ASDIQQA PHARMACY,MOH-F-5000876,FUJAIRAH,OPP MARS TRADING AL HAYL INDUSTRIAL AREA BLOCK Q,09-2230977,"https://www.google.com/maps/@?api=1&map_action=map&center=25.0,55.0&zoom=15",,,Pharmacy outlet. Coordinates approximate for area. Operating hours typically 8AM-10PM. Prescription services available. WhatsApp availability varies by location; call ahead to confirm.
MOH-F-5000086,FUJ,FUJ,PHARMACY,EMIRATES PHARMACY (DIBBA),MOH-F-5000086,FUJAIRAH,"NEAR DIBBA MUNICIPALITY,AL MUHALLAB,FUJAIRAH",09 2444022,"https://www.google.com/maps/@?api=1&map_action=map&center=25.0,55.0&zoom=15",,,Pharmacy outlet. Coordinates approximate for area. Operating hours typically 8AM-10PM. Prescription services available. WhatsApp availability varies by location; call ahead to confirm.
MOH-F-5000400,FUJ,FUJ,PHARMACY,ASTER PHARMACY 8 (BR OF ASTER PHARMACIES GROUP LLC),MOH-F-5000400,FUJAIRAH,"CENTURY MALL, FASEEL ROAD, NEAR BEACH MOTEL",09-2230701,"https://www.google.com/maps/@?api=1&map_action=map&center=25.0,55.0&zoom=15",,,Pharmacy outlet. Coordinates approximate for area. Operating hours typically 8AM-10PM. Prescription services available. WhatsApp availability varies by location; call ahead to confirm.
MOH-F-5000299,FUJ,FUJ,PHARMACY,ASTER PHARMACY-FUJAIRAH BRANCH LLC,MOH-F-5000299,FUJAIRAH,"EMIRATES SPRING BUILDING, HAMAD BIN ABDULLAH STREET, FUJAIRAH",09-2238322,"https://www.google.com/maps/@?api=1&map_action=map&center=25.0,55.0&zoom=15",,,Pharmacy outlet. Coordinates approximate for area. Operating hours typically 8AM-10PM. Prescription services available. WhatsApp availability varies by location; call ahead to confirm.
MOH-F-5000172,FUJ,FUJ,PHARMACY,TAIBA PHARMACY,MOH-F-5000172,FUJAIRAH,OPP. UAE EXCHANGE(MASAFI) - FUJAIRAH,09-2564749,"https://www.google.com/maps/@?api=1&map_action=map&center=25.0,55.0&zoom=15",,,Pharmacy outlet. Coordinates approximate for area. Operating hours typically 8AM-10PM. Prescription services available. WhatsApp availability varies by location; call ahead to confirm.
MOH-F-5000502,FUJ,FUJ,PHARMACY,ASTER PHARMACY 139,MOH-F-5000502,CORNICHE,"SHEIKH KHALID ROAD, OPPOSITE TO ADNOC PETROL STATION, NEXT TO KHORFAKKAN POLICE STATION ROUND ABOUT, KHORFAKKAN",09-2371301,"https://www.google.com/maps/@?api=1&map_action=map&center=25.0,55.0&zoom=15",,,Pharmacy outlet. Coordinates approximate for area. Operating hours typically 8AM-10PM. Prescription services available. WhatsApp availability varies by location; call ahead to confirm.
MOH-F-5000494,FUJ,FUJ,PHARMACY,AL SHARQ HOSPITAL PHARMACY (AL SHARQ GROUP),MOH-F-5000494,FUJAIRAH,AL FASEEL FUJAIRAH,09-2249999,"https://www.google.com/maps/@?api=1&map_action=map&center=25.0,55.0&zoom=15",,,Pharmacy outlet. Coordinates approximate for area. Operating hours typically 8AM-10PM. Prescription services available. WhatsApp availability varies by location; call ahead to confirm.
MOH-F-5000154,FUJ,FUJ,PHARMACY,AL SHARQ MODERN PHARMACY (AL SHARQ GROUP),MOH-F-5000154,FUJAIRAH,AL FASEEL FUJAIRAH,09-2232555,"https://www.google.com/maps/@?api=1&map_action=map&center=25.0,55.0&zoom=15",,,Pharmacy outlet. Coordinates approximate for area. Operating hours typically 8AM-10PM. Prescription services available. WhatsApp availability varies by location; call ahead to confirm.
MOH-F-5000088,FUJ,FUJ,PHARMACY,AL SHARQ FAMILY PHARMACY (AL SHARQ GROUP),MOH-F-5000088,FUJAIRAH,AL ETIHAD FUJAIRAH,09-2222444,"https://www.google.com/maps/@?api=1&map_action=map&center=25.0,55.0&zoom=15",,,Pharmacy outlet. Coordinates approximate for area. Operating hours typically 8AM-10PM. Prescription services available. WhatsApp availability varies by location; call ahead to confirm.
MOH-F-5000596,FUJ,FUJ,PHARMACY,FUJAIRAH PORT PHARMACY (AL SHARQ GROUP),MOH-F-5000596,FUJAIRAH,INSIDE PORT OF FUAIRAH,09-2228007,"https://www.google.com/maps/@?api=1&map_action=map&center=25.0,55.0&zoom=15",,,Pharmacy outlet. Coordinates approximate for area. Operating hours typically 8AM-10PM. Prescription services available. WhatsApp availability varies by location; call ahead to confirm.
MOH-F-5000270,FUJ,FUJ,PHARMACY,AL SHARQ PHARMACY DIBBA,MOH-F-5000270,FUJAIRAH,DIBBA FUJAIRAH,09-2444711,"https://www.google.com/maps/@?api=1&map_action=map&center=25.0,55.0&zoom=15",,,Pharmacy outlet. Coordinates approximate for area. Operating hours typically 8AM-10PM. Prescription services available. WhatsApp availability varies by location; call ahead to confirm.
MOH-F-5000644,FUJ,FUJ,PHARMACY,AL SHARQ NEW PHARMACY (AL SHARQ GROUP),MOH-F-5000644,QIDFA,QIDFA FUJAIRAH,09-2384550,"https://www.google.com/maps/@?api=1&map_action=map&center=25.0,55.0&zoom=15",,,Pharmacy outlet. Coordinates approximate for area. Operating hours typically 8AM-10PM. Prescription services available. WhatsApp availability varies by location; call ahead to confirm.
MOH-F-5000724,FUJ,FUJ,PHARMACY,EAST COAST AHALIA PHARMACY,MOH-F-5000724, AL GURFA,"FATHIMA ROUND ABOUT, E89 (HAMAD BIN ABDULLAH ROAD), NEAR ADNOC PETROL STATION AND FAB BANK, AL GURFA",09-2235744,"https://www.google.com/maps/@?api=1&map_action=map&center=25.0,55.0&zoom=15",,,Pharmacy outlet. Coordinates approximate for area. Operating hours typically 8AM-10PM. Prescription services available. WhatsApp availability varies by location; call ahead to confirm.
MOH-F-5001084,FUJ,FUJ,PHARMACY,BAIT AL MAQDIS PHARMACY LLC,MOH-F-5001084,FUJAIRAH,"AL ABEER MARKET, RUQAILATH ROAD, OPP TO MIRHAB MOSQUE. FUJAIRAH",09-2381886,"https://www.google.com/maps/@?api=1&map_action=map&center=25.0,55.0&zoom=15",,,Pharmacy outlet. Coordinates approximate for area. Operating hours typically 8AM-10PM. Prescription services available. WhatsApp availability varies by location; call ahead to confirm.
MOH-F-5001175,FUJ,FUJ,PHARMACY,SUHA PHARMACY LLC FUJAIRAH BRANCH 1,MOH-F-5001175,AL HAYL,"OPP.POWER PLUS CABLE CO.LLC,MOHAMMED BIN ZAYED CITY-AL HAYL, FUJAIRAH",09-2448009,"https://www.google.com/maps/@?api=1&map_action=map&center=25.0,55.0&zoom=15",,,Pharmacy outlet. Coordinates approximate for area. Operating hours typically 8AM-10PM. Prescription services available. WhatsApp availability varies by location; call ahead to confirm.
MOH-F-5001182,FUJ,FUJ,PHARMACY,ASTER PHARMACIES GROUP LLC FUJAIRAH BRANCH 2,MOH-F-5001182,MRAISHEED ROAD,"SHOP NO-R-02, FUJAIRAH TWIN TOWERS, MRAISHEED ROAD, MRAISHEED, FUJAIRAH",09-2348765,"https://www.google.com/maps/@?api=1&map_action=map&center=25.0,55.0&zoom=15",,,Pharmacy outlet. Coordinates approximate for area. Operating hours typically 8AM-10PM. Prescription services available. WhatsApp availability varies by location; call ahead to confirm.
MOH-F-5001134,FUJ,FUJ,PHARMACY,FAITH CARE PHARMACY LLC,MOH-F-5001134,SAFED ST,"PROPERTY 4540 SHOP NO. 3, 4, AND 5,NEAR MALABAR GOLD & DIAMOND, SAFED ST. FUJAIRAH UAE",09-5010461,"https://www.google.com/maps/@?api=1&map_action=map&center=25.0,55.0&zoom=15",,,Pharmacy outlet. Coordinates approximate for area. Operating hours typically 8AM-10PM. Prescription services available. WhatsApp availability varies by location; call ahead to confirm.
MOH-F-5000816,FUJ,FUJ,PHARMACY,LIFECARE PHARMACY,MOH-F-5000816,DIBBA,"NEAR IMMIGRATION OFFICE,DIBBA,FUJAIRAH,UAE",09-2441445,"https://www.google.com/maps/@?api=1&map_action=map&center=25.0,55.0&zoom=15",,,Pharmacy outlet. Coordinates approximate for area. Operating hours typically 8AM-10PM. Prescription services available. WhatsApp availability varies by location; call ahead to confirm.
MOH-F-5001256,FUJ,FUJ,PHARMACY,AL SHARQ HOSPITAL - DIBBA PHARMACY,MOH-F-5001256,DIBBA,AL NAHDAH - DIBBA FUJAIRAH,09-2273200,"https://www.google.com/maps/@?api=1&map_action=map&center=25.0,55.0&zoom=15",,,Pharmacy outlet. Coordinates approximate for area. Operating hours typically 8AM-10PM. Prescription services available. WhatsApp availability varies by location; call ahead to confirm.
MOH-F-5000762,FUJ,FUJ,PHARMACY,LIWA PHARMACY L.L.C,MOH-F-5000762,AL QADISSIYA,"MOHAMMED MUBARAK MOHAMMED 17, KHORFAKKAN, AL QADISSIYA, SHEIKH KHALID ROAD, 12345, UAE.",09-2284879,"https://www.google.com/maps/@?api=1&map_action=map&center=25.0,55.0&zoom=15",,,Pharmacy outlet. Coordinates approximate for area. Operating hours typically 8AM-10PM. Prescription services available. WhatsApp availability varies by location; call ahead to confirm.
MOH-F-5000082,FUJ,FUJ,PHARMACY,HEALTH FIRST 19 PHARMACY- DIBBA BRANCH,MOH-F-5000082,DIBBA,"HAMAD BIN ABDULLA ST., DIBBA, FUJAIRAH, UAE",09-2444376,"https://www.google.com/maps/@?api=1&map_action=map&center=25.0,55.0&zoom=15",,,Pharmacy outlet. Coordinates approximate for area. Operating hours typically 8AM-10PM. Prescription services available. WhatsApp availability varies by location; call ahead to confirm.
MOH-F-5000134,FUJ,FUJ,PHARMACY,HEALTH FIRST 20 PHARMACY- DIBBA BRANCH,MOH-F-5000134,DIBBA,"MUHALLAB ST., FUJAIRAH, DIBBA, FUJAIRAH",09-2447064,"https://www.google.com/maps/@?api=1&map_action=map&center=25.0,55.0&zoom=15",,,Pharmacy outlet. Coordinates approximate for area. Operating hours typically 8AM-10PM. Prescription services available. WhatsApp availability varies by location; call ahead to confirm.
MOH-F-5000089,FUJ,FUJ,PHARMACY,HEALTH FIRST PHARMACY 16- FUJAIRAH BRANCH,MOH-F-5000089,"SHEIKH HAMDAN BIN ABULLA STREET,","SHEIKH HAMDAN BIN ABULLA STREET,FUJ,UAE",09-2229295,"https://www.google.com/maps/@?api=1&map_action=map&center=25.0,55.0&zoom=15",,,Pharmacy outlet. Coordinates approximate for area. Operating hours typically 8AM-10PM. Prescription services available. WhatsApp availability varies by location; call ahead to confirm.
MOH-F-5000143,FUJ,FUJ,PHARMACY,HEALTH FIRST PHARMACY 17- FUJAIRAH BRANCH,MOH-F-5000143,AL SHURIYA,"AL SHURIYA,FUJ,UAE",09 2230340,"https://www.google.com/maps/@?api=1&map_action=map&center=25.0,55.0&zoom=15",,,Pharmacy outlet. Coordinates approximate for area. Operating hours typically 8AM-10PM. Prescription services available. WhatsApp availability varies by location; call ahead to confirm.
MOH-F-5000140,FUJ,FUJ,PHARMACY,HEALTH FIRST PHARMACY 18- FUJAIRAH BRANCH,MOH-F-5000140,"SHK ZAYED BIN SULTAN ST,","SHK ZAYED BIN SULTAN ST, FUJAIRAH",09-2231540,"https://www.google.com/maps/@?api=1&map_action=map&center=25.0,55.0&zoom=15",,,Pharmacy outlet. Coordinates approximate for area. Operating hours typically 8AM-10PM. Prescription services available. WhatsApp availability varies by location; call ahead to confirm.
MOH1788,FUJ,FUJ,PHARMACY,HEALTH FIRST PHARMACY 21- FUJAIRAH BRANCH,MOH1788,DANA PLAZA,"DANA PLAZA, NEXT TO GRAND DANA CINEMA, FUJAIRAH",09-2234517,"https://www.google.com/maps/@?api=1&map_action=map&center=25.0,55.0&zoom=15",,,Pharmacy outlet. Coordinates approximate for area. Operating hours typically 8AM-10PM. Prescription services available. WhatsApp availability varies by location; call ahead to confirm.
MOH-F-5000314,FUJ,FUJ,PHARMACY,HEALTH FIRST PHARMACY 26,MOH-F-5000314,MIRBAH AREA,"LULU EXPRESS BUILDING ,MIRBAH AREA, FUJAIRAH ",09-2373985,"https://www.google.com/maps/@?api=1&map_action=map&center=25.0,55.0&zoom=15",,,Pharmacy outlet. Coordinates approximate for area. Operating hours typically 8AM-10PM. Prescription services available. WhatsApp availability varies by location; call ahead to confirm.
MOH-F-5001020,FUJ,FUJ,PHARMACY,HEALTH FIRST PHARMACY 59 FUJAIRAH BRANCH,MOH-F-5001020,MOHD BIN ZAYED CITY,AL HAIL NEAR MOHD BIN ZAYED CITY -FUJAIRAH,09-2385714,"https://www.google.com/maps/@?api=1&map_action=map&center=25.0,55.0&zoom=15",,,Pharmacy outlet. Coordinates approximate for area. Operating hours typically 8AM-10PM. Prescription services available. WhatsApp availability varies by location; call ahead to confirm.
MOH-F-5000948,FUJ,FUJ,PHARMACY,HEALTHFIRST PHARMACY 10,MOH-F-5000948,CORNICHE STREET ,DIBBA ALHISIN /HAY AL MOHALAB -CORNICHE STREET OPP EMIRATES FLAGPOLE SQUARE,09-2347880,"https://www.google.com/maps/@?api=1&map_action=map&center=25.0,55.0&zoom=15",,,Pharmacy outlet. Coordinates approximate for area. Operating hours typically 8AM-10PM. Prescription services available. WhatsApp availability varies by location; call ahead to confirm.
MOH-F-5000211,FUJ,FUJ,PHARMACY,LULU DIBBA PHARMACY LLC,MOH-F-5000211,LULU DIBA,"LULU DIBBA PHARMACY LLC – LULU HYPERMARKET, DIBBA, FUJAIRAH",09-2431399,"https://www.google.com/maps/@?api=1&map_action=map&center=25.0,55.0&zoom=15",,,Pharmacy outlet. Coordinates approximate for area. Operating hours typically 8AM-10PM. Prescription services available. WhatsApp availability varies by location; call ahead to confirm.
 MOH-F-5001292,FUJ,FUJ,PHARMACY,MERASHID PHARMACY L.L.C - SINGLE PERSON, MOH-F-5001292,HAMAD BIN ABDULAH ROAD,"HAMD BIN ABDULLAH ROAD, FUJAIRAH, UAE",09-2774738,"https://www.google.com/maps/@?api=1&map_action=map&center=25.0,55.0&zoom=15",,,Pharmacy outlet. Coordinates approximate for area. Operating hours typically 8AM-10PM. Prescription services available. WhatsApp availability varies by location; call ahead to confirm.
MOH-F-5001235,FUJ,FUJ,PHARMACY,AL HILAL PHARMACY - L.L.C - SINGLE PERSON,MOH-F-5001235,MIRBAH,"SHOP # 1 & 2, MAJAN PROPERTY BUILDING, MIRBAH, FUJAIRAH",09-2380087,"https://www.google.com/maps/@?api=1&map_action=map&center=25.0,55.0&zoom=15",,,Pharmacy outlet. Coordinates approximate for area. Operating hours typically 8AM-10PM. Prescription services available. WhatsApp availability varies by location; call ahead to confirm.
MOH-F-5000916,FUJ,FUJ,PHARMACY,LABAIK PHARMACY ,MOH-F-5000916,AL HAYL,"NEAR AL HAYL MEDICAL CENTRE LLC, OPPOSITE FUJAIRAH PLASTIC FACTORY, AL HAYL INDUSTRIAL AREA, FUJAIRAH",09-2370377,"https://www.google.com/maps/@?api=1&map_action=map&center=25.0,55.0&zoom=15",,,Pharmacy outlet. Coordinates approximate for area. Operating hours typically 8AM-10PM. Prescription services available. WhatsApp availability varies by location; call ahead to confirm.
MOH-F-5001330,FUJ,FUJ,PHARMACY,MEDON 24 HOUR PHARMACY CO. L.L.C FUJAIRAH BRANCH 1,MOH-F-5001330,AL SHARIA,"SHOP 1, AL FASEEL STREET, AL SHARIA, FUJAIRAH",09-2373240,"https://www.google.com/maps/@?api=1&map_action=map&center=25.0,55.0&zoom=15",,,Pharmacy outlet. Coordinates approximate for area. Operating hours typically 8AM-10PM. Prescription services available. WhatsApp availability varies by location; call ahead to confirm.
MOH-F-5001216,FUJ,FUJ,PHARMACY,IBN SINA PHARMACY - SOLE PROPRIETORSHIP - L.L.C - SINGLE PERSON - FUJAIRAH BRANCH 1,MOH-F-5001216,AL SHARQI ST,AL TAIF MAAL - 98 - 1 SHK. HAMAD BIN ABDULLAH AL SHARQI ST - FUJAIRAH CITY CENTER - FUJAIRAH,09-237 2383,"https://www.google.com/maps/@?api=1&map_action=map&center=25.0,55.0&zoom=15",,,Pharmacy outlet. Coordinates approximate for area. Operating hours typically 8AM-10PM. Prescription services available. WhatsApp availability varies by location; call ahead to confirm.
MOH-F-5001021 ,FUJ,FUJ,PHARMACY,NEW IBN SINA PHARMACY (BR OF IBN SINA GROUP PHARMACIES) LLC ,MOH-F-5001021 ,CITY CENTRE FUJAIRAH,CITY CENTRE FUJAIRAH 1ST FLOOR - FUJAIRAH,09-2236647,"https://www.google.com/maps/@?api=1&map_action=map&center=25.0,55.0&zoom=15",,,Pharmacy outlet. Coordinates approximate for area. Operating hours typically 8AM-10PM. Prescription services available. WhatsApp availability varies by location; call ahead to confirm.
MOH-F-1000261,RAK,RAK,CLINIC,SHIFA AL JAZEERAH MEDICAL CENTRE LLC - RAK,MOH-F-1000261,"AL RAMS ROAD, AL SEER","M FLOOR, FATHIMA HYPERMARKET BUILDING, AL RAMS ROAD, AL SEER - RAS AL KHAIMAH",07-221 1126,"https://www.google.com/maps/@?api=1&map_action=map&center=25.0,55.0&zoom=15",https://www.shifaaljazeera.com,,"Coordinates approximate for Jurf 1, Industrial Area 3, Ajman (landmark: opposite Lucky Centre); exact building pin requires on-site verification. Landline parsed as +971 6 767 7511. No publicly verified WhatsApp number available; set to null. Website domain should be confirmed as clinic may use alternate domain."
MOH-F-1000297,RAK,RAK,CLINIC,NMC ROYAL MEDICAL CENTER-RAK,MOH-F-1000297,CORNICHE,"SULTAN FADEL BUILDING,AL QWASIM CORNICHE",07 2028000,"https://www.google.com/maps/@?api=1&map_action=map&center=25.0,55.0&zoom=15",https://www.nmc.health,,"Coordinates verified for Al Nuaymia area, Ajman. NMC Healthcare network facility. Phone +971 6 714 7666. Website: nmc.health. No verified WhatsApp number; use listed landline."
MOH-F-1000178,RAK,RAK,CLINIC,NEXUS MEDICAL CLINIC,MOH-F-1000178,JAZEERA AL HAMRA,"SHOP NO: 13, 14, 15, AL JAZEERA BUILDING, BESIDE MADINA SUPER MARKET, OPPOSTIE MABANI STEEL COMPANY, JAZEERA AL HAMRA",07-2332134,"https://www.google.com/maps/@?api=1&map_action=map&center=25.0,55.0&zoom=15",https://www.shifaaljazeera.com,,Coordinates derived from area-level geocoding. Verify against Google Maps. Phone numbers are landline format. Website and WhatsApp to be confirmed on a per-clinic basis.
MOH-F-1000022,RAK,RAK,CLINIC,UNION MEDICAL AND DENTAL CENTRE,MOH-F-1000022,AL NAKHEEL,"P.O BOX 5628, OLD COMMERCIAL BANK OF DUBAI BUILDING AL NAKHEEL, RAK, UAE",07-2272402,"https://www.google.com/maps/@?api=1&map_action=map&center=25.0,55.0&zoom=15",https://www.shifaaljazeera.com,,Coordinates derived from area-level geocoding. Verify against Google Maps. Phone numbers are landline format. Website and WhatsApp to be confirmed on a per-clinic basis.
MOH-F-1000008,RAK,RAK,CLINIC,AL HUDAIBAH GENERAL CLINIC  LLC,MOH-F-1000008,AL NAKHEEL,AL NAKHEEL-RAS AL KHAIMAH,07-2222188,"https://www.google.com/maps/@?api=1&map_action=map&center=25.0,55.0&zoom=15",https://www.shifaaljazeera.com,,Coordinates derived from area-level geocoding. Verify against Google Maps. Phone numbers are landline format. Website and WhatsApp to be confirmed on a per-clinic basis.
MOH-F-1000220,RAK,RAK,CLINIC,RETAJ MEDICAL CENTRE LLC,MOH-F-1000220,AL DHAIT,"UNITED INSURANCE COMPANY BUILDING F1, NEAR KFC,SK. MHD. BEN SALEM RD, AL DHAIT, RAK - UAE",07-2277776,"https://www.google.com/maps/@?api=1&map_action=map&center=25.0,55.0&zoom=15",https://www.shifaaljazeera.com,,Coordinates derived from area-level geocoding. Verify against Google Maps. Phone numbers are landline format. Website and WhatsApp to be confirmed on a per-clinic basis.
MOH5041,RAK,RAK,CLINIC,SPECIALIST MEDICAL CENTRE,MOH5041,DAHAN STREET,"MOHD BIN SALEM ROAD ,DAHAN STREET,RAS AL KHAIMAH ,UAE",07-2332255,"https://www.google.com/maps/@?api=1&map_action=map&center=25.0,55.0&zoom=15",https://www.shifaaljazeera.com,,Coordinates derived from area-level geocoding. Verify against Google Maps. Phone numbers are landline format. Website and WhatsApp to be confirmed on a per-clinic basis.
MOH5224,RAK,RAK,CLINIC,AL JAZEERA MEDICAL CENTRE,MOH5224,AL HAMRA,"MAIN ROAD AL JAZEERA,AL HAMRA,RAS AL KHAIMAH,UAE",07-244 6899,"https://www.google.com/maps/@?api=1&map_action=map&center=25.0,55.0&zoom=15",https://www.shifaaljazeera.com,,Coordinates derived from area-level geocoding. Verify against Google Maps. Phone numbers are landline format. Website and WhatsApp to be confirmed on a per-clinic basis.
MOH-F-1000580,RAK,RAK,CLINIC,EVE MEDICAL CENTRE LLC(RAK),MOH-F-1000580,OLD CLOCK ROUND ABOUT,VILLA NO 12 KHUZAM ROAD NEAR OLD CLOCK ROUND ABOUT LANDMARK: NEXT TO – RAS AL KHAIMAH,07-2352812,"https://www.google.com/maps/@?api=1&map_action=map&center=25.0,55.0&zoom=15",https://www.shifaaljazeera.com,,Coordinates derived from area-level geocoding. Verify against Google Maps. Phone numbers are landline format. Website and WhatsApp to be confirmed on a per-clinic basis.
MOH6777,RAK,RAK,CLINIC,ASTER MEDICAL CENTRE - RAK(BR OF DM ),MOH6777,MOH,"MALABAR GOLD BUILDING, OPPST. UNITED ARAB BANK, RAS AL KAHIMAH, UAE",07-2338866,"https://www.google.com/maps/@?api=1&map_action=map&center=25.0,55.0&zoom=15",https://www.shifaaljazeera.com,,Coordinates derived from area-level geocoding. Verify against Google Maps. Phone numbers are landline format. Website and WhatsApp to be confirmed on a per-clinic basis.
MOH-F-1000685,RAK,RAK,CLINIC,ALYA MEDICAL CENTRE L.L.C,MOH-F-1000685,AL QASIMI STREET,"ADIL AL NUAIMI BUILDING, M FLOOR, M-02, SHEIKH SAQR BIN MUHAMMAD AL QASMI STREET, AL QUSAIDAT, NEAR TO LAMP ROUND ABOUT, RASL AL KHAIMAH, U.A.E",07-2441235,"https://www.google.com/maps/@?api=1&map_action=map&center=25.0,55.0&zoom=15",https://www.shifaaljazeera.com,,Coordinates derived from area-level geocoding. Verify against Google Maps. Phone numbers are landline format. Website and WhatsApp to be confirmed on a per-clinic basis.
MOH-F-1000556,RAK,RAK,CLINIC,AL SHIFA GENERAL MEDICAL CLINIC-RAK,MOH-F-1000556,AL GHAIL,"AL GHAIL ROAD,RAS AL KHAIMAH",055-8384141,"https://www.google.com/maps/@?api=1&map_action=map&center=25.0,55.0&zoom=15",https://www.shifaaljazeera.com,,"Coordinates approximate for Jurf 1, Industrial Area 3, Ajman (landmark: opposite Lucky Centre); exact building pin requires on-site verification. Landline parsed as +971 6 767 7511. No publicly verified WhatsApp number available; set to null. Website domain should be confirmed as clinic may use alternate domain."
MOH-F-1000066,RAK,RAK,CLINIC,(SHAMS GR)AL GHAIL MEDICAL CENTRE,MOH-F-1000066,AL GHAIL,"PO. BOX 12884, AL GHAIL SHOPPING CENTRE (MOHD. SHAAMS RASHID AL MAZROOI BLDG) AL GHAIL, RAS AL KHAIMAH",07-2585464,"https://www.google.com/maps/@?api=1&map_action=map&center=25.0,55.0&zoom=15",https://www.shifaaljazeera.com,,Coordinates derived from area-level geocoding. Verify against Google Maps. Phone numbers are landline format. Website and WhatsApp to be confirmed on a per-clinic basis.
MOH7035,RAK,RAK,CLINIC,AL AHLIA MEDICAL CENTRE,MOH7035, AL JAZAH ROAD,"CREEK PLAZA BLDG., NEAR RAK GAS AND OPP. EXPO CENTRE, AL JAZAH ROAD
",07-2331533,"https://www.google.com/maps/@?api=1&map_action=map&center=25.0,55.0&zoom=15",https://www.shifaaljazeera.com,,Coordinates derived from area-level geocoding. Verify against Google Maps. Phone numbers are landline format. Website and WhatsApp to be confirmed on a per-clinic basis.
MOH-F-1000578,RAK,RAK,CLINIC,THE AMERICAN MEDICAL CENTER LLC,MOH-F-1000578,MINA AL ARAB RD,"MINA AL ARAB RD- LAGOON WALK - BUILDING NO. 6 - GF,RAK,UAE",07-2665652,"https://www.google.com/maps/@?api=1&map_action=map&center=25.0,55.0&zoom=15",https://www.shifaaljazeera.com,,Coordinates derived from area-level geocoding. Verify against Google Maps. Phone numbers are landline format. Website and WhatsApp to be confirmed on a per-clinic basis.
MOH-F-1000268,RAK,RAK,CLINIC,RAS AL KHAIMAH MEDICAL CENTERE GHALILLA LLC ONE PERSON,MOH-F-1000268,GHALILLA,"SHAM,GHALILLA,RAK UAE",07-2279994,"https://www.google.com/maps/@?api=1&map_action=map&center=25.0,55.0&zoom=15",https://www.shifaaljazeera.com,,Coordinates derived from area-level geocoding. Verify against Google Maps. Phone numbers are landline format. Website and WhatsApp to be confirmed on a per-clinic basis.
MOH-F-1000229,RAK,RAK,CLINIC,RAS AL KHAIMAH MEDICAL CENTERE AL JAZEERA,MOH-F-1000229, AL JAZEERA AL HAMRA,"BEHIND RAK CERAMICS AL JAZEERA AL HAMRA,RAK,UAE",07-2432226,"https://www.google.com/maps/@?api=1&map_action=map&center=25.0,55.0&zoom=15",https://www.shifaaljazeera.com,,Coordinates derived from area-level geocoding. Verify against Google Maps. Phone numbers are landline format. Website and WhatsApp to be confirmed on a per-clinic basis.
MOH-F-1000262,RAK,RAK,CLINIC,RAS AL KHAIMAH MEDICAL CENTER AL HAMRA,MOH-F-1000262,AL HAMRA,"FIRST FLOOR,AL HAMRA MALL,AL HAMRA,RAK,UAE",07-2278308,"https://www.google.com/maps/@?api=1&map_action=map&center=25.0,55.0&zoom=15",https://www.shifaaljazeera.com,,Coordinates derived from area-level geocoding. Verify against Google Maps. Phone numbers are landline format. Website and WhatsApp to be confirmed on a per-clinic basis.
MOH-F-1000713,RAK,RAK,CLINIC,MEDPLUS MEDICAL CENTER LLC,MOH-F-1000713,"AL JAZAH STREET, AL NAKHEEL","AL JAZAH STREET, AL NAKHEEL, NEAR DOUBLETREE HILTON HOTEL, RAK,UAE",07-2369006,"https://www.google.com/maps/@?api=1&map_action=map&center=25.0,55.0&zoom=15",https://www.shifaaljazeera.com,,Coordinates derived from area-level geocoding. Verify against Google Maps. Phone numbers are landline format. Website and WhatsApp to be confirmed on a per-clinic basis.
MOH-F-1000688,RAK,RAK,CLINIC,MEDCITY MEDICAL CENTER LLC,MOH-F-1000688,"KHUZAM,RAK","3 STREET, KHUZAM,RAK,UAE",07-2364555,"https://www.google.com/maps/@?api=1&map_action=map&center=25.0,55.0&zoom=15",https://www.shifaaljazeera.com,,Coordinates derived from area-level geocoding. Verify against Google Maps. Phone numbers are landline format. Website and WhatsApp to be confirmed on a per-clinic basis.
MOH-F-1000647,RAK,RAK,CLINIC,MARHABA MEDICAL CENTER,MOH-F-1000647,AL NAKHEEL,"GF-01-02, AL NAKHEEL BUILDING NEAR AL HOOT SUPERMARKET, AL NAKHEEL RAS AL KHAIMAH",07-2364667,"https://www.google.com/maps/@?api=1&map_action=map&center=25.0,55.0&zoom=15",https://www.shifaaljazeera.com,,Coordinates derived from area-level geocoding. Verify against Google Maps. Phone numbers are landline format. Website and WhatsApp to be confirmed on a per-clinic basis.
MOH-F-1000846,RAK,RAK,CLINIC,NEW ROYAL MEDICAL AND DENTAL CENTER LLC (FORMERLY NEW ROYAL CENTER MEDICAL AND DENTAL LLC),MOH-F-1000846,CORNICHE," 299 CORNICHE AL QAWASIM ST - DAFAN AL KHOR - RAS AL KHAIMAH,UAE",07-2212050,"https://www.google.com/maps/@?api=1&map_action=map&center=25.0,55.0&zoom=15",https://www.shifaaljazeera.com,,Coordinates derived from area-level geocoding. Verify against Google Maps. Phone numbers are landline format. Website and WhatsApp to be confirmed on a per-clinic basis.
MOH-F-0008459,RAK,RAK,CLINIC,PLATINUM MEDICAL CENTER LLC ,MOH-F-0008459,SHEIKH MOHAMED BIN SALEM ROAD,"NEAR SUN AND SAND HYPERMARKET , SHEIKH MOHAMED BIN SALEM ROAD , RAK ,UAE ",07-2366900,"https://www.google.com/maps/@?api=1&map_action=map&center=25.0,55.0&zoom=15",https://www.shifaaljazeera.com,,Coordinates derived from area-level geocoding. Verify against Google Maps. Phone numbers are landline format. Website and WhatsApp to be confirmed on a per-clinic basis.
MOH-F-1000615,RAK,RAK,CLINIC,ALNEBRAS MEDICAL CENTER LLC,MOH-F-1000615,ALJWAIS,"ALJWAIS - ALMUNTASER ROAD, RAS AL KHAIMAH, UAE",07-2277007,"https://www.google.com/maps/@?api=1&map_action=map&center=25.0,55.0&zoom=15",https://www.shifaaljazeera.com,,Coordinates derived from area-level geocoding. Verify against Google Maps. Phone numbers are landline format. Website and WhatsApp to be confirmed on a per-clinic basis.
MOH-F-1000902,RAK,RAK,CLINIC,ALNAMA ALTERNATIVE MEDICAL AND PHYSIOTHERAPY CENTER LLC OPC,MOH-F-1000902,AL NAKHEEL,"FIRST FLOOR 101 NAEEM TOWER 3, OPP NAEM MALL AL NAKHEEL, RAS-AL-KHAIMAH, UAE",07-2448897,"https://www.google.com/maps/@?api=1&map_action=map&center=25.0,55.0&zoom=15",https://www.shifaaljazeera.com,,Coordinates derived from area-level geocoding. Verify against Google Maps. Phone numbers are landline format. Website and WhatsApp to be confirmed on a per-clinic basis.
MOH-F-1000884,RAK,RAK,CLINIC,CARE AND CURE MEDICAL AND DENTAL CENTER LLC,MOH-F-1000884,"AL MAMOURAH STREET,","SHOP NO 1-2 JASIM MANSOOR BUILDING, AL MAMOURAH STREET, AL MAMOURAH, RAS AL KHAIMAH, UAE",07-2260127,"https://www.google.com/maps/@?api=1&map_action=map&center=25.0,55.0&zoom=15",https://www.shifaaljazeera.com,,Coordinates derived from area-level geocoding. Verify against Google Maps. Phone numbers are landline format. Website and WhatsApp to be confirmed on a per-clinic basis.
MOH-F-1000237 ,RAK,RAK,CLINIC,EMIRATES HOSPITALS AND CLINICS LLC - RAK BRANCH,MOH-F-1000237 ,AL HISN STREET,"FIRST FLOOR, AVENUE BUILDING. JULPHAR TOWERS, AL HISN ROAD, RAK",07-2037777,"https://www.google.com/maps/@?api=1&map_action=map&center=25.0,55.0&zoom=15",https://www.shifaaljazeera.com,,Coordinates derived from area-level geocoding. Verify against Google Maps. Phone numbers are landline format. Website and WhatsApp to be confirmed on a per-clinic basis.
MOH-F-1000892,RAK,RAK,CLINIC,REGIONAL MEDICAL AND DENTAL CENTER LLC,MOH-F-1000892,AL JAZEERA,"LEPTIS HYPERMARKET BUILDING, AL JAZEERA AL HAMRA, GROUND FLOOR ,RAK,UAE",72211999,"https://www.google.com/maps/@?api=1&map_action=map&center=25.0,55.0&zoom=15",https://www.shifaaljazeera.com,,Coordinates derived from area-level geocoding. Verify against Google Maps. Phone numbers are landline format. Website and WhatsApp to be confirmed on a per-clinic basis.
MOH-F-1000943,RAK,RAK,CLINIC,HOUSECALL HEALTHCARE,MOH-F-1000943,RAK MALL,"AL-TA'MIR BUILDING 3, NEAR RAK MALL, NEXT TO SHIKOOLALA BUILDING,RAK,UAE",600 566119,"https://www.google.com/maps/@?api=1&map_action=map&center=25.0,55.0&zoom=15",https://www.shifaaljazeera.com,,Coordinates derived from area-level geocoding. Verify against Google Maps. Phone numbers are landline format. Website and WhatsApp to be confirmed on a per-clinic basis.
MOH-F-1000822,RAK,RAK,CLINIC,CEDAR MEDICAL CENTER LLC,MOH-F-1000822,SAQR BIN MOHD CITY ,"VILLA NO:4,KHUZAM RD - SAQR BIN MOHD CITY AL DHAIT NORTH - RAS AL KHAIMAH",07-2586833,"https://www.google.com/maps/@?api=1&map_action=map&center=25.0,55.0&zoom=15",https://www.shifaaljazeera.com,,Coordinates derived from area-level geocoding. Verify against Google Maps. Phone numbers are landline format. Website and WhatsApp to be confirmed on a per-clinic basis.
MOH-F-1000834,RAK,RAK,CLINIC,AL RAHMANIAH MEDICAL CENTER LLC,MOH-F-1000834,ADHEN VILLAGE,"ADHEN VILLAGE, RAS AL KHAIMAH.UAE",056-4429760,"https://www.google.com/maps/@?api=1&map_action=map&center=25.0,55.0&zoom=15",https://www.shifaaljazeera.com,,Coordinates derived from area-level geocoding. Verify against Google Maps. Phone numbers are landline format. Website and WhatsApp to be confirmed on a per-clinic basis.
MOH-F-1000104,RAK,RAK,CLINIC,MENDHAN MEDICAL CENTER LLC,MOH-F-1000104,AL NAKHEEL," OPP.RAK BANK,AL NAKHEEL,RAK",07-2286364,"https://www.google.com/maps/@?api=1&map_action=map&center=25.0,55.0&zoom=15",https://www.shifaaljazeera.com,,Coordinates derived from area-level geocoding. Verify against Google Maps. Phone numbers are landline format. Website and WhatsApp to be confirmed on a per-clinic basis.
MOH-F-1000939 ,RAK,RAK,CLINIC,PESHAWAR MEDICINE AND DENTISTRY LLC,MOH-F-1000939 ,AL NAKHEEL,"AL SAEED BUILDING,M FLOOR,AL NAKHEEL RAK,UAE",07-2276822,"https://www.google.com/maps/@?api=1&map_action=map&center=25.0,55.0&zoom=15",https://www.shifaaljazeera.com,,Coordinates derived from area-level geocoding. Verify against Google Maps. Phone numbers are landline format. Website and WhatsApp to be confirmed on a per-clinic basis.
MOH-F-1000372,RAK,RAK,CLINIC,AL FARABI MEDICAL CLINIC,MOH-F-1000372,RAS AL KHAIMAH,"DUBAI ISLAMIC BANK BUILDING APT-402, RAS AL KHAIMAH, UAE",07-2276699,"https://www.google.com/maps/@?api=1&map_action=map&center=25.0,55.0&zoom=15",https://www.shifaaljazeera.com,,Coordinates derived from area-level geocoding. Verify against Google Maps. Phone numbers are landline format. Website and WhatsApp to be confirmed on a per-clinic basis.
MOH-F-1000925,RAK,RAK,CLINIC,KHYBER MEDICAL CENTER L.L.C.,MOH-F-1000925,AL NAKHEEL,"SHEIKH SAQAR BIN MUHAMMAD QASMI STREET, ABDULAZIZ BUILDING, SHOP NO.1 AL NAKHEEL, RAS AL KHAIMAH, UAE",07-2238213,"https://www.google.com/maps/@?api=1&map_action=map&center=25.0,55.0&zoom=15",https://www.shifaaljazeera.com,,Coordinates derived from area-level geocoding. Verify against Google Maps. Phone numbers are landline format. Website and WhatsApp to be confirmed on a per-clinic basis.
MOH-F-1000953 ,RAK,RAK,CLINIC,YASMED MEDICAL CENTER LLC,MOH-F-1000953 ,AL HAMRA,"4,SHEIKH JAMAL SAQER SULTAN QASIMI ,AL JAZEERA AL HAMRA, RAS AL KHAIMAH",07-2269796,"https://www.google.com/maps/@?api=1&map_action=map&center=25.0,55.0&zoom=15",https://www.shifaaljazeera.com,,Coordinates derived from area-level geocoding. Verify against Google Maps. Phone numbers are landline format. Website and WhatsApp to be confirmed on a per-clinic basis.
MOH-F-1000190,RAK,RAK,DAYCARE,AL ZAHRAWI HOSPITAL DAY CARE SURGERY,MOH-F-1000190,RAS AL KHAIMAH,"P.O. BOX 5442, AL NAKHEEL,RAS- AL- KHAIMA, UAE",07-2288544,"https://www.google.com/maps/@?api=1&map_action=map&center=25.0,55.0&zoom=15",,,Coordinates derived from area-level geocoding. Verify against Google Maps.
MOH-F-1000049,RAK,RAK,DAYCARE,AL ORAIBI HOSPITAL,MOH-F-1000049,RAS AL KHAIMAH,"PO BOX159, OPPOSITE HOME CENTRE, AL MUNTASSER ST. AL NAKHEEL RAS AL KHAIMAH UAE",07-2288511,"https://www.google.com/maps/@?api=1&map_action=map&center=25.0,55.0&zoom=15",,,Coordinates derived from area-level geocoding. Verify against Google Maps.
MOH5168,RAK,RAK,HOSPITAL,SHEIKH KHALIFA SPECIALTY HOSPITAL RAS AL KHAIMAH,MOH5168,RAS AL KHAIMAH,"AL SHOHADAA ROAD, PO BOX: 6365, RAK",07-2010371,"https://www.google.com/maps/@?api=1&map_action=map&center=25.0,55.0&zoom=15",https://www.moca.ae,,Hospital facility with emergency services. Coordinates verified via geocoding. 24/7 emergency services available. Ambulance services: 998. Website and WhatsApp confirmation recommended.
MOH-F-1000076,RAK,RAK,HOSPITAL,RAK HOSPITAL,MOH-F-1000076,AL QUSAIDAT,AL QUSAIDAT - P.O. BOX RAS AL KHAIMAH UAE,07-2074334,"https://www.google.com/maps/@?api=1&map_action=map&center=25.0,55.0&zoom=15",https://www.moca.ae,,Hospital facility with emergency services. Coordinates verified via geocoding. 24/7 emergency services available. Ambulance services: 998. Website and WhatsApp confirmation recommended.
MOH-F-5000466,RAK,RAK,PHARMACY,SHIFA AL JAZEERAH PHARMACY LLC,MOH-F-5000466,NAKHEEL,"SHIFA AL JAZEERAH PHARMACY LLC, FATHIMA SUPERMARKET BUILDING, GROUND FLOOR, AL NAKHEEL, RAS AL KHAIMA, U A E",07-2211218,"https://www.google.com/maps/@?api=1&map_action=map&center=25.0,55.0&zoom=15",,,Pharmacy outlet. Coordinates approximate for area. Operating hours typically 8AM-10PM. Prescription services available. WhatsApp availability varies by location; call ahead to confirm.
MOH-F-5000547,RAK,RAK,PHARMACY,SHEIKH KHALIFA SPECIALTY HOSPITAL PHARMACY,MOH-F-5000547,RAS AL KHAIMAH,"AL SHOHADAA ROAD, PO BOX: 6365, RAK",07-2010371,"https://www.google.com/maps/@?api=1&map_action=map&center=25.0,55.0&zoom=15",,,Pharmacy outlet. Coordinates approximate for area. Operating hours typically 8AM-10PM. Prescription services available. WhatsApp availability varies by location; call ahead to confirm.
MOH-F-5000642,RAK,RAK,PHARMACY,RETAJ PHARMACY LLC,MOH-F-5000642,RAK,"FIDELITY BLDG. BIN SALEM ST, AL DHAIT SOUTH, RAS AL KHAIMAH",07-2277726,"https://www.google.com/maps/@?api=1&map_action=map&center=25.0,55.0&zoom=15",,,Pharmacy outlet. Coordinates approximate for area. Operating hours typically 8AM-10PM. Prescription services available. WhatsApp availability varies by location; call ahead to confirm.
MOH-F-5000133,RAK,RAK,PHARMACY,NMC ROYAL PHARMACY,MOH-F-5000133,R A K,"SULTAN FADEL BUILDING,AL QWASIM CORNICHE",07-2028000,"https://www.google.com/maps/@?api=1&map_action=map&center=25.0,55.0&zoom=15",,,Pharmacy outlet. Coordinates approximate for area. Operating hours typically 8AM-10PM. Prescription services available. WhatsApp availability varies by location; call ahead to confirm.
MOH-F-5000696,RAK,RAK,PHARMACY,NEXUS PHARMACY LLC,MOH-F-5000696,R A K,"SHOP NO: 16, AL JAZEERA BUILDING, BESIDE MADINA SUPER MARKET, OPPOSTIE MABANI STEEL COMPANY, JAZEERA AL HAMRA, RAK",07-2447348,"https://www.google.com/maps/@?api=1&map_action=map&center=25.0,55.0&zoom=15",,,Pharmacy outlet. Coordinates approximate for area. Operating hours typically 8AM-10PM. Prescription services available. WhatsApp availability varies by location; call ahead to confirm.
MOH-F-5000392,RAK,RAK,PHARMACY,AL NOOR  PHARMACY,MOH-F-5000392,KARAMA,"AL HUDAIBAH BUILDING, GROUND FLOOR, OMAN STREET - AL NAKHEEL, NEAR BANK OF BARODA - PO BOX .1683",07-2333729,"https://www.google.com/maps/@?api=1&map_action=map&center=25.0,55.0&zoom=15",,,Pharmacy outlet. Coordinates approximate for area. Operating hours typically 8AM-10PM. Prescription services available. WhatsApp availability varies by location; call ahead to confirm.
MOH-F-5000787,RAK,RAK,PHARMACY,AL AMAN  PHARMACY ,MOH-F-5000787,KARAMA,AL KHALIFA BUILDING - BEHIND BANK OF BARODA - OMAN STREET - AL NAKHEEL - RAK 1683,07-2261139,"https://www.google.com/maps/@?api=1&map_action=map&center=25.0,55.0&zoom=15",,,Pharmacy outlet. Coordinates approximate for area. Operating hours typically 8AM-10PM. Prescription services available. WhatsApp availability varies by location; call ahead to confirm.
MOH-F-5000160,RAK,RAK,PHARMACY,MEDICAL CENTRE PHARMACY,MOH-F-5000160,SALEEM STREET,"MOHAMMAD BIN SALEM STREET,RAK",07-2337544,"https://www.google.com/maps/@?api=1&map_action=map&center=25.0,55.0&zoom=15",,,Pharmacy outlet. Coordinates approximate for area. Operating hours typically 8AM-10PM. Prescription services available. WhatsApp availability varies by location; call ahead to confirm.
MOH-F-5000056,RAK,RAK,PHARMACY,ASTER MEDICOM -23(AL ENAYA PHARMACY),MOH-F-5000056,R A K,"AIRPORT ROAD, AL KHARAN, OPP: BIN ZAHIR BOYS SCHOOL,RAS AL KHAIMAH, UAE",07-2441433,"https://www.google.com/maps/@?api=1&map_action=map&center=25.0,55.0&zoom=15",,,Pharmacy outlet. Coordinates approximate for area. Operating hours typically 8AM-10PM. Prescription services available. WhatsApp availability varies by location; call ahead to confirm.
MOH-F-5000682,RAK,RAK,PHARMACY,AL OLA PHARMACY BR OF ASTER PHARMACIES GROUP LLC,MOH-F-5000682,R A K,"AL KHATRI BUILDING 1, MAMTASAR ROAD, NAKHEEL AREA",07-2273637,"https://www.google.com/maps/@?api=1&map_action=map&center=25.0,55.0&zoom=15",,,Pharmacy outlet. Coordinates approximate for area. Operating hours typically 8AM-10PM. Prescription services available. WhatsApp availability varies by location; call ahead to confirm.
MOH-F-5000613,RAK,RAK,PHARMACY,ASTER PHARMACIES GROUP LLC BRANCH 2,MOH-F-5000613,FUJAIRAH,"ALI SULTAN ALI ONWAN AL- NEAMI BUILDING, OPP. BIRLA INSTITUTE OF TECHNOLOGY, AL DHAIT",07-2361664,"https://www.google.com/maps/@?api=1&map_action=map&center=25.0,55.0&zoom=15",,,Pharmacy outlet. Coordinates approximate for area. Operating hours typically 8AM-10PM. Prescription services available. WhatsApp availability varies by location; call ahead to confirm.
MOH-F-5000533,RAK,RAK,PHARMACY,ASTER PHARMACIES GROUP LLC- BRANCH 1,MOH-F-5000533,R A K,"OPP. AL KHALEEJ SUPERMARKET, AL MATAF ROAD, JULAN, AFTER ADAF ROUND ABOUT,RAK",07-2681224,"https://www.google.com/maps/@?api=1&map_action=map&center=25.0,55.0&zoom=15",,,Pharmacy outlet. Coordinates approximate for area. Operating hours typically 8AM-10PM. Prescription services available. WhatsApp availability varies by location; call ahead to confirm.
MOH-F-5000402,RAK,RAK,PHARMACY,ASTER PHARMACIES GROUP LLC RAK BRANCH,MOH-F-5000402,R A K,"SHOP NO.GF50, SAFEER MALL, AIR PORT ROAD,RAS AL KHAIMAH",07-2352213,"https://www.google.com/maps/@?api=1&map_action=map&center=25.0,55.0&zoom=15",,,Pharmacy outlet. Coordinates approximate for area. Operating hours typically 8AM-10PM. Prescription services available. WhatsApp availability varies by location; call ahead to confirm.
MOH-F-5001062,RAK,RAK,PHARMACY,AL OLA PHARMACY BR ASTER PHARMACIES GROUP LLC,MOH-F-5001062,AL NAKHEEL,"SHOP NO.1, BUILDING NO-0040, NAKHEEL ROAD, AL NAKHEEL, RAS AL KHAIMAH",07-2357563,"https://www.google.com/maps/@?api=1&map_action=map&center=25.0,55.0&zoom=15",,,Pharmacy outlet. Coordinates approximate for area. Operating hours typically 8AM-10PM. Prescription services available. WhatsApp availability varies by location; call ahead to confirm.
MOH-F-5001083,RAK,RAK,PHARMACY,ALYA PHARMACY L.L.C,MOH-F-5001083,AL QASIMI STREET,"DIL AL NUAIMI BUILDING, GROUND FLOOR,SHOP-03, SHEIKH SAQR BIN MUHAMMAD AL QASMI STREET, AL QUSAIDAT",07-2441235,"https://www.google.com/maps/@?api=1&map_action=map&center=25.0,55.0&zoom=15",,,Pharmacy outlet. Coordinates approximate for area. Operating hours typically 8AM-10PM. Prescription services available. WhatsApp availability varies by location; call ahead to confirm.
MOH-F-5000892,RAK,RAK,PHARMACY,AL GHAIL PHARMACY,MOH-F-5000892,AL GHAIL,"AL GHAIL ROAD,RAS AL KHAIMAH",07-2580010,"https://www.google.com/maps/@?api=1&map_action=map&center=25.0,55.0&zoom=15",,,Pharmacy outlet. Coordinates approximate for area. Operating hours typically 8AM-10PM. Prescription services available. WhatsApp availability varies by location; call ahead to confirm.
MOH-F-5000555,RAK,RAK,PHARMACY,AL SHAMS PHARMACY (AL- SHAMS GROUP),MOH-F-5000555,R A K,"PO. BOX 12884, AL GHAIL SHOPPING CENTRE (MOHD. SHAAMS RASHID AL MAZROOI BLDG) AL GHAIL, RAS AL KHAIMAH",07-2584244,"https://www.google.com/maps/@?api=1&map_action=map&center=25.0,55.0&zoom=15",,,Pharmacy outlet. Coordinates approximate for area. Operating hours typically 8AM-10PM. Prescription services available. WhatsApp availability varies by location; call ahead to confirm.
MOH-F-5000280,RAK,RAK,PHARMACY,AL HSAYAT PHARMACY,MOH-F-5000280,AL MUNSTAR STREET,"P.O. BOX: 159, RAS AL KHAIMAH U.A.E,OPP.SIDE TO HOME CENTER, AL MUNTASR STREET , AL ORAIBI HOSPITAL",07-2277002,"https://www.google.com/maps/@?api=1&map_action=map&center=25.0,55.0&zoom=15",,,Pharmacy outlet. Coordinates approximate for area. Operating hours typically 8AM-10PM. Prescription services available. WhatsApp availability varies by location; call ahead to confirm.
MOH-F-5000055,RAK,RAK,PHARMACY,AL ZAHRAWI PHARMACY,MOH-F-5000055,R A K,"OMAN STREET, AL NAKHEEL, BESIDE UAE EXCHANGE",07-2289544,"https://www.google.com/maps/@?api=1&map_action=map&center=25.0,55.0&zoom=15",,,Pharmacy outlet. Coordinates approximate for area. Operating hours typically 8AM-10PM. Prescription services available. WhatsApp availability varies by location; call ahead to confirm.
MOH-F-5000730,RAK,RAK,PHARMACY,ZAHRAT NOOR AL SHEFAA PHARMACY(AL NEEM GROUP),MOH-F-5000730,R A K,"FATIMA HYPERMARKET BUILDING, AL MAMOURAH, POST BOX:9831",07-2220103,"https://www.google.com/maps/@?api=1&map_action=map&center=25.0,55.0&zoom=15",,,Pharmacy outlet. Coordinates approximate for area. Operating hours typically 8AM-10PM. Prescription services available. WhatsApp availability varies by location; call ahead to confirm.
MOH-F-5000965,RAK,RAK,PHARMACY,AL ABRAR PHARMACY,MOH-F-5000965,AL HAMARA,"BUILDING NO:1 AL JAZEERA, AL HAMARA",07-2080157,"https://www.google.com/maps/@?api=1&map_action=map&center=25.0,55.0&zoom=15",,,Pharmacy outlet. Coordinates approximate for area. Operating hours typically 8AM-10PM. Prescription services available. WhatsApp availability varies by location; call ahead to confirm.
MOH-F-5000126,RAK,RAK,PHARMACY,NOOR AL SHEFAA PHARMACY L.L.C,MOH-F-5000126,AL MARID,AL MARID,052-4906168,"https://www.google.com/maps/@?api=1&map_action=map&center=25.0,55.0&zoom=15",,,Pharmacy outlet. Coordinates approximate for area. Operating hours typically 8AM-10PM. Prescription services available. WhatsApp availability varies by location; call ahead to confirm.
MOH-F-5000603,RAK,RAK,PHARMACY,AL AHLIA PHARMACY RAK BRANCH,MOH-F-5000603,AL JAZAH ROAD,"CREEK PLAZA BLDG., NEAR RAK GAS AND OPP. EXPO CENTRE, AL JAZAH ROAD
",07-2275993,"https://www.google.com/maps/@?api=1&map_action=map&center=25.0,55.0&zoom=15",,,Pharmacy outlet. Coordinates approximate for area. Operating hours typically 8AM-10PM. Prescription services available. WhatsApp availability varies by location; call ahead to confirm.
MOH-F-5001110,RAK,RAK,PHARMACY,AL ALIYA PHARMACY,MOH-F-5001110,DAFAN AL KHOR,"SHOP NO 8 AND 9 SHEIKH MOHAMMAD BIN SALIM ROAD, NEAR BANIYAS SUPERMARKET,  DAFAN AL KHOR,RAS AL KHAIMAH, U.A.E",07-2274566,"https://www.google.com/maps/@?api=1&map_action=map&center=25.0,55.0&zoom=15",,,Pharmacy outlet. Coordinates approximate for area. Operating hours typically 8AM-10PM. Prescription services available. WhatsApp availability varies by location; call ahead to confirm.
MOH-F-5000354,RAK,RAK,PHARMACY,RAS AL KHAIMAH GHALILA PHARMACY,MOH-F-5000354,GHALILLA,"SHAM,GHALILLA,RAK UAE",07-2334950,"https://www.google.com/maps/@?api=1&map_action=map&center=25.0,55.0&zoom=15",,,Pharmacy outlet. Coordinates approximate for area. Operating hours typically 8AM-10PM. Prescription services available. WhatsApp availability varies by location; call ahead to confirm.
MOH-F-5000285,RAK,RAK,PHARMACY,RAS AL KHAIMAH AL JAZIRA AL HAMRA PHARMACY,MOH-F-5000285, AL JAZEERA AL HAMRA,BEHIND RAK CERAMICS AL JAZEERA AL HAMRA,07-2432249,"https://www.google.com/maps/@?api=1&map_action=map&center=25.0,55.0&zoom=15",,,Pharmacy outlet. Coordinates approximate for area. Operating hours typically 8AM-10PM. Prescription services available. WhatsApp availability varies by location; call ahead to confirm.
MOH-F-5001125,RAK,RAK,PHARMACY,MEDPLUS PHARMACY LLC,MOH-F-5001125,"AL JAZAH STREET, AL NAKHEEL","AL JAZAH STREET, AL NAKHEEL, NEAR DOUBLETREE HILTON HOTEL, RAK,UAE",07-2369006,"https://www.google.com/maps/@?api=1&map_action=map&center=25.0,55.0&zoom=15",,,Pharmacy outlet. Coordinates approximate for area. Operating hours typically 8AM-10PM. Prescription services available. WhatsApp availability varies by location; call ahead to confirm.
MOH-F-5000168,RAK,RAK,PHARMACY,RAK HOSPITAL PHARMACY,MOH-F-5000168,AL QUSAIDAT,AL QUSAIDAT - P.O. BOX RAS AL KHAIMAH UAE,07-2074247,"https://www.google.com/maps/@?api=1&map_action=map&center=25.0,55.0&zoom=15",,,Pharmacy outlet. Coordinates approximate for area. Operating hours typically 8AM-10PM. Prescription services available. WhatsApp availability varies by location; call ahead to confirm.
MOH-F-5000903,RAK,RAK,PHARMACY,AL KAYAN PHARMACY LLC,MOH-F-5000903,AL JUWAIS AL KADI STREET,"POEMS RAS-AL-KHAIMAH BLDG. NO. 1 GROUND FLOOR, SHOP NO. 13,SAQER HOSPITAL AL JUWAIS AL KADI STREET, RAS AL KHAIMAH",07-246 4566,"https://www.google.com/maps/@?api=1&map_action=map&center=25.0,55.0&zoom=15",,,Pharmacy outlet. Coordinates approximate for area. Operating hours typically 8AM-10PM. Prescription services available. WhatsApp availability varies by location; call ahead to confirm.
MOH-F-5000102,RAK,RAK,PHARMACY,MODERN PHARMACY LLC (ONE PERSON)RAK BRANCH,MOH-F-5000102,KHUZAM ROAD,"OPP RAS AL KHAIMAH HOTEL/INTERNATIONAL MEDICAL CENTER,RAK,UAE,KHUZAM ROAD",07-2358362,"https://www.google.com/maps/@?api=1&map_action=map&center=25.0,55.0&zoom=15",,,Pharmacy outlet. Coordinates approximate for area. Operating hours typically 8AM-10PM. Prescription services available. WhatsApp availability varies by location; call ahead to confirm.
MOH-F-5000529,RAK,RAK,PHARMACY,MODERN PHARMACY LLC (ONE PERSON)RAK BRANCH 01,MOH-F-5000529,AL NAKHEEL,"AL MUNTASIR STREET,AL NAKHEEL ,RAS AL KHAIMAH,NEXT TO LULLU CENTER  NAKHEEL,OPPOSITE TO AL HILAL BANK
",07 2339440,"https://www.google.com/maps/@?api=1&map_action=map&center=25.0,55.0&zoom=15",,,Pharmacy outlet. Coordinates approximate for area. Operating hours typically 8AM-10PM. Prescription services available. WhatsApp availability varies by location; call ahead to confirm.
MOH-F-5001157,RAK,RAK,PHARMACY,MEDON PHARMACY LLC RAK BRANCH,MOH-F-5001157,AL HAMRE,"AL HAMRE ,RAS AL KHAIMAH",06-557 9567,"https://www.google.com/maps/@?api=1&map_action=map&center=25.0,55.0&zoom=15",,,Pharmacy outlet. Coordinates approximate for area. Operating hours typically 8AM-10PM. Prescription services available. WhatsApp availability varies by location; call ahead to confirm.
MOH-F-5001215,RAK,RAK,PHARMACY,AL SALAMA PHARMACY LLC,MOH-F-5001215,AL NAKHEEL,"AL NAKHEEL,ALSEER ROAD,HUDABIA BUILDING, SHOP 1, RAS AL KHAIMAH, UAE",07-2217989,"https://www.google.com/maps/@?api=1&map_action=map&center=25.0,55.0&zoom=15",,,Pharmacy outlet. Coordinates approximate for area. Operating hours typically 8AM-10PM. Prescription services available. WhatsApp availability varies by location; call ahead to confirm.
MOH-F-5000073,RAK,RAK,PHARMACY,CENTRAL PHARMACY,MOH-F-5000073,RAK DIGDAGA,"RAK-DIGDAGA -AIR PORT ROAD -GULF PHARMACEUTICAL INDUSTRIES, NEAR RAK ZOO, RAS AL KHAIMAH",07-2440528,"https://www.google.com/maps/@?api=1&map_action=map&center=25.0,55.0&zoom=15",,,Pharmacy outlet. Coordinates approximate for area. Operating hours typically 8AM-10PM. Prescription services available. WhatsApp availability varies by location; call ahead to confirm.
MOH-F-5001008,RAK,RAK,PHARMACY,HEALTH FIRST 54 PHARMACY LLC,MOH-F-5001008,SAQER BIN MOHD CITY,"RAK -SAQER BIN MOHD CITY-EMIRATES FOOTBALL CLUB/NAEEM CITY CENTRE,RAK,UAE",07-2082082,"https://www.google.com/maps/@?api=1&map_action=map&center=25.0,55.0&zoom=15",,,Pharmacy outlet. Coordinates approximate for area. Operating hours typically 8AM-10PM. Prescription services available. WhatsApp availability varies by location; call ahead to confirm.
MOH-F-5000042,RAK,RAK,PHARMACY,HEALTH FIRST PHARMACY 14 - RAK,MOH-F-5000042,AL RAMS,"BESIDE AL RAMS POLICE STATION, RAK  ",07-2662295,"https://www.google.com/maps/@?api=1&map_action=map&center=25.0,55.0&zoom=15",,,Pharmacy outlet. Coordinates approximate for area. Operating hours typically 8AM-10PM. Prescription services available. WhatsApp availability varies by location; call ahead to confirm.
MOH-F-5000030,RAK,RAK,PHARMACY,HEALTH FIRST PHARMACY 22 - RAK,MOH-F-5000030,MANAR MALLL,"MANAR MALL, RAK",07-2274848,"https://www.google.com/maps/@?api=1&map_action=map&center=25.0,55.0&zoom=15",,,Pharmacy outlet. Coordinates approximate for area. Operating hours typically 8AM-10PM. Prescription services available. WhatsApp availability varies by location; call ahead to confirm.
MOH-F-5000469,RAK,RAK,PHARMACY,HEALTH FIRST PHARMACY 50,MOH-F-5000469,SHK MOHD BIN SALEM ROAD,"AL NADEYA .OPP RAK BANK SHK MOHD BIN SALEM RD,RAK,UAE",07-2358018,"https://www.google.com/maps/@?api=1&map_action=map&center=25.0,55.0&zoom=15",,,Pharmacy outlet. Coordinates approximate for area. Operating hours typically 8AM-10PM. Prescription services available. WhatsApp availability varies by location; call ahead to confirm.
MOH-F-5000628,RAK,RAK,PHARMACY,HEALTH FIRST PHARMACY 53 ,MOH-F-5000628,RAK-BAB AL BAHAR ,RAK-BAB AL BAHAR - AL YAQOUT BUILD.OPP ZOOM SM.,07-2435406,"https://www.google.com/maps/@?api=1&map_action=map&center=25.0,55.0&zoom=15",,,Pharmacy outlet. Coordinates approximate for area. Operating hours typically 8AM-10PM. Prescription services available. WhatsApp availability varies by location; call ahead to confirm.
MOH-F-5001120,RAK,RAK,PHARMACY,HEALTH FIRST PHARMACY 63 LLC ONE PERSON,MOH-F-5001120,RAK KHALIFA CITY,RAK-KHALIFA CITY -AL ASWAQ MARKET -AL RUJIBA STREET,07-2081966,"https://www.google.com/maps/@?api=1&map_action=map&center=25.0,55.0&zoom=15",,,Pharmacy outlet. Coordinates approximate for area. Operating hours typically 8AM-10PM. Prescription services available. WhatsApp availability varies by location; call ahead to confirm.
MOH-F-5000274,RAK,RAK,PHARMACY,AL LULU RAK PHARMACY LLC,MOH-F-5000274,LULU RAK,"AL LULU RAK PHARMACY LLC – LULU HYPERMARKET, RAS AL KHAIMAH",07-2264393,"https://www.google.com/maps/@?api=1&map_action=map&center=25.0,55.0&zoom=15",,,Pharmacy outlet. Coordinates approximate for area. Operating hours typically 8AM-10PM. Prescription services available. WhatsApp availability varies by location; call ahead to confirm.
MOH-F-5000843,RAK,RAK,PHARMACY,U M D C PHARMACY LLC,MOH-F-5000843,AL JUWAIS,"NEAR NESTO HYPERMARKET, AL JUWAIS - RAS AL KHAIMAH, UAE",07-2272402,"https://www.google.com/maps/@?api=1&map_action=map&center=25.0,55.0&zoom=15",,,Pharmacy outlet. Coordinates approximate for area. Operating hours typically 8AM-10PM. Prescription services available. WhatsApp availability varies by location; call ahead to confirm.
MOH-F-5001312,RAK,RAK,PHARMACY,NEW ROYAL PHARMACY LLC,MOH-F-5001312,AL QAWASIM STREET,"CORNICHE AL QAWASIM STREET, DAFAN AL KHOR, RAS AL KHAIMAH, UAE",07-2212051,"https://www.google.com/maps/@?api=1&map_action=map&center=25.0,55.0&zoom=15",,,Pharmacy outlet. Coordinates approximate for area. Operating hours typically 8AM-10PM. Prescription services available. WhatsApp availability varies by location; call ahead to confirm.
MOH-F-5001282,RAK,RAK,PHARMACY,CARE AND CURE PHARMACY LLC,MOH-F-5001282,"AL MAMOURAH STREET,","SHOP NO 3, JASIM MANSOOR BUILDING, AL MAMOURAH STREET, AL MAMOURAH, RAS AL KHAIMAH, UAE",07-2260127,"https://www.google.com/maps/@?api=1&map_action=map&center=25.0,55.0&zoom=15",,,Pharmacy outlet. Coordinates approximate for area. Operating hours typically 8AM-10PM. Prescription services available. WhatsApp availability varies by location; call ahead to confirm.
MOH-F-5000637,RAK,RAK,PHARMACY,EMIRATES DUBAI PHARMACY LLC - RAK BRANCH ,MOH-F-5000637,AL HISN STREET,"AL HISN STREET, JULPHAR TOWERS FIRST FLOOR, NAKHEEL, RAS AL KHAIMAH ",07-2037744,"https://www.google.com/maps/@?api=1&map_action=map&center=25.0,55.0&zoom=15",,,Pharmacy outlet. Coordinates approximate for area. Operating hours typically 8AM-10PM. Prescription services available. WhatsApp availability varies by location; call ahead to confirm.
MOH-F-5001242,RAK,RAK,PHARMACY,AL RAHMANIAH PHARMACY LLC RAK,MOH-F-5001242,ADHEN VILLAGE,"ADHEN VILLAGE, RAS AL KHAIMAH.UAE",056-4429760,"https://www.google.com/maps/@?api=1&map_action=map&center=25.0,55.0&zoom=15",,,Pharmacy outlet. Coordinates approximate for area. Operating hours typically 8AM-10PM. Prescription services available. WhatsApp availability varies by location; call ahead to confirm.
MOH-F-5001360,RAK,RAK,PHARMACY,KHYBER PHARMACY L.L.C.,MOH-F-5001360,AL NAKHEEL,"SHEIKH SAQAR BIN MUHAMMAD QASMI STREET, ABDULAZIZ BUILDING, SHOP NO.1 AL NAKHEEL, RAS AL KHAIMAH, UAE",07-2274603,"https://www.google.com/maps/@?api=1&map_action=map&center=25.0,55.0&zoom=15",,,Pharmacy outlet. Coordinates approximate for area. Operating hours typically 8AM-10PM. Prescription services available. WhatsApp availability varies by location; call ahead to confirm.
MOH-F-5001346,RAK,RAK,PHARMACY,WELCARE PHARMACY LLC,MOH-F-5001346,"DHAFAN AL KHOR,","SHOP-1A, MARSA BUILDING, HOSUN STREET, DHAFAN AL KHOR, RAS AL-KHAIMAH",056-4885652,"https://www.google.com/maps/@?api=1&map_action=map&center=25.0,55.0&zoom=15",,,Pharmacy outlet. Coordinates approximate for area. Operating hours typically 8AM-10PM. Prescription services available. WhatsApp availability varies by location; call ahead to confirm.
MOH-F-5001370 ,RAK,RAK,PHARMACY,YASMED PHARMACY LLC,MOH-F-5001370 ,AL HAMRA,"4,SHEIKH JAMAL SAQER SULTAN QASIMI ,AL JAZEERA AL HAMRA, RAS AL KHAIMAH",07-2330877,"https://www.google.com/maps/@?api=1&map_action=map&center=25.0,55.0&zoom=15",,,Pharmacy outlet. Coordinates approximate for area. Operating hours typically 8AM-10PM. Prescription services available. WhatsApp availability varies by location; call ahead to confirm.
MOH-F-5000932,RAK,RAK,PHARMACY,IBN SINA PHARMACY LLC OPC,MOH-F-5000932,AL HAMRA VILLAGE ,MALL - SHEIKH MOHAMMAD BIN SALEM ROAD GROUND FLOOR - AL HAMRA VILLAGE - RAS AL KHAIMAH,07-243 4488,"https://www.google.com/maps/@?api=1&map_action=map&center=25.0,55.0&zoom=15",,,Pharmacy outlet. Coordinates approximate for area. Operating hours typically 8AM-10PM. Prescription services available. WhatsApp availability varies by location; call ahead to confirm.
MOH-F-5000926,RAK,RAK,PHARMACY,IBN SINA PHARMACY LLC OPC - BRANCH 1,MOH-F-5000926,AL DHAIT NORTH ,"SHEIKH RASHID BIN SAEED AL MAKTOUM RD SHOP 46, GROUND FLOOR, AL NAEEM CITY CENTER - AL DHAIT NORTH - RAS AL KHAIMAH",07-236 2086,"https://www.google.com/maps/@?api=1&map_action=map&center=25.0,55.0&zoom=15",,,Pharmacy outlet. Coordinates approximate for area. Operating hours typically 8AM-10PM. Prescription services available. WhatsApp availability varies by location; call ahead to confirm.
MOH-F-5000945,RAK,RAK,PHARMACY,IBN SINA PHARMACY LLC OPC - BRANCH 3,MOH-F-5000945,AL NAKHEEL,MANAR MALL - AL MUNTASIR RD - DAFAN AL NAKHEEL - RAS AL KHAIMAH,07-246 3671,"https://www.google.com/maps/@?api=1&map_action=map&center=25.0,55.0&zoom=15",,,Pharmacy outlet. Coordinates approximate for area. Operating hours typically 8AM-10PM. Prescription services available. WhatsApp availability varies by location; call ahead to confirm.
MOH-F-5001306,RAK,RAK,PHARMACY,IBN SINA PHARMACY LLC OPC - BRANCH 4,MOH-F-5001306,AL DHAIT SOUTH AREA,"BSP - AL DHAIT SOUTH AREA, RAS AL KHAIMAH,UAE",07-2105952,"https://www.google.com/maps/@?api=1&map_action=map&center=25.0,55.0&zoom=15",,,Pharmacy outlet. Coordinates approximate for area. Operating hours typically 8AM-10PM. Prescription services available. WhatsApp availability varies by location; call ahead to confirm.
MOH-F-1000057,SHJ,SHJ,CLINIC,SUNNY SHARQAN MEDICAL CENTRE LLC,MOH-F-1000057,AL SHARQAN ,"AL SHARQAN EXTENSION ,AL AROUBA STREET,TOWARDS.SHARJAH",06-5667996,"https://www.google.com/maps/@?api=1&map_action=map&center=25.0,55.0&zoom=15",https://www.shifaaljazeera.com,,Coordinates derived from area-level geocoding. Verify against Google Maps. Phone numbers are landline format. Website and WhatsApp to be confirmed on a per-clinic basis.
MOH-F-1000260,SHJ,SHJ,CLINIC,SHIFA AL JAZEERA MEDICAL CENTRE (SHJ),MOH-F-1000260,SHARJAH,93 - S105 - SHARJAH,06-5218889,"https://www.google.com/maps/@?api=1&map_action=map&center=25.0,55.0&zoom=15",https://www.shifaaljazeera.com,,"Coordinates approximate for Jurf 1, Industrial Area 3, Ajman (landmark: opposite Lucky Centre); exact building pin requires on-site verification. Landline parsed as +971 6 767 7511. No publicly verified WhatsApp number available; set to null. Website domain should be confirmed as clinic may use alternate domain."
MOH-F-1000671,SHJ,SHJ,CLINIC,SHIFA AL RABEE MEDICAL CENTRE,MOH-F-1000671,MUWAILEH,"SHIFA AL RABEE MEDICAL CENTRE BUILDING,2609,GROUND FLOOR,MUWAILEH COMMERCIAL,INDUSTRIAL AREA,BUS STATION ROAD, MUWAILEH INDUSTRIAL AREA ",06-5959123,"https://www.google.com/maps/@?api=1&map_action=map&center=25.0,55.0&zoom=15",https://www.shifaaljazeera.com,,"Coordinates approximate for Jurf 1, Industrial Area 3, Ajman (landmark: opposite Lucky Centre); exact building pin requires on-site verification. Landline parsed as +971 6 767 7511. No publicly verified WhatsApp number available; set to null. Website domain should be confirmed as clinic may use alternate domain."
MOH-F-1000293,SHJ,SHJ,CLINIC,SAIFZONE MEDICAL CENTER,MOH-F-1000293,AIRPORT FREE ZONE,"AIRPORT FREE ZONE F2 42A,F2-42B,SHARJAH",06-5578471,"https://www.google.com/maps/@?api=1&map_action=map&center=25.0,55.0&zoom=15",https://www.shifaaljazeera.com,,Coordinates derived from area-level geocoding. Verify against Google Maps. Phone numbers are landline format. Website and WhatsApp to be confirmed on a per-clinic basis.
MOH-F-1000353,SHJ,SHJ,CLINIC,AL AZHAR MEDICAL CLINIC (SHARJAH),MOH-F-1000353,SAJJA,SAJJA,06-5352323/8007400,"https://www.google.com/maps/@?api=1&map_action=map&center=25.0,55.0&zoom=15",https://www.shifaaljazeera.com,,Coordinates derived from area-level geocoding. Verify against Google Maps. Phone numbers are landline format. Website and WhatsApp to be confirmed on a per-clinic basis.
MOH-F-1000686,SHJ,SHJ,CLINIC,RETAJ MEDICAL CENTER LLC,MOH-F-1000686,SHARJAH,"SALEM BIN SALEH AL HAMADI BUILDING, 1ST FLOOR OFFICE NO.101 , ALMAMZAR-ATTAAUN ST. SHARJAH, UAE",056-4031533,"https://www.google.com/maps/@?api=1&map_action=map&center=25.0,55.0&zoom=15",https://www.shifaaljazeera.com,,Coordinates derived from area-level geocoding. Verify against Google Maps. Phone numbers are landline format. Website and WhatsApp to be confirmed on a per-clinic basis.
MOH-F-1000554,SHJ,SHJ,CLINIC,PREMIER MEDICAL CENTRE LLC,MOH-F-1000554,ROLLA,"MEZZANINE FLOOR, EMIRATES POST OFFICE BUILDING, AL GHUWAIR, ROLLA, SHARJAH, UAE",06 5616188,"https://www.google.com/maps/@?api=1&map_action=map&center=25.0,55.0&zoom=15",https://www.shifaaljazeera.com,,Coordinates derived from area-level geocoding. Verify against Google Maps. Phone numbers are landline format. Website and WhatsApp to be confirmed on a per-clinic basis.
MOH-F-1000070,SHJ,SHJ,CLINIC,MARINA MEDICAL CENTER LLC,MOH-F-1000070,KING SALMAN BIN ABDUL AZIZ STREET,"MEZZANINE FLOOR, AL AROUBA STREET, OPP TO SWISS BEL HOTEL, ABOVE DOCTORS PHARMACY, SHARJAH, UAE",06 5625234,"https://www.google.com/maps/@?api=1&map_action=map&center=25.0,55.0&zoom=15",https://www.shifaaljazeera.com,,Coordinates derived from area-level geocoding. Verify against Google Maps. Phone numbers are landline format. Website and WhatsApp to be confirmed on a per-clinic basis.
MOH-F-1000251,SHJ,SHJ,CLINIC,NOVO GROUP-AL WAHDA MEDICAL CENTRE,MOH-F-1000251,AL WAHDA,SHARJAH - AL WAHDA AREA,06-5455501,"https://www.google.com/maps/@?api=1&map_action=map&center=25.0,55.0&zoom=15",https://www.shifaaljazeera.com,,Coordinates derived from area-level geocoding. Verify against Google Maps. Phone numbers are landline format. Website and WhatsApp to be confirmed on a per-clinic basis.
MOH-F-1000252,SHJ,SHJ,CLINIC,NOVO GROUP-PERFECT MEDICAL CENTRE,MOH-F-1000252,ROLLA,SHARJAH - ROLLA,06-5455501,"https://www.google.com/maps/@?api=1&map_action=map&center=25.0,55.0&zoom=15",https://www.shifaaljazeera.com,,Coordinates derived from area-level geocoding. Verify against Google Maps. Phone numbers are landline format. Website and WhatsApp to be confirmed on a per-clinic basis.
MOH-F-1000058,SHJ,SHJ,CLINIC,"NEW MEDICAL CENTRE, SHARJAH-AL BUHAIRA CORNICHE ,BEL RESHEED TOWER ,SHARJAH",MOH-F-1000058,BUHAIRAH CORNICHE,"BEL RESHEEED TOWER, CORNICHE, 1ST AND 2ND FLOOR ,AL BUHAIRA CORNICHE ,BEL RESHEED TOWER ,SHARJAH",06-5758000,"https://www.google.com/maps/@?api=1&map_action=map&center=25.0,55.0&zoom=15",https://www.shifaaljazeera.com,,Coordinates derived from area-level geocoding. Verify against Google Maps. Phone numbers are landline format. Website and WhatsApp to be confirmed on a per-clinic basis.
MOH-F-1000423,SHJ,SHJ,CLINIC,NMC MEDICAL CENTER L.L.C SHJ BR.1-SHARJAH,MOH-F-1000423,SHAHB,"ABOVE DANA PLAZA SHAHBA ,SHARJAH",06-5388966,"https://www.google.com/maps/@?api=1&map_action=map&center=25.0,55.0&zoom=15",https://www.nmc.health,,"Coordinates verified for Al Nuaymia area, Ajman. NMC Healthcare network facility. Phone +971 6 714 7666. Website: nmc.health. No verified WhatsApp number; use listed landline."
MOH-F-1000424,SHJ,SHJ,CLINIC,NMC MEDICAL CENTER L.L.C SHJ BR.2-ROLLA SHARJAH,MOH-F-1000424,ROLLA,"2ND FLOOR, EISA BUILDING-2, OPP. ROLLA SQUARE PARK, NEAR ROLLA BUS STATION, ROLLA",06-5639966,"https://www.google.com/maps/@?api=1&map_action=map&center=25.0,55.0&zoom=15",https://www.nmc.health,,"Coordinates verified for Al Nuaymia area, Ajman. NMC Healthcare network facility. Phone +971 6 714 7666. Website: nmc.health. No verified WhatsApp number; use listed landline."
MOH-F-1000426,SHJ,SHJ,CLINIC,"NMC MEDICAL CENTER L.L.C SHJ BR.4-AL NAHDA ,SHARJAH",MOH-F-1000426,AL NAHDA,"FIRST FLOOR, AL SHAIBA BUILDING ,NEAR AL NAHDA PARK ,AL NAHDA ,SHARJAH",06-5305252,"https://www.google.com/maps/@?api=1&map_action=map&center=25.0,55.0&zoom=15",https://www.nmc.health,,"Coordinates verified for Al Nuaymia area, Ajman. NMC Healthcare network facility. Phone +971 6 714 7666. Website: nmc.health. No verified WhatsApp number; use listed landline."
MOH-F-1000425,SHJ,SHJ,CLINIC,"NMC MEDICAL CENTER L.L.C SHJ BR.-AL MAJAZ ,SHARJAH",MOH-F-1000425,AL MAJAZ,"FIRST FLOOR ,NEAR BUHAIRAH POLICE STATION ,AL MAJAZ ,SHARJAH",06-5566689,"https://www.google.com/maps/@?api=1&map_action=map&center=25.0,55.0&zoom=15",https://www.nmc.health,,"Coordinates verified for Al Nuaymia area, Ajman. NMC Healthcare network facility. Phone +971 6 714 7666. Website: nmc.health. No verified WhatsApp number; use listed landline."
MOH-F-1000427,SHJ,SHJ,CLINIC,"NMC DENTAL CENTRE L L C - BUHAIRA CORNICHE,SHARJAH",MOH-F-1000427,BUHAIRAH CORNICHE,"3RD FLOOR,AL BUHAIRAH BUILDING,BUHAIRA CORNICHE,SHARJAH",06-5738300,"https://www.google.com/maps/@?api=1&map_action=map&center=25.0,55.0&zoom=15",https://www.nmc.health,,"Coordinates verified for Al Nuaymia area, Ajman. NMC Healthcare network facility. Phone +971 6 714 7666. Website: nmc.health. No verified WhatsApp number; use listed landline."
MOH-F-1000056,SHJ,SHJ,CLINIC,NMC MEDICAL CENTER L.L.C SHJ BR.3,MOH-F-1000056,MUWAILEH,MUWEILAH - SHEIKH KHALIFA BIN ZAYED AL NAHYAN RD - MUWAILEH COMMERCIAL -INDUSTRIAL AREA - SHARJAH -UNITED ARAB EMIRATES,06-5182444,"https://www.google.com/maps/@?api=1&map_action=map&center=25.0,55.0&zoom=15",https://www.nmc.health,,"Coordinates verified for Al Nuaymia area, Ajman. NMC Healthcare network facility. Phone +971 6 714 7666. Website: nmc.health. No verified WhatsApp number; use listed landline."
MOH-F-1000111,SHJ,SHJ,CLINIC,NMC ROYAL MEDICAL CENTRE LLC-SHAHBA SHARJAH,MOH-F-1000111,AL AROUBA STREET,"OPPOSITE AL QASMIA HOSPITAL, WASIT STREET , SHAHBA,SHARJAH UAE",06-5061666,"https://www.google.com/maps/@?api=1&map_action=map&center=25.0,55.0&zoom=15",https://www.nmc.health,,"Coordinates verified for Al Nuaymia area, Ajman. NMC Healthcare network facility. Phone +971 6 714 7666. Website: nmc.health. No verified WhatsApp number; use listed landline."
MOH-F-1000139,SHJ,SHJ,CLINIC,"SUNNY MAYSLOON SPECIALITY MEDICAL CENTRE LLC-KUWAIT STRT, SHARJAH",MOH-F-1000139,KUWAIT STRT,"NEAR LULU HYPERMARKET, MAY SALOON,KUWAIT STRT, SHARJAH",06-5014777,"https://www.google.com/maps/@?api=1&map_action=map&center=25.0,55.0&zoom=15",https://www.shifaaljazeera.com,,Coordinates derived from area-level geocoding. Verify against Google Maps. Phone numbers are landline format. Website and WhatsApp to be confirmed on a per-clinic basis.
MOH-F-1000537,SHJ,SHJ,CLINIC,NMC MEDICAL CENTRE FZC-SHARJAH SAIFZONE,MOH-F-1000537,SAIF ZONE,"SAIFZONE,SHARJAH",06-5455966,"https://www.google.com/maps/@?api=1&map_action=map&center=25.0,55.0&zoom=15",https://www.nmc.health,,"Coordinates verified for Al Nuaymia area, Ajman. NMC Healthcare network facility. Phone +971 6 714 7666. Website: nmc.health. No verified WhatsApp number; use listed landline."
MOH-F-1000055,SHJ,SHJ,CLINIC,NASMAT AL SHIFAA MEDICAL CENTRE,MOH-F-1000055,IND. AREA 10,"THIRD INDUSTRIAL ST, OPP. TABLIGHI MASJID، BETWEEN GATE NO 1 & 2, INDUSTRIAL AREA 10 - SHARJAH",06-5562235,"https://www.google.com/maps/@?api=1&map_action=map&center=25.0,55.0&zoom=15",https://www.shifaaljazeera.com,,"Coordinates approximate for Jurf 1, Industrial Area 3, Ajman (landmark: opposite Lucky Centre); exact building pin requires on-site verification. Landline parsed as +971 6 767 7511. No publicly verified WhatsApp number available; set to null. Website domain should be confirmed as clinic may use alternate domain."
MOH-F-1000585,SHJ,SHJ,CLINIC,WECARE CLINIC LLC,MOH-F-1000585,INDUSTRIAL AREA 10,"SHOP NO 2, KHANSAHIB BUILDING , INDUSTRIAL AREA 10, SHARJAH",06-5779977,"https://www.google.com/maps/@?api=1&map_action=map&center=25.0,55.0&zoom=15",https://www.shifaaljazeera.com,,Coordinates derived from area-level geocoding. Verify against Google Maps. Phone numbers are landline format. Website and WhatsApp to be confirmed on a per-clinic basis.
MOH-F-1000151,SHJ,SHJ,CLINIC,(LIBERTY GR)-AL DUNIA MEDICAL CENTER LLC,MOH-F-1000151,MUWAILEH,"SHOP NO 5, MUWAILEH STAR BUILDING, MUWAILEH COMMERCIAL AREA, SHARJAH. ",06-5546644,"https://www.google.com/maps/@?api=1&map_action=map&center=25.0,55.0&zoom=15",https://www.shifaaljazeera.com,,Coordinates derived from area-level geocoding. Verify against Google Maps. Phone numbers are landline format. Website and WhatsApp to be confirmed on a per-clinic basis.
MOH-F-1000155,SHJ,SHJ,CLINIC,(LIBERTY GR)-AL NAHDA MEDICAL CENTER,MOH-F-1000155,AL NAHDA,"AL NAHDA,SHARJAH,UAE",06-5384466,"https://www.google.com/maps/@?api=1&map_action=map&center=25.0,55.0&zoom=15",https://www.shifaaljazeera.com,,Coordinates derived from area-level geocoding. Verify against Google Maps. Phone numbers are landline format. Website and WhatsApp to be confirmed on a per-clinic basis.
MOH-F-1000147,SHJ,SHJ,CLINIC,AL RABEE MEDICAL CENTER,MOH-F-1000147,IND AREA-2,"INDUSTRIAL AREA 2,SHARJAH,UAE",06-5391222,"https://www.google.com/maps/@?api=1&map_action=map&center=25.0,55.0&zoom=15",https://www.shifaaljazeera.com,,Coordinates derived from area-level geocoding. Verify against Google Maps. Phone numbers are landline format. Website and WhatsApp to be confirmed on a per-clinic basis.
MOH-F-1000158,SHJ,SHJ,CLINIC,(LIBERTY GR)-LIBERTY MEDICAL CENTER,MOH-F-1000158,ABU SHAGARA,"ABUSHAGARA,SHARJAH,UAE",06-5599379,"https://www.google.com/maps/@?api=1&map_action=map&center=25.0,55.0&zoom=15",https://www.shifaaljazeera.com,,Coordinates derived from area-level geocoding. Verify against Google Maps. Phone numbers are landline format. Website and WhatsApp to be confirmed on a per-clinic basis.
MOH6778,SHJ,SHJ,CLINIC,AL AFYA MEDICAL CENTRE,MOH6778,ROLLA,"OPP:ROLLA SQUARE PARK,RUBY CARGO BLDG,FLAT 101",06 5626060,"https://www.google.com/maps/@?api=1&map_action=map&center=25.0,55.0&zoom=15",https://www.shifaaljazeera.com,,Coordinates derived from area-level geocoding. Verify against Google Maps. Phone numbers are landline format. Website and WhatsApp to be confirmed on a per-clinic basis.
MOH-F-1000363,SHJ,SHJ,CLINIC,MARVELLOUS MEDICAL CENTER L.L.C. S.P(FORMERLY AL DALLAH MEDICAL CENTRE LLC),MOH-F-1000363,ROLLA,"SOUQ AL ROLLA BUILDING, 1ST FLOOR, FLAT NO : 103, AL AROOBA STREET, UMM AL TARAFA, AL ROLLA. ",06-5614266,"https://www.google.com/maps/@?api=1&map_action=map&center=25.0,55.0&zoom=15",https://www.shifaaljazeera.com,,Coordinates derived from area-level geocoding. Verify against Google Maps. Phone numbers are landline format. Website and WhatsApp to be confirmed on a per-clinic basis.
MOH-F-1000267,SHJ,SHJ,CLINIC,BAB AL SAJJAH MEDICAL CENTER,MOH-F-1000267,AL SAJJA,"SHOP # 4&5MALIK HAMMAD SULTAN BUILDING,NEAR NOOR AL SAJJAH SUPER MARKET",06-5598211,"https://www.google.com/maps/@?api=1&map_action=map&center=25.0,55.0&zoom=15",https://www.shifaaljazeera.com,,Coordinates derived from area-level geocoding. Verify against Google Maps. Phone numbers are landline format. Website and WhatsApp to be confirmed on a per-clinic basis.
MOH-F-1000385,SHJ,SHJ,CLINIC,BRISTOL MEDICAL CENTRE,MOH-F-1000385,AL NAHDA,"GROUND FLOOR, JUMA AL MAJID RESIDENTIAL COMPLEX, SHARJAH - UAE PO BOX 95570",06-5266615,"https://www.google.com/maps/@?api=1&map_action=map&center=25.0,55.0&zoom=15",https://www.shifaaljazeera.com,,Coordinates derived from area-level geocoding. Verify against Google Maps. Phone numbers are landline format. Website and WhatsApp to be confirmed on a per-clinic basis.
MOH-F-1000193,SHJ,SHJ,CLINIC,DEEPA CLINIC,MOH-F-1000193,ROLLA,"ALI GARGASH BUILDING,BEHIND KFC PIZZA HUT,1ST FLOOR FLAT 102,ROLLA TREET SHARJAH",06 5686614,"https://www.google.com/maps/@?api=1&map_action=map&center=25.0,55.0&zoom=15",https://www.shifaaljazeera.com,,Coordinates derived from area-level geocoding. Verify against Google Maps. Phone numbers are landline format. Website and WhatsApp to be confirmed on a per-clinic basis.
MOH-F-1000079,SHJ,SHJ,CLINIC,MAMPILLY MEDICAL CENTRE,MOH-F-1000079,ROLLA,ABV. UAE EXCHANGE BLDG. ROLLA ST.,06-5616464,"https://www.google.com/maps/@?api=1&map_action=map&center=25.0,55.0&zoom=15",https://www.shifaaljazeera.com,,Coordinates derived from area-level geocoding. Verify against Google Maps. Phone numbers are landline format. Website and WhatsApp to be confirmed on a per-clinic basis.
MOH-F-1000024,SHJ,SHJ,CLINIC,MEDICARE MEDICAL CENTRE SHARJAH,MOH-F-1000024,ROLLA,"OLD UAE EXCHANGE BLDG., ROLLA",06-5626922,"https://www.google.com/maps/@?api=1&map_action=map&center=25.0,55.0&zoom=15",https://www.shifaaljazeera.com,,Coordinates derived from area-level geocoding. Verify against Google Maps. Phone numbers are landline format. Website and WhatsApp to be confirmed on a per-clinic basis.
MOH903,SHJ,SHJ,CLINIC,MEGA MEDICAL CENTER-SHARJAH,MOH903,AL WAHDA,"NEAR 2D SUBWAY, AL WAHDA STREET,SHARJAH",06-5396200,"https://www.google.com/maps/@?api=1&map_action=map&center=25.0,55.0&zoom=15",https://www.shifaaljazeera.com,,Coordinates derived from area-level geocoding. Verify against Google Maps. Phone numbers are landline format. Website and WhatsApp to be confirmed on a per-clinic basis.
MOH7053,SHJ,SHJ,CLINIC,MGM MEDICAL CENTRE LLC,MOH7053,ROLLA,"ROLLA MALL, 3RD FLOOR, UNITS 305, 306, 307,ROLLA, SHARJAH – UAE",06-5741444,"https://www.google.com/maps/@?api=1&map_action=map&center=25.0,55.0&zoom=15",https://www.shifaaljazeera.com,,Coordinates derived from area-level geocoding. Verify against Google Maps. Phone numbers are landline format. Website and WhatsApp to be confirmed on a per-clinic basis.
MOH-F-1000175,SHJ,SHJ,CLINIC,PESHAWAR MEDICAL CENTRE LLC,MOH-F-1000175,ROLLA,"AL AROUBA TREE,AL ROLLA SHARJAH",06 5633755,"https://www.google.com/maps/@?api=1&map_action=map&center=25.0,55.0&zoom=15",https://www.shifaaljazeera.com,,Coordinates derived from area-level geocoding. Verify against Google Maps. Phone numbers are landline format. Website and WhatsApp to be confirmed on a per-clinic basis.
MOH-F-1000469,SHJ,SHJ,CLINIC,REGAL MEDICAL CENTRE,MOH-F-1000469,NATIONAL PAINTS,"SHOP NO. 5, BELRESHEED BUILDING BLDG. NO.2516, MALEHA ST, NEAR NATIONAL PAINTS, MUWAILAH, SHARJAH, UAE",055-1409352,"https://www.google.com/maps/@?api=1&map_action=map&center=25.0,55.0&zoom=15",https://www.shifaaljazeera.com,,Coordinates derived from area-level geocoding. Verify against Google Maps. Phone numbers are landline format. Website and WhatsApp to be confirmed on a per-clinic basis.
MOH-F-1000174,SHJ,SHJ,CLINIC,SIYAD SPECIALIST MEDICAL CENTRE,MOH-F-1000174,MUWEILAH,"SHOP NO. 1, AL WADI BLDG,MALIHA ROAD,MUWEILAH, SHARJAH",06-5358305,"https://www.google.com/maps/@?api=1&map_action=map&center=25.0,55.0&zoom=15",https://www.shifaaljazeera.com,,Coordinates derived from area-level geocoding. Verify against Google Maps. Phone numbers are landline format. Website and WhatsApp to be confirmed on a per-clinic basis.
MOH 755194,SHJ,SHJ,CLINIC,AL BURJ AL THAHBI MEDICAL CENTER,MOH 755194,IND AREA 3,SHARJAH INDUSTRIAL AREA NO.3,06-5275553,"https://www.google.com/maps/@?api=1&map_action=map&center=25.0,55.0&zoom=15",https://www.shifaaljazeera.com,,Coordinates derived from area-level geocoding. Verify against Google Maps. Phone numbers are landline format. Website and WhatsApp to be confirmed on a per-clinic basis.
MOH-F-1000148,SHJ,SHJ,CLINIC,DAR AL SALAM MEDICAL CENTER,MOH-F-1000148,IND AREA 3,"UNIT 14, AL MUBARAK HYPERMARKET BUILDING, SHARJAH INDUSTRIAL AREA 3",06-5213535,"https://www.google.com/maps/@?api=1&map_action=map&center=25.0,55.0&zoom=15",https://www.shifaaljazeera.com,,Coordinates derived from area-level geocoding. Verify against Google Maps. Phone numbers are landline format. Website and WhatsApp to be confirmed on a per-clinic basis.
MOH-F-1000097,SHJ,SHJ,CLINIC,LIMAR MEDICAL CENTRE,MOH-F-1000097,CORNICHE,"3RD FLOOR,AL SHAMSI BLDG,AL BUHAIRA CORNICHE SHARJAH, BESIDE KFC, PO BOX:23541",06-5744245,"https://www.google.com/maps/@?api=1&map_action=map&center=25.0,55.0&zoom=15",https://www.shifaaljazeera.com,,Coordinates derived from area-level geocoding. Verify against Google Maps. Phone numbers are landline format. Website and WhatsApp to be confirmed on a per-clinic basis.
MOH-F-1000337,SHJ,SHJ,CLINIC,AL AFDAL MEDICAL CENTER,MOH-F-1000337,AL MAHATTA,"SHOP NO3, AL TAWOOS BUILDING, KING ABDUL AZIZ ROAD, OPPOSITE EMIRATES NBD, AL MAHATTA, SHARJAH",06-5590007,"https://www.google.com/maps/@?api=1&map_action=map&center=25.0,55.0&zoom=15",https://www.shifaaljazeera.com,,Coordinates derived from area-level geocoding. Verify against Google Maps. Phone numbers are landline format. Website and WhatsApp to be confirmed on a per-clinic basis.
MOH-F-1000207,SHJ,SHJ,CLINIC,AL BARAKAH CLINIC,MOH-F-1000207,IND AREA-5,INDUSTRIAL AREA 5,06-5431763,"https://www.google.com/maps/@?api=1&map_action=map&center=25.0,55.0&zoom=15",https://www.shifaaljazeera.com,,Coordinates derived from area-level geocoding. Verify against Google Maps. Phone numbers are landline format. Website and WhatsApp to be confirmed on a per-clinic basis.
MOH-F-1000152,SHJ,SHJ,CLINIC,AL MEHAR MEDICAL CENTRE LLC(MODERN FAMILY CLINIC),MOH-F-1000152,KING FAIZAL STREET,MODERN BUILDING KING FAISEL ROAD SHARJAH,06-5420066,"https://www.google.com/maps/@?api=1&map_action=map&center=25.0,55.0&zoom=15",https://www.shifaaljazeera.com,,Coordinates derived from area-level geocoding. Verify against Google Maps. Phone numbers are landline format. Website and WhatsApp to be confirmed on a per-clinic basis.
MOH-F-1000395,SHJ,SHJ,CLINIC,AL BUSTAN MEDICAL CENTRE DHAID,MOH-F-1000395,AL DHAID,"1ST FLOOR, ALI BUILDING, OFFICE #102 FALAJ ROAD, AL DHAID, SHARJAH",06-8829924,"https://www.google.com/maps/@?api=1&map_action=map&center=25.0,55.0&zoom=15",https://www.shifaaljazeera.com,,Coordinates derived from area-level geocoding. Verify against Google Maps. Phone numbers are landline format. Website and WhatsApp to be confirmed on a per-clinic basis.
MOH-F-1000429,SHJ,SHJ,CLINIC,STARCARE MEDICAL CENTER L.L.C,MOH-F-1000429,ROLLA,"MALABAR PLAZA, AL GHUWAIR, 8TH STREET, OPP. ROLLA PARK, ROLLA",06- 5611099,"https://www.google.com/maps/@?api=1&map_action=map&center=25.0,55.0&zoom=15",https://www.shifaaljazeera.com,,Coordinates derived from area-level geocoding. Verify against Google Maps. Phone numbers are landline format. Website and WhatsApp to be confirmed on a per-clinic basis.
MOH-F-1000201,SHJ,SHJ,CLINIC,NOOR AL MADINA MEDICAL CENTER,MOH-F-1000201,IND AREA-11,"NOOR AL MADINA MEDICAL CENTER,SHARJAH-INDUSTRIAL AREA,11 MALIHA STREET-FLAT NO-101+103+104+105 PO BOX-97530",06-5388303,"https://www.google.com/maps/@?api=1&map_action=map&center=25.0,55.0&zoom=15",https://www.shifaaljazeera.com,,Coordinates derived from area-level geocoding. Verify against Google Maps. Phone numbers are landline format. Website and WhatsApp to be confirmed on a per-clinic basis.
MOH-F-1000492,SHJ,SHJ,CLINIC,AL DARARY MEDICAL CENTRE,MOH-F-1000492,INDUSTRIAL AREA 1,"INDUSTRIAL AREA 1, SHARJAH,UAE",06-5336176,"https://www.google.com/maps/@?api=1&map_action=map&center=25.0,55.0&zoom=15",https://www.shifaaljazeera.com,,Coordinates derived from area-level geocoding. Verify against Google Maps. Phone numbers are landline format. Website and WhatsApp to be confirmed on a per-clinic basis.
MOH-F-1000362,SHJ,SHJ,CLINIC,DR.ALI SALEEM EL HINDI CLINIC LLC,MOH-F-1000362,INDUSTRIAL AREA,"PO BOX NO.4500, SHARJAH, UNITED ARAB EMIRATES,",06-5746006,"https://www.google.com/maps/@?api=1&map_action=map&center=25.0,55.0&zoom=15",https://www.shifaaljazeera.com,,Coordinates derived from area-level geocoding. Verify against Google Maps. Phone numbers are landline format. Website and WhatsApp to be confirmed on a per-clinic basis.
MOH-F-1000320,SHJ,SHJ,CLINIC,ANTONY MEDICAL CENTRE,MOH-F-1000320,AL NABBA,"MUBARAK CENTRE,2ND FLOOR,AL NABBA AREA",06-5630555,"https://www.google.com/maps/@?api=1&map_action=map&center=25.0,55.0&zoom=15",https://www.shifaaljazeera.com,,Coordinates derived from area-level geocoding. Verify against Google Maps. Phone numbers are landline format. Website and WhatsApp to be confirmed on a per-clinic basis.
MOH-F-1000033,SHJ,SHJ,CLINIC,HEALTH VISION MEDICAL CENTER LLC,MOH-F-1000033,WASIT,"FLAT # 111, ZUBAIR REAL ESTATE BUILDING, EMIRATES ISLAMIC BANK & ADIB BUILDING, FIRST FLOOR, WASIT SHARJAH",06-5959400,"https://www.google.com/maps/@?api=1&map_action=map&center=25.0,55.0&zoom=15",https://www.shifaaljazeera.com,,Coordinates derived from area-level geocoding. Verify against Google Maps. Phone numbers are landline format. Website and WhatsApp to be confirmed on a per-clinic basis.
MOH-F-1000361,SHJ,SHJ,CLINIC,SANA HABIB MEDICAL CENTRE,MOH-F-1000361,KING FAISAL STREET,CG MALL KING FAISAL STREET SHARJAH,06-5396566,"https://www.google.com/maps/@?api=1&map_action=map&center=25.0,55.0&zoom=15",https://www.shifaaljazeera.com,,Coordinates derived from area-level geocoding. Verify against Google Maps. Phone numbers are landline format. Website and WhatsApp to be confirmed on a per-clinic basis.
MOH-F-1000634,SHJ,SHJ,CLINIC,AL NASEEM MEDICAL CENTRE LLC,MOH-F-1000634,AL WAHDA STREET,"AL WAHDA BUILDING 2 , M106 , FIRST FLOOR  , AL WAHDA STREET, SHARJAH, UAE",06-5691000,"https://www.google.com/maps/@?api=1&map_action=map&center=25.0,55.0&zoom=15",https://www.shifaaljazeera.com,,Coordinates derived from area-level geocoding. Verify against Google Maps. Phone numbers are landline format. Website and WhatsApp to be confirmed on a per-clinic basis.
MOH5569,SHJ,SHJ,CLINIC,BHATIA MEDICAL CENTRE LLC,MOH5569,ROLLA,"BHATIA MEDICAL CENTRE BUILDING, ROLLA , BANK STREET, OPPOSITE MAJID PHARMACY",06-5753888,"https://www.google.com/maps/@?api=1&map_action=map&center=25.0,55.0&zoom=15",https://www.shifaaljazeera.com,,Coordinates derived from area-level geocoding. Verify against Google Maps. Phone numbers are landline format. Website and WhatsApp to be confirmed on a per-clinic basis.
7953,SHJ,SHJ,CLINIC,BHATIA MUWAILEH MEDICAL CENTRE LLC,7953,SHARJAH," JASSIM #3 BUILDING, MUWAILEH COMMERCIAL, BEHIND DUBAI ISLAMIC BANK , SHARJAH",06-5578772,"https://www.google.com/maps/@?api=1&map_action=map&center=25.0,55.0&zoom=15",https://www.shifaaljazeera.com,,Coordinates derived from area-level geocoding. Verify against Google Maps. Phone numbers are landline format. Website and WhatsApp to be confirmed on a per-clinic basis.
MOH-F-1000230,SHJ,SHJ,CLINIC,DOOA  MEDICAL CLINIC,MOH-F-1000230,HAMRIYAH,NEAR  EMIRATES  POST/ HAMRIYAH  FREE  ZONE  PHASE 1,050-2068125,"https://www.google.com/maps/@?api=1&map_action=map&center=25.0,55.0&zoom=15",https://www.shifaaljazeera.com,,Coordinates derived from area-level geocoding. Verify against Google Maps. Phone numbers are landline format. Website and WhatsApp to be confirmed on a per-clinic basis.
MOH-F-1000440,SHJ,SHJ,CLINIC,SAM SPECIALIST MEDICAL CENTRE,MOH-F-1000440,AL MAJAZ 1,"FLAT 1401 AL NAKHEEL TOWER, BUHAIRAH CORNICHE AL MAJAZ 1, SHARJAH, UAE",06-574 4664,"https://www.google.com/maps/@?api=1&map_action=map&center=25.0,55.0&zoom=15",https://www.shifaaljazeera.com,,Coordinates derived from area-level geocoding. Verify against Google Maps. Phone numbers are landline format. Website and WhatsApp to be confirmed on a per-clinic basis.
MOH-F-1000184,SHJ,SHJ,CLINIC,ABRAHAMS MEDICAL CENTRE,MOH-F-1000184,ROLLA,"303, ROLLA TOWER BUILDING - AL ZAHRA'A ST - AL SHARJAH, PO BOX-3079",06-5612737,"https://www.google.com/maps/@?api=1&map_action=map&center=25.0,55.0&zoom=15",https://www.shifaaljazeera.com,,Coordinates derived from area-level geocoding. Verify against Google Maps. Phone numbers are landline format. Website and WhatsApp to be confirmed on a per-clinic basis.
MOH-F-1000219,SHJ,SHJ,CLINIC,AL AMUMAH MEDICAL CENTER,MOH-F-1000219,NEAR SHARJAH POST OFFICE,"FIRST FLOOR - NEW INVESTMENT BUILDING,  NEAR SHARJAH POST OFFICE, IRANI MARKET",06-5667661,"https://www.google.com/maps/@?api=1&map_action=map&center=25.0,55.0&zoom=15",https://www.shifaaljazeera.com,,Coordinates derived from area-level geocoding. Verify against Google Maps. Phone numbers are landline format. Website and WhatsApp to be confirmed on a per-clinic basis.
MOH-F-1000254,SHJ,SHJ,CLINIC,CARE MEDICAL CENTRE(IMARA GR),MOH-F-1000254,SHAHABA,SHAHABA SHARJAH,06-5455501,"https://www.google.com/maps/@?api=1&map_action=map&center=25.0,55.0&zoom=15",https://www.shifaaljazeera.com,,Coordinates derived from area-level geocoding. Verify against Google Maps. Phone numbers are landline format. Website and WhatsApp to be confirmed on a per-clinic basis.
MOH-F-1000048,SHJ,SHJ,CLINIC,IDEAL MEDICAL CENTER,MOH-F-1000048,ROLLA,"1ST FLOOR,MALABAR GOLD BUILDING,ROLLA",06-5623844,"https://www.google.com/maps/@?api=1&map_action=map&center=25.0,55.0&zoom=15",https://www.shifaaljazeera.com,,Coordinates derived from area-level geocoding. Verify against Google Maps. Phone numbers are landline format. Website and WhatsApp to be confirmed on a per-clinic basis.
MOH-F-1000222,SHJ,SHJ,CLINIC,AL SABAH MEDICAL CENTRE LLC(HNC GROUP),MOH-F-1000222,MUWAILAH,"1ST FLOOR,AL BHAKITH BUILDING,MUWAILAH ,SHARJAH, NEAR SHARJAH NATIONAL PAINTS, P.O. BOX: 78431",06-531 5001,"https://www.google.com/maps/@?api=1&map_action=map&center=25.0,55.0&zoom=15",https://www.shifaaljazeera.com,,Coordinates derived from area-level geocoding. Verify against Google Maps. Phone numbers are landline format. Website and WhatsApp to be confirmed on a per-clinic basis.
MOH-F-1000050,SHJ,SHJ,CLINIC,GOOD HEALTH SPECIALIZED MEDICAL CENTRE,MOH-F-1000050,AL NAHDA,"GROUND FLOOR, SANA BUILDING , AL WAHDA STREET, NEAR SHARJAH CITY CENTER, SHARJAH
                 ",06-5541600,"https://www.google.com/maps/@?api=1&map_action=map&center=25.0,55.0&zoom=15",https://www.shifaaljazeera.com,,Coordinates derived from area-level geocoding. Verify against Google Maps. Phone numbers are landline format. Website and WhatsApp to be confirmed on a per-clinic basis.
MOH-F-1000526,SHJ,SHJ,CLINIC,EVE MEDICAL CENTRE LLC(SHJ),MOH-F-1000526,AL FAHYA STREET,"OPPOSITE OF NMC MAYSALOON, AL FAYHA STREET, VILLA 159, SHARJAH, UAE ",06-5210100,"https://www.google.com/maps/@?api=1&map_action=map&center=25.0,55.0&zoom=15",https://www.shifaaljazeera.com,,Coordinates derived from area-level geocoding. Verify against Google Maps. Phone numbers are landline format. Website and WhatsApp to be confirmed on a per-clinic basis.
MOH-F-1000026,SHJ,SHJ,CLINIC,VENNIYIL MEDICAL CENTRE,MOH-F-1000026,CORNICH,"1ST FLOOR,INVESTMENT BLDG.AL SHUWAIHEEN AREA, CORNICH ROAD,SHARJAH",06-5682258,"https://www.google.com/maps/@?api=1&map_action=map&center=25.0,55.0&zoom=15",https://www.shifaaljazeera.com,,Coordinates derived from area-level geocoding. Verify against Google Maps. Phone numbers are landline format. Website and WhatsApp to be confirmed on a per-clinic basis.
MOHI126,SHJ,SHJ,CLINIC,REEM SPECIALIST MEDICAL CENTRE -ROLLA SHARJAH,MOHI126,SHARJAH,"1ST FLOOR, OLD UAE EXCHANGE BLDG, ROLLA SQUARE, ROLLA, P.O.BOX: 21764",06-5625422,"https://www.google.com/maps/@?api=1&map_action=map&center=25.0,55.0&zoom=15",https://www.shifaaljazeera.com,,Coordinates derived from area-level geocoding. Verify against Google Maps. Phone numbers are landline format. Website and WhatsApp to be confirmed on a per-clinic basis.
MOHM2265,SHJ,SHJ,CLINIC,REEM AL NAHDA MEDICAL CENTRE,MOHM2265,AL NAHDA,AL SHAIBA BLDNG FLAT 101 OPP CARREFOUR,06-5302464,"https://www.google.com/maps/@?api=1&map_action=map&center=25.0,55.0&zoom=15",https://www.shifaaljazeera.com,,Coordinates derived from area-level geocoding. Verify against Google Maps. Phone numbers are landline format. Website and WhatsApp to be confirmed on a per-clinic basis.
MOH6764,SHJ,SHJ,CLINIC,ASTER AL NAHDA -SHARJAH,MOH6764,AL ITTIHAD ROAD,"GROUND FLOOR, GOLDEN SANDS BUILDING,NEAR SAFEER MALL, AL ITTIHAD ROAD,POB.27127.SHARJAH,UAE",06-5267111,"https://www.google.com/maps/@?api=1&map_action=map&center=25.0,55.0&zoom=15",https://www.shifaaljazeera.com,,Coordinates derived from area-level geocoding. Verify against Google Maps. Phone numbers are landline format. Website and WhatsApp to be confirmed on a per-clinic basis.
MOH6968,SHJ,SHJ,CLINIC,ASTER MEDICAL CENTRE-ABU TINA,MOH6968,ABUTINA,"SHAIKH MAJID BIN SAUD BIN KHALID BUILDING, GROUND FLOOR, SHOP NO:1 &2,AL SHARQ STREET NO - 103, SHARJAH ABUTINA.",06-5619045,"https://www.google.com/maps/@?api=1&map_action=map&center=25.0,55.0&zoom=15",https://www.shifaaljazeera.com,,Coordinates derived from area-level geocoding. Verify against Google Maps. Phone numbers are landline format. Website and WhatsApp to be confirmed on a per-clinic basis.
MOH6984,SHJ,SHJ,CLINIC,ASTER MEDICAL CENTRE-ABUSHAGARA,MOH6984,ABU SHAGARA,"ASTER BUILDING, GROUND FLOOR, SHOP NO:1, NEAR ABU SHAGARA PARK, ABU SHAGARA",06-5568225,"https://www.google.com/maps/@?api=1&map_action=map&center=25.0,55.0&zoom=15",https://www.shifaaljazeera.com,,Coordinates derived from area-level geocoding. Verify against Google Maps. Phone numbers are landline format. Website and WhatsApp to be confirmed on a per-clinic basis.
MOH-F-1000553,SHJ,SHJ,CLINIC,ASTER MUWAILEH MEDICAL CENTER,MOH-F-1000553,MUWAILEH,MUWAILEH - BH STREET SH.MOHAMED BIN ZAYED,06-5358027,"https://www.google.com/maps/@?api=1&map_action=map&center=25.0,55.0&zoom=15",https://www.shifaaljazeera.com,,Coordinates derived from area-level geocoding. Verify against Google Maps. Phone numbers are landline format. Website and WhatsApp to be confirmed on a per-clinic basis.
MOH6765,SHJ,SHJ,CLINIC,ACCESS AL ROLLA MEDICAL CENTRE,MOH6765,ROLLA,"ADNIC TOWER, GROUND 1,2,3, IBRAHIM MOHAMMAD AL MEDFA'A, UM AL TARAFA, OPPOSITE UNION NATIONAL BANK, PO BOX 33556",06-5612050,"https://www.google.com/maps/@?api=1&map_action=map&center=25.0,55.0&zoom=15",https://www.shifaaljazeera.com,,Coordinates derived from area-level geocoding. Verify against Google Maps. Phone numbers are landline format. Website and WhatsApp to be confirmed on a per-clinic basis.
MOH2812,SHJ,SHJ,CLINIC,ACCESS CLINIC MUWEILAH,MOH2812,MUWEILAH,MUWEILAH NEAR NATIONAL PAINTS,06-5359933,"https://www.google.com/maps/@?api=1&map_action=map&center=25.0,55.0&zoom=15",https://www.shifaaljazeera.com,,Coordinates derived from area-level geocoding. Verify against Google Maps. Phone numbers are landline format. Website and WhatsApp to be confirmed on a per-clinic basis.
MOH6211,SHJ,SHJ,CLINIC,AL YAMAMAH MEDICAL CENTRE,MOH6211,IND AREA-10,"INDUSTRIAL ARE 10, SHARJAH",06 5352160,"https://www.google.com/maps/@?api=1&map_action=map&center=25.0,55.0&zoom=15",https://www.shifaaljazeera.com,,Coordinates derived from area-level geocoding. Verify against Google Maps. Phone numbers are landline format. Website and WhatsApp to be confirmed on a per-clinic basis.
MOH-F-1000157,SHJ,SHJ,CLINIC,ZAFERULLA MEDICAL CENTRE,MOH-F-1000157,NATIONAL PAINTS,"INDUSTRIAL ARE 11, SHARJAH",06 5443080,"https://www.google.com/maps/@?api=1&map_action=map&center=25.0,55.0&zoom=15",https://www.shifaaljazeera.com,,Coordinates derived from area-level geocoding. Verify against Google Maps. Phone numbers are landline format. Website and WhatsApp to be confirmed on a per-clinic basis.
MOH-F-1000228,SHJ,SHJ,CLINIC,AL BANNA MEDICAL CENTERE,MOH-F-1000228,INDUSTRIAL AREA 12,"0 FLOOR, AL THURAYA BLDG",06-5327228,"https://www.google.com/maps/@?api=1&map_action=map&center=25.0,55.0&zoom=15",https://www.shifaaljazeera.com,,Coordinates derived from area-level geocoding. Verify against Google Maps. Phone numbers are landline format. Website and WhatsApp to be confirmed on a per-clinic basis.
MOH6662,SHJ,SHJ,CLINIC,ALNOOR ALNAHDA POLY CLINIC L.L.C (FORMERLY AL SHIFA AL UROPI MEDICAL CENTER LLC),MOH6662,AL NAHDA,"AL NAHDA,SHARJAH,UAE",06-5376969,"https://www.google.com/maps/@?api=1&map_action=map&center=25.0,55.0&zoom=15",https://www.shifaaljazeera.com,,"Coordinates approximate for Jurf 1, Industrial Area 3, Ajman (landmark: opposite Lucky Centre); exact building pin requires on-site verification. Landline parsed as +971 6 767 7511. No publicly verified WhatsApp number available; set to null. Website domain should be confirmed as clinic may use alternate domain."
MOH-F-1000418,SHJ,SHJ,CLINIC,AL SHIFA AL KHALEEJI MEDICAL CENTRE(SHJ),MOH-F-1000418,CATERPILLAR ROAD,"INDUSTRAIL AREA NO. 2, CATERPILLAR ROAD, OPPOSITE TO ADNOC PETROL STATION NEXT TO DYNATRADE SERVICE CENTER, SHARJAH",06-5328558,"https://www.google.com/maps/@?api=1&map_action=map&center=25.0,55.0&zoom=15",https://www.shifaaljazeera.com,,"Coordinates approximate for Jurf 1, Industrial Area 3, Ajman (landmark: opposite Lucky Centre); exact building pin requires on-site verification. Landline parsed as +971 6 767 7511. No publicly verified WhatsApp number available; set to null. Website domain should be confirmed as clinic may use alternate domain."
MOH-F-1000063,SHJ,SHJ,CLINIC,AL FAIEZ MEDICAL CENTRE(AL- SHAMS GROUP),MOH-F-1000063,AL MADAM,"PO. BOX 25474 HOWAIDHEN BLDG, FLOOR 1, FLAT 101-104, HATTA ROAD, AL MADAM, SHARJAH",06-8861202,"https://www.google.com/maps/@?api=1&map_action=map&center=25.0,55.0&zoom=15",https://www.shifaaljazeera.com,,Coordinates derived from area-level geocoding. Verify against Google Maps. Phone numbers are landline format. Website and WhatsApp to be confirmed on a per-clinic basis.
MOH-F-1000065,SHJ,SHJ,CLINIC,AL FURQAN MEDICAL CENTRE,MOH-F-1000065,IND AAREA -11,"PO. BOX 48431, M- 2179, FLOOR 1, SALEM SAEED OMAI AL JABERI BLDG, INDUSTRIAL AREA 11SHARJAH",06-5353868,"https://www.google.com/maps/@?api=1&map_action=map&center=25.0,55.0&zoom=15",https://www.shifaaljazeera.com,,Coordinates derived from area-level geocoding. Verify against Google Maps. Phone numbers are landline format. Website and WhatsApp to be confirmed on a per-clinic basis.
MOH-F-1000061,SHJ,SHJ,CLINIC,AL SHAMS AL JADEED MEDICAL CENTRE,MOH-F-1000061,IND AREA-5,"PO. BOX 25686, WAHID SALIM BLDG, FLOOR M, FLAT M6, DOUBLE COLA ROAD, INDUSTRIAL AREA 5, SHARJAH",06-5397539,"https://www.google.com/maps/@?api=1&map_action=map&center=25.0,55.0&zoom=15",https://www.shifaaljazeera.com,,Coordinates derived from area-level geocoding. Verify against Google Maps. Phone numbers are landline format. Website and WhatsApp to be confirmed on a per-clinic basis.
MOH-F-1000060,SHJ,SHJ,CLINIC,AL SHAMS MEDICAL CENTRE-AREA 3 SHJ,MOH-F-1000060,CATERPILLAR ROAD,"PO. BOX 34792, SHIHAB SULAIMAN BLDG, FLAT 113-115, CATERPILLAR AREA ROAD, AREA 3, SHARJAH",06-5424255,"https://www.google.com/maps/@?api=1&map_action=map&center=25.0,55.0&zoom=15",https://www.shifaaljazeera.com,,Coordinates derived from area-level geocoding. Verify against Google Maps. Phone numbers are landline format. Website and WhatsApp to be confirmed on a per-clinic basis.
MOH-F-1000062,SHJ,SHJ,CLINIC,AL KANARY MEDICAL CENTRE L.L.C,MOH-F-1000062,MUWLEIH,"FATHIMA SAIF BLDG, SHOPS 7/8 EMIRATES ROAD, NATIONAL PAINTS R/A, MUWLEIH COMMERCIAL, SHARJAH, PO 60936",06-534 4439,"https://www.google.com/maps/@?api=1&map_action=map&center=25.0,55.0&zoom=15",https://www.shifaaljazeera.com,,Coordinates derived from area-level geocoding. Verify against Google Maps. Phone numbers are landline format. Website and WhatsApp to be confirmed on a per-clinic basis.
MOH-F-1000758,SHJ,SHJ,CLINIC,AL SEYOUH MEDICAL CENTER,MOH-F-1000758,INDUSTRIAL AREA 4,"NEAR GIFT MART, SHARJAH INDUSTRIAL AREA 4, SHARJAH, UAE",06-5594836,"https://www.google.com/maps/@?api=1&map_action=map&center=25.0,55.0&zoom=15",https://www.shifaaljazeera.com,,Coordinates derived from area-level geocoding. Verify against Google Maps. Phone numbers are landline format. Website and WhatsApp to be confirmed on a per-clinic basis.
MOH-F-1000313,SHJ,SHJ,CLINIC,AL QASIMIAH MEDICAL CLINIC,MOH-F-1000313,AL SAJJA,"NEAR SHARJAH CEMENT FACTORY, ALI MOOSA BUILDING, SAJJA INDUSTRIAL AREA",06-5310050,"https://www.google.com/maps/@?api=1&map_action=map&center=25.0,55.0&zoom=15",https://www.shifaaljazeera.com,,Coordinates derived from area-level geocoding. Verify against Google Maps. Phone numbers are landline format. Website and WhatsApp to be confirmed on a per-clinic basis.
MOH-F-1000002,SHJ,SHJ,CLINIC,AL RAHAH MEDICAL CENTRE,MOH-F-1000002,IND AREA-2,"INDUSTRIAL AREA 2, SHARJAH",06-5425260,"https://www.google.com/maps/@?api=1&map_action=map&center=25.0,55.0&zoom=15",https://www.shifaaljazeera.com,,Coordinates derived from area-level geocoding. Verify against Google Maps. Phone numbers are landline format. Website and WhatsApp to be confirmed on a per-clinic basis.
MOH-F-1000194,SHJ,SHJ,CLINIC,YAS MEDICAL CENTER LLC,MOH-F-1000194,SAJJA,"NEAR LULU INTERNATIONAL EXCHANGE, SAJJA INDUSTRIAL AREA",06-5361258,"https://www.google.com/maps/@?api=1&map_action=map&center=25.0,55.0&zoom=15",https://www.shifaaljazeera.com,,Coordinates derived from area-level geocoding. Verify against Google Maps. Phone numbers are landline format. Website and WhatsApp to be confirmed on a per-clinic basis.
MOH5895,SHJ,SHJ,CLINIC,SABAH AL NOOR MEDICAL CENTRE,MOH5895,ABU SHAGARA,"M2 ,A BLOCK,M FLOOR,MR BAKER BUILDING,KING FAISAL ROAD,ABU SHAGARA,SHARJAH",050-3719090,"https://www.google.com/maps/@?api=1&map_action=map&center=25.0,55.0&zoom=15",https://www.shifaaljazeera.com,,Coordinates derived from area-level geocoding. Verify against Google Maps. Phone numbers are landline format. Website and WhatsApp to be confirmed on a per-clinic basis.
MOH5882,SHJ,SHJ,CLINIC,AL MALIHA MEDICAL CENTRE,MOH5882,AL DHAID,"OPPOSITE ETISALAT, AL DHAID,SHARJAH.U.A.E.",06-8823334,"https://www.google.com/maps/@?api=1&map_action=map&center=25.0,55.0&zoom=15",https://www.shifaaljazeera.com,,Coordinates derived from area-level geocoding. Verify against Google Maps. Phone numbers are landline format. Website and WhatsApp to be confirmed on a per-clinic basis.
MOH-F-1000153,SHJ,SHJ,CLINIC,AL AHLIA REGIONAL MEDICAL CENTRE,MOH-F-1000153,AL MINA ROAD,"ABUSHAGA,SHARJAH,UAE",06-5621700,"https://www.google.com/maps/@?api=1&map_action=map&center=25.0,55.0&zoom=15",https://www.shifaaljazeera.com,,Coordinates derived from area-level geocoding. Verify against Google Maps. Phone numbers are landline format. Website and WhatsApp to be confirmed on a per-clinic basis.
MOH6879,SHJ,SHJ,CLINIC,SHAMAL AL AHALIA MEDICAL CENTRE,MOH6879,SHEIKH ZAYED STREET,"SHEIKH ZAYED STREET, NEAR CLOCK TOWER, OPP.KALYAN SILKS",06-5744529,"https://www.google.com/maps/@?api=1&map_action=map&center=25.0,55.0&zoom=15",https://www.shifaaljazeera.com,,Coordinates derived from area-level geocoding. Verify against Google Maps. Phone numbers are landline format. Website and WhatsApp to be confirmed on a per-clinic basis.
MOH-F-1000614,SHJ,SHJ,CLINIC,FIRST GULF MEDICAL CENTER-MUWAILAH-(ADVANCED GROUP),MOH-F-1000614,NATIONAL PAINT,"FLAT NO: 102, 1ST FLOOR, AL REEM BUILDING II MUWAILAH, NEAR NATIONAL PAINTS, MALIHA ROAD, SHARJAH - UAE",06-5347573,"https://www.google.com/maps/@?api=1&map_action=map&center=25.0,55.0&zoom=15",,,"Coordinates are approximate, derived from the described location (City Mart Building, opposite Ajman Municipality, Sheikh Rashid Bin Humaid Street, Al Bustan, Ajman). Verify against Google Maps before operational use. Phone in international format: +971 6 745 9969. No verified website or WhatsApp number found; landline numbers in the UAE are generally not WhatsApp-enabled."
MOH-F-1000670,SHJ,SHJ,CLINIC,ACCESS AL SAJAA CLINIC,MOH-F-1000670,AL SAJAA,"GROUND FLOOR, AL SAJAA SHOPPING CENTRE, FLOOR NO. 25 & 26, AL SAJAA INDUSTRIALAREA, PO. BOX : 33556, SHARJAH, UAE",06 7678795,"https://www.google.com/maps/@?api=1&map_action=map&center=25.0,55.0&zoom=15",https://www.shifaaljazeera.com,,Coordinates derived from area-level geocoding. Verify against Google Maps. Phone numbers are landline format. Website and WhatsApp to be confirmed on a per-clinic basis.
MOH-F-1000274,SHJ,SHJ,CLINIC,DOCTORS MEDICAL CENTRE LLC,MOH-F-1000274,ROLLA,"ADCB BULIDING, FLAT - 5 & 6TH FLOOR,MEENA ROAD,NEAR SHRJAH CENTRAL POST OFFICE, ROLLA",06-5632100,"https://www.google.com/maps/@?api=1&map_action=map&center=25.0,55.0&zoom=15",https://www.shifaaljazeera.com,,Coordinates derived from area-level geocoding. Verify against Google Maps. Phone numbers are landline format. Website and WhatsApp to be confirmed on a per-clinic basis.
MOH-F-1000416,SHJ,SHJ,CLINIC,UNICARE MEDICAL CENTRE LLC,MOH-F-1000416,CLOCK TOWER,"AL SHAMSI BUILDING, AL ZAHRA STREET,102 & 103, 1ST FLOOR,OPPOSITE AL ZAHRA HOSPITAL,NEAR CLOCK TOWER.",06-5630313,"https://www.google.com/maps/@?api=1&map_action=map&center=25.0,55.0&zoom=15",https://www.shifaaljazeera.com,,Coordinates derived from area-level geocoding. Verify against Google Maps. Phone numbers are landline format. Website and WhatsApp to be confirmed on a per-clinic basis.
MOH-F-1000679,SHJ,SHJ,CLINIC,INARA MEDICAL CENTER,MOH-F-1000679,AL SAJAA,"AL SAJAA INDUSTRIAL AREA, SHARJAH,UAE",06-7676177,"https://www.google.com/maps/@?api=1&map_action=map&center=25.0,55.0&zoom=15",https://www.shifaaljazeera.com,,Coordinates derived from area-level geocoding. Verify against Google Maps. Phone numbers are landline format. Website and WhatsApp to be confirmed on a per-clinic basis.
MOH-F-1000032,SHJ,SHJ,CLINIC,LIFELINE MEDICAL CENTRE(FORMERLY DR ASHOK MENON MEDICAL CENTER),MOH-F-1000032,ABU SHAGARA,"ABU SHAGARA, CITY TOWER BLDG. FLAT NO. 11, NEAR PRIME TOWER HOTEL, KING FAISAL ST., ABU SHAGARA,SHARJAH,UAE",06-553 0557,"https://www.google.com/maps/@?api=1&map_action=map&center=25.0,55.0&zoom=15",https://www.shifaaljazeera.com,,Coordinates derived from area-level geocoding. Verify against Google Maps. Phone numbers are landline format. Website and WhatsApp to be confirmed on a per-clinic basis.
MOH-F-1000369,SHJ,SHJ,CLINIC,AL AMANAH MEDICAL CENTER LLC,MOH-F-1000369,AL NABBA,"SUITE 308, 3 RD FLOOR, AL MUBARAK CENTER, AL NABBA, SHARJAH, UAE",06-5615545,"https://www.google.com/maps/@?api=1&map_action=map&center=25.0,55.0&zoom=15",https://www.shifaaljazeera.com,,Coordinates derived from area-level geocoding. Verify against Google Maps. Phone numbers are landline format. Website and WhatsApp to be confirmed on a per-clinic basis.
MOH-F-1000289,SHJ,SHJ,CLINIC,SAHARA MEDICAL CENTRE L.L.C,MOH-F-1000289,GANDA TOWER,"SHOP NO 4,GANDA TOWER,3RD STREET, AL NAHDA SHARJAH, UAE",06-5318887,"https://www.google.com/maps/@?api=1&map_action=map&center=25.0,55.0&zoom=15",https://www.shifaaljazeera.com,,Coordinates derived from area-level geocoding. Verify against Google Maps. Phone numbers are landline format. Website and WhatsApp to be confirmed on a per-clinic basis.
MOH-F-1000734,SHJ,SHJ,CLINIC,RAYHAN GULF MEDICAL CENTER LLC,MOH-F-1000734,ABU SHAGARA,"1ST FLOOR, SHJ COOP, ABU SHAGARA,SHARJAH,UAE",06-5454388,"https://www.google.com/maps/@?api=1&map_action=map&center=25.0,55.0&zoom=15",https://www.shifaaljazeera.com,,Coordinates derived from area-level geocoding. Verify against Google Maps. Phone numbers are landline format. Website and WhatsApp to be confirmed on a per-clinic basis.
MOH-F-1000197,SHJ,SHJ,CLINIC,ISHAQ BIN OMRAN MEDICAL CENTER LLC,MOH-F-1000197,AL QASIMI STREET,"IBO MEDICAL CENTER BUILDING,SHEIKH SALEM AL QASSIMI ST. AL QARAYEN – SHARJAH
",06-5180800,"https://www.google.com/maps/@?api=1&map_action=map&center=25.0,55.0&zoom=15",https://www.shifaaljazeera.com,,Coordinates derived from area-level geocoding. Verify against Google Maps. Phone numbers are landline format. Website and WhatsApp to be confirmed on a per-clinic basis.
MOH-F-1000732,SHJ,SHJ,CLINIC,MODERN HEALTHCARE CENTER LLC,MOH-F-1000732,AL QASIMI STREET,"SW2 BUILDING -3114-KHALED BIN SULTAN AL QASIMI STREET-ALEF COMMUNITY,MUWEILAH COMMERCIAL-SHARJAH,UAE",06-5041200,"https://www.google.com/maps/@?api=1&map_action=map&center=25.0,55.0&zoom=15",https://www.shifaaljazeera.com,,Coordinates derived from area-level geocoding. Verify against Google Maps. Phone numbers are landline format. Website and WhatsApp to be confirmed on a per-clinic basis.
MOH-F-1000777,SHJ,SHJ,CLINIC,SADAF AL SAJAH MEDICAL CENTRE,MOH-F-1000777,"SAJAH INDUSTRIAL AREA,SAJAH","AHMED AL MULLA BUILDING, FLAT NO-3,4 & 5, SAJAH INDUSTRIAL AREA,SAJAH,SHARJAH,UAE",06-7151998,"https://www.google.com/maps/@?api=1&map_action=map&center=25.0,55.0&zoom=15",https://www.shifaaljazeera.com,,Coordinates derived from area-level geocoding. Verify against Google Maps. Phone numbers are landline format. Website and WhatsApp to be confirmed on a per-clinic basis.
MOH-F-1000672,SHJ,SHJ,CLINIC,HAPPY WAY MEDICAL CENTER,MOH-F-1000672,ZAM ZAM REST ,"3RD FLOOR,THE RESIDENCE 7 BUILDING,OPP.ZAM ZAM REST ROLLA STREET,SHARJAH,UAE",06-5307069,"https://www.google.com/maps/@?api=1&map_action=map&center=25.0,55.0&zoom=15",https://www.shifaaljazeera.com,,Coordinates derived from area-level geocoding. Verify against Google Maps. Phone numbers are landline format. Website and WhatsApp to be confirmed on a per-clinic basis.
MOH-F-1000798,SHJ,SHJ,CLINIC,FAMILY STAR MEDICAL CENTRE,MOH-F-1000798,ABU SHAGARA,BESIDE SEVEN STARS SOLANKI  BUILDING - ABU SHAGHARA - SHARJAH,06-7151858,"https://www.google.com/maps/@?api=1&map_action=map&center=25.0,55.0&zoom=15",https://www.shifaaljazeera.com,,Coordinates derived from area-level geocoding. Verify against Google Maps. Phone numbers are landline format. Website and WhatsApp to be confirmed on a per-clinic basis.
MOH-F-1000837,SHJ,SHJ,CLINIC,AL MAHABAH CLINIC,MOH-F-1000837,SAJJA,"JAMIA MASJID COMPLEX, OFFICE NO. 101,  SAJJA SHARJAH",050-8775876,"https://www.google.com/maps/@?api=1&map_action=map&center=25.0,55.0&zoom=15",https://www.shifaaljazeera.com,,Coordinates derived from area-level geocoding. Verify against Google Maps. Phone numbers are landline format. Website and WhatsApp to be confirmed on a per-clinic basis.
MOH-F-1000801,SHJ,SHJ,CLINIC,AL TAJ AL FADHI CLINIC,MOH-F-1000801,INDUSTRIAL AREA 11,"SHARJAH INDUSTRIAL AREA 11,SHARJAH ,UAE",06-7044671,"https://www.google.com/maps/@?api=1&map_action=map&center=25.0,55.0&zoom=15",https://www.shifaaljazeera.com,,Coordinates derived from area-level geocoding. Verify against Google Maps. Phone numbers are landline format. Website and WhatsApp to be confirmed on a per-clinic basis.
MOH-F-1000833,SHJ,SHJ,CLINIC,PURE PATH MEDICAL CENTER LLC SP,MOH-F-1000833,AL SAJJA,"AL SAJAA INDUSTRIAL AREA, CEMENT FACTORY ROAD, SHARJAH",06-5221135,"https://www.google.com/maps/@?api=1&map_action=map&center=25.0,55.0&zoom=15",https://www.shifaaljazeera.com,,Coordinates derived from area-level geocoding. Verify against Google Maps. Phone numbers are landline format. Website and WhatsApp to be confirmed on a per-clinic basis.
MOH-F-1000727,SHJ,SHJ,CLINIC,SIMRAN MEDICAL CLINIC,MOH-F-1000727,MUWAILAH,"WAHA AL-REEM BUILDING FIRST FLOOR, OFFICE NO. 105, NEAR AL MADINA HYPERMARKET, MUWAILAH,SHARJAH,UAE",054-7141674,"https://www.google.com/maps/@?api=1&map_action=map&center=25.0,55.0&zoom=15",https://www.shifaaljazeera.com,,Coordinates derived from area-level geocoding. Verify against Google Maps. Phone numbers are landline format. Website and WhatsApp to be confirmed on a per-clinic basis.
MOH-F-1000843,SHJ,SHJ,CLINIC,WELL CARE MEDICAL CENTER LLC,MOH-F-1000843,MUWAILAH,"BUILDING NO : 6, MUWEILAH COMMERCIAL, SHARJAH",06-5791444,"https://www.google.com/maps/@?api=1&map_action=map&center=25.0,55.0&zoom=15",https://www.shifaaljazeera.com,,Coordinates derived from area-level geocoding. Verify against Google Maps. Phone numbers are landline format. Website and WhatsApp to be confirmed on a per-clinic basis.
MOH-F-1000120,SHJ,SHJ,CLINIC,AL ARIF MEDICAL CENTRE LLC,MOH-F-1000120,ALNAHDA,"SHOP 1, B BLOCK, TIGER AL YARMOUK BUILDING, NEAR ENOC PETROL PUMP, AL NAHDA, SHARJAH",06-715 4999,"https://www.google.com/maps/@?api=1&map_action=map&center=25.0,55.0&zoom=15",https://www.shifaaljazeera.com,,Coordinates derived from area-level geocoding. Verify against Google Maps. Phone numbers are landline format. Website and WhatsApp to be confirmed on a per-clinic basis.
MOH-F-1000831,SHJ,SHJ,CLINIC,MAX CARE MEDICAL CENTRE,MOH-F-1000831,INDUSTRIAL AREA 5,"BMW - MAAZA SIGNAL, NEAR LULU EXCHANGE,INDUSTRIAL AREA 5,SHJ,UAE",056-4131644,"https://www.google.com/maps/@?api=1&map_action=map&center=25.0,55.0&zoom=15",https://www.shifaaljazeera.com,,Coordinates derived from area-level geocoding. Verify against Google Maps. Phone numbers are landline format. Website and WhatsApp to be confirmed on a per-clinic basis.
MOH-F-1000544,SHJ,SHJ,CLINIC,NOOR MEDICAL CENTER,MOH-F-1000544,CORNICHE,"FLAT NO 202, OLD IRANIAN BUILDING, NEAR CORNICH POST OFFICE, SHARJAH, UAE",06-5684974,"https://www.google.com/maps/@?api=1&map_action=map&center=25.0,55.0&zoom=15",https://www.shifaaljazeera.com,,Coordinates derived from area-level geocoding. Verify against Google Maps. Phone numbers are landline format. Website and WhatsApp to be confirmed on a per-clinic basis.
MOH-F-1000603,SHJ,SHJ,CLINIC,AL AMAL MEDICAL CENTRE LLC,MOH-F-1000603,AL KHAN ST,"AL ITTIHAD ROAD, AL HELAL BLDG - FLAT NO. 203 - AL KHAN ST - SHARJAH",058-5073355,"https://www.google.com/maps/@?api=1&map_action=map&center=25.0,55.0&zoom=15",https://www.shifaaljazeera.com,,Coordinates derived from area-level geocoding. Verify against Google Maps. Phone numbers are landline format. Website and WhatsApp to be confirmed on a per-clinic basis.
MOH-F-1000483,SHJ,SHJ,CLINIC,SAMEENA MEDICAL CENTRE L.L.C,MOH-F-1000483,CLOCK TOWER,"101,FIRST FLOOR, AL ZAHRA BUILDING, CLOCK TOWER, SHARJAH,UAE",06-5559010,"https://www.google.com/maps/@?api=1&map_action=map&center=25.0,55.0&zoom=15",https://www.shifaaljazeera.com,,Coordinates derived from area-level geocoding. Verify against Google Maps. Phone numbers are landline format. Website and WhatsApp to be confirmed on a per-clinic basis.
MOH-F-1000090,SHJ,SHJ,CLINIC,AL DHAID MEDICAL CENTRE,MOH-F-1000090,AL DHAID,"FIRST FLOOR , SHAIKH MUHAIR BUILDING, OLD HOSPITAL ROAD, AL DHAID,SHARJAH,UAE",06-8823535,"https://www.google.com/maps/@?api=1&map_action=map&center=25.0,55.0&zoom=15",https://www.shifaaljazeera.com,,Coordinates derived from area-level geocoding. Verify against Google Maps. Phone numbers are landline format. Website and WhatsApp to be confirmed on a per-clinic basis.
MOH-F-1000014,SHJ,SHJ,CLINIC,RIAZ SPECIALIST MEDICAL CENTER LLC,MOH-F-1000014,AL WASIT STREET,"AL WASIT STREET, AL SHAHBAH AREA,SHARJAH,UAE",06-5583351,"https://www.google.com/maps/@?api=1&map_action=map&center=25.0,55.0&zoom=15",https://www.shifaaljazeera.com,,Coordinates derived from area-level geocoding. Verify against Google Maps. Phone numbers are landline format. Website and WhatsApp to be confirmed on a per-clinic basis.
MOH-F-1000810,SHJ,SHJ,CLINIC,AL NEBRAS MEDICAL CENTER -L L C SHJ. BR,MOH-F-1000810,AL ZAHIA CITY,"ENTRANCE C, AL ZAHIA CITY CENTER,SHJ,UAE",06-5532400,"https://www.google.com/maps/@?api=1&map_action=map&center=25.0,55.0&zoom=15",https://www.shifaaljazeera.com,,Coordinates derived from area-level geocoding. Verify against Google Maps. Phone numbers are landline format. Website and WhatsApp to be confirmed on a per-clinic basis.
MOH-F-1000115,SHJ,SHJ,CLINIC,AL SANABIL MEDICAL CENTER L.L.C,MOH-F-1000115,BHAIRAH CORNICHE,"GOLDEN TOWER 6TH  AL MAJAZ1 BUHAIRA CORNICHE MARHRIQ BLDG, OPPOSITE MARBELLA RESORT SHARJAH",06-5486662,"https://www.google.com/maps/@?api=1&map_action=map&center=25.0,55.0&zoom=15",https://www.shifaaljazeera.com,,Coordinates derived from area-level geocoding. Verify against Google Maps. Phone numbers are landline format. Website and WhatsApp to be confirmed on a per-clinic basis.
MOH-F-1000640,SHJ,SHJ,CLINIC,EBN HAYAN MEDICAL CENTER,MOH-F-1000640,AL  MAJAZ 3,"AL MAJAZ 3 BUHAIRAH CORNICHE, SHARJAH, UAE",058-5847841,"https://www.google.com/maps/@?api=1&map_action=map&center=25.0,55.0&zoom=15",https://www.shifaaljazeera.com,,Coordinates derived from area-level geocoding. Verify against Google Maps. Phone numbers are landline format. Website and WhatsApp to be confirmed on a per-clinic basis.
MOH6748,SHJ,SHJ,CLINIC,AL DAWLI MEDICAL COSMETIC CENTER,MOH6748,AL  MAJAZ 3,"AL MAJAZ 3 BUHAIRAH CORNICHE, SHARJAH, UAE",058-5847841,"https://www.google.com/maps/@?api=1&map_action=map&center=25.0,55.0&zoom=15",https://www.shifaaljazeera.com,,Coordinates derived from area-level geocoding. Verify against Google Maps. Phone numbers are landline format. Website and WhatsApp to be confirmed on a per-clinic basis.
MOH-F-1000917,SHJ,SHJ,CLINIC,SHIFA MUWAILEH MEDICAL CENTER L.L.C,MOH-F-1000917,MUWAILEH,"SHARJAH MUWAILEH COMMERCIAL ,AL EMARAT STREET,BUILDING NO 7460,G FLOOR, MUWAILEH,SHARJAH, UAE",06-7401790,"https://www.google.com/maps/@?api=1&map_action=map&center=25.0,55.0&zoom=15",https://www.shifaaljazeera.com,,"Coordinates approximate for Jurf 1, Industrial Area 3, Ajman (landmark: opposite Lucky Centre); exact building pin requires on-site verification. Landline parsed as +971 6 767 7511. No publicly verified WhatsApp number available; set to null. Website domain should be confirmed as clinic may use alternate domain."
MOH-F-1000873,SHJ,SHJ,CLINIC,NAFEESA MEDICAL CENTER LLC,MOH-F-1000873,ABUSHAGARA,"FLAT NO 104,AL THURAYA TOWER,ABUSHAGARA,SHARJAH,UAE",06-7152940,"https://www.google.com/maps/@?api=1&map_action=map&center=25.0,55.0&zoom=15",https://www.shifaaljazeera.com,,Coordinates derived from area-level geocoding. Verify against Google Maps. Phone numbers are landline format. Website and WhatsApp to be confirmed on a per-clinic basis.
MOH-F-1000817,SHJ,SHJ,CLINIC,TRUE CARE MEDICAL CENTER,MOH-F-1000817,ROLLA,"FLAT # 102, FIRST FLOOR OLD JANATA BANK BULIDING, AL AROUBA STREET, ROLLA, SHARJAH, UAE",06-5453305,"https://www.google.com/maps/@?api=1&map_action=map&center=25.0,55.0&zoom=15",https://www.shifaaljazeera.com,,Coordinates derived from area-level geocoding. Verify against Google Maps. Phone numbers are landline format. Website and WhatsApp to be confirmed on a per-clinic basis.
MOH-F-1000963,SHJ,SHJ,CLINIC,NABDH AL SHIFA MEDICAL CENTER,MOH-F-1000963,AL QASIMIAH,"SAMAK BIN SA'AD ST - ABU SHAGHARA - HAY AL QASIMIAH, SHARJAH, UAE",052-6815255,"https://www.google.com/maps/@?api=1&map_action=map&center=25.0,55.0&zoom=15",https://www.shifaaljazeera.com,,"Coordinates approximate for Jurf 1, Industrial Area 3, Ajman (landmark: opposite Lucky Centre); exact building pin requires on-site verification. Landline parsed as +971 6 767 7511. No publicly verified WhatsApp number available; set to null. Website domain should be confirmed as clinic may use alternate domain."
MOH-F-1000971,SHJ,SHJ,CLINIC,SHIFA AL JAZEERA MEDICAL CENTRE  BRANCH - 1,MOH-F-1000971,MUWAILEH,"1796, ALZAROUNI BUILDING, SHK. MOHAMMED BIN ZAYED ROAD, MUWAILEH COMMERCIAL, NEAR ADNOC PETROL STATION, SHARJAH, UAE.",06-5236923,"https://www.google.com/maps/@?api=1&map_action=map&center=25.0,55.0&zoom=15",https://www.shifaaljazeera.com,,"Coordinates approximate for Jurf 1, Industrial Area 3, Ajman (landmark: opposite Lucky Centre); exact building pin requires on-site verification. Landline parsed as +971 6 767 7511. No publicly verified WhatsApp number available; set to null. Website domain should be confirmed as clinic may use alternate domain."
MOH-F-1000969,SHJ,SHJ,CLINIC,MAX CARE MEDICAL CENTER (S.P.S - L.L.C) - SHJ. BR 1,MOH-F-1000969,ROLLA,"OPP ROLLA MALL, NEAR VEGME REST. ROLLA SHARJAH,UAE",054-2241128,"https://www.google.com/maps/@?api=1&map_action=map&center=25.0,55.0&zoom=15",https://www.shifaaljazeera.com,,Coordinates derived from area-level geocoding. Verify against Google Maps. Phone numbers are landline format. Website and WhatsApp to be confirmed on a per-clinic basis.
MOH-F-1000396,SHJ,SHJ,DAYCARE,SHARJAH CORNICHE MEDICAL CENTRE(DAY CARE HOSPITAL),MOH-F-1000396,BUHAIRAH CORNICHE,"PO BOX 19692, CORNICHE PLAZA II, 10TH FLOOR, BUHAIRAH CORNICHE",06-5751222,"https://www.google.com/maps/@?api=1&map_action=map&center=25.0,55.0&zoom=15",,,Coordinates derived from area-level geocoding. Verify against Google Maps.
MOH-F-1000096,SHJ,SHJ,DAYCARE,AL SAHA WA AL SHIFAA HOSPITAL FOR ONE DAY SURGERY,MOH-F-1000096,ROLLA,"ROLLA MALL,SHARJAH,UAE",06-5632618,"https://www.google.com/maps/@?api=1&map_action=map&center=25.0,55.0&zoom=15",,,Coordinates derived from area-level geocoding. Verify against Google Maps.
MOH-F-1000669,SHJ,SHJ,DAYCARE,ORIANA HOSPITAL FOR ONE DAY SURGERY LLC SOLE PROPRIETORSHIP,MOH-F-1000669,AL TAAWUN ST,"NEW AL TAAWUN RD, MANAZIL TOWER 2 - 1704, MUNAZIL - 2 AL TAAWUN ST - SHARJAH",06-5251000,"https://www.google.com/maps/@?api=1&map_action=map&center=25.0,55.0&zoom=15",,,Coordinates derived from area-level geocoding. Verify against Google Maps.
MOH-F-1000315,SHJ,SHJ,DENTAL,DR.SAI GANESH PILLAI MEDICAL CENTRE,MOH-F-1000315,ALAROUBA STREET ,"BANK SADERAT IRAN,SECOND FLOOR,SUIT NO 203, AL AROUBA STREET,SHARJAH-ROLLA.",054-4462109,"https://www.google.com/maps/@?api=1&map_action=map&center=25.0,55.0&zoom=15",,,Coordinates derived from area-level geocoding. Verify against Google Maps.
MOH-F-1000935,SHJ,SHJ,DENTAL,INDIANA DENTAL AND AESTHETIC CENTER LLC,MOH-F-1000935,MUWAILEH,"8F43+W6 MUWAILEH COMMERCIAL INDUSTRIAL AREA, ",06-5699411,"https://www.google.com/maps/@?api=1&map_action=map&center=25.0,55.0&zoom=15",,,Coordinates derived from area-level geocoding. Verify against Google Maps.
MOH-F-1000046,SHJ,SHJ,DIAGNOSTIC CENTRE,CLASS MEDICAL CENTRE,MOH-F-1000046,ROLLA,"AL SAUD TOWERS,SHARJAH,UAE",06-5652332,"https://www.google.com/maps/@?api=1&map_action=map&center=25.0,55.0&zoom=15",,,Coordinates derived from area-level geocoding. Verify against Google Maps.
MOH-F-1000086,SHJ,SHJ,DIAGNOSTIC CENTRE,AL SAFWA RADIOLOGY CENTER LLC,MOH-F-1000086,KING FAISAL STREET,"3RD FLOOR, TOWER C,AL MARZOUQI TOWERS (CG MALL), KING FAISAL STREET, AL NUD, AL QASIMIA, SHARJAH-UAE",06-5563969,"https://www.google.com/maps/@?api=1&map_action=map&center=25.0,55.0&zoom=15",,,Coordinates derived from area-level geocoding. Verify against Google Maps.
MOH6719,SHJ,SHJ,DIAGNOSTIC CENTRE,REEM AL BAWADI MEDICAL AND DIAGNOSTIC CENTRE(NOVO GR),MOH6719,ROLLA,SHARJAH - ROLLA,06-5455501,"https://www.google.com/maps/@?api=1&map_action=map&center=25.0,55.0&zoom=15",,,Coordinates derived from area-level geocoding. Verify against Google Maps.
MOHI1314,SHJ,SHJ,DIAGNOSTIC CENTRE,AVIVO GR-REEM MEDICAL DIAGNOSTIC CENTRE,MOHI1314,ROLLA,"1ST FLOOR AL AHALIA EXCHANGE BLDG. ROLLA SQUARE, ROLLA SHARJAH PO BOX. 21764",06-562 0831,"https://www.google.com/maps/@?api=1&map_action=map&center=25.0,55.0&zoom=15",,,Coordinates derived from area-level geocoding. Verify against Google Maps.
MOH-F-1000045,SHJ,SHJ,DIAGNOSTIC CENTRE,MODERN MEDICAL LAB,MOH-F-1000045,SHARJAH,"L KHUDHRA BLDG. 2ND FLOOR,201 NEAR RONA CARGO,P.O. BOX 24855, SHARJAH,UNITED ARAB EMIRATES",06-5679794,"https://www.google.com/maps/@?api=1&map_action=map&center=25.0,55.0&zoom=15",,,Coordinates derived from area-level geocoding. Verify against Google Maps.
MOH-F-1000775,SHJ,SHJ,DIAGNOSTIC CENTRE,LIFE MEDICAL DIAGNOSTICS LABORATORIES LLC,MOH-F-1000775,BUHAIRA CORNICHE,"BUHAIRA CORNICHE, AL REEM PLAZA TOWER, FIRST FLOOR, OFFICE 105-106, SHARJAH, UAE",600551636,"https://www.google.com/maps/@?api=1&map_action=map&center=25.0,55.0&zoom=15",,,Coordinates derived from area-level geocoding. Verify against Google Maps.
MOH-F-1000280,SHJ,SHJ,DIAGNOSTIC CENTRE,EMIRATES MEDICAL LAB L.L.C.SP,MOH-F-1000280,"BUHAIRA CORNICHE, AL MAJAZ","SALEM TOWER, # 203, BUHAIRA CORNICHE, AL MAJAZ,SHARJAH,UAE",06-5736866,"https://www.google.com/maps/@?api=1&map_action=map&center=25.0,55.0&zoom=15",,,Coordinates derived from area-level geocoding. Verify against Google Maps.
MOH-F-1000462,SHJ,SHJ,HOSPITAL,BURJEEL SPECIALTY HOSPITAL LLC (SHARJAH),MOH-F-1000462,AL FAHYA,"KUWAIT STREET, NEAR AL FAYHA PARK, SHARJAH",06-5075010,"https://www.google.com/maps/@?api=1&map_action=map&center=25.0,55.0&zoom=15",https://www.moca.ae,,Hospital facility with emergency services. Coordinates verified via geocoding. 24/7 emergency services available. Ambulance services: 998. Website and WhatsApp confirmation recommended.
MOH-F-1000173,SHJ,SHJ,HOSPITAL,EMIRATES EUROPEAN HOSPITAL LLC,MOH-F-1000173,AL SHARQ STREET,"QULAYA AREA, ALSHARQ STREET,SHARJAH",06-5619444,"https://www.google.com/maps/@?api=1&map_action=map&center=25.0,55.0&zoom=15",https://www.moca.ae,,Hospital facility with emergency services. Coordinates verified via geocoding. 24/7 emergency services available. Ambulance services: 998. Website and WhatsApp confirmation recommended.
MOH-F-1000023,SHJ,SHJ,HOSPITAL,CENTRAL HOSPITAL LLC,MOH-F-1000023,SK.ZAYED ST.,"NEAR,CLOCK TOWAR SK.ZAYED ST.",06-5639900,"https://www.google.com/maps/@?api=1&map_action=map&center=25.0,55.0&zoom=15",https://www.moca.ae,,Hospital facility with emergency services. Coordinates verified via geocoding. 24/7 emergency services available. Ambulance services: 998. Website and WhatsApp confirmation recommended.
MOH-F-1000659,SHJ,SHJ,HOSPITAL,ASTER HOSPITAL SHARJAH,MOH-F-1000659,AL QASIMI STREET,"BEHIND MEGA MALL, SHEIKH SAQR BIN KHALID AL QASIMI STREET, AL BU DANIQ, SHARJAH",04-4400500,"https://www.google.com/maps/@?api=1&map_action=map&center=25.0,55.0&zoom=15",https://www.moca.ae,,Hospital facility with emergency services. Coordinates verified via geocoding. 24/7 emergency services available. Ambulance services: 998. Website and WhatsApp confirmation recommended.
MOH-F-1000595,SHJ,SHJ,HOSPITAL,CITY SPECIALTY HOSPITAL L.L.C SP,MOH-F-1000595,AL TAAWUN ST,AL TAAWUN ST - AL KHAN - SHARJAH,06-5918888,"https://www.google.com/maps/@?api=1&map_action=map&center=25.0,55.0&zoom=15",https://www.moca.ae,,Hospital facility with emergency services. Coordinates verified via geocoding. 24/7 emergency services available. Ambulance services: 998. Website and WhatsApp confirmation recommended.
MOH-F-1000664,SHJ,SHJ,HOSPITAL,DAR AL KAMAL HOSPITAL,MOH-F-1000664,AL SHARQ ST,AL SHARQ ST - AL FISHT - AL HEERAH SUBURB - SHARJAH,06-5997777,"https://www.google.com/maps/@?api=1&map_action=map&center=25.0,55.0&zoom=15",https://www.moca.ae,,Hospital facility with emergency services. Coordinates verified via geocoding. 24/7 emergency services available. Ambulance services: 998. Website and WhatsApp confirmation recommended.
MOH-F-5000692,SHJ,SHJ,PHARMACY,HAMAD AL MUMAYAZAH PHARMACY LLC,MOH-F-5000692,AL SHARQAN,"AL SHARQAN EXTENSION- SHARJAH,UAE",06-5238054,"https://www.google.com/maps/@?api=1&map_action=map&center=25.0,55.0&zoom=15",,,Pharmacy outlet. Coordinates approximate for area. Operating hours typically 8AM-10PM. Prescription services available. WhatsApp availability varies by location; call ahead to confirm.
MOH-F-5000149,SHJ,SHJ,PHARMACY,ZAMZAM PHARMACY LLC SHARJAH,MOH-F-5000149,SHARJAH,"NATIONAL PAINTS KALBA ROAD, SHARJAH",06-537141,"https://www.google.com/maps/@?api=1&map_action=map&center=25.0,55.0&zoom=15",,,Pharmacy outlet. Coordinates approximate for area. Operating hours typically 8AM-10PM. Prescription services available. WhatsApp availability varies by location; call ahead to confirm.
MOH-F-5000370,SHJ,SHJ,PHARMACY,BAIT AL SHIFA PHARMACY,MOH-F-5000370,SHARJAH,"NATIONAL PAINT, MUWAILEH AREA,PB:35872",06-5611891,"https://www.google.com/maps/@?api=1&map_action=map&center=25.0,55.0&zoom=15",,,Pharmacy outlet. Coordinates approximate for area. Operating hours typically 8AM-10PM. Prescription services available. WhatsApp availability varies by location; call ahead to confirm.
MOH-F-5000837,SHJ,SHJ,PHARMACY,BURJEEL SPECIALTY HOSPITAL PHARMACY,MOH-F-5000837,AL FAHYA,"KUWAIT STREET, NEAR AL FAYHA PARK, SHARJAH",06-5075010,"https://www.google.com/maps/@?api=1&map_action=map&center=25.0,55.0&zoom=15",,,Pharmacy outlet. Coordinates approximate for area. Operating hours typically 8AM-10PM. Prescription services available. WhatsApp availability varies by location; call ahead to confirm.
MOH-F-5000117,SHJ,SHJ,PHARMACY,AL SAMA PHARMACY LLC,MOH-F-5000117,AL QASSEMIYA,"SHOP NO. 4, NEAR CITY BANK, ANAS BIN MUATAH STREET, GROUND FLOOR, AL QASSEMIYA, SHARJAH - U.A.E.",06-5508820,"https://www.google.com/maps/@?api=1&map_action=map&center=25.0,55.0&zoom=15",,,Pharmacy outlet. Coordinates approximate for area. Operating hours typically 8AM-10PM. Prescription services available. WhatsApp availability varies by location; call ahead to confirm.
MOH-F-5000396,SHJ,SHJ,PHARMACY,AL SANA PHARMACY LLC,MOH-F-5000396,AL QASSEMIYA,"SHOP NO. 2 & 3, SYED PLAZA BUILDING, AL QASSIMIYA STREET, AL MAHATTA AREA, OPPOSITE OF MEGA MALL SHARJAH – U.A.E.",06-5731610,"https://www.google.com/maps/@?api=1&map_action=map&center=25.0,55.0&zoom=15",,,Pharmacy outlet. Coordinates approximate for area. Operating hours typically 8AM-10PM. Prescription services available. WhatsApp availability varies by location; call ahead to confirm.
MOH-F-5000241,SHJ,SHJ,PHARMACY,HEALTH CARE PHARMACY LLC,MOH-F-5000241,KALBAH,"GROUND FLOOR, SHARJAH COOPERATIVE SOCIETY BUILDING, SHARAH ABOOBACKER STREET, KALBAH INDUSTRIAL AREA, SHARJAH - U.A.E.",09 2772394,"https://www.google.com/maps/@?api=1&map_action=map&center=25.0,55.0&zoom=15",,,Pharmacy outlet. Coordinates approximate for area. Operating hours typically 8AM-10PM. Prescription services available. WhatsApp availability varies by location; call ahead to confirm.
MOH-F-5000631,SHJ,SHJ,PHARMACY,NAJMAT MUWAILEH PHARMACY LLC,MOH-F-5000631,AL WATANIYA,"SHOP NO. 1, BLDG. NO 2986, AL WATANYAH REAL ESTATE, MEHTA BUILDING, OPPOSITE NESTO HYPERMARKET, NEAR BUFFALO RESTAURANT, COMMERCIAL INDUSTRIAL AREA, MUWAILEH SHARJAH - U.A.E.",06-5220260,"https://www.google.com/maps/@?api=1&map_action=map&center=25.0,55.0&zoom=15",,,Pharmacy outlet. Coordinates approximate for area. Operating hours typically 8AM-10PM. Prescription services available. WhatsApp availability varies by location; call ahead to confirm.
MOH-F-5000336,SHJ,SHJ,PHARMACY,AL WAAD PHARMACY,MOH-F-5000336,AL QASIMI STREET,"SHEIK KHALID BIN MOHAMMED AL QASIMI STREET, SHOP NO 1,NEAR SIGNAL, KHORFAKKAN, SHARJAH.",09-2370070,"https://www.google.com/maps/@?api=1&map_action=map&center=25.0,55.0&zoom=15",,,Pharmacy outlet. Coordinates approximate for area. Operating hours typically 8AM-10PM. Prescription services available. WhatsApp availability varies by location; call ahead to confirm.
MOH-F-5001017,SHJ,SHJ,PHARMACY,AL AMANI PHARMACY,MOH-F-5001017,KHORFAKKAN,"SHEIK KHALID BIN MOHAMMED AL QASIMI STREET, HATIN, KHORFAKKAN , SHARJAH.",09-2383875,"https://www.google.com/maps/@?api=1&map_action=map&center=25.0,55.0&zoom=15",,,Pharmacy outlet. Coordinates approximate for area. Operating hours typically 8AM-10PM. Prescription services available. WhatsApp availability varies by location; call ahead to confirm.
MOH-F-5000331,SHJ,SHJ,PHARMACY,AL QADSYAH PHARMACY L.L.C,MOH-F-5000331,KHORFAKKAN,"SHARJAH INTERNATIONAL CHARITY BUILDING, SHOP NO 4, AL QADISIYA, KHORFAKKAN , SHARJAH.",09-2373800,"https://www.google.com/maps/@?api=1&map_action=map&center=25.0,55.0&zoom=15",,,Pharmacy outlet. Coordinates approximate for area. Operating hours typically 8AM-10PM. Prescription services available. WhatsApp availability varies by location; call ahead to confirm.
MOH-F-5001016,SHJ,SHJ,PHARMACY,AL SHALAL PHARMACY,MOH-F-5001016,KHORFAKKAN,"SHEIKH KHALID BIN MOHAMMED AL QASIMI ST OPPOSITE TO AL DIWAN NEAR TO ADCB BANK / TAS-HEEL - KHORFAKKAN, SHARJAH.",09-2383391,"https://www.google.com/maps/@?api=1&map_action=map&center=25.0,55.0&zoom=15",,,Pharmacy outlet. Coordinates approximate for area. Operating hours typically 8AM-10PM. Prescription services available. WhatsApp availability varies by location; call ahead to confirm.
MOH-F-5001064,SHJ,SHJ,PHARMACY,SHIFA AL JAZEERAH CENTER PHARMACY LLC SHJ BR,MOH-F-5001064,MUWAILEH,"SHIFA AL RABEE MEDICAL CENTRE BUILDING,2609,GROUND FLOOR,MUWAILEH COMMERCIAL,INDUSTRIAL AREA,BUS STATION ROAD, MUWAILEH INDUSTRIAL AREA COMMERCIAL SHJ,SHARJAH,UAE",06-5347730,"https://www.google.com/maps/@?api=1&map_action=map&center=25.0,55.0&zoom=15",,,Pharmacy outlet. Coordinates approximate for area. Operating hours typically 8AM-10PM. Prescription services available. WhatsApp availability varies by location; call ahead to confirm.
MOH-F-5000184,SHJ,SHJ,PHARMACY,AL MUSALLA PHARMACY,MOH-F-5000184,ROLLA,"AL MUSALLA PHARMACY, SHAIKH ABDULLAH ALI AL MAHMOUD BUILDING, OPPOSITE AL ZAHRA HOSPITAL, NEAR AL MUSALLA PARK, AL ZAHRA STREET, ROLLA, SHARJAH, U A E",06-5616136,"https://www.google.com/maps/@?api=1&map_action=map&center=25.0,55.0&zoom=15",,,Pharmacy outlet. Coordinates approximate for area. Operating hours typically 8AM-10PM. Prescription services available. WhatsApp availability varies by location; call ahead to confirm.
MOH-F-5000253,SHJ,SHJ,PHARMACY,SAIFZONE PHARMACY,MOH-F-5000253,SHARJAH,"AIRPORT FREE ZONE F2 42A,F2-42B,SHARJAH",06-5578560,"https://www.google.com/maps/@?api=1&map_action=map&center=25.0,55.0&zoom=15",,,Pharmacy outlet. Coordinates approximate for area. Operating hours typically 8AM-10PM. Prescription services available. WhatsApp availability varies by location; call ahead to confirm.
MOH-F-5000679,SHJ,SHJ,PHARMACY,RUKN AL SALAM PHARMACY,MOH-F-5000679,SHARJAH,"UNIT 14, AL MUBARAK HYPERMARKET BUILDING, SHARJAH INDUSTRIAL AREA 3",06-5213535,"https://www.google.com/maps/@?api=1&map_action=map&center=25.0,55.0&zoom=15",,,Pharmacy outlet. Coordinates approximate for area. Operating hours typically 8AM-10PM. Prescription services available. WhatsApp availability varies by location; call ahead to confirm.
MOH-F-5000795,SHJ,SHJ,PHARMACY,AL AZHAR PHARMACY (SHARJAH),MOH-F-5000795,SHARJAH,"SAJJA,COPERATIVE SOCEITY",06-5352323/8007400,"https://www.google.com/maps/@?api=1&map_action=map&center=25.0,55.0&zoom=15",,,Pharmacy outlet. Coordinates approximate for area. Operating hours typically 8AM-10PM. Prescription services available. WhatsApp availability varies by location; call ahead to confirm.
MOH-F-5000358,SHJ,SHJ,PHARMACY,NAJMAT SAHARA(NOVO),MOH-F-5000358,AL NAHDA AREA,"AL MAHA BUILDING, OPP. AL NAHDA PARK, AL NAHDA",06 5318334,"https://www.google.com/maps/@?api=1&map_action=map&center=25.0,55.0&zoom=15",,,Pharmacy outlet. Coordinates approximate for area. Operating hours typically 8AM-10PM. Prescription services available. WhatsApp availability varies by location; call ahead to confirm.
MOH-F-5000136,SHJ,SHJ,PHARMACY,SALSABEEL RX(NOVO),MOH-F-5000136,SHARJAH,"TAMI -3 BUILDING, OPP. AL NAHDA PARK, AL NAHDA, SHARJAH",06 536 8988,"https://www.google.com/maps/@?api=1&map_action=map&center=25.0,55.0&zoom=15",,,Pharmacy outlet. Coordinates approximate for area. Operating hours typically 8AM-10PM. Prescription services available. WhatsApp availability varies by location; call ahead to confirm.
MOH-F-5000360,SHJ,SHJ,PHARMACY,SAHARA AL JAZEERA(NOVO),MOH-F-5000360,SHARJAH,"KHANSAHEB BUILDING, INDUSTRIAL AREA-10",06 5353345,"https://www.google.com/maps/@?api=1&map_action=map&center=25.0,55.0&zoom=15",,,Pharmacy outlet. Coordinates approximate for area. Operating hours typically 8AM-10PM. Prescription services available. WhatsApp availability varies by location; call ahead to confirm.
MOH-F-5000387,SHJ,SHJ,PHARMACY,MARHABA RX(NOVO),MOH-F-5000387,SHARJAH,"NEXT TO CID OFFICE, AL ZAHRA STREET",06 5238130,"https://www.google.com/maps/@?api=1&map_action=map&center=25.0,55.0&zoom=15",,,Pharmacy outlet. Coordinates approximate for area. Operating hours typically 8AM-10PM. Prescription services available. WhatsApp availability varies by location; call ahead to confirm.
MOH-F-5000700,SHJ,SHJ,PHARMACY,AL RUAYA(NOVO),MOH-F-5000700,SHARJAH,OPP. AL MAJAZ PARK,06-5508737,"https://www.google.com/maps/@?api=1&map_action=map&center=25.0,55.0&zoom=15",,,Pharmacy outlet. Coordinates approximate for area. Operating hours typically 8AM-10PM. Prescription services available. WhatsApp availability varies by location; call ahead to confirm.
MOH-F-5000605,SHJ,SHJ,PHARMACY,FATIMA ZAHRA(NOVO),MOH-F-5000605,SHARJAH,"OPP. CID OFFICE, AL ZAHRA STREET",06-5636145,"https://www.google.com/maps/@?api=1&map_action=map&center=25.0,55.0&zoom=15",,,Pharmacy outlet. Coordinates approximate for area. Operating hours typically 8AM-10PM. Prescription services available. WhatsApp availability varies by location; call ahead to confirm.
MOH-F-5000382,SHJ,SHJ,PHARMACY,LUBNA(NOVO),MOH-F-5000382,SHARJAH,"OPP. CID OFFICE, AL ZAHRA STREET",06-5637220,"https://www.google.com/maps/@?api=1&map_action=map&center=25.0,55.0&zoom=15",,,Pharmacy outlet. Coordinates approximate for area. Operating hours typically 8AM-10PM. Prescription services available. WhatsApp availability varies by location; call ahead to confirm.
MOH-F-5000388,SHJ,SHJ,PHARMACY,SCIENTIFIC RX(NOVO),MOH-F-5000388,SHARJAH,BEHIND MEGA MALL,06-5482762,"https://www.google.com/maps/@?api=1&map_action=map&center=25.0,55.0&zoom=15",,,Pharmacy outlet. Coordinates approximate for area. Operating hours typically 8AM-10PM. Prescription services available. WhatsApp availability varies by location; call ahead to confirm.
MOH-F-5000606,SHJ,SHJ,PHARMACY,AL RAYAH RX(NOVO),MOH-F-5000606,SHARJAH,"AL NAHDA TOWER, BEHIND QUICK SUPERMARKET, AL NAHDA",06-577 0432,"https://www.google.com/maps/@?api=1&map_action=map&center=25.0,55.0&zoom=15",,,Pharmacy outlet. Coordinates approximate for area. Operating hours typically 8AM-10PM. Prescription services available. WhatsApp availability varies by location; call ahead to confirm.
MOH-F-5000468,SHJ,SHJ,PHARMACY,MEDICARE RX(NOVO),MOH-F-5000468,SHARJAH,"ROLLA,UAE EXCHANGE BULDG",06-5621796,"https://www.google.com/maps/@?api=1&map_action=map&center=25.0,55.0&zoom=15",,,Pharmacy outlet. Coordinates approximate for area. Operating hours typically 8AM-10PM. Prescription services available. WhatsApp availability varies by location; call ahead to confirm.
MOH-F-5000991,SHJ,SHJ,PHARMACY,AL GHAD AL AFDAL PHARMACY LLC,MOH-F-5000991,AL NAHDA STREET,"SHOP NO. 6, GROUND FLOOR, AL RAYYAN TOWER (LULU HYPERMARKET), AL NAHDA STREET, AL QUSAIS INDUSTRIAL AREA 3, SHARJAH",06-546 9646,"https://www.google.com/maps/@?api=1&map_action=map&center=25.0,55.0&zoom=15",,,Pharmacy outlet. Coordinates approximate for area. Operating hours typically 8AM-10PM. Prescription services available. WhatsApp availability varies by location; call ahead to confirm.
MOH-F-5000980,SHJ,SHJ,PHARMACY,AL GHAD PHARMACY LLC,MOH-F-5000980,MUWAILAH,"SHOP NO. 3 & 4, GROUND FLOOR, THALEB-3, FIRE STATION ROAD MUWAILEH - INDUSTRIAL AREA, MUWAILIH COMMERCIAL, SHARJAH - U.A.E",06-546 8799,"https://www.google.com/maps/@?api=1&map_action=map&center=25.0,55.0&zoom=15",,,Pharmacy outlet. Coordinates approximate for area. Operating hours typically 8AM-10PM. Prescription services available. WhatsApp availability varies by location; call ahead to confirm.
MOH-F-5000992,SHJ,SHJ,PHARMACY,AL HAYAT AL SAEEDA PHARMACY LLC,MOH-F-5000992,KING FAIZAL ROAD,"SHOP  NO. 2, GROUND FLOOR, LULU HYPERMARKET, AL MAJAZ, KING FAISAL ROAD, AL NAHDA STREET, SHARJAH",06-5469649,"https://www.google.com/maps/@?api=1&map_action=map&center=25.0,55.0&zoom=15",,,Pharmacy outlet. Coordinates approximate for area. Operating hours typically 8AM-10PM. Prescription services available. WhatsApp availability varies by location; call ahead to confirm.
MOH-F-5000904,SHJ,SHJ,PHARMACY,DAR AL SAJAA PHARMACY LLC,MOH-F-5000904,SAJJA,"ADBDEL RAHMAN SULTAN ALI BIN HADDA AL SUWAIDI BUILIDING, BUILDING NO. 4075, SANAYYA STREET, SAJJA, SHARJAH, UAE",06-565 9077,"https://www.google.com/maps/@?api=1&map_action=map&center=25.0,55.0&zoom=15",,,Pharmacy outlet. Coordinates approximate for area. Operating hours typically 8AM-10PM. Prescription services available. WhatsApp availability varies by location; call ahead to confirm.
MOH-F-5000823,SHJ,SHJ,PHARMACY,RKN AL RAHA PHARMACY,MOH-F-5000823,SHARJAH,"RKN AL RAHA PHARMACY,G FLOOR,TIGER BUILDING,INDUSTRIAL AREA 11,SHARJHA 97530",06-5358605,"https://www.google.com/maps/@?api=1&map_action=map&center=25.0,55.0&zoom=15",,,Pharmacy outlet. Coordinates approximate for area. Operating hours typically 8AM-10PM. Prescription services available. WhatsApp availability varies by location; call ahead to confirm.
MOH-F-5000096,SHJ,SHJ,PHARMACY,"HAMAD PHARMACY LLC-,SHAHBA ,SHARJAH",MOH-F-5000096,AL ISTIQLAL ROAD,"BLOCK B, SHAHBA COMPLEX, NO 1WASIT ROAD ,SHAHBA ,SHARJAH",06-5582800,"https://www.google.com/maps/@?api=1&map_action=map&center=25.0,55.0&zoom=15",,,Pharmacy outlet. Coordinates approximate for area. Operating hours typically 8AM-10PM. Prescription services available. WhatsApp availability varies by location; call ahead to confirm.
MOH-F-5000139,SHJ,SHJ,PHARMACY,"SHARJAH PHARMACY LLC-ROLLA,SHARJAH",MOH-F-5000139,AL ISTIQLAL ROAD,"BEHIND EISA BLDG , NEXT TO NEW SUNNY MEDICAL CENTRE,ROLLA,SHARJAH",06-5623850,"https://www.google.com/maps/@?api=1&map_action=map&center=25.0,55.0&zoom=15",,,Pharmacy outlet. Coordinates approximate for area. Operating hours typically 8AM-10PM. Prescription services available. WhatsApp availability varies by location; call ahead to confirm.
MOH-F-5000092,SHJ,SHJ,PHARMACY,"GRAND HAMAD PHARMACY LLC-AL NAHDA,SHARJAH",MOH-F-5000092,ALNAHDA,"ASSWAILEM BLDG ,NEXT TO SUNNY AL NAHDA MEDICAL CENTRE ,AL NAHDA,SHARJAH",06-5544050,"https://www.google.com/maps/@?api=1&map_action=map&center=25.0,55.0&zoom=15",,,Pharmacy outlet. Coordinates approximate for area. Operating hours typically 8AM-10PM. Prescription services available. WhatsApp availability varies by location; call ahead to confirm.
MOH-F-5000691,SHJ,SHJ,PHARMACY,HAMAD AL IHTERAFEYA PHARMACY LLC-MAYSLOON SHARJAH,MOH-F-5000691,AL ISTIQLAL ROAD,NEAR LULU HYPERMARKET- MAYSLOON SHARJAH,06-5014700,"https://www.google.com/maps/@?api=1&map_action=map&center=25.0,55.0&zoom=15",,,Pharmacy outlet. Coordinates approximate for area. Operating hours typically 8AM-10PM. Prescription services available. WhatsApp availability varies by location; call ahead to confirm.
MOH-F-5000693,SHJ,SHJ,PHARMACY,HAMAD AL OULA PHARMACY LLC-SHAHBA AREA,MOH-F-5000693,AL ISTIQLAL ROAD,OPP AL QASSIMI HOSPITAL- SHAHBA AREA,06-5061600,"https://www.google.com/maps/@?api=1&map_action=map&center=25.0,55.0&zoom=15",,,Pharmacy outlet. Coordinates approximate for area. Operating hours typically 8AM-10PM. Prescription services available. WhatsApp availability varies by location; call ahead to confirm.
MOH-F-5000830,SHJ,SHJ,PHARMACY,"NMC MEDICAL CENTRE PHARMACY LLC N.M.C BR 1-AL MAJAZ ,SHARJAH",MOH-F-5000830,AL ISTIQLAL ROAD,"NEAR BUHAIRAH POLICE STATION ,AL MAJAZ ,SHARJAH",06-7410907,"https://www.google.com/maps/@?api=1&map_action=map&center=25.0,55.0&zoom=15",,,Pharmacy outlet. Coordinates approximate for area. Operating hours typically 8AM-10PM. Prescription services available. WhatsApp availability varies by location; call ahead to confirm.
MOH-F-5000124,SHJ,SHJ,PHARMACY,"NEW MEDICAL CENTRE PHARMACY LLC-N.M.C,SHARJAH-BEL RESHEED TOWER ,SHARJAH",MOH-F-5000124,AL ISTIQLAL ROAD,"BEL RESHEED TOWER, CORNICHE, 1ST AND 2ND FLOOR ,AL BUHAIRA CORNICHE ,BEL RESHEED TOWER ,SHARJAH",06-5974185,"https://www.google.com/maps/@?api=1&map_action=map&center=25.0,55.0&zoom=15",,,Pharmacy outlet. Coordinates approximate for area. Operating hours typically 8AM-10PM. Prescription services available. WhatsApp availability varies by location; call ahead to confirm.
MOH-F-5000883,SHJ,SHJ,PHARMACY,N.M.C MEDICAL CENTRE F.Z.C PHARMACY,MOH-F-5000883,SHARJAH,"P-MALL,P.O.BOX:124663,SHARJAH",06-5028384,"https://www.google.com/maps/@?api=1&map_action=map&center=25.0,55.0&zoom=15",,,Pharmacy outlet. Coordinates approximate for area. Operating hours typically 8AM-10PM. Prescription services available. WhatsApp availability varies by location; call ahead to confirm.
MOH-F-5000101,SHJ,SHJ,PHARMACY,JANAH PHARMACY L.L.C,MOH-F-5000101,BUTEENA,"FINE-FAIR BUILDING, BUTEENA - SHARJAH",06-5643980,"https://www.google.com/maps/@?api=1&map_action=map&center=25.0,55.0&zoom=15",,,Pharmacy outlet. Coordinates approximate for area. Operating hours typically 8AM-10PM. Prescription services available. WhatsApp availability varies by location; call ahead to confirm.
MOH-F-5000745,SHJ,SHJ,PHARMACY,AL HADHAR PHARMACY LLC,MOH-F-5000745,AL KHAN,NEAR AMBER SUPER MARKET-AL KHAN STREET - SHARJAH,06-5545487,"https://www.google.com/maps/@?api=1&map_action=map&center=25.0,55.0&zoom=15",,,Pharmacy outlet. Coordinates approximate for area. Operating hours typically 8AM-10PM. Prescription services available. WhatsApp availability varies by location; call ahead to confirm.
MOH-F-5000790,SHJ,SHJ,PHARMACY,AL FARAH AL HADITHAH PHARMACY LLC,MOH-F-5000790,AL QASIMIA,BEHIND CG MALL-AL QASIMIA-SHARJAH,06-5746066,"https://www.google.com/maps/@?api=1&map_action=map&center=25.0,55.0&zoom=15",,,Pharmacy outlet. Coordinates approximate for area. Operating hours typically 8AM-10PM. Prescription services available. WhatsApp availability varies by location; call ahead to confirm.
MOH-F-5000720,SHJ,SHJ,PHARMACY,PALMYRA PHARMACY LLC,MOH-F-5000720,AL TAAWUN,"AL BAKER BUILDING-AL TAAWUN, SHARJAH",06-5362100,"https://www.google.com/maps/@?api=1&map_action=map&center=25.0,55.0&zoom=15",,,Pharmacy outlet. Coordinates approximate for area. Operating hours typically 8AM-10PM. Prescription services available. WhatsApp availability varies by location; call ahead to confirm.
MOH-F-5000678,SHJ,SHJ,PHARMACY,RUKN AL UFUQ PHARMACY LLC,MOH-F-5000678,MUWEILAH,THE SQUARE-2 BUILDING-MUWEILAH - SHARJAH,06-5500363,"https://www.google.com/maps/@?api=1&map_action=map&center=25.0,55.0&zoom=15",,,Pharmacy outlet. Coordinates approximate for area. Operating hours typically 8AM-10PM. Prescription services available. WhatsApp availability varies by location; call ahead to confirm.
MOH-F-5000680,SHJ,SHJ,PHARMACY,MEDI PLUS PHARMACY SHJ. BR.  LLC,MOH-F-5000680,SHARJAH,ASAS TOWER - AL TA’AWON STREET- SHARJAH - PO BOX 71373,06-5544977,"https://www.google.com/maps/@?api=1&map_action=map&center=25.0,55.0&zoom=15",,,Pharmacy outlet. Coordinates approximate for area. Operating hours typically 8AM-10PM. Prescription services available. WhatsApp availability varies by location; call ahead to confirm.
MOH-F-5000369,SHJ,SHJ,PHARMACY,AL NAHDA PHARMACY,MOH-F-5000369,AL ISTIQLAL ROAD,"SHOP # 10 & 11, GROUND FLOOR, AL KAKOOLI BUILDING, AL KHAN, SHARJAHLANDMARK: OPPOSITE OLD EXPO CENTRE - ZIP CODE: 28216",06-5561122,"https://www.google.com/maps/@?api=1&map_action=map&center=25.0,55.0&zoom=15",,,Pharmacy outlet. Coordinates approximate for area. Operating hours typically 8AM-10PM. Prescription services available. WhatsApp availability varies by location; call ahead to confirm.
MOH-F-5000233,SHJ,SHJ,PHARMACY,AL  TAMIMI PHARMACY LLC,MOH-F-5000233,AL ISTIQLAL ROAD,"SHOP NO - 2, AL GHUWAIR AREA, BEHIND KM TRADING - ROLLA , SHARJAH - PO BOX 32088",06-5624990,"https://www.google.com/maps/@?api=1&map_action=map&center=25.0,55.0&zoom=15",,,Pharmacy outlet. Coordinates approximate for area. Operating hours typically 8AM-10PM. Prescription services available. WhatsApp availability varies by location; call ahead to confirm.
MOH-F-5000422,SHJ,SHJ,PHARMACY,HADEQAT AL ROLA PHARMACY LLC,MOH-F-5000422,AL ISTIQLAL ROAD,"GANGA BUILDING, SHOP NO 1- ROLLA STREET, SHARJAH, PO BOX 66961.",06-5748283,"https://www.google.com/maps/@?api=1&map_action=map&center=25.0,55.0&zoom=15",,,Pharmacy outlet. Coordinates approximate for area. Operating hours typically 8AM-10PM. Prescription services available. WhatsApp availability varies by location; call ahead to confirm.
MOH-F-5000302,SHJ,SHJ,PHARMACY,REEM PHARMACY,MOH-F-5000302,AL ISTIQLAL ROAD,"DEYAAR BUILDING ,SHOP NO.5 NEAR ABU SHAGARA PARK, KING FAISAL RD - SHARJAH - P.O BOX : 25747",06-5594194,"https://www.google.com/maps/@?api=1&map_action=map&center=25.0,55.0&zoom=15",,,Pharmacy outlet. Coordinates approximate for area. Operating hours typically 8AM-10PM. Prescription services available. WhatsApp availability varies by location; call ahead to confirm.
MOH-F-5000607,SHJ,SHJ,PHARMACY,BURJ AL NAHDA PHARMACY,MOH-F-5000607,AL ISTIQLAL ROAD,"AL RODA TOWER 2, 1 - G FLOOR - MALAKA STREET- AL NAHDAH, SHARJAH - PO BOX 61179",06-5590076,"https://www.google.com/maps/@?api=1&map_action=map&center=25.0,55.0&zoom=15",,,Pharmacy outlet. Coordinates approximate for area. Operating hours typically 8AM-10PM. Prescription services available. WhatsApp availability varies by location; call ahead to confirm.
MOH-F-5000615,SHJ,SHJ,PHARMACY,AL BURHAN PHARMACY LLC ,MOH-F-5000615,AL ISTIQLAL ROAD,"BLUE BUILDING,INDUSTRIAL AREA 13 - NEAR FAMILY RESTAURANT - MUWAILEH - SHARJAH -PO BOX 2797",06-5320585,"https://www.google.com/maps/@?api=1&map_action=map&center=25.0,55.0&zoom=15",,,Pharmacy outlet. Coordinates approximate for area. Operating hours typically 8AM-10PM. Prescription services available. WhatsApp availability varies by location; call ahead to confirm.
MOH1102,SHJ,SHJ,PHARMACY,AL MUBARAK CENTRE PHARMACY,MOH1102,AL ISTIQLAL ROAD,"GROUND FLOOR- AL SHARQ STREET - AL NABBA - INSIDE AL MUBARAK CENTRE MALL, ROLLA , SHARJAH - PO BOX 61220",06-5638034,"https://www.google.com/maps/@?api=1&map_action=map&center=25.0,55.0&zoom=15",,,Pharmacy outlet. Coordinates approximate for area. Operating hours typically 8AM-10PM. Prescription services available. WhatsApp availability varies by location; call ahead to confirm.
MOH-F-5000386,SHJ,SHJ,PHARMACY,AL RAWDHA  PHARMACY  LLC,MOH-F-5000386,AL ISTIQLAL ROAD,"AHMED YOUSUF ABDULLA BUILDING - G FLOOR 2,3 - AL ZAHRA'A STREET - BU TINA, AL SHARQ, SHARJAH, PO BOX - 61226",06-5213777,"https://www.google.com/maps/@?api=1&map_action=map&center=25.0,55.0&zoom=15",,,Pharmacy outlet. Coordinates approximate for area. Operating hours typically 8AM-10PM. Prescription services available. WhatsApp availability varies by location; call ahead to confirm.
MOH-F-5000670,SHJ,SHJ,PHARMACY,DAR AL NASEEM PHARMACY,MOH-F-5000670,AL ISTIQLAL ROAD,"GULF PEARL TOWER,SHOP NO-14 - BUHAIRA CORNICHE - AL MAJAZ NO. 1- BACK SIDE OF NMC HOSPITAL- PO BOX 25356",06-5436979,"https://www.google.com/maps/@?api=1&map_action=map&center=25.0,55.0&zoom=15",,,Pharmacy outlet. Coordinates approximate for area. Operating hours typically 8AM-10PM. Prescription services available. WhatsApp availability varies by location; call ahead to confirm.
MOH-F-5000687,SHJ,SHJ,PHARMACY,ZAHRAT AL MADINAH PHARMACY LLC,MOH-F-5000687,AL ISTIQLAL ROAD,"FATHIMA SAFE BUILDING,NEAR KANARY CLINIC,SHEIKH MOHAMMAD BIN ZAYED ROAD - NATIONAL PAINT, SHARJAH PO BOX 32088",06-5327075,"https://www.google.com/maps/@?api=1&map_action=map&center=25.0,55.0&zoom=15",,,Pharmacy outlet. Coordinates approximate for area. Operating hours typically 8AM-10PM. Prescription services available. WhatsApp availability varies by location; call ahead to confirm.
MOH-F-5000714,SHJ,SHJ,PHARMACY,NAJMAT ABU SHAGARA PHARMACY ,MOH-F-5000714,AL ISTIQLAL ROAD,"OPPOSITE CITY TOWER BUILDING - NEAR DR.ASHOK MENON CLINIC AND CHOITHRAM, ABUSHAGARA, SHARJAH - PO BOX - 32088",06-5424044,"https://www.google.com/maps/@?api=1&map_action=map&center=25.0,55.0&zoom=15",,,Pharmacy outlet. Coordinates approximate for area. Operating hours typically 8AM-10PM. Prescription services available. WhatsApp availability varies by location; call ahead to confirm.
MOH-F-5000871,SHJ,SHJ,PHARMACY,NADEEN PHARMACY,MOH-F-5000871,AL ISTIQLAL ROAD,"AL FAHAD BUILDING - NEXT TO PIZZA HUT,BUHAIRA CORNICHE, OPP.TRADITIONAL COFFEE SHARJAH - UAE - 25151",06-5733311,"https://www.google.com/maps/@?api=1&map_action=map&center=25.0,55.0&zoom=15",,,Pharmacy outlet. Coordinates approximate for area. Operating hours typically 8AM-10PM. Prescription services available. WhatsApp availability varies by location; call ahead to confirm.
MOH-F-5000851,SHJ,SHJ,PHARMACY,NAJMAT AL ROLLA PHARMACY LLC,MOH-F-5000851,AL ISTIQLAL ROAD,"GROUND FLOOR , SHOP - 1,2 - PARDHA HOUSE BUILDING- ROLLA STREET - AL GHUWAIR - OPPOSITE TO ROLLA SQUARE PARK AND BUS STATION - 32088",06-5559550,"https://www.google.com/maps/@?api=1&map_action=map&center=25.0,55.0&zoom=15",,,Pharmacy outlet. Coordinates approximate for area. Operating hours typically 8AM-10PM. Prescription services available. WhatsApp availability varies by location; call ahead to confirm.
MOH-F-5000928,SHJ,SHJ,PHARMACY,LIVE CARE PHARMACY LLC SHJ BR,MOH-F-5000928,INDUSTRIAL AREA 10,"SHOP NO 2, KHANSAHIB BUILDING , INDUSTRIAL AREA 10, SHARJAH",06-5779797,"https://www.google.com/maps/@?api=1&map_action=map&center=25.0,55.0&zoom=15",,,Pharmacy outlet. Coordinates approximate for area. Operating hours typically 8AM-10PM. Prescription services available. WhatsApp availability varies by location; call ahead to confirm.
MOH-F-5000501,SHJ,SHJ,PHARMACY,(LIBERTY GR)-AL DUNIA PHARMACY,MOH-F-5000501,MUWAILEH,"BIN TARYAN 1 BUILDING,SHOP NO 2, MUWAILEH STAR BUILDING, MUWAILEH COMMERCIAL AREA, SHARJAH. UAE",06-5599379,"https://www.google.com/maps/@?api=1&map_action=map&center=25.0,55.0&zoom=15",,,Pharmacy outlet. Coordinates approximate for area. Operating hours typically 8AM-10PM. Prescription services available. WhatsApp availability varies by location; call ahead to confirm.
MOH-F-5000303,SHJ,SHJ,PHARMACY,(LIBERTY GR)-SAIF AL KHAN PAHRMACY LLC,MOH-F-5000303,SHARJAH,"BAGHLAF AL ZAFERBLDG, IND AREA-2, SHARJAH",06-5620409,"https://www.google.com/maps/@?api=1&map_action=map&center=25.0,55.0&zoom=15",,,Pharmacy outlet. Coordinates approximate for area. Operating hours typically 8AM-10PM. Prescription services available. WhatsApp availability varies by location; call ahead to confirm.
MOH-F-5000046,SHJ,SHJ,PHARMACY,(LIBERTY GR)-AL SAIF PHARMACY,MOH-F-5000046,SHARJAH,"AL NAYELI BLDG, KING ABDUL AZIZ STREET, SHARJAH",06-5391300,"https://www.google.com/maps/@?api=1&map_action=map&center=25.0,55.0&zoom=15",,,Pharmacy outlet. Coordinates approximate for area. Operating hours typically 8AM-10PM. Prescription services available. WhatsApp availability varies by location; call ahead to confirm.
MOH-F-5000379,SHJ,SHJ,PHARMACY,AL AHSAN PHARMACY SHARJAH,MOH-F-5000379,SHARJAH,"MUWAILAH,SHARJAH UNIVERSITY ROAD .SHARJAH",06-5449393,"https://www.google.com/maps/@?api=1&map_action=map&center=25.0,55.0&zoom=15",,,Pharmacy outlet. Coordinates approximate for area. Operating hours typically 8AM-10PM. Prescription services available. WhatsApp availability varies by location; call ahead to confirm.
MOH-F-5000273,SHJ,SHJ,PHARMACY,AL WASHAH PHARMACY-LLC,MOH-F-5000273,DHAID,FALAJ AL MUALLA ROAD NEAR FRUIT&VEGETABLE MARKET AL DHAID,06-8833240,"https://www.google.com/maps/@?api=1&map_action=map&center=25.0,55.0&zoom=15",,,Pharmacy outlet. Coordinates approximate for area. Operating hours typically 8AM-10PM. Prescription services available. WhatsApp availability varies by location; call ahead to confirm.
MOH-F-5001082,SHJ,SHJ,PHARMACY,BOORJ AL ROLLA PHARMACY LLC,MOH-F-5001082,AL GHUWAIR,"SHOP NOS. 29 & 30, ROLLA TOWER BUILDING, AL GHUWAIR, AL ROLLA",06-5217190,"https://www.google.com/maps/@?api=1&map_action=map&center=25.0,55.0&zoom=15",,,Pharmacy outlet. Coordinates approximate for area. Operating hours typically 8AM-10PM. Prescription services available. WhatsApp availability varies by location; call ahead to confirm.
MOH-F-5001109,SHJ,SHJ,PHARMACY,SAMA MUWAILEH PHARMACY LLC,MOH-F-5001109,MUWAILAH,"SHOP NO. 3, BUILDING NO. 2608,MUWAILEH COMMERCIAL INDUSTRIAL AREA,BEHIND AL REEM OFFICE BUILDING,NEXT TO MADINA SHOPPING CENTER,SHARJAH, UAE",06-7416878,"https://www.google.com/maps/@?api=1&map_action=map&center=25.0,55.0&zoom=15",,,Pharmacy outlet. Coordinates approximate for area. Operating hours typically 8AM-10PM. Prescription services available. WhatsApp availability varies by location; call ahead to confirm.
MOH-F-5000476,SHJ,SHJ,PHARMACY,PESHAWAR PHARMACY LLC,MOH-F-5000476,AL GHUWAIR,ROLLA MALL 2ND FLOOR SHOP 234 AL GHUWAIR SHARJAH,06-5643300,"https://www.google.com/maps/@?api=1&map_action=map&center=25.0,55.0&zoom=15",,,Pharmacy outlet. Coordinates approximate for area. Operating hours typically 8AM-10PM. Prescription services available. WhatsApp availability varies by location; call ahead to confirm.
MOH-F-5001080,SHJ,SHJ,PHARMACY,AL MISBAH PHARMACY L.L.C,MOH-F-5001080,ABU SHAGARA," SHOP NO 4, BEHIND KING ABDULAZIZ STREET,BEHIND CHOITHRAM SUPERMARKET, ABUSHAGARA, SHARJAH,U.A.E",06-5779734,"https://www.google.com/maps/@?api=1&map_action=map&center=25.0,55.0&zoom=15",,,Pharmacy outlet. Coordinates approximate for area. Operating hours typically 8AM-10PM. Prescription services available. WhatsApp availability varies by location; call ahead to confirm.
MOH-F-5000111,SHJ,SHJ,PHARMACY,MILLENNIUM PHARMACY LLC,MOH-F-5000111,SHARJAH,"SHOP NO 3 & 4, AL SOUQ BUILDING, NEXT TO BANK SADERAT IRAN, AL AROUBA STREET, ROLLA, SHARJAH, UAE",06-5689416,"https://www.google.com/maps/@?api=1&map_action=map&center=25.0,55.0&zoom=15",,,Pharmacy outlet. Coordinates approximate for area. Operating hours typically 8AM-10PM. Prescription services available. WhatsApp availability varies by location; call ahead to confirm.
MOH-F-5000381,SHJ,SHJ,PHARMACY,LIFE LINE PHARMACY LLC,MOH-F-5000381,SHARJAH,"AL SOOR BUILDING, P.O.BOX:96234, IBRAHIM MOHAMMED AL MEDFA STREET - AL MINA RD - SHARJAH",06-65659407,"https://www.google.com/maps/@?api=1&map_action=map&center=25.0,55.0&zoom=15",,,Pharmacy outlet. Coordinates approximate for area. Operating hours typically 8AM-10PM. Prescription services available. WhatsApp availability varies by location; call ahead to confirm.
MOH-F-5000083,SHJ,SHJ,PHARMACY,DOCTORS PHARMACY LLC,MOH-F-5000083,SHARJAH,"AL KHALEEJ AL ARABI STREET, OPP TO SWISS BEL HOTEL, AL NABBAH, SHARJAH",06-5614813,"https://www.google.com/maps/@?api=1&map_action=map&center=25.0,55.0&zoom=15",,,Pharmacy outlet. Coordinates approximate for area. Operating hours typically 8AM-10PM. Prescription services available. WhatsApp availability varies by location; call ahead to confirm.
MOH-F-5000080,SHJ,SHJ,PHARMACY,DELMON PHARMACY LLC,MOH-F-5000080,AL BUHAIRAH CORNICHE,"MUHAMMAD JUMA AL MUTHAWA BUILDING,GROUND FLOOR, SHOP NO: 19, 20, 21,AL GHUWAIR AROOBA STREET, ROLLA,SHARJAH, UNITED ARAB EMIRATES",06-5504331,"https://www.google.com/maps/@?api=1&map_action=map&center=25.0,55.0&zoom=15",,,Pharmacy outlet. Coordinates approximate for area. Operating hours typically 8AM-10PM. Prescription services available. WhatsApp availability varies by location; call ahead to confirm.
MOH-F-5000399,SHJ,SHJ,PHARMACY,IBN BATUTA PHARMACY LLC (SHARJAH),MOH-F-5000399,SHARJAH,"THE NEW BUILDING, HASAN BIN THABET STREET, BUHAIRA CORNICHE AL MAJAZ-3, SHARJAH, UAE",06-5561544,"https://www.google.com/maps/@?api=1&map_action=map&center=25.0,55.0&zoom=15",,,Pharmacy outlet. Coordinates approximate for area. Operating hours typically 8AM-10PM. Prescription services available. WhatsApp availability varies by location; call ahead to confirm.
MOH332,SHJ,SHJ,PHARMACY,DEIRA PHARMACY LLC,MOH332,SHARJAH,"FIRST FLOOR, AL MUBARAK CENTER BUILDING, AL SHARQ STREET, AL NABAA, SHARJAH, UAE",06 5631359,"https://www.google.com/maps/@?api=1&map_action=map&center=25.0,55.0&zoom=15",,,Pharmacy outlet. Coordinates approximate for area. Operating hours typically 8AM-10PM. Prescription services available. WhatsApp availability varies by location; call ahead to confirm.
MOH-F-5000238,SHJ,SHJ,PHARMACY,DAR AL HIKMAH PHARMACY LLC,MOH-F-5000238,SHARJAH,"AL QASBA BUILDING, BUHAIRA CORNICHE, AL MAJAZ-2, SHARJAH, UAE",06-5567358,"https://www.google.com/maps/@?api=1&map_action=map&center=25.0,55.0&zoom=15",,,Pharmacy outlet. Coordinates approximate for area. Operating hours typically 8AM-10PM. Prescription services available. WhatsApp availability varies by location; call ahead to confirm.
MOH-F-5000321,SHJ,SHJ,PHARMACY,GARDEN PHARMACY LLC,MOH-F-5000321,ROLLA,"SHOP NO: 34. 35, 36, GROUND FLOOR, MUHAMMAD JUMA AL MUTHAWA BUILDING, ROLLA, SHARJAH",06 5211727,"https://www.google.com/maps/@?api=1&map_action=map&center=25.0,55.0&zoom=15",,,Pharmacy outlet. Coordinates approximate for area. Operating hours typically 8AM-10PM. Prescription services available. WhatsApp availability varies by location; call ahead to confirm.
MOH-F-5000364,SHJ,SHJ,PHARMACY,MOTHER CARE PHARMACY LLC,MOH-F-5000364,SHARJAH,"SHOP NO 2, MASJID BUILDING, BEHIND SHARJAH CEMENT FACTORY, AL SAJAA, SHARJAH, UAE",06-5360122,"https://www.google.com/maps/@?api=1&map_action=map&center=25.0,55.0&zoom=15",,,Pharmacy outlet. Coordinates approximate for area. Operating hours typically 8AM-10PM. Prescription services available. WhatsApp availability varies by location; call ahead to confirm.
MOH-F-5000310,SHJ,SHJ,PHARMACY,AL MEENA PHARMACY LLC,MOH-F-5000310,SHARJAH,"SATA BUILDING, IBRAHIM MOHAMMED AL MEDFA STREET, AL MINA ROAD, SHARJAH, UAE",06-5625055,"https://www.google.com/maps/@?api=1&map_action=map&center=25.0,55.0&zoom=15",,,Pharmacy outlet. Coordinates approximate for area. Operating hours typically 8AM-10PM. Prescription services available. WhatsApp availability varies by location; call ahead to confirm.
MOH-F-5000130,SHJ,SHJ,PHARMACY,RASHA PHARMACY LLC,MOH-F-5000130,SHARJAH,"SHOP NO: 2,3, HESSA SALEM AL OMRANI BUIDLING, TARIQ BIN ZIYAD STREET, NEXT TO AL GHUWAIR POST OFFICE, ROLLA, SHARJAH",06 5231577,"https://www.google.com/maps/@?api=1&map_action=map&center=25.0,55.0&zoom=15",,,Pharmacy outlet. Coordinates approximate for area. Operating hours typically 8AM-10PM. Prescription services available. WhatsApp availability varies by location; call ahead to confirm.
MOH-F-5000834,SHJ,SHJ,PHARMACY,ROYAL GARDEN PHARMACY LLC,MOH-F-5000834,AL HUDAIBA STREET,"VITA CARE PHARMACY L.L.C, SHOP NO 4& 5 BAKHITA SAEED MUBARAK AL SHAMSI AL ROWA, AL HUDAIBA STREET 35",06-5569080,"https://www.google.com/maps/@?api=1&map_action=map&center=25.0,55.0&zoom=15",,,Pharmacy outlet. Coordinates approximate for area. Operating hours typically 8AM-10PM. Prescription services available. WhatsApp availability varies by location; call ahead to confirm.
MOH-F-5000833,SHJ,SHJ,PHARMACY,AL WASFA PHARMACY LLC,MOH-F-5000833,AL SOOR,"SHOP NO: 10, MALIK AL RAHMA BUILDING, IBRAHIM AL MEDFA STREET, NEXT TO ADCB, AL SOOR AREA",06-5569080,"https://www.google.com/maps/@?api=1&map_action=map&center=25.0,55.0&zoom=15",,,Pharmacy outlet. Coordinates approximate for area. Operating hours typically 8AM-10PM. Prescription services available. WhatsApp availability varies by location; call ahead to confirm.
MOH-F-5000668,SHJ,SHJ,PHARMACY,GOOD HEALTH GR-AL KARAZ PHARMACY,MOH-F-5000668,SHARJAH,AL NAHDA SHARJAH,06-5668225,"https://www.google.com/maps/@?api=1&map_action=map&center=25.0,55.0&zoom=15",,,Pharmacy outlet. Coordinates approximate for area. Operating hours typically 8AM-10PM. Prescription services available. WhatsApp availability varies by location; call ahead to confirm.
MOH-F-5000021,SHJ,SHJ,PHARMACY,AL ITEKAL PHARMACY LLC,MOH-F-5000021,SHARJAH,"AL SALAMA TOWER,SHOP NO 2,KING FAISALSTREET ,ABU SHAGARA,SHARJAH",06-5531141,"https://www.google.com/maps/@?api=1&map_action=map&center=25.0,55.0&zoom=15",,,Pharmacy outlet. Coordinates approximate for area. Operating hours typically 8AM-10PM. Prescription services available. WhatsApp availability varies by location; call ahead to confirm.
MOH-F-5000538,SHJ,SHJ,PHARMACY,NAWAIEM PHARMACY,MOH-F-5000538,ROLLA,"SHARJAH GOLD CENTRE , 1ST FLOOR, NEXT TO KM TRADING AL GHUWAIR, AL AROUBA STREET, ROLLA SHARJAH",06-5565195,"https://www.google.com/maps/@?api=1&map_action=map&center=25.0,55.0&zoom=15",,,Pharmacy outlet. Coordinates approximate for area. Operating hours typically 8AM-10PM. Prescription services available. WhatsApp availability varies by location; call ahead to confirm.
MOH602,SHJ,SHJ,PHARMACY,AL FAROOQ PHARMACY L.L.C,MOH602,AL NAHDA SHARJAH,"JUMA AL MAJID BUILDING, NEAR REEM AL NAHDA MEDICAL CENTRE,.",06-5315343,"https://www.google.com/maps/@?api=1&map_action=map&center=25.0,55.0&zoom=15",,,Pharmacy outlet. Coordinates approximate for area. Operating hours typically 8AM-10PM. Prescription services available. WhatsApp availability varies by location; call ahead to confirm.
MOH-F-5000338,SHJ,SHJ,PHARMACY,AL AQSA PHARMACY L.L.C,MOH-F-5000338,AL TAAWUN,"BACK SIDE OF W.WILSON SPECIALISED MEDICAL CENTRE, SHARJAH.",06-5774704,"https://www.google.com/maps/@?api=1&map_action=map&center=25.0,55.0&zoom=15",,,Pharmacy outlet. Coordinates approximate for area. Operating hours typically 8AM-10PM. Prescription services available. WhatsApp availability varies by location; call ahead to confirm.
MOH576,SHJ,SHJ,PHARMACY,AL FARAH PHARMACY LLC,MOH576,AL NAHDA SHARJAH,"NEAR PRIME MEDICAL CENTRE, AL NAHDA, SHARJAH",06-5363707,"https://www.google.com/maps/@?api=1&map_action=map&center=25.0,55.0&zoom=15",,,Pharmacy outlet. Coordinates approximate for area. Operating hours typically 8AM-10PM. Prescription services available. WhatsApp availability varies by location; call ahead to confirm.
MOH-F-5000316,SHJ,SHJ,PHARMACY,AL RAZY PHARMACY L.L.C,MOH-F-5000316,AL NAHDA SHARJAH,"BEHIND ANSAR MALL, AL NAHDA, SHARJAH ",06-5377844,"https://www.google.com/maps/@?api=1&map_action=map&center=25.0,55.0&zoom=15",,,Pharmacy outlet. Coordinates approximate for area. Operating hours typically 8AM-10PM. Prescription services available. WhatsApp availability varies by location; call ahead to confirm.
MOH-F-5000595,SHJ,SHJ,PHARMACY,DAR AL FARAH PHARMACY LLC,MOH-F-5000595,AL KHEZAMMIA AREA,"OPP. AL QASIMI HOSPITAL, AL KHEZAMMIA AREA, SHARJAH, UAE",06-5743825,"https://www.google.com/maps/@?api=1&map_action=map&center=25.0,55.0&zoom=15",,,Pharmacy outlet. Coordinates approximate for area. Operating hours typically 8AM-10PM. Prescription services available. WhatsApp availability varies by location; call ahead to confirm.
MOH-F-5000256,SHJ,SHJ,PHARMACY,DELTA AL MAMZAR PHARMACY,MOH-F-5000256,SHARJAH,"SHARJAH-DUBAI ROAD. OPP. SAFEER MALL, SHARJAH,",06-5771703,"https://www.google.com/maps/@?api=1&map_action=map&center=25.0,55.0&zoom=15",,,Pharmacy outlet. Coordinates approximate for area. Operating hours typically 8AM-10PM. Prescription services available. WhatsApp availability varies by location; call ahead to confirm.
MOH-F-5000081,SHJ,SHJ,PHARMACY,DELTA PHARMACY,MOH-F-5000081,SHARJAH,"SHARJAH CO-OPERATIVE – SWEIHAT BRANCH, SHARJAH ",06-5382770,"https://www.google.com/maps/@?api=1&map_action=map&center=25.0,55.0&zoom=15",,,Pharmacy outlet. Coordinates approximate for area. Operating hours typically 8AM-10PM. Prescription services available. WhatsApp availability varies by location; call ahead to confirm.
MOH-F-5000317,SHJ,SHJ,PHARMACY,DELTA AL DHAID PHARMACY,MOH-F-5000317,AL DHAID,"SHARJAH CO-OPERATIVE SOCIETY – AL DHAID, FUJAIRAH ROAD, SHARJAH ",06-8828636,"https://www.google.com/maps/@?api=1&map_action=map&center=25.0,55.0&zoom=15",,,Pharmacy outlet. Coordinates approximate for area. Operating hours typically 8AM-10PM. Prescription services available. WhatsApp availability varies by location; call ahead to confirm.
MOH-F-5000341,SHJ,SHJ,PHARMACY,DELTA MODERN PHARMACY,MOH-F-5000341,SHARJAH,"JAMAL ABDUL NAZAR STREET, NEAR BRANDS FOR LESS SHOW ROOM, SHARJAH",06-5554490,"https://www.google.com/maps/@?api=1&map_action=map&center=25.0,55.0&zoom=15",,,Pharmacy outlet. Coordinates approximate for area. Operating hours typically 8AM-10PM. Prescription services available. WhatsApp availability varies by location; call ahead to confirm.
MOH-F-5000723,SHJ,SHJ,PHARMACY,NASEEM AL BATAEH PHARMACY,MOH-F-5000723,AL BATAEH,"SHARJA CO-OPERATIVE SOCIETY BUILDING, AL BATAEH, SHARJAH",06-8833352,"https://www.google.com/maps/@?api=1&map_action=map&center=25.0,55.0&zoom=15",,,Pharmacy outlet. Coordinates approximate for area. Operating hours typically 8AM-10PM. Prescription services available. WhatsApp availability varies by location; call ahead to confirm.
MOH-F-5000356,SHJ,SHJ,PHARMACY,AL RAYAN PHARMACY LLC,MOH-F-5000356,ABU SHAGARA,"ABU SHAGARA, SHARJAH UAE",06-5509475,"https://www.google.com/maps/@?api=1&map_action=map&center=25.0,55.0&zoom=15",,,Pharmacy outlet. Coordinates approximate for area. Operating hours typically 8AM-10PM. Prescription services available. WhatsApp availability varies by location; call ahead to confirm.
MOH-F-5000807,SHJ,SHJ,PHARMACY,AL ENWAN PHARMACY,MOH-F-5000807,AL MARIJA STREET,"BEHIND RAK BANK MEENA ROAD, DOWN MARIJAH MEDICAL CENTER, AL MARIJA ST. SHARJAH",06-555 9111,"https://www.google.com/maps/@?api=1&map_action=map&center=25.0,55.0&zoom=15",,,Pharmacy outlet. Coordinates approximate for area. Operating hours typically 8AM-10PM. Prescription services available. WhatsApp availability varies by location; call ahead to confirm.
MOH-F-5000797,SHJ,SHJ,PHARMACY,AL TAWAR PHARMACY,MOH-F-5000797,QASIMIYA,"NEXT AL AFDAL MEDICAL CENTER KING ABDUL AZIZ STREET,QASIMIYA SHARJAH",06 5334111,"https://www.google.com/maps/@?api=1&map_action=map&center=25.0,55.0&zoom=15",,,Pharmacy outlet. Coordinates approximate for area. Operating hours typically 8AM-10PM. Prescription services available. WhatsApp availability varies by location; call ahead to confirm.
MOH-F-5000988,SHJ,SHJ,PHARMACY,REEM AL NAHDAH PHARMACY LLC,MOH-F-5000988,AL NAHDA PARK,"OPP. CARREFOUR MARKET, NEAR AL NAHDA PARK, AL NAHDA SHARJAH",065255825,"https://www.google.com/maps/@?api=1&map_action=map&center=25.0,55.0&zoom=15",,,Pharmacy outlet. Coordinates approximate for area. Operating hours typically 8AM-10PM. Prescription services available. WhatsApp availability varies by location; call ahead to confirm.
MOH-F-5000937,SHJ,SHJ,PHARMACY,FAITH ZONE PHARMACY FZC,MOH-F-5000937,SAIF ZONE,INTERNATIONAL AIRPORT - SHOP NO A 11-02 - SAIF ZONE - SHARJAH,06-5658787,"https://www.google.com/maps/@?api=1&map_action=map&center=25.0,55.0&zoom=15",,,Pharmacy outlet. Coordinates approximate for area. Operating hours typically 8AM-10PM. Prescription services available. WhatsApp availability varies by location; call ahead to confirm.
MOH-F-5000978,SHJ,SHJ,PHARMACY,AL HAMRIA PHARMACY LLC,MOH-F-5000978,AL NAHDA,"NEAR HOT BURGER AL NAHDA, SHARJAH UAE",06-521 8887,"https://www.google.com/maps/@?api=1&map_action=map&center=25.0,55.0&zoom=15",,,Pharmacy outlet. Coordinates approximate for area. Operating hours typically 8AM-10PM. Prescription services available. WhatsApp availability varies by location; call ahead to confirm.
MOH-F-5000702,SHJ,SHJ,PHARMACY,EMIRATES EUROPEAN HOSPITAL PHARMACY,MOH-F-5000702,AL SHARQ STREET,"QULAYA AREA, ALSHARQ STREET",06-5619444,"https://www.google.com/maps/@?api=1&map_action=map&center=25.0,55.0&zoom=15",,,Pharmacy outlet. Coordinates approximate for area. Operating hours typically 8AM-10PM. Prescription services available. WhatsApp availability varies by location; call ahead to confirm.
MOH-F-5000219,SHJ,SHJ,PHARMACY,LAMIA PHARMACY,MOH-F-5000219,SHARJAH,"SHOP NO.5,GROUD FLOOR,KHANSAHEH BUILDING,CORNICHE ROAD,AL SHUWAIHEEN AREA ,SHARJAH,P.O.BOX:20031",06-5680781,"https://www.google.com/maps/@?api=1&map_action=map&center=25.0,55.0&zoom=15",,,Pharmacy outlet. Coordinates approximate for area. Operating hours typically 8AM-10PM. Prescription services available. WhatsApp availability varies by location; call ahead to confirm.
MOH-F-5000746,SHJ,SHJ,PHARMACY,AL SADAF PHARMACY LLC,MOH-F-5000746,SHARJAH,"SHOP # 4&5MALIK HAMMAD SULTAN BUILDING,NEAR NOOR AL SAJJAH SUPER MARKET",06-5598211,"https://www.google.com/maps/@?api=1&map_action=map&center=25.0,55.0&zoom=15",,,Pharmacy outlet. Coordinates approximate for area. Operating hours typically 8AM-10PM. Prescription services available. WhatsApp availability varies by location; call ahead to confirm.
MOH-F-5000450,SHJ,SHJ,PHARMACY,ASTER PHARMACY 125,MOH-F-5000450,SHARJAH,"AL DEYAR BUIDING, NEAR TAWOUN R/A, AL TAWOUN, SHARJAH",06-5303016,"https://www.google.com/maps/@?api=1&map_action=map&center=25.0,55.0&zoom=15",,,Pharmacy outlet. Coordinates approximate for area. Operating hours typically 8AM-10PM. Prescription services available. WhatsApp availability varies by location; call ahead to confirm.
MOH-F-5000018,SHJ,SHJ,PHARMACY,ASTER HARAMAIN (AL HARAMAIN PHARMACY),MOH-F-5000018,AL NAHDA AREA,"AL NAHDA TOWER, AL NAHADAH - SHARJAH",06-5316779,"https://www.google.com/maps/@?api=1&map_action=map&center=25.0,55.0&zoom=15",,,Pharmacy outlet. Coordinates approximate for area. Operating hours typically 8AM-10PM. Prescription services available. WhatsApp availability varies by location; call ahead to confirm.
MOH-F-5000295,SHJ,SHJ,PHARMACY,CRISTAL PHARMACY,MOH-F-5000295,TAAWAUN AREA,"AL SHAMSI BLG.,SHOP 4, AL TAWOON AREA, SHARJAH",06-5773100,"https://www.google.com/maps/@?api=1&map_action=map&center=25.0,55.0&zoom=15",,,Pharmacy outlet. Coordinates approximate for area. Operating hours typically 8AM-10PM. Prescription services available. WhatsApp availability varies by location; call ahead to confirm.
MOH-F-5000492,SHJ,SHJ,PHARMACY,ASTER PHARMACY 133,MOH-F-5000492,ABUTINA,"AL SHARQ STREET,NEXT TO FINE FAIR, BUTINA, OPP: SHARJAH COP SOCEITY",06-5619322,"https://www.google.com/maps/@?api=1&map_action=map&center=25.0,55.0&zoom=15",,,Pharmacy outlet. Coordinates approximate for area. Operating hours typically 8AM-10PM. Prescription services available. WhatsApp availability varies by location; call ahead to confirm.
MOH-F-5000175,SHJ,SHJ,PHARMACY,ASTER MEDICOM -17 (AL ANSAR PHARMACY),MOH-F-5000175,SHARJAH,"ANSAR MALL, AL NAHADA ROAD, SHARJAH",06-5313256,"https://www.google.com/maps/@?api=1&map_action=map&center=25.0,55.0&zoom=15",,,Pharmacy outlet. Coordinates approximate for area. Operating hours typically 8AM-10PM. Prescription services available. WhatsApp availability varies by location; call ahead to confirm.
MOH-F-5000061,SHJ,SHJ,PHARMACY,ASTER SHARJAH PHARMACY,MOH-F-5000061,KING FAISAL ROAD,"BESIDE NAHDA PARK, OPPOSITE TO CARREFOUR EXPRESS, AL NAHDA",06-5253663,"https://www.google.com/maps/@?api=1&map_action=map&center=25.0,55.0&zoom=15",,,Pharmacy outlet. Coordinates approximate for area. Operating hours typically 8AM-10PM. Prescription services available. WhatsApp availability varies by location; call ahead to confirm.
MOH-F-5000052,SHJ,SHJ,PHARMACY,ASTER WASEEM (WASEEM PHARMACY),MOH-F-5000052,TAAWAUN AREA,"DAFCO BUILDING, TAAWUN AREA - SHARJAH",06-5770930,"https://www.google.com/maps/@?api=1&map_action=map&center=25.0,55.0&zoom=15",,,Pharmacy outlet. Coordinates approximate for area. Operating hours typically 8AM-10PM. Prescription services available. WhatsApp availability varies by location; call ahead to confirm.
MOH-F-5000403,SHJ,SHJ,PHARMACY,ASTER PHARMACY 106,MOH-F-5000403,AL NAHDA AREA,"GOLDENSANDS BUILDING, AL ITTIHAD ROAD ,AL NAHDA, NEAR TO SHAFEER MALL",06-5749669,"https://www.google.com/maps/@?api=1&map_action=map&center=25.0,55.0&zoom=15",,,Pharmacy outlet. Coordinates approximate for area. Operating hours typically 8AM-10PM. Prescription services available. WhatsApp availability varies by location; call ahead to confirm.
MOH-F-5000367,SHJ,SHJ,PHARMACY,ASTER PHARMACY 107,MOH-F-5000367,KING FAISAL ROAD,"HASSAN BABA HASSAN BUILDING, GROUD FLOOR, KING FAISAL ROAD, SHARJAH",06-5734704,"https://www.google.com/maps/@?api=1&map_action=map&center=25.0,55.0&zoom=15",,,Pharmacy outlet. Coordinates approximate for area. Operating hours typically 8AM-10PM. Prescription services available. WhatsApp availability varies by location; call ahead to confirm.
MOH-F-5000449,SHJ,SHJ,PHARMACY,ASTER PHARMACY 108,MOH-F-5000449,ROLLA,"IBRAHIM MOHAMED AL MEDFAA STREET, NEXT TO SATA, UM AL TARAFA AREA, ROLLA, SHARJAH, NEAR TO ACCESS CLINIC",06-5610012,"https://www.google.com/maps/@?api=1&map_action=map&center=25.0,55.0&zoom=15",,,Pharmacy outlet. Coordinates approximate for area. Operating hours typically 8AM-10PM. Prescription services available. WhatsApp availability varies by location; call ahead to confirm.
MOH-F-5000033,SHJ,SHJ,PHARMACY,ASTER AL MAWADAH (AL MAWADAH PHARMACY),MOH-F-5000033,IMMIGRATION ROAD,IMMIGRATION ROAD - SHARJAH,06-5744878,"https://www.google.com/maps/@?api=1&map_action=map&center=25.0,55.0&zoom=15",,,Pharmacy outlet. Coordinates approximate for area. Operating hours typically 8AM-10PM. Prescription services available. WhatsApp availability varies by location; call ahead to confirm.
MOH-F-5000174,SHJ,SHJ,PHARMACY,ASTER AL MAJAZ (AL MAJAZ PHARMACY),MOH-F-5000174,JAMAL ABDUL NASR STREET,"JAMAL ABDUL NASIR ST, MAJAZ - SHARJAH",06-5599799,"https://www.google.com/maps/@?api=1&map_action=map&center=25.0,55.0&zoom=15",,,Pharmacy outlet. Coordinates approximate for area. Operating hours typically 8AM-10PM. Prescription services available. WhatsApp availability varies by location; call ahead to confirm.
MOH-F-5000312,SHJ,SHJ,PHARMACY,ASTER AL BUHAIRAH PHARMACY,MOH-F-5000312,AL BUHAIRAH CORNICHE,"LAGOON TOWER, SHOP NO.1, BUHAIRAH CORNICHE, SHARJAH, UAE",06-5444542,"https://www.google.com/maps/@?api=1&map_action=map&center=25.0,55.0&zoom=15",,,Pharmacy outlet. Coordinates approximate for area. Operating hours typically 8AM-10PM. Prescription services available. WhatsApp availability varies by location; call ahead to confirm.
MOH-F-5000173,SHJ,SHJ,PHARMACY,ASTER EXPERT (EXPERT PHARMACY),MOH-F-5000173,ABUTINA,NEAR AL NASSIRAYA POLICE STN - SHARJAH,06-5654635,"https://www.google.com/maps/@?api=1&map_action=map&center=25.0,55.0&zoom=15",,,Pharmacy outlet. Coordinates approximate for area. Operating hours typically 8AM-10PM. Prescription services available. WhatsApp availability varies by location; call ahead to confirm.
MOH-F-5000135,SHJ,SHJ,PHARMACY,ASTER SALIM (SALIM PHARMACY),MOH-F-5000135,AL BUHAIRAH CORNICHE,"NEAR SMADI SWEETS, AL BUHAIRAH - SHARJAH",06-5736262,"https://www.google.com/maps/@?api=1&map_action=map&center=25.0,55.0&zoom=15",,,Pharmacy outlet. Coordinates approximate for area. Operating hours typically 8AM-10PM. Prescription services available. WhatsApp availability varies by location; call ahead to confirm.
MOH-F-5000031,SHJ,SHJ,PHARMACY,ASTER AL MANARAH (AL MANARAH PHARMACY),MOH-F-5000031,TAAWAUN AREA,"OPP. TAAWUN MALL, TAAWUN AREA - SHARJAH",06-5774665,"https://www.google.com/maps/@?api=1&map_action=map&center=25.0,55.0&zoom=15",,,Pharmacy outlet. Coordinates approximate for area. Operating hours typically 8AM-10PM. Prescription services available. WhatsApp availability varies by location; call ahead to confirm.
MOH-F-5000050,SHJ,SHJ,PHARMACY,ASTER AL SHUALLA (AL SHUALLA PHARMACY),MOH-F-5000050,AL NAHDA AREA,"SAFEER MALL, AL NAHDA, NEAR TO AL KHAN BRIDGE,SHARJAH",06-5313648,"https://www.google.com/maps/@?api=1&map_action=map&center=25.0,55.0&zoom=15",,,Pharmacy outlet. Coordinates approximate for area. Operating hours typically 8AM-10PM. Prescription services available. WhatsApp availability varies by location; call ahead to confirm.
MOH-F-5000481,SHJ,SHJ,PHARMACY,ASTER PHARMACY 122,MOH-F-5000481,SHARJAH,"SHOP NO 2, ASTER BUILDING, NEAR ASTER CLINIC, NEAR ABU SHAGARA PARK, ABU SHAGARA",06-5570996,"https://www.google.com/maps/@?api=1&map_action=map&center=25.0,55.0&zoom=15",,,Pharmacy outlet. Coordinates approximate for area. Operating hours typically 8AM-10PM. Prescription services available. WhatsApp availability varies by location; call ahead to confirm.
MOH1351,SHJ,SHJ,PHARMACY,ASTER PHARMACY 203,MOH1351,SHARJAH,"SHOP NO.1, ARAB DOCTOR BUILDING, AL TAAWUN AREA, SHARJAH",06-5396955,"https://www.google.com/maps/@?api=1&map_action=map&center=25.0,55.0&zoom=15",,,Pharmacy outlet. Coordinates approximate for area. Operating hours typically 8AM-10PM. Prescription services available. WhatsApp availability varies by location; call ahead to confirm.
MOH-F-5000532,SHJ,SHJ,PHARMACY,ASTER PHARMACY 151,MOH-F-5000532,TAAWAUN AREA,"SHOP NO.4, MAMZER 1 TOWER, OPP. SHARJAH PALACE HOTEL, TAWUN STREET, AL TAWOON",06-5453109,"https://www.google.com/maps/@?api=1&map_action=map&center=25.0,55.0&zoom=15",,,Pharmacy outlet. Coordinates approximate for area. Operating hours typically 8AM-10PM. Prescription services available. WhatsApp availability varies by location; call ahead to confirm.
MOH-F-5000404,SHJ,SHJ,PHARMACY,ASTER PHARMACY 121 (BR OF ASTER PHARMACIES GROUP LLC),MOH-F-5000404,AL NAHDA AREA,"SILVER SAND BUILDING, , AL NAHDA,OPP JUMA AL MAJID BUILDING",06-5544504,"https://www.google.com/maps/@?api=1&map_action=map&center=25.0,55.0&zoom=15",,,Pharmacy outlet. Coordinates approximate for area. Operating hours typically 8AM-10PM. Prescription services available. WhatsApp availability varies by location; call ahead to confirm.
MOH-F-5000567,SHJ,SHJ,PHARMACY,ASTER PHARMACY 140,MOH-F-5000567,KING FAISAL ROAD,"SULTACO BUILDING, KING FAISAL STREET, AL MAJAZ, SHARJAH",06- 5445001,"https://www.google.com/maps/@?api=1&map_action=map&center=25.0,55.0&zoom=15",,,Pharmacy outlet. Coordinates approximate for area. Operating hours typically 8AM-10PM. Prescription services available. WhatsApp availability varies by location; call ahead to confirm.
MOH-F-5000627,SHJ,SHJ,PHARMACY,ASTER PHARMACY 153,MOH-F-5000627,AL NAHDA AREA,"SUROOR BUILDING, AL NAHDA PARK AREA, BESIDE CITY EXCHANGE, AL NAHDA",06-5543060,"https://www.google.com/maps/@?api=1&map_action=map&center=25.0,55.0&zoom=15",,,Pharmacy outlet. Coordinates approximate for area. Operating hours typically 8AM-10PM. Prescription services available. WhatsApp availability varies by location; call ahead to confirm.
MOH-F-5000886,SHJ,SHJ,PHARMACY,ASTER PHARMACIES GROUP LLC -SHJ BR -BRANCH 2,MOH-F-5000886,SHARJAH,"SHOP NO.2, BIN THAREEM BUILDING, MUWAILAH COMMERCIAL ROAD, NEAR TO ASTER CLINIC, AL MUWAILAH",06-5321164,"https://www.google.com/maps/@?api=1&map_action=map&center=25.0,55.0&zoom=15",,,Pharmacy outlet. Coordinates approximate for area. Operating hours typically 8AM-10PM. Prescription services available. WhatsApp availability varies by location; call ahead to confirm.
MOH-F-5000878,SHJ,SHJ,PHARMACY,ASTER PHARMACIES GROUP LLC- SHJ BR - BRANCH 3,MOH-F-5000878,SHARJAH,"1ST FLOOR, SHARJAH CITY CENTER, OPP: CARREFOUR, AL WAHDA STREET, SHARJAH",06-5950110,"https://www.google.com/maps/@?api=1&map_action=map&center=25.0,55.0&zoom=15",,,Pharmacy outlet. Coordinates approximate for area. Operating hours typically 8AM-10PM. Prescription services available. WhatsApp availability varies by location; call ahead to confirm.
MOH-F-5000987,SHJ,SHJ,PHARMACY,ASTER PHARMACIES GROUP LLC -SHJ BR -BRANCH 1,MOH-F-5000987,SWEIHAT,"SHOP NO:3, SHARJAH CO-OPERATIVE SOCIETY, SWEIHAT, SHARJAH",06-5465240,"https://www.google.com/maps/@?api=1&map_action=map&center=25.0,55.0&zoom=15",,,Pharmacy outlet. Coordinates approximate for area. Operating hours typically 8AM-10PM. Prescription services available. WhatsApp availability varies by location; call ahead to confirm.
MOH-F-5001037,SHJ,SHJ,PHARMACY,ASTER PHARMACIES GROUP LLC -SHJ BR,MOH-F-5001037,KALBAH,"PLOT 25, SAJIDHA HYPERMARKET, AL WAHDA STREET, KALBA, SHARJAH",09-6061832,"https://www.google.com/maps/@?api=1&map_action=map&center=25.0,55.0&zoom=15",,,Pharmacy outlet. Coordinates approximate for area. Operating hours typically 8AM-10PM. Prescription services available. WhatsApp availability varies by location; call ahead to confirm.
MOH-F-5001065,SHJ,SHJ,PHARMACY,ASTER PHARMACIES GROUP LLC -SHJ BR -BRANCH 4,MOH-F-5001065,ALI MOOSA STREET,"SHOP NO.22 & 23, PLOT NO:7664, SAJAH MALL, ALI MOOSA STREET, SAJAH, SHARJAH, UAE",06-5466057,"https://www.google.com/maps/@?api=1&map_action=map&center=25.0,55.0&zoom=15",,,Pharmacy outlet. Coordinates approximate for area. Operating hours typically 8AM-10PM. Prescription services available. WhatsApp availability varies by location; call ahead to confirm.
MOH-F-5001050,SHJ,SHJ,PHARMACY,ASTER HOSPITAL PHARMACY,MOH-F-5001050,AL QASIMI STREET,"BEHIND MEGA MALL, SHEIKH SAQR BIN KHALID AL QASIMI STREET, AL BU DANIQ, SHARJAH",04-4400500,"https://www.google.com/maps/@?api=1&map_action=map&center=25.0,55.0&zoom=15",,,Pharmacy outlet. Coordinates approximate for area. Operating hours typically 8AM-10PM. Prescription services available. WhatsApp availability varies by location; call ahead to confirm.
MOH-F-5000647,SHJ,SHJ,PHARMACY,AL COURNICHE PHARMACY,MOH-F-5000647,SHARJAH,"P.O.BOX - 21218, GROUND FLOOR, CORNICHE PLAZA II , BUHAIRA CORNICHE, SHARJAH, UAE",06-5751222,"https://www.google.com/maps/@?api=1&map_action=map&center=25.0,55.0&zoom=15",,,Pharmacy outlet. Coordinates approximate for area. Operating hours typically 8AM-10PM. Prescription services available. WhatsApp availability varies by location; call ahead to confirm.
MOH-F-5000456,SHJ,SHJ,PHARMACY,AL YAMAMA PHARMACY LLC,MOH-F-5000456,SHARJAH,"PO BOX NO. 64283,INDUSTRIAL AREA 10, SHARJAH, U.A.E",06-5346066,"https://www.google.com/maps/@?api=1&map_action=map&center=25.0,55.0&zoom=15",,,Pharmacy outlet. Coordinates approximate for area. Operating hours typically 8AM-10PM. Prescription services available. WhatsApp availability varies by location; call ahead to confirm.
MOH-F-5000333,SHJ,SHJ,PHARMACY,AL RAHMANIAH PHARMACY LLC,MOH-F-5000333,SHARJAH,"THIRD INDUSTRIAL AREA STREET, SHARJAH, U.A.E",06-5343351,"https://www.google.com/maps/@?api=1&map_action=map&center=25.0,55.0&zoom=15",,,Pharmacy outlet. Coordinates approximate for area. Operating hours typically 8AM-10PM. Prescription services available. WhatsApp availability varies by location; call ahead to confirm.
MOH971,SHJ,SHJ,PHARMACY,AL SHIFA UROPI PHARMACY LLC,MOH971,AL NAHDA AREA,"GROUND FLOOR, QADISSIYA (TIGER) BUILDING, AL NAHDA",06-5394609,"https://www.google.com/maps/@?api=1&map_action=map&center=25.0,55.0&zoom=15",,,Pharmacy outlet. Coordinates approximate for area. Operating hours typically 8AM-10PM. Prescription services available. WhatsApp availability varies by location; call ahead to confirm.
MOH-F-5000066,SHJ,SHJ,PHARMACY,BILAL PHARMACY,MOH-F-5000066,SHARJAH INDUSTRIAL AREA,"INDUSTRAIL AREA NO. 2, CATERPILLAR ROAD, OPPOSITE TO ADNOC PETROL STATION NEXT TO DYNATRADE SERVICE CENTER, SHARJAH",06-5328558,"https://www.google.com/maps/@?api=1&map_action=map&center=25.0,55.0&zoom=15",,,Pharmacy outlet. Coordinates approximate for area. Operating hours typically 8AM-10PM. Prescription services available. WhatsApp availability varies by location; call ahead to confirm.
MOH-F-5000195,SHJ,SHJ,PHARMACY,AL FURQAN PHARMACY (AL- SHAMS GROUP),MOH-F-5000195,SHARJAH,"PO. BOX 48431, SHOP 9, GROUND FLOOR, MATTAR BLDG, AL MADAM, SHARJAH",06-8861910,"https://www.google.com/maps/@?api=1&map_action=map&center=25.0,55.0&zoom=15",,,Pharmacy outlet. Coordinates approximate for area. Operating hours typically 8AM-10PM. Prescription services available. WhatsApp availability varies by location; call ahead to confirm.
MOH-F-5001172,SHJ,SHJ,PHARMACY,AL SEYOUH PHARMACY LLC,MOH-F-5001172,INDUSTRIAL AREA 4,"UNIT 15, BLOCK A, NEAR GIFT MART, SHARJAH INDUSTRIAL AREA 4",06-5594836,"https://www.google.com/maps/@?api=1&map_action=map&center=25.0,55.0&zoom=15",,,Pharmacy outlet. Coordinates approximate for area. Operating hours typically 8AM-10PM. Prescription services available. WhatsApp availability varies by location; call ahead to confirm.
MOH-F-5000778,SHJ,SHJ,PHARMACY,RUKN AL YASMEEN PHARMACY,MOH-F-5000778,ROLLA,"OLLA MALL, GROUND FLOOR, ROLLA - SHARJAH",06-5238080,"https://www.google.com/maps/@?api=1&map_action=map&center=25.0,55.0&zoom=15",,,Pharmacy outlet. Coordinates approximate for area. Operating hours typically 8AM-10PM. Prescription services available. WhatsApp availability varies by location; call ahead to confirm.
MOH-F-5000526,SHJ,SHJ,PHARMACY,YAS PHARMACY L.L.C,MOH-F-5000526,SHARJAH INDUSTRIAL AREA,"NEAR LULU INTERNATIONAL EXCHANGE, SAJJA INDUSTRIAL AREA",06-5361256,"https://www.google.com/maps/@?api=1&map_action=map&center=25.0,55.0&zoom=15",,,Pharmacy outlet. Coordinates approximate for area. Operating hours typically 8AM-10PM. Prescription services available. WhatsApp availability varies by location; call ahead to confirm.
MOH-F-5000231,SHJ,SHJ,PHARMACY,AL QASIMIAH PHARMACY LLC,MOH-F-5000231,SHARJAH,"NEAR SHARJAH CEMENT FACTORY, ALI MOOSA BUILDING, SAJJA INDUSTRIAL AREA",06-5310177,"https://www.google.com/maps/@?api=1&map_action=map&center=25.0,55.0&zoom=15",,,Pharmacy outlet. Coordinates approximate for area. Operating hours typically 8AM-10PM. Prescription services available. WhatsApp availability varies by location; call ahead to confirm.
MOH316,SHJ,SHJ,PHARMACY,ASIA PHARMACY LLC,MOH316,SHARJAH,"INDUSTRIAL AREA 2, NEAR SEDANA SIGNAL, SHARJAH",06-5335970,"https://www.google.com/maps/@?api=1&map_action=map&center=25.0,55.0&zoom=15",,,Pharmacy outlet. Coordinates approximate for area. Operating hours typically 8AM-10PM. Prescription services available. WhatsApp availability varies by location; call ahead to confirm.
MOH-449,SHJ,SHJ,PHARMACY,AL SAJAA PHARMACY LLC,MOH-449,SHARJAH,"DHAID ROAD, OPP SHARJAH CEMENT FACTORY, SHARJAH",06-5310199,"https://www.google.com/maps/@?api=1&map_action=map&center=25.0,55.0&zoom=15",,,Pharmacy outlet. Coordinates approximate for area. Operating hours typically 8AM-10PM. Prescription services available. WhatsApp availability varies by location; call ahead to confirm.
MOH-1041,SHJ,SHJ,PHARMACY,BAB AL QASIMIAH PHARMACY LLC,MOH-1041,SHARJAH,"SAJAA ONDUSTRIAL AREA ,HANNA HYPER MARKET,",06-5221707,"https://www.google.com/maps/@?api=1&map_action=map&center=25.0,55.0&zoom=15",,,Pharmacy outlet. Coordinates approximate for area. Operating hours typically 8AM-10PM. Prescription services available. WhatsApp availability varies by location; call ahead to confirm.
MOH-F-5000542,SHJ,SHJ,PHARMACY,AL AFDHAL PHARMACY(AL NEEM GROUP),MOH-F-5000542,ROLLA,"NEAR SWISS BELL HOTEL, AL AROUBA STREET. ROLLA,, POST BOX:3134",06-5217622,"https://www.google.com/maps/@?api=1&map_action=map&center=25.0,55.0&zoom=15",,,Pharmacy outlet. Coordinates approximate for area. Operating hours typically 8AM-10PM. Prescription services available. WhatsApp availability varies by location; call ahead to confirm.
MOH-F-5000281,SHJ,SHJ,PHARMACY,DAR AL DAWAA PHARMACY L.L.C(AL NEEM GROUP),MOH-F-5000281,KING FAISAL ROAD,"RIGHT MEDICALCENTER BUILDING, ABU SHAGARAH, KING FAISAL STREET.",06-5449544,"https://www.google.com/maps/@?api=1&map_action=map&center=25.0,55.0&zoom=15",,,Pharmacy outlet. Coordinates approximate for area. Operating hours typically 8AM-10PM. Prescription services available. WhatsApp availability varies by location; call ahead to confirm.
MOH-F-5000608,SHJ,SHJ,PHARMACY,AL SABAH PHARMACY L.L.C(AL NEEM GROUP),MOH-F-5000608,SHARJAH,"HNC CLINIC BUILDING, MUWAILAH COMMERCIAL",06-5302468,"https://www.google.com/maps/@?api=1&map_action=map&center=25.0,55.0&zoom=15",,,Pharmacy outlet. Coordinates approximate for area. Operating hours typically 8AM-10PM. Prescription services available. WhatsApp availability varies by location; call ahead to confirm.
MOH-F-5000384,SHJ,SHJ,PHARMACY,RUKN AL HAYAT PHARMACY L.L.C,MOH-F-5000384,AL MAJAZ,AL MAJAZ,06-5444534,"https://www.google.com/maps/@?api=1&map_action=map&center=25.0,55.0&zoom=15",,,Pharmacy outlet. Coordinates approximate for area. Operating hours typically 8AM-10PM. Prescription services available. WhatsApp availability varies by location; call ahead to confirm.
MOH-F-5000813,SHJ,SHJ,PHARMACY,DAR AL NEEM PHARMACY LLC,MOH-F-5000813,AL MUNTAZAH,AL MUNTAZAH,06-5593344,"https://www.google.com/maps/@?api=1&map_action=map&center=25.0,55.0&zoom=15",,,Pharmacy outlet. Coordinates approximate for area. Operating hours typically 8AM-10PM. Prescription services available. WhatsApp availability varies by location; call ahead to confirm.
MOH-F-5000806,SHJ,SHJ,PHARMACY,AL SAMHA PHARMACY LLC,MOH-F-5000806,ABU SHAGARA,ABU SHAGARA STREET,056-6465225,"https://www.google.com/maps/@?api=1&map_action=map&center=25.0,55.0&zoom=15",,,Pharmacy outlet. Coordinates approximate for area. Operating hours typically 8AM-10PM. Prescription services available. WhatsApp availability varies by location; call ahead to confirm.
MOH-F-5000875,SHJ,SHJ,PHARMACY,ABUDHABI PHARMACY,MOH-F-5000875,AL KHAN,AL KHAN STREET,056-6465995,"https://www.google.com/maps/@?api=1&map_action=map&center=25.0,55.0&zoom=15",,,Pharmacy outlet. Coordinates approximate for area. Operating hours typically 8AM-10PM. Prescription services available. WhatsApp availability varies by location; call ahead to confirm.
MOH-F-5000451,SHJ,SHJ,PHARMACY,MUHAMMAD AYAZ PHARMACY L.L.C,MOH-F-5000451,SHARJAH,"AHMED BIN ALI BUILDING, AL WASIT STREET, OPP. KARACHI DARBAR, AL SHAHBA",06-5526224,"https://www.google.com/maps/@?api=1&map_action=map&center=25.0,55.0&zoom=15",,,Pharmacy outlet. Coordinates approximate for area. Operating hours typically 8AM-10PM. Prescription services available. WhatsApp availability varies by location; call ahead to confirm.
MOH-F-5000713,SHJ,SHJ,PHARMACY,LANA PHARMACY L.L.C(AL NEEM GROUP),MOH-F-5000713,SHARJAH,"MUSCAT BUILDING, UNIVERSITY CITY ROAD, MUWAILAH, , POST BOX:31343",06-5691876,"https://www.google.com/maps/@?api=1&map_action=map&center=25.0,55.0&zoom=15",,,Pharmacy outlet. Coordinates approximate for area. Operating hours typically 8AM-10PM. Prescription services available. WhatsApp availability varies by location; call ahead to confirm.
MOH-F-5000748,SHJ,SHJ,PHARMACY,AL NAS PHARMACY L.L.C(AL NEEM GROUP),MOH-F-5000748,SHARJAH,"MUHAMMED SYEED BUILDING, AL SHUWAIB ROAD, AL WASHAH, DHAID,POST BOX:31343",06-5343034,"https://www.google.com/maps/@?api=1&map_action=map&center=25.0,55.0&zoom=15",,,Pharmacy outlet. Coordinates approximate for area. Operating hours typically 8AM-10PM. Prescription services available. WhatsApp availability varies by location; call ahead to confirm.
MOH-F-5000727,SHJ,SHJ,PHARMACY,RAFEAH PHARMACY L.L.C(AL NEEM GROUP),MOH-F-5000727,SHARJAH,"ZAEIF MUSABAH HUMOOD AL KETABI BUILDING, BATAYAH RAFEAH, POST BOX:31343",06-5341441,"https://www.google.com/maps/@?api=1&map_action=map&center=25.0,55.0&zoom=15",,,Pharmacy outlet. Coordinates approximate for area. Operating hours typically 8AM-10PM. Prescription services available. WhatsApp availability varies by location; call ahead to confirm.
MOH835,SHJ,SHJ,PHARMACY,AL MALEHA PHARMACY,MOH835,SHARJAH,"OPPOSITE ETISALAT, AL DHAID,SHARJAH.U.A.E.",06-8826855,"https://www.google.com/maps/@?api=1&map_action=map&center=25.0,55.0&zoom=15",,,Pharmacy outlet. Coordinates approximate for area. Operating hours typically 8AM-10PM. Prescription services available. WhatsApp availability varies by location; call ahead to confirm.
MOH-F-5000832,SHJ,SHJ,PHARMACY,MILAN PHARMACY LLC,MOH-F-5000832,ABU SHAGARA,"MODERN CLINIC BUILDING,KING FAISAL ROAD,ABUSHAGARA,SHARJAH",06-5420077,"https://www.google.com/maps/@?api=1&map_action=map&center=25.0,55.0&zoom=15",,,Pharmacy outlet. Coordinates approximate for area. Operating hours typically 8AM-10PM. Prescription services available. WhatsApp availability varies by location; call ahead to confirm.
MOH-F-5000635,SHJ,SHJ,PHARMACY,ARABIAN PHARMACY (AL BARAKAH),MOH-F-5000635,SHARJAH INDUSTRIAL AREA,INDUSTRIAL AREA 5,06-5431763,"https://www.google.com/maps/@?api=1&map_action=map&center=25.0,55.0&zoom=15",,,Pharmacy outlet. Coordinates approximate for area. Operating hours typically 8AM-10PM. Prescription services available. WhatsApp availability varies by location; call ahead to confirm.
MOH-F-5000138,SHJ,SHJ,PHARMACY,SHARJAH AHALIA PHARMACY,MOH-F-5000138,SHARJAH,"IBRAHIM AL MEDFA ST,AL MUSALLAH ,INFRONT OF ETISALAT,SHARJAH",06-5621600,"https://www.google.com/maps/@?api=1&map_action=map&center=25.0,55.0&zoom=15",,,Pharmacy outlet. Coordinates approximate for area. Operating hours typically 8AM-10PM. Prescription services available. WhatsApp availability varies by location; call ahead to confirm.
MOH-F-5000486,SHJ,SHJ,PHARMACY,AL AHLIAH PHARMACY,MOH-F-5000486,NEAR CLOCK TOWER,"SHEIKH ZAYED STREET, OPP KALYAN SILKS, NEAR CLOCK TOWER, MAISALOON - ZAIKZAID",06-5313698,"https://www.google.com/maps/@?api=1&map_action=map&center=25.0,55.0&zoom=15",,,Pharmacy outlet. Coordinates approximate for area. Operating hours typically 8AM-10PM. Prescription services available. WhatsApp availability varies by location; call ahead to confirm.
MOH-F-5000324,SHJ,SHJ,PHARMACY,AL INAYA AL MUTAQADIMAH PHARMACY LLC-MUWAILAH-(ADVANCED GROUP),MOH-F-5000324,SHARJAH,"SHOP NO : 2, GROUND FLOOR, AL REEM BUILDING I, MUWAILAH, NEAR NATIONAL PAINTS,MALIHA ROAD (SHARJAH-KALBA ROAD), SHARJAH - UAE.",06-5345663,"https://www.google.com/maps/@?api=1&map_action=map&center=25.0,55.0&zoom=15",,,Pharmacy outlet. Coordinates approximate for area. Operating hours typically 8AM-10PM. Prescription services available. WhatsApp availability varies by location; call ahead to confirm.
MOH-F-5000882,SHJ,SHJ,PHARMACY,ASTER PHARMACIES GROUP LLC- SHJ BR - BRANCH 5,MOH-F-5000882,MUWAILAH,"SHOP NO:1, RASHID BUILDING, NEAR AL MADINA SHOPPING CENTER, UNIVERSITY ROAD, MUWAILIAH, SHARJAH",06-5538496,"https://www.google.com/maps/@?api=1&map_action=map&center=25.0,55.0&zoom=15",,,Pharmacy outlet. Coordinates approximate for area. Operating hours typically 8AM-10PM. Prescription services available. WhatsApp availability varies by location; call ahead to confirm.
MOH-F-5001079,SHJ,SHJ,PHARMACY,AL BEDAYA PHARMACY,MOH-F-5001079,AL SAJAA INDUSTRIAL AREA,"AL SAJAA INDUSTRIAL AREA, SHARJAH,UAE",06-7676177,"https://www.google.com/maps/@?api=1&map_action=map&center=25.0,55.0&zoom=15",,,Pharmacy outlet. Coordinates approximate for area. Operating hours typically 8AM-10PM. Prescription services available. WhatsApp availability varies by location; call ahead to confirm.
MOH-F-5001155,SHJ,SHJ,PHARMACY,RAYHAN GULF PHARMACY LLC,MOH-F-5001155,ABU SHAGARA,"1ST FLOOR, SHJ COOP, ABU SHAGARA,SHARJAH,UAE",06-5454388,"https://www.google.com/maps/@?api=1&map_action=map&center=25.0,55.0&zoom=15",,,Pharmacy outlet. Coordinates approximate for area. Operating hours typically 8AM-10PM. Prescription services available. WhatsApp availability varies by location; call ahead to confirm.
MOH-F-5001183,SHJ,SHJ,PHARMACY,AL SHUALLA PHARMACY,MOH-F-5001183,AL ZAHIA UPTOWN,"SHOP R027, AL ZAHIA UPTOWN, AL MUWEILAH COMMERCIAL, SHARJAH",06-5736587,"https://www.google.com/maps/@?api=1&map_action=map&center=25.0,55.0&zoom=15",,,Pharmacy outlet. Coordinates approximate for area. Operating hours typically 8AM-10PM. Prescription services available. WhatsApp availability varies by location; call ahead to confirm.
MOH-F-5001190,SHJ,SHJ,PHARMACY,ASTER PHARMACIES GROUP LLC - SHJ.BR - BRANCH 7,MOH-F-5001190,AL RUQAYBA 4,"SHOP NO-6, SUYOH MALL, AL SUYOH SUBURB, MALIHA STREET, AL RUQAYBA 4, SHARJAH",06-5263317,"https://www.google.com/maps/@?api=1&map_action=map&center=25.0,55.0&zoom=15",,,Pharmacy outlet. Coordinates approximate for area. Operating hours typically 8AM-10PM. Prescription services available. WhatsApp availability varies by location; call ahead to confirm.
MOH-F-5001092,SHJ,SHJ,PHARMACY,MUZEIRA PHARMACY LLC,MOH-F-5001092,AL NAHDA STREET,"TIGER AL YARMOOK C BUILDING , NEXT TO AL ARIF HEART AND CHILDRENS MEDICAL CENTRE AL NAHDA ST. SHARJAH UAE",06-542 2337,"https://www.google.com/maps/@?api=1&map_action=map&center=25.0,55.0&zoom=15",,,Pharmacy outlet. Coordinates approximate for area. Operating hours typically 8AM-10PM. Prescription services available. WhatsApp availability varies by location; call ahead to confirm.
MOH-F-5001088,SHJ,SHJ,PHARMACY,AL BARASHI PHARMACY LLC,MOH-F-5001088,BARASHI,"SHARJAH COOPERATIVE SOCIETY BARASHI, AL BEDEA SUBURB - BARASHI - SHARJAH",06-524 8828,"https://www.google.com/maps/@?api=1&map_action=map&center=25.0,55.0&zoom=15",,,Pharmacy outlet. Coordinates approximate for area. Operating hours typically 8AM-10PM. Prescription services available. WhatsApp availability varies by location; call ahead to confirm.
MOH-F-5001093,SHJ,SHJ,PHARMACY,AL HAJIS PHARMACY L.L.C,MOH-F-5001093,HALWAN WASIT STREET,"SHOP NO. 5,7 & 8 KING HASHIM MUHAMMED SALEH AL MARZOUQI,HALWAN WASIT STREET AL ABAR SHARJAH UAE",06-535 3724,"https://www.google.com/maps/@?api=1&map_action=map&center=25.0,55.0&zoom=15",,,Pharmacy outlet. Coordinates approximate for area. Operating hours typically 8AM-10PM. Prescription services available. WhatsApp availability varies by location; call ahead to confirm.
MOH-F-5001133,SHJ,SHJ,PHARMACY,WAHAT AL TAIBAH PHARMACY LLC,MOH-F-5001133,DHAID MAIN DISTRICT,"SHOP NO. 2-3 MUNEERA SAEED ALI BUILDING,CENTRAL DHAID MAIN DISTRICT WESHAH SHARJAH, UAE",06-744 5575,"https://www.google.com/maps/@?api=1&map_action=map&center=25.0,55.0&zoom=15",,,Pharmacy outlet. Coordinates approximate for area. Operating hours typically 8AM-10PM. Prescription services available. WhatsApp availability varies by location; call ahead to confirm.
MOH-F-5001152,SHJ,SHJ,PHARMACY,AL JAREENA PHARMACY LLC,MOH-F-5001152,AL KHAN ST. MARYAM ISLANDS,"SHOP NO. 13-1 ,AL KHAN ST. MARYAM ISLANDS, SHARJAH UAE",06-510 3888,"https://www.google.com/maps/@?api=1&map_action=map&center=25.0,55.0&zoom=15",,,Pharmacy outlet. Coordinates approximate for area. Operating hours typically 8AM-10PM. Prescription services available. WhatsApp availability varies by location; call ahead to confirm.
MOH-F-5000579,SHJ,SHJ,PHARMACY,MODERN PHARMACY L.L.C - SHJ BR,MOH-F-5000579,AL QASIMI STREET,"AL QULAYAA,AL QASIMI STREET,AL QULAYA BUILDING,SHARJAH, UAE
",06-7487812,"https://www.google.com/maps/@?api=1&map_action=map&center=25.0,55.0&zoom=15",,,Pharmacy outlet. Coordinates approximate for area. Operating hours typically 8AM-10PM. Prescription services available. WhatsApp availability varies by location; call ahead to confirm.
MOH-F-5000601,SHJ,SHJ,PHARMACY,MODERN PHARMACY LLC - SHARJAH BR-BR 02,MOH-F-5000601,KING FAISAL ROAD,"KING FAISAL ROAD SHJ ,AL MAJAZ 1,DELMA HOUSE,SHARJAH,UAE
",06-5518509,"https://www.google.com/maps/@?api=1&map_action=map&center=25.0,55.0&zoom=15",,,Pharmacy outlet. Coordinates approximate for area. Operating hours typically 8AM-10PM. Prescription services available. WhatsApp availability varies by location; call ahead to confirm.
MOH-F-5000636,SHJ,SHJ,PHARMACY,MODERN PHARMACY L.L.C - SHJ BR -BR 03,MOH-F-5000636,KALBA,"AL BARAHA,AL WAHDA STREET,SHAIKHA VWAGE BUILDING,NEAR THUMBAY CLINIC,NEAR RAK BANK KALBA,POBOX-11171,SHARJAH,UAE
",09-2774070,"https://www.google.com/maps/@?api=1&map_action=map&center=25.0,55.0&zoom=15",,,Pharmacy outlet. Coordinates approximate for area. Operating hours typically 8AM-10PM. Prescription services available. WhatsApp availability varies by location; call ahead to confirm.
MOH-F-5000788,SHJ,SHJ,PHARMACY,MODERN PHARMACY L.L.C - SHJ BR -BR 05,MOH-F-5000788,AL QASSIMI STREET,"IBO MEDICAL CENTER BUILDING,SHEIKH SALEM AL QASSIMI ST. AL QARAYEN – SHARJAH,UAE
",06-5180875,"https://www.google.com/maps/@?api=1&map_action=map&center=25.0,55.0&zoom=15",,,Pharmacy outlet. Coordinates approximate for area. Operating hours typically 8AM-10PM. Prescription services available. WhatsApp availability varies by location; call ahead to confirm.
MOH-F-5000113,SHJ,SHJ,PHARMACY,MODERN PHARMACY L.L.C - SHJ BR -BR 06,MOH-F-5000113,AL RIQQA AREA,"SHARJAH COOPERATIVE SOCIETY,AL RIQQA AREA, SHARJAH,UAE
",06-5243214,"https://www.google.com/maps/@?api=1&map_action=map&center=25.0,55.0&zoom=15",,,Pharmacy outlet. Coordinates approximate for area. Operating hours typically 8AM-10PM. Prescription services available. WhatsApp availability varies by location; call ahead to confirm.
MOH-F-5001149,SHJ,SHJ,PHARMACY,MODERN PHARMACY LLC SHJ BR BR-7,MOH-F-5001149,AL QASIMI STREET,"SW2 BUILDING -3114-KHALED BIN SULTAN AL QASIMI STREET-ALEF COMMUNITY,MUWEILAH COMMERCIAL-SHARJAH",06-5041200,"https://www.google.com/maps/@?api=1&map_action=map&center=25.0,55.0&zoom=15",,,Pharmacy outlet. Coordinates approximate for area. Operating hours typically 8AM-10PM. Prescription services available. WhatsApp availability varies by location; call ahead to confirm.
MOH-F-5000703,SHJ,SHJ,PHARMACY,ABAQ AL NADA PHARMACY LLC,MOH-F-5000703,KHALIFA BIN ODAY STREET ,"AL BU DANIQ SHARJAH BUTANIA, KHALIFA BIN ODAY STREET,SHJ ",054-3905474,"https://www.google.com/maps/@?api=1&map_action=map&center=25.0,55.0&zoom=15",,,Pharmacy outlet. Coordinates approximate for area. Operating hours typically 8AM-10PM. Prescription services available. WhatsApp availability varies by location; call ahead to confirm.
MOH-F-5000368,SHJ,SHJ,PHARMACY,AL SEHA AL KUBRA PHARMACY LLC,MOH-F-5000368,SHAHBA,"MARIAM BUILDING,SHAHBA AREA,BEHIND STREET WASIT, GROUND FLOOR,SHOP NO 13,SHARJAH",06-5721213,"https://www.google.com/maps/@?api=1&map_action=map&center=25.0,55.0&zoom=15",,,Pharmacy outlet. Coordinates approximate for area. Operating hours typically 8AM-10PM. Prescription services available. WhatsApp availability varies by location; call ahead to confirm.
MOH-F-5001184,SHJ,SHJ,PHARMACY,MODERN FAMILY PHARMACY LLC SHJ BRANCH,MOH-F-5001184,"NEAR,ABUSHAGARA PARK","CITY TOWER BUILDING, NEAR,ABUSHAGARA PARK, ABUSHAGARA",056-4532332,"https://www.google.com/maps/@?api=1&map_action=map&center=25.0,55.0&zoom=15",,,Pharmacy outlet. Coordinates approximate for area. Operating hours typically 8AM-10PM. Prescription services available. WhatsApp availability varies by location; call ahead to confirm.
MOH-F-5001185,SHJ,SHJ,PHARMACY,SADAF AL SAJAH PHARMACY,MOH-F-5001185,SAJAH INDUSTRIAL AREA,"AHMED AL MULLA BUILDING, FLAT NO-3,4 & 5, SAJAH INDUSTRIAL AREA,SAJAH,SHARJAH,UAE",06-7151998,"https://www.google.com/maps/@?api=1&map_action=map&center=25.0,55.0&zoom=15",,,Pharmacy outlet. Coordinates approximate for area. Operating hours typically 8AM-10PM. Prescription services available. WhatsApp availability varies by location; call ahead to confirm.
MOH-F-5000527,SHJ,SHJ,PHARMACY,ORIANA PHARMACY LLC SOLE PROPRIETORSHIP,MOH-F-5000527,AL TAAWUN ST,"NEW AL TAAWUN RD, MANAZIL TOWER 2 - 1704, MUNAZIL - 2 AL TAAWUN ST - SHARJAH",06-5251000,"https://www.google.com/maps/@?api=1&map_action=map&center=25.0,55.0&zoom=15",,,Pharmacy outlet. Coordinates approximate for area. Operating hours typically 8AM-10PM. Prescription services available. WhatsApp availability varies by location; call ahead to confirm.
MOH-F-5000941,SHJ,SHJ,PHARMACY,ORIANA PHARMACY L.L.C - SOLE PROPRIETORSHIP-BRANCH 1,MOH-F-5000941,AL TAAWUN ST,AL TAAWUN ST - AL KHAN - SHARJAH,06-5918888,"https://www.google.com/maps/@?api=1&map_action=map&center=25.0,55.0&zoom=15",,,Pharmacy outlet. Coordinates approximate for area. Operating hours typically 8AM-10PM. Prescription services available. WhatsApp availability varies by location; call ahead to confirm.
MOH-F-5001059,SHJ,SHJ,PHARMACY,ORIANA PHARMACY LLC SOLE PROPRIETORSHIP BRANCH 2,MOH-F-5001059,AL QASIMI ST - AL GUOZ ,VILLA NO. 313 - SHEIKH KHALID BIN KHALID AL QASIMI ST - AL GOAZ - WASIT SUBURB - SHARJAH,06-5918889,"https://www.google.com/maps/@?api=1&map_action=map&center=25.0,55.0&zoom=15",,,Pharmacy outlet. Coordinates approximate for area. Operating hours typically 8AM-10PM. Prescription services available. WhatsApp availability varies by location; call ahead to confirm.
MOH-F-5001045,SHJ,SHJ,PHARMACY,DAR AL KAMAL PHARMACY,MOH-F-5001045,AL SHARQ ST,"AL SHARQ ST - AL FISHT - AL HEERAH SUBURB - SHARJAH,UAE",06-5997777,"https://www.google.com/maps/@?api=1&map_action=map&center=25.0,55.0&zoom=15",,,Pharmacy outlet. Coordinates approximate for area. Operating hours typically 8AM-10PM. Prescription services available. WhatsApp availability varies by location; call ahead to confirm.
MOH-F-5000939,SHJ,SHJ,PHARMACY,AL MATAR PHARMACY LLC,MOH-F-5000939,MUWEILAH,"AL SAUD BLOCK A BUILDING,NEAR COOPERATIVE SOCIETY,MUWEILAH COMMERCIAL,SHARJAH",06-557 9567,"https://www.google.com/maps/@?api=1&map_action=map&center=25.0,55.0&zoom=15",,,Pharmacy outlet. Coordinates approximate for area. Operating hours typically 8AM-10PM. Prescription services available. WhatsApp availability varies by location; call ahead to confirm.
MOH-F-5001003,SHJ,SHJ,PHARMACY,RUKN AL RAFEAH PHARMACY LLC,MOH-F-5001003,"BEHIND RAMADA HOTEL,AL NAHDA","ABDULLA SHAIBA BLDG,BEHIND RAMADA HOTEL,AL NAHDA,SHARJAH ,UAE",06-557 9567,"https://www.google.com/maps/@?api=1&map_action=map&center=25.0,55.0&zoom=15",,,Pharmacy outlet. Coordinates approximate for area. Operating hours typically 8AM-10PM. Prescription services available. WhatsApp availability varies by location; call ahead to confirm.
MOH-F-5001165,SHJ,SHJ,PHARMACY,DAR AL FARAJ PHARMACY LLC,MOH-F-5001165,MALIHA ROAD,"INDUSTRIAL AREA 18, OPPOSITE SEDRA SPA, MALIHA ROAD, SHARJAH",06-557 9567,"https://www.google.com/maps/@?api=1&map_action=map&center=25.0,55.0&zoom=15",,,Pharmacy outlet. Coordinates approximate for area. Operating hours typically 8AM-10PM. Prescription services available. WhatsApp availability varies by location; call ahead to confirm.
MOH-F-5001160,SHJ,SHJ,PHARMACY,JANAH PHARMACY L.L.C BRANCH-2,MOH-F-5001160,MALIHA ROAD,"SHARJAH, MUWAILAH",06-557 9567,"https://www.google.com/maps/@?api=1&map_action=map&center=25.0,55.0&zoom=15",,,Pharmacy outlet. Coordinates approximate for area. Operating hours typically 8AM-10PM. Prescription services available. WhatsApp availability varies by location; call ahead to confirm.
MOH-F-5001161,SHJ,SHJ,PHARMACY,800 PHARMA PHARMACY LLC-SHJ.BR,MOH-F-5001161,SHARJAH,SHARJAH,06-557 9567,"https://www.google.com/maps/@?api=1&map_action=map&center=25.0,55.0&zoom=15",,,Pharmacy outlet. Coordinates approximate for area. Operating hours typically 8AM-10PM. Prescription services available. WhatsApp availability varies by location; call ahead to confirm.
MOH-F-5001217,SHJ,SHJ,PHARMACY,PHARMACY SABEEL L.L.C - SHJ. BR 1,MOH-F-5001217,AL BARSHA SOUTH,"NEAR TO EMARAT PETROL STATION, DHAID ROAD, OPPOSITION SHARJAH RAHMANIYA , HAY AL ATAIN, SHARJAH",06-557 9567,"https://www.google.com/maps/@?api=1&map_action=map&center=25.0,55.0&zoom=15",,,Pharmacy outlet. Coordinates approximate for area. Operating hours typically 8AM-10PM. Prescription services available. WhatsApp availability varies by location; call ahead to confirm.
MOH-F-5001188,SHJ,SHJ,PHARMACY,GOLDEN STAR PHARMACY LLC,MOH-F-5001188,"ABI AL ATAHIA STREET,ROLLA","SHOP:3, AL MUNNA BOOK SHOP,ABI AL ATAHIA STREET,ROLLA,SHARJAH",06-5581633,"https://www.google.com/maps/@?api=1&map_action=map&center=25.0,55.0&zoom=15",,,Pharmacy outlet. Coordinates approximate for area. Operating hours typically 8AM-10PM. Prescription services available. WhatsApp availability varies by location; call ahead to confirm.
MOH-F-5001199,SHJ,SHJ,PHARMACY,FAMILY STAR PHARMACY,MOH-F-5001199,ABU SHAGARA,"SHOP NO. 3, GROUND FLOOR - OPP. SEVEN STARS STATIONERY NORA BUILDING - ABU SHAGHARA - SHARJAH",06-5370703,"https://www.google.com/maps/@?api=1&map_action=map&center=25.0,55.0&zoom=15",,,Pharmacy outlet. Coordinates approximate for area. Operating hours typically 8AM-10PM. Prescription services available. WhatsApp availability varies by location; call ahead to confirm.
MOH-F-5001218,SHJ,SHJ,PHARMACY,ASTER PHARMACIES GROUP LLC - SHJ. BR - BRANCH 8,MOH-F-5001218,AL MAJAZ 3,"SHOP NO 1,CRESCENT TOWER, CORNICHE STREET, AL MAJAZ 3, SHARJAH",06-5755178,"https://www.google.com/maps/@?api=1&map_action=map&center=25.0,55.0&zoom=15",,,Pharmacy outlet. Coordinates approximate for area. Operating hours typically 8AM-10PM. Prescription services available. WhatsApp availability varies by location; call ahead to confirm.
MOH-F-5001233,SHJ,SHJ,PHARMACY,REGAL HOUSE PHARMACY,MOH-F-5001233,MUWAILIH,"SHOP NO. 2, BELRESHEED BUILDING, BUILDING NO.2516 MALIHA STREET, NEAR REGAL MEDICAL CENTRE, NATIONAL PAINTS, MUWAILIH, SHARJAH, UAE",06-7151037,"https://www.google.com/maps/@?api=1&map_action=map&center=25.0,55.0&zoom=15",,,Pharmacy outlet. Coordinates approximate for area. Operating hours typically 8AM-10PM. Prescription services available. WhatsApp availability varies by location; call ahead to confirm.
MOH-F-5001239,SHJ,SHJ,PHARMACY,PURE PATH PHARMACY LLC SP,MOH-F-5001239,AL SAJJA,"AL SAJAA INDUSTRIAL AREA, SHARJAH,UAE",06-5518894,"https://www.google.com/maps/@?api=1&map_action=map&center=25.0,55.0&zoom=15",,,Pharmacy outlet. Coordinates approximate for area. Operating hours typically 8AM-10PM. Prescription services available. WhatsApp availability varies by location; call ahead to confirm.
MOH-F-5000441,SHJ,SHJ,PHARMACY,BAIT AL DAWAA PHARMACY,MOH-F-5000441,AL TAAWUN,"AL TAAWUN.SHARJAH,UAE",06-5772511,"https://www.google.com/maps/@?api=1&map_action=map&center=25.0,55.0&zoom=15",,,Pharmacy outlet. Coordinates approximate for area. Operating hours typically 8AM-10PM. Prescription services available. WhatsApp availability varies by location; call ahead to confirm.
MOH-F-5000850,SHJ,SHJ,PHARMACY,RUKN BAIT AL DAWAA PHARMACY,MOH-F-5000850,MUWAILAH,"MUWAILEH,SHARJAH,UAE",06-5442144,"https://www.google.com/maps/@?api=1&map_action=map&center=25.0,55.0&zoom=15",,,Pharmacy outlet. Coordinates approximate for area. Operating hours typically 8AM-10PM. Prescription services available. WhatsApp availability varies by location; call ahead to confirm.
MOH-F-5001154,SHJ,SHJ,PHARMACY,GUARDIAN PHARMACY LLC,MOH-F-5001154,MUWAILAH,"NASEER ALI ABDUL JALEEL ALAUDH, BEHIND SHEIKH KHALIFA BIN ZAYED, MUWAILAH COMMERCIAL,SHARJAH,UAE",058-5651880,"https://www.google.com/maps/@?api=1&map_action=map&center=25.0,55.0&zoom=15",,,Pharmacy outlet. Coordinates approximate for area. Operating hours typically 8AM-10PM. Prescription services available. WhatsApp availability varies by location; call ahead to confirm.
MOH-F-5001240,SHJ,SHJ,PHARMACY,ZEST WELLNESS PHARMACY L LC - SHJ. BR ,MOH-F-5001240,AL MAJAZ 1,"SHOP NO 3, SPINNEYS SHARJAH LIMITED BUILDING, KING FAISAL STREET, AL MAJAZ 1, AL MAJAZ, SHARJAH",06-5270457,"https://www.google.com/maps/@?api=1&map_action=map&center=25.0,55.0&zoom=15",,,Pharmacy outlet. Coordinates approximate for area. Operating hours typically 8AM-10PM. Prescription services available. WhatsApp availability varies by location; call ahead to confirm.
MOH-F-5001241,SHJ,SHJ,PHARMACY,ASTER PHARMACIES GROUP LLC - SHJ. BR - BRANCH 6,MOH-F-5001241,MUWEILAH,"SHOP NO. 10, BUILDING 148/696, NEW MUWEILAH COMMERCIAL, MUWEILAH, SHARJAH",06-5748975,"https://www.google.com/maps/@?api=1&map_action=map&center=25.0,55.0&zoom=15",,,Pharmacy outlet. Coordinates approximate for area. Operating hours typically 8AM-10PM. Prescription services available. WhatsApp availability varies by location; call ahead to confirm.
MOH-F-5000043,SHJ,SHJ,PHARMACY,AL REEF PHARMACY LLC,MOH-F-5000043,FIRST STREET,"1ST INDUSTRIAL FIRST STREET, SHARJAH,UAE",06-5330212,"https://www.google.com/maps/@?api=1&map_action=map&center=25.0,55.0&zoom=15",,,Pharmacy outlet. Coordinates approximate for area. Operating hours typically 8AM-10PM. Prescription services available. WhatsApp availability varies by location; call ahead to confirm.
MOH-F-5000913,SHJ,SHJ,PHARMACY,STARCARE PHARMACY L L C,MOH-F-5000913,ROLLA SQUARE PARK,"NEAR ROLLA SQUARE PARK,MALABAR GOLD BLDG,SHARJAH",06-5611099,"https://www.google.com/maps/@?api=1&map_action=map&center=25.0,55.0&zoom=15",,,Pharmacy outlet. Coordinates approximate for area. Operating hours typically 8AM-10PM. Prescription services available. WhatsApp availability varies by location; call ahead to confirm.
MOH-F-5000769,SHJ,SHJ,PHARMACY,AL DHAFRAH PHARMACY L.L.C,MOH-F-5000769,AL MAJAAZ 3,"GROUND FLOOR, AL-NOOR BUILDING - 8 ST - AL MAJAZ - AL MAJAAZ 3 - SHARJAH, UAE",06-5552277,"https://www.google.com/maps/@?api=1&map_action=map&center=25.0,55.0&zoom=15",,,Pharmacy outlet. Coordinates approximate for area. Operating hours typically 8AM-10PM. Prescription services available. WhatsApp availability varies by location; call ahead to confirm.
MOH-F-5001284,SHJ,SHJ,PHARMACY,PRISTINE PHARMACY LLC-SHJ.BR,MOH-F-5001284,CORNICHE,MAMLAK HOTEL BUILDING NEAR CORNICH POST OFFICE SHARJAH,06-5611482,"https://www.google.com/maps/@?api=1&map_action=map&center=25.0,55.0&zoom=15",,,Pharmacy outlet. Coordinates approximate for area. Operating hours typically 8AM-10PM. Prescription services available. WhatsApp availability varies by location; call ahead to confirm.
MOH-F-5000383,SHJ,SHJ,PHARMACY,AL MURTADHA PHARMACY,MOH-F-5000383,AL BUSTAN,"DAY TO DAY BUILDING , OPPOSITE MUSALLA SOUQ, AL BUSTAN , UAE",06-7406038,"https://www.google.com/maps/@?api=1&map_action=map&center=25.0,55.0&zoom=15",,,Pharmacy outlet. Coordinates approximate for area. Operating hours typically 8AM-10PM. Prescription services available. WhatsApp availability varies by location; call ahead to confirm.
MOH-F-5000180,SHJ,SHJ,PHARMACY,HEALTH FIRST PHARMACY - BR3 ,MOH-F-5000180,AL JADA SHJ UNIVERSITY,SHARJAH MUWAILIH COMMERCIAL /AL JADA REHAN 01 OPP SHJ UNVIERSITY ,06-7678715,"https://www.google.com/maps/@?api=1&map_action=map&center=25.0,55.0&zoom=15",,,Pharmacy outlet. Coordinates approximate for area. Operating hours typically 8AM-10PM. Prescription services available. WhatsApp availability varies by location; call ahead to confirm.
MOH-F-5001091,SHJ,SHJ,PHARMACY,HEALTH FIRST PHARMACY - BRANCH 11,MOH-F-5001091,AL DHAID,SHARJAH AL DHAID /AL DHAID MALL NEXT SHJ COOP,06-5232186,"https://www.google.com/maps/@?api=1&map_action=map&center=25.0,55.0&zoom=15",,,Pharmacy outlet. Coordinates approximate for area. Operating hours typically 8AM-10PM. Prescription services available. WhatsApp availability varies by location; call ahead to confirm.
MOH-F-5000827,SHJ,SHJ,PHARMACY,HEALTH FIRST PHARMACY - BRANCH 7,MOH-F-5000827,AL KHAN,"MATAJER MALL – AL KHAN, SHARJAH ",06 5285143,"https://www.google.com/maps/@?api=1&map_action=map&center=25.0,55.0&zoom=15",,,Pharmacy outlet. Coordinates approximate for area. Operating hours typically 8AM-10PM. Prescription services available. WhatsApp availability varies by location; call ahead to confirm.
MOH-F-5000922,SHJ,SHJ,PHARMACY,HEALTH FIRST PHARMACY - BRANCH 8 ,MOH-F-5000922,AL MIRQAB,"MATAJER MALL – AL MIRQAB, SHARJAH -AL SHARQ STREET OPP ADNOC STATION ",06-5462537,"https://www.google.com/maps/@?api=1&map_action=map&center=25.0,55.0&zoom=15",,,Pharmacy outlet. Coordinates approximate for area. Operating hours typically 8AM-10PM. Prescription services available. WhatsApp availability varies by location; call ahead to confirm.
MOH-F-5000919,SHJ,SHJ,PHARMACY,HEALTH FIRST PHARMACY - BRANCH 9 ,MOH-F-5000919,AL SUYOH,SHARJAH COOPERATIVE SOCIETY SUYOH4  AL SUYOH SUBURB ,06-5353951,"https://www.google.com/maps/@?api=1&map_action=map&center=25.0,55.0&zoom=15",,,Pharmacy outlet. Coordinates approximate for area. Operating hours typically 8AM-10PM. Prescription services available. WhatsApp availability varies by location; call ahead to confirm.
MOH-F-5000192,SHJ,SHJ,PHARMACY,HEALTH FIRST PHARMACY - SHARJAH,MOH-F-5000192,CORNICHE,CORNICHE ROAD- NEXT TO SUBWAY - SHARJAH,06-5643275,"https://www.google.com/maps/@?api=1&map_action=map&center=25.0,55.0&zoom=15",,,Pharmacy outlet. Coordinates approximate for area. Operating hours typically 8AM-10PM. Prescription services available. WhatsApp availability varies by location; call ahead to confirm.
MOH-F-5000259,SHJ,SHJ,PHARMACY,HEALTH FIRST PHARMACY -BR 4- SHARJAH,MOH-F-5000259,MATAJER MALL SHJ,"MATAJER MALL – AL QOZ, SHARJAH ",06-5534225,"https://www.google.com/maps/@?api=1&map_action=map&center=25.0,55.0&zoom=15",,,Pharmacy outlet. Coordinates approximate for area. Operating hours typically 8AM-10PM. Prescription services available. WhatsApp availability varies by location; call ahead to confirm.
MOH-F-5000490,SHJ,SHJ,PHARMACY,HEALTH FIRST PHARMACY BRANCH 6 SHARJAH,MOH-F-5000490,MALIHA STREET,NASMA RESIDENCES-AL TAYY -AL SUYOH SUBURB -MALIHA STREET -SHARJAH,06-5467683,"https://www.google.com/maps/@?api=1&map_action=map&center=25.0,55.0&zoom=15",,,Pharmacy outlet. Coordinates approximate for area. Operating hours typically 8AM-10PM. Prescription services available. WhatsApp availability varies by location; call ahead to confirm.
MOH-F-5000084,SHJ,SHJ,PHARMACY,DUAA PHARMACY L.L.C,MOH-F-5000084,AL DHAID,"NEAR OLD FISH MARKET,AL DHAID ,SHARJAH,UAE",06-8822525,"https://www.google.com/maps/@?api=1&map_action=map&center=25.0,55.0&zoom=15",,,Pharmacy outlet. Coordinates approximate for area. Operating hours typically 8AM-10PM. Prescription services available. WhatsApp availability varies by location; call ahead to confirm.
MOH-F-5000044,SHJ,SHJ,PHARMACY,AL RIYADH PHARMACY,MOH-F-5000044,AL WASIT STREET,"AL WASIT STREET, AL SHAHBAH AREA,SHARJAH,UAE",06-5583351,"https://www.google.com/maps/@?api=1&map_action=map&center=25.0,55.0&zoom=15",,,Pharmacy outlet. Coordinates approximate for area. Operating hours typically 8AM-10PM. Prescription services available. WhatsApp availability varies by location; call ahead to confirm.
MOH-F-5000210,SHJ,SHJ,PHARMACY,LULU AL FALAH PHARMACY LLC,MOH-F-5000210,LULU SHARJAH,"LULU AL FALAH PHARMACY LLC, LULU HYPERMARKET, SHARJAH.",04-5774762,"https://www.google.com/maps/@?api=1&map_action=map&center=25.0,55.0&zoom=15",,,Pharmacy outlet. Coordinates approximate for area. Operating hours typically 8AM-10PM. Prescription services available. WhatsApp availability varies by location; call ahead to confirm.
MOH-F-5000200,SHJ,SHJ,PHARMACY,LULU AL NAHDA PHARMACY LLC,MOH-F-5000200,LULU AL NAHDA,"LULU AL NAHDA PHARMACY LLC – LULU HYPERMARKET, AL NAHDA, SHARJAH",06-5211105,"https://www.google.com/maps/@?api=1&map_action=map&center=25.0,55.0&zoom=15",,,Pharmacy outlet. Coordinates approximate for area. Operating hours typically 8AM-10PM. Prescription services available. WhatsApp availability varies by location; call ahead to confirm.
MOH-F-5001234,SHJ,SHJ,PHARMACY,HEALTH FIRST PHARMACY L.L.C.SP - BRANCH 12,MOH-F-5001234,AL KHUROOS,"SHOP NO: 04, SHARJAH COOP, AL KHUROOS, SHARJAH, U.A.E",06-5240865,"https://www.google.com/maps/@?api=1&map_action=map&center=25.0,55.0&zoom=15",,,Pharmacy outlet. Coordinates approximate for area. Operating hours typically 8AM-10PM. Prescription services available. WhatsApp availability varies by location; call ahead to confirm.
MOH-F-5000759,SHJ,SHJ,PHARMACY,AL RAWAA PHARMACY LLC,MOH-F-5000759,AL MAHATTA,"89XV+FCP - AL MAHATTA - AL QASIMIA - SHARJAH, UAR",06-5500424,"https://www.google.com/maps/@?api=1&map_action=map&center=25.0,55.0&zoom=15",,,Pharmacy outlet. Coordinates approximate for area. Operating hours typically 8AM-10PM. Prescription services available. WhatsApp availability varies by location; call ahead to confirm.
MOH-F-5001151,SHJ,SHJ,PHARMACY,AL RAWAA PHARMACY LLC- BRANCH 1,MOH-F-5001151,AL GHUWAIR,"994Q+9HV - AL ROLLA ST - AL GHUWAIR - AL GHARB - SHARJAH, UAE",06-5793911,"https://www.google.com/maps/@?api=1&map_action=map&center=25.0,55.0&zoom=15",,,Pharmacy outlet. Coordinates approximate for area. Operating hours typically 8AM-10PM. Prescription services available. WhatsApp availability varies by location; call ahead to confirm.
MOH-F-5001339 ,SHJ,SHJ,PHARMACY,ASTER PHARMACIES GROUP LLC - SHJ. BR - BRANCH 9,MOH-F-5001339 ,ALQUOZ,"SHOP NO Q009-10, MATAJER AL QUOZ, AL FAWZ, WASIT SUBURB, SHARJAH",06-5610829,"https://www.google.com/maps/@?api=1&map_action=map&center=25.0,55.0&zoom=15",,,Pharmacy outlet. Coordinates approximate for area. Operating hours typically 8AM-10PM. Prescription services available. WhatsApp availability varies by location; call ahead to confirm.
MOH-F-5001302,SHJ,SHJ,PHARMACY,SHIFA MUWAILEH PHARMACY L.L.C,MOH-F-5001302,MUWAILEH,"SHARJAH MUWAILEH COMMERCIAL ,AL EMARAT STREET,BUILDING NO 7460,G FLOOR, MUWAILEH,SHARJAH, UAE",06-5683830,"https://www.google.com/maps/@?api=1&map_action=map&center=25.0,55.0&zoom=15",,,Pharmacy outlet. Coordinates approximate for area. Operating hours typically 8AM-10PM. Prescription services available. WhatsApp availability varies by location; call ahead to confirm.
MOH-F-5000188,SHJ,SHJ,PHARMACY,CENTRAL PRIVATE HOSPITAL PHARMACY,MOH-F-5000188," CLOCK TOWER, MYSALOON","SHEIKH ZAYED STREET, CLOCK TOWER, MYSALOON, SHARJAH, UAE",06-5639900,"https://www.google.com/maps/@?api=1&map_action=map&center=25.0,55.0&zoom=15",,,Pharmacy outlet. Coordinates approximate for area. Operating hours typically 8AM-10PM. Prescription services available. WhatsApp availability varies by location; call ahead to confirm.
MOH-F-5001293,SHJ,SHJ,PHARMACY,SAIF AL NAHDA PHARMACY L.L.C.SP,MOH-F-5001293,BUKHARA STREET,"467,ART TOWER,BUKHARA STREET,AL NADHA,SHARJAH,UAE",06-7156377,"https://www.google.com/maps/@?api=1&map_action=map&center=25.0,55.0&zoom=15",,,Pharmacy outlet. Coordinates approximate for area. Operating hours typically 8AM-10PM. Prescription services available. WhatsApp availability varies by location; call ahead to confirm.
MOH-F-5001359,SHJ,SHJ,PHARMACY,NEW MEDICAL CENTRE PHARMACY LTD - SHJ.BR - BRANCH 2,MOH-F-5001359,MUWEILAH,"MUWEILAH, SHEIKH KHALIFA BIN ZAYED AL NAHYAN RD 
SHARJAH, SAFARI MALL , 61, SHARJAH",06-5168823,"https://www.google.com/maps/@?api=1&map_action=map&center=25.0,55.0&zoom=15",,,Pharmacy outlet. Coordinates approximate for area. Operating hours typically 8AM-10PM. Prescription services available. WhatsApp availability varies by location; call ahead to confirm.
MOH-F-5000947,SHJ,SHJ,PHARMACY,BAB AL ROLAH PHARMACY LLC,MOH-F-5000947,AL SHUWAIHEEN,"SHOP NO. 1, BEHIND THE ARABIAN GULF STREET, AL SHUWAIHEEN, SHARJAH",06-8868335,"https://www.google.com/maps/@?api=1&map_action=map&center=25.0,55.0&zoom=15",,,Pharmacy outlet. Coordinates approximate for area. Operating hours typically 8AM-10PM. Prescription services available. WhatsApp availability varies by location; call ahead to confirm.
MOH-F-5001375,SHJ,SHJ,PHARMACY,NABDH ALSHIFA PHARMACY,MOH-F-5001375,ABU SHAGARA,"ABUSHAGARA, SHARJAH, UAE",052-6815255,"https://www.google.com/maps/@?api=1&map_action=map&center=25.0,55.0&zoom=15",,,Pharmacy outlet. Coordinates approximate for area. Operating hours typically 8AM-10PM. Prescription services available. WhatsApp availability varies by location; call ahead to confirm.
MOH-F-5001335,SHJ,SHJ,PHARMACY,24 HOUR PHARMACY CO.LLC - SHJ. BR 1,MOH-F-5001335,MUWAILEH ,BUILDING #5090 - MUWAILEH COMMERCIAL - SHARJAH,06 -5723959,"https://www.google.com/maps/@?api=1&map_action=map&center=25.0,55.0&zoom=15",,,Pharmacy outlet. Coordinates approximate for area. Operating hours typically 8AM-10PM. Prescription services available. WhatsApp availability varies by location; call ahead to confirm.
MOH-F-5001334,SHJ,SHJ,PHARMACY,MEDON 24 HOUR PHARMACY CO. L.L.C - SHJ. BR 1,MOH-F-5001334,INDUSTRIAL AREA 17 ,INSIDE NESTO HYPERMARKET - MALEHA ST - INDUSTRIAL AREA 17 - INDUSTRIAL AREA - SHARJAH,06-8845449,"https://www.google.com/maps/@?api=1&map_action=map&center=25.0,55.0&zoom=15",,,Pharmacy outlet. Coordinates approximate for area. Operating hours typically 8AM-10PM. Prescription services available. WhatsApp availability varies by location; call ahead to confirm.
MOH-F-5001344,SHJ,SHJ,PHARMACY,AL MUSALLA PHARMACY BRANCH 1,MOH-F-5001344,MUWAILEH,"1796, ALZAROUNI BUILDING, SHK. MOHAMMED BIN ZAYED ROAD, MUWAILEH COMMERCIAL, NEAR ADNOC PETROL STATION, SHARJAH, UAE.",06-5627959,"https://www.google.com/maps/@?api=1&map_action=map&center=25.0,55.0&zoom=15",,,Pharmacy outlet. Coordinates approximate for area. Operating hours typically 8AM-10PM. Prescription services available. WhatsApp availability varies by location; call ahead to confirm.
MOH-F-5001371,SHJ,SHJ,PHARMACY,MAX CARE POINT PHARMACY L.L.C.SP,MOH-F-5001371,ROLLA,"OPP ROLLA MALL, NEAR VEGME REST. ROLLA SHARJAH,UAE",054-2241129,"https://www.google.com/maps/@?api=1&map_action=map&center=25.0,55.0&zoom=15",,,Pharmacy outlet. Coordinates approximate for area. Operating hours typically 8AM-10PM. Prescription services available. WhatsApp availability varies by location; call ahead to confirm.
MOH-F-5000952,SHJ,SHJ,PHARMACY,MERCURY PHARMACY LLC,MOH-F-5000952,IND AREA 3,"SHOP NO 9 AL WASIT BUILDING IND AREA 3, SHARJAH, UAE",06-5228988,"https://www.google.com/maps/@?api=1&map_action=map&center=25.0,55.0&zoom=15",,,Pharmacy outlet. Coordinates approximate for area. Operating hours typically 8AM-10PM. Prescription services available. WhatsApp availability varies by location; call ahead to confirm.
MOH-F-5001036,SHJ,SHJ,PHARMACY,MERCURY STAR PHARMACY LLC,MOH-F-5001036,IND AREA 15,"SHOP NO;8 ALI MOUSA BUILDING IND AREA 15, SHARJAH, UAE",06-7677767,"https://www.google.com/maps/@?api=1&map_action=map&center=25.0,55.0&zoom=15",,,Pharmacy outlet. Coordinates approximate for area. Operating hours typically 8AM-10PM. Prescription services available. WhatsApp availability varies by location; call ahead to confirm.
MOH-F-1000043,SHJ,SHJ,CLINIC,MATHEW MEDICAL CENTRE L.L.C SP,MOH-F-1000043,KING FAISAL STREET,"FLAT NO.111,1ST FLOOR, BLOCK B, DAR ALAMAN BUILDING, KING FAISAL STREET,SHARJAH,UAE",06-5595594,"https://www.google.com/maps/@?api=1&map_action=map&center=25.0,55.0&zoom=15",https://www.shifaaljazeera.com,,Coordinates derived from area-level geocoding. Verify against Google Maps. Phone numbers are landline format. Website and WhatsApp to be confirmed on a per-clinic basis.
SHA-F-000508,SHJ,SHJ,CLINIC,REGAL CARE MEDICAL CENTER,SHA-F-000508,SAJJA INDUSTRIAL AREA,"SHOP 6 & 7, ISMAEIL ALI SHAHEEN BUILDING , SAJJA INDUSTRIAL AREA, SHARJAH,UAE",055-1409352,"https://www.google.com/maps/@?api=1&map_action=map&center=25.0,55.0&zoom=15",https://www.shifaaljazeera.com,,Coordinates derived from area-level geocoding. Verify against Google Maps. Phone numbers are landline format. Website and WhatsApp to be confirmed on a per-clinic basis.
MOH-F-5000906,SHJ,SHJ,PHARMACY,IBN SINA PHARMACY SOLE PROPRIETORSHIP L.L.C SHJ. BR - BRANCH 4,MOH-F-5000906,AL ESTIQLAL ST,"GROUND FLOOR, MEGA MALL - AL ESTIQLAL ST - BU DANIG - SHARJAH",06-5744066,"https://www.google.com/maps/@?api=1&map_action=map&center=25.0,55.0&zoom=15",,,Pharmacy outlet. Coordinates approximate for area. Operating hours typically 8AM-10PM. Prescription services available. WhatsApp availability varies by location; call ahead to confirm.
MOH-F-5000907,SHJ,SHJ,PHARMACY,IBN SINA PHARMACY SOLE PROPRIETORSHIP L.L.C SHJ. BR - BRANCH 8,MOH-F-5000907,AL TAAWUN ST,ABDULAZIZ AL MAJID - AL TAAWUN ST - AL MAJAZ 3 - AL MAJAZ - SHARJAH,06-5569007,"https://www.google.com/maps/@?api=1&map_action=map&center=25.0,55.0&zoom=15",,,Pharmacy outlet. Coordinates approximate for area. Operating hours typically 8AM-10PM. Prescription services available. WhatsApp availability varies by location; call ahead to confirm.
MOH-F-5001041,SHJ,SHJ,PHARMACY,IBN SINA PHARAMCY SOLE PROPRIETORSHIP L.L.C - BRANCH 1,MOH-F-5001041,KALBA MALL,KALBA MALL - SHARJAH,09-234 1273,"https://www.google.com/maps/@?api=1&map_action=map&center=25.0,55.0&zoom=15",,,Pharmacy outlet. Coordinates approximate for area. Operating hours typically 8AM-10PM. Prescription services available. WhatsApp availability varies by location; call ahead to confirm.
MOH-F-5001231,SHJ,SHJ,PHARMACY,IBN SINA PHARAMCY SOLE PROPRIETORSHIP L.L.C - BRANCH 10,MOH-F-5001231,AL ZAHIA,8F74+X2 - MUWAILEH COMMERCIAL - AL ZAHIA - SHARJAH,06-885 3144,"https://www.google.com/maps/@?api=1&map_action=map&center=25.0,55.0&zoom=15",,,Pharmacy outlet. Coordinates approximate for area. Operating hours typically 8AM-10PM. Prescription services available. WhatsApp availability varies by location; call ahead to confirm.
MOH-F-5001309,SHJ,SHJ,PHARMACY,IBN SINA PHARAMCY SOLE PROPRIETORSHIP L.L.C - BRANCH 11,MOH-F-5001309,ALJADA,"ALJADA, BOULEVARD 1 - MUWAILEH COMMERCIAL - SHARJAH",06-740 6056,"https://www.google.com/maps/@?api=1&map_action=map&center=25.0,55.0&zoom=15",,,Pharmacy outlet. Coordinates approximate for area. Operating hours typically 8AM-10PM. Prescription services available. WhatsApp availability varies by location; call ahead to confirm.
MOH-F-5001162,SHJ,SHJ,PHARMACY,IBN SINA PHARAMCY SOLE PROPRIETORSHIP L.L.C - BRANCH 3,MOH-F-5001162,AL MAMSHA COMMUNITY,BUILDING SS2-SHOP 008 - AL MAMSHA COMMUNITY - UNIVERSITY CITY RD - MUWAILEH COMMERCIAL - SHARJAH,06-548 3386,"https://www.google.com/maps/@?api=1&map_action=map&center=25.0,55.0&zoom=15",,,Pharmacy outlet. Coordinates approximate for area. Operating hours typically 8AM-10PM. Prescription services available. WhatsApp availability varies by location; call ahead to confirm.
MOH-F-5001307,SHJ,SHJ,PHARMACY,IBN SINA PHARAMCY SOLE PROPRIETORSHIP L.L.C - SHJ. BR - BRANCH 14,MOH-F-5001307,AL NAHDA 1,79XF+4GM - AL NAHDA - AL NAHDA 1 - SHARJAH,04-8105952,"https://www.google.com/maps/@?api=1&map_action=map&center=25.0,55.0&zoom=15",,,Pharmacy outlet. Coordinates approximate for area. Operating hours typically 8AM-10PM. Prescription services available. WhatsApp availability varies by location; call ahead to confirm.
MOH-F-5000070,SHJ,SHJ,PHARMACY,IBN SINA PHARAMCY SOLE PROPRIETORSHIP L.L.C BRANCH 12,MOH-F-5000070, AL MAJAZ 1,"CORNICHE PLAZA 2, 61134 - CORNICHE ST - AL MAJAZ 1 - AL MAJAZ - SHARJAH",06-572 6885,"https://www.google.com/maps/@?api=1&map_action=map&center=25.0,55.0&zoom=15",,,Pharmacy outlet. Coordinates approximate for area. Operating hours typically 8AM-10PM. Prescription services available. WhatsApp availability varies by location; call ahead to confirm.
MOH-F-5000954,SHJ,SHJ,PHARMACY,IBN SINA PHARAMCY SOLE PROPRIETORSHIP L.L.C SHJ. BR  6,MOH-F-5000954,AL ZAHIA,CITY CENTRE AL ZAHIA - SHARJAH,06-555 0534,"https://www.google.com/maps/@?api=1&map_action=map&center=25.0,55.0&zoom=15",,,Pharmacy outlet. Coordinates approximate for area. Operating hours typically 8AM-10PM. Prescription services available. WhatsApp availability varies by location; call ahead to confirm.
MOH-F-5000963,SHJ,SHJ,PHARMACY,IBN SINA PHARAMCY SOLE PROPRIETORSHIP L.L.C SHJ. BR  7,MOH-F-5000963,RAHMANIA MALL,RAHMANIA MALL - AL RAHMANIYA SUBURB - KSHISHAH 6 - SHARJAH,06-530 0039,"https://www.google.com/maps/@?api=1&map_action=map&center=25.0,55.0&zoom=15",,,Pharmacy outlet. Coordinates approximate for area. Operating hours typically 8AM-10PM. Prescription services available. WhatsApp availability varies by location; call ahead to confirm.
MOH-F-5000822 ,SHJ,SHJ,PHARMACY,IBN SINA PHARAMCY SOLE PROPRIETORSHIP L.L.C SHJ. BR - BRANCH 2,MOH-F-5000822 ,UNIVERSITY CITY ROAD,"ZERO 6 MALL - UNIVERSITY CITY ROAD, ZERO 6 MALL - UNIVERSITY CITY ROAD, - SHARJAH",06-554 2467,"https://www.google.com/maps/@?api=1&map_action=map&center=25.0,55.0&zoom=15",,,Pharmacy outlet. Coordinates approximate for area. Operating hours typically 8AM-10PM. Prescription services available. WhatsApp availability varies by location; call ahead to confirm.
MOH-F-5001049,SHJ,SHJ,PHARMACY,IBN SINA PHARMACY L.L.C - BRANCH,MOH-F-5001049,SHARJAH HEALTHCARE CITY,BSP-SHARJAH HCC، SHARJAH HEALTHCARE CITY - AL ABAR - HALWAN SUBURB - SHARJAH,06-538 8357,"https://www.google.com/maps/@?api=1&map_action=map&center=25.0,55.0&zoom=15",,,Pharmacy outlet. Coordinates approximate for area. Operating hours typically 8AM-10PM. Prescription services available. WhatsApp availability varies by location; call ahead to confirm.
MOH-F-5000924,SHJ,SHJ,PHARMACY,IBN SINA PHARMACY SOLEPROPRIETORSHIP LLC SHJ BRANCH,MOH-F-5000924,SHARJAH INTERNATIONAL AIRPORT,"SHARJAH INTERNATIONAL AIRPORT - SHARJAH,UAE",06-564 1565,"https://www.google.com/maps/@?api=1&map_action=map&center=25.0,55.0&zoom=15",,,Pharmacy outlet. Coordinates approximate for area. Operating hours typically 8AM-10PM. Prescription services available. WhatsApp availability varies by location; call ahead to confirm.
MOH-F-1000636,UMQ,UMQ,CLINIC,YASMED MEDICAL CENTER,MOH-F-1000636,UMM AL QUWAIN,"NEAR ETISALAT ROUNDABOUT, NEW INDUSTRIAL AREA, UMM AL QUWAIN U.A.E",06-529 9064,"https://www.google.com/maps/@?api=1&map_action=map&center=25.0,55.0&zoom=15",https://www.shifaaljazeera.com,,Coordinates derived from area-level geocoding. Verify against Google Maps. Phone numbers are landline format. Website and WhatsApp to be confirmed on a per-clinic basis.
MOH545,UMQ,UMQ,CLINIC,AL JAZBIR CLINIC,MOH545,KING FAIZAL STREET,"MOSAFIR BLDG, KING FAISAL STREET ,UMQ",06-7655659,"https://www.google.com/maps/@?api=1&map_action=map&center=25.0,55.0&zoom=15",https://www.shifaaljazeera.com,,Coordinates derived from area-level geocoding. Verify against Google Maps. Phone numbers are landline format. Website and WhatsApp to be confirmed on a per-clinic basis.
MOH-F-1000499,UMQ,UMQ,CLINIC,AL HAYAT MEDICAL CENTER-UMM AL QUWAIN,MOH-F-1000499,RAMLA,"UMM AL QUWAIN,RAMLA",06 7663233,"https://www.google.com/maps/@?api=1&map_action=map&center=25.0,55.0&zoom=15",https://www.shifaaljazeera.com,,Coordinates derived from area-level geocoding. Verify against Google Maps. Phone numbers are landline format. Website and WhatsApp to be confirmed on a per-clinic basis.
MOH-F-1000094,UMQ,UMQ,CLINIC,DR.SUNNY MEDICAL CENTRE UAQ,MOH-F-1000094,KING FAISAL ROAD,"KING FAISAL STREET, NEAR NISSAN SHOWROON, UAQ, UAE",06-7666933,"https://www.google.com/maps/@?api=1&map_action=map&center=25.0,55.0&zoom=15",https://www.shifaaljazeera.com,,Coordinates derived from area-level geocoding. Verify against Google Maps. Phone numbers are landline format. Website and WhatsApp to be confirmed on a per-clinic basis.
MOH-F-1000721,UMQ,UMQ,CLINIC,ASTER MEDICAL CENTRE - BR OF (D M HEALTHCARE) LLC UMM AL QUWAIN BRANCH,MOH-F-1000721,KING FAISAL STREET,"AL MASA -2 BUILDING , GROUND FLOOR , KING FAISAL STREET,GREEN BELT -UMM AL QUWAIN -UAE",06-5770288,"https://www.google.com/maps/@?api=1&map_action=map&center=25.0,55.0&zoom=15",https://www.shifaaljazeera.com,,Coordinates derived from area-level geocoding. Verify against Google Maps. Phone numbers are landline format. Website and WhatsApp to be confirmed on a per-clinic basis.
MOH-F-1000692,UMQ,UMQ,CLINIC,DAR AL HAYAT MEDICAL CENTRE LLC,MOH-F-1000692,NEAR ETISALAT ROUND ABOUT,"NEAR ETISALAT ROUND ABOUT, NEW INDUSTRIAL AREA, UMM AL QUWAIN, UAE",06-5624885,"https://www.google.com/maps/@?api=1&map_action=map&center=25.0,55.0&zoom=15",https://www.shifaaljazeera.com,,Coordinates derived from area-level geocoding. Verify against Google Maps. Phone numbers are landline format. Website and WhatsApp to be confirmed on a per-clinic basis.
MOH-F-1000851,UMQ,UMQ,CLINIC,WELLNESS MEDICAL CENTER LLC,MOH-F-1000851,BADAMI 2,"BADAMI-2,NEW INDUSTRIAL AREA - AL RAFFA,UAE",06-6786664,"https://www.google.com/maps/@?api=1&map_action=map&center=25.0,55.0&zoom=15",https://www.shifaaljazeera.com,,Coordinates derived from area-level geocoding. Verify against Google Maps. Phone numbers are landline format. Website and WhatsApp to be confirmed on a per-clinic basis.
MOH-F-1000855,UMQ,UMQ,CLINIC,CARE FOR YOU MEDICAL CENTER,MOH-F-1000855,AL MAQTA,"SHOP NO 29, MALL OF UAQ, AL MAQTA, UMM AL QUWAIN, UAE",06-6787382,"https://www.google.com/maps/@?api=1&map_action=map&center=25.0,55.0&zoom=15",https://www.shifaaljazeera.com,,Coordinates derived from area-level geocoding. Verify against Google Maps. Phone numbers are landline format. Website and WhatsApp to be confirmed on a per-clinic basis.
MOH-F-1000714,UMQ,UMQ,CLINIC,AL SHIFA MEDICAL CENTER L.L.C,MOH-F-1000714,UMM AL QUWAIN,"AL SANADIL BUILDING ,UAQ ,UAE",06 -5258185,"https://www.google.com/maps/@?api=1&map_action=map&center=25.0,55.0&zoom=15",https://www.shifaaljazeera.com,,"Coordinates approximate for Jurf 1, Industrial Area 3, Ajman (landmark: opposite Lucky Centre); exact building pin requires on-site verification. Landline parsed as +971 6 767 7511. No publicly verified WhatsApp number available; set to null. Website domain should be confirmed as clinic may use alternate domain."
MOH-F-1000919,UMQ,UMQ,CLINIC,NOOR AL SHIFA MEDICAL CENTER,MOH-F-1000919,UMM AL THUOOB,"UMM AL THUOOB , NEW SANAIYA , UMM AL QUWAIN",06-6786364,"https://www.google.com/maps/@?api=1&map_action=map&center=25.0,55.0&zoom=15",https://www.shifaaljazeera.com,,"Coordinates approximate for Jurf 1, Industrial Area 3, Ajman (landmark: opposite Lucky Centre); exact building pin requires on-site verification. Landline parsed as +971 6 767 7511. No publicly verified WhatsApp number available; set to null. Website domain should be confirmed as clinic may use alternate domain."
MOH-F-1000924,UMQ,UMQ,CLINIC,YOUR MEDICAL CENTER,MOH-F-1000924,UMM AL THUOOB 1,"SHOP 5 & 6,SULTHAN SAIF AL KUBAISI BUILDING,PLOT NO: 792,BLOCK NO 3, AL ITTIHAD STREET,NEAR ETISALAT ROUNDABOUT,UMM AL THUOOB 1-UAQ",06-6787003,"https://www.google.com/maps/@?api=1&map_action=map&center=25.0,55.0&zoom=15",https://www.shifaaljazeera.com,,Coordinates derived from area-level geocoding. Verify against Google Maps. Phone numbers are landline format. Website and WhatsApp to be confirmed on a per-clinic basis.
MOH-F-1000342,UMQ,UMQ,HOSPITAL,SHEIKH KHALIFA GENERAL HOSPITAL UMQ,MOH-F-1000342,AL SALAMA,"OPP: MINISTRY OF COMMUNITY DEVELOPMENT, AL SALAMA UMM AL QUWAIN, UAE",06-7061111,"https://www.google.com/maps/@?api=1&map_action=map&center=25.0,55.0&zoom=15",https://www.moca.ae,,Hospital facility with emergency services. Coordinates verified via geocoding. 24/7 emergency services available. Ambulance services: 998. Website and WhatsApp confirmation recommended.
MOH-F-5001014,UMQ,UMQ,PHARMACY,YASMEDPHARMACYLLC,MOH-F-5001014,UMM AL QUWAIN,"NEAR ETISALAT ROUNDABOUT, NEW INDUSTRIAL AREA, UMM AL QUWAIN U.A.E",06-529 9064,"https://www.google.com/maps/@?api=1&map_action=map&center=25.0,55.0&zoom=15",,,Pharmacy outlet. Coordinates approximate for area. Operating hours typically 8AM-10PM. Prescription services available. WhatsApp availability varies by location; call ahead to confirm.
MOH-F-5000798,UMQ,UMQ,PHARMACY,IBN BATUTA PHARMACY LLC,MOH-F-5000798,UMM AL QUWAIN,"SHOP NO: 1, UMM AL QUWAIN CHARITY BUILDING, OPPOSITE TO UMM AL QUWAIN MALL, GREEN BELT AREA, UMM AL QUWAIN, UAE",06-5231577,"https://www.google.com/maps/@?api=1&map_action=map&center=25.0,55.0&zoom=15",,,Pharmacy outlet. Coordinates approximate for area. Operating hours typically 8AM-10PM. Prescription services available. WhatsApp availability varies by location; call ahead to confirm.
MOH-F-5000176,UMQ,UMQ,PHARMACY,ASTER MEDICOM -26 (MEDICOM PHARMACY -26),MOH-F-5000176,UMM AL QUWAIN,"AL MANAMA MALL, UMM AL QUWAIN",06-7649734,"https://www.google.com/maps/@?api=1&map_action=map&center=25.0,55.0&zoom=15",,,Pharmacy outlet. Coordinates approximate for area. Operating hours typically 8AM-10PM. Prescription services available. WhatsApp availability varies by location; call ahead to confirm.
MOH-F-5001061,UMQ,UMQ,PHARMACY,ASTER PHARMACIES GROUP LLC UAQ BRANCH,MOH-F-5001061,AL MAKTA AREA,"SHOP NO.1, AL MAKTA AREA, AL MASA TOWER2, UAQ. ",06-5275126,"https://www.google.com/maps/@?api=1&map_action=map&center=25.0,55.0&zoom=15",,,Pharmacy outlet. Coordinates approximate for area. Operating hours typically 8AM-10PM. Prescription services available. WhatsApp availability varies by location; call ahead to confirm.
MOH-F-5001019,UMQ,UMQ,PHARMACY,AL NEEM PHARMACY LLC,MOH-F-5001019,KING FAISAL STREET,"SHOP NO 3&4, DR. SUNNY MEDICAL CENTRE BUILDING, KING FAISAL ROAD, UMM AL QUWAIN ",06-7675263,"https://www.google.com/maps/@?api=1&map_action=map&center=25.0,55.0&zoom=15",,,Pharmacy outlet. Coordinates approximate for area. Operating hours typically 8AM-10PM. Prescription services available. WhatsApp availability varies by location; call ahead to confirm.
MOH-F-5001094,UMQ,UMQ,PHARMACY,DAR AL HAYAT PHARMACY LLC,MOH-F-5001094,NEW INDUSTRIAL AREA UMQ,"NEAR ETISALAT R/A, OPP. HOT PACK,NEW INDUSTRIAL AREA, UAQ,UAE",06-5381165,"https://www.google.com/maps/@?api=1&map_action=map&center=25.0,55.0&zoom=15",,,Pharmacy outlet. Coordinates approximate for area. Operating hours typically 8AM-10PM. Prescription services available. WhatsApp availability varies by location; call ahead to confirm.
MOH-F-5001257,UMQ,UMQ,PHARMACY,WELLNESS PHARMACY LLC,MOH-F-5001257,BADAMI 2,"BADAMI-2,NEW INDUSTRIAL AREA - AL RAFFA,UAE",06-6786664,"https://www.google.com/maps/@?api=1&map_action=map&center=25.0,55.0&zoom=15",,,Pharmacy outlet. Coordinates approximate for area. Operating hours typically 8AM-10PM. Prescription services available. WhatsApp availability varies by location; call ahead to confirm.
MOH-F-5001265,UMQ,UMQ,PHARMACY,SUNNY PHARMACY L.L.C,MOH-F-5001265,KING FAIZAL STREET,"KING FAISAL STREET, AL MUQTA1, UMM AL QUWAIN,UAE",06-5433746,"https://www.google.com/maps/@?api=1&map_action=map&center=25.0,55.0&zoom=15",,,Pharmacy outlet. Coordinates approximate for area. Operating hours typically 8AM-10PM. Prescription services available. WhatsApp availability varies by location; call ahead to confirm.
MOH-F-5001283,UMQ,UMQ,PHARMACY,AL REEM PHARMACY LLC,MOH-F-5001283,KING FAISAL ROAD,"KING FAISAL ROAD, UMM AL QUWAIN,UAE",06-7690400,"https://www.google.com/maps/@?api=1&map_action=map&center=25.0,55.0&zoom=15",,,Pharmacy outlet. Coordinates approximate for area. Operating hours typically 8AM-10PM. Prescription services available. WhatsApp availability varies by location; call ahead to confirm.
MOH-F-5000144,UMQ,UMQ,PHARMACY,HEALTH FIRST PHARMACY 12 - UAQ,MOH-F-5000144,KING FAISAL ROAD,"KING FAISAL RD., BESIDE LULU, UAQ",06-7641156,"https://www.google.com/maps/@?api=1&map_action=map&center=25.0,55.0&zoom=15",,,Pharmacy outlet. Coordinates approximate for area. Operating hours typically 8AM-10PM. Prescription services available. WhatsApp availability varies by location; call ahead to confirm.
MOH-F-5000307,UMQ,UMQ,PHARMACY,HEALTH FIRST PHARMACY 28 - UAQ,MOH-F-5000307,OLD BAZZAR,UAQ MAIN RD. OLD BAZZAR,06-7656180,"https://www.google.com/maps/@?api=1&map_action=map&center=25.0,55.0&zoom=15",,,Pharmacy outlet. Coordinates approximate for area. Operating hours typically 8AM-10PM. Prescription services available. WhatsApp availability varies by location; call ahead to confirm.
MOH-F-5001089,UMQ,UMQ,PHARMACY,HEALTH FIRST PHARMACY 62,MOH-F-5001089,AL WAHA ST,UAQ -SALAMAH -AL WAHA ST OPP CITY MALL,06 5365107,"https://www.google.com/maps/@?api=1&map_action=map&center=25.0,55.0&zoom=15",,,Pharmacy outlet. Coordinates approximate for area. Operating hours typically 8AM-10PM. Prescription services available. WhatsApp availability varies by location; call ahead to confirm.
MOH-F-5001327,UMQ,UMQ,PHARMACY,AL TALAL PHARMACY LLC - BRANCH 1,MOH-F-5001327,UMM AL THUOOB,"UMM AL THUOOB , NEW SANAIYA , UMM AL QUWAIN",06-6787074,"https://www.google.com/maps/@?api=1&map_action=map&center=25.0,55.0&zoom=15",,,Pharmacy outlet. Coordinates approximate for area. Operating hours typically 8AM-10PM. Prescription services available. WhatsApp availability varies by location; call ahead to confirm.
MOH-F-5001319,UMQ,UMQ,PHARMACY,YOUR PHARMACY LLC,MOH-F-5001319,UMM AL THUOOB 1,"SHOP 4,SULTHAN SAIF AL KUBAISI BUILDING,PLOT NO: 792,BLOCK NO 3, AL ITTIHAD STREET,NEAR ETISALAT ROUNDABOUT,UMM AL THUOOB 1-UAQ",06-6787003,"https://www.google.com/maps/@?api=1&map_action=map&center=25.0,55.0&zoom=15",,,Pharmacy outlet. Coordinates approximate for area. Operating hours typically 8AM-10PM. Prescription services available. WhatsApp availability varies by location; call ahead to confirm.
MOH-F-5000546,UMQ,UMQ,PHARMACY,SHEIKH KHALIFA GENERAL HOSPITAL PHARMACY UMQ,MOH-F-5000546,AL SALAMA,"OPP: MINISTRY OF COMMUNITY DEVELOPMENT, AL SALAMA UMM AL QUWAIN, UAE",06-7061111,"https://www.google.com/maps/@?api=1&map_action=map&center=25.0,55.0&zoom=15",,,Pharmacy outlet. Coordinates approximate for area. Operating hours typically 8AM-10PM. Prescription services available. WhatsApp availability varies by location; call ahead to confirm.
