SL_NO,EMIRATE,UAE_EMIRATE,PROVIDER_TYPE,PROVIDER_NAME,FACILITY_ID,AREA,ADDRESS,PHONE,GOOGLE_MAPS_LINK,WEBSITE,WHATSAPP,NOTES
2,AJM,Ajman,CLINIC,SHIFA AL JAZEERAH MEDICAL CENTRE - L.L.C - BRANCH 01,MOH-F-1000657,JURF 1,"OPPOSITE TO LUCKY CENTRE, JURF-1, INDUSTRIAL AREA-3, AJMAN, U.A.E",06-7677511,https://www.google.com/maps/search/?api=1&query=OPPOSITE%20TO%20LUCKY%20CENTRE%2C%20JURF-1%2C%20INDUSTRIAL%20AREA-3%2C%20AJMAN%2C%20U.A.E%2C%20Ajman%2C%20UAE,,,
3,AJM,Ajman,CLINIC,ADVANCED MEDICAL CENTRE L.L.C (AJMAN),MOH-F-1000853,AL BUSTAN,"FLAT # 202, 2ND FR, CITY MART BLDG, OPP TO AJMAN MUNICIPALITY, SHEIKH RASHID BIN HUMAID STREET, AL BUSTAN, AJMAN",06-7459969,https://www.google.com/maps/search/?api=1&query=FLAT%20%23%20202%2C%202ND%20FR%2C%20CITY%20MART%20BLDG%2C%20OPP%20TO%20AJMAN%20MUNICIPALITY%2C%20SHEIKH%20RASHID%20BIN%20HUMAID%20STREET%2C%20AL%20BUSTAN%2C%20AJMAN%2C%20Ajman%2C%20UAE,,,
4,AJM,Ajman,CLINIC,RIGHT HEALTH CLINIC JURF LLC,MOH-F-1000117,AL JURF 2,PO BOX 3484 SHOP NO 1 JURF INDUSTRIAL ZONE 2 - AJMAN,06-7494969/8007400,https://www.google.com/maps/search/?api=1&query=PO%20BOX%203484%20SHOP%20NO%201%20JURF%20INDUSTRIAL%20ZONE%202%20-%20AJMAN%2C%20Ajman%2C%20UAE,,,
5,AJM,Ajman,CLINIC,RIGHT HEALTH CLINIC JURF2 LLC,MOH-F-1000316,AL JURF 2,PO BOX 3484 SHOP NO 2 JURF INDUSTRIAL ZONE 2 - AJMAN,06-7404141/8007400,https://www.google.com/maps/search/?api=1&query=PO%20BOX%203484%20SHOP%20NO%202%20JURF%20INDUSTRIAL%20ZONE%202%20-%20AJMAN%2C%20Ajman%2C%20UAE,,,
6,AJM,Ajman,CLINIC,RELIEF MEDICAL CENTER LLC,MOH-F-1000668,AL NAKHIL 2,"G8, A BLOCK, AL DIWAN TOWER, SHEIKH RASHID BIN HUMEED ST. AL NAKHIL 2, AJMAN, UAE",054-7065362,https://www.google.com/maps/search/?api=1&query=G8%2C%20A%20BLOCK%2C%20AL%20DIWAN%20TOWER%2C%20SHEIKH%20RASHID%20BIN%20HUMEED%20ST.%20AL%20NAKHIL%202%2C%20AJMAN%2C%20UAE%2C%20Ajman%2C%20UAE,,,
7,AJM,Ajman,CLINIC,AL RAFI CLINIC,MOH-F-1000007,RING ROAD,"RING ROAD,NEAR CHINA DANEM BLDG,SHOP NO 208,209",06-7432844,https://www.google.com/maps/search/?api=1&query=RING%20ROAD%2CNEAR%20CHINA%20DANEM%20BLDG%2CSHOP%20NO%20208%2C209%2C%20Ajman%2C%20UAE,,,
8,AJM,Ajman,CLINIC,EMIRATES PRIVATE MEDICAL CENTER( FORMERLY OASIS GR-EMIRATES PRIVATEMEDICAL CENTER),MOH-F-1000206,SANIYA,"INDUSTRIAL AREA,SANAIYA, AJMAN",06-7486177,https://www.google.com/maps/search/?api=1&query=INDUSTRIAL%20AREA%2CSANAIYA%2C%20AJMAN%2C%20Ajman%2C%20UAE,,,
9,AJM,Ajman,CLINIC,NMC MEDICAL CENTRE AJMAN LLC BR- RASHIDIYA - AJMAN,MOH-F-1000270,RASHIDIYA,"NEAR SAFEER HYPERMARKET ,SAMHA PLAZA,OPP AL KHOR TOWER, RASHIDIYA - AJMAN",06-7147666,https://www.google.com/maps/search/?api=1&query=NEAR%20SAFEER%20HYPERMARKET%20%2CSAMHA%20PLAZA%2COPP%20AL%20KHOR%20TOWER%2C%20RASHIDIYA%20-%20AJMAN%2C%20Ajman%2C%20UAE,,,
10,AJM,Ajman,CLINIC,MODERN MEDICAL CENTRE LLC,MOH-F-1000241,AL JURF,"AL JURF,INDUSTRIAL AREA 3,JEDDAH STREEET",06-7469695,https://www.google.com/maps/search/?api=1&query=AL%20JURF%2CINDUSTRIAL%20AREA%203%2CJEDDAH%20STREEET%2C%20Ajman%2C%20UAE,,,
11,AJM,Ajman,CLINIC,METRO MEDICAL CENTRE LLC,MOH6126,AL NUAIMIA,AL NUAIMIA,06-7469694,https://www.google.com/maps/search/?api=1&query=AL%20NUAIMIA%2C%20Ajman%2C%20UAE,,,
12,AJM,Ajman,CLINIC,MAPLE MEDICAL CENTER L.L.C,MOH-F-1000552,RAWDA STREET,"ABDUL HAQUE BUILDING,FLAT NO:559,AL SALAM STREET,RAWDA-3,AJMAN,UAE",06-5955921,https://www.google.com/maps/search/?api=1&query=ABDUL%20HAQUE%20BUILDING%2CFLAT%20NO%3A559%2CAL%20SALAM%20STREET%2CRAWDA-3%2CAJMAN%2CUAE%2C%20Ajman%2C%20UAE,,,
13,AJM,Ajman,CLINIC,RED MAPLE MEDICAL CENTER L.L.C,MOH-F-1000359,AL JURF 3,"ABDUL HAQUE BUILDING,BAHIYA,INDUSTRIAL AREA, AL JURF-3,NEAR BROTHERS STEEL",06-5955921,https://www.google.com/maps/search/?api=1&query=ABDUL%20HAQUE%20BUILDING%2CBAHIYA%2CINDUSTRIAL%20AREA%2C%20AL%20JURF-3%2CNEAR%20BROTHERS%20STEEL%2C%20Ajman%2C%20UAE,,,
14,AJM,Ajman,CLINIC,AL AIN MEDICAL CENTER,MOH-F-1000295,AL NUAIMIA,"AL AIN BUILDING, HAFIZ IBRAHIM STREET, FIRST FLOOR 104, 105, AL NUAIMIA, AJMAN",06-7406661,https://www.google.com/maps/search/?api=1&query=AL%20AIN%20BUILDING%2C%20HAFIZ%20IBRAHIM%20STREET%2C%20FIRST%20FLOOR%20104%2C%20105%2C%20AL%20NUAIMIA%2C%20AJMAN%2C%20Ajman%2C%20UAE,,,
15,AJM,Ajman,CLINIC,AL SHROOQ POLYCLINIC,MOH-F-1000226,AL BUSTAN,"UAE EXCHANGE, KARAMA PLAZA BUILDING, 1ST FLOOR 104 A BLOCK, ALBUSTAN, AJMAN",06 7455688,https://www.google.com/maps/search/?api=1&query=UAE%20EXCHANGE%2C%20KARAMA%20PLAZA%20BUILDING%2C%201ST%20FLOOR%20104%20A%20BLOCK%2C%20ALBUSTAN%2C%20AJMAN%2C%20Ajman%2C%20UAE,,,
16,AJM,Ajman,CLINIC,AL RUKN MEDICAL CENTER,MOH-F-1000380,RASHIDIYA-3,"AL ZAHEER STREET,RASHIDIYA-3,AJMAN,UAE",06-7482005,https://www.google.com/maps/search/?api=1&query=AL%20ZAHEER%20STREET%2CRASHIDIYA-3%2CAJMAN%2CUAE%2C%20Ajman%2C%20UAE,,,
17,AJM,Ajman,CLINIC,AL GHARAFA MEDICAL CENTRE,MOH-F-1000003,AL BUSTAN,"3RD FLOOR, UAE EXCHANGE BUILD.LULU AREA",06-7448322,https://www.google.com/maps/search/?api=1&query=3RD%20FLOOR%2C%20UAE%20EXCHANGE%20BUILD.LULU%20AREA%2C%20Ajman%2C%20UAE,,,
18,AJM,Ajman,CLINIC,LLH SPECIALIST MEDICAL CENTER,MOH-F-1000093,AL NUAIMIA,"MAIRAM TOWER, AL NUAIMIA, KING FAISAL STREET",06-7486747,https://www.google.com/maps/search/?api=1&query=MAIRAM%20TOWER%2C%20AL%20NUAIMIA%2C%20KING%20FAISAL%20STREET%2C%20Ajman%2C%20UAE,,,
19,AJM,Ajman,CLINIC,KHALID LALA MEDICAL CLINIC LLC,MOH7061,AL JURF,"AL JURF INDISTRIAL AREA -2 , AL JEDDAH STREET,AJMAN",06-7483485,https://www.google.com/maps/search/?api=1&query=AL%20JURF%20INDISTRIAL%20AREA%20-2%20%2C%20AL%20JEDDAH%20STREET%2CAJMAN%2C%20Ajman%2C%20UAE,,,
20,AJM,Ajman,CLINIC,ALENAYA MEDICAL CLINIC LLC,MOH6877,AL KHAN,ALBUSTAN TOWER FLAT NO 209 NEAR MASHRIQ BANK,06-7449666,https://www.google.com/maps/search/?api=1&query=ALBUSTAN%20TOWER%20FLAT%20NO%20209%20NEAR%20MASHRIQ%20BANK%2C%20Ajman%2C%20UAE,,,
21,AJM,Ajman,CLINIC,AJMAN MEDICAL CENTER,MOH-F-1000009,AJMAN,AL ZARAH BLDG MOEHAT ROUND ABOUT NEW INDUSTRIAL AREA AJMAN,06-7430088,https://www.google.com/maps/search/?api=1&query=AL%20ZARAH%20BLDG%20MOEHAT%20ROUND%20ABOUT%20NEW%20INDUSTRIAL%20AREA%20AJMAN%2C%20Ajman%2C%20UAE,,,
22,AJM,Ajman,CLINIC,MEDO MEDICAL CENTER,MOH-F-1000227,NUAIMIA,"OFFICE 105, SHEIKH AMMAR BIN HUMAID STREET, JURF INDUSTRIAL 1, AJMAN, UNITED ARAB EMIRATES",06-5556303,https://www.google.com/maps/search/?api=1&query=OFFICE%20105%2C%20SHEIKH%20AMMAR%20BIN%20HUMAID%20STREET%2C%20JURF%20INDUSTRIAL%201%2C%20AJMAN%2C%20UNITED%20ARAB%20EMIRATES%2C%20Ajman%2C%20UAE,,,
23,AJM,Ajman,CLINIC,CAREPLUS MEDICAL CENTER LLC AJMAN,MOH-F-1000279,AJMAN,"K.M TRADING BUILDING 1ST FLOOR FLAT NO: 115 OPP. LULU HYPERMARKET, AJMAN",06-7473341,https://www.google.com/maps/search/?api=1&query=K.M%20TRADING%20BUILDING%201ST%20FLOOR%20FLAT%20NO%3A%20115%20OPP.%20LULU%20HYPERMARKET%2C%20AJMAN%2C%20Ajman%2C%20UAE,,,
24,AJM,Ajman,CLINIC,NOOR AL SHIFA CLINIC LLC,MOH-F-1000680,JURF,METRO BUILDING - JURF- AJMAN,06-5234870,https://www.google.com/maps/search/?api=1&query=METRO%20BUILDING%20-%20JURF-%20AJMAN%2C%20Ajman%2C%20UAE,,,
25,AJM,Ajman,CLINIC,AALIYA MEDICAL CENTRE,MOH-F-1000204,AL BUSTAN,"CITY MART BUILDING, OPP-KUWAIT HOSPITAL, LULU HYPER MARKET, KUWAITE HOSPITAL STREET, AL BUSTAN, AJMAN",06-7475599,https://www.google.com/maps/search/?api=1&query=CITY%20MART%20BUILDING%2C%20OPP-KUWAIT%20HOSPITAL%2C%20LULU%20HYPER%20MARKET%2C%20KUWAITE%20HOSPITAL%20STREET%2C%20AL%20BUSTAN%2C%20AJMAN%2C%20Ajman%2C%20UAE,,,
26,AJM,Ajman,CLINIC,FAMILY MEDICAL CENTRE,MOH-F-1000202,NEW IND AREA AL ZAHRA,"NEAR AL HARAMAIN PERFUMES, NEW INDUSTRIAL AREA AL ZAHRA AJMAN, NEW INDUSTRIAL AREA, AJMAN",06-7434800,https://www.google.com/maps/search/?api=1&query=NEAR%20AL%20HARAMAIN%20PERFUMES%2C%20NEW%20INDUSTRIAL%20AREA%20AL%20ZAHRA%20AJMAN%2C%20NEW%20INDUSTRIAL%20AREA%2C%20AJMAN%2C%20Ajman%2C%20UAE,,,
27,AJM,Ajman,CLINIC,IBIN SINA MEDICAL CENTRE (AJMAN AL QUDS),MOH-F-1000203,AL QUDS STREET,"AL QUDS BUILDING, NEAR ENBD BANK AJMAN, AL QUDS STREET, AJMAN",06-7457755,https://www.google.com/maps/search/?api=1&query=AL%20QUDS%20BUILDING%2C%20NEAR%20ENBD%20BANK%20AJMAN%2C%20AL%20QUDS%20STREET%2C%20AJMAN%2C%20Ajman%2C%20UAE,,,
28,AJM,Ajman,CLINIC,NEW IBINSINA MEDICAL CENTRE (AJMAN JURF),MOH-F-1000205,AL JURF,"CANADIAN BUILDING, NEAR AJMAN TARAFFIC & LICENSING DEPARTMENT, AL JURF, AJMAN",06-7413330,https://www.google.com/maps/search/?api=1&query=CANADIAN%20BUILDING%2C%20NEAR%20AJMAN%20TARAFFIC%20%26%20LICENSING%20DEPARTMENT%2C%20AL%20JURF%2C%20AJMAN%2C%20Ajman%2C%20UAE,,,
29,AJM,Ajman,CLINIC,SHEIKHA CLINIC LLC (FORMERLY FIRSTAID CLINIC LLC),MOH-F-1000245,JURF-3,"JURF 3, AJMAN, UAE",06-7407042,https://www.google.com/maps/search/?api=1&query=JURF%203%2C%20AJMAN%2C%20UAE%2C%20Ajman%2C%20UAE,,,
30,AJM,Ajman,CLINIC,COST CARE GENERAL CLINIC,MOH-F-1000365,NUAIMIA 1,"AL MARZOOKI BUILDING, SHOP NO: 1, GROUND FLOOR, NUAIMEYA 1, AJMAN. PO BOX: 42789",06-5275643,https://www.google.com/maps/search/?api=1&query=AL%20MARZOOKI%20BUILDING%2C%20SHOP%20NO%3A%201%2C%20GROUND%20FLOOR%2C%20NUAIMEYA%201%2C%20AJMAN.%20PO%20BOX%3A%2042789%2C%20Ajman%2C%20UAE,,,
31,AJM,Ajman,CLINIC,EVE MEDICAL CENTRE LLC(AJM),MOH-F-1000472,AL JURF 2,J1 BUILDING 1ST FLOOR GARDEN CITY AL JURF 2 AJMAN,06-7498042,https://www.google.com/maps/search/?api=1&query=J1%20BUILDING%201ST%20FLOOR%20GARDEN%20CITY%20AL%20JURF%202%20AJMAN%2C%20Ajman%2C%20UAE,,,
32,AJM,Ajman,CLINIC,ELAJ MEDICAL CENTRE  L.L.C 01,MOH-F-1000607,AL NUAIMIA 2,"37 COLLEGE ST - AL NUAIMIYA 2, AJMAN, UAE",06-7488808,https://www.google.com/maps/search/?api=1&query=37%20COLLEGE%20ST%20-%20AL%20NUAIMIYA%202%2C%20AJMAN%2C%20UAE%2C%20Ajman%2C%20UAE,,,
33,AJM,Ajman,CLINIC,INTERNATIONAL SPECIALIST MEDICAL CENTRE,MOH-F-1000259,AL NUAIMIA,"FISRT FLOOR,SHAFIQ RANA BUILDING,ABOVE AL HEKMAH PHARMACY, KUWAITI STREET. NAUIMIYA 1. AJMAN, PO BOX 2164",06-7463400,https://www.google.com/maps/search/?api=1&query=FISRT%20FLOOR%2CSHAFIQ%20RANA%20BUILDING%2CABOVE%20AL%20HEKMAH%20PHARMACY%2C%20KUWAITI%20STREET.%20NAUIMIYA%201.%20AJMAN%2C%20PO%20BOX%202164%2C%20Ajman%2C%20UAE,,,
34,AJM,Ajman,CLINIC,ELAJ MEDICAL CENTRE LLC,MOH-F-1000255,AL RUMAILAH,AL RUMAILAH AREA AJMAN UAE,67418880,https://www.google.com/maps/search/?api=1&query=AL%20RUMAILAH%20AREA%20AJMAN%20UAE%2C%20Ajman%2C%20UAE,,,
35,AJM,Ajman,CLINIC,AURA MEDICAL CENTER L. L.C,MOH-F-1000545,JURF 2,"RAINBOW BUILDING, JURF 2 AJMAN, BEHIND CIVIL DEFENSE, AJMAN, UAE",06-526 5455,https://www.google.com/maps/search/?api=1&query=RAINBOW%20BUILDING%2C%20JURF%202%20AJMAN%2C%20BEHIND%20CIVIL%20DEFENSE%2C%20AJMAN%2C%20UAE%2C%20Ajman%2C%20UAE,,,
36,AJM,Ajman,CLINIC,ASTER MEDICAL CENTRE BR.(AJMAN),MOH2590,AJMAN,"SHAIKH KHALIFA BIN ZAYED STREET, AJMAN UAE",06-7314799,https://www.google.com/maps/search/?api=1&query=SHAIKH%20KHALIFA%20BIN%20ZAYED%20STREET%2C%20AJMAN%20UAE%2C%20Ajman%2C%20UAE,,,
37,AJM,Ajman,CLINIC,ACCESS MEDICAL CENTRE (BR. OF DM) - AJMAN,MOH6733,IND AREA-1,"AL HAMRAIN SOUQ, AJMAN INDUSTRIAL AREA 1,NEAR NESTO HYPERMARKET, AJMAN",06-7404778,https://www.google.com/maps/search/?api=1&query=AL%20HAMRAIN%20SOUQ%2C%20AJMAN%20INDUSTRIAL%20AREA%201%2CNEAR%20NESTO%20HYPERMARKET%2C%20AJMAN%2C%20Ajman%2C%20UAE,,,
38,AJM,Ajman,CLINIC,SARAH MEDICAL CENTRE,MOH-F-1000064,MASFUT,"PO. BOX, 12457, AL RASHID AL BADAWANI BLDG, FLOOR 1, HATTA ROAD, MUZEIRAH, MASFUT, AJMAN",04-8522116,https://www.google.com/maps/search/?api=1&query=PO.%20BOX%2C%2012457%2C%20AL%20RASHID%20AL%20BADAWANI%20BLDG%2C%20FLOOR%201%2C%20HATTA%20ROAD%2C%20MUZEIRAH%2C%20MASFUT%2C%20AJMAN%2C%20Ajman%2C%20UAE,,,
39,AJM,Ajman,CLINIC,AL HEMAYA GENERAL CLINIC LLC,MOH-F-1000581,AL JURF 1,"SHOP NO 8 ,AL JURF INSUDTRAIL ZONE 1, NEAR LULU EXCHANGE,AJMAN",06-5225374,https://www.google.com/maps/search/?api=1&query=SHOP%20NO%208%20%2CAL%20JURF%20INSUDTRAIL%20ZONE%201%2C%20NEAR%20LULU%20EXCHANGE%2CAJMAN%2C%20Ajman%2C%20UAE,,,
40,AJM,Ajman,CLINIC,NORTHERN AL AHLIAH MEDICAL CENTRE (AJMAN),MOH-F-1000521,AL BUSTAN,"AL WAKF BLDG., BEHIND AJMAN GENERAL POST OFFICE & NBAD, AL BUSTAN",06-7404941,https://www.google.com/maps/search/?api=1&query=AL%20WAKF%20BLDG.%2C%20BEHIND%20AJMAN%20GENERAL%20POST%20OFFICE%20%26%20NBAD%2C%20AL%20BUSTAN%2C%20Ajman%2C%20UAE,,,
41,AJM,Ajman,CLINIC,AHALIA MEDICAL CENTER,MOH-F-1000405,AL ITTIHAD STREET,"NEAR EMIRATES MARKET, ASYAD TOWER, AL ITTIHAD STREET",06-7497557,https://www.google.com/maps/search/?api=1&query=NEAR%20EMIRATES%20MARKET%2C%20ASYAD%20TOWER%2C%20AL%20ITTIHAD%20STREET%2C%20Ajman%2C%20UAE,,,
42,AJM,Ajman,CLINIC,MEDICARE MEDICAL CENTRE LLC,MOH-F-1000718,SHEIKH RASHID STREET,"SHEIKH RASHID STREET, M.CITY MART BUILDING,AJMAN,UAE",06-7475171,https://www.google.com/maps/search/?api=1&query=SHEIKH%20RASHID%20STREET%2C%20M.CITY%20MART%20BUILDING%2CAJMAN%2CUAE%2C%20Ajman%2C%20UAE,,,
43,AJM,Ajman,CLINIC,JABAL SINA MEDICAL CENTRE LLC,MOH-F-1000565,ESCAPE TOWER,"GROUND FLOOR ESCAPE TOWER,AJMAN,UNITED ARAB EMIRATES",06-740 2255,https://www.google.com/maps/search/?api=1&query=GROUND%20FLOOR%20ESCAPE%20TOWER%2CAJMAN%2CUNITED%20ARAB%20EMIRATES%2C%20Ajman%2C%20UAE,,,
44,AJM,Ajman,CLINIC,ABDUL AZIZ MEDICAL CENTRE L.L.C,MOH-F-1000112,AL HAMIDIYA,"AL SALAM BUILDING FLOOR F, OFFICE NO. 5 SHEIKH MAKTOUM BIN RASHID ST AL HAMIDIYA AJMAN UAE","054-3358211,056-4990000",https://www.google.com/maps/search/?api=1&query=AL%20SALAM%20BUILDING%20FLOOR%20F%2C%20OFFICE%20NO.%205%20SHEIKH%20MAKTOUM%20BIN%20RASHID%20ST%20AL%20HAMIDIYA%20AJMAN%20UAE%2C%20Ajman%2C%20UAE,,,
45,AJM,Ajman,CLINIC,SEHA MEDICAL CENTER,MOH-F-1000658,NUAIMIYA-1,"AL ITTEHAD ROAD, NUAIMIYA-1,AJMAN,UNITED ARAB EMIRATES",06-7404045,https://www.google.com/maps/search/?api=1&query=AL%20ITTEHAD%20ROAD%2C%20NUAIMIYA-1%2CAJMAN%2CUNITED%20ARAB%20EMIRATES%2C%20Ajman%2C%20UAE,,,
46,AJM,Ajman,CLINIC,GOLDEN STAR MEDICAL CENTER,MOH-F-1000355,AJMAN,"45 ABDULLAH BIN ABUD STREET, RM 7&8, NOOR BUILDING, AJMAN, UAE",058-8978647,https://www.google.com/maps/search/?api=1&query=45%20ABDULLAH%20BIN%20ABUD%20STREET%2C%20RM%207%268%2C%20NOOR%20BUILDING%2C%20AJMAN%2C%20UAE%2C%20Ajman%2C%20UAE,,,
47,AJM,Ajman,CLINIC,AL NAHRAIN SPECIALTY MEDICAL CENTER - LLC,MOH-F-1000266,AL NUAIMIA 2,"AL NUAIMIA 2,AJMAN,UAE",06-7449144,https://www.google.com/maps/search/?api=1&query=AL%20NUAIMIA%202%2CAJMAN%2CUAE%2C%20Ajman%2C%20UAE,,,
48,AJM,Ajman,CLINIC,AL NAHRAIN MEDICAL CENTER 1 LLC,MOH-F-1000729,AL HELIO 2,"AL HELIO 2, HELIO 2,AJMAN,UAE",06-7484778,https://www.google.com/maps/search/?api=1&query=AL%20HELIO%202%2C%20HELIO%202%2CAJMAN%2CUAE%2C%20Ajman%2C%20UAE,,,
49,AJM,Ajman,CLINIC,DEAR HEALTH MEDICAL CENTER,MOH-F-1000099,RASHIDIYA 3,"AL SWAN TOWER, RASHIDIYA 3,AJMAN,UAE",06-7413344,https://www.google.com/maps/search/?api=1&query=AL%20SWAN%20TOWER%2C%20RASHIDIYA%203%2CAJMAN%2CUAE%2C%20Ajman%2C%20UAE,,,
50,AJM,Ajman,CLINIC,MAGENTA HEALTH PLUS MEDICAL CENTER LLC (SOLE PROPRIETORSHIP),MOH-F-1000712,JURF,"AHMED ABDULLA ALMEHDAR BUILDING, JURF IND.AREA1 ,AJMAN,UAE",06-7449095,https://www.google.com/maps/search/?api=1&query=AHMED%20ABDULLA%20ALMEHDAR%20BUILDING%2C%20JURF%20IND.AREA1%C2%A0%2CAJMAN%2CUAE%2C%20Ajman%2C%20UAE,,,
51,AJM,Ajman,CLINIC,ORIANA MEDICAL CENTER LLC SOLE PROPRIETORSHIP,MOH-F-1000666,AL JURF ,AL JURF INDUSTRIAL 1 - AJMAN,06-5918889,https://www.google.com/maps/search/?api=1&query=AL%20JURF%20INDUSTRIAL%201%20-%20AJMAN%2C%20Ajman%2C%20UAE,,,
52,AJM,Ajman,CLINIC,EAZY CARE MEDICAL CENTER L.L.C,MOH-F-1000785,MOWAIHAT-3,"MOWAIHAT-3, NEAR ADNOC PETROL STATION ,AJMAN,UAE",06-7458050,https://www.google.com/maps/search/?api=1&query=MOWAIHAT-3%2C%20NEAR%20ADNOC%20PETROL%20STATION%20%2CAJMAN%2CUAE%2C%20Ajman%2C%20UAE,,,
53,AJM,Ajman,CLINIC,NATIONAL CLINIC (AJMAN),MOHI1000,AJMAN,NEW SANAIYA - AJMAN,06-7432292/8007400,https://www.google.com/maps/search/?api=1&query=NEW%20SANAIYA%20-%20AJMAN%2C%20Ajman%2C%20UAE,,,
54,AJM,Ajman,CLINIC,AL SANAIYA CLINIC (AJMAN),MOHM2114,AJMAN,"OFFICE 105, SHEIKH AMMAR BIN HUMAID STREET, JURF INDUSTRIAL 1, AJMAN, UNITED ARAB EMIRATES",06-7484078/8007400,https://www.google.com/maps/search/?api=1&query=OFFICE%20105%2C%20SHEIKH%20AMMAR%20BIN%20HUMAID%20STREET%2C%20JURF%20INDUSTRIAL%201%2C%20AJMAN%2C%20UNITED%20ARAB%20EMIRATES%2C%20Ajman%2C%20UAE,,,
55,AJM,Ajman,CLINIC,RIGHT HEALTH AL NUAIMIA CLINIC (AJMAN)(FORMERLY AL NAUMIA CLINIC (AJMAN),MOHI117,AJMAN,"HASSAN BIN HAITHAM STREET, AJMAN",06-7432292/8007400,https://www.google.com/maps/search/?api=1&query=HASSAN%20BIN%20HAITHAM%20STREET%2C%20AJMAN%2C%20Ajman%2C%20UAE,,,
56,AJM,Ajman,CLINIC,DR RAJEEVANS MEDICAL CENTRE,MOH5717,NEW SANIYA,"NEAR IND. AREA,NEW SANIYA, AJMAN",06-7431330,https://www.google.com/maps/search/?api=1&query=NEAR%20IND.%20AREA%2CNEW%20SANIYA%2C%20AJMAN%2C%20Ajman%2C%20UAE,,,
57,AJM,Ajman,CLINIC,MAX CARE MEDICAL CENTER (S.P.S - L.L.C),MOH-F-1000832,RASHIDIYA 1,"RASHIDIYA 1, NEAR RAWABI MARKET,AJM,UAE",056-4131644,https://www.google.com/maps/search/?api=1&query=RASHIDIYA%201%2C%20NEAR%20RAWABI%20MARKET%2CAJM%2CUAE%2C%20Ajman%2C%20UAE,,,
58,AJM,Ajman,CLINIC,AL BUSTAN MEDICAL CENTER,MOH-F-1000181,JURG,"NEAR LUCKY CENTRE, NEAR CHINA MALL, JURF , AJMAN",06-7488202,https://www.google.com/maps/search/?api=1&query=NEAR%20LUCKY%20CENTRE%2C%20NEAR%20CHINA%20MALL%2C%20JURF%20%2C%20AJMAN%2C%20Ajman%2C%20UAE,,,
59,AJM,Ajman,CLINIC,AL MUBARAK MEDICAL CENTER SPS - LLC,MOH-F-1000861,JURF 1,"PLAT NO 60, UNIT NO 11, JURF 1 INDUSTRIAL AREA NEAR AJMAN FESTIVAL OPPOSITE TO AJMAN NEW PUBLIC MARKET,UAE",06-5248727,https://www.google.com/maps/search/?api=1&query=PLAT%20NO%2060%2C%20UNIT%20NO%2011%2C%20JURF%201%20INDUSTRIAL%20AREA%20NEAR%20AJMAN%20FESTIVAL%20OPPOSITE%20TO%20AJMAN%20NEW%20PUBLIC%20MARKET%2CUAE%2C%20Ajman%2C%20UAE,,,
60,AJM,Ajman,CLINIC,TAHANI MEDICAL CENTER,MOH-F-1000827,RASHIDIA 1,"RASHDIYA 1,AJMAN,UAE",054-4340247,https://www.google.com/maps/search/?api=1&query=RASHDIYA%201%2CAJMAN%2CUAE%2C%20Ajman%2C%20UAE,,,
61,AJM,Ajman,CLINIC,AL MADAR MEDICAL CENTER - L.L.C,MOH-F-1000019,SHEIKH KHALIFA ST,"AL GHUMLASI BLDG, SHEIKH KHALIFA ST.PO BOX 15028 | AJMAN, UAE",06-7412202,https://www.google.com/maps/search/?api=1&query=AL%20GHUMLASI%20BLDG%2C%20SHEIKH%20KHALIFA%20ST.PO%20BOX%2015028%C2%A0%7C%C2%A0AJMAN%2C%20UAE%2C%20Ajman%2C%20UAE,,,
62,AJM,Ajman,CLINIC,VPM INTERNATIONAL HEALTH CARE LLC,MOH-F-1000635,SHEIKH KHALIFA BIN ZAYED ST,EMIRATES NBD BUILDING- GULFA BRIDGE - SHEIKH KHALIFA BIN ZAYED ST - AJMAN,050-6505840,https://www.google.com/maps/search/?api=1&query=EMIRATES%20NBD%20BUILDING-%20GULFA%20BRIDGE%20-%20SHEIKH%20KHALIFA%20BIN%20ZAYED%20ST%20-%20AJMAN%2C%20Ajman%2C%20UAE,,,
63,AJM,Ajman,CLINIC,PESHAWAR MEDICAL CENTER LLC-AJMAN,MOH-F-1000844,LUCKY ROUND ABOUT,"INDUSTRIAL AREA 2, LUCKY ROUND ABOUT LANDMARK: GIFT MART AJMAN, UAE",06-5210982,https://www.google.com/maps/search/?api=1&query=INDUSTRIAL%20AREA%202%2C%20LUCKY%20ROUND%20ABOUT%20LANDMARK%3A%20GIFT%20MART%20AJMAN%2C%20UAE%2C%20Ajman%2C%20UAE,,,
64,AJM,Ajman,CLINIC,BYNOONA MEDICAL CENTER L.L.C (SOLE PROPRIETORSHIP),MOH-F-1000465,NUAIMIYA 2,"NUAIMIYA 2, AJMAN, UAE",06-7430015,https://www.google.com/maps/search/?api=1&query=NUAIMIYA%202%2C%20AJMAN%2C%20UAE%2C%20Ajman%2C%20UAE,,,
65,AJM,Ajman,CLINIC,DOUBLE CARE MEDICAL CENTER L.L.C,MOH-F-1000682,AJMAN,"AL SHOROUQ TOWERS, BLOCK A UNIT 101 - AJMAN, UAE",06-7448822,https://www.google.com/maps/search/?api=1&query=AL%20SHOROUQ%20TOWERS%2C%20BLOCK%20A%20UNIT%20101%20-%20AJMAN%2C%20UAE%2C%20Ajman%2C%20UAE,,,
66,AJM,Ajman,CLINIC,UNITED MEDICAL CENTER LLC,MOH-F-1000909,INDUSTRIAL AREA 2,"MUGHALS BUILDING SHOP NO: 6, INDUSTRIAL AREA 2 AJMAN, UAE",050-2672163,https://www.google.com/maps/search/?api=1&query=MUGHALS%20BUILDING%20SHOP%20NO%3A%206%2C%20INDUSTRIAL%20AREA%202%20AJMAN%2C%20UAE%2C%20Ajman%2C%20UAE,,,
67,AJM,Ajman,CLINIC,AL JURF MEDICAL CENTER,MOH-F-1000125,AL JURF,"FLAT NO:105 & 106 AL JURF BUILDING 3, AJMAN, UAE",06-7499766,https://www.google.com/maps/search/?api=1&query=FLAT%20NO%3A105%20%26%20106%20AL%20JURF%20BUILDING%203%2C%20AJMAN%2C%20UAE%2C%20Ajman%2C%20UAE,,,
68,AJM,Ajman,CLINIC,AL JURF MEDICAL CENTER - BRANCH 01,MOH-F-1000754,"INDUSTRIAL AREA,SANAYA","SHOP 21-20, NEAR EMIRATES GAS SIGNAL, INDUSTRIAL AREA, SANAYA,AJMAN",06-5399414,https://www.google.com/maps/search/?api=1&query=SHOP%2021-20%2C%20NEAR%20EMIRATES%20GAS%20SIGNAL%2C%20INDUSTRIAL%20AREA%2C%20SANAYA%2CAJMAN%2C%20Ajman%2C%20UAE,,,
69,AJM,Ajman,CLINIC,NOOR AL HADAYA MEDICAL CENTER L.L.C,MOH-F-1000926,AL JURF,"ALJURF IND 3, NEXT TO FESCO SUPER MARKET, AJMAN, UAE",06-5208144,https://www.google.com/maps/search/?api=1&query=ALJURF%20IND%203%2C%20NEXT%20TO%20FESCO%20SUPER%20MARKET%2C%20AJMAN%2C%20UAE%2C%20Ajman%2C%20UAE,,,
70,AJM,Ajman,CLINIC,DR JAMEELA CLINIC L.L.C,MOH-F-1000904,RUWAILAH 1,"JAMEELA BUILDING,FLAT NO.2, RUMAILAH1, AL QUDS STREET, AJMAN, UAE",06-7423949,https://www.google.com/maps/search/?api=1&query=JAMEELA%20BUILDING%2CFLAT%20NO.2%2C%20RUMAILAH1%2C%20AL%20QUDS%20STREET%2C%20AJMAN%2C%20UAE%2C%20Ajman%2C%20UAE,,,
71,AJM,Ajman,CLINIC,AL SHAMSI PHARMACY L.L.C,MOH-F-5001311,RUWAILAH 1,"JAMEELA BUILDING,GROUND FLOOR,RUMAILAH1,AL QUDS STREET,AJMAN,UAE",06-7442178,https://www.google.com/maps/search/?api=1&query=JAMEELA%20BUILDING%2CGROUND%20FLOOR%2CRUMAILAH1%2CAL%20QUDS%20STREET%2CAJMAN%2CUAE%2C%20Ajman%2C%20UAE,,,
72,AJM,Ajman,CLINIC,SMART CARE MEDICAL CENTER,MOH-F-1000938,AL JERF INDUSTRIAL 3,"CGHR+2RV - AL JERF INDUSTRIAL 3 - AJMAN, UNITED ARAB EMIRATES",06-5287660,https://www.google.com/maps/search/?api=1&query=CGHR%2B2RV%20-%20AL%20JERF%20INDUSTRIAL%203%20-%20AJMAN%2C%20UNITED%20ARAB%20EMIRATES%2C%20Ajman%2C%20UAE,,,
73,AJM,Ajman,CLINIC,HESSA MEDICAL CLINIC,MOH-F-1000885 ,ABAYA ROUND ABOUT,"OFFICE NO 109, FIRST FLOOR, AL REEM BUILDING, ABAYA ROUND ABOUT, AJMAN, UAE",050-9374461,https://www.google.com/maps/search/?api=1&query=OFFICE%20NO%20109%2C%20FIRST%20FLOOR%2C%20AL%20REEM%20BUILDING%2C%20ABAYA%20ROUND%20ABOUT%2C%20AJMAN%2C%20UAE%2C%20Ajman%2C%20UAE,,,
74,AJM,Ajman,DENTAL,SKIN AND TEETH MEDICAL CENTER -L.L.C,MOH-F-1000333,ALITHIHAD ST,VILLA 36 & 37 - FLAMINGO VILLAS - AL ZORAH - AL ITTHIHAD ST.,06-7444560,https://www.google.com/maps/search/?api=1&query=VILLA%2036%20%26%2037%20-%20FLAMINGO%20VILLAS%20-%20AL%20ZORAH%20-%20AL%20ITTHIHAD%20ST.%2C%20Ajman%2C%20UAE,,,
75,AJM,Ajman,DENTAL,AL DURRA DENTAL CLINIC L.L.C,MOH-F-1000446,LEWARA 2,"FLAT NO.105,LEWARA BUILDING,LEWARA 2,AJMAN,UAE",06-7313544,https://www.google.com/maps/search/?api=1&query=FLAT%20NO.105%2CLEWARA%20BUILDING%2CLEWARA%202%2CAJMAN%2CUAE%2C%20Ajman%2C%20UAE,,,
76,AJM,Ajman,DIAGNOSTIC CENTRE,AL FARABI MEDICAL LABORATORIES L.L.C,MOH-F-1000782,AL NUAIMIA ,"FLAT NO 202 ,SHEIKH KHALIFA BIN ZAYED ST - 2 AL NUAIMIA - AJMAN,UAE",06-5565114,https://www.google.com/maps/search/?api=1&query=FLAT%20NO%20202%20%2CSHEIKH%20KHALIFA%20BIN%20ZAYED%20ST%20-%202%20AL%20NUAIMIA%20-%20AJMAN%2CUAE%2C%20Ajman%2C%20UAE,,,
77,AJM,Ajman,HOSPITAL,SHEIKH KHALIFA  HOSPITAL AJMAN ,MOH-F-0060022,JURF 1,AJMAN-AL JURF 1 - UNIVERSITY STREET,06-7117777,https://www.google.com/maps/search/?api=1&query=AJMAN-AL%20JURF%201%20-%20UNIVERSITY%20STREET%2C%20Ajman%2C%20UAE,,,
78,AJM,Ajman,HOSPITAL,SHEIKH KHALIFA MATERNITY AND PEDIATRIC HOSPITAL AJMAN,MOH-F-0060021,JURF 1,AJMAN-AL JURF 1 - UNIVERSITY STREET,06-711 7777,https://www.google.com/maps/search/?api=1&query=AJMAN-AL%20JURF%201%20-%20UNIVERSITY%20STREET%2C%20Ajman%2C%20UAE,,,
79,AJM,Ajman,HOSPITAL,RASHID CENTER FOR DIABETES AND RESEARCH,MOH-F-0060020,JURF 1,AJMAN-AL JURF 1 - UNIVERSITY STREET,06-7117777,https://www.google.com/maps/search/?api=1&query=AJMAN-AL%20JURF%201%20-%20UNIVERSITY%20STREET%2C%20Ajman%2C%20UAE,,,
80,AJM,Ajman,HOSPITAL,SHEIKH KHALIFA HOSPITAL MASFOUT AJMAN,MOH-F-0060019,MASFOUT,AJMAN / MASFOUT,04-8099999,https://www.google.com/maps/search/?api=1&query=AJMAN%20/%20MASFOUT%2C%20Ajman%2C%20UAE,,,
81,AJM,Ajman,HOSPITAL,AMINA HOSPITAL,MOH-F-1000509,SAWAN,"AL QUDS STREET, SAWAN AJMAN",06-7114444,https://www.google.com/maps/search/?api=1&query=AL%20QUDS%20STREET%2C%20SAWAN%20AJMAN%2C%20Ajman%2C%20UAE,,,
82,AJM,Ajman,PHARMACY,FIRST DEAR HEALTH PHARMACY,MOH-F-5000956,RASHIDIYA 3,"FAYEZ ABUTAHA BUILDING, RASHIDIYA 3,AJMAN,UAE",06-7413322,https://www.google.com/maps/search/?api=1&query=FAYEZ%20ABUTAHA%20BUILDING%2C%20RASHIDIYA%203%2CAJMAN%2CUAE%2C%20Ajman%2C%20UAE,,,
83,AJM,Ajman,PHARMACY,SHIFA ALJZEERAH CENTRE PHARMACY - L.L.C - BRANCH 01,MOH-F-5001039,JURF 1," OPPOSITE TO LUCKY CENTRE, JURF-1, INDUSTRIAL AREA-3, AJMAN, U.A.E",06-7677511,https://www.google.com/maps/search/?api=1&query=OPPOSITE%20TO%20LUCKY%20CENTRE%2C%20JURF-1%2C%20INDUSTRIAL%20AREA-3%2C%20AJMAN%2C%20U.A.E%2C%20Ajman%2C%20UAE,,,
84,AJM,Ajman,PHARMACY,SHIFA AL JAZEERAH CENTRE PHARMACY LLC,MOH-F-5000760,AJMAN,"MUHDDA BUILDING, SHOPE NO. 2, NEAR NEST HYPERMARKET, NEW SANAYA, IND. AREA - 2, AJMAN - U A E.",06-7444830,https://www.google.com/maps/search/?api=1&query=MUHDDA%20BUILDING%2C%20SHOPE%20NO.%202%2C%20NEAR%20NEST%20HYPERMARKET%2C%20NEW%20SANAYA%2C%20IND.%20AREA%20-%202%2C%20AJMAN%20-%20U%20A%20E.%2C%20Ajman%2C%20UAE,,,
85,AJM,Ajman,PHARMACY,SHEIKH KHALIFA HOSPITAL PHARMACY - AJMAN,MOH-F-5000754,AL JURF 1,AJMAN-AL JURF 1 - UNIVERSITY STREET,06-7117777,https://www.google.com/maps/search/?api=1&query=AJMAN-AL%20JURF%201%20-%20UNIVERSITY%20STREET%2C%20Ajman%2C%20UAE,,,
86,AJM,Ajman,PHARMACY,SHEIKH KHALIFA MATERNITY AND PEDIATRIC HOSPITAL PHARMACY AJMAN,MOH-F-5000752,AL JURF 1,AJMAN-AL JURF 1 - UNIVERSITY STREET,06-7117777,https://www.google.com/maps/search/?api=1&query=AJMAN-AL%20JURF%201%20-%20UNIVERSITY%20STREET%2C%20Ajman%2C%20UAE,,,
87,AJM,Ajman,PHARMACY,RASHID CENTER FOR DIABETES AND RESEARCH PHARMACY,MOH-F-5000753,AL JURF 1,AJMAN-AL JURF 1 - UNIVERSITY STREET,06-7117777,https://www.google.com/maps/search/?api=1&query=AJMAN-AL%20JURF%201%20-%20UNIVERSITY%20STREET%2C%20Ajman%2C%20UAE,,,
88,AJM,Ajman,PHARMACY,SHEIKH KHALIFA HOSPITAL MASFOUT PHARMACY AJMAN,MOH-F-5000755,MASFOUT,MASFOUT - AJMAN,04-8099999,https://www.google.com/maps/search/?api=1&query=MASFOUT%20-%20AJMAN%2C%20Ajman%2C%20UAE,,,
89,AJM,Ajman,PHARMACY,AL SANAIYA PHARMACY L.L.C,MOH-F-5000960,JURF,"PO BOX- 3484, SHOP NO 8 & 9, GROUND FLOOR, AL JARF, SHEIKH AMMAR BIN HUMAID STREET, JURF  IND AREA 1",04-3335502/8007400,https://www.google.com/maps/search/?api=1&query=PO%20BOX-%203484%2C%20SHOP%20NO%208%20%26%209%2C%20GROUND%20FLOOR%2C%20AL%20JARF%2C%20SHEIKH%20AMMAR%20BIN%20HUMAID%20STREET%2C%20JURF%20%20IND%20AREA%201%2C%20Ajman%2C%20UAE,,,
90,AJM,Ajman,PHARMACY,RIGHT HEALTH PHARMACY JURF LLC,MOH-F-5000673,JURF,PO BOX 3484 SHOP NO 1 JURF INDUSTRIAL ZONE 2 - AJMAN,06-7494969/8007400,https://www.google.com/maps/search/?api=1&query=PO%20BOX%203484%20SHOP%20NO%201%20JURF%20INDUSTRIAL%20ZONE%202%20-%20AJMAN%2C%20Ajman%2C%20UAE,,,
91,AJM,Ajman,PHARMACY,RIGHT HEALTH PHARMACY JURF2,MOH-F-5000773,JURF,PO BOX 3484 SHOP NO 2 JURF INDUSTRIAL ZONE 2 - AJMAN,06-7404141/8007400,https://www.google.com/maps/search/?api=1&query=PO%20BOX%203484%20SHOP%20NO%202%20JURF%20INDUSTRIAL%20ZONE%202%20-%20AJMAN%2C%20Ajman%2C%20UAE,,,
92,AJM,Ajman,PHARMACY,NEW SANAIYA PHARMACY - AJMAN,MOH-F-5000250,AJMAN,HASSAN BIN HAITHAM ST - AJMAN,06-7434034/8007400,https://www.google.com/maps/search/?api=1&query=HASSAN%20BIN%20HAITHAM%20ST%20-%20AJMAN%2C%20Ajman%2C%20UAE,,,
93,AJM,Ajman,PHARMACY,RELIEF PHARMACY LLC,MOH-F-5001060,AL NAKHIL 2,"G8, A BLOCK, AL DIWAN TOWER, SHEIKH RASHID BIN HUMEED ST. AL NAKHIL 2, AJMAN, UAE",06-7483030,https://www.google.com/maps/search/?api=1&query=G8%2C%20A%20BLOCK%2C%20AL%20DIWAN%20TOWER%2C%20SHEIKH%20RASHID%20BIN%20HUMEED%20ST.%20AL%20NAKHIL%202%2C%20AJMAN%2C%20UAE%2C%20Ajman%2C%20UAE,,,
94,AJM,Ajman,PHARMACY,AL RAFI PHARMACY LLC,MOH-F-5000612,CHINA DANEM,"RING ROAD,NEAR CHINA DANEM BLDG,SHOP NO 9",06-7432844,https://www.google.com/maps/search/?api=1&query=RING%20ROAD%2CNEAR%20CHINA%20DANEM%20BLDG%2CSHOP%20NO%209%2C%20Ajman%2C%20UAE,,,
95,AJM,Ajman,PHARMACY,OASIS GR-SHAMS PHARMACY,MOH-F-5000348,SANAIYA,"INDUSTRIAL AREA,SANAIYA",06-7484437,https://www.google.com/maps/search/?api=1&query=INDUSTRIAL%20AREA%2CSANAIYA%2C%20Ajman%2C%20UAE,,,
96,AJM,Ajman,PHARMACY,AL ELAJ PHARMACY/L.L.C,MOH-F-5000541,RUMAILA,"AL SHARQ STREET, UNION NATIONAL BANK BUILDING, SHOP NO. 9992 & SHOP NO. 9993, G-FLOOR, RUMAILA 3, AJMAN, UAE",06-747 2601,https://www.google.com/maps/search/?api=1&query=AL%20SHARQ%20STREET%2C%20UNION%20NATIONAL%20BANK%20BUILDING%2C%20SHOP%20NO.%209992%20%26%20SHOP%20NO.%209993%2C%20G-FLOOR%2C%20RUMAILA%203%2C%20AJMAN%2C%20UAE%2C%20Ajman%2C%20UAE,,,
97,AJM,Ajman,PHARMACY,AL TALAL PHARMACY LLC,MOH-F-5001055,JURF,"JURF, AJMAN",06-7417450,https://www.google.com/maps/search/?api=1&query=JURF%2C%20AJMAN%2C%20Ajman%2C%20UAE,,,
98,AJM,Ajman,PHARMACY,NEW MEDICAL CENTRE PHARMACY BR-RASHIDIYA - AJMAN,MOH-F-5000783,AJMAN,"NEAR SAFEER HYPERMARKET ,SAMHA PLAZA,OPP AL KHOR TOWER, RASHIDIYA - AJMAN",06-7147600,https://www.google.com/maps/search/?api=1&query=NEAR%20SAFEER%20HYPERMARKET%20%2CSAMHA%20PLAZA%2COPP%20AL%20KHOR%20TOWER%2C%20RASHIDIYA%20-%20AJMAN%2C%20Ajman%2C%20UAE,,,
99,AJM,Ajman,PHARMACY,METRO PHARMACY,MOH-F-5000641,AJMAN,"AL JURF,INDUSTRIAL AREA 3,JEDDAH STREEET",06-7469664,https://www.google.com/maps/search/?api=1&query=AL%20JURF%2CINDUSTRIAL%20AREA%203%2CJEDDAH%20STREEET%2C%20Ajman%2C%20UAE,,,
100,AJM,Ajman,PHARMACY,METRO MEDS PHARMACY,MOH-F-5000110,AL NUAIMIA,AL NUAIMIA,06-7469692,https://www.google.com/maps/search/?api=1&query=AL%20NUAIMIA%2C%20Ajman%2C%20UAE,,,
101,AJM,Ajman,PHARMACY,SABEEL PHARMACY LLC,MOH-F-5000785,AJMAN,"FLAMINGO MALL, AL ZORAH - AJMAN",06-7464842,https://www.google.com/maps/search/?api=1&query=FLAMINGO%20MALL%2C%20AL%20ZORAH%20-%20AJMAN%2C%20Ajman%2C%20UAE,,,
102,AJM,Ajman,PHARMACY,MEDON PHARMACY LLC,MOH-F-5000899,AL HAMIDIYA,"OPP: ADNOC PETROL STATION, SHEIKH AMMAR BIN HUMAID STREET-AL HAMIDIYA-AJMAN",06-7491188,https://www.google.com/maps/search/?api=1&query=OPP%3A%20ADNOC%20PETROL%20STATION%2C%20SHEIKH%20AMMAR%20BIN%20HUMAID%20STREET-AL%20HAMIDIYA-AJMAN%2C%20Ajman%2C%20UAE,,,
103,AJM,Ajman,PHARMACY,GALAXY PHARMACY LLC,MOH-F-5000694,RASHIDEYA,"SHOP NO.3 - HORIZON TOWER D, SHEIKH RASHID BIN ABDUL AZIZ STREET - RASHIDEYA 1, AJMAN PO BOX 4749",06-7441886,https://www.google.com/maps/search/?api=1&query=SHOP%20NO.3%20-%20HORIZON%20TOWER%20D%2C%20SHEIKH%20RASHID%20BIN%20ABDUL%20AZIZ%20STREET%20-%20RASHIDEYA%201%2C%20AJMAN%20PO%20BOX%204749%2C%20Ajman%2C%20UAE,,,
104,AJM,Ajman,PHARMACY,ALQAMAR PHARMACY- L.L.C,MOH-F-5000840,AJMAN,OFFICE NO .2 -MUSCAT STREET - BACK SIDE OF AMINA HOSPITAL - RASHIDEYA 3 - AJMAN - 32088,06-7423061,https://www.google.com/maps/search/?api=1&query=OFFICE%20NO%20.2%20-MUSCAT%20STREET%20-%20BACK%20SIDE%20OF%20AMINA%20HOSPITAL%20-%20RASHIDEYA%203%20-%20AJMAN%20-%2032088%2C%20Ajman%2C%20UAE,,,
105,AJM,Ajman,PHARMACY,MAPLE PHARMACY L.L.C,MOH-F-5000792,AL JURF 3,"ABDUL HAQUE BUILDING,BAHIYA,INDUSTRIAL AREA, AL JURF-3,NEAR BROTHERS STEEL",06-5955921,https://www.google.com/maps/search/?api=1&query=ABDUL%20HAQUE%20BUILDING%2CBAHIYA%2CINDUSTRIAL%20AREA%2C%20AL%20JURF-3%2CNEAR%20BROTHERS%20STEEL%2C%20Ajman%2C%20UAE,,,
106,AJM,Ajman,PHARMACY,RED MAPLE PHARMACY L.L.C,MOH-F-5000910,RAWDA 3,"ABDUL HAQUE BUILDING,FLAT NO:559,AL SALAM STREET,RAWDA-3,AJMAN,UAE",06-5955921,https://www.google.com/maps/search/?api=1&query=ABDUL%20HAQUE%20BUILDING%2CFLAT%20NO%3A559%2CAL%20SALAM%20STREET%2CRAWDA-3%2CAJMAN%2CUAE%2C%20Ajman%2C%20UAE,,,
107,AJM,Ajman,PHARMACY,KHALIDHA PHARMACY L.L.C-AJMAN,MOH-F-5000743,AJMAN,"SHOP NO 5 ,GROUND FLOOR,KHALID BLDG,MOWAIJHAT, AJMAN",06-5442661,https://www.google.com/maps/search/?api=1&query=SHOP%20NO%205%20%2CGROUND%20FLOOR%2CKHALID%20BLDG%2CMOWAIJHAT%2C%20AJMAN%2C%20Ajman%2C%20UAE,,,
108,AJM,Ajman,PHARMACY,AL NUAIMIA PHARMACY,MOH-F-5000330,AL NUAIMIA,AL-NUAIMIA STREET AJMAN,06-7467849,https://www.google.com/maps/search/?api=1&query=AL-NUAIMIA%20STREET%20AJMAN%2C%20Ajman%2C%20UAE,,,
109,AJM,Ajman,PHARMACY,MEDICINE HOME PHARMACY,MOH-F-5000365,AJMAN,AL ZARAH BLDG AL SALLAM ST. MOEHAT ROUND ABOUT NEW INDUSTRIAL AREA AJMAN,06-7485290,https://www.google.com/maps/search/?api=1&query=AL%20ZARAH%20BLDG%20AL%20SALLAM%20ST.%20MOEHAT%20ROUND%20ABOUT%20NEW%20INDUSTRIAL%20AREA%20AJMAN%2C%20Ajman%2C%20UAE,,,
110,AJM,Ajman,PHARMACY,AL ENAYA PHARMACY LLC,MOH-F-5000363,RAWDA STREET,"G-FLOOR, RAWDHA-3, 299, SHEIKH ZAYED ROAD, AJMAN",06-7492212,https://www.google.com/maps/search/?api=1&query=G-FLOOR%2C%20RAWDHA-3%2C%20299%2C%20SHEIKH%20ZAYED%20ROAD%2C%20AJMAN%2C%20Ajman%2C%20UAE,,,
111,AJM,Ajman,PHARMACY,FIRSTAID PHARMACY LLC,MOH-F-5000731,JURF,"OPPOSITE MAPLE HOME LINEN INDUSTRY AND BLUE SUPERMARKET,BEHIND CHINA MALL,JURF- INDUSTRIAL AREA-4",06 7446752,https://www.google.com/maps/search/?api=1&query=OPPOSITE%20MAPLE%20HOME%20LINEN%20INDUSTRY%20AND%20BLUE%20SUPERMARKET%2CBEHIND%20CHINA%20MALL%2CJURF-%20INDUSTRIAL%20AREA-4%2C%20Ajman%2C%20UAE,,,
112,AJM,Ajman,PHARMACY,DAJLA PHARMACY,MOH-F-5000351,NUAIMIA,"AL NASSER BUILDING,OPP SHARJA COOPERATIVE, NEAR AJMAN TV BUILDING, NUAIMIA, AJMAN. PO BOX: 42789",06-7466704,https://www.google.com/maps/search/?api=1&query=AL%20NASSER%20BUILDING%2COPP%20SHARJA%20COOPERATIVE%2C%20NEAR%20AJMAN%20TV%20BUILDING%2C%20NUAIMIA%2C%20AJMAN.%20PO%20BOX%3A%2042789%2C%20Ajman%2C%20UAE,,,
113,AJM,Ajman,PHARMACY,AL NAJEM PHARMACY,MOH-F-5000722,INDUSTRIAL AREA 2,"INDUSTRIAL 2, AJMAN",06-7468070,https://www.google.com/maps/search/?api=1&query=INDUSTRIAL%202%2C%20AJMAN%2C%20Ajman%2C%20UAE,,,
114,AJM,Ajman,PHARMACY,EVE PHARMACY LLC,MOH-F-5000849,AL JURF 2,J1 BUILDING SHOP NO:1 GARDEN CITY AL JURF 2 AJMAN,06-7319825,https://www.google.com/maps/search/?api=1&query=J1%20BUILDING%20SHOP%20NO%3A1%20GARDEN%20CITY%20AL%20JURF%202%20AJMAN%2C%20Ajman%2C%20UAE,,,
115,AJM,Ajman,PHARMACY,ELAJ MEDICAL CENTRE PHAMARCY -AJM,MOH-F-5000884,AJMAN,"RUMAILAH 3 AREA ,OPPOSITE AJMAN ONE TOWER ,SHEIKH RASHID BIN HUMAID ROAD AJMAN",06-7466300,https://www.google.com/maps/search/?api=1&query=RUMAILAH%203%20AREA%20%2COPPOSITE%20AJMAN%20ONE%20TOWER%20%2CSHEIKH%20RASHID%20BIN%20HUMAID%20ROAD%20AJMAN%2C%20Ajman%2C%20UAE,,,
116,AJM,Ajman,PHARMACY,ELAJ MEDICAL CENTRE PHARMACY L.L.C 01,MOH-F-5000968,AL NUAIMIA 2,"37 COLLEGE ST - AL NUAIMIYA 2, AJMAN, UAE",06-7488808,https://www.google.com/maps/search/?api=1&query=37%20COLLEGE%20ST%20-%20AL%20NUAIMIYA%202%2C%20AJMAN%2C%20UAE%2C%20Ajman%2C%20UAE,,,
117,AJM,Ajman,PHARMACY,AL HEKMAH PHARMACY,MOH-F-5000020,AJMAN,"KUWAIT ST., NAUMIYA ROAD, AJMAN",06-7466689,https://www.google.com/maps/search/?api=1&query=KUWAIT%20ST.%2C%20NAUMIYA%20ROAD%2C%20AJMAN%2C%20Ajman%2C%20UAE,,,
118,AJM,Ajman,PHARMACY,AURA PHARMACY L.LC,MOH-F-5000887,JURF  2,"RAINBOW BUILDING, JURF 2 AJMAN, BEHIND CIVIL DEFENSE, AJMAN, UAE",06-7794914,https://www.google.com/maps/search/?api=1&query=RAINBOW%20BUILDING%2C%20JURF%202%20AJMAN%2C%20BEHIND%20CIVIL%20DEFENSE%2C%20AJMAN%2C%20UAE%2C%20Ajman%2C%20UAE,,,
119,AJM,Ajman,PHARMACY,ASTER NEW GRAND (NEW GRAND PHARMACY),MOH-F-5000177,ALAIN,"AL NUAIMIYAH, KING FAISAL ROAD, AJMAN",06-7412588,https://www.google.com/maps/search/?api=1&query=AL%20NUAIMIYAH%2C%20KING%20FAISAL%20ROAD%2C%20AJMAN%2C%20Ajman%2C%20UAE,,,
120,AJM,Ajman,PHARMACY,ASTER GRAND (GRAND PHARMACY),MOH-F-5000093,AJMAN,DANA PLAZA COMPLEX - AJMAN,06-7444840,https://www.google.com/maps/search/?api=1&query=DANA%20PLAZA%20COMPLEX%20-%20AJMAN%2C%20Ajman%2C%20UAE,,,
121,AJM,Ajman,PHARMACY,ASTER AJMAN PHARMACY,MOH-F-5000060,AJMAN,"RASHIDIYA, AJMAN COOPERATIVE SOCIETY, SHOP NO 1",06 7496363,https://www.google.com/maps/search/?api=1&query=RASHIDIYA%2C%20AJMAN%20COOPERATIVE%20SOCIETY%2C%20SHOP%20NO%201%2C%20Ajman%2C%20UAE,,,
122,AJM,Ajman,PHARMACY,ASTER MEDICOM-18 (AL ALAM PHARMACY),MOH-F-5000164,AJMAN,"SAFEER MALL, AJMAN",06-7464665,https://www.google.com/maps/search/?api=1&query=SAFEER%20MALL%2C%20AJMAN%2C%20Ajman%2C%20UAE,,,
123,AJM,Ajman,PHARMACY,MEDICOM 27 PHARMACY,MOH-F-5000246,AJMAN,"SHOP NO.1, ABDULLAH ABU SHIHAB BUILDING, SHEIKH KALEEFA STREET",06-7412013,https://www.google.com/maps/search/?api=1&query=SHOP%20NO.1%2C%20ABDULLAH%20ABU%20SHIHAB%20BUILDING%2C%20SHEIKH%20KALEEFA%20STREET%2C%20Ajman%2C%20UAE,,,
124,AJM,Ajman,PHARMACY,ASTER PHARMACY 163 BR OF ASTER PHARMACIES GROUP LLC,MOH-F-5000891,AJMAN,"SHOP NO.7, NESTO HYPERMARKET, AL IMAM AL SHAFEE STREET, HAMIDIYA 1, HAMIDIYA, AJMAN",06-5461823,https://www.google.com/maps/search/?api=1&query=SHOP%20NO.7%2C%20NESTO%20HYPERMARKET%2C%20AL%20IMAM%20AL%20SHAFEE%20STREET%2C%20HAMIDIYA%201%2C%20HAMIDIYA%2C%20AJMAN%2C%20Ajman%2C%20UAE,,,
125,AJM,Ajman,PHARMACY,ASTER PHARMACY 154 (BR OF ASTER PHARMACIES GROUP LLC),MOH-F-5000864,RUMAILA 3,"AL AQAR TOWER 3, SHOP NO -27, RUMAILA-3, AJMAN CORNICH, AJMAN",06-7314840,https://www.google.com/maps/search/?api=1&query=AL%20AQAR%20TOWER%203%2C%20SHOP%20NO%20-27%2C%20RUMAILA-3%2C%20AJMAN%20CORNICH%2C%20AJMAN%2C%20Ajman%2C%20UAE,,,
126,AJM,Ajman,PHARMACY,ASTER PHARMACY 159,MOH-F-5000872,RASHIDEYA,"SHOP NO.5, AL MANAR TOWER, OPPOSITE HYUNDAI SHOWROOM, CORNICHE ROAD, RASHIDEYA",06-7453226,https://www.google.com/maps/search/?api=1&query=SHOP%20NO.5%2C%20AL%20MANAR%20TOWER%2C%20OPPOSITE%20HYUNDAI%20SHOWROOM%2C%20CORNICHE%20ROAD%2C%20RASHIDEYA%2C%20Ajman%2C%20UAE,,,
127,AJM,Ajman,PHARMACY,AL KHALEEJ PHARMACY,MOH-F-5000024,AJMAN,"AL QUDS BUILDING, NEAR ENBD BANK AJMAN, AL QUDS STREET, AJMAN",06-7444189,https://www.google.com/maps/search/?api=1&query=AL%20QUDS%20BUILDING%2C%20NEAR%20ENBD%20BANK%20AJMAN%2C%20AL%20QUDS%20STREET%2C%20AJMAN%2C%20Ajman%2C%20UAE,,,
128,AJM,Ajman,PHARMACY,EMIRATES PHARMACY,MOH-F-5000085,AL BUSTAN,"CITY MART BUILDING, OPP-KUWAIT HOSPITAL, LULU HYPER MARKET, KUWAITE HOSPITAL STREET, AL BUSTAN, AJMAN",06-7474900,https://www.google.com/maps/search/?api=1&query=CITY%20MART%20BUILDING%2C%20OPP-KUWAIT%20HOSPITAL%2C%20LULU%20HYPER%20MARKET%2C%20KUWAITE%20HOSPITAL%20STREET%2C%20AL%20BUSTAN%2C%20AJMAN%2C%20Ajman%2C%20UAE,,,
129,AJM,Ajman,PHARMACY,AL SHIFA PHARMACY,MOH-F-5000049,AJMAN,"NEW INDUSTRIAL AREA AL ZAHRA AJMAN, AL ZAHRA, AJMAN",06-7481477,https://www.google.com/maps/search/?api=1&query=NEW%20INDUSTRIAL%20AREA%20AL%20ZAHRA%20AJMAN%2C%20AL%20ZAHRA%2C%20AJMAN%2C%20Ajman%2C%20UAE,,,
130,AJM,Ajman,PHARMACY,ARABIAN PHARMACY,MOH-F-5000058,AL JURF,"CANADIAN BUILDING, NEAR AJMAN TARAFFIC & LICENSING DEPARTMENT, AL JURF, AJMAN",06-7417887,https://www.google.com/maps/search/?api=1&query=CANADIAN%20BUILDING%2C%20NEAR%20AJMAN%20TARAFFIC%20%26%20LICENSING%20DEPARTMENT%2C%20AL%20JURF%2C%20AJMAN%2C%20Ajman%2C%20UAE,,,
131,AJM,Ajman,PHARMACY,GRAND EMIRATES PHARMACY,MOH-F-5000352,AL JURF,"NEAR AMINA MEDICAL CENTRE,AL JURF, AJMAN",06-7479711,https://www.google.com/maps/search/?api=1&query=NEAR%20AMINA%20MEDICAL%20CENTRE%2CAL%20JURF%2C%20AJMAN%2C%20Ajman%2C%20UAE,,,
132,AJM,Ajman,PHARMACY,AMINA HOSPITAL PHARMACY,MOH-F-5000548,QUDS STREET,"AL QUDS STREET, SAWAN AJMAN",06-67114444,https://www.google.com/maps/search/?api=1&query=AL%20QUDS%20STREET%2C%20SAWAN%20AJMAN%2C%20Ajman%2C%20UAE,,,
133,AJM,Ajman,PHARMACY,AL NEEM PHARMACY L.L.C(AJMAN),MOH-F-5000393,AMMAR STREET,"SUBWAY BUILDING, SHK AMMAR STREET",06-7488207,https://www.google.com/maps/search/?api=1&query=SUBWAY%20BUILDING%2C%20SHK%20AMMAR%20STREET%2C%20Ajman%2C%20UAE,,,
134,AJM,Ajman,PHARMACY,MAWJOOD PHARMACY L.L.C(AL NEEM GROUP),MOH-F-5000487,AL QUDS STREET,"AYISHA MAHMOOD BUILDING, AL QUDS STREET",06-7429030,https://www.google.com/maps/search/?api=1&query=AYISHA%20MAHMOOD%20BUILDING%2C%20AL%20QUDS%20STREET%2C%20Ajman%2C%20UAE,,,
135,AJM,Ajman,PHARMACY,TOPCARE PHARMACY AL JADEEDA L.L.C,MOH-F-5000812,AJMAN,HAMAD ABDULLA SAEED BIN ALI,06-7317277,https://www.google.com/maps/search/?api=1&query=HAMAD%20ABDULLA%20SAEED%20BIN%20ALI%2C%20Ajman%2C%20UAE,,,
136,AJM,Ajman,PHARMACY,AL ABRAR PHARMACY LLC,MOH-F-5000838,AJMAN,"EMIRATES CITY ,AJMAN",06-7443741,https://www.google.com/maps/search/?api=1&query=EMIRATES%20CITY%20%2CAJMAN%2C%20Ajman%2C%20UAE,,,
137,AJM,Ajman,PHARMACY,TOP CARE PLUS PHARMACY LLC,MOH-F-5000927,JURF,"JURF 1, INDUSTRIAL -1",052-5922433,https://www.google.com/maps/search/?api=1&query=JURF%201%2C%20INDUSTRIAL%20-1%2C%20Ajman%2C%20UAE,,,
138,AJM,Ajman,PHARMACY,BAIT AL NEEM PHARMACY LLC,MOH-F-5000997,AL RAWDA,"SHIEKH AMMAR STREET, AL RAWDA- 3",06-5454019,https://www.google.com/maps/search/?api=1&query=SHIEKH%20AMMAR%20STREET%2C%20AL%20RAWDA-%203%2C%20Ajman%2C%20UAE,,,
139,AJM,Ajman,PHARMACY,AL ZAMAN PHARMACY L.L.C(AL NEEM GROUP),MOH-F-5000550,AMMAR STREET,"AL ZAMAN BUILDING, SHK AMMAR STREET",06-7487272,https://www.google.com/maps/search/?api=1&query=AL%20ZAMAN%20BUILDING%2C%20SHK%20AMMAR%20STREET%2C%20Ajman%2C%20UAE,,,
140,AJM,Ajman,PHARMACY,AL HEMAYA PHARMACY,MOH-F-5000561,AL JURF 1,"SHOP NO 7 ,AL JURF INSUDTRAIL ZONE 1, NEAR LULU EXCHANGE,AJMAN",06-7487251,https://www.google.com/maps/search/?api=1&query=SHOP%20NO%207%20%2CAL%20JURF%20INSUDTRAIL%20ZONE%201%2C%20NEAR%20LULU%20EXCHANGE%2CAJMAN%2C%20Ajman%2C%20UAE,,,
141,AJM,Ajman,PHARMACY,AL SAQER PHARMACY L.L.C,MOH-F-5000335,AJMAN,"MUSALLA SOUQ, AJMAN",06-7488329,https://www.google.com/maps/search/?api=1&query=MUSALLA%20SOUQ%2C%20AJMAN%2C%20Ajman%2C%20UAE,,,
142,AJM,Ajman,PHARMACY,AL AIN PHARMACY CENTER L.L.C,MOH-F-5000664,AJMAN,"AL AIN MARKET BUILDING,NUAIMIA 1,AJMAN",06-67442542,https://www.google.com/maps/search/?api=1&query=AL%20AIN%20MARKET%20BUILDING%2CNUAIMIA%201%2CAJMAN%2C%20Ajman%2C%20UAE,,,
143,AJM,Ajman,PHARMACY,NORTHERN AL AHLIAH PHARMACY,MOH-F-5000902,AL BUSTAN,"AL WAKF BLDG., BEHIND AJMAN GENERAL POST OFFICE & NBAD, AL BUSTAN",06-7401876,https://www.google.com/maps/search/?api=1&query=AL%20WAKF%20BLDG.%2C%20BEHIND%20AJMAN%20GENERAL%20POST%20OFFICE%20%26%20NBAD%2C%20AL%20BUSTAN%2C%20Ajman%2C%20UAE,,,
144,AJM,Ajman,PHARMACY,PHARMACY AHALIA,MOH-F-5000811,AL ITTIHAD STREET,"NEAR EMIRATES MARKET, ASYAD TOWER, AL ITTIHAD STREET",06-7679587,https://www.google.com/maps/search/?api=1&query=NEAR%20EMIRATES%20MARKET%2C%20ASYAD%20TOWER%2C%20AL%20ITTIHAD%20STREET%2C%20Ajman%2C%20UAE,,,
145,AJM,Ajman,PHARMACY,ACCESS PHARMACY- AJMAN,MOH-F-5000401,AJMAN,"HARAMAIN SOUK,NEW INDUSTRIAL AREA, NEAR TO EMIRATES GAS",06-7462011,https://www.google.com/maps/search/?api=1&query=HARAMAIN%20SOUK%2CNEW%20INDUSTRIAL%20AREA%2C%20NEAR%20TO%20EMIRATES%20GAS%2C%20Ajman%2C%20UAE,,,
146,AJM,Ajman,PHARMACY,JABAL SINA PHARMACY LLC,MOH-F-5000915,AJMAN,"GROUND FLOOR ESCAPE TOWER,AJMAN,UNITED ARAB EMIRATES",06-740 2255,https://www.google.com/maps/search/?api=1&query=GROUND%20FLOOR%20ESCAPE%20TOWER%2CAJMAN%2CUNITED%20ARAB%20EMIRATES%2C%20Ajman%2C%20UAE,,,
147,AJM,Ajman,PHARMACY,AL NAHRAIN PHARMACY LLC,MOH-F-5000525,AL NUAIMIA 2,"AL NUAIMIA 2,AJMAN,UAE",06-7499802,https://www.google.com/maps/search/?api=1&query=AL%20NUAIMIA%202%2CAJMAN%2CUAE%2C%20Ajman%2C%20UAE,,,
148,AJM,Ajman,PHARMACY,AL NAHRAIN PHARMACY 1 LLC,MOH-F-5001147,AL HELIO 2,"AL HELIO 2, HELIO 2,AJMAN,UAE",06-7449207,https://www.google.com/maps/search/?api=1&query=AL%20HELIO%202%2C%20HELIO%202%2CAJMAN%2CUAE%2C%20Ajman%2C%20UAE,,,
149,AJM,Ajman,PHARMACY,DEAR HEALTH PHARMACY,MOH-F-5000503,RASHIDIYA 3,"AL SWAN TOWER, RASHIDIYA 3,AJMAN,UAE",06-7413366,https://www.google.com/maps/search/?api=1&query=AL%20SWAN%20TOWER%2C%20RASHIDIYA%203%2CAJMAN%2CUAE%2C%20Ajman%2C%20UAE,,,
150,AJM,Ajman,PHARMACY,AIWA PHARMACY LLC,MOH-F-5000742,RASHIDEYA 3 ,"PLOT NO. 2 UNIT 2 GROUND FLOOR ,AJMAN CITY CENTRE SECTOR RASHIDEYA 3 NEAR KM TRADING LLC AJMAN, UAE",06-744 5575,https://www.google.com/maps/search/?api=1&query=PLOT%20NO.%202%20UNIT%202%20GROUND%20FLOOR%20%2CAJMAN%20CITY%20CENTRE%20SECTOR%20RASHIDEYA%203%20NEAR%20KM%20TRADING%20LLC%20AJMAN%2C%20UAE%2C%20Ajman%2C%20UAE,,,
151,AJM,Ajman,PHARMACY,MODERN PHARMACY L.L.C (SOLE PROPRIETORSHIP)-BRANCH 01,MOH-F-5000578,SHEIKH MAKTOUM BIN RASHID ST,"SHEIKH MAKTOUM BIN RASHID ST. – AJMAN,UAE,BUILDING NAME-AL KENZ HYPER MARKET,CITY-HAMIDIYASTATE-AJMAN
",06-7450792,https://www.google.com/maps/search/?api=1&query=SHEIKH%20MAKTOUM%20BIN%20RASHID%20ST.%20%E2%80%93%20AJMAN%2CUAE%2CBUILDING%20NAME-AL%20KENZ%20HYPER%20MARKET%2CCITY-HAMIDIYASTATE-AJMAN%2C%20Ajman%2C%20UAE,,,
152,AJM,Ajman,PHARMACY,MODERN PHARMACY L.L.C (SOLE PROPRIETORSHIP) -BRANCH 02,MOH-F-5000496,NUAIMIYA-1,"SHARA SHEIKH SAYEED ROAD,NEAR ROYAL FURNITURE,NUAIMIYA-1,P.O BOX #4184,AJMAN,UAE
",06-7051594,https://www.google.com/maps/search/?api=1&query=SHARA%20SHEIKH%20SAYEED%20ROAD%2CNEAR%20ROYAL%20FURNITURE%2CNUAIMIYA-1%2CP.O%20BOX%20%234184%2CAJMAN%2CUAE%2C%20Ajman%2C%20UAE,,,
153,AJM,Ajman,PHARMACY,MODERN PHARMACY L.L.C (SOLE PROPRIETORSHIP) -BRANCH 04,MOH-F-5000497,BADER STREET,"AL SIWAN,AL ITTIHAD BUILDING(PREVIOUSLY HUMAN APPEAL BUILDING),BADER STREET,P.O BOX #4184,AJMAN,UAE
",06 7790387,https://www.google.com/maps/search/?api=1&query=AL%20SIWAN%2CAL%20ITTIHAD%20BUILDING%28PREVIOUSLY%20HUMAN%20APPEAL%20BUILDING%29%2CBADER%20STREET%2CP.O%20BOX%20%234184%2CAJMAN%2CUAE%2C%20Ajman%2C%20UAE,,,
154,AJM,Ajman,PHARMACY,MODERN PHARMACY L.L.C (SOLE PROPRIETORSHIP) -BRANCH-06,MOH-F-5000495,AL NAKHEEL 1,"UMMAR IBNU AL KHATHAB ROAD,AL NAKHEEL AREA-NEAR CHAMBER OF COMMERCE,AL NAKHEEL 1,P.O BOX #4184,AJMAN,UAE
",06-7470701,https://www.google.com/maps/search/?api=1&query=UMMAR%20IBNU%20AL%20KHATHAB%20ROAD%2CAL%20NAKHEEL%20AREA-NEAR%20CHAMBER%20OF%20COMMERCE%2CAL%20NAKHEEL%201%2CP.O%20BOX%20%234184%2CAJMAN%2CUAE%2C%20Ajman%2C%20UAE,,,
155,AJM,Ajman,PHARMACY,MODERN PHARMACY LLC,MOH-F-5000115,AL JURF 2,"AL JURF, AL JURF 2, AL ITTIHAD ST,AJMAN CITY CENTER,PO BOX-  20781,UAE
",06-748006,https://www.google.com/maps/search/?api=1&query=AL%20JURF%2C%20AL%20JURF%202%2C%20AL%20ITTIHAD%20ST%2CAJMAN%20CITY%20CENTER%2CPO%20BOX-%20%2020781%2CUAE%2C%20Ajman%2C%20UAE,,,
156,AJM,Ajman,PHARMACY,AL SEHA PHARMACY LLC,MOH-F-5000705,AL QUDS STREET,"IBRAHIM KHALIFA BUILDING,AL QUDS STREET,GROUND FLOOR,SHOP NO 9 AJMAN",06-7457887,https://www.google.com/maps/search/?api=1&query=IBRAHIM%20KHALIFA%20BUILDING%2CAL%20QUDS%20STREET%2CGROUND%20FLOOR%2CSHOP%20NO%209%20AJMAN%2C%20Ajman%2C%20UAE,,,
157,AJM,Ajman,PHARMACY,ALYA PHARMACY LLC,MOH-F-5000704,NEXT TO GIFT WAY,"HALA MEDICAL CENTER, NEXT TO GIFT WAY AJMAN",056-1360636,https://www.google.com/maps/search/?api=1&query=HALA%20MEDICAL%20CENTER%2C%20NEXT%20TO%20GIFT%20WAY%20AJMAN%2C%20Ajman%2C%20UAE,,,
158,AJM,Ajman,PHARMACY,AL OMAIR PHARMACY LLC,MOH-F-5000716, LIWARA 2,"SHOP 4, LIWARA 2, AJMAN",056-3290848,https://www.google.com/maps/search/?api=1&query=SHOP%204%2C%20LIWARA%202%2C%20AJMAN%2C%20Ajman%2C%20UAE,,,
159,AJM,Ajman,PHARMACY,ORIANA PHARMACY,MOH-F-5001058,AL JURF ,AL JURF INDUSTRIAL 1 - AJMAN,06-5918889,https://www.google.com/maps/search/?api=1&query=AL%20JURF%20INDUSTRIAL%201%20-%20AJMAN%2C%20Ajman%2C%20UAE,,,
160,AJM,Ajman,PHARMACY,LANA PHARMACY L.L.C,MOH-F-5001156,SHEIKH AMAR ROAD,"SHEIKH AMAR ROAD, AJMAN",06-557 9567,https://www.google.com/maps/search/?api=1&query=SHEIKH%20AMAR%20ROAD%2C%20AJMAN%2C%20Ajman%2C%20UAE,,,
161,AJM,Ajman,PHARMACY,JANAH PHARMACY LLC,MOH-F-5001159,SHEIKH ZAYES STREET ,"SHEIKH ZAYES STREET , HELIO 2 AJMAN",06-557 9567,https://www.google.com/maps/search/?api=1&query=SHEIKH%20ZAYES%20STREET%20%2C%20HELIO%202%20AJMAN%2C%20Ajman%2C%20UAE,,,
162,AJM,Ajman,PHARMACY,EAZY CARE PHARMACY L.L.C,MOH-F-5001197,MOWAIHAT-3,"MOWAIHAT-3, NEAR ADNOC PETROL STATION ,AJMAN,UAE",06-7458030,https://www.google.com/maps/search/?api=1&query=MOWAIHAT-3%2C%20NEAR%20ADNOC%20PETROL%20STATION%20%2CAJMAN%2CUAE%2C%20Ajman%2C%20UAE,,,
163,AJM,Ajman,PHARMACY,KHALID LALA PHARMACY LLC,MOH1396,AL JURF 2 ,"AL JURF 2 AJMAN,UAE",06-7049528,https://www.google.com/maps/search/?api=1&query=AL%20JURF%202%20AJMAN%2CUAE%2C%20Ajman%2C%20UAE,,,
164,AJM,Ajman,PHARMACY,HEALTH PLUS PHARMACY (S.P.S - L.L.C),MOH-F-5001243,LIWARA 1,"07, PARDEEP DHIRANI, LIWARA 1, AJMAN",06-7459969,https://www.google.com/maps/search/?api=1&query=07%2C%20PARDEEP%20DHIRANI%2C%20LIWARA%201%2C%20AJMAN%2C%20Ajman%2C%20UAE,,,
165,AJM,Ajman,PHARMACY,AL BUSTAN PHARMACY,MOH-F-5000008,JURG,"NEAR LUCKY CENTRE, NEAR CHINA MALL, JURF , AJMAN",06-7447969,https://www.google.com/maps/search/?api=1&query=NEAR%20LUCKY%20CENTRE%2C%20NEAR%20CHINA%20MALL%2C%20JURF%20%2C%20AJMAN%2C%20Ajman%2C%20UAE,,,
166,AJM,Ajman,PHARMACY,SHIFA AL MUBARAK PHARMACY (S.P.S - L.L.C),MOH-F-5001267,JURF 1,"PLAT NO 60, UNIT NO 11, JURF 1 INDUSTRIAL AREA NEAR AJMAN FESTIVAL OPPOSITE TO AJMAN NEW PUBLIC MARKET,UAE",06-5248727,https://www.google.com/maps/search/?api=1&query=PLAT%20NO%2060%2C%20UNIT%20NO%2011%2C%20JURF%201%20INDUSTRIAL%20AREA%20NEAR%20AJMAN%20FESTIVAL%20OPPOSITE%20TO%20AJMAN%20NEW%20PUBLIC%20MARKET%2CUAE%2C%20Ajman%2C%20UAE,,,
167,AJM,Ajman,PHARMACY,PRISTINE PHARMACY LLC,MOH-F-5000888,RASHIDIA 3,NEAR LADIES PARK RASHIDIA-3 AJMAN,06-7497547,https://www.google.com/maps/search/?api=1&query=NEAR%20LADIES%20PARK%20RASHIDIA-3%20AJMAN%2C%20Ajman%2C%20UAE,,,
168,AJM,Ajman,PHARMACY,PRISTINE PHARMACY LLC-Branch 01,MOH-F-5001285,RASHIDIA 3,"SHOP NO:3,4 NEAR AMINA HOSPITAL QUDS STREET RASHIDIA3 AJMAN",06-5290846,https://www.google.com/maps/search/?api=1&query=SHOP%20NO%3A3%2C4%20NEAR%20AMINA%20HOSPITAL%20QUDS%20STREET%20RASHIDIA3%20AJMAN%2C%20Ajman%2C%20UAE,,,
169,AJM,Ajman,PHARMACY,HEALTH FIRST PHARMACY LLL-SOLE PROPRIETORSHIP-BRANCH 01,MOH-F-5000870,RASHIDEYA,"SHOP NO: 19 & 20,NESTO HYPERMARKET MUSHRIF ,ITTIHAD STREET,RASHIDEYA 1,AJMAN",03-7662131,https://www.google.com/maps/search/?api=1&query=SHOP%20NO%3A%2019%20%26%2020%2CNESTO%20HYPERMARKET%20MUSHRIF%20%2CITTIHAD%20STREET%2CRASHIDEYA%201%2CAJMAN%2C%20Ajman%2C%20UAE,,,
170,AJM,Ajman,PHARMACY,LULU PHARMACY LLC,MOH-F-5000104,LULU AJMAN,"LULU HYPERMARKET, AJMAN, P.O. BOX : 13033, AJMAN ",06-7457771,https://www.google.com/maps/search/?api=1&query=LULU%20HYPERMARKET%2C%20AJMAN%2C%20P.O.%20BOX%20%3A%2013033%2C%20AJMAN%2C%20Ajman%2C%20UAE,,,
171,AJM,Ajman,PHARMACY,AL MAMOORA PHARMACY (S.P.S-L.L.C),MOH-F-5000950,RASHIDIYA 3,"NR DEARHEALTH&AL RAWI CLINIC,SHEIKH RASHID BIN HUMEED STREET,RASHIDIYA 3 AJMAN,UAE",06-7426383,https://www.google.com/maps/search/?api=1&query=NR%20DEARHEALTH%26AL%20RAWI%20CLINIC%2CSHEIKH%20RASHID%20BIN%20HUMEED%20STREET%2CRASHIDIYA%203%20AJMAN%2CUAE%2C%20Ajman%2C%20UAE,,,
172,AJM,Ajman,PHARMACY,SHEIKHA PHARMACY LLC,MOH-F-5001297,JURF 3,"MOOSA SQUARE BUILDING JURF 3, AJMAN, UAE",06-5748865,https://www.google.com/maps/search/?api=1&query=MOOSA%20SQUARE%20BUILDING%20JURF%203%2C%20AJMAN%2C%20UAE%2C%20Ajman%2C%20UAE,,,
173,AJM,Ajman,PHARMACY,UMC PHARMACY L.L.C,MOH-F-5001322,INDUSTRIAL AREA 2," INDUSTRIAL AREA 2 AJMAN,UAE",050-3121656,https://www.google.com/maps/search/?api=1&query=INDUSTRIAL%20AREA%202%20AJMAN%2CUAE%2C%20Ajman%2C%20UAE,,,
174,AJM,Ajman,PHARMACY,RIGHT HEALTH PHARMACY JURF - L.L.C - BRANCH 01, MOH-F-5001341,AL RAWDHA MALL,"0879,AL RAWDHA MALL,MOHWAIHAT 1,RAWDHA MALL,AJMAN,UAEE",06-5233170,https://www.google.com/maps/search/?api=1&query=0879%2CAL%20RAWDHA%20MALL%2CMOHWAIHAT%201%2CRAWDHA%20MALL%2CAJMAN%2CUAEE%2C%20Ajman%2C%20UAE,,,
175,AJM,Ajman,PHARMACY,AL ADIL PHARMACY L.L.C,MOH-F-5000909,SHEIK AMMAR BIN HUMAID ST,"AL ADIL PHARMACY, SHK - SHEIKH AMMAR BIN HUMAID ST - AJMAN, UAE",06-7450755,https://www.google.com/maps/search/?api=1&query=AL%20ADIL%20PHARMACY%2C%20SHK%20-%20SHEIKH%20AMMAR%20BIN%20HUMAID%20ST%20-%20AJMAN%2C%20UAE%2C%20Ajman%2C%20UAE,,,
176,AJM,Ajman,PHARMACY,AL ADIL PHARMACY L.L.C - BRANCH 01,60544,"INDUSTRIAL AREA,SANAYA","SHOP 14, NEAR EMIRATES GAS SIGNAL, INDUSTRIAL AREA, SANAYA,AJMAN",06-5399414,https://www.google.com/maps/search/?api=1&query=SHOP%2014%2C%20NEAR%20EMIRATES%20GAS%20SIGNAL%2C%20INDUSTRIAL%20AREA%2C%20SANAYA%2CAJMAN%2C%20Ajman%2C%20UAE,,,
177,AJM,Ajman,PHARMACY,NOOR AL HADAYA PHARMACY L.L.C,MOH-F-5001331,AL JURF,"ALJURF IND 3, NEXT TO FESCO SUPER MARKET, AJMAN, UAE",06-5208189,https://www.google.com/maps/search/?api=1&query=ALJURF%20IND%203%2C%20NEXT%20TO%20FESCO%20SUPER%20MARKET%2C%20AJMAN%2C%20UAE%2C%20Ajman%2C%20UAE,,,
178,AJM,Ajman,PHARMACY,NEW SMART CARE PHARMACY(S.P.S - L.L.C),MOH-F-5001355,AL JERF INDUSTRIAL 3,CGHR+2RV - AL JERF INDUSTRIAL 3 - AJMAN UNITED ARAB EMIRATES,06-5287660,https://www.google.com/maps/search/?api=1&query=CGHR%2B2RV%20-%20AL%20JERF%20INDUSTRIAL%203%20-%20AJMAN%20UNITED%20ARAB%20EMIRATES%2C%20Ajman%2C%20UAE,,,
179,AJM,Ajman,PHARMACY,800PHARMA1 PHARMACY CO. L.L.C - Branch 01,MOH-F-5001333,YASMEEN,"SHOP NO. 3 - YASMEEN BUILDING, SHEIK MAKTOUM BIN RASHID STREET, YASMEEN, AJMAN",06-5226588,https://www.google.com/maps/search/?api=1&query=SHOP%20NO.%203%20-%20YASMEEN%20BUILDING%2C%20SHEIK%20MAKTOUM%20BIN%20RASHID%20STREET%2C%20YASMEEN%2C%20AJMAN%2C%20Ajman%2C%20UAE,,,
180,AJM,Ajman,PHARMACY,MEDON 24 HOUR PHARMACY CO. L.L.C - Branch 01,MOH-F-5001332,AL HAMIDIYAH 2,"SHOP NO. 11 - AJMAN COOP, AL HAMIDIYAH 2, AJMAN",06-8827884,https://www.google.com/maps/search/?api=1&query=SHOP%20NO.%2011%20-%20AJMAN%20COOP%2C%20AL%20HAMIDIYAH%202%2C%20AJMAN%2C%20Ajman%2C%20UAE,,,
181,ALAIN,Al Ain,CLINIC,ULTRA MEDICAL CENTER,MF4235, AL JIMI MALL,"AL AIN, JIMI ALONG THE NEW SAFA'S PARKING & BEFORE CAREFOUR AL JIMI MALL",03 762 5552,https://www.google.com/maps/search/?api=1&query=AL%20AIN%2C%20JIMI%20ALONG%20THE%20NEW%20SAFA%27S%20PARKING%20%26%20BEFORE%20CAREFOUR%20AL%20JIMI%20MALL%2C%20Ajman%2C%20UAE,,,
182,ALAIN,Al Ain,CLINIC,MUBARAK MEDICAL CENTER - SOLE PROPRIETORSHIP L.L.C.,MF365,OLD IMIGRATION ROAD,"OLD IMIGRATION ROAD, NEAR K.M.TRADE.AL AIN",03-7642978,https://www.google.com/maps/search/?api=1&query=OLD%20IMIGRATION%20ROAD%2C%20NEAR%20K.M.TRADE.AL%20AIN%2C%20Ajman%2C%20UAE,,,
183,ALAIN,Al Ain,CLINIC,AL NOOR MEDICAL CENTRE AL AIN,MF119,MURABBA MAIN STREET,MURABBA MAIN STREET,03-7662072,https://www.google.com/maps/search/?api=1&query=MURABBA%20MAIN%20STREET%2C%20Ajman%2C%20UAE,,,
184,ALAIN,Al Ain,CLINIC,INDEX EYE CENTER - L.L.C(FORMERLY INDEX MEDICAL CENTER L.L.C),MF1799,ALTAWBA,"2ND FLOOR, AL REEM BUILDING, AUD ALTAWBA, AL AIN,ABU DHABI, UAE",03-7513939,https://www.google.com/maps/search/?api=1&query=2ND%20FLOOR%2C%20AL%20REEM%20BUILDING%2C%20AUD%20ALTAWBA%2C%20AL%20AIN%2CABU%20DHABI%2C%20UAE%2C%20Ajman%2C%20UAE,,,
185,ALAIN,Al Ain,CLINIC,AL WAQAR MEDICAL CENTRE,MF666,"MAIN STREET,","MOHD SHERIF ALKHURI BLDNG, VILLA 20, BEHIND BABYMART, MAIN STREET, AL AIN",03-7664521,https://www.google.com/maps/search/?api=1&query=MOHD%20SHERIF%20ALKHURI%20BLDNG%2C%20VILLA%2020%2C%20BEHIND%20BABYMART%2C%20MAIN%20STREET%2C%20AL%20AIN%2C%20Ajman%2C%20UAE,,,
186,ALAIN,Al Ain,CLINIC,FATIMA MEDICAL CENTER L L C,MF1359,KHALIFA STREET,"ABOVE DAMAS BUILDING ,KHALIFA STREET AL IAN",03-7513883,https://www.google.com/maps/search/?api=1&query=ABOVE%20DAMAS%20BUILDING%20%2CKHALIFA%20STREET%20AL%20IAN%2C%20Ajman%2C%20UAE,,,
187,ALAIN,Al Ain,CLINIC,GEMS MEDICAL CLINIC LLC AL AIN-AUH,MF132,TOWN CENTER,"TOWN CENTER ,MAIN STREET .AL AIN",03-7641852,https://www.google.com/maps/search/?api=1&query=TOWN%20CENTER%20%2CMAIN%20STREET%20.AL%20AIN%2C%20Ajman%2C%20UAE,,,
188,ALAIN,Al Ain,CLINIC,MEDLIFE MEDICAL CENTRE LLC-ALAIN,MF3052,ALAIN,"NEAR QURAN STUDY CENTRE, KALIMA HYPERMARKET BUILDING, ",03-7331033,https://www.google.com/maps/search/?api=1&query=NEAR%20QURAN%20STUDY%20CENTRE%2C%20KALIMA%20HYPERMARKET%20BUILDING%2C%2C%20Ajman%2C%20UAE,,,
189,ALAIN,Al Ain,CLINIC,EMIRATES INTERNATIONAL POLYCLINIC SOLE PROPRIETORSHIP LLC,MF1345,TOWN CENTER,"1ST FLOOR, ABOVE SEPHORA, ALNOUD, WADI ALAIN, BAWADI MALL, AL AIN, ABU DHABI. UAE",03-7669888,https://www.google.com/maps/search/?api=1&query=1ST%20FLOOR%2C%20ABOVE%20SEPHORA%2C%20ALNOUD%2C%20WADI%20ALAIN%2C%20BAWADI%20MALL%2C%20AL%20AIN%2C%20ABU%20DHABI.%20UAE%2C%20Ajman%2C%20UAE,,,
190,ALAIN,Al Ain,CLINIC,AL KHAZNA HEALTH MEDICAL CENTER,MF7316,AL KHAZNA 1,"AL KHAZNA 1, AL KHAZNA , AL AIN,UAE",02-5584609,https://www.google.com/maps/search/?api=1&query=AL%20KHAZNA%201%2C%20AL%20KHAZNA%20%2C%20AL%20AIN%2CUAE%2C%20Ajman%2C%20UAE,,,
191,ALAIN,Al Ain,CLINIC,AL FARHAN MEDICAL CENTER,MF105,BANIYAS EAST9,"NEAR SULTAN BAKERY, BANIYAS EAST9 ,ABU DHABI  AL AIN ROAD ",02-5833417,https://www.google.com/maps/search/?api=1&query=NEAR%20SULTAN%20BAKERY%2C%20BANIYAS%20EAST9%20%2CABU%20DHABI%20%20AL%20AIN%20ROAD%2C%20Ajman%2C%20UAE,,,
192,ALAIN,Al Ain,CLINIC,AL AIN ALAHILI MEDICAL CENTRE - L.L.C - S.P.C (FORMERLY AL AIN ALAHILI MEDICAL CENTRE),MF1973,SHABIYA KHALIFA STREET,"SHABIYA KHALIFA STREET, NEAR TO AL HILAL BANK, AL AIN, ABU DHABI. UAE",03-7559990,https://www.google.com/maps/search/?api=1&query=SHABIYA%20KHALIFA%20STREET%2C%20NEAR%20TO%20AL%20HILAL%20BANK%2C%20AL%20AIN%2C%20ABU%20DHABI.%20UAE%2C%20Ajman%2C%20UAE,,,
193,ALAIN,Al Ain,CLINIC,EASTERN ALAHILI MEDICAL CENTER - SOLE PROPRIETORSHIP L.L.C. - BRANCH 1,MF4571, HAMDAN STREET,"OPP HAMDAN CENTER, HAMDAN STREET, HAMDAN",02-4442235,https://www.google.com/maps/search/?api=1&query=OPP%20HAMDAN%20CENTER%2C%20HAMDAN%20STREET%2C%20HAMDAN%2C%20Ajman%2C%20UAE,,,
194,ALAIN,Al Ain,CLINIC,NOOR ALAHLI MEDICAL CENTER L.L.C.,MF4437,SANAYA,"SANAYA, NEAR OLD POLICE STATION, AL AIN",03-7665852,https://www.google.com/maps/search/?api=1&query=SANAYA%2C%20NEAR%20OLD%20POLICE%20STATION%2C%20AL%20AIN%2C%20Ajman%2C%20UAE,,,
195,ALAIN,Al Ain,CLINIC,RAYHAN PRIMARY HEALTHCARE CENTRE - SOLE PROPRIETORSHIP L.L.C,MF7502,"YASEAR STREET, AL MARUBBA","BUILDING 8, YASEAR STREET, AL MARUBBA, CENTRAL DISTRICT, AL AIN,ABU DHABI,UAE",03-7510043,https://www.google.com/maps/search/?api=1&query=BUILDING%208%2C%20YASEAR%20STREET%2C%20AL%20MARUBBA%2C%20CENTRAL%20DISTRICT%2C%20AL%20AIN%2CABU%20DHABI%2CUAE%2C%20Ajman%2C%20UAE,,,
196,ALAIN,Al Ain,CLINIC,AL MAMOON MEDICAL CENTER L.L.C,MF4391,AL MUWAIJI,"AL MUWAIJI, AL AIN",03-7666652,https://www.google.com/maps/search/?api=1&query=AL%20MUWAIJI%2C%20AL%20AIN%2C%20Ajman%2C%20UAE,,,
197,ALAIN,Al Ain,CLINIC,AL MIRAGE MEDICAL CENTER,MF1161,AL AIN SPORT CLUB,"2ND FLOOR, AL AIN SPORT CLUB BUILDING,  NEXT TO AL REEM COMPLEX, AL AIN, UAE.",03-7516774,https://www.google.com/maps/search/?api=1&query=2ND%20FLOOR%2C%20AL%20AIN%20SPORT%20CLUB%20BUILDING%2C%20%20NEXT%20TO%20AL%20REEM%20COMPLEX%2C%20AL%20AIN%2C%20UAE.%2C%20Ajman%2C%20UAE,,,
198,ALAIN,Al Ain,CLINIC,HEALING TOUCH MEDICAL CENTER,MF4813,"ALJIMI, AL AMERIYA","1ST FLOOR, ABOVE AATI LAUNDRY, ALJIMI, AL AMERIYA, PO BOX68001, AL AIN,UAE",03-7850150,https://www.google.com/maps/search/?api=1&query=1ST%20FLOOR%2C%20ABOVE%20AATI%20LAUNDRY%2C%20ALJIMI%2C%20AL%20AMERIYA%2C%20PO%20BOX68001%2C%20AL%20AIN%2CUAE%2C%20Ajman%2C%20UAE,,,
199,ALAIN,Al Ain,CLINIC,AL RANEEN MEDICAL CENTRE LLC,MF1693,ZAYED BIN SULTAN STREET,"M2 FLOOR, LUCKY PLAZA BUILDING, TOWN CENTER, NEAR HAYAT CENTER, ZAYED BIN SULTAN STREET, AL AIN",03-7655602,https://www.google.com/maps/search/?api=1&query=M2%20FLOOR%2C%20LUCKY%20PLAZA%20BUILDING%2C%20TOWN%20CENTER%2C%20NEAR%20HAYAT%20CENTER%2C%20ZAYED%20BIN%20SULTAN%20STREET%2C%20AL%20AIN%2C%20Ajman%2C%20UAE,,,
200,ALAIN,Al Ain,CLINIC,MISSION MEDICAL CENTER,MF4840,SANIYAH ALAIN,"SANIYAH AL AIN,UAE",03-7224188,https://www.google.com/maps/search/?api=1&query=SANIYAH%20AL%20AIN%2CUAE%2C%20Ajman%2C%20UAE,,,
201,ALAIN,Al Ain,CLINIC,AL JIMI MEDICAL POLYCLINICS L.L.C,MF69,ZAYED BIN SULTAN STREET,"ZAYED BIN SULTAN STREET, CENTRAL DISTRICT 539, AL AIN, ABU DHABI, UAE",03-7656269,https://www.google.com/maps/search/?api=1&query=ZAYED%20BIN%20SULTAN%20STREET%2C%20CENTRAL%20DISTRICT%20539%2C%20AL%20AIN%2C%20ABU%20DHABI%2C%20UAE%2C%20Ajman%2C%20UAE,,,
202,ALAIN,Al Ain,CLINIC,AL JIMI MEDICAL POLYCLINICS L.L.C-BRANCH,MF7293,AL NOUD,"AL UQWAN 1st STEET, AL NOUD, SHERIQATH, MAZYED, ALAIN",03-7656269,https://www.google.com/maps/search/?api=1&query=AL%20UQWAN%201st%20STEET%2C%20AL%20NOUD%2C%20SHERIQATH%2C%20MAZYED%2C%20ALAIN%2C%20Ajman%2C%20UAE,,,
203,ALAIN,Al Ain,CLINIC,ALSULTAN ADVANCED MEDICAL CLINICS,MF2124,FALAJ HAZZA ALAIN,"FULL  BUILDING, NEAR ZAYED  EST FOR SPECIAL NEEDS , STREET 70, JAFEER JADEED, FALAJ HAZZA ALAIN",03-7806111,https://www.google.com/maps/search/?api=1&query=FULL%20%20BUILDING%2C%20NEAR%20ZAYED%20%20EST%20FOR%20SPECIAL%20NEEDS%20%2C%20STREET%2070%2C%20JAFEER%20JADEED%2C%20FALAJ%20HAZZA%20ALAIN%2C%20Ajman%2C%20UAE,,,
204,ALAIN,Al Ain,CLINIC,SULTAN MEDICAL CENTRE,MF467, AL AINCENTRAL MARKET,"NEAR COOPERATIVE SOCIETY, AL AINCENTRAL MARKET AL AINCENTRAL MARKET AL AIN",03-7641525,https://www.google.com/maps/search/?api=1&query=NEAR%20COOPERATIVE%20SOCIETY%2C%20AL%20AINCENTRAL%20MARKET%20AL%20AINCENTRAL%20MARKET%20AL%20AIN%2C%20Ajman%2C%20UAE,,,
205,ALAIN,Al Ain,CLINIC,COPE MEDICAL CENTER - SOLE PROPRIETORSHIP L.L.C,MF4985,INDUSTRIAL AREA 34,"FIRST FLOOR, FLAT NO.11, AS SUBH 7 ST INDUSTRIAL AREA,34 AL AIN 30913",03-7543634,https://www.google.com/maps/search/?api=1&query=FIRST%20FLOOR%2C%20FLAT%20NO.11%2C%20AS%20SUBH%207%20ST%20INDUSTRIAL%20AREA%2C34%20AL%20AIN%2030913%2C%20Ajman%2C%20UAE,,,
206,ALAIN,Al Ain,CLINIC,AL FARABI MEDICAL CENTER - L.L.C,MF65,ALMARKANIYYAH,"ROAD 18, AL HABOOY, AL MARKANIYYAH , AL AIN CITY, ABU DHABI, UAE",03-7341950,https://www.google.com/maps/search/?api=1&query=ROAD%2018%2C%20AL%20HABOOY%2C%20AL%20MARKANIYYAH%20%2C%20AL%20AIN%20CITY%2C%20ABU%20DHABI%2C%20UAE%2C%20Ajman%2C%20UAE,,,
207,ALAIN,Al Ain,CLINIC,LENOX MEDICAL AND DENTAL CENTER - L.L.C,MF7572,AL HAYER,"AD COOP BUILDING AL HAYER, ALAIN,ABU DHABI, UAE",03-7343417,https://www.google.com/maps/search/?api=1&query=AD%20COOP%20BUILDING%20AL%20HAYER%2C%20ALAIN%2CABU%20DHABI%2C%20UAE%2C%20Ajman%2C%20UAE,,,
208,ALAIN,Al Ain,CLINIC,DHIYARA MEDICAL CENTER,MF7055,ZAYED IBN SULTAN STREET,"MEZZANINE FLOOR, FLAT NO.1, BUILDING  NO.18 ,SAEED HILALA ABDULLAH AL KUWAITI BUILDING, ZAYED IBN SULTAN STREET, STREET NO.18, HAI AL NAWASER AREA, TOWN CENTER, CENTRAL DISTRICT, AL AIN, UAE",03-7656882,https://www.google.com/maps/search/?api=1&query=MEZZANINE%20FLOOR%2C%20FLAT%20NO.1%2C%20BUILDING%20%20NO.18%20%2CSAEED%20HILALA%20ABDULLAH%20AL%20KUWAITI%20BUILDING%2C%20ZAYED%20IBN%20SULTAN%20STREET%2C%20STREET%20NO.18%2C%20HAI%20AL%20NAWASER%20AREA%2C%20TOWN%20CENTER%2C%20CENTRAL%20DISTRICT%2C%20AL%20AIN%2C%20UAE%2C%20Ajman%2C%20UAE,,,
209,ALAIN,Al Ain,DIAGNOSTIC CENTRE,PROFICIENCY HEALTHCARE DIAGNOSTIC LABORATORIES LLC.-BRANCH 1,MF4012,ZAYED BIN SULTAN STRT,"2ND FLOOR M2, ETIHAD BUILDING,BESIDE ADNOC STATION NEAR CLOCK TOWER JUNCTION, ZAYED BIN SULTAN STREE",03-766 0992,https://www.google.com/maps/search/?api=1&query=2ND%20FLOOR%20M2%2C%20ETIHAD%20BUILDING%2CBESIDE%20ADNOC%20STATION%20NEAR%20CLOCK%20TOWER%20JUNCTION%2C%20ZAYED%20BIN%20SULTAN%20STREE%2C%20Ajman%2C%20UAE,,,
210,ALAIN,Al Ain,DIAGNOSTIC CENTRE,LIFE MEDICAL DIAGNOSTICS LLC - BRANCH,MF7207, SHEIKH KHALIFA BIN ZAYED STREET,"CENTRAL DISTRICT, SHEIKH KHALIFA BIN ZAYED STREET, EMIRATES COMMERCIAL COMPLEX, GROUND FLOOR, AL AIN, ABU DHABI, UAE",600551636,https://www.google.com/maps/search/?api=1&query=CENTRAL%20DISTRICT%2C%20SHEIKH%20KHALIFA%20BIN%20ZAYED%20STREET%2C%20EMIRATES%20COMMERCIAL%20COMPLEX%2C%20GROUND%20FLOOR%2C%20AL%20AIN%2C%20ABU%20DHABI%2C%20UAE%2C%20Ajman%2C%20UAE,,,
211,ALAIN,Al Ain,HOSPITAL,BURJEEL ROYAL HOSPITAL ASHAREJ - L.L.C (FORMERLY BURJEEL FARHA HOSPITAL L.L.C),MF4581,ASHAREJ DISTRICT,BIDA BIN AMMAR /ASHAREJ DISTRICT/ALAIN,03-7099000,https://www.google.com/maps/search/?api=1&query=BIDA%20BIN%20AMMAR%20/ASHAREJ%20DISTRICT/ALAIN%2C%20Ajman%2C%20UAE,,,
212,ALAIN,Al Ain,HOSPITAL,SPECIALIZED MEDICAL CARE HOSPITAL,MF464,AL JAHILI AREA,"NEAR TRANSPORT AUTHORITY,AL JAHILI AREA,AL AIN UAE",03-7552291,https://www.google.com/maps/search/?api=1&query=NEAR%20TRANSPORT%20AUTHORITY%2CAL%20JAHILI%20AREA%2CAL%20AIN%20UAE%2C%20Ajman%2C%20UAE,,,
213,ALAIN,Al Ain,HOSPITAL,EMIRATES INTERNATIONAL HOSPITAL - SOLE PROPRIETORSHIP L.L.C.,MF233,"L KHABAISI,","HAMDAN BIN MOHD STREET, LANDMARK: BEHIND JIMI MALL, AL KHABAISI, AL AIN, ABU DAHBI, UAE",03-7637777,https://www.google.com/maps/search/?api=1&query=HAMDAN%20BIN%20MOHD%20STREET%2C%20LANDMARK%3A%20BEHIND%20JIMI%20MALL%2C%20AL%20KHABAISI%2C%20AL%20AIN%2C%20ABU%20DAHBI%2C%20UAE%2C%20Ajman%2C%20UAE,,,
214,ALAIN,Al Ain,HOSPITAL,NEW MEDICAL CENTRE SPECIALTY HOSPITAL LTD-ABU DHABI(FORMERLY NEW MEDICAL CENTRE SPECIALTY HOSPITAL L,MF1974,NEAR ZAYED SCHOOL,"OPP. POLICE HEAD QUARTER, NEAR ZAYED SCHOOL",03-7555999,https://www.google.com/maps/search/?api=1&query=OPP.%20POLICE%20HEAD%20QUARTER%2C%20NEAR%20ZAYED%20SCHOOL%2C%20Ajman%2C%20UAE,,,
215,ALAIN,Al Ain,PHARMACY,HEALTH FIRST PHARMACY LLC BRANCH 1,PF1018,AL AIN,"MAIN ST. NEXT TO SNOW WHITE STORE, AL AIN ",03-7662131,https://www.google.com/maps/search/?api=1&query=MAIN%20ST.%20NEXT%20TO%20SNOW%20WHITE%20STORE%2C%20AL%20AIN%2C%20Ajman%2C%20UAE,,,
216,ALAIN,Al Ain,PHARMACY,HEALTH FIRST PHARMACY LLC BRANCH 11,PF2569,BUTEEN AREA,"SOUQ EXTRA MALL, BUTEEN AREA,ALAIN,ABU DHABI",03-7804288,https://www.google.com/maps/search/?api=1&query=SOUQ%20EXTRA%20MALL%2C%20BUTEEN%20AREA%2CALAIN%2CABU%20DHABI%2C%20Ajman%2C%20UAE,,,
217,ALAIN,Al Ain,PHARMACY,HEALTH FIRST PHARMACY LLC BRANCH 14,PF2792,BARARI MALL,"AL BARARI MALL,ALAIN,ABU DHABI,UAE",03-7675176,https://www.google.com/maps/search/?api=1&query=AL%20BARARI%20MALL%2CALAIN%2CABU%20DHABI%2CUAE%2C%20Ajman%2C%20UAE,,,
218,ALAIN,Al Ain,PHARMACY,SPECIALIZED MEDICAL CARE HOSPITAL PHARMACY,PF1265,AL JAHILI AREA,"NEAR TRANSPORT AUTHORITY,AL JAHILI AREA,AL AIN UAE",03-7552291,https://www.google.com/maps/search/?api=1&query=NEAR%20TRANSPORT%20AUTHORITY%2CAL%20JAHILI%20AREA%2CAL%20AIN%20UAE%2C%20Ajman%2C%20UAE,,,
219,ALAIN,Al Ain,PHARMACY,CARE HOSPITAL PHARMACY,PF2570,AL JAHILI AREA,"NEAR TRANSPORT AUTHORITY,AL JAHILI AREA,AL AIN UAE",03-7552291,https://www.google.com/maps/search/?api=1&query=NEAR%20TRANSPORT%20AUTHORITY%2CAL%20JAHILI%20AREA%2CAL%20AIN%20UAE%2C%20Ajman%2C%20UAE,,,
220,ALAIN,Al Ain,PHARMACY,BURJEEL FARHA PHARMACY L.L.C.(FORMERLYMEDEOR 24X7INTERNATIONAL PHARMACY LLC-AL AIN),PF2997,ASHAREJ DISTRICT,BIDA BIN AMMAR /ASHAREJ DISTRICT/ALAIN,03-7099236,https://www.google.com/maps/search/?api=1&query=BIDA%20BIN%20AMMAR%20/ASHAREJ%20DISTRICT/ALAIN%2C%20Ajman%2C%20UAE,,,
221,ALAIN,Al Ain,PHARMACY,ULTRA MEDICAL CENTER PHARMACY,PF2784, AL JIMI MALL,"AL AIN, JIMI ALONG THE NEW SAFA'S PARKING & BEFORE CAREFOUR AL JIMI MALL",03 762 0055,https://www.google.com/maps/search/?api=1&query=AL%20AIN%2C%20JIMI%20ALONG%20THE%20NEW%20SAFA%27S%20PARKING%20%26%20BEFORE%20CAREFOUR%20AL%20JIMI%20MALL%2C%20Ajman%2C%20UAE,,,
222,ALAIN,Al Ain,PHARMACY,MUBARAK PHARMACY - SOLE PROPRIETORSHIP L.L.C.,PF1389,OLD IMIGRATION ROAD,"OLD IMIGRATION ROAD, NEAR K.M.TRADE.AL AIN",03-7515992,https://www.google.com/maps/search/?api=1&query=OLD%20IMIGRATION%20ROAD%2C%20NEAR%20K.M.TRADE.AL%20AIN%2C%20Ajman%2C%20UAE,,,
223,ALAIN,Al Ain,PHARMACY,EMIRATES INTERNATIONAL HOSPITAL PHARMACY - SOLE PROPRIETORSHIP L.L.C.,PF2776,AL KHABAISI,"HAMDAN BIN MOHD STREET, LANDMARK: BEHIND JIMI MALL, AL KHABAISI, AL AIN, ABU DAHBI, UAE",03-7637777,https://www.google.com/maps/search/?api=1&query=HAMDAN%20BIN%20MOHD%20STREET%2C%20LANDMARK%3A%20BEHIND%20JIMI%20MALL%2C%20AL%20KHABAISI%2C%20AL%20AIN%2C%20ABU%20DAHBI%2C%20UAE%2C%20Ajman%2C%20UAE,,,
224,ALAIN,Al Ain,PHARMACY,RAFA PHARMACY ALAIN,PF1198,AL AIN,NEAR GOLDEN FORK RESTAURANT - AL AIN,03-7657006,https://www.google.com/maps/search/?api=1&query=NEAR%20GOLDEN%20FORK%20RESTAURANT%20-%20AL%20AIN%2C%20Ajman%2C%20UAE,,,
225,ALAIN,Al Ain,PHARMACY,ASTER PHARMACIES GROUP L.L.C (BRANCH OF DUBAI) BRANCH OF ABU DHABI 12,PF5230,"ABU BAKER AL SIDDIQ ST,","PLOT NO-113, ABU BAKER AL SIDDIQ ST, CENTRAL DISTRICT, AL AIN, ABU DHABI",03-7620142,https://www.google.com/maps/search/?api=1&query=PLOT%20NO-113%2C%20ABU%20BAKER%20AL%20SIDDIQ%20ST%2C%20CENTRAL%20DISTRICT%2C%20AL%20AIN%2C%20ABU%20DHABI%2C%20Ajman%2C%20UAE,,,
226,ALAIN,Al Ain,PHARMACY,ASTER PHARMACIES GROUP L.L.C - BRANCH OF ABU DHABI 16,PF5345,"SALAHUDDEEN AL AYOUBI ST,","105, BUILDING-PRP74990,SALAHUDDEEN AL AYOUBI ST,CENTRAL DISTRICT, AL AIN, ABU DHABI",03-7342126,https://www.google.com/maps/search/?api=1&query=105%2C%20BUILDING-PRP74990%2CSALAHUDDEEN%20AL%20AYOUBI%20ST%2CCENTRAL%20DISTRICT%2C%20AL%20AIN%2C%20ABU%20DHABI%2C%20Ajman%2C%20UAE,,,
227,ALAIN,Al Ain,PHARMACY,AL AIN AL AHALIA PHARMACY,PF1461,AL HILAL BANK,"SHABIYA KHALIFA STREET, NEAR TO AL HILAL BANK, AL AIN",03-7557979,https://www.google.com/maps/search/?api=1&query=SHABIYA%20KHALIFA%20STREET%2C%20NEAR%20TO%20AL%20HILAL%20BANK%2C%20AL%20AIN%2C%20Ajman%2C%20UAE,,,
228,ALAIN,Al Ain,PHARMACY,NOOR AL AHLI PHARMACY L.L.C.,PF2791,SANAIYA,"NEAR OLD POLICE STATION & ISUZU SHOWROOM, SANAIYA, AL AIN",03-7673627,https://www.google.com/maps/search/?api=1&query=NEAR%20OLD%20POLICE%20STATION%20%26%20ISUZU%20SHOWROOM%2C%20SANAIYA%2C%20AL%20AIN%2C%20Ajman%2C%20UAE,,,
229,ALAIN,Al Ain,PHARMACY,MODERN PHARMACY L.L.C - BRANCH OF ABU DHABI 3,PF3158,"AL GRAYYEH,STREET","MAKANI ZAKHER MALL,NEXT TO NEIMA SCHOOL,  AL GRAYYEH,STREET : A18,ABUDHABI,UAE
                          


",03-7374622,https://www.google.com/maps/search/?api=1&query=MAKANI%20ZAKHER%20MALL%2CNEXT%20TO%20NEIMA%20SCHOOL%2C%20%20AL%20GRAYYEH%2CSTREET%20%3A%20A18%2CABUDHABI%2CUAE%2C%20Ajman%2C%20UAE,,,
230,ALAIN,Al Ain,PHARMACY,AL RANEEN PHARMACY LLC,PF5259,ZAYED BIN SULTAN STREET,"BUILDING 239, ZAYED BIN SULTAN STREET, OPPOSITE TO AL ANSARI EXCHANGE, TOWN CENTER, AL AIN",03-7365679,https://www.google.com/maps/search/?api=1&query=BUILDING%20239%2C%20ZAYED%20BIN%20SULTAN%20STREET%2C%20OPPOSITE%20TO%20AL%20ANSARI%20EXCHANGE%2C%20TOWN%20CENTER%2C%20AL%20AIN%2C%20Ajman%2C%20UAE,,,
231,ALAIN,Al Ain,PHARMACY,NEDHAL PHARMACY L.L.C,PF1278,ZERO STREET,"ZERO STREET,ZARWANI BUILDING,SANAIYA,ALAIN",03-7222384,https://www.google.com/maps/search/?api=1&query=ZERO%20STREET%2CZARWANI%20BUILDING%2CSANAIYA%2CALAIN%2C%20Ajman%2C%20UAE,,,
232,ALAIN,Al Ain,PHARMACY,NEDHAL PHARMACY L.L.C-BRANCH,PF4023,AL NOUD,"AL UQWAN 1st STEET, AL NOUD, SHERIQATH, MAZYED, ALAIN",03-7325126,https://www.google.com/maps/search/?api=1&query=AL%20UQWAN%201st%20STEET%2C%20AL%20NOUD%2C%20SHERIQATH%2C%20MAZYED%2C%20ALAIN%2C%20Ajman%2C%20UAE,,,
233,ALAIN,Al Ain,PHARMACY,FALAJ HAZZAA PHARMACY,PF1459,FALAJ HAZZA ALAIN,"FULL  BUILDING, NEAR ZAYED  EST FOR SPECIAL NEEDS , STREET 70, JAFEER JADEED, FALAJ HAZZA ALAIN",03-7806111,https://www.google.com/maps/search/?api=1&query=FULL%20%20BUILDING%2C%20NEAR%20ZAYED%20%20EST%20FOR%20SPECIAL%20NEEDS%20%2C%20STREET%2070%2C%20JAFEER%20JADEED%2C%20FALAJ%20HAZZA%20ALAIN%2C%20Ajman%2C%20UAE,,,
234,ALAIN,Al Ain,PHARMACY,NEW MEDICAL CENTRE PHARMACY LTD(FORMERLY NEW MEDICAL CENTRE PHARMACY-L.L.C-ALAIN-NMC),PF1430,NEAR ZAYED SCHOOL,"OPP. POLICE HEAD QUARTER, NEAR ZAYED SCHOOL",03-7674404,https://www.google.com/maps/search/?api=1&query=OPP.%20POLICE%20HEAD%20QUARTER%2C%20NEAR%20ZAYED%20SCHOOL%2C%20Ajman%2C%20UAE,,,
235,ALAIN,Al Ain,PHARMACY,MARJAN MEDICAL CENTER PHARMACY - BRANCH,PF5027,AL MAZJ 1 ST,"37, AL MAZJ 1 ST, INDUSTRIAL AREA, AL AIN",03-753-0922,https://www.google.com/maps/search/?api=1&query=37%2C%20AL%20MAZJ%201%20ST%2C%20INDUSTRIAL%20AREA%2C%20AL%20AIN%2C%20Ajman%2C%20UAE,,,
236,ALAIN,Al Ain,PHARMACY,LULU AL AIN PHARMACY LLC,PF1547,LULU SANIAYA,"LULU HYPERMARKET,SANIAYA , AL AIN",03-7212330,https://www.google.com/maps/search/?api=1&query=LULU%20HYPERMARKET%2CSANIAYA%20%2C%20AL%20AIN%2C%20Ajman%2C%20UAE,,,
237,ALAIN,Al Ain,PHARMACY,LULU AL AIN PHARMACY LLC BRANCH,PF1591,LULU KUWAITAT,"LULU HYPERMARKET, KUWAITAT, AL AIN",03-7640677,https://www.google.com/maps/search/?api=1&query=LULU%20HYPERMARKET%2C%20KUWAITAT%2C%20AL%20AIN%2C%20Ajman%2C%20UAE,,,
238,ALAIN,Al Ain,PHARMACY,LULU ALFOAH PHARMACY LLC,PF1700,FOAH MALL,"FOAH MALL,AL AIN",03-7843221,https://www.google.com/maps/search/?api=1&query=FOAH%20MALL%2CAL%20AIN%2C%20Ajman%2C%20UAE,,,
239,ALAIN,Al Ain,PHARMACY,EMIRATES INTERNATIONAL HOSPITAL PHARMACY BRANCH SOLE PROPRIETORSHIP LLC,PF5570,BAWADI MALL,"1ST FLOOR, ABOVE SEPHORA,ALNOUD,BAWADI MALL, AL AIN, ABU DHABI, UAE",03-7669888,https://www.google.com/maps/search/?api=1&query=1ST%20FLOOR%2C%20ABOVE%20SEPHORA%2CALNOUD%2CBAWADI%20MALL%2C%20AL%20AIN%2C%20ABU%20DHABI%2C%20UAE%2C%20Ajman%2C%20UAE,,,
240,ALAIN,Al Ain,PHARMACY,AL SENAEYA PHARMACY,PF11771,ZAYED IBN SULTAN STREET,"GROUND FLOOR, SHOP NO.2 BUILDING  NO.18 ,SAEED HILALA ABDULLAH AL KUWAITI BUILDING, ZAYED IBN SULTAN STREET, STREET NO.18, HAI AL NAWASER AREA, TOWN CENTER, CENTRAL DISTRICT, AL AIN, NEAR AL ANSARI EXCHANGE, AL AIN, UAE",03 7657105,https://www.google.com/maps/search/?api=1&query=GROUND%20FLOOR%2C%20SHOP%20NO.2%20BUILDING%20%20NO.18%20%2CSAEED%20HILALA%20ABDULLAH%20AL%20KUWAITI%20BUILDING%2C%20ZAYED%20IBN%20SULTAN%20STREET%2C%20STREET%20NO.18%2C%20HAI%20AL%20NAWASER%20AREA%2C%20TOWN%20CENTER%2C%20CENTRAL%20DISTRICT%2C%20AL%20AIN%2C%20NEAR%20AL%20ANSARI%20EXCHANGE%2C%20AL%20AIN%2C%20UAE%2C%20Ajman%2C%20UAE,,,
241,ALAIN,Al Ain,PHARMACY,MEDON OXYCARE PHARMACY - L.L.C - S.P.C,PF5434,AL ARAS,"AT TUMA, NEENAH 5 ST STREET, INDUSTRIAL AREA, AL ARAS, AL AIN, ABU DHABI",03-7342700,https://www.google.com/maps/search/?api=1&query=AT%20TUMA%2C%20NEENAH%205%20ST%20STREET%2C%20INDUSTRIAL%20AREA%2C%20AL%20ARAS%2C%20AL%20AIN%2C%20ABU%20DHABI%2C%20Ajman%2C%20UAE,,,
242,ALAIN,Al Ain,CLINIC,AL AAHED MEDICAL CENTRE - SOLE PROPRITERSHIP L.L.C.,MF37,ZAYED BIN SULTAN ST,"NEAR SARAYA HALAB RESTAURANT - ZAYED BIN SULTAN ST - CENTRAL DISTRICT - HAI AL HISN - ABU DHABI, UAE",03-7642791,https://www.google.com/maps/search/?api=1&query=NEAR%20SARAYA%20HALAB%20RESTAURANT%20-%20ZAYED%20BIN%20SULTAN%20ST%20-%20CENTRAL%20DISTRICT%20-%20HAI%20AL%20HISN%20-%20ABU%20DHABI%2C%20UAE%2C%20Ajman%2C%20UAE,,,
243,ALAIN,Al Ain,CLINIC,MEDSTAR CLINICS SANAIYA AL AIN - L.L.C - O.P.C,MF3643,SALMEEN BUILDING STREET NO. 1,"INDUSTRIAL AREA AL AIN KHALEEFA SALMEEN BUILDING STREET NO. 1, NEAR TAQWA MOSQUE - ABU DHABI, UAE",056-4648872,https://www.google.com/maps/search/?api=1&query=INDUSTRIAL%20AREA%20AL%20AIN%20KHALEEFA%20SALMEEN%20BUILDING%20STREET%20NO.%201%2C%20NEAR%20TAQWA%20MOSQUE%20-%20ABU%20DHABI%2C%20UAE%2C%20Ajman%2C%20UAE,,,
244,ALAIN,Al Ain,PHARMACY,MEDSTAR PHARMACY SANAIYA AL AIN - L.L.C - O.P.C,PF2576,SALMEEN BUILDING STREET NO. 1,"INDUSTRIAL AREA AL AIN KHALEEFA SALMEEN BUILDING STREET NO. 1, NEAR TAQWA MOSQUE - ABU DHABI, UAE",056-4648872,https://www.google.com/maps/search/?api=1&query=INDUSTRIAL%20AREA%20AL%20AIN%20KHALEEFA%20SALMEEN%20BUILDING%20STREET%20NO.%201%2C%20NEAR%20TAQWA%20MOSQUE%20-%20ABU%20DHABI%2C%20UAE%2C%20Ajman%2C%20UAE,,,
245,ALAIN,Al Ain,PHARMACY,IBN SINA PHARMACY - SOLE PROPRIETORSHIP L.L.C. - BRANCH,PF5488,AL TIWAYYA ,2ND ST - AL TIWAYYA - ABU DHABI,03 732 7308,https://www.google.com/maps/search/?api=1&query=2ND%20ST%20-%20AL%20TIWAYYA%20-%20ABU%20DHABI%2C%20Ajman%2C%20UAE,,,
246,ALAIN,Al Ain,PHARMACY,IBN SINA PHARMACY SOLE PROPRIETORSHIP L.L.C - Branch 11,PF2600,WAHAT HILI MALL,FIRST FLOOR WAHAT HILI MALL - ABU DHABI,03 784 3975,https://www.google.com/maps/search/?api=1&query=FIRST%20FLOOR%20WAHAT%20HILI%20MALL%20-%20ABU%20DHABI%2C%20Ajman%2C%20UAE,,,
247,AUH,Abu Dhabi,CLINIC,ZIA MEDICAL CENTRE LLC,MF1413,SHABIYA 12 MBZ CITY,BUILDING #104 SHABIYA 12 MBZ CITY ABU DHABI UAE,02-5522201,https://www.google.com/maps/search/?api=1&query=BUILDING%20%23104%20SHABIYA%2012%20MBZ%20CITY%20ABU%20DHABI%20UAE%2C%20Ajman%2C%20UAE,,,
248,AUH,Abu Dhabi,CLINIC,PESHAWAR MEDICAL CENTRE LLC AUH,MF3125,MUSSAFAH,"OPPOSITE TO ICAD GATE 1 , SANAIYA M-40 MUSSAFAH ABU DHABI,UAE",02-5508987,https://www.google.com/maps/search/?api=1&query=OPPOSITE%20TO%20ICAD%20GATE%201%20%2C%20SANAIYA%20M-40%20MUSSAFAH%20ABU%20DHABI%2CUAE%2C%20Ajman%2C%20UAE,,,
249,AUH,Abu Dhabi,CLINIC,SWAT MEDICAL POLY CLINIC,MF4664,MUSSAFAH,"NEAR SPINNEYS SUPERMARKET SANAIYA M-40 MUSSAFAH ABU DHABI,UAE",02-5550038,https://www.google.com/maps/search/?api=1&query=NEAR%20SPINNEYS%20SUPERMARKET%20SANAIYA%20M-40%20MUSSAFAH%20ABU%20DHABI%2CUAE%2C%20Ajman%2C%20UAE,,,
250,AUH,Abu Dhabi,CLINIC,LAHORE MEDICAL CENTRE-SOLE PROPRIETORSHIP L.L.C,MF366,SANAIYA ,"NEAR SHABAB MUSSAFAH SUPERMARKET, SANAIYA M-26 MUSSAFAH ABU DHABI,UAE",02-5462548,https://www.google.com/maps/search/?api=1&query=NEAR%20SHABAB%20MUSSAFAH%20SUPERMARKET%2C%20SANAIYA%20M-26%20MUSSAFAH%20ABU%20DHABI%2CUAE%2C%20Ajman%2C%20UAE,,,
251,AUH,Abu Dhabi,CLINIC,BAB AL TEB MEDICAL CENTRE LLC-SOLE PROPRIETORSHIP L.L.C,MF5116,SANAIYA M-44,"SANAIYA M-44 MUSSAFAH ABU DHABI,UAE",02-6261914,https://www.google.com/maps/search/?api=1&query=SANAIYA%20M-44%20MUSSAFAH%20ABU%20DHABI%2CUAE%2C%20Ajman%2C%20UAE,,,
252,AUH,Abu Dhabi,CLINIC,LLH MEDICAL CENTRE AL MUSAFFAH L.L.C,MF4498, SHABIA 9,"PLOT - C173,M FLOOR, SHABIA 9 , MUSAFFAH, ABU DHABI",02-4116444,https://www.google.com/maps/search/?api=1&query=PLOT%20-%20C173%2CM%20FLOOR%2C%20SHABIA%209%20%2C%20MUSAFFAH%2C%20ABU%20DHABI%2C%20Ajman%2C%20UAE,,,
253,AUH,Abu Dhabi,CLINIC,LLH MEDICAL CENTRE L.L.C,MF3983,MUSAFFAH SHABIYA ME II,"BUILDING NO. C55, MUSAFFAH SHABIYA ME II, PO BOX 92313",02-6282222,https://www.google.com/maps/search/?api=1&query=BUILDING%20NO.%20C55%2C%20MUSAFFAH%20SHABIYA%20ME%20II%2C%20PO%20BOX%2092313%2C%20Ajman%2C%20UAE,,,
254,AUH,Abu Dhabi,CLINIC,LLH MEDICAL CENTRE AL MUSAFFAH L.L.C - BRANCH 1,MF4557,MAFRAQ INDUSTRY,"NEAR LABOTEL CAMP, MAFRAQ INDUSTRY",02-5856333,https://www.google.com/maps/search/?api=1&query=NEAR%20LABOTEL%20CAMP%2C%20MAFRAQ%20INDUSTRY%2C%20Ajman%2C%20UAE,,,
255,AUH,Abu Dhabi,CLINIC,LLH MEDICAL CENTRE AL MUSAFFAH L.L.C - BRANCH 3,MF5312,"ICAD, 16 ,MUSAFFAH","""M40, KM TRADING BUILDING, ICAD, 16 STREET , MUSAFFAH.""",02-4116450,https://www.google.com/maps/search/?api=1&query=%22M40%2C%20KM%20TRADING%20BUILDING%2C%20ICAD%2C%2016%20STREET%20%2C%20MUSAFFAH.%22%2C%20Ajman%2C%20UAE,,,
256,AUH,Abu Dhabi,CLINIC,OCCU MED CLINIC L.L.C,MF4358,MUSAFFAH,"GLOBAL ASCENT BUSINESS CENTER , OFFICE NO:15, GROUND FLOOR,93293, MUSAFFAH, ABU DHABI",02-5134000,https://www.google.com/maps/search/?api=1&query=GLOBAL%20ASCENT%20BUSINESS%20CENTER%20%2C%20OFFICE%20NO%3A15%2C%20GROUND%20FLOOR%2C93293%2C%20MUSAFFAH%2C%20ABU%20DHABI%2C%20Ajman%2C%20UAE,,,
257,AUH,Abu Dhabi,CLINIC,LIFECARE CLINIC L.L.C,MF5541,AL MAFRAQ WORKERS CITY 2,"MAGENTA REAL ESTATE MANAGEMENT LLC, MAGENTA PEARL VILLAGE, AL MAFRAQ WORKERS CITY 2, ABU DHABI",02-5824916,https://www.google.com/maps/search/?api=1&query=MAGENTA%20REAL%20ESTATE%20MANAGEMENT%20LLC%2C%20MAGENTA%20PEARL%20VILLAGE%2C%20AL%20MAFRAQ%20WORKERS%20CITY%202%2C%20ABU%20DHABI%2C%20Ajman%2C%20UAE,,,
258,AUH,Abu Dhabi,CLINIC,LIFECARE MEDICAL CENTER L.L.C,MF5525,LABOR CITY,"AL WATHBA RAZEEN LABOR CITY, ABU DHABI",02-5826812,https://www.google.com/maps/search/?api=1&query=AL%20WATHBA%20RAZEEN%20LABOR%20CITY%2C%20ABU%20DHABI%2C%20Ajman%2C%20UAE,,,
259,AUH,Abu Dhabi,CLINIC,LIFECARE CLINIC  L.L.C. - BRANCH,MF5661,"WORKERS CITY-2, BANIYAS","MOUNTAIN GATE, PROPERTY INVESTMENT, ALMAFRAQ, WORKERS CITY-2, BANIYAS, ABU DHABI",054-7910144,https://www.google.com/maps/search/?api=1&query=MOUNTAIN%20GATE%2C%20PROPERTY%20INVESTMENT%2C%20ALMAFRAQ%2C%20WORKERS%20CITY-2%2C%20BANIYAS%2C%20ABU%20DHABI%2C%20Ajman%2C%20UAE,,,
260,AUH,Abu Dhabi,CLINIC,TOP CARE MEDICAL CENTER,MF1740,MUSAFFAH,"AL  ESKAN AL JAMAE BUILDING , SHOPS NO. R023, R024,R025 – GROUND FLOOR , MUSSAFAH INDUSTRIAL AREA, ",02-5500620,https://www.google.com/maps/search/?api=1&query=AL%20%20ESKAN%20AL%20JAMAE%20BUILDING%20%2C%20SHOPS%20NO.%20R023%2C%20R024%2CR025%20%E2%80%93%20GROUND%20FLOOR%20%2C%20MUSSAFAH%20INDUSTRIAL%20AREA%2C%2C%20Ajman%2C%20UAE,,,
261,AUH,Abu Dhabi,CLINIC,SHAHEEN MEDICAL CENTRE,MF1012,AL-FALAH STREET ,AL-FALAH STREET  OPPOSITE WEARMART ABU DHABI,02-6411345,https://www.google.com/maps/search/?api=1&query=AL-FALAH%20STREET%20%20OPPOSITE%20WEARMART%20ABU%20DHABI%2C%20Ajman%2C%20UAE,,,
262,AUH,Abu Dhabi,CLINIC,KARACHI MEDICAL POLYCLINIC,MF3244,MUSAFFAH,MUSAFFAH - M-37 - ABU DHABI,02-5500730,https://www.google.com/maps/search/?api=1&query=MUSAFFAH%20-%20M-37%20-%20ABU%20DHABI%2C%20Ajman%2C%20UAE,,,
263,AUH,Abu Dhabi,CLINIC,SARHAD MEDICAL CENTER,MF1504,"MUSAFFAH - II,","MUSAFFAH - II, OPPOSITE TO LLH HOSPITAL,ABU DHABI,UAE",02-5559068,https://www.google.com/maps/search/?api=1&query=MUSAFFAH%20-%20II%2C%20OPPOSITE%20TO%20LLH%20HOSPITAL%2CABU%20DHABI%2CUAE%2C%20Ajman%2C%20UAE,,,
264,AUH,Abu Dhabi,CLINIC,SABA MEDICAL CENTER LLC,MF5241,MUSAFFAH,"13 AL JAZZEEM 2 STREET,MUSAFFAH INDUSTRIAL M37,ABU DHABI, 20316",02-552 3300,https://www.google.com/maps/search/?api=1&query=13%20AL%20JAZZEEM%202%20STREET%2CMUSAFFAH%20INDUSTRIAL%20M37%2CABU%20DHABI%2C%2020316%2C%20Ajman%2C%20UAE,,,
265,AUH,Abu Dhabi,CLINIC,RIGHT CHOICE MEDICAL CENTER,MF4742,MUSSAFAH SANIYA,"MUSSAFAH SANIYA, M10 - BLOCK 32 - SHOP 3 + 4, INDUSTRAIL AREA, ABU DHABI,UAE",02-4917600,https://www.google.com/maps/search/?api=1&query=MUSSAFAH%20SANIYA%2C%20M10%20-%20BLOCK%2032%20-%20SHOP%203%20%2B%204%2C%20INDUSTRAIL%20AREA%2C%20ABU%20DHABI%2CUAE%2C%20Ajman%2C%20UAE,,,
266,AUH,Abu Dhabi,CLINIC,GOLDEN HEALTH MEDICAL CENTER L.L.C,MF4684,HAMEEM RD,"AL SALAM LIVING CITY, HAMEEM RD, ABU DHABI",02-5868789,https://www.google.com/maps/search/?api=1&query=AL%20SALAM%20LIVING%20CITY%2C%20HAMEEM%20RD%2C%20ABU%20DHABI%2C%20Ajman%2C%20UAE,,,
267,AUH,Abu Dhabi,CLINIC,EXPERT MEDICAL CLINIC  - SOLE PROPRIETORSHIP L.L.C,MF4842,HAMEEM RD,"MOJUMAAT WORKERS CITY, HAMEEM RD, ABU DHABI",02-5867877,https://www.google.com/maps/search/?api=1&query=MOJUMAAT%20WORKERS%20CITY%2C%20HAMEEM%20RD%2C%20ABU%20DHABI%2C%20Ajman%2C%20UAE,,,
268,AUH,Abu Dhabi,CLINIC,TABIBAK MEDICAL CLINIC L.L.C,MF4843,HAMEEM RD,"CAMPCO PROPERTIES, HAMEEM RD, ABU DHABI",02-8848442,https://www.google.com/maps/search/?api=1&query=CAMPCO%20PROPERTIES%2C%20HAMEEM%20RD%2C%20ABU%20DHABI%2C%20Ajman%2C%20UAE,,,
269,AUH,Abu Dhabi,CLINIC,MEDSTAR ICAD MEDICAL CENTER L.L.C,MF3931,"ICAD RESIDENTIAL CITY, MUSSAFAH","PO BOX 106964, ICAD RESIDENTIAL CITY, MUSSAFAH, ABU DHABI, NEAR FRESH & MORE HYPERMARKET",02-5845657,https://www.google.com/maps/search/?api=1&query=PO%20BOX%20106964%2C%20ICAD%20RESIDENTIAL%20CITY%2C%20MUSSAFAH%2C%20ABU%20DHABI%2C%20NEAR%20FRESH%20%26%20MORE%20HYPERMARKET%2C%20Ajman%2C%20UAE,,,
270,AUH,Abu Dhabi,CLINIC,NEW NATIONAL MEDICAL CENTRE LLC BRANCH 1,MF3744,"SANIAH,MUSAFFAH","SECTOR M36,PLOT 138 SANIAH,MUSAFFAH,ABUDHABI",02-5593777,https://www.google.com/maps/search/?api=1&query=SECTOR%20M36%2CPLOT%20138%20SANIAH%2CMUSAFFAH%2CABUDHABI%2C%20Ajman%2C%20UAE,,,
271,AUH,Abu Dhabi,CLINIC,NEW FAMOUS MEDICAL CENTER LLC-AUH,MF5245,MUSSAFFAH,OFFICE NO.16 1ST FLOOR SALEM KHAMIS SALEM ALKHEMEIRI MUSSAFAH 34 ABU DHABI,02-5538040,https://www.google.com/maps/search/?api=1&query=OFFICE%20NO.16%201ST%20FLOOR%20SALEM%20KHAMIS%20SALEM%20ALKHEMEIRI%20MUSSAFAH%2034%20ABU%20DHABI%2C%20Ajman%2C%20UAE,,,
272,AUH,Abu Dhabi,CLINIC,MUBARAK MEDICAL CENTER - SOLE PROPRIETORSHIP L.L.C. - BRANCH,MF3501,WORKER CITY-2,"AL ESHOUSH CAMP, WORKER CITY-2, BANIYAS, ABU DHABI, UAE",02-5837772,https://www.google.com/maps/search/?api=1&query=AL%20ESHOUSH%20CAMP%2C%20WORKER%20CITY-2%2C%20BANIYAS%2C%20ABU%20DHABI%2C%20UAE%2C%20Ajman%2C%20UAE,,,
273,AUH,Abu Dhabi,CLINIC,MEDLINE MEDICAL CENTRE L.L.C.,MF3528,MUSAFFAH," 9G3F+M24 - 14TH ST - MUSAFFAH - M-26 - ABU DHABI,UAE",02-5530577,https://www.google.com/maps/search/?api=1&query=9G3F%2BM24%20-%2014TH%20ST%20-%20MUSAFFAH%20-%20M-26%20-%20ABU%20DHABI%2CUAE%2C%20Ajman%2C%20UAE,,,
274,AUH,Abu Dhabi,CLINIC,MAXIM MEDICAL CENTRE LLC,MF3759,MUSAFFAH,"MUSSAFAH-43,ICAD 1,ABDUABI UAE",02-5500161,https://www.google.com/maps/search/?api=1&query=MUSSAFAH-43%2CICAD%201%2CABDUABI%20UAE%2C%20Ajman%2C%20UAE,,,
275,AUH,Abu Dhabi,CLINIC,M 26 MEDICAL CENTER,MF7196,MUSAFFAH,"PLOT NO: 94, MUSAFFAH M-26 NEAR GUJRAT RESTAURANT MUSAFFAH",02-8867789,https://www.google.com/maps/search/?api=1&query=PLOT%20NO%3A%2094%2C%20MUSAFFAH%20M-26%20NEAR%20GUJRAT%20RESTAURANT%20MUSAFFAH%2C%20Ajman%2C%20UAE,,,
276,AUH,Abu Dhabi,CLINIC,INFINTI MEDICALCENTER LLC,MF4186,MAIN INDUSTRIAL AREA,"AL WADI BUILDING, BLOCK NUMBER 198, MAIN INDUSTRIAL, ABU DHABI, UAE",02-8882622,https://www.google.com/maps/search/?api=1&query=AL%20WADI%20BUILDING%2C%20BLOCK%20NUMBER%20198%2C%20MAIN%20INDUSTRIAL%2C%20ABU%20DHABI%2C%20UAE%2C%20Ajman%2C%20UAE,,,
277,AUH,Abu Dhabi,CLINIC,AL AFIA GHYATHI MEDICAL CENTRE LLC,MF4284,AL DHAFRA,"INDUSTRIAL SECTOR 18, SANAIYA 2, GHAYATHI, AL DHAFRA REGION, ABU DHABI, UAE",02-874 3164,https://www.google.com/maps/search/?api=1&query=INDUSTRIAL%20SECTOR%2018%2C%20SANAIYA%202%2C%20GHAYATHI%2C%20AL%20DHAFRA%20REGION%2C%20ABU%20DHABI%2C%20UAE%2C%20Ajman%2C%20UAE,,,
278,AUH,Abu Dhabi,CLINIC,ABU SALMAN MEDICAL CENTRE LLC,MF1519,SHABIYA,"ME-10 MUSSAFAH SHABIYA,ABUDHABI,UAE",02-5522549,https://www.google.com/maps/search/?api=1&query=ME-10%20MUSSAFAH%20SHABIYA%2CABUDHABI%2CUAE%2C%20Ajman%2C%20UAE,,,
279,AUH,Abu Dhabi,CLINIC,AL NASEEM MEDICALCENTRE L.L.C,MF113,HAMDAN STREET,"BEHIND HOME CENTER,UNIQUE PHARMACY BUILDING,FLAT-102,HAMDAN STREET,ABU DHABI,UAE",02-6399090,https://www.google.com/maps/search/?api=1&query=BEHIND%20HOME%20CENTER%2CUNIQUE%20PHARMACY%20BUILDING%2CFLAT-102%2CHAMDAN%20STREET%2CABU%20DHABI%2CUAE%2C%20Ajman%2C%20UAE,,,
280,AUH,Abu Dhabi,CLINIC,AL QABAIL MEDICAL CENTRE L.L.C  L.L.C,MF3781,MUSAFAH,"AL JIMI WORKERS VILLAGE BUILDING ,M-33 ,  MUSAFAH , ABUDHABI , U.A.E ",02-5575531,https://www.google.com/maps/search/?api=1&query=AL%20JIMI%20WORKERS%20VILLAGE%20BUILDING%20%2CM-33%20%2C%20%20MUSAFAH%20%2C%20ABUDHABI%20%2C%20U.A.E%2C%20Ajman%2C%20UAE,,,
281,AUH,Abu Dhabi,CLINIC,PROVIDENCE INT'L MEDICAL AND COSMETIC CENTRE LLC,MF475,MUSAFFAH 3,"MARYAM ABDALL BUILDING, M 38, MUSAFFAH 38, ABU DHABI",02-4454867,https://www.google.com/maps/search/?api=1&query=MARYAM%20ABDALL%20BUILDING%2C%20M%2038%2C%20MUSAFFAH%2038%2C%20ABU%20DHABI%2C%20Ajman%2C%20UAE,,,
282,AUH,Abu Dhabi,CLINIC,BREEZE MEDICAL CENTRE LLC,MF5350,AL DHAFRA,"ADCS BUILDING, OPP FAB BANK, MADINAT ZAYED, AL DHAFRA, ABUDHABI, UAE",02-8869855,https://www.google.com/maps/search/?api=1&query=ADCS%20BUILDING%2C%20OPP%20FAB%20BANK%2C%20MADINAT%20ZAYED%2C%20AL%20DHAFRA%2C%20ABUDHABI%2C%20UAE%2C%20Ajman%2C%20UAE,,,
283,AUH,Abu Dhabi,CLINIC,PRIME CARE MEDICAL CENTRE LLC,MF2241,MUSAFFA,"C-184,ME:10 MUSAFFA -ABU DHABI,UAE",02-5538188,https://www.google.com/maps/search/?api=1&query=C-184%2CME%3A10%20MUSAFFA%20-ABU%20DHABI%2CUAE%2C%20Ajman%2C%20UAE,,,
284,AUH,Abu Dhabi,CLINIC,DR GUPTA MEDICAL CENTER LLC,MF266,ELECTRA STREET,"KM TRADING BUILDING 1ST FLOOR,OFFICE NO:110,ELECTRA STREET, ABU DHABI.",02-6337357,https://www.google.com/maps/search/?api=1&query=KM%20TRADING%20BUILDING%201ST%20FLOOR%2COFFICE%20NO%3A110%2CELECTRA%20STREET%2C%20ABU%20DHABI.%2C%20Ajman%2C%20UAE,,,
285,AUH,Abu Dhabi,CLINIC,HIGH LIFE MEDICAL CENTER - SOLE PROPRIETORSHIP L.L.C,MF4747,"CHINA CAMP, BANIYAS","SHOP NO G02, F2C4-7, BUILDING NO.07 PARCO MALL,AL MAFRAQ INDUSTRIAL AREA 2 (CHINA CAMP), BANIYAS",02-5850081,https://www.google.com/maps/search/?api=1&query=SHOP%20NO%20G02%2C%20F2C4-7%2C%20BUILDING%20NO.07%20PARCO%20MALL%2CAL%20MAFRAQ%20INDUSTRIAL%20AREA%202%20%28CHINA%20CAMP%29%2C%20BANIYAS%2C%20Ajman%2C%20UAE,,,
286,AUH,Abu Dhabi,CLINIC,HEALTH CLEAR MEDICAL CENTER LLC,MF4832,MUSAFFAH INDUSTRIAL AREA,"SHOP NO 06, BUILDING NO 85, STREET 10TH, M-13 MUSAFFAH INDUSTRIAL AREA ABU DHABI UAE",02-5535582,https://www.google.com/maps/search/?api=1&query=SHOP%20NO%2006%2C%20BUILDING%20NO%2085%2C%20STREET%2010TH%2C%20M-13%20MUSAFFAH%20INDUSTRIAL%20AREA%20ABU%20DHABI%20UAE%2C%20Ajman%2C%20UAE,,,
287,AUH,Abu Dhabi,CLINIC,GOLDEN TULIP MEDICAL CENTRE LLC-OPC (FORMERLY GOLDEN TULIP MEDICAL CENTRE L.L.C),MF4348,MUSSAFAH INDUSTRIAL AREA,ST#11 PLOT #23 M-17 MUSSAFAH INDUSTRIAL AREA,02-5556608,https://www.google.com/maps/search/?api=1&query=ST%2311%20PLOT%20%2323%20M-17%20MUSSAFAH%20INDUSTRIAL%20AREA%2C%20Ajman%2C%20UAE,,,
288,AUH,Abu Dhabi,CLINIC,FREEDOM MEDICAL POLY CLINIC LLC,MF59,MUSSAFAH,"BUILDING NO. 4, MUSAFFAH M-4",02-6336744,https://www.google.com/maps/search/?api=1&query=BUILDING%20NO.%204%2C%20MUSAFFAH%20M-4%2C%20Ajman%2C%20UAE,,,
289,AUH,Abu Dhabi,CLINIC,COSMPOLITAN MEDICAL CENTRE - SOLE PROPRIETORSHIP LLC,MF1068,AL DHAFRAH REGION,"205, FIRST FLOOR, HAMEEM MALL, AL DHAFRAH REGION, ABU DHABI, UAE",02-5555328,https://www.google.com/maps/search/?api=1&query=205%2C%20FIRST%20FLOOR%2C%20HAMEEM%20MALL%2C%20AL%20DHAFRAH%20REGION%2C%20ABU%20DHABI%2C%20UAE%2C%20Ajman%2C%20UAE,,,
290,AUH,Abu Dhabi,CLINIC,CARE POINT CLINIC L.L.C,MF4737,"WORKERS CITY 1,BANIYAS","AL JABER SHOPPING COMPLEX,MAFRAQ WORKERS CITY 1, BANIYAS,ABU DHABI",026228383,https://www.google.com/maps/search/?api=1&query=AL%20JABER%20SHOPPING%20COMPLEX%2CMAFRAQ%20WORKERS%20CITY%201%2C%20BANIYAS%2CABU%20DHABI%2C%20Ajman%2C%20UAE,,,
291,AUH,Abu Dhabi,CLINIC,BLUE OCEAN MEDICAL CENTER - SOLE PROPRIETORSHIP L.L.C,MF5613,SHABIYA-ME10,"ABU DHABI-MUSAFFAH SHABIYA-ME10-MOHAMED BIN ZAYED CITY,UAE",02-5515590,https://www.google.com/maps/search/?api=1&query=ABU%20DHABI-MUSAFFAH%20SHABIYA-ME10-MOHAMED%20BIN%20ZAYED%20CITY%2CUAE%2C%20Ajman%2C%20UAE,,,
292,AUH,Abu Dhabi,CLINIC,BAB AL MADINA MEDICAL CENTER L.L.C,MF4569,MUSAFFAH ,"SHOP # 4, PLOT # 32,MOOSA AL AJBAN BUILDING,MUSAFFAH M-26, P.O. BOX # 25537, ABU DHABI UAE",02-6422464,https://www.google.com/maps/search/?api=1&query=SHOP%20%23%204%2C%20PLOT%20%23%2032%2CMOOSA%20AL%20AJBAN%20BUILDING%2CMUSAFFAH%20M-26%2C%20P.O.%20BOX%20%23%2025537%2C%20ABU%20DHABI%20UAE%2C%20Ajman%2C%20UAE,,,
293,AUH,Abu Dhabi,CLINIC,NEW NATIONAL MEDICAL CENTRE,MF924,MUSAFFAH,"NEW NATIONAL MEDICAL CENTRE, MUSSAFAH ME 10,PO BOX 30666, ABU DHABI",02-5520100,https://www.google.com/maps/search/?api=1&query=NEW%20NATIONAL%20MEDICAL%20CENTRE%2C%20MUSSAFAH%20ME%2010%2CPO%20BOX%2030666%2C%20ABU%20DHABI%2C%20Ajman%2C%20UAE,,,
294,AUH,Abu Dhabi,CLINIC,DAR AL SHIFA MEDICAL CENTRE ABUDHABI,MF983,BEHIND DANA HOTEL,"BLDG NO 137, AL NOWAIS BLDG. ELECTRA ST TOURIST CLUB AREA, BEHIND DANA HOTEL, ABU DHABI, UAE",02-6456100,https://www.google.com/maps/search/?api=1&query=BLDG%20NO%20137%2C%20AL%20NOWAIS%20BLDG.%20ELECTRA%20ST%20TOURIST%20CLUB%20AREA%2C%20BEHIND%20DANA%20HOTEL%2C%20ABU%20DHABI%2C%20UAE%2C%20Ajman%2C%20UAE,,,
295,AUH,Abu Dhabi,CLINIC,ASTER PRIMARY CARE LLC (ABU DHABI),MF1845,MUSAFFAH,"NEAR 1ST SIGNAL (MASJID), SECTOR-9,SANNAYAH,MUSAFFAH ,ABU DHABI",02-5557078,https://www.google.com/maps/search/?api=1&query=NEAR%201ST%20SIGNAL%20%28MASJID%29%2C%20SECTOR-9%2CSANNAYAH%2CMUSAFFAH%20%2CABU%20DHABI%2C%20Ajman%2C%20UAE,,,
296,AUH,Abu Dhabi,CLINIC,AL WAHDA MEDICAL CENTRE,MF151,AL WAHDA MALL,"OPPOSITE AL WAHDA MALL, DEFECNE ROAD, ABU DHABI",02-6418383,https://www.google.com/maps/search/?api=1&query=OPPOSITE%20AL%20WAHDA%20MALL%2C%20DEFECNE%20ROAD%2C%20ABU%20DHABI%2C%20Ajman%2C%20UAE,,,
297,AUH,Abu Dhabi,CLINIC,LLH MEDICAL CENTER AL DHAFRA - LLC (FORMERLY HALA MEDICAL CENTRE-GHAYATHI),MF1140,GAYATHI,"BUILDING NO : 7 , AL FASEEEHAH STREET, GAYATHI, ABU DHABI, UAE",80055,https://www.google.com/maps/search/?api=1&query=BUILDING%20NO%20%3A%207%20%2C%20AL%20FASEEEHAH%20STREET%2C%20GAYATHI%2C%20ABU%20DHABI%2C%20UAE%2C%20Ajman%2C%20UAE,,,
298,AUH,Abu Dhabi,CLINIC,AL DHAFRA MODERN MEDICAL CENTRE-BEDA ZAYED,MF3296,BEDA ZAYED,"AL DHAFRA REGION,BEDA ZAYED.ABU DHABI,UAE",02-8846651,https://www.google.com/maps/search/?api=1&query=AL%20DHAFRA%20REGION%2CBEDA%20ZAYED.ABU%20DHABI%2CUAE%2C%20Ajman%2C%20UAE,,,
299,AUH,Abu Dhabi,CLINIC,EXPRESS GHAYATHI MEDICAL CENTRE - L.L.C - O.P.C(FORMERLY EXPRESS GHAYATHI CLINIC-AL DHAFRA),MF3779,GHAYATHI,EXPRESS GHAYATHI MARKET SANAYAH,02-8744430,https://www.google.com/maps/search/?api=1&query=EXPRESS%20GHAYATHI%20MARKET%20SANAYAH%2C%20Ajman%2C%20UAE,,,
300,AUH,Abu Dhabi,CLINIC,AL AMAL MEDICAL CENTRE L.L.C,MF42,BANIYAS EAST 9,"BANIYAS EAST 9, ABU DHABI, UAE",02-5832331,https://www.google.com/maps/search/?api=1&query=BANIYAS%20EAST%209%2C%20ABU%20DHABI%2C%20UAE%2C%20Ajman%2C%20UAE,,,
301,AUH,Abu Dhabi,CLINIC,BANIYAS ALAHLI MEDICAL CENTRE LLC,MF674,MUSSAFFAH – 37,"NEAR AHMED SALEM AL - MAHRAMI MOSQUE, OPP AL MADINA HYPERMARKET, MUSSAFFAH – 37",02-5510606,https://www.google.com/maps/search/?api=1&query=NEAR%20AHMED%20SALEM%20AL%20-%20MAHRAMI%20MOSQUE%2C%20OPP%20AL%20MADINA%20HYPERMARKET%2C%20MUSSAFFAH%20%E2%80%93%2037%2C%20Ajman%2C%20UAE,,,
302,AUH,Abu Dhabi,CLINIC,STAR AL AHALIA MEDICAL CENTER L.L.C.,MF4729,GAYATHI,"C76, NEAR GAYATHI MARKET,GAYATHI",02-8744677,https://www.google.com/maps/search/?api=1&query=C76%2C%20NEAR%20GAYATHI%20MARKET%2CGAYATHI%2C%20Ajman%2C%20UAE,,,
303,AUH,Abu Dhabi,CLINIC,EASTERN ALAHILI MEDICAL CENTER - SOLE PROPRIETORSHIP L.L.C.,MF3136,MAFRAQ,"MAFRAQ, WORKERS CITY-2,",02-5856005,https://www.google.com/maps/search/?api=1&query=MAFRAQ%2C%20WORKERS%20CITY-2%2C%2C%20Ajman%2C%20UAE,,,
304,AUH,Abu Dhabi,CLINIC,NOOR ALAHLI MEDICAL CENTER L.L.C. - BRANCH 1,MF4705,MUSSAFAH,"ICAD MALL, ICAD GATE 1, M41, ICAD RESIDENTIAL CITY, MUSSAFAH",02-5575890,https://www.google.com/maps/search/?api=1&query=ICAD%20MALL%2C%20ICAD%20GATE%201%2C%20M41%2C%20ICAD%20RESIDENTIAL%20CITY%2C%20MUSSAFAH%2C%20Ajman%2C%20UAE,,,
305,AUH,Abu Dhabi,CLINIC,NOOR ALAHLI MEDICAL CENTER L.L.C. - BRANCH 2,MF4851,MUSAFFAH,"M-9, SHABIYAH, BLDG. NO C-5 , NEAR SAFEER MALL, MUSAFFAH",02-5530368,https://www.google.com/maps/search/?api=1&query=M-9%2C%20SHABIYAH%2C%20BLDG.%20NO%20C-5%20%2C%20NEAR%20SAFEER%20MALL%2C%20MUSAFFAH%2C%20Ajman%2C%20UAE,,,
306,AUH,Abu Dhabi,CLINIC,NOOR ALAHLI MEDICAL CENTER L.L.C. - BRANCH 3,MF4850,HAMDAN,"BLDG. NO. C72, BEHIND LIWA CENTER, HAMDAN STREET, HAMDAN",02-6811533 / 0506192927,https://www.google.com/maps/search/?api=1&query=BLDG.%20NO.%20C72%2C%20BEHIND%20LIWA%20CENTER%2C%20HAMDAN%20STREET%2C%20HAMDAN%2C%20Ajman%2C%20UAE,,,
307,AUH,Abu Dhabi,CLINIC,NOOR ALAHLI MEDICAL CENTER L.L.C. - BRANCH 4,MF4926,NEAR BANIYAS COURT,"NEAR BANIYAS COURT, BANIYAS WEST",02-5858529,https://www.google.com/maps/search/?api=1&query=NEAR%20BANIYAS%20COURT%2C%20BANIYAS%20WEST%2C%20Ajman%2C%20UAE,,,
308,AUH,Abu Dhabi,CLINIC,NOOR ALAHLI MEDICAL CENTER L.L.C. - BRANCH 6,MF5121,MIRFA,"MARFA SOUQ, OPP ABU SAEED MOSQUE, MIRFA",02-8833020,https://www.google.com/maps/search/?api=1&query=MARFA%20SOUQ%2C%20OPP%20ABU%20SAEED%20MOSQUE%2C%20MIRFA%2C%20Ajman%2C%20UAE,,,
309,AUH,Abu Dhabi,CLINIC,OASIS MEDICAL CENTRE L.L.C.,MF405,MUSAFFAH ICAD,"NEAR FATHIMA SUPER MARKET, AL JIMI WORKERS VILLAGE, MUSAFFAH ICAD",02-5506691,https://www.google.com/maps/search/?api=1&query=NEAR%20FATHIMA%20SUPER%20MARKET%2C%20AL%20JIMI%20WORKERS%20VILLAGE%2C%20MUSAFFAH%20ICAD%2C%20Ajman%2C%20UAE,,,
310,AUH,Abu Dhabi,CLINIC,OASIS MEDICAL CENTRE L.L.C. - BRANCH 1,MF4552,AL FALAH STREET ,"OASIS BLDG., AL FALAH STREET (OLD PASSPORT ROAD), NEAR CITIBANK",02-6763282,https://www.google.com/maps/search/?api=1&query=OASIS%20BLDG.%2C%20AL%20FALAH%20STREET%20%28OLD%20PASSPORT%20ROAD%29%2C%20NEAR%20CITIBANK%2C%20Ajman%2C%20UAE,,,
311,AUH,Abu Dhabi,CLINIC,WESTERN TOWERS AL AHLIA MEDICAL CENTER L.L.C.,MF4695,BEDA ZAYED,"MZE-19, NEAR AL MAYA SUPERMARKET, SANAYA, BEDA ZAYED",02-8840522,https://www.google.com/maps/search/?api=1&query=MZE-19%2C%20NEAR%20AL%20MAYA%20SUPERMARKET%2C%20SANAYA%2C%20BEDA%20ZAYED%2C%20Ajman%2C%20UAE,,,
312,AUH,Abu Dhabi,CLINIC,ADNOC TECHNICIAL INSTITUTE CLINIC - ATI,MF2580,NEAR SCHLUMBERGER,"AL SHAWAMEKH, NEAR SCHLUMBERGER - ABU DHABI",02-6022894,https://www.google.com/maps/search/?api=1&query=AL%20SHAWAMEKH%2C%20NEAR%20SCHLUMBERGER%20-%20ABU%20DHABI%2C%20Ajman%2C%20UAE,,,
313,AUH,Abu Dhabi,CLINIC,SHEIKH KHALIFA ENERGY CLINIC-ADNOC,MF2578,SHEIKH KHALIFA ENERGY COMPLEX,SHEIKH KHALIFA ENERGY COMPLEX - ABU DHABI,02-6020012,https://www.google.com/maps/search/?api=1&query=SHEIKH%20KHALIFA%20ENERGY%20COMPLEX%20-%20ABU%20DHABI%2C%20Ajman%2C%20UAE,,,
314,AUH,Abu Dhabi,CLINIC,ABU DHABI REFINERY CLINIC,MF1963,INTERNATIONAL AIRPORT ROAD,INTERNATIONAL AIRPORT ROAD - ABU DHABI,02-6022011,https://www.google.com/maps/search/?api=1&query=INTERNATIONAL%20AIRPORT%20ROAD%20-%20ABU%20DHABI%2C%20Ajman%2C%20UAE,,,
315,AUH,Abu Dhabi,CLINIC,ADNOC ONSHORE MEDICAL CENTRE,MF1497,KHALIDIYAH,"ADCO MEDICAL CENTRE, NEAR ADCO OPERATIONS, AL KHALIDIYAH,1ST CORNICHE STREET, ABU DHABI",02-6018527 / 02-6043013,https://www.google.com/maps/search/?api=1&query=ADCO%20MEDICAL%20CENTRE%2C%20NEAR%20ADCO%20OPERATIONS%2C%20AL%20KHALIDIYAH%2C1ST%20CORNICHE%C2%A0STREET%2C%20ABU%20DHABI%2C%20Ajman%2C%20UAE,,,
316,AUH,Abu Dhabi,CLINIC,ADNOC HQ CLINIC,MF4942,CORNICHE STREET,"ADNOC BUILDING, CORNICHE STREET, ABU DHABI UAE",02-7073417,https://www.google.com/maps/search/?api=1&query=ADNOC%20BUILDING%2C%20CORNICHE%20STREET%2C%20ABU%20DHABI%20UAE%2C%20Ajman%2C%20UAE,,,
317,AUH,Abu Dhabi,CLINIC,QUSAHWIRA MEDICAL CENTER,MF3545,AL DHAFRA REGION,"AL DHAFRA REGION, P.O. BOX : 898, ABU DHABI",02-6014678,https://www.google.com/maps/search/?api=1&query=AL%20DHAFRA%20REGION%2C%20P.O.%20BOX%20%3A%20898%2C%20ABU%20DHABI%2C%20Ajman%2C%20UAE,,,
318,AUH,Abu Dhabi,CLINIC,SHAH AL HOSN PLQ CLINIC,MF5591,AL DHAFRA,"WESTERN REGION,AL DHAFRA, ABU DHABI",02-8085000,https://www.google.com/maps/search/?api=1&query=WESTERN%20REGION%2CAL%20DHAFRA%2C%20ABU%20DHABI%2C%20Ajman%2C%20UAE,,,
319,AUH,Abu Dhabi,CLINIC,DAS MEDICAL CENTER,MF1166,DAS ISLAND,"DAS ISLAND, ABU DHABI",02-6063500,https://www.google.com/maps/search/?api=1&query=DAS%20ISLAND%2C%20ABU%20DHABI%2C%20Ajman%2C%20UAE,,,
320,AUH,Abu Dhabi,CLINIC,ZIRKU MEDICAL CENTER,MF2291,ZIRKU ISLAND,"ZIRKU ISLAND, ABU DHABI",02-6056223,https://www.google.com/maps/search/?api=1&query=ZIRKU%20ISLAND%2C%20ABU%20DHABI%2C%20Ajman%2C%20UAE,,,
321,AUH,Abu Dhabi,CLINIC,UPPER ZAKUM CLINIC,MF2289,UPPER ZAKUM OILFIELD,"UPPER ZAKUM OILFIELD, ABU DHABI",02-6054200,https://www.google.com/maps/search/?api=1&query=UPPER%20ZAKUM%C2%A0OILFIELD%2C%20ABU%20DHABI%2C%20Ajman%2C%20UAE,,,
322,AUH,Abu Dhabi,CLINIC,ARZANAH CLINIC,MF2292,UMM AL NAR,"UMM AL NAR, NEAR AL MAQTA BRIDGE - ABU DHABI",02-6057300,https://www.google.com/maps/search/?api=1&query=UMM%20AL%20NAR%2C%20NEAR%20AL%20MAQTA%20BRIDGE%20-%20ABU%20DHABI%2C%20Ajman%2C%20UAE,,,
323,AUH,Abu Dhabi,CLINIC,UMM AL DAKH CLINIC,MF2290,UMM AL DAKH OILFIELD,"UMM AL DAKH OILFIELD, ABU DHABI",02-6054015,https://www.google.com/maps/search/?api=1&query=UMM%20AL%20DAKH%20OILFIELD%2C%20ABU%20DHABI%2C%20Ajman%2C%20UAE,,,
324,AUH,Abu Dhabi,CLINIC,ALSSEIFIYA ISLAND CLINIC,MF3571,SOUTH ISLAND OIL FIELD,"SOUTH ISLAND OIL FIELD, ABU DHABI",02-6059012,https://www.google.com/maps/search/?api=1&query=SOUTH%20ISLAND%20OIL%20FIELD%2C%20ABU%20DHABI%2C%20Ajman%2C%20UAE,,,
325,AUH,Abu Dhabi,CLINIC,ATTOUK ISLAND CLINIC,MF3830,NORTH ISLAND OILFIELD,"NORTH ISLAND OILFIELD, ABU DHABI",02-6059406,https://www.google.com/maps/search/?api=1&query=NORTH%20ISLAND%20OILFIELD%2C%20ABU%20DHABI%2C%20Ajman%2C%20UAE,,,
326,AUH,Abu Dhabi,CLINIC,WEST ISLAND CLINIC,MF4277,WEST ISLAND OILFIELD,"WEST ISLAND OILFIELD, ABU DHABI",02-6059902,https://www.google.com/maps/search/?api=1&query=WEST%20ISLAND%20OILFIELD%2C%20ABU%20DHABI%2C%20Ajman%2C%20UAE,,,
327,AUH,Abu Dhabi,CLINIC,AL GHALLAN ISLAND CLINIC,MF4182,CENTRAL ISLAND OILFIELD,"CENTRAL ISLAND OILFIELD, ABU DHABI",02-6059602,https://www.google.com/maps/search/?api=1&query=CENTRAL%20ISLAND%20OILFIELD%2C%20ABU%20DHABI%2C%20Ajman%2C%20UAE,,,
328,AUH,Abu Dhabi,CLINIC,ALQATIA ISLAND CLINIC,MF4550,ALQATIA ISLAND,"ALQATIA ISLAND, ABU DHABI, UAE",02-6085544,https://www.google.com/maps/search/?api=1&query=ALQATIA%20ISLAND%2C%20ABU%20DHABI%2C%20UAE%2C%20Ajman%2C%20UAE,,,
329,AUH,Abu Dhabi,CLINIC,BUSIKEEN ISLAND CLINIC,MF4570,SARB ISLAND,"ABU DHABI MARINE OPERATING SARB ISLAND, ABU DHABI, UAE",02-6085824,https://www.google.com/maps/search/?api=1&query=ABU%20DHABI%20MARINE%20OPERATING%20SARB%20ISLAND%2C%20ABU%20DHABI%2C%20UAE%2C%20Ajman%2C%20UAE,,,
330,AUH,Abu Dhabi,CLINIC,UMM SHAIF FIELD CLINIC,MF5581,UMM SHAIF FIELD,"UMM SHAIF FIELD, ABU DHABI",02-6066887,https://www.google.com/maps/search/?api=1&query=UMM%20SHAIF%20FIELD%2C%20ABU%20DHABI%2C%20Ajman%2C%20UAE,,,
331,AUH,Abu Dhabi,CLINIC,ZAKUM WEST SUPER COMPLEX CLINIC,MF5635,ZAKUM WEST ISLAND,"ZAKUM WEST ISLAND, ABU DHABI",02-6067206,https://www.google.com/maps/search/?api=1&query=ZAKUM%20WEST%20ISLAND%2C%20ABU%20DHABI%2C%20Ajman%2C%20UAE,,,
332,AUH,Abu Dhabi,CLINIC,AL NASR FIELD CLINIC,MF5670,AL NASR FIELD ISLAND,"AL NASR FIELD ISLAND, ABU DHABI",02-6066887,https://www.google.com/maps/search/?api=1&query=AL%20NASR%20FIELD%20ISLAND%2C%20ABU%20DHABI%2C%20Ajman%2C%20UAE,,,
333,AUH,Abu Dhabi,CLINIC,UMM AL LULU CLINIC,MF5674,UMM AL LULU ISLAND,"UMM AL LULU ISLAND, ABU DHABI UAE",02-6066887,https://www.google.com/maps/search/?api=1&query=UMM%20AL%20LULU%20ISLAND%2C%20ABU%20DHABI%20UAE%2C%20Ajman%2C%20UAE,,,
334,AUH,Abu Dhabi,CLINIC,SHAH GENERAL CLINIC,MF2582,RAMS SHAH FIRST AID CENTER,"RAMS SHAH FIRST AID CENTER - ADNOC (R18),ABU DHABI",02-6020541,https://www.google.com/maps/search/?api=1&query=RAMS%20SHAH%20FIRST%20AID%20CENTER%20-%20ADNOC%20%28R18%29%2CABU%20DHABI%2C%20Ajman%2C%20UAE,,,
335,AUH,Abu Dhabi,CLINIC,SAHEL  CLINIC,MF3044,SAHEL,"SAHEL, WESTERN REGION, ABU DHABI",02-6049928,https://www.google.com/maps/search/?api=1&query=SAHEL%2C%20WESTERN%20REGION%2C%20ABU%20DHABI%2C%20Ajman%2C%20UAE,,,
336,AUH,Abu Dhabi,CLINIC,BUHASA MEDICAL CENTER,MF2336,RAMS BUHASA,"RAMS BUHASA, ABU DHABI",02-6035272,https://www.google.com/maps/search/?api=1&query=RAMS%20BUHASA%2C%20ABU%20DHABI%2C%20Ajman%2C%20UAE,,,
337,AUH,Abu Dhabi,CLINIC,DABBAYIA CLINIC,MF2334,RAMS DHABIYYA ,"RAMS DHABIYYA CLINIC,ABU DHABI",02-26046788,https://www.google.com/maps/search/?api=1&query=RAMS%20DHABIYYA%20CLINIC%2CABU%20DHABI%2C%20Ajman%2C%20UAE,,,
338,AUH,Abu Dhabi,CLINIC,HABSHAN MEDICAL CENTER,MF2333,BEDA ZAYED ROAD,"BEDA ZAYED ROAD, HABSHAN ABU DHABI",02-6038331,https://www.google.com/maps/search/?api=1&query=BEDA%20ZAYED%20ROAD%2C%20HABSHAN%20ABU%20DHABI%2C%20Ajman%2C%20UAE,,,
339,AUH,Abu Dhabi,CLINIC,ASAB MEDICAL CENTER,MF2335,ASAB AREA,"ASAB AREA, ABU DHABI",02-6034222,https://www.google.com/maps/search/?api=1&query=ASAB%20AREA%2C%20ABU%20DHABI%2C%20Ajman%2C%20UAE,,,
340,AUH,Abu Dhabi,CLINIC,BIDA AL OSHANAH CLINIC,MF3149,HABSHAN,"BUHASA ROAD, HABSHAN ABU DHABI",02-7071271,https://www.google.com/maps/search/?api=1&query=BUHASA%20ROAD%2C%20HABSHAN%20ABU%20DHABI%2C%20Ajman%2C%20UAE,,,
341,AUH,Abu Dhabi,CLINIC,ADAM & EVE SPECIALIZED MEDICAL CENTRE L.L.C,MF1103,ZAYED THE FIRST STREET,"1ST FLOOR, PINK BUILDING #501, NEAR ROYAL ROSE HOTEL, ZAYED THE FIRST STREET - E-10 - ABU DHABI",02-6767366,https://www.google.com/maps/search/?api=1&query=1ST%20FLOOR%2C%20PINK%20BUILDING%20%23501%2C%20NEAR%20ROYAL%20ROSE%20HOTEL%2C%20ZAYED%20THE%20FIRST%20STREET%20-%20E-10%20-%20ABU%20DHABI%2C%20Ajman%2C%20UAE,,,
342,AUH,Abu Dhabi,CLINIC,ADAM & EVE SPECIALIZED MEDICAL CENTRE L.L.C. - BRANCH,MF5163,NEAR SHEIKH KHALIFA MEDICAL CITY,"VILLA NO # 209, NEAR SHEIKH KHALIFA MEDICAL CITY, AL    KARAMAH STREET",02-621 9996,https://www.google.com/maps/search/?api=1&query=VILLA%20NO%20%23%20209%2C%20NEAR%20SHEIKH%20KHALIFA%20MEDICAL%20CITY%2C%20AL%20%20%20%20KARAMAH%20STREET%2C%20Ajman%2C%20UAE,,,
343,AUH,Abu Dhabi,CLINIC,DOCTOR ATIQUR RAHMAN POLYCLINIC LLC,MF3037,AL MARAFI STREET ,"SEED AL KHALIL BLD AL MARAFI,STREET ABUDHABI,UAE",02-6398331,https://www.google.com/maps/search/?api=1&query=SEED%20AL%20KHALIL%20BLD%20AL%20MARAFI%2CSTREET%20ABUDHABI%2CUAE%2C%20Ajman%2C%20UAE,,,
344,AUH,Abu Dhabi,CLINIC,GROW AND GLOW MEDCLINIC- SOLE PROPRIERTORSHIP LLC,MF7522,NEW SHAHAMA,"BLD NO 26 NEW SHAHAMA,NEAR PETROL PUMP,UAE",02-6505388,https://www.google.com/maps/search/?api=1&query=BLD%20NO%2026%20NEW%20SHAHAMA%2CNEAR%20PETROL%20PUMP%2CUAE%2C%20Ajman%2C%20UAE,,,
345,AUH,Abu Dhabi,CLINIC,A B C PLUS MEDICAL CENTER,MF7401,WORKER CITY NO.1-MAFRAQ I,WORKER CITY NO.1-MAFRAQ INDUSTRIAL AREA-ABU DHABI UAE,02-6279479,https://www.google.com/maps/search/?api=1&query=WORKER%20CITY%20NO.1-MAFRAQ%20INDUSTRIAL%20AREA-ABU%20DHABI%20UAE%2C%20Ajman%2C%20UAE,,,
346,AUH,Abu Dhabi,CLINIC,BASEL MEDICAL CENTRE LLC,MF187,AL MAFRAQ WORKERS CITY 2,"AL MAFRAQ WORKERS CITY 2 - ABU DHABI,UAE",02-6316831,https://www.google.com/maps/search/?api=1&query=AL%20MAFRAQ%20WORKERS%20CITY%202%20-%20ABU%20DHABI%2CUAE%2C%20Ajman%2C%20UAE,,,
347,AUH,Abu Dhabi,CLINIC,HOME HEALTH MEDICAL CENTRE LLC,MF1798,SHABIYA 11,"C 31 BUILDING NUMBER ,FIRST FLOOR ,SHABIYA 11 ,ABU DHABI,UAE",02-5530162,https://www.google.com/maps/search/?api=1&query=C%2031%20BUILDING%20NUMBER%20%2CFIRST%20FLOOR%20%2CSHABIYA%2011%20%2CABU%20DHABI%2CUAE%2C%20Ajman%2C%20UAE,,,
348,AUH,Abu Dhabi,CLINIC,MARIAM MEDICAL CENTER LLC,MF335,BANIYAS," SHOP NO.2B PLOT NO F2C4_1MAGENTA PEARL VILLAGE, AL-MAFRAQ INDUSTRIAL-2 (CHINA CAMP),BANIYAS, ABU DHABI",02-6214626,https://www.google.com/maps/search/?api=1&query=SHOP%20NO.2B%20PLOT%20NO%20F2C4_1MAGENTA%20PEARL%20VILLAGE%2C%20AL-MAFRAQ%20INDUSTRIAL-2%20%28CHINA%20CAMP%29%2CBANIYAS%2C%20ABU%20DHABI%2C%20Ajman%2C%20UAE,,,
349,AUH,Abu Dhabi,CLINIC,HEALTH TIME MEDICAL CENTRE - SOLE PROPRIETORSHIP L.L.C,MF4907,BANIYAS," BLDG. 08, PLOT F2C4-8, AL-MAFRAQ INDUSTRIAL 2 BANIYAS, ABU DHABI, UNITED ARAB EMIRATES,",02-6425247,https://www.google.com/maps/search/?api=1&query=BLDG.%2008%2C%20PLOT%20F2C4-8%2C%20AL-MAFRAQ%20INDUSTRIAL%202%20BANIYAS%2C%20ABU%20DHABI%2C%20UNITED%20ARAB%20EMIRATES%2C%2C%20Ajman%2C%20UAE,,,
350,AUH,Abu Dhabi,CLINIC,APEX MEDICAL CENTRE L.L.C,MF7186,GHAYATHI NEW INDUSTRIAL AREA,"BIN ASHEER BUILDING, GHAYATHI NEW INDUSTRIAL AREA, WESTERN REGION GHAYATHI ABU DHABI, UAE",02-6500485,https://www.google.com/maps/search/?api=1&query=BIN%20ASHEER%20BUILDING%2C%20GHAYATHI%20NEW%20INDUSTRIAL%20AREA%2C%20WESTERN%20REGION%20GHAYATHI%20ABU%20DHABI%2C%20UAE%2C%20Ajman%2C%20UAE,,,
351,AUH,Abu Dhabi,CLINIC,INDUS MEDICAL CENTRE LLC,MF4961,WORKERS VILLAGE 2 AL MAFRAQ,"WORKERS VILLAGE 2 AL MAFRAQ INDUSTRIAL AREA ABU DHABI, UAE  ",02-4467700,https://www.google.com/maps/search/?api=1&query=WORKERS%20VILLAGE%202%20AL%20MAFRAQ%20INDUSTRIAL%20AREA%20ABU%20DHABI%2C%20UAE%2C%20Ajman%2C%20UAE,,,
352,AUH,Abu Dhabi,CLINIC,AL KAMAL MEDICAL POLY CLINICS-L.L.C- S.P.C (FORMERLY AL KAMAL MEDICAL POLYCLINICS-LLC),MF87,KHALIDIYA,"FIRST FLOOR,AL JERNAIN TOWER,ZAYED THE FIRST STREET,KHALIDIYA,ABU DHABI,UAE",02-6651464,https://www.google.com/maps/search/?api=1&query=FIRST%20FLOOR%2CAL%20JERNAIN%20TOWER%2CZAYED%20THE%20FIRST%20STREET%2CKHALIDIYA%2CABU%20DHABI%2CUAE%2C%20Ajman%2C%20UAE,,,
353,AUH,Abu Dhabi,CLINIC,EVER CARE MEDICAL CENTER,MF4242,SANIYAH ,"MUSAFFAH,SANIYAH 17,UAE",02-4457667,https://www.google.com/maps/search/?api=1&query=MUSAFFAH%2CSANIYAH%2017%2CUAE%2C%20Ajman%2C%20UAE,,,
354,AUH,Abu Dhabi,CLINIC,EMERALD MEDICAL CENTRE LLC,MF3918, ICAD,"STREET#16 M/37 NEAR ICAD,ABU DHABI,UAE",02-4441325,https://www.google.com/maps/search/?api=1&query=STREET%2316%20M/37%20NEAR%20ICAD%2CABU%20DHABI%2CUAE%2C%20Ajman%2C%20UAE,,,
355,AUH,Abu Dhabi,CLINIC,HOPE MEDICAL CENTER L.L.C,MF4598,BANIYAS,"BANIYAS, MAFRAQ INDUSTRIAL - PLOT 384, UNIT, OWNER/GENERAL CONSTRUCTION COMPANY, ABU DHABI",02-5551430,https://www.google.com/maps/search/?api=1&query=BANIYAS%2C%20MAFRAQ%20INDUSTRIAL%20-%20PLOT%20384%2C%20UNIT%2C%20OWNER/GENERAL%20CONSTRUCTION%20COMPANY%2C%20ABU%20DHABI%2C%20Ajman%2C%20UAE,,,
356,AUH,Abu Dhabi,CLINIC,MODERN CENTER,MF660,AL GABA STREET,"AL GABA STREET, NEAR MALABAR GOLD, ABOVE MAJEED PHARMACY ALAIN ABUDHABI,UAE",03-7664764,https://www.google.com/maps/search/?api=1&query=AL%20GABA%20STREET%2C%20NEAR%20MALABAR%20GOLD%2C%20ABOVE%20MAJEED%20PHARMACY%20ALAIN%20ABUDHABI%2CUAE%2C%20Ajman%2C%20UAE,,,
357,AUH,Abu Dhabi,CLINIC,RAHMATH SILA CLINIC,MF4019,SILA,"1ST FLOOR, AL SILA PHARMACY BUILDING, SILA, ABU DHABI, UAE",02-8724999,https://www.google.com/maps/search/?api=1&query=1ST%20FLOOR%2C%20AL%20SILA%20PHARMACY%20BUILDING%2C%20SILA%2C%20ABU%20DHABI%2C%20UAE%2C%20Ajman%2C%20UAE,,,
358,AUH,Abu Dhabi,CLINIC,SPECIALIZED DENTAL AND ORTHODONTIC CENTER,MF1903, AL MUSHRIF,"131, M FLOOR, AL MUSHRIF, NEAR IMMIGRATION OFFICE ,ABU DHABI ,UAE",02-4439688,https://www.google.com/maps/search/?api=1&query=131%2C%20M%20FLOOR%2C%20AL%20MUSHRIF%2C%20NEAR%20IMMIGRATION%20OFFICE%20%2CABU%20DHABI%20%2CUAE%2C%20Ajman%2C%20UAE,,,
359,AUH,Abu Dhabi,CLINIC,PATTAYA MEDICAL CENTRE L.L.C,MF4438,MUSSAFAH SANAIYA,"BUILDING NUMBER 216 NEAR I.CARD, M-37, MUSSAFAH SANAIYA, ABU DHABI, UAE",02-5530233,https://www.google.com/maps/search/?api=1&query=BUILDING%20NUMBER%C2%A0216%C2%A0NEAR%20I.CARD%2C%20M-37%2C%20MUSSAFAH%20SANAIYA%2C%20ABU%20DHABI%2C%20UAE%2C%20Ajman%2C%20UAE,,,
360,AUH,Abu Dhabi,CLINIC,SAHARA MEDICAL CENTER L.L.C,MF3578,MUSAFFAH,"M44, MUSAFFAH, ABU DHABI",02-5556393,https://www.google.com/maps/search/?api=1&query=M44%2C%20MUSAFFAH%2C%20ABU%20DHABI%2C%20Ajman%2C%20UAE,,,
361,AUH,Abu Dhabi,CLINIC,LIFECARE CLINIC L.L.C. - BRANCH,MF7228,WORKER'S CITY ICAD,"TASAMEEM WORKER'S CITY ICAD ,MUSAFFAH ",02-5502543,https://www.google.com/maps/search/?api=1&query=TASAMEEM%20WORKER%27S%20CITY%20ICAD%20%2CMUSAFFAH%2C%20Ajman%2C%20UAE,,,
362,AUH,Abu Dhabi,CLINIC,LLH CLINIC L.L.C,MF5745,"ICAD , MUSAFFAH ","LULU STAFF CITY ICAD , MUSAFFAH ",02-4116180,https://www.google.com/maps/search/?api=1&query=LULU%20STAFF%20CITY%20ICAD%20%2C%20MUSAFFAH%2C%20Ajman%2C%20UAE,,,
363,AUH,Abu Dhabi,CLINIC,LLH CLINIC L.L.C. - BRANCH,MF7673,"GHIYATHI, AL DHAFRA","NEAR MEGA BAZAR GHIYATHI, AL DHAFRA",056-4010637,https://www.google.com/maps/search/?api=1&query=NEAR%20MEGA%20BAZAR%20GHIYATHI%2C%20AL%20DHAFRA%2C%20Ajman%2C%20UAE,,,
364,AUH,Abu Dhabi,CLINIC,HIRMAS REAL ESTATE LLC,MF4950,SAADIYAT ISLAND,"SAADIYAT ACCOMMODATION VILLAGE ,SAADIYAT ISLAND , ABU DHABI",02-2050812,https://www.google.com/maps/search/?api=1&query=SAADIYAT%20ACCOMMODATION%20VILLAGE%20%2CSAADIYAT%20ISLAND%20%2C%20ABU%20DHABI%2C%20Ajman%2C%20UAE,,,
365,AUH,Abu Dhabi,CLINIC,TIME CURE MEDICAL CENTER - SOLE PROPRIETORSHIP LLC,MF3217,MUSSAFAH 36,"PLOT 15, ABOVE ARAB COOK REST. MUSSAFAH 36, ABU DHABI,UAE",02-5508998,https://www.google.com/maps/search/?api=1&query=PLOT%2015%2C%20ABOVE%20ARAB%20COOK%20REST.%20MUSSAFAH%2036%2C%20ABU%20DHABI%2CUAE%2C%20Ajman%2C%20UAE,,,
366,AUH,Abu Dhabi,CLINIC,NMC ROYAL FAMILY MEDICAL CENTRE LTD(FORMERLY NMC ROYAL FAMILY MEDICAL CENTRE L.L.C.),MF3335,MOHAMMAD BIN ZAYED CITY,"PRESTIGE TOWER,NEAR CAPITAL MALL,MOHAMMED BIN ZAYED CITY,ABU DHABI",02-6911500,https://www.google.com/maps/search/?api=1&query=PRESTIGE%20TOWER%2CNEAR%20CAPITAL%20MALL%2CMOHAMMED%20BIN%20ZAYED%20CITY%2CABU%20DHABI%2C%20Ajman%2C%20UAE,,,
367,AUH,Abu Dhabi,CLINIC,N M C ROYAL MEDICAL CENTRE LTD(FORMERLY NMC ROYAL MEDICAL CENTRE L.L.C),MF4286,ELECTRA STREET,"5TH FLOOR, ELECTRA STREET , SAMA TOWER",02-5133111,https://www.google.com/maps/search/?api=1&query=5TH%20FLOOR%2C%20ELECTRA%20STREET%20%2C%20SAMA%20TOWER%2C%20Ajman%2C%20UAE,,,
368,AUH,Abu Dhabi,CLINIC,N M C ROYAL MEDICAL CENTRE LTD,MF5221,NEW SHAHAMAH,12 AL SADIRAT ST - AL SHAHAMAH - NEW SHAHAMAH - ABU DHABI,02-8859400,https://www.google.com/maps/search/?api=1&query=12%20AL%20SADIRAT%20ST%20-%20AL%20SHAHAMAH%20-%20NEW%20SHAHAMAH%20-%20ABU%20DHABI%2C%20Ajman%2C%20UAE,,,
369,AUH,Abu Dhabi,CLINIC,NMC ROYAL MEDICAL CENTRE LTD,MF5303,AL KHALIDIYAH ,14 AL FARIS ST - AL KHALIDIYAH - W17-01 - ABU DHABI,02-6144900,https://www.google.com/maps/search/?api=1&query=14%20AL%20FARIS%20ST%20-%20AL%20KHALIDIYAH%20-%20W17-01%20-%20ABU%20DHABI%2C%20Ajman%2C%20UAE,,,
370,AUH,Abu Dhabi,CLINIC,OXFORD MEDICAL CENTER L.L.C,MF1976, MUROOR AREA,"23RD - 25TH STREET, MUROOR AREA (BEHIND LULU EXPRESS - HADBAT AL ZA'FARANAH - ABU DHABI",02-4489666,https://www.google.com/maps/search/?api=1&query=23RD%20-%2025TH%20STREET%2C%20MUROOR%20AREA%20%28BEHIND%20LULU%20EXPRESS%20-%20HADBAT%20AL%20ZA%27FARANAH%20-%20ABU%20DHABI%2C%20Ajman%2C%20UAE,,,
371,AUH,Abu Dhabi,CLINIC,MEDICAL SPECIALITY CENTRE L.L.C,MF339,KHALIDIYA ,"MEDICAL SPECIALITY CENTRE, KHALIDIYA - ZAYED THE FIRST ST - AL HISN - W4 - ABU DHABI",02-6336325,https://www.google.com/maps/search/?api=1&query=MEDICAL%20SPECIALITY%20CENTRE%2C%20KHALIDIYA%20-%20ZAYED%20THE%20FIRST%20ST%20-%20AL%20HISN%20-%20W4%20-%20ABU%20DHABI%2C%20Ajman%2C%20UAE,,,
372,AUH,Abu Dhabi,CLINIC,MESK ALMADINA MEDICAL CENTRE LLC,MF4048,MUSAFFAH,"ICAD AREA M40, PLOT NO 96 – MUSAFFAH, P.O. BOX 94100, ABU DHABI, U.A.E",02-5504333,https://www.google.com/maps/search/?api=1&query=ICAD%20AREA%20M40%2C%20PLOT%20NO%2096%20%E2%80%93%20MUSAFFAH%2C%20P.O.%20BOX%2094100%2C%20ABU%20DHABI%2C%20U.A.E%2C%20Ajman%2C%20UAE,,,
373,AUH,Abu Dhabi,CLINIC,ALPHA MEDICAL CENTRE L.L.C,MF572,MUSAFFAH,"PLOT NO 1, AL FIRDOUS TOWER, M3, MUSAFFAH, ABU DHABI ",02-5558383,https://www.google.com/maps/search/?api=1&query=PLOT%20NO%201%2C%20AL%20FIRDOUS%20TOWER%2C%20M3%2C%20MUSAFFAH%2C%20ABU%20DHABI%2C%20Ajman%2C%20UAE,,,
374,AUH,Abu Dhabi,CLINIC,GOLDEN SANDS MEDICAL CENTRE L.L.C,MF605,AL FALAH STREET ,OLD PASSPORT ROAD - AL FALAH ST - ABU DHABI,02-6427171,https://www.google.com/maps/search/?api=1&query=OLD%20PASSPORT%20ROAD%20-%20AL%20FALAH%20ST%20-%20ABU%20DHABI%2C%20Ajman%2C%20UAE,,,
375,AUH,Abu Dhabi,CLINIC,APOLLO MEDICAL CENTRE SOLE PROPRIETORSHIP LLC,MF1026,HAMDAN STREET,"M101, MURAIJEB TOWER, HAMDAN STREET, ABU DHABI, UAE",02-6397733,https://www.google.com/maps/search/?api=1&query=M101%2C%20MURAIJEB%20TOWER%2C%20HAMDAN%20STREET%2C%20ABU%20DHABI%2C%20UAE%2C%20Ajman%2C%20UAE,,,
376,AUH,Abu Dhabi,CLINIC,GOLDEN CURE MEDICAL CENTRE - SOLE PROPRIETORSHIP L.L.C,MF304,AL DHAFRA INDUSTRIAL AREA,"ZAYED CITY EAST 19, BEHIND AL MASAOOD NISSAN SERVICE CENTER, AL DHAFRA INDUSTRIAL AREA- WESTERN REGION- ABU DHABI",02-8784642,https://www.google.com/maps/search/?api=1&query=ZAYED%20CITY%20EAST%2019%2C%20BEHIND%20AL%20MASAOOD%20NISSAN%20SERVICE%20CENTER%2C%20AL%20DHAFRA%20INDUSTRIAL%20AREA-%20WESTERN%20REGION-%20ABU%20DHABI%2C%20Ajman%2C%20UAE,,,
377,AUH,Abu Dhabi,CLINIC,HEALTH GO MEDICAL CENTER LLC,MF7029,AL MAFRAQ ,"AL MAFRAQ INDUSTRIAL AREA,AUH,UAE",02-5851331,https://www.google.com/maps/search/?api=1&query=AL%20MAFRAQ%20INDUSTRIAL%20AREA%2CAUH%2CUAE%2C%20Ajman%2C%20UAE,,,
378,AUH,Abu Dhabi,CLINIC,WAZIRUSTAN MEDICAL CENTRE - L.L.C - O.P.C,MF3043,AL DHAFRA REGION,"11, AL FASEEHAH ST, GHIYATHI, AL DHAFRA REGION 10868,AUH,UAE",02-8741400,https://www.google.com/maps/search/?api=1&query=11%2C%20AL%20FASEEHAH%20ST%2C%20GHIYATHI%2C%20AL%20DHAFRA%20REGION%2010868%2CAUH%2CUAE%2C%20Ajman%2C%20UAE,,,
379,AUH,Abu Dhabi,CLINIC,ANSARI MEDICAL CENTRE - L.L.C - O.P.C,MF168,AL KHALIDIYAH ,"AL-HOSN, WEST, 4 0:, BUILDING, AFRA MUHAMMAD SAIF ASSISTANT, AL KHALIDIYA, ABU DHABI,UAE",02-6394139,https://www.google.com/maps/search/?api=1&query=AL-HOSN%2C%20WEST%2C%204%200%3A%2C%20BUILDING%2C%20AFRA%20MUHAMMAD%20SAIF%20ASSISTANT%2C%20AL%20KHALIDIYA%2C%20ABU%20DHABI%2CUAE%2C%20Ajman%2C%20UAE,,,
380,AUH,Abu Dhabi,CLINIC,AL ITTIHAD MEDICAL CENTRE SOLE PROPRETIERSHIP LLC,MF287,HAMDAN STREET,303 THIRD FLOOR EMI TOWER NEXT TO MARKS & SPENCER HAMDAN STREET ABU DHABI,02-6226611,https://www.google.com/maps/search/?api=1&query=303%20THIRD%20FLOOR%20EMI%20TOWER%20NEXT%20TO%20MARKS%20%26%20SPENCER%20HAMDAN%20STREET%20ABU%20DHABI%2C%20Ajman%2C%20UAE,,,
381,AUH,Abu Dhabi,CLINIC,ARCHITECT CLINIC LLC OPC,MF7849,ICAD - III,"AL DHAFRA WORKERS VILLAGE ICAD - III,IAUH,UAE",02-6721400,https://www.google.com/maps/search/?api=1&query=AL%20DHAFRA%20WORKERS%20VILLAGE%20ICAD%20-%20III%2CIAUH%2CUAE%2C%20Ajman%2C%20UAE,,,
382,AUH,Abu Dhabi,CLINIC,MAX CURE MEDICAL CARE CENTER-L.L.C,MF7218,DARWISH TOWER,"DARWISH TOWER, OFFICE #M06,ABU DHABI,UAE",050-2543146,https://www.google.com/maps/search/?api=1&query=DARWISH%20TOWER%2C%20OFFICE%20%23M06%2CABU%20DHABI%2CUAE%2C%20Ajman%2C%20UAE,,,
383,AUH,Abu Dhabi,CLINIC,MEDLUX MEDICAL CENTER L.L.C,MF3666,AL MAFRAQ INDUSTRIAL AREA,"AL MAFRAQ INDUSTRIAL AREA,ABU DHABI,UAE",02-6229722,https://www.google.com/maps/search/?api=1&query=AL%20MAFRAQ%20INDUSTRIAL%20AREA%2CABU%20DHABI%2CUAE%2C%20Ajman%2C%20UAE,,,
384,AUH,Abu Dhabi,CLINIC,MARJAN MEDICAL CENTER,MF5117,AL KHURAIR - AL NOUD ,AL KHURAIR - AL NOUD - ALAIN ABU DHABI,03-7530110,https://www.google.com/maps/search/?api=1&query=AL%20KHURAIR%20-%20AL%20NOUD%20-%20ALAIN%20ABU%20DHABI%2C%20Ajman%2C%20UAE,,,
385,AUH,Abu Dhabi,CLINIC,ROYAL INTERNATIONAL MEDICAL CENTER - SOLE PROPRIETORSHIP L.L.C.,MF4357,AL MAFRAQ WORKERS VILLAGE,"AL MAFRAQ WORKERS VILLAGE NO. 1 ABU DHABI, UAE",02-8775522,https://www.google.com/maps/search/?api=1&query=AL%20MAFRAQ%20WORKERS%20VILLAGE%20NO.%201%20ABU%20DHABI%2C%20UAE%2C%20Ajman%2C%20UAE,,,
386,AUH,Abu Dhabi,CLINIC,GULF INTERNATIONAL CANCER CENTER ,MF1992,AL BAHIA,"AL BAHIA, EXIT 39, SHEIK AL MAKTOOM ROAD, ABU DHABI, UAE",02-5630089,https://www.google.com/maps/search/?api=1&query=AL%20BAHIA%2C%20EXIT%2039%2C%20SHEIK%20AL%20MAKTOOM%20ROAD%2C%20ABU%20DHABI%2C%20UAE%2C%20Ajman%2C%20UAE,,,
387,AUH,Abu Dhabi,CLINIC,CENTRAL CLINIC L.L.C,MF198,HAMDAN BIN MOHAMMED,"EMI TOWER, LEVEL 2, NEXT TO MARKS & SPENCER - HAMDAN BIN MOHAMMED ST - ABU DHABI, UAE",02-6323497,https://www.google.com/maps/search/?api=1&query=EMI%20TOWER%2C%20LEVEL%202%2C%20NEXT%20TO%20MARKS%20%26%20SPENCER%20-%20HAMDAN%20BIN%20MOHAMMED%20ST%20-%20ABU%20DHABI%2C%20UAE%2C%20Ajman%2C%20UAE,,,
388,AUH,Abu Dhabi,CLINIC,SHARMIN AKTER MEDICAL CENTER LLC,MF7348,WORKERS CITY 2,"G20, 21 PARCO MALL MAFRAQ WORKER CITY 2 ABU DHABI UAE",02-5828077,https://www.google.com/maps/search/?api=1&query=G20%2C%2021%20PARCO%20MALL%20MAFRAQ%20WORKER%20CITY%202%20ABU%20DHABI%20UAE%2C%20Ajman%2C%20UAE,,,
389,AUH,Abu Dhabi,CLINIC,DR SABAH AL SAKBAN MEDICAL CLINIC - L.L.C - S.P.C,MF670,SAEED BIN AHMED AL OTAIBA ST,"SAEED BIN AHMED AL OTAIBA ST - AL DANAH - ZONE 1 - ABU DHABI,UAE",02-6331003,https://www.google.com/maps/search/?api=1&query=SAEED%20BIN%20AHMED%20AL%20OTAIBA%20ST%20-%20AL%20DANAH%20-%20ZONE%201%20-%20ABU%20DHABI%2CUAE%2C%20Ajman%2C%20UAE,,,
390,AUH,Abu Dhabi,CLINIC,BASHIRA SPECIALIZED MEDICAL CLINIC - L.L.C - S.P.C,MF1242,SAEED BIN AHMED AL OTAIBA ST,"SAEED BIN AHMED AL OTAIBA ST - AL DANAH - ZONE 1 - ABU DHABI, UAE",02-6219995,https://www.google.com/maps/search/?api=1&query=SAEED%20BIN%20AHMED%20AL%20OTAIBA%20ST%20-%20AL%20DANAH%20-%20ZONE%201%20-%20ABU%20DHABI%2C%20UAE%2C%20Ajman%2C%20UAE,,,
391,AUH,Abu Dhabi,CLINIC,LLH CLINIC L.L.C - BRANCH,MF7828,AL MAHHARAH STREET,"AL NASSER 1 WORKERS CITY ,AL MAHHARAH STREET, AL MAFRAQ WORKERS' RESIDENTIAL CITY , ABU DHABI",02-5841986,https://www.google.com/maps/search/?api=1&query=AL%20NASSER%201%20WORKERS%20CITY%20%2CAL%20MAHHARAH%20STREET%2C%20AL%20MAFRAQ%20WORKERS%27%20RESIDENTIAL%20CITY%20%2C%20ABU%20DHABI%2C%20Ajman%2C%20UAE,,,
392,AUH,Abu Dhabi,CLINIC,LIFECARE CLINIC LLC BRANCH,MF8037,AL MAFRAQ,"CONSTRUCTION WORKERS RESIDENTIAL CITY, AL MAFRAQ WORKERS CITY, ABU DHABI",02-5562240,https://www.google.com/maps/search/?api=1&query=CONSTRUCTION%20WORKERS%20RESIDENTIAL%20CITY%2C%20AL%20MAFRAQ%20WORKERS%20CITY%2C%20ABU%20DHABI%2C%20Ajman%2C%20UAE,,,
393,AUH,Abu Dhabi,CLINIC,MEDEOR MEDICAL CENTRE - L.L.C,MF1913,RASHID BIN SAEED ST,"717, SHK. RASHID BIN SAEED ST, AL NAHYAH, ZONE 1, ABU DHABI, UAE",02-6977666,https://www.google.com/maps/search/?api=1&query=717%2C%20SHK.%20RASHID%20BIN%20SAEED%20ST%2C%20AL%20NAHYAH%2C%20ZONE%201%2C%20ABU%20DHABI%2C%20UAE%2C%20Ajman%2C%20UAE,,,
394,AUH,Abu Dhabi,CLINIC,LLH OASIS MEDICAL CENTRE L.L.C,MF4530,MADINAT ZAYED," AL DHAFRA BUILDING B, NEAR STARBUCKS, MADINAT ZAYED, AL DHAFRA REGION,ABU DHABI",02- 8946666,https://www.google.com/maps/search/?api=1&query=AL%20DHAFRA%20BUILDING%20B%2C%20NEAR%20STARBUCKS%2C%20MADINAT%20ZAYED%2C%20AL%20DHAFRA%20REGION%2CABU%20DHABI%2C%20Ajman%2C%20UAE,,,
395,AUH,Abu Dhabi,CLINIC,AMERICAN CRESCENT HEALTH CARE CENTRE- SOLE PROPRIETRSHIP L.L.C,MF1046,KHALIDIYAH,"BIN HAYAI BLDG., BLOCK B, 02 MEZZANINE FLOOR, (OPPOSITE GRAND STORES), ZAYED 1ST  STREET, AL KHALIDIYA, ABU DHABI, UAE",02-6325000,https://www.google.com/maps/search/?api=1&query=BIN%20HAYAI%20BLDG.%2C%20BLOCK%20B%2C%2002%20MEZZANINE%20FLOOR%2C%20%28OPPOSITE%20GRAND%20STORES%29%2C%20ZAYED%201ST%20%20STREET%2C%20AL%20KHALIDIYA%2C%20ABU%20DHABI%2C%20UAE%2C%20Ajman%2C%20UAE,,,
396,AUH,Abu Dhabi,CLINIC,HEALTHSHADES MEDICAL CENTRE L.L.C,MF4652,MUSAFFAH M37,"MUSAFFAH M37, STREET 16, P190 ,PREMISES 15, 16, 17, ABU DHABI, UAE",02-5545999,https://www.google.com/maps/search/?api=1&query=MUSAFFAH%20M37%2C%20STREET%2016%2C%20P190%20%2CPREMISES%2015%2C%2016%2C%2017%2C%20ABU%20DHABI%2C%20UAE%2C%20Ajman%2C%20UAE,,,
397,AUH,Abu Dhabi,CLINIC,EXCELLENT MEDICAL CENTER - SOLE PROPRIETORSHIP L.L.C,MF4777,WORKER CITY 2,"AL NASSER PROPERTIES, RB 2, MAFRAQ WORKER, CITY 2, ABU DHABI – UAE",02-5544469,https://www.google.com/maps/search/?api=1&query=AL%20NASSER%20PROPERTIES%2C%20RB%202%2C%20MAFRAQ%20WORKER%2C%20CITY%202%2C%20ABU%20DHABI%20%E2%80%93%20UAE%2C%20Ajman%2C%20UAE,,,
398,AUH,Abu Dhabi,CLINIC,HOLISTIC MEDICAL CENTRE - SOLE PROPRIETORSHIP L.L.C.,MF4264,KHALIFA CITY,"VILLA # 141,12TH STREET, KHALIFA CITY A, OPPOSITE AL FORSON SHOOTING CLUB AND MARRIOTT HOTEL, ABU DHABI, UAE",02-6661567,https://www.google.com/maps/search/?api=1&query=VILLA%20%23%20141%2C12TH%20STREET%2C%20KHALIFA%20CITY%20A%2C%20OPPOSITE%20AL%20FORSON%20SHOOTING%20CLUB%20AND%20MARRIOTT%20HOTEL%2C%20ABU%20DHABI%2C%20UAE%2C%20Ajman%2C%20UAE,,,
399,AUH,Abu Dhabi,CLINIC,ABU AL BUKHOOSH CLINIC,MF7678,ADNOC OFFSHORE,"ADNOC OFFSHORE SITE CLINICS, ABU DHABI, UAE",02 6023882,https://www.google.com/maps/search/?api=1&query=ADNOC%20OFFSHORE%20SITE%20CLINICS%2C%20ABU%20DHABI%2C%20UAE%2C%20Ajman%2C%20UAE,,,
400,AUH,Abu Dhabi,CLINIC,ADC TARIF CENTRAL CAMP CLINIC,MF7154,ADC TARIF CENTRAL CAMP,"ADC TARIF CENTRAL CAMP, AL DHAFRA, ABU DHABI",02 6023882,https://www.google.com/maps/search/?api=1&query=ADC%20TARIF%20CENTRAL%20CAMP%2C%20AL%20DHAFRA%2C%20ABU%20DHABI%2C%20Ajman%2C%20UAE,,,
401,AUH,Abu Dhabi,CLINIC,ADNOC OFFSHORE HQ CLINIC,MF7754,HAMDAN ST,"ZONE 1E2, WORLD TRADE CENTER, HAMDAN ST. ABU DHABI",02 6023882,https://www.google.com/maps/search/?api=1&query=ZONE%201E2%2C%20WORLD%20TRADE%20CENTER%2C%20HAMDAN%20ST.%20ABU%20DHABI%2C%20Ajman%2C%20UAE,,,
402,AUH,Abu Dhabi,CLINIC,ALLIANZ INSTALLER CLINIC,MF8245,ADNOC OFFSHORE,ADNOC OFFSHORE SITE CLINICS,02 6023882,https://www.google.com/maps/search/?api=1&query=ADNOC%20OFFSHORE%20SITE%20CLINICS%2C%20Ajman%2C%20UAE,,,
403,AUH,Abu Dhabi,CLINIC,ALLIANZ INTREPID CLINIC,MF7999,ADNOC OFFSHORE,ADNOC OFFSHORE SITE CLINICS,02 6023882,https://www.google.com/maps/search/?api=1&query=ADNOC%20OFFSHORE%20SITE%20CLINICS%2C%20Ajman%2C%20UAE,,,
404,AUH,Abu Dhabi,CLINIC,NSC FORTUNE / ADNOC AB01 CLINIC,MF7998,ADNOC OFFSHORE,ADNOC OFFSHORE SITE CLINICS,02 6023882,https://www.google.com/maps/search/?api=1&query=ADNOC%20OFFSHORE%20SITE%20CLINICS%2C%20Ajman%2C%20UAE,,,
405,AUH,Abu Dhabi,CLINIC,UMM SHAIF PLATFORM CLINIC,MF5580,ADNOC OFFSHORE,ADNOC OFFSHORE SITE CLINICS,02 6023882,https://www.google.com/maps/search/?api=1&query=ADNOC%20OFFSHORE%20SITE%20CLINICS%2C%20Ajman%2C%20UAE,,,
406,AUH,Abu Dhabi,CLINIC,KHYBER MEDICAL CENTER,MF3632,MADINAT ZAYED,"MADINAT ZAYED, AL DHAFRA REGION, ABU DHABI, UAE",02-8820808,https://www.google.com/maps/search/?api=1&query=MADINAT%20ZAYED%2C%20AL%20DHAFRA%20REGION%2C%20ABU%20DHABI%2C%20UAE%2C%20Ajman%2C%20UAE,,,
407,AUH,Abu Dhabi,CLINIC,AL AMEEN MEDICAL CENTRE L.L.C,MF44,NAJDA ST,"M3 GIFTLAND BLDG. NAJDA ST, ABU DHABI, UAE",02-6339722,https://www.google.com/maps/search/?api=1&query=M3%20GIFTLAND%20BLDG.%20NAJDA%20ST%2C%20ABU%20DHABI%2C%20UAE%2C%20Ajman%2C%20UAE,,,
408,AUH,Abu Dhabi,CLINIC,AL AMEEN MEDICAL CENTRE L.L.C BRANCH 1,MF4058,MUSSAFAH,"M37 MUSSAFAH INDUSTRIAL AREA, ABU DHABI, UAE",02-5503115,https://www.google.com/maps/search/?api=1&query=M37%20MUSSAFAH%20INDUSTRIAL%20AREA%2C%20ABU%20DHABI%2C%20UAE%2C%20Ajman%2C%20UAE,,,
409,AUH,Abu Dhabi,CLINIC,FAMOUS MEDICAL CENTRE - SOLE PROPRIETORSHIP L.L.C.,MF4775,SANAYA,"M10, SANAYA, SHOP-05, NEXT TO BANGALI MOSQUE, ABU DHABI, UAE",02-5467888,https://www.google.com/maps/search/?api=1&query=M10%2C%20SANAYA%2C%20SHOP-05%2C%20NEXT%20TO%20BANGALI%20MOSQUE%2C%20ABU%20DHABI%2C%20UAE%2C%20Ajman%2C%20UAE,,,
410,AUH,Abu Dhabi,CLINIC,LOTUS HOLISTIC ALTERNATIVE MEDICAL CENTER,MF1732,KHALIFA CITY,"STREET #20, BESIDE ALRAWAFED PVT. SCHOOL, KHALIFA CITY A, ABU DHABI, UAE",02-5579801,https://www.google.com/maps/search/?api=1&query=STREET%20%2320%2C%20BESIDE%20ALRAWAFED%20PVT.%20SCHOOL%2C%20KHALIFA%20CITY%20A%2C%20ABU%20DHABI%2C%20UAE%2C%20Ajman%2C%20UAE,,,
411,AUH,Abu Dhabi,CLINIC,CONSULTANTS MEDICAL CENTRE - L.L.C - S.P.C,MF146,HAMDAN STREET,"LAND MARK PLAZA BUILDING, OPPSITE AL SALAMA HOSPITAL, HAMDAN STREET, ABU DHABI, UAE",02-6794100,https://www.google.com/maps/search/?api=1&query=LAND%20MARK%20PLAZA%20BUILDING%2C%20OPPSITE%20AL%20SALAMA%20HOSPITAL%2C%20HAMDAN%20STREET%2C%20ABU%20DHABI%2C%20UAE%2C%20Ajman%2C%20UAE,,,
412,AUH,Abu Dhabi,CLINIC,ISHTAR MEDICAL CENTRE L.L.C,MF3818,"MUBARAK STREET,","PLAZA TOWER, FLAT NO 405, FATIMA BINT MUBARAK STREET, AL DANAH AREA, ABU DHABI, UAE",02-6333886,https://www.google.com/maps/search/?api=1&query=PLAZA%20TOWER%2C%20FLAT%20NO%20405%2C%20FATIMA%20BINT%20MUBARAK%20STREET%2C%20AL%20DANAH%20AREA%2C%20ABU%20DHABI%2C%20UAE%2C%20Ajman%2C%20UAE,,,
413,AUH,Abu Dhabi,CLINIC,TAHA MEDICAL CENTRE L.L.C,MF473,AL  FALAH STREET,"AL FALAH STREET, ABU DHABI, UAE",02-6343438,https://www.google.com/maps/search/?api=1&query=AL%20FALAH%20STREET%2C%20ABU%20DHABI%2C%20UAE%2C%20Ajman%2C%20UAE,,,
414,AUH,Abu Dhabi,CLINIC,DRONCALL LTD,MF5704,AL MARYAHA,"16TH FLOOR , WEWORK  HUB 71 ,ALMARYAHA ISLAND,NEAR GALLERIA MALL ,ADGM SQUARE,ABUDHABI-UAE",02-6730950,https://www.google.com/maps/search/?api=1&query=16TH%20FLOOR%20%2C%20WEWORK%20%20HUB%2071%20%2CALMARYAHA%20ISLAND%2CNEAR%20GALLERIA%20MALL%20%2CADGM%20SQUARE%2CABUDHABI-UAE%2C%20Ajman%2C%20UAE,,,
415,AUH,Abu Dhabi,CLINIC,GOLDEN HEALTH MEDICAL CENTER - L.L.C - S.P.C - BRANCH,MF8293,HAMEEM WORKER CITY,"AL SIDRA VILLAGE, SALEM CITY, AL BIHOUTH, HAMEEM WORKER CITY, ABUDHABI, UAE",02-5517216,https://www.google.com/maps/search/?api=1&query=AL%20SIDRA%20VILLAGE%2C%20SALEM%20CITY%2C%20AL%20BIHOUTH%2C%20HAMEEM%20WORKER%20CITY%2C%20ABUDHABI%2C%20UAE%2C%20Ajman%2C%20UAE,,,
416,AUH,Abu Dhabi,CLINIC,ELITECARE MEDICAL CENTRE-SOLE PROPRIETORSHIP L.L.C,MF7479,AL DANAH,"SULTAN BIN ZAYED THE FIRST, 53 ST, AL DANAH, ABU DHABI, UAE",02-6660525,https://www.google.com/maps/search/?api=1&query=SULTAN%20BIN%20ZAYED%20THE%20FIRST%2C%2053%20ST%2C%20AL%20DANAH%2C%20ABU%20DHABI%2C%20UAE%2C%20Ajman%2C%20UAE,,,
417,AUH,Abu Dhabi,CLINIC,LLH MEDICAL CENTRE AL NOUD - L.L.C,MF7880,AL NOUD,"WADI AL AIN 1, 0 4: AL ARBAEEN, BUILDING, BADOK REAL ESTATE LLC,AL NOUD",02-5085555,https://www.google.com/maps/search/?api=1&query=WADI%20AL%20AIN%201%2C%200%204%3A%20AL%20ARBAEEN%2C%20BUILDING%2C%20BADOK%20REAL%20ESTATE%20LLC%2CAL%20NOUD%2C%20Ajman%2C%20UAE,,,
418,AUH,Abu Dhabi,DAYCARE,UNIQUE ALAHALIA OPHTHALMOLOGY ONE DAY SURGERY MEDICAL CENTER L.L.C.,MF4715,DELMA STREET,"DELMA STREET, OLD AIR PORT ROAD",02-4439777,https://www.google.com/maps/search/?api=1&query=DELMA%20STREET%2C%20OLD%20AIR%20PORT%20ROAD%2C%20Ajman%2C%20UAE,,,
419,AUH,Abu Dhabi,DAYCARE,HEART BEAT MEDICAL CENTER & ONE DAY SURGERY LLC,MF3135,SHEIKH RASHID BIN SAEED ST,"PLOT 103, MUSHRIF AREA - SHEIKH RASHID BIN SAEED ST-ABU DHABI, UAE",02-4449494,https://www.google.com/maps/search/?api=1&query=PLOT%20103%2C%20MUSHRIF%20AREA%20-%20SHEIKH%20RASHID%20BIN%20SAEED%20ST-ABU%20DHABI%2C%20UAE%2C%20Ajman%2C%20UAE,,,
420,AUH,Abu Dhabi,DAYCARE,CROWN HOSPITAL ONE DAY SURGERY - SOLE PROPRIETORSHIP L.L.C.,MF5742,AL JAZZEEM ST,"M-11, MUSAFFAH, AL JAZZEEM ST., ABU DHABI, UAE",02-5529143,https://www.google.com/maps/search/?api=1&query=M-11%2C%20MUSAFFAH%2C%20AL%20JAZZEEM%20ST.%2C%20ABU%20DHABI%2C%20UAE%2C%20Ajman%2C%20UAE,,,
421,AUH,Abu Dhabi,DIAGNOSTIC CENTRE,IDEAL CLINICAL LABORATORIES-AUH,MF4099,MUSAFFAH,"C-44,MEZZANINE FLOOR, SHABIYA 10,MUSAFFAH OPPOSITE TO EMIRATES FUTURE INTERNATIONAL ACADEMY, ABU DH",02-5558448,https://www.google.com/maps/search/?api=1&query=C-44%2CMEZZANINE%20FLOOR%2C%20SHABIYA%2010%2CMUSAFFAH%20OPPOSITE%20TO%20EMIRATES%20FUTURE%20INTERNATIONAL%20ACADEMY%2C%20ABU%20DH%2C%20Ajman%2C%20UAE,,,
422,AUH,Abu Dhabi,DIAGNOSTIC CENTRE,DAR AL MOUASAH DIAGNOSTIC CENTRE LLC,MF215,HAMDAN STREET,"M. FLOOR, HARDEE'S BUILDING, HAMDAN STREET, OPP. ROTANA HOTEL,ABUDHABI,UAE",02-6260066,https://www.google.com/maps/search/?api=1&query=M.%20FLOOR%2C%20HARDEE%27S%20BUILDING%2C%20HAMDAN%20STREET%2C%20OPP.%20ROTANA%20HOTEL%2CABUDHABI%2CUAE%2C%20Ajman%2C%20UAE,,,
423,AUH,Abu Dhabi,DIAGNOSTIC CENTRE,LIFE MEDICAL DIAGNOSTICS LLC,MF771,SULTAN BIN ZAYED THE FIRST STREET,"SULTAN BIN ZAYED THE FIRST STREET, MARINA PLAZA BUILDING, FLAT NO:501-502, P.O.BOX 7917, ABU DHABI, UAE",600551636,https://www.google.com/maps/search/?api=1&query=SULTAN%20BIN%20ZAYED%20THE%20FIRST%20STREET%2C%20MARINA%20PLAZA%20BUILDING%2C%20FLAT%20NO%3A501-502%2C%20P.O.BOX%207917%2C%20ABU%20DHABI%2C%20UAE%2C%20Ajman%2C%20UAE,,,
424,AUH,Abu Dhabi,DIAGNOSTIC CENTRE,ACCURACY PLUS MEDICAL LABORATORY L.L.C,MF4977,HAMDAN STREET,"M02,OPPOSITE HOME CENTRE, HAMDAN STREET,ABU DHABI, UNITED ARAB EMIRATES",056-5227850,https://www.google.com/maps/search/?api=1&query=M02%2COPPOSITE%20HOME%20CENTRE%2C%20HAMDAN%20STREET%2CABU%20DHABI%2C%20UNITED%20ARAB%20EMIRATES%2C%20Ajman%2C%20UAE,,,
425,AUH,Abu Dhabi,DIAGNOSTIC CENTRE,AL BORG DIAGONOSTIC CENTRE FOR LABORATORIES L.L.C,MF1227,NAJDA ST,"NAJDA ST, BIN ARRAR BUILDING, ABU DHABI, UAE",02-4957999,https://www.google.com/maps/search/?api=1&query=NAJDA%20ST%2C%20BIN%20ARRAR%20BUILDING%2C%20ABU%20DHABI%2C%20UAE%2C%20Ajman%2C%20UAE,,,
426,AUH,Abu Dhabi,DIAGNOSTIC CENTRE,PROFICIENCY HEALTHCARE DIAGNOSTIC LABORATORIES L.L.C,MF3060,ELECTRA STREET,"2ND FLOOR, TOWER C BUILDING (BEHIND HONDA SHOWROOM),ELECTRA STREET, ABU DHABI, UAE",02-4919300,https://www.google.com/maps/search/?api=1&query=2ND%20FLOOR%2C%20TOWER%20C%20BUILDING%20%28BEHIND%20HONDA%20SHOWROOM%29%2CELECTRA%20STREET%2C%20ABU%20DHABI%2C%20UAE%2C%20Ajman%2C%20UAE,,,
427,AUH,Abu Dhabi,DIAGNOSTIC CENTRE,SANIMED INTERNATIONAL LAB AND MANAGEMENT L.L.C,MF7456,MASDAR CITY,"W1-UNIT 13, PLOT J03 GROUND FLOOR MASDAR CITY, ABU DHABI, UNITED ARAB EMIRATES",050-5437829,https://www.google.com/maps/search/?api=1&query=W1-UNIT%2013%2C%20PLOT%20J03%20GROUND%20FLOOR%20MASDAR%20CITY%2C%20ABU%20DHABI%2C%20UNITED%20ARAB%20EMIRATES%2C%20Ajman%2C%20UAE,,,
428,AUH,Abu Dhabi,HOSPITAL,LLH HOSPITAL AL MUSAFFAH L.L.C,MF2222,"INDUSTRIAL AREA, MUSAFFAH","PO BOX NO:  92313,16TH, STREET, SANAYYA – 7, INDUSTRIAL AREA, MUSAFFAH, ABU DHABI, UAE",02-4126018,https://www.google.com/maps/search/?api=1&query=PO%20BOX%20NO%3A%20%2092313%2C16TH%2C%20STREET%2C%20SANAYYA%20%E2%80%93%207%2C%20INDUSTRIAL%20AREA%2C%20MUSAFFAH%2C%20ABU%20DHABI%2C%20UAE%2C%20Ajman%2C%20UAE,,,
429,AUH,Abu Dhabi,HOSPITAL,LLH HOSPITAL L.L.C,MF1954,ELECTRA STREET,"AL MARWA TOWER, ELECTRA STREET ABU DHABI",02-6335522,https://www.google.com/maps/search/?api=1&query=AL%20MARWA%20TOWER%2C%20ELECTRA%20STREET%20ABU%20DHABI%2C%20Ajman%2C%20UAE,,,
430,AUH,Abu Dhabi,HOSPITAL,LIFECARE HOSPITAL LLC - BRANCH 1,MF2420,MUSAFFAH,"M-24, NEAR WORKERS VILLAGE OPPOSITE ADNOC PETROL PUMP, MUSAFFAH",02-4148226,https://www.google.com/maps/search/?api=1&query=M-24%2C%20NEAR%20WORKERS%20VILLAGE%20OPPOSITE%20ADNOC%20PETROL%20PUMP%2C%20MUSAFFAH%2C%20Ajman%2C%20UAE,,,
431,AUH,Abu Dhabi,HOSPITAL,LIFECARE HOSPITAL L.L.C.,MF2349,"MAFRAQ,BANIYAS","NEAR AL RAHA VILLAGE, MAFRAQ,BANIYAS",02-5856333,https://www.google.com/maps/search/?api=1&query=NEAR%20AL%20RAHA%20VILLAGE%2C%20MAFRAQ%2CBANIYAS%2C%20Ajman%2C%20UAE,,,
432,AUH,Abu Dhabi,HOSPITAL,PHOENIX HOSPITAL L.L.C.,MF2482,SHABIYAH 10,"M-10, NEAR ADNOC, SHABIYAH 10, MUSAFFAH",02-6151515,https://www.google.com/maps/search/?api=1&query=M-10%2C%20NEAR%20ADNOC%2C%20SHABIYAH%2010%2C%20MUSAFFAH%2C%20Ajman%2C%20UAE,,,
433,AUH,Abu Dhabi,HOSPITAL,MILLENNIUM HOSPITAL L.L.C.,MF4838,MUSSAFAH,"C 175, ME 9, SHABIA 9, NEAR AL AIN UNIVERSITY, MUSSAFAH",02-6113333,https://www.google.com/maps/search/?api=1&query=C%20175%2C%20ME%209%2C%20SHABIA%209%2C%20NEAR%20AL%20AIN%20UNIVERSITY%2C%20MUSSAFAH%2C%20Ajman%2C%20UAE,,,
434,AUH,Abu Dhabi,HOSPITAL,AL AHLI HOSPITAL COMPANY L L C,MF23,HAMDAN STREET,"OPP DU OFFICE, HAMDAN STREET",02-6262666,https://www.google.com/maps/search/?api=1&query=OPP%20DU%20OFFICE%2C%20HAMDAN%20STREET%2C%20Ajman%2C%20UAE,,,
435,AUH,Abu Dhabi,HOSPITAL,AL AHLI HOSPITAL COMPANY L L C - BRANCH 1,MF3107,MUSSAFAH,"TARIFF ROAD , M-24, MUSSAFAH",02-8119119,https://www.google.com/maps/search/?api=1&query=TARIFF%20ROAD%20%2C%20M-24%2C%20MUSSAFAH%2C%20Ajman%2C%20UAE,,,
436,AUH,Abu Dhabi,HOSPITAL,AL DHANNAH HOSPITAL,MF439,AL DHANNAH CITY,"AL DHANNAH CITY, NEAR AL DHANNAH MALL,ABU DHABI,UAE",02-8090311,https://www.google.com/maps/search/?api=1&query=AL%20DHANNAH%20CITY%2C%20NEAR%20AL%20DHANNAH%20MALL%2CABU%20DHABI%2CUAE%2C%20Ajman%2C%20UAE,,,
437,AUH,Abu Dhabi,HOSPITAL,MEDEOR 24X7 HOSPITAL LLC (ABUDHABI),MF3976,AL FALAH ST - AL DANAH,AL FALAH ST - AL DANAH - ZONE 1 - ABU DHABI,02-6900 405,https://www.google.com/maps/search/?api=1&query=AL%20FALAH%20ST%20-%20AL%20DANAH%20-%20ZONE%201%20-%20ABU%20DHABI%2C%20Ajman%2C%20UAE,,,
438,AUH,Abu Dhabi,HOSPITAL,N M C SPECIALTY HOSPITAL LTD (FORMERLY NMC SPECIALTY HOSPITAL - LLC),MF394,ELECTRA STREET,SHEIKH ZAYED 2ND STREET (ELECTRA ROAD),02-6332255,https://www.google.com/maps/search/?api=1&query=SHEIKH%20ZAYED%202ND%20STREET%20%28ELECTRA%20ROAD%29%2C%20Ajman%2C%20UAE,,,
439,AUH,Abu Dhabi,HOSPITAL,BAREEN INTERNATIONAL HOSPITAL,MF2257,MOHAMMAD BIN ZAYED CITY,"MOHAMMAD BIN ZAYED CITY, ZONE 15 (NEXT TO SHAIKAH FATIMA BINT MUBARAK MOSQUE) ,P.O. BOX 108727, ABU DHABI, U.A.E",02-5545555,https://www.google.com/maps/search/?api=1&query=MOHAMMAD%20BIN%20ZAYED%C2%A0CITY%2C%20ZONE%2015%20%28NEXT%20TO%20SHAIKAH%20FATIMA%20BINT%20MUBARAK%20MOSQUE%29%C2%A0%2CP.O.%20BOX%20108727%2C%20ABU%20DHABI%2C%20U.A.E%2C%20Ajman%2C%20UAE,,,
440,AUH,Abu Dhabi,HOSPITAL,DAS HOSPITAL,MF7198,DAS ISLAND,"DAS ISLAND, ABU DHABI, UAE",02-8090311,https://www.google.com/maps/search/?api=1&query=DAS%20ISLAND%2C%20ABU%20DHABI%2C%20UAE%2C%20Ajman%2C%20UAE,,,
441,AUH,Abu Dhabi,HOSPITAL,NATIONAL HOSPITAL - SOLE PROPRIETORSHIP L.L.C.,MF772,AL RUMAITHI STREET,"BUILDING 16, ABDULLA BIN HUMAID AL RUMAITHI STREET, AL DANAH, ABU DHABI, UAE",02-6711000,https://www.google.com/maps/search/?api=1&query=BUILDING%2016%2C%20ABDULLA%20BIN%20HUMAID%20AL%20RUMAITHI%20STREET%2C%20AL%20DANAH%2C%20ABU%20DHABI%2C%20UAE%2C%20Ajman%2C%20UAE,,,
442,AUH,Abu Dhabi,PHARMACY,AL KHAZNA HEALTH PHARMACY,PF5125,AL KHAZNA 1,"AL KHAZNA 1, AL KHAZNA , AL AIN ROAD,ABU DHABI",02-8869238,https://www.google.com/maps/search/?api=1&query=AL%20KHAZNA%201%2C%20AL%20KHAZNA%20%2C%20AL%20AIN%20ROAD%2CABU%20DHABI%2C%20Ajman%2C%20UAE,,,
443,AUH,Abu Dhabi,PHARMACY,BANGASH PHARMACY,PF1460,BANIYAS EAST9 ,"NEAR SULTAN BAKERY, BANIYAS EAST9 ,ABU DHABI  AL AIN ROAD ",02-5834217,https://www.google.com/maps/search/?api=1&query=NEAR%20SULTAN%20BAKERY%2C%20BANIYAS%20EAST9%20%2CABU%20DHABI%20%20AL%20AIN%20ROAD%2C%20Ajman%2C%20UAE,,,
444,AUH,Abu Dhabi,PHARMACY,KHYBER PHARMACY,PF1405,BANIYAS WEST  4,"NEAR ZENITH SUPERMARKET, BANIYAS WEST  4 , ABU DHABI  AL AIN ROAD",02-5836800,https://www.google.com/maps/search/?api=1&query=NEAR%20ZENITH%20SUPERMARKET%2C%20BANIYAS%20WEST%20%204%20%2C%20ABU%20DHABI%20%20AL%20AIN%20ROAD%2C%20Ajman%2C%20UAE,,,
445,AUH,Abu Dhabi,PHARMACY,BAB AL MADINA PHARMACY,PF2898,MUSAFFAH ,"SHOP # 4, PLOT # 32,MOOSA AL AJBAN BUILDING,MUSAFFAH M-26, P.O. BOX # 25537, ABU DHABI UAE",02-6422464,https://www.google.com/maps/search/?api=1&query=SHOP%20%23%204%2C%20PLOT%20%23%2032%2CMOOSA%20AL%20AJBAN%20BUILDING%2CMUSAFFAH%20M-26%2C%20P.O.%20BOX%20%23%2025537%2C%20ABU%20DHABI%20UAE%2C%20Ajman%2C%20UAE,,,
446,AUH,Abu Dhabi,PHARMACY,AL ZIA PHARMACY LLC,PF1347,SHABIYA 12 MBZ CITY,BUILDING #87 SHABIYA 12 MBZ CITY ABU DHABI UAE,02-5529220,https://www.google.com/maps/search/?api=1&query=BUILDING%20%2387%20SHABIYA%2012%20MBZ%20CITY%20ABU%20DHABI%20UAE%2C%20Ajman%2C%20UAE,,,
447,AUH,Abu Dhabi,PHARMACY,LAHORE PHARMACY LLC,PF1402,MUSSAFAH,"OPPOSITE TO ICAD GATE 1 , SANAIYA M-40 MUSSAFAH ABU DHABI",02-5508988,https://www.google.com/maps/search/?api=1&query=OPPOSITE%20TO%20ICAD%20GATE%201%20%2C%20SANAIYA%20M-40%20MUSSAFAH%20ABU%20DHABI%2C%20Ajman%2C%20UAE,,,
448,AUH,Abu Dhabi,PHARMACY,SWAT PHARMACY,PF2878,MUSSAFAH,NEAR SPINNEYS SUPERMARKET SANAIYA M-40 MUSSAFAH ABU DHABI,02-5546799,https://www.google.com/maps/search/?api=1&query=NEAR%20SPINNEYS%20SUPERMARKET%20SANAIYA%20M-40%20MUSSAFAH%20ABU%20DHABI%2C%20Ajman%2C%20UAE,,,
449,AUH,Abu Dhabi,PHARMACY,BAB AL TEB PHARMACY LLC-SOLE PROPRIETORSHIP L.L.C,PF3054,SANAIYA M-26,"SANAIYA M-26 MUSSAFAH ABU DHABI,UAE",02-6261914,https://www.google.com/maps/search/?api=1&query=SANAIYA%20M-26%20MUSSAFAH%20ABU%20DHABI%2CUAE%2C%20Ajman%2C%20UAE,,,
450,AUH,Abu Dhabi,PHARMACY,LLH PHARMACY ALMUSAFFAH L.L.C,PF3104,"ICAD, 16 ,MUSAFFAH","""M40, KM TRADING BUILDING, ICAD, 16 STREETMUSAFFAH.",02-4116451,https://www.google.com/maps/search/?api=1&query=%22M40%2C%20KM%20TRADING%20BUILDING%2C%20ICAD%2C%2016%20STREETMUSAFFAH.%2C%20Ajman%2C%20UAE,,,
451,AUH,Abu Dhabi,PHARMACY,LIFE CARE INTERNATIONAL PHARMACY L.L.C- BRANCH,PF3193,LABOR CITY,"AL WATHBA RAZEEN LABOR CITY, ABU DHABI",02-5845314,https://www.google.com/maps/search/?api=1&query=AL%20WATHBA%20RAZEEN%20LABOR%20CITY%2C%20ABU%20DHABI%2C%20Ajman%2C%20UAE,,,
452,AUH,Abu Dhabi,PHARMACY,LLH HOSPITAL PHARMACY AL MUSAFFAH,PF1506,SANAYYA – 7,"PO BOX NO:  92313,16TH, STREET, SANAYYA – 7, INDUSTRIAL AREA, MUSAFFAH, ABU DHABI, UNITED ARAB EMIRA",02-4126018,https://www.google.com/maps/search/?api=1&query=PO%20BOX%20NO%3A%20%2092313%2C16TH%2C%20STREET%2C%20SANAYYA%20%E2%80%93%207%2C%20INDUSTRIAL%20AREA%2C%20MUSAFFAH%2C%20ABU%20DHABI%2C%20UNITED%20ARAB%20EMIRA%2C%20Ajman%2C%20UAE,,,
453,AUH,Abu Dhabi,PHARMACY,LLH HOSPITAL PHARMACY L.L.C,PF1432,ELECTRA STREET,"AL MARWA TOWER, ELECTRA STREET ABU DHABI",02-6335522,https://www.google.com/maps/search/?api=1&query=AL%20MARWA%20TOWER%2C%20ELECTRA%20STREET%20ABU%20DHABI%2C%20Ajman%2C%20UAE,,,
454,AUH,Abu Dhabi,PHARMACY,BURJEEL RETAIL PHARMACY HAMDAN STREET - L.L.C (FORMERLY LLH PHARMACY LLC),PF2592,HAMDAN STREET,"MARINA PLAZA, HAMDAN ST, NEAR LLH HOSPITAL, ABU DHABI, UAE",02-6335522,https://www.google.com/maps/search/?api=1&query=MARINA%20PLAZA%2C%20HAMDAN%20ST%2C%20NEAR%20LLH%20HOSPITAL%2C%20ABU%20DHABI%2C%20UAE%2C%20Ajman%2C%20UAE,,,
455,AUH,Abu Dhabi,PHARMACY,LIFE CARE INTERNATIONAL PHARMACY L.L.C.,PF1762,"MAFRAQ,BANIYAS","NEAR AL RAHA VILLAGE, MAFRAQ,BANIYAS",02-5856333,https://www.google.com/maps/search/?api=1&query=NEAR%20AL%20RAHA%20VILLAGE%2C%20MAFRAQ%2CBANIYAS%2C%20Ajman%2C%20UAE,,,
456,AUH,Abu Dhabi,PHARMACY,LIFE CARE INTERNATIONAL PHARMACY LLC - BRANCH 1,PF2581,MUSAFFAH,"M-24, NEAR WORKERS VILLAGE OPPOSITE ADNOC PETROL PUMP, MUSAFFAH",02-4148292,https://www.google.com/maps/search/?api=1&query=M-24%2C%20NEAR%20WORKERS%20VILLAGE%20OPPOSITE%20ADNOC%20PETROL%20PUMP%2C%20MUSAFFAH%2C%20Ajman%2C%20UAE,,,
457,AUH,Abu Dhabi,PHARMACY,TOPCARE PHARMACY BRANCH-1,PF2702,MUSAFFAH,"AL  ESKAN AL JAMAE BUILDING , SHOPS NO. R033– GROUND FLOOR, MUSSAFAH INDUSTRIAL AREA,",02-6665131,https://www.google.com/maps/search/?api=1&query=AL%20%20ESKAN%20AL%20JAMAE%20BUILDING%20%2C%20SHOPS%20NO.%20R033%E2%80%93%20GROUND%20FLOOR%2C%20MUSSAFAH%20INDUSTRIAL%20AREA%2C%2C%20Ajman%2C%20UAE,,,
458,AUH,Abu Dhabi,PHARMACY,TOPCARE PHARMACY,PF1371,"MOHAMED BIN KHALIFA STREET,","MOHAMED BIN KHALIFA STREET, NEXT TO RAIN CAFE, ABUDHABI",02-5833145,https://www.google.com/maps/search/?api=1&query=MOHAMED%20BIN%20KHALIFA%20STREET%2C%20NEXT%20TO%20RAIN%20CAFE%2C%20ABUDHABI%2C%20Ajman%2C%20UAE,,,
459,AUH,Abu Dhabi,PHARMACY,AL BAHAR AL AHMAR PHARMACY,PF2951,"MOHAMED BIN KHALIFA STREET,","MOHAMED BIN ZAYED CITY-ME11, C88, SHOP G2, ABU DHABI  ",02-8763338,https://www.google.com/maps/search/?api=1&query=MOHAMED%20BIN%20ZAYED%20CITY-ME11%2C%20C88%2C%20SHOP%20G2%2C%20ABU%20DHABI%2C%20Ajman%2C%20UAE,,,
460,AUH,Abu Dhabi,PHARMACY,MANSOUR PHARMACY ABU DHABI,PF1317,AL-FALAH STREET,AL-FALAH STREET  OPPOSITE WEARMART ABU DHABI,02-6422287,https://www.google.com/maps/search/?api=1&query=AL-FALAH%20STREET%20%20OPPOSITE%20WEARMART%20ABU%20DHABI%2C%20Ajman%2C%20UAE,,,
461,AUH,Abu Dhabi,PHARMACY,MANSOUR PHARMACY BRANCH 1,PF1725,MUSAFFAH,MUSAFFAH - M-37 - ABU DHABI,02-5500753,https://www.google.com/maps/search/?api=1&query=MUSAFFAH%20-%20M-37%20-%20ABU%20DHABI%2C%20Ajman%2C%20UAE,,,
462,AUH,Abu Dhabi,PHARMACY,SARHAD PHARMACY,PF2673,"MUSAFFAH - II,","MUSAFFAH - II, OPPOSITE TO LLH HOSPITAL,ABU DHABI,UAE",02-5551429,https://www.google.com/maps/search/?api=1&query=MUSAFFAH%20-%20II%2C%20OPPOSITE%20TO%20LLH%20HOSPITAL%2CABU%20DHABI%2CUAE%2C%20Ajman%2C%20UAE,,,
463,AUH,Abu Dhabi,PHARMACY,SABA PHARMACY LLC,PF3165,MUSAFFAH,"13 AL JAZZEEM 2 STREETMUSAFFAH INDUSTRIAL M37,ABU DHABI, 20316",02-5523200,https://www.google.com/maps/search/?api=1&query=13%20AL%20JAZZEEM%202%20STREETMUSAFFAH%20INDUSTRIAL%20M37%2CABU%20DHABI%2C%2020316%2C%20Ajman%2C%20UAE,,,
464,AUH,Abu Dhabi,PHARMACY,RIGHT CHOICE HEALTH PHARMACY,PF5279,MUSAFFAH-10,"BUILDING # 43, SHOP#32, MUSAFFAH-10, INDUSTRIAL AREA, ABU DHABI,UAE",02-4917599,https://www.google.com/maps/search/?api=1&query=BUILDING%20%23%2043%2C%20SHOP%2332%2C%20MUSAFFAH-10%2C%20INDUSTRIAL%20AREA%2C%20ABU%20DHABI%2CUAE%2C%20Ajman%2C%20UAE,,,
465,AUH,Abu Dhabi,PHARMACY,MEDSTAR PHARMACY ICAD RESIDENTIAL LLC,PF2710,"ICAD RESIDENTIAL CITY, MUSSAFAH","PO BOX 106964, ICAD RESIDENTIAL CITY, MUSSAFAH, ABU DHABI, NEAR FRESH & MORE HYPERMARKET",02-5845657,https://www.google.com/maps/search/?api=1&query=PO%20BOX%20106964%2C%20ICAD%20RESIDENTIAL%20CITY%2C%20MUSSAFAH%2C%20ABU%20DHABI%2C%20NEAR%20FRESH%20%26%20MORE%20HYPERMARKET%2C%20Ajman%2C%20UAE,,,
466,AUH,Abu Dhabi,PHARMACY,GOLDEN HEALTH PHARMACY L.L.C.,PF2882,HAMEEM ROAD,"AL SALAM LIVING CITY, HAMEEM ROAD, ABU DHABI",02-5855553,https://www.google.com/maps/search/?api=1&query=AL%20SALAM%20LIVING%20CITY%2C%20HAMEEM%20ROAD%2C%20ABU%20DHABI%2C%20Ajman%2C%20UAE,,,
467,AUH,Abu Dhabi,PHARMACY,EXPERT PHARMACY LLC,PF2970,HAMEEM ROAD,"MOJUMAAT WORKERS CITY, HAMEEM RD, ABU DHABI",02-5848995,https://www.google.com/maps/search/?api=1&query=MOJUMAAT%20WORKERS%20CITY%2C%20HAMEEM%20RD%2C%20ABU%20DHABI%2C%20Ajman%2C%20UAE,,,
468,AUH,Abu Dhabi,PHARMACY,MEDSTAR HAMDAN PHARMACY L.L.C,PF1144,HAMDAN STREET,"PO BOX  46713, GROUND FLOOR, BIN BROOK BUILDING, SHEIKH HAMDAN BIN MOHAMMED STREET (HAMDAN STREET),",02-6411124,https://www.google.com/maps/search/?api=1&query=PO%20BOX%20%2046713%2C%20GROUND%20FLOOR%2C%20BIN%20BROOK%20BUILDING%2C%20SHEIKH%20HAMDAN%20BIN%20MOHAMMED%20STREET%20%28HAMDAN%20STREET%29%2C%2C%20Ajman%2C%20UAE,,,
469,AUH,Abu Dhabi,PHARMACY,NEW NATIONAL MEDICAL CENTRE PHARMACY LLC BRANCH 1,PF5208,MUSAFFAH,"SECTOR M36,PLOT 138 SANIAH,MUSAFFAH,ABUDHABI",02-5593777,https://www.google.com/maps/search/?api=1&query=SECTOR%20M36%2CPLOT%20138%20SANIAH%2CMUSAFFAH%2CABUDHABI%2C%20Ajman%2C%20UAE,,,
470,AUH,Abu Dhabi,PHARMACY,FAMOUS PHARMACY LLC-AUH,PF2977,MUSSAFFAH,"SHOP NO. 3, GROUND FLOOR, SALEM KHAMIS SALEM ALKHEMEIRI MUSSAFAH 34 ABU DHABI",02-5521912,https://www.google.com/maps/search/?api=1&query=SHOP%20NO.%203%2C%20GROUND%20FLOOR%2C%20SALEM%20KHAMIS%20SALEM%20ALKHEMEIRI%20MUSSAFAH%2034%20ABU%20DHABI%2C%20Ajman%2C%20UAE,,,
471,AUH,Abu Dhabi,PHARMACY,MUBARAK PHARMACY - SOLE PROPRIETORSHIP L.L.C. - BRANCH,PF1721,WORKER CITY-2,"AL ESHOUSH CAMP, WORKER CITY-2, BANIYAS, ABU DHABI, UAE",02-5837796,https://www.google.com/maps/search/?api=1&query=AL%20ESHOUSH%20CAMP%2C%20WORKER%20CITY-2%2C%20BANIYAS%2C%20ABU%20DHABI%2C%20UAE%2C%20Ajman%2C%20UAE,,,
472,AUH,Abu Dhabi,PHARMACY,MEDLINE PHARMACY L.L.C,PF1766,MUSAFFAH," 9G3F+M24 - 14TH ST - MUSAFFAH - M-26 - ABU DHABI,UAE",02-5548669,https://www.google.com/maps/search/?api=1&query=9G3F%2BM24%20-%2014TH%20ST%20-%20MUSAFFAH%20-%20M-26%20-%20ABU%20DHABI%2CUAE%2C%20Ajman%2C%20UAE,,,
473,AUH,Abu Dhabi,PHARMACY,MAXIMPHARMACY SOLE PROPRIETORSHIP LLC,PF5285,MUSAFFAH,"MUSSAFAH-43,ICAD 1,ABDUABI UAE",02-5500161,https://www.google.com/maps/search/?api=1&query=MUSSAFAH-43%2CICAD%201%2CABDUABI%20UAE%2C%20Ajman%2C%20UAE,,,
474,AUH,Abu Dhabi,PHARMACY,M 26  PHARMACY,PF5040,MUSAFFAH,"PLOT NO: 94, MUSAFFAH M-26 NEAR GUJRAT RESTAURANT MUSAFFAH",02-8867789,https://www.google.com/maps/search/?api=1&query=PLOT%20NO%3A%2094%2C%20MUSAFFAH%20M-26%20NEAR%20GUJRAT%20RESTAURANT%20MUSAFFAH%2C%20Ajman%2C%20UAE,,,
475,AUH,Abu Dhabi,PHARMACY,AL ANQOOD PHARMACY,PF1755,AL WADI,"AL WADI BUILDING, BLOCK NUMBER 198, MAIN INDUSTRIAL, ABU DHABI, UAE",02-8882622,https://www.google.com/maps/search/?api=1&query=AL%20WADI%20BUILDING%2C%20BLOCK%20NUMBER%20198%2C%20MAIN%20INDUSTRIAL%2C%20ABU%20DHABI%2C%20UAE%2C%20Ajman%2C%20UAE,,,
476,AUH,Abu Dhabi,PHARMACY,FALCON PHARMACY LLC,PF3110,GHAYATHI,"INDUSTRIAL SECTOR 18, SANAIYA 2, GHAYATHI, AL DHAFRA REGION, ABU DHABI, UAE",02-874 3164,https://www.google.com/maps/search/?api=1&query=INDUSTRIAL%20SECTOR%2018%2C%20SANAIYA%202%2C%20GHAYATHI%2C%20AL%20DHAFRA%20REGION%2C%20ABU%20DHABI%2C%20UAE%2C%20Ajman%2C%20UAE,,,
477,AUH,Abu Dhabi,PHARMACY,EXPRESS GHAYATHI PHARMACY,PF2595,SANAYYA,"EXPRESS GAYATHI HYPERMARKET BUILDING, GHAYATHI , SANAYYA,ABUDHABI, UAE ",02-8740121,https://www.google.com/maps/search/?api=1&query=EXPRESS%20GAYATHI%20HYPERMARKET%20BUILDING%2C%20GHAYATHI%20%2C%20SANAYYA%2CABUDHABI%2C%20UAE%2C%20Ajman%2C%20UAE,,,
478,AUH,Abu Dhabi,PHARMACY,PUBLIC LIFE PHARMACY L.L.C,PF5268,"CHINA CAMP, BANIYAS","SHOP NO G04, F2C4-7, BUILDING NO.07 PARCO MALL,AL MAFRAQ INDUSTRIAL AREA 2 (CHINA CAMP), BANIYAS,ABU DHABI",02-5563658,https://www.google.com/maps/search/?api=1&query=SHOP%20NO%20G04%2C%20F2C4-7%2C%20BUILDING%20NO.07%20PARCO%20MALL%2CAL%20MAFRAQ%20INDUSTRIAL%20AREA%202%20%28CHINA%20CAMP%29%2C%20BANIYAS%2CABU%20DHABI%2C%20Ajman%2C%20UAE,,,
479,AUH,Abu Dhabi,PHARMACY,UNIQUE CARE PHARMACY,PF2959,MUSAFFAH INDUSTRIAL AREA,"SHOP NO 07, BUILDING NO 85, STREET 10TH, M-13 MUSAFFAH INDUSTRIAL AREA ABU DHABI UAE",02-5535582,https://www.google.com/maps/search/?api=1&query=SHOP%20NO%2007%2C%20BUILDING%20NO%2085%2C%20STREET%2010TH%2C%20M-13%20MUSAFFAH%20INDUSTRIAL%20AREA%20ABU%20DHABI%20UAE%2C%20Ajman%2C%20UAE,,,
480,AUH,Abu Dhabi,PHARMACY,GOLDEN TULIP PHARMACY LLC-OPC (FORMERLY GOLDEN TULIP PHARMACY L.L.C),PF2813,MUSSAFAH INDUSTRIAL AREA,ST#11 PLOT #23 M-17 MUSSAFAH INDUSTRIAL AREA,02-5556608,https://www.google.com/maps/search/?api=1&query=ST%2311%20PLOT%20%2323%20M-17%20MUSSAFAH%20INDUSTRIAL%20AREA%2C%20Ajman%2C%20UAE,,,
481,AUH,Abu Dhabi,PHARMACY,HEALTH POINT PHARMACY L.L.C.,PF2847,MUSSAFAH,"BUILDING 3, SHOP 5, MUSAFFAH M-4,ABU DHABI,UAE",02-5590203,https://www.google.com/maps/search/?api=1&query=BUILDING%203%2C%20SHOP%205%2C%20MUSAFFAH%20M-4%2CABU%20DHABI%2CUAE%2C%20Ajman%2C%20UAE,,,
482,AUH,Abu Dhabi,PHARMACY,NEXTHEALTH PHARMACY - SOLE PROPRIETORSHIP LLC,PF4055,AL DHAFRAH REGION,"205, FIRST FLOOR, HAMEEM MALL, AL DHAFRAH REGION, ABU DHABI, UAE",02-8867332,https://www.google.com/maps/search/?api=1&query=205%2C%20FIRST%20FLOOR%2C%20HAMEEM%20MALL%2C%20AL%20DHAFRAH%20REGION%2C%20ABU%20DHABI%2C%20UAE%2C%20Ajman%2C%20UAE,,,
483,AUH,Abu Dhabi,PHARMACY,MEDI CURE PHARMACY L.L.C,PF2783,"WORKERS CITY 1,BANIYAS","AL JABER SHOPPING COMPLEX,MAFRAQ WORKERS CITY 1, BANIYAS,ABU DHABI",026228383,https://www.google.com/maps/search/?api=1&query=AL%20JABER%20SHOPPING%20COMPLEX%2CMAFRAQ%20WORKERS%20CITY%201%2C%20BANIYAS%2CABU%20DHABI%2C%20Ajman%2C%20UAE,,,
484,AUH,Abu Dhabi,PHARMACY,LIRA PHARMACY L.L.C,PF5044,"WORKERS CITY 1,BANIYAS","AL RAHA VILLAGE SHOPPING CENTER,MAFRAQ WORKERS CITY 2,BANIYAS WEST,ABU DHABI",02-8864062,https://www.google.com/maps/search/?api=1&query=AL%20RAHA%20VILLAGE%20SHOPPING%20CENTER%2CMAFRAQ%20WORKERS%20CITY%202%2CBANIYAS%20WEST%2CABU%20DHABI%2C%20Ajman%2C%20UAE,,,
485,AUH,Abu Dhabi,PHARMACY,BLUE OCEAN PHARMACY - SOLE PROPRIETORSHIP L.L.C,PF3065,SHABIYA-ME10,"ABU DHABI-MUSAFFAH SHABIYA-ME10-MOHAMED BIN ZAYED CITY,ABUDHABI",02-5532323,https://www.google.com/maps/search/?api=1&query=ABU%20DHABI-MUSAFFAH%20SHABIYA-ME10-MOHAMED%20BIN%20ZAYED%20CITY%2CABUDHABI%2C%20Ajman%2C%20UAE,,,
486,AUH,Abu Dhabi,PHARMACY,NEW NATIONAL MEDICAL CENTRE PHARMACY,PF1306,MUSSAFAH,"SHABIYA ME 10,MUSAFFAH, ABUDHABI U.A.E",02-2550100,https://www.google.com/maps/search/?api=1&query=SHABIYA%20ME%2010%2CMUSAFFAH%2C%20ABUDHABI%20U.A.E%2C%20Ajman%2C%20UAE,,,
487,AUH,Abu Dhabi,PHARMACY,ASTER PHARMACIES GROUP LLC- BRANCH OF ABU DHABI 1,PF2728,AL FALAH STREET ,"AL HAMED BUILDING, AL FALAH STREET, BLUE DIAMOND, BEHIND JUMBO ELECTRONICS",02-6437625,https://www.google.com/maps/search/?api=1&query=AL%20HAMED%20BUILDING%2C%20AL%20FALAH%20STREET%2C%20BLUE%20DIAMOND%2C%20BEHIND%20JUMBO%20ELECTRONICS%2C%20Ajman%2C%20UAE,,,
488,AUH,Abu Dhabi,PHARMACY,ASTER PHARMACIES GROUP L.L.C-BRANCH OF ABU DHABI -5,PF2842,ELECTRA,"BUILDING NO 7, ZAYED STREET, ELECTRA",02-4489240,https://www.google.com/maps/search/?api=1&query=BUILDING%20NO%207%2C%20ZAYED%20STREET%2C%20ELECTRA%2C%20Ajman%2C%20UAE,,,
489,AUH,Abu Dhabi,PHARMACY,ASTER PHARMACIES GROUP LLC- BRANCH OF ABU DHABI 3,PF2745,HAMDAN STREET,"BUILDING NO. EC –C-19, HAMDAN STREET, NEAR TO LULU INTERNATIONAL EXCHANGE",02-6229870,https://www.google.com/maps/search/?api=1&query=BUILDING%20NO.%20EC%20%E2%80%93C-19%2C%20HAMDAN%20STREET%2C%20NEAR%20TO%20LULU%20INTERNATIONAL%20EXCHANGE%2C%20Ajman%2C%20UAE,,,
490,AUH,Abu Dhabi,PHARMACY,ASTER PHARMACIES GROUP L.L.C- BRANCH OF ABU DHABI 8,PF3004,ELECTRA STREET,"CANON BUILDING, ELECTRA STREET, NEXT TO CBI BANK BUILDING",02-6711831,https://www.google.com/maps/search/?api=1&query=CANON%20BUILDING%2C%20ELECTRA%20STREET%2C%20NEXT%20TO%20CBI%20BANK%20BUILDING%2C%20Ajman%2C%20UAE,,,
491,AUH,Abu Dhabi,PHARMACY,ASTER PHARMACIES GROUP LLC- BRANCH OF ABU DHABI 2,PF2723,KHALIDYA,"DAR AL THALMIYA, KHALIDIYA, ABU DHABI, UAE, BEHIND AL MUHAIRY CENTRE",02-4910686,https://www.google.com/maps/search/?api=1&query=DAR%20AL%20THALMIYA%2C%20KHALIDIYA%2C%20ABU%20DHABI%2C%20UAE%2C%20BEHIND%20AL%20MUHAIRY%20CENTRE%2C%20Ajman%2C%20UAE,,,
492,AUH,Abu Dhabi,PHARMACY,MODERN DAR AL SHIFA PHARMACY - MUSAFFAH  BR.,PF1574,MUSSAFAH,"INDUSTRIAL AREA 9, MUSAFFAH",02-5561637,https://www.google.com/maps/search/?api=1&query=INDUSTRIAL%20AREA%209%2C%20MUSAFFAH%2C%20Ajman%2C%20UAE,,,
493,AUH,Abu Dhabi,PHARMACY,ASTER MODERN DAR AL SHIFA PHARMACY,PF1304,ABU DHABI,NEAR DANA HOTEL - ABU DHABI,02-6446100,https://www.google.com/maps/search/?api=1&query=NEAR%20DANA%20HOTEL%20-%20ABU%20DHABI%2C%20Ajman%2C%20UAE,,,
494,AUH,Abu Dhabi,PHARMACY,ASTER PHARMACY LLC,PF1436,MUSSAFAH,"SAFEERMALL, MUSSAFAH",02 5529395,https://www.google.com/maps/search/?api=1&query=SAFEERMALL%2C%20MUSSAFAH%2C%20Ajman%2C%20UAE,,,
495,AUH,Abu Dhabi,PHARMACY,ASTER PHARMACIES GROUP L.L.C- BRANCH OF ABU DHABI 6,PF2860,MUSAFFAH,"SHABIYA#10, NEAR TO JOY ALUKAS JEWELRY, MUSAFFAH",02-5502429,https://www.google.com/maps/search/?api=1&query=SHABIYA%2310%2C%20NEAR%20TO%20JOY%20ALUKAS%20JEWELRY%2C%20MUSAFFAH%2C%20Ajman%2C%20UAE,,,
496,AUH,Abu Dhabi,PHARMACY,ASTER PHARMACIES GROUP  LLC- BRANCH OF ABUDHABI 4,PF2841,DEYYAR,"SHOP NO 7&8,BODEBIS BUILDING ,DEFENSE ROAD, DEYYAR",02-4478482,https://www.google.com/maps/search/?api=1&query=SHOP%20NO%207%268%2CBODEBIS%20BUILDING%20%2CDEFENSE%20ROAD%2C%20DEYYAR%2C%20Ajman%2C%20UAE,,,
497,AUH,Abu Dhabi,PHARMACY,ASTER PHARMACIES GROUP L.L.C- BRANCH OF ABU DHABI 7,PF3031,ABU DHABI,"AL SHAHEEN COMPLEX , NEAR CHOITHRAM SUPER MARKET, KHALIDIYA, ABU DHABI",02-6395140,https://www.google.com/maps/search/?api=1&query=AL%20SHAHEEN%20COMPLEX%20%2C%20NEAR%20CHOITHRAM%20SUPER%20MARKET%2C%20KHALIDIYA%2C%20ABU%20DHABI%2C%20Ajman%2C%20UAE,,,
498,AUH,Abu Dhabi,PHARMACY,ASTER PHARMACIES GROUP L.L.C BRANCH ABU DHABI 10,PF5146,ELECTRA STREET,"HEIRS OF DARWISH BIN AHMED BUILDING, SHOP NO:005, ZAYED 1ST ST, ELECTRA STREET, ABUDHABI, UAE",02-8868770,https://www.google.com/maps/search/?api=1&query=HEIRS%20OF%20DARWISH%20BIN%20AHMED%20BUILDING%2C%20SHOP%20NO%3A005%2C%20ZAYED%201ST%20ST%2C%20ELECTRA%20STREET%2C%20ABUDHABI%2C%20UAE%2C%20Ajman%2C%20UAE,,,
499,AUH,Abu Dhabi,PHARMACY,ASTER PHARMACIES GROUP L.L.C  ABU DHABI BRANCH 11,PF5185,AIRPORT ROAD,"SHOP NO.2, BUILDING NO.193, NEXT TO ADNOC PETROL STATION, SECTOR E 18_01, AIRPORT ROAD, ABU DHABI, UAE",02-6274688,https://www.google.com/maps/search/?api=1&query=SHOP%20NO.2%2C%20BUILDING%20NO.193%2C%20NEXT%20TO%20ADNOC%20PETROL%20STATION%2C%20SECTOR%20E%2018_01%2C%20AIRPORT%20ROAD%2C%20ABU%20DHABI%2C%20UAE%2C%20Ajman%2C%20UAE,,,
500,AUH,Abu Dhabi,PHARMACY,ASTER PHARMACIES GROUP L.L.C BRANCH OF ABU DHABI 9,PF5147,AL WATHIQ STREET,"SHOP 2, BUILDING 139, AL WATHIQ STREET, SULTAN BIN ZAYED THE FIRST , BESIDE ZEHRAT LEBANON, MUROOR ROAD, ABUDHABI",02-8869464,https://www.google.com/maps/search/?api=1&query=SHOP%202%2C%20BUILDING%20139%2C%20AL%20WATHIQ%20STREET%2C%20SULTAN%20BIN%20ZAYED%20THE%20FIRST%20%2C%20BESIDE%20ZEHRAT%20LEBANON%2C%20MUROOR%20ROAD%2C%20ABUDHABI%2C%20Ajman%2C%20UAE,,,
501,AUH,Abu Dhabi,PHARMACY,ASTER PHARMACIES GROUP L.L.C - ABU DHABI BRANCH 15,PF5284,AL NAHYAN,"37, AL RAWNAQ ST, AL NAHYAN, ABU DHABI",02-6431619,https://www.google.com/maps/search/?api=1&query=37%2C%20AL%20RAWNAQ%20ST%2C%20AL%20NAHYAN%2C%20ABU%20DHABI%2C%20Ajman%2C%20UAE,,,
502,AUH,Abu Dhabi,PHARMACY,ASTER PHARMACIES GROUP L.L.C - BRANCH OF ABU DHABI 14,PF5281, AL DANAH,"721, AL MURAIKHI BUILDING, HAMDAN BIN MOHAMMED ST, AL DANAH, ABU DHABI",02-6350204,https://www.google.com/maps/search/?api=1&query=721%2C%20AL%20MURAIKHI%20BUILDING%2C%20HAMDAN%20BIN%20MOHAMMED%20ST%2C%20AL%20DANAH%2C%20ABU%20DHABI%2C%20Ajman%2C%20UAE,,,
503,AUH,Abu Dhabi,PHARMACY,ASTER PHARMACIES GROUP LLC BRANCH  ABUDHABI 13,PF5274, AL DANA EAST,"DARWISH BIN AHMED BUILDING,AL FALAH STREET, AL DANA EAST , BESIDE TAHA MEDICAL CENTER, ABU DHABI, UAE",02-5858396,https://www.google.com/maps/search/?api=1&query=DARWISH%20BIN%20AHMED%20BUILDING%2CAL%20FALAH%20STREET%2C%20AL%20DANA%20EAST%20%2C%20BESIDE%20TAHA%20MEDICAL%20CENTER%2C%20ABU%20DHABI%2C%20UAE%2C%20Ajman%2C%20UAE,,,
504,AUH,Abu Dhabi,PHARMACY,ZEST WELLNESS PHARMACY LLC - BRANCH OF ABU DHABI 1,PF5404,KHALIFA CITY,"UNIT 07 & 08, WAITROSE CENTRE, KHALIFA CITY,SW-3, SECTOR 32, THEYAB BIN EISSA ST, ABU DHABI, UAE",02-5653462,https://www.google.com/maps/search/?api=1&query=UNIT%2007%20%26%2008%2C%20WAITROSE%20CENTRE%2C%20KHALIFA%20CITY%2CSW-3%2C%20SECTOR%2032%2C%20THEYAB%20BIN%20EISSA%20ST%2C%20ABU%20DHABI%2C%20UAE%2C%20Ajman%2C%20UAE,,,
505,AUH,Abu Dhabi,PHARMACY,ASTER PHARMACIES GROUP L.L.C - BRANCH OF ABU DHABI 17,PF5403," INDUSTRIAL CITY, ICAD I","FF 123, DALMA MALL, AL WAZN ST, ABU DHABI INDUSTRIAL CITY, ICAD I, ABU DHABI",02-5620147,https://www.google.com/maps/search/?api=1&query=FF%20123%2C%20DALMA%20MALL%2C%20AL%20WAZN%20ST%2C%20ABU%20DHABI%20INDUSTRIAL%20CITY%2C%20ICAD%20I%2C%20ABU%20DHABI%2C%20Ajman%2C%20UAE,,,
506,AUH,Abu Dhabi,PHARMACY,MARIAM PHARMACY LLC,PF1183,AL WAHDA MALL,"OPPOSITE AL WAHDA MALL, DEFECNE ROAD, ABU DHABI",02-6418383,https://www.google.com/maps/search/?api=1&query=OPPOSITE%20AL%20WAHDA%20MALL%2C%20DEFECNE%20ROAD%2C%20ABU%20DHABI%2C%20Ajman%2C%20UAE,,,
507,AUH,Abu Dhabi,PHARMACY,AMAL PHARMACY - SOLE PROPRIETORSHIP L.L.C,PF1187,BANIYAS EAST 9,"BANIYAS EAST 9, ABU DHABI, UAE",02-5833996,https://www.google.com/maps/search/?api=1&query=BANIYAS%20EAST%209%2C%20ABU%20DHABI%2C%20UAE%2C%20Ajman%2C%20UAE,,,
508,AUH,Abu Dhabi,PHARMACY,AL AHALIA NATIONAL PHARMACY L.L.C. - BRANCH 1,PF2777,TARIF ROAD,"M 24, MUSAFFAH, NEAR BMW SHOW ROOM, TARIF ROAD",02-5597090,https://www.google.com/maps/search/?api=1&query=M%2024%2C%20MUSAFFAH%2C%20NEAR%20BMW%20SHOW%20ROOM%2C%20TARIF%20ROAD%2C%20Ajman%2C%20UAE,,,
509,AUH,Abu Dhabi,PHARMACY,GALAXY PHARMACY L.L.C.,PF3073,MUSSAFFAH – 37,"NEAR AHMED SALEM AL - MAHRAMI MOSQUE, OPP AL MADINA HYPERMARKET, MUSSAFFAH – 37",02-5575413,https://www.google.com/maps/search/?api=1&query=NEAR%20AHMED%20SALEM%20AL%20-%20MAHRAMI%20MOSQUE%2C%20OPP%20AL%20MADINA%20HYPERMARKET%2C%20MUSSAFFAH%20%E2%80%93%2037%2C%20Ajman%2C%20UAE,,,
510,AUH,Abu Dhabi,PHARMACY,AL RIDA PHARMACY,PF1027,NAJATHA STREET,"NAJATHA STREET, OPP. NATIONAL CINEMA",02-6766125,https://www.google.com/maps/search/?api=1&query=NAJATHA%20STREET%2C%20OPP.%20NATIONAL%20CINEMA%2C%20Ajman%2C%20UAE,,,
511,AUH,Abu Dhabi,PHARMACY,BETTER LIFE PHARMACY - SOLE PROPRIETORSHIP L.L.C.,PF1151,MUSAFFAH ICAD,"MUSAFFAH ICAD, NEAR FATHIMA SUPERMARKET",02-5506693,https://www.google.com/maps/search/?api=1&query=MUSAFFAH%20ICAD%2C%20NEAR%20FATHIMA%20SUPERMARKET%2C%20Ajman%2C%20UAE,,,
512,AUH,Abu Dhabi,PHARMACY,BETTER LIFE PHARMACY- SOLE PROPRIETORSHIP L.L.C. - BRANCH 1,PF2734,CORNICHE ROAD,"CORNICHE ROAD,AUH",02-6222230,https://www.google.com/maps/search/?api=1&query=CORNICHE%20ROAD%2CAUH%2C%20Ajman%2C%20UAE,,,
513,AUH,Abu Dhabi,PHARMACY,EASTERN AL AHLIA PHARMACY - L.L.C.,PF1709,"MAFRAQ, WORKERS CITY-2","MAFRAQ, WORKERS CITY-2,AUH",02-5856008,https://www.google.com/maps/search/?api=1&query=MAFRAQ%2C%20WORKERS%20CITY-2%2CAUH%2C%20Ajman%2C%20UAE,,,
514,AUH,Abu Dhabi,PHARMACY,MADINA ZAYED AL AHLIYYA  PHARMACY,PF1254,SHABIA,"33RD  STREET, ME-10, MUSSAFAH, SHABIA, MOHAMED BIN ZAYED CITY",02-5593711,https://www.google.com/maps/search/?api=1&query=33RD%20%20STREET%2C%20ME-10%2C%20MUSSAFAH%2C%20SHABIA%2C%20MOHAMED%20BIN%20ZAYED%20CITY%2C%20Ajman%2C%20UAE,,,
515,AUH,Abu Dhabi,PHARMACY,NEW ABU DHABI PHARMACY - SOLE PROPRIETORSHIP L.L.C,PF1064,AL FALAH STREET ,"AL FALAH STREET, OLD PASSPORT ROAD, RAFCO BUILDING",02-6777625,https://www.google.com/maps/search/?api=1&query=AL%20FALAH%20STREET%2C%20OLD%20PASSPORT%20ROAD%2C%20RAFCO%20BUILDING%2C%20Ajman%2C%20UAE,,,
516,AUH,Abu Dhabi,PHARMACY,NOOR ALAHLI PHARMACY L.L.C. - BRANCH 1,PF2902,ICAD GATE 1,"ICAD MALL, ICAD GATE 1, M41, ICAD RESIDENTIAL CITY, MUSSAFAH",02-6416723,https://www.google.com/maps/search/?api=1&query=ICAD%20MALL%2C%20ICAD%20GATE%201%2C%20M41%2C%20ICAD%20RESIDENTIAL%20CITY%2C%20MUSSAFAH%2C%20Ajman%2C%20UAE,,,
517,AUH,Abu Dhabi,PHARMACY,NOOR ALAHLI PHARMACY L.L.C. - BRANCH 2,PF2984,MUSSAFFAH,"ABU SHAKRA BLDG., ME-9, MUSSAFFAH",02-5522309,https://www.google.com/maps/search/?api=1&query=ABU%20SHAKRA%20BLDG.%2C%20ME-9%2C%20MUSSAFFAH%2C%20Ajman%2C%20UAE,,,
518,AUH,Abu Dhabi,PHARMACY,NOOR ALAHLI PHARMACY L.L.C. - BRANCH 3,PF2980,HAMDAN STREET,"OPP PANORAMA BLDG, HAMDAN STREET, HAMDAN",02-6263305,https://www.google.com/maps/search/?api=1&query=OPP%20PANORAMA%20BLDG%2C%20HAMDAN%20STREET%2C%20HAMDAN%2C%20Ajman%2C%20UAE,,,
519,AUH,Abu Dhabi,PHARMACY,NOOR ALAHLI PHARMACY L.L.C. - BRANCH 4,PF2999,BANIYAS WEST,"NEAR BANIYAS COURT, BANIYAS WEST",02-5668124,https://www.google.com/maps/search/?api=1&query=NEAR%20BANIYAS%20COURT%2C%20BANIYAS%20WEST%2C%20Ajman%2C%20UAE,,,
520,AUH,Abu Dhabi,PHARMACY,NOOR ALAHLI PHARMACY L.L.C. - BRANCH 5,PF3055,BANIYAS WEST,"BANIYAS WEST, NEAR UNITED SCHOOL",02-5831929,https://www.google.com/maps/search/?api=1&query=BANIYAS%20WEST%2C%20NEAR%20UNITED%20SCHOOL%2C%20Ajman%2C%20UAE,,,
521,AUH,Abu Dhabi,PHARMACY,NOOR ALAHLI PHARMACY L.L.C. - BRANCH 6,PF3058,HAMDAN STREET,"C15, SECTOR : EAST 6, HAMDAN STREET, HAMDAN",02-6210524,https://www.google.com/maps/search/?api=1&query=C15%2C%20SECTOR%20%3A%20EAST%206%2C%20HAMDAN%20STREET%2C%20HAMDAN%2C%20Ajman%2C%20UAE,,,
522,AUH,Abu Dhabi,PHARMACY,NOOR ALAHLI PHARMACY L.L.C. - BRANCH 7,PF3057,HAMDAN STREET,"BEHIND A BLOCK, OPP DU BLDG, HAMDAN STREET, HAMDAN",02-6269545,https://www.google.com/maps/search/?api=1&query=BEHIND%20A%20BLOCK%2C%20OPP%20DU%20BLDG%2C%20HAMDAN%20STREET%2C%20HAMDAN%2C%20Ajman%2C%20UAE,,,
523,AUH,Abu Dhabi,PHARMACY,NOOR ALAHLI PHARMACY L.L.C. - BRANCH 8,PF3061,MARFA SOUQ,"MARFA SOUQ, OPP ABUSAEED MOSQUE, MIRFA",02-8833443,https://www.google.com/maps/search/?api=1&query=MARFA%20SOUQ%2C%20OPP%20ABUSAEED%20MOSQUE%2C%20MIRFA%2C%20Ajman%2C%20UAE,,,
524,AUH,Abu Dhabi,PHARMACY,STAR AL AHALIA PHARMACY,PF2983, GAYATHI,"C76, NEAR GAYATHI MARKET, GAYATHI",02-8744060,https://www.google.com/maps/search/?api=1&query=C76%2C%20NEAR%20GAYATHI%20MARKET%2C%20GAYATHI%2C%20Ajman%2C%20UAE,,,
525,AUH,Abu Dhabi,PHARMACY,UNIQUE AL AHALIA PHARMACY,PF2736,"MUSSAFAH, SHABIYA","ME-10, NEAR RED CRESCENT, MUSSAFAH, SHABIYA",02-5595441,https://www.google.com/maps/search/?api=1&query=ME-10%2C%20NEAR%20RED%20CRESCENT%2C%20MUSSAFAH%2C%20SHABIYA%2C%20Ajman%2C%20UAE,,,
526,AUH,Abu Dhabi,PHARMACY,UNIQUE AL AHALIA PHARMACY - BRANCH 1,PF2801,HAMDAN STREET,"BEHIND LIWA CENTER, HAMDAN STREET, HAMDAN",02-6352775,https://www.google.com/maps/search/?api=1&query=BEHIND%20LIWA%20CENTER%2C%20HAMDAN%20STREET%2C%20HAMDAN%2C%20Ajman%2C%20UAE,,,
527,AUH,Abu Dhabi,PHARMACY,WESTERN TOWERS AL AHLIA PHARMACY,PF2870,"SANAYA, MADINA ZAYED","MZE-19, SANAYA, MADINA ZAYED",02-8841020,https://www.google.com/maps/search/?api=1&query=MZE-19%2C%20SANAYA%2C%20MADINA%20ZAYED%2C%20Ajman%2C%20UAE,,,
528,AUH,Abu Dhabi,PHARMACY,PHOENIX HOSPITAL PHARMACY L.L.C.,PF2995,SHABIYAH,"M-10, SHABIYAH, MUSAFFAH",02-6151525,https://www.google.com/maps/search/?api=1&query=M-10%2C%20SHABIYAH%2C%20MUSAFFAH%2C%20Ajman%2C%20UAE,,,
529,AUH,Abu Dhabi,PHARMACY,MILLENNIUM HOSPITAL PHARMACY L.L.C.,PF3097,SHABIA 9,"C 175, ME 9, SHABIA 9, MUSSAFAH",02-5649409,https://www.google.com/maps/search/?api=1&query=C%20175%2C%20ME%209%2C%20SHABIA%209%2C%20MUSSAFAH%2C%20Ajman%2C%20UAE,,,
530,AUH,Abu Dhabi,PHARMACY,AL AHALIA NATIONAL PHARMACY L.L.C.,PF2662,MUSSAFAH,"TARIFF ROAD, M-24, MUSSAFAH",02-8119151,https://www.google.com/maps/search/?api=1&query=TARIFF%20ROAD%2C%20M-24%2C%20MUSSAFAH%2C%20Ajman%2C%20UAE,,,
531,AUH,Abu Dhabi,PHARMACY,UNIQUE AL AHALIA PHARMACY - BRANCH 2,PF3095,DELMA STREET,"DELMA STREET, OLD AIRPORT ROAD",02-6410039,https://www.google.com/maps/search/?api=1&query=DELMA%20STREET%2C%20OLD%20AIRPORT%20ROAD%2C%20Ajman%2C%20UAE,,,
532,AUH,Abu Dhabi,PHARMACY,ZIRKU PHARMACY,PF1667,ZIRKU ISLAND,"ZIRKU ISLAND, ABU DHABI",02 6056503,https://www.google.com/maps/search/?api=1&query=ZIRKU%20ISLAND%2C%20ABU%20DHABI%2C%20Ajman%2C%20UAE,,,
533,AUH,Abu Dhabi,PHARMACY,ADNOC ONSHORE MEDICAL CENTRE PHARMACY,PF1367,AL KHALIDIYAH,"ADCO MEDICAL CENTRE, NEAR ADCO OPERATIONS, AL KHALIDIYAH,1ST CORNICHE STREET, ABU DHABI",02-6018527 / 02-6043013,https://www.google.com/maps/search/?api=1&query=ADCO%20MEDICAL%20CENTRE%2C%20NEAR%20ADCO%20OPERATIONS%2C%20AL%20KHALIDIYAH%2C1ST%20CORNICHE%C2%A0STREET%2C%20ABU%20DHABI%2C%20Ajman%2C%20UAE,,,
534,AUH,Abu Dhabi,PHARMACY,ADNOC TECHNICAL INSTITUTE PHARMACY,PF2640,AL SHAWAMEKH,"AL SHAWAMEKH, NEAR SCHLUMBERGER - ABU DHABI",02 6022837,https://www.google.com/maps/search/?api=1&query=AL%20SHAWAMEKH%2C%20NEAR%20SCHLUMBERGER%20-%20ABU%20DHABI%2C%20Ajman%2C%20UAE,,,
535,AUH,Abu Dhabi,PHARMACY,DAS MEDICAL CENTER PHARMACY,PF1316,DAS ISLAND,"DAS ISLAND, ABU DHABI",02-6063500,https://www.google.com/maps/search/?api=1&query=DAS%20ISLAND%2C%20ABU%20DHABI%2C%20Ajman%2C%20UAE,,,
536,AUH,Abu Dhabi,PHARMACY,ABU DHABI REFINERY,PF1442,INTERNATIONAL AIRPORT ROAD,INTERNATIONAL AIRPORT ROAD - ABU DHABI,02 6026305,https://www.google.com/maps/search/?api=1&query=INTERNATIONAL%20AIRPORT%20ROAD%20-%20ABU%20DHABI%2C%20Ajman%2C%20UAE,,,
537,AUH,Abu Dhabi,PHARMACY,SHEIKH KHALIFA ENERGY CLINIC PHARMACY,PF2785,SHEIKH KHALIFA ENERGY COMPLEX,SHEIKH KHALIFA ENERGY COMPLEX - ABU DHABI,02 6020070,https://www.google.com/maps/search/?api=1&query=SHEIKH%20KHALIFA%20ENERGY%20COMPLEX%20-%20ABU%20DHABI%2C%20Ajman%2C%20UAE,,,
538,AUH,Abu Dhabi,PHARMACY,AL DABBAYIA PHARMACY,PF2554,RAMS DHABIYYA CLINI,"RAMS DHABIYYA CLINIC,ABU DHABI",02-26046788,https://www.google.com/maps/search/?api=1&query=RAMS%20DHABIYYA%20CLINIC%2CABU%20DHABI%2C%20Ajman%2C%20UAE,,,
539,AUH,Abu Dhabi,PHARMACY,ASAB PHARMACY,PF2558,ASAB AREA,"ASAB AREA, ABU DHABI",02-6034222,https://www.google.com/maps/search/?api=1&query=ASAB%20AREA%2C%20ABU%20DHABI%2C%20Ajman%2C%20UAE,,,
540,AUH,Abu Dhabi,PHARMACY,BUHASA PHARMACY,PF2553,RAMS BUHASA,"RAMS BUHASA, ABU DHABI",02-6035272,https://www.google.com/maps/search/?api=1&query=RAMS%20BUHASA%2C%20ABU%20DHABI%2C%20Ajman%2C%20UAE,,,
541,AUH,Abu Dhabi,PHARMACY,HABSHAN PHARMACY,PF2555,HABSHAN,"BEDA ZAYED ROAD, HABSHAN ABU DHABI",02-6038331,https://www.google.com/maps/search/?api=1&query=BEDA%20ZAYED%20ROAD%2C%20HABSHAN%20ABU%20DHABI%2C%20Ajman%2C%20UAE,,,
542,AUH,Abu Dhabi,PHARMACY,AL DHANNAH HOSPITAL PHARMACY,PF1441,AL DHANNAH CITY,"AL DHANNAH CITY, NEAR AL DHANNAH MALL",02-8090311,https://www.google.com/maps/search/?api=1&query=AL%20DHANNAH%20CITY%2C%20NEAR%20AL%20DHANNAH%20MALL%2C%20Ajman%2C%20UAE,,,
543,AUH,Abu Dhabi,PHARMACY,MEDEOR 24X7 PHARMACY LLC,PF2790,AL FALAH ST - AL DANAH,AL FALAH ST - AL DANAH - ZONE 1 - ABU DHABI,02-6900 466,https://www.google.com/maps/search/?api=1&query=AL%20FALAH%20ST%20-%20AL%20DANAH%20-%20ZONE%201%20-%20ABU%20DHABI%2C%20Ajman%2C%20UAE,,,
544,AUH,Abu Dhabi,PHARMACY,ALGHARBIA MEDICINE PHARMACY LLC,PF2879,SHABIYA 10 ,"NEAR PRIME CARE MEDICAL CENTRE. SHABIYA 10 ABUDHABI,UAE",02-5587652,https://www.google.com/maps/search/?api=1&query=NEAR%20PRIME%20CARE%20MEDICAL%20CENTRE.%20SHABIYA%2010%20ABUDHABI%2CUAE%2C%20Ajman%2C%20UAE,,,
545,AUH,Abu Dhabi,PHARMACY,KNIGHTS PHARMACY,PF1192,ZAYED THE FIRST STREET,"1ST FLOOR, PINK BUILDING #501, NEAR ROYAL ROSE HOTEL, ZAYED THE FIRST STREET - E-10 - ABU DHABI",02-6767366,https://www.google.com/maps/search/?api=1&query=1ST%20FLOOR%2C%20PINK%20BUILDING%20%23501%2C%20NEAR%20ROYAL%20ROSE%20HOTEL%2C%20ZAYED%20THE%20FIRST%20STREET%20-%20E-10%20-%20ABU%20DHABI%2C%20Ajman%2C%20UAE,,,
546,AUH,Abu Dhabi,PHARMACY,KNIGHTS PHARMACY - LLC - KHALIFA BRANCH.,PF1431,NEAR SHEIKH KHALIFA MEDICAL CITY,"VILLA NO # 209, NEAR SHEIKH KHALIFA MEDICAL CITY, AL    KARAMAH STREET",02-621 9996,https://www.google.com/maps/search/?api=1&query=VILLA%20NO%20%23%20209%2C%20NEAR%20SHEIKH%20KHALIFA%20MEDICAL%20CITY%2C%20AL%20%20%20%20KARAMAH%20STREET%2C%20Ajman%2C%20UAE,,,
547,AUH,Abu Dhabi,PHARMACY,ASTER PHARMACIES GROUP L.L.C - ABU DHABI BRANCH 20,PF5485,BANIYAS,"SHOP NO.1, THIBAN BUILDING, PLOT S17, AL TAATUF STREET, BANIYAS, ABU DHABI",02-6355490,https://www.google.com/maps/search/?api=1&query=SHOP%20NO.1%2C%20THIBAN%20BUILDING%2C%20PLOT%20S17%2C%20AL%20TAATUF%20STREET%2C%20BANIYAS%2C%20ABU%20DHABI%2C%20Ajman%2C%20UAE,,,
548,AUH,Abu Dhabi,PHARMACY,ASTER PHARMACIES GROUP L.L.C - BRANCH OF ABU DHABI 18,PF5466,KHALIFA CITY,"SHOP NO.1, BUILDING C54, AL MIREEF STREET, SECTOR SE45,SOUTHEAST-KHALIFA CITY, KHALIFA CITY, ABU DHABI",02-5845609,https://www.google.com/maps/search/?api=1&query=SHOP%20NO.1%2C%20BUILDING%20C54%2C%20AL%20MIREEF%20STREET%2C%20SECTOR%20SE45%2CSOUTHEAST-KHALIFA%20CITY%2C%20KHALIFA%20CITY%2C%20ABU%20DHABI%2C%20Ajman%2C%20UAE,,,
549,AUH,Abu Dhabi,PHARMACY,ASTER PHARMACIES GROUP L.L.C - BRANCH OF ABU DHABI 19,PF5484,AL SHAHAMAH,"SHOP NO-2, BUILDING-4968, PLOT C123,AL-TAGHROUDA STREET, NEW SHAHAMAH, AL SHAHAMAH, ABU DHABI",02-5837390,https://www.google.com/maps/search/?api=1&query=SHOP%20NO-2%2C%20BUILDING-4968%2C%20PLOT%20C123%2CAL-TAGHROUDA%20STREET%2C%20NEW%20SHAHAMAH%2C%20AL%20SHAHAMAH%2C%20ABU%20DHABI%2C%20Ajman%2C%20UAE,,,
550,AUH,Abu Dhabi,PHARMACY,ASTER PHARMACIES GROUP L.L.C - BRANCH OF ABU DHABI 21,PF5510,AL RAHA,"G-01, BUILDING-P-2629, SECTOR RBW8, AL RAHA BEACH WEST, AL RAHA, ABU DHABI",02-8846576,https://www.google.com/maps/search/?api=1&query=G-01%2C%20BUILDING-P-2629%2C%20SECTOR%20RBW8%2C%20AL%20RAHA%20BEACH%20WEST%2C%20AL%20RAHA%2C%20ABU%20DHABI%2C%20Ajman%2C%20UAE,,,
551,AUH,Abu Dhabi,PHARMACY,AL RAWDHA PHARMACY L.L.C,PF3178,AL DANAH ZONE,"P-805 PROPERTY NO. PRP572, BEHIND ADNOC-NDC BUILDING AL DANAH ZONE 1 E11 ABU DHABI, UAE",02-550 5565,https://www.google.com/maps/search/?api=1&query=P-805%20PROPERTY%20NO.%20PRP572%2C%20BEHIND%20ADNOC-NDC%20BUILDING%20AL%20DANAH%20ZONE%201%20E11%20ABU%20DHABI%2C%20UAE%2C%20Ajman%2C%20UAE,,,
552,AUH,Abu Dhabi,PHARMACY,FAMILY PHARMACY,PF1205,"AL MARAFI STREET, AL DANAH,","HAMAD MUHAMMAD ALI  AL YABHOUNI AL DHAHERI BLDG,AL MARAFI STREET, AL DANAH, ABU DHABI CITY ",02-631 7417,https://www.google.com/maps/search/?api=1&query=HAMAD%20MUHAMMAD%20ALI%20%20AL%20YABHOUNI%20AL%20DHAHERI%20BLDG%2CAL%20MARAFI%20STREET%2C%20AL%20DANAH%2C%20ABU%20DHABI%20CITY%2C%20Ajman%2C%20UAE,,,
553,AUH,Abu Dhabi,PHARMACY,A B C PLUS PHARMACY,PF5211,WORKER CITY NO.1-MAFRAQ I,WORKER CITY NO.1-MAFRAQ INDUSTRIAL AREA-ABU DHABI UAE,02-6279479,https://www.google.com/maps/search/?api=1&query=WORKER%20CITY%20NO.1-MAFRAQ%20INDUSTRIAL%20AREA-ABU%20DHABI%20UAE%2C%20Ajman%2C%20UAE,,,
554,AUH,Abu Dhabi,PHARMACY,A B C PLUS PHARMACY- BRANCH,PF5232,BANI YAS WEST ,"NERA JERN YAFOOR SCHOOL BANI YAS WEST ABU DHABI,UAE",02-8784997,https://www.google.com/maps/search/?api=1&query=NERA%20JERN%20YAFOOR%20SCHOOL%20BANI%20YAS%20WEST%20ABU%20DHABI%2CUAE%2C%20Ajman%2C%20UAE,,,
555,AUH,Abu Dhabi,PHARMACY,AL FURQAN PHARMACY,PF2894,AL MAFRAQ WORKERS CITY,JARN YAFOUR - AL MAFRAQ WORKERS CITY - ABU DHABI,02-644 0077,https://www.google.com/maps/search/?api=1&query=JARN%20YAFOUR%20-%20AL%20MAFRAQ%20WORKERS%20CITY%20-%20ABU%20DHABI%2C%20Ajman%2C%20UAE,,,
556,AUH,Abu Dhabi,PHARMACY,M37 PHARMACY LLC,PF5215,MUSSAFAH,"MUSSAFAH M 37 NEAR ALI HASSAN SUPER MARKET,ABUDHABI,UAE",02-2465436,https://www.google.com/maps/search/?api=1&query=MUSSAFAH%20M%2037%20NEAR%20ALI%20HASSAN%20SUPER%20MARKET%2CABUDHABI%2CUAE%2C%20Ajman%2C%20UAE,,,
557,AUH,Abu Dhabi,PHARMACY,MODERN PHARMACY L.L.C - BRANCH OF ABU DHABI 1,PF5375, MADINAT ZAYED,"MADINAT ZAYED,WESTERN REGION , MADINAT ZAYEDCITYMALL,ABU DHABI,UAE
",02-8829915,https://www.google.com/maps/search/?api=1&query=MADINAT%20ZAYED%2CWESTERN%20REGION%20%2C%20MADINAT%20ZAYEDCITYMALL%2CABU%20DHABI%2CUAE%2C%20Ajman%2C%20UAE,,,
558,AUH,Abu Dhabi,PHARMACY,MODERN PHARMACY L.L.C - BRANCH OF ABU DHABI 2,PF1017,WORLD TRADE CENTRE,"OLD FISH MARKET,AL NASIR STREET ,AL HOSN TOWER,LAND MARK,NEARWORLD TRADE CENTRE ,ABUDHABI,UAE, ABU DHABI,PO BOX-24,UAE
",02-6449363,https://www.google.com/maps/search/?api=1&query=OLD%20FISH%20MARKET%2CAL%20NASIR%20STREET%20%2CAL%20HOSN%20TOWER%2CLAND%20MARK%2CNEARWORLD%20TRADE%20CENTRE%20%2CABUDHABI%2CUAE%2C%20ABU%20DHABI%2CPO%20BOX-24%2CUAE%2C%20Ajman%2C%20UAE,,,
559,AUH,Abu Dhabi,PHARMACY,PUBLIC HEALTH PHARMACY LLC,PF3218,BANIYAS," SHOP NO.2B PLOT NO F2C4_1MAGENTA PEARL VILLAGE, AL-MAFRAQ INDUSTRIAL-2 (CHINA CAMP),BANIYAS, ABU DHABI",02-6678668,https://www.google.com/maps/search/?api=1&query=SHOP%20NO.2B%20PLOT%20NO%20F2C4_1MAGENTA%20PEARL%20VILLAGE%2C%20AL-MAFRAQ%20INDUSTRIAL-2%20%28CHINA%20CAMP%29%2CBANIYAS%2C%20ABU%20DHABI%2C%20Ajman%2C%20UAE,,,
560,AUH,Abu Dhabi,PHARMACY,HEALTH TIME PHARMACY - SOLE PROPRIETORSHIP L.L.C,PF2998,BANIYAS," BLDG. 08, PLOT F2C4-8, AL-MAFRAQ INDUSTRIAL 2 BANIYAS, ABU DHABI, UNITED ARAB EMIRATES,",02-6425247,https://www.google.com/maps/search/?api=1&query=BLDG.%2008%2C%20PLOT%20F2C4-8%2C%20AL-MAFRAQ%20INDUSTRIAL%202%20BANIYAS%2C%20ABU%20DHABI%2C%20UNITED%20ARAB%20EMIRATES%2C%2C%20Ajman%2C%20UAE,,,
561,AUH,Abu Dhabi,PHARMACY,BLACK FALCON PHARMACY L.L.C,PF5051,GHAYATHI NEW INDUSTRIAL AREA,"BIN ASHEER BUILDING, GHAYATHI NEW INDUSTRIAL AREA, WESTERN REGION GHAYATHI ABU DHABI, UAE",02-8762647,https://www.google.com/maps/search/?api=1&query=BIN%20ASHEER%20BUILDING%2C%20GHAYATHI%20NEW%20INDUSTRIAL%20AREA%2C%20WESTERN%20REGION%20GHAYATHI%20ABU%20DHABI%2C%20UAE%2C%20Ajman%2C%20UAE,,,
562,AUH,Abu Dhabi,PHARMACY,FUTURE INTERNATIONAL PHARMACY L.L.C,PF2725,SHABIYA-11,"SHABIYA-11, ABU DHABI, UAE ",02-5595112,https://www.google.com/maps/search/?api=1&query=SHABIYA-11%2C%20ABU%20DHABI%2C%20UAE%2C%20Ajman%2C%20UAE,,,
563,AUH,Abu Dhabi,PHARMACY,SMART HEALTH PHARMACY,PF2591,WORKERS VILLAGE 2 AL MAFRAQ,"WORKERS VILLAGE 2 AL MAFRAQ INDUSTRIAL AREA ABU DHABI, UAE  ",02-4467700,https://www.google.com/maps/search/?api=1&query=WORKERS%20VILLAGE%202%20AL%20MAFRAQ%20INDUSTRIAL%20AREA%20ABU%20DHABI%2C%20UAE%2C%20Ajman%2C%20UAE,,,
564,AUH,Abu Dhabi,PHARMACY,NORTH WEST PHARMACY LLC,PF4035,MUSAFFAH 38,"MUSAFFAH 38, ABUDHABI,UAE",02-6731164,https://www.google.com/maps/search/?api=1&query=MUSAFFAH%2038%2C%20ABUDHABI%2CUAE%2C%20Ajman%2C%20UAE,,,
565,AUH,Abu Dhabi,PHARMACY,AL NEEM PHARMACY L.L.C,PF3112,SHAHAMA,"SHAHAMA, ABU DHABI",06-557 9567,https://www.google.com/maps/search/?api=1&query=SHAHAMA%2C%20ABU%20DHABI%2C%20Ajman%2C%20UAE,,,
566,AUH,Abu Dhabi,PHARMACY,AL KAMAL PHARMACY,PF1177,KHALIDIYA,"GROUND FLOOR,AL JERNAIN TOWER,ZAYED THE FIRST STREET,KHALIDIYA,ABU DHABI,UAE",02-6669281,https://www.google.com/maps/search/?api=1&query=GROUND%20FLOOR%2CAL%20JERNAIN%20TOWER%2CZAYED%20THE%20FIRST%20STREET%2CKHALIDIYA%2CABU%20DHABI%2CUAE%2C%20Ajman%2C%20UAE,,,
567,AUH,Abu Dhabi,PHARMACY,GIANT PHARMACY LLC,PF3246, MUSSAFAH,"SHOP 11, MUSSAFAH,UAE",02-5517211,https://www.google.com/maps/search/?api=1&query=SHOP%2011%2C%20MUSSAFAH%2CUAE%2C%20Ajman%2C%20UAE,,,
568,AUH,Abu Dhabi,PHARMACY,EMERALD PHARMACY LLC,PF2649, ICAD,"STREET#16 M/37 NEAR ICAD,ABU DHABI,UAE",02-5554165,https://www.google.com/maps/search/?api=1&query=STREET%2316%20M/37%20NEAR%20ICAD%2CABU%20DHABI%2CUAE%2C%20Ajman%2C%20UAE,,,
569,AUH,Abu Dhabi,PHARMACY,HOPE PHARMACY L.L.C,PF2868,BANIYAS,"BANIYAS, MAFRAQ INDUSTRIAL - PLOT 384, UNIT, OWNER/GENERAL CONSTRUCTION COMPANY, ABU DHABI",02-5552687,https://www.google.com/maps/search/?api=1&query=BANIYAS%2C%20MAFRAQ%20INDUSTRIAL%20-%20PLOT%20384%2C%20UNIT%2C%20OWNER/GENERAL%20CONSTRUCTION%20COMPANY%2C%20ABU%20DHABI%2C%20Ajman%2C%20UAE,,,
570,AUH,Abu Dhabi,PHARMACY,MAX BLUE PHARMACY,PF5011,MUSSAFAH,"ABU HINAA 1ST STREET MUSSAFAH M 10, ABU DHABI, UAE",02 5751331,https://www.google.com/maps/search/?api=1&query=ABU%20HINAA%201ST%20STREET%20MUSSAFAH%20M%2010%2C%20ABU%20DHABI%2C%20UAE%2C%20Ajman%2C%20UAE,,,
571,AUH,Abu Dhabi,PHARMACY,SAHARA PHARMACY L.L.C,PF2639,MUSAFFAH,"M44, MUSAFFAH, ABU DHABI",02-5556392,https://www.google.com/maps/search/?api=1&query=M44%2C%20MUSAFFAH%2C%20ABU%20DHABI%2C%20Ajman%2C%20UAE,,,
572,AUH,Abu Dhabi,PHARMACY,LLH PHARMACY ALMUSAFFAH L.L.C. - BRANCH,PF5361,"GHIYATHI, AL DHAFRA","NEAR MEGA BAZAR GHIYATHI, AL DHAFRA",056-4010637,https://www.google.com/maps/search/?api=1&query=NEAR%20MEGA%20BAZAR%20GHIYATHI%2C%20AL%20DHAFRA%2C%20Ajman%2C%20UAE,,,
573,AUH,Abu Dhabi,PHARMACY,TIME CURE PHARMACY - SOLE PROPRIETORSHIP LLC,PF1715,MUSSAFAH 36,"PLOT 15, ABOVE ARAB COOK REST. MUSSAFAH 36, ABU DHABI,UAE",02-5508998,https://www.google.com/maps/search/?api=1&query=PLOT%2015%2C%20ABOVE%20ARAB%20COOK%20REST.%20MUSSAFAH%2036%2C%20ABU%20DHABI%2CUAE%2C%20Ajman%2C%20UAE,,,
574,AUH,Abu Dhabi,PHARMACY,NEW PHARMACY COMPANY LTD(FORMERLY NEW PHARMACY COMPANY WLL),PF1022,ELECTRA STREET,SH.ZAYED 2ND STREET (ELECTRA ROAD),02-6322379,https://www.google.com/maps/search/?api=1&query=SH.ZAYED%202ND%20STREET%20%28ELECTRA%20ROAD%29%2C%20Ajman%2C%20UAE,,,
575,AUH,Abu Dhabi,PHARMACY,NMC PHARMACY L L C - O.P.C(FORMERLY NMC PHARMACY),PF1446,"SAMA TOWER,SH. ZAYED ROAD","SAMA TOWER , GROUND FLOOR, SH. ZAYED ROAD",02-6179820,https://www.google.com/maps/search/?api=1&query=SAMA%20TOWER%20%2C%20GROUND%20FLOOR%2C%20SH.%20ZAYED%20ROAD%2C%20Ajman%2C%20UAE,,,
576,AUH,Abu Dhabi,PHARMACY,BAREEN PHARMACY,PF2559,MOHAMMAD BIN ZAYED CITY,"MOHAMMAD BIN ZAYED CITY, ZONE 15 (NEXT TO SHAIKAH FATIMA BINT MUBARAK MOSQUE) ,P.O. BOX 108727, ABU DHABI, U.A.E",02-5545555,https://www.google.com/maps/search/?api=1&query=MOHAMMAD%20BIN%20ZAYED%C2%A0CITY%2C%20ZONE%2015%20%28NEXT%20TO%20SHAIKAH%20FATIMA%20BINT%20MUBARAK%20MOSQUE%29%C2%A0%2CP.O.%20BOX%20108727%2C%20ABU%20DHABI%2C%20U.A.E%2C%20Ajman%2C%20UAE,,,
577,AUH,Abu Dhabi,PHARMACY,NEW PHARMACY COMPANY LTD,PF3184,NEW SHAHAMAH,12 AL SADIRAT ST - AL SHAHAMAH - NEW SHAHAMAH - ABU DHABI,02-8859400,https://www.google.com/maps/search/?api=1&query=12%20AL%20SADIRAT%20ST%20-%20AL%20SHAHAMAH%20-%20NEW%20SHAHAMAH%20-%20ABU%20DHABI%2C%20Ajman%2C%20UAE,,,
578,AUH,Abu Dhabi,PHARMACY,NEW PHARMACY COMPANY LTD -  BRANCH 7,PF3102,AL KHALIDIYAH ,14 AL FARIS ST - AL KHALIDIYAH - W17-01 - ABU DHABI,02-6144900,https://www.google.com/maps/search/?api=1&query=14%20AL%20FARIS%20ST%20-%20AL%20KHALIDIYAH%20-%20W17-01%20-%20ABU%20DHABI%2C%20Ajman%2C%20UAE,,,
579,AUH,Abu Dhabi,PHARMACY,OXFORD PHARMACY L.L.C,PF1466, MUROOR AREA,NEXT TO LULU EXPRESS - SULTAN BIN ZAYED THE FIRST STREET - MUROOR AREA - ABU DHABI,02-4489191,https://www.google.com/maps/search/?api=1&query=NEXT%20TO%20LULU%20EXPRESS%20-%20SULTAN%20BIN%20ZAYED%20THE%20FIRST%20STREET%20-%20MUROOR%20AREA%20-%20ABU%20DHABI%2C%20Ajman%2C%20UAE,,,
580,AUH,Abu Dhabi,PHARMACY,ZANBAQ AL MADINA PHARMACY L.L.C,PF2866,MUSAFFAH,"ICAD AREA M40, PLOT NO 96 – MUSAFFAH, P.O. BOX 94100, ABU DHABI, U.A.E",02-5504333,https://www.google.com/maps/search/?api=1&query=ICAD%20AREA%20M40%2C%20PLOT%20NO%2096%20%E2%80%93%20MUSAFFAH%2C%20P.O.%20BOX%2094100%2C%20ABU%20DHABI%2C%20U.A.E%2C%20Ajman%2C%20UAE,,,
581,AUH,Abu Dhabi,PHARMACY,ALPHA CARE PHARMACY L.L.C,PF3000,MUSAFFAH,"PLOT NO 1, AL FIRDOUS TOWER, M3, MUSAFFAH, ABU DHABI ",02-5558383,https://www.google.com/maps/search/?api=1&query=PLOT%20NO%201%2C%20AL%20FIRDOUS%20TOWER%2C%20M3%2C%20MUSAFFAH%2C%20ABU%20DHABI%2C%20Ajman%2C%20UAE,,,
582,AUH,Abu Dhabi,PHARMACY,SANDS PHARMACY L.L.C,PF1256,AL FALAH STREET ,OLD PASSPORT ROAD - AL FALAH ST - ABU DHABI,02-6425688,https://www.google.com/maps/search/?api=1&query=OLD%20PASSPORT%20ROAD%20-%20AL%20FALAH%20ST%20-%20ABU%20DHABI%2C%20Ajman%2C%20UAE,,,
583,AUH,Abu Dhabi,PHARMACY,NEW PHARMACY COMPANY LTD BRANCH 2,PF2943,KHALIFA CITY,"KHALIFA CITY - PLOT NO. P-1, SE-4, 16TH STREET, ZONE 135",02-622 8666,https://www.google.com/maps/search/?api=1&query=KHALIFA%20CITY%20-%20PLOT%20NO.%20P-1%2C%20SE-4%2C%2016TH%20STREET%2C%20ZONE%20135%2C%20Ajman%2C%20UAE,,,
584,AUH,Abu Dhabi,PHARMACY,LOTUS PHARMACY L.L.C,PF2608,MOHAMMED BIN ZAYED CITY,"PRESTIGE TOWER,NEAR CAPITAL MALL,MOHAMMED BIN ZAYED CITY,ABU DHABI",02-5552325,https://www.google.com/maps/search/?api=1&query=PRESTIGE%20TOWER%2CNEAR%20CAPITAL%20MALL%2CMOHAMMED%20BIN%20ZAYED%20CITY%2CABU%20DHABI%2C%20Ajman%2C%20UAE,,,
585,AUH,Abu Dhabi,PHARMACY,BRIGHT POINT PHARMACY L.L.C,PF2609,MUROOR ROAD,"NEAR AL JAZIRA STADIUM, MUROOR ROAD, ABU DHABI",02-5552325,https://www.google.com/maps/search/?api=1&query=NEAR%20AL%20JAZIRA%20STADIUM%2C%20MUROOR%20ROAD%2C%20ABU%20DHABI%2C%20Ajman%2C%20UAE,,,
586,AUH,Abu Dhabi,PHARMACY,NMC PHARMACY- L.L.C - O.P.C - BRANCH (FORMERLY NMC PHARMACY BRANCH 1),PF1345,SH.ZAYED 2ND STREET,SH.ZAYED 2ND STREET (ELECTRA ROAD),02-6179143,https://www.google.com/maps/search/?api=1&query=SH.ZAYED%202ND%20STREET%20%28ELECTRA%20ROAD%29%2C%20Ajman%2C%20UAE,,,
587,AUH,Abu Dhabi,PHARMACY,APOLLO PHARMACY L.L.C. - S.P.C. (FORMERLY APOLLO PHARMACY LLC),PF2575,HAMDAN STREET,"PLOT NO.C-128,SECTOR NO-3,HAMDAN STRRET,ABUDHABI,P.O BOX-44850",02-6344747,https://www.google.com/maps/search/?api=1&query=PLOT%20NO.C-128%2CSECTOR%20NO-3%2CHAMDAN%20STRRET%2CABUDHABI%2CP.O%20BOX-44850%2C%20Ajman%2C%20UAE,,,
588,AUH,Abu Dhabi,PHARMACY,GOLDEN CURE PHARMACY - SOLE PROPRIETORSHIP L.L.C,PF2848,AL DHAFRA INDUSTRIAL AREA,"ZAYED CITY EAST 19, BEHIND AL MASAOOD NISSAN SERVICE CENTER, AL DHAFRA INDUSTRIAL AREA- WESTERN REGION- ABU DHABI",02-8784642,https://www.google.com/maps/search/?api=1&query=ZAYED%20CITY%20EAST%2019%2C%20BEHIND%20AL%20MASAOOD%20NISSAN%20SERVICE%20CENTER%2C%20AL%20DHAFRA%20INDUSTRIAL%20AREA-%20WESTERN%20REGION-%20ABU%20DHABI%2C%20Ajman%2C%20UAE,,,
589,AUH,Abu Dhabi,PHARMACY,HEALTH GO PHARMACY LLC,PF4038,AL MAFRAQ ,"AL MAFRAQ INDUSTRIAL AREA ,AUH,UAE",02-5851331,https://www.google.com/maps/search/?api=1&query=AL%20MAFRAQ%20INDUSTRIAL%20AREA%20%2CAUH%2CUAE%2C%20Ajman%2C%20UAE,,,
590,AUH,Abu Dhabi,PHARMACY,ARCHITECTS PHARMACY LLC OPC,PF5263,ICAD - III,"AL DHAFRA WORKERS VILLAGE ICAD - III,IAUH,UAE",02-6721400,https://www.google.com/maps/search/?api=1&query=AL%20DHAFRA%20WORKERS%20VILLAGE%20ICAD%20-%20III%2CIAUH%2CUAE%2C%20Ajman%2C%20UAE,,,
591,AUH,Abu Dhabi,PHARMACY,MEDLUX PHARMACY L.L.C,PF3099,AL MAFRAQ INDUSTRIAL AREA,"AL MAFRAQ INDUSTRIAL AREA,ABU DHABI,UAE",02-6229722,https://www.google.com/maps/search/?api=1&query=AL%20MAFRAQ%20INDUSTRIAL%20AREA%2CABU%20DHABI%2CUAE%2C%20Ajman%2C%20UAE,,,
592,AUH,Abu Dhabi,PHARMACY,ROYAL INTERNATIONAL PHARMACY,PF2775,AL MAFRAQ WORKERS VILLAGE,"AL MAFRAQ WORKERS VILLAGE NO. 1 ABU DHABI, UAE",02-5833735,https://www.google.com/maps/search/?api=1&query=AL%20MAFRAQ%20WORKERS%20VILLAGE%20NO.%201%20ABU%20DHABI%2C%20UAE%2C%20Ajman%2C%20UAE,,,
593,AUH,Abu Dhabi,PHARMACY,BUPA PHARMACY SOLE PROPRIETORSHIP L.L.C ,PF5385,HAMDAN BIN MOHAMMED,"GROUND FLOOR, FOTOUH AL KHAIR MALL SHEIKH RASHID BIN SAEED ST - HAMDAN BIN MOHAMMED ST - E3-01 - ABU DHABI",050-4280964,https://www.google.com/maps/search/?api=1&query=GROUND%20FLOOR%2C%20FOTOUH%20AL%20KHAIR%20MALL%20SHEIKH%20RASHID%20BIN%20SAEED%20ST%20-%20HAMDAN%20BIN%20MOHAMMED%20ST%20-%20E3-01%20-%20ABU%20DHABI%2C%20Ajman%2C%20UAE,,,
594,AUH,Abu Dhabi,PHARMACY,SHARMIN AKTER PHARMACY LLC,PF5514,WORKERS CITY 2,"G20, 21 PARCO MALL MAFRAQ WORKER CITY 2 ABU DHABI UAE",02-5828077,https://www.google.com/maps/search/?api=1&query=G20%2C%2021%20PARCO%20MALL%20MAFRAQ%20WORKER%20CITY%202%20ABU%20DHABI%20UAE%2C%20Ajman%2C%20UAE,,,
595,AUH,Abu Dhabi,PHARMACY,MED DOC PHARMACY L.L.C O.P.C,PF5319,AL ZAHIYAH ST,"ARABIAN GULF TOWER, 53, AL ZAHIYAH ST, AL ZAHIYAH, ABU DHABI 22211",02 -6428605,https://www.google.com/maps/search/?api=1&query=ARABIAN%20GULF%20TOWER%2C%2053%2C%20AL%20ZAHIYAH%20ST%2C%20AL%20ZAHIYAH%2C%20ABU%20DHABI%2022211%2C%20Ajman%2C%20UAE,,,
596,AUH,Abu Dhabi,PHARMACY,MAX GRAND PHARMACY - SOLE PROPRIETORSHIP L.L.C.,PF5012,MUSAFFAH,"VILLAGE MALL, MUSAFFAH INDUSTRIAL, SHOP NO.18, ABU DHABI, UAE",02-8820849,https://www.google.com/maps/search/?api=1&query=VILLAGE%20MALL%2C%20MUSAFFAH%20INDUSTRIAL%2C%20SHOP%20NO.18%2C%20ABU%20DHABI%2C%20UAE%2C%20Ajman%2C%20UAE,,,
597,AUH,Abu Dhabi,PHARMACY,AL DIYAFA PHARMACY,PF3044,HAMDAN CENTER,"SHOP NO: 4, BEHIND HAMDAN CENTER, ABU DHABI, UNITED ARAB EMIRATES",02-6434325,https://www.google.com/maps/search/?api=1&query=SHOP%20NO%3A%204%2C%20BEHIND%20HAMDAN%20CENTER%2C%20ABU%20DHABI%2C%20UNITED%20ARAB%20EMIRATES%2C%20Ajman%2C%20UAE,,,
598,AUH,Abu Dhabi,PHARMACY,HEALTH FIRST PHARMACY LLC - BRANCH 10,PF1764,BANIYAS EAST,"BANIYAS EAST , AL MUWAILI ST BEHIND BIN HAMODA MOSUQ ABD,ABU DHABI,UAE",02-5464318,https://www.google.com/maps/search/?api=1&query=BANIYAS%20EAST%20%2C%20AL%20MUWAILI%20ST%20BEHIND%20BIN%20HAMODA%20MOSUQ%20ABD%2CABU%20DHABI%2CUAE%2C%20Ajman%2C%20UAE,,,
599,AUH,Abu Dhabi,PHARMACY,HEALTH FIRST PHARMACY LLC - BRANCH 13,PF2655,AL SAYYAR ST,"AL BAHIA ABU DUBAI ROAD AL SAYYAR ST,ABU DHABI,UAE",02-5646364,https://www.google.com/maps/search/?api=1&query=AL%20BAHIA%20ABU%20DUBAI%20ROAD%20AL%20SAYYAR%20ST%2CABU%20DHABI%2CUAE%2C%20Ajman%2C%20UAE,,,
600,AUH,Abu Dhabi,PHARMACY,HEALTH FIRST PHARMACY LLC BRANCH 12,PF2546,AL FALAH CITY,"AL FALAH CITY - VILLAGE 1,",02-6746989,https://www.google.com/maps/search/?api=1&query=AL%20FALAH%20CITY%20-%20VILLAGE%201%2C%2C%20Ajman%2C%20UAE,,,
601,AUH,Abu Dhabi,PHARMACY,HEALTH FIRST PHARMACY LLC BRANCH 15,PF2799,BANIYAS,BAWABAT AL SHARQ MALL-BANIYAS-AUH,02-5851992,https://www.google.com/maps/search/?api=1&query=BAWABAT%20AL%20SHARQ%20MALL-BANIYAS-AUH%2C%20Ajman%2C%20UAE,,,
602,AUH,Abu Dhabi,PHARMACY,HEALTH FIRST PHARMACY LLC BRANCH 18,PF2979,AL NAHYAN AL MARSA ST,DUSIT THANI-YAS MEDICAL SENTER -AL NAHYAN-AL MARSA ST AUH,02-5852625,https://www.google.com/maps/search/?api=1&query=DUSIT%20THANI-YAS%20MEDICAL%20SENTER%20-AL%20NAHYAN-AL%20MARSA%20ST%20AUH%2C%20Ajman%2C%20UAE,,,
603,AUH,Abu Dhabi,PHARMACY,HEALTH FIRST PHARMACY LLC BRANCH 2,PF1080,BANIYAS ST,BANIYAS ST. BESIDE COOPERATIVE SOCIETY,02-5834451,https://www.google.com/maps/search/?api=1&query=BANIYAS%20ST.%20BESIDE%20COOPERATIVE%20SOCIETY%2C%20Ajman%2C%20UAE,,,
604,AUH,Abu Dhabi,PHARMACY,HEALTH FIRST PHARMACY LLC BRANCH 3,PF1267,SHABIA KHALIFA,SHABIA KHALIFA-SECTOR#10(MUSSAFAH),02-5527070,https://www.google.com/maps/search/?api=1&query=SHABIA%20KHALIFA-SECTOR%2310%28MUSSAFAH%29%2C%20Ajman%2C%20UAE,,,
605,AUH,Abu Dhabi,PHARMACY,HEALTH FIRST PHARMACY LLC BRANCH 4,PF1275,KHALIDIA STREET,KHALIDIA STREET,02-6666427,https://www.google.com/maps/search/?api=1&query=KHALIDIA%20STREET%2C%20Ajman%2C%20UAE,,,
606,AUH,Abu Dhabi,PHARMACY,HEALTH FIRST PHARMACY LLC BRANCH 5,PF1085,SECTOR #11(MUSSAFAH),SHABIA KHALIFA-SECTOR #11(MUSSAFAH),02-5530036,https://www.google.com/maps/search/?api=1&query=SHABIA%20KHALIFA-SECTOR%20%2311%28MUSSAFAH%29%2C%20Ajman%2C%20UAE,,,
607,AUH,Abu Dhabi,PHARMACY,HEALTH FIRST PHARMACY LLC BRANCH 6,PF1199,KHALIDIA ST,BEHIND LEBANESE RESTAU.AL KHALIDIA ST.,02-6668798,https://www.google.com/maps/search/?api=1&query=BEHIND%20LEBANESE%20RESTAU.AL%20KHALIDIA%20ST.%2C%20Ajman%2C%20UAE,,,
608,AUH,Abu Dhabi,PHARMACY,HEALTH FIRST PHARMACY LLC BRANCH 7,PF1111, AIRPORT ROAD,"CARREFOUR CENTRE,  AIRPORT ROAD. ABU DHABI",02-4494209,https://www.google.com/maps/search/?api=1&query=CARREFOUR%20CENTRE%2C%20%20AIRPORT%20ROAD.%20ABU%20DHABI%2C%20Ajman%2C%20UAE,,,
609,AUH,Abu Dhabi,PHARMACY,HEALTH FIRST PHARMACY LLC BRANCH 8,PF1149,BANIYAS ST,BANIYAS ST. BESIDE COMMERCIAL BANK AD,02-5822180,https://www.google.com/maps/search/?api=1&query=BANIYAS%20ST.%20BESIDE%20COMMERCIAL%20BANK%20AD%2C%20Ajman%2C%20UAE,,,
610,AUH,Abu Dhabi,PHARMACY,HEALTH FIRST PHARMACY LLC BRANCH 9,PF1723,KHALIFA CITY,KHALIFA CITY ABU DHABI AL BANDAR AREA,02-5577611,https://www.google.com/maps/search/?api=1&query=KHALIFA%20CITY%20ABU%20DHABI%20AL%20BANDAR%20AREA%2C%20Ajman%2C%20UAE,,,
611,AUH,Abu Dhabi,PHARMACY,HEALTH FIRST PHARMACY LLC,PF2545,SADYAT ISLAND,"SAINT REDGIS RESORT - SADYAT ISLAND, ABU DHABI, UAE",02-6219720,https://www.google.com/maps/search/?api=1&query=SAINT%20REDGIS%20RESORT%20-%20SADYAT%20ISLAND%2C%20ABU%20DHABI%2C%20UAE%2C%20Ajman%2C%20UAE,,,
612,AUH,Abu Dhabi,PHARMACY,BURJEEL JUDICIARY PHARMACY LLC,PF3239, AL RAWDAH," AL RAWDAH- W58- ABU DHABI, UAE",80055,https://www.google.com/maps/search/?api=1&query=AL%20RAWDAH-%20W58-%20ABU%20DHABI%2C%20UAE%2C%20Ajman%2C%20UAE,,,
613,AUH,Abu Dhabi,PHARMACY,BURJEEL PHARMACY FORSAN CENTRAL MALL L.L.C.,PF5197,KHALIFA CITY - SECTOR 3,"FORSAN CENTRAL MALL - KHALIFA CITY - SECTOR 33 - ABU DHABI, UAE",02-5570123,https://www.google.com/maps/search/?api=1&query=FORSAN%20CENTRAL%20MALL%20-%20KHALIFA%20CITY%20-%20SECTOR%2033%20-%20ABU%20DHABI%2C%20UAE%2C%20Ajman%2C%20UAE,,,
614,AUH,Abu Dhabi,PHARMACY,BURJEEL RETAIL PHARMACY L.L.C - BRANCH,PF1481,KHALIFA CITY A2,"KHALIFA CITY A2, MARKET AREA, BUILDING C6 ABU DHABI, UAE",02-5562421,https://www.google.com/maps/search/?api=1&query=KHALIFA%20CITY%20A2%2C%20MARKET%20AREA%2C%20BUILDING%20C6%20ABU%20DHABI%2C%20UAE%2C%20Ajman%2C%20UAE,,,
615,AUH,Abu Dhabi,PHARMACY,BURJEEL RETAIL PHARMACY L.L.C.,PF3280,AL SARAY STREET,"AL SARAY STREET AL DHAFRA MALL FLOOR UGF 27 AL DHAFRA REGION, WESTERN REGION OF ABU DHABI, UAE",02-8848989,https://www.google.com/maps/search/?api=1&query=AL%20SARAY%20STREET%20AL%20DHAFRA%20MALL%20FLOOR%20UGF%2027%20AL%20DHAFRA%20REGION%2C%20WESTERN%20REGION%20OF%20ABU%20DHABI%2C%20UAE%2C%20Ajman%2C%20UAE,,,
616,AUH,Abu Dhabi,PHARMACY,BURJEEL RETAIL PHARMACY L.L.C. - BRANCH SHABIA,PF2952,SHABIA-9,"SHABIA-9, NEAR LLH MEDICAL CENTRE-MUSAFFAH, SHABIA-9-GROUNF FLOOR, ABU DHABI, UAE",02-6412019,https://www.google.com/maps/search/?api=1&query=SHABIA-9%2C%20NEAR%20LLH%20MEDICAL%20CENTRE-MUSAFFAH%2C%20SHABIA-9-GROUNF%20FLOOR%2C%20ABU%20DHABI%2C%20UAE%2C%20Ajman%2C%20UAE,,,
617,AUH,Abu Dhabi,PHARMACY,BURJEEL RETAIL PHARMACY L.L.C. - BRANCH-MAZYAD MALL,PF1656,MAZYAD MALL,"MAZYAD MALL, MUSAFFAH COMMERCIAL, MAZYAD MALL-GROUND FLOOR, ABU DHABI, UAE",02-5534848,https://www.google.com/maps/search/?api=1&query=MAZYAD%20MALL%2C%20MUSAFFAH%20COMMERCIAL%2C%20MAZYAD%20MALL-GROUND%20FLOOR%2C%20ABU%20DHABI%2C%20UAE%2C%20Ajman%2C%20UAE,,,
618,AUH,Abu Dhabi,PHARMACY,BURJEEL RETAIL PHARMACY L.L.C. - BRANCH AL DHAFRA,PF2527,MADINAT ZAYED,"AL DHAFRA SPORTS CLUB BUILDING, BESIDE BURJEEL OASIS MEDICAL CENTRE, MADINAT ZAYED, WESTERN REGION, GROUND FLOOR, ABU DHABI, UAE",02-5567933,https://www.google.com/maps/search/?api=1&query=AL%20DHAFRA%20SPORTS%20CLUB%20BUILDING%2C%20BESIDE%20BURJEEL%20OASIS%20MEDICAL%20CENTRE%2C%20MADINAT%20ZAYED%2C%20WESTERN%20REGION%2C%20GROUND%20FLOOR%2C%20ABU%20DHABI%2C%20UAE%2C%20Ajman%2C%20UAE,,,
619,AUH,Abu Dhabi,PHARMACY,BURJEEL RETAIL PHARMACY L.L.C. - BRANCH-MUSHRIF MALL,PF1672,MUSHRIF MALL,"MUSHRIF MALL, NEAR LULU HYPER MARKET, MUSHRIF MALL-2ND FLOOR, AIRPORT ROAD, ABU DHABI, UAE",02-4470407,https://www.google.com/maps/search/?api=1&query=MUSHRIF%20MALL%2C%20NEAR%20LULU%20HYPER%20MARKET%2C%20MUSHRIF%20MALL-2ND%20FLOOR%2C%20AIRPORT%20ROAD%2C%20ABU%20DHABI%2C%20UAE%2C%20Ajman%2C%20UAE,,,
620,AUH,Abu Dhabi,PHARMACY,BURJEEL RETAIL PHARMACY L.L.C. - BRANCH-ALNAHYAN,PF2505,AL NAHYAN CAMP AREA,"Y TOWER, NEAR LULU SUPER MARKET, AL NAHYAN CAMP AREA, MAMOURAH BUILDING, Y-TOWER-GROUND FLOOR, ABU DHABI, UAE",02-6438330,https://www.google.com/maps/search/?api=1&query=Y%20TOWER%2C%20NEAR%20LULU%20SUPER%20MARKET%2C%20AL%20NAHYAN%20CAMP%20AREA%2C%20MAMOURAH%20BUILDING%2C%20Y-TOWER-GROUND%20FLOOR%2C%20ABU%20DHABI%2C%20UAE%2C%20Ajman%2C%20UAE,,,
621,AUH,Abu Dhabi,PHARMACY,BURJEEL RETAIL PHARMACY L.L.C. - BRANCH-AL WAHDA MALL,PF2536,,"AL WAHDA MALL-EXT. BUILDING, NEAR ABU DHABI BUS STATION, AL WEHDA MALL- GROUND FLOOR (BESIDE MAIN ENTRANCE) ABU DHABI, UAE",04-9187987,https://www.google.com/maps/search/?api=1&query=AL%20WAHDA%20MALL-EXT.%20BUILDING%2C%20NEAR%20ABU%20DHABI%20BUS%20STATION%2C%20AL%20WEHDA%20MALL-%20GROUND%20FLOOR%20%28BESIDE%20MAIN%20ENTRANCE%29%20ABU%20DHABI%2C%20UAE%2C%20Ajman%2C%20UAE,,,
622,AUH,Abu Dhabi,PHARMACY,BURJEEL RETAIL PHARMACY L.L.C. - BRANCH-AL WAHDA,PF1496,AL WAHDA MALL,"AL WAHDA MALL, NEAR LULU HYPER MARKET, AL WEHDA MALL-BASEMENT 1, ABU DHABI, UAE",02-4437788,https://www.google.com/maps/search/?api=1&query=AL%20WAHDA%20MALL%2C%20NEAR%20LULU%20HYPER%20MARKET%2C%20AL%20WEHDA%20MALL-BASEMENT%201%2C%20ABU%20DHABI%2C%20UAE%2C%20Ajman%2C%20UAE,,,
623,AUH,Abu Dhabi,PHARMACY,BURJEEL RETAIL PHARMACY L.L.C. - BRANCH-MZSC,PF1673,ELECTRA STREET,"MADINAT ZAYED SHOPPING CENTRE, GROUND FLOOR, NEAR LULU HYPER MARKET, ELECTRA STREET, ABU DHABI, UAE",02-6588918,https://www.google.com/maps/search/?api=1&query=MADINAT%20ZAYED%20SHOPPING%20CENTRE%2C%20GROUND%20FLOOR%2C%20NEAR%20LULU%20HYPER%20MARKET%2C%20ELECTRA%20STREET%2C%20ABU%20DHABI%2C%20UAE%2C%20Ajman%2C%20UAE,,,
624,AUH,Abu Dhabi,PHARMACY,BURJEEL RETAIL PHARMACY L.L.C. – BRANCH-AL FALAH,PF5513,AL FALAH CENTRAL MALL,"AL FALAH CENTRAL MALL, SHOP B-05, SECTOR 1F, AL FALAH CITY, ABU DHABI, UAE",02-6713474,https://www.google.com/maps/search/?api=1&query=AL%20FALAH%20CENTRAL%20MALL%2C%20SHOP%20B-05%2C%20SECTOR%201F%2C%20AL%20FALAH%20CITY%2C%20ABU%20DHABI%2C%20UAE%2C%20Ajman%2C%20UAE,,,
625,AUH,Abu Dhabi,PHARMACY,NIDHAM GHIYATHI PHARMACY,PF2611,AL DHAFRA REGION GHIYATHI ,"AL DHAFRA REGION GHIYATHI NEAR FAB BANK,ABU DHABI,UAE",02-8741791,https://www.google.com/maps/search/?api=1&query=AL%20DHAFRA%20REGION%20GHIYATHI%20NEAR%20FAB%20BANK%2CABU%20DHABI%2CUAE%2C%20Ajman%2C%20UAE,,,
626,AUH,Abu Dhabi,PHARMACY,LLH PHARMACY AL MUSAFFAH LLC BRANCH 2,PF5475,AL MAFRAQ,"LABOTEL WORKERS VILLAGE , AL MAFRAQ WORKERS RESIDENTIAL CITY , ABU DHABI",02-5503529,https://www.google.com/maps/search/?api=1&query=LABOTEL%20WORKERS%20VILLAGE%20%2C%20AL%20MAFRAQ%20WORKERS%20RESIDENTIAL%20CITY%20%2C%20ABU%20DHABI%2C%20Ajman%2C%20UAE,,,
627,AUH,Abu Dhabi,PHARMACY,LIFECARE INTERNATIONAL PHARMACY LLC BRANCH,PF5565,AL MAFRAQ,"CONSTRUCTION WORKERS RESIDENTIAL CITY, AL MAFRAQ WORKERS CITY, ABU DHABI",02-5564776,https://www.google.com/maps/search/?api=1&query=CONSTRUCTION%20WORKERS%20RESIDENTIAL%20CITY%2C%20AL%20MAFRAQ%20WORKERS%20CITY%2C%20ABU%20DHABI%2C%20Ajman%2C%20UAE,,,
628,AUH,Abu Dhabi,PHARMACY,RIGHT HEALTH PHARMACY - SOLE PROPRIETORSHIP L.L.C,PF5199,AL DHAFRA,"PARCEL T-29 HABSHAN CAMP - AL DHAFRA, AREA - ABU DHABI, UAE",050-5958958,https://www.google.com/maps/search/?api=1&query=PARCEL%20T-29%20HABSHAN%20CAMP%20-%20AL%20DHAFRA%2C%20AREA%20-%20ABU%20DHABI%2C%20UAE%2C%20Ajman%2C%20UAE,,,
629,AUH,Abu Dhabi,PHARMACY,KHALIDIYA LULU PHARMACY L L C - BRANCH,PF5062,SAADIYAT,"HIDD AL SAADIYAT, LULU EXPRESS ,SAADIYAT, ABU DHABI, UAE",02-5467085,https://www.google.com/maps/search/?api=1&query=HIDD%20AL%20SAADIYAT%2C%20LULU%20EXPRESS%C2%A0%2CSAADIYAT%2C%20ABU%20DHABI%2C%20UAE%2C%20Ajman%2C%20UAE,,,
630,AUH,Abu Dhabi,PHARMACY,LULU KHALIDIYAH PHARMACY LLC,PF1484,KHALIDIYAH MALL,KHALIDIYAH MALL. ABU DHABI,02-6354440,https://www.google.com/maps/search/?api=1&query=KHALIDIYAH%20MALL.%20ABU%20DHABI%2C%20Ajman%2C%20UAE,,,
631,AUH,Abu Dhabi,PHARMACY,LULU RAHA PHARMACY LLC,PF1467,AL RAHA MALL,"AL RAHA MALL, ABU DHABI.",02-5562607,https://www.google.com/maps/search/?api=1&query=AL%20RAHA%20MALL%2C%20ABU%20DHABI.%2C%20Ajman%2C%20UAE,,,
632,AUH,Abu Dhabi,PHARMACY,LULU RAHA PHARMACY BRANCH 1,PF3181,LULU BANIYAS,"LULU HYPERMARKET, BANIYAS,ABU DHABI",02-5505051,https://www.google.com/maps/search/?api=1&query=LULU%20HYPERMARKET%2C%20BANIYAS%2CABU%20DHABI%2C%20Ajman%2C%20UAE,,,
633,AUH,Abu Dhabi,PHARMACY,EXCELLENT PHARMACY-SOLE PROPRIETORSHIP L.L.C ,PF3205,WORKER CITY 2,"SWAEED RESIDENTIAL COMPOUND, AL MAFRAQ WORKER CITY 2, ABU DHABI, UAE",02-5544469,https://www.google.com/maps/search/?api=1&query=SWAEED%20RESIDENTIAL%20COMPOUND%2C%20AL%20MAFRAQ%20WORKER%20CITY%202%2C%20ABU%20DHABI%2C%20UAE%2C%20Ajman%2C%20UAE,,,
634,AUH,Abu Dhabi,PHARMACY,QUSAHWIRA MEDICAL CENTER PHARMACY,PF5483,AL DHAFRA,"AL DHAFRA REGION, ABU DHABI",02 6023882,https://www.google.com/maps/search/?api=1&query=AL%20DHAFRA%20REGION%2C%20ABU%20DHABI%2C%20Ajman%2C%20UAE,,,
635,AUH,Abu Dhabi,PHARMACY,HEART BEAT PHARMACY L.L.C.,PF3141,SHEIKH RASHID BIN SAEED ST,"PLOT 103, MUSHRIF AREA - SHEIKH RASHID BIN SAEED ST-ABU DHABI, UAE",02-4449494,https://www.google.com/maps/search/?api=1&query=PLOT%20103%2C%20MUSHRIF%20AREA%20-%20SHEIKH%20RASHID%20BIN%20SAEED%20ST-ABU%20DHABI%2C%20UAE%2C%20Ajman%2C%20UAE,,,
636,AUH,Abu Dhabi,PHARMACY,AL TADAWI PHARMACY -L.L.C,PF2542,ABU DHABI,"INJAZ BUILDING, ABU DHABI, UAE",02-8867077,https://www.google.com/maps/search/?api=1&query=INJAZ%20BUILDING%2C%20ABU%20DHABI%2C%20UAE%2C%20Ajman%2C%20UAE,,,
637,AUH,Abu Dhabi,PHARMACY,AL MARINA PHARMACY L.L.C,PF1328,AL DANAH AREA,"AL DANAH AREA, ABU DHABI, UAE",02-6343454,https://www.google.com/maps/search/?api=1&query=AL%20DANAH%20AREA%2C%20ABU%20DHABI%2C%20UAE%2C%20Ajman%2C%20UAE,,,
638,AUH,Abu Dhabi,PHARMACY,AL MARINA PHARMACY LLC - BRANCH 1,PF2656,MUSSAFAH,"M37 MUSSAFAH INDUSTRIAL AREA, ABU DHABI, UAE",02-5503115,https://www.google.com/maps/search/?api=1&query=M37%20MUSSAFAH%20INDUSTRIAL%20AREA%2C%20ABU%20DHABI%2C%20UAE%2C%20Ajman%2C%20UAE,,,
639,AUH,Abu Dhabi,PHARMACY,SELECT PHARMACY - SOLE PROPRIETORSHIP L.L.C.,PF2946,SANAYA,"M10, SANAYA, SHOP-05, NEXT TO BANGALI MOSQUE, ABU DHABI, UAE",02-6396140,https://www.google.com/maps/search/?api=1&query=M10%2C%20SANAYA%2C%20SHOP-05%2C%20NEXT%20TO%20BANGALI%20MOSQUE%2C%20ABU%20DHABI%2C%20UAE%2C%20Ajman%2C%20UAE,,,
640,AUH,Abu Dhabi,PHARMACY,CROWN PHARMACY - SOLE PROPRIETORSHIP L.L.C,PF5590,MUSAFFAH,"MUSAFFAH - M11, ABU DHABI, UAE",02-5529143,https://www.google.com/maps/search/?api=1&query=MUSAFFAH%20-%20M11%2C%20ABU%20DHABI%2C%20UAE%2C%20Ajman%2C%20UAE,,,
641,AUH,Abu Dhabi,PHARMACY,SAAD PHARMACY - SOLE PROPRIETORSHIP L.L.C,PF1164,HAMDAN STREET,"​AL YOUSUF CENTER​617, HAMDAN STREET, ABU DHABI, UAE",02-6277332,https://www.google.com/maps/search/?api=1&query=%E2%80%8BAL%20YOUSUF%20CENTER%E2%80%8B617%2C%20HAMDAN%20STREET%2C%20ABU%20DHABI%2C%20UAE%2C%20Ajman%2C%20UAE,,,
642,AUH,Abu Dhabi,PHARMACY,SELENA PHARMACY - L.L.C - O.P.C,PF5201,AL DHANA AREA,"AL DHANA AREA WTC, ABU DHABI, UAE ",02-6710051,https://www.google.com/maps/search/?api=1&query=AL%20DHANA%20AREA%20WTC%2C%20ABU%20DHABI%2C%20UAE%2C%20Ajman%2C%20UAE,,,
643,AUH,Abu Dhabi,PHARMACY,TAHA PHARMACY L.L.C,PF1033,AL  FALAH STREET,"AL FALAH STREET, ABU DHABI, UAE",02-6343447,https://www.google.com/maps/search/?api=1&query=AL%20FALAH%20STREET%2C%20ABU%20DHABI%2C%20UAE%2C%20Ajman%2C%20UAE,,,
644,AUH,Abu Dhabi,PHARMACY,GOLDEN HEALTH PHARMACY - L.L.C- O.P.C - BRANCH,PF5611,HAMEEM WORKER CITY,"AL SIDRA VILLAGE, SALEM CITY, AL BIHOUTH, HAMEEM WORKER CITY, ABU DHABI, UAE",04-3335502,https://www.google.com/maps/search/?api=1&query=AL%20SIDRA%20VILLAGE%2C%20SALEM%20CITY%2C%20AL%20BIHOUTH%2C%20HAMEEM%20WORKER%20CITY%2C%20ABU%20DHABI%2C%20UAE%2C%20Ajman%2C%20UAE,,,
645,AUH,Abu Dhabi,PHARMACY,ZEST WELLNESS PHARMACY L.L.C - BRANCH OF ABU DHABI,PF5649,AL BATEEN,"SHOP NO G 5, AL RAWDA BUILDING, AL NIYABAH ST, AL BATEEN, ABU DHABI, UAE",02-5823626,https://www.google.com/maps/search/?api=1&query=SHOP%20NO%20G%205%2C%20AL%20RAWDA%20BUILDING%2C%20AL%20NIYABAH%20ST%2C%20AL%20BATEEN%2C%20ABU%20DHABI%2C%20UAE%2C%20Ajman%2C%20UAE,,,
646,AUH,Abu Dhabi,PHARMACY,MEDON FIRST PHARMACY - L.L.C - S.P.C,PF5293,AL DANAH ZONE 1,"SHOP NO. 1 - MUROOR RD SULTAN BIN ZAYED THE FIRST ST - AL DANAH - ZONE 1 - ABU DHABI, UAE",02-5822669,https://www.google.com/maps/search/?api=1&query=SHOP%20NO.%201%20-%20MUROOR%20RD%20SULTAN%20BIN%20ZAYED%20THE%20FIRST%20ST%20-%20AL%20DANAH%20-%20ZONE%201%20-%20ABU%20DHABI%2C%20UAE%2C%20Ajman%2C%20UAE,,,
647,AUH,Abu Dhabi,CLINIC,SADIQ POLYCLINIC - SOLE PROPRIETORSHIP L.L.C,MF2926,MUSSAFAH 37,"MUSSAFAH 37 ABU DHABI,UAE",02-8864000,https://www.google.com/maps/search/?api=1&query=MUSSAFAH%2037%20ABU%20DHABI%2CUAE%2C%20Ajman%2C%20UAE,,,
648,AUH,Abu Dhabi,PHARMACY,SURE MEDI PHARMACY - SOLE PROPRIETORSHIP L.L.C,PF5323,MUSSAFAH 37,"MUSSAFAH 37 ABU DHABI,UAE",02-8864000,https://www.google.com/maps/search/?api=1&query=MUSSAFAH%2037%20ABU%20DHABI%2CUAE%2C%20Ajman%2C%20UAE,,,
649,AUH,Abu Dhabi,CLINIC,GOLD LIFE MEDICAL CLINIC LLC,MF7957,HAMEEM WORKERS CITY,"BUHAIRAN HAMIM CAMP AL BIHOUTH , AL DHAFRA ,AREA HAMEEM WORKERS CITY  ABU DHABI- UAE PO BOX - 8680",02-6450545,https://www.google.com/maps/search/?api=1&query=BUHAIRAN%20HAMIM%20CAMP%20AL%20BIHOUTH%20%2C%20AL%20DHAFRA%20%2CAREA%20HAMEEM%20WORKERS%20CITY%20%20ABU%20DHABI-%20UAE%20PO%20BOX%20-%208680%2C%20Ajman%2C%20UAE,,,
650,AUH,Abu Dhabi,PHARMACY,ASTER PHARMACIES GROUP L.L.C - BRANCH OF ABU DHABI,PF5752,MADINATH RIYADH,"SHOP NO 04, AMAL MOHAMMED AL SALMI, MADINATH RIYADH, ABU DHABI",052-9035007,https://www.google.com/maps/search/?api=1&query=SHOP%20NO%2004%2C%20AMAL%20MOHAMMED%20AL%20SALMI%2C%20MADINATH%20RIYADH%2C%20ABU%20DHABI%2C%20Ajman%2C%20UAE,,,
651,AUH,Abu Dhabi,PHARMACY,AL MAQAM PHARMACY - SOLE PROPREITORSHIP L.L.C.,PF1029,MADINATH RIYADH,"AL OMRAN TRAINING CENTER BUILDING, GROUND FLOOR, ZAYED BIN SULTAN STREET",03-7681188,https://www.google.com/maps/search/?api=1&query=AL%20OMRAN%20TRAINING%20CENTER%20BUILDING%2C%20GROUND%20FLOOR%2C%20ZAYED%20BIN%20SULTAN%20STREET%2C%20Ajman%2C%20UAE,,,
652,AUH,Abu Dhabi,CLINIC,MIAMI MEDICAL CENTER - L.L.C - S.P.C,MF8188,AL MAFRAQ ,"JAN YAFOUR - AL MAFRAQ INDUSTRIAL SHOP NO-17, PLOT NO- 349 , ABU DHABI PO BOX -133654, UAE",02-6322126,https://www.google.com/maps/search/?api=1&query=JAN%20YAFOUR%20-%20AL%20MAFRAQ%20INDUSTRIAL%20SHOP%20NO-17%2C%20PLOT%20NO-%20349%20%2C%20ABU%20DHABI%20PO%20BOX%20-133654%2C%20UAE%2C%20Ajman%2C%20UAE,,,
653,AUH,Abu Dhabi,PHARMACY,MIAMI PHARMACY - L.L.C - S.P.C,PF5612,AL MAFRAQ ,"JAN YAFOUR - AL MAFRAQ INDUSTRIAL SHOP NO-17, PLOT NO- 349 , ABU DHABI PO BOX -133654, UAE",02-6322126,https://www.google.com/maps/search/?api=1&query=JAN%20YAFOUR%20-%20AL%20MAFRAQ%20INDUSTRIAL%20SHOP%20NO-17%2C%20PLOT%20NO-%20349%20%2C%20ABU%20DHABI%20PO%20BOX%20-133654%2C%20UAE%2C%20Ajman%2C%20UAE,,,
654,AUH,Abu Dhabi,CLINIC,KOHAT MEDICAL CENTRE - L.L.C - S.P.C,MF3946,MUSSAFAH ,"MUSSAFAH INDUSTRIAL, M40, ABU DHABI, UAE",02-5511129,https://www.google.com/maps/search/?api=1&query=MUSSAFAH%20INDUSTRIAL%2C%20M40%2C%20ABU%20DHABI%2C%20UAE%2C%20Ajman%2C%20UAE,,,
655,AUH,Abu Dhabi,PHARMACY,KOHAT PHARMACY- L.L.C - S.P.C,PF2650,MUSSAFAH ,"MUSSAFAH INDUSTRIAL, M40, ABU DHABI, UAE",02-5531824,https://www.google.com/maps/search/?api=1&query=MUSSAFAH%20INDUSTRIAL%2C%20M40%2C%20ABU%20DHABI%2C%20UAE%2C%20Ajman%2C%20UAE,,,
656,AUH,Abu Dhabi,PHARMACY,BIN SINA PHARMACY AL MARYAH ISLAND,PF4004,AL DHAHERI ST,"THE GALLERIA AL MARYAH ISLAND, AL MARYAH CENTRAL, P4, CONCOURSE AREA - 107 HAMOUDA BIN ALI AL DHAHERI ST - AL MARYAH ISLAND - ABU DHABI",02 643 8780,https://www.google.com/maps/search/?api=1&query=THE%20GALLERIA%20AL%20MARYAH%20ISLAND%2C%20AL%20MARYAH%20CENTRAL%2C%20P4%2C%20CONCOURSE%20AREA%20-%20107%20HAMOUDA%20BIN%20ALI%20AL%20DHAHERI%20ST%20-%20AL%20MARYAH%20ISLAND%20-%20ABU%20DHABI%2C%20Ajman%2C%20UAE,,,
657,AUH,Abu Dhabi,PHARMACY,IBN SINA PHARMACY L.L.C. - BRANCH 9 ,PF2599,AL FALAH ST,"AL FALAH ST, THE GALLERIA LEVEL 2, R2 PARKING - ABU DHABI",02-4919745,https://www.google.com/maps/search/?api=1&query=AL%20FALAH%20ST%2C%20THE%20GALLERIA%20LEVEL%202%2C%20R2%20PARKING%20-%20ABU%20DHABI%2C%20Ajman%2C%20UAE,,,
658,AUH,Abu Dhabi,PHARMACY,IBN SINA PHARMACY - SOLE PROPRIETORSHIP L.L.C - BRANCH 2,PF1175,AL REEM ISLAND,MALL - 1ST FLOOR - OPPOSITE TO HOMBOX - AL REEM ISLAND - NAJMAT ABU DHABI - ABU DHABI,02 449 6357,https://www.google.com/maps/search/?api=1&query=MALL%20-%201ST%20FLOOR%20-%20OPPOSITE%20TO%20HOMBOX%20-%20AL%20REEM%20ISLAND%20-%20NAJMAT%20ABU%20DHABI%20-%20ABU%20DHABI%2C%20Ajman%2C%20UAE,,,
659,AUH,Abu Dhabi,PHARMACY,IBN SINA PHARMACY - SOLE PROPRIETORSHIP L.L.C.,PF1166,MARINA MALL ,BASEMENT FLOOR MARINA MALL - أبو ظبي,02 681 5630,https://www.google.com/maps/search/?api=1&query=BASEMENT%20FLOOR%20MARINA%20MALL%20-%20%D8%A3%D8%A8%D9%88%20%D8%B8%D8%A8%D9%8A%2C%20Ajman%2C%20UAE,,,
660,AUH,Abu Dhabi,PHARMACY,IBN SINA PHARMACY - SOLE PROPRIETORSHIP L.L.C. - BRANCH 1,PF1294,AL KHALIDIYAH,DANAPLAZA BUILDING - FIRST ZAYED STREET - AL KHALIDIYAH - W8 - ABU DHABI,02 667 8768,https://www.google.com/maps/search/?api=1&query=DANAPLAZA%20BUILDING%20-%20FIRST%20ZAYED%20STREET%20-%20AL%20KHALIDIYAH%20-%20W8%20-%20ABU%20DHABI%2C%20Ajman%2C%20UAE,,,
661,AUH,Abu Dhabi,PHARMACY,IBN SINA PHARMACY - SOLE PROPRIETORSHIP L.L.C. - BRANCH 10,PF2564,MUSAFFAH ,"16TH ST GROUND FLOOR, CAPITAL MALL, MOHAMMED BIN ZAYED CITY - MUSAFFAH - ABU DHABI",02 553 9092,https://www.google.com/maps/search/?api=1&query=16TH%20ST%20GROUND%20FLOOR%2C%20CAPITAL%20MALL%2C%20MOHAMMED%20BIN%20ZAYED%20CITY%20-%20MUSAFFAH%20-%20ABU%20DHABI%2C%20Ajman%2C%20UAE,,,
662,AUH,Abu Dhabi,PHARMACY,IBN SINA PHARMACY - SOLE PROPRIETORSHIP L.L.C. - BRANCH 12,PF1738,PARAGON BAY MAL,GROUND FLOOR PARAGON BAY MALL - AE-AZ,02 658 5203,https://www.google.com/maps/search/?api=1&query=GROUND%20FLOOR%20PARAGON%20BAY%20MALL%20-%20AE-AZ%2C%20Ajman%2C%20UAE,,,
663,AUH,Abu Dhabi,PHARMACY,IBN SINA PHARMACY - SOLE PROPRIETORSHIP L.L.C. - BRANCH 26,PF3182,AL KHALEEJ AL ARABI ST,SOUQ AL JAMI SHEIKH ZAYED GRAND MOSQUE RD - AL KHALEEJ AL ARABI ST - ABU DHABI,02 672 4141,https://www.google.com/maps/search/?api=1&query=SOUQ%20AL%20JAMI%20SHEIKH%20ZAYED%20GRAND%20MOSQUE%20RD%20-%20AL%20KHALEEJ%20AL%20ARABI%20ST%20-%20ABU%20DHABI%2C%20Ajman%2C%20UAE,,,
664,AUH,Abu Dhabi,PHARMACY,IBN SINA PHARMACY - SOLE PROPRIETORSHIP L.L.C. - BRANCH 5,PF1579,DALMA MALL,"DALMA MALL, ICAD GROUND FLOOR - ABUDHABI",02 551 2385,https://www.google.com/maps/search/?api=1&query=DALMA%20MALL%2C%20ICAD%20GROUND%20FLOOR%20-%20ABUDHABI%2C%20Ajman%2C%20UAE,,,
665,AUH,Abu Dhabi,PHARMACY,IBN SINA PHARMACY - SOLE PROPRIETORSHIP L.L.C. - BRANCH 7,PF1737,BAWABAT AL SHARQ,MALL - FIRST FLOOR - BAWABAT AL SHARQ - ABU DHABI,02 586 8724,https://www.google.com/maps/search/?api=1&query=MALL%20-%20FIRST%20FLOOR%20-%20BAWABAT%20AL%20SHARQ%20-%20ABU%20DHABI%2C%20Ajman%2C%20UAE,,,
666,AUH,Abu Dhabi,PHARMACY,IBN SINA PHARMACY - SOLE PROPRIETORSHIP L.L.C. - BRANCH Al Qana,PF5495,AL QANA STREET ,AL QANA STREET - RABDAN - ABU DHABI,02 676 8324,https://www.google.com/maps/search/?api=1&query=AL%20QANA%20STREET%20-%20RABDAN%20-%20ABU%20DHABI%2C%20Ajman%2C%20UAE,,,
667,AUH,Abu Dhabi,PHARMACY,IBN SINA PHARMACY - SOLE PROPRIETORSHIP L.L.C. - BRANCH Almusafah,PF5059,MUSAFFAH,AL - BSP-NPCC - MUSAFFAH - ABU DHABI,02 555 0302,https://www.google.com/maps/search/?api=1&query=AL%20-%20BSP-NPCC%20-%20MUSAFFAH%20-%20ABU%20DHABI%2C%20Ajman%2C%20UAE,,,
668,AUH,Abu Dhabi,PHARMACY,IBN SINA PHARMACY - SOLE PROPRIETORSHIP L.L.C. - BRANCH GLOBAL CARE,PF5303,AL MANHAL,BUILDING 419 - WEST 14-1 - AL MANHAL - ABU DHABI,02 887 0931,https://www.google.com/maps/search/?api=1&query=BUILDING%20419%20-%20WEST%2014-1%20-%20AL%20MANHAL%20-%20ABU%20DHABI%2C%20Ajman%2C%20UAE,,,
669,AUH,Abu Dhabi,PHARMACY,IBN SINA PHARMACY SOLE PROPRIETORSHIP L.L.C - Branch 16 ,PF2805,AL DANAH ,SILVER TOWER - AL DANAH - ZONE 1 - ABU DHABI,02 584 7865,https://www.google.com/maps/search/?api=1&query=SILVER%20TOWER%20-%20AL%20DANAH%20-%20ZONE%201%20-%20ABU%20DHABI%2C%20Ajman%2C%20UAE,,,
670,AUH,Abu Dhabi,PHARMACY,IBN SINA PHARMACY SOLE PROPRIETORSHIP L.L.C - Branch 20,PF3180,CORNICHE RD,"WEST - STREET NUMBER 7,CORNICHE ROAD - CORNICHE RD - ABU DHABI",02 448 0650,https://www.google.com/maps/search/?api=1&query=WEST%20-%20STREET%20NUMBER%207%2CCORNICHE%20ROAD%20-%20CORNICHE%20RD%20-%20ABU%20DHABI%2C%20Ajman%2C%20UAE,,,
671,AUH,Abu Dhabi,PHARMACY,IBN SINA PHARMACY SOLE PROPRIETORSHIP L.L.C - Branch 27,PF3189,AL MAHA ST ,AL MAHA ST - YAS ISLAND - ABU DHABI,02 565 1314,https://www.google.com/maps/search/?api=1&query=AL%20MAHA%20ST%20-%20YAS%20ISLAND%20-%20ABU%20DHABI%2C%20Ajman%2C%20UAE,,,
672,AUH,Abu Dhabi,PHARMACY,IBN SINA PHARMACY SOLE PROPRIETORSHIP L.L.C - Branch 3,PF1363,KHALIFA CITY ,16TH ST - KHALIFA CITY - SECTOR 32 - ABU DHABI,02 556 2140,https://www.google.com/maps/search/?api=1&query=16TH%20ST%20-%20KHALIFA%20CITY%20-%20SECTOR%2032%20-%20ABU%20DHABI%2C%20Ajman%2C%20UAE,,,
673,AUH,Abu Dhabi,PHARMACY,IBN SINA PHARMACY SOLE PROPRIETORSHIP L.L.C - Branch 4,PF1488,AL MUROOR STREET ,AL MUROOR STREET COOPERATIVE MUROOR BRANCH - أبو ظبي,02 449 8140,https://www.google.com/maps/search/?api=1&query=AL%20MUROOR%20STREET%20COOPERATIVE%20MUROOR%20BRANCH%20-%20%D8%A3%D8%A8%D9%88%20%D8%B8%D8%A8%D9%8A%2C%20Ajman%2C%20UAE,,,
674,AUH,Abu Dhabi,PHARMACY,IBN SINA PHARMACY SOLE PROPRIETORSHIP L.L.C - Branch 6,PF1578,DALMA MALL,"DALMA MALL, ICAD GROUND FLOOR - ABU DHABI",02 551 2138,https://www.google.com/maps/search/?api=1&query=DALMA%20MALL%2C%20ICAD%20GROUND%20FLOOR%20-%20ABU%20DHABI%2C%20Ajman%2C%20UAE,,,
675,AUH,Abu Dhabi,PHARMACY,IBN SINA PHARMACY SOLE PROPRIETORSHIP L.L.C BRANCH 17,PF2675,AL FALAH ,15 QASDAH ST - AL FALAH - ABU DHABI,02 566 9135,https://www.google.com/maps/search/?api=1&query=15%20QASDAH%20ST%20-%20AL%20FALAH%20-%20ABU%20DHABI%2C%20Ajman%2C%20UAE,,,
676,AUH,Abu Dhabi,PHARMACY,IBN SINA PHARMACY SOLE PROPRIETORSHIP L.L.C BRANCH 18,PF2678,"NEW AL FALAH,","NEW AL FALAH, AL FALAH VILLAGE 3, SECTOR C SHOP G12 - ABU DHABI",02 566 1251,https://www.google.com/maps/search/?api=1&query=NEW%20AL%20FALAH%2C%20AL%20FALAH%20VILLAGE%203%2C%20SECTOR%20C%20SHOP%20G12%20-%20ABU%20DHABI%2C%20Ajman%2C%20UAE,,,
677,DXB,DXB,CLINIC,ZEN LIFE POLYCLINIC CO.LLC,DHA-F-0300714,AL JADDAF,"SHOP 3A, EMERALD JADAF METRO BUILDING, AL JADAF",04-2541800,https://www.google.com/maps/search/?api=1&query=SHOP%203A%2C%20EMERALD%20JADAF%20METRO%20BUILDING%2C%20AL%20JADAF%2C%20Ajman%2C%20UAE,,,
678,DXB,DXB,CLINIC,VIDA CLINIC LLC-BRANCH-MUHAISANAH - 2,DHA-F-5446365,MUHAISANAH,"PO BOX-117751,MUHAISANAH - 2,6A STREET 10,AL MADINA HYPERMARKET,SHOP 08,09,10",04-3283333,https://www.google.com/maps/search/?api=1&query=PO%20BOX-117751%2CMUHAISANAH%20-%202%2C6A%20STREET%2010%2CAL%20MADINA%20HYPERMARKET%2CSHOP%2008%2C09%2C10%2C%20Ajman%2C%20UAE,,,
679,DXB,DXB,CLINIC,VCARE POLYCLINIC LLC,DHA-F-0001137,AL NAHDA 1,"LOCATION : AL NAHDA 1 , BUILDING : NASMAH TOWER ,DUBAI,PO BOX : 236676",04-2654400,https://www.google.com/maps/search/?api=1&query=LOCATION%20%3A%20AL%20NAHDA%201%20%2C%20BUILDING%20%3A%20NASMAH%20TOWER%20%2CDUBAI%2CPO%20BOX%20%3A%20236676%2C%20Ajman%2C%20UAE,,,
680,DXB,DXB,CLINIC,UNICARE MEDICAL CENTRE BRANCH-SATWA,DHA-F-0000229,BUR DUBAI -MANKHOOL,"VILLA 172, NEAR NEW DUBAI NURSERY, MANKHOOL ROAD, SATWA",04-3529292,https://www.google.com/maps/search/?api=1&query=VILLA%20172%2C%20NEAR%20NEW%20DUBAI%20NURSERY%2C%20MANKHOOL%20ROAD%2C%20SATWA%2C%20Ajman%2C%20UAE,,,
681,DXB,DXB,CLINIC,KARAMA MEDICAL CENTRE (KARAMA),DHA-F-0045523,KARAMA,"45B STREET 36,1015 IBRAHIM KHALIFA,ARIF & BINTOAK BUILDING,KARAMA,DUBAI",04-3366889/8007400,https://www.google.com/maps/search/?api=1&query=45B%20STREET%2036%2C1015%20IBRAHIM%20KHALIFA%2CARIF%20%26%20BINTOAK%20BUILDING%2CKARAMA%2CDUBAI%2C%20Ajman%2C%20UAE,,,
682,DXB,DXB,CLINIC,KARAMA MEDICAL CENTRE AL QUOZ BR,DHA-F-0047104,AL QUOZ 4,"MEZZANINE FLOOR, GRAND CITY MALL,AL QUOZ INDUSTRIAL AREA 4, AL QUOZ,DUBAI",04-3413645/8007400,https://www.google.com/maps/search/?api=1&query=MEZZANINE%20FLOOR%2C%20GRAND%20CITY%20MALL%2CAL%20QUOZ%20INDUSTRIAL%20AREA%204%2C%20AL%20QUOZ%2CDUBAI%2C%20Ajman%2C%20UAE,,,
683,DXB,DXB,CLINIC,KARAMA MEDICAL CENTRE AL QUOZ MALL BR,DHA-F-0000673,AL QUOZ,"BUILDING NAME : AL  QOUZ MALL , UNIT/ VILLA NO.  SHOP NO 27, 28 ,31, 32 . MAKANI NUMBER : 2075479749 ",04-3389444/8007400,https://www.google.com/maps/search/?api=1&query=BUILDING%20NAME%20%3A%20AL%20%20QOUZ%20MALL%20%2C%20UNIT/%20VILLA%20NO.%20%20SHOP%20NO%2027%2C%2028%20%2C31%2C%2032%20.%20MAKANI%20NUMBER%20%3A%202075479749%2C%20Ajman%2C%20UAE,,,
684,DXB,DXB,CLINIC,KARAMA MEDICAL CENTRE BR DIP,DHA-F-0047636,JEBEL ALI,RIGHT HEALTH PARK BETTER LIFE PHARMACY BR - SUPERJET TOURS LLC - BUILDING - SHOP 6 22 STREET - OPPOSITE PARCO BUS STAND - MENA JABAL ALI - INDUSTRIAL 1 - DUBAI | TEL - ‎+971 4 289 4495,04-8848368/8007400,https://www.google.com/maps/search/?api=1&query=RIGHT%20HEALTH%20PARK%20BETTER%20LIFE%20PHARMACY%20BR%20-%20SUPERJET%20TOURS%20LLC%20-%20BUILDING%20-%20SHOP%206%2022%20STREET%20-%20OPPOSITE%20PARCO%20BUS%20STAND%20-%20MENA%20JABAL%20ALI%20-%20INDUSTRIAL%201%20-%20DUBAI%20%7C%20TEL%20-%20%E2%80%8E%2B971%204%20289%204495%2C%20Ajman%2C%20UAE,,,
685,DXB,DXB,CLINIC,"KARAMA MEDICAL CENTRE BR, JV",DHA-F-0047921,JUMEIRAH VILLAGE CIRCLE,"NO.4 BUILDING M1, AMSA JUMEIRAH VILLAGE CIRCLE, DUBAI.",04-4229867/8007400,https://www.google.com/maps/search/?api=1&query=NO.4%20BUILDING%20M1%2C%20AMSA%20JUMEIRAH%20VILLAGE%20CIRCLE%2C%20DUBAI.%2C%20Ajman%2C%20UAE,,,
686,DXB,DXB,CLINIC,"KARAMA MEDICAL CENTRE, BR MUHAISNAH",DHA-F-0001154,MUHAISNA,"JIWIN STAFF ACCOMMODATION, OPP TO DUBAI MUNICIPALITY MADINA HYPER MARKET COMPLEX,",04-2630341/8007400,https://www.google.com/maps/search/?api=1&query=JIWIN%20STAFF%20ACCOMMODATION%2C%20OPP%20TO%20DUBAI%20MUNICIPALITY%20MADINA%20HYPER%20MARKET%20COMPLEX%2C%2C%20Ajman%2C%20UAE,,,
687,DXB,DXB,CLINIC,JANSONS STARS POLYCLINIC,DHA-F-0045435,BUR DUBAI,"1ST, FLOOR EASA SALEH AL GURG BUILDING, OPP. PANORAMA GRAND HOTEL, KHALID BIN AL WALEED ROAD, BUR DUBAI",04-3933280/8007400,https://www.google.com/maps/search/?api=1&query=1ST%2C%20FLOOR%20EASA%20SALEH%20AL%20GURG%20BUILDING%2C%20OPP.%20PANORAMA%20GRAND%20HOTEL%2C%20KHALID%20BIN%20AL%20WALEED%20ROAD%2C%20BUR%20DUBAI%2C%20Ajman%2C%20UAE,,,
688,DXB,DXB,CLINIC,KARAMA MEDICAL CENTRE BR. AL KHAIL GATE,DHA-F-0001445,AL KHAIL GATE,"SHOP 41 & 42, NEW WEST ZONE MALL, AL KHAIL GATE, DUBAI.",04-4533534/8007400,https://www.google.com/maps/search/?api=1&query=SHOP%2041%20%26%2042%2C%20NEW%20WEST%20ZONE%20MALL%2C%20AL%20KHAIL%20GATE%2C%20DUBAI.%2C%20Ajman%2C%20UAE,,,
689,DXB,DXB,CLINIC,KARAMA MEDICAL CENTRE BR BURJUMAN,DHA-F-9789058,BURJMAN,"BURJMAN,DXB,UAE",04-353 3008/8007400,https://www.google.com/maps/search/?api=1&query=BURJMAN%2CDXB%2CUAE%2C%20Ajman%2C%20UAE,,,
690,DXB,DXB,CLINIC,AL AZHAR CLINIC -BRANCH (JABEL ALI),DHA-F-0048014,JEBEL ALI,"JEBEL ALI,DXB,UAE",04-8800545/8007400,https://www.google.com/maps/search/?api=1&query=JEBEL%20ALI%2CDXB%2CUAE%2C%20Ajman%2C%20UAE,,,
691,DXB,DXB,CLINIC,AL AZHAR CLINIC (DIP-1),DHA-F-0047440,DIP,"DIP,DXB,UAE",04-8859590/8007400,https://www.google.com/maps/search/?api=1&query=DIP%2CDXB%2CUAE%2C%20Ajman%2C%20UAE,,,
692,DXB,DXB,CLINIC,AL AZHAR CLINIC- BRANCH 2 (DIP-2),DHA-F-0000444,DIP-2,"DIP-2,DXB,UAE",04-8895309/8007400,https://www.google.com/maps/search/?api=1&query=DIP-2%2CDXB%2CUAE%2C%20Ajman%2C%20UAE,,,
693,DXB,DXB,CLINIC,AL SANAIYA MEDICAL CLINIC- BR (AL QUOZ),DHA-F-0046969,AL QUOZ,"AL QUOZ,DXB,UAE",04 3407548/8007400,https://www.google.com/maps/search/?api=1&query=AL%20QUOZ%2CDXB%2CUAE%2C%20Ajman%2C%20UAE,,,
694,DXB,DXB,CLINIC,AL SANAIYA MEDICAL CLINIC (SONAPUR),DHA-F-0046325,SONAPUR,"SONAPUR,DXB,UAE",04 2543500/8007400,https://www.google.com/maps/search/?api=1&query=SONAPUR%2CDXB%2CUAE%2C%20Ajman%2C%20UAE,,,
695,DXB,DXB,CLINIC,NEW SANAIYA CLINIC (SONAPUR),DHA-F-0046425,SONAPUR,"SONAPUR,DXB,UAE",04 2648101/8007400,https://www.google.com/maps/search/?api=1&query=SONAPUR%2CDXB%2CUAE%2C%20Ajman%2C%20UAE,,,
696,DXB,DXB,CLINIC,RUBY CLINIC,DHA-F-0047442,INTERNATIONAL CITY,"INTERNATIONAL CITY,DXB,UAE",04 4226899/8007400,https://www.google.com/maps/search/?api=1&query=INTERNATIONAL%20CITY%2CDXB%2CUAE%2C%20Ajman%2C%20UAE,,,
697,DXB,DXB,CLINIC,NEW SANAIYA CLINIC -BRANCH - DIP-1,DHA-F-0001616,DIP 1,"DIP1,DXB,UAE",04-3791311/8007400,https://www.google.com/maps/search/?api=1&query=DIP1%2CDXB%2CUAE%2C%20Ajman%2C%20UAE,,,
698,DXB,DXB,CLINIC,NEW SANAIYA CLINIC - BR HORALANZ,DHA-F-0048024,DEIRA- HOR AL ANZ,"DEIRA- HOR AL ANZ,DXB,UAE",04 2681333/8007400,https://www.google.com/maps/search/?api=1&query=DEIRA-%20HOR%20AL%20ANZ%2CDXB%2CUAE%2C%20Ajman%2C%20UAE,,,
699,DXB,DXB,CLINIC,AL AZHAR CLINIC BRANCH 3 LLC,DHA-F-0002443,AWIR,"AWIR,DXB,UAE",04-2230244/8007400,https://www.google.com/maps/search/?api=1&query=AWIR%2CDXB%2CUAE%2C%20Ajman%2C%20UAE,,,
700,DXB,DXB,CLINIC,AL AZHAR CLINIC LLC 4,DHA-F-9579987,JEBEL ALI ,"BUILDING NAME: XPO MALL , STREET NAME: MADINAT HYPERMARKET APARTMENT/VILLA NUMBER: 10,AREA NAME: JEBEL ALI ",04-3836323/8007400,https://www.google.com/maps/search/?api=1&query=BUILDING%20NAME%3A%20XPO%20MALL%20%2C%20STREET%20NAME%3A%20MADINAT%20HYPERMARKET%20APARTMENT/VILLA%20NUMBER%3A%2010%2CAREA%20NAME%3A%20JEBEL%20ALI%2C%20Ajman%2C%20UAE,,,
701,DXB,DXB,CLINIC,REMEDY PLUS MEDICAL CLINIC LLC,DHA-F-6594133,ALQOUZ,"BESIDE AL GHURAIR EXCHANGE,OPP. TO BELHASA DRIVING SCHOOL,AL QOUZ-3,DUBAI,U.A.E",04-3202275,https://www.google.com/maps/search/?api=1&query=BESIDE%20AL%20GHURAIR%20EXCHANGE%2COPP.%20TO%20BELHASA%20DRIVING%20SCHOOL%2CAL%20QOUZ-3%2CDUBAI%2CU.A.E%2C%20Ajman%2C%20UAE,,,
702,DXB,DXB,CLINIC,RELEAF MEDICAL CENTRE LLC-DIP 2,DHA-F-0002531,DIP 2,"FAKHREE CENTRE ,PASONS HYPERMARKET,FIRST FLOOR, DIP 2",04-8814918,https://www.google.com/maps/search/?api=1&query=FAKHREE%20CENTRE%20%2CPASONS%20HYPERMARKET%2CFIRST%20FLOOR%2C%20DIP%202%2C%20Ajman%2C%20UAE,,,
703,DXB,DXB,CLINIC,RELEAF MEDICAL CENTRE LLC BRANCH-AL QOUZ 2,DHA-F-3625405,AL QUOZ 22,"NEAR OLA AL MADEENA S/M,AL QUOZ 2",04-3377977,https://www.google.com/maps/search/?api=1&query=NEAR%20OLA%20AL%20MADEENA%20S/M%2CAL%20QUOZ%202%2C%20Ajman%2C%20UAE,,,
704,DXB,DXB,CLINIC,RELEAF MEDICAL CENTRE LLC BRANCH-JEBAL ALI IN D 2,DHA-F-7783571,JEBEL ALI ,"SALIM ALI RASHID BUILDING,JEBEL ALI IND 2",04-3885636,https://www.google.com/maps/search/?api=1&query=SALIM%20ALI%20RASHID%20BUILDING%2CJEBEL%20ALI%20IND%202%2C%20Ajman%2C%20UAE,,,
705,DXB,DXB,CLINIC,RELEAF MEDICAL CENTRE LLC (FORMERLY RELEAF MEDICAL CENTRE LLC BRANCH-ALQOUZ 1),DHA-F-3704603,RAS AL KHOR,"SHOP NO. 2, GROUND FLOOR ,BUILDING NAME: RASHED AL MAGOODI, AL FALASI BUILDING,RAS AL KHOR INDUSTRIAL AREA 1,DUBAI,UAE",04-3216222,https://www.google.com/maps/search/?api=1&query=SHOP%20NO.%202%2C%20GROUND%20FLOOR%20%2CBUILDING%20NAME%3A%20RASHED%20AL%20MAGOODI%2C%20AL%20FALASI%20BUILDING%2CRAS%20AL%20KHOR%20INDUSTRIAL%20AREA%201%2CDUBAI%2CUAE%2C%20Ajman%2C%20UAE,,,
706,DXB,DXB,CLINIC,MINI VM POLY CLINIC,DHA-F-0047057,AL QUSAIS,"BIN SHABIB MALL, GROUND FLOOR, BAGHDAD STREET, AL QUSAIS, OPP MOHRE",04-2275777,https://www.google.com/maps/search/?api=1&query=BIN%20SHABIB%20MALL%2C%20GROUND%20FLOOR%2C%20BAGHDAD%20STREET%2C%20AL%20QUSAIS%2C%20OPP%20MOHRE%2C%20Ajman%2C%20UAE,,,
707,DXB,DXB,CLINIC,NOORA POLY CLINIC,DHA-F-0046440,BURDUBAI,"IT CENTER BUILDING,21 ASTREET,AL SOUQ AL KABEER BURDUBAI,NEXT TO AL RAFFA POLICE STATION",04-2275777,https://www.google.com/maps/search/?api=1&query=IT%20CENTER%20BUILDING%2C21%20ASTREET%2CAL%20SOUQ%20AL%20KABEER%20BURDUBAI%2CNEXT%20TO%20AL%20RAFFA%20POLICE%20STATION%2C%20Ajman%2C%20UAE,,,
708,DXB,DXB,CLINIC,CITICARE MEDICAL CENTER LLC (FORMERLY PESHAWAR MEDICAL CENTRE-AL BARSHA),DHA-F-0047965,AL BARSHA,"AL SALAM BUILDING , NEAR MIRACLE GARDEN , ARJAN , AL BARSHA SOUTH",04-7700948,https://www.google.com/maps/search/?api=1&query=AL%20SALAM%20BUILDING%20%2C%20NEAR%20MIRACLE%20GARDEN%20%2C%20ARJAN%20%2C%20AL%20BARSHA%20SOUTH%2C%20Ajman%2C%20UAE,,,
709,DXB,DXB,CLINIC,NOVITAS CLINIC LLC,DHA-F-0108842,INTERNATIONAL CITY,"PRIME RESIDENCE II, INTERNATIONAL CITY, DUBAI",04-5693389,https://www.google.com/maps/search/?api=1&query=PRIME%20RESIDENCE%20II%2C%20INTERNATIONAL%20CITY%2C%20DUBAI%2C%20Ajman%2C%20UAE,,,
710,DXB,DXB,CLINIC,BETA STAR CLINIC L.L.C (FORMERLY NOVITAS CLINIC LLC (BRANCH),DHA-F-0612259,JABAL ALI,"AL MADINA HYPER MARKET, JABAL ALI INDUSTRIAL, DUBAI, UAE",04-3264208,https://www.google.com/maps/search/?api=1&query=AL%20MADINA%20HYPER%20MARKET%2C%20JABAL%20ALI%20INDUSTRIAL%2C%20DUBAI%2C%20UAE%2C%20Ajman%2C%20UAE,,,
711,DXB,DXB,CLINIC,NOOR AL SHEFA CLINIC-JEBEL ALI MALL,DHA-F-0000055,JEBEL ALI,"JEBEL ALI MALL,JEBEL ALI IND AREA 1 , DUBAI",04-8878155,https://www.google.com/maps/search/?api=1&query=JEBEL%20ALI%20MALL%2CJEBEL%20ALI%20IND%20AREA%201%20%2C%20DUBAI%2C%20Ajman%2C%20UAE,,,
712,DXB,DXB,CLINIC,NOOR AL SHEFA CLINIC BRANCH-AL QUOZ,DHA-F-0001450,AL QUOZ-3,"IND.AREA - 3,OPP. K F C ACCOMMODATION,AL QUOZ",04-3807636,https://www.google.com/maps/search/?api=1&query=IND.AREA%20-%203%2COPP.%20K%20F%20C%20ACCOMMODATION%2CAL%20QUOZ%2C%20Ajman%2C%20UAE,,,
713,DXB,DXB,CLINIC,NOOR AL SHEFA CLINIC-JAFZA MALL-JEBEL ALI,DHA-F-0001710,JAFZA SOUTH,"JAFZA SOUTH,JAFZA MALL, JEBEL ALI FREE ZONE",04-8817530,https://www.google.com/maps/search/?api=1&query=JAFZA%20SOUTH%2CJAFZA%20MALL%2C%20JEBEL%20ALI%20FREE%20ZONE%2C%20Ajman%2C%20UAE,,,
714,DXB,DXB,CLINIC,NOOR AL SHEFA CLINIC(BR) AL AWEER,DHA-F-0000295,AL AWEER,"AL AWEER ,1ST FLOOR, ,UNION CO-OP BUILDING,FRUIT VEG MARKET",04-3886601,https://www.google.com/maps/search/?api=1&query=AL%20AWEER%20%2C1ST%20FLOOR%2C%20%2CUNION%20CO-OP%20BUILDING%2CFRUIT%20VEG%20MARKET%2C%20Ajman%2C%20UAE,,,
715,DXB,DXB,CLINIC,ZAHRAT  AL SHEFA MEDICAL CENTER LLC,DHA-F-0001943,MUHAISANAH - NEAR POST OFFICE,"1ST FLOOR SHOP NO. 1,AL GAITH BUILDING , NEAR EMIRATES POST OFFICE ,MUHAISANAH",04-2646218,https://www.google.com/maps/search/?api=1&query=1ST%20FLOOR%20SHOP%20NO.%201%2CAL%20GAITH%20BUILDING%20%2C%20NEAR%20EMIRATES%20POST%20OFFICE%20%2CMUHAISANAH%2C%20Ajman%2C%20UAE,,,
716,DXB,DXB,CLINIC,NOOR AL SHEFA CLINIC-JAFZA-JEBEL ALI(OPP.VILLAGE HYPER MARKET),DHA-F-0002148,JAFZA,"MEENA RETAILS FZE BUILDING ,",04-8844666,https://www.google.com/maps/search/?api=1&query=MEENA%20RETAILS%20FZE%20BUILDING%20%2C%2C%20Ajman%2C%20UAE,,,
717,DXB,DXB,CLINIC,"AMALA MEDICAL CENTER LLC,ALQUOZ",DHA-F-0047790,AL QUOZ,"AL KHAIL MALL ,AL QUOZ",04-3306727,https://www.google.com/maps/search/?api=1&query=AL%20KHAIL%20MALL%20%2CAL%20QUOZ%2C%20Ajman%2C%20UAE,,,
718,DXB,DXB,CLINIC,FAMILY CLINIC-SATWA - DUBAI,DHA-F-0045459,SATWA,"AL BADA OASIS BLDG, AL HUDAIBAH STRT , SATWA - DUBAI",04-3451145,https://www.google.com/maps/search/?api=1&query=AL%20BADA%20OASIS%20BLDG%2C%20AL%20HUDAIBAH%20STRT%20%2C%20SATWA%20-%20DUBAI%2C%20Ajman%2C%20UAE,,,
719,DXB,DXB,CLINIC,NEW MEDICAL CENTRE-JABAL ALI(DR.REENA BEGUM CLINIC),DHA-F-0000461,JEBEL ALI,"1ST FLOOR NESTO HYPERMARKET, NEW WEST ACCOMMODATION, JEBEL ALI FREE ZONE",04-8808856,https://www.google.com/maps/search/?api=1&query=1ST%20FLOOR%20NESTO%20HYPERMARKET%2C%20NEW%20WEST%20ACCOMMODATION%2C%20JEBEL%20ALI%20FREE%20ZONE%2C%20Ajman%2C%20UAE,,,
720,DXB,DXB,CLINIC,NEW AL MUSALLA MEDICAL CENTERE LLC,DHA-F-0047578,MUHAISINAH,"NEAR SHAKLAN 2 SUPERMARKET BUILDING , MUHAISNAH-2(SONAPOOR) DUBAI, P.O. BOX-26238",04-2641449,https://www.google.com/maps/search/?api=1&query=NEAR%20SHAKLAN%202%20SUPERMARKET%20BUILDING%20%2C%20MUHAISNAH-2%28SONAPOOR%29%20DUBAI%2C%20P.O.%20BOX-26238%2C%20Ajman%2C%20UAE,,,
721,DXB,DXB,CLINIC,GREEN CITY MEDICAL CENTER L.L.C(FORMERLY NEW AL MUSALLA MEDICAL CENTERE LLC BRANCH),DHA-F-0002275,AL QUOZ 4,"OBEROI BUILDING, AL QUOZ 4, NEAR BELHASA DRIVING CENTRE, DUBAI, P.O. BOX- 69105",04-3333450,https://www.google.com/maps/search/?api=1&query=OBEROI%20BUILDING%2C%20AL%20QUOZ%204%2C%20NEAR%20BELHASA%20DRIVING%20CENTRE%2C%20DUBAI%2C%20P.O.%20BOX-%2069105%2C%20Ajman%2C%20UAE,,,
722,DXB,DXB,CLINIC,NAJMAT AL SHIFA MEDICAL CENTER LLC,DHA-F-0785487,AL WARSAN 1,"ENGLAND CLUSTER Y 21,INTERNATIONAL CITY, AL WARSAN 1, DUBAI",04-5802450,https://www.google.com/maps/search/?api=1&query=ENGLAND%20CLUSTER%20Y%2021%2CINTERNATIONAL%20CITY%2C%20AL%20WARSAN%201%2C%20DUBAI%2C%20Ajman%2C%20UAE,,,
723,DXB,DXB,CLINIC,M V R DIAGNOSTIC CLINIC L.L.C (FORMERLY MVR MEDICAL CENTER L.L.C),DHA-F-3322357,AL GARHOUD,"MEZZANINE FLOOR, SHOWROOM 2, FLORA INN HOTEL,AL GARHOUD,DUBAI, UAE",04-2327111,https://www.google.com/maps/search/?api=1&query=MEZZANINE%20FLOOR%2C%20SHOWROOM%202%2C%20FLORA%20INN%20HOTEL%2CAL%20GARHOUD%2CDUBAI%2C%20UAE%2C%20Ajman%2C%20UAE,,,
724,DXB,DXB,CLINIC,MULTICARE MEDICAL CENTER LLC,DHA-F-0002421,AL QUOZ,"AL KHAIL GATE COMMUNITY CENTER COMPLEX, P.O BOX : 390899, DUBAI, UAE",04580 7899,https://www.google.com/maps/search/?api=1&query=AL%20KHAIL%20GATE%20COMMUNITY%20CENTER%20COMPLEX%2C%20P.O%20BOX%20%3A%20390899%2C%20DUBAI%2C%20UAE%2C%20Ajman%2C%20UAE,,,
725,DXB,DXB,CLINIC,MEDILIFE POLYCLINIC LLC- AL QUOZ(BR),DHA-F-0002053,AL QUOZ,ALQUOZ,04-3219550,https://www.google.com/maps/search/?api=1&query=ALQUOZ%2C%20Ajman%2C%20UAE,,,
726,DXB,DXB,CLINIC,COMMUNITY HEALTHCARE LLC,DHA-F-0002265,JEBEL ALI,"PLOT NO. 839 - 0 INSIDE NUZUL ACCOMMODATION JEBEL ALI INDUSTRIAL AREA - 1, DUBAI",04 8806111,https://www.google.com/maps/search/?api=1&query=PLOT%20NO.%20839%20-%200%20INSIDE%20NUZUL%20ACCOMMODATION%20JEBEL%20ALI%20INDUSTRIAL%20AREA%20-%201%2C%20DUBAI%2C%20Ajman%2C%20UAE,,,
727,DXB,DXB,CLINIC,NEW MEDILIFE MEDICAL CENTRE L.L.C (WARSAN),DHA-F-3487056,WARSAN,WARSAN,04-2888315,https://www.google.com/maps/search/?api=1&query=WARSAN%2C%20Ajman%2C%20UAE,,,
728,DXB,DXB,CLINIC,LIVE CARE CLINIC LLC,DHA-F-0002231,JEBEL ALI ,"SHOPPERS MALL, INDUSTRIAL AREA 1 , JEBEL ALI, UAE",04-8848848,https://www.google.com/maps/search/?api=1&query=SHOPPERS%20MALL%2C%20INDUSTRIAL%20AREA%201%20%2C%20JEBEL%20ALI%2C%20UAE%2C%20Ajman%2C%20UAE,,,
729,DXB,DXB,CLINIC,LIFENITY INTERNATIONAL ADVANCED POLY CLINIC,DHA-F-4374542,AL NAHDA POND PARK,"
JMS BUILDING, AL NAHDA SECOND, AL NAHDA POND PARK, PLOT NO. 349, SHOP NO. 2, DUBAI, UAE",04-3216964,https://www.google.com/maps/search/?api=1&query=JMS%20BUILDING%2C%20AL%20NAHDA%20SECOND%2C%20AL%20NAHDA%20POND%20PARK%2C%20PLOT%20NO.%20349%2C%20SHOP%20NO.%202%2C%20DUBAI%2C%20UAE%2C%20Ajman%2C%20UAE,,,
730,DXB,DXB,CLINIC,LIFENITY INTERNATIONAL ADVANCED POLYCLINIC LLC BRANCH,DHA-F-9665447,AL BARSHA 1,"
SHOP NO 5, ELITE BUSINESS CENTRE, AL BARSHA 1, OPPOSITE LULU HYPERMARKET, DUBAI, UAE.",04-2586624,https://www.google.com/maps/search/?api=1&query=SHOP%20NO%205%2C%20ELITE%20BUSINESS%20CENTRE%2C%20AL%20BARSHA%201%2C%20OPPOSITE%20LULU%20HYPERMARKET%2C%20DUBAI%2C%20UAE.%2C%20Ajman%2C%20UAE,,,
731,DXB,DXB,CLINIC,LIFENITY INTERNATIONAL CLINICAL LABORATORY LLC,DHA-F-6179400,AL BARSHA 1,"
SHOP NO 5, ELITE BUSINESS CENTRE, AL BARSHA 1, OPPOSITE LULU HYPERMARKET, DUBAI, UAE.",04-5479027,https://www.google.com/maps/search/?api=1&query=SHOP%20NO%205%2C%20ELITE%20BUSINESS%20CENTRE%2C%20AL%20BARSHA%201%2C%20OPPOSITE%20LULU%20HYPERMARKET%2C%20DUBAI%2C%20UAE.%2C%20Ajman%2C%20UAE,,,
732,DXB,DXB,CLINIC,LIFEGUARD GENERAL CLINIC LLC (FORMERLY OUR CARE AND CURE MEDICAL CENTER LLC),DHA-F-8023047,JEBEL ALI,"SHOP # 8 , GROUND FLOOR, SHAMS AL MADINA HYPERMARKET COMPLEX, JEBEL ALI",04-5806451,https://www.google.com/maps/search/?api=1&query=SHOP%20%23%208%20%2C%20GROUND%20FLOOR%2C%20SHAMS%20AL%20MADINA%20HYPERMARKET%20COMPLEX%2C%20JEBEL%20ALI%2C%20Ajman%2C%20UAE,,,
733,DXB,DXB,CLINIC,KIMS MEDICAL CENTRE,DHA-F-0000064,DEIRA - HOR AL ANZ,"ABU BAKAR AL SIDDIQUI ROAD,HOR AL ANZ",04-2624500,https://www.google.com/maps/search/?api=1&query=ABU%20BAKAR%20AL%20SIDDIQUI%20ROAD%2CHOR%20AL%20ANZ%2C%20Ajman%2C%20UAE,,,
734,DXB,DXB,CLINIC,JUPITER AL NAHDA POLYCLINIC LLC,DHA-F-0047821,AL NAHDA 2,"GROUND FLOOR,SHOP NO.2,TRIO 3 BUILDING ( TIGER PROPERTIES ), AMMAN STREET, AL NAHDA 2, DUBAI",04-2344429,https://www.google.com/maps/search/?api=1&query=GROUND%20FLOOR%2CSHOP%20NO.2%2CTRIO%203%20BUILDING%20%28%20TIGER%20PROPERTIES%20%29%2C%20AMMAN%20STREET%2C%20AL%20NAHDA%202%2C%20DUBAI%2C%20Ajman%2C%20UAE,,,
735,DXB,DXB,CLINIC,JUPITER AL QUSAIS POLYCLINIC LLC,DHA-F-0045868,"AL QUSAIS 1,","208,2ND FLOOR,AL MAZOOM BUILDING,DAMASCUS STREET,AL QUSAIS 1,NEAR GRAND HOTEL,PO BOX-20657",04-2630987,https://www.google.com/maps/search/?api=1&query=208%2C2ND%20FLOOR%2CAL%20MAZOOM%20BUILDING%2CDAMASCUS%20STREET%2CAL%20QUSAIS%201%2CNEAR%20GRAND%20HOTEL%2CPO%20BOX-20657%2C%20Ajman%2C%20UAE,,,
736,DXB,DXB,CLINIC,"JUPITER SPECIALTY MEDICAL CENTER LLC,AL KARAMA",DHA-F-0000075,KARAMA,"VILLA NO. 108,NEXT TO EXIT 2 OF ADCB METRO STATION, 33RD STREET, MANKHOOL, AL KARAMA,PO BOX-123047,",04-3866330,https://www.google.com/maps/search/?api=1&query=VILLA%20NO.%20108%2CNEXT%20TO%20EXIT%202%20OF%20ADCB%20METRO%20STATION%2C%2033RD%20STREET%2C%20MANKHOOL%2C%20AL%20KARAMA%2CPO%20BOX-123047%2C%2C%20Ajman%2C%20UAE,,,
737,DXB,DXB,CLINIC,"JANSONS MEDICAL CENTRE LLC,BURDUBAI",DHA-F-0045726,BURDUBAI,"KHYBER BUILDING, 11, AL RAFFA STREET; G FLOOR, SHOP 4 AL SOUQ AL KABEER - 312, BUR DUBAI",04-3939011,https://www.google.com/maps/search/?api=1&query=KHYBER%20BUILDING%2C%2011%2C%20AL%20RAFFA%20STREET%3B%20G%20FLOOR%2C%20SHOP%204%20AL%20SOUQ%20AL%20KABEER%20-%20312%2C%20BUR%20DUBAI%2C%20Ajman%2C%20UAE,,,
738,DXB,DXB,CLINIC,VIDA CLINIC LLC,DHA-F-0001781,BUR DUBAI ROLLA STREET,ROLLA STREET BUR DUBAI,04-3252525,https://www.google.com/maps/search/?api=1&query=ROLLA%20STREET%20BUR%20DUBAI%2C%20Ajman%2C%20UAE,,,
739,DXB,DXB,CLINIC,AL AMAL POLYCLINIC,DHA-F-0045654,BUR DUBAI,"AL SHAMSEER BLDNG,NEAR TO AL AHALYA EXCHANGE BLDNG, OPP TO EMIRATES NBD PARKING , 17TH STREET | AL SATWA",04-3329833,https://www.google.com/maps/search/?api=1&query=AL%20SHAMSEER%20BLDNG%2CNEAR%20TO%20AL%20AHALYA%20EXCHANGE%20BLDNG%2C%20OPP%20TO%20EMIRATES%20NBD%20PARKING%20%2C%2017TH%20STREET%20%7C%20AL%20SATWA%2C%20Ajman%2C%20UAE,,,
740,DXB,DXB,CLINIC,SHEIKH MANAA BIN HASHER ALMAKTOUM POLYCLINIC,DHA-F-0001669,JUMEIRAH 1,"NO. 202-207,SECOND FLOOR, AL SHAFAR BUILDING 7, AL WASL ROAD, JUMEIRA1, DUBAI",04-3420642,https://www.google.com/maps/search/?api=1&query=NO.%20202-207%2CSECOND%20FLOOR%2C%20AL%20SHAFAR%20BUILDING%207%2C%20AL%20WASL%20ROAD%2C%20JUMEIRA1%2C%20DUBAI%2C%20Ajman%2C%20UAE,,,
741,DXB,DXB,CLINIC,FALCON MEDICAL CLINIC LLC,DHA-F-0045651,BUR DUBAI,"MEENA BUILDING 302 FLAT NO AL SOQ AL KABEER, 316 IBRAHIM JUM AAL REDHA ",04-3554352,https://www.google.com/maps/search/?api=1&query=MEENA%20BUILDING%20302%20FLAT%20NO%20AL%20SOQ%20AL%20KABEER%2C%20316%20IBRAHIM%20JUM%20AAL%20REDHA%2C%20Ajman%2C%20UAE,,,
742,DXB,DXB,CLINIC,AL RASHIDIYAH PVT POLYCLINIC ,DHA-F-0045472,BUR DUBAI,"G, 1 & 2, RTA CAR PARKING BUILDING، OPP. AMBASSADOR HOTEL، BUR DUBAI - DUBAI",04-3939383,https://www.google.com/maps/search/?api=1&query=G%2C%201%20%26%202%2C%20RTA%20CAR%20PARKING%20BUILDING%D8%8C%20OPP.%20AMBASSADOR%20HOTEL%D8%8C%20BUR%20DUBAI%20-%20DUBAI%2C%20Ajman%2C%20UAE,,,
743,DXB,DXB,CLINIC,ANGEL WINGS MEDICAL CENTER LLC,DHA-F-0001912,AL BARSHA 1,"609, PINNACLE BUILDING, AL BARSHA 1, SHEIKH ZAYED ROAD, NEXT TO IBIS HOTEL, DUBAI",04-3936211,https://www.google.com/maps/search/?api=1&query=609%2C%20PINNACLE%20BUILDING%2C%20AL%20BARSHA%201%2C%20SHEIKH%20ZAYED%20ROAD%2C%20NEXT%20TO%20IBIS%20HOTEL%2C%20DUBAI%2C%20Ajman%2C%20UAE,,,
744,DXB,DXB,CLINIC,AL MASHAHER MEDICAL CENTRE,DHA-F-0000574,MUHAISINA -2,"SHEIKH KHALID BLDG., NEAR EMIRATES POST STREET 24 AL MUHASINAH -2",04-2633309,https://www.google.com/maps/search/?api=1&query=SHEIKH%20KHALID%20BLDG.%2C%20NEAR%20EMIRATES%20POST%20STREET%2024%20AL%20MUHASINAH%20-2%2C%20Ajman%2C%20UAE,,,
745,DXB,DXB,CLINIC,THE DOCTORS HUB POLYCLINIC LLC (FORMERLY DR. JOSEPH GHRAYEB POLYCLINIC),DHA-F-0045535,DEIRA,"28-JAZEERA STREET, MURAQABAT, DEIRA , DUBAI",04 2888767,https://www.google.com/maps/search/?api=1&query=28-JAZEERA%20STREET%2C%20MURAQABAT%2C%20DEIRA%20%2C%20DUBAI%2C%20Ajman%2C%20UAE,,,
746,DXB,DXB,CLINIC,AL FALAH MEDICAL CLINIC,DHA-F-0045583,DEIRA -NAIF,ABBASY BUILDING NAIF DEIRA,04-2717223,https://www.google.com/maps/search/?api=1&query=ABBASY%20BUILDING%20NAIF%20DEIRA%2C%20Ajman%2C%20UAE,,,
747,DXB,DXB,CLINIC,SEKHER MEDICAL CLINIC LLC,DHA-F-0047300,AL QUOZ 3,"1ST FLOOR, PLOT # 104, CITY EXCHANGE BUILDING, AL QUOZ INDUSTRIAL AREA # 3, AL QUOZ INDUSTRIAL ARE",04 3387749,https://www.google.com/maps/search/?api=1&query=1ST%20FLOOR%2C%20PLOT%20%23%20104%2C%20CITY%20EXCHANGE%20BUILDING%2C%20AL%20QUOZ%20INDUSTRIAL%20AREA%20%23%203%2C%20AL%20QUOZ%20INDUSTRIAL%20ARE%2C%20Ajman%2C%20UAE,,,
748,DXB,DXB,CLINIC,KHALIDHA MEDICAL CENTRE L.L.C,DHA-F-0000582,AL QUOA 3,"OFFICE: 103 & 104, FIRST FLOOR,SHEHAR KARACHI RESTAURANT BUILDING,AL QUOZ IND AREA - 3",04-3381947,https://www.google.com/maps/search/?api=1&query=OFFICE%3A%20103%20%26%20104%2C%20FIRST%20FLOOR%2CSHEHAR%20KARACHI%20RESTAURANT%20BUILDING%2CAL%20QUOZ%20IND%20AREA%20-%203%2C%20Ajman%2C%20UAE,,,
749,DXB,DXB,CLINIC,BRIGHT MEDICAL CENTER,DHA-F-0002334,AL QUOZ 3,"AL ROSTHAMANI STREET, IND.AREA 3, AL QUOZ",04 3322288,https://www.google.com/maps/search/?api=1&query=AL%20ROSTHAMANI%20STREET%2C%20IND.AREA%203%2C%20AL%20QUOZ%2C%20Ajman%2C%20UAE,,,
750,DXB,DXB,CLINIC,ABRIS MEDICAL CENTRE LLC,DHA-F-0002126,BUR DUBAI – AL SOUQ AL KABEER,"NEARBY DUBAI MUSEUM, MEENA BAZAR, AL FAHIDI STREET – COSMOS LANE - BUR DUBAI – AL SOUQ AL KABEER",04 35 35 356,https://www.google.com/maps/search/?api=1&query=NEARBY%20DUBAI%20MUSEUM%2C%20MEENA%20BAZAR%2C%20AL%20FAHIDI%20STREET%20%E2%80%93%20COSMOS%20LANE%20-%20BUR%20DUBAI%20%E2%80%93%20AL%20SOUQ%20AL%20KABEER%2C%20Ajman%2C%20UAE,,,
751,DXB,DXB,CLINIC,AL DHAFRA MEDICAL CENTER,DHA-F-0045642,DEIRA - NAIF,AYAL NASIR ROAD -NAIF -DEIRA,04 2735959,https://www.google.com/maps/search/?api=1&query=AYAL%20NASIR%20ROAD%20-NAIF%20-DEIRA%2C%20Ajman%2C%20UAE,,,
752,DXB,DXB,CLINIC,AL MAJID CLINIC LLC,DHA-F-0045463,DEIRA - NAIF,"NAIF ROAD, DEIRA,DUBAI-PO BOX-13156",42292030,https://www.google.com/maps/search/?api=1&query=NAIF%20ROAD%2C%20DEIRA%2CDUBAI-PO%20BOX-13156%2C%20Ajman%2C%20UAE,,,
753,DXB,DXB,CLINIC,DR RADHAKRISHNAN MEDICAL CENTRE LLC,DHA-F-0046615,DEIRA -HOR AL ANZ,"NEAR UNITED HYPER MARKET,HOR AL ANZ,DEIRA",04-2659270,https://www.google.com/maps/search/?api=1&query=NEAR%20UNITED%20HYPER%20MARKET%2CHOR%20AL%20ANZ%2CDEIRA%2C%20Ajman%2C%20UAE,,,
754,DXB,DXB,CLINIC,ALI MEDICAL CENTRE,DHA-F-0045617,DEIRA -NAIF,"OFFICE # 106, 1ST FLOOR, BIN HASHER BUILDING, NAIF ROAD, DEIRA, DUBAILANDMARK: OPPOSITE KHALID MOSQUE ZIP CODE: 27544",04-2246566,https://www.google.com/maps/search/?api=1&query=OFFICE%20%23%20106%2C%201ST%20FLOOR%2C%20BIN%20HASHER%20BUILDING%2C%20NAIF%20ROAD%2C%20DEIRA%2C%20DUBAILANDMARK%3A%20OPPOSITE%20KHALID%20MOSQUE%20ZIP%20CODE%3A%2027544%2C%20Ajman%2C%20UAE,,,
755,DXB,DXB,CLINIC,BIO VISTA MEDICAL CENTRE LLC,DHA-F-0002366,AL QUSAIS,"DOOR NO: 403, 4TH FLOOR, SUNDOS AL NAHDA BUILDING, AL NAHDA 2,QUSAIS",04-2557155,https://www.google.com/maps/search/?api=1&query=DOOR%20NO%3A%20403%2C%204TH%20FLOOR%2C%20SUNDOS%20AL%20NAHDA%20BUILDING%2C%20AL%20NAHDA%202%2CQUSAIS%2C%20Ajman%2C%20UAE,,,
756,DXB,DXB,CLINIC,AL SHIFA INTERNATIONAL CLINIC LLC BRANCH,DHA-F-0002330,JEBEL ALI,JEBEL ALI,04-3519199,https://www.google.com/maps/search/?api=1&query=JEBEL%20ALI%2C%20Ajman%2C%20UAE,,,
757,DXB,DXB,CLINIC,MATHEW MEDICAL CLINIC,DHA-F-0045548,DEIRA,"DEIRA CENTRAL BLDG, 2ND FLOOR, ROOM NO7, NAIF ROAD DEIRA",04-2260826,https://www.google.com/maps/search/?api=1&query=DEIRA%20CENTRAL%20BLDG%2C%202ND%20FLOOR%2C%20ROOM%20NO7%2C%20NAIF%20ROAD%20DEIRA%2C%20Ajman%2C%20UAE,,,
758,DXB,DXB,CLINIC,AL KHAIL MEDICAL CENTER,DHA-F-0047736,AL QUOZ,"SHOP NO 57, 58 INSIDE AL QOUZ MALL, AL QOUZ INDUSTRAIL AREA NO 3 DUBAI",04-3306745,https://www.google.com/maps/search/?api=1&query=SHOP%20NO%2057%2C%2058%20INSIDE%20AL%20QOUZ%20MALL%2C%20AL%20QOUZ%20INDUSTRAIL%20AREA%20NO%203%20DUBAI%2C%20Ajman%2C%20UAE,,,
759,DXB,DXB,CLINIC,AL KHAIL MEDICAL CENTER BRANCH,DHA-F-0000990,DIP-2,"SHOP NO 2 MEZANNINE FLOOR, INSIDE FIDA AL MADINA HYPERMARKET DIP-2 JABEL ALI DUBAI",04-8823131,https://www.google.com/maps/search/?api=1&query=SHOP%20NO%202%20MEZANNINE%20FLOOR%2C%20INSIDE%20FIDA%20AL%20MADINA%20HYPERMARKET%20DIP-2%20JABEL%20ALI%20DUBAI%2C%20Ajman%2C%20UAE,,,
760,DXB,DXB,CLINIC,HOPECARE POLYCLINIC L.L.C,DHA-F-1122756,DEIRA - HOR AL ANZ,"HAMAD KHALFAN BUILDING 1, 26TH STREET, SHOP 1 TO 6, HOR AL ANZ DUBAI",04-2268881,https://www.google.com/maps/search/?api=1&query=HAMAD%20KHALFAN%20BUILDING%201%2C%2026TH%20STREET%2C%20SHOP%201%20TO%206%2C%20HOR%20AL%20ANZ%20DUBAI%2C%20Ajman%2C%20UAE,,,
761,DXB,DXB,CLINIC,PARADISE PLUS POLY CLINIC L L C,DHA-F-0002042,DIP,"D I P -2 ,RITAJ COMMUNITY CENTRE",04-5896619,https://www.google.com/maps/search/?api=1&query=D%20I%20P%20-2%20%2CRITAJ%20COMMUNITY%20CENTRE%2C%20Ajman%2C%20UAE,,,
762,DXB,DXB,CLINIC,CARE ONE POLY CLINIC LLC,DHA-F-0001772,DIP,"GROUND FLOOR SHPO NO 31 & 32 RAMLA HYPERMARKET, DUBAI INVESTMENTS PARK 1, DUBAI, UAE",04-8836656,https://www.google.com/maps/search/?api=1&query=GROUND%20FLOOR%20SHPO%20NO%2031%20%26%2032%20RAMLA%20HYPERMARKET%2C%20DUBAI%20INVESTMENTS%20PARK%201%2C%20DUBAI%2C%20UAE%2C%20Ajman%2C%20UAE,,,
763,DXB,DXB,CLINIC,NASSER CLINIC L.L.C,DHA-F-0045595,DAMASCUS STREET,DUBAI CO-OPERATIVE SOCIETY BUILDING - DAMASCUS STREET -OPPOSITE GRAND HOTEL - QUSAIS - DUBAI -  2079,04-2631316,https://www.google.com/maps/search/?api=1&query=DUBAI%20CO-OPERATIVE%20SOCIETY%20BUILDING%20-%20DAMASCUS%20STREET%20-OPPOSITE%20GRAND%20HOTEL%20-%20QUSAIS%20-%20DUBAI%20-%20%202079%2C%20Ajman%2C%20UAE,,,
764,DXB,DXB,CLINIC,AL HANA MEDICAL CENTER LLC-SATWA,DHA-F-2805626,HUDAIBA,AL HUDAIBA - DUBAI,04-3491488,https://www.google.com/maps/search/?api=1&query=AL%20HUDAIBA%20-%20DUBAI%2C%20Ajman%2C%20UAE,,,
765,DXB,DXB,CLINIC,GLOBEHEALTH GENERAL CLINIC L L C,DHA-F-0046444,AL SATWA,"1ST FLOOR, FLAT NO. 111, YOUSEF AL OTAIBA BUILDING, 2ND DECEMBER STREET, AL DIYAFAH ROAD, AL SATWA, DUBAI, UAE. PO. BOX-115194",04-3464180,https://www.google.com/maps/search/?api=1&query=1ST%20FLOOR%2C%20FLAT%20NO.%20111%2C%20YOUSEF%20AL%20OTAIBA%20BUILDING%2C%202ND%20DECEMBER%20STREET%2C%20AL%20DIYAFAH%20ROAD%2C%20AL%20SATWA%2C%20DUBAI%2C%20UAE.%20PO.%20BOX-115194%2C%20Ajman%2C%20UAE,,,
766,DXB,DXB,CLINIC,PAKISTAN MEDICAL CENTRE,DHA-F-6888872,DUBAI,"12, PAKISTAN ASSOCIATION DUBAI, 11TH STREET",04-2305000,https://www.google.com/maps/search/?api=1&query=12%2C%20PAKISTAN%20ASSOCIATION%20DUBAI%2C%2011TH%20STREET%2C%20Ajman%2C%20UAE,,,
767,DXB,DXB,CLINIC,ALHANA MODREN MEDICAL CENTER L.L.C,DHA-F-1246522,AL JAFILIYA,"2ND FLOOR,INSIDE ALHANA CENTER. AL MANKHOOL ROAD, AL JAFILIYA. DUBAI",04-3244034,https://www.google.com/maps/search/?api=1&query=2ND%20FLOOR%2CINSIDE%20ALHANA%20CENTER.%20AL%20MANKHOOL%20ROAD%2C%20AL%20JAFILIYA.%20DUBAI%2C%20Ajman%2C%20UAE,,,
768,DXB,DXB,CLINIC,WELLCARE ADVANCED POLY CLINIC L.L.C (FORMERLY AL QUOZ CITY STAR POLYCLINIC),DHA-F-0047297,ALQUOZ STREET,"AL ROSTAMANI, AL QUOZ STREET, AL QUOZ 4, DUBAI, UAE",04-3285130,https://www.google.com/maps/search/?api=1&query=AL%20ROSTAMANI%2C%20AL%20QUOZ%20STREET%2C%20AL%20QUOZ%204%2C%20DUBAI%2C%20UAE%2C%20Ajman%2C%20UAE,,,
769,DXB,DXB,CLINIC,BEST HEALTH MEDICAL CENTER L.L.C,DHA-F-6571317,MUHAISNAH 4,"MADEENA HYPERMARKET BUILDING ,1 ST FLOOR ,MUHAISNAH 4",04-2500818,https://www.google.com/maps/search/?api=1&query=MADEENA%20HYPERMARKET%20BUILDING%20%2C1%20ST%20FLOOR%20%2CMUHAISNAH%204%2C%20Ajman%2C%20UAE,,,
770,DXB,DXB,CLINIC,AL TAIF MEDICAL CENTRE,DHA-F-0045565,NAIF ROAD,"OPP.WEST HOTEL,NAIF ROAD,DEIRA,DUBAI",04-2222383,https://www.google.com/maps/search/?api=1&query=OPP.WEST%20HOTEL%2CNAIF%20ROAD%2CDEIRA%2CDUBAI%2C%20Ajman%2C%20UAE,,,
771,DXB,DXB,CLINIC,LAKESHORE MEDICAL CENTRE,DHA-F-0045715,AL BUSTHAN CENTRE,"GATE 1,GROUND FLOOR. ALBUSTHAN CENTRE, AL QUSAIS,DUBAI ,UAE",04-2649312,https://www.google.com/maps/search/?api=1&query=GATE%201%2CGROUND%20FLOOR.%20ALBUSTHAN%20CENTRE%2C%20AL%20QUSAIS%2CDUBAI%20%2CUAE%2C%20Ajman%2C%20UAE,,,
772,DXB,DXB,CLINIC,DR REENA BEEGUM CLINIC LLC,DHA-F-0047075,DEIRA,"M07, MEZZENAINE FLOOR, ABOVE SNOW WHITE BUILDING, FISH ROUNDABOUT. DEIRA.",04-2240060,https://www.google.com/maps/search/?api=1&query=M07%2C%20MEZZENAINE%20FLOOR%2C%20ABOVE%20SNOW%20WHITE%20BUILDING%2C%20FISH%20ROUNDABOUT.%20DEIRA.%2C%20Ajman%2C%20UAE,,,
773,DXB,DXB,CLINIC,DOCTORS CLINIC DIAGNOSTIC CENTER,DHA-F-8563784,DUBAI HEALTH CARE CITY,"AL RAZI COMPLEX, BUILDING 64, BLOCK A, GROUND FLOOR ",04-4579111,https://www.google.com/maps/search/?api=1&query=AL%20RAZI%20COMPLEX%2C%20BUILDING%2064%2C%20BLOCK%20A%2C%20GROUND%20FLOOR%2C%20Ajman%2C%20UAE,,,
774,DXB,DXB,CLINIC,MEDICORP GULF MEDICAL CLINIC L.L.C,DHA-F-0000992,JUMEIRAH 1,"OFFICE 101, 1ST FLOOR AL SHAFAR BLDG-7,  JUMEIRAH 1, AL WASL RD., P.O BOX 413175, DUBAI-UAE",04-3121000,https://www.google.com/maps/search/?api=1&query=OFFICE%20101%2C%201ST%20FLOOR%20AL%20SHAFAR%20BLDG-7%2C%20%20JUMEIRAH%201%2C%20AL%20WASL%20RD.%2C%20P.O%20BOX%20413175%2C%20DUBAI-UAE%2C%20Ajman%2C%20UAE,,,
775,DXB,DXB,CLINIC,MEDLITE MEDICAL CENTER(FORMERLY BETTER CARE),DHA-F-0000173,INTERNATIONAL CITY,"CBD#20,RIVIERA DREAM BUILDING ,INTERNATIONAL CITY, DUBAI ",04-4585859,https://www.google.com/maps/search/?api=1&query=CBD%2320%2CRIVIERA%20DREAM%20BUILDING%20%2CINTERNATIONAL%20CITY%2C%20DUBAI%2C%20Ajman%2C%20UAE,,,
776,DXB,DXB,CLINIC,CARE BLUE CLINIC FZCO,DHA-F-7706117,JAFZA,JAFZA - MINA JEBEL ALI - JEBEL ALI FREEZONE - DUBAI,04-2830080,https://www.google.com/maps/search/?api=1&query=JAFZA%20-%20MINA%20JEBEL%20ALI%20-%20JEBEL%20ALI%20FREEZONE%20-%20DUBAI%2C%20Ajman%2C%20UAE,,,
777,DXB,DXB,CLINIC,PHYSIOVEDA MEDICAL CENTER L.L.C(BRANCH),DHA-F-2616639,KARAMA,"FLAT NO.201, KANOO GROUP, AL KIFAF STREET, KARAMA, DUBAI",04-3215520,https://www.google.com/maps/search/?api=1&query=FLAT%20NO.201%2C%20KANOO%20GROUP%2C%20AL%20KIFAF%20STREET%2C%20KARAMA%2C%20DUBAI%2C%20Ajman%2C%20UAE,,,
778,DXB,DXB,CLINIC,ABSOLUTE WELLNESS MEDICAL CENTRE,DHA-F-5308110,AL QUOZ 3,"SULAIMAN EBRAHIM BUILDING, NEAR SERVEAU ACCOMADATION,AL QUOZ 3",04-3361355,https://www.google.com/maps/search/?api=1&query=SULAIMAN%20EBRAHIM%20BUILDING%2C%20NEAR%20SERVEAU%20ACCOMADATION%2CAL%20QUOZ%203%2C%20Ajman%2C%20UAE,,,
779,DXB,DXB,CLINIC,DR. JOHN CLINIC (IMARA GR),DHA-F-0046784,"AL QUSAIS 1,","NAHDA ROAD, AL QUSAIS 1, DUBAI.",04-261 7176,https://www.google.com/maps/search/?api=1&query=NAHDA%20ROAD%2C%20AL%20QUSAIS%201%2C%20DUBAI.%2C%20Ajman%2C%20UAE,,,
780,DXB,DXB,CLINIC,CLINICARE SAMARI (BR OF IMARA HEALTH CARE L.L.C)(IMARA GR),DHA-F-0001508,RAS AL KHORE,"RAS AL KHOR INDUSTRIAL 3, DUBAI",04-332 2682,https://www.google.com/maps/search/?api=1&query=RAS%20AL%20KHOR%20INDUSTRIAL%203%2C%20DUBAI%2C%20Ajman%2C%20UAE,,,
781,DXB,DXB,CLINIC,CLINICARE NAIF(BR OF IMARA HEALTH CARE L.L.C)(IMARA GR),DHA-F-0001648,DEIRA -NAIF,"NAIF, DUBAI",04-2617175,https://www.google.com/maps/search/?api=1&query=NAIF%2C%20DUBAI%2C%20Ajman%2C%20UAE,,,
782,DXB,DXB,CLINIC,HTK MEDICAL CENTER,DHA-F-0001994,"MAKHTOUM ROAD,","DOHA CENTER BUILDING, AL MAKHTOUM ROAD, DEIRA",04-2957776,https://www.google.com/maps/search/?api=1&query=DOHA%20CENTER%20BUILDING%2C%20AL%20MAKHTOUM%20ROAD%2C%20DEIRA%2C%20Ajman%2C%20UAE,,,
783,DXB,DXB,CLINIC,HOUSTON MEDICAL CLINIC LLC,DHA-F-0000178,AL BARSHA 1,"OFFICE NO 102, FIRST FLOOR, ELITE BUSINESS CENTRE,NEAR MALL OF EMIRATES,OPP LULU HYPERMARKET,AL BARSHA 1, DUBAI",04 3850603,https://www.google.com/maps/search/?api=1&query=OFFICE%20NO%20102%2C%20FIRST%20FLOOR%2C%20ELITE%20BUSINESS%20CENTRE%2CNEAR%20MALL%20OF%20EMIRATES%2COPP%20LULU%20HYPERMARKET%2CAL%20BARSHA%201%2C%20DUBAI%2C%20Ajman%2C%20UAE,,,
784,DXB,DXB,CLINIC,META CLINIC (FORMERLY HOUSTON MEDICAL CLINIC LLC),DHA-F-9139449,BURJUMAN,"SHOP NO.6, G FLOOR, AL MUZOON BUILDING, BURJUMAN,DUBAI,UAE",04-3446393,https://www.google.com/maps/search/?api=1&query=SHOP%20NO.6%2C%20G%20FLOOR%2C%20AL%20MUZOON%20BUILDING%2C%20BURJUMAN%2CDUBAI%2CUAE%2C%20Ajman%2C%20UAE,,,
785,DXB,DXB,CLINIC,COSMOPOLITAN MEDICAL CENTRE BURDUBAI(HNC GROUP),DHA-F-0046449,BUR DUBAI,"MEZZANINE FLOOR, AL FADHLANI BLDG, NEXT TO ASTORIA HOTEL, AL FAHIDI STREET, BUR DUBAI",04-3257457,https://www.google.com/maps/search/?api=1&query=MEZZANINE%20FLOOR%2C%20AL%20FADHLANI%20BLDG%2C%20NEXT%20TO%20ASTORIA%20HOTEL%2C%20AL%20FAHIDI%20STREET%2C%20BUR%20DUBAI%2C%20Ajman%2C%20UAE,,,
786,DXB,DXB,CLINIC,EMIRATES STAR MEDICAL CENTRE(HNC GROUP) AL QUOZ,DHA-F-0046986,AL QUOZ 2,"BEHIND AL KHAIL GATE-2, AL QUOZ INDUSTRIAL AREA-2, DUBAI, UNITED ARAB EMIRATES, P.O. BOX: 390639",04-346 8861,https://www.google.com/maps/search/?api=1&query=BEHIND%20AL%20KHAIL%20GATE-2%2C%20AL%20QUOZ%20INDUSTRIAL%20AREA-2%2C%20DUBAI%2C%20UNITED%20ARAB%20EMIRATES%2C%20P.O.%20BOX%3A%20390639%2C%20Ajman%2C%20UAE,,,
787,DXB,DXB,CLINIC,COSMOPOLITAN MEDICAL CENTRE LLC- MAMZAR BR.(HNC GROUP),DHA-F-0046740,DEIRA ABU HAIL,"MEZZANINE FLOOR 01 & 02, DAR AL WUHEIDA BLDG, WUHEIDA ROAD, ABU HAIL, DEIRA",04-2687272,https://www.google.com/maps/search/?api=1&query=MEZZANINE%20FLOOR%2001%20%26%2002%2C%20DAR%20AL%20WUHEIDA%20BLDG%2C%20WUHEIDA%20ROAD%2C%20ABU%20HAIL%2C%20DEIRA%2C%20Ajman%2C%20UAE,,,
788,DXB,DXB,CLINIC,APPLE CLINIC LLC  ( FRANCE CLUSTER ),DHA-F-0047471,INTERNATIONAL CITY,"FRANCE CLUSTER P 03,INTERNATIONAL CITY,",04-4227533,https://www.google.com/maps/search/?api=1&query=FRANCE%20CLUSTER%20P%2003%2CINTERNATIONAL%20CITY%2C%2C%20Ajman%2C%20UAE,,,
789,DXB,DXB,CLINIC,APPLE INTERNATIONAL POLYCLINIC  ( GREECE  CLUSTER),DHA-F-0001441,INTERNATIONAL CITY,"GREECE CLUSTER K14,INTERNATIONAL CITY,",04-2776211,https://www.google.com/maps/search/?api=1&query=GREECE%20CLUSTER%20K14%2CINTERNATIONAL%20CITY%2C%2C%20Ajman%2C%20UAE,,,
790,DXB,DXB,CLINIC,HARLEY INTERNATIONAL MEDICAL CLINIC LLC,DHA-F-0046761,BUR DUBAI-MANKHOOL ROAD,"D-103, FIRST FLOOR , NASHWAN BUILDING, MANKHOOL ROAD, DUBAI, U.A.E",04-3986677,https://www.google.com/maps/search/?api=1&query=D-103%2C%20FIRST%20FLOOR%20%2C%20NASHWAN%20BUILDING%2C%20MANKHOOL%20ROAD%2C%20DUBAI%2C%20U.A.E%2C%20Ajman%2C%20UAE,,,
791,DXB,DXB,CLINIC,HARLEY INTERNATIONAL MEDICAL CLINIC BRANCH,DHA-F-0001734,BUR DUBAI MANKHOOL ROAD,"D-303, THIRD FLOOR, NASHWAN BUILDING, MANKHOOL ROAD, DUBAI, U.A.E",04-3986677,https://www.google.com/maps/search/?api=1&query=D-303%2C%20THIRD%20FLOOR%2C%20NASHWAN%20BUILDING%2C%20MANKHOOL%20ROAD%2C%20DUBAI%2C%20U.A.E%2C%20Ajman%2C%20UAE,,,
792,DXB,DXB,CLINIC,GSM MEDICAL CENTER LLC,DHA-F-0000802,AL SATWA,"MUADED ALMAZROUEI BDLG - 1ST FLOOR - AL SATWA RD - NEAR SATWA ROUNDABOUT - AL SATWA - DUBAI,UAE",04-8831002,https://www.google.com/maps/search/?api=1&query=MUADED%20ALMAZROUEI%20BDLG%20-%201ST%20FLOOR%20-%20AL%20SATWA%20RD%20-%20NEAR%20SATWA%20ROUNDABOUT%20-%20AL%20SATWA%20-%20DUBAI%2CUAE%2C%20Ajman%2C%20UAE,,,
793,DXB,DXB,CLINIC,GRAND INFINITY MEDICAL CENTER LLC,DHA-F-0000923,MUHAISINAH,"AL QASSER BLDG ,MUHAISANAH",04-2515458,https://www.google.com/maps/search/?api=1&query=AL%20QASSER%20BLDG%20%2CMUHAISANAH%2C%20Ajman%2C%20UAE,,,
794,DXB,DXB,CLINIC,GRAND INFINITY MEDICAL CENTER LLC BRANCH,DHA-F-4516753,MUTEENA,"SHOP NO.4, NEXT TO GRAND EXCELSIOR HOTEL, MUTEENA STREET, DIERA,DUBAI",04-3361055,https://www.google.com/maps/search/?api=1&query=SHOP%20NO.4%2C%20NEXT%20TO%20GRAND%20EXCELSIOR%20HOTEL%2C%20MUTEENA%20STREET%2C%20DIERA%2CDUBAI%2C%20Ajman%2C%20UAE,,,
795,DXB,DXB,CLINIC,BRIGHT LIFE MEDICAL CENTER LLC,DHA-F-3629528,DIP-2,"FIRST FLOOR, PASONS HYPERMARKET, ABOVE LANDMARK RESTAURANT,DIP-2,DUBAI",04-8833000,https://www.google.com/maps/search/?api=1&query=FIRST%20FLOOR%2C%20PASONS%20HYPERMARKET%2C%20ABOVE%20LANDMARK%20RESTAURANT%2CDIP-2%2CDUBAI%2C%20Ajman%2C%20UAE,,,
796,DXB,DXB,CLINIC,GOOD WILL CLINIC LLC,DHA-F-4809148,JEBEL ALI,"FIRST FLOOR AL BATEEL MALL(TALAAL PLAZA HYPERMARKET), TALAAL PLAZA HYPERMARKET, MERAAS, JEBEL ALI INDUSTRIAL 1, DUBAI, 392192",04-8848777,https://www.google.com/maps/search/?api=1&query=FIRST%20FLOOR%20AL%20BATEEL%20MALL%28TALAAL%20PLAZA%20HYPERMARKET%29%2C%20TALAAL%20PLAZA%20HYPERMARKET%2C%20MERAAS%2C%20JEBEL%20ALI%20INDUSTRIAL%201%2C%20DUBAI%2C%20392192%2C%20Ajman%2C%20UAE,,,
797,DXB,DXB,CLINIC,FAITH JABAL MEDICAL CENTRE LLC,DHA-F-9737345,JEBEL ALI ,"JEBEL ALI IND AREA 1, SHOP NO 4, OPPOSITE SHAKLAN 4 SUPERMARKET, DUBAI -UAE",04-3956479,https://www.google.com/maps/search/?api=1&query=JEBEL%20ALI%20IND%20AREA%201%2C%20SHOP%20NO%204%2C%20OPPOSITE%20SHAKLAN%204%20SUPERMARKET%2C%20DUBAI%20-UAE%2C%20Ajman%2C%20UAE,,,
798,DXB,DXB,CLINIC,LOTUS MEDICAL CENTRE LLC,DHA-F-0000052,AL QUOZ-3,"OFFICE NO: 101, FIRST LOOR, AL ROSTAMANI BUILDING, AFTER ENOC PETROL PUMP, NEAR AL KHAIL MALL, AL QUOZ 3. PO BOX NO: 127577",04-3465380,https://www.google.com/maps/search/?api=1&query=OFFICE%20NO%3A%20101%2C%20FIRST%20LOOR%2C%20AL%20ROSTAMANI%20BUILDING%2C%20AFTER%20ENOC%20PETROL%20PUMP%2C%20NEAR%20AL%20KHAIL%20MALL%2C%20AL%20QUOZ%203.%20PO%20BOX%20NO%3A%20127577%2C%20Ajman%2C%20UAE,,,
799,DXB,DXB,CLINIC,MEDZE CLINIC LLC,DHA-F-0002131,ABU BACKER AL SIDDIQ-DEIRA,"CENTRE RESIDENCE, ABU BACKER AL SIDDIQ",04-2663393,https://www.google.com/maps/search/?api=1&query=CENTRE%20RESIDENCE%2C%20ABU%20BACKER%20AL%20SIDDIQ%2C%20Ajman%2C%20UAE,,,
800,DXB,DXB,CLINIC,NEW LOTUS MEDICAL CENTRE L.L.C,DHA-F-0046977,QUSAIS,"S01,AL QUSAIS BUILDING,DAMASCUS STREET,AL QUSAIS,",04-2619795,https://www.google.com/maps/search/?api=1&query=S01%2CAL%20QUSAIS%20BUILDING%2CDAMASCUS%20STREET%2CAL%20QUSAIS%2C%2C%20Ajman%2C%20UAE,,,
801,DXB,DXB,CLINIC,DR.SUNNY MEDICAL CENTRE JEBEL ALI,DHA-F-9423214,JEBEL ALI,"SALEM MALL, JEBEL ALI INDUSTRIAL AREA",04-2529966,https://www.google.com/maps/search/?api=1&query=SALEM%20MALL%2C%20JEBEL%20ALI%20INDUSTRIAL%20AREA%2C%20Ajman%2C%20UAE,,,
802,DXB,DXB,CLINIC,DR. SIRAJUDEEN MEDICAL CENTRE,DHA-F-0045491,KARAMA,KARAMA,04 3345955,https://www.google.com/maps/search/?api=1&query=KARAMA%2C%20Ajman%2C%20UAE,,,
803,DXB,DXB,CLINIC,NEW APOLLO POLYCLINIC,DHA-F-0045607,KARAMA,"SUITE 101, KARAMA CENTER, KUWAIT STREET, AL KARAMA",04 3379040,https://www.google.com/maps/search/?api=1&query=SUITE%20101%2C%20KARAMA%20CENTER%2C%20KUWAIT%20STREET%2C%20AL%20KARAMA%2C%20Ajman%2C%20UAE,,,
804,DXB,DXB,CLINIC,DR.SANJAY MEDICAL CENTRE,DHA-F-0047638,ALQOUZ,2 ND FLOOR AL KHAIL MALL ALQUOZ,04-3285999,https://www.google.com/maps/search/?api=1&query=2%20ND%20FLOOR%20AL%20KHAIL%20MALL%20ALQUOZ%2C%20Ajman%2C%20UAE,,,
805,DXB,DXB,CLINIC,DR.ISMAIL MEDICAL CENTRE-KARAMA,DHA-F-0045427,KARAMA,"SHEIKH MOHD BLDG, FLOOR # 1, FLAT # A7, KARAMA",04-3378585,https://www.google.com/maps/search/?api=1&query=SHEIKH%20MOHD%20BLDG%2C%20FLOOR%20%23%201%2C%20FLAT%20%23%20A7%2C%20KARAMA%2C%20Ajman%2C%20UAE,,,
806,DXB,DXB,CLINIC,DR.ISMAIL MEDICAL CENTRE AL QUOZ,DHA-F-0047018,AL QUOZ,"AWQAF BUILDING NO. 2, OPPOSITE ETA CAMP, GROUND FLOOR, FLAT # 1, ALQOUZ II",04-3381550,https://www.google.com/maps/search/?api=1&query=AWQAF%20BUILDING%20NO.%202%2C%20OPPOSITE%20ETA%20CAMP%2C%20GROUND%20FLOOR%2C%20FLAT%20%23%201%2C%20ALQOUZ%20II%2C%20Ajman%2C%20UAE,,,
807,DXB,DXB,CLINIC,DR.ISMAIL MEDICAL CENTRE-MUHAISINAH II  (BRANCH),DHA-F-0046843,MUHAISNA,"AL ABBAR BULDING, NEAR MANGO HYPERMARKET, GROUND FLOOR, FLAT # 1, MUHAISINAH II (SONAPUR)",04-2646529,https://www.google.com/maps/search/?api=1&query=AL%20ABBAR%20BULDING%2C%20NEAR%20MANGO%20HYPERMARKET%2C%20GROUND%20FLOOR%2C%20FLAT%20%23%201%2C%20MUHAISINAH%20II%20%28SONAPUR%29%2C%20Ajman%2C%20UAE,,,
808,DXB,DXB,CLINIC,DR.ISMAIL NEW POLYCLINIC(DISCOVERY GARDEN ),DHA-F-0047844,DISCOVERY GARDENS,"ZEN CLUSTER 3, OPP CHELEA TOWER HOTEL, GRAND MIDWEST HOTEL BUILDING,GROUND FLOOR, FLAT 6 - 7, JEBEL ALI AREA, DISCOVERY GARDEN",04-4494087,https://www.google.com/maps/search/?api=1&query=ZEN%20CLUSTER%203%2C%20OPP%20CHELEA%20TOWER%20HOTEL%2C%20GRAND%20MIDWEST%20HOTEL%20BUILDING%2CGROUND%20FLOOR%2C%20FLAT%206%20-%207%2C%20JEBEL%20ALI%20AREA%2C%20DISCOVERY%20GARDEN%2C%20Ajman%2C%20UAE,,,
809,DXB,DXB,CLINIC,DR.ISMAIL POLYCLINIC BRANCH JEBAL ALI,DHA-F-0000594,JEBEL ALI,"AWQAF BULD, FIRST FLOOR, NEAR PRACO AREA, JEBEL IND- 2, DUBAI",04-8877750,https://www.google.com/maps/search/?api=1&query=AWQAF%20BULD%2C%20FIRST%20FLOOR%2C%20NEAR%20PRACO%20AREA%2C%20JEBEL%20IND-%202%2C%20DUBAI%2C%20Ajman%2C%20UAE,,,
810,DXB,DXB,CLINIC,DR ISMAIL POLYCLINIC MALL L.L.C,DHA-F-2019818,JEBEL ALI GATE MALL,"SHOP 22,FIRST FLOOR,JABEL ALI GATE MALL,JEBEL ALI INDUSTRIAL FIRST,DUBAI,UAE",043474537,https://www.google.com/maps/search/?api=1&query=SHOP%2022%2CFIRST%20FLOOR%2CJABEL%20ALI%20GATE%20MALL%2CJEBEL%20ALI%20INDUSTRIAL%20FIRST%2CDUBAI%2CUAE%2C%20Ajman%2C%20UAE,,,
811,DXB,DXB,CLINIC,DR.ABDULLA'S CLINIC,DHA-F-0001344,AL QUSAIS IND AREA,AL QUSAIS IND AREA 5,04-2388778,https://www.google.com/maps/search/?api=1&query=AL%20QUSAIS%20IND%20AREA%205%2C%20Ajman%2C%20UAE,,,
812,DXB,DXB,CLINIC,DR.ISMAIL DAY SURGICAL CENTRE,DHA-F-0002156,KARAMA,"41 STREET, AL KARAMA, DUBAI. U.A.E",04-3378585,https://www.google.com/maps/search/?api=1&query=41%20STREET%2C%20AL%20KARAMA%2C%20DUBAI.%20U.A.E%2C%20Ajman%2C%20UAE,,,
813,DXB,DXB,CLINIC,CARE AND CURE MEDICAL CENTER L.L.C,DHA-F-5073793,ALQOUZ 3,"OFFICE-101&102,EIFFEL ACCOMMODATION-2,OPP.BELHASA DRIVING SCHOOL,AL QUOZ-3",04-3399162,https://www.google.com/maps/search/?api=1&query=OFFICE-101%26102%2CEIFFEL%20ACCOMMODATION-2%2COPP.BELHASA%20DRIVING%20SCHOOL%2CAL%20QUOZ-3%2C%20Ajman%2C%20UAE,,,
814,DXB,DXB,CLINIC,BRITE MEDICARE MEDICAL CENTRE LLC,DHA-F-8471946,AL NAHDA 2,"AL SUNDOS BUILDING 4TH FLOOR , OFFICE NO 403, AL NAHDA 2",04-5463535,https://www.google.com/maps/search/?api=1&query=AL%20SUNDOS%20BUILDING%204TH%20FLOOR%20%2C%20OFFICE%20NO%20403%2C%20AL%20NAHDA%202%2C%20Ajman%2C%20UAE,,,
815,DXB,DXB,CLINIC,AL AMAN MEDICAL CENTRE LLC,DHA-F-0126933,AL  KARAMA,KANOO GROUP BUILDING - 201 - NEXT TO ADCB METRO - AL KARAMA - DUBAI,04-2288490,https://www.google.com/maps/search/?api=1&query=KANOO%20GROUP%20BUILDING%20-%20201%20-%20NEXT%20TO%20ADCB%20METRO%20-%20AL%20KARAMA%20-%20DUBAI%2C%20Ajman%2C%20UAE,,,
816,DXB,DXB,CLINIC,BLUEBELL MEDICAL CENTRE,DHA-F-6324028,KARAMA,"BLUEBELL MEDICAL CENTRE,3RD FLOOR,SUIT NO.306,AL ATTAR BUSINESS CENTRE,NEAR ADCB METROSTATION,KARAMA, DUBAI,P.O.BOX: 122137",04-3426565,https://www.google.com/maps/search/?api=1&query=BLUEBELL%20MEDICAL%20CENTRE%2C3RD%20FLOOR%2CSUIT%20NO.306%2CAL%20ATTAR%20BUSINESS%20CENTRE%2CNEAR%20ADCB%20METROSTATION%2CKARAMA%2C%20DUBAI%2CP.O.BOX%3A%20122137%2C%20Ajman%2C%20UAE,,,
817,DXB,DXB,CLINIC,MIDEAST POLYCLINIC,DHA-F-0045546,DEIRA -AL RIGGA,"M FLOOR, AL OTAIBA BUILDING,NEXT TO AL MAYA SUPERMARKET,AL RIGGA ROAD,DEIRA, DUBAI,P.O.BOX: 55742",04-2216888,https://www.google.com/maps/search/?api=1&query=M%20FLOOR%2C%20AL%20OTAIBA%20BUILDING%2CNEXT%20TO%20AL%20MAYA%20SUPERMARKET%2CAL%20RIGGA%20ROAD%2CDEIRA%2C%20DUBAI%2CP.O.BOX%3A%2055742%2C%20Ajman%2C%20UAE,,,
818,DXB,DXB,CLINIC,"BETTERCARE MEDICAL CENTER, LLC",DHA-F-0001159,INTERNATIONAL CITY,"MOROCCO CLUSTER JO7 INTERNATIONAL CITY, DUBAI",04-3743338,https://www.google.com/maps/search/?api=1&query=MOROCCO%20CLUSTER%20JO7%20INTERNATIONAL%20CITY%2C%20DUBAI%2C%20Ajman%2C%20UAE,,,
819,DXB,DXB,CLINIC,BADR AL SAMAAMEDICAL CENTRE,DHA-F-0047742,BUR DUBAI-,"BADR AL SAMAA MEDICAL CENTRE,OPP MUSALLA TOWERNEAR AL FAHIDI METRO STATION,BANK STREET POBOX;125035",04-3578681,https://www.google.com/maps/search/?api=1&query=BADR%20AL%20SAMAA%20MEDICAL%20CENTRE%2COPP%20MUSALLA%20TOWERNEAR%20AL%20FAHIDI%20METRO%20STATION%2CBANK%20STREET%20POBOX%3B125035%2C%20Ajman%2C%20UAE,,,
820,DXB,DXB,CLINIC,AXON MEDICA MEDICAL CENTER-GARDENS,DHA-F-0000947,DISCOVERY GARDENS,"THE GARDENS, GFA 8, GROUND FLOOR,JABEL ALI",04-2859880,https://www.google.com/maps/search/?api=1&query=THE%20GARDENS%2C%20GFA%208%2C%20GROUND%20FLOOR%2CJABEL%20ALI%2C%20Ajman%2C%20UAE,,,
821,DXB,DXB,CLINIC,AXON MEDICA POLYCLINIC -AL RASHIDIYA,DHA-F-0047403,RASHIDIYA-POLICE STATION,"RASHIDIYA CENTRAL MARKET , UNION CO -OPERATIVE BUILDING, NEXT TO AL RASHIDIYA POLICE STATION,",04-2859880,https://www.google.com/maps/search/?api=1&query=RASHIDIYA%20CENTRAL%20MARKET%20%2C%20UNION%20CO%20-OPERATIVE%20BUILDING%2C%20NEXT%20TO%20AL%20RASHIDIYA%20POLICE%20STATION%2C%2C%20Ajman%2C%20UAE,,,
822,DXB,DXB,CLINIC,AXON MEDICA POLYCLINIC(SILICON OASIS),DHA-F-6807861,SILICON OASIS,"LYNX TOWER, SILICON OASIS, DUBAI, U.A.E",04-3484992,https://www.google.com/maps/search/?api=1&query=LYNX%20TOWER%2C%20SILICON%20OASIS%2C%20DUBAI%2C%20U.A.E%2C%20Ajman%2C%20UAE,,,
823,DXB,DXB,CLINIC,AVIVO GR-AL BARSHA CLINIC,DHA-F-0046649,AL QUOZ,"BIN GHALEITHA BLDG, INTERCHANGE 3, AL QUOZ, DUBAI PO BOX 45491",04-347 8285,https://www.google.com/maps/search/?api=1&query=BIN%20GHALEITHA%20BLDG%2C%20INTERCHANGE%203%2C%20AL%20QUOZ%2C%20DUBAI%20PO%20BOX%2045491%2C%20Ajman%2C%20UAE,,,
824,DXB,DXB,CLINIC,AVIVO GR-DOCTOR'S CLINIC,DHA-F-0045658,DEIRA -BANIYAS SQUARE,"FLAT 206, AL NASSER SQUARE ( BANIYAS SQUARE) DEIRA, DUBAI",04-224 6688,https://www.google.com/maps/search/?api=1&query=FLAT%20206%2C%20AL%20NASSER%20SQUARE%20%28%20BANIYAS%20SQUARE%29%20DEIRA%2C%20DUBAI%2C%20Ajman%2C%20UAE,,,
825,DXB,DXB,CLINIC,AVIVO GR-MUHAISNA SPECIALISTS MEDICAL CENTRE,DHA-F-0047348,AL MUHAISINAH,"1026 , SULTAN BUILDING. AL MUHAISNA, DUBAI PO BOX. 45491",04-264 4155,https://www.google.com/maps/search/?api=1&query=1026%20%2C%20SULTAN%20BUILDING.%20AL%20MUHAISNA%2C%20DUBAI%20PO%20BOX.%2045491%2C%20Ajman%2C%20UAE,,,
826,DXB,DXB,CLINIC,PRIMACARE SPECIALITY CLINICS LLC BRANCH,DHA-F-0047577,BURDUBAI,"6TH FLOOR, AL MUSALLA TOWER, BANK ST, PO BOX 26238, BUR DUBAI, UAE",04-396 6123,https://www.google.com/maps/search/?api=1&query=6TH%20FLOOR%2C%20AL%20MUSALLA%20TOWER%2C%20BANK%20ST%2C%20PO%20BOX%2026238%2C%20BUR%20DUBAI%2C%20UAE%2C%20Ajman%2C%20UAE,,,
827,DXB,DXB,CLINIC,PRIMACARE SPECIALITY CLINICS LLC,DHA-F-0046583,BURDUBAI,"MEZZANINE FLOOR, AL MUSALLA TOWER, BANK STREET, PO BOX 26238, BUR DUBAI, UAE",04-396 6123,https://www.google.com/maps/search/?api=1&query=MEZZANINE%20FLOOR%2C%20AL%20MUSALLA%20TOWER%2C%20BANK%20STREET%2C%20PO%20BOX%2026238%2C%20BUR%20DUBAI%2C%20UAE%2C%20Ajman%2C%20UAE,,,
828,DXB,DXB,CLINIC,ASTER MEDICAL CENTRE OUD METHA(BR OF D M HEALTHCARE LLC)(FORMERLY ASTER MEDICAL CENTRE DEIRA),DHA-F-0001207,OUD METHA ,"NET.COM BUILDING ,GROUND FLOOR, OUD METHA ,DUBAI , UAE",04-9545095,https://www.google.com/maps/search/?api=1&query=NET.COM%20BUILDING%20%2CGROUND%20FLOOR%2C%20OUD%20METHA%20%2CDUBAI%20%2C%20UAE%2C%20Ajman%2C%20UAE,,,
829,DXB,DXB,CLINIC,ASTER MEDICAL CENTRE REM RAAM (BR OF D M HEALTHCARE LLC),DHA-F-0045600,REMRAM,"REMRAAM COMMUNITY CENTRE,FLOOR GROUND FLOOR-FLAT RETAIL 08,RERAAM ,NEAR GEANT SUPERMARKET",04-3333423,https://www.google.com/maps/search/?api=1&query=REMRAAM%20COMMUNITY%20CENTRE%2CFLOOR%20GROUND%20FLOOR-FLAT%20RETAIL%2008%2CRERAAM%20%2CNEAR%20GEANT%20SUPERMARKET%2C%20Ajman%2C%20UAE,,,
830,DXB,DXB,CLINIC,AL SHAAB MEDICAL CENTRE-ASTER,DHA-F-0047096,DEIRA -HOR AL ANZ,"OPP: TALAL SUPERMARKET, NEAR AL SHAAB COLONY, HOR AL ANZ, DEIRA, DUBAI",04-2970870,https://www.google.com/maps/search/?api=1&query=OPP%3A%20TALAL%20SUPERMARKET%2C%20NEAR%20AL%20SHAAB%20COLONY%2C%20HOR%20AL%20ANZ%2C%20DEIRA%2C%20DUBAI%2C%20Ajman%2C%20UAE,,,
831,DXB,DXB,CLINIC,ASTER JEBELALI MEDICAL CENTRE,DHA-F-0047997,JEBEL ALI,"NESTO HYPER MARKET BUILDING, M FLOOR, JEBEL ALI INDUSTRIAL AREA-1.P.O BOX:8703, DUBAI, UAE",04-8841962,https://www.google.com/maps/search/?api=1&query=NESTO%20HYPER%20MARKET%20BUILDING%2C%20M%20FLOOR%2C%20JEBEL%20ALI%20INDUSTRIAL%20AREA-1.P.O%20BOX%3A8703%2C%20DUBAI%2C%20UAE%2C%20Ajman%2C%20UAE,,,
832,DXB,DXB,CLINIC,ASTER MEDICAL CENTRE INTERNATIONAL CITY,DHA-F-0000820,INTERNATIONAL CITY-RUSSIA,"ASTER INTL CITY, RUSSIA V-19 , DUBAI UAE",04-4312273,https://www.google.com/maps/search/?api=1&query=ASTER%20INTL%20CITY%2C%20RUSSIA%20V-19%20%2C%20DUBAI%20UAE%2C%20Ajman%2C%20UAE,,,
833,DXB,DXB,CLINIC,DR MOOPENS MEDICAL CENTRE KARAMA BR-ASTER,DHA-F-0045629,KARAMA,"AL SHEROUQ BUILDING,KARAMA,DUBAI,UAE",04-3374767,https://www.google.com/maps/search/?api=1&query=AL%20SHEROUQ%20BUILDING%2CKARAMA%2CDUBAI%2CUAE%2C%20Ajman%2C%20UAE,,,
834,DXB,DXB,CLINIC,DR.MOOPEN'S AL QUOZ MEDICAL CENTRE-ASTER,DHA-F-0046778,AL QUOZ 1,"NEAR OLD GRAND MALL, AL QOUZ INDUSTRIAL AREA 1, DUBAI, UAE",04-3387871,https://www.google.com/maps/search/?api=1&query=NEAR%20OLD%20GRAND%20MALL%2C%20AL%20QOUZ%20INDUSTRIAL%20AREA%201%2C%20DUBAI%2C%20UAE%2C%20Ajman%2C%20UAE,,,
835,DXB,DXB,CLINIC,SALEEM POLYCLINIC-ASTER,DHA-F-0045542,SATWA,"NEAR SATWA BIG MASJID, DUBAI, U.A.E",04-3495353,https://www.google.com/maps/search/?api=1&query=NEAR%20SATWA%20BIG%20MASJID%2C%20DUBAI%2C%20U.A.E%2C%20Ajman%2C%20UAE,,,
836,DXB,DXB,CLINIC,ASTER MEDICAL CENTRE - ABUHAIL,DHA-F-0001384,DEIRA -HOR AL ANZ EAST,"SHEIKH SUHAIL BUILDING, GROUND FLOOR, SHOP NUMBER 2, 24 STREET, HOR AL ANZ (EAST)",04-2692785,https://www.google.com/maps/search/?api=1&query=SHEIKH%20SUHAIL%20BUILDING%2C%20GROUND%20FLOOR%2C%20SHOP%20NUMBER%202%2C%2024%20STREET%2C%20HOR%20AL%20ANZ%20%28EAST%29%2C%20Ajman%2C%20UAE,,,
837,DXB,DXB,CLINIC,CEDARS CLINIC,DHA-F-0001491,JEBEL ALI,"DUGAS ROAD, NEAR GATE # 2, JEBEL ALI.",04-4400500,https://www.google.com/maps/search/?api=1&query=DUGAS%20ROAD%2C%20NEAR%20GATE%20%23%202%2C%20JEBEL%20ALI.%2C%20Ajman%2C%20UAE,,,
838,DXB,DXB,CLINIC,ASTER MEDICAL CENTRE AL QUSAISE(BR OF DM),DHA-F-0000890,DAFZA,"NEAR DAFZA METRO STATION ,BEHIND ASTER MEDICAL PHARMACY",04-2632202,https://www.google.com/maps/search/?api=1&query=NEAR%20DAFZA%20METRO%20STATION%20%2CBEHIND%20ASTER%20MEDICAL%20PHARMACY%2C%20Ajman%2C%20UAE,,,
839,DXB,DXB,CLINIC,ACCESS CLINIC AL QUOZ (BR.OF DM),DHA-F-0001027,AL QUOZ 3,"AL ARIF BUILDING,NEAR UAE EXCHANGE,BEHIND CEMENT FACTORY,AL QUOZ",04-3217544,https://www.google.com/maps/search/?api=1&query=AL%20ARIF%20BUILDING%2CNEAR%20UAE%20EXCHANGE%2CBEHIND%20CEMENT%20FACTORY%2CAL%20QUOZ%2C%20Ajman%2C%20UAE,,,
840,DXB,DXB,CLINIC,ASTER GP  CLINIC BUR DUBAI BR OF DM HEALTHCARE LLC,DHA-F-0000786,BUR DUBAI -AL GHUBAIBA,"SOUK AL KABEER BUILDING, GROUND FLOOR , NEXT TO BUS STATION , BUDUBAI",04-3527300,https://www.google.com/maps/search/?api=1&query=SOUK%20AL%20KABEER%20BUILDING%2C%20GROUND%20FLOOR%20%2C%20NEXT%20TO%20BUS%20STATION%20%2C%20BUDUBAI%2C%20Ajman%2C%20UAE,,,
841,DXB,DXB,CLINIC,ACCESS CLINIC DIP,DHA-F-0047552,DIP -1,"DUBAI INVESTMENT PARK 1 ( DIP - 1 )RAMLA MALL, UAE",04-8800408,https://www.google.com/maps/search/?api=1&query=DUBAI%20INVESTMENT%20PARK%201%20%28%20DIP%20-%201%20%29RAMLA%20MALL%2C%20UAE%2C%20Ajman%2C%20UAE,,,
842,DXB,DXB,CLINIC,ACCESS CLINIC INTL. CITY (BR OF DM HEALTHCARE),DHA-F-0000738,INTERNATIONAL CITY-MOROCCO,"MOROCCO CLUSTER, BUILDING 1 - 11, SHOP 11, 18,20 INTERNATIONAL CITY, DUBAI",04-3606587,https://www.google.com/maps/search/?api=1&query=MOROCCO%20CLUSTER%2C%20BUILDING%201%20-%2011%2C%20SHOP%2011%2C%2018%2C20%20INTERNATIONAL%20CITY%2C%20DUBAI%2C%20Ajman%2C%20UAE,,,
843,DXB,DXB,CLINIC,ACCESS CLINIC JAFZA,DHA-F-0000553,JAFZA,"FOOD COURT 3, 1ST FLOOR, NEXT TO COMMERCIAL CENTRE",04-8806577,https://www.google.com/maps/search/?api=1&query=FOOD%20COURT%203%2C%201ST%20FLOOR%2C%20NEXT%20TO%20COMMERCIAL%20CENTRE%2C%20Ajman%2C%20UAE,,,
844,DXB,DXB,CLINIC,ACCESS CLINIC - PERSIA (BR.DM),DHA-F-0001089,INTERNATIONAL CITY- PERSIA,"SHOP NO.10, INTERNATIONAL CITY PERSIA N04 BUILDING,",04-5520139,https://www.google.com/maps/search/?api=1&query=SHOP%20NO.10%2C%20INTERNATIONAL%20CITY%20PERSIA%20N04%20BUILDING%2C%2C%20Ajman%2C%20UAE,,,
845,DXB,DXB,CLINIC,ACCESS CLINIC SONAPUR,DHA-F-0000491,SONAPUR-NEAR BUS STATION,"SAMEYA KHALIFA MOHD ALFUQEAI BUILDING, 24TH STREET, MUHAISINA 2ND , SONAPUR",04-2510266,https://www.google.com/maps/search/?api=1&query=SAMEYA%20KHALIFA%20MOHD%20ALFUQEAI%20BUILDING%2C%2024TH%20STREET%2C%20MUHAISINA%202ND%20%2C%20SONAPUR%2C%20Ajman%2C%20UAE,,,
846,DXB,DXB,CLINIC,ACCESS CLINIC SONAPUR 2 (BR. OF  DM),DHA-F-0001136,SONAPUR-2,"DUBAI MUNICIPALITY BUILDING, FLOOR NO 1, SHOP NO 04, MUHAISINA 2, SONAPUR,",04-2637279,https://www.google.com/maps/search/?api=1&query=DUBAI%20MUNICIPALITY%20BUILDING%2C%20FLOOR%20NO%201%2C%20SHOP%20NO%2004%2C%20MUHAISINA%202%2C%20SONAPUR%2C%2C%20Ajman%2C%20UAE,,,
847,DXB,DXB,CLINIC,ACCESS CLINIC DIP 2,DHA-F-0001286,DIP -2,"KADRIS MALL, GROUND FLOOR, SHOP NO. 7, DUBAI INVESTMENT PARK 2, JABEL ALI, MAJELAN AL MADEENA SUPERMARKET, DIP2",04-8833028,https://www.google.com/maps/search/?api=1&query=KADRIS%20MALL%2C%20GROUND%20FLOOR%2C%20SHOP%20NO.%207%2C%20DUBAI%20INVESTMENT%20PARK%202%2C%20JABEL%20ALI%2C%20MAJELAN%20AL%20MADEENA%20SUPERMARKET%2C%20DIP2%2C%20Ajman%2C%20UAE,,,
848,DXB,DXB,CLINIC,DR.KOYA'S CLINIC,DHA-F-0045425,DEIRA -NAIF POLICE STATION,"BEHIND NAIF POLICE STATION, DEIRA, UAE",04-2225854,https://www.google.com/maps/search/?api=1&query=BEHIND%20NAIF%20POLICE%20STATION%2C%20DEIRA%2C%20UAE%2C%20Ajman%2C%20UAE,,,
849,DXB,DXB,CLINIC,ACCESS CLINIC DIC BR DM HEALTHCARE LLC,DHA-F-0002573,DIP,"FIRST FLOOR, SHOP # 39 -42, DUBAI INDUSTRIAL PARK, SAIH SHUAIB 2, AL MADEENA HYPERMARKET, SAPPHIRE MALL, DUBAI UAE",04-5896619,https://www.google.com/maps/search/?api=1&query=FIRST%20FLOOR%2C%20SHOP%20%23%2039%20-42%2C%20DUBAI%20INDUSTRIAL%20PARK%2C%20SAIH%20SHUAIB%202%2C%20AL%20MADEENA%20HYPERMARKET%2C%20SAPPHIRE%20MALL%2C%20DUBAI%20UAE%2C%20Ajman%2C%20UAE,,,
850,DXB,DXB,CLINIC,ASHTREE CLINIC LLC,DHA-F-0045479,AL FAHIDI STREET,"M02, AMWAJ BUILDING, AL FAHIDI STREET, DUBAI, UAE",04-5770793,https://www.google.com/maps/search/?api=1&query=M02%2C%20AMWAJ%20BUILDING%2C%20AL%20FAHIDI%20STREET%2C%20DUBAI%2C%20UAE%2C%20Ajman%2C%20UAE,,,
851,DXB,DXB,CLINIC,ARMADA MEDICAL CENTER,DHA-F-0000181,JLT,ARMADA TOWER-CLUSTER P -P2 -19TH FLOOR JLT DUBAI,04-3990022,https://www.google.com/maps/search/?api=1&query=ARMADA%20TOWER-CLUSTER%20P%20-P2%20-19TH%20FLOOR%20JLT%20DUBAI%2C%20Ajman%2C%20UAE,,,
852,DXB,DXB,CLINIC,MED ONE MEDICAL CENTER LLC (FORMERLY AQUA MEDICAL CENTER LLC),DHA-F-0002347,"AL QUSAIS 1,","AL FATTAN BUILDING , 3A STREET 6, AL QUSAIS -1 , DUBAI",04-2204005,https://www.google.com/maps/search/?api=1&query=AL%20FATTAN%20BUILDING%20%2C%203A%20STREET%206%2C%20AL%20QUSAIS%20-1%20%2C%20DUBAI%2C%20Ajman%2C%20UAE,,,
853,DXB,DXB,CLINIC,ANAYA MEDICAL CENTER L.L.C BRANCH,DHA-F-0002397,AL QUOZ-3,"FARNEK BULIDINBG , BEHIND AL KHAIL MALL , ALQUOZ-3 , DUBAI",04-3441615,https://www.google.com/maps/search/?api=1&query=FARNEK%20BULIDINBG%20%2C%20BEHIND%20AL%20KHAIL%20MALL%20%2C%20ALQUOZ-3%20%2C%20DUBAI%2C%20Ajman%2C%20UAE,,,
854,DXB,DXB,CLINIC,ANAYA MEDICAL CENTRE LLC,DHA-F-0001701,JEBEL ALI,"CRYSTAL MALL , JABELALI-1 , DUBAI",04-2341479,https://www.google.com/maps/search/?api=1&query=CRYSTAL%20MALL%20%2C%20JABELALI-1%20%2C%20DUBAI%2C%20Ajman%2C%20UAE,,,
855,DXB,DXB,CLINIC,AL NOOR SOUTH POLYCLINIC DWC LLC (FORMERLY AL SHIFA AL UROPI MEDICAL CENTER DWC LLC),DHA-F-0906434,PARK PODIUM DUBAI DWC,"B3 THE PULSE RESIDENCE PARK PODIUM,DUBAI SOUTH,MADINAT AL MATAAR",04-5759111,https://www.google.com/maps/search/?api=1&query=B3%20THE%20PULSE%20RESIDENCE%20PARK%20PODIUM%2CDUBAI%20SOUTH%2CMADINAT%20AL%20MATAAR%2C%20Ajman%2C%20UAE,,,
856,DXB,DXB,CLINIC,AL SHIFA AL KHALEEJI MEDICAL CENTRE (DEIRA),DHA-F-0045675,DEIRA- CLOCK TOWER,"AL SHAMSI BUILDING, CLOCK TOWER, DEIRA, DUBAI",04-2940786,https://www.google.com/maps/search/?api=1&query=AL%20SHAMSI%20BUILDING%2C%20CLOCK%20TOWER%2C%20DEIRA%2C%20DUBAI%2C%20Ajman%2C%20UAE,,,
857,DXB,DXB,CLINIC,AL SHIFA AL KHALEEJI MEDICAL CENTRE BRANCH LLC (DIP),DHA-F-0001618,DIP 1,"BAYAN BUSINESS CENTRE, DUBAI INVESTMENT PARK-1, DUBAI, U.A.E",04-8800920,https://www.google.com/maps/search/?api=1&query=BAYAN%20BUSINESS%20CENTRE%2C%20DUBAI%20INVESTMENT%20PARK-1%2C%20DUBAI%2C%20U.A.E%2C%20Ajman%2C%20UAE,,,
858,DXB,DXB,CLINIC,SONAPUR STAR POLYCLINIC L.L.C (FORMERLY AL QUSAIS STAR POLYCLINIC (BRANCH)),DHA-F-4321280,MUHAISNAH - 2,"20TH STREET, MUHAISNAH - 2, OPP. PATHAN RESTAURANT, NEAR GOLEN JUBILEE SUPERMARKET, DUBAI-UAE",04-5488684,https://www.google.com/maps/search/?api=1&query=20TH%20STREET%2C%20MUHAISNAH%20-%202%2C%20OPP.%20PATHAN%20RESTAURANT%2C%20NEAR%20GOLEN%20JUBILEE%20SUPERMARKET%2C%20DUBAI-UAE%2C%20Ajman%2C%20UAE,,,
859,DXB,DXB,CLINIC,ABEER AL NOOR POLY CLINIC (AL QUSAIS),DHA-F-0047641,AL QUSAIS,"SHOP NO 2;BU HUSSAIN BLDG,GROUND FLOOR,AL QUSAIS",04-2612280,https://www.google.com/maps/search/?api=1&query=SHOP%20NO%202%3BBU%20HUSSAIN%20BLDG%2CGROUND%20FLOOR%2CAL%20QUSAIS%2C%20Ajman%2C%20UAE,,,
860,DXB,DXB,CLINIC,AL RASHIDIYA AL NOOR POLY CLINIC,DHA-F-0047100,AL RASHIDIYA,"BEHIND BIN SOUQAT CENTRE,RASHIDIYA",04-2862410,https://www.google.com/maps/search/?api=1&query=BEHIND%20BIN%20SOUQAT%20CENTRE%2CRASHIDIYA%2C%20Ajman%2C%20UAE,,,
861,DXB,DXB,CLINIC,ABEER AL NOOR POLY CLINIC-MUHAISNAH 2,DHA-F-0002088,MUHAISNA-2,"SUITE NO.6&31,GROUND FLOOR MUSTHAFA MALL,MUHAISNAH 2",04-2729966,https://www.google.com/maps/search/?api=1&query=SUITE%20NO.6%2631%2CGROUND%20FLOOR%20MUSTHAFA%20MALL%2CMUHAISNAH%202%2C%20Ajman%2C%20UAE,,,
862,DXB,DXB,CLINIC,AL BARSHA AL NOOR POLY CLINIC,DHA-F-0001077,AL BARSHA,"301,ELITE BUISNESS CENTER,OPP LULU HYPERMARKET,AL BARSHA",04-2218122,https://www.google.com/maps/search/?api=1&query=301%2CELITE%20BUISNESS%20CENTER%2COPP%20LULU%20HYPERMARKET%2CAL%20BARSHA%2C%20Ajman%2C%20UAE,,,
863,DXB,DXB,CLINIC,ABEER AL NOOR POLY CLINIC LLC-DEIRA (BR),DHA-F-0002226,DEIRA -BEHIND AL FUTTAIM MASJID,"BEHIND AL FUTTAIM MASJID ,NEAR DELHI RESTAURANT ,18TH STREET ,FRIJ MURAR,DEIRA",04-2428849,https://www.google.com/maps/search/?api=1&query=BEHIND%20AL%20FUTTAIM%20MASJID%20%2CNEAR%20DELHI%20RESTAURANT%20%2C18TH%20STREET%20%2CFRIJ%20MURAR%2CDEIRA%2C%20Ajman%2C%20UAE,,,
864,DXB,DXB,CLINIC,AL MURJAN MEDICAL CENTRE,DHA-F-0046288,AL QUOZ 3,"BRASHY BUILDING, OFFICE 102, AL QOUZ 3, DUBAI, PO BOX - 34647",04-3395575,https://www.google.com/maps/search/?api=1&query=BRASHY%20BUILDING%2C%20OFFICE%20102%2C%20AL%20QOUZ%203%2C%20DUBAI%2C%20PO%20BOX%20-%2034647%2C%20Ajman%2C%20UAE,,,
865,DXB,DXB,CLINIC,HEALTHHUB BR.AL FUTTAIM HEALTHCARE-MUTEENA,DHA-F-5061324,AL MUTEENA,"AL MUTEENA STREET 58, AL MUTEENA 1058 , GF",04-5967366,https://www.google.com/maps/search/?api=1&query=AL%20MUTEENA%20STREET%2058%2C%20AL%20MUTEENA%201058%20%2C%20GF%2C%20Ajman%2C%20UAE,,,
866,DXB,DXB,CLINIC,TOTAL CARE CLINIC BR. ALFUTTAIM HEALTHCARE SINGLE PERSON COMPANY LLC,DHA-F-1856028,MUHAISNAH 2,GALADARI BROTHERS ACCOMMODATION SHOP-1 MUHAISANAH 2 DUBAI,04-5967040,https://www.google.com/maps/search/?api=1&query=GALADARI%20BROTHERS%20ACCOMMODATION%20SHOP-1%20MUHAISANAH%202%20DUBAI%2C%20Ajman%2C%20UAE,,,
867,DXB,DXB,CLINIC,HEALTHHUB 6 BR.AL FUTTAIM-KARAMA,DHA-F-3337211,KARAMA,"AL KIFAF MANSION BUILDING , STREET 11,NEXT TO AL IBRAHIMI RESUATURANT ,KARAMA",04-5967120,https://www.google.com/maps/search/?api=1&query=AL%20KIFAF%20MANSION%20BUILDING%20%2C%20STREET%2011%2CNEXT%20TO%20AL%20IBRAHIMI%20RESUATURANT%20%2CKARAMA%2C%20Ajman%2C%20UAE,,,
868,DXB,DXB,CLINIC,ADVANCED CARE MEDICAL CENTER L.L.C,DHA-F-5058752,DIP 1,"ALICO AL MADINA HYPERMARKET BUILDING, 44 STREET, DUBAI INVESTMENT PARK -1, DUBAI",04-3463099,https://www.google.com/maps/search/?api=1&query=ALICO%20AL%20MADINA%20HYPERMARKET%20BUILDING%2C%2044%20STREET%2C%20DUBAI%20INVESTMENT%20PARK%20-1%2C%20DUBAI%2C%20Ajman%2C%20UAE,,,
869,DXB,DXB,CLINIC,ADVANCED CARE MEDICAL CENTER-AL QUOZ-(ADVANCED GROUP),DHA-F-0047388,AL QUOZ 3,"FAKHRUDDIN BUILDING, BEHIND NATIONAL CEMENT FACTORY, INDUSTRIAL AREA-3, AL QUOZ, DUBAI - UAE",04-3397664,https://www.google.com/maps/search/?api=1&query=FAKHRUDDIN%20BUILDING%2C%20BEHIND%20NATIONAL%20CEMENT%20FACTORY%2C%20INDUSTRIAL%20AREA-3%2C%20AL%20QUOZ%2C%20DUBAI%20-%20UAE%2C%20Ajman%2C%20UAE,,,
870,DXB,DXB,CLINIC,CARE PLUS MEDICAL CENTER-JABEL ALI-(ADVANCED GROUP),DHA-F-0047190,JEBEL ALI,"WQAF BUILDING, ABOVE UAEXCHANGE CENTER,JEBEL ALI INDUSTRIAL AREA 1, JEBEL ALI, DUBAI - UAE",04-3397664,https://www.google.com/maps/search/?api=1&query=WQAF%20BUILDING%2C%20ABOVE%20UAEXCHANGE%20CENTER%2CJEBEL%20ALI%20INDUSTRIAL%20AREA%201%2C%20JEBEL%20ALI%2C%20DUBAI%20-%20UAE%2C%20Ajman%2C%20UAE,,,
871,DXB,DXB,CLINIC,ADVANCED CARE MEDICAL CENTER (BRANCH)-DIP-(ADVANCED GROUP),DHA-F-0000564,DIP,"SHOP NO : 5, NASSEM AL MADINA SUPER MARKET BULIDING, PHASE 2, DUBAI INVESTMENT PARK, JEBEL ALI, DUBAI - UAE",04-3397664,https://www.google.com/maps/search/?api=1&query=SHOP%20NO%20%3A%205%2C%20NASSEM%20AL%20MADINA%20SUPER%20MARKET%20BULIDING%2C%20PHASE%202%2C%20DUBAI%20INVESTMENT%20PARK%2C%20JEBEL%20ALI%2C%20DUBAI%20-%20UAE%2C%20Ajman%2C%20UAE,,,
872,DXB,DXB,CLINIC,ADVANCED CARE MEDICAL CENTER (BRANCH)(ADVANCED GROUP),DHA-F-0002260,MUHAISINA,"SHOP NO : 22, FIRST FLOOR, SHAKLAN HYPERMARKET 2, 32A STREET, NEAR AL QUASIS BUS STATION 5, MUHAISNA",04-2636800,https://www.google.com/maps/search/?api=1&query=SHOP%20NO%20%3A%2022%2C%20FIRST%20FLOOR%2C%20SHAKLAN%20HYPERMARKET%202%2C%2032A%20STREET%2C%20NEAR%20AL%20QUASIS%20BUS%20STATION%205%2C%20MUHAISNA%2C%20Ajman%2C%20UAE,,,
873,DXB,DXB,CLINIC,ADVANCED CARE MEDICAL CENTER BRANCH- DIC (ADVANCE CARE- GROUP),DHA-F-0002329,DIC,"SOUQ NO :4, SHOP NUMBER : 4 & 5, SEIHSHOWEB 4, LABOUR CITY 3, DUBAI INDUSTRIAL CITY, DUBAI - UAE",04-3807807,https://www.google.com/maps/search/?api=1&query=SOUQ%20NO%20%3A4%2C%20SHOP%20NUMBER%20%3A%204%20%26%205%2C%20SEIHSHOWEB%204%2C%20LABOUR%20CITY%203%2C%20DUBAI%20INDUSTRIAL%20CITY%2C%20DUBAI%20-%20UAE%2C%20Ajman%2C%20UAE,,,
874,DXB,DXB,CLINIC,ADVANCED CARE MEDICAL CENTER LLC BRANCH-ALQUOZ 2,DHA-F-5626518,ALQOUZ,"PASONS SHOPPING CENTER BUILDING, BEHIND JOTUN PAINT FACTORY, 1ST FLOOR,ALQUOZ -2, P.O BOX:283235,DUB",04-2355200,https://www.google.com/maps/search/?api=1&query=PASONS%20SHOPPING%20CENTER%20BUILDING%2C%20BEHIND%20JOTUN%20PAINT%20FACTORY%2C%201ST%20FLOOR%2CALQUOZ%20-2%2C%20P.O%20BOX%3A283235%2CDUB%2C%20Ajman%2C%20UAE,,,
875,DXB,DXB,CLINIC,ADVANCED CARE MEDICAL CENTER LLC BRANCH,DHA-F-0115116,JEBEL ALI,"CROWN MALL, GROUND FLOOR, SHOP NO 30 JEBEL ALI INDUSTRIAL AREA 1",04-3807807,https://www.google.com/maps/search/?api=1&query=CROWN%20MALL%2C%20GROUND%20FLOOR%2C%20SHOP%20NO%2030%20JEBEL%20ALI%20INDUSTRIAL%20AREA%201%2C%20Ajman%2C%20UAE,,,
876,DXB,DXB,CLINIC,AL MANSOOR MEDICAL CENTER,DHA-F-0045585,"BUR DUBAI,","1ST FLOOR,FLAT NO:101,AL MOOSA BLDG,AL MUSALLA RD,BUR DUBAI,DUBAI,UAE",04-3554040,https://www.google.com/maps/search/?api=1&query=1ST%20FLOOR%2CFLAT%20NO%3A101%2CAL%20MOOSA%20BLDG%2CAL%20MUSALLA%20RD%2CBUR%20DUBAI%2CDUBAI%2CUAE%2C%20Ajman%2C%20UAE,,,
877,DXB,DXB,CLINIC,YOUR CENTER POLYCLINIC LLC,DHA-F-0717492,PRODUCTION CITY,"AFNAN3 SHOP NO 4 ME'AISEM FIRST ,MID TOWN,PRODUCTION CITY,DUBAI",04-3657000,https://www.google.com/maps/search/?api=1&query=AFNAN3%20SHOP%20NO%204%20ME%27AISEM%20FIRST%20%2CMID%20TOWN%2CPRODUCTION%20CITY%2CDUBAI%2C%20Ajman%2C%20UAE,,,
878,DXB,DXB,CLINIC,AL WAHA CLINIC,DHA-F-0046803,BUR DUBAI,"105, MOHD.NOOR TALEB BLDG,KHALID BIN AL WALEED ROAD,BUR DUBAI, UAE",04-3514150,https://www.google.com/maps/search/?api=1&query=105%2C%20MOHD.NOOR%20TALEB%20BLDG%2CKHALID%20BIN%20AL%20WALEED%20ROAD%2CBUR%20DUBAI%2C%20UAE%2C%20Ajman%2C%20UAE,,,
879,DXB,DXB,CLINIC,APOLLO CLINIC LLC(FORMERLY NEW CITY CLINIC LLC),DHA-F-0253862,ZABEEL ST,"GROUND FLOOR, AL ARTI PLAZA, ZABEEL ST,DUBAI,UNITED ARAB EMIRATES",04-6056056,https://www.google.com/maps/search/?api=1&query=GROUND%20FLOOR%2C%20AL%20ARTI%20PLAZA%2C%20ZABEEL%20ST%2CDUBAI%2CUNITED%20ARAB%20EMIRATES%2C%20Ajman%2C%20UAE,,,
880,DXB,DXB,CLINIC,OXFORD MEDICAL CENTER,DHA-F-0045480,AL ROLLA STREET,"283, AL SHARAFI BUILDING, AL ROLLA STREET,DUBAI,UAE",04-3925070,https://www.google.com/maps/search/?api=1&query=283%2C%20AL%20SHARAFI%20BUILDING%2C%20AL%20ROLLA%20STREET%2CDUBAI%2CUAE%2C%20Ajman%2C%20UAE,,,
881,DXB,DXB,CLINIC,DR ABDUL LATIF CLINIC L.L.C,DHA-F-0045423,NEAR AL SABKHA BUS STATION,"1ST FLOOR, 191 NASER ABDULLA HUSSAIN BUILDING, NEAR AL SABKHA BUS STATION, DEIRA DUBAI, UAE.",04-2264999,https://www.google.com/maps/search/?api=1&query=1ST%20FLOOR%2C%20191%20NASER%20ABDULLA%20HUSSAIN%20BUILDING%2C%20NEAR%20AL%20SABKHA%20BUS%20STATION%2C%20DEIRA%20DUBAI%2C%20UAE.%2C%20Ajman%2C%20UAE,,,
882,DXB,DXB,CLINIC,LIVERPOOL MEDICAL CLINIC LLC,DHA-F-0045672,KHALID BIN WALID ROAD,"NEXT TO PALM BEACH HOTEL , KHALID BIN WALID ROAD,BURDUBAI,DUBAI,UAE",04-3379541,https://www.google.com/maps/search/?api=1&query=NEXT%20TO%20PALM%20BEACH%20HOTEL%20%2C%20KHALID%20BIN%20WALID%20ROAD%2CBURDUBAI%2CDUBAI%2CUAE%2C%20Ajman%2C%20UAE,,,
883,DXB,DXB,CLINIC,RALS HEALTHCARE (BR OF ABD ULWAHED BIN SHABIB INVESTMENT GROUP L.L.C),DHA-F-0017907,AL MUSSALLA TOWERS,"AWS FAMILY RESIDENCE,18, 57 STREET,JEBEL ALI INDUSTRIAL 1, JEBEL ALI, DUBAI",04-2275777,https://www.google.com/maps/search/?api=1&query=AWS%20FAMILY%20RESIDENCE%2C18%2C%2057%20STREET%2CJEBEL%20ALI%20INDUSTRIAL%201%2C%20JEBEL%20ALI%2C%20DUBAI%2C%20Ajman%2C%20UAE,,,
884,DXB,DXB,CLINIC,ARIN CARE POLY CLINIC L.L.C,DHA-F-6347683,MUHAISNAH 4TH,"MEZINENE FLOOR, TALAL PLAZA BLDG, MUHAISNAH 4TH, DUBAI,UAE",04-3952774,https://www.google.com/maps/search/?api=1&query=MEZINENE%20FLOOR%2C%20TALAL%20PLAZA%20BLDG%2C%20MUHAISNAH%204TH%2C%20DUBAI%2CUAE%2C%20Ajman%2C%20UAE,,,
885,DXB,DXB,CLINIC,MODERN FAMILY CLINIC LLC,DHA-F-0047293,UMMHURAIR,"05, UMM HURAIR BUILDING, OPP CIVIL DEFENCE ZABEEL ROAD, KARAMA, DUBAI - UAE. PO BOX: 30127",04-3343263,https://www.google.com/maps/search/?api=1&query=05%2C%20UMM%20HURAIR%20BUILDING%2C%20OPP%20CIVIL%20DEFENCE%20ZABEEL%20ROAD%2C%20KARAMA%2C%20DUBAI%20-%20UAE.%20PO%20BOX%3A%2030127%2C%20Ajman%2C%20UAE,,,
886,DXB,DXB,CLINIC,MODERN FAMILY CLINIC LLC BRANCH(AL QUOZ),DHA-F-5579493,ALQUOZ,"G ONE CAMP,ALQUOZ INDUSTRIAL AREA - 2,OPPOSITE : MANGO SUPERMARKET,DUBAI",04-3343263,https://www.google.com/maps/search/?api=1&query=G%20ONE%20CAMP%2CALQUOZ%20INDUSTRIAL%20AREA%20-%202%2COPPOSITE%20%3A%20MANGO%20SUPERMARKET%2CDUBAI%2C%20Ajman%2C%20UAE,,,
887,DXB,DXB,CLINIC,MODERN FAMILY CLINIC LLC BRANCH (AL BARSHA),DHA-F-4561808,ALBARSHA 1,"GROUND FLOOR. AL BARSHA- 1 , BUSINESS CENTRE,  SHOP NO :5",04-3343263,https://www.google.com/maps/search/?api=1&query=GROUND%20FLOOR.%20AL%20BARSHA-%201%20%2C%20BUSINESS%20CENTRE%2C%20%20SHOP%20NO%20%3A5%2C%20Ajman%2C%20UAE,,,
888,DXB,DXB,CLINIC,GMG MEDICAL CENTER LLC,DHA-F-7784388,ALQOUZ 4,"RNA RESOURCE BUILDING, BEHIND BELHASA DRIVING SCHOOL,AL QOUZ-4,DUBAI, U.A.E",04-2201918,https://www.google.com/maps/search/?api=1&query=RNA%20RESOURCE%20BUILDING%2C%20BEHIND%20BELHASA%20DRIVING%20SCHOOL%2CAL%20QOUZ-4%2CDUBAI%2C%20U.A.E%2C%20Ajman%2C%20UAE,,,
889,DXB,DXB,CLINIC,KHAYBER MEDICAL CENTER,DHA-F-0045578,NAIF,AL BUTEEN BUILDING - FLAT NO 1 - STREET # 33 AL MAKTOUM HOSPITAL RD - NEAR KARACHI DARBAR MAKTOUM - NAIF - DUBAI,055-4330016,https://www.google.com/maps/search/?api=1&query=AL%20BUTEEN%20BUILDING%20-%20FLAT%20NO%201%20-%20STREET%20%23%2033%20AL%20MAKTOUM%20HOSPITAL%20RD%20-%20NEAR%20KARACHI%20DARBAR%20MAKTOUM%20-%20NAIF%20-%20DUBAI%2C%20Ajman%2C%20UAE,,,
890,DXB,DXB,CLINIC,MEDCOME HEALTHCARE CENTER,DHA-F-8923608,SHEIKH ZAYED ROAD,"PINNACLE SHEIKH ZAYED ROAD,DUBAI",04-3420811,https://www.google.com/maps/search/?api=1&query=PINNACLE%20SHEIKH%20ZAYED%20ROAD%2CDUBAI%2C%20Ajman%2C%20UAE,,,
891,DXB,DXB,CLINIC,TORONTO MEDICAL CENTER LLC,DHA-F-0001842,AL KHAIL MALL,"AL QUOZ EGGT BUILDING OFFICE 101 NEAR AL KHAIL MALL,DUBAI,UAE",04-2638093,https://www.google.com/maps/search/?api=1&query=AL%20QUOZ%20EGGT%20BUILDING%20OFFICE%20101%20NEAR%20AL%20KHAIL%20MALL%2CDUBAI%2CUAE%2C%20Ajman%2C%20UAE,,,
892,DXB,DXB,CLINIC,SHARE AND CARE MEDICAL CENTER FZE,DHA-F-2412412,DUBAI SILICON OASIS,"LOWER GROUND FLOOR, SILICON CENTRAL MALL, DUBAI SILICON OASIS, DUBAI, UNITED ARAB EMIRATES",04-2802088,https://www.google.com/maps/search/?api=1&query=LOWER%20GROUND%20FLOOR%2C%20SILICON%20CENTRAL%20MALL%2C%20DUBAI%20SILICON%20OASIS%2C%20DUBAI%2C%20UNITED%20ARAB%20EMIRATES%2C%20Ajman%2C%20UAE,,,
893,DXB,DXB,CLINIC,AL FAHIM  CLINIC,DHA-F-0045405,DEIRA,"DEIRA,DXB",04-2267157,https://www.google.com/maps/search/?api=1&query=DEIRA%2CDXB%2C%20Ajman%2C%20UAE,,,
894,DXB,DXB,CLINIC,MODERN CARE CLINIC LLC,DHA-F-7346249,CORNICH STREET,"DEIRA WATERFRONT,UAE,CORNICH STREET,SHOP 22-23 MAITHA 1,LAND MARK: DEIRA WATERFRONT  
",04-2278958,https://www.google.com/maps/search/?api=1&query=DEIRA%20WATERFRONT%2CUAE%2CCORNICH%20STREET%2CSHOP%2022-23%20MAITHA%201%2CLAND%20MARK%3A%20DEIRA%20WATERFRONT%2C%20Ajman%2C%20UAE,,,
895,DXB,DXB,CLINIC,ADVANCED CARE MEDICAL CENTER L.L.C (BRANCH),DHA-F-3635685,DAMSCUS STREET,"AL FATTAN CHARITY BUILDING, NEAR EMIRATES NBD BANK, DAMSCUS STREET, AL QUSAIS, DUBAI,UAE",04-3709357,https://www.google.com/maps/search/?api=1&query=AL%20FATTAN%20CHARITY%20BUILDING%2C%20NEAR%20EMIRATES%20NBD%20BANK%2C%20DAMSCUS%20STREET%2C%20AL%20QUSAIS%2C%20DUBAI%2CUAE%2C%20Ajman%2C%20UAE,,,
896,DXB,DXB,CLINIC,DR KAMKAR MEDICAL & PHYSIOTHERAPHY CENTER L.L.C,DHA-F-0045520,"WADI AL SAFA 3, MAJAN","REMAL MALL, SHOP NO. 9, WADI AL SAFA 3, MAJAN, DUBAI,UAE",04-3341000,https://www.google.com/maps/search/?api=1&query=REMAL%20MALL%2C%20SHOP%20NO.%209%2C%20WADI%20AL%20SAFA%203%2C%20MAJAN%2C%20DUBAI%2CUAE%2C%20Ajman%2C%20UAE,,,
897,DXB,DXB,CLINIC,DR. ISMAIL POLYCLINIC (BRANCH),DHA-F-6463093,DEIRA AL MURAR,"SHERINA 1-SHERINA PLAZA, AL-CORNICH,SHOP NO 2,3,4&14,NEAR GOLD SOUK METRO STATION,DEIRA AL MURAR,DUBAI,U.A.E",04-2614591,https://www.google.com/maps/search/?api=1&query=SHERINA%201-SHERINA%20PLAZA%2C%20AL-CORNICH%2CSHOP%20NO%202%2C3%2C4%2614%2CNEAR%20GOLD%20SOUK%20METRO%20STATION%2CDEIRA%20AL%20MURAR%2CDUBAI%2CU.A.E%2C%20Ajman%2C%20UAE,,,
898,DXB,DXB,CLINIC,AMBER CLINICS L.L.C,DHA-F-0047994,AL RIGGA ROAD,"2ND FLOOR, RIGGA BUSINESS CENTRE, AL RIGGA ROAD, DEIRA, DUBAI, UAE",04-2309100,https://www.google.com/maps/search/?api=1&query=2ND%20FLOOR%2C%20RIGGA%20BUSINESS%20CENTRE%2C%20AL%20RIGGA%20ROAD%2C%20DEIRA%2C%20DUBAI%2C%20UAE%2C%20Ajman%2C%20UAE,,,
899,DXB,DXB,CLINIC,AL NOOR POLYCLINIC L.L.C,DHA-F-0045579,NAIF ROAD,"1ST FLOOR, SAIF CENTRE, OPP. AL FUTTAIM MOSQUE,NAIF ROAD, DEIRA, DUBIA, UAE",04-2233324,https://www.google.com/maps/search/?api=1&query=1ST%20FLOOR%2C%20SAIF%20CENTRE%2C%20OPP.%20AL%20FUTTAIM%20MOSQUE%2CNAIF%20ROAD%2C%20DEIRA%2C%20DUBIA%2C%20UAE%2C%20Ajman%2C%20UAE,,,
900,DXB,DXB,CLINIC,AL NOOR POLYCLINIC AL SATWA (BR OF AMBER CLINICS L.L.C),DHA-F-0046698,AL HUDAIBA STREET,"FLAT 201 AL BHAKITHA BLDG,  AL HUDAIBA ST., OPP.  AL MAYA SUPERMARKET, DUBAI, UAE",04-3498100,https://www.google.com/maps/search/?api=1&query=FLAT%20201%20AL%20BHAKITHA%20BLDG%2C%20%20AL%20HUDAIBA%20ST.%2C%20OPP.%20%20AL%20MAYA%20SUPERMARKET%2C%20DUBAI%2C%20UAE%2C%20Ajman%2C%20UAE,,,
901,DXB,DXB,CLINIC,DR JOSEPH POLYCLINIC (BR OF AMBER CLINICS L.L.C),DHA-F-0045465,KARAMA,"1ST & 2ND FLR., AL JABER BLDG, OPP., SUNRISE SUPERMARKET, KARAMA, DUBAI, UAE",04-3378828,https://www.google.com/maps/search/?api=1&query=1ST%20%26%202ND%20FLR.%2C%20AL%20JABER%20BLDG%2C%20OPP.%2C%20SUNRISE%20SUPERMARKET%2C%20KARAMA%2C%20DUBAI%2C%20UAE%2C%20Ajman%2C%20UAE,,,
902,DXB,DXB,CLINIC,JOSEPHS QUSAIS POLYCLINIC (BR OF AMBER CLINICS L.L.C),DHA-F-0046298,DUBAI AIRPORT FREEZONE ,"GROUND FLR, QUSAIS MANZIL BLDG, BEHIND TALAL SUPERMARKET, DUBAI AIRPORT FREEZONE METRO, EXIT 2, AL QUSAIS, DUBAI, UAE",04-2636767,https://www.google.com/maps/search/?api=1&query=GROUND%20FLR%2C%20QUSAIS%20MANZIL%20BLDG%2C%20BEHIND%20TALAL%20SUPERMARKET%2C%20DUBAI%20AIRPORT%20FREEZONE%20METRO%2C%20EXIT%202%2C%20AL%20QUSAIS%2C%20DUBAI%2C%20UAE%2C%20Ajman%2C%20UAE,,,
903,DXB,DXB,CLINIC,HARLEY INTERNATIONAL MEDICAL CLINIC L.L.C (BRANCH),DHA-F-3218645,AL BARSHA 1,AL BARSHA - AL BARSHA 1 - DUBAI - UNITED ARAB EMIRATES,04-3989988,https://www.google.com/maps/search/?api=1&query=AL%20BARSHA%20-%20AL%20BARSHA%201%20-%20DUBAI%20-%20UNITED%20ARAB%20EMIRATES%2C%20Ajman%2C%20UAE,,,
904,DXB,DXB,CLINIC,ASCENT ENT SPECIALITY CENTRE LLC,DHA-F-6899933,SHEIKH KHALIFA BIN ZAYED ST,"SAEED AL THANI BUILDING - SHEIKH KHALIFA BIN ZAYED ST - UMM HURAIR 1BUR - UMM HURAIR 1 - DUBAI,UAE",04-2747000,https://www.google.com/maps/search/?api=1&query=SAEED%20AL%20THANI%20BUILDING%20-%20SHEIKH%20KHALIFA%20BIN%20ZAYED%20ST%20-%20UMM%20HURAIR%201BUR%20-%20UMM%20HURAIR%201%20-%20DUBAI%2CUAE%2C%20Ajman%2C%20UAE,,,
905,DXB,DXB,CLINIC,L L H MEDICAL CENTER L.L.C,DHA-F-4634377,"AL MARABEA ST, DPG AL QUOZ","AL MARABEA ST, DPG AL QUOZ, INDUSTRIAL FOURTH, DUBAI, UAE",056-1657271,https://www.google.com/maps/search/?api=1&query=AL%20MARABEA%20ST%2C%20DPG%20AL%20QUOZ%2C%20INDUSTRIAL%20FOURTH%2C%20DUBAI%2C%20UAE%2C%20Ajman%2C%20UAE,,,
906,DXB,DXB,CLINIC,GUADALOUPE MEDICAL CLINIC L.L.C POLYCLINIC(FORMERLY INDIGO MEDICAL CLINIC L.L.C),DHA-F-8445632,SALAH AL DIN STREET,"AL MUTEENA TECHNIC BUILDING,7TH FLOOR,SALAH AL DIN STREET,DEIRA,DUBAI,U.A.E",052-2078651,https://www.google.com/maps/search/?api=1&query=AL%20MUTEENA%20TECHNIC%20BUILDING%2C7TH%20FLOOR%2CSALAH%20AL%20DIN%20STREET%2CDEIRA%2CDUBAI%2CU.A.E%2C%20Ajman%2C%20UAE,,,
907,DXB,DXB,CLINIC,NEW MEDICAL CENTER LTD - DUBAI BRANCH(FORMERLY NEW MEDICAL CENTRE ( DEIRA)),DHA-F-0001672,HOR AL ANZ,"OPPOSITE ABU HAIL METRO STATION ,HOR AL ANZ,NEW AL SAFIYA BUILDING,DEIRA",04-2339939,https://www.google.com/maps/search/?api=1&query=OPPOSITE%20ABU%20HAIL%20METRO%20STATION%20%2CHOR%20AL%20ANZ%2CNEW%20AL%20SAFIYA%20BUILDING%2CDEIRA%2C%20Ajman%2C%20UAE,,,
908,DXB,DXB,CLINIC,NMC JEBEL ALI CLINIC (BR OF N M C ROYAL HOSPITAL LTD)(DUBAI BRANCH),DHA-F-7633903,JEBEL ALI,"JEBEL ALI INDUSTRIAL AREA - FIRST, GEEPAS  COMMERCIAL CENTER, SHOP NO 25 MZ 01 AND 02",04-8019200,https://www.google.com/maps/search/?api=1&query=JEBEL%20ALI%20INDUSTRIAL%20AREA%20-%20FIRST%2C%20GEEPAS%20%20COMMERCIAL%20CENTER%2C%20SHOP%20NO%2025%20MZ%2001%20AND%2002%2C%20Ajman%2C%20UAE,,,
909,DXB,DXB,CLINIC,KEERTHI MEDICAL CENTER LLC,DHA-F-0046829,KARAMA,"ALATTAR BUSINESS CENTER,110,112, KARAMA, DUBAI",04-3344256,https://www.google.com/maps/search/?api=1&query=ALATTAR%20BUSINESS%20CENTER%2C110%2C112%2C%20KARAMA%2C%20DUBAI%2C%20Ajman%2C%20UAE,,,
910,DXB,DXB,CLINIC,AMIRUDDIN CLINIC,DHA-F-0045441,DEIRA,"34A ST, HOR AL ANZ - DEIRA, DUBAI,UAE",04-2691515,https://www.google.com/maps/search/?api=1&query=34A%20ST%2C%20HOR%20AL%20ANZ%20-%20DEIRA%2C%20DUBAI%2CUAE%2C%20Ajman%2C%20UAE,,,
911,DXB,DXB,CLINIC,XIE HE MEDICAL CENTER LLC,DHA-F-0000488,WARSAN ,"INTERNATIONAL CITY ,CHINA CLUSTER, A12 BUILDING WARSAN FIRST",04-4233055,https://www.google.com/maps/search/?api=1&query=INTERNATIONAL%20CITY%20%2CCHINA%20CLUSTER%2C%20A12%20BUILDING%20WARSAN%20FIRST%2C%20Ajman%2C%20UAE,,,
912,DXB,DXB,CLINIC,LLH MEDICAL CENTER LLC (BRANCH),DHA-F-1161905,DIP 2,"UNIT NUMBER : SHOP 1 (ROOF FLOOR), THE TOWN MALL, DIP 2, PO BOX-21116, DUBAI",04-6126066,https://www.google.com/maps/search/?api=1&query=UNIT%20NUMBER%20%3A%20SHOP%201%20%28ROOF%20FLOOR%29%2C%20THE%20TOWN%20MALL%2C%20DIP%202%2C%20PO%20BOX-21116%2C%20DUBAI%2C%20Ajman%2C%20UAE,,,
913,DXB,DXB,CLINIC,NOOM MEDICAL CLINIC LLC,DHA-F-4352556,INDUSTRIAL CITY," SHOP NO 1 , TALAL HYPERMARKET BUILDING, DUBAI INDUSTRIAL CITY , DUBAI , UAE",04-5693338,https://www.google.com/maps/search/?api=1&query=SHOP%20NO%201%20%2C%20TALAL%20HYPERMARKET%20BUILDING%2C%20DUBAI%20INDUSTRIAL%20CITY%20%2C%20DUBAI%20%2C%20UAE%2C%20Ajman%2C%20UAE,,,
914,DXB,DXB,CLINIC,MBM SPECIALITY MEDICAL CENTER LLC,DHA-F-5313703,AL MURAQQABAT ST,"MEZZANINE FLOOR (M18), AL DAR BUILDING, AL MURAQQABAT ST , DEIRA, DUBAI",04-2364701,https://www.google.com/maps/search/?api=1&query=MEZZANINE%20FLOOR%20%28M18%29%2C%20AL%20DAR%20BUILDING%2C%20AL%20MURAQQABAT%20ST%20%2C%20DEIRA%2C%20DUBAI%2C%20Ajman%2C%20UAE,,,
915,DXB,DXB,CLINIC,ZMC HEALTH CLINIC LLC,DHA-F-6722050,AL KHAIL,"B28 AL SHOWAIB REAL ESTATE, AL QUOZ 1 FIRST AL KHAIL ROAD,DXB",04-2674685,https://www.google.com/maps/search/?api=1&query=B28%20AL%20SHOWAIB%20REAL%20ESTATE%2C%20AL%20QUOZ%201%20FIRST%20AL%20KHAIL%20ROAD%2CDXB%2C%20Ajman%2C%20UAE,,,
916,DXB,DXB,CLINIC,BLOOM PLUS POLY CLINIC LLC,DHA-F-5009237,INTERNATIONAL CITY,"R23, FRANCE CLUSTER, INTERNATIONAL CITY, DUBAI,UAE",04-5656070,https://www.google.com/maps/search/?api=1&query=R23%2C%20FRANCE%20CLUSTER%2C%20INTERNATIONAL%20CITY%2C%20DUBAI%2CUAE%2C%20Ajman%2C%20UAE,,,
917,DXB,DXB,CLINIC,GRAND DR ISMAIL POLYCLINIC L.L.C,DHA-F-9886764,ABU HAIL,"JSCOM GRAND RESIDENCE, SHOP NO 3, NEAR CANADIAN SPECIALIST HOSPITAL, 28TH STREET, ABU HAIL, DUBAI, U.A.E",04-3706200,https://www.google.com/maps/search/?api=1&query=JSCOM%20GRAND%20RESIDENCE%2C%20SHOP%20NO%203%2C%20NEAR%20CANADIAN%20SPECIALIST%20HOSPITAL%2C%2028TH%20STREET%2C%20ABU%20HAIL%2C%20DUBAI%2C%20U.A.E%2C%20Ajman%2C%20UAE,,,
918,DXB,DXB,CLINIC,STEPS POLY CLINIC L.L.C,DHA-F-5455109,AL NAHDA,"AL NAHDA SECOND,DUBAI,UAE",04-5230500,https://www.google.com/maps/search/?api=1&query=AL%20NAHDA%20SECOND%2CDUBAI%2CUAE%2C%20Ajman%2C%20UAE,,,
919,DXB,DXB,CLINIC,AFRIDI MEDICAL CENTER L.L.C,DHA-F-9839500,MUHSINAH 2,"SHOP NO-2, 13B SONAPUR, NEST TO AL ANSARI EXCHANGE, MUHSINAH-2, DUBAI, U.A.E",04-2711802,https://www.google.com/maps/search/?api=1&query=SHOP%20NO-2%2C%2013B%20SONAPUR%2C%20NEST%20TO%20AL%20ANSARI%20EXCHANGE%2C%20MUHSINAH-2%2C%20DUBAI%2C%20U.A.E%2C%20Ajman%2C%20UAE,,,
920,DXB,DXB,CLINIC,WE CARE MEDICAL CENTER L.L.C,DHA-F-0001604,AL KARAMA,"NEAR ANSAR GALLERY, HAMSAH A BUILDING, KHALID BIN AL WALEED ROAD, AL KARAMA, DUBAI - UAE",04-2611061,https://www.google.com/maps/search/?api=1&query=NEAR%20ANSAR%20GALLERY%2C%20HAMSAH%20A%20BUILDING%2C%20KHALID%20BIN%20AL%20WALEED%20ROAD%2C%20AL%20KARAMA%2C%20DUBAI%20-%20UAE%2C%20Ajman%2C%20UAE,,,
921,DXB,DXB,CLINIC,AL BAYAN MEDICAL CENTER L.L.C,DHA-F-0045508,NAIF STREET,"102, 103,104, KAMALI BUILDING, NAIF STREET, AL MURAR AREA, DEIRA, DUBAI, UAE",04-2719008,https://www.google.com/maps/search/?api=1&query=102%2C%20103%2C104%2C%20KAMALI%20BUILDING%2C%20NAIF%20STREET%2C%20AL%20MURAR%20AREA%2C%20DEIRA%2C%20DUBAI%2C%20UAE%2C%20Ajman%2C%20UAE,,,
922,DXB,DXB,CLINIC,AL RUKN MEDICAL CENTER LLC DUBAI BRANCH,DHA-F-0256039,JEBEL ALI ,"CIG MALL ,JEBEL ALI ,INDUSTRIAL AREA,DUBAI",050-9239583,https://www.google.com/maps/search/?api=1&query=CIG%20MALL%20%2CJEBEL%20ALI%20%2CINDUSTRIAL%20AREA%2CDUBAI%2C%20Ajman%2C%20UAE,,,
923,DXB,DXB,CLINIC,GOOD LIFE MEDICAL CENTER L.L.C,DHA-F-4291797,MUHAISNAH,"SONAPUR BUILDING, 28TH STREET, MUHAISNAH SECOND, MUHAISNAH, DUBAI, U.A.E",04-5587617,https://www.google.com/maps/search/?api=1&query=SONAPUR%20BUILDING%2C%2028TH%20STREET%2C%20MUHAISNAH%20SECOND%2C%20MUHAISNAH%2C%20DUBAI%2C%20U.A.E%2C%20Ajman%2C%20UAE,,,
924,DXB,DXB,CLINIC,MARHABA MEDICAL CENTRE,DHA-F-0046191,NAIF,"SUNSHINE BUILDING - 2, FISH R/A, NAIF DUBAI,UAE",04-2224844,https://www.google.com/maps/search/?api=1&query=SUNSHINE%20BUILDING%20-%202%2C%20FISH%20R/A%2C%20NAIF%20DUBAI%2CUAE%2C%20Ajman%2C%20UAE,,,
925,DXB,DXB,CLINIC,SAFA ALNOOR POLYCLINIC LLC,DHA-F-1405006,DUBAI INDUSTRIAL CITY,"SAIH SHUHAIB 3, LV2 C5,DUBAI INDUSTRIAL CITY (DIC),DUBAI",056-4087542,https://www.google.com/maps/search/?api=1&query=SAIH%20SHUHAIB%203%2C%20LV2%20C5%2CDUBAI%20INDUSTRIAL%20CITY%20%28DIC%29%2CDUBAI%2C%20Ajman%2C%20UAE,,,
926,DXB,DXB,CLINIC,ALDIA MEDICAL CENTER,DHA-F-6854415,DEIRA,"103- AWADH BUILDING, 34A STREET, ABUBABKAR ROAD, NEAR UNITED HYPERMARKET, DEIRA,DUBAI,UAE",04-3203207,https://www.google.com/maps/search/?api=1&query=103-%20AWADH%20BUILDING%2C%2034A%20STREET%2C%20ABUBABKAR%20ROAD%2C%20NEAR%20UNITED%20HYPERMARKET%2C%20DEIRA%2CDUBAI%2CUAE%2C%20Ajman%2C%20UAE,,,
927,DXB,DXB,CLINIC,BEST LIFE GENERAL CLINIC L.L.C,DHA-F-7264077,MUHAISNAH 2,"GALADARI BROTHERS STAFF ACCOMODATION - SHOP 1, MUHAISNAH 2,DUBAI,UAE",04-8831595,https://www.google.com/maps/search/?api=1&query=GALADARI%20BROTHERS%20STAFF%20ACCOMODATION%20-%20SHOP%201%2C%20MUHAISNAH%202%2CDUBAI%2CUAE%2C%20Ajman%2C%20UAE,,,
928,DXB,DXB,CLINIC,PESHAWAR MEDICAL CENTER L.L.C- INTERNATIONAL CITY,DHA-F-1169256,ENGLAND CLUSTER BUILDING,"INTERNATIONAL CITY, ENGLAND CLUSTER BUILDING Z05",052-4244416,https://www.google.com/maps/search/?api=1&query=INTERNATIONAL%20CITY%2C%20ENGLAND%20CLUSTER%20BUILDING%20Z05%2C%20Ajman%2C%20UAE,,,
929,DXB,DXB,CLINIC,CITY RELIEF EXPRESS GROUP CLINIC,DHA-F-8971664,DEIRA,"DEIRA, DUBAI,UAE",04-2246566,https://www.google.com/maps/search/?api=1&query=DEIRA%2C%20DUBAI%2CUAE%2C%20Ajman%2C%20UAE,,,
930,DXB,DXB,CLINIC,SHAMS AL AHALIA MEDICAL CENTER,DHA-F-8688303,AL KARAMA,"GROUND FLOOR, AL WASL BUILDING(R507), NEAR TO EMIRATES POST- DUBAI CENTRAL POST OFFICE & ENOC PETROL STATION, 19TH STREET, AL KARAMA, DUBAI, UAE",04-3745222,https://www.google.com/maps/search/?api=1&query=GROUND%20FLOOR%2C%20AL%20WASL%20BUILDING%28R507%29%2C%20NEAR%20TO%20EMIRATES%20POST-%20DUBAI%20CENTRAL%20POST%20OFFICE%20%26%20ENOC%20PETROL%20STATION%2C%2019TH%20STREET%2C%20AL%20KARAMA%2C%20DUBAI%2C%20UAE%2C%20Ajman%2C%20UAE,,,
931,DXB,DXB,CLINIC,MUMTAZ AL NOOR EXPRESS PHARMACY L.L.C  (GP CLINIC),DHA-F-5435064,AL BARAHA,"SHOP 3, SULTAN BLDG, 6 STREET 30, AL BARAHA, DUBAI, UAE",04-2350018,https://www.google.com/maps/search/?api=1&query=SHOP%203%2C%20SULTAN%20BLDG%2C%206%20STREET%2030%2C%20AL%20BARAHA%2C%20DUBAI%2C%20UAE%2C%20Ajman%2C%20UAE,,,
932,DXB,DXB,CLINIC,MEDHUB MEDICAL CENTER L.L.C,DHA-F-3731093,JEBEL ALI IND 2,"SHOP NO:- 23, FIRST FLOOR, THE AB MALL, JEBEL ALI INDUSTRIAL AREA 2 - DUBAI, UAE",054-7336363,https://www.google.com/maps/search/?api=1&query=SHOP%20NO%3A-%2023%2C%20FIRST%20FLOOR%2C%20THE%20AB%20MALL%2C%20JEBEL%20ALI%20INDUSTRIAL%20AREA%202%20-%20DUBAI%2C%20UAE%2C%20Ajman%2C%20UAE,,,
933,DXB,DXB,CLINIC,GREEN LIFE MEDICAL CLINIC,DHA-F-0002312,JUMEIRAH 1,"JUMEIRAH 1, DUBAI, UAE",058-5847841,https://www.google.com/maps/search/?api=1&query=JUMEIRAH%201%2C%20DUBAI%2C%20UAE%2C%20Ajman%2C%20UAE,,,
934,DXB,DXB,CLINIC,AL NOOR POLYCLINIC L.L.C (BRANCH),DHA-F-5633552,ALMUTTENA STREET,"GROUND FLOOR, BUILDING NO:1084 SHOP NO:3 PO BOX: 26160 MASAKEN AL MUTEENA STREET, DEIRA, DUBAI, UNITED ARAB EMIRATES",04-5526101,https://www.google.com/maps/search/?api=1&query=GROUND%20FLOOR%2C%20BUILDING%20NO%3A1084%20SHOP%20NO%3A3%20PO%20BOX%3A%2026160%20MASAKEN%20AL%20MUTEENA%20STREET%2C%20DEIRA%2C%20DUBAI%2C%20UNITED%20ARAB%20EMIRATES%2C%20Ajman%2C%20UAE,,,
935,DXB,DXB,CLINIC,HEAVEN MEDICAL CENTRE L.L.C,DHA-F-3479578,JUMEIRAH 3,"VILLA 504B JUMEIRA ST - JUMEIRAH - JUMEIRAH 3, DUBAI, UAE",04-3880006,https://www.google.com/maps/search/?api=1&query=VILLA%20504B%20JUMEIRA%20ST%20-%20JUMEIRAH%20-%20JUMEIRAH%203%2C%20DUBAI%2C%20UAE%2C%20Ajman%2C%20UAE,,,
936,DXB,DXB,CLINIC,SEVEN DENTAL CENTRE L.L.C,DHA-F-0046437,JUMEIRAH 3,"VILLA 506-B, AL NESSNASS STREET - 508A JUMEIRA ST - JUMEIRAH -3, DUBAI, UAE",04-3952177,https://www.google.com/maps/search/?api=1&query=VILLA%20506-B%2C%20AL%20NESSNASS%20STREET%20-%20508A%20JUMEIRA%20ST%20-%20JUMEIRAH%20-3%2C%20DUBAI%2C%20UAE%2C%20Ajman%2C%20UAE,,,
937,DXB,DXB,CLINIC,NAJMAT ALSAQR CLINIC L.L.C,DHA-F-3006003,AL QUSAIS 4,"SHOPE.NO 7,GHAYETH BUILDING, AL QUSAIS 4, DUBAI, UAE",04-2658607,https://www.google.com/maps/search/?api=1&query=SHOPE.NO%207%2CGHAYETH%20BUILDING%2C%20AL%20QUSAIS%204%2C%20DUBAI%2C%20UAE%2C%20Ajman%2C%20UAE,,,
938,DXB,DXB,CLINIC,ABRO CLINIC L.L.C,DHA-F-9685821,AL NAHDA 2,"AHALI HOUSE C, OFF: 502, AL NADHA 2, DUBAI",04-3353755,https://www.google.com/maps/search/?api=1&query=AHALI%20HOUSE%20C%2C%20OFF%3A%20502%2C%20AL%20NADHA%202%2C%20DUBAI%2C%20Ajman%2C%20UAE,,,
939,DXB,DXB,CLINIC,CRX EXPRESS CLINIC L.L.C,DHA-F-4125660,JABEL ALI,"WASL GATE, JABEL ALI,DUBAI,UAE",058-5961144,https://www.google.com/maps/search/?api=1&query=WASL%20GATE%2C%20JABEL%20ALI%2CDUBAI%2CUAE%2C%20Ajman%2C%20UAE,,,
940,DXB,DXB,CLINIC,NAIF MEDICAL CENTER,DHA-F-0045474,NAIF ROAD,"FLAT 104, 1ST FLOOR, ABDULLA HUSSAIN, LOOTAH BUILDING,NAIF ROAD, DEIRA, DUBAI, UAE",04-2712706,https://www.google.com/maps/search/?api=1&query=FLAT%20104%2C%201ST%20FLOOR%2C%20ABDULLA%20HUSSAIN%2C%20LOOTAH%20BUILDING%2CNAIF%20ROAD%2C%20DEIRA%2C%20DUBAI%2C%20UAE%2C%20Ajman%2C%20UAE,,,
941,DXB,DXB,CLINIC,DRONCALL HOME HEALTH CARE CENTER L.L.C,DHA-F-0572585,BUSSINESS BAY,"9TH FLOOR ,CRYSTAL TOWER , BUSINESS BAY ,NEAR DUBAI MALL ,DXB,UAE",02-6730950,https://www.google.com/maps/search/?api=1&query=9TH%20FLOOR%20%2CCRYSTAL%20TOWER%20%2C%20BUSINESS%20BAY%20%2CNEAR%20DUBAI%20MALL%20%2CDXB%2CUAE%2C%20Ajman%2C%20UAE,,,
942,DXB,DXB,CLINIC,ELISTERMED POLYCLINIC L.L.C,DHA-F -5739289,AL OUSAIS,"AL NOOR BUILDING, AL QUSAIS,INDUSTRIAL AREA 3,DUBAI",04-5529935,https://www.google.com/maps/search/?api=1&query=AL%20NOOR%20BUILDING%2C%20AL%20QUSAIS%2CINDUSTRIAL%20AREA%203%2CDUBAI%2C%20Ajman%2C%20UAE,,,
943,DXB,DXB,CLINIC,ELISTERMED PHARMACY L.L.C,DHA-F-1190004,AL OUSAIS,"AL NOOR BUILDING, AL QUSAIS,INDUSTRIAL AREA 3,DUBAI",04-5529951,https://www.google.com/maps/search/?api=1&query=AL%20NOOR%20BUILDING%2C%20AL%20QUSAIS%2CINDUSTRIAL%20AREA%203%2CDUBAI%2C%20Ajman%2C%20UAE,,,
944,DXB,DXB,CLINIC,CARE 7 MEDICAL CENTER LLC ,DHA-F-9348616,INTERNATIONL CITY,"SHOP 1,2 CBD-D02 BUILDING,INTERNATIONAL CITY ,DUBAI,UAE",04-5521433,https://www.google.com/maps/search/?api=1&query=SHOP%201%2C2%20CBD-D02%20BUILDING%2CINTERNATIONAL%20CITY%20%2CDUBAI%2CUAE%2C%20Ajman%2C%20UAE,,,
945,DXB,DXB,CLINIC,PARADISE PLUS POLY CLINIC LLC(BRANCH),DHA-F-5458015,DIP 2,"PARK BAZAAR BUILDING STREET 40, DIP2 - DUBAI - UAE",04-2852454,https://www.google.com/maps/search/?api=1&query=PARK%20BAZAAR%20BUILDING%20STREET%2040%2C%20DIP2%20-%20DUBAI%20-%20UAE%2C%20Ajman%2C%20UAE,,,
946,DXB,DXB,CLINIC,JAVIDA MEDICAL CENTER L.L.C,DHA-F-9617310,RAS AL KHOR,"SHOWROOM 1 & 2, AMA COMMERCIAL BUILDING, 311 AL AWIR ROAD, RAS AL KHOR INDUSTRIAL AREA 3, RAS AL KHOR, DUBAI, UAE",04-3477870,https://www.google.com/maps/search/?api=1&query=SHOWROOM%201%20%26%202%2C%20AMA%20COMMERCIAL%20BUILDING%2C%20311%20AL%20AWIR%20ROAD%2C%20RAS%20AL%20KHOR%20INDUSTRIAL%20AREA%203%2C%20RAS%20AL%20KHOR%2C%20DUBAI%2C%20UAE%2C%20Ajman%2C%20UAE,,,
947,DXB,DXB,CLINIC,SHIELD MEDICAL CENTER-L.L.C-O.P.C,DHA-F-5982353,DUBAI SILICON OASIS,"DUBAI SILICON OASIS,INSIDE UNION COOP BASEMENT ",058-5893366,https://www.google.com/maps/search/?api=1&query=DUBAI%20SILICON%20OASIS%2CINSIDE%20UNION%20COOP%20BASEMENT%2C%20Ajman%2C%20UAE,,,
948,DXB,DXB,CLINIC,SHIELD MEDICAL CENTER-DUBAI BRANCH,DHA-F-7552666,AL TWAR FIRST,"AL TWAR FIRST,INSIDE UNION COOP FIRST FLOOR",058-5817165,https://www.google.com/maps/search/?api=1&query=AL%20TWAR%20FIRST%2CINSIDE%20UNION%20COOP%20FIRST%20FLOOR%2C%20Ajman%2C%20UAE,,,
949,DXB,DXB,CLINIC,SEHA AL NOOR CLINIC L.L.C,DHA-F-6429491,MUHAISNAH,"GROUND FLOOR ,HAMAD ABDUL KAREEM AL AREIF MOSQUE BUILDING ,2-1-1 , MUHAISNAH , DUBAI, UAE",04-5463333,https://www.google.com/maps/search/?api=1&query=GROUND%20FLOOR%20%2CHAMAD%20ABDUL%20KAREEM%20AL%20AREIF%20MOSQUE%20BUILDING%20%2C2-1-1%20%2C%20MUHAISNAH%20%2C%20DUBAI%2C%20UAE%2C%20Ajman%2C%20UAE,,,
950,DXB,DXB,CLINIC,BRIGHT CARE CLINIC L.L.C,DHA-F-7840310,DIP 1,"GROUND FLOOR , AIKO HYPER MARKET , DIP1, DUBAI, UAE",04-8322330,https://www.google.com/maps/search/?api=1&query=GROUND%20FLOOR%20%2C%20AIKO%20HYPER%20MARKET%20%2C%20DIP1%2C%20DUBAI%2C%20UAE%2C%20Ajman%2C%20UAE,,,
951,DXB,DXB,CLINIC,MOOPANS POLYCLINIC L.L.C,DHA-F-1428491,AL QUSAIS IND 5,"MOOPANS MALL,AL QUSAIS IND 5,DUBAI,UAE",04-3578100,https://www.google.com/maps/search/?api=1&query=MOOPANS%20MALL%2CAL%20QUSAIS%20IND%205%2CDUBAI%2CUAE%2C%20Ajman%2C%20UAE,,,
952,DXB,DXB,CLINIC,SIDRA HOME HEALTH CARE CENTER L.L.C,DHA-F-8828824,SHEIKH ZAYED,"OFFICE NO 61 - OASIS CENTRE, SHEIKH ZAYED,DUBAI,UAE",80074372,https://www.google.com/maps/search/?api=1&query=OFFICE%20NO%2061%20-%20OASIS%20CENTRE%2C%20SHEIKH%20ZAYED%2CDUBAI%2CUAE%2C%20Ajman%2C%20UAE,,,
953,DXB,DXB,CLINIC,ZAIN CURA MEDICAL CENTER LLC,DHA-F-9397485,AL RIGGA RD,"6TH FLOOR, AL GHURAIR CENTRE - AL RIGGA RD - DEIRA - DUBAI, UAE",04-5703423,https://www.google.com/maps/search/?api=1&query=6TH%20FLOOR%2C%20AL%20GHURAIR%20CENTRE%20-%20AL%20RIGGA%20RD%20-%20DEIRA%20-%20DUBAI%2C%20UAE%2C%20Ajman%2C%20UAE,,,
954,DXB,DXB,CLINIC,ROYAL SABA MEDICAL CLINIC,DHA-F-5910903,GREECE CLUSTER,"L#02, GREECE CLUSTER, INTERNATIONAL CITY, DUBAI, UAE",04-5807092,https://www.google.com/maps/search/?api=1&query=L%2302%2C%20GREECE%20CLUSTER%2C%20INTERNATIONAL%20CITY%2C%20DUBAI%2C%20UAE%2C%20Ajman%2C%20UAE,,,
955,DXB,DXB,CLINIC,IBN SINA MEDICAL CENTER,DHA-F-0045700,AL RIGGA,"AL OWAIS BUILDING, AL RIGGA, AL MURAKABAT, DUBAI, UAE",04-2221600,https://www.google.com/maps/search/?api=1&query=AL%20OWAIS%20BUILDING%2C%20AL%20RIGGA%2C%20AL%20MURAKABAT%2C%20DUBAI%2C%20UAE%2C%20Ajman%2C%20UAE,,,
956,DXB,DXB,CLINIC,NEEKO POLYCLINIC L.L.C,DHA-F-3359016 ,AL MANKHOUL,"102, FIRST FLOOR, MOSTAFAWI BUSINESS CENTER,NEAR SHARAF DG METRO STATION EXIT-1,AL MANKHOUL, DUBAI, UAE",04-3359025,https://www.google.com/maps/search/?api=1&query=102%2C%20FIRST%20FLOOR%2C%20MOSTAFAWI%20BUSINESS%20CENTER%2CNEAR%20SHARAF%20DG%20METRO%20STATION%20EXIT-1%2CAL%20MANKHOUL%2C%20DUBAI%2C%20UAE%2C%20Ajman%2C%20UAE,,,
957,DXB,DXB,DAYCARE,ASTER DAY SURGERY CENTRE LLC,DHA-F-0002227,BUR DUBAI-KUWAIT ROAD,"MOHAMMAD HUSSAIN ALIYATEEM BUILDING, NEAR ASTER HOSPITAL AL MANKHOOL, KUWAIT ROAD,",04-3814987,https://www.google.com/maps/search/?api=1&query=MOHAMMAD%20HUSSAIN%20ALIYATEEM%20BUILDING%2C%20NEAR%20ASTER%20HOSPITAL%20AL%20MANKHOOL%2C%20KUWAIT%20ROAD%2C%2C%20Ajman%2C%20UAE,,,
958,DXB,DXB,DAYCARE,ARMADA ONE DAY SURGICAL CENTER,DHA-F-0001179,JLT,ARMADA TOWER-CLUSTER P -P2 -GOUND FLOOR JLT DUBAI,04-3990022,https://www.google.com/maps/search/?api=1&query=ARMADA%20TOWER-CLUSTER%20P%20-P2%20-GOUND%20FLOOR%20JLT%20DUBAI%2C%20Ajman%2C%20UAE,,,
959,DXB,DXB,DAYCARE,HEALTHHUB BR.ALFUTTAIM DAY SURGICAL CENTER -FESTIVAL CITY,DHA-F-5696570,FESTIVAL CITY,"DUBAI FESTIVAL CITY , FESTIVAL CITY MALL , NEXT TO IKEA",04-5967100,https://www.google.com/maps/search/?api=1&query=DUBAI%20FESTIVAL%20CITY%20%2C%20FESTIVAL%20CITY%20MALL%20%2C%20NEXT%20TO%20IKEA%2C%20Ajman%2C%20UAE,,,
960,DXB,DXB,DAYCARE,ALOKA EYE CLINIC L.L.C (DAY SURGICAL CENTER),DHA-F-5393958,ALRAFFA,"GROUND FLOOR 3A, AL RAFAA C BUILDING, KUWAIT STREET, DUBAI",04-5466379,https://www.google.com/maps/search/?api=1&query=GROUND%20FLOOR%203A%2C%20AL%20RAFAA%20C%20BUILDING%2C%20KUWAIT%20STREET%2C%20DUBAI%2C%20Ajman%2C%20UAE,,,
961,DXB,DXB,DENTAL,DR SAI GANESH MEDICAL CENTRE L.L.C- DEIRA,DHA-F-0000228,DNATA DEIRA,"FALT#203,SAPPHIRE TOWER,NEAR DNATA (NEXT TO AL HABTOOR/MITSUBISHI, DEIRA), DUBAI, UAE",050-3066315,https://www.google.com/maps/search/?api=1&query=FALT%23203%2CSAPPHIRE%20TOWER%2CNEAR%20DNATA%20%28NEXT%20TO%20AL%20HABTOOR/MITSUBISHI%2C%20DEIRA%29%2C%20DUBAI%2C%20UAE%2C%20Ajman%2C%20UAE,,,
962,DXB,DXB,DENTAL,SAI GANESH MEDICAL CENTRE L.L.C,DHA-F-0001655,DAMASCUS STREET,"SUITE NO. 106, AL FAHED 3, DAMASCUS STREET, AL QUSAIS, DUBAI ",04-2500017,https://www.google.com/maps/search/?api=1&query=SUITE%20NO.%20106%2C%20AL%20FAHED%203%2C%20DAMASCUS%20STREET%2C%20AL%20QUSAIS%2C%20DUBAI%2C%20Ajman%2C%20UAE,,,
963,DXB,DXB,DENTAL,DR. SG POLY CLINIC CO. LLC,DHA-F-1171945,KARAMA,"CRYSTAL BUSINESS CENTRE BUILDING, FIRST FLOOR, OFFICE # 105, BESIDE ADCB BANK, NEAR ADCB METRO STATION, KARAMA.",04-2717500,https://www.google.com/maps/search/?api=1&query=CRYSTAL%20BUSINESS%20CENTRE%20BUILDING%2C%20FIRST%20FLOOR%2C%20OFFICE%20%23%20105%2C%20BESIDE%20ADCB%20BANK%2C%20NEAR%20ADCB%20METRO%20STATION%2C%20KARAMA.%2C%20Ajman%2C%20UAE,,,
964,DXB,DXB,DENTAL,DR SAI GANESH MEDICAL CENTRE L.L.C- SATWA,DHA-F-0001653,SATWA,"DUNES CENTER, CLINIC # 201, 2ND DECEMBER STREET, SATWA, DUBAI",04-3570705,https://www.google.com/maps/search/?api=1&query=DUNES%20CENTER%2C%20CLINIC%20%23%20201%2C%202ND%20DECEMBER%20STREET%2C%20SATWA%2C%20DUBAI%2C%20Ajman%2C%20UAE,,,
965,DXB,DXB,DENTAL,SIKKA DENTAL CLINIC L.L.C,DHA-F-0107973,OUD METHA,"OFFICE 303, METHA PLAZA BUILDING - BLOCK B 18TH ST - OUD METHA - DUBAI",050-2229153,https://www.google.com/maps/search/?api=1&query=OFFICE%20303%2C%20METHA%20PLAZA%20BUILDING%20-%20BLOCK%20B%2018TH%20ST%20-%20OUD%20METHA%20-%20DUBAI%2C%20Ajman%2C%20UAE,,,
966,DXB,DXB,DENTAL,SEVEN D MEDICAL CENTRE L.L.C, DHA-F-5249061,UMM SUQEIMUMM,"801 JUMEIRA ST - UMM SUQEIMUMM - SUQEIM 3, DUBAI, UAE",04-3952377,https://www.google.com/maps/search/?api=1&query=801%20JUMEIRA%20ST%20-%20UMM%20SUQEIMUMM%20-%20SUQEIM%203%2C%20DUBAI%2C%20UAE%2C%20Ajman%2C%20UAE,,,
967,DXB,DXB,DENTAL,SAKURA MEDICAL AND DENTAL CLINIC FZ-LLC,DHA-F-8148455,DUBAI HEALTHCARE CITY,"3004, BLOCK A, BUILDING NO.64, DUBAI HEALTHCARE CITY, PO BOX 124918, DUBAI, UAE ",04-4452875,https://www.google.com/maps/search/?api=1&query=3004%2C%20BLOCK%20A%2C%20BUILDING%20NO.64%2C%20DUBAI%20HEALTHCARE%20CITY%2C%20PO%20BOX%20124918%2C%20DUBAI%2C%20UAE%2C%20Ajman%2C%20UAE,,,
968,DXB,DXB,DIAGNOSTIC CENTRE,MICRO HEALTH MEDICAL LAB,DHA-F-6316298,ZABEEL STREET,"#10 ROCKY BUILDING,ZABEEL STREET,(NEAR CIVIL DEFENSE OFFICE),KARAMA,DUBAI – UAE",04-5474549,https://www.google.com/maps/search/?api=1&query=%2310%20ROCKY%20BUILDING%2CZABEEL%20STREET%2C%28NEAR%20CIVIL%20DEFENSE%20OFFICE%29%2CKARAMA%2CDUBAI%20%E2%80%93%20UAE%2C%20Ajman%2C%20UAE,,,
969,DXB,DXB,DIAGNOSTIC CENTRE,PH DIAGNOSTIC,DHA-F-0001120,BUR DUBAI,"AL ABBAS BUILD.1, FIRST FLOOR, ABOVE MERCADO, OPP NBQ BANK, BANK STREET, BURDUBAI P.BOX: 124202",04-3543350,https://www.google.com/maps/search/?api=1&query=AL%20ABBAS%20BUILD.1%2C%20FIRST%20FLOOR%2C%20ABOVE%20MERCADO%2C%20OPP%20NBQ%20BANK%2C%20BANK%20STREET%2C%20BURDUBAI%20P.BOX%3A%20124202%2C%20Ajman%2C%20UAE,,,
970,DXB,DXB,DIAGNOSTIC CENTRE,TRUST MEDICAL LABORATORY,DHA-F-0048007,AL MAMZAR,"KHALIFA ALI KHALAFI BUILDING,AL KOSHK ROAD, NEAR TO SOCIETY OF ENGINEERS BUILDING, AL MAMZAR,DEIRA, DUBAI, U.A.E",04-2398766,https://www.google.com/maps/search/?api=1&query=KHALIFA%20ALI%20KHALAFI%20BUILDING%2CAL%20KOSHK%20ROAD%2C%20NEAR%20TO%20SOCIETY%20OF%20ENGINEERS%20BUILDING%2C%20AL%20MAMZAR%2CDEIRA%2C%20DUBAI%2C%20U.A.E%2C%20Ajman%2C%20UAE,,,
971,DXB,DXB,DIAGNOSTIC CENTRE,AIRIS IMAGING AND DIAGNOSTIC CENTRE LLC,DHA-F-0001683,AL NAHDA 1,"AL NAHDA 1, AMMAN STREET, OPP.NMC HOSPITAL, AL SHAMSI BUILDING, GROUND FLOOR",04-8525916,https://www.google.com/maps/search/?api=1&query=AL%20NAHDA%201%2C%20AMMAN%20STREET%2C%20OPP.NMC%20HOSPITAL%2C%20AL%20SHAMSI%20BUILDING%2C%20GROUND%20FLOOR%2C%20Ajman%2C%20UAE,,,
972,DXB,DXB,DIAGNOSTIC CENTRE,ASTER IMAGING CENTRE AL MUTEENA BR OF DM HEALTHCARE LLC,DHA-F-0001940,DEIRA -MUTEENA,AL GURAIR REAL ESTATE BUILDING -AL MUTEENA-DUBAI,04-4546001,https://www.google.com/maps/search/?api=1&query=AL%20GURAIR%20REAL%20ESTATE%20BUILDING%20-AL%20MUTEENA-DUBAI%2C%20Ajman%2C%20UAE,,,
973,DXB,DXB,DIAGNOSTIC CENTRE,MEDINOVA DIAGNOSTIC CENTER,DHA-F-0045687,BUR DUBAI,"NEAR AL FAHIDI METRO STATION, KHALID BIN AL WALEED ROAD, BURDUBAI",04-5090400,https://www.google.com/maps/search/?api=1&query=NEAR%20AL%20FAHIDI%20METRO%20STATION%2C%20KHALID%20BIN%20AL%20WALEED%20ROAD%2C%20BURDUBAI%2C%20Ajman%2C%20UAE,,,
974,DXB,DXB,DIAGNOSTIC CENTRE,ASTER MEDICAL LABORATORY BR OF DM HEALTHCARE LLC,DHA-F-0001916,DEIRA-ABUHAIL,ABUHAIL-DUBAI,04-4546001,https://www.google.com/maps/search/?api=1&query=ABUHAIL-DUBAI%2C%20Ajman%2C%20UAE,,,
975,DXB,DXB,DIAGNOSTIC CENTRE,GULF CARE DIAGNOSTIC CENTER LLC,DHA-F-0311028,AL RAFFA,"SHOP#2, BAIT AL WALEED 2, AL RAFFA,DUBAI,UAE",04-3925070,https://www.google.com/maps/search/?api=1&query=SHOP%232%2C%20BAIT%20AL%20WALEED%202%2C%20AL%20RAFFA%2CDUBAI%2CUAE%2C%20Ajman%2C%20UAE,,,
976,DXB,DXB,DIAGNOSTIC CENTRE,STAR METROPOLIS CLINICAL LABORATORIESAND HEALTH SERVICES MIDDLE EAST LLC,DHA-F-0047151,BURDUBAI,"802-803 8TH FLOOR AL MUSSALLA TOWERS,BURDUBAI,DUBAI, UNITED ARAB EMIRATES
",04-3231647,https://www.google.com/maps/search/?api=1&query=802-803%208TH%20FLOOR%20AL%20MUSSALLA%20TOWERS%2CBURDUBAI%2CDUBAI%2C%20UNITED%20ARAB%20EMIRATES%2C%20Ajman%2C%20UAE,,,
977,DXB,DXB,DIAGNOSTIC CENTRE,MEDICAL DIAGNOSTIC AND IMAGING CENTER POLYCLINIC(MEDIC),DHA-F-0045588,AL HAMSA BUILDING KHALID BIN WALID STREET,"AL HAMSA BUILDING KHALID BIN WALID STREET ANSAR GALLERY 204, 205, 206, 207, 208, 209,DUBAI,UAE",04-3885000,https://www.google.com/maps/search/?api=1&query=AL%20HAMSA%20BUILDING%20KHALID%20BIN%20WALID%20STREET%20ANSAR%20GALLERY%20204%2C%20205%2C%20206%2C%20207%2C%20208%2C%20209%2CDUBAI%2CUAE%2C%20Ajman%2C%20UAE,,,
978,DXB,DXB,DIAGNOSTIC CENTRE,LIFE DIAGNOSTICS MEDICAL LABORATORIES,DHA-F-2627666,"BUSINESS BAY, BAY SQUARE","BUSINESS BAY, BAY SQUARE, BUILDING 6, PLAZA LEVEL, P.O.BOX 418021, DUBAI, UAE",600551636,https://www.google.com/maps/search/?api=1&query=BUSINESS%20BAY%2C%20BAY%20SQUARE%2C%20BUILDING%206%2C%20PLAZA%20LEVEL%2C%20P.O.BOX%20418021%2C%20DUBAI%2C%20UAE%2C%20Ajman%2C%20UAE,,,
979,DXB,DXB,DIAGNOSTIC CENTRE,BIOHEALTH DIAGNOSTIC CENTER,DHA-F-0001377,UMM HURAIR RD,"ARIF & BINTOAK – BUILDING, NEAR KARAMA MARKET, UMM HURAIR RD, AL KARAMA - DUBAI, UAE",04-3885828,https://www.google.com/maps/search/?api=1&query=ARIF%20%26%20BINTOAK%20%E2%80%93%20BUILDING%2C%20NEAR%20KARAMA%20MARKET%2C%20UMM%20HURAIR%20RD%2C%20AL%20KARAMA%20-%20DUBAI%2C%20UAE%2C%20Ajman%2C%20UAE,,,
980,DXB,DXB,DIAGNOSTIC CENTRE,FORTE CLINICAL LABORATORY L.L.C,DHA-F-2573668,AL GARHOUD ,"PO BOX 214-545, S-G09 / S-G10, AL GARHOUD BUSINESS CENTRE, GARHOUD, DUBAI,","0569925611,800 325 222",https://www.google.com/maps/search/?api=1&query=PO%20BOX%20214-545%2C%20S-G09%20/%20S-G10%2C%20AL%20GARHOUD%20BUSINESS%20CENTRE%2C%20GARHOUD%2C%20DUBAI%2C%2C%20Ajman%2C%20UAE,,,
981,DXB,DXB,DIAGNOSTIC CENTRE,LAB247 DIAGNOSTICS LLC,DHA-F-9150384,AL MURAQQABAT ST,"M21 - 35 AL MURAQQABAT ST -  AL DAR BUILDING, DEIRA, DUBAI",050-5131247,https://www.google.com/maps/search/?api=1&query=M21%20-%2035%20AL%20MURAQQABAT%20ST%20-%20%20AL%20DAR%20BUILDING%2C%20DEIRA%2C%20DUBAI%2C%20Ajman%2C%20UAE,,,
982,DXB,DXB,DIAGNOSTIC CENTRE,AIRIS IMAGING AND DIAGNOSTICS CENTER LLC,DHA-F-9482471,DUBAI GREEN COMMUNITY,"SHOP 10, LULU HYPERMARKET BUILDING, DUBAI GREEN COMMUNITY, DIP, DUBAI",04-2638836,https://www.google.com/maps/search/?api=1&query=SHOP%2010%2C%20LULU%20HYPERMARKET%20BUILDING%2C%20DUBAI%20GREEN%20COMMUNITY%2C%20DIP%2C%20DUBAI%2C%20Ajman%2C%20UAE,,,
983,DXB,DXB,HOSPITAL,MEDEOR 24X7 HOSPITAL LLC(BUR DUBAI),DHA-F-0001149,BURDUBAI,"CONSULATES AREA, SHEIKH KHALIFA BIN ZAYED ROAD, BUR DUBAI - DUBAI",04-3500600,https://www.google.com/maps/search/?api=1&query=CONSULATES%20AREA%2C%20SHEIKH%20KHALIFA%20BIN%20ZAYED%20ROAD%2C%20BUR%20DUBAI%20-%20DUBAI%2C%20Ajman%2C%20UAE,,,
984,DXB,DXB,HOSPITAL,IRANIAN HOSPITAL,DHA-F-0001219,AL BADA,"AL BADA, AL WASL ROAD, 333-406,",04-344 0250,https://www.google.com/maps/search/?api=1&query=AL%20BADA%2C%20AL%20WASL%20ROAD%2C%20333-406%2C%2C%20Ajman%2C%20UAE,,,
985,DXB,DXB,HOSPITAL,MEDSTAR HEALTHCARE LLC,DHA-F-0001391,OUD METHA,"GROUND FLOOR, GULF TOWERS - OUD METHA RD - DUBAI",800 2233,https://www.google.com/maps/search/?api=1&query=GROUND%20FLOOR%2C%20GULF%20TOWERS%20-%20OUD%20METHA%20RD%20-%20DUBAI%2C%20Ajman%2C%20UAE,,,
986,DXB,DXB,HOSPITAL,INTERNATIONAL MODERN HOSPITAL,DHA-F-0046879,BUR DUBAI,"SHEIKH RASHID ROAD, AL RAFA’A AREA, BUR DUBAI, P.O. BOX: 121735, DUBAI, UAE",04-4063000,https://www.google.com/maps/search/?api=1&query=SHEIKH%20RASHID%20ROAD%2C%20AL%20RAFA%E2%80%99A%20AREA%2C%20BUR%20DUBAI%2C%20P.O.%20BOX%3A%20121735%2C%20DUBAI%2C%20UAE%2C%20Ajman%2C%20UAE,,,
987,DXB,DXB,HOSPITAL,HATTA HOSPITAL,DHA-F-0047969,HATTA HILL PARK,"HATTA,NEAR HATTA HILL PARK-DUBAI",04-814 7000,https://www.google.com/maps/search/?api=1&query=HATTA%2CNEAR%20HATTA%20HILL%20PARK-DUBAI%2C%20Ajman%2C%20UAE,,,
988,DXB,DXB,HOSPITAL,CANADIAN SPECIALIST HOSPITAL,DHA-F-0047278,DEIRA,"ABU HAIL , DEIRA-DUBAI UAE",04-7072222,https://www.google.com/maps/search/?api=1&query=ABU%20HAIL%20%2C%20DEIRA-DUBAI%20UAE%2C%20Ajman%2C%20UAE,,,
989,DXB,DXB,HOSPITAL,BELHOUL SPECIALITY HOSPITAL,DHA-F-0046396,DEIRA,"2ND STREET, AL KHALEEJ RD, DEIRA",04-2733333,https://www.google.com/maps/search/?api=1&query=2ND%20STREET%2C%20AL%20KHALEEJ%20RD%2C%20DEIRA%2C%20Ajman%2C%20UAE,,,
990,DXB,DXB,HOSPITAL,ASTER HOSPITAL-MANKHOOL,DHA-F-0001169,BUR DUBAI,"MANKHOOL, KUWAIT ROAD, AL MANKHOOL, BUR DUBAI",04 440 0500,https://www.google.com/maps/search/?api=1&query=MANKHOOL%2C%20KUWAIT%20ROAD%2C%20AL%20MANKHOOL%2C%20BUR%20DUBAI%2C%20Ajman%2C%20UAE,,,
991,DXB,DXB,HOSPITAL,ASTER CEDARS HOSPITAL JEBEL ALI,DHA-F-0045696,JEBEL ALI,FREE ZONE JEBEL ALI,04-8814000,https://www.google.com/maps/search/?api=1&query=FREE%20ZONE%20JEBEL%20ALI%2C%20Ajman%2C%20UAE,,,
992,DXB,DXB,HOSPITAL,ASTER HOSPITAL- AL QUSAIS,DHA-F-0002431,QUSAIS,"9 A STREET, AL QUSAIS INDUSTRIAL AREA 2, AL QUSAIS",04-4546001,https://www.google.com/maps/search/?api=1&query=9%20A%20STREET%2C%20AL%20QUSAIS%20INDUSTRIAL%20AREA%202%2C%20AL%20QUSAIS%2C%20Ajman%2C%20UAE,,,
993,DXB,DXB,HOSPITAL,ASTER HOSPITAL SONAPUR,DHA-F-0168844,SONAPUR,"P.O.BOX: 119428, SONAPUR, ALGERIA STREET, MUHAISNAH",04-4005004,https://www.google.com/maps/search/?api=1&query=P.O.BOX%3A%20119428%2C%20SONAPUR%2C%20ALGERIA%20STREET%2C%20MUHAISNAH%2C%20Ajman%2C%20UAE,,,
994,DXB,DXB,HOSPITAL,N.M.C SPECIALTY HOSPITAL LTD - DUBAI BRANCH(FORMERLY NMC SPECIALTY HOSPITAL-AL NAHADA),DHA-F-0046789,AL NAHDA 2,"AMMAN STREET, AL NAHDA 2 ,DUBAI",04-2122599,https://www.google.com/maps/search/?api=1&query=AMMAN%20STREET%2C%20AL%20NAHDA%202%20%2CDUBAI%2C%20Ajman%2C%20UAE,,,
995,DXB,DXB,HOSPITAL,NMC ROYAL HOSPITAL LTD - DUBAI BRANCH(FORMERLY NMC HOSPITAL DIP),DHA-F-0000926,DIP 1,"NMC ROYAL HOSPITAL,ADJACENT TO FALCON HOUSE ,DUBAI INVESTMENT PARK 1,P.O BOX 7832DUBAI INVESTMENTS PARK , DUBAI",04-8108800,https://www.google.com/maps/search/?api=1&query=NMC%20ROYAL%20HOSPITAL%2CADJACENT%20TO%20FALCON%20HOUSE%20%2CDUBAI%20INVESTMENT%20PARK%201%2CP.O%20BOX%207832DUBAI%20INVESTMENTS%20PARK%20%2C%20DUBAI%2C%20Ajman%2C%20UAE,,,
996,DXB,DXB,HOSPITAL,NMC SPECIALTY HOSPITAL DIP BR OF NMC ROYAL HOSPITAL LTD DUBAI BRANCH,DHA-F-4028565,DIP 1,"PLOT NO 598-639, IN FRONT OF GREEN COMMUNITY,AL ZAROUNI BUILDING, DIP 1, DUBAI, UAE",04-8019129,https://www.google.com/maps/search/?api=1&query=PLOT%20NO%20598-639%2C%20IN%20FRONT%20OF%20GREEN%20COMMUNITY%2CAL%20ZAROUNI%20BUILDING%2C%20DIP%201%2C%20DUBAI%2C%20UAE%2C%20Ajman%2C%20UAE,,,
997,DXB,DXB,PHARMACY,ZEN LIFE PHARMACY CO LLC,DHA-F-1696087,AL JADDAF,"SHOP 3A, EMERALD JADAF METRO BUILDING, AL JADAF",04-3238235,https://www.google.com/maps/search/?api=1&query=SHOP%203A%2C%20EMERALD%20JADAF%20METRO%20BUILDING%2C%20AL%20JADAF%2C%20Ajman%2C%20UAE,,,
998,DXB,DXB,PHARMACY,ZAMZAM PHARMACY LLC,DHA-F-0046434,AL QUOZ,"AL QUOZ, INDUSTRIAL AREA-1, PO BOX:38482",04-3334935,https://www.google.com/maps/search/?api=1&query=AL%20QUOZ%2C%20INDUSTRIAL%20AREA-1%2C%20PO%20BOX%3A38482%2C%20Ajman%2C%20UAE,,,
999,DXB,DXB,PHARMACY,AL JABRI PHARMACY,DHA-F-0047179,DUBAI,"32C STREET, AL MIZHAR 1",04-2875296,https://www.google.com/maps/search/?api=1&query=32C%20STREET%2C%20AL%20MIZHAR%201%2C%20Ajman%2C%20UAE,,,
1000,DXB,DXB,PHARMACY,AL BAIROONI PHARMACY LLC,DHA-F-0045959,KARAMA,"BIN HUMAIDEN BLDG, FLAT-3, 4A STREET, NEAR BURJUMAN METRO EXIT-2, AL KARAMA.",04-3709179,https://www.google.com/maps/search/?api=1&query=BIN%20HUMAIDEN%20BLDG%2C%20FLAT-3%2C%204A%20STREET%2C%20NEAR%20BURJUMAN%20METRO%20EXIT-2%2C%20AL%20KARAMA.%2C%20Ajman%2C%20UAE,,,
1001,DXB,DXB,PHARMACY,MEDEOR 24X7 HOSPITAL PHARMACY LLC,DHA-F-0001184,BURDUBAI,"CONSULATES AREA, SHEIKH KHALIFA BIN ZAYED ROAD, BUR DUBAI - DUBAI",04-3500600,https://www.google.com/maps/search/?api=1&query=CONSULATES%20AREA%2C%20SHEIKH%20KHALIFA%20BIN%20ZAYED%20ROAD%2C%20BUR%20DUBAI%20-%20DUBAI%2C%20Ajman%2C%20UAE,,,
1002,DXB,DXB,PHARMACY,OASIS PHARMACY LLC,DHA-F-0045743,SHEIK ZYED ROAD,"BLOCK - A SHOP NO. 13 & 14, DUBAI WORLD TRADE CENTER HOTEL APARTMENTS, OPPOSITE DUBAI WORLD TRADE CENTER METRO STATION, SHEIK ZYED ROAD DUBAI.",04-3313391,https://www.google.com/maps/search/?api=1&query=BLOCK%20-%20A%20SHOP%20NO.%2013%20%26%2014%2C%20DUBAI%20WORLD%20TRADE%20CENTER%20HOTEL%20APARTMENTS%2C%20OPPOSITE%20DUBAI%20WORLD%20TRADE%20CENTER%20METRO%20STATION%2C%20SHEIK%20ZYED%20ROAD%20DUBAI.%2C%20Ajman%2C%20UAE,,,
1003,DXB,DXB,PHARMACY,AL BARAKA PHARMACY LLC,DHA-F-0045869,AL NAKHEEL ROAD,"SHOP NO. 9 & 10, A & B BLOCK, BEHIND OLD AL MAKTOUM HOSPITAL, AL NAKHEEL ROAD, YOUSUF BAKER ROAD, DEIRA DUBAI - U.A.E.",04-2230500,https://www.google.com/maps/search/?api=1&query=SHOP%20NO.%209%20%26%2010%2C%20A%20%26%20B%20BLOCK%2C%20BEHIND%20OLD%20AL%20MAKTOUM%20HOSPITAL%2C%20AL%20NAKHEEL%20ROAD%2C%20YOUSUF%20BAKER%20ROAD%2C%20DEIRA%20DUBAI%20-%20U.A.E.%2C%20Ajman%2C%20UAE,,,
1004,DXB,DXB,PHARMACY,AL JUMEIYAH AL TAAWONIYAH PHARMACY LLC,DHA-F-0045851,KARAMA,"SHOP NO. 2, GROUND FLOOR, UNION CO-OP SOCIETY, 30TH STREET, MANKHOOL, KARAMA DUBAI - U.A.E.",04-3986302,https://www.google.com/maps/search/?api=1&query=SHOP%20NO.%202%2C%20GROUND%20FLOOR%2C%20UNION%20CO-OP%20SOCIETY%2C%2030TH%20STREET%2C%20MANKHOOL%2C%20KARAMA%20DUBAI%20-%20U.A.E.%2C%20Ajman%2C%20UAE,,,
1005,DXB,DXB,PHARMACY,BADER PHARMACY LLC,DHA-F-0045879,KARAMA,"SHOP NO. 10 & 11, GROUND FLOOR, KIFAF 2 BUILDING, NEAR SUNRISE SUPERMARKET, OPPOSITE CITY CORNER, KARAMA DUBAI - U.A.E.",04-3348129,https://www.google.com/maps/search/?api=1&query=SHOP%20NO.%2010%20%26%2011%2C%20GROUND%20FLOOR%2C%20KIFAF%202%20BUILDING%2C%20NEAR%20SUNRISE%20SUPERMARKET%2C%20OPPOSITE%20CITY%20CORNER%2C%20KARAMA%20DUBAI%20-%20U.A.E.%2C%20Ajman%2C%20UAE,,,
1006,DXB,DXB,PHARMACY,CARE & CURE PHARMACY LLC,DHA-F-0047979,JEBEL ALI ,"SHOP NO. 04, BUILDING NO. 15, CLUSTER ZEN 02, PLOT NO. 853, DISCOVERY GARDENS, STREET 1, JEBEL ALI-1, DUBAI, U.A.E.",04-4390384,https://www.google.com/maps/search/?api=1&query=SHOP%20NO.%2004%2C%20BUILDING%20NO.%2015%2C%20CLUSTER%20ZEN%2002%2C%20PLOT%20NO.%20853%2C%20DISCOVERY%20GARDENS%2C%20STREET%201%2C%20JEBEL%20ALI-1%2C%20DUBAI%2C%20U.A.E.%2C%20Ajman%2C%20UAE,,,
1007,DXB,DXB,PHARMACY,CORNICHE PHARMACY LLC,DHA-F-0045866,JUMEIRAH 1,"SHOP NO. 21, GROUND FLOOR, JUMEIRAH BEACH CENTRE COMPLEX, JUMEIRAH - 1 DUBAI - U.A.E.",04-3447220,https://www.google.com/maps/search/?api=1&query=SHOP%20NO.%2021%2C%20GROUND%20FLOOR%2C%20JUMEIRAH%20BEACH%20CENTRE%20COMPLEX%2C%20JUMEIRAH%20-%201%20DUBAI%20-%20U.A.E.%2C%20Ajman%2C%20UAE,,,
1008,DXB,DXB,PHARMACY,HATTA PHARMACY LLC,DHA-F-0047338,HATTA,"SHOP NO.1, GROUND FLOOR, EMIRATES CO-OPERATIVE SOCIETY, NEAR HATTA FORT HOTEL, OPPOSITE EMIRATES NBD BANK, OMAN ROAD, HATTA DUBAI - U.A.E.",04-8521794,https://www.google.com/maps/search/?api=1&query=SHOP%20NO.1%2C%20GROUND%20FLOOR%2C%20EMIRATES%20CO-OPERATIVE%20SOCIETY%2C%20NEAR%20HATTA%20FORT%20HOTEL%2C%20OPPOSITE%20EMIRATES%20NBD%20BANK%2C%20OMAN%20ROAD%2C%20HATTA%20DUBAI%20-%20U.A.E.%2C%20Ajman%2C%20UAE,,,
1009,DXB,DXB,PHARMACY,HORIZON HEALTH PHARMACY LLC,DHA-F-0047906,BARSHA,"GROUND FLOOR, AL THURAYA TOWER, OPPOSITE TIME HOTEL, BARSHA HEIGHTS/TECOM, DUBAI",04-4541225,https://www.google.com/maps/search/?api=1&query=GROUND%20FLOOR%2C%20AL%20THURAYA%20TOWER%2C%20OPPOSITE%20TIME%20HOTEL%2C%20BARSHA%20HEIGHTS/TECOM%2C%20DUBAI%2C%20Ajman%2C%20UAE,,,
1010,DXB,DXB,PHARMACY,NAD SHAMMA PHARMACY LLC,DHA-F-0000876,AL RASHIDIYA,"SHOP NO.3, OLD KADOOLI BUILDING, NEAR FIRE STATION, AL RASHIDIYA, DUBAI",04-2514107,https://www.google.com/maps/search/?api=1&query=SHOP%20NO.3%2C%20OLD%20KADOOLI%20BUILDING%2C%20NEAR%20FIRE%20STATION%2C%20AL%20RASHIDIYA%2C%20DUBAI%2C%20Ajman%2C%20UAE,,,
1011,DXB,DXB,PHARMACY,VIVA PHARMACY LLC,DHA-F-3381915,JUMEIRAH 1,"VILLA NO.117B, AL WASL ROAD JUMEIRAH 1ST",04-3231317,https://www.google.com/maps/search/?api=1&query=VILLA%20NO.117B%2C%20AL%20WASL%20ROAD%20JUMEIRAH%201ST%2C%20Ajman%2C%20UAE,,,
1012,DXB,DXB,PHARMACY,SANA PHARMACY LLC,DHA-F-0045876,KARAMA,"SHOP NO. 4, NEAR KARAMA SIGNAL, KARAMA 4 BUILDING, 46B STREET, KARAMA DUBAI - U.A.E.",04-3377028,https://www.google.com/maps/search/?api=1&query=SHOP%20NO.%204%2C%20NEAR%20KARAMA%20SIGNAL%2C%20KARAMA%204%20BUILDING%2C%2046B%20STREET%2C%20KARAMA%20DUBAI%20-%20U.A.E.%2C%20Ajman%2C%20UAE,,,
1013,DXB,DXB,PHARMACY,AL MUSAIF PHARMACY,DHA-F-0045894,HATTA,"SUROOR BUILDING OPP.EPCO PETROL STATION, HATTA,DUBAI",04-8521039,https://www.google.com/maps/search/?api=1&query=SUROOR%20BUILDING%20OPP.EPCO%20PETROL%20STATION%2C%20HATTA%2CDUBAI%2C%20Ajman%2C%20UAE,,,
1014,DXB,DXB,PHARMACY,NEW NAWRAS PHARMACY,DHA-F-0000710,JEBEL ALI,"FOOD COURT 3,FIRST COMMERCIAL CENTRE,JABEL ALI FREE ZONE.",48807112,https://www.google.com/maps/search/?api=1&query=FOOD%20COURT%203%2CFIRST%20COMMERCIAL%20CENTRE%2CJABEL%20ALI%20FREE%20ZONE.%2C%20Ajman%2C%20UAE,,,
1015,DXB,DXB,PHARMACY,VILLAGE PHARMACY,DHA-F-0000572,JAFZA,"VILLAGE HYPERMARKET BUILDING, NEAR WEST ACCOMMODATION, NEAR JUNCTION 8, JAFZA",04-8839904,https://www.google.com/maps/search/?api=1&query=VILLAGE%20HYPERMARKET%20BUILDING%2C%20NEAR%20WEST%20ACCOMMODATION%2C%20NEAR%20JUNCTION%208%2C%20JAFZA%2C%20Ajman%2C%20UAE,,,
1016,DXB,DXB,PHARMACY,NEW VIDA PHARMACY CO L L C,DHA-F-6217797,MUHAISNAH,"AL MADINA HYPERMARKET​32, 6A STREET ​G FLOOR",04-3283333,https://www.google.com/maps/search/?api=1&query=AL%20MADINA%20HYPERMARKET%E2%80%8B32%2C%206A%20STREET%20%E2%80%8BG%20FLOOR%2C%20Ajman%2C%20UAE,,,
1017,DXB,DXB,PHARMACY,VCARE PHARMACY LLC,DHA-F-0001305,AL NAHDA 1,"LOCATION : AL NAHDA 1 , BUILDING : NASMAH TOWER ,DUBAI,PO BOX : 236676",04-2389492,https://www.google.com/maps/search/?api=1&query=LOCATION%20%3A%20AL%20NAHDA%201%20%2C%20BUILDING%20%3A%20NASMAH%20TOWER%20%2CDUBAI%2CPO%20BOX%20%3A%20236676%2C%20Ajman%2C%20UAE,,,
1018,DXB,DXB,PHARMACY,UNICARE PHARMACY-BURJUMAN CENTRE,DHA-F-0048005,BURJUMAN,"GROUND FLOOR, NEXT TO FILLI CAFÉ, BURJUMAN CENTRE, NEAR METRO EXIT 3",04-3529292,https://www.google.com/maps/search/?api=1&query=GROUND%20FLOOR%2C%20NEXT%20TO%20FILLI%20CAF%C3%89%2C%20BURJUMAN%20CENTRE%2C%20NEAR%20METRO%20EXIT%203%2C%20Ajman%2C%20UAE,,,
1019,DXB,DXB,PHARMACY,UNICARE STAR PHARMACY-SATWA,DHA-F-0000308,SATWA,"NEAR BAQER MOHEBI SUPERMARKET, MANKHOOL ROAD, SATWA",04-3868811,https://www.google.com/maps/search/?api=1&query=NEAR%20BAQER%20MOHEBI%20SUPERMARKET%2C%20MANKHOOL%20ROAD%2C%20SATWA%2C%20Ajman%2C%20UAE,,,
1020,DXB,DXB,PHARMACY,BURJEEL AL HAYYAT PHARMACY,DHA-F-0002353,JEBEL ALI,JEBEL ALI,04-3519199,https://www.google.com/maps/search/?api=1&query=JEBEL%20ALI%2C%20Ajman%2C%20UAE,,,
1021,DXB,DXB,PHARMACY,BETTER LIFE PHARMACY,DHA-F-0047152,AL QUOZ,"GROUND FLOOR, GRAND CITY MALL, AL QUOZ INDUSTRIAL AREA 4, AL QUOZ,DUBAI",04-3414626/8007400,https://www.google.com/maps/search/?api=1&query=GROUND%20FLOOR%2C%20GRAND%20CITY%20MALL%2C%20AL%20QUOZ%20INDUSTRIAL%20AREA%204%2C%20AL%20QUOZ%2CDUBAI%2C%20Ajman%2C%20UAE,,,
1022,DXB,DXB,PHARMACY,PARK BETTER LIFE PHARMACY,DHA-F-0047728,DIP,"GROUND FLOOR, PARK SHOPPING MALL, DIP,DUBAI.",04-8848859/8007400,https://www.google.com/maps/search/?api=1&query=GROUND%20FLOOR%2C%20PARK%20SHOPPING%20MALL%2C%20DIP%2CDUBAI.%2C%20Ajman%2C%20UAE,,,
1023,DXB,DXB,PHARMACY,NEW BETTER LIFE PHARMACY,DHA-F-0047646,AL QUOZ,"BUIDLING NAME-AL QOUZ MALL , SHOP NO 26 , MAKANI NO-2075479749",04-3466097/8007400,https://www.google.com/maps/search/?api=1&query=BUIDLING%20NAME-AL%20QOUZ%20MALL%20%2C%20SHOP%20NO%2026%20%2C%20MAKANI%20NO-2075479749%2C%20Ajman%2C%20UAE,,,
1024,DXB,DXB,PHARMACY,JUMEIRA BETTER LIFE PHARMACY,DHA-F-0000250,JUMEIRAH,"NO.4 BUILDING M1, AMSA JUMEIRAH VILLAGE CIRCLE, DUBAI.",04-4472086/8007400,https://www.google.com/maps/search/?api=1&query=NO.4%20BUILDING%20M1%2C%20AMSA%20JUMEIRAH%20VILLAGE%20CIRCLE%2C%20DUBAI.%2C%20Ajman%2C%20UAE,,,
1025,DXB,DXB,PHARMACY,AL RAYAN PHARMACY,DHA-F-0045767,KARAMA,"45B STREET 43,KARAMA GOLD BUILDING,ARIF & BINTOAK BUILDING,ZABEEL ROAD,DUBAI",04-3347476/8007400,https://www.google.com/maps/search/?api=1&query=45B%20STREET%2043%2CKARAMA%20GOLD%20BUILDING%2CARIF%20%26%20BINTOAK%20BUILDING%2CZABEEL%20ROAD%2CDUBAI%2C%20Ajman%2C%20UAE,,,
1026,DXB,DXB,PHARMACY,GATE BETTER LIFE PHARMACY,DHA-F-0001326,DUBAI,"SHOP 1 & 2, NEW WEST ZONE MALL, AL KHAIL GATE, DUBAI.",04-5586281/8007400,https://www.google.com/maps/search/?api=1&query=SHOP%201%20%26%202%2C%20NEW%20WEST%20ZONE%20MALL%2C%20AL%20KHAIL%20GATE%2C%20DUBAI.%2C%20Ajman%2C%20UAE,,,
1027,DXB,DXB,PHARMACY,AL AZHAR AL JADEEDA PHARMACY (JABEL ALI),DHA-F-0048021,JEBEL ALI ,JEBEL ALI,04-8800703/8007400,https://www.google.com/maps/search/?api=1&query=JEBEL%20ALI%2C%20Ajman%2C%20UAE,,,
1028,DXB,DXB,PHARMACY,AL AZHAR PHARMACY (DIP-1),DHA-F-0047441,DIP 1,DIP 1,04-8859598/8007400,https://www.google.com/maps/search/?api=1&query=DIP%201%2C%20Ajman%2C%20UAE,,,
1029,DXB,DXB,PHARMACY,RAHEQ ALAZHAR PHARMACY L.L.C,DHA-F-7010191,JEBEL ALI,BUILDING NAME: XPO MALL ; STREET NAME: MADINAT HYPERMARKET APARTMENT/VILLA NUMBER: 4 ;AREA NAME: JEBEL ALI INDUSTRIAL-1,04-3836323/8007400,https://www.google.com/maps/search/?api=1&query=BUILDING%20NAME%3A%20XPO%20MALL%20%3B%20STREET%20NAME%3A%20MADINAT%20HYPERMARKET%20APARTMENT/VILLA%20NUMBER%3A%204%20%3BAREA%20NAME%3A%20JEBEL%20ALI%20INDUSTRIAL-1%2C%20Ajman%2C%20UAE,,,
1030,DXB,DXB,PHARMACY,AL MANZIL PHARMACY (DIP-2),DHA-F-0047986,DIP 2,DIP 2,8007400,https://www.google.com/maps/search/?api=1&query=DIP%202%2C%20Ajman%2C%20UAE,,,
1031,DXB,DXB,PHARMACY,AL MADINA AL SANAIYA PHARMACY (AL QUOZ),DHA-F-0046940,AL QUOZ,AL QUOZ,04-3406761/8007400,https://www.google.com/maps/search/?api=1&query=AL%20QUOZ%2C%20Ajman%2C%20UAE,,,
1032,DXB,DXB,PHARMACY,AL SANAIYA PHARMACY (SONAPUR),DHA-F-0046342,SONAPUR,SONAPUR,04-2543500/8007400,https://www.google.com/maps/search/?api=1&query=SONAPUR%2C%20Ajman%2C%20UAE,,,
1033,DXB,DXB,PHARMACY,NEW SANAIYA PHARMACY (SONAPUR),DHA-F-0046435,SONAPUR,SONAPUR,04-2648202/8007400,https://www.google.com/maps/search/?api=1&query=SONAPUR%2C%20Ajman%2C%20UAE,,,
1034,DXB,DXB,PHARMACY,RUBY PHARMACY,DHA-F-0047501,INT.CITY,INT.CITY,04-4226899/8007400,https://www.google.com/maps/search/?api=1&query=INT.CITY%2C%20Ajman%2C%20UAE,,,
1035,DXB,DXB,PHARMACY,ROYAL RUBY PHARMACY - DIP-1,DHA-F-0001605,DIP-1,DIP-1,8007400,https://www.google.com/maps/search/?api=1&query=DIP-1%2C%20Ajman%2C%20UAE,,,
1036,DXB,DXB,PHARMACY,AL MANZIL AL JADEED PHARMACY LLC,DHA-F-0002444,ALAWEER,ALAWEER,8007400,https://www.google.com/maps/search/?api=1&query=ALAWEER%2C%20Ajman%2C%20UAE,,,
1037,DXB,DXB,PHARMACY,RIGHT HEALTH PHARMACY L.L.C,DHA-F-4773190,MUHAISNAH,"BLOCK -19,MUHAISANAH SECOND, PLOT NUM: 54,SHOP NO 2 & 3,DUBAI,UAE",04-3335502/8007400,https://www.google.com/maps/search/?api=1&query=BLOCK%20-19%2CMUHAISANAH%20SECOND%2C%20PLOT%20NUM%3A%2054%2CSHOP%20NO%202%20%26%203%2CDUBAI%2CUAE%2C%20Ajman%2C%20UAE,,,
1038,DXB,DXB,PHARMACY,REMEDY PLUS PHARMACY LLC,DHA-F-0830902,AL QUOZ,"BESIDE AL GHURAIR EXCHANGE,OPP. TO BELHASA DRIVING SCHOOL,AL QOUZ-3,DUBAI,U.A.E",04-3202275,https://www.google.com/maps/search/?api=1&query=BESIDE%20AL%20GHURAIR%20EXCHANGE%2COPP.%20TO%20BELHASA%20DRIVING%20SCHOOL%2CAL%20QOUZ-3%2CDUBAI%2CU.A.E%2C%20Ajman%2C%20UAE,,,
1039,DXB,DXB,PHARMACY,NEO PHARMACY LLC-DIP 2,DHA-F-3188019,PASONS,"FAKHREE CENTRE ,PASONS HYPERMARKET,FIRST FLOOR, DIP 2",04-8814919,https://www.google.com/maps/search/?api=1&query=FAKHREE%20CENTRE%20%2CPASONS%20HYPERMARKET%2CFIRST%20FLOOR%2C%20DIP%202%2C%20Ajman%2C%20UAE,,,
1040,DXB,DXB,PHARMACY,NEO PHARMACY LLC BRANCH-ALQOUZ 2,DHA-F-3617896,ALQUOZ 2,"NEAR OLA AL MADEENA S/M,AL QUOZ 2",04-3320266,https://www.google.com/maps/search/?api=1&query=NEAR%20OLA%20AL%20MADEENA%20S/M%2CAL%20QUOZ%202%2C%20Ajman%2C%20UAE,,,
1041,DXB,DXB,PHARMACY,NEO PHARMACY LLC BRANCH-JEBAL ALI IND 2,DHA-F-2386189,JEBEL ALI,"SALIM ALI RASHID BUILDING,JEBEL ALI IND 2",04 3885436,https://www.google.com/maps/search/?api=1&query=SALIM%20ALI%20RASHID%20BUILDING%2CJEBEL%20ALI%20IND%202%2C%20Ajman%2C%20UAE,,,
1042,DXB,DXB,PHARMACY,NEO PHARMACY LLC (FORMERLY NEO PHARMACY LLC BRANCH ALQOUZ 1),DHA-F-3687695,RAS AL KHOR,"SHOP NO. 2, GROUND FLOOR ,BUILDING NAME: RASHED AL MAGOODI, AL FALASI BUILDING,RAS AL KHOR INDUSTRIAL AREA 1,DUBAI,UAE",04-2360063,https://www.google.com/maps/search/?api=1&query=SHOP%20NO.%202%2C%20GROUND%20FLOOR%20%2CBUILDING%20NAME%3A%20RASHED%20AL%20MAGOODI%2C%20AL%20FALASI%20BUILDING%2CRAS%20AL%20KHOR%20INDUSTRIAL%20AREA%201%2CDUBAI%2CUAE%2C%20Ajman%2C%20UAE,,,
1043,DXB,DXB,PHARMACY,RALS PHARMACY,DHA-F-8660361,BAGHDAD STREET,"BIN SHABIB MALL, GROUND FLOOR, BAGHDAD STREET, AL QUSAIS, OPP MOHRE",04-2275777,https://www.google.com/maps/search/?api=1&query=BIN%20SHABIB%20MALL%2C%20GROUND%20FLOOR%2C%20BAGHDAD%20STREET%2C%20AL%20QUSAIS%2C%20OPP%20MOHRE%2C%20Ajman%2C%20UAE,,,
1044,DXB,DXB,PHARMACY,BLUE LIFE PHARMACY,DHA-F-5253086,BURDUBAI,"IT CENTER BUILDING,21 ASTREET,AL SOUQ AL KABEER BURDUBAI,NEXT TO AL RAFFA POLICE STATION",04-2275777,https://www.google.com/maps/search/?api=1&query=IT%20CENTER%20BUILDING%2C21%20ASTREET%2CAL%20SOUQ%20AL%20KABEER%20BURDUBAI%2CNEXT%20TO%20AL%20RAFFA%20POLICE%20STATION%2C%20Ajman%2C%20UAE,,,
1045,DXB,DXB,PHARMACY,BLUE LIFE PHARMACY BRANCH,DHA-F-6161076,BURDUBAI,"MEENA BUILDING 302 FLAT NO AL SOQ AL KABEER, 316 IBRAHIM JUM AAL REDHA ",04-2836030,https://www.google.com/maps/search/?api=1&query=MEENA%20BUILDING%20302%20FLAT%20NO%20AL%20SOQ%20AL%20KABEER%2C%20316%20IBRAHIM%20JUM%20AAL%20REDHA%2C%20Ajman%2C%20UAE,,,
1046,DXB,DXB,PHARMACY,BASMAT AL IFRAH PHARMACY LLC,DHA-F-8359680,AL BARSHA,"AL SALAM BUILDING , NEAR MIRACLE GARDEN , ARJAN , AL BARSHA SOUTH",04-7700948,https://www.google.com/maps/search/?api=1&query=AL%20SALAM%20BUILDING%20%2C%20NEAR%20MIRACLE%20GARDEN%20%2C%20ARJAN%20%2C%20AL%20BARSHA%20SOUTH%2C%20Ajman%2C%20UAE,,,
1047,DXB,DXB,PHARMACY,PARADISE PLUS PHARMACY  L L C,DHA-F-0002043,DIP 2,"D I P -2 ,RITAJ COMMUNITY CENTRE",04-8848270,https://www.google.com/maps/search/?api=1&query=D%20I%20P%20-2%20%2CRITAJ%20COMMUNITY%20CENTRE%2C%20Ajman%2C%20UAE,,,
1048,DXB,DXB,PHARMACY,NADHA AL SAHARA(NOVO),DHA-F-0047159,ALNAHDA,"BEHIND ZULEKHA HOSPITAL, AL NAHDA",04-2582750,https://www.google.com/maps/search/?api=1&query=BEHIND%20ZULEKHA%20HOSPITAL%2C%20AL%20NAHDA%2C%20Ajman%2C%20UAE,,,
1049,DXB,DXB,PHARMACY,SAHARA STAR(NOVO),DHA-F-0046962,HAMRIYA,HAMRIYA SHOPPING CENTRE,04-268 8485,https://www.google.com/maps/search/?api=1&query=HAMRIYA%20SHOPPING%20CENTRE%2C%20Ajman%2C%20UAE,,,
1050,DXB,DXB,PHARMACY,NOVO PHARMACY(NOVO),DHA-F-0000109,GARHOUD,"ASMAWI BUILDING,2ND STREET,GARHOUD",04 2517434,https://www.google.com/maps/search/?api=1&query=ASMAWI%20BUILDING%2C2ND%20STREET%2CGARHOUD%2C%20Ajman%2C%20UAE,,,
1051,DXB,DXB,PHARMACY,AL OMARAA RX(NOVO),DHA-F-0045900,DUBAI,"SHOP # 27 & 28, GROUND FLOOR, PYRAMID BUILDING, SHEIKH KHALIFA BIN ZAYED ROAD",04 3969221,https://www.google.com/maps/search/?api=1&query=SHOP%20%23%2027%20%26%2028%2C%20GROUND%20FLOOR%2C%20PYRAMID%20BUILDING%2C%20SHEIKH%20KHALIFA%20BIN%20ZAYED%20ROAD%2C%20Ajman%2C%20UAE,,,
1052,DXB,DXB,PHARMACY,NOVO PHARMACY  BRANCH,DHA-F-0002292,DEIRA,"SHOPPING MALL, HAYAT REGENCY HOTEL, PALM DEIRA",04-268 8485,https://www.google.com/maps/search/?api=1&query=SHOPPING%20MALL%2C%20HAYAT%20REGENCY%20HOTEL%2C%20PALM%20DEIRA%2C%20Ajman%2C%20UAE,,,
1053,DXB,DXB,PHARMACY,AL GHUBAIBA PHARMACY LLC,DHA-F-0000585,BURDUBAI,"G FLOOR, 14, 13B STREET, AL SOUQ AL KABEER, 312, OPP. AL GHUBAIBA BUS STATION, BUR DUBAI, UAE",056-345 1783,https://www.google.com/maps/search/?api=1&query=G%20FLOOR%2C%2014%2C%2013B%20STREET%2C%20AL%20SOUQ%20AL%20KABEER%2C%20312%2C%20OPP.%20AL%20GHUBAIBA%20BUS%20STATION%2C%20BUR%20DUBAI%2C%20UAE%2C%20Ajman%2C%20UAE,,,
1054,DXB,DXB,PHARMACY,NEW HEALTH SIGN PHARMACY L.L.C,DHA-F-3139740,BURDUBAI,"SHOP NO.2, BOOKASH BUILDING, NEAR ASTORIA HOTEL, BUR DUBAI, UAE",04-320 8755,https://www.google.com/maps/search/?api=1&query=SHOP%20NO.2%2C%20BOOKASH%20BUILDING%2C%20NEAR%20ASTORIA%20HOTEL%2C%20BUR%20DUBAI%2C%20UAE%2C%20Ajman%2C%20UAE,,,
1055,DXB,DXB,PHARMACY,NOVO PHARMACY LLC (BRANCH),DHA-F-3899713,DEIRA,"AL BAFTA GRAND DEIRA, G-FLOOR, AL MURAQABBAT ROAD, DEIRA, DUBAI, U.A.E.",04-547 4214,https://www.google.com/maps/search/?api=1&query=AL%20BAFTA%20GRAND%20DEIRA%2C%20G-FLOOR%2C%20AL%20MURAQABBAT%20ROAD%2C%20DEIRA%2C%20DUBAI%2C%20U.A.E.%2C%20Ajman%2C%20UAE,,,
1056,DXB,DXB,PHARMACY,NOVITAS PHARMACY LLC,DHA-F-8973721,INTERNATIONAL CITY,"PRIME RESIDENCE II, INTERNATIONAL CITY, DUBAI",04-5693389,https://www.google.com/maps/search/?api=1&query=PRIME%20RESIDENCE%20II%2C%20INTERNATIONAL%20CITY%2C%20DUBAI%2C%20Ajman%2C%20UAE,,,
1057,DXB,DXB,PHARMACY,BETA STAR PHARMACY L.L.C (FORMERLY NOVITAS PHARMACY LLC ( BRANCH),DHA-F-8819107,JEBEL ALI ,"AL MADINA HYPER MARKET, JABAL ALI INDUSTRIAL, DUBAI, UAE",04-3264208,https://www.google.com/maps/search/?api=1&query=AL%20MADINA%20HYPER%20MARKET%2C%20JABAL%20ALI%20INDUSTRIAL%2C%20DUBAI%2C%20UAE%2C%20Ajman%2C%20UAE,,,
1058,DXB,DXB,PHARMACY,ZAHRAT  AL SHEFA PHARMACY LLC,DHA-F-0001696,MUHAISNAH,AL GAITH BUILDING MUHAISANAH,04 254 6541,https://www.google.com/maps/search/?api=1&query=AL%20GAITH%20BUILDING%20MUHAISANAH%2C%20Ajman%2C%20UAE,,,
1059,DXB,DXB,PHARMACY,SAMARY PHARMACY,DHA-F-0048046,JEBEL ALI,"JEBEL ALI MALL, JEBEL ALI",04-8878011,https://www.google.com/maps/search/?api=1&query=JEBEL%20ALI%20MALL%2C%20JEBEL%20ALI%2C%20Ajman%2C%20UAE,,,
1060,DXB,DXB,PHARMACY,SAMARY PHARMACY BRANCH LLC,DHA-F-7411736,JAFZA,"JAFZA SOUTH,JAFZA MALL ,JABEL ALI FREEZONE",04-8817530,https://www.google.com/maps/search/?api=1&query=JAFZA%20SOUTH%2CJAFZA%20MALL%20%2CJABEL%20ALI%20FREEZONE%2C%20Ajman%2C%20UAE,,,
1061,DXB,DXB,PHARMACY,NOOR ALMADINA PHARMACY,DHA-F-0047458,ALQOUZ,"TAMAM, AL ROSTAMANI STREET, BEHIND NATIONAL CEMENT FACTORY",04-3306606,https://www.google.com/maps/search/?api=1&query=TAMAM%2C%20AL%20ROSTAMANI%20STREET%2C%20BEHIND%20NATIONAL%20CEMENT%20FACTORY%2C%20Ajman%2C%20UAE,,,
1062,DXB,DXB,PHARMACY,AL SEHA AL KUBRA PHARMACY,DHA-F-0001532,AL QUOZ,"AL KHAIL MALL ,AL QUOZ",04-3219926,https://www.google.com/maps/search/?api=1&query=AL%20KHAIL%20MALL%20%2CAL%20QUOZ%2C%20Ajman%2C%20UAE,,,
1063,DXB,DXB,PHARMACY,FAJER MIRDIF PHARMACY-SATWA - DUBAI,DHA-F-0002417,SATWA,"AL BADA OASIS BLDG, AL HUDAIBAH STRT , SATWA - DUBAI",04-2981526,https://www.google.com/maps/search/?api=1&query=AL%20BADA%20OASIS%20BLDG%2C%20AL%20HUDAIBAH%20STRT%20%2C%20SATWA%20-%20DUBAI%2C%20Ajman%2C%20UAE,,,
1064,DXB,DXB,PHARMACY,MUSALLA SONAPOOR PHARMACY,DHA-F-0047656,SONAPUR,"NEAR SHAKLAN 2 SUPERMARKET BUILDING , MUHAISNAH-2(SONAPOOR) DUBAI, P.O. BOX-26238",04-2544461,https://www.google.com/maps/search/?api=1&query=NEAR%20SHAKLAN%202%20SUPERMARKET%20BUILDING%20%2C%20MUHAISNAH-2%28SONAPOOR%29%20DUBAI%2C%20P.O.%20BOX-26238%2C%20Ajman%2C%20UAE,,,
1065,DXB,DXB,PHARMACY,NEW FANS PHARMACY LLC,DHA-F-6717615,MUHAISNA 2,NEAR EXPRESS MADEENA S/M MUHSINA 2 ,04-2201589,https://www.google.com/maps/search/?api=1&query=NEAR%20EXPRESS%20MADEENA%20S/M%20MUHSINA%202%2C%20Ajman%2C%20UAE,,,
1066,DXB,DXB,PHARMACY,BORDER PHARMACY LLC,DHA-F-0000261,SILICON OASIS,LE SOLARIUM BLDN SILICON OASIS DUBAI,04-3793515,https://www.google.com/maps/search/?api=1&query=LE%20SOLARIUM%20BLDN%20SILICON%20OASIS%20DUBAI%2C%20Ajman%2C%20UAE,,,
1067,DXB,DXB,PHARMACY,BODER PHARMACY LLC BRANCH,DHA-F-2449183,JEBEL ALI,GRAND HYPER  JEBEL ALI,04 2264404,https://www.google.com/maps/search/?api=1&query=GRAND%20HYPER%20%20JEBEL%20ALI%2C%20Ajman%2C%20UAE,,,
1068,DXB,DXB,PHARMACY,AHLANCARE PHARMACY LLC,DHA-F-7259326,AL WARSAN 1,"ENGLAND CLUSTER Y 21,INTERNATIONAL CITY, AL WARSAN 1, DUBAI",04-5802450,https://www.google.com/maps/search/?api=1&query=ENGLAND%20CLUSTER%20Y%2021%2CINTERNATIONAL%20CITY%2C%20AL%20WARSAN%201%2C%20DUBAI%2C%20Ajman%2C%20UAE,,,
1069,DXB,DXB,PHARMACY,MVR PHARMACY,DHA-F-3322622,AL GARHOUD,"PO BOX NO.12743, GROUND FLOOR,FLORA INN HOTEL BUILDING,AIRPORT ROAD, AL GARHOUD, DUBAI, UAE",04-2327111,https://www.google.com/maps/search/?api=1&query=PO%20BOX%20NO.12743%2C%20GROUND%20FLOOR%2CFLORA%20INN%20HOTEL%20BUILDING%2CAIRPORT%20ROAD%2C%20AL%20GARHOUD%2C%20DUBAI%2C%20UAE%2C%20Ajman%2C%20UAE,,,
1070,DXB,DXB,PHARMACY,BAB AL HAYAT PHARMACY LLC,DHA-F-0000879,DIP 2,"SHOP NO.2, FIDA AL MADINA HYPERMARKET, DIP-2",04-8831644,https://www.google.com/maps/search/?api=1&query=SHOP%20NO.2%2C%20FIDA%20AL%20MADINA%20HYPERMARKET%2C%20DIP-2%2C%20Ajman%2C%20UAE,,,
1071,DXB,DXB,PHARMACY,MUSALAH AL QUOZE PHARMACY LLC,DHA-F-0047857,AL QUOZ,"SHOP NO.1 , AL KHAIL MALL,AL QUOZ -4 DUBAI,U.A.E",04-3285928,https://www.google.com/maps/search/?api=1&query=SHOP%20NO.1%20%2C%20AL%20KHAIL%20MALL%2CAL%20QUOZ%20-4%20DUBAI%2CU.A.E%2C%20Ajman%2C%20UAE,,,
1072,DXB,DXB,PHARMACY,MULTICARE PHARMACY LLC,DHA-F-0002420,AL QUOZ,"AL KHAIL GATE COMMUNITY CENTER COMPLEX, P.O BOX : 390899, DUBAI, UAE",04-580 7899,https://www.google.com/maps/search/?api=1&query=AL%20KHAIL%20GATE%20COMMUNITY%20CENTER%20COMPLEX%2C%20P.O%20BOX%20%3A%20390899%2C%20DUBAI%2C%20UAE%2C%20Ajman%2C%20UAE,,,
1073,DXB,DXB,PHARMACY,ZAHRATH AL NEEM PHARMACY LLC,DHA-F-1716570,DUBAI,"GEEPASS BUILDING - ARJAN, DUBAI",04-5824333,https://www.google.com/maps/search/?api=1&query=GEEPASS%20BUILDING%20-%20ARJAN%2C%20DUBAI%2C%20Ajman%2C%20UAE,,,
1074,DXB,DXB,PHARMACY,AL NEEM PHARMACY LLC BRANCH,DHA-F-0456430,INTERNATIONAL CITY,"J07, MOROCCO CLUSTER-INTERNATIONAL CITY, DUBAI",04-5841144,https://www.google.com/maps/search/?api=1&query=J07%2C%20MOROCCO%20CLUSTER-INTERNATIONAL%20CITY%2C%20DUBAI%2C%20Ajman%2C%20UAE,,,
1075,DXB,DXB,PHARMACY,AL NEEM STAR PHARMACY LLC,DHA-F-0002066,AL QUOZ,ALQUOZ,04-3219550,https://www.google.com/maps/search/?api=1&query=ALQUOZ%2C%20Ajman%2C%20UAE,,,
1076,DXB,DXB,PHARMACY,NEW MEDILIFE PHARMACY L.L.C,DHA-F-3489733,WARSAN,WARSAN,04-2888315,https://www.google.com/maps/search/?api=1&query=WARSAN%2C%20Ajman%2C%20UAE,,,
1077,DXB,DXB,PHARMACY,NOOR  AL  SATWA  PHARMACY  LLC,DHA-F-0047165,AL SATWA,AL SATWA ROAD - SALIM SUHAIL AL AMRI'S BUILDING. NR.SUB STN.2696(SHOP NO - 12) - PO BOX 66778,04-3443229,https://www.google.com/maps/search/?api=1&query=AL%20SATWA%20ROAD%20-%20SALIM%20SUHAIL%20AL%20AMRI%27S%20BUILDING.%20NR.SUB%20STN.2696%28SHOP%20NO%20-%2012%29%20-%20PO%20BOX%2066778%2C%20Ajman%2C%20UAE,,,
1078,DXB,DXB,PHARMACY,NOOR AL QUSAIS PHARMACY LLC,DHA-F-0000589,AL QUSAIS,SHOP-5 - DAMASCUS STREET - AL QUSAIS - OPPOSITE DUBAI GRAND HOTEL - PO BOX: 118484,04-2633844,https://www.google.com/maps/search/?api=1&query=SHOP-5%20-%20DAMASCUS%20STREET%20-%20AL%20QUSAIS%20-%20OPPOSITE%20DUBAI%20GRAND%20HOTEL%20-%20PO%20BOX%3A%20118484%2C%20Ajman%2C%20UAE,,,
1079,DXB,DXB,PHARMACY,MADINAT AL QOUZ  PHARMACY  LLC,DHA-F-0000517,AL KHAIL,"FARNEK BULDING - SHOP NO : 3- BACK SIDE OF AL KHAIL MALL AL QOUZ INDUSTRIAL AREA, PO BOX - 128800",04-3388522,https://www.google.com/maps/search/?api=1&query=FARNEK%20BULDING%20-%20SHOP%20NO%20%3A%203-%20BACK%20SIDE%20OF%20AL%20KHAIL%20MALL%20AL%20QOUZ%20INDUSTRIAL%20AREA%2C%20PO%20BOX%20-%20128800%2C%20Ajman%2C%20UAE,,,
1080,DXB,DXB,PHARMACY,NAHDA  AL NASEEM  PHARMACY LLC,DHA-F-0047047,ALNAHDA,"GROUND FLOOR, AL NAHDA BUILDING, BAGHADAD STREET, DUBAI - LANDMARK: NEAR NMC SPECIAL CARE - P.O.BOX: 47540",04-2581920,https://www.google.com/maps/search/?api=1&query=GROUND%20FLOOR%2C%20AL%20NAHDA%20BUILDING%2C%20BAGHADAD%20STREET%2C%20DUBAI%20-%20LANDMARK%3A%20NEAR%20NMC%20SPECIAL%20CARE%20-%20P.O.BOX%3A%2047540%2C%20Ajman%2C%20UAE,,,
1081,DXB,DXB,PHARMACY,ROCK STAR PHARMACY LLC,DHA-F-0001883,PEARL CREEK,"SHOP -11, PEARL CREEK HOTEL BUILDING - OPP DURRAIYA KAMAL MEDICAL CENTRE - POST BOX : 235354.",04-2348277,https://www.google.com/maps/search/?api=1&query=SHOP%20-11%2C%20PEARL%20CREEK%20HOTEL%20BUILDING%20-%20OPP%20DURRAIYA%20KAMAL%20MEDICAL%20CENTRE%20-%20POST%20BOX%20%3A%20235354.%2C%20Ajman%2C%20UAE,,,
1082,DXB,DXB,PHARMACY,NEW AL SUWAIDI PHARMACY LLC,DHA-F-0048000,AL HUDAIBA STREET,"NAEMA ALI BUAMIM BUILDING - NEAR AL SATWA ROUND ABOUT, AL HUDAIBA STREET - SATWA, DUBAI - PO BOX - 186369",04-3859219,https://www.google.com/maps/search/?api=1&query=NAEMA%20ALI%20BUAMIM%20BUILDING%20-%20NEAR%20AL%20SATWA%20ROUND%20ABOUT%2C%20AL%20HUDAIBA%20STREET%20-%20SATWA%2C%20DUBAI%20-%20PO%20BOX%20-%20186369%2C%20Ajman%2C%20UAE,,,
1083,DXB,DXB,PHARMACY,HAPPY  LIFE PHARMACY LLC  ,DHA-F-0002125,DEIRA,"SHOP NO 2, AL FAYROUZ BUILDING , REQQA EAST ,OPP AL MAKTOM HOSPITAL, DEIRA - PO BOX 235354",04-2271781,https://www.google.com/maps/search/?api=1&query=SHOP%20NO%202%2C%20AL%20FAYROUZ%20BUILDING%20%2C%20REQQA%20EAST%20%2COPP%20AL%20MAKTOM%20HOSPITAL%2C%20DEIRA%20-%20PO%20BOX%20235354%2C%20Ajman%2C%20UAE,,,
1084,DXB,DXB,PHARMACY,AL RASHEED  PHARMACY  LLC,DHA-F-0046923,AL BARAHA,"SHOP # 7-8, GROUND FLOOR, AL MAKTOUM BUILDING, OMAR BIN AL KHATTAB ROAD, AL BARAHA, DEIRA, PO BOX: 251702",04-2721108,https://www.google.com/maps/search/?api=1&query=SHOP%20%23%207-8%2C%20GROUND%20FLOOR%2C%20AL%20MAKTOUM%20BUILDING%2C%20OMAR%20BIN%20AL%20KHATTAB%20ROAD%2C%20AL%20BARAHA%2C%20DEIRA%2C%20PO%20BOX%3A%20251702%2C%20Ajman%2C%20UAE,,,
1085,DXB,DXB,PHARMACY,ORBIT  STAR PHARMACY  LLC ,DHA-F-0002092,MUHAISNAH,"SHOP – 5 -AL ATTAR BUSINESS AVENUE , NEAR MUHAISNAH MADINA MALL -BARSHA 1 , DUBAI - PO BOX 66778",04-2348918,https://www.google.com/maps/search/?api=1&query=SHOP%20%E2%80%93%205%20-AL%20ATTAR%20BUSINESS%20AVENUE%20%2C%20NEAR%20MUHAISNAH%20MADINA%20MALL%20-BARSHA%201%20%2C%20DUBAI%20-%20PO%20BOX%2066778%2C%20Ajman%2C%20UAE,,,
1086,DXB,DXB,PHARMACY,DAR AL NOOR PHARMACY,DHA-F-0002296,NAIF ROAD,"SHOP NO 1,2 - SHAIBAN BUILDING - NAIF ROAD - DEIRA - 235354",04-2322080,https://www.google.com/maps/search/?api=1&query=SHOP%20NO%201%2C2%20-%20SHAIBAN%20BUILDING%20-%20NAIF%20ROAD%20-%20DEIRA%20-%20235354%2C%20Ajman%2C%20UAE,,,
1087,DXB,DXB,PHARMACY,MEDI PLUS PHARMACY LLC,DHA-F-0002074,AL BARSHA,"INSIDE ZAHRA HOSPITAL – DUBAI, NEAR TO SHARAF DJ METRO STATION, SHEIKH ZAYED RD, AL BARSHA 1-PO BOX-66778",04-2244418,https://www.google.com/maps/search/?api=1&query=INSIDE%20ZAHRA%20HOSPITAL%20%E2%80%93%20DUBAI%2C%20NEAR%20TO%20SHARAF%20DJ%20METRO%20STATION%2C%20SHEIKH%20ZAYED%20RD%2C%20AL%20BARSHA%201-PO%20BOX-66778%2C%20Ajman%2C%20UAE,,,
1088,DXB,DXB,PHARMACY,HEALTH  SIGN  PHARMACY  LLC  ,DHA-F-0002343,KARAMA,"AL WASL RUBY BUILDING , BEHIND HOTEL RAMEE ROYAL , NEAR KARAMA POST OFFICE - DUBAI - PO BOX 66778",04-3300301,https://www.google.com/maps/search/?api=1&query=AL%20WASL%20RUBY%20BUILDING%20%2C%20BEHIND%20HOTEL%20RAMEE%20ROYAL%20%2C%20NEAR%20KARAMA%20POST%20OFFICE%20-%20DUBAI%20-%20PO%20BOX%2066778%2C%20Ajman%2C%20UAE,,,
1089,DXB,DXB,PHARMACY,UNIQUE CARE PHARMACY LLC ,DHA-F-0002535,INTERNATIONAL CITY,"SHOP NO-S14, X20, ENGLAND CLUSTER, INTERNATIONAL CITY,DUBAI - 235354 -UAE",04-5808675,https://www.google.com/maps/search/?api=1&query=SHOP%20NO-S14%2C%20X20%2C%20ENGLAND%20CLUSTER%2C%20INTERNATIONAL%20CITY%2CDUBAI%20-%20235354%20-UAE%2C%20Ajman%2C%20UAE,,,
1090,DXB,DXB,PHARMACY,FAJER MIRDIF PHARMACY L.L.C,DHA-F-0001719,KARAMA,"SHOP NO.5, BURJ NAHAR BUILDING-OPP. SNOWHITE, OMAR BIN AL KHATTAB ROAD-NEAR. FISH ROUNDABOUT - MUTEEN, DEIRA-DUBAI",04-3437636,https://www.google.com/maps/search/?api=1&query=SHOP%20NO.5%2C%20BURJ%20NAHAR%20BUILDING-OPP.%20SNOWHITE%2C%20OMAR%20BIN%20AL%20KHATTAB%20ROAD-NEAR.%20FISH%20ROUNDABOUT%20-%20MUTEEN%2C%20DEIRA-DUBAI%2C%20Ajman%2C%20UAE,,,
1091,DXB,DXB,PHARMACY,LIVE CARE PHARMACY LLC,DHA-F-0002230,INDUSTRIAL AREA 1,"SHOPPERS MALL, INDUSTRIAL AREA 1 , JABEL ALI, UAE",04-8845562,https://www.google.com/maps/search/?api=1&query=SHOPPERS%20MALL%2C%20INDUSTRIAL%20AREA%201%20%2C%20JABEL%20ALI%2C%20UAE%2C%20Ajman%2C%20UAE,,,
1092,DXB,DXB,PHARMACY,LIFENITY INTERNATIONAL ADVANCED PHARMACY LLC,DHA-F-0964851,AL NAHDA POND PARK,"JMS BUILDING, AL NAHDA SECOND, AL NAHDA POND PARK, PLOT NO. 349, SHOP NO. 2, DUBAI, UAE",04-3216964,https://www.google.com/maps/search/?api=1&query=JMS%20BUILDING%2C%20AL%20NAHDA%20SECOND%2C%20AL%20NAHDA%20POND%20PARK%2C%20PLOT%20NO.%20349%2C%20SHOP%20NO.%202%2C%20DUBAI%2C%20UAE%2C%20Ajman%2C%20UAE,,,
1093,DXB,DXB,PHARMACY,OUR LIFE GUARD PHARMACY,DHA-F-6121695,JEBEL ALI,"SHOP # 5 , GROUND FLOOR , SHAMS AL MADINA HYPERMARKET COMPLEX",04-5809681,https://www.google.com/maps/search/?api=1&query=SHOP%20%23%205%20%2C%20GROUND%20FLOOR%20%2C%20SHAMS%20AL%20MADINA%20HYPERMARKET%20COMPLEX%2C%20Ajman%2C%20UAE,,,
1094,DXB,DXB,PHARMACY,KIMS PHARMACY,DHA-F-0048033,HOR AL ANZ,"ABU BAKAR AL SIDDIQUI ROAD,HOR AL ANZ",42209434,https://www.google.com/maps/search/?api=1&query=ABU%20BAKAR%20AL%20SIDDIQUI%20ROAD%2CHOR%20AL%20ANZ%2C%20Ajman%2C%20UAE,,,
1095,DXB,DXB,PHARMACY,AL RAFAH PHARMACY,DHA-F-0045995,BURDUBAI,"OPP TO AMBASSADOR HOTEL, BURDUBAI",04-3939402,https://www.google.com/maps/search/?api=1&query=OPP%20TO%20AMBASSADOR%20HOTEL%2C%20BURDUBAI%2C%20Ajman%2C%20UAE,,,
1096,DXB,DXB,PHARMACY,KHALIDHA PHARMACY L.L.C.,DHA-F-0001025,AL QUOZ,"OFFICE: 103 & 104, FIRST FLOOR,SHEHAR KARACHI RESTAURANT BUILDING,AL QUOZ IND AREA - 3",04-3952885,https://www.google.com/maps/search/?api=1&query=OFFICE%3A%20103%20%26%20104%2C%20FIRST%20FLOOR%2CSHEHAR%20KARACHI%20RESTAURANT%20BUILDING%2CAL%20QUOZ%20IND%20AREA%20-%203%2C%20Ajman%2C%20UAE,,,
1097,DXB,DXB,PHARMACY,NAJMA AL MUSALLAH PHARMACY,DHA-F-0002451,AL QOUZ,"27, 44 STREET?G FLOOR,AL QUOZ 3 - 358, HADAEQ MOHAMMED BIN RASHID, DUBAI""",04-3381967,https://www.google.com/maps/search/?api=1&query=27%2C%2044%20STREET%3FG%20FLOOR%2CAL%20QUOZ%203%20-%20358%2C%20HADAEQ%20MOHAMMED%20BIN%20RASHID%2C%20DUBAI%22%2C%20Ajman%2C%20UAE,,,
1098,DXB,DXB,PHARMACY,"JANSONS PHARMACY LLC,BURDUBAI",DHA-F-0000543,BURDUBAI,"KHYBER BUILDING, 11, AL RAFFA STREET; G FLOOR, SHOP 4 AL SOUQ AL KABEER - 312, BUR DUBAI, DUBAI;UNITED ARAB EMIRATES",04-3514118,https://www.google.com/maps/search/?api=1&query=KHYBER%20BUILDING%2C%2011%2C%20AL%20RAFFA%20STREET%3B%20G%20FLOOR%2C%20SHOP%204%20AL%20SOUQ%20AL%20KABEER%20-%20312%2C%20BUR%20DUBAI%2C%20DUBAI%3BUNITED%20ARAB%20EMIRATES%2C%20Ajman%2C%20UAE,,,
1099,DXB,DXB,PHARMACY,AL RAIS PHARMACY,DHA-F-0047536,BUR DUBAI,"AL RAIS BUILDING,NEXT TO CHOITHRAMS S/M,BUR DUBAI",04-3519581,https://www.google.com/maps/search/?api=1&query=AL%20RAIS%20BUILDING%2CNEXT%20TO%20CHOITHRAMS%20S/M%2CBUR%20DUBAI%2C%20Ajman%2C%20UAE,,,
1100,DXB,DXB,PHARMACY,GHAZAL AL JABAL PHARMACY,DHA-F-0000421,MUHAISNAH,"MUHAISANAH 2 , NEAR POST OFFICE, SONAPUR",04-2540460,https://www.google.com/maps/search/?api=1&query=MUHAISANAH%202%20%2C%20NEAR%20POST%20OFFICE%2C%20SONAPUR%2C%20Ajman%2C%20UAE,,,
1101,DXB,DXB,PHARMACY,AL JASEEL PHARMACY,DHA-F-0000707,ALQOUZ 3,"AL QOUZ 3 ,AL HASHIMI BLDG",04-3214090,https://www.google.com/maps/search/?api=1&query=AL%20QOUZ%203%20%2CAL%20HASHIMI%20BLDG%2C%20Ajman%2C%20UAE,,,
1102,DXB,DXB,PHARMACY,MOTHER PHARMCAY L.L.C.,DHA-F-0046318,HOR AL ANZ,"AL FALASI BUILDING, NEAR UNITED HYPER MARKET, HOL AL ANZ",04-2974329,https://www.google.com/maps/search/?api=1&query=AL%20FALASI%20BUILDING%2C%20NEAR%20UNITED%20HYPER%20MARKET%2C%20HOL%20AL%20ANZ%2C%20Ajman%2C%20UAE,,,
1103,DXB,DXB,PHARMACY,CARE WELL PHARMACY L.L.C,DHA-F-0047783,AL QOUZ,"SHOP NO.20 ,AL QOUZ MALL , AL QOUZ ,DUBAI-U.A.E",04-3419008,https://www.google.com/maps/search/?api=1&query=SHOP%20NO.20%20%2CAL%20QOUZ%20MALL%20%2C%20AL%20QOUZ%20%2CDUBAI-U.A.E%2C%20Ajman%2C%20UAE,,,
1104,DXB,DXB,PHARMACY,WELLCARE PHARMACY LLC,DHA-F-3552710,ALQOUZ 4,"SHOP # 12, AL ADEEM BUILDING,AL QUOZ 4",04-2322211,https://www.google.com/maps/search/?api=1&query=SHOP%20%23%2012%2C%20AL%20ADEEM%20BUILDING%2CAL%20QUOZ%204%2C%20Ajman%2C%20UAE,,,
1105,DXB,DXB,PHARMACY,TRUST PHARMACY LLC,DHA-F-2840922,ALQOUZ 3,"SHOP#12, EIFFEL ACCOMADATION 3, AL QUOZ 3.",04-5475667,https://www.google.com/maps/search/?api=1&query=SHOP%2312%2C%20EIFFEL%20ACCOMADATION%203%2C%20AL%20QUOZ%203.%2C%20Ajman%2C%20UAE,,,
1106,DXB,DXB,PHARMACY,VITACARE PHARMACY LLC,DHA-F-0001793,AL HUDAIBA STREET,"VITA CARE PHARMACY L.L.C, SHOP NO 4& 5 BAKHITA SAEED MUBARAK AL SHAMSI AL ROWA, AL HUDAIBA STREET 35",04-3425556,https://www.google.com/maps/search/?api=1&query=VITA%20CARE%20PHARMACY%20L.L.C%2C%20SHOP%20NO%204%26%205%20BAKHITA%20SAEED%20MUBARAK%20AL%20SHAMSI%20AL%20ROWA%2C%20AL%20HUDAIBA%20STREET%2035%2C%20Ajman%2C%20UAE,,,
1107,DXB,DXB,PHARMACY,YASMED PHARMACY LLC,DHA-F-9405797,NAIF ROAD,"OPP.WEST HOTEL,NAIF ROAD,DEIRA,DUBAI",04-2619535,https://www.google.com/maps/search/?api=1&query=OPP.WEST%20HOTEL%2CNAIF%20ROAD%2CDEIRA%2CDUBAI%2C%20Ajman%2C%20UAE,,,
1108,DXB,DXB,PHARMACY,AJMAL PHARMACY LLC,DHA-F-0046337,KARAMA ,"SMC BUILDING,OPPO.KARAMA BUS STATION, KARAMA",04-3360801,https://www.google.com/maps/search/?api=1&query=SMC%20BUILDING%2COPPO.KARAMA%20BUS%20STATION%2C%20KARAMA%2C%20Ajman%2C%20UAE,,,
1109,DXB,DXB,PHARMACY,UNITY PHARMACY LLC,DHA-F-9671836,BUR DUBAI,"B-05,AB BUILDING, AL SOUK AL KABEER,BUR DUBAI,DUBAI.UAE",04-5462804,https://www.google.com/maps/search/?api=1&query=B-05%2CAB%20BUILDING%2C%20AL%20SOUK%20AL%20KABEER%2CBUR%20DUBAI%2CDUBAI.UAE%2C%20Ajman%2C%20UAE,,,
1110,DXB,DXB,PHARMACY,Y A Z PHARMACY LLC,DHA-F-3151170,HOR AL ANZ,"SHOP NO-16,AL HAZM BUILDING,AL RASHEED ROAD,HOR AL ANZ,DUBAI.UAE",04-5478789,https://www.google.com/maps/search/?api=1&query=SHOP%20NO-16%2CAL%20HAZM%20BUILDING%2CAL%20RASHEED%20ROAD%2CHOR%20AL%20ANZ%2CDUBAI.UAE%2C%20Ajman%2C%20UAE,,,
1111,DXB,DXB,PHARMACY,MEDSEVEN PHARMACY LTD,DHA-F-6481634,FINACIAL CENTRE,"UNIT P1-01,LEVEL P1,PARK TOWERS, DUBAI INTERNATIONAL FINANCIAL CENTRE, DIFC, DUBAI",04-5467274,https://www.google.com/maps/search/?api=1&query=UNIT%20P1-01%2CLEVEL%20P1%2CPARK%20TOWERS%2C%20DUBAI%20INTERNATIONAL%20FINANCIAL%20CENTRE%2C%20DIFC%2C%20DUBAI%2C%20Ajman%2C%20UAE,,,
1112,DXB,DXB,PHARMACY,AL NAHDA PHARMACY,DHA-F-0046512,RAS AL KHOR,"OPPOSITE TO AUTO MARKET,WASSEL BUILDING,NEAR SAHARI VILLAGE,RAS AL KHOR INDUSTRIAL AREA 3 -SHOP NO 4",04-3200501,https://www.google.com/maps/search/?api=1&query=OPPOSITE%20TO%20AUTO%20MARKET%2CWASSEL%20BUILDING%2CNEAR%20SAHARI%20VILLAGE%2CRAS%20AL%20KHOR%20INDUSTRIAL%20AREA%203%20-SHOP%20NO%204%2C%20Ajman%2C%20UAE,,,
1113,DXB,DXB,PHARMACY,GREEN BELT PHARMACY L.L.C,DHA-F-3697036,ABU HAIL,"GOLD BUILDING, OPPOSITE TO CANADIAN HOSPITAL,ABUHAIL",04-3991839,https://www.google.com/maps/search/?api=1&query=GOLD%20BUILDING%2C%20OPPOSITE%20TO%20CANADIAN%20HOSPITAL%2CABUHAIL%2C%20Ajman%2C%20UAE,,,
1114,DXB,DXB,PHARMACY,MED CARE PHARMACY L.L.C,DHA-F-0001427,AL TAWAR CENTER,"ESSA SULTAN AHMED LOOTAH BUILDING, NEAR TO AL TAWAR CENTER, QUSAIS, DUBAI",04-3288884,https://www.google.com/maps/search/?api=1&query=ESSA%20SULTAN%20AHMED%20LOOTAH%20BUILDING%2C%20NEAR%20TO%20AL%20TAWAR%20CENTER%2C%20QUSAIS%2C%20DUBAI%2C%20Ajman%2C%20UAE,,,
1115,DXB,DXB,PHARMACY,MEDONE PHARMACY LLC,DHA-F-0002321,AL QUSAIS 2,"AL FATTAN BUILDING AL QUSAIS 2,",04-3412774,https://www.google.com/maps/search/?api=1&query=AL%20FATTAN%20BUILDING%20AL%20QUSAIS%202%2C%2C%20Ajman%2C%20UAE,,,
1116,DXB,DXB,PHARMACY,RX PHARMACY (BR OF IMARA HEALTH CARE L.L.C)(IMARA GR),DHA-F-0001261,NAIF ROAD,"AHMED PLAZA BUILDING, OPPOSITE TO AL FUTTAIM MOSQUE, NAIF ROAD, DUBAI, UAE",04-3555129,https://www.google.com/maps/search/?api=1&query=AHMED%20PLAZA%20BUILDING%2C%20OPPOSITE%20TO%20AL%20FUTTAIM%20MOSQUE%2C%20NAIF%20ROAD%2C%20DUBAI%2C%20UAE%2C%20Ajman%2C%20UAE,,,
1117,DXB,DXB,PHARMACY,SAMARI RX PHARMACY (BR OF IMARA HEALTH CARE L.L.C)(IMARA GR),DHA-F-0001412,RAS AL KHOR,"SAMARI RETAIL BUILDING, SHOP NO. R-1008-1, NEXT TO SAMARI RESIDENCE, RAS AL KHOR INDUSTRIAL AREA 3, DUBAI, UAE",04-3330538,https://www.google.com/maps/search/?api=1&query=SAMARI%20RETAIL%20BUILDING%2C%20SHOP%20NO.%20R-1008-1%2C%20NEXT%20TO%20SAMARI%20RESIDENCE%2C%20RAS%20AL%20KHOR%20INDUSTRIAL%20AREA%203%2C%20DUBAI%2C%20UAE%2C%20Ajman%2C%20UAE,,,
1118,DXB,DXB,PHARMACY,PANORAMA RX PHARMACY (BR OF IMARA HEALTH CARE L.L.C)(IMARA GR),DHA-F-0001393,DUBAI,"PANORAMA BUILDING, UNIT NO. 9, NEXT TO REGENT INTERNATIONAL SCHOOL, AL THANYAH 3, DUBAI, UAE",04-4557256,https://www.google.com/maps/search/?api=1&query=PANORAMA%20BUILDING%2C%20UNIT%20NO.%209%2C%20NEXT%20TO%20REGENT%20INTERNATIONAL%20SCHOOL%2C%20AL%20THANYAH%203%2C%20DUBAI%2C%20UAE%2C%20Ajman%2C%20UAE,,,
1119,DXB,DXB,PHARMACY,HTK PHARMACY,DHA-F-0001995,DEIRA,"DOHA CENTER BUILDING, AL MAKHTOUM ROAD, DEIRA",04-2957776,https://www.google.com/maps/search/?api=1&query=DOHA%20CENTER%20BUILDING%2C%20AL%20MAKHTOUM%20ROAD%2C%20DEIRA%2C%20Ajman%2C%20UAE,,,
1120,DXB,DXB,PHARMACY,HOPECARE PHARMACY  L.L.C,DHA-F-5801007,HOR AL ANZ,"HAMAD KHALFAN BUILDING 1, 26TH STREET, SHOP 1 TO 6, HOR AL ANZ DUBAI",04-2268881,https://www.google.com/maps/search/?api=1&query=HAMAD%20KHALFAN%20BUILDING%201%2C%2026TH%20STREET%2C%20SHOP%201%20TO%206%2C%20HOR%20AL%20ANZ%20DUBAI%2C%20Ajman%2C%20UAE,,,
1121,DXB,DXB,PHARMACY,APPLE CARE PHARMACY LLC  (FRANCE CLUSTER),DHA-F-0000454,INTERNATIONAL CITY,"FRANCE CLUSTER P 04,INTERNATIONAL CITY,",04-4322568,https://www.google.com/maps/search/?api=1&query=FRANCE%20CLUSTER%20P%2004%2CINTERNATIONAL%20CITY%2C%2C%20Ajman%2C%20UAE,,,
1122,DXB,DXB,PHARMACY,APPLE CARE PHARMACY LLC BRANCH (GREECE CLUSTER),DHA-F-0000958,INTERNATIONAL CITY,"GREECE CLUSTER K14,INTERNATIONAL CITY,",04-2776210,https://www.google.com/maps/search/?api=1&query=GREECE%20CLUSTER%20K14%2CINTERNATIONAL%20CITY%2C%2C%20Ajman%2C%20UAE,,,
1123,DXB,DXB,PHARMACY,APPLE CARE PHARMACY L. L. C BR,DHA-F-3014690,JAFZA,"ICARE BLUE BUILDING, NO.WA02O01, JAFZA",04-8876483,https://www.google.com/maps/search/?api=1&query=ICARE%20BLUE%20BUILDING%2C%20NO.WA02O01%2C%20JAFZA%2C%20Ajman%2C%20UAE,,,
1124,DXB,DXB,PHARMACY,HARLEY INTERNATIONAL MEDICAL CLINIC PHARMACY BRANCH,DHA-F-4658212,DUBAI,GEO TAG: LATITUDE 25.24943 AND LONGITUDE 55.2866,04-3986677,https://www.google.com/maps/search/?api=1&query=GEO%20TAG%3A%20LATITUDE%2025.24943%20AND%20LONGITUDE%2055.2866%2C%20Ajman%2C%20UAE,,,
1125,DXB,DXB,PHARMACY,GSM GREENS PHARMACY LLC,DHA-F-3758961,SATWA,"MUADED ALMAZROUEI BDLG - 1ST FLOOR - AL SATWA RD - NEAR SATWA ROUNDABOUT - AL SATWA - DUBAI,UAE",04-8831002,https://www.google.com/maps/search/?api=1&query=MUADED%20ALMAZROUEI%20BDLG%20-%201ST%20FLOOR%20-%20AL%20SATWA%20RD%20-%20NEAR%20SATWA%20ROUNDABOUT%20-%20AL%20SATWA%20-%20DUBAI%2CUAE%2C%20Ajman%2C%20UAE,,,
1126,DXB,DXB,PHARMACY,GRAND INFINITY PHARMACY,DHA-F-0002151,MUHAISNAH,MUHAISINAH,04 2515458,https://www.google.com/maps/search/?api=1&query=MUHAISINAH%2C%20Ajman%2C%20UAE,,,
1127,DXB,DXB,PHARMACY,GRAND INFINITY PHARMACY LLC BRANCH,DHA-F-9024146,MUTEENA,"SHOP NO.4, NEXT TO GRAND EXCELSIOR HOTEL, MUTEENA STREET, DIERA,DUBAI",04-3361148,https://www.google.com/maps/search/?api=1&query=SHOP%20NO.4%2C%20NEXT%20TO%20GRAND%20EXCELSIOR%20HOTEL%2C%20MUTEENA%20STREET%2C%20DIERA%2CDUBAI%2C%20Ajman%2C%20UAE,,,
1128,DXB,DXB,PHARMACY,BAB AL NOOR PHARMACY LLC,DHA-F-0002060,MUHAISNAH 2,"SONAPUR , MUHAISINAH 2 PB NO.392192",04-3444293,https://www.google.com/maps/search/?api=1&query=SONAPUR%20%2C%20MUHAISINAH%202%20PB%20NO.392192%2C%20Ajman%2C%20UAE,,,
1129,DXB,DXB,PHARMACY,ZAHRAT AL NOOR PHARMACY LLC,DHA-F-3629595,DIP 2,"FIRST FLOOR PASONS HYPERMARKET, ABOVE LANDMARK RESTAURANT, DIP-2, DUBAI",04-8814111,https://www.google.com/maps/search/?api=1&query=FIRST%20FLOOR%20PASONS%20HYPERMARKET%2C%20ABOVE%20LANDMARK%20RESTAURANT%2C%20DIP-2%2C%20DUBAI%2C%20Ajman%2C%20UAE,,,
1130,DXB,DXB,PHARMACY,GOOD WILL PHARMACY LLC,DHA-F-3831758,JEBEL ALI ,"FIRST FLOOR AL BATEEL MALL(TALAAL PLAZA HYPERMARKET), TALAAL PLAZA HYPERMARKET, MERAAS, JEBEL ALI INDUSTRIAL 1, DUBAI, 392192",04-8848777,https://www.google.com/maps/search/?api=1&query=FIRST%20FLOOR%20AL%20BATEEL%20MALL%28TALAAL%20PLAZA%20HYPERMARKET%29%2C%20TALAAL%20PLAZA%20HYPERMARKET%2C%20MERAAS%2C%20JEBEL%20ALI%20INDUSTRIAL%201%2C%20DUBAI%2C%20392192%2C%20Ajman%2C%20UAE,,,
1131,DXB,DXB,PHARMACY,NAD AL HAMAR PHARMACY LLC,DHA-F-0046416,AL QUOZ,"AL QUOZ OFFICE BLOCK, NEAR TO AL KHAIL MALL, AL QUOZ INDUSTRIAL AREA, DUBAI PO BOX: 76636",04-3284298,https://www.google.com/maps/search/?api=1&query=AL%20QUOZ%20OFFICE%20BLOCK%2C%20NEAR%20TO%20AL%20KHAIL%20MALL%2C%20AL%20QUOZ%20INDUSTRIAL%20AREA%2C%20DUBAI%20PO%20BOX%3A%2076636%2C%20Ajman%2C%20UAE,,,
1132,DXB,DXB,PHARMACY,FAITHWAY PHARMACY LLC (BRANCH),DHA-F-0002401,AL MUTEENA,"CENTER RESIDENCE BESIDE WESTZONE SUPERMARKET AL MUTEENA, UAE",04-3327827,https://www.google.com/maps/search/?api=1&query=CENTER%20RESIDENCE%20BESIDE%20WESTZONE%20SUPERMARKET%20AL%20MUTEENA%2C%20UAE%2C%20Ajman%2C%20UAE,,,
1133,DXB,DXB,PHARMACY,LOTUS PHARMACY LLC,DHA-F-0002091,DUBAI,SAIF ALI RASHED SUWAILEM BUILDING,04-3433134,https://www.google.com/maps/search/?api=1&query=SAIF%20ALI%20RASHED%20SUWAILEM%20BUILDING%2C%20Ajman%2C%20UAE,,,
1134,DXB,DXB,PHARMACY,FAITH PHARMACY L.L.C,DHA-F-0045893,NAIF ROAD,"NEAR AL FUTTAIM MASJID, NAIF ROAD, DEIRA",04-2724279,https://www.google.com/maps/search/?api=1&query=NEAR%20AL%20FUTTAIM%20MASJID%2C%20NAIF%20ROAD%2C%20DEIRA%2C%20Ajman%2C%20UAE,,,
1135,DXB,DXB,PHARMACY,AL TAMIMI PHARMACY L.L.C,DHA-F-0046515,ALQOUZ,"BEHIND QUOZ HEALTH CENTRE, AL QUOZ, DUBAI",04-3381455,https://www.google.com/maps/search/?api=1&query=BEHIND%20QUOZ%20HEALTH%20CENTRE%2C%20AL%20QUOZ%2C%20DUBAI%2C%20Ajman%2C%20UAE,,,
1136,DXB,DXB,PHARMACY,AL TAMIMI NEW PHARMACY LLC,DHA-F-0047244,ALQUOZ,"BEHIND OASIS CENTRE, AL QUOZ BOWLING CENTRE ROAD, OPP. JMART SUPER MARKET, DUBAI.",04-3381913,https://www.google.com/maps/search/?api=1&query=BEHIND%20OASIS%20CENTRE%2C%20AL%20QUOZ%20BOWLING%20CENTRE%20ROAD%2C%20OPP.%20JMART%20SUPER%20MARKET%2C%20DUBAI.%2C%20Ajman%2C%20UAE,,,
1137,DXB,DXB,PHARMACY,MURIAT PHARMACY L.L.C,DHA-F-0000495,OUD METHA,"KML BUILDING NO:3, NEAR DUNES HOTEL, OUD METHA, DUBAI.",04-3796771,https://www.google.com/maps/search/?api=1&query=KML%20BUILDING%20NO%3A3%2C%20NEAR%20DUNES%20HOTEL%2C%20OUD%20METHA%2C%20DUBAI.%2C%20Ajman%2C%20UAE,,,
1138,DXB,DXB,PHARMACY,MASHREQ PHARMACY L.L.C,DHA-F-0046594,AL QUSAIS,"OPP. FORTUNE GRAND HOTEL, BEHIND SUNRISE SUPER MARKET, AL QUSAIS, DUBAI.",04-2634081,https://www.google.com/maps/search/?api=1&query=OPP.%20FORTUNE%20GRAND%20HOTEL%2C%20BEHIND%20SUNRISE%20SUPER%20MARKET%2C%20AL%20QUSAIS%2C%20DUBAI.%2C%20Ajman%2C%20UAE,,,
1139,DXB,DXB,PHARMACY,ROKN AL MEZHER PHARMACY L.L.C,DHA-F-0045769,AL QUSAIS,"NEAR TO AIRPORT FREEZONE METRO STATION, NEXT TO FILLI TEA, AL QUSAIS, DUBAI.",04-2635469,https://www.google.com/maps/search/?api=1&query=NEAR%20TO%20AIRPORT%20FREEZONE%20METRO%20STATION%2C%20NEXT%20TO%20FILLI%20TEA%2C%20AL%20QUSAIS%2C%20DUBAI.%2C%20Ajman%2C%20UAE,,,
1140,DXB,DXB,PHARMACY,QALB AL IMAN PHARMACY L.L.C,DHA-F-0047596,DEIRA,"NEXT TO KHALID MASJID, DEIRA, DUBAI.",04-2723240,https://www.google.com/maps/search/?api=1&query=NEXT%20TO%20KHALID%20MASJID%2C%20DEIRA%2C%20DUBAI.%2C%20Ajman%2C%20UAE,,,
1141,DXB,DXB,PHARMACY,FAITH WAY PHARMACY L.L.C,DHA-F-0000195,JUMEIRA 1,"J.T.S MEDICAL CENTRE BUILDING, OPPOSITE UNION HOUSE, 2ND DECEMBER STREET, JUMEIRA-1 ",04-3798953,https://www.google.com/maps/search/?api=1&query=J.T.S%20MEDICAL%20CENTRE%20BUILDING%2C%20OPPOSITE%20UNION%20HOUSE%2C%202ND%20DECEMBER%20STREET%2C%20JUMEIRA-1%2C%20Ajman%2C%20UAE,,,
1142,DXB,DXB,PHARMACY,AL SAFA AL QUOZ PHARMACY L.L.C,DHA-F-0001346,AL SAFA 3,"WADI AL SAFA 3, MAJAN DUBAI- UAE",04-3808824,https://www.google.com/maps/search/?api=1&query=WADI%20AL%20SAFA%203%2C%20MAJAN%20DUBAI-%20UAE%2C%20Ajman%2C%20UAE,,,
1143,DXB,DXB,PHARMACY,GRAND MURIAT PHARMACY LLC,DHA-F-0001611,DEIRA,"BEHIND AL HAMRIYA POST OFFICE, HAMRIYA, DEIRA, DUBAI ",04-2639986,https://www.google.com/maps/search/?api=1&query=BEHIND%20AL%20HAMRIYA%20POST%20OFFICE%2C%20HAMRIYA%2C%20DEIRA%2C%20DUBAI%2C%20Ajman%2C%20UAE,,,
1144,DXB,DXB,PHARMACY,AL FARAH PHARMACY LLC,DHA-F-0000111,AL NAHDA 1,"BEHIND SAHARA CENTRE, AL NAHDA 1, DUBAI",04-2507306,https://www.google.com/maps/search/?api=1&query=BEHIND%20SAHARA%20CENTRE%2C%20AL%20NAHDA%201%2C%20DUBAI%2C%20Ajman%2C%20UAE,,,
1145,DXB,DXB,PHARMACY,AL AHRAM PHARMACY,DHA-F-0045890,SATWA,"OPPOSITE SATWA BUS STATION, AL SATWA STREET, SATWA DUBAI",04-3318060,https://www.google.com/maps/search/?api=1&query=OPPOSITE%20SATWA%20BUS%20STATION%2C%20AL%20SATWA%20STREET%2C%20SATWA%20DUBAI%2C%20Ajman%2C%20UAE,,,
1146,DXB,DXB,PHARMACY,AL KHAN PHARMACY LLC,DHA-F-0045974,NAIF ROAD,"NAIF DEIRA DUBAI, UAE",04-236 2048,https://www.google.com/maps/search/?api=1&query=NAIF%20DEIRA%20DUBAI%2C%20UAE%2C%20Ajman%2C%20UAE,,,
1147,DXB,DXB,PHARMACY,AL TAMIMI NEW PHARMACY LLC BRANCH,DHA-F-0002298,AL SATWA,"NEXT TO UAE EXCHANGE AL SATWA, DUBAI UAE",04-3249218,https://www.google.com/maps/search/?api=1&query=NEXT%20TO%20UAE%20EXCHANGE%20AL%20SATWA%2C%20DUBAI%20UAE%2C%20Ajman%2C%20UAE,,,
1148,DXB,DXB,PHARMACY,MEDI GREEN PHARMACY LLC,DHA-F-0001554,DOHA STREET,"QUSAIS-1,DOHA STREET-DUBAI",04-2652535,https://www.google.com/maps/search/?api=1&query=QUSAIS-1%2CDOHA%20STREET-DUBAI%2C%20Ajman%2C%20UAE,,,
1149,DXB,DXB,PHARMACY,DAR AL NASEEM PHARMACY LLC,DHA-F-0047446,MUHAISNAH 4," NEXT TO MADINA MALL,BEIRUT  STREET,MUHAISNAH 4, DUBAI",04 2576266,https://www.google.com/maps/search/?api=1&query=NEXT%20TO%20MADINA%20MALL%2CBEIRUT%20%20STREET%2CMUHAISNAH%204%2C%20DUBAI%2C%20Ajman%2C%20UAE,,,
1150,DXB,DXB,PHARMACY,ARDH AL NASEEM PHARMACY LLC.,DHA-F-0047753,AMMAN STRRET,"AL MAGRUDY RESIDENCE, NEAR CARREFOUR EXPRESS, AMMAN STREET, AL NAHDA-2, DUBAI",04-2809242,https://www.google.com/maps/search/?api=1&query=AL%20MAGRUDY%20RESIDENCE%2C%20NEAR%20CARREFOUR%20EXPRESS%2C%20AMMAN%20STREET%2C%20AL%20NAHDA-2%2C%20DUBAI%2C%20Ajman%2C%20UAE,,,
1151,DXB,DXB,PHARMACY,AL NASEEM PHARMACY LLC,DHA-F-0045977,AL QUSAIS,"QUSAIS MANZIL AL QUSAIS 1ST – 232, DUBAI",042635277,https://www.google.com/maps/search/?api=1&query=QUSAIS%20MANZIL%20AL%20QUSAIS%201ST%20%E2%80%93%20232%2C%20DUBAI%2C%20Ajman%2C%20UAE,,,
1152,DXB,DXB,PHARMACY,MEDIGREEN PHARMACY LLC (BRANCH),DHA-F-0002225,FIRJ MURAR,"NEXT TO ABEER AL NOOR CLINIC, FIRJ MURAR , DEIRA , DUBAI",04-2542757,https://www.google.com/maps/search/?api=1&query=NEXT%20TO%20ABEER%20AL%20NOOR%20CLINIC%2C%20FIRJ%20MURAR%20%2C%20DEIRA%20%2C%20DUBAI%2C%20Ajman%2C%20UAE,,,
1153,DXB,DXB,PHARMACY,FAITH ACACIA PHARMACY LLC,DHA-F-1289492,"SOUFUH, DUBAI","SOUFUH GARDENS, AL SOUFUH, DUBAI UAE",04-5831633,https://www.google.com/maps/search/?api=1&query=SOUFUH%20GARDENS%2C%20AL%20SOUFUH%2C%20DUBAI%20UAE%2C%20Ajman%2C%20UAE,,,
1154,DXB,DXB,PHARMACY,FAITH CAP 1 PHARMACY LLC,DHA-F-6473276,MIZHAR FIRST, TUNIS RD AL MIZHAR FIRST - DUBAI,04-2255121,https://www.google.com/maps/search/?api=1&query=TUNIS%20RD%20AL%20MIZHAR%20FIRST%20-%20DUBAI%2C%20Ajman%2C%20UAE,,,
1155,DXB,DXB,PHARMACY,FAITH EUROPEAN PHARMACY LLC,DHA-F-1779115,JUMEIRA,UM SUQAIM SECOND ROAD ADJACENT - AL THANYA - JUMEIRAH ST - DUBAI,04-238 1881,https://www.google.com/maps/search/?api=1&query=UM%20SUQAIM%20SECOND%20ROAD%20ADJACENT%20-%20AL%20THANYA%20-%20JUMEIRAH%20ST%20-%20DUBAI%2C%20Ajman%2C%20UAE,,,
1156,DXB,DXB,PHARMACY,FAITH JABAL PHARMACY LLC,DHA-F-6714425,JEBEL ALI,"SHOP NUMBER 5 LABOUR CAMP BUILDING. JEBEL ALI INDUSTRIAL AREA FIRST, JEBEL ALI, DUBAI UAE",04-3956479,https://www.google.com/maps/search/?api=1&query=SHOP%20NUMBER%205%20LABOUR%20CAMP%20BUILDING.%20JEBEL%20ALI%20INDUSTRIAL%20AREA%20FIRST%2C%20JEBEL%20ALI%2C%20DUBAI%20UAE%2C%20Ajman%2C%20UAE,,,
1157,DXB,DXB,PHARMACY,AL WOQAYA PHARMACY -PROTECTION PHARMACY,DHA-F-0045930,KARAMA,"SHOP NO 30,31 KARAMA CENTRE,KARAMA",04-3348348,https://www.google.com/maps/search/?api=1&query=SHOP%20NO%2030%2C31%20KARAMA%20CENTRE%2CKARAMA%2C%20Ajman%2C%20UAE,,,
1158,DXB,DXB,PHARMACY,EXPERTS PHARMACY,DHA-F-0047796,AL KHAIL MALL,"SHOP#10, FROUND FLOOR, ALL KHAIL MALL, LATIFA BINT HAMDAN ST., AL QUOZ",04-3307808,https://www.google.com/maps/search/?api=1&query=SHOP%2310%2C%20FROUND%20FLOOR%2C%20ALL%20KHAIL%20MALL%2C%20LATIFA%20BINT%20HAMDAN%20ST.%2C%20AL%20QUOZ%2C%20Ajman%2C%20UAE,,,
1159,DXB,DXB,PHARMACY,DR ABDULLAS PHARMACY,DHA-F-7972780,AL QUSAIS,"MONA'S RESIDENCE ,OPP TO DUNES HOTEL,AMMAN STREET,ALQUSAIS INDUSTRIAL AREA5",04-2388778,https://www.google.com/maps/search/?api=1&query=MONA%27S%20RESIDENCE%20%2COPP%20TO%20DUNES%20HOTEL%2CAMMAN%20STREET%2CALQUSAIS%20INDUSTRIAL%20AREA5%2C%20Ajman%2C%20UAE,,,
1160,DXB,DXB,PHARMACY,NEW SMILE PHARMACY,DHA-F-0047039,ALQOUZ,"AWQAF BUILDING NO. 2, GROUND FLOOR, FLAT 1, ALQOUZ II",3381330,https://www.google.com/maps/search/?api=1&query=AWQAF%20BUILDING%20NO.%202%2C%20GROUND%20FLOOR%2C%20FLAT%201%2C%20ALQOUZ%20II%2C%20Ajman%2C%20UAE,,,
1161,DXB,DXB,PHARMACY,SMILE PHARMACY,DHA-F-0046877,SONAPUR,"AL ABBAR BUILDING, NEAR MANGO HYPERMARKET, GROUND FLOOR, MUHAISINAH II (SONAPUR)",2643567,https://www.google.com/maps/search/?api=1&query=AL%20ABBAR%20BUILDING%2C%20NEAR%20MANGO%20HYPERMARKET%2C%20GROUND%20FLOOR%2C%20MUHAISINAH%20II%20%28SONAPUR%29%2C%20Ajman%2C%20UAE,,,
1162,DXB,DXB,PHARMACY,WEST HILL PHARMACY,DHA-F-0045757,KARAMA,"SHEIKH MOHD BLDG, GROUND FLOOR, KARAMA STREET",04-3377131,https://www.google.com/maps/search/?api=1&query=SHEIKH%20MOHD%20BLDG%2C%20GROUND%20FLOOR%2C%20KARAMA%20STREET%2C%20Ajman%2C%20UAE,,,
1163,DXB,DXB,PHARMACY,HAFSA PHARMACY,DHA-F-0047897,DISCOVERY GARDENS,"ZEN CLUSTER 3, OPP CHELEA TOWER HOTEL, GROUND FLOOR, FLAT # 8, JEBEL ALI AREA, DISCOVERY GARDEN",04 4377548,https://www.google.com/maps/search/?api=1&query=ZEN%20CLUSTER%203%2C%20OPP%20CHELEA%20TOWER%20HOTEL%2C%20GROUND%20FLOOR%2C%20FLAT%20%23%208%2C%20JEBEL%20ALI%20AREA%2C%20DISCOVERY%20GARDEN%2C%20Ajman%2C%20UAE,,,
1164,DXB,DXB,PHARMACY,EAST HILL PHARMACY,DHA-F-0000593,DUBAI,"AWQAF BULD, GROUND FLOOR,SHOP NO.2, NEAR PRACO AREA, JEBEL IND- 2, DUBAI",04-8877752,https://www.google.com/maps/search/?api=1&query=AWQAF%20BULD%2C%20GROUND%20FLOOR%2CSHOP%20NO.2%2C%20NEAR%20PRACO%20AREA%2C%20JEBEL%20IND-%202%2C%20DUBAI%2C%20Ajman%2C%20UAE,,,
1165,DXB,DXB,PHARMACY,HILL LIFE PHARMACY LLC,DHA-F-0002041,KARAMA,"41 A STREET ,KARAMA",04-3232886,https://www.google.com/maps/search/?api=1&query=41%20A%20STREET%20%2CKARAMA%2C%20Ajman%2C%20UAE,,,
1166,DXB,DXB,PHARMACY,FIT FOR LIFE PHARMACY LLC,DHA-F-0002224,DIP 1,"GROUND FLOOR 8, RAMLA HYPERMARKET, DUBAI INVESTMENTS PARK 1, DUBAI, UAE",04-8836865,https://www.google.com/maps/search/?api=1&query=GROUND%20FLOOR%208%2C%20RAMLA%20HYPERMARKET%2C%20DUBAI%20INVESTMENTS%20PARK%201%2C%20DUBAI%2C%20UAE%2C%20Ajman%2C%20UAE,,,
1167,DXB,DXB,PHARMACY,LIFE GUARD PHARMACY L.L.C,DHA-F-7125824,ALQOUZ 3,"SHOP-2,EIFFEL ACCOMMODATION-2,OPP.BELHASA DRIVING SCHOOL,AL QUOZ-3",04-3333785,https://www.google.com/maps/search/?api=1&query=SHOP-2%2CEIFFEL%20ACCOMMODATION-2%2COPP.BELHASA%20DRIVING%20SCHOOL%2CAL%20QUOZ-3%2C%20Ajman%2C%20UAE,,,
1168,DXB,DXB,PHARMACY,CANADIAN SPECIALIST HOSPITAL PHARMACY,DHA-F-0001368,DEIRA,"ABU HAIL , DEIRA-DUBAI UAE",04-7072222,https://www.google.com/maps/search/?api=1&query=ABU%20HAIL%20%2C%20DEIRA-DUBAI%20UAE%2C%20Ajman%2C%20UAE,,,
1169,DXB,DXB,PHARMACY,BRITE PHARMACY LLC,DHA-F-3061943,AL NAHDA 2,"AL SUNDOS BUILDING ,GROUND FLOOR, AL NAHDA 2",04-5473734,https://www.google.com/maps/search/?api=1&query=AL%20SUNDOS%20BUILDING%20%2CGROUND%20FLOOR%2C%20AL%20NAHDA%202%2C%20Ajman%2C%20UAE,,,
1170,DXB,DXB,PHARMACY,BIO VISTA PHARMACY LLC,DHA-F-0002400,ALNAHDA 2,"SHOP NO:2, SUNDOS AL NAHDA BUILDING, AL NAHDA 2, QUSAIS",04-2552575,https://www.google.com/maps/search/?api=1&query=SHOP%20NO%3A2%2C%20SUNDOS%20AL%20NAHDA%20BUILDING%2C%20AL%20NAHDA%202%2C%20QUSAIS%2C%20Ajman%2C%20UAE,,,
1171,DXB,DXB,PHARMACY,S A M PHARMACY L.L.C (FORMERLY BLUEBELL INTERNATIONAL PHARMACY LLC),DHA-F-0002052,KARAMA,"CRYSTAL BUSINESS CENTER, SHOP NO. 10, KARAMA, DUBAI",04-3231366,https://www.google.com/maps/search/?api=1&query=CRYSTAL%20BUSINESS%20CENTER%2C%20SHOP%20NO.%2010%2C%20KARAMA%2C%20DUBAI%2C%20Ajman%2C%20UAE,,,
1172,DXB,DXB,PHARMACY,BELHOUL SPECIALITY HOSPITAL PHARMACY,DHA-F-0000964,AL BARAHA,"BSH BUILDING, NEAR BIG MART SUPERMARKET, AL BARAHA, DUBAI",04-2140638,https://www.google.com/maps/search/?api=1&query=BSH%20BUILDING%2C%20NEAR%20BIG%20MART%20SUPERMARKET%2C%20AL%20BARAHA%2C%20DUBAI%2C%20Ajman%2C%20UAE,,,
1173,DXB,DXB,PHARMACY,BADR AL SAMAA PHARMACY,DHA-F-0047947,BUR DUBAI,"OPP MUSALLA TOWER NEAR AL FAHIDI METRO STATION, BANK STREET, PO BOX.125035",04-3578681,https://www.google.com/maps/search/?api=1&query=OPP%20MUSALLA%20TOWER%20NEAR%20AL%20FAHIDI%20METRO%20STATION%2C%20BANK%20STREET%2C%20PO%20BOX.125035%2C%20Ajman%2C%20UAE,,,
1174,DXB,DXB,PHARMACY,AXON MEDICA PHARMACY-JEBEL ALI,DHA-F-0001014,JEBEL ALI,"THE GARDENS, GFA 8, GROUND FLOOR, JEBEL ALI",04-4599904,https://www.google.com/maps/search/?api=1&query=THE%20GARDENS%2C%20GFA%208%2C%20GROUND%20FLOOR%2C%20JEBEL%20ALI%2C%20Ajman%2C%20UAE,,,
1175,DXB,DXB,PHARMACY,AXON MEDICA PHARMA LLC-AL RASHIDIYA,DHA-F-0047689,AL RASHIDIYA,"RASHIDIYA CENTRAL MARKET , UNION CO -OPERATIVE BUILDING ,NEXT TO AL RASHIDIYA POLICE STATION , DUBAI",04-2859880,https://www.google.com/maps/search/?api=1&query=RASHIDIYA%20CENTRAL%20MARKET%20%2C%20UNION%20CO%20-OPERATIVE%20BUILDING%20%2CNEXT%20TO%20AL%20RASHIDIYA%20POLICE%20STATION%20%2C%20DUBAI%2C%20Ajman%2C%20UAE,,,
1176,DXB,DXB,PHARMACY,AXON MEDICA PHARMA LLC,DHA-F-2346243,SILICON OASIS,"LYNX APPARTMENT, GROUND FLOOR, HESSA STREET,SILICON OASIS",04-3484992,https://www.google.com/maps/search/?api=1&query=LYNX%20APPARTMENT%2C%20GROUND%20FLOOR%2C%20HESSA%20STREET%2CSILICON%20OASIS%2C%20Ajman%2C%20UAE,,,
1177,DXB,DXB,PHARMACY,MUHAISNA STAR PHARMACY,DHA-F-0047390,AL MUHAISINAH,"MUHAMMED ALI ABDUL TAHMAN BLDG., AL QUSAIS, MUHAISNA 2 PO BOX. 45491",04-264 4034,https://www.google.com/maps/search/?api=1&query=MUHAMMED%20ALI%20ABDUL%20TAHMAN%20BLDG.%2C%20AL%20QUSAIS%2C%20MUHAISNA%202%20PO%20BOX.%2045491%2C%20Ajman%2C%20UAE,,,
1178,DXB,DXB,PHARMACY,PRIMACARE PHARMACY LLC,DHA-F-0001796,DEIRA -BANIYAS SQUARE,"MEZZANINE FLOOR, AL MUSALLA TOWER, BANK STREET, PO BOX 26238, BUR DUBAI, UAE",04-396 6123,https://www.google.com/maps/search/?api=1&query=MEZZANINE%20FLOOR%2C%20AL%20MUSALLA%20TOWER%2C%20BANK%20STREET%2C%20PO%20BOX%2026238%2C%20BUR%20DUBAI%2C%20UAE%2C%20Ajman%2C%20UAE,,,
1179,DXB,DXB,PHARMACY,ASTER PHARMACY 128 (BR. OF ASTER PHARMACIES GROUP LLC),DHA-F-0001237,AL BARSHA,"SHOP # 1, NEW ENOC, UMM SEQUIM ST, AL BARSHA, DUBAI, UAE",04-4405945,https://www.google.com/maps/search/?api=1&query=SHOP%20%23%201%2C%20NEW%20ENOC%2C%20UMM%20SEQUIM%20ST%2C%20AL%20BARSHA%2C%20DUBAI%2C%20UAE%2C%20Ajman%2C%20UAE,,,
1180,DXB,DXB,PHARMACY,ASTER PHARMACY 132 (BR OF ASTER PHARMACIES GROUP LLC),DHA-F-0001354,ABU HAIL,"SHEIKH SUHAIL BUILDING , HOR AL ANZ EAST, PLOT #133-142, ABU HAIL ,DUBAI ,UAE",04-2692835,https://www.google.com/maps/search/?api=1&query=SHEIKH%20SUHAIL%20BUILDING%20%2C%20HOR%20AL%20ANZ%20EAST%2C%20PLOT%20%23133-142%2C%20ABU%20HAIL%20%2CDUBAI%20%2CUAE%2C%20Ajman%2C%20UAE,,,
1181,DXB,DXB,PHARMACY,ASTER GRAND AL NAHDA PHARMACY,DHA-F-0048025,ALNAHDA,"AB PLAZA BUILDING, GROUND FLOOR, SHOP NO.8 AL NAHDA , DUBAI",04 2505712,https://www.google.com/maps/search/?api=1&query=AB%20PLAZA%20BUILDING%2C%20GROUND%20FLOOR%2C%20SHOP%20NO.8%20AL%20NAHDA%20%2C%20DUBAI%2C%20Ajman%2C%20UAE,,,
1182,DXB,DXB,PHARMACY,ASTER PHARMACY 120 (BR OF ASTER PHARMACIES GROUP LLC,DHA-F-0001087,AL WARQA,"ABDUL RAOUF MOHAMMED SALEH ALAVI BUILDING, AL WARQA 1, AL WARQA, NEAR ASWAQ MALL",04-2803995,https://www.google.com/maps/search/?api=1&query=ABDUL%20RAOUF%20MOHAMMED%20SALEH%20ALAVI%20BUILDING%2C%20AL%20WARQA%201%2C%20AL%20WARQA%2C%20NEAR%20ASWAQ%20MALL%2C%20Ajman%2C%20UAE,,,
1183,DXB,DXB,PHARMACY,ASTER GOLDEN SANDS PHARMACY,DHA-F-0045944,BUR DUBAI,AL AIN CENTRE - BUR DUBAI,04-3511444,https://www.google.com/maps/search/?api=1&query=AL%20AIN%20CENTRE%20-%20BUR%20DUBAI%2C%20Ajman%2C%20UAE,,,
1184,DXB,DXB,PHARMACY,ASTER MEDICINE SHOPPE MICRO(MEDICINE SHOPPE MICRO),DHA-F-0047309,AL BARSHA,AL BARSHA,04-3237939,https://www.google.com/maps/search/?api=1&query=AL%20BARSHA%2C%20Ajman%2C%20UAE,,,
1185,DXB,DXB,PHARMACY,ASTER MEDICOM-7 (FLAME PHARMACY),DHA-F-0046394,DUBAI,"AL MIZHAR MALL, AL MIZHAR-I, DUBAI",04-2876804,https://www.google.com/maps/search/?api=1&query=AL%20MIZHAR%20MALL%2C%20AL%20MIZHAR-I%2C%20DUBAI%2C%20Ajman%2C%20UAE,,,
1186,DXB,DXB,PHARMACY,ASTER PHARMACY 204(BR OF ASTER PHARMACIES GROUP LLC,DHA-F-0002031,AL QUSAIS,"AL QUSAIS BUILDING, DAMASCUSS STREET, NEAR GRAND HOTEL, AL QUSAIS",04-2203889,https://www.google.com/maps/search/?api=1&query=AL%20QUSAIS%20BUILDING%2C%20DAMASCUSS%20STREET%2C%20NEAR%20GRAND%20HOTEL%2C%20AL%20QUSAIS%2C%20Ajman%2C%20UAE,,,
1187,DXB,DXB,PHARMACY,ASTER HEALTHCARE HYPERMARKET (BR OF ASTER PHARMACIES GROUP LLC),DHA-F-0001659,BUR DUBAI,"AL RAFFA BUILDING , OPP ASTER HOSPITAL , MANKHOOL ROAD, MANKOOL, BURDUBAI",04-3399523,https://www.google.com/maps/search/?api=1&query=AL%20RAFFA%20BUILDING%20%2C%20OPP%20ASTER%20HOSPITAL%20%2C%20MANKHOOL%20ROAD%2C%20MANKOOL%2C%20BURDUBAI%2C%20Ajman%2C%20UAE,,,
1188,DXB,DXB,PHARMACY,ASTER PHARMACY 100,DHA-F-8017367,DUBAI,"AL RAZI BUILDING, BUILDING NO 64, D BLOCK, DHCC",04-4343922,https://www.google.com/maps/search/?api=1&query=AL%20RAZI%20BUILDING%2C%20BUILDING%20NO%2064%2C%20D%20BLOCK%2C%20DHCC%2C%20Ajman%2C%20UAE,,,
1189,DXB,DXB,PHARMACY,ASTER EHSAN PHARMACY,DHA-F-0046358,DEIRA,"AL SHAAB COLONY, HOR AL ANZ - DEIRA DUBAI",04-2975986,https://www.google.com/maps/search/?api=1&query=AL%20SHAAB%20COLONY%2C%20HOR%20AL%20ANZ%20-%20DEIRA%20DUBAI%2C%20Ajman%2C%20UAE,,,
1190,DXB,DXB,PHARMACY,ASTER ALFA (ALFA PHARMACY),DHA-F-0047767,QUSAIS,"ALFATTAN BUILDING ,QUSAIS",04-2806714,https://www.google.com/maps/search/?api=1&query=ALFATTAN%20BUILDING%20%2CQUSAIS%2C%20Ajman%2C%20UAE,,,
1191,DXB,DXB,PHARMACY,ASTER PHARMACY101 (BR OF ASTER PHARMACIES GROUP LLC),DHA-F-0000891,QUSAIS,"AQU BUILDING, AL QUSAIS1, SHEIKH COLONY, NEAR TO DAFZA METRO STATION",04-2382342,https://www.google.com/maps/search/?api=1&query=AQU%20BUILDING%2C%20AL%20QUSAIS1%2C%20SHEIKH%20COLONY%2C%20NEAR%20TO%20DAFZA%20METRO%20STATION%2C%20Ajman%2C%20UAE,,,
1192,DXB,DXB,PHARMACY,ASTER AVENUE PHARMACY,DHA-F-0048037,BUSSINESS BAY,"ASPECT TOWERS, BAY AVENUE, BUSINESS BAY, DUBAI",04 4357450,https://www.google.com/maps/search/?api=1&query=ASPECT%20TOWERS%2C%20BAY%20AVENUE%2C%20BUSINESS%20BAY%2C%20DUBAI%2C%20Ajman%2C%20UAE,,,
1193,DXB,DXB,PHARMACY,ASTER PHARMACY 147 (BR OF ASTER PHARMACIES GROUP LLC),DHA-F-0001597,AL FAHIDI,"ASTER JUBILEE MEDICAL COMPLEX, KHALEED BIN AL-WALEED STREET, NEAR TO AL FAHIDI METRO STATION, BURDUBAI",04-3254026,https://www.google.com/maps/search/?api=1&query=ASTER%20JUBILEE%20MEDICAL%20COMPLEX%2C%20KHALEED%20BIN%20AL-WALEED%20STREET%2C%20NEAR%20TO%20AL%20FAHIDI%20METRO%20STATION%2C%20BURDUBAI%2C%20Ajman%2C%20UAE,,,
1194,DXB,DXB,PHARMACY,ASTER MEDICOM-12(DUBAI CENTURY PHARMACY),DHA-F-0046858,RASHIDIYA,"BEHIND BIN SOUQAT CENTRE, AL RASHIDIYA, DUBAI",04-2859110,https://www.google.com/maps/search/?api=1&query=BEHIND%20BIN%20SOUQAT%20CENTRE%2C%20AL%20RASHIDIYA%2C%20DUBAI%2C%20Ajman%2C%20UAE,,,
1195,DXB,DXB,PHARMACY,ASTER ASMA PHARMACY,DHA-F-0045774,DEIRA,BEHIND NAIF POLICE STATION - DEIRA DUBAI,04-2222786,https://www.google.com/maps/search/?api=1&query=BEHIND%20NAIF%20POLICE%20STATION%20-%20DEIRA%20DUBAI%2C%20Ajman%2C%20UAE,,,
1196,DXB,DXB,PHARMACY,ASTER PHARMACY 202 (BR OF ASTER PHARMACIES GROUP LLC),DHA-F-0001819,RASHIDIYA,"BIN SOUGAT CENTER, AIRPORT ROAD, AL RASHIDIYA, NEAR METRO STATION",04-2540474,https://www.google.com/maps/search/?api=1&query=BIN%20SOUGAT%20CENTER%2C%20AIRPORT%20ROAD%2C%20AL%20RASHIDIYA%2C%20NEAR%20METRO%20STATION%2C%20Ajman%2C%20UAE,,,
1197,DXB,DXB,PHARMACY,ASTER PHARMACY105 (BR OF ASTER PHARMACIES GROUP LLC),DHA-F-0000886,AL WARSAN,"BLDG. I - 11, SHOP NO. 02, AL WARSAN FIRST,INTERNATIONAL CITY, MOROCCO CLUSTER",04-2275972,https://www.google.com/maps/search/?api=1&query=BLDG.%20I%20-%2011%2C%20SHOP%20NO.%2002%2C%20AL%20WARSAN%20FIRST%2CINTERNATIONAL%20CITY%2C%20MOROCCO%20CLUSTER%2C%20Ajman%2C%20UAE,,,
1198,DXB,DXB,PHARMACY,ASTER PHARMACY 200 (BR OF ASTER PHARMACIES GROUP LLC),DHA-F-0001664,AL QUSAIS,"BUILDING NO :241-487, AL NAHADA SECOND, AL QUSAIS",04-2362839,https://www.google.com/maps/search/?api=1&query=BUILDING%20NO%20%3A241-487%2C%20AL%20NAHADA%20SECOND%2C%20AL%20QUSAIS%2C%20Ajman%2C%20UAE,,,
1199,DXB,DXB,PHARMACY,ASTER PHARMACY104 (BR OF ASTER PHARMACIES GROUP LLC),DHA-F-0000938,INTERNATIONAL CITY,"BUILDING-L-11, SHOP NO.2, GREECE CLUSTER, INTERNATIONAL CITY,NEAR THOMSUN SUPER MARKET",04-2775973,https://www.google.com/maps/search/?api=1&query=BUILDING-L-11%2C%20SHOP%20NO.2%2C%20GREECE%20CLUSTER%2C%20INTERNATIONAL%20CITY%2CNEAR%20THOMSUN%20SUPER%20MARKET%2C%20Ajman%2C%20UAE,,,
1200,DXB,DXB,PHARMACY,ASTER PHARMACY103 (BR OF ASTER PHARMACIES GROUP LLC),DHA-F-0000937,PERSIA,"BUILDING-N04, SHOP NO.S-04, AL WARSAN FIRST, INTERNATIONAL CITY, PERSIA CLUSTER",04-2765802,https://www.google.com/maps/search/?api=1&query=BUILDING-N04%2C%20SHOP%20NO.S-04%2C%20AL%20WARSAN%20FIRST%2C%20INTERNATIONAL%20CITY%2C%20PERSIA%20CLUSTER%2C%20Ajman%2C%20UAE,,,
1201,DXB,DXB,PHARMACY,ASTER NEW AL SHIFA (NEW AL SHIFA PHARMACY),DHA-F-0047534,INTERNATIONAL CITY,"BUILING NO:20, RUSSIAN CLUSTER,INT'L CITY",04-4227474,https://www.google.com/maps/search/?api=1&query=BUILING%20NO%3A20%2C%20RUSSIAN%20CLUSTER%2CINT%27L%20CITY%2C%20Ajman%2C%20UAE,,,
1202,DXB,DXB,PHARMACY,ASTER SHINDAGHA PHARMACY,DHA-F-0046424,BUR DUBAI BUS STATION,CARREFOUR - BUR DUBAI,04-3933889,https://www.google.com/maps/search/?api=1&query=CARREFOUR%20-%20BUR%20DUBAI%2C%20Ajman%2C%20UAE,,,
1203,DXB,DXB,PHARMACY,ASTER MEDICOM-8 (CENTURY PHARMACY),DHA-F-0046522,HAMRIYA,"CENTURY MALL, HAMRIYA, DUBAI",04-2965040,https://www.google.com/maps/search/?api=1&query=CENTURY%20MALL%2C%20HAMRIYA%2C%20DUBAI%2C%20Ajman%2C%20UAE,,,
1204,DXB,DXB,PHARMACY,FAISAL PHARMACY  (AL SHAFAR GROUP OF PHARMACIES),DHA-F-0045953,UMM SEQUM,"CHOITRAM, UMM SEQUM",04-3485102,https://www.google.com/maps/search/?api=1&query=CHOITRAM%2C%20UMM%20SEQUM%2C%20Ajman%2C%20UAE,,,
1205,DXB,DXB,PHARMACY,ASTER PHARMACY 158(BR OF ASTER PHARMACIES GROUP LLC),DHA-F-0001987,BUSSINESS BAY,"CHURCHIL TOWER, AL AAMAL STREET,BUSINESS BAY",04-2438618,https://www.google.com/maps/search/?api=1&query=CHURCHIL%20TOWER%2C%20AL%20AAMAL%20STREET%2CBUSINESS%20BAY%2C%20Ajman%2C%20UAE,,,
1206,DXB,DXB,PHARMACY,ASTER PHARMACY 115 (BR OF ASTER PHARMACIES GROUP LLC),DHA-F-0001162,DISCOVERY GARDENS,"DISCOVERY PAVILION,STREET 7,DISCOVERY GARDEN",04-5546021,https://www.google.com/maps/search/?api=1&query=DISCOVERY%20PAVILION%2CSTREET%207%2CDISCOVERY%20GARDEN%2C%20Ajman%2C%20UAE,,,
1207,DXB,DXB,PHARMACY,DRAGON PHARMACY  (AL SHAFAR GROUP OF PHARMACIES),DHA-F-0047377,DRAGON MART,"DRAGON MART , BAN 05& 06",04-3687409,https://www.google.com/maps/search/?api=1&query=DRAGON%20MART%20%2C%20BAN%2005%26%2006%2C%20Ajman%2C%20UAE,,,
1208,DXB,DXB,PHARMACY,DRAGON MART PHARMACY  (AL SHAFAR GROUP OF PHARMACIES),DHA-F-0047374,AWEER,DRAGON MART MAIN ENTRANCE,04-3687450,https://www.google.com/maps/search/?api=1&query=DRAGON%20MART%20MAIN%20ENTRANCE%2C%20Ajman%2C%20UAE,,,
1209,DXB,DXB,PHARMACY,ASTER PHARMACY 6 (BR OF ASTER PHARMACIES GROUP LLC),DHA-F-0000909,SILICON OASIS,"DUBAI SILICON GATE 1 - BUILDING, FIRST FLOOR, F-S-101A, GATE 1, SILICON OASIS, OPPOSITE CHOITHRAM & BASKIN ROBINS",04-3262600,https://www.google.com/maps/search/?api=1&query=DUBAI%20SILICON%20GATE%201%20-%20BUILDING%2C%20FIRST%20FLOOR%2C%20F-S-101A%2C%20GATE%201%2C%20SILICON%20OASIS%2C%20OPPOSITE%20CHOITHRAM%20%26%20BASKIN%20ROBINS%2C%20Ajman%2C%20UAE,,,
1210,DXB,DXB,PHARMACY,ASTER MEDICOM-5 (EMIRATES CO-OP. PHARMACY),DHA-F-0045971,QUSAIS,"EMIRATES COOPERATIVE SOCIETY, AL TWAR, DUBAI",04-2649929,https://www.google.com/maps/search/?api=1&query=EMIRATES%20COOPERATIVE%20SOCIETY%2C%20AL%20TWAR%2C%20DUBAI%2C%20Ajman%2C%20UAE,,,
1211,DXB,DXB,PHARMACY,JABAL ALI GARDENS PHARMACY (BR OF AL SHAFAR PHARMACY GROUP LLC),DHA-F-0047173,IBN BATUTA MALL,"ENOC STATION, BEHIND IBN BATUTA MALL",04-8820808,https://www.google.com/maps/search/?api=1&query=ENOC%20STATION%2C%20BEHIND%20IBN%20BATUTA%20MALL%2C%20Ajman%2C%20UAE,,,
1212,DXB,DXB,PHARMACY,HIGHWAY PHARMACY  (AL SHAFAR GROUP OF PHARMACIES),DHA-F-0047375,DUBAI,"ENOC STATION, OPP. WASEL HOSPITAL",04-3375552,https://www.google.com/maps/search/?api=1&query=ENOC%20STATION%2C%20OPP.%20WASEL%20HOSPITAL%2C%20Ajman%2C%20UAE,,,
1213,DXB,DXB,PHARMACY,ASTER PHARMACY 152(BR OF ASTER PHARMACIES GROUP LLC),DHA-F-0001990,JAFZA,"FOOD COURT 3,COMMERCIAL CENTER, JEBEL ALI FREE ZONE SOUTH, NEAR ACCESS CLINIC JAFZA",04-8809102,https://www.google.com/maps/search/?api=1&query=FOOD%20COURT%203%2CCOMMERCIAL%20CENTER%2C%20JEBEL%20ALI%20FREE%20ZONE%20SOUTH%2C%20NEAR%20ACCESS%20CLINIC%20JAFZA%2C%20Ajman%2C%20UAE,,,
1214,DXB,DXB,PHARMACY,ASTER PHARMACY 3 (BR OF ASTER PHARMACY L.L.C),DHA-F-0000558,DUBAI,"G32 GROUND FLOOR, DUBAI OUTLET MALL,",04-4437250,https://www.google.com/maps/search/?api=1&query=G32%20GROUND%20FLOOR%2C%20DUBAI%20OUTLET%20MALL%2C%2C%20Ajman%2C%20UAE,,,
1215,DXB,DXB,PHARMACY,UMM HURAIR PHARMACY  (AL SHAFAR GROUP OF PHARMACIES),DHA-F-0047261,AL MANARA,"G5&G6 - J3 MALL, AL MANARA, DUBAI",04-3383766,https://www.google.com/maps/search/?api=1&query=G5%26G6%20-%20J3%20MALL%2C%20AL%20MANARA%2C%20DUBAI%2C%20Ajman%2C%20UAE,,,
1216,DXB,DXB,PHARMACY,ASTER PHARMACY 134 (BR OF ASTER PHARMACIES GROUP LLC),DHA-F-0001414,AL BARSHA,"GOLDEN SANDS BUILDING, BARSHA 1ST, AL BARSHA, NEAR TO LULU",04-3271483,https://www.google.com/maps/search/?api=1&query=GOLDEN%20SANDS%20BUILDING%2C%20BARSHA%201ST%2C%20AL%20BARSHA%2C%20NEAR%20TO%20LULU%2C%20Ajman%2C%20UAE,,,
1217,DXB,DXB,PHARMACY,ASTER PHARMACY 130 (BR OF ASTER PHARMACIES GROUP LLC),DHA-F-0001300,SHEIKH ZAYED ROAD,"GROUND FLOOR , DUJA TOWER,TRADE CENTER FIRST, NEXT TO SHERATON GRAND HOTEL, SHEIK ZAYED ROAD",04-3866768,https://www.google.com/maps/search/?api=1&query=GROUND%20FLOOR%20%2C%20DUJA%20TOWER%2CTRADE%20CENTER%20FIRST%2C%20NEXT%20TO%20SHERATON%20GRAND%20HOTEL%2C%20SHEIK%20ZAYED%20ROAD%2C%20Ajman%2C%20UAE,,,
1218,DXB,DXB,PHARMACY,ASTER MEDICOM(AL PHARABI),DHA-F-0045765,GOLD SOUQ,"GROUND FLOOR, AL HAYAM HOTEL, GOLD SOUQ, DUBAI",04-2264844,https://www.google.com/maps/search/?api=1&query=GROUND%20FLOOR%2C%20AL%20HAYAM%20HOTEL%2C%20GOLD%20SOUQ%2C%20DUBAI%2C%20Ajman%2C%20UAE,,,
1219,DXB,DXB,PHARMACY,ASTER TECOM PHARMACY,DHA-F-0047958,TECOM,"GROUND FLOOR, ICON TOWER, BEHIND BYBLOS HOTEL, BARSHA HEIGHT, TECOM",04 4534840,https://www.google.com/maps/search/?api=1&query=GROUND%20FLOOR%2C%20ICON%20TOWER%2C%20BEHIND%20BYBLOS%20HOTEL%2C%20BARSHA%20HEIGHT%2C%20TECOM%2C%20Ajman%2C%20UAE,,,
1220,DXB,DXB,PHARMACY,PANACEA PHARMACY REEF,DHA-F-0045962,DEIRA,"GROUND FLOOR, REEF MALL,SALAH AL DIN ROAD, DEIRA, NEAR TO ANSAR GALLERY",04-2239805,https://www.google.com/maps/search/?api=1&query=GROUND%20FLOOR%2C%20REEF%20MALL%2CSALAH%20AL%20DIN%20ROAD%2C%20DEIRA%2C%20NEAR%20TO%20ANSAR%20GALLERY%2C%20Ajman%2C%20UAE,,,
1221,DXB,DXB,PHARMACY,ASTER PHARMACY 138 (BR OF ASTER PHARMACIES GROUP LLC),DHA-F-0001606,AL KARAMA,"GROUND FLOOR, AL JABAR BUILDING, NEAR SUNRISE SUPERMARKET, AL KARAMA, DUBAI",04-3377329,https://www.google.com/maps/search/?api=1&query=GROUND%20FLOOR%2C%20AL%20JABAR%20BUILDING%2C%20NEAR%20SUNRISE%20SUPERMARKET%2C%20AL%20KARAMA%2C%20DUBAI%2C%20Ajman%2C%20UAE,,,
1222,DXB,DXB,PHARMACY,ASTER PHARMACY 129 (BR. OF ASTER PHARMACIES GROUP LLC),DHA-F-0001175,SATWA,"GROUND FLOOR,MARJANA PLAZA BUILDING, AL BADA, SATWA",04-3590530,https://www.google.com/maps/search/?api=1&query=GROUND%20FLOOR%2CMARJANA%20PLAZA%20BUILDING%2C%20AL%20BADA%2C%20SATWA%2C%20Ajman%2C%20UAE,,,
1223,DXB,DXB,PHARMACY,ASTER PHARMACY 124 (BR. ASTER PHARMACIES GROUP LLC),DHA-F-0001163,MARINA,"GROUND FLOOR,SUKOON TOWER, MARINA, DUBAI",04-5546282,https://www.google.com/maps/search/?api=1&query=GROUND%20FLOOR%2CSUKOON%20TOWER%2C%20MARINA%2C%20DUBAI%2C%20Ajman%2C%20UAE,,,
1224,DXB,DXB,PHARMACY,ASTER PHARMACY 126 (BR. OF ASTER PHARMACIES GROUP LLC),DHA-F-0001122,JUMEIRAH,"JUMERIAH, UMSUQUIM 1, NEAR MEDCARE CLINIC",04-3952213,https://www.google.com/maps/search/?api=1&query=JUMERIAH%2C%20UMSUQUIM%201%2C%20NEAR%20MEDCARE%20CLINIC%2C%20Ajman%2C%20UAE,,,
1225,DXB,DXB,PHARMACY,ASTER PHARMACY 1 (BR.ASTER PHARMACY),DHA-F-0000337,BUR DUBAI,"KALID BIN WALEED ROAD, BURDUBAI",04-3863800,https://www.google.com/maps/search/?api=1&query=KALID%20BIN%20WALEED%20ROAD%2C%20BURDUBAI%2C%20Ajman%2C%20UAE,,,
1226,DXB,DXB,PHARMACY,ASTER AL RAHA (AL RAHA PHARMACY),DHA-F-0045884,KHALID BIN WALEED ROAD,KHALID BIN WALEED RD - BUR DUBAI,04-3523383,https://www.google.com/maps/search/?api=1&query=KHALID%20BIN%20WALEED%20RD%20-%20BUR%20DUBAI%2C%20Ajman%2C%20UAE,,,
1227,DXB,DXB,PHARMACY,ASTER YACOUB PHARMACY,DHA-F-0045895,BUR DUBAI,"KHALID BIN WALEED ROAD, NEAR TO ADCB BANK, BANK STREET,BUR DUBAI",04-3523332,https://www.google.com/maps/search/?api=1&query=KHALID%20BIN%20WALEED%20ROAD%2C%20NEAR%20TO%20ADCB%20BANK%2C%20BANK%20STREET%2CBUR%20DUBAI%2C%20Ajman%2C%20UAE,,,
1228,DXB,DXB,PHARMACY,ASTER AL MUSALLA PHARMACY,DHA-F-0045860,UMM SEQUM,"KHARBASH BUILDING,JUMERIAH ROAD,UMM SUQEM 1",04-3284548,https://www.google.com/maps/search/?api=1&query=KHARBASH%20BUILDING%2CJUMERIAH%20ROAD%2CUMM%20SUQEM%201%2C%20Ajman%2C%20UAE,,,
1229,DXB,DXB,PHARMACY,ASTER ALSHAFAR PHARMACY (BR OF ASTER AL SHAFAR PHARMACIES GROUP L.L.C) (FORMERLY LAMCY PHARMACY),DHA-F-0045922,KARAMA,"LAMCY PLAZA, 1ST FLOOR",04-3352727,https://www.google.com/maps/search/?api=1&query=LAMCY%20PLAZA%2C%201ST%20FLOOR%2C%20Ajman%2C%20UAE,,,
1230,DXB,DXB,PHARMACY,ASTER MEDICOM PHARMACY-14 (MADINA MALL PHARMACY),DHA-F-0047116,QUSAIS,"MADINA MALL, AL QUSAIS",04-2558733,https://www.google.com/maps/search/?api=1&query=MADINA%20MALL%2C%20AL%20QUSAIS%2C%20Ajman%2C%20UAE,,,
1231,DXB,DXB,PHARMACY,PANACEA PHARMACY MADINAT (BR OF ASTER PHARMACIES GROUP LLC),DHA-F-0046787,JUMEIRAH,"MADINAT JUMERIAH SOUK,SHOP NO.90, UMM SUQEUM, JUMERIAH BEACH ROAD, NEAR TO BURJ AL ARAB HOTEL",04-3686123,https://www.google.com/maps/search/?api=1&query=MADINAT%20JUMERIAH%20SOUK%2CSHOP%20NO.90%2C%20UMM%20SUQEUM%2C%20JUMERIAH%20BEACH%20ROAD%2C%20NEAR%20TO%20BURJ%20AL%20ARAB%20HOTEL%2C%20Ajman%2C%20UAE,,,
1232,DXB,DXB,PHARMACY,ASTER PHARMACY110 (BR OF ASTER PHARMACIES GROUP LLC),DHA-F-0000854,KARAMA,"MANDARIN BUILDING, GROUND FLOOR, STREET 13A, OUD MEHTHA, NEAR LAMCY PLAZA",04-3963158,https://www.google.com/maps/search/?api=1&query=MANDARIN%20BUILDING%2C%20GROUND%20FLOOR%2C%20STREET%2013A%2C%20OUD%20MEHTHA%2C%20NEAR%20LAMCY%20PLAZA%2C%20Ajman%2C%20UAE,,,
1233,DXB,DXB,PHARMACY,ASTER MEDICOM-6(MAZAYA PHARMACY),DHA-F-0046093,DUBAI,"MAZAYA CENTRE,SH ZAYED ROAD, DUBAI",04-3435522,https://www.google.com/maps/search/?api=1&query=MAZAYA%20CENTRE%2CSH%20ZAYED%20ROAD%2C%20DUBAI%2C%20Ajman%2C%20UAE,,,
1234,DXB,DXB,PHARMACY,ASTER MEDICOM-2 (AL WASL PHARMACY),DHA-F-0045891,JUMEIRAH,"MERCATO CENTRE, JUMEIRA BEACH ROAD, DUBAI",04-3448333,https://www.google.com/maps/search/?api=1&query=MERCATO%20CENTRE%2C%20JUMEIRA%20BEACH%20ROAD%2C%20DUBAI%2C%20Ajman%2C%20UAE,,,
1235,DXB,DXB,PHARMACY,ASTER PHARMACY 116 (BR OF ASTER PHARMACIES GROUP LLC),DHA-F-0000934,MIRDIFF,"MIRDIF COMMERCIAL COMPLEX, SHOP NO. 1 &2, MIRDIF, WESTZONE SUPER MARKET",04-2884190,https://www.google.com/maps/search/?api=1&query=MIRDIF%20COMMERCIAL%20COMPLEX%2C%20SHOP%20NO.%201%20%262%2C%20MIRDIF%2C%20WESTZONE%20SUPER%20MARKET%2C%20Ajman%2C%20UAE,,,
1236,DXB,DXB,PHARMACY,ASTER PHARMACY 113 (BR OF ASTER PHARMACIES GROUP LLC),DHA-F-0000989,MIRDIFF,"MIRDIF MALL, UPTOWN MIRDIF,NEAR TO MEDCARE CLINIC, MIRDIF",04-2839542,https://www.google.com/maps/search/?api=1&query=MIRDIF%20MALL%2C%20UPTOWN%20MIRDIF%2CNEAR%20TO%20MEDCARE%20CLINIC%2C%20MIRDIF%2C%20Ajman%2C%20UAE,,,
1237,DXB,DXB,PHARMACY,ASTER PHARMACY 109 (BR OF ASTER PHARMACIES GROUP LLC),DHA-F-0001415,MIRDIFF,"MIRDIFF BUILDING, NEAR TO DUBAI GEANT SUPERMARKET, GHUROOB COMMUNITY, MIRDIFF",04-4582727,https://www.google.com/maps/search/?api=1&query=MIRDIFF%20BUILDING%2C%20NEAR%20TO%20DUBAI%20GEANT%20SUPERMARKET%2C%20GHUROOB%20COMMUNITY%2C%20MIRDIFF%2C%20Ajman%2C%20UAE,,,
1238,DXB,DXB,PHARMACY,ASTER BETA (BETA PHARMACY),DHA-F-0047892,MIRDIFF,MIRDIFF CITY CENTRE,04-2840678,https://www.google.com/maps/search/?api=1&query=MIRDIFF%20CITY%20CENTRE%2C%20Ajman%2C%20UAE,,,
1239,DXB,DXB,PHARMACY,ASTER PHARMACY 112 (BR OF ASTER PHARMACIES GRP),DHA-F-0000957,BUR DUBAI,"MOHAMED KHLIFA AL KHALAFI BUILDING, GROUND FLOOR,ROLLA STREET, AL RAFFA, BURDUBAI",04-3252920,https://www.google.com/maps/search/?api=1&query=MOHAMED%20KHLIFA%20AL%20KHALAFI%20BUILDING%2C%20GROUND%20FLOOR%2CROLLA%20STREET%2C%20AL%20RAFFA%2C%20BURDUBAI%2C%20Ajman%2C%20UAE,,,
1240,DXB,DXB,PHARMACY,ASTER PHARMACY 111 (BR OF ASTER PHARMACIES GROUP LLC),DHA-F-0000921,MUHAISNAH,"MUHAISINAH PLAZA BUILDING, SHOP NO.6,MUHAISANAH 4,LULU VILLAGE, NEAR THE INDIAN ACADEMY, BEHIND MADINA MALL",04-2593195,https://www.google.com/maps/search/?api=1&query=MUHAISINAH%20PLAZA%20BUILDING%2C%20SHOP%20NO.6%2CMUHAISANAH%204%2CLULU%20VILLAGE%2C%20NEAR%20THE%20INDIAN%20ACADEMY%2C%20BEHIND%20MADINA%20MALL%2C%20Ajman%2C%20UAE,,,
1241,DXB,DXB,PHARMACY,ASTER UNION PHARMACY,DHA-F-0045752,BUR DUBAI,NEAR AL RAFA POLY CLINIC - BUR DUBAI,04-3935619,https://www.google.com/maps/search/?api=1&query=NEAR%20AL%20RAFA%20POLY%20CLINIC%20-%20BUR%20DUBAI%2C%20Ajman%2C%20UAE,,,
1242,DXB,DXB,PHARMACY,ASTER IBN AL AZWAR PHARMACY,DHA-F-0045915,AL AWEER,NEAR EPPCO - AL AWEER,04-3331504,https://www.google.com/maps/search/?api=1&query=NEAR%20EPPCO%20-%20AL%20AWEER%2C%20Ajman%2C%20UAE,,,
1243,DXB,DXB,PHARMACY,ASTER RASHID PHARMACY,DHA-F-0045754,DEIRA,"NEAR GUEST LINE HOTEL ,RIGGA ROAD DEIRA",04 2211739,https://www.google.com/maps/search/?api=1&query=NEAR%20GUEST%20LINE%20HOTEL%20%2CRIGGA%20ROAD%20DEIRA%2C%20Ajman%2C%20UAE,,,
1244,DXB,DXB,PHARMACY,AL QOUZ PHARMACY,DHA-F-0045759,AL QUOZ,NEAR KHALIFA SUPER MARKET - AL QOUZ,04-3384401,https://www.google.com/maps/search/?api=1&query=NEAR%20KHALIFA%20SUPER%20MARKET%20-%20AL%20QOUZ%2C%20Ajman%2C%20UAE,,,
1245,DXB,DXB,PHARMACY,ASTER AL WARQA PHARMACY,DHA-F-0047076,WARQA,NEAR MASS SUPER MARKET - WARQA,04-2801691,https://www.google.com/maps/search/?api=1&query=NEAR%20MASS%20SUPER%20MARKET%20-%20WARQA%2C%20Ajman%2C%20UAE,,,
1246,DXB,DXB,PHARMACY,ASTER NEW AL QOUZ(NEW AL QUOZ PHARMACY),DHA-F-0046871,AL QUOZ,NEAR NEW GRAND MALL - AL QOUZ,04-3385854,https://www.google.com/maps/search/?api=1&query=NEAR%20NEW%20GRAND%20MALL%20-%20AL%20QOUZ%2C%20Ajman%2C%20UAE,,,
1247,DXB,DXB,PHARMACY,CENTRAL MARKET PHARMACY,DHA-F-0045788,QUSAIS,"NEAR TO DAFZA METRO STATION, AL QUSAIS,DUBAI",04-2613451,https://www.google.com/maps/search/?api=1&query=NEAR%20TO%20DAFZA%20METRO%20STATION%2C%20AL%20QUSAIS%2CDUBAI%2C%20Ajman%2C%20UAE,,,
1248,DXB,DXB,PHARMACY,ASTER AL SHIFA PHARMACY,DHA-F-0045776,KARAMA,NEAR UNION MEDICAL CENTRE - KARAMA,04-3969469,https://www.google.com/maps/search/?api=1&query=NEAR%20UNION%20MEDICAL%20CENTRE%20-%20KARAMA%2C%20Ajman%2C%20UAE,,,
1249,DXB,DXB,PHARMACY,ASTER MEDSAVE (MEDSAVE PHARMACY),DHA-F-0047581,MIRDIFF,"NEAR UNION NATIONAL BANK, MIRDIFF",04-2847600,https://www.google.com/maps/search/?api=1&query=NEAR%20UNION%20NATIONAL%20BANK%2C%20MIRDIFF%2C%20Ajman%2C%20UAE,,,
1250,DXB,DXB,PHARMACY,ASTER MEDICOM-10 (AL SABA PHARMACY),DHA-F-0047005,MIRDIFF,"NEAR UP TOWN MALL, MIRDIF, DUBAI",04-2885995,https://www.google.com/maps/search/?api=1&query=NEAR%20UP%20TOWN%20MALL%2C%20MIRDIF%2C%20DUBAI%2C%20Ajman%2C%20UAE,,,
1251,DXB,DXB,PHARMACY,ASTER JEBEL ALI  PHARMACY,DHA-F-0000123,JEBEL ALI,"NESTO HYPERMARKET, SHOP NO 5, JEBELALI",04 8840237,https://www.google.com/maps/search/?api=1&query=NESTO%20HYPERMARKET%2C%20SHOP%20NO%205%2C%20JEBELALI%2C%20Ajman%2C%20UAE,,,
1252,DXB,DXB,PHARMACY,ASTER PHARMACY 118 (BR OF ASTER PHARMACIES GROUP LLC),DHA-F-0000968,ALNAHDA,"OBS BUILDING,GROUND FLOOR, SHOP NO.2, NEAR TO NMC HOSPITAL, AMMAN ROAD,AL NAHDA",04-2393397,https://www.google.com/maps/search/?api=1&query=OBS%20BUILDING%2CGROUND%20FLOOR%2C%20SHOP%20NO.2%2C%20NEAR%20TO%20NMC%20HOSPITAL%2C%20AMMAN%20ROAD%2CAL%20NAHDA%2C%20Ajman%2C%20UAE,,,
1253,DXB,DXB,PHARMACY,ASTER MEDICOM-9 (AL QEMMA PHARMACY),DHA-F-0046297,QUSAIS,"OPP. AL QUSAIS POLICE STATION, AL QUSAIS, DUBAI",04-2640818,https://www.google.com/maps/search/?api=1&query=OPP.%20AL%20QUSAIS%20POLICE%20STATION%2C%20AL%20QUSAIS%2C%20DUBAI%2C%20Ajman%2C%20UAE,,,
1254,DXB,DXB,PHARMACY,ASTER MEDICOM-11 (NEW FLAME PHARMACY),DHA-F-0046887,QUSAIS,"OPP. AL TOWAR CENTRE, AL QUSAIS, DUBAI",04-2611551,https://www.google.com/maps/search/?api=1&query=OPP.%20AL%20TOWAR%20CENTRE%2C%20AL%20QUSAIS%2C%20DUBAI%2C%20Ajman%2C%20UAE,,,
1255,DXB,DXB,PHARMACY,ASTER AL JUMA PHARMACY,DHA-F-0045967,KARAMA,OPP. TO LULU CENTRE - KARAMA,04-3348981,https://www.google.com/maps/search/?api=1&query=OPP.%20TO%20LULU%20CENTRE%20-%20KARAMA%2C%20Ajman%2C%20UAE,,,
1256,DXB,DXB,PHARMACY,ASTER IQRA PHARMACY,DHA-F-0047612,DEIRA,"OPP: AL FUTHAIM MASJID, DEIRA",04 2289164,https://www.google.com/maps/search/?api=1&query=OPP%3A%20AL%20FUTHAIM%20MASJID%2C%20DEIRA%2C%20Ajman%2C%20UAE,,,
1257,DXB,DXB,PHARMACY,ASTER MEDICOM-13(HOME PHARMACY),DHA-F-0046677,BUR DUBAI,"OPPOSTIE :- KARAMA CENTRE, KARAMA, DUBAI",04-3977739,https://www.google.com/maps/search/?api=1&query=OPPOSTIE%20%3A-%20KARAMA%20CENTRE%2C%20KARAMA%2C%20DUBAI%2C%20Ajman%2C%20UAE,,,
1258,DXB,DXB,PHARMACY,ASTER JBR PHARMACY,DHA-F-0000062,JUMEIRAH,"P42, PLAZA LEVEL,SADAF4,THE WALK, JBR",04-4471127,https://www.google.com/maps/search/?api=1&query=P42%2C%20PLAZA%20LEVEL%2CSADAF4%2CTHE%20WALK%2C%20JBR%2C%20Ajman%2C%20UAE,,,
1259,DXB,DXB,PHARMACY,ASTER PHARMACY 205 (BR OF ASTER PHARMACIES GROUP LLC),DHA-F-0001890,JUMEIRAH,"PVE-G-02, PALM VIEWS EAST BUILDING, PALM JUMEIRA",04-4221521,https://www.google.com/maps/search/?api=1&query=PVE-G-02%2C%20PALM%20VIEWS%20EAST%20BUILDING%2C%20PALM%20JUMEIRA%2C%20Ajman%2C%20UAE,,,
1260,DXB,DXB,PHARMACY,ASTER PHARMACY 157(BR OF ASTER PHARMACIES GROUP LLC),DHA-F-0001896,SAFA,"R-531-A, DAR AL WASL BUILDING, AL WASL ROAD, NEAR SAFA",04-3867820,https://www.google.com/maps/search/?api=1&query=R-531-A%2C%20DAR%20AL%20WASL%20BUILDING%2C%20AL%20WASL%20ROAD%2C%20NEAR%20SAFA%2C%20Ajman%2C%20UAE,,,
1261,DXB,DXB,PHARMACY,ASTER DIP PHARMACY,DHA-F-0000310,DIP,"RAMLA HYPERMARKET, DUBAI INVESTMENT PARK",04-8800996,https://www.google.com/maps/search/?api=1&query=RAMLA%20HYPERMARKET%2C%20DUBAI%20INVESTMENT%20PARK%2C%20Ajman%2C%20UAE,,,
1262,DXB,DXB,PHARMACY,ASTER PHARMACY 137 (BR OF ASTER PHARMACIES GROUP LLC),DHA-F-0001694,INTERNATIONAL CITY,"RETAIL SHOP 6, THE PAVILION MALL, OPP. UNION CO OP, FRANCE CLUSTER, INTERNATIONAL CITY",04-4224515,https://www.google.com/maps/search/?api=1&query=RETAIL%20SHOP%206%2C%20THE%20PAVILION%20MALL%2C%20OPP.%20UNION%20CO%20OP%2C%20FRANCE%20CLUSTER%2C%20INTERNATIONAL%20CITY%2C%20Ajman%2C%20UAE,,,
1263,DXB,DXB,PHARMACY,ASTER PHARMACY 127 ( BR OF ASTER PHARMACIES GROUP LLC),DHA-F-0001208,MARINA,"ROYAL OCEANIC-1, S-01,PLOT NO:218, MARSA DUBAI, NEAR LE MERIDIEN, DUBAI MARINA",04-5547096,https://www.google.com/maps/search/?api=1&query=ROYAL%20OCEANIC-1%2C%20S-01%2CPLOT%20NO%3A218%2C%20MARSA%20DUBAI%2C%20NEAR%20LE%20MERIDIEN%2C%20DUBAI%20MARINA%2C%20Ajman%2C%20UAE,,,
1264,DXB,DXB,PHARMACY,ASTER PHARMACY 98,DHA-F-0000462,MUHAISNAH,"SAMEYA KHALIFA MOHAMED AL FUQAEI BUILDING, SHOP NO.8, 24TH STREET. MUHAISINA 2ND, SONAPUR",04-2521711,https://www.google.com/maps/search/?api=1&query=SAMEYA%20KHALIFA%20MOHAMED%20AL%20FUQAEI%20BUILDING%2C%20SHOP%20NO.8%2C%2024TH%20STREET.%20MUHAISINA%202ND%2C%20SONAPUR%2C%20Ajman%2C%20UAE,,,
1265,DXB,DXB,PHARMACY,ASTER PHARMACY 149(BR OF ASTER PHARMACIES GROUP LLC),DHA-F-0001736,BUR DUBAI,"SHOP 2 & 3, AL WASL BUILDING, BEHIND LULU HYPERMARKET, KARAMA, BURDUBAI",04-3426145,https://www.google.com/maps/search/?api=1&query=SHOP%202%20%26%203%2C%20AL%20WASL%20BUILDING%2C%20BEHIND%20LULU%20HYPERMARKET%2C%20KARAMA%2C%20BURDUBAI%2C%20Ajman%2C%20UAE,,,
1266,DXB,DXB,PHARMACY,ASTER PHARMACY 102  (BR OF ASTER PHARMACIES GROUP LLC),DHA-F-0001362,QUSAIS,"SHOP 2, SAEED HAMAD MUSLEH JAMHOUR AL AHBABI BUILDING, AL QUSAIS SECOND, AL QUSAIS",04-2610833,https://www.google.com/maps/search/?api=1&query=SHOP%202%2C%20SAEED%20HAMAD%20MUSLEH%20JAMHOUR%20AL%20AHBABI%20BUILDING%2C%20AL%20QUSAIS%20SECOND%2C%20AL%20QUSAIS%2C%20Ajman%2C%20UAE,,,
1267,DXB,DXB,PHARMACY,ASTER PHARMACY 146(BR OF ASTER PHARMACIES GROUP LLC),DHA-F-0001661,BUR DUBAI,"SHOP 32, SOUK AL KABEER BUILDING, NEAR TO GHUBAIBA BUS STAION, OPP.ETISALAT-SHINDAGHA, NEXT TO ACCESS CLINIC , BURDUBAI",04-3271059,https://www.google.com/maps/search/?api=1&query=SHOP%2032%2C%20SOUK%20AL%20KABEER%20BUILDING%2C%20NEAR%20TO%20GHUBAIBA%20BUS%20STAION%2C%20OPP.ETISALAT-SHINDAGHA%2C%20NEXT%20TO%20ACCESS%20CLINIC%20%2C%20BURDUBAI%2C%20Ajman%2C%20UAE,,,
1268,DXB,DXB,PHARMACY,ASTER PHARMACY 144 (BR OF ASTER PHARMACIES GROUP LLC),DHA-F-0001586,HOR AL ANZ,"SHOP 5 & 6, AL MAALIK BUIDING, AL SHAB, NEAR TO TALAL SUPER MARKET, HOR AL ANZ",04-2212250,https://www.google.com/maps/search/?api=1&query=SHOP%205%20%26%206%2C%20AL%20MAALIK%20BUIDING%2C%20AL%20SHAB%2C%20NEAR%20TO%20TALAL%20SUPER%20MARKET%2C%20HOR%20AL%20ANZ%2C%20Ajman%2C%20UAE,,,
1269,DXB,DXB,PHARMACY,ASTER PHARMACY 5,DHA-F-0000731,INTERNATIONAL CITY,"SHOP NO 02, CBD 29, AL WARSAN 1ST, INTERNATIONAL CITY",04-4473169,https://www.google.com/maps/search/?api=1&query=SHOP%20NO%2002%2C%20CBD%2029%2C%20AL%20WARSAN%201ST%2C%20INTERNATIONAL%20CITY%2C%20Ajman%2C%20UAE,,,
1270,DXB,DXB,PHARMACY,ASTER PHARMACY 135 (BR OF ASTER PHARMACIES GROUP LLC),DHA-F-0001360,INTERNATIONAL CITY,"SHOP NO 04, RUSHIA V 19,INTERNATIONAL CITY",04-4511674,https://www.google.com/maps/search/?api=1&query=SHOP%20NO%2004%2C%20RUSHIA%20V%2019%2CINTERNATIONAL%20CITY%2C%20Ajman%2C%20UAE,,,
1271,DXB,DXB,PHARMACY,ASTER PHARMACY 114 (BR OF ASTER PHARMACIES GROUP LLC),DHA-F-0001062,AL BARSHA,"SHOP NO 12 & 13,ASWAQ MALL, AL BARSHA SOUTH 1, AL BARSHA",04-3851455,https://www.google.com/maps/search/?api=1&query=SHOP%20NO%2012%20%26%2013%2CASWAQ%20MALL%2C%20AL%20BARSHA%20SOUTH%201%2C%20AL%20BARSHA%2C%20Ajman%2C%20UAE,,,
1272,DXB,DXB,PHARMACY,ASTER PHARMACY 131(BR OF ASTER PHARMACIES GROUP LLC),DHA-F-0002189,AL BARSHA,"SHOP NO 17, TRIO BUILDING, AL BARSHA FIRST, AL BARSHA DUBAI",04-3475733,https://www.google.com/maps/search/?api=1&query=SHOP%20NO%2017%2C%20TRIO%20BUILDING%2C%20AL%20BARSHA%20FIRST%2C%20AL%20BARSHA%20DUBAI%2C%20Ajman%2C%20UAE,,,
1273,DXB,DXB,PHARMACY,ASTER AL HAYAT PHARMACY(BR OF ASTER PHARMACIES GROUP LLC),DHA-F-0001928,BUR DUBAI,"SHOP NO 3,EASA SALEH AL GURG BUILDING,NEAR TO AL ADIL SUPER MARKET, ROLLA STREET,BURDUBAI",04-3552633,https://www.google.com/maps/search/?api=1&query=SHOP%20NO%203%2CEASA%20SALEH%20AL%20GURG%20BUILDING%2CNEAR%20TO%20AL%20ADIL%20SUPER%20MARKET%2C%20ROLLA%20STREET%2CBURDUBAI%2C%20Ajman%2C%20UAE,,,
1274,DXB,DXB,PHARMACY,ASTER PHARMACY 142 (BR OF ASTER PHARMACIES GROUP LLC),DHA-F-0001663,QUSAIS,"SHOP NO 4 , AL FATTAN BUILDING ,PLOT NO 233-129, BEHIND SNOW WHITE, AL QUSAIS",04-2205966,https://www.google.com/maps/search/?api=1&query=SHOP%20NO%204%20%2C%20AL%20FATTAN%20BUILDING%20%2CPLOT%20NO%20233-129%2C%20BEHIND%20SNOW%20WHITE%2C%20AL%20QUSAIS%2C%20Ajman%2C%20UAE,,,
1275,DXB,DXB,PHARMACY,ASTER PHARMACY 148(BR OF ASTER PHARMACIES GROUP LLC),DHA-F-0001813,KARAMA,"SHOP NO 5, JAMAL OMAR BIN HYDER BUILDING, 4B STREET, SHEIKH KHALIFA BIN ZAYED ROAD, KARAMA",04-3404005,https://www.google.com/maps/search/?api=1&query=SHOP%20NO%205%2C%20JAMAL%20OMAR%20BIN%20HYDER%20BUILDING%2C%204B%20STREET%2C%20SHEIKH%20KHALIFA%20BIN%20ZAYED%20ROAD%2C%20KARAMA%2C%20Ajman%2C%20UAE,,,
1276,DXB,DXB,PHARMACY,ASTER PHARMACY 136 (BR OF ASTER PHARMACIES GROUP LLC),DHA-F-0001429,AL QUOZ,"SHOP NO FFA01, AL KHAIL MALL, LATIFAT BIN HAMDAN STREET, INDUSTRIAL AREA 4, ALQOUSE",04-3806940,https://www.google.com/maps/search/?api=1&query=SHOP%20NO%20FFA01%2C%20AL%20KHAIL%20MALL%2C%20LATIFAT%20BIN%20HAMDAN%20STREET%2C%20INDUSTRIAL%20AREA%204%2C%20ALQOUSE%2C%20Ajman%2C%20UAE,,,
1277,DXB,DXB,PHARMACY,ASTER PHARMACY 141 (BR OF ASTER PHARMACIES GROUP LLC),DHA-F-0001685,DUBAI,"SHOP NO SC 021, GROUND FLOOR, DUBAI FESTIVAL CITY MALL",04-2365418,https://www.google.com/maps/search/?api=1&query=SHOP%20NO%20SC%20021%2C%20GROUND%20FLOOR%2C%20DUBAI%20FESTIVAL%20CITY%20MALL%2C%20Ajman%2C%20UAE,,,
1278,DXB,DXB,PHARMACY,ASTER PHARMACY 117 (BR OF ASTER PHARMACIES GROUP LLC),DHA-F-0001016,BUR DUBAI,"SHOP NO. 12, BAIT AL-WALEED, AL-SOUQ AL-KABEER, MANKHOOL,BUR DUBAI, UAE",04-3252882,https://www.google.com/maps/search/?api=1&query=SHOP%20NO.%2012%2C%20BAIT%20AL-WALEED%2C%20AL-SOUQ%20AL-KABEER%2C%20MANKHOOL%2CBUR%20DUBAI%2C%20UAE%2C%20Ajman%2C%20UAE,,,
1279,DXB,DXB,PHARMACY,NEW ASTER PHARMACY JLT,DHA-F-0000274,JLT,"SHOP NO. G011-B, RED DIAMOND BUILDING JLT",04-3697728,https://www.google.com/maps/search/?api=1&query=SHOP%20NO.%20G011-B%2C%20RED%20DIAMOND%20BUILDING%20JLT%2C%20Ajman%2C%20UAE,,,
1280,DXB,DXB,PHARMACY,ASTER DCC PHARMACY LLC,DHA-F-0002365,DUBAI,"SHOP NO. M-020, 1ST FLOOR, DEIRA CITY CENTER, DEIRA, OPPOSITE CARREFOUR HYPERMARKET, DUBAI, UAE",04-2210732,https://www.google.com/maps/search/?api=1&query=SHOP%20NO.%20M-020%2C%201ST%20FLOOR%2C%20DEIRA%20CITY%20CENTER%2C%20DEIRA%2C%20OPPOSITE%20CARREFOUR%20HYPERMARKET%2C%20DUBAI%2C%20UAE%2C%20Ajman%2C%20UAE,,,
1281,DXB,DXB,PHARMACY,ASTER PHARMACY 119 (BR OF ASTER PHARMACIES GROUP LLC),DHA-F-0001164,JUMEIRAH,"SHOP NO.7,MEADOWS, EMIRATES HILLS 3,ENOC 1086",04-5546797,https://www.google.com/maps/search/?api=1&query=SHOP%20NO.7%2CMEADOWS%2C%20EMIRATES%20HILLS%203%2CENOC%201086%2C%20Ajman%2C%20UAE,,,
1282,DXB,DXB,PHARMACY,ASTER PHARMACY 145(BR OF ASTER PHARMACIES GROUP LLC),DHA-F-0001662,KARAMA,"SHOP NO: 1, AL WALEED BUILDING. OPP. UNION MEDICAL CENTRE, IRANIAN SCHOOL ROAD, KARAMA",04-3547745,https://www.google.com/maps/search/?api=1&query=SHOP%20NO%3A%201%2C%20AL%20WALEED%20BUILDING.%20OPP.%20UNION%20MEDICAL%20CENTRE%2C%20IRANIAN%20SCHOOL%20ROAD%2C%20KARAMA%2C%20Ajman%2C%20UAE,,,
1283,DXB,DXB,PHARMACY,ASTER PHARMACY 150 (BR OF ASTER PHARMACIES GROUP LLC),DHA-F-0002267,DUBAI,"SHOP NO: 6, PINNACLE TOWER, MARINA, MARSA, DUBAI",04-3794306,https://www.google.com/maps/search/?api=1&query=SHOP%20NO%3A%206%2C%20PINNACLE%20TOWER%2C%20MARINA%2C%20MARSA%2C%20DUBAI%2C%20Ajman%2C%20UAE,,,
1284,DXB,DXB,PHARMACY,ASTER PHARMACY 123,DHA-F-0001074,DEIRA,"SHOP NO3, AL GHURAIR REAL ESTATE BUILDING, AL MUTEENA STREET, DEIRA, NEAR DUBAI PALM HOTEL",04-2731282,https://www.google.com/maps/search/?api=1&query=SHOP%20NO3%2C%20AL%20GHURAIR%20REAL%20ESTATE%20BUILDING%2C%20AL%20MUTEENA%20STREET%2C%20DEIRA%2C%20NEAR%20DUBAI%20PALM%20HOTEL%2C%20Ajman%2C%20UAE,,,
1285,DXB,DXB,PHARMACY,ASTER PHARMACY 201 (BR OF ASTER PHARMACIES GROUP LLC),DHA-F-0001854,DUBAI,"SHOP NO3, AL MANAL TOWER, NEXT TO CROWN PLAZA HOTEL, SHEIKH ZAYED ROAD",04-3209481,https://www.google.com/maps/search/?api=1&query=SHOP%20NO3%2C%20AL%20MANAL%20TOWER%2C%20NEXT%20TO%20CROWN%20PLAZA%20HOTEL%2C%20SHEIKH%20ZAYED%20ROAD%2C%20Ajman%2C%20UAE,,,
1286,DXB,DXB,PHARMACY,SARA PHARMACY  (AL SHAFAR GROUP OF PHARMACIES),DHA-F-0046319,KARAMA,"SPINNEYS, KARAMA",04-3593330,https://www.google.com/maps/search/?api=1&query=SPINNEYS%2C%20KARAMA%2C%20Ajman%2C%20UAE,,,
1287,DXB,DXB,PHARMACY,AL FARDOOS PHARMACY,DHA-F-0047597,INTERNATIONAL CITY,"SUPREME RESIDENCY, INTERNATIONAL CITY",04-4410590,https://www.google.com/maps/search/?api=1&query=SUPREME%20RESIDENCY%2C%20INTERNATIONAL%20CITY%2C%20Ajman%2C%20UAE,,,
1288,DXB,DXB,PHARMACY,ASTER PHARMACY 143(BR OF ASTER PHARMACIES GROUP LLC),DHA-F-0001865,MOTOR CITY,"THE RIBBON BUILDING 2, AL HEBIAH FIRST , PLOT 94- 0, MOTOR CITY",04-4430474,https://www.google.com/maps/search/?api=1&query=THE%20RIBBON%20BUILDING%202%2C%20AL%20HEBIAH%20FIRST%20%2C%20PLOT%2094-%200%2C%20MOTOR%20CITY%2C%20Ajman%2C%20UAE,,,
1289,DXB,DXB,PHARMACY,ASTER MEDICOM-4(TOWN  PHARMACY),DHA-F-0045955,JUMEIRAH,"TOWN CENTRE, JUMEIRA BEACH ROAD, DUBAI",04-3440077,https://www.google.com/maps/search/?api=1&query=TOWN%20CENTRE%2C%20JUMEIRA%20BEACH%20ROAD%2C%20DUBAI%2C%20Ajman%2C%20UAE,,,
1290,DXB,DXB,PHARMACY,ASTER MEDICOM-1 (AL JAMEYA PHARMACY),DHA-F-0045760,AL TWAR 1,"UNION COOPERATIVE SOCIETY, AL TWAR 1, DUBAI",04-2633677,https://www.google.com/maps/search/?api=1&query=UNION%20COOPERATIVE%20SOCIETY%2C%20AL%20TWAR%201%2C%20DUBAI%2C%20Ajman%2C%20UAE,,,
1291,DXB,DXB,PHARMACY,AWEER SOCIETY PHARMACY (AL SHAFAR GROUP OF PHARMACIES),DHA-F-0046629,AWEER,"UNION COP, NEAR FRUIT & VEG MARKET",04-3201900,https://www.google.com/maps/search/?api=1&query=UNION%20COP%2C%20NEAR%20FRUIT%20%26%20VEG%20MARKET%2C%20Ajman%2C%20UAE,,,
1292,DXB,DXB,PHARMACY,UPTOWN PHARMACY  (AL SHAFAR GROUP OF PHARMACIES),DHA-F-0047099,AL MANARA,"J3 MALL, 1ST FLOOR, AL WASL ROAD, AL MANARA, DUBAI, UAE",04-3392762,https://www.google.com/maps/search/?api=1&query=J3%20MALL%2C%201ST%20FLOOR%2C%20AL%20WASL%20ROAD%2C%20AL%20MANARA%2C%20DUBAI%2C%20UAE%2C%20Ajman%2C%20UAE,,,
1293,DXB,DXB,PHARMACY,DORRA PHARMACY (AL SHAFAR GROUP OF PHARMACIES),DHA-F-0046254,JUMEIRAH,"VILLA 351, BEACH PARK,NEAR MEDCARE CHILD CLINIC, JUMEIRA",04-3478481,https://www.google.com/maps/search/?api=1&query=VILLA%20351%2C%20BEACH%20PARK%2CNEAR%20MEDCARE%20CHILD%20CLINIC%2C%20JUMEIRA%2C%20Ajman%2C%20UAE,,,
1294,DXB,DXB,PHARMACY,ASTER MEDSHOP GARDENS (MEDSHOP GARDENS PHARMACY),DHA-F-0047690,GARDENS,"ZEN CLUSTER, DISCOVERY GARDENS",04-4329596,https://www.google.com/maps/search/?api=1&query=ZEN%20CLUSTER%2C%20DISCOVERY%20GARDENS%2C%20Ajman%2C%20UAE,,,
1295,DXB,DXB,PHARMACY,ASTER PHARMACY 155 (BR OF ASTER PHARMACIES GROUP LLC),DHA-F-0002484,AL RIGGA,"GROUND FLOOR, BUSINESS CENTRE, IBIS HOTEL, AL RIGGA, DEIRA, DUBAI",04-2280204,https://www.google.com/maps/search/?api=1&query=GROUND%20FLOOR%2C%20BUSINESS%20CENTRE%2C%20IBIS%20HOTEL%2C%20AL%20RIGGA%2C%20DEIRA%2C%20DUBAI%2C%20Ajman%2C%20UAE,,,
1296,DXB,DXB,PHARMACY,ASTER PHARMACY 156 (BR OF ASTER PHARMACIES GROUP LLC),DHA-F-0002561,DUBAI,"SHOP NO. 6, SAPPHIRE MALL, DUBAI INDUSTRIAL CITY, NEAR TO AL MAKTOUM INTERNATIONAL AIRPORT, DUBAI",04-5877191,https://www.google.com/maps/search/?api=1&query=SHOP%20NO.%206%2C%20SAPPHIRE%20MALL%2C%20DUBAI%20INDUSTRIAL%20CITY%2C%20NEAR%20TO%20AL%20MAKTOUM%20INTERNATIONAL%20AIRPORT%2C%20DUBAI%2C%20Ajman%2C%20UAE,,,
1297,DXB,DXB,PHARMACY,NICE LIFE PHARMACY (BR OF ASTER PHARMACIES GROUP LLC),DHA-F-0000514,JUMEIRAH,"GROUND FLOOR, SHOP NO: AG 12, AL HUDAIBA AWARDS BUILDING, BLOCK A, 2ND DECEMBER INTERCHANGE, JUMEIRA",04-3092900,https://www.google.com/maps/search/?api=1&query=GROUND%20FLOOR%2C%20SHOP%20NO%3A%20AG%2012%2C%20AL%20HUDAIBA%20AWARDS%20BUILDING%2C%20BLOCK%20A%2C%202ND%20DECEMBER%20INTERCHANGE%2C%20JUMEIRA%2C%20Ajman%2C%20UAE,,,
1298,DXB,DXB,PHARMACY,ASTER MEDICAL CENTER PHARMACY AL MUHAISNA BR OF DM HEALTHCARE LLC,DHA-F-1521672,MUHAISNAH,"SHOP NO1, ZARAA RESIDENCE 1, MUHAISNAH 4, LULU VILLAGE, BEHIND ST.MARY'S CATHOLIC HIGH SCHOOL, DUBAI",04-5479070,https://www.google.com/maps/search/?api=1&query=SHOP%20NO1%2C%20ZARAA%20RESIDENCE%201%2C%20MUHAISNAH%204%2C%20LULU%20VILLAGE%2C%20BEHIND%20ST.MARY%27S%20CATHOLIC%20HIGH%20SCHOOL%2C%20DUBAI%2C%20Ajman%2C%20UAE,,,
1299,DXB,DXB,PHARMACY,ASTER PHARMACY 206 (BR OF ASTER PHARMACIES GROUP LLC),DHA-F-3750450,DUBAI FOUNTAIN,"SHAIKH MOHAMMED BIN RASHID BOULEVARD,DUBAI FOUNTAIN VIEW, NEXT TO ADDRESS FOUNTAIN VIEW HOTEL. SHOP ",04-5475036,https://www.google.com/maps/search/?api=1&query=SHAIKH%20MOHAMMED%20BIN%20RASHID%20BOULEVARD%2CDUBAI%20FOUNTAIN%20VIEW%2C%20NEXT%20TO%20ADDRESS%20FOUNTAIN%20VIEW%20HOTEL.%20SHOP%2C%20Ajman%2C%20UAE,,,
1300,DXB,DXB,PHARMACY,ASTER PHARMACIES GROUP BRANCH EXPO 2020,DHA-F-7571486,EXPO CENTRE,"GF1, SUSTAINABILITY PAVILION, EXPO 2020",04-5477218,https://www.google.com/maps/search/?api=1&query=GF1%2C%20SUSTAINABILITY%20PAVILION%2C%20EXPO%202020%2C%20Ajman%2C%20UAE,,,
1301,DXB,DXB,PHARMACY,ASTER HOSPITAL PHARMACY SONAPUR,DHA-F-0201227,MUHAISNAH,"ALGERIA STREET, MUHAISNAH, SONAPUR",04-4400500,https://www.google.com/maps/search/?api=1&query=ALGERIA%20STREET%2C%20MUHAISNAH%2C%20SONAPUR%2C%20Ajman%2C%20UAE,,,
1302,DXB,DXB,PHARMACY,ASTER PHARMACY 165 (BR OF ASTER PHARMACIES GROUP LLC),DHA-F-2755440,DUBAI HILLS,"SWAY RESIDENCES, SHOP NO:RETAIL-3,HADAEQ SHEIKH MOHAMMED BIN RASHID, DUBAI HILLS",04-7187190,https://www.google.com/maps/search/?api=1&query=SWAY%20RESIDENCES%2C%20SHOP%20NO%3ARETAIL-3%2CHADAEQ%20SHEIKH%20MOHAMMED%20BIN%20RASHID%2C%20DUBAI%20HILLS%2C%20Ajman%2C%20UAE,,,
1303,DXB,DXB,PHARMACY,ASTER PHARMACY 162 (BR OF ASTER PHARMACIES GROUP LLC),DHA-F-8484963,JUMEIRAH VILLAGE CIRCLE,"SHOP NO:6, MASJID BUILDING, DISTRICT 10, JUMEIRAH VILLAGE CIRCLE, NEXT TO SALEH MOHAMMED BIN LAHEJ MASJID",04-4580678,https://www.google.com/maps/search/?api=1&query=SHOP%20NO%3A6%2C%20MASJID%20BUILDING%2C%20DISTRICT%2010%2C%20JUMEIRAH%20VILLAGE%20CIRCLE%2C%20NEXT%20TO%20SALEH%20MOHAMMED%20BIN%20LAHEJ%20MASJID%2C%20Ajman%2C%20UAE,,,
1304,DXB,DXB,PHARMACY,ASTER PHARMACY 167 (BR OF ASTER PHARMACIES GROUP LLC),DHA-F-4374378,THE DUBAI MALL,"SHOP NO-041, SECOND FLOOR, METROLINK BAY, THE DUBAI MALL, SHEIKH MOHAMMED BIN RASHED BOULEVARD,DOWNTOWN, DUBAI",04-3341829,https://www.google.com/maps/search/?api=1&query=SHOP%20NO-041%2C%20SECOND%20FLOOR%2C%20METROLINK%20BAY%2C%20THE%20DUBAI%20MALL%2C%20SHEIKH%20MOHAMMED%20BIN%20RASHED%20BOULEVARD%2CDOWNTOWN%2C%20DUBAI%2C%20Ajman%2C%20UAE,,,
1305,DXB,DXB,PHARMACY,ASTER PHARMACY 170 (BR OF ASTER PHARMACIES GROUP LLC),DHA-F-2899474,AL MERKADH,"SHOP# 6,GROUND FLOOR, BUILDING 1, PHASE 2, SHOBHA HEARTLAND, AL MERKADH, GREENS, DUBAI",04-2588717,https://www.google.com/maps/search/?api=1&query=SHOP%23%206%2CGROUND%20FLOOR%2C%20BUILDING%201%2C%20PHASE%202%2C%20SHOBHA%20HEARTLAND%2C%20AL%20MERKADH%2C%20GREENS%2C%20DUBAI%2C%20Ajman%2C%20UAE,,,
1306,DXB,DXB,PHARMACY,ASTER PHARMACY 173 (BR OF ASTER PHARMACIES GROUP LLC),DHA-F-0980953,AL SAFA,"SHOP 9, BUILDING NO: 2259186831, UNION COOPERATIVE SOCIETY, AL SAFA, JUMEIRAH THIRD, DUBAI, UAE",04-3325595,https://www.google.com/maps/search/?api=1&query=SHOP%209%2C%20BUILDING%20NO%3A%202259186831%2C%20UNION%20COOPERATIVE%20SOCIETY%2C%20AL%20SAFA%2C%20JUMEIRAH%20THIRD%2C%20DUBAI%2C%20UAE%2C%20Ajman%2C%20UAE,,,
1307,DXB,DXB,PHARMACY,ASTER PHARMACY (DUBAL BRANCH),DHA-F-0001167,DUBAL CLINIC,"DUBAI ALUMINIUM COMPANY, DUBAL, NEAR TO DUBAL CLINIC",04-8022684,https://www.google.com/maps/search/?api=1&query=DUBAI%20ALUMINIUM%20COMPANY%2C%20DUBAL%2C%20NEAR%20TO%20DUBAL%20CLINIC%2C%20Ajman%2C%20UAE,,,
1308,DXB,DXB,PHARMACY,ZABEEL PHARMACY LLC,DHA-F-0002579,BUSSINESS BAY,"BLUE BAY TOWER, BUSINESS BAY",04-5897129,https://www.google.com/maps/search/?api=1&query=BLUE%20BAY%20TOWER%2C%20BUSINESS%20BAY%2C%20Ajman%2C%20UAE,,,
1309,DXB,DXB,PHARMACY,ASTER PHARMACY 104 (BR OF ASTER PHARMACIES GROUP LLC),DHA-F-7929256,AL WARQA 1,"SHOP NO.1, HANBAL SHAFIE AL MADANI BUILDING, AL WARQA-1, NEAR TO ASTER ORTHO CLINIC, AL WARQA",04-2829440,https://www.google.com/maps/search/?api=1&query=SHOP%20NO.1%2C%20HANBAL%20SHAFIE%20AL%20MADANI%20BUILDING%2C%20AL%20WARQA-1%2C%20NEAR%20TO%20ASTER%20ORTHO%20CLINIC%2C%20AL%20WARQA%2C%20Ajman%2C%20UAE,,,
1310,DXB,DXB,PHARMACY,ASTER PHARMACY 160 (BR OF ASTER PHARMACIES GROUP LLC),DHA-F-1294125,JEBEL ALI ,"UNIT NO:M11, JEBEL ALI SHOPPING CENTER, NEAR TO RAMLA MARKET, 86 STREET, DUBAI INVESTMENTS PARK 1, DIP",04-8847176,https://www.google.com/maps/search/?api=1&query=UNIT%20NO%3AM11%2C%20JEBEL%20ALI%20SHOPPING%20CENTER%2C%20NEAR%20TO%20RAMLA%20MARKET%2C%2086%20STREET%2C%20DUBAI%20INVESTMENTS%20PARK%201%2C%20DIP%2C%20Ajman%2C%20UAE,,,
1311,DXB,DXB,PHARMACY,ASTER PHARMACY 164 (BR OF ASTER PHARMACIES GROUP LLC),DHA-F-1088677,DUBAI LAND,"SHOP NO.R-7B, TOWER-D, SKY COURTS , DUBAI AL AIN ROAD, DUBAI LAND, DUBAI",04-3208941,https://www.google.com/maps/search/?api=1&query=SHOP%20NO.R-7B%2C%20TOWER-D%2C%20SKY%20COURTS%20%2C%20DUBAI%20AL%20AIN%20ROAD%2C%20DUBAI%20LAND%2C%20DUBAI%2C%20Ajman%2C%20UAE,,,
1312,DXB,DXB,PHARMACY,ASTER PHARMACY 161 (BR OF ASTER PHARMACIES GROUP LLC),DHA-F-0526794,RAS AL KHOR,"MN36500 86125, MARHABA MALL, SAMARI RESIDENCE, RAS AL KHOR ROAD, AWEER, DUBAI",04-3424262,https://www.google.com/maps/search/?api=1&query=MN36500%2086125%2C%20MARHABA%20MALL%2C%20SAMARI%20RESIDENCE%2C%20RAS%20AL%20KHOR%20ROAD%2C%20AWEER%2C%20DUBAI%2C%20Ajman%2C%20UAE,,,
1313,DXB,DXB,PHARMACY,ASTER PHARMACY 168 (BR OF ASTER PHARMACIES GROUP LLC),DHA-F-4601852, IBN BATTUTA MALL,"IBS GF 35&36, NEAR CARREFOUR PARKING ENTRANCE, TUNISIA COURT, IBN BATTUTA MALL,IBN BATTUTA MALL, JEBEL ALI FIRST, UAE",04-5543519,https://www.google.com/maps/search/?api=1&query=IBS%20GF%2035%2636%2C%20NEAR%20CARREFOUR%20PARKING%20ENTRANCE%2C%20TUNISIA%20COURT%2C%20IBN%20BATTUTA%20MALL%2CIBN%20BATTUTA%20MALL%2C%20JEBEL%20ALI%20FIRST%2C%20UAE%2C%20Ajman%2C%20UAE,,,
1314,DXB,DXB,PHARMACY,ASTER PHARMACY 169 ( BR OF ASTER PHARMACIES GROUP LLC),DHA-F-8981276,AL WASL ROAD,"19A STREET, NEXT TO HEALTHBAY WOMENSCARE , AL WASL ROAD, UMM AL SHEIF , DUBAI",04-3250365,https://www.google.com/maps/search/?api=1&query=19A%20STREET%2C%20NEXT%20TO%20HEALTHBAY%20WOMENSCARE%20%2C%20AL%20WASL%20ROAD%2C%20UMM%20AL%20SHEIF%20%2C%20DUBAI%2C%20Ajman%2C%20UAE,,,
1315,DXB,DXB,PHARMACY,ASTER PHARMACY 172 (BR OF ASTER PHARMACIES GROUP LLC),DHA-F-9902123,ARJAN,"SHOP:12, AL SAYYAH RESIDENCE C, ARJAN DUBAILAND,  AL BARSHA SOUTH 2, ARJAN, DUBAI, UAE",04-5786364,https://www.google.com/maps/search/?api=1&query=SHOP%3A12%2C%20AL%20SAYYAH%20RESIDENCE%20C%2C%20ARJAN%20DUBAILAND%2C%20%20AL%20BARSHA%20SOUTH%202%2C%20ARJAN%2C%20DUBAI%2C%20UAE%2C%20Ajman%2C%20UAE,,,
1316,DXB,DXB,PHARMACY,ASTER PHARMACY 175 (BR OF ASTER PHARMACIES GROUP LLC),DHA-F-2299095,JVC,"SHOP:11A, DAMAC TOWER 108, AL BARSHA SOUTH, JUMEIRAH VILLAGE CIRCLE, NEAR TO ASTER CLINIC JVC, DUBAI",04-5579564,https://www.google.com/maps/search/?api=1&query=SHOP%3A11A%2C%20DAMAC%20TOWER%20108%2C%20AL%20BARSHA%20SOUTH%2C%20JUMEIRAH%20VILLAGE%20CIRCLE%2C%20NEAR%20TO%20ASTER%20CLINIC%20JVC%2C%20DUBAI%2C%20Ajman%2C%20UAE,,,
1317,DXB,DXB,PHARMACY,ASTER PHARMACIES GROUP LLC (DMCC BRANCH),DHA-F-1185467, JUMEIRAH LAKES TOWERS,"UNIT NO: G-1, ARMADA TOWERS 3, PLOT NO: JLT-PH2-P3A, AL THANYAH FIFTH, JUMEIRAH LAKES TOWERS",04-3092900,https://www.google.com/maps/search/?api=1&query=UNIT%20NO%3A%20G-1%2C%20ARMADA%20TOWERS%203%2C%20PLOT%20NO%3A%20JLT-PH2-P3A%2C%20AL%20THANYAH%20FIFTH%2C%20JUMEIRAH%20LAKES%20TOWERS%2C%20Ajman%2C%20UAE,,,
1318,DXB,DXB,PHARMACY,DRAGON PHARMACY (BR OF ASTER AL SHAFAR PHARMACIES GROUP LLC),DHA-F-8519014, AL FURJAN,"SHOP NO 9, AZIZI FARISHTA, JEBEL ALI FIRST, AL FURJAN, DUBAI",04-5693614,https://www.google.com/maps/search/?api=1&query=SHOP%20NO%209%2C%20AZIZI%20FARISHTA%2C%20JEBEL%20ALI%20FIRST%2C%20AL%20FURJAN%2C%20DUBAI%2C%20Ajman%2C%20UAE,,,
1319,DXB,DXB,PHARMACY,MEDCARE MEDICAL CENTRE BARSHA SOUTH PHARMACY BR OF MEDCARE HOSPITAL LLC,DHA-F-5987196,AL BARSHA,"UNIT 15, UNION COOP, AL BARSHA SOUTH MALL, STREET 58, AL BARSHA, BARSHA SOUTH",04-3254383,https://www.google.com/maps/search/?api=1&query=UNIT%2015%2C%20UNION%20COOP%2C%20AL%20BARSHA%20SOUTH%20MALL%2C%20STREET%2058%2C%20AL%20BARSHA%2C%20BARSHA%20SOUTH%2C%20Ajman%2C%20UAE,,,
1320,DXB,DXB,PHARMACY,ASTER MEDICAL CENTRE  ARABIAN RANCHES PHARMACY BR OF DM HEALTHCARE LLC,DHA-F-9900420,ARABIAN RANCHES 2,"1ST FLOOR, EMAAR MALL, NEAR ASTER CLINIC, THE RANCHES SOUK, ARABIAN RANCHES 2, DUBAI",04-3092900,https://www.google.com/maps/search/?api=1&query=1ST%20FLOOR%2C%20EMAAR%20MALL%2C%20NEAR%20ASTER%20CLINIC%2C%20THE%20RANCHES%20SOUK%2C%20ARABIAN%20RANCHES%202%2C%20DUBAI%2C%20Ajman%2C%20UAE,,,
1321,DXB,DXB,PHARMACY,ASTER PHARMACY 166 (BR OF ASTER PHARMACIES GROUP L.L.C),DHA-F-4207640,AL JADDAF,"SHOP NO.5, AZURITE TOWER, IBN AL ZAHRAWI STREET, AL JADDAF, DUBAI",04-2272851,https://www.google.com/maps/search/?api=1&query=SHOP%20NO.5%2C%20AZURITE%20TOWER%2C%20IBN%20AL%20ZAHRAWI%20STREET%2C%20AL%20JADDAF%2C%20DUBAI%2C%20Ajman%2C%20UAE,,,
1322,DXB,DXB,PHARMACY,ASTER PHARMACY 179 (BR OF ASTER PHARMACIES GROUP L.L.C),DHA-F-0297643,AL QUSAIS INDUSTRIAL AREA 5,"S07,R1083,AL WASL VILLAGE RETAIL CENTRE,AL RAYHAN STREET, AL QUSAIS INDUSTRIAL AREA 5,DUBAI",04-2207653,https://www.google.com/maps/search/?api=1&query=S07%2CR1083%2CAL%20WASL%20VILLAGE%20RETAIL%20CENTRE%2CAL%20RAYHAN%20STREET%2C%20AL%20QUSAIS%20INDUSTRIAL%20AREA%205%2CDUBAI%2C%20Ajman%2C%20UAE,,,
1323,DXB,DXB,PHARMACY,ASTER PHARMACY 181 (BR OF ASTER PHARMACIES GROUP L.L.C),DHA-F-0773878,DUBAI HILLS,"R04, PARK HEIGHTS SQUARE 1,HADAEQ SHEIKH MOHAMMED BIN RASHID, NEXT TO SPINNEYS, DUBAI HILLS ESTATE, DUBAI HILLS, DUBAI",04-2632594,https://www.google.com/maps/search/?api=1&query=R04%2C%20PARK%20HEIGHTS%20SQUARE%201%2CHADAEQ%20SHEIKH%20MOHAMMED%20BIN%20RASHID%2C%20NEXT%20TO%20SPINNEYS%2C%20DUBAI%20HILLS%20ESTATE%2C%20DUBAI%20HILLS%2C%20DUBAI%2C%20Ajman%2C%20UAE,,,
1324,DXB,DXB,PHARMACY,ASTER PHARMACY 182 (BR OF ASTER PHARMACIES GROUP L.L.C),DHA-F-9638740,WARSAN 4,"SHOP NO 2, JOWHRAT AL FAIHAA,INTERNATIONAL CITY 2 ST, INTERNATIONAL CITY PHASE-2, WARSAN 4, DUBAI",04-5545907,https://www.google.com/maps/search/?api=1&query=SHOP%20NO%202%2C%20JOWHRAT%20AL%20FAIHAA%2CINTERNATIONAL%20CITY%202%20ST%2C%20INTERNATIONAL%20CITY%20PHASE-2%2C%20WARSAN%204%2C%20DUBAI%2C%20Ajman%2C%20UAE,,,
1325,DXB,DXB,PHARMACY,ASTER PHARMACY 180 (BR OF ASTER PHARMACIES GROUP L.L.C),DHA-F-1977773,"THE WALK, MARSA","P19, RIMAL 1, DUBAI MARINA AND JUMEIRA BEACH, THE WALK, MARSA, DUBAI",04-3092900,https://www.google.com/maps/search/?api=1&query=P19%2C%20RIMAL%201%2C%20DUBAI%20MARINA%20AND%20JUMEIRA%20BEACH%2C%20THE%20WALK%2C%20MARSA%2C%20DUBAI%2C%20Ajman%2C%20UAE,,,
1326,DXB,DXB,PHARMACY,ASTER PHARMACY 183 (BR OF ASTER PHARMACIES GROUP L.L.C),DHA-F-4055326, BARSHA HEIGHTS,"SHOP-2, ART HEIGHTS, AL NAHAR 2 ST, AL THANYAH FIRST, BARSHA HEIGHTS, DUBAI",04-2679073,https://www.google.com/maps/search/?api=1&query=SHOP-2%2C%20ART%20HEIGHTS%2C%20AL%20NAHAR%202%20ST%2C%20AL%20THANYAH%20FIRST%2C%20BARSHA%20HEIGHTS%2C%20DUBAI%2C%20Ajman%2C%20UAE,,,
1327,DXB,DXB,PHARMACY,ASTER ROYAL CLINIC DOWNTOWN PHARAMCY BR OF DM HEALTHCARE LLC,DHA-F-6478301," DOWN TOWN, BURJ KHALIF","BD-RESI 1-RETAIL-G-ER6, RESIDENCES RETAIL, BURJ RESIDENCE PHASE I & II, DOWN TOWN, BURJ KHALIFA, DUBAI",04-3092900,https://www.google.com/maps/search/?api=1&query=BD-RESI%201-RETAIL-G-ER6%2C%20RESIDENCES%20RETAIL%2C%20BURJ%20RESIDENCE%20PHASE%20I%20%26%20II%2C%20DOWN%20TOWN%2C%20BURJ%20KHALIFA%2C%20DUBAI%2C%20Ajman%2C%20UAE,,,
1328,DXB,DXB,PHARMACY,ASTER PHARMACY 176 ( BR OF ASTER PHARMACIES GROUP L.L.C),DHA-F-0630677," DOWN TOWN, BURJ KHALIF","BD-RESI 1-RETAIL-G-ER6, RESIDENCES RETAIL, BURJ RESIDENCE PHASE I & II, DOWN TOWN, BURJ KHALIFA, DUBAI",04-3092900,https://www.google.com/maps/search/?api=1&query=BD-RESI%201-RETAIL-G-ER6%2C%20RESIDENCES%20RETAIL%2C%20BURJ%20RESIDENCE%20PHASE%20I%20%26%20II%2C%20DOWN%20TOWN%2C%20BURJ%20KHALIFA%2C%20DUBAI%2C%20Ajman%2C%20UAE,,,
1329,DXB,DXB,PHARMACY,CEDARS JEBEL ALI INTL HOSPITAL PHARMACY,DHA-F-0001551,JEBEL ALI,"JEBEL ALI FREE ZONE,DUBAI,UAE",04-8814000,https://www.google.com/maps/search/?api=1&query=JEBEL%20ALI%20FREE%20ZONE%2CDUBAI%2CUAE%2C%20Ajman%2C%20UAE,,,
1330,DXB,DXB,PHARMACY,AL RAFA HOSPITAL PHARMACY,DHA-F-0001196,MANKOOL,"MANKHOOL ROAD ,DUBAI,UAE",04-3988799,https://www.google.com/maps/search/?api=1&query=MANKHOOL%20ROAD%20%2CDUBAI%2CUAE%2C%20Ajman%2C%20UAE,,,
1331,DXB,DXB,PHARMACY,ASTER DAY SURGERY CENTRE PHARMACY - MANKHOOL,DHA-F-3663094,MANKHOOL,"MOHAMMAD HUSSAIN ALIYATEEM BUILDING, NEAR ASTER HOSPITAL AL MANKHOOL, KUWAIT ROAD,DUBAI",04-3814987,https://www.google.com/maps/search/?api=1&query=MOHAMMAD%20HUSSAIN%20ALIYATEEM%20BUILDING%2C%20NEAR%20ASTER%20HOSPITAL%20AL%20MANKHOOL%2C%20KUWAIT%20ROAD%2CDUBAI%2C%20Ajman%2C%20UAE,,,
1332,DXB,DXB,PHARMACY,ASTER HOSPITAL- AL QUSAIS-PHARMACY,DHA-F-0002448,QUSAIS,"9 A STREET, AL QUSAIS INDUSTRIAL AREA 2, AL QUSAIS",04-4546001,https://www.google.com/maps/search/?api=1&query=9%20A%20STREET%2C%20AL%20QUSAIS%20INDUSTRIAL%20AREA%202%2C%20AL%20QUSAIS%2C%20Ajman%2C%20UAE,,,
1333,DXB,DXB,PHARMACY,ASHTREE PHARMACY LLC,DHA-F-0002188,AL FAHIDI STREET,"M03, AMWAJ BUILDING, AL FAHIDI STREET, DUBAI, UAE",04-335 3644,https://www.google.com/maps/search/?api=1&query=M03%2C%20AMWAJ%20BUILDING%2C%20AL%20FAHIDI%20STREET%2C%20DUBAI%2C%20UAE%2C%20Ajman%2C%20UAE,,,
1334,DXB,DXB,PHARMACY,FAJR AL MADINA PHARMACY L.L.C,DHA-F-0001767,AL QUOZ,"FARNEK BULIDINBG , BEHIND AL KHAIL MALL , ALQUOZ-3 , DUBAI",04-3410401,https://www.google.com/maps/search/?api=1&query=FARNEK%20BULIDINBG%20%2C%20BEHIND%20AL%20KHAIL%20MALL%20%2C%20ALQUOZ-3%20%2C%20DUBAI%2C%20Ajman%2C%20UAE,,,
1335,DXB,DXB,PHARMACY,FAJR AL MADINA PHARMACY L.L.C BRANCH,DHA-F-0002375,JEBEL ALI,"CRYSTAL MALL , JABELALI-1 , DUBAI",04-2974494,https://www.google.com/maps/search/?api=1&query=CRYSTAL%20MALL%20%2C%20JABELALI-1%20%2C%20DUBAI%2C%20Ajman%2C%20UAE,,,
1336,DXB,DXB,PHARMACY,AL SHIFA UROPI PHARMACY DWC-LLC,DHA-F-8418028,DWC,UNIT NO R06 THE PULSE PODIUM MADINAT AL MATAR DUBAI SOUTH,054-4656269,https://www.google.com/maps/search/?api=1&query=UNIT%20NO%20R06%20THE%20PULSE%20PODIUM%20MADINAT%20AL%20MATAR%20DUBAI%20SOUTH%2C%20Ajman%2C%20UAE,,,
1337,DXB,DXB,PHARMACY,AL RAWDA PHARMACY,DHA-F-0046367,DEIRA,"AL SHAMSI BUILDING, CLOCK TOWER, DEIRA, DUBAI",04-2940786,https://www.google.com/maps/search/?api=1&query=AL%20SHAMSI%20BUILDING%2C%20CLOCK%20TOWER%2C%20DEIRA%2C%20DUBAI%2C%20Ajman%2C%20UAE,,,
1338,DXB,DXB,PHARMACY,AL RAWDA PHARMACY LLC BRANCH,DHA-F-0001746,DIP 1,"BAYAN BUSINESS CENTRE, DUBAI INVESTMENT PARK-1, DUBAI, U.A.E",04-8800920,https://www.google.com/maps/search/?api=1&query=BAYAN%20BUSINESS%20CENTRE%2C%20DUBAI%20INVESTMENT%20PARK-1%2C%20DUBAI%2C%20U.A.E%2C%20Ajman%2C%20UAE,,,
1339,DXB,DXB,PHARMACY,SONAPUR STAR PHARMACY L.L.C (FORMERLY AL QUSAIS STAR PHARMACY(LLC) (BRANCH)),DHA-F-4996655,MUHAISNAH - 2,"20TH STREET, MUHAISNAH - 2, OPP. PATHAN RESTAURANT, NEAR GOLEN JUBILEE SUPERMARKET, DUBAI-UAE",04-5488684,https://www.google.com/maps/search/?api=1&query=20TH%20STREET%2C%20MUHAISNAH%20-%202%2C%20OPP.%20PATHAN%20RESTAURANT%2C%20NEAR%20GOLEN%20JUBILEE%20SUPERMARKET%2C%20DUBAI-UAE%2C%20Ajman%2C%20UAE,,,
1340,DXB,DXB,PHARMACY,NEW AL NEEM PHARMACY L.L.C ( AL NEEM GROUP),DHA-F-0001258,AL QUOZ,"JIWIN STAFF ACCOMMODATION, AL QUOZ-2,POST BOX:294880",04-3282121,https://www.google.com/maps/search/?api=1&query=JIWIN%20STAFF%20ACCOMMODATION%2C%20AL%20QUOZ-2%2CPOST%20BOX%3A294880%2C%20Ajman%2C%20UAE,,,
1341,DXB,DXB,PHARMACY,AL NEEM GREEN PHARMACY L.L.C(AL NEEM GROUP),DHA-F-0002229,AL QUOZ,"SALMAN IBRAHIM BUILDING, AL QUOZ-4, POST BOX:294880, POST BOX:294880",04-3355557,https://www.google.com/maps/search/?api=1&query=SALMAN%20IBRAHIM%20BUILDING%2C%20AL%20QUOZ-4%2C%20POST%20BOX%3A294880%2C%20POST%20BOX%3A294880%2C%20Ajman%2C%20UAE,,,
1342,DXB,DXB,PHARMACY,AL NEEM GRAND PHARMACY L.L.C(AL NEEM GROUP),DHA-F-0002324,MUHAISNAH,"MASCO HYPERMARKET BUILDING, 27 E STREET. MUHAISNAH-4, POST BOX:294880",04-2237770,https://www.google.com/maps/search/?api=1&query=MASCO%20HYPERMARKET%20BUILDING%2C%2027%20E%20STREET.%20MUHAISNAH-4%2C%20POST%20BOX%3A294880%2C%20Ajman%2C%20UAE,,,
1343,DXB,DXB,PHARMACY,NEW AL SHAIMAA PHARMACY,DHA-F-0046357,AL NAHDA,MOZNA BUILDING;NEAR AL NAHDA METRO,04-2616286,https://www.google.com/maps/search/?api=1&query=MOZNA%20BUILDING%3BNEAR%20AL%20NAHDA%20METRO%2C%20Ajman%2C%20UAE,,,
1344,DXB,DXB,PHARMACY,SHAJARAT AL NEEM PHARMACY LLC,DHA-F-2055962,JEBEL ALI,"SHOP NO 13, SALEM MALL, PLOT NO.599-0474, JEBEL ALI INDUSTRIAL AREA 1, DUBAI",04-8876875,https://www.google.com/maps/search/?api=1&query=SHOP%20NO%2013%2C%20SALEM%20MALL%2C%20PLOT%20NO.599-0474%2C%20JEBEL%20ALI%20INDUSTRIAL%20AREA%201%2C%20DUBAI%2C%20Ajman%2C%20UAE,,,
1345,DXB,DXB,PHARMACY,LIWAN PHARMACY LLC,DHA-F-3744162,LIWAN,"LIWAN, DUBAI, ",04-5809651,https://www.google.com/maps/search/?api=1&query=LIWAN%2C%20DUBAI%2C%2C%20Ajman%2C%20UAE,,,
1346,DXB,DXB,PHARMACY,AL NEEM PHARMACY L.L.C BRANCH(AL NEEM GROUP),DHA-F-0001725,JAFZA,"COMMERCIAL CENTER, SHOPE NO:116, JAFZA SOUTH",04-8809667,https://www.google.com/maps/search/?api=1&query=COMMERCIAL%20CENTER%2C%20SHOPE%20NO%3A116%2C%20JAFZA%20SOUTH%2C%20Ajman%2C%20UAE,,,
1347,DXB,DXB,PHARMACY,AL NEEM PHARMACY L.L.C JAFZA (W)BRANCH(AL NEEM GROUP),DHA-F-0000978,JAFZA,"NESTO HYPERMARKET BUILDING, NEAR NEW WEST ACCOMMODATION, JAFZA,",04-8876650,https://www.google.com/maps/search/?api=1&query=NESTO%20HYPERMARKET%20BUILDING%2C%20NEAR%20NEW%20WEST%20ACCOMMODATION%2C%20JAFZA%2C%2C%20Ajman%2C%20UAE,,,
1348,DXB,DXB,PHARMACY,AL NEEM PHARMACY L.L.C  (AL NEEM GROUP),DHA-F-0000209,WARSEN 1,"CBD20, INTERNATIONAL CITY, WARSEN 1,",04-3697130,https://www.google.com/maps/search/?api=1&query=CBD20%2C%20INTERNATIONAL%20CITY%2C%20WARSEN%201%2C%2C%20Ajman%2C%20UAE,,,
1349,DXB,DXB,PHARMACY,ALMURJAN PHARMACY LLC,DHA-F-1866092,AL QOUZ 3,"SHOP NO:21, EIFFEL GARDENS 4, AL WAHA STREET AL QUOZ 3, DUBAI",04-2388195,https://www.google.com/maps/search/?api=1&query=SHOP%20NO%3A21%2C%20EIFFEL%20GARDENS%204%2C%20AL%20WAHA%20STREET%20AL%20QUOZ%203%2C%20DUBAI%2C%20Ajman%2C%20UAE,,,
1350,DXB,DXB,PHARMACY,AL BARSHA AL NOOR POLYCLINIC PHARMACY,DHA-F-2553296,AL BARSHA 1,"ELITE BUSINESS CENTRE, INFRONT OF LULU CENTRE, AL BARSHA 1",04-2718762,https://www.google.com/maps/search/?api=1&query=ELITE%20BUSINESS%20CENTRE%2C%20INFRONT%20OF%20LULU%20CENTRE%2C%20AL%20BARSHA%201%2C%20Ajman%2C%20UAE,,,
1351,DXB,DXB,PHARMACY,HEALTHHUBPHARMACY BR.AL FUTTAIM HEALTHCARE-MUTEENA,DHA-F-7714515,AL MUTEENA,"AL MUTEENA STREET 58, AL MUTEENA 1058 , GF",04-5967366,https://www.google.com/maps/search/?api=1&query=AL%20MUTEENA%20STREET%2058%2C%20AL%20MUTEENA%201058%20%2C%20GF%2C%20Ajman%2C%20UAE,,,
1352,DXB,DXB,PHARMACY,HEALTHHUBPHARMACY KARAMA,DHA-F-0845339,KARAMA,"AL KIFAF MANSION BUILDING , STREET 11,NEXT TO AL IBRAHIMI RESUATURANT ,KARAMA",04-2186276,https://www.google.com/maps/search/?api=1&query=AL%20KIFAF%20MANSION%20BUILDING%20%2C%20STREET%2011%2CNEXT%20TO%20AL%20IBRAHIMI%20RESUATURANT%20%2CKARAMA%2C%20Ajman%2C%20UAE,,,
1353,DXB,DXB,PHARMACY,HEALTHHUBPHARMACY BR.AL FUTTAIM HEALTHCARE AL NAHDA 2,DHA-F-2331821,KARAMA,"ESSA SALEH AL GURG ,GROUND FLOOR AMMAN STREET, AL NAHDA -2",04-5967358,https://www.google.com/maps/search/?api=1&query=ESSA%20SALEH%20AL%20GURG%20%2CGROUND%20FLOOR%20AMMAN%20STREET%2C%20AL%20NAHDA%20-2%2C%20Ajman%2C%20UAE,,,
1354,DXB,DXB,PHARMACY,ADVANCED CARE PHARMACY LLC-AL QUOZ-(ADVANCED GROUP),DHA-F-0047413,AL QUOZ,"ROOM NO -1, FAKHRUDDIN PROPERTIES BUILDING, BEHIND NATIONAL CEMENT FACTORY, INDUSTRIAL AREA-3, AL QUOZ, DUBAI - UAE",04-3307120,https://www.google.com/maps/search/?api=1&query=ROOM%20NO%20-1%2C%20FAKHRUDDIN%20PROPERTIES%20BUILDING%2C%20BEHIND%20NATIONAL%20CEMENT%20FACTORY%2C%20INDUSTRIAL%20AREA-3%2C%20AL%20QUOZ%2C%20DUBAI%20-%20UAE%2C%20Ajman%2C%20UAE,,,
1355,DXB,DXB,PHARMACY,ADVANCED CARE PLUS PHARMACY LLC-JABEL ALI-(ADVANCED GROUP),DHA-F-0000348,JEBEL ALI,"AWQAF BUILDING,NEAR TO UAEXCHANGE CENTER, JEBEL ALI INDUSTRIAL AREA 1, JEBEL ALI, DUBAI - UAE",04-8829700,https://www.google.com/maps/search/?api=1&query=AWQAF%20BUILDING%2CNEAR%20TO%20UAEXCHANGE%20CENTER%2C%20JEBEL%20ALI%20INDUSTRIAL%20AREA%201%2C%20JEBEL%20ALI%2C%20DUBAI%20-%20UAE%2C%20Ajman%2C%20UAE,,,
1356,DXB,DXB,PHARMACY,ADVANCED STAR PHARMACY LLC-DIP-(ADVANCED GROUP),DHA-F-0000554,DIP,"SHOP NO : 3, NASSEM AL MADINA SUPER MARKET BULIDING,PHASE 2, DUBAI INVESTMENT PARK,JEBEL ALI, DUBAI - UAE",04-8851154,https://www.google.com/maps/search/?api=1&query=SHOP%20NO%20%3A%203%2C%20NASSEM%20AL%20MADINA%20SUPER%20MARKET%20BULIDING%2CPHASE%202%2C%20DUBAI%20INVESTMENT%20PARK%2CJEBEL%20ALI%2C%20DUBAI%20-%20UAE%2C%20Ajman%2C%20UAE,,,
1357,DXB,DXB,PHARMACY,NEW ADVANCED CARE PHARMACY LLC (ADVANCE CARE GROUP),DHA-F-0002332,INDUSTRIAL CITY,"SOUQ NO :4, SHOP NUMBER : 3, SEIHSHOWEB 4, LABOUR CITY 2, DUBAI INDUSTRIAL CITY, DUBAI - UAE",04-3807807,https://www.google.com/maps/search/?api=1&query=SOUQ%20NO%20%3A4%2C%20SHOP%20NUMBER%20%3A%203%2C%20SEIHSHOWEB%204%2C%20LABOUR%20CITY%202%2C%20DUBAI%20INDUSTRIAL%20CITY%2C%20DUBAI%20-%20UAE%2C%20Ajman%2C%20UAE,,,
1358,DXB,DXB,PHARMACY,ALQUOZ ADVANCED CARE PHARMACY LLC,DHA-F-8864498,AL QUOZ,"PASONS SHOPPING CENTER BUILDING, BEHIND JOTUN PAINT FACTORY,ALQUOZ -2, P.O BOX:283235,DUBAI,UAE",04-2355222,https://www.google.com/maps/search/?api=1&query=PASONS%20SHOPPING%20CENTER%20BUILDING%2C%20BEHIND%20JOTUN%20PAINT%20FACTORY%2CALQUOZ%20-2%2C%20P.O%20BOX%3A283235%2CDUBAI%2CUAE%2C%20Ajman%2C%20UAE,,,
1359,DXB,DXB,PHARMACY,NOVA ADVANCED CARE PHARMACY LLC,DHA-F-0002245,QUSAIS,"SHOP NO.73, GROUND FLOOR, WORLD TRADE CENTER, THE SOUKOPPO: SOUAD JWELLERY",04-2638227,https://www.google.com/maps/search/?api=1&query=SHOP%20NO.73%2C%20GROUND%20FLOOR%2C%20WORLD%20TRADE%20CENTER%2C%20THE%20SOUKOPPO%3A%20SOUAD%20JWELLERY%2C%20Ajman%2C%20UAE,,,
1360,DXB,DXB,PHARMACY,JEBAL ALI ADVANCED CARE PHARMACY LLC,DHA-F-4636657,JEBEL ALI,"CROWN MALL, GROUND FLOOR, SHOP NO 26 JEBEL ALI INDUSTRIAL AREA 1",04-5693777,https://www.google.com/maps/search/?api=1&query=CROWN%20MALL%2C%20GROUND%20FLOOR%2C%20SHOP%20NO%2026%20JEBEL%20ALI%20INDUSTRIAL%20AREA%201%2C%20Ajman%2C%20UAE,,,
1361,DXB,DXB,PHARMACY,ALICO ADVANCED CAREPHARMACY L.L.C,DHA-F-5820289,DIP 1,"  ALICO AL MADINA HYPERMARKET BUILDING, 44 STREET, DUBAI INVESTMENT PARK -1, DUBAI",04-3463099,https://www.google.com/maps/search/?api=1&query=ALICO%20AL%20MADINA%20HYPERMARKET%20BUILDING%2C%2044%20STREET%2C%20DUBAI%20INVESTMENT%20PARK%20-1%2C%20DUBAI%2C%20Ajman%2C%20UAE,,,
1362,DXB,DXB,PHARMACY,ACCESS PHARMACY 2 (BR OF ASTER PHARMACIES GROUP LLC),DHA-F-0001029,MUHAISNA 2,"ACCESS CLINIC BUILDING, AL MUHAISINA-2, SONAPUR, NEAR TO BUS STATION",04-2637531,https://www.google.com/maps/search/?api=1&query=ACCESS%20CLINIC%20BUILDING%2C%20AL%20MUHAISINA-2%2C%20SONAPUR%2C%20NEAR%20TO%20BUS%20STATION%2C%20Ajman%2C%20UAE,,,
1363,DXB,DXB,PHARMACY,ACCESS PHARMACY AL QOUZ (BR OF ASTER PHARMACIES GROUP LLC),DHA-F-0000994,ALQOUZ,"AL ARIF BUILDING, GF-1, AL QOUZE-3, AL QOUZE",04-3807218,https://www.google.com/maps/search/?api=1&query=AL%20ARIF%20BUILDING%2C%20GF-1%2C%20AL%20QOUZE-3%2C%20AL%20QOUZE%2C%20Ajman%2C%20UAE,,,
1364,DXB,DXB,PHARMACY,ACCESS PHARMACY 3 (BR OF ASTER PHARMACIES GROUP LLC),DHA-F-0001276,DIP 1,"SHOP NO:8, 550 SQFT.AT, PLOT # 597-874, DIP-2, NEAR TO ACCESS CLINIC DIP",04-8833862,https://www.google.com/maps/search/?api=1&query=SHOP%20NO%3A8%2C%20550%20SQFT.AT%2C%20PLOT%20%23%20597-874%2C%20DIP-2%2C%20NEAR%20TO%20ACCESS%20CLINIC%20DIP%2C%20Ajman%2C%20UAE,,,
1365,DXB,DXB,PHARMACY,ASTER PHARMACY 2 (BR OF ASTER PHARMACIES GROUP LLC),DHA-F-0000726,DIP,"UNIT NO 4&5, GROUND FLOOR,CARREFOUR CENTRE, DUBAI INVESTMENT PARK",04-8858044,https://www.google.com/maps/search/?api=1&query=UNIT%20NO%204%265%2C%20GROUND%20FLOOR%2CCARREFOUR%20CENTRE%2C%20DUBAI%20INVESTMENT%20PARK%2C%20Ajman%2C%20UAE,,,
1366,DXB,DXB,PHARMACY,ABRIS PHARMACY LLC,DHA-F-0002032,BUR DUBAI BUS STATION,"NEARBY DUBAI MUSEUM, MEENA BAZAR, AL FAHIDI STREET – COSMOS LANE - BUR DUBAI – AL SOUQ AL KABEER",04-3535357,https://www.google.com/maps/search/?api=1&query=NEARBY%20DUBAI%20MUSEUM%2C%20MEENA%20BAZAR%2C%20AL%20FAHIDI%20STREET%20%E2%80%93%20COSMOS%20LANE%20-%20BUR%20DUBAI%20%E2%80%93%20AL%20SOUQ%20AL%20KABEER%2C%20Ajman%2C%20UAE,,,
1367,DXB,DXB,PHARMACY,JUPITER AL QUSAIS POLYCLINIC L.L.C PHARMACY,DHA-F-0455851,DAMASCUS ROAD,"NO. 207 SECOND FLOOR,  AL MAZOON BLDG, DAMASCUS ROAD, AL QUSAIS - DUBAI",04-2630987,https://www.google.com/maps/search/?api=1&query=NO.%20207%20SECOND%20FLOOR%2C%C2%A0%C2%A0AL%20MAZOON%20BLDG%2C%20DAMASCUS%20ROAD%2C%20AL%20QUSAIS%20-%20DUBAI%2C%20Ajman%2C%20UAE,,,
1368,DXB,DXB,PHARMACY,AL  MANKHOOL PHARMACY LLC,DHA-F-0045882,AL NAHDA 2,"TRIO 3,19 A ST - AL NAHDA - AL NAHDA 2 - DUBAI",04-2554427,https://www.google.com/maps/search/?api=1&query=TRIO%203%2C19%20A%20ST%20-%20AL%20NAHDA%20-%20AL%20NAHDA%202%20-%20DUBAI%2C%20Ajman%2C%20UAE,,,
1369,DXB,DXB,PHARMACY,NEW MANKHOOL PHARMACY LLC,DHA-F-0000165,AL MANKHOOL,"VILLA NO 108 ,NEXT TO ADCB METRO STATION’S EXIT #2 SHEIKH KHALIFA BIN ZAYED ST - AL MANKHOOL - DUBAI",04-3858580,https://www.google.com/maps/search/?api=1&query=VILLA%20NO%20108%20%2CNEXT%20TO%20ADCB%20METRO%20STATION%E2%80%99S%20EXIT%20%232%20SHEIKH%20KHALIFA%20BIN%20ZAYED%20ST%20-%20AL%20MANKHOOL%20-%20DUBAI%2C%20Ajman%2C%20UAE,,,
1370,DXB,DXB,PHARMACY,WESTON PHARMACY LLC,DHA-F-0001686,BURDUBAI,"ABDULLAH KHOORY BUILDING,ALMUSALLA RD,BURDUBAI-UAE ",04-2652767,https://www.google.com/maps/search/?api=1&query=ABDULLAH%20KHOORY%20BUILDING%2CALMUSALLA%20RD%2CBURDUBAI-UAE%2C%20Ajman%2C%20UAE,,,
1371,DXB,DXB,PHARMACY,YOUR CENTER PHARMACY LLC,DHA-F-5888133,PRODUCTION CITY,"AFNAN3 SHOP NO 4 ME'AISEM FIRST ,MID TOWN,PRODUCTION CITY,DUBAI",04-3657000,https://www.google.com/maps/search/?api=1&query=AFNAN3%20SHOP%20NO%204%20ME%27AISEM%20FIRST%20%2CMID%20TOWN%2CPRODUCTION%20CITY%2CDUBAI%2C%20Ajman%2C%20UAE,,,
1372,DXB,DXB,PHARMACY,APL PHARMACY LLC,DHA-F-3921649,ZABEEL ST,"GROUND FLOOR, AL ARTI PLAZA, ZABEEL ST,DUBAI,UAE",04-6056046,https://www.google.com/maps/search/?api=1&query=GROUND%20FLOOR%2C%20AL%20ARTI%20PLAZA%2C%20ZABEEL%20ST%2CDUBAI%2CUAE%2C%20Ajman%2C%20UAE,,,
1373,DXB,DXB,PHARMACY,OXFORD PHARMACY LLC,DHA-F-5052933,BURDUBAI,"SHOP#2, AL SHARAFI BUILDING,DUBAI,UAE",04-3925070,https://www.google.com/maps/search/?api=1&query=SHOP%232%2C%20AL%20SHARAFI%20BUILDING%2CDUBAI%2CUAE%2C%20Ajman%2C%20UAE,,,
1374,DXB,DXB,PHARMACY,LIVERPOOL PHARMACY L.L.C,DHA-F-8557893,BURDUBAI,"NEXT TO PALM BEACH HOTEL , KHALID BIN WALID ROAD,BURDUBAI,DUBAI,UAE",04-3349558,https://www.google.com/maps/search/?api=1&query=NEXT%20TO%20PALM%20BEACH%20HOTEL%20%2C%20KHALID%20BIN%20WALID%20ROAD%2CBURDUBAI%2CDUBAI%2CUAE%2C%20Ajman%2C%20UAE,,,
1375,DXB,DXB,PHARMACY,RALS PHARMACY( BR OF ABD ULWAHED BIN SHABIB INVESTMENT GROUP L.L.C),DHA-F-8754300,JEBEL ALI INDUSTRIAL 1,"AWS FAMILY RESIDENCE,18, 57 STREET,JEBEL ALI INDUSTRIAL 1, JEBEL ALI, DUBAI",04-2275777,https://www.google.com/maps/search/?api=1&query=AWS%20FAMILY%20RESIDENCE%2C18%2C%2057%20STREET%2CJEBEL%20ALI%20INDUSTRIAL%201%2C%20JEBEL%20ALI%2C%20DUBAI%2C%20Ajman%2C%20UAE,,,
1376,DXB,DXB,PHARMACY,ARIN CARE PHARMACY,DHA-F-1427542,MUHAISNAH 4TH,"MEZINENE FLOOR, TALAL PLAZA BLDG, MUHAISNAH 4TH, DUBAI,UAE",04-3952774,https://www.google.com/maps/search/?api=1&query=MEZINENE%20FLOOR%2C%20TALAL%20PLAZA%20BLDG%2C%20MUHAISNAH%204TH%2C%20DUBAI%2CUAE%2C%20Ajman%2C%20UAE,,,
1377,DXB,DXB,PHARMACY,MODERN FAMILY PHARMACY LLC,DHA-F-0000366,UMMHURAIR," 04, UMM HURAIR BUILDING, OPP CIVIL DEFENCE ZABEEL ROAD, KARAMA, DUBAI - UAE. PO BOX: 30127",04-3343263,https://www.google.com/maps/search/?api=1&query=04%2C%20UMM%20HURAIR%20BUILDING%2C%20OPP%20CIVIL%20DEFENCE%20ZABEEL%20ROAD%2C%20KARAMA%2C%20DUBAI%20-%20UAE.%20PO%20BOX%3A%2030127%2C%20Ajman%2C%20UAE,,,
1378,DXB,DXB,PHARMACY,MODERN FAMILY  PHARMACY LLC  BRANCH,DHA-F-7663290,ALBARSHA 1,"GROUND FLOOR. AL BARSHA- 1 , BUSINESS CENTRE,  SHOP NO :6",04-3343263,https://www.google.com/maps/search/?api=1&query=GROUND%20FLOOR.%20AL%20BARSHA-%201%20%2C%20BUSINESS%20CENTRE%2C%20%20SHOP%20NO%20%3A6%2C%20Ajman%2C%20UAE,,,
1379,DXB,DXB,PHARMACY,ASTER PHARMACY 174 (BR OF ASTER PHARMACIES GROUP L.L.C),DHA-F-0123281,DUBAI SPORTS CITY,"G-03,TAG RETAIL HUB 01,AL HEBIAH FOURTH, DUBAI SPORTS CITY, DUBAI",04-4486271,https://www.google.com/maps/search/?api=1&query=G-03%2CTAG%20RETAIL%20HUB%2001%2CAL%20HEBIAH%20FOURTH%2C%20DUBAI%20SPORTS%20CITY%2C%20DUBAI%2C%20Ajman%2C%20UAE,,,
1380,DXB,DXB,PHARMACY,ASTER PHARMACY 184 (BR OF ASTER PHARMACIES GROUP L.L.C),DHA-F-8759214,"AL AAMAL STREET, BUSINESS BAY","RETAIL-01, ZADA TOWER, AL AAMAL STREET, BUSINESS BAY, DUBAI",04-4490062,https://www.google.com/maps/search/?api=1&query=RETAIL-01%2C%20ZADA%20TOWER%2C%20AL%20AAMAL%20STREET%2C%20BUSINESS%20BAY%2C%20DUBAI%2C%20Ajman%2C%20UAE,,,
1381,DXB,DXB,PHARMACY,ASTER PHARMACY 178 (BR OF ASTER PHARMACIES GROUP L.L.C),DHA-F-1608191,AL GHARBI STREET,"SHOP R02, WEST AVENUE, AL GHARBI STREET, MARINA, MARSA, DUBAI",04-2950979,https://www.google.com/maps/search/?api=1&query=SHOP%20R02%2C%20WEST%20AVENUE%2C%20AL%20GHARBI%20STREET%2C%20MARINA%2C%20MARSA%2C%20DUBAI%2C%20Ajman%2C%20UAE,,,
1382,DXB,DXB,PHARMACY,ASTER PHARMACY 188 (BR OF ASTER PHARMACIES GROUP L.L.C),DHA-F-9530629,DUNES STREET,"RETAIL-06, LOGGIA PLAZA, DUNES STREET, DUBAI SILICON OASIS, DUBAI",04-3497028,https://www.google.com/maps/search/?api=1&query=RETAIL-06%2C%20LOGGIA%20PLAZA%2C%20DUNES%20STREET%2C%20DUBAI%20SILICON%20OASIS%2C%20DUBAI%2C%20Ajman%2C%20UAE,,,
1383,DXB,DXB,PHARMACY,ASTER PHARMACY 189 (BR OF ASTER PHARMACIES GROUP L.L.C),DHA-F-4129358,SILICON HEIGHTS 2 BUILDING,"SHOP 6, SILICON HEIGHTS 2 BUILDING, DUBAI SILICON OASIS, DUBAI",04-8324564,https://www.google.com/maps/search/?api=1&query=SHOP%206%2C%20SILICON%20HEIGHTS%202%20BUILDING%2C%20DUBAI%20SILICON%20OASIS%2C%20DUBAI%2C%20Ajman%2C%20UAE,,,
1384,DXB,DXB,PHARMACY,ZEST PHARMACY 1 (BR OF ZEST WELLNESS PHARMACY L.L.C),DHA-F-7605155,"AL THANYA STREET,UMM AL SHEIF","SHOP NO. 9, AL THANYAH CENTER, WAITROSE THANYA, AL THANYA STREET, UMM AL SHEIF, DUBAI",04-8246485,https://www.google.com/maps/search/?api=1&query=SHOP%20NO.%209%2C%20AL%20THANYAH%20CENTER%2C%20WAITROSE%20THANYA%2C%20AL%20THANYA%20STREET%2C%20UMM%20AL%20SHEIF%2C%20DUBAI%2C%20Ajman%2C%20UAE,,,
1385,DXB,DXB,PHARMACY,ASTER ROYAL CLINIC SPRINGS SOUK PHARMACY BR OF D M HEALTHCARE L L C,DHA-F-1422324,"THE SPRING SOUK,","SHOP FF 24 AND FF 25, SPRINGS SOUK, AL THANYAH FOURTH, DUBAI ",04-3288352,https://www.google.com/maps/search/?api=1&query=SHOP%20FF%2024%20AND%20FF%2025%2C%20SPRINGS%20SOUK%2C%20AL%20THANYAH%20FOURTH%2C%20DUBAI%2C%20Ajman%2C%20UAE,,,
1386,DXB,DXB,PHARMACY,FAITH AL KHAIL PHARMACY LLC,DHA-F-3392934,AL QUOZ 4,"SHOP. NO. 1A-1B AL KHAIL HEIGHTS BLDG. ,AL QUOZ 4, NEAR TO AL QUOZ GENERAL STAR TRADING DUBAI, UAE",04-554 2713,https://www.google.com/maps/search/?api=1&query=SHOP.%20NO.%201A-1B%20AL%20KHAIL%20HEIGHTS%20BLDG.%20%2CAL%20QUOZ%204%2C%20NEAR%20TO%20AL%20QUOZ%20GENERAL%20STAR%20TRADING%20DUBAI%2C%20UAE%2C%20Ajman%2C%20UAE,,,
1387,DXB,DXB,PHARMACY,FAITH WALK PHARMACY LLC,DHA-F-6951770,AL NAHDA,"SHOP GM14 ,AMWAJ ROTANA JBR DUBAI UAE NEXT TO TEALICIOUS BUBBLE TEA, ",04-579 9136,https://www.google.com/maps/search/?api=1&query=SHOP%20GM14%20%2CAMWAJ%20ROTANA%20JBR%20DUBAI%20UAE%20NEXT%20TO%20TEALICIOUS%20BUBBLE%20TEA%2C%2C%20Ajman%2C%20UAE,,,
1388,DXB,DXB,PHARMACY,FAITH AHLAN PHARMACY LLC,DHA-F-6930572,AL NAHDA,"SHOP NO. 8 AR 1 TOWER,AL NAHDA , DUBAI UAE",04-554 5847,https://www.google.com/maps/search/?api=1&query=SHOP%20NO.%208%20AR%201%20TOWER%2CAL%20NAHDA%20%2C%20DUBAI%20UAE%2C%20Ajman%2C%20UAE,,,
1389,DXB,DXB,PHARMACY,SULTAN PHARMACY LLC,DHA-F-0045871,AL FAHIDI,"SHOP NO. 5-6 FADHLANI BLDG.,AL ESBIJ ST NEAR ASTORIA HOTEL AL FAHIDI,   DUBAI",04-394 5392,https://www.google.com/maps/search/?api=1&query=SHOP%20NO.%205-6%20FADHLANI%20BLDG.%2CAL%20ESBIJ%20ST%20NEAR%20ASTORIA%20HOTEL%20AL%20FAHIDI%2C%20%20%20DUBAI%2C%20Ajman%2C%20UAE,,,
1390,DXB,DXB,PHARMACY,FAITH AL QUOZ PHARMACY LLC,DHA-F-0707588,AL QOUZ FIRST,"SHOP NO. 6 KING ABDULLAH AL MUHAIRI,AL QOUZ FIRST, AL QUOZ DUBAI",04-396 0422,https://www.google.com/maps/search/?api=1&query=SHOP%20NO.%206%20KING%20ABDULLAH%20AL%20MUHAIRI%2CAL%20QOUZ%20FIRST%2C%20AL%20QUOZ%20DUBAI%2C%20Ajman%2C%20UAE,,,
1391,DXB,DXB,PHARMACY,FAITH HAYAA PHARMACY LLC,DHA-F-6382248,AL KAWANEEJ ,"SHOP NO. 6 DEPARTMENT OF PEACEFUL AFFAIRS AND CHARITABLE ACTIVITIES,MASJID AL KHABEER ST, AL KAWANEEJ 2ND AL KHABEER, DUBAI UAE",04-445 8339,https://www.google.com/maps/search/?api=1&query=SHOP%20NO.%206%20DEPARTMENT%20OF%20PEACEFUL%20AFFAIRS%20AND%20CHARITABLE%20ACTIVITIES%2CMASJID%20AL%20KHABEER%20ST%2C%20AL%20KAWANEEJ%202ND%20AL%20KHABEER%2C%20DUBAI%20UAE%2C%20Ajman%2C%20UAE,,,
1392,DXB,DXB,PHARMACY,MODERN PHARMACY L.L.C (BRANCH),DHA-F-4536814,"BURDUBAI,","BURDUBAI,AL ESBIJI  ,AQIL MUSTAFA ABDUL AL NOORNEAR ASTORIA HOTEL, DUBAI,PO BOX-39803 DUBAI,UAE
",04-2264747,https://www.google.com/maps/search/?api=1&query=BURDUBAI%2CAL%20ESBIJI%20%20%2CAQIL%20MUSTAFA%20ABDUL%20AL%20NOORNEAR%20ASTORIA%20HOTEL%2C%20DUBAI%2CPO%20BOX-39803%20DUBAI%2CUAE%2C%20Ajman%2C%20UAE,,,
1393,DXB,DXB,PHARMACY,MODERN PHARMACY L.L.C (BRANCH),DHA-F-4475290,AL BARSHA 2,"AL BARSHA 2,AL ZAYED STREET,AL MASHROOM BUILDING,BESIDE GOLDEN SANS ARENCO BUILDING,DUBAI,PO BOX- 1885,UAE                                     
",04-4508540,https://www.google.com/maps/search/?api=1&query=AL%20BARSHA%202%2CAL%20ZAYED%20STREET%2CAL%20MASHROOM%20BUILDING%2CBESIDE%20GOLDEN%20SANS%20ARENCO%20BUILDING%2CDUBAI%2CPO%20BOX-%201885%2CUAE%2C%20Ajman%2C%20UAE,,,
1394,DXB,DXB,PHARMACY,MODERN PHARMACY L.L.C (SATWA BRANCH),DHA-F-7222058,SATWA,"SATWA,STAL DIYAFA STREET, HILAH SALIM BLDG,BESIDE AL MALLAH RESTAURANT,DUBAI,UAE                                                              
    
",04-3259855,https://www.google.com/maps/search/?api=1&query=SATWA%2CSTAL%20DIYAFA%20STREET%2C%20HILAH%20SALIM%20BLDG%2CBESIDE%20AL%20MALLAH%20RESTAURANT%2CDUBAI%2CUAE%2C%20Ajman%2C%20UAE,,,
1395,DXB,DXB,PHARMACY,MODERN PHARMACY L.L.C (AL QUSAIS BRANCH),DHA-F-0063958,SHEIK RASHID COLONY,"SHEIK RASHID COLONY,3 B STREET ,MASJID AL ANSAR BUILDING,NEAR CEYLON BAKE HOUSE,AL QUSAIS ,PO BOX-48450,,DUBAI                                                  
",04-2807089,https://www.google.com/maps/search/?api=1&query=SHEIK%20RASHID%20COLONY%2C3%20B%20STREET%20%2CMASJID%20AL%20ANSAR%20BUILDING%2CNEAR%20CEYLON%20BAKE%20HOUSE%2CAL%20QUSAIS%20%2CPO%20BOX-48450%2C%2CDUBAI%2C%20Ajman%2C%20UAE,,,
1396,DXB,DXB,PHARMACY,MODERN PHARMACY LLC-(DEIRA),DHA-F-0045898,"AL MAKTOUM STREET,","DEIRA- ALRIQQA,AL MAKTOUM STREET,SHIEKHA MARIAM BUILDING,NEAR BANIYAS METRO STATIONDUBAI,PO BOX 1586,UAE
",04-2223879,https://www.google.com/maps/search/?api=1&query=DEIRA-%20ALRIQQA%2CAL%20MAKTOUM%20STREET%2CSHIEKHA%20MARIAM%20BUILDING%2CNEAR%20BANIYAS%20METRO%20STATIONDUBAI%2CPO%20BOX%201586%2CUAE%2C%20Ajman%2C%20UAE,,,
1397,DXB,DXB,PHARMACY,MODERN CARE PHARMACY L.L.C,DHA-F-6308104,DEIRA WATERFRONT,"DEIRA WATERFRONT,CORNICH STREET,SHOP 22-23 MAITHA 1,DEIRA WATERFRONT ENRICHMENT,DEIRA, POBOX- 48450,DUBAI
",04-3686411,https://www.google.com/maps/search/?api=1&query=DEIRA%20WATERFRONT%2CCORNICH%20STREET%2CSHOP%2022-23%20MAITHA%201%2CDEIRA%20WATERFRONT%20ENRICHMENT%2CDEIRA%2C%20POBOX-%2048450%2CDUBAI%2C%20Ajman%2C%20UAE,,,
1398,DXB,DXB,PHARMACY,GRAND ADVANCED CARE PHARMACY LLC,DHA-F-8259264,DAMSCUS STREET,"AL FATTAN CHARITY BUILDING, NEAR EMIRATES NBD BANK, DAMSCUS STREET, AL QUSAIS, DUBAI,UAE",04-2985078,https://www.google.com/maps/search/?api=1&query=AL%20FATTAN%20CHARITY%20BUILDING%2C%20NEAR%20EMIRATES%20NBD%20BANK%2C%20DAMSCUS%20STREET%2C%20AL%20QUSAIS%2C%20DUBAI%2CUAE%2C%20Ajman%2C%20UAE,,,
1399,DXB,DXB,PHARMACY,MODERN FAMILY PHARMACY LLC BRANCH,DHA-F-9035847,"AL QOUZ IND.SECOND,","AL QOUZ IND.SECOND, WASL LABOUR CAMP, UNIT/VILLA NO. SHOP NO  5",056-2163669,https://www.google.com/maps/search/?api=1&query=AL%20QOUZ%20IND.SECOND%2C%20WASL%20LABOUR%20CAMP%2C%20UNIT/VILLA%20NO.%20SHOP%20NO%20%205%2C%20Ajman%2C%20UAE,,,
1400,DXB,DXB,PHARMACY,HAFSA PHARMACY (BRANCH),DHA-F-8652336,DEIRA AL MURAR,"SHERINA 1-SHERINA PLAZA, AL-CORNICH,SHOP NO 2,3,4&14,NEAR GOLD SOUK METRO STATION,DEIRA AL MURAR,DUBAI,U.A.E",04 2614591,https://www.google.com/maps/search/?api=1&query=SHERINA%201-SHERINA%20PLAZA%2C%20AL-CORNICH%2CSHOP%20NO%202%2C3%2C4%2614%2CNEAR%20GOLD%20SOUK%20METRO%20STATION%2CDEIRA%20AL%20MURAR%2CDUBAI%2CU.A.E%2C%20Ajman%2C%20UAE,,,
1401,DXB,DXB,PHARMACY,MEDSTAR PHARMACY LLC,DHA-F-2212446,OUD METHA,"GULF TOWERS , OUD METHA",8002233,https://www.google.com/maps/search/?api=1&query=GULF%20TOWERS%20%2C%20OUD%20METHA%2C%20Ajman%2C%20UAE,,,
1402,DXB,DXB,PHARMACY,ASCENT PHARMACY L.L.C,DHA-F-9887324,SHEIKH KHALIFA BIN ZAYED ST,"SAEED AL THANI BUILDING - SHEIKH KHALIFA BIN ZAYED ST - UMM HURAIR 1BUR - UMM HURAIR 1 - DUBAI,UAE",04-2747001,https://www.google.com/maps/search/?api=1&query=SAEED%20AL%20THANI%20BUILDING%20-%20SHEIKH%20KHALIFA%20BIN%20ZAYED%20ST%20-%20UMM%20HURAIR%201BUR%20-%20UMM%20HURAIR%201%20-%20DUBAI%2CUAE%2C%20Ajman%2C%20UAE,,,
1403,DXB,DXB,PHARMACY,L L H MEDICAL CENTER L.L.C(AMBULATORY PHARMACY),DHA-F-8577955,"AL MARABEA ST, DPG AL QUOZ","AL MARABEA ST, DPG AL QUOZ, INDUSTRIAL FOURTH, DUBAI, UAE",056-1657271,https://www.google.com/maps/search/?api=1&query=AL%20MARABEA%20ST%2C%20DPG%20AL%20QUOZ%2C%20INDUSTRIAL%20FOURTH%2C%20DUBAI%2C%20UAE%2C%20Ajman%2C%20UAE,,,
1404,DXB,DXB,PHARMACY,ZARA PHARMACY LLC,DHA-F-0554734,AL BADA,"INSIDE NESTO HYPER MARKET, AL BADA'A, SATWA",06-557 9567,https://www.google.com/maps/search/?api=1&query=INSIDE%20NESTO%20HYPER%20MARKET%2C%20AL%20BADA%27A%2C%20SATWA%2C%20Ajman%2C%20UAE,,,
1405,DXB,DXB,PHARMACY,LANA  PHARMACY  L.L.C,DHA-F-1170791,JVC,JVC DUBAI,06-557 9567,https://www.google.com/maps/search/?api=1&query=JVC%20DUBAI%2C%20Ajman%2C%20UAE,,,
1406,DXB,DXB,PHARMACY,MEDON FIRST PHARMACY LLC (BRANCH),DHA-F-4809049,NAAD AL HAMAR,"NAAD AL HAMAR , DUBAI",06-557 9567,https://www.google.com/maps/search/?api=1&query=NAAD%20AL%20HAMAR%20%2C%20DUBAI%2C%20Ajman%2C%20UAE,,,
1407,DXB,DXB,PHARMACY,800 PHARMA FZ-LLC,DHA-F-6482933,AL BARSHA HEIGHTS ,"ATANA HOTEL - AL BARSHA HEIGHTS - TECOM, DUBAI, UAE",06-557 9567,https://www.google.com/maps/search/?api=1&query=ATANA%20HOTEL%20-%20AL%20BARSHA%20HEIGHTS%20-%20TECOM%2C%20DUBAI%2C%20UAE%2C%20Ajman%2C%20UAE,,,
1408,DXB,DXB,PHARMACY,800 PHARMA PHARMACY LLC,DHA-F-1467802,JVC ,"HE HOTEL APARTMENTS,JVC DUBAI| UAE",06-557 9567,https://www.google.com/maps/search/?api=1&query=HE%20HOTEL%20APARTMENTS%2CJVC%20DUBAI%7C%20UAE%2C%20Ajman%2C%20UAE,,,
1409,DXB,DXB,PHARMACY,LANA PHARMACY L.L.C BRANCH,DHA-F-0000587,JVC ,"RESIDENCE 6, JVC DUBAI ",06-557 9567,https://www.google.com/maps/search/?api=1&query=RESIDENCE%206%2C%20JVC%20DUBAI%2C%20Ajman%2C%20UAE,,,
1410,DXB,DXB,PHARMACY,CARE MARK PHARMACY FZCO,DHA-F-5253659,DUBAI SILICON OASIS,"BINGHATTI VISTA, INSIDE WEST ZONE FRESH SUPERMARKET, DUBAI SILICON OASIS, INDUSTRIAL AREA, DUBAI",06-557 9567,https://www.google.com/maps/search/?api=1&query=BINGHATTI%20VISTA%2C%20INSIDE%20WEST%20ZONE%20FRESH%20SUPERMARKET%2C%20DUBAI%20SILICON%20OASIS%2C%20INDUSTRIAL%20AREA%2C%20DUBAI%2C%20Ajman%2C%20UAE,,,
1411,DXB,DXB,PHARMACY,PULSE LIFE PHARMACY L.L.C,DHA-F-2989124,AL BARSHA SOUTH,"AL BARSHA SOUTH FOURTH,SAMHA RESIDENCE,SHOP 2 , 681 ",06-557 9567,https://www.google.com/maps/search/?api=1&query=AL%20BARSHA%20SOUTH%20FOURTH%2CSAMHA%20RESIDENCE%2CSHOP%202%20%2C%20681%2C%20Ajman%2C%20UAE,,,
1412,DXB,DXB,PHARMACY,DR ABDUL LATIF CLINIC L.L.C (AMBULATORY PHARMACY),DHA-F-8293908,NEAR AL SABKHA BUS STATION,"UNIT 12, 1ST FLOOR, 191 NASER ABDULLA HUSSAIN BUILDING, NEAR AL SABKHA BUS STATION, DEIRA DUBAI, UAE.",04-2264999,https://www.google.com/maps/search/?api=1&query=UNIT%2012%2C%201ST%20FLOOR%2C%20191%20NASER%20ABDULLA%20HUSSAIN%20BUILDING%2C%20NEAR%20AL%20SABKHA%20BUS%20STATION%2C%20DEIRA%20DUBAI%2C%20UAE.%2C%20Ajman%2C%20UAE,,,
1413,DXB,DXB,PHARMACY,HOUSTON PHARMACY LLC(AMBULATORY PHARMACY),DHA-F-9568214,AL BARSHA1,"ELITE BUSINESS CENTRE,IST FLOOR,101 AND 102,PB NO.30152,NEXT TO MALL OF EMIRATES,AL BARSHA1,DUBAI,UAE ",04-3850603,https://www.google.com/maps/search/?api=1&query=ELITE%20BUSINESS%20CENTRE%2CIST%20FLOOR%2C101%20AND%20102%2CPB%20NO.30152%2CNEXT%20TO%20MALL%20OF%20EMIRATES%2CAL%20BARSHA1%2CDUBAI%2CUAE%2C%20Ajman%2C%20UAE,,,
1414,DXB,DXB,PHARMACY,MEDICOM PHARMACY 1 (BR OF ASTER PHARMACIES GROUP L.L.C),DHA-F-5099424,DUBAI OUTLET MALL,"SG-162, EXTENSION OF DUBAI OUTLET MALL, MADINAT HIND 1, DUBAI",04-5721034,https://www.google.com/maps/search/?api=1&query=SG-162%2C%20EXTENSION%20OF%20DUBAI%20OUTLET%20MALL%2C%20MADINAT%20HIND%201%2C%20DUBAI%2C%20Ajman%2C%20UAE,,,
1415,DXB,DXB,PHARMACY,ASTER PHARMACY 187 (BR OF ASTER PHARMACIES GROUP L.L.C),DHA-F-2824066,"DISCOVERY GARDENS, JEBEL ALI","SHOP 8, ZEN 3 BUILDING, STREET 1, DISCOVERY GARDENS, JEBEL ALI FIRST, DUBAI",04-5519467,https://www.google.com/maps/search/?api=1&query=SHOP%208%2C%20ZEN%203%20BUILDING%2C%20STREET%201%2C%20DISCOVERY%20GARDENS%2C%20JEBEL%20ALI%20FIRST%2C%20DUBAI%2C%20Ajman%2C%20UAE,,,
1416,DXB,DXB,PHARMACY,ASTER PHARMACY 185,DHA-F-5689335,AL JADDAF,"SHOP NO 1, GROUND FLOOR, BINGHATTI GATEWAY, AL JADDAF, DUBAI",04-2665280,https://www.google.com/maps/search/?api=1&query=SHOP%20NO%201%2C%20GROUND%20FLOOR%2C%20BINGHATTI%20GATEWAY%2C%20AL%20JADDAF%2C%20DUBAI%2C%20Ajman%2C%20UAE,,,
1417,DXB,DXB,PHARMACY,MEDCARE MEDICAL CENTRE AL FURJAN WEST PHARMACY BR OF MEDCARE HOSPITAL LLC,DHA-F-2246045,AL FURJAN WEST PAVILION,"SHOP 1, AL FURJAN WEST PAVILION, JEBEL ALI FIRST, DUBAI",04-5513796,https://www.google.com/maps/search/?api=1&query=SHOP%201%2C%20AL%20FURJAN%20WEST%20PAVILION%2C%20JEBEL%20ALI%20FIRST%2C%20DUBAI%2C%20Ajman%2C%20UAE,,,
1418,DXB,DXB,PHARMACY,NMC SPECIALITY HOSPITAL PHARMACY(FORMERLY NMC SPECIALITY HOSPITAL PHARMACY),DHA-F-0000704,AL NAHDA 2,"AMMAN STREET, AL NAHDA 2  ,DUBAI",04-2122414,https://www.google.com/maps/search/?api=1&query=AMMAN%20STREET%2C%20AL%20NAHDA%202%20%20%2CDUBAI%2C%20Ajman%2C%20UAE,,,
1419,DXB,DXB,PHARMACY,NMC ROYAL HOSPITAL PHARMACY(FORMERLY NMC HOSPITAL PHARMACY),DHA-F-0000939,DIP 1,"NMC ROYAL HOSPITAL,ADJACENT TO FALCON HOUSEDUBAI INVESTMENT PARK 1,P.O BOX 7832,DUBAI INVESTMENTS PARK , DUBAI",04-8108866,https://www.google.com/maps/search/?api=1&query=NMC%20ROYAL%20HOSPITAL%2CADJACENT%20TO%20FALCON%20HOUSEDUBAI%20INVESTMENT%20PARK%201%2CP.O%20BOX%207832%2CDUBAI%20INVESTMENTS%20PARK%20%2C%20DUBAI%2C%20Ajman%2C%20UAE,,,
1420,DXB,DXB,PHARMACY,NMC SPECIALTY HOSPITAL PHARMACY DIP BR OF NMC ROYAL HOSPITAL LTD DUBAI BRANCH,DHA-F-1756538,DIP 1,"PLOT NO 598-639, IN FRONT OF GREEN COMMUNITY,AL ZAROUNI BUILDING, DIP 1, DUBAI, UAE",04-8108800,https://www.google.com/maps/search/?api=1&query=PLOT%20NO%20598-639%2C%20IN%20FRONT%20OF%20GREEN%20COMMUNITY%2CAL%20ZAROUNI%20BUILDING%2C%20DIP%201%2C%20DUBAI%2C%20UAE%2C%20Ajman%2C%20UAE,,,
1421,DXB,DXB,PHARMACY,BAIT AL SHIFAA PHARMACY LTD - DUBAI BRANCH(FORMERLY BAIT AL SHIFAA NEW PHARMACY),DHA-F-0045794,HOR AL ANZ,"OPPOSITE ABU HAIL METRO STATION ,HOR AL ANZ ,NEW AL SAFIYA BUILDING ,DEIRA",04-2666464,https://www.google.com/maps/search/?api=1&query=OPPOSITE%20ABU%20HAIL%20METRO%20STATION%20%2CHOR%20AL%20ANZ%20%2CNEW%20AL%20SAFIYA%20BUILDING%20%2CDEIRA%2C%20Ajman%2C%20UAE,,,
1422,DXB,DXB,PHARMACY,NEW MEDICAL CENTRE PHARMACY LTD BRANCH,DHA-F-8585813,JAFZA,"NEAR GATE 7, NEW WEST ACCOMMODATION, FIRST FLOOR, NESTO HYPERMARKET JAFZA DUBAI",04-8808856,https://www.google.com/maps/search/?api=1&query=NEAR%20GATE%207%2C%20NEW%20WEST%20ACCOMMODATION%2C%20FIRST%20FLOOR%2C%20NESTO%20HYPERMARKET%20JAFZA%20DUBAI%2C%20Ajman%2C%20UAE,,,
1423,DXB,DXB,PHARMACY,XIE HE PHARMACY LLC,DHA-F-0000526,WARSAN ,"INTERNATIONAL CITY ,CHINA CLUSTER, A12 BUILDING WARSAN FIRST",04-4233055,https://www.google.com/maps/search/?api=1&query=INTERNATIONAL%20CITY%20%2CCHINA%20CLUSTER%2C%20A12%20BUILDING%20WARSAN%20FIRST%2C%20Ajman%2C%20UAE,,,
1424,DXB,DXB,PHARMACY,VIDA PHARMACY L.L.C,DHA-F-5404249,AL RAFA,"SHOP NO -14 , AL RAIS SHOPPING CENTRE , AL RAFFA -   DUBAI",052-5341543,https://www.google.com/maps/search/?api=1&query=SHOP%20NO%20-14%20%2C%20AL%20RAIS%20SHOPPING%20CENTRE%20%2C%20AL%20RAFFA%20-%20%20%20DUBAI%2C%20Ajman%2C%20UAE,,,
1425,DXB,DXB,PHARMACY,LLH MEDICAL CENTER LLC PHARMACY BRANCH,DHA-F-7848755,DIP 2,"UNIT NUMBER : SHOP 1 (ROOF FLOOR), THE TOWN MALL, DIP 2, PO BOX-21116, DUBAI",04-6126066,https://www.google.com/maps/search/?api=1&query=UNIT%20NUMBER%20%3A%20SHOP%201%20%28ROOF%20FLOOR%29%2C%20THE%20TOWN%20MALL%2C%20DIP%202%2C%20PO%20BOX-21116%2C%20DUBAI%2C%20Ajman%2C%20UAE,,,
1426,DXB,DXB,PHARMACY,NOOM PHARMACY LLC,DHA-F-4937071,INDUSTRIAL CITY," SHOP NO 2 , TALAL HYPERMARKET BUILDING, DUBAI INDUSTRIAL CITY , DUBAI , UAE",04-2773338,https://www.google.com/maps/search/?api=1&query=SHOP%20NO%202%20%2C%20TALAL%20HYPERMARKET%20BUILDING%2C%20DUBAI%20INDUSTRIAL%20CITY%20%2C%20DUBAI%20%2C%20UAE%2C%20Ajman%2C%20UAE,,,
1427,DXB,DXB,PHARMACY,ZMC PHARMACY LLC,DHA-F-4724796,AL KHAIL,"B28 AL SHOWAIB REAL ESTATE, AL QUOZ 1 FIRST AL KHAIL ROAD,DXB",04-2674685,https://www.google.com/maps/search/?api=1&query=B28%20AL%20SHOWAIB%20REAL%20ESTATE%2C%20AL%20QUOZ%201%20FIRST%20AL%20KHAIL%20ROAD%2CDXB%2C%20Ajman%2C%20UAE,,,
1428,DXB,DXB,PHARMACY,BLOOM PLUS PHARMACY,DHA-F-2126207,INTERNATIONAL CITY,"R23, FRANCE CLUSTER, INTERNATIONAL CITY, DUBAI,UAE",04-5297272,https://www.google.com/maps/search/?api=1&query=R23%2C%20FRANCE%20CLUSTER%2C%20INTERNATIONAL%20CITY%2C%20DUBAI%2CUAE%2C%20Ajman%2C%20UAE,,,
1429,DXB,DXB,PHARMACY,CANADIAN SPECIALIST HOSPITAL PHARMACY L.L.C,DHA-F-5355025,AL RIGGA RD,"AL GHURAIR CENTRE, 2ND FLOOR, AL RIGGA RD, DEIRA, DUBAI, UAE",04-7072880,https://www.google.com/maps/search/?api=1&query=AL%20GHURAIR%20CENTRE%2C%202ND%20FLOOR%2C%20AL%20RIGGA%20RD%2C%20DEIRA%2C%20DUBAI%2C%20UAE%2C%20Ajman%2C%20UAE,,,
1430,DXB,DXB,PHARMACY,ASTER PHARMACY 186 (BR OF ASTER PHARMACIES GROUP L.L.C),DHA-F-4029420,PALM JUMEIRAH,"SHOP 1, SEVEN PALM HOTEL & APARTMENTS THE PALM A, NEAR TO MEDCARE MEDICAL CENTER PLAM JUMEIRAH, PALM JUMAIRA ROAD, PALM JUMEIRAH, DUBAI",04-2688710,https://www.google.com/maps/search/?api=1&query=SHOP%201%2C%20SEVEN%20PALM%20HOTEL%20%26%20APARTMENTS%20THE%20PALM%20A%2C%20NEAR%20TO%20MEDCARE%20MEDICAL%20CENTER%20PLAM%20JUMEIRAH%2C%20PALM%20JUMAIRA%20ROAD%2C%20PALM%20JUMEIRAH%2C%20DUBAI%2C%20Ajman%2C%20UAE,,,
1431,DXB,DXB,PHARMACY,ASTER PHARMACY 191 (BR OF ASTER PHARMACIES GROUP L.L.C),DHA-F-5686031,NAD AL SHEBA 1,"SHOP NO 2, CREEK VISTAS TOWER B, SHOBA HEARTLAND, AL MERKADH, NAD AL SHEBA 1, DUBAI",04-3092900,https://www.google.com/maps/search/?api=1&query=SHOP%20NO%202%2C%20CREEK%20VISTAS%20TOWER%20B%2C%20SHOBA%20HEARTLAND%2C%20AL%20MERKADH%2C%20NAD%20AL%20SHEBA%201%2C%20DUBAI%2C%20Ajman%2C%20UAE,,,
1432,DXB,DXB,PHARMACY,ASTER PHARMACY 192 (BR OF ASTER PHARMACIES GROUP L.L.C),DHA-F-9470224,DOWNTOWN,"SHOP NO 3, TOWER NO 1, TRADE CENTER FIRST, SHAIKH ZAYED ROAD, DOWNTOWN, DUBAI",04-3092900,https://www.google.com/maps/search/?api=1&query=SHOP%20NO%203%2C%20TOWER%20NO%201%2C%20TRADE%20CENTER%20FIRST%2C%20SHAIKH%20ZAYED%20ROAD%2C%20DOWNTOWN%2C%20DUBAI%2C%20Ajman%2C%20UAE,,,
1433,DXB,DXB,PHARMACY,ASTER PHARMACY 194 (BR OF ASTER PHARMACIES GROUP L.L.C),DHA-F-4625528,NAD AL SHEBA 1,"SHOP NO 2, CREEK VISTAS TOWER B, SHOBA HARTLAND, AL MERKADH, NAD AL SHEBA 1, DUBAI",04-3092900,https://www.google.com/maps/search/?api=1&query=SHOP%20NO%202%2C%20CREEK%20VISTAS%20TOWER%20B%2C%20SHOBA%20HARTLAND%2C%20AL%20MERKADH%2C%20NAD%20AL%20SHEBA%201%2C%20DUBAI%2C%20Ajman%2C%20UAE,,,
1434,DXB,DXB,PHARMACY,ASTER PHARMACY 196 (BR OF ASTER PHARMACIES GROUP L.L.C),DHA-F-6749775,NAD AL SHEBA 1,"RETAIL-20, AZIZI RIVIERA 5, SHOBA HARTLAND, AL MERKADH, NAD AL SHEBA 1, DUBAI",04-3092900,https://www.google.com/maps/search/?api=1&query=RETAIL-20%2C%20AZIZI%20RIVIERA%205%2C%20SHOBA%20HARTLAND%2C%20AL%20MERKADH%2C%20NAD%20AL%20SHEBA%201%2C%20DUBAI%2C%20Ajman%2C%20UAE,,,
1435,DXB,DXB,PHARMACY,AL HANA PHARMACY LLC,DHA-F-2677823,AL JAFILIYA,"INSIDE ALHANA CENTER. GROUND FLOOR. AL MANKHOOL ROAD. AL JAFILIYA,DIBAI,UAE",04-2719122,https://www.google.com/maps/search/?api=1&query=INSIDE%20ALHANA%20CENTER.%20GROUND%20FLOOR.%20AL%20MANKHOOL%20ROAD.%20AL%20JAFILIYA%2CDIBAI%2CUAE%2C%20Ajman%2C%20UAE,,,
1436,DXB,DXB,PHARMACY,ABSOLUTE WELLNESS MEDICAL CENTRE LLC- AMBULATORY PHARMACY,DHA-F-7478843,AL QUOZ 3,"SALMAN EBRAHIM BUILDING,OFFICE NO 101,BEHIND ALKHAIL MALL,ALQUOZ-3-DXB",04-8863521,https://www.google.com/maps/search/?api=1&query=SALMAN%20EBRAHIM%20BUILDING%2COFFICE%20NO%20101%2CBEHIND%20ALKHAIL%20MALL%2CALQUOZ-3-DXB%2C%20Ajman%2C%20UAE,,,
1437,DXB,DXB,PHARMACY,GRAND DR ISMAIL POLYCLINIC L.L.C PHARMACY,DHA-F-1014980,ABU HAIL,"JSCOM GRAND RESIDENCE, SHOP NO 3, NEAR CANADIAN SPECIALIST HOSPITAL, 28TH STREET, ABU HAIL, DUBAI, U.A.E",04-3706200,https://www.google.com/maps/search/?api=1&query=JSCOM%20GRAND%20RESIDENCE%2C%20SHOP%20NO%203%2C%20NEAR%20CANADIAN%20SPECIALIST%20HOSPITAL%2C%2028TH%20STREET%2C%20ABU%20HAIL%2C%20DUBAI%2C%20U.A.E%2C%20Ajman%2C%20UAE,,,
1438,DXB,DXB,PHARMACY,EMIRATES PHARMACY L.L.C (BR.DISCOVERY GARDEN),DHA-F-0347148,DISCOVERY GARDENS,BUILDING 18 GROUND FLOOR STREET ONE ZEN CLUSTER - DISCOVERY GARDEN ,04-5573905,https://www.google.com/maps/search/?api=1&query=BUILDING%2018%20GROUND%20FLOOR%20STREET%20ONE%20ZEN%20CLUSTER%20-%20DISCOVERY%20GARDEN%2C%20Ajman%2C%20UAE,,,
1439,DXB,DXB,PHARMACY,ASTER PHARMACY180 AND CLINIC BR OF ASTER PHARMACIES GROUP LLC,DHA-F-4115781,MARSA DUBAI,"THE RIMAL ,GROUND FLOOR ,FLAT NO-173-0 , NEXT TO CARREFOURE - JBR ,MARSA DUBAI, POBOX 8703 , DUBAI , UAE",04-4400500,https://www.google.com/maps/search/?api=1&query=THE%20RIMAL%20%2CGROUND%20FLOOR%20%2CFLAT%20NO-173-0%20%2C%20NEXT%20TO%20CARREFOURE%20-%20JBR%20%2CMARSA%20DUBAI%2C%20POBOX%208703%20%2C%20DUBAI%20%2C%20UAE%2C%20Ajman%2C%20UAE,,,
1440,DXB,DXB,PHARMACY,STEPS PHARMACY L.L.C,DHA-F-4056390,AL NAHDA,"AL NAHDA SECOND,DUBAI,UAE",04-5230555,https://www.google.com/maps/search/?api=1&query=AL%20NAHDA%20SECOND%2CDUBAI%2CUAE%2C%20Ajman%2C%20UAE,,,
1441,DXB,DXB,PHARMACY,AFRIDI PHARMACY LLC,DHA-F-7048200,MUHSINAH 2,"SHOP NO-2, 13B SONAPUR, NEST TO AL ANSARI EXCHANGE, MUHSINAH-2, DUBAI, U.A.E",04-2711802,https://www.google.com/maps/search/?api=1&query=SHOP%20NO-2%2C%2013B%20SONAPUR%2C%20NEST%20TO%20AL%20ANSARI%20EXCHANGE%2C%20MUHSINAH-2%2C%20DUBAI%2C%20U.A.E%2C%20Ajman%2C%20UAE,,,
1442,DXB,DXB,PHARMACY,WECARE E R X PHARMACY L.L.C,DHA-F-0000718,AL KARAMA,"BEHIND ANSAR GALLERY - KHALID BIN AL WALEED RD - AL KARAMA - DUBAI,UAE",04-8804179,https://www.google.com/maps/search/?api=1&query=BEHIND%20ANSAR%20GALLERY%20-%20KHALID%20BIN%20AL%20WALEED%20RD%20-%20AL%20KARAMA%20-%20DUBAI%2CUAE%2C%20Ajman%2C%20UAE,,,
1443,DXB,DXB,PHARMACY,MED DOC PHARMACY L.L.C,DHA-F-0722974,JVT,"GOLDEN WOOD VIEWS BUILDING SHOP NO: 2,  JVT, DUBAI",04-424 8097,https://www.google.com/maps/search/?api=1&query=GOLDEN%20WOOD%20VIEWS%20BUILDING%20SHOP%20NO%3A%202%2C%20%20JVT%2C%20DUBAI%2C%20Ajman%2C%20UAE,,,
1444,DXB,DXB,PHARMACY,MEDICOM PHARMACY 31 L.L.C,DHA-F-0000437,SATWA,"OPPO AL ANSARI EXCHANGE, AL BADA, SATWA, DUBAI",04-385 9232,https://www.google.com/maps/search/?api=1&query=OPPO%20AL%20ANSARI%20EXCHANGE%2C%20AL%20BADA%2C%20SATWA%2C%20DUBAI%2C%20Ajman%2C%20UAE,,,
1445,DXB,DXB,PHARMACY,TRU DOC PHARMACY L.L.C,DHA-F-7951406,OUD METHA,"OUD METHA, SH HASHER HAMAD 13, SHOP NO. 11, DUBAI, UAE",04-2677656,https://www.google.com/maps/search/?api=1&query=OUD%20METHA%2C%20SH%20HASHER%20HAMAD%2013%2C%20SHOP%20NO.%2011%2C%20DUBAI%2C%20UAE%2C%20Ajman%2C%20UAE,,,
1446,DXB,DXB,CLINIC,ROYAL PHOENIX CLINIC L.L.C,DHA-F-5960989,WASL VILLAGE,"1ST FLOOR, WASL VILLAGE RETAIL, CENTER WASL VILLAGE, AL QUASIS INDUSTRIAL AREA 5, DUBAI UAE",04-2576155,https://www.google.com/maps/search/?api=1&query=1ST%20FLOOR%2C%20WASL%20VILLAGE%20RETAIL%2C%20CENTER%C2%A0WASL%20VILLAGE%2C%20AL%20QUASIS%20INDUSTRIAL%20AREA%205%2C%20DUBAI%20UAE%2C%20Ajman%2C%20UAE,,,
1447,DXB,DXB,PHARMACY,ROYAL PHOENIX CLINIC L.L.C - PHARMACY,DHA-F-5837760,WASL VILLAGE,"1ST FLOOR, WASL VILLAGE RETAIL, CENTER WASL VILLAGE, AL QUASIS INDUSTRIAL AREA 5, DUBAI UAE",04-2576155,https://www.google.com/maps/search/?api=1&query=1ST%20FLOOR%2C%20WASL%20VILLAGE%20RETAIL%2C%20CENTER%C2%A0WASL%20VILLAGE%2C%20AL%20QUASIS%20INDUSTRIAL%20AREA%205%2C%20DUBAI%20UAE%2C%20Ajman%2C%20UAE,,,
1448,DXB,DXB,PHARMACY,PRISTINE CARE PHARMACY (BR OF PRISTINE PHARMACY LLC)DUBAI BRANCH,DHA-F-8435770,JEBEL ALI ,"CIG MALL ,JEBEL ALI ,INDUSTRIAL AREA",04-5548530,https://www.google.com/maps/search/?api=1&query=CIG%20MALL%20%2CJEBEL%20ALI%20%2CINDUSTRIAL%20AREA%2C%20Ajman%2C%20UAE,,,
1449,DXB,DXB,PHARMACY,AL MULAYIM PHARMACY L.L.C,DHA-F-2717352,MUHAISNAH,"SONAPUR BUILDING, 28TH STREET, MUHAISNAH SECOND, MUHAISNAH, DUBAI, U.A.E",04-5587617,https://www.google.com/maps/search/?api=1&query=SONAPUR%20BUILDING%2C%2028TH%20STREET%2C%20MUHAISNAH%20SECOND%2C%20MUHAISNAH%2C%20DUBAI%2C%20U.A.E%2C%20Ajman%2C%20UAE,,,
1450,DXB,DXB,PHARMACY,ASTER PHARMACY 171 (BR OF ASTER PHARMACIES GROUP L.L.C),DHA-F-4009861,DIP,"SHOP NO B6, RDK 1190 BUILDING B, GREEN COMMUNITY VILLAGE, DUBAI INVESTMENT PARK FIRST, DUBAI",04-2516452,https://www.google.com/maps/search/?api=1&query=SHOP%20NO%20B6%2C%20RDK%201190%20BUILDING%20B%2C%20GREEN%20COMMUNITY%20VILLAGE%2C%20DUBAI%20INVESTMENT%20PARK%20FIRST%2C%20DUBAI%2C%20Ajman%2C%20UAE,,,
1451,DXB,DXB,PHARMACY,ASTER PHARMACY 177 (BR OF ASTER PHARMACIES GROUP L.L.C),DHA-F-6923637,WADI AL SAFA 5,"SHOP 6&7, RAJA BUILDING, OPPOSITE SKYCOURT TOWER B, WADI AL SAFA- 5, DUBAI LAND RESIDENCE COMPLEX, DUBAI LAND, DUBAI",04-2575216,https://www.google.com/maps/search/?api=1&query=SHOP%206%267%2C%20RAJA%20BUILDING%2C%20OPPOSITE%20SKYCOURT%20TOWER%20B%2C%20WADI%20AL%20SAFA-%205%2C%20DUBAI%20LAND%20RESIDENCE%20COMPLEX%2C%20DUBAI%20LAND%2C%20DUBAI%2C%20Ajman%2C%20UAE,,,
1452,DXB,DXB,PHARMACY,ASTER PHARMACY 195 (BR OF ASTER PHARMACIES GROUP L.L.C),DHA-F-1991662,IBN BATTUTA ST,"SHOP NO. 3, PINK BUILDING 7,  JEBEL ALI VILLAGE, IBN BATTUTA STREET, THE GARDENS, DUBAI",04-5725507,https://www.google.com/maps/search/?api=1&query=SHOP%20NO.%203%2C%20PINK%20BUILDING%207%2C%20%20JEBEL%20ALI%20VILLAGE%2C%20IBN%20BATTUTA%20STREET%2C%20THE%20GARDENS%2C%20DUBAI%2C%20Ajman%2C%20UAE,,,
1453,DXB,DXB,PHARMACY,MARHABA PHARMACY LLC,DHA-F-4376068,NAIF,"SUNSHINE BUILDING - 2, FISH R/A, NAIF DUBAI, UAE",04-2224844,https://www.google.com/maps/search/?api=1&query=SUNSHINE%20BUILDING%20-%202%2C%20FISH%20R/A%2C%20NAIF%20DUBAI%2C%20UAE%2C%20Ajman%2C%20UAE,,,
1454,DXB,DXB,PHARMACY,ABEER AL NOOR PHARMACY LLC,DHA-F-0002584,RASHIDIYA,"RASHIDIYA-BEHIND BIN SOUGAT CENTRE, DUBAI, UAE",04-2362305,https://www.google.com/maps/search/?api=1&query=RASHIDIYA-BEHIND%20BIN%20SOUGAT%20CENTRE%2C%20DUBAI%2C%20UAE%2C%20Ajman%2C%20UAE,,,
1455,DXB,DXB,PHARMACY,ABEER AL NOOR POLY CLINIC L.L.C (BRANCH)-PHARMACY,DHA-F-4927956,MUHAISNAH 2,MUHAISNAH2-GRAND HYPERMARKET -DUBAI,04-3298661,https://www.google.com/maps/search/?api=1&query=MUHAISNAH2-GRAND%20HYPERMARKET%20-DUBAI%2C%20Ajman%2C%20UAE,,,
1456,DXB,DXB,PHARMACY,AMBER CLINICS LLC(PHARMACY),DHA-F-6944046,AL RIGGA ST,AL RIGGA ST.DEIRA- DXB NEAR IBIS HOTLE RIGGA,04-2325109,https://www.google.com/maps/search/?api=1&query=AL%20RIGGA%20ST.DEIRA-%20DXB%20NEAR%20IBIS%20HOTLE%20RIGGA%2C%20Ajman%2C%20UAE,,,
1457,DXB,DXB,PHARMACY,AMBER PHARMACY L.L.C,DHA-F-5344476,DUBAI AIRPORT FREEZONE ,"AL QUSAIS 1.DEIRA BEHIND DUBAI AIRPORT FREE ZONE METRO NEXT TALAL SM 2, DUBAI, UAE",04-3558458,https://www.google.com/maps/search/?api=1&query=AL%20QUSAIS%201.DEIRA%20BEHIND%20DUBAI%20AIRPORT%20FREE%20ZONE%20METRO%20NEXT%20TALAL%20SM%202%2C%20DUBAI%2C%20UAE%2C%20Ajman%2C%20UAE,,,
1458,DXB,DXB,PHARMACY,DR JOSEPH POLYCLINIC (BR OF AMBER CLINICS L.L.C PHARMACY)),DHA-F-0792245,AL KARAMA,AL KARAMA- DXB NEAR KARAMA METRO STATION ,04-3541012,https://www.google.com/maps/search/?api=1&query=AL%20KARAMA-%20DXB%20NEAR%20KARAMA%20METRO%20STATION%2C%20Ajman%2C%20UAE,,,
1459,DXB,DXB,PHARMACY,DURAIYA KAMAL MEDICAL CLINIC-PHARMACY,DHA-F-7579888,AL RIGGA,"DUBAI AL RIGGA, BANIYAS SQUARE ST., NEXT DEIRA POST OFFICE, DUBAI, UAE",04-2272289,https://www.google.com/maps/search/?api=1&query=DUBAI%20AL%20RIGGA%2C%20BANIYAS%20SQUARE%20ST.%2C%20NEXT%20DEIRA%20POST%20OFFICE%2C%20DUBAI%2C%20UAE%2C%20Ajman%2C%20UAE,,,
1460,DXB,DXB,PHARMACY,INNOVATION FAMILY PHARMACY L.L.C,DHA-F-4701283,UMM SUQEIM 1,"UMM SUQEIM 1/JUMEIRAH ST /OPP FAB BANK, DUBAI, UAE",04-3417924,https://www.google.com/maps/search/?api=1&query=UMM%20SUQEIM%201/JUMEIRAH%20ST%20/OPP%20FAB%20BANK%2C%20DUBAI%2C%20UAE%2C%20Ajman%2C%20UAE,,,
1461,DXB,DXB,PHARMACY,HEALTH FIRST PHARMACY 1- DUBAI (BR. OF HEALTH FIRST INVESTMENT LLC),DHA-F-0047991,TECOM,"TECOM, TAMEEM HOUSE BLDG, DUBAI",056-5379674,https://www.google.com/maps/search/?api=1&query=TECOM%2C%20TAMEEM%20HOUSE%20BLDG%2C%20DUBAI%2C%20Ajman%2C%20UAE,,,
1462,DXB,DXB,PHARMACY,HEALTH FIRST PHARMACY 11,DHA-F-0001325,MIRDIF,SPORT SOCIETY MALL NEAR CITY CENTER MIRDIF -MIRDIF DXB,04-7181486,https://www.google.com/maps/search/?api=1&query=SPORT%20SOCIETY%20MALL%20NEAR%20CITY%20CENTER%20MIRDIF%20-MIRDIF%20DXB%2C%20Ajman%2C%20UAE,,,
1463,DXB,DXB,PHARMACY,HEALTH FIRST PHARMACY 2,DHA-F-0002518,NAD AL SHEBA,NAD AL SHEBA FOURTH -ASWAQ -DUBAI,04-3264234,https://www.google.com/maps/search/?api=1&query=NAD%20AL%20SHEBA%20FOURTH%20-ASWAQ%20-DUBAI%2C%20Ajman%2C%20UAE,,,
1464,DXB,DXB,PHARMACY,HEALTH FIRST PHARMACY 23- DUBAI (BR. OF HEALTH FIRST INVESTMENT LLC),DHA-F-0045805,HAMARIAN CENTRE,"INSIDE HAMARAIN CENTRE, DUBAI ",04-2693618,https://www.google.com/maps/search/?api=1&query=INSIDE%20HAMARAIN%20CENTRE%2C%20DUBAI%2C%20Ajman%2C%20UAE,,,
1465,DXB,DXB,PHARMACY,HEALTH FIRST PHARMACY 24- DUBAI (BR. OF HEALTH FIRST INVESTMENT LLC),DHA-F-0000257,SOUTH RIDGE BURJ DXB,TOWER 1 SOUTH RIDGE BURJ DXB BEHIND AL MANZIL HOTEL,04-4329158,https://www.google.com/maps/search/?api=1&query=TOWER%201%20SOUTH%20RIDGE%20BURJ%20DXB%20BEHIND%20AL%20MANZIL%20HOTEL%2C%20Ajman%2C%20UAE,,,
1466,DXB,DXB,PHARMACY,HEALTH FIRST PHARMACY 25- DUBAI (BR. OF HEALTH FIRST INVESTMENT LLC),DHA-F-0000478,AL BARSHA,SOUQ EXTRA AL BARSHA,04-3992116,https://www.google.com/maps/search/?api=1&query=SOUQ%20EXTRA%20AL%20BARSHA%2C%20Ajman%2C%20UAE,,,
1467,DXB,DXB,PHARMACY,HEALTH FIRST PHARMACY 27 (IMPZ),DHA-F-0000960,INTERNATIONAL MEDIA PRODUCT ZONE,"INTERNATIONAL MEDIA PRODUCT ZONE,DXB,UAE",04-4253020,https://www.google.com/maps/search/?api=1&query=INTERNATIONAL%20MEDIA%20PRODUCT%20ZONE%2CDXB%2CUAE%2C%20Ajman%2C%20UAE,,,
1468,DXB,DXB,PHARMACY,HEALTH FIRST PHARMACY 3,DHA-F-0047085,AL HUDAIBA STREET,"DUBAI -SATWA .AL HUDAIBA ST , OPP LAL'S S/MKT ",04-5464618,https://www.google.com/maps/search/?api=1&query=DUBAI%20-SATWA%20.AL%20HUDAIBA%20ST%20%2C%20OPP%20LAL%27S%20S/MKT%2C%20Ajman%2C%20UAE,,,
1469,DXB,DXB,PHARMACY,HEALTH FIRST PHARMACY 30,DHA-F-0001012,AL YUFRAH 2,DUBAI-AL YUFRAH2-AKOYA OXEGYN COMMUNITY CENTER,04-2523591,https://www.google.com/maps/search/?api=1&query=DUBAI-AL%20YUFRAH2-AKOYA%20OXEGYN%20COMMUNITY%20CENTER%2C%20Ajman%2C%20UAE,,,
1470,DXB,DXB,PHARMACY,HEALTH FIRST PHARMACY 33,DHA-F-0001124,JUMEIRAH BEACH HOTEL,"JUMEIRAH BEACH HOTEL, DUBAI ",04-3469373,https://www.google.com/maps/search/?api=1&query=JUMEIRAH%20BEACH%20HOTEL%2C%20DUBAI%2C%20Ajman%2C%20UAE,,,
1471,DXB,DXB,PHARMACY,HEALTH FIRST PHARMACY 34,DHA-F-0001242,BURDUBAI,BURDUBAI MUSALLA MAIN ROAD,04-3852791,https://www.google.com/maps/search/?api=1&query=BURDUBAI%20MUSALLA%20MAIN%20ROAD%2C%20Ajman%2C%20UAE,,,
1472,DXB,DXB,PHARMACY,HEALTH FIRST PHARMACY 37,DHA-F-0001399,DUBAI SPORTS CITY,DUBAI SPORTS CITY,04-3606023,https://www.google.com/maps/search/?api=1&query=DUBAI%20SPORTS%20CITY%2C%20Ajman%2C%20UAE,,,
1473,DXB,DXB,PHARMACY,HEALTH FIRST PHARMACY 38,DHA-F-0001148,OUD METHA,OUD METHA 338 NEAR LAMCY PLAZA,04-3960695,https://www.google.com/maps/search/?api=1&query=OUD%20METHA%20338%20NEAR%20LAMCY%20PLAZA%2C%20Ajman%2C%20UAE,,,
1474,DXB,DXB,PHARMACY,HEALTH FIRST PHARMACY 4- DUBAI (BR. OF HEALTH FIRST INVESTMENT LLC),DHA-F-0000164,BUSSINESS BAY,"BUSINESS BAY EXECUTIVE TOWERS, NEXT TO SPINNEYS, DUBAI",04-4587004,https://www.google.com/maps/search/?api=1&query=BUSINESS%20BAY%20EXECUTIVE%20TOWERS%2C%20NEXT%20TO%20SPINNEYS%2C%20DUBAI%2C%20Ajman%2C%20UAE,,,
1475,DXB,DXB,PHARMACY,HEALTH FIRST PHARMACY 41,DHA-F-0001265,MIRDIF MALL,"UP TOWN MIRDIF MALL,DXB,UAE",04-2882296,https://www.google.com/maps/search/?api=1&query=UP%20TOWN%20MIRDIF%20MALL%2CDXB%2CUAE%2C%20Ajman%2C%20UAE,,,
1476,DXB,DXB,PHARMACY,HEALTH FIRST PHARMACY 45,DHA-F-0001444,BARSHA 1,BARSHA 1 AL RAWBA BUILD. OPP LULU SM,04-3965891,https://www.google.com/maps/search/?api=1&query=BARSHA%201%20AL%20RAWBA%20BUILD.%20OPP%20LULU%20SM%2C%20Ajman%2C%20UAE,,,
1477,DXB,DXB,PHARMACY,HEALTH FIRST PHARMACY 48 ,DHA-F-0001538,JUMEIRAH 1,JUMAIRAH ROAD JUMAIRAH 1 OPP SPINNEYS,04-3430616,https://www.google.com/maps/search/?api=1&query=JUMAIRAH%20ROAD%20JUMAIRAH%201%20OPP%20SPINNEYS%2C%20Ajman%2C%20UAE,,,
1478,DXB,DXB,PHARMACY,HEALTH FIRST PHARMACY 5- DUBAI (BR. OF HEALTH FIRST INVESTMENT LLC),DHA-F-0045800,DUBAI MALL ,DUBAI-DUBAI MALL 2 FLOUR ,04-5469856,https://www.google.com/maps/search/?api=1&query=DUBAI-DUBAI%20MALL%202%20FLOUR%2C%20Ajman%2C%20UAE,,,
1479,DXB,DXB,PHARMACY,HEALTH FIRST PHARMACY 52,DHA-F-0001697,SHEIKH ZAYED ROAD,"SHEIKH ZAYED ROAD WHITE CROWN BUILD, BEHIND RADISSON HOTEL",04 3253056,https://www.google.com/maps/search/?api=1&query=SHEIKH%20ZAYED%20ROAD%20WHITE%20CROWN%20BUILD%2C%20BEHIND%20RADISSON%20HOTEL%2C%20Ajman%2C%20UAE,,,
1480,DXB,DXB,PHARMACY,HEALTH FIRST PHARMACY 55,DHA-F-8021165,DUBAI HEALTHCARE CITY,DUBAI -DUBAI HEALTHCARE CITY -IBN SINA 27B BUILD,04-5776210,https://www.google.com/maps/search/?api=1&query=DUBAI%20-DUBAI%20HEALTHCARE%20CITY%20-IBN%20SINA%2027B%20BUILD%2C%20Ajman%2C%20UAE,,,
1481,DXB,DXB,PHARMACY,HEALTH FIRST PHARMACY 57,DHA-F-7211077,SUFOUH ST,MARSA DUBAI -SUFOUH ST -SHERATON JUMERIAH BEACH RESORT,04-5468891,https://www.google.com/maps/search/?api=1&query=MARSA%20DUBAI%20-SUFOUH%20ST%20-SHERATON%20JUMERIAH%20BEACH%20RESORT%2C%20Ajman%2C%20UAE,,,
1482,DXB,DXB,PHARMACY,HEALTH FIRST PHARMACY 58,DHA-F-2212486,MIRDIFF ST,"MIRDIF HILLS, MUTAQA AVENUE 2 - 78TH STREET , MIRDIF DXB",04-5913880,https://www.google.com/maps/search/?api=1&query=MIRDIF%20HILLS%2C%20MUTAQA%20AVENUE%202%20-%2078TH%20STREET%20%2C%20MIRDIF%20DXB%2C%20Ajman%2C%20UAE,,,
1483,DXB,DXB,PHARMACY,HEALTH FIRST PHARMACY 60,DHA-F-7272735,GARHOUD,"EMIRATES GROUP HEADQUARTERS ,GARHOUD, AIR PORT ROAD, OPP EMIRATES METRO",04-7187442,https://www.google.com/maps/search/?api=1&query=EMIRATES%20GROUP%20HEADQUARTERS%20%2CGARHOUD%2C%20AIR%20PORT%20ROAD%2C%20OPP%20EMIRATES%20METRO%2C%20Ajman%2C%20UAE,,,
1484,DXB,DXB,PHARMACY,HEALTH FIRST PHARMACY 61,DHA-F-8196173,AL YUFRAH 2,DUBAI-AL YURFAH2-DAMAC HILLS 2 VIRIDIS TOWER B,04-2286011,https://www.google.com/maps/search/?api=1&query=DUBAI-AL%20YURFAH2-DAMAC%20HILLS%202%20VIRIDIS%20TOWER%20B%2C%20Ajman%2C%20UAE,,,
1485,DXB,DXB,PHARMACY,HEALTH FIRST PHARMACY 64,DHA-F-7986339,AL GARHOUD PARK 3,DUBAI-AL GARHOUD-AIRPORT VIEW BUILDING OPP AL GARHOUD PARK3 -ST 35TH,04-3805045,https://www.google.com/maps/search/?api=1&query=DUBAI-AL%20GARHOUD-AIRPORT%20VIEW%20BUILDING%20OPP%20AL%20GARHOUD%20PARK3%20-ST%2035TH%2C%20Ajman%2C%20UAE,,,
1486,DXB,DXB,PHARMACY,HEALTH FIRST PHARMACY 9,DHA-F-0001095,JUMERIAH VILLAGE,JUMERIAH VILLAGE 2 SUMMER CLUSTER,04-4233733,https://www.google.com/maps/search/?api=1&query=JUMERIAH%20VILLAGE%202%20SUMMER%20CLUSTER%2C%20Ajman%2C%20UAE,,,
1487,DXB,DXB,PHARMACY,DEANS LIFE PHARMACY LLC ,DHA-F-2099092,ALQUOZ 4,"SHOP NO:28, AL AMEED PLAZA, ALQUOZ 4, DUBAI,UAE.",04-2345897,https://www.google.com/maps/search/?api=1&query=SHOP%20NO%3A28%2C%20AL%20AMEED%20PLAZA%2C%20ALQUOZ%204%2C%20DUBAI%2CUAE.%2C%20Ajman%2C%20UAE,,,
1488,DXB,DXB,PHARMACY,ABEER AL NOOR PHARMACY LLC BRANCH,DHA-F-6633537,DIC,"SAIH SHUHAIB 3, LV2 C5,DUBAI INDUSTRIAL CITY (DIC),DUBAI,UAE",050-2900239,https://www.google.com/maps/search/?api=1&query=SAIH%20SHUHAIB%203%2C%20LV2%20C5%2CDUBAI%20INDUSTRIAL%20CITY%20%28DIC%29%2CDUBAI%2CUAE%2C%20Ajman%2C%20UAE,,,
1489,DXB,DXB,PHARMACY,NEXA PHARMACY,DHA-F-5232729,ENGLAND CLUSTER BUILDING,"INTERNATIONAL CITY, ENGLAND CLUSTER BUILDING Z05",052-4244416,https://www.google.com/maps/search/?api=1&query=INTERNATIONAL%20CITY%2C%20ENGLAND%20CLUSTER%20BUILDING%20Z05%2C%20Ajman%2C%20UAE,,,
1490,DXB,DXB,PHARMACY,CRX PHARMACY L.L.C,DHA-F-6323210,JEBEL ALI VILLAGE,"WASL NOOK, WASL GATE COMMUNITY - NEAR SHEIKH ZAYED ROAD - JEBEL ALI VILLAGE - DUBAI,UAE",04 2246566,https://www.google.com/maps/search/?api=1&query=WASL%20NOOK%2C%20WASL%20GATE%20COMMUNITY%20-%20NEAR%20SHEIKH%20ZAYED%20ROAD%20-%20JEBEL%20ALI%20VILLAGE%20-%20DUBAI%2CUAE%2C%20Ajman%2C%20UAE,,,
1491,DXB,DXB,PHARMACY,ASTER PHARMACIES GROUP LLC(DMCC BRANCH),DHA-F-7567795,JLT,"SHOP NO-5, GROUND FLOOR, ME DO RE RESIDENTIAL TOWER, CLUSTER L, JUMEIRAH LAKES TOWERS, AL THANYAH FIFTH, DUBAI",04-5917109,https://www.google.com/maps/search/?api=1&query=SHOP%20NO-5%2C%20GROUND%20FLOOR%2C%20ME%20DO%20RE%20RESIDENTIAL%20TOWER%2C%20CLUSTER%20L%2C%20JUMEIRAH%20LAKES%20TOWERS%2C%20AL%20THANYAH%20FIFTH%2C%20DUBAI%2C%20Ajman%2C%20UAE,,,
1492,DXB,DXB,PHARMACY,MEDCARE MEDICAL CENTRE ARABIAN RANCHES 3 (BR OF MEDCARE HOSPITAL (L.L.C)(PHARMACY),DHA-F-9742223,WADI AL SAFA 5,"AR3 GF37, ARABIAN RANCHES 3 SOUK, NEAR SILICON CENTRAL, SHEIKH ZAYED BIN HAMDAN AL NAHYAN STREET, WADI AL SAFA 5, DUBAI",04-2578939,https://www.google.com/maps/search/?api=1&query=AR3%20GF37%2C%20ARABIAN%20RANCHES%203%20SOUK%2C%20NEAR%20SILICON%20CENTRAL%2C%20SHEIKH%20ZAYED%20BIN%20HAMDAN%20AL%20NAHYAN%20STREET%2C%20WADI%20AL%20SAFA%205%2C%20DUBAI%2C%20Ajman%2C%20UAE,,,
1493,DXB,DXB,PHARMACY,MEDCARE MEDICAL CENTRE THE VALLEY (BR OF MEDCARE HOSPITAL (L.L.C)(PHARMACY),DHA-F-1109096,AL YUFRAH 1,"SHOP NO. 11 & 12, THE VALLEY PAVILION, AL AIN ROAD, AL YUFRAH 1, DUBAI",04-3291310,https://www.google.com/maps/search/?api=1&query=SHOP%20NO.%2011%20%26%2012%2C%20THE%20VALLEY%20PAVILION%2C%20AL%20AIN%20ROAD%2C%20AL%20YUFRAH%201%2C%20DUBAI%2C%20Ajman%2C%20UAE,,,
1494,DXB,DXB,PHARMACY,SHAMS AL AHALIA MEDICAL CENTER - (AMBULATORY PHARMACY),DHA-F-0032545,,"GROUND FLOOR, AL WASL BUILDING(R507), NEAR TO EMIRATES POST- DUBAI CENTRAL POST OFFICE & ENOC PETROL STATION, 19TH STREET, AL KARAMA, DUBAI, UAE",050-5319427,https://www.google.com/maps/search/?api=1&query=GROUND%20FLOOR%2C%20AL%20WASL%20BUILDING%28R507%29%2C%20NEAR%20TO%20EMIRATES%20POST-%20DUBAI%20CENTRAL%20POST%20OFFICE%20%26%20ENOC%20PETROL%20STATION%2C%2019TH%20STREET%2C%20AL%20KARAMA%2C%20DUBAI%2C%20UAE%2C%20Ajman%2C%20UAE,,,
1495,DXB,DXB,PHARMACY,AMAAN PHARMACY,DHA-F-0046680,MUHAISNAH 4,"NEAR AL MUHAISNAH POLY CLINIC, LULU VILLAGE, MUHAISNAH-4",04-2647264,https://www.google.com/maps/search/?api=1&query=NEAR%20AL%20MUHAISNAH%20POLY%20CLINIC%2C%20LULU%20VILLAGE%2C%20MUHAISNAH-4%2C%20Ajman%2C%20UAE,,,
1496,DXB,DXB,PHARMACY,DOCIB PHARMACY LLC,DHA-F-0001135,LULU AL RASHIDIYA,"DOCIB PHARMACY, INSIDE LULU HYPERMARKET - AL RASHIDIYA - DUBAI",04-2250448,https://www.google.com/maps/search/?api=1&query=DOCIB%20PHARMACY%2C%20INSIDE%20LULU%20HYPERMARKET%20-%20AL%20RASHIDIYA%20-%20DUBAI%2C%20Ajman%2C%20UAE,,,
1497,DXB,DXB,PHARMACY,LULU BARSHA PHARMACY LLC,DHA-F-0047295,LULU AL BARSHA,"LULU BARSHA PHARMACY LLC – LULU HYPERMARKET, AL BARSHA, DUBAI",04-3418828,https://www.google.com/maps/search/?api=1&query=LULU%20BARSHA%20PHARMACY%20LLC%20%E2%80%93%20LULU%20HYPERMARKET%2C%20AL%20BARSHA%2C%20DUBAI%2C%20Ajman%2C%20UAE,,,
1498,DXB,DXB,PHARMACY,LULU CENTER PHARMACY LLC,DHA-F-0045821,LULU AL QUSAIS,"LULU HYPERMARKET, AL QUSAIS",04-2988771,https://www.google.com/maps/search/?api=1&query=LULU%20HYPERMARKET%2C%20AL%20QUSAIS%2C%20Ajman%2C%20UAE,,,
1499,DXB,DXB,PHARMACY,LULU KARAMA PHARMACY LLC,DHA-F-0047371,LULU KARAMA,"LULU KARAMA PHARMACY LLC – LULU HYPERMARKET, KARAMA, DUBAI",04-3369970,https://www.google.com/maps/search/?api=1&query=LULU%20KARAMA%20PHARMACY%20LLC%20%E2%80%93%20LULU%20HYPERMARKET%2C%20KARAMA%2C%20DUBAI%2C%20Ajman%2C%20UAE,,,
1500,DXB,DXB,PHARMACY,PMC PHARMACY LLC,DHA-F-3402124,OUD METHA,"STREET 11B, OUD METHA ROAD, BUR DUBAI,DUBAI,UAE",04-2305000,https://www.google.com/maps/search/?api=1&query=STREET%2011B%2C%20OUD%20METHA%20ROAD%2C%20BUR%20DUBAI%2CDUBAI%2CUAE%2C%20Ajman%2C%20UAE,,,
1501,DXB,DXB,PHARMACY,MEDHUB PHARMACY L.L.C,DHA-F-8949792,JEBEL ALI IND 2,"SHOP NO:- 3, GROUND FLOOR, THE AB MALL, JEBEL ALI INDUSTRIAL AREA 2 - DUBAI",054-7336363,https://www.google.com/maps/search/?api=1&query=SHOP%20NO%3A-%203%2C%20GROUND%20FLOOR%2C%20THE%20AB%20MALL%2C%20JEBEL%20ALI%20INDUSTRIAL%20AREA%202%20-%20DUBAI%2C%20Ajman%2C%20UAE,,,
1502,DXB,DXB,PHARMACY,MEDHUB PHARMACY L.L.C (BRANCH),DHA-F-0742290,DIP 2,"SHOP NO:20, THE TOWN MALL, DIP2, DUBAI",054-7336363,https://www.google.com/maps/search/?api=1&query=SHOP%20NO%3A20%2C%20THE%20TOWN%20MALL%2C%20DIP2%2C%20DUBAI%2C%20Ajman%2C%20UAE,,,
1503,DXB,DXB,PHARMACY,ASTER PHARMACY 208 (BR OF ASTER PHARMACIES GROUP L.L.C),DHA-F-0318079,AL  BARSHA SOUTH,"SHOP NO. 6, CURVE BY SENTRO, AL BARSHA SOUTH THIRD, BARSHA SOUTH, DUBAI",04-3499016,https://www.google.com/maps/search/?api=1&query=SHOP%20NO.%206%2C%20CURVE%20BY%20SENTRO%2C%20AL%20BARSHA%20SOUTH%20THIRD%2C%20BARSHA%20SOUTH%2C%20DUBAI%2C%20Ajman%2C%20UAE,,,
1504,DXB,DXB,PHARMACY,ASTER PHARMACY 211 (BR OF ASTER PHARMACIES GROUP L.L.C),DHA-F-8499564,NAD AL SHEBA 1,"SHOP NO. 11, AZIZI RIVERA 44, AL MERKADH, NAD AL SHEBA 1, DUBAI",04-3578436,https://www.google.com/maps/search/?api=1&query=SHOP%20NO.%2011%2C%20AZIZI%20RIVERA%2044%2C%20AL%20MERKADH%2C%20NAD%20AL%20SHEBA%201%2C%20DUBAI%2C%20Ajman%2C%20UAE,,,
1505,DXB,DXB,PHARMACY,MEDCARE MEDICAL CENTRE NAD AL SHEBA PHARMACY BR OF MEDCARE HOSPITAL L L C (AMBULATORY PHARMACY),DHA-F-1952239,NAD AL SHEBA 3,"SHOP NO. G-013, GROUND FLOOR, NAD AL SHEBA 3, NAD AL SHEBA, DUBAI",04-3499016,https://www.google.com/maps/search/?api=1&query=SHOP%20NO.%20G-013%2C%20GROUND%20FLOOR%2C%20NAD%20AL%20SHEBA%203%2C%20NAD%20AL%20SHEBA%2C%20DUBAI%2C%20Ajman%2C%20UAE,,,
1506,DXB,DXB,PHARMACY,ASTER PHARMACY 199 (BR OF ASTER PHARMACIES GROUP L.L.C),DHA-F-0911695,AL FURJAN,"SHOP NO. 7, GEMZ BY DANUBE, AL ASAYEL ST, JEBEL ALI VILLAGE, AL FURJAN, DUBAI",04-3971206,https://www.google.com/maps/search/?api=1&query=SHOP%20NO.%207%2C%20GEMZ%20BY%20DANUBE%2C%20AL%20ASAYEL%20ST%2C%20JEBEL%20ALI%20VILLAGE%2C%20AL%20FURJAN%2C%20DUBAI%2C%20Ajman%2C%20UAE,,,
1507,DXB,DXB,PHARMACY,ASTER PHARMACY 190 (BR OF ASTER PHARMACIES GROUP L.L.C),DHA-F-3484876,JUMEIRAH,"SHOP NO 1, BINGHATTI ORCHID, KAHRABA ROAD, JUMEIRAH VILLAGE CIRCLE, BARSHA SOUTH 4, DUBAI",04-5527027,https://www.google.com/maps/search/?api=1&query=SHOP%20NO%201%2C%20BINGHATTI%20ORCHID%2C%20KAHRABA%20ROAD%2C%20JUMEIRAH%20VILLAGE%20CIRCLE%2C%20BARSHA%20SOUTH%204%2C%20DUBAI%2C%20Ajman%2C%20UAE,,,
1508,DXB,DXB,PHARMACY,ZEST PHARMACY 3 (BR OF ZEST WELLNESS PHARMACY L.L.C),DHA-F-4162689,BARSHA 2,"UNIT NO GF 02, GROVE MALL, COMMUNITY CENTER, BARSHA 2, DUBAI",04-3705493,https://www.google.com/maps/search/?api=1&query=UNIT%20NO%20GF%2002%2C%20GROVE%20MALL%2C%20COMMUNITY%20CENTER%2C%20BARSHA%202%2C%20DUBAI%2C%20Ajman%2C%20UAE,,,
1509,DXB,DXB,PHARMACY,INTERNATIONAL MODERN HOSPITAL PHARMACY,DHA-F-0001240,MANKHOOL,"SHEIKH RASHID ROAD. MANKHOOL AREA-BUR DUBAI, UAE",04-4063273,https://www.google.com/maps/search/?api=1&query=SHEIKH%20RASHID%20ROAD.%20MANKHOOL%20AREA-BUR%20DUBAI%2C%20UAE%2C%20Ajman%2C%20UAE,,,
1510,DXB,DXB,PHARMACY,AMBER PHARMACY L.L.C BRANCH,DHA-F-9959654,AL BARAHA,"SULTHAN BUILDING,PLOT NO-463-0,AL BARAHA,DUBAI, UAE",04-2692307,https://www.google.com/maps/search/?api=1&query=SULTHAN%20BUILDING%2CPLOT%20NO-463-0%2CAL%20BARAHA%2CDUBAI%2C%20UAE%2C%20Ajman%2C%20UAE,,,
1511,DXB,DXB,PHARMACY,MUMTAZ AL NOOR EXPRESS PHARMACY L.L.C,DHA-F-1684398,AL BARAHA,"SULTHAN BUILDING, PLOT NO-463-0, AL BARAHA, DUBAI, UAE",04 2579576,https://www.google.com/maps/search/?api=1&query=SULTHAN%20BUILDING%2C%20PLOT%20NO-463-0%2C%20AL%20BARAHA%2C%20DUBAI%2C%20UAE%2C%20Ajman%2C%20UAE,,,
1512,DXB,DXB,PHARMACY,STAR FALCON PHARMACY LLC,DHA-F-9504539,BEIRUT STREET,"SHOP 4, BEIRUT STREET ,GHEYATH BLDG QUSAIS IND 4,DUBAI , UAE",04-3852636,https://www.google.com/maps/search/?api=1&query=SHOP%204%2C%20BEIRUT%20STREET%20%2CGHEYATH%20BLDG%20QUSAIS%20IND%204%2CDUBAI%20%2C%20UAE%2C%20Ajman%2C%20UAE,,,
1513,DXB,DXB,PHARMACY,CITY RELIEF PHARMACY LLC,DHA-F-0001681,NAID ROAD,"NAIF ROAD, DEIRA,DUBAI,UAE",04-2242951,https://www.google.com/maps/search/?api=1&query=NAIF%20ROAD%2C%20DEIRA%2CDUBAI%2CUAE%2C%20Ajman%2C%20UAE,,,
1514,DXB,DXB,PHARMACY,ASTER PHARMACY 197 (BR OF ASTER PHARMACIES GROUP L.L.C),DHA-F-1147979,DIP,"SHOP NO M05, AIKO MALL, DUBAI INVESTMENT PARK FIRST, DUBAI",04-2528870,https://www.google.com/maps/search/?api=1&query=SHOP%20NO%20M05%2C%20AIKO%20MALL%2C%20DUBAI%20INVESTMENT%20PARK%20FIRST%2C%20DUBAI%2C%20Ajman%2C%20UAE,,,
1515,DXB,DXB,PHARMACY,ZEST WELLNESS PHARMACY LLC. DWC-BRANCH,DHA-F-8473462,DUBAI SOUTH,"RETAIL 2, THE PULSE BEACH FRONT, DUBAI SOUTH RESIDENCIAL DISTRICT, DUBAI SOUTH, DUBAI",04-3428372,https://www.google.com/maps/search/?api=1&query=RETAIL%202%2C%20THE%20PULSE%20BEACH%20FRONT%2C%20DUBAI%20SOUTH%20RESIDENCIAL%20DISTRICT%2C%20DUBAI%20SOUTH%2C%20DUBAI%2C%20Ajman%2C%20UAE,,,
1516,DXB,DXB,PHARMACY,ASTER PHARMACY 209 (BR OF ASTER PHARMACIES GROUP L.L.C),DHA-F-4271473,MARINA,"SHOP NO. S02, THE POINT TOWER, JUMEIRAH BEACH RESIDENCE, MARSA DUBAI, DUBAI MARINA, DUBAI",04-5843414,https://www.google.com/maps/search/?api=1&query=SHOP%20NO.%20S02%2C%20THE%20POINT%20TOWER%2C%20JUMEIRAH%20BEACH%20RESIDENCE%2C%20MARSA%20DUBAI%2C%20DUBAI%20MARINA%2C%20DUBAI%2C%20Ajman%2C%20UAE,,,
1517,DXB,DXB,PHARMACY,ASTER PHARMACY 210 (BR OF ASTER PHARMACIES GROUP L.L.C),DHA-F-6843525,AL BARSHA ,"RETAIL 1, ART PARK VIEW, AL BARSHA SOUTH THIRD, AL BARSHA, DUBAI",04-8816085,https://www.google.com/maps/search/?api=1&query=RETAIL%201%2C%20ART%20PARK%20VIEW%2C%20AL%20BARSHA%20SOUTH%20THIRD%2C%20AL%20BARSHA%2C%20DUBAI%2C%20Ajman%2C%20UAE,,,
1518,DXB,DXB,PHARMACY,ASTER PHARMACY 212 (BR OF ASTER PHARMACIES GROUP L.L.C),DHA-F-0857778,JUMEIRAH GARDEN CITY,"SHOP-4, BQ RESIDENCE, JUMEIRAH GARDEN CITY, AL SATWA, DUBAI",04-5853391,https://www.google.com/maps/search/?api=1&query=SHOP-4%2C%20BQ%20RESIDENCE%2C%20JUMEIRAH%20GARDEN%20CITY%2C%20AL%20SATWA%2C%20DUBAI%2C%20Ajman%2C%20UAE,,,
1519,DXB,DXB,PHARMACY,CARE 7 PHARMACY LLC ,DHA-F-2776119,INTERNATIONL CITY,"SHOP 1,2 CBD-D02 BUILDING,INTERNATIONAL CITY ,DUBAI,UAE",04-5521433,https://www.google.com/maps/search/?api=1&query=SHOP%201%2C2%20CBD-D02%20BUILDING%2CINTERNATIONAL%20CITY%20%2CDUBAI%2CUAE%2C%20Ajman%2C%20UAE,,,
1520,DXB,DXB,PHARMACY,PARK BETTER LIFE PHARMACY (L.LC) (BRANCH),DHA-F-9054776,JABEL ALI,"SHOP NO.6, DUBAI REAL ESTATE CORPORATION, JABEL ALI, DUBAI, UAE",04-3511805,https://www.google.com/maps/search/?api=1&query=SHOP%20NO.6%2C%20DUBAI%20REAL%20ESTATE%20CORPORATION%2C%20JABEL%20ALI%2C%20DUBAI%2C%20UAE%2C%20Ajman%2C%20UAE,,,
1521,DXB,DXB,PHARMACY,PARADISE PLUS POLY CLINIC LLC (BRANCH) AMBULATORY PHARMACY,DHA-F-4155396,DIP 2,"PARK BAZAAR BUILDING STREET 40, DIP2 - DUBAI - UAE",04-2852454,https://www.google.com/maps/search/?api=1&query=PARK%20BAZAAR%20BUILDING%20STREET%2040%2C%20DIP2%20-%20DUBAI%20-%20UAE%2C%20Ajman%2C%20UAE,,,
1522,DXB,DXB,PHARMACY,ASTER PHARMACY 207 (BR OF ASTER PHARMACIES GROUP L.L.C),DHA-F-6874027,AL  JADAF,"SHOP NO SH-A1, LILAC RESIDENCE, AL JADAF, DUBAI",04-3968831,https://www.google.com/maps/search/?api=1&query=SHOP%20NO%20SH-A1%2C%20LILAC%20RESIDENCE%2C%20AL%20JADAF%2C%20DUBAI%2C%20Ajman%2C%20UAE,,,
1523,DXB,DXB,PHARMACY,ASTER PHARMACY 215 (BR OF ASTER PHARMACIES GROUP L.L.C),DHA-F-5280663,BUSINESS  BAY,"SHOP G-13, BAY AVENUE RETAIL, BUSINESS BAY, DUBAI",04-3968831,https://www.google.com/maps/search/?api=1&query=SHOP%20G-13%2C%20BAY%20AVENUE%20RETAIL%2C%20BUSINESS%20BAY%2C%20DUBAI%2C%20Ajman%2C%20UAE,,,
1524,DXB,DXB,PHARMACY,FIRST SHIELD PHARMACY L.L.C,DHA-F-1919984,AL TWAR FIRST,"AL TWAR FIRST,INSIDE UNION COOP FIRST FLOOR",058 560 3366,https://www.google.com/maps/search/?api=1&query=AL%20TWAR%20FIRST%2CINSIDE%20UNION%20COOP%20FIRST%20FLOOR%2C%20Ajman%2C%20UAE,,,
1525,DXB,DXB,PHARMACY,SEHA AL NOOR PHARMACY L.L.C (BRANCH),DHA-F-3954656,MUHAISNAH,"GROUND FLOOR ,HAMAD ABDUL KAREEM AL AREIF MOSQUE BUILDING ,2-1-1 , MUHAISNAH , DUBAI, UAE",04-2625223,https://www.google.com/maps/search/?api=1&query=GROUND%20FLOOR%20%2CHAMAD%20ABDUL%20KAREEM%20AL%20AREIF%20MOSQUE%20BUILDING%20%2C2-1-1%20%2C%20MUHAISNAH%20%2C%20DUBAI%2C%20UAE%2C%20Ajman%2C%20UAE,,,
1526,DXB,DXB,PHARMACY,SEHA AL NOOR PHARMACY L.L.C,DHA-F-6178242,DIP 1,"GROUND FLOOR , AIKO HYPER MARKET , DIP1, DUBAI, UAE",04-3336522,https://www.google.com/maps/search/?api=1&query=GROUND%20FLOOR%20%2C%20AIKO%20HYPER%20MARKET%20%2C%20DIP1%2C%20DUBAI%2C%20UAE%2C%20Ajman%2C%20UAE,,,
1527,DXB,DXB,PHARMACY,MOOPANS PHARMACY L.L.C,DHA-F-5476089,AL QUSAIS IND 5,"MOOPANS MALL,AL QUSAIS IND 6,DUBAI,UAE",04-3325433,https://www.google.com/maps/search/?api=1&query=MOOPANS%20MALL%2CAL%20QUSAIS%20IND%206%2CDUBAI%2CUAE%2C%20Ajman%2C%20UAE,,,
1528,DXB,DXB,PHARMACY,ICARE AL REFFA (BR OF EXCEL HEALTHCARE L.L.C),DHA-F-1150587,AL  RAFFA,"AL RAFFA C- KHALIFA JUMA SAEED AL NABBODA AL REFFA,DUBAI,UAE",04-3872555,https://www.google.com/maps/search/?api=1&query=AL%20RAFFA%20C-%20KHALIFA%20JUMA%20SAEED%20AL%20NABBODA%20AL%20REFFA%2CDUBAI%2CUAE%2C%20Ajman%2C%20UAE,,,
1529,DXB,DXB,PHARMACY,RUKN AL MAMZAR PHARMACY LLC,DHA-F-3286279,DEIRA,"WAQF AL MAMZAR MOSQUE BLDG, AL MAMZAR,DEIRA,UAE.",04-2686430,https://www.google.com/maps/search/?api=1&query=WAQF%20AL%20MAMZAR%20MOSQUE%20BLDG%2C%20AL%20MAMZAR%2CDEIRA%2CUAE.%2C%20Ajman%2C%20UAE,,,
1530,DXB,DXB,PHARMACY,SHIFA AL BAIROONI PHARMACY LLC,DHA-F-1520727,MUHAISANAH 2,"AL MALIK LABOUR CAMP BLDG, MUHAISANAH-2 (SONAPUR),DUBAI,UAE.",04-5767833,https://www.google.com/maps/search/?api=1&query=AL%20MALIK%20LABOUR%20CAMP%20BLDG%2C%20MUHAISANAH-2%20%28SONAPUR%29%2CDUBAI%2CUAE.%2C%20Ajman%2C%20UAE,,,
1531,DXB,DXB,PHARMACY,ROYAL SABA MEDICAL CLINIC PHARMACY,DHA-F-2372848,GREECE CLUSTER,"L#02, GREECE CLUSTER, INTERNATIONAL CITY, DUBAI, UAE",04-5807092,https://www.google.com/maps/search/?api=1&query=L%2302%2C%20GREECE%20CLUSTER%2C%20INTERNATIONAL%20CITY%2C%20DUBAI%2C%20UAE%2C%20Ajman%2C%20UAE,,,
1532,DXB,DXB,PHARMACY,ASTER PHARMACY 213 (BR OF ASTER PHARMACIES GROUP L.L.C),DHA-F-7378794,BUSINESS BAY,"SHOP RG16, MEERA TOWER, ALHABTOOR BOULEVARD, BUSINESS BAY, DUBAI",04-5573179,https://www.google.com/maps/search/?api=1&query=SHOP%20RG16%2C%20MEERA%20TOWER%2C%20ALHABTOOR%20BOULEVARD%2C%20BUSINESS%20BAY%2C%20DUBAI%2C%20Ajman%2C%20UAE,,,
1533,DXB,DXB,PHARMACY,ASTER PHARMACY 219 (BR OF ASTER PHARMACIES GROUP L.L.C),DHA-F-3442716,"LIV MARINA,","RETAIL -01, LIV MARINA, MARSA DUBAI, DUBAI",04-5587637,https://www.google.com/maps/search/?api=1&query=RETAIL%20-01%2C%20LIV%20MARINA%2C%20MARSA%20DUBAI%2C%20DUBAI%2C%20Ajman%2C%20UAE,,,
1534,DXB,DXB,PHARMACY,ASTER MEDICAL CENTER SILICON OASIS (BR OF DM HEALTHCARE (L L C)),DHA-F-8947076, SILICON OASIS,"FS 101,FS 101 B, SILICON GATE - 1,  SILICON OASIS, NAAD HESSA, DUBAI",04-3758428,https://www.google.com/maps/search/?api=1&query=FS%20101%2CFS%20101%20B%2C%20SILICON%20GATE%20-%201%2C%20%20SILICON%20OASIS%2C%20NAAD%20HESSA%2C%20DUBAI%2C%20Ajman%2C%20UAE,,,
1535,DXB,DXB,PHARMACY,ASTER PHARMACY 198 (BR OF ASTER PHARMACIES GROUP L.L.C),DHA-F-1849073,"AL WASL VILLAGE, AL QUSAIS","SHP-M-06, CIG NESTO MALL, AL WASL VILLAGE, AL QUSAIS INDUSTRIAL FIFTH, DUBAI",052-9035007,https://www.google.com/maps/search/?api=1&query=SHP-M-06%2C%20CIG%20NESTO%20MALL%2C%20AL%20WASL%20VILLAGE%2C%20AL%20QUSAIS%20INDUSTRIAL%20FIFTH%2C%20DUBAI%2C%20Ajman%2C%20UAE,,,
1536,DXB,DXB,PHARMACY,ASTER PHARMACY 214 (BR OF ASTER PHARMACIES GROUP L.L.C),DHA-F-4539844,AL MERKADH,"RETAIL-11, AZIZI RIVIERA 65, AL MERKADH, DUBAI",04-2354366,https://www.google.com/maps/search/?api=1&query=RETAIL-11%2C%20AZIZI%20RIVIERA%2065%2C%20AL%20MERKADH%2C%20DUBAI%2C%20Ajman%2C%20UAE,,,
1537,DXB,DXB,PHARMACY,ASTER PHARMACY 216 (BR OF ASTER PHARMACIES GROUP L.L.C),DHA-F-8524328,AL MERKADH,"RETAIL 05, SOBHA HARTLAND - THE CREST TOWER PODIUM, AL MERKADH, DUBAI",04-3759337,https://www.google.com/maps/search/?api=1&query=RETAIL%2005%2C%20SOBHA%20HARTLAND%20-%20THE%20CREST%20TOWER%20PODIUM%2C%20AL%20MERKADH%2C%20DUBAI%2C%20Ajman%2C%20UAE,,,
1538,DXB,DXB,PHARMACY,ASTER PHARMACY 218  (BR OF ASTER PHARMACIES GROUP L.L.C),DHA-F-1597494,PORT SAEED,"SHOP NO-S04, JEWEL OF THE CREEK F1F2 OFFICE BUILDING, PORT SAEED, DUBAI",052-9035007,https://www.google.com/maps/search/?api=1&query=SHOP%20NO-S04%2C%20JEWEL%20OF%20THE%20CREEK%20F1F2%20OFFICE%20BUILDING%2C%20PORT%20SAEED%2C%20DUBAI%2C%20Ajman%2C%20UAE,,,
1539,DXB,DXB,PHARMACY,24 HOUR PHARMACY CO. L.L.C,DHA-F-3930735, BUSINESS BAY,"OVAL TOWER, SHOP 2, BUSINESS BAY, DUBAI",04-3566649,https://www.google.com/maps/search/?api=1&query=OVAL%20TOWER%2C%20SHOP%202%2C%20BUSINESS%20BAY%2C%20DUBAI%2C%20Ajman%2C%20UAE,,,
1540,DXB,DXB,PHARMACY,800PHARMA1 PHARMACY CO. L.L.C,DHA-F-6339254, BUSINESS BAY,"SHOP#1,COURT TOWER BUSINESS, IRIS BAY - BUSINESS BAY - DUBAI",04-5751794,https://www.google.com/maps/search/?api=1&query=SHOP%231%2CCOURT%20TOWER%20BUSINESS%2C%20IRIS%20BAY%20-%20BUSINESS%20BAY%20-%20DUBAI%2C%20Ajman%2C%20UAE,,,
1541,DXB,DXB,PHARMACY,800PHARMA1 PHARMACY CO. L.L.C (BRANCH),DHA-F-2459518,WARQA 1,"SHOP#5, AL BAHRI BUILDING, WARQA 1, NEAR Q1 MALL",04-3805026,https://www.google.com/maps/search/?api=1&query=SHOP%235%2C%20AL%20BAHRI%20BUILDING%2C%20WARQA%201%2C%20NEAR%20Q1%20MALL%2C%20Ajman%2C%20UAE,,,
1542,DXB,DXB,PHARMACY,ADAMS PHARMACY L.L.C,DHA-F-3632768,AL WARQA,"SHOP-1, MAKEEN BUILDING, AL WARQA, DUBAI",04-2888411,https://www.google.com/maps/search/?api=1&query=SHOP-1%2C%20MAKEEN%20BUILDING%2C%20AL%20WARQA%2C%20DUBAI%2C%20Ajman%2C%20UAE,,,
1543,DXB,DXB,PHARMACY,ADAMS PHARMACY L.L.C (BRANCH),DHA-F-8861732,AL QUSAIS,"SHOP-1, 21 42ND ST, AL QUSAIS, AL TWAR FOURTH, DUBAI",04-2948086,https://www.google.com/maps/search/?api=1&query=SHOP-1%2C%2021%2042ND%20ST%2C%20AL%20QUSAIS%2C%20AL%20TWAR%20FOURTH%2C%20DUBAI%2C%20Ajman%2C%20UAE,,,
1544,DXB,DXB,PHARMACY,CAREWELL STAR PHARMACY L.L.C,DHA-F-8867570, HOR AL ANZ EAST,"SHOP 7, ZUBAIDI BUILDING, HOR AL ANZ EAST, DEIRA - DUBAI",04-3345450,https://www.google.com/maps/search/?api=1&query=SHOP%207%2C%20ZUBAIDI%20BUILDING%2C%20HOR%20AL%20ANZ%20EAST%2C%20DEIRA%20-%20DUBAI%2C%20Ajman%2C%20UAE,,,
1545,DXB,DXB,PHARMACY,JANAH PHARMACY FZ LLC,DHA-F-8804676,AL JADDAF,"SHOP-2, AL WALEED GARDEN 2, AL JADDAF, DUBAI",04-5700331,https://www.google.com/maps/search/?api=1&query=SHOP-2%2C%20AL%20WALEED%20GARDEN%202%2C%20AL%20JADDAF%2C%20DUBAI%2C%20Ajman%2C%20UAE,,,
1546,DXB,DXB,PHARMACY,MEDISHOP PHARMACY L.L.C,DHA-F-7202939,AL BARAHA,"KUWAIT BUILDING #25, AL BARAHA - NEXT TO AL FUTTAIM MASJID - NAIF - AL MURAR - DUBAI",04-2882207,https://www.google.com/maps/search/?api=1&query=KUWAIT%20BUILDING%20%2325%2C%20AL%20BARAHA%20-%20NEXT%20TO%20AL%20FUTTAIM%20MASJID%20-%20NAIF%20-%20AL%20MURAR%20-%20DUBAI%2C%20Ajman%2C%20UAE,,,
1547,DXB,DXB,PHARMACY,MEDON 24 HOUR PHARMACY CO. L.L.C,DHA-F-2421032,AL BARSHA,"SHOP#7, BINGHATTI CORNER, AL BARSHA SOUTH FOURTH",04-5752045,https://www.google.com/maps/search/?api=1&query=SHOP%237%2C%20BINGHATTI%20CORNER%2C%20AL%20BARSHA%20SOUTH%20FOURTH%2C%20Ajman%2C%20UAE,,,
1548,DXB,DXB,PHARMACY,MEDON 24 HOUR PHARMACY CO. L.L.C (Branch)- MARINA,DHA-F-8850465,"MARINA,","EMIRATES CROWN TOWER, SHOP S05, MARINA, DUBAI",04-5531366,https://www.google.com/maps/search/?api=1&query=EMIRATES%20CROWN%20TOWER%2C%20SHOP%20S05%2C%20MARINA%2C%20DUBAI%2C%20Ajman%2C%20UAE,,,
1549,DXB,DXB,PHARMACY,MEDON 24 HOUR PHARMACY CO. L.L.C (Branch)- AL BARSHA,DHA-F-2063145,AL BARSHA ,"AL FALASI BUILDING, RETAIL SHOP 1, AL BARSHA FIRST, DUBAI",04-2524706,https://www.google.com/maps/search/?api=1&query=AL%20FALASI%20BUILDING%2C%20RETAIL%20SHOP%201%2C%20AL%20BARSHA%20FIRST%2C%20DUBAI%2C%20Ajman%2C%20UAE,,,
1550,DXB,DXB,PHARMACY,HEALTH FIRST PHARMACY 65 (Br. OF HEALTH FIRST INVESTMENT L.L.C),DHA-F-8979413, JADAF,"SHOP NO.03, MADEIRA BUILDING, AL JADAF, DUBAI, U.A.E",04-2829347,https://www.google.com/maps/search/?api=1&query=SHOP%20NO.03%2C%20MADEIRA%20BUILDING%2C%20AL%20JADAF%2C%20DUBAI%2C%20U.A.E%2C%20Ajman%2C%20UAE,,,
1551,DXB,DXB,PHARMACY,AL NOOR VILLAGE PHARMACY L.L.C,DHA-F-8129129, MUHAISNAH 4 ,SHOP NO 21-MUHAISANAH FOURTH - MUHAISNAH 4 - DUBAI,04-3246295,https://www.google.com/maps/search/?api=1&query=SHOP%20NO%2021-MUHAISANAH%20FOURTH%20-%20MUHAISNAH%204%20-%20DUBAI%2C%20Ajman%2C%20UAE,,,
1552,DXB,DXB,PHARMACY,MERCURY PLUS PHARMACY LLC,DHA-F-1192157,INDUSTRIAL AREA 1,"INDUSTRIAL AREA 1, OPP JABAL ALI MALL JABAL ALI, DUBAI, UAE",04-2992294,https://www.google.com/maps/search/?api=1&query=INDUSTRIAL%20AREA%201%2C%20OPP%20JABAL%20ALI%20MALL%20JABAL%20ALI%2C%20DUBAI%2C%20UAE%2C%20Ajman%2C%20UAE,,,
1553,DXB,DXB,CLINIC,MEDHUB MEDICAL CENTER L.L.C (BRANCH),DHA-F-7181639,INDUSTRIAL AREA 1,"ABDUL AZIZ MOHMMED IBRAHIM OBAIDULLA BUILDING, GROUND FLOOR,OPPOSITE AL KABAYEL, JEBEL ALI, INDUSTRIAL AREA 1, DUBAI",054-7336363,https://www.google.com/maps/search/?api=1&query=ABDUL%20AZIZ%20MOHMMED%20IBRAHIM%20OBAIDULLA%20BUILDING%2C%20GROUND%20FLOOR%2COPPOSITE%20AL%20KABAYEL%2C%20JEBEL%20ALI%2C%20INDUSTRIAL%20AREA%201%2C%20DUBAI%2C%20Ajman%2C%20UAE,,,
1554,DXB,DXB,PHARMACY,MEDHUB PHARMACY L.L.C  (BRANCH),DHA-F-0183515,INDUSTRIAL AREA 1,"ABDUL AZIZ MOHMMED IBRAHIM OBAIDULLA BUILDING, GROUND FLOOR,OPPOSITE AL KABAYEL, JEBEL ALI, INDUSTRIAL AREA 1, DUBAI",054-7336363,https://www.google.com/maps/search/?api=1&query=ABDUL%20AZIZ%20MOHMMED%20IBRAHIM%20OBAIDULLA%20BUILDING%2C%20GROUND%20FLOOR%2COPPOSITE%20AL%20KABAYEL%2C%20JEBEL%20ALI%2C%20INDUSTRIAL%20AREA%201%2C%20DUBAI%2C%20Ajman%2C%20UAE,,,
1555,DXB,DXB,PHARMACY,AL JAZEERA PHARMACY,DHA-F-0045852,AL SABKHA,"NEAR DEIRA POST OFFICE , SABKHA,DUBAI,UAE",04-2232057,https://www.google.com/maps/search/?api=1&query=NEAR%20DEIRA%20POST%20OFFICE%20%2C%20SABKHA%2CDUBAI%2CUAE%2C%20Ajman%2C%20UAE,,,
1556,DXB,DXB,PHARMACY,MEDICOM PHARMACY 15,DHA-F-0047125,AL RIGGA STREET,"AL RIGGA STREET,DUBAI,UAE",04-2297670,https://www.google.com/maps/search/?api=1&query=AL%20RIGGA%20STREET%2CDUBAI%2CUAE%2C%20Ajman%2C%20UAE,,,
1557,DXB,DXB,PHARMACY,MEDICOM PHARMACY 16,DHA-F-0047092,AL SABKHA,"AL SABKHA ,DUBAI,UAE",04-2263614,https://www.google.com/maps/search/?api=1&query=AL%20SABKHA%20%2CDUBAI%2CUAE%2C%20Ajman%2C%20UAE,,,
1558,DXB,DXB,PHARMACY,MEDICOM PHARMACY 34 LLC,DHA-F-0002256,AL QUSAIS,"NEAR AL NAHDA METRO STATION, AL QUSAIS,DUBAI,UAE",04-2544001,https://www.google.com/maps/search/?api=1&query=NEAR%20AL%20NAHDA%20METRO%20STATION%2C%20AL%20QUSAIS%2CDUBAI%2CUAE%2C%20Ajman%2C%20UAE,,,
1559,DXB,DXB,PHARMACY,MEDICOM PHARMACY 35 LLC,DHA-F-7237008, DEIRA,"BANIYAS SQUARE, DEIRA,DUBAI,UAE",04-3455920,https://www.google.com/maps/search/?api=1&query=BANIYAS%20SQUARE%2C%20DEIRA%2CDUBAI%2CUAE%2C%20Ajman%2C%20UAE,,,
1560,DXB,DXB,PHARMACY,AL ADHAL PHARMACY 1 (LLC),DHA-F-0048038, DEIRA,"NASSER SQUARE,DEIRA,DUBAI,UAE",04-2283357,https://www.google.com/maps/search/?api=1&query=NASSER%20SQUARE%2CDEIRA%2CDUBAI%2CUAE%2C%20Ajman%2C%20UAE,,,
1561,DXB,DXB,PHARMACY,AL SHOHOB PHARMACY (LLC),DHA-F-0045772, DEIRA,"BEHIND GOLD LAND, DEIRA ,DUBAI,UAE",04-2255556,https://www.google.com/maps/search/?api=1&query=BEHIND%20GOLD%20LAND%2C%20DEIRA%C2%A0%2CDUBAI%2CUAE%2C%20Ajman%2C%20UAE,,,
1562,DXB,DXB,PHARMACY,GHAZAL JUMAIRAH PHARMACY (LLC),DHA-F-0045867,"AL SATWA,","OPP. AL SATWA BIG MOSQUE, AL SATWA,DUBAI,UAE",04-3494882,https://www.google.com/maps/search/?api=1&query=OPP.%20AL%20SATWA%20BIG%20MOSQUE%2C%20AL%20SATWA%2CDUBAI%2CUAE%2C%20Ajman%2C%20UAE,,,
1563,DXB,DXB,PHARMACY,MEDICOM PHARMACY 33 (LLC),DHA-F-0000865,FRIJ MURAR,"FRIJ MURAR,DEIRA,DUBAI,UAE",04-2733237,https://www.google.com/maps/search/?api=1&query=FRIJ%20MURAR%2CDEIRA%2CDUBAI%2CUAE%2C%20Ajman%2C%20UAE,,,
1564,DXB,DXB,PHARMACY,MEDICOM PHARMACY 38 BRANCH,DHA-F-9299122 ,MIRDIF ,"MIRDIF AVENUE MALL,DUBAI,UAE",04-5684238,https://www.google.com/maps/search/?api=1&query=MIRDIF%20AVENUE%20MALL%2CDUBAI%2CUAE%2C%20Ajman%2C%20UAE,,,
1565,DXB,DXB,PHARMACY,MEDICOM PHARMACY 38 LLC,DHA-F-0048018,BEIRUT ST,"BEIRUT ST., AL QUSAIS INDUSTRIAL AREA-5,DUBAI,UAE",04-2293561,https://www.google.com/maps/search/?api=1&query=BEIRUT%20ST.%2C%20AL%20QUSAIS%20INDUSTRIAL%20AREA-5%2CDUBAI%2CUAE%2C%20Ajman%2C%20UAE,,,
1566,DXB,DXB,PHARMACY,RELIEF PHARMACY (L.L.C),DHA-F-0045885,NAIF ROAD,"NAIF ROAD,DEIRA,DUBAI,UAE",04-2285462,https://www.google.com/maps/search/?api=1&query=NAIF%20ROAD%2CDEIRA%2CDUBAI%2CUAE%2C%20Ajman%2C%20UAE,,,
1567,DXB,DXB,PHARMACY,GARDENS MEDICAL CENTRE PHARMACY (BR OF DM HEALTHCARE L.L.C),DHA-F-2126780, DISCOVERY GARDEN,"SHOP 4,6,9, ZEN 9, DISCOVERY GARDEN, JABEL ALI FIRST, DUBAI",052-9035007,https://www.google.com/maps/search/?api=1&query=SHOP%204%2C6%2C9%2C%20ZEN%209%2C%20DISCOVERY%20GARDEN%2C%20JABEL%20ALI%20FIRST%2C%20DUBAI%2C%20Ajman%2C%20UAE,,,
1568,DXB,DXB,PHARMACY,MEDCARE MEDICAL CENTER JVC (BR OF MEDCARE HOSPITAL) - AMBULATORY PHARMACY,DHA-F-0839753, JUMERIAH VILLAGE CIRCLE,"JV-TCM-RT-1061, THE CIRCLE MALL, JUMERIAH VILLAGE CIRCLE, AL BARSHA SOUTH FOURTH, DUBAI",052-9035007,https://www.google.com/maps/search/?api=1&query=JV-TCM-RT-1061%2C%20THE%20CIRCLE%20MALL%2C%20JUMERIAH%20VILLAGE%20CIRCLE%2C%20AL%20BARSHA%20SOUTH%20FOURTH%2C%20DUBAI%2C%20Ajman%2C%20UAE,,,
1569,DXB,DXB,PHARMACY,ASTER PHARMACY 217 (BR OF ASTER PHARMACIES GROUP L.L.C),DHA-F-8282163,UMM SUQEIM FIRST,"SHOP NO -5, AHMAD ALI, UMM SUQEIM FIRST, DUBAI",052-9035007,https://www.google.com/maps/search/?api=1&query=SHOP%20NO%20-5%2C%20AHMAD%20ALI%2C%20UMM%20SUQEIM%20FIRST%2C%20DUBAI%2C%20Ajman%2C%20UAE,,,
1570,DXB,DXB,PHARMACY,ZEST PHARMACY 13 (BR OF ZEST WELLNESS PHARMACY L.L.C),DHA-F-1196250,MOTOR CITY,"RETAIL -05, WAITROSE SHOPPING CENTRE, MOTOR CITY, AL HEBIAH FIRST, DUBAI",04-5479218,https://www.google.com/maps/search/?api=1&query=RETAIL%20-05%2C%20WAITROSE%20SHOPPING%20CENTRE%2C%20MOTOR%20CITY%2C%20AL%20HEBIAH%20FIRST%2C%20DUBAI%2C%20Ajman%2C%20UAE,,,
1571,DXB,DXB,PHARMACY,BIN SINA EMIRATES PHARMACY (L.L.C),DHA-F-0046980,MALL OF THE EMIRATE,"AL BARSHA RD, MALL OF THE EMIRATES - DUBAI",04-341 0345,https://www.google.com/maps/search/?api=1&query=AL%20BARSHA%20RD%2C%20MALL%20OF%20THE%20EMIRATES%20-%20DUBAI%2C%20Ajman%2C%20UAE,,,
1572,DXB,DXB,PHARMACY,IBN SINA 100 PHARMACY (BR OF IBN SINA GROUP PHARMACIES (L.L.C)),DHA-F-3247886,AL QUDRA RD," TOWN SQUARE, BUILDING # 2 - JENNA APARTMENTS - AL QUDRA RD - DUBAI",04-3202302,https://www.google.com/maps/search/?api=1&query=TOWN%20SQUARE%2C%20BUILDING%20%23%202%20-%20JENNA%20APARTMENTS%20-%20AL%20QUDRA%20RD%20-%20DUBAI%2C%20Ajman%2C%20UAE,,,
1573,DXB,DXB,PHARMACY,IBN SINA 21 PHARMACY (BR OF IBN SINA GROUP PHARMACIES),DHA-F-0047398,DUBAI FESTIVAL CITY,MARKS & SPENCER GATE - DUBAI FESTIVAL CITY - DUBAI,04-283 9686,https://www.google.com/maps/search/?api=1&query=MARKS%20%26%20SPENCER%20GATE%20-%20DUBAI%20FESTIVAL%20CITY%20-%20DUBAI%2C%20Ajman%2C%20UAE,,,
1574,DXB,DXB,PHARMACY,IBN SINA 29 PHARMACY (BR OF IBN SINA GROUP PHARMACIES),DHA-F-0047549,DUBAI MALL,STAR ATRIUM LOWER GROUND FLOOR - DUBAI MALL,04-339 8918,https://www.google.com/maps/search/?api=1&query=STAR%20ATRIUM%20LOWER%20GROUND%20FLOOR%20-%20DUBAI%20MALL%2C%20Ajman%2C%20UAE,,,
1575,DXB,DXB,PHARMACY,IBN SINA 30 PHARMACY(BR OF IBN SINA GROUP PHARMACIES),DHA-F-0047604, UMM HURAIR 2,68XC+H2H - UMM HURAIR 2 - DUBAI,04-258 1397,https://www.google.com/maps/search/?api=1&query=68XC%2BH2H%20-%20UMM%20HURAIR%202%20-%20DUBAI%2C%20Ajman%2C%20UAE,,,
1576,DXB,DXB,PHARMACY,IBN SINA 31 PHARMACY (BR OF IBN SINA GROUP PHARMACIES (L.L.C)),DHA-F-0047631,NAD AL SHEBA 1,MEYDAN ONE - NAD AL SHEBA 1 - DUBAI,04-886 5406,https://www.google.com/maps/search/?api=1&query=MEYDAN%20ONE%20-%20NAD%20AL%20SHEBA%201%20-%20DUBAI%2C%20Ajman%2C%20UAE,,,
1577,DXB,DXB,PHARMACY,IBN SINA 34 PHARMACY(BR OF IBN SINA GROUP PHARMACIES L.L.C),DHA-F-0047836,AL ASAYEL ST,AL ASAYEL ST - JEBEL ALI VILLAGE - DUBAI,04-575 1686,https://www.google.com/maps/search/?api=1&query=AL%20ASAYEL%20ST%20-%20JEBEL%20ALI%20VILLAGE%20-%20DUBAI%2C%20Ajman%2C%20UAE,,,
1578,DXB,DXB,PHARMACY,IBN SINA 36 PHARMACY (BR OF IBN SINA GROUP PHARMACIES (L.L.C)),DHA-F-5768649,AL WASL STREET,"AL WASL STREET, WASL 51, JUMEIRA 1 SHOP NO. 1 - DUBAI",04-385 4224,https://www.google.com/maps/search/?api=1&query=AL%20WASL%20STREET%2C%20WASL%2051%2C%20JUMEIRA%201%20SHOP%20NO.%201%20-%20DUBAI%2C%20Ajman%2C%20UAE,,,
1579,DXB,DXB,PHARMACY,IBN SINA 38 PHARMACY(BR IBN SINA),DHA-F-0047843,MIRDIF,"NORTH EAST ENTRANCE, CITY CENTRE - GROUND FLOOR - NEXT TO CENTERPOINT - MIRDIF - DUBAI",04-392 3570,https://www.google.com/maps/search/?api=1&query=NORTH%20EAST%20ENTRANCE%2C%20CITY%20CENTRE%20-%20GROUND%20FLOOR%20-%20NEXT%20TO%20CENTERPOINT%20-%20MIRDIF%20-%20DUBAI%2C%20Ajman%2C%20UAE,,,
1580,DXB,DXB,PHARMACY,IBN SINA 39 PHARMACY (BR OF IBN SINA GROUP PHARMACIES (L.L.C)),DHA-F-9504724,AL KARAMA,2 8A ST - AL KARAMA - DUBAI,04-832 7246,https://www.google.com/maps/search/?api=1&query=2%208A%20ST%20-%20AL%20KARAMA%20-%20DUBAI%2C%20Ajman%2C%20UAE,,,
1581,DXB,DXB,PHARMACY,IBN SINA 40 PHARMACY (BR OF IBN SINA GROUP PHARMACIES (L.L.C)),DHA-F-0000316,DOWNTOWN DUBAI,"SECOND FLOOR, DUBAI MALL - FINANCIAL CENTER RD - DOWNTOWN DUBAI - DUBAI",04-325 3410,https://www.google.com/maps/search/?api=1&query=SECOND%20FLOOR%2C%20DUBAI%20MALL%20-%20FINANCIAL%20CENTER%20RD%20-%20DOWNTOWN%20DUBAI%20-%20DUBAI%2C%20Ajman%2C%20UAE,,,
1582,DXB,DXB,PHARMACY,IBN SINA 41 PHARMACY (BR OF IBN SINA GROUP PHARMACIES (L.L.C)),DHA-F-8708378,NAD AL SHEBA 1,MEYDAN HEIGHTS - NAD AL SHEBA - NAD AL SHEBA 1 - DUBAI,04-3271417,https://www.google.com/maps/search/?api=1&query=MEYDAN%20HEIGHTS%20-%20NAD%20AL%20SHEBA%20-%20NAD%20AL%20SHEBA%201%20-%20DUBAI%2C%20Ajman%2C%20UAE,,,
1583,DXB,DXB,PHARMACY,IBN SINA 43 PHARMACY (BR OF IBN SINA GROUP PHARMACIES (L.L.C)),DHA-F-0000492,AL SHAIE BUILDING ,"AL SHAIE BUILDING , NEXT TO STARBUCKS,DUBAII,UAE",04-395 0305,https://www.google.com/maps/search/?api=1&query=AL%20SHAIE%20BUILDING%20%2C%20NEXT%20TO%20STARBUCKS%2CDUBAII%2CUAE%2C%20Ajman%2C%20UAE,,,
1584,DXB,DXB,PHARMACY,IBN SINA 44 PHARMACY (BR OF IBN SINA GROUP PHARMACIES (L.L.C)),DHA-F-0000531,JUMEIRAH TOWER,"JUMEIRAH TOWER, 95 - 336 SHEIKH ZAYED RD - ZA'ABEEL - TRADE CENTRE 2 - DUBAI",04-351 3249,https://www.google.com/maps/search/?api=1&query=JUMEIRAH%20TOWER%2C%2095%20-%20336%20SHEIKH%20ZAYED%20RD%20-%20ZA%27ABEEL%20-%20TRADE%20CENTRE%202%20-%20DUBAI%2C%20Ajman%2C%20UAE,,,
1585,DXB,DXB,PHARMACY,IBN SINA 45 PHARMACY (BR OF IBN SINA GROUP PHARMACIES (L.L.C)),DHA-F-8677359,DUBAI NAKHEEL MALL,"CENTER OF PALM - AL HILALI - DUBAI NAKHEEL MALL, PALM - JUMEIRAH - DUBAI",04-568 6691,https://www.google.com/maps/search/?api=1&query=CENTER%20OF%20PALM%20-%20AL%20HILALI%20-%20DUBAI%20NAKHEEL%20MALL%2C%20PALM%20-%20JUMEIRAH%20-%20DUBAI%2C%20Ajman%2C%20UAE,,,
1586,DXB,DXB,PHARMACY,IBN SINA 46 PHARMACY (BR OF IBN SINA GROUP PHARMACIES (L.L.C)),DHA-F-0347310,OUD METHA,10TH ST - OUD METHA - DUBAI,04-3572684,https://www.google.com/maps/search/?api=1&query=10TH%20ST%20-%20OUD%20METHA%20-%20DUBAI%2C%20Ajman%2C%20UAE,,,
1587,DXB,DXB,PHARMACY,IBN SINA 50 PHARMACY (BR OF IBN SINA GROUP PHARMACIES (L.L.C.)),DHA-F-9407090,ZA'ABEEL 2,FINANCIAL CENTER RD - ZA'ABEEL - ZA'ABEEL 2 - DUBAI,04-229 0991,https://www.google.com/maps/search/?api=1&query=FINANCIAL%20CENTER%20RD%20-%20ZA%27ABEEL%20-%20ZA%27ABEEL%202%20-%20DUBAI%2C%20Ajman%2C%20UAE,,,
1588,DXB,DXB,PHARMACY,IBN SINA 51 PHARMACY (BR OF IBN SINA GROUP PHARMACIES (L.L.C)),DHA-F-0000997,DISCOVERY GARDENS,THE PAVILION - STREET 7 - JEBEL ALI VILLAGE - DISCOVERY GARDENS - DUBAI,04-551 6175,https://www.google.com/maps/search/?api=1&query=THE%20PAVILION%20-%20STREET%207%20-%20JEBEL%20ALI%20VILLAGE%20-%20DISCOVERY%20GARDENS%20-%20DUBAI%2C%20Ajman%2C%20UAE,,,
1589,DXB,DXB,PHARMACY,IBN SINA 52 PHARMACY (BR OF IBN SINA GROUP PHARMACIES (L.L.C)),DHA-F-0001002,AL WOROOD 1 ST,AL WOROOD 1 ST - JUMEIRAH PARK - DUBAI,04-425 0584,https://www.google.com/maps/search/?api=1&query=AL%20WOROOD%201%20ST%20-%20JUMEIRAH%20PARK%20-%20DUBAI%2C%20Ajman%2C%20UAE,,,
1590,DXB,DXB,PHARMACY,IBN SINA 54 PHARMACY (BR OF IBN SINA GROUP PHARMACIES (L.L.C)),DHA-F-0001005,SHEIKH ZAYED RD,FIRST FLOOR - SHEIKH ZAYED RD - EMIRATES TOWERS - TRADE CENTRE 2 - DUBAI,04-352 3073,https://www.google.com/maps/search/?api=1&query=FIRST%20FLOOR%20-%20SHEIKH%20ZAYED%20RD%20-%20EMIRATES%20TOWERS%20-%20TRADE%20CENTRE%202%20-%20DUBAI%2C%20Ajman%2C%20UAE,,,
1591,DXB,DXB,PHARMACY,IBN SINA 55 PHARMACY (BR OF IBN SINA GROUP PHARMACIES (L.L.C)),DHA-F-0001142,I-RISE TOWER,"I-RISE TOWER, GROUND FLOOR SHOP #02,DUBAI,UAE",04-552 1384,https://www.google.com/maps/search/?api=1&query=I-RISE%20TOWER%2C%20GROUND%20FLOOR%20SHOP%20%2302%2CDUBAI%2CUAE%2C%20Ajman%2C%20UAE,,,
1592,DXB,DXB,PHARMACY,IBN SINA 56 PHARMACY (BR OF IBN SINA GROUP PHARMACIES (L.L.C)),DHA-F-2357721,ARABIAN RANCHES 2,ARABIAN RANCHES 2 - DUBAI,04-8105952,https://www.google.com/maps/search/?api=1&query=ARABIAN%20RANCHES%202%20-%20DUBAI%2C%20Ajman%2C%20UAE,,,
1593,DXB,DXB,PHARMACY,IBN SINA 57 PHARMACY (BR OF IBN SINA GROUP PHARMACIES (L.L.C.)),DHA-F-3019118,BAY SQUARE,"BAY SQUARE,DUBAI,UAE",04-348 2918,https://www.google.com/maps/search/?api=1&query=BAY%20SQUARE%2CDUBAI%2CUAE%2C%20Ajman%2C%20UAE,,,
1594,DXB,DXB,PHARMACY,IBN SINA 58 PHARMACY (BR OF IBN SINA GROUP PHARMACIES (L.L.C)),DHA-F-0001307,DOWNTOWN DUBAI,EMAAR SQUARE - DOWNTOWN DUBAI - DUBAI,04-458 4338,https://www.google.com/maps/search/?api=1&query=EMAAR%20SQUARE%20-%20DOWNTOWN%20DUBAI%20-%20DUBAI%2C%20Ajman%2C%20UAE,,,
1595,DXB,DXB,PHARMACY,IBN SINA 59 PHARMACY (BR OF IBN SINA GROUP PHARMACIES (L.L.C.)),DHA-F-1607228,THE PALM JUMEIRAH,SHORELINE 9 - THE PALM JUMEIRAH - DUBAI,04-228 5503,https://www.google.com/maps/search/?api=1&query=SHORELINE%209%20-%20THE%20PALM%20JUMEIRAH%20-%20DUBAI%2C%20Ajman%2C%20UAE,,,
1596,DXB,DXB,PHARMACY,IBN SINA 60 PHARMACY (BR OF IBN SINA GROUP PHARMACIES (L.L.C)),DHA-F-0001308,ARABIAN RANCHES 2,RANCHES SOUK G1 - ARABIAN RANCHES 2 - DUBAI,04-4293156,https://www.google.com/maps/search/?api=1&query=RANCHES%20SOUK%20G1%20-%20ARABIAN%20RANCHES%202%20-%20DUBAI%2C%20Ajman%2C%20UAE,,,
1597,DXB,DXB,PHARMACY,IBN SINA 61 PHARMACY (BR OF IBN SINA GROUP PHARMACIES (L.L.C)),DHA-F-0001333,UMM SUQEIM 2,UNION COOP - 1212 AL WASL RD - UMM SUQEIM - UMM SUQEIM 2 - DUBAI,04-3465104,https://www.google.com/maps/search/?api=1&query=UNION%20COOP%20-%201212%20AL%20WASL%20RD%20-%20UMM%20SUQEIM%20-%20UMM%20SUQEIM%202%20-%20DUBAI%2C%20Ajman%2C%20UAE,,,
1598,DXB,DXB,PHARMACY,IBN SINA 62 PHARMACY (BR OF IBN SINA GROUP PHARMACIES (L.L.C)),DHA-F-0001544,MUDON,"AL QUDRA ROAD ,MUDON COMMUNITY(MUDON VILLAS)",04-514 8927,https://www.google.com/maps/search/?api=1&query=AL%20QUDRA%20ROAD%20%2CMUDON%20COMMUNITY%28MUDON%20VILLAS%29%2C%20Ajman%2C%20UAE,,,
1599,DXB,DXB,PHARMACY,IBN SINA 63 PHARMACY (BR OF IBN SINA GROUP PHARMACIES (L.L.C)),DHA-F-0001824,BN BATTUTA MALL,SHEIKH ZAYED RD IBN BATTUTA MALL - DUBAI,04-4233895,https://www.google.com/maps/search/?api=1&query=SHEIKH%20ZAYED%20RD%20IBN%20BATTUTA%20MALL%20-%20DUBAI%2C%20Ajman%2C%20UAE,,,
1600,DXB,DXB,PHARMACY,IBN SINA 64 PHARMACY (BR OF IBN SINA GROUP PHARMACIES (L.L.C)),DHA-F-3614239,AL BARSHA 2, 36X2+P5C GALLERIA MALL - 37 23RD ST - AL BARSHA - AL BARSHA 2 - DUBAI,04-320 5132,https://www.google.com/maps/search/?api=1&query=36X2%2BP5C%20GALLERIA%20MALL%20-%2037%2023RD%20ST%20-%20AL%20BARSHA%20-%20AL%20BARSHA%202%20-%20DUBAI%2C%20Ajman%2C%20UAE,,,
1601,DXB,DXB,PHARMACY,IBN SINA 65 PHARMACY (BR OF IBN SINA GROUP PHARMACIES (L.L.C)),DHA-F-9121098,AL YUFRAH 1,EMAAR DEVELOPMENT PJSC - RET-10 915 AL YUFRAH 1 - DUBAI,04-8105952,https://www.google.com/maps/search/?api=1&query=EMAAR%20DEVELOPMENT%20PJSC%20-%20RET-10%20915%20AL%20YUFRAH%201%20-%20DUBAI%2C%20Ajman%2C%20UAE,,,
1602,DXB,DXB,PHARMACY,IBN SINA 67 PHARMACY (BR OF IBN SINA GROUP PHARMACIES (L.L.C)),DHA-F-6029895,AL KHAIL RD,AL KHAIL RD - DUBAI,04-320 0253,https://www.google.com/maps/search/?api=1&query=AL%20KHAIL%20RD%20-%20DUBAI%2C%20Ajman%2C%20UAE,,,
1603,DXB,DXB,PHARMACY,IBN SINA 68 PHARMACY (BR OF IBN SINA GROUP PHARMACIES (L.L.C)),DHA-F-3554533,JUMEIRAH 3,777 CENTER MALL - AL WASL RD - JUMEIRAH - JUMEIRAH 3 - DUBAI,04-887 0244,https://www.google.com/maps/search/?api=1&query=777%20CENTER%20MALL%20-%20AL%20WASL%20RD%20-%20JUMEIRAH%20-%20JUMEIRAH%203%20-%20DUBAI%2C%20Ajman%2C%20UAE,,,
1604,DXB,DXB,PHARMACY,IBN SINA 69 PHARMACY (BR OF IBN SINA GROUP PHARMACIES (L.L.C.)),DHA-F-0186755,NAD AL SHEBA 1,58H5+F9Q - MOHAMMED BIN RASHID AL MAKTOUM CITY - NAD AL SHEBA 1 - DUBAI,04-326 0617,https://www.google.com/maps/search/?api=1&query=58H5%2BF9Q%20-%20MOHAMMED%20BIN%20RASHID%20AL%20MAKTOUM%20CITY%20-%20NAD%20AL%20SHEBA%201%20-%20DUBAI%2C%20Ajman%2C%20UAE,,,
1605,DXB,DXB,PHARMACY,IBN SINA 71 PHARMACY (BR OF IBN SINA GROUP PHARMACIES (L.L.C)),DHA-F-0002286,AL JADDAF ,OUD METHA RD - AL JADDAF - DUBAI,04-2346025,https://www.google.com/maps/search/?api=1&query=OUD%20METHA%20RD%20-%20AL%20JADDAF%20-%20DUBAI%2C%20Ajman%2C%20UAE,,,
1606,DXB,DXB,PHARMACY,IBN SINA 72 PHARMACY (BR OF IBN SINA GROUP PHARMACIES (L.L.C)),DHA-F-8096058 ,THE GREENS,"THE GREENS - DUBAI,UAE",04-4242065,https://www.google.com/maps/search/?api=1&query=THE%20GREENS%20-%20DUBAI%2CUAE%2C%20Ajman%2C%20UAE,,,
1607,DXB,DXB,PHARMACY,IBN SINA 73 PHARMACY (BR OF IBN SINA GROUP PHARMACIES (L.L.C)),DHA-F-0002057,THE WESTERN GATE,"GROUND FLOOR , IN FRONT OF  CARREFOUR,  TO WARD THE WESTERN GATE,DUBAI,UAE",04-2424028,https://www.google.com/maps/search/?api=1&query=GROUND%20FLOOR%20%2C%C2%A0IN%20FRONT%20OF%20%C2%A0CARREFOUR%2C%C2%A0%20TO%20WARD%20THE%20WESTERN%20GATE%2CDUBAI%2CUAE%2C%20Ajman%2C%20UAE,,,
1608,DXB,DXB,PHARMACY,IBN SINA 74 PHARMACY (BR OF IBN SINA GROUP PHARMACIES (L.L.C)),DHA-F-0002273,AL MIZHAR 1,220 RD WEST ZONE MALL - AL MIZHAR 1 - DUBAI,04-2245307,https://www.google.com/maps/search/?api=1&query=220%20RD%20WEST%20ZONE%20MALL%20-%20AL%20MIZHAR%201%20-%20DUBAI%2C%20Ajman%2C%20UAE,,,
1609,DXB,DXB,PHARMACY,IBN SINA 75 PHARMACY (BR OF IBN SINA GROUP PHARMACIES (L.L.C)),DHA-F-4479765 ,MIRDIF,MIRDIF AVENUE MALL - MIRDIF - DUBAI,04-2204386,https://www.google.com/maps/search/?api=1&query=MIRDIF%20AVENUE%20MALL%20-%20MIRDIF%20-%20DUBAI%2C%20Ajman%2C%20UAE,,,
1610,DXB,DXB,PHARMACY,IBN SINA 76 PHARMACY (BR OF IBN SINA GROUP PHARMACIES (L.L.C)),DHA-F-5613475,JUMEIRAH 1,PORT DE LAMER - JUMEIRAH 1 - DUBAI,04-280434,https://www.google.com/maps/search/?api=1&query=PORT%20DE%20LAMER%20-%20JUMEIRAH%201%20-%20DUBAI%2C%20Ajman%2C%20UAE,,,
1611,DXB,DXB,PHARMACY,IBN SINA 77 PHARMACY (BR OF IBN SINA GROUP PHARMACIES (L.L.C)),DHA-F-0400695,THE PALM JUMEIRAH,BEACH VISTA EMAAR BEACH FRONT - THE PALM JUMEIRAH - DUBAI MARINA - DUBAI,04-2322043,https://www.google.com/maps/search/?api=1&query=BEACH%20VISTA%20EMAAR%20BEACH%20FRONT%20-%20THE%20PALM%20JUMEIRAH%20-%20DUBAI%20MARINA%20-%20DUBAI%2C%20Ajman%2C%20UAE,,,
1612,DXB,DXB,PHARMACY,IBN SINA 78 PHARMACY (BR OF IBN SINA GROUP PHARMACIES (L.L.C)),DHA-F-0002388,AL AFNAN ST,SPRING VILLAGE MALL - AL AFNAN ST - SPRINGS 7 - DUBAI,04-4252745,https://www.google.com/maps/search/?api=1&query=SPRING%20VILLAGE%20MALL%20-%20AL%20AFNAN%20ST%20-%20SPRINGS%207%20-%20DUBAI%2C%20Ajman%2C%20UAE,,,
1613,DXB,DXB,PHARMACY,IBN SINA 79 PHARMACY (BR OF IBN SINA GROUP PHARMACIES (L.L.C)),DHA-F-0002519, MINA JEBEL ALI,THE OUTLET VILLAGE BY MERAAS - MINA JEBEL ALI - AE-AZ,04-8860840,https://www.google.com/maps/search/?api=1&query=THE%20OUTLET%20VILLAGE%20BY%20MERAAS%20-%20MINA%20JEBEL%20ALI%20-%20AE-AZ%2C%20Ajman%2C%20UAE,,,
1614,DXB,DXB,PHARMACY,IBN SINA 80 PHARMACY (BR OF IBN SINA GROUP PHARMACIES (L.L.C)),DHA-F-0002550,ALKHAYAY ST,"ALKHAYAY ST, DUBAI MARINA MARINA GATE 1 - DUBAI",04-5897405,https://www.google.com/maps/search/?api=1&query=ALKHAYAY%20ST%2C%20DUBAI%20MARINA%20MARINA%20GATE%201%20-%20DUBAI%2C%20Ajman%2C%20UAE,,,
1615,DXB,DXB,PHARMACY,IBN SINA 81 PHARMACY (BR OF IBN SINA GROUP PHARMACIES (L.L.C.)),DHA-F-9110111, AL BARSHA 2,36X2+P5C GALLERIA MALL - 37 23RD ST - AL BARSHA - AL BARSHA 2 - DUBAI,04-2516355,https://www.google.com/maps/search/?api=1&query=36X2%2BP5C%20GALLERIA%20MALL%20-%2037%2023RD%20ST%20-%20AL%20BARSHA%20-%20AL%20BARSHA%202%20-%20DUBAI%2C%20Ajman%2C%20UAE,,,
1616,DXB,DXB,PHARMACY,IBN SINA 82 PHARMACY (BR OF IBN SINA GROUP PHARMACIES (L.L.C)),DHA-F-9872892,MOTOR CITY ,UNION COOP - MOTOR CITY - DUBAI,04-5299155,https://www.google.com/maps/search/?api=1&query=UNION%20COOP%20-%20MOTOR%20CITY%20-%20DUBAI%2C%20Ajman%2C%20UAE,,,
1617,DXB,DXB,PHARMACY,IBN SINA 83 PHARMACY (BR OF IBN SINA GROUP PHARMACIES (L.L.C)),DHA-F-0002124,JUMEIRAH,"EAST - CRESCENT ROAD SOFITEL HOTEL, PALM - JUMEIRAH - DUBAI",04-2445750,https://www.google.com/maps/search/?api=1&query=EAST%20-%20CRESCENT%20ROAD%20SOFITEL%20HOTEL%2C%20PALM%20-%20JUMEIRAH%20-%20DUBAI%2C%20Ajman%2C%20UAE,,,
1618,DXB,DXB,PHARMACY,IBN SINA 85 PHARMACY (BR OF IBN SINA GROUP PHARMACIES (L.L.C)),DHA-F-0763986,SHEIKH MOHAMMED BIN ZAYED ROAD,"SEVENTH HEAVEN, AL BARARI FIRM MANAGEMENT, SHEIKH MOHAMMED BIN ZAYED ROAD, E311 OPPOSITE TO GLOBAL VILLAGE - DUBAI",04-3854225,https://www.google.com/maps/search/?api=1&query=SEVENTH%20HEAVEN%2C%20AL%20BARARI%20FIRM%20MANAGEMENT%2C%20SHEIKH%20MOHAMMED%20BIN%20ZAYED%20ROAD%2C%20E311%20OPPOSITE%20TO%20GLOBAL%20VILLAGE%20-%20DUBAI%2C%20Ajman%2C%20UAE,,,
1619,DXB,DXB,PHARMACY,IBN SINA 86 PHARMACY (BR OF IBN SINA GROUP PHARMACIES (L.L.C)),DHA-F-0787245,RAS AL KHOR ,RAS AL KHOR - DUBAI CREEK HARBOUR - DUBAI,04-3574389,https://www.google.com/maps/search/?api=1&query=RAS%20AL%20KHOR%20-%20DUBAI%20CREEK%20HARBOUR%20-%20DUBAI%2C%20Ajman%2C%20UAE,,,
1620,DXB,DXB,PHARMACY,IBN SINA 88 PHARMACY (BR OF IBN SINA GROUP PHARMACIES (L.L.C)),DHA-F-8279004,AL MINA ,67XH+F2G - AL MINA - DUBAI,04-2269768,https://www.google.com/maps/search/?api=1&query=67XH%2BF2G%20-%20AL%20MINA%20-%20DUBAI%2C%20Ajman%2C%20UAE,,,
1621,DXB,DXB,PHARMACY,IBN SINA 89 PHARMACY (BR OF IBN SINA GROUP PHARMACIES (L.L.C)),DHA-F-0065004,AL KHAWANEEJ ST ,BESIDE GEANT HYPERMARKET - AL KHAWANEEJ ST - AL KHAWANEEJ - AL KHAWANEEJ 1 - DUBAI,04-5464606,https://www.google.com/maps/search/?api=1&query=BESIDE%20GEANT%20HYPERMARKET%20-%20AL%20KHAWANEEJ%20ST%20-%20AL%20KHAWANEEJ%20-%20AL%20KHAWANEEJ%201%20-%20DUBAI%2C%20Ajman%2C%20UAE,,,
1622,DXB,DXB,PHARMACY,IBN SINA 90 PHARMACY (BR OF IBN SINA GROUP PHARMACIES (L.L.C)),DHA-F-5194037,WADI AL SAFA 4,"CITYLAND MALL WADI AL SAFA 4, BESIDE GLOBAL VILLAGE - E311 - DUBAI",04-878 6435,https://www.google.com/maps/search/?api=1&query=CITYLAND%20MALL%20WADI%20AL%20SAFA%204%2C%20BESIDE%20GLOBAL%20VILLAGE%20-%20E311%20-%20DUBAI%2C%20Ajman%2C%20UAE,,,
1623,DXB,DXB,PHARMACY,IBN SINA 91 PHARMACY (BR OF IBN SINA GROUP PHARMACIES (L.L.C)),DHA-F-0706477 ,AL SUFOUH,BUSINESS CENTRAL TOWERS - AL SUFOUH - DUBAI INTERNET CITY - DUBAI,04-296 7916,https://www.google.com/maps/search/?api=1&query=BUSINESS%20CENTRAL%20TOWERS%20-%20AL%20SUFOUH%20-%20DUBAI%20INTERNET%20CITY%20-%20DUBAI%2C%20Ajman%2C%20UAE,,,
1624,DXB,DXB,PHARMACY,IBN SINA 92 PHARMACY (BR OF IBN SINA GROUP PHARMACIES (L.L.C)),DHA-F-1942628,SHEIKH ZAYED RD,SHEIKH ZAYED RD - TRADE CENTRE - TRADE CENTRE 1 - DUBAI,04 250 6121,https://www.google.com/maps/search/?api=1&query=SHEIKH%20ZAYED%20RD%20-%20TRADE%20CENTRE%20-%20TRADE%20CENTRE%201%20-%20DUBAI%2C%20Ajman%2C%20UAE,,,
1625,DXB,DXB,PHARMACY,IBN SINA 93 PHARMACY (BR OF IBN SINA GROUP PHARMACIES (L.L.C.)),DHA-F-7044041,DUBAI HILLS ESTATE,"47F6+95 DUBAI HILLS ESTATE, GOLF SUITES - DUBAI",04-224 6826,https://www.google.com/maps/search/?api=1&query=47F6%2B95%20DUBAI%20HILLS%20ESTATE%2C%20GOLF%20SUITES%20-%20DUBAI%2C%20Ajman%2C%20UAE,,,
1626,DXB,DXB,PHARMACY,IBN SINA 94 PHARMACY (BR OF IBN SINA GROUP PHARMACIES (L.L.C)),DHA-F-3283021,UMM SUQEIM 2,5644+89R - UMM SUQEIM - UMM SUQEIM 2 - DUBAI,04-404 7777,https://www.google.com/maps/search/?api=1&query=5644%2B89R%20-%20UMM%20SUQEIM%20-%20UMM%20SUQEIM%202%20-%20DUBAI%2C%20Ajman%2C%20UAE,,,
1627,DXB,DXB,PHARMACY,IBN SINA 95 PHARMACY (BR OF IBN SINA GROUP PHARMACIES (L.L.C)),DHA-F-7506597,AL QUOZ 1 ,SOUQ EXTRA - 17 10A STREET - AL QUOZ - AL QUOZ 1 - DUBAI,04-3201644,https://www.google.com/maps/search/?api=1&query=SOUQ%20EXTRA%20-%2017%2010A%20STREET%20-%20AL%20QUOZ%20-%20AL%20QUOZ%201%20-%20DUBAI%2C%20Ajman%2C%20UAE,,,
1628,DXB,DXB,PHARMACY,IBN SINA 96 PHARMACY (BR OF IBN SINA GROUP PHARMACIES (L.L.C)),DHA-F-0520168,AL MEYDAN RD,AL MEYDAN RD - AL QUOZ - AL QUOZ 2 - DUBAI,04-2640718,https://www.google.com/maps/search/?api=1&query=AL%20MEYDAN%20RD%20-%20AL%20QUOZ%20-%20AL%20QUOZ%202%20-%20DUBAI%2C%20Ajman%2C%20UAE,,,
1629,DXB,DXB,PHARMACY,IBN SINA 97 PHARMACY (BR OF IBN SINA GROUP PHARMACIES (L.L.C)),DHA-F-1034130,DUBAI DESIGN DISTRICT,"DUBAI DESIGN DISTRICT - DUBAI,UAE",04-876 1001,https://www.google.com/maps/search/?api=1&query=DUBAI%20DESIGN%20DISTRICT%20-%20DUBAI%2CUAE%2C%20Ajman%2C%20UAE,,,
1630,DXB,DXB,PHARMACY,IBN SINA 98 PHARMACY (BR OF IBN SINA GROUP PHARMACIES (L.L.C)),DHA-F-2632016,DUBAI FESTIVAL CITY ,"DUBAI FESTIVAL CITY - FESTIVAL CITY, DUBAI FESTIVAL CITY 1ST FLOOR, SHOP AT030 - DUBAI",04-232 5234,https://www.google.com/maps/search/?api=1&query=DUBAI%20FESTIVAL%20CITY%20-%20FESTIVAL%20CITY%2C%20DUBAI%20FESTIVAL%20CITY%201ST%20FLOOR%2C%20SHOP%20AT030%20-%20DUBAI%2C%20Ajman%2C%20UAE,,,
1631,DXB,DXB,PHARMACY,IBN SINA 99 PHARMACY (BR OF IBN SINA GROUP PHARMACIES (L.L.C)),DHA-F-7319867,JUMEIRAH 1 ," MERCATO SHOPPING MALL, JUMEIRAH BEACH RD, JUMEIRAH 1 GROUND FLOOR, NEXT TO AURO SHOP DUBAI",04-340 0296,https://www.google.com/maps/search/?api=1&query=MERCATO%20SHOPPING%20MALL%2C%20JUMEIRAH%20BEACH%20RD%2C%20JUMEIRAH%201%20GROUND%20FLOOR%2C%20NEXT%20TO%20AURO%20SHOP%20DUBAI%2C%20Ajman%2C%20UAE,,,
1632,DXB,DXB,PHARMACY,IBN SINA GROUP PHARMACIES (L.L.C),DHA-F-8833115, DUBAI HEALTHCARE CITY," DUBAI HEALTHCARE CITY AL RAZI BUILDING, BUILDING 64, BLOCK A - DUBAI",04-242 7835,https://www.google.com/maps/search/?api=1&query=DUBAI%20HEALTHCARE%20CITY%20AL%20RAZI%20BUILDING%2C%20BUILDING%2064%2C%20BLOCK%20A%20-%20DUBAI%2C%20Ajman%2C%20UAE,,,
1633,DXB,DXB,PHARMACY,IBN SINA GROUP PHARMACIES (L.L.C) (BRANCH),DHA-F-3091447,DUBAI SILICON OASIS,497Q+V3R - DUBAI SILICON OASIS - DUBAI,04-320 1644,https://www.google.com/maps/search/?api=1&query=497Q%2BV3R%20-%20DUBAI%20SILICON%20OASIS%20-%20DUBAI%2C%20Ajman%2C%20UAE,,,
1634,DXB,DXB,PHARMACY,IBN SINA GROUP PHARMACIES (LLC) (EXPO CITY DUBAI BRANCH),DHA-F-8141146,QRH ,X552+QRH - DUBAI,04-8105952,https://www.google.com/maps/search/?api=1&query=X552%2BQRH%20-%20DUBAI%2C%20Ajman%2C%20UAE,,,
1635,DXB,DXB,PHARMACY,IBN SINA PHARMACY (BR OF IBN SINA GROUP PHARMACIES (L.L.C)),DHA-F-0045815,BANIYAS ,"NASSER SQUARE, DUBAI TOWER, D89, AL RIGGA CHOITRAMS BUILDING, OPPOSITE TO BANIYAS METRO STATION - DUBAI",04-2221071,https://www.google.com/maps/search/?api=1&query=NASSER%20SQUARE%2C%20DUBAI%20TOWER%2C%20D89%2C%20AL%20RIGGA%20CHOITRAMS%20BUILDING%2C%20OPPOSITE%20TO%20BANIYAS%20METRO%20STATION%20-%20DUBAI%2C%20Ajman%2C%20UAE,,,
1636,DXB,DXB,PHARMACY,IBN SINA PHARMACY (L.L.C) BR 32,DHA-F-0047768,IBN BATTUTA MALL,SHEIKH ZAYED RD IBN BATTUTA MALL - DUBAI,04-4233895,https://www.google.com/maps/search/?api=1&query=SHEIKH%20ZAYED%20RD%20IBN%20BATTUTA%20MALL%20-%20DUBAI%2C%20Ajman%2C%20UAE,,,
1637,DXB,DXB,PHARMACY,IBN SINA PHARMACY 66,DHA-F-8405944,UMM HURAIR 2,BSP- DHCC NAKHEEL - UMM HURAIR 2 - DUBAI HEALTHCARE CITY - DUBAI,04-4228832,https://www.google.com/maps/search/?api=1&query=BSP-%20DHCC%20NAKHEEL%20-%20UMM%20HURAIR%202%20-%20DUBAI%20HEALTHCARE%20CITY%20-%20DUBAI%2C%20Ajman%2C%20UAE,,,
1638,DXB,DXB,PHARMACY,IBN SINA SCIENTIFIC PHARMACY(BR OF IBN SINA GROUP PHARMACIES),DHA-F-8218369,LAYAN COMMUNITY,"SPINNEYS, LAYAN COMMUNITY, LAYAN 27JM+Q3W, GROUND FLOOR - INSIDE SPINNEYS - DUBAI",04-4580211,https://www.google.com/maps/search/?api=1&query=SPINNEYS%2C%20LAYAN%20COMMUNITY%2C%20LAYAN%2027JM%2BQ3W%2C%20GROUND%20FLOOR%20-%20INSIDE%20SPINNEYS%20-%20DUBAI%2C%20Ajman%2C%20UAE,,,
1639,DXB,DXB,PHARMACY,IBN SINA TWENTY FIVE PHARMACY (BR OF IBN SINA GROUP PHARMACIES),DHA-F-0047417,UMM SUQEIM 1,"MANARA SIGNAL - 680 JUMERIA BEACH ROAD, OPPOSITE COSTA COFFEE - UMM SUQEIM 1 - DUBAI",04-3940934,https://www.google.com/maps/search/?api=1&query=MANARA%20SIGNAL%20-%20680%20JUMERIA%20BEACH%20ROAD%2C%20OPPOSITE%20COSTA%20COFFEE%20-%20UMM%20SUQEIM%201%20-%20DUBAI%2C%20Ajman%2C%20UAE,,,
1640,DXB,DXB,PHARMACY,MODERN IBN SINA PHARMACY (BR OF IBN SINA GROUP PHARMACIES),DHA-F-0045824,AL HUDAIBA,AL DIYAFAH STREET - AL HUDAIBA - DUBAI,04-3986026,https://www.google.com/maps/search/?api=1&query=AL%20DIYAFAH%20STREET%20-%20AL%20HUDAIBA%20-%20DUBAI%2C%20Ajman%2C%20UAE,,,
1641,DXB,DXB,PHARMACY,NEW IBN SINA PHARMACY (BR OF IBN SINA GROUP PHARMACIES (L.L.C)),DHA-F-0045904,DIERA CITY CENTRE,"CENTRE COURT, GROUND FLOOR, DIERA CITY CENTRE - DUBAI",04-2954367,https://www.google.com/maps/search/?api=1&query=CENTRE%20COURT%2C%20GROUND%20FLOOR%2C%20DIERA%20CITY%20CENTRE%20-%20DUBAI%2C%20Ajman%2C%20UAE,,,
1642,FUJ,FUJ,CLINIC,SUHA MEDICAL CENTER,MOH-F-1000641,AL BIDYA,"SALEH MOFLEH ALI ASYOUD SHEHHI (BLDG), RUGAYLAT ROAD, AL BIDYA, FUJAIRAH, UAE.",09-22 33360,https://www.google.com/maps/search/?api=1&query=SALEH%20MOFLEH%20ALI%20ASYOUD%20SHEHHI%20%28BLDG%29%2C%20RUGAYLAT%20ROAD%2C%20AL%20BIDYA%2C%20FUJAIRAH%2C%20UAE.%2C%20Ajman%2C%20UAE,,,
1643,FUJ,FUJ,CLINIC,MAKKAH MEDICAL CENTER FUJAIRAH,MOH-F-1000434,BEHIND ADNOC PETROL DTATION,1ST FLOOR FLAT 104 OPP MASJID AL KHATAB & EID MUSALLA BEHIND ADNOC PETROL DTATION & FORTUNE RESIDENCE 09-2225051,09-2225501,https://www.google.com/maps/search/?api=1&query=1ST%20FLOOR%20FLAT%20104%20OPP%20MASJID%20AL%20KHATAB%20%26%20EID%20MUSALLA%20BEHIND%20ADNOC%20PETROL%20DTATION%20%26%20FORTUNE%20RESIDENCE%2009-2225051%2C%20Ajman%2C%20UAE,,,
1644,FUJ,FUJ,CLINIC,MAKKAH MEDICAL CENTER BRANCH 1(FORMERLY MAKKAH MEDICAL CLINIC (AL HAYL),MOH-F-1000528,AL HAYL,"OPPOSITE TO MARS TRADING CENTER BLOCK Q ,FUJAIRAH",09-2225501,https://www.google.com/maps/search/?api=1&query=OPPOSITE%20TO%20MARS%20TRADING%20CENTER%20BLOCK%20Q%20%2CFUJAIRAH%2C%20Ajman%2C%20UAE,,,
1645,FUJ,FUJ,CLINIC,DIBBA MEDICAL CENTRE FUJAIRAH,MOH-F-1000210,AL MUHALLAB DIBBA,"OPPOSITE AL SHARQ HOSPITAL,AL MUHALLAB DIBBA POB 13002, FUJAIRAH, UAE",09-2447447,https://www.google.com/maps/search/?api=1&query=OPPOSITE%20AL%20SHARQ%20HOSPITAL%2CAL%20MUHALLAB%20DIBBA%20POB%2013002%2C%20FUJAIRAH%2C%20UAE%2C%20Ajman%2C%20UAE,,,
1646,FUJ,FUJ,CLINIC,MERASHID MEDICAL CENTER,MOH-F-1000015,HAMAD BIN ABDULLAH ROAD,HAMAD BIN ABDULLAH ROAD - OPPOSITE CHOITHRAM SUPERMARKET,09-2220883,https://www.google.com/maps/search/?api=1&query=HAMAD%20BIN%20ABDULLAH%20ROAD%20-%20OPPOSITE%20CHOITHRAM%20SUPERMARKET%2C%20Ajman%2C%20UAE,,,
1647,FUJ,FUJ,CLINIC,FATHIMA MEDICAL CENTER,MOH-F-1000391,"SHAIKH ZAYED BIN SULTAN ROAD,","FLAT NO: 103, OLD ARAB BANK BUILDING, OPP. FATHIMA SUPERMARKET,SHAIKH ZAYED BIN SULTAN ROAD, FUJAIRAH",09-2239946,https://www.google.com/maps/search/?api=1&query=FLAT%20NO%3A%20103%2C%20OLD%20ARAB%20BANK%20BUILDING%2C%20OPP.%20FATHIMA%20SUPERMARKET%2CSHAIKH%20ZAYED%20BIN%20SULTAN%20ROAD%2C%20FUJAIRAH%2C%20Ajman%2C%20UAE,,,
1648,FUJ,FUJ,CLINIC,EMIRATES MEDICAL CENTRE,MOH-F-1000116,SHEIKH ZYED BIN SULTAN ROAD,48GV+GCX SHEIKH ZYED BIN SULTAN ROAD OPP AL ROSTAMANI EXCHANGE NASER ALI KHAMMAS BUILDING FLAT 106,09-2233199,https://www.google.com/maps/search/?api=1&query=48GV%2BGCX%20SHEIKH%20ZYED%20BIN%20SULTAN%20ROAD%20OPP%20AL%20ROSTAMANI%20EXCHANGE%20NASER%20ALI%20KHAMMAS%20BUILDING%20FLAT%20106%2C%20Ajman%2C%20UAE,,,
1649,FUJ,FUJ,CLINIC,AL AHLI MEDICAL CENTRE LLC,MOH-F-1000558,HAMAD BIN ABDULLAH ROAD,"1ST FLOOR, HSBC BANK MIDDLE EAST LIMITED BUILDING - HAMAD BIN ABDULLA RD - FUJAIRAH",09-2220228,https://www.google.com/maps/search/?api=1&query=1ST%20FLOOR%2C%20HSBC%20BANK%20MIDDLE%20EAST%20LIMITED%20BUILDING%20-%20HAMAD%20BIN%20ABDULLA%20RD%20-%20FUJAIRAH%2C%20Ajman%2C%20UAE,,,
1650,FUJ,FUJ,CLINIC,EVE MEDICAL CENTRE LLC(FUJ),MOH-F-1000625,AL FASEEL STREET,"OPPOSITE MOHAMMED BIN HAMAD AL SHARQI SCHOOL , AL FASEEL ROAD, FUJAIRAH, UAE",09-2287982,https://www.google.com/maps/search/?api=1&query=OPPOSITE%20MOHAMMED%20BIN%20HAMAD%20AL%20SHARQI%20SCHOOL%20%2C%20AL%20FASEEL%20ROAD%2C%20FUJAIRAH%2C%20UAE%2C%20Ajman%2C%20UAE,,,
1651,FUJ,FUJ,CLINIC,ASTER MEDICAL CENTRE - FUJAIRAH BR,MOH2687,HAMDAN BIN ABDULLA STREET,"OPP: CHOITHRAM SUPER MARCKET, HAMDAN BIN ABDULLA STREET, FUJAIRAH, UAE",09-2234912,https://www.google.com/maps/search/?api=1&query=OPP%3A%20CHOITHRAM%20SUPER%20MARCKET%2C%20HAMDAN%20BIN%20ABDULLA%20STREET%2C%20FUJAIRAH%2C%20UAE%2C%20Ajman%2C%20UAE,,,
1652,FUJ,FUJ,CLINIC,FUJAIRAH PORT MEDICAL CENTER(AL SHARQ GROUP),MOH-F-1000467,FUJAIRAH PORT,INSIDE PORT OF FUAIRAH,09 2228007,https://www.google.com/maps/search/?api=1&query=INSIDE%20PORT%20OF%20FUAIRAH%2C%20Ajman%2C%20UAE,,,
1653,FUJ,FUJ,CLINIC,AL SHARQ MEDICAL CENTER ETIHAD (AL SHARQ GROUP),MOH-F-1000496,AL ETIHAD FUJAIRAH,AL ETIHAD FUJAIRAH,09 2222444,https://www.google.com/maps/search/?api=1&query=AL%20ETIHAD%20FUJAIRAH%2C%20Ajman%2C%20UAE,,,
1654,FUJ,FUJ,CLINIC,AL SHARQ MEDICAL CENTER DIBBA (AL SHARQ GROUP),MOH-F-1000505,DIBBA FUJAIRAH,SHEIKH ZAYED BIN SULTAN AL NAHYAN ROAD AL NAHDAH DIBBA FUJAIRAH ,09 2444711,https://www.google.com/maps/search/?api=1&query=SHEIKH%20ZAYED%20BIN%20SULTAN%20AL%20NAHYAN%20ROAD%20AL%20NAHDAH%20DIBBA%20FUJAIRAH%2C%20Ajman%2C%20UAE,,,
1655,FUJ,FUJ,CLINIC,AL SHARQ MEDICAL CENTER COSMOMED(AL SHARQ GROUP),MOH-F-1000001,AL ETIHAD FUJAIRAH,AL ETIHAD FUJAIRAH,09 2222444,https://www.google.com/maps/search/?api=1&query=AL%20ETIHAD%20FUJAIRAH%2C%20Ajman%2C%20UAE,,,
1656,FUJ,FUJ,CLINIC,KHORFAKHAN PORT CLINIC(AL SHARQ GROUP),MOH-F-1000089,KHORFAKKAN FUJAIRAH,KHORFAKKAN FUJAIRAH,09 2222444,https://www.google.com/maps/search/?api=1&query=KHORFAKKAN%20FUJAIRAH%2C%20Ajman%2C%20UAE,,,
1657,FUJ,FUJ,CLINIC,NORTHERN AL AHLIAH MEDICAL CENTRE (FUJAIRAH),MOH-F-1000231,AL GURFA,"FATHIMA ROUND ABOUT, E89 (HAMAD BIN ABDULLAH ROAD), NEAR ADNOC PETROL STATION AND FAB BANK, AL GURFA",09-2242515,https://www.google.com/maps/search/?api=1&query=FATHIMA%20ROUND%20ABOUT%2C%20E89%20%28HAMAD%20BIN%20ABDULLAH%20ROAD%29%2C%20NEAR%20ADNOC%20PETROL%20STATION%20AND%20FAB%20BANK%2C%20AL%20GURFA%2C%20Ajman%2C%20UAE,,,
1658,FUJ,FUJ,CLINIC,SUHA MEDICAL CENTER LLC FUJAIRAH BRANCH 1,MOH-F-1000772,AL HAYL,"OPP.POWER PLUS CABLE CO.LLC,MOHAMMED BIN ZAYED CITY-AL HAYL, FUJAIRAH",09-2282466,https://www.google.com/maps/search/?api=1&query=OPP.POWER%20PLUS%20CABLE%20CO.LLC%2CMOHAMMED%20BIN%20ZAYED%20CITY-AL%20HAYL%2C%20FUJAIRAH%2C%20Ajman%2C%20UAE,,,
1659,FUJ,FUJ,CLINIC,LIFECARE MEDICAL CENTER,MOH-F-1000438,DIBBA,"NEAR IMMIGRATION OFFICE,DIBBA,FUJAIRAH,UAE",09-2445722,https://www.google.com/maps/search/?api=1&query=NEAR%20IMMIGRATION%20OFFICE%2CDIBBA%2CFUJAIRAH%2CUAE%2C%20Ajman%2C%20UAE,,,
1660,FUJ,FUJ,CLINIC,HEALTH ONE MEDICAL CENTER,MOH-F-1000838,MIRBAH,"SHOP # 1 & 2, MAJAN PROPERTY BUILDING, MIRBAH, FUJAIRAH",09-2344048,https://www.google.com/maps/search/?api=1&query=SHOP%20%23%201%20%26%202%2C%20MAJAN%20PROPERTY%20BUILDING%2C%20MIRBAH%2C%20FUJAIRAH%2C%20Ajman%2C%20UAE,,,
1661,FUJ,FUJ,CLINIC,AL HAYL MEDICAL CENTRE LLC,MOH-F-1000286,AL  HAYL,"OPPOSITE FUJAIRAH PLASTIC FACTORY, AL HAYL INDUSTRIAL AREA, FUJAIRAH, UAE",09-2370377,https://www.google.com/maps/search/?api=1&query=OPPOSITE%20FUJAIRAH%20PLASTIC%20FACTORY%2C%20AL%20HAYL%20INDUSTRIAL%20AREA%2C%20FUJAIRAH%2C%20UAE%2C%20Ajman%2C%20UAE,,,
1662,FUJ,FUJ,HOSPITAL,AL SHARQ HOSPITAL,MOH-F-1000485,FUJAIRAH,AL FASEEL FUJAIRAH,09-2249999,https://www.google.com/maps/search/?api=1&query=AL%20FASEEL%20FUJAIRAH%2C%20Ajman%2C%20UAE,,,
1663,FUJ,FUJ,HOSPITAL,AL SHARQ HOSPITAL - DIBBA,MOH-F-1000847,DIBBA,AL NAHDAH - DIBBA FUJAIRAH,09-2273200,https://www.google.com/maps/search/?api=1&query=AL%20NAHDAH%20-%20DIBBA%20FUJAIRAH%2C%20Ajman%2C%20UAE,,,
1664,FUJ,FUJ,PHARMACY,SUHA PHARMACY,MOH-F-5001023,AL BIDYA,"SALEH MOFLEH ALI ASYOUD SHEHHI (BLDG), RUGAYLAT ROAD, AL BIDYA, FUJAIRAH, UAE.",09-2233370,https://www.google.com/maps/search/?api=1&query=SALEH%20MOFLEH%20ALI%20ASYOUD%20SHEHHI%20%28BLDG%29%2C%20RUGAYLAT%20ROAD%2C%20AL%20BIDYA%2C%20FUJAIRAH%2C%20UAE.%2C%20Ajman%2C%20UAE,,,
1665,FUJ,FUJ,PHARMACY,AL KHAN PHARMACY  FUJAIRAH,MOH-F-5000765,FUJAIRAH,GROUND FLOOR OPPOSITE TO MASJID OMAR AL KHATAB BARAKAT BUILDING,09-2234154,https://www.google.com/maps/search/?api=1&query=GROUND%20FLOOR%20OPPOSITE%20TO%20MASJID%20OMAR%20AL%20KHATAB%20BARAKAT%20BUILDING%2C%20Ajman%2C%20UAE,,,
1666,FUJ,FUJ,PHARMACY,AL ASDIQQA PHARMACY,MOH-F-5000876,FUJAIRAH,OPP MARS TRADING AL HAYL INDUSTRIAL AREA BLOCK Q,09-2230977,https://www.google.com/maps/search/?api=1&query=OPP%20MARS%20TRADING%20AL%20HAYL%20INDUSTRIAL%20AREA%20BLOCK%20Q%2C%20Ajman%2C%20UAE,,,
1667,FUJ,FUJ,PHARMACY,EMIRATES PHARMACY (DIBBA),MOH-F-5000086,FUJAIRAH,"NEAR DIBBA MUNICIPALITY,AL MUHALLAB,FUJAIRAH",09 2444022,https://www.google.com/maps/search/?api=1&query=NEAR%20DIBBA%20MUNICIPALITY%2CAL%20MUHALLAB%2CFUJAIRAH%2C%20Ajman%2C%20UAE,,,
1668,FUJ,FUJ,PHARMACY,ASTER PHARMACY 8 (BR OF ASTER PHARMACIES GROUP LLC),MOH-F-5000400,FUJAIRAH,"CENTURY MALL, FASEEL ROAD, NEAR BEACH MOTEL",09-2230701,https://www.google.com/maps/search/?api=1&query=CENTURY%20MALL%2C%20FASEEL%20ROAD%2C%20NEAR%20BEACH%20MOTEL%2C%20Ajman%2C%20UAE,,,
1669,FUJ,FUJ,PHARMACY,ASTER PHARMACY-FUJAIRAH BRANCH LLC,MOH-F-5000299,FUJAIRAH,"EMIRATES SPRING BUILDING, HAMAD BIN ABDULLAH STREET, FUJAIRAH",09-2238322,https://www.google.com/maps/search/?api=1&query=EMIRATES%20SPRING%20BUILDING%2C%20HAMAD%20BIN%20ABDULLAH%20STREET%2C%20FUJAIRAH%2C%20Ajman%2C%20UAE,,,
1670,FUJ,FUJ,PHARMACY,TAIBA PHARMACY,MOH-F-5000172,FUJAIRAH,OPP. UAE EXCHANGE(MASAFI) - FUJAIRAH,09-2564749,https://www.google.com/maps/search/?api=1&query=OPP.%20UAE%20EXCHANGE%28MASAFI%29%20-%20FUJAIRAH%2C%20Ajman%2C%20UAE,,,
1671,FUJ,FUJ,PHARMACY,ASTER PHARMACY 139,MOH-F-5000502,CORNICHE,"SHEIKH KHALID ROAD, OPPOSITE TO ADNOC PETROL STATION, NEXT TO KHORFAKKAN POLICE STATION ROUND ABOUT, KHORFAKKAN",09-2371301,https://www.google.com/maps/search/?api=1&query=SHEIKH%20KHALID%20ROAD%2C%20OPPOSITE%20TO%20ADNOC%20PETROL%20STATION%2C%20NEXT%20TO%20KHORFAKKAN%20POLICE%20STATION%20ROUND%20ABOUT%2C%20KHORFAKKAN%2C%20Ajman%2C%20UAE,,,
1672,FUJ,FUJ,PHARMACY,AL SHARQ HOSPITAL PHARMACY (AL SHARQ GROUP),MOH-F-5000494,FUJAIRAH,AL FASEEL FUJAIRAH,09-2249999,https://www.google.com/maps/search/?api=1&query=AL%20FASEEL%20FUJAIRAH%2C%20Ajman%2C%20UAE,,,
1673,FUJ,FUJ,PHARMACY,AL SHARQ MODERN PHARMACY (AL SHARQ GROUP),MOH-F-5000154,FUJAIRAH,AL FASEEL FUJAIRAH,09-2232555,https://www.google.com/maps/search/?api=1&query=AL%20FASEEL%20FUJAIRAH%2C%20Ajman%2C%20UAE,,,
1674,FUJ,FUJ,PHARMACY,AL SHARQ FAMILY PHARMACY (AL SHARQ GROUP),MOH-F-5000088,FUJAIRAH,AL ETIHAD FUJAIRAH,09-2222444,https://www.google.com/maps/search/?api=1&query=AL%20ETIHAD%20FUJAIRAH%2C%20Ajman%2C%20UAE,,,
1675,FUJ,FUJ,PHARMACY,FUJAIRAH PORT PHARMACY (AL SHARQ GROUP),MOH-F-5000596,FUJAIRAH,INSIDE PORT OF FUAIRAH,09-2228007,https://www.google.com/maps/search/?api=1&query=INSIDE%20PORT%20OF%20FUAIRAH%2C%20Ajman%2C%20UAE,,,
1676,FUJ,FUJ,PHARMACY,AL SHARQ PHARMACY DIBBA,MOH-F-5000270,FUJAIRAH,DIBBA FUJAIRAH,09-2444711,https://www.google.com/maps/search/?api=1&query=DIBBA%20FUJAIRAH%2C%20Ajman%2C%20UAE,,,
1677,FUJ,FUJ,PHARMACY,AL SHARQ NEW PHARMACY (AL SHARQ GROUP),MOH-F-5000644,QIDFA,QIDFA FUJAIRAH,09-2384550,https://www.google.com/maps/search/?api=1&query=QIDFA%20FUJAIRAH%2C%20Ajman%2C%20UAE,,,
1678,FUJ,FUJ,PHARMACY,EAST COAST AHALIA PHARMACY,MOH-F-5000724, AL GURFA,"FATHIMA ROUND ABOUT, E89 (HAMAD BIN ABDULLAH ROAD), NEAR ADNOC PETROL STATION AND FAB BANK, AL GURFA",09-2235744,https://www.google.com/maps/search/?api=1&query=FATHIMA%20ROUND%20ABOUT%2C%20E89%20%28HAMAD%20BIN%20ABDULLAH%20ROAD%29%2C%20NEAR%20ADNOC%20PETROL%20STATION%20AND%20FAB%20BANK%2C%20AL%20GURFA%2C%20Ajman%2C%20UAE,,,
1679,FUJ,FUJ,PHARMACY,BAIT AL MAQDIS PHARMACY LLC,MOH-F-5001084,FUJAIRAH,"AL ABEER MARKET, RUQAILATH ROAD, OPP TO MIRHAB MOSQUE. FUJAIRAH",09-2381886,https://www.google.com/maps/search/?api=1&query=AL%20ABEER%20MARKET%2C%20RUQAILATH%20ROAD%2C%20OPP%20TO%20MIRHAB%20MOSQUE.%20FUJAIRAH%2C%20Ajman%2C%20UAE,,,
1680,FUJ,FUJ,PHARMACY,SUHA PHARMACY LLC FUJAIRAH BRANCH 1,MOH-F-5001175,AL HAYL,"OPP.POWER PLUS CABLE CO.LLC,MOHAMMED BIN ZAYED CITY-AL HAYL, FUJAIRAH",09-2448009,https://www.google.com/maps/search/?api=1&query=OPP.POWER%20PLUS%20CABLE%20CO.LLC%2CMOHAMMED%20BIN%20ZAYED%20CITY-AL%20HAYL%2C%20FUJAIRAH%2C%20Ajman%2C%20UAE,,,
1681,FUJ,FUJ,PHARMACY,ASTER PHARMACIES GROUP LLC FUJAIRAH BRANCH 2,MOH-F-5001182,MRAISHEED ROAD,"SHOP NO-R-02, FUJAIRAH TWIN TOWERS, MRAISHEED ROAD, MRAISHEED, FUJAIRAH",09-2348765,https://www.google.com/maps/search/?api=1&query=SHOP%20NO-R-02%2C%20FUJAIRAH%20TWIN%20TOWERS%2C%20MRAISHEED%20ROAD%2C%20MRAISHEED%2C%20FUJAIRAH%2C%20Ajman%2C%20UAE,,,
1682,FUJ,FUJ,PHARMACY,FAITH CARE PHARMACY LLC,MOH-F-5001134,SAFED ST,"PROPERTY 4540 SHOP NO. 3, 4, AND 5,NEAR MALABAR GOLD & DIAMOND, SAFED ST. FUJAIRAH UAE",09-5010461,https://www.google.com/maps/search/?api=1&query=PROPERTY%204540%20SHOP%20NO.%203%2C%204%2C%20AND%205%2CNEAR%20MALABAR%20GOLD%20%26%20DIAMOND%2C%20SAFED%20ST.%20FUJAIRAH%20UAE%2C%20Ajman%2C%20UAE,,,
1683,FUJ,FUJ,PHARMACY,LIFECARE PHARMACY,MOH-F-5000816,DIBBA,"NEAR IMMIGRATION OFFICE,DIBBA,FUJAIRAH,UAE",09-2441445,https://www.google.com/maps/search/?api=1&query=NEAR%20IMMIGRATION%20OFFICE%2CDIBBA%2CFUJAIRAH%2CUAE%2C%20Ajman%2C%20UAE,,,
1684,FUJ,FUJ,PHARMACY,AL SHARQ HOSPITAL - DIBBA PHARMACY,MOH-F-5001256,DIBBA,AL NAHDAH - DIBBA FUJAIRAH,09-2273200,https://www.google.com/maps/search/?api=1&query=AL%20NAHDAH%20-%20DIBBA%20FUJAIRAH%2C%20Ajman%2C%20UAE,,,
1685,FUJ,FUJ,PHARMACY,LIWA PHARMACY L.L.C,MOH-F-5000762,AL QADISSIYA,"MOHAMMED MUBARAK MOHAMMED 17, KHORFAKKAN, AL QADISSIYA, SHEIKH KHALID ROAD, 12345, UAE.",09-2284879,https://www.google.com/maps/search/?api=1&query=MOHAMMED%20MUBARAK%20MOHAMMED%2017%2C%20KHORFAKKAN%2C%20AL%20QADISSIYA%2C%20SHEIKH%20KHALID%20ROAD%2C%2012345%2C%20UAE.%2C%20Ajman%2C%20UAE,,,
1686,FUJ,FUJ,PHARMACY,HEALTH FIRST 19 PHARMACY- DIBBA BRANCH,MOH-F-5000082,DIBBA,"HAMAD BIN ABDULLA ST., DIBBA, FUJAIRAH, UAE",09-2444376,https://www.google.com/maps/search/?api=1&query=HAMAD%20BIN%20ABDULLA%20ST.%2C%20DIBBA%2C%20FUJAIRAH%2C%20UAE%2C%20Ajman%2C%20UAE,,,
1687,FUJ,FUJ,PHARMACY,HEALTH FIRST 20 PHARMACY- DIBBA BRANCH,MOH-F-5000134,DIBBA,"MUHALLAB ST., FUJAIRAH, DIBBA, FUJAIRAH",09-2447064,https://www.google.com/maps/search/?api=1&query=MUHALLAB%20ST.%2C%20FUJAIRAH%2C%20DIBBA%2C%20FUJAIRAH%2C%20Ajman%2C%20UAE,,,
1688,FUJ,FUJ,PHARMACY,HEALTH FIRST PHARMACY 16- FUJAIRAH BRANCH,MOH-F-5000089,"SHEIKH HAMDAN BIN ABULLA STREET,","SHEIKH HAMDAN BIN ABULLA STREET,FUJ,UAE",09-2229295,https://www.google.com/maps/search/?api=1&query=SHEIKH%20HAMDAN%20BIN%20ABULLA%20STREET%2CFUJ%2CUAE%2C%20Ajman%2C%20UAE,,,
1689,FUJ,FUJ,PHARMACY,HEALTH FIRST PHARMACY 17- FUJAIRAH BRANCH,MOH-F-5000143,AL SHURIYA,"AL SHURIYA,FUJ,UAE",09 2230340,https://www.google.com/maps/search/?api=1&query=AL%20SHURIYA%2CFUJ%2CUAE%2C%20Ajman%2C%20UAE,,,
1690,FUJ,FUJ,PHARMACY,HEALTH FIRST PHARMACY 18- FUJAIRAH BRANCH,MOH-F-5000140,"SHK ZAYED BIN SULTAN ST,","SHK ZAYED BIN SULTAN ST, FUJAIRAH",09-2231540,https://www.google.com/maps/search/?api=1&query=SHK%20ZAYED%20BIN%20SULTAN%20ST%2C%20FUJAIRAH%2C%20Ajman%2C%20UAE,,,
1691,FUJ,FUJ,PHARMACY,HEALTH FIRST PHARMACY 21- FUJAIRAH BRANCH,MOH1788,DANA PLAZA,"DANA PLAZA, NEXT TO GRAND DANA CINEMA, FUJAIRAH",09-2234517,https://www.google.com/maps/search/?api=1&query=DANA%20PLAZA%2C%20NEXT%20TO%20GRAND%20DANA%20CINEMA%2C%20FUJAIRAH%2C%20Ajman%2C%20UAE,,,
1692,FUJ,FUJ,PHARMACY,HEALTH FIRST PHARMACY 26,MOH-F-5000314,MIRBAH AREA,"LULU EXPRESS BUILDING ,MIRBAH AREA, FUJAIRAH ",09-2373985,https://www.google.com/maps/search/?api=1&query=LULU%20EXPRESS%20BUILDING%20%2CMIRBAH%20AREA%2C%20FUJAIRAH%2C%20Ajman%2C%20UAE,,,
1693,FUJ,FUJ,PHARMACY,HEALTH FIRST PHARMACY 59 FUJAIRAH BRANCH,MOH-F-5001020,MOHD BIN ZAYED CITY,AL HAIL NEAR MOHD BIN ZAYED CITY -FUJAIRAH,09-2385714,https://www.google.com/maps/search/?api=1&query=AL%20HAIL%20NEAR%20MOHD%20BIN%20ZAYED%20CITY%20-FUJAIRAH%2C%20Ajman%2C%20UAE,,,
1694,FUJ,FUJ,PHARMACY,HEALTHFIRST PHARMACY 10,MOH-F-5000948,CORNICHE STREET ,DIBBA ALHISIN /HAY AL MOHALAB -CORNICHE STREET OPP EMIRATES FLAGPOLE SQUARE,09-2347880,https://www.google.com/maps/search/?api=1&query=DIBBA%20ALHISIN%20/HAY%20AL%20MOHALAB%20-CORNICHE%20STREET%20OPP%20EMIRATES%20FLAGPOLE%20SQUARE%2C%20Ajman%2C%20UAE,,,
1695,FUJ,FUJ,PHARMACY,LULU DIBBA PHARMACY LLC,MOH-F-5000211,LULU DIBA,"LULU DIBBA PHARMACY LLC – LULU HYPERMARKET, DIBBA, FUJAIRAH",09-2431399,https://www.google.com/maps/search/?api=1&query=LULU%20DIBBA%20PHARMACY%20LLC%20%E2%80%93%20LULU%20HYPERMARKET%2C%20DIBBA%2C%20FUJAIRAH%2C%20Ajman%2C%20UAE,,,
1696,FUJ,FUJ,PHARMACY,MERASHID PHARMACY L.L.C - SINGLE PERSON, MOH-F-5001292,HAMAD BIN ABDULAH ROAD,"HAMD BIN ABDULLAH ROAD, FUJAIRAH, UAE",09-2774738,https://www.google.com/maps/search/?api=1&query=HAMD%20BIN%20ABDULLAH%20ROAD%2C%20FUJAIRAH%2C%20UAE%2C%20Ajman%2C%20UAE,,,
1697,FUJ,FUJ,PHARMACY,AL HILAL PHARMACY - L.L.C - SINGLE PERSON,MOH-F-5001235,MIRBAH,"SHOP # 1 & 2, MAJAN PROPERTY BUILDING, MIRBAH, FUJAIRAH",09-2380087,https://www.google.com/maps/search/?api=1&query=SHOP%20%23%201%20%26%202%2C%20MAJAN%20PROPERTY%20BUILDING%2C%20MIRBAH%2C%20FUJAIRAH%2C%20Ajman%2C%20UAE,,,
1698,FUJ,FUJ,PHARMACY,LABAIK PHARMACY ,MOH-F-5000916,AL HAYL,"NEAR AL HAYL MEDICAL CENTRE LLC, OPPOSITE FUJAIRAH PLASTIC FACTORY, AL HAYL INDUSTRIAL AREA, FUJAIRAH",09-2370377,https://www.google.com/maps/search/?api=1&query=NEAR%20AL%20HAYL%20MEDICAL%20CENTRE%20LLC%2C%20OPPOSITE%20FUJAIRAH%20PLASTIC%20FACTORY%2C%20AL%20HAYL%20INDUSTRIAL%20AREA%2C%20FUJAIRAH%2C%20Ajman%2C%20UAE,,,
1699,FUJ,FUJ,PHARMACY,MEDON 24 HOUR PHARMACY CO. L.L.C FUJAIRAH BRANCH 1,MOH-F-5001330,AL SHARIA,"SHOP 1, AL FASEEL STREET, AL SHARIA, FUJAIRAH",09-2373240,https://www.google.com/maps/search/?api=1&query=SHOP%201%2C%20AL%20FASEEL%20STREET%2C%20AL%20SHARIA%2C%20FUJAIRAH%2C%20Ajman%2C%20UAE,,,
1700,FUJ,FUJ,PHARMACY,IBN SINA PHARMACY - SOLE PROPRIETORSHIP - L.L.C - SINGLE PERSON - FUJAIRAH BRANCH 1,MOH-F-5001216,AL SHARQI ST,AL TAIF MAAL - 98 - 1 SHK. HAMAD BIN ABDULLAH AL SHARQI ST - FUJAIRAH CITY CENTER - FUJAIRAH,09-237 2383,https://www.google.com/maps/search/?api=1&query=AL%20TAIF%20MAAL%20-%2098%20-%201%20SHK.%20HAMAD%20BIN%20ABDULLAH%20AL%20SHARQI%20ST%20-%20FUJAIRAH%20CITY%20CENTER%20-%20FUJAIRAH%2C%20Ajman%2C%20UAE,,,
1701,FUJ,FUJ,PHARMACY,NEW IBN SINA PHARMACY (BR OF IBN SINA GROUP PHARMACIES) LLC ,MOH-F-5001021 ,CITY CENTRE FUJAIRAH,CITY CENTRE FUJAIRAH 1ST FLOOR - FUJAIRAH,09-2236647,https://www.google.com/maps/search/?api=1&query=CITY%20CENTRE%20FUJAIRAH%201ST%20FLOOR%20-%20FUJAIRAH%2C%20Ajman%2C%20UAE,,,
1702,RAK,RAK,CLINIC,SHIFA AL JAZEERAH MEDICAL CENTRE LLC - RAK,MOH-F-1000261,"AL RAMS ROAD, AL SEER","M FLOOR, FATHIMA HYPERMARKET BUILDING, AL RAMS ROAD, AL SEER - RAS AL KHAIMAH",07-221 1126,https://www.google.com/maps/search/?api=1&query=M%20FLOOR%2C%20FATHIMA%20HYPERMARKET%20BUILDING%2C%20AL%20RAMS%20ROAD%2C%20AL%20SEER%20-%20RAS%20AL%20KHAIMAH%2C%20Ajman%2C%20UAE,,,
1703,RAK,RAK,CLINIC,NMC ROYAL MEDICAL CENTER-RAK,MOH-F-1000297,CORNICHE,"SULTAN FADEL BUILDING,AL QWASIM CORNICHE",07 2028000,https://www.google.com/maps/search/?api=1&query=SULTAN%20FADEL%20BUILDING%2CAL%20QWASIM%20CORNICHE%2C%20Ajman%2C%20UAE,,,
1704,RAK,RAK,CLINIC,NEXUS MEDICAL CLINIC,MOH-F-1000178,JAZEERA AL HAMRA,"SHOP NO: 13, 14, 15, AL JAZEERA BUILDING, BESIDE MADINA SUPER MARKET, OPPOSTIE MABANI STEEL COMPANY, JAZEERA AL HAMRA",07-2332134,https://www.google.com/maps/search/?api=1&query=SHOP%20NO%3A%2013%2C%2014%2C%2015%2C%20AL%20JAZEERA%20BUILDING%2C%20BESIDE%20MADINA%20SUPER%20MARKET%2C%20OPPOSTIE%20MABANI%20STEEL%20COMPANY%2C%20JAZEERA%20AL%20HAMRA%2C%20Ajman%2C%20UAE,,,
1705,RAK,RAK,CLINIC,UNION MEDICAL AND DENTAL CENTRE,MOH-F-1000022,AL NAKHEEL,"P.O BOX 5628, OLD COMMERCIAL BANK OF DUBAI BUILDING AL NAKHEEL, RAK, UAE",07-2272402,https://www.google.com/maps/search/?api=1&query=P.O%20BOX%205628%2C%20OLD%20COMMERCIAL%20BANK%20OF%20DUBAI%20BUILDING%20AL%20NAKHEEL%2C%20RAK%2C%20UAE%2C%20Ajman%2C%20UAE,,,
1706,RAK,RAK,CLINIC,AL HUDAIBAH GENERAL CLINIC  LLC,MOH-F-1000008,AL NAKHEEL,AL NAKHEEL-RAS AL KHAIMAH,07-2222188,https://www.google.com/maps/search/?api=1&query=AL%20NAKHEEL-RAS%20AL%20KHAIMAH%2C%20Ajman%2C%20UAE,,,
1707,RAK,RAK,CLINIC,RETAJ MEDICAL CENTRE LLC,MOH-F-1000220,AL DHAIT,"UNITED INSURANCE COMPANY BUILDING F1, NEAR KFC,SK. MHD. BEN SALEM RD, AL DHAIT, RAK - UAE",07-2277776,https://www.google.com/maps/search/?api=1&query=UNITED%20INSURANCE%20COMPANY%20BUILDING%20F1%2C%20NEAR%20KFC%2CSK.%20MHD.%20BEN%20SALEM%20RD%2C%20AL%20DHAIT%2C%20RAK%20-%20UAE%2C%20Ajman%2C%20UAE,,,
1708,RAK,RAK,CLINIC,SPECIALIST MEDICAL CENTRE,MOH5041,DAHAN STREET,"MOHD BIN SALEM ROAD ,DAHAN STREET,RAS AL KHAIMAH ,UAE",07-2332255,https://www.google.com/maps/search/?api=1&query=MOHD%20BIN%20SALEM%20ROAD%20%2CDAHAN%20STREET%2CRAS%20AL%20KHAIMAH%20%2CUAE%2C%20Ajman%2C%20UAE,,,
1709,RAK,RAK,CLINIC,AL JAZEERA MEDICAL CENTRE,MOH5224,AL HAMRA,"MAIN ROAD AL JAZEERA,AL HAMRA,RAS AL KHAIMAH,UAE",07-244 6899,https://www.google.com/maps/search/?api=1&query=MAIN%20ROAD%20AL%20JAZEERA%2CAL%20HAMRA%2CRAS%20AL%20KHAIMAH%2CUAE%2C%20Ajman%2C%20UAE,,,
1710,RAK,RAK,CLINIC,EVE MEDICAL CENTRE LLC(RAK),MOH-F-1000580,OLD CLOCK ROUND ABOUT,VILLA NO 12 KHUZAM ROAD NEAR OLD CLOCK ROUND ABOUT LANDMARK: NEXT TO – RAS AL KHAIMAH,07-2352812,https://www.google.com/maps/search/?api=1&query=VILLA%20NO%2012%20KHUZAM%20ROAD%20NEAR%20OLD%20CLOCK%20ROUND%20ABOUT%20LANDMARK%3A%20NEXT%20TO%20%E2%80%93%20RAS%20AL%20KHAIMAH%2C%20Ajman%2C%20UAE,,,
1711,RAK,RAK,CLINIC,ASTER MEDICAL CENTRE - RAK(BR OF DM ),MOH6777,MOH,"MALABAR GOLD BUILDING, OPPST. UNITED ARAB BANK, RAS AL KAHIMAH, UAE",07-2338866,https://www.google.com/maps/search/?api=1&query=MALABAR%20GOLD%20BUILDING%2C%20OPPST.%20UNITED%20ARAB%20BANK%2C%20RAS%20AL%20KAHIMAH%2C%20UAE%2C%20Ajman%2C%20UAE,,,
1712,RAK,RAK,CLINIC,ALYA MEDICAL CENTRE L.L.C,MOH-F-1000685,AL QASIMI STREET,"ADIL AL NUAIMI BUILDING, M FLOOR, M-02, SHEIKH SAQR BIN MUHAMMAD AL QASMI STREET, AL QUSAIDAT, NEAR TO LAMP ROUND ABOUT, RASL AL KHAIMAH, U.A.E",07-2441235,https://www.google.com/maps/search/?api=1&query=ADIL%20AL%20NUAIMI%20BUILDING%2C%20M%20FLOOR%2C%20M-02%2C%20SHEIKH%20SAQR%20BIN%20MUHAMMAD%20AL%20QASMI%20STREET%2C%20AL%20QUSAIDAT%2C%20NEAR%20TO%20LAMP%20ROUND%20ABOUT%2C%20RASL%20AL%20KHAIMAH%2C%20U.A.E%2C%20Ajman%2C%20UAE,,,
1713,RAK,RAK,CLINIC,AL SHIFA GENERAL MEDICAL CLINIC-RAK,MOH-F-1000556,AL GHAIL,"AL GHAIL ROAD,RAS AL KHAIMAH",055-8384141,https://www.google.com/maps/search/?api=1&query=AL%20GHAIL%20ROAD%2CRAS%20AL%20KHAIMAH%2C%20Ajman%2C%20UAE,,,
1714,RAK,RAK,CLINIC,(SHAMS GR)AL GHAIL MEDICAL CENTRE,MOH-F-1000066,AL GHAIL,"PO. BOX 12884, AL GHAIL SHOPPING CENTRE (MOHD. SHAAMS RASHID AL MAZROOI BLDG) AL GHAIL, RAS AL KHAIMAH",07-2585464,https://www.google.com/maps/search/?api=1&query=PO.%20BOX%2012884%2C%20AL%20GHAIL%20SHOPPING%20CENTRE%20%28MOHD.%20SHAAMS%20RASHID%20AL%20MAZROOI%20BLDG%29%20AL%20GHAIL%2C%20RAS%20AL%20KHAIMAH%2C%20Ajman%2C%20UAE,,,
1715,RAK,RAK,CLINIC,AL AHLIA MEDICAL CENTRE,MOH7035, AL JAZAH ROAD,"CREEK PLAZA BLDG., NEAR RAK GAS AND OPP. EXPO CENTRE, AL JAZAH ROAD
",07-2331533,https://www.google.com/maps/search/?api=1&query=CREEK%20PLAZA%20BLDG.%2C%20NEAR%20RAK%20GAS%20AND%20OPP.%20EXPO%20CENTRE%2C%20AL%20JAZAH%20ROAD%2C%20Ajman%2C%20UAE,,,
1716,RAK,RAK,CLINIC,THE AMERICAN MEDICAL CENTER LLC,MOH-F-1000578,MINA AL ARAB RD,"MINA AL ARAB RD- LAGOON WALK - BUILDING NO. 6 - GF,RAK,UAE",07-2665652,https://www.google.com/maps/search/?api=1&query=MINA%20AL%20ARAB%20RD-%20LAGOON%20WALK%20-%20BUILDING%20NO.%206%20-%20GF%2CRAK%2CUAE%2C%20Ajman%2C%20UAE,,,
1717,RAK,RAK,CLINIC,RAS AL KHAIMAH MEDICAL CENTERE GHALILLA LLC ONE PERSON,MOH-F-1000268,GHALILLA,"SHAM,GHALILLA,RAK UAE",07-2279994,https://www.google.com/maps/search/?api=1&query=SHAM%2CGHALILLA%2CRAK%20UAE%2C%20Ajman%2C%20UAE,,,
1718,RAK,RAK,CLINIC,RAS AL KHAIMAH MEDICAL CENTERE AL JAZEERA,MOH-F-1000229, AL JAZEERA AL HAMRA,"BEHIND RAK CERAMICS AL JAZEERA AL HAMRA,RAK,UAE",07-2432226,https://www.google.com/maps/search/?api=1&query=BEHIND%20RAK%20CERAMICS%20AL%20JAZEERA%20AL%20HAMRA%2CRAK%2CUAE%2C%20Ajman%2C%20UAE,,,
1719,RAK,RAK,CLINIC,RAS AL KHAIMAH MEDICAL CENTER AL HAMRA,MOH-F-1000262,AL HAMRA,"FIRST FLOOR,AL HAMRA MALL,AL HAMRA,RAK,UAE",07-2278308,https://www.google.com/maps/search/?api=1&query=FIRST%20FLOOR%2CAL%20HAMRA%20MALL%2CAL%20HAMRA%2CRAK%2CUAE%2C%20Ajman%2C%20UAE,,,
1720,RAK,RAK,CLINIC,MEDPLUS MEDICAL CENTER LLC,MOH-F-1000713,"AL JAZAH STREET, AL NAKHEEL","AL JAZAH STREET, AL NAKHEEL, NEAR DOUBLETREE HILTON HOTEL, RAK,UAE",07-2369006,https://www.google.com/maps/search/?api=1&query=AL%20JAZAH%20STREET%2C%20AL%20NAKHEEL%2C%20NEAR%20DOUBLETREE%20HILTON%20HOTEL%2C%20RAK%2CUAE%2C%20Ajman%2C%20UAE,,,
1721,RAK,RAK,CLINIC,MEDCITY MEDICAL CENTER LLC,MOH-F-1000688,"KHUZAM,RAK","3 STREET, KHUZAM,RAK,UAE",07-2364555,https://www.google.com/maps/search/?api=1&query=3%20STREET%2C%20KHUZAM%2CRAK%2CUAE%2C%20Ajman%2C%20UAE,,,
1722,RAK,RAK,CLINIC,MARHABA MEDICAL CENTER,MOH-F-1000647,AL NAKHEEL,"GF-01-02, AL NAKHEEL BUILDING NEAR AL HOOT SUPERMARKET, AL NAKHEEL RAS AL KHAIMAH",07-2364667,https://www.google.com/maps/search/?api=1&query=GF-01-02%2C%20AL%20NAKHEEL%20BUILDING%20NEAR%20AL%20HOOT%20SUPERMARKET%2C%20AL%20NAKHEEL%20RAS%20AL%20KHAIMAH%2C%20Ajman%2C%20UAE,,,
1723,RAK,RAK,CLINIC,NEW ROYAL MEDICAL AND DENTAL CENTER LLC (FORMERLY NEW ROYAL CENTER MEDICAL AND DENTAL LLC),MOH-F-1000846,CORNICHE," 299 CORNICHE AL QAWASIM ST - DAFAN AL KHOR - RAS AL KHAIMAH,UAE",07-2212050,https://www.google.com/maps/search/?api=1&query=299%20CORNICHE%20AL%20QAWASIM%20ST%20-%20DAFAN%20AL%20KHOR%20-%20RAS%20AL%20KHAIMAH%2CUAE%2C%20Ajman%2C%20UAE,,,
1724,RAK,RAK,CLINIC,PLATINUM MEDICAL CENTER LLC ,MOH-F-0008459,SHEIKH MOHAMED BIN SALEM ROAD,"NEAR SUN AND SAND HYPERMARKET , SHEIKH MOHAMED BIN SALEM ROAD , RAK ,UAE ",07-2366900,https://www.google.com/maps/search/?api=1&query=NEAR%20SUN%20AND%20SAND%20HYPERMARKET%20%2C%20SHEIKH%20MOHAMED%20BIN%20SALEM%20ROAD%20%2C%20RAK%20%2CUAE%2C%20Ajman%2C%20UAE,,,
1725,RAK,RAK,CLINIC,ALNEBRAS MEDICAL CENTER LLC,MOH-F-1000615,ALJWAIS,"ALJWAIS - ALMUNTASER ROAD, RAS AL KHAIMAH, UAE",07-2277007,https://www.google.com/maps/search/?api=1&query=ALJWAIS%20-%20ALMUNTASER%20ROAD%2C%20RAS%20AL%20KHAIMAH%2C%20UAE%2C%20Ajman%2C%20UAE,,,
1726,RAK,RAK,CLINIC,ALNAMA ALTERNATIVE MEDICAL AND PHYSIOTHERAPY CENTER LLC OPC,MOH-F-1000902,AL NAKHEEL,"FIRST FLOOR 101 NAEEM TOWER 3, OPP NAEM MALL AL NAKHEEL, RAS-AL-KHAIMAH, UAE",07-2448897,https://www.google.com/maps/search/?api=1&query=FIRST%20FLOOR%20101%20NAEEM%20TOWER%203%2C%20OPP%20NAEM%20MALL%20AL%20NAKHEEL%2C%20RAS-AL-KHAIMAH%2C%20UAE%2C%20Ajman%2C%20UAE,,,
1727,RAK,RAK,CLINIC,CARE AND CURE MEDICAL AND DENTAL CENTER LLC,MOH-F-1000884,"AL MAMOURAH STREET,","SHOP NO 1-2 JASIM MANSOOR BUILDING, AL MAMOURAH STREET, AL MAMOURAH, RAS AL KHAIMAH, UAE",07-2260127,https://www.google.com/maps/search/?api=1&query=SHOP%20NO%201-2%20JASIM%20MANSOOR%20BUILDING%2C%20AL%20MAMOURAH%20STREET%2C%20AL%20MAMOURAH%2C%20RAS%20AL%20KHAIMAH%2C%20UAE%2C%20Ajman%2C%20UAE,,,
1728,RAK,RAK,CLINIC,EMIRATES HOSPITALS AND CLINICS LLC - RAK BRANCH,MOH-F-1000237 ,AL HISN STREET,"FIRST FLOOR, AVENUE BUILDING. JULPHAR TOWERS, AL HISN ROAD, RAK",07-2037777,https://www.google.com/maps/search/?api=1&query=FIRST%20FLOOR%2C%20AVENUE%20BUILDING.%20JULPHAR%20TOWERS%2C%20AL%20HISN%20ROAD%2C%20RAK%2C%20Ajman%2C%20UAE,,,
1729,RAK,RAK,CLINIC,REGIONAL MEDICAL AND DENTAL CENTER LLC,MOH-F-1000892,AL JAZEERA,"LEPTIS HYPERMARKET BUILDING, AL JAZEERA AL HAMRA, GROUND FLOOR ,RAK,UAE",72211999,https://www.google.com/maps/search/?api=1&query=LEPTIS%20HYPERMARKET%20BUILDING%2C%20AL%20JAZEERA%20AL%20HAMRA%2C%20GROUND%20FLOOR%20%2CRAK%2CUAE%2C%20Ajman%2C%20UAE,,,
1730,RAK,RAK,CLINIC,HOUSECALL HEALTHCARE,MOH-F-1000943,RAK MALL,"AL-TA'MIR BUILDING 3, NEAR RAK MALL, NEXT TO SHIKOOLALA BUILDING,RAK,UAE",600 566119,https://www.google.com/maps/search/?api=1&query=AL-TA%27MIR%20BUILDING%203%2C%20NEAR%20RAK%20MALL%2C%20NEXT%20TO%20SHIKOOLALA%20BUILDING%2CRAK%2CUAE%2C%20Ajman%2C%20UAE,,,
1731,RAK,RAK,CLINIC,CEDAR MEDICAL CENTER LLC,MOH-F-1000822,SAQR BIN MOHD CITY ,"VILLA NO:4,KHUZAM RD - SAQR BIN MOHD CITY AL DHAIT NORTH - RAS AL KHAIMAH",07-2586833,https://www.google.com/maps/search/?api=1&query=VILLA%20NO%3A4%2CKHUZAM%20RD%20-%20SAQR%20BIN%20MOHD%20CITY%20AL%20DHAIT%20NORTH%20-%20RAS%20AL%20KHAIMAH%2C%20Ajman%2C%20UAE,,,
1732,RAK,RAK,CLINIC,AL RAHMANIAH MEDICAL CENTER LLC,MOH-F-1000834,ADHEN VILLAGE,"ADHEN VILLAGE, RAS AL KHAIMAH.UAE",056-4429760,https://www.google.com/maps/search/?api=1&query=ADHEN%20VILLAGE%2C%20RAS%20AL%20KHAIMAH.UAE%2C%20Ajman%2C%20UAE,,,
1733,RAK,RAK,CLINIC,MENDHAN MEDICAL CENTER LLC,MOH-F-1000104,AL NAKHEEL," OPP.RAK BANK,AL NAKHEEL,RAK",07-2286364,https://www.google.com/maps/search/?api=1&query=OPP.RAK%20BANK%2CAL%20NAKHEEL%2CRAK%2C%20Ajman%2C%20UAE,,,
1734,RAK,RAK,CLINIC,PESHAWAR MEDICINE AND DENTISTRY LLC,MOH-F-1000939 ,AL NAKHEEL,"AL SAEED BUILDING,M FLOOR,AL NAKHEEL RAK,UAE",07-2276822,https://www.google.com/maps/search/?api=1&query=AL%20SAEED%20BUILDING%2CM%20FLOOR%2CAL%20NAKHEEL%20RAK%2CUAE%2C%20Ajman%2C%20UAE,,,
1735,RAK,RAK,CLINIC,AL FARABI MEDICAL CLINIC,MOH-F-1000372,RAS AL KHAIMAH,"DUBAI ISLAMIC BANK BUILDING APT-402, RAS AL KHAIMAH, UAE",07-2276699,https://www.google.com/maps/search/?api=1&query=DUBAI%20ISLAMIC%20BANK%20BUILDING%20APT-402%2C%20RAS%20AL%20KHAIMAH%2C%20UAE%2C%20Ajman%2C%20UAE,,,
1736,RAK,RAK,CLINIC,KHYBER MEDICAL CENTER L.L.C.,MOH-F-1000925,AL NAKHEEL,"SHEIKH SAQAR BIN MUHAMMAD QASMI STREET, ABDULAZIZ BUILDING, SHOP NO.1 AL NAKHEEL, RAS AL KHAIMAH, UAE",07-2238213,https://www.google.com/maps/search/?api=1&query=SHEIKH%20SAQAR%20BIN%20MUHAMMAD%20QASMI%20STREET%2C%20ABDULAZIZ%20BUILDING%2C%20SHOP%20NO.1%20AL%20NAKHEEL%2C%20RAS%20AL%20KHAIMAH%2C%20UAE%2C%20Ajman%2C%20UAE,,,
1737,RAK,RAK,CLINIC,YASMED MEDICAL CENTER LLC,MOH-F-1000953 ,AL HAMRA,"4,SHEIKH JAMAL SAQER SULTAN QASIMI ,AL JAZEERA AL HAMRA, RAS AL KHAIMAH",07-2269796,https://www.google.com/maps/search/?api=1&query=4%2CSHEIKH%20JAMAL%20SAQER%20SULTAN%20QASIMI%20%2CAL%20JAZEERA%20AL%20HAMRA%2C%20RAS%20AL%20KHAIMAH%2C%20Ajman%2C%20UAE,,,
1738,RAK,RAK,DAYCARE,AL ZAHRAWI HOSPITAL DAY CARE SURGERY,MOH-F-1000190,RAS AL KHAIMAH,"P.O. BOX 5442, AL NAKHEEL,RAS- AL- KHAIMA, UAE",07-2288544,https://www.google.com/maps/search/?api=1&query=P.O.%20BOX%205442%2C%20AL%20NAKHEEL%2CRAS-%20AL-%20KHAIMA%2C%20UAE%2C%20Ajman%2C%20UAE,,,
1739,RAK,RAK,DAYCARE,AL ORAIBI HOSPITAL,MOH-F-1000049,RAS AL KHAIMAH,"PO BOX159, OPPOSITE HOME CENTRE, AL MUNTASSER ST. AL NAKHEEL RAS AL KHAIMAH UAE",07-2288511,https://www.google.com/maps/search/?api=1&query=PO%20BOX159%2C%20OPPOSITE%20HOME%20CENTRE%2C%20AL%20MUNTASSER%20ST.%20AL%20NAKHEEL%20RAS%20AL%20KHAIMAH%20UAE%2C%20Ajman%2C%20UAE,,,
1740,RAK,RAK,HOSPITAL,SHEIKH KHALIFA SPECIALTY HOSPITAL RAS AL KHAIMAH,MOH5168,RAS AL KHAIMAH,"AL SHOHADAA ROAD, PO BOX: 6365, RAK",07-2010371,https://www.google.com/maps/search/?api=1&query=AL%20SHOHADAA%20ROAD%2C%20PO%20BOX%3A%206365%2C%20RAK%2C%20Ajman%2C%20UAE,,,
1741,RAK,RAK,HOSPITAL,RAK HOSPITAL,MOH-F-1000076,AL QUSAIDAT,AL QUSAIDAT - P.O. BOX RAS AL KHAIMAH UAE,07-2074334,https://www.google.com/maps/search/?api=1&query=AL%20QUSAIDAT%20-%20P.O.%20BOX%20RAS%20AL%20KHAIMAH%20UAE%2C%20Ajman%2C%20UAE,,,
1742,RAK,RAK,PHARMACY,SHIFA AL JAZEERAH PHARMACY LLC,MOH-F-5000466,NAKHEEL,"SHIFA AL JAZEERAH PHARMACY LLC, FATHIMA SUPERMARKET BUILDING, GROUND FLOOR, AL NAKHEEL, RAS AL KHAIMA, U A E",07-2211218,https://www.google.com/maps/search/?api=1&query=SHIFA%20AL%20JAZEERAH%20PHARMACY%20LLC%2C%20FATHIMA%20SUPERMARKET%20BUILDING%2C%20GROUND%20FLOOR%2C%20AL%20NAKHEEL%2C%20RAS%20AL%20KHAIMA%2C%20U%20A%20E%2C%20Ajman%2C%20UAE,,,
1743,RAK,RAK,PHARMACY,SHEIKH KHALIFA SPECIALTY HOSPITAL PHARMACY,MOH-F-5000547,RAS AL KHAIMAH,"AL SHOHADAA ROAD, PO BOX: 6365, RAK",07-2010371,https://www.google.com/maps/search/?api=1&query=AL%20SHOHADAA%20ROAD%2C%20PO%20BOX%3A%206365%2C%20RAK%2C%20Ajman%2C%20UAE,,,
1744,RAK,RAK,PHARMACY,RETAJ PHARMACY LLC,MOH-F-5000642,RAK,"FIDELITY BLDG. BIN SALEM ST, AL DHAIT SOUTH, RAS AL KHAIMAH",07-2277726,https://www.google.com/maps/search/?api=1&query=FIDELITY%20BLDG.%20BIN%20SALEM%20ST%2C%20AL%20DHAIT%20SOUTH%2C%20RAS%20AL%20KHAIMAH%2C%20Ajman%2C%20UAE,,,
1745,RAK,RAK,PHARMACY,NMC ROYAL PHARMACY,MOH-F-5000133,R A K,"SULTAN FADEL BUILDING,AL QWASIM CORNICHE",07-2028000,https://www.google.com/maps/search/?api=1&query=SULTAN%20FADEL%20BUILDING%2CAL%20QWASIM%20CORNICHE%2C%20Ajman%2C%20UAE,,,
1746,RAK,RAK,PHARMACY,NEXUS PHARMACY LLC,MOH-F-5000696,R A K,"SHOP NO: 16, AL JAZEERA BUILDING, BESIDE MADINA SUPER MARKET, OPPOSTIE MABANI STEEL COMPANY, JAZEERA AL HAMRA, RAK",07-2447348,https://www.google.com/maps/search/?api=1&query=SHOP%20NO%3A%2016%2C%20AL%20JAZEERA%20BUILDING%2C%20BESIDE%20MADINA%20SUPER%20MARKET%2C%20OPPOSTIE%20MABANI%20STEEL%20COMPANY%2C%20JAZEERA%20AL%20HAMRA%2C%20RAK%2C%20Ajman%2C%20UAE,,,
1747,RAK,RAK,PHARMACY,AL NOOR  PHARMACY,MOH-F-5000392,KARAMA,"AL HUDAIBAH BUILDING, GROUND FLOOR, OMAN STREET - AL NAKHEEL, NEAR BANK OF BARODA - PO BOX .1683",07-2333729,https://www.google.com/maps/search/?api=1&query=AL%20HUDAIBAH%20BUILDING%2C%20GROUND%20FLOOR%2C%20OMAN%20STREET%20-%20AL%20NAKHEEL%2C%20NEAR%20BANK%20OF%20BARODA%20-%20PO%20BOX%20.1683%2C%20Ajman%2C%20UAE,,,
1748,RAK,RAK,PHARMACY,AL AMAN  PHARMACY ,MOH-F-5000787,KARAMA,AL KHALIFA BUILDING - BEHIND BANK OF BARODA - OMAN STREET - AL NAKHEEL - RAK 1683,07-2261139,https://www.google.com/maps/search/?api=1&query=AL%20KHALIFA%20BUILDING%20-%20BEHIND%20BANK%20OF%20BARODA%20-%20OMAN%20STREET%20-%20AL%20NAKHEEL%20-%20RAK%201683%2C%20Ajman%2C%20UAE,,,
1749,RAK,RAK,PHARMACY,MEDICAL CENTRE PHARMACY,MOH-F-5000160,SALEEM STREET,"MOHAMMAD BIN SALEM STREET,RAK",07-2337544,https://www.google.com/maps/search/?api=1&query=MOHAMMAD%20BIN%20SALEM%20STREET%2CRAK%2C%20Ajman%2C%20UAE,,,
1750,RAK,RAK,PHARMACY,ASTER MEDICOM -23(AL ENAYA PHARMACY),MOH-F-5000056,R A K,"AIRPORT ROAD, AL KHARAN, OPP: BIN ZAHIR BOYS SCHOOL,RAS AL KHAIMAH, UAE",07-2441433,https://www.google.com/maps/search/?api=1&query=AIRPORT%20ROAD%2C%20AL%20KHARAN%2C%20OPP%3A%20BIN%20ZAHIR%20BOYS%20SCHOOL%2CRAS%20AL%20KHAIMAH%2C%20UAE%2C%20Ajman%2C%20UAE,,,
1751,RAK,RAK,PHARMACY,AL OLA PHARMACY BR OF ASTER PHARMACIES GROUP LLC,MOH-F-5000682,R A K,"AL KHATRI BUILDING 1, MAMTASAR ROAD, NAKHEEL AREA",07-2273637,https://www.google.com/maps/search/?api=1&query=AL%20KHATRI%20BUILDING%201%2C%20MAMTASAR%20ROAD%2C%20NAKHEEL%20AREA%2C%20Ajman%2C%20UAE,,,
1752,RAK,RAK,PHARMACY,ASTER PHARMACIES GROUP LLC BRANCH 2,MOH-F-5000613,FUJAIRAH,"ALI SULTAN ALI ONWAN AL- NEAMI BUILDING, OPP. BIRLA INSTITUTE OF TECHNOLOGY, AL DHAIT",07-2361664,https://www.google.com/maps/search/?api=1&query=ALI%20SULTAN%20ALI%20ONWAN%20AL-%20NEAMI%20BUILDING%2C%20OPP.%20BIRLA%20INSTITUTE%20OF%20TECHNOLOGY%2C%20AL%20DHAIT%2C%20Ajman%2C%20UAE,,,
1753,RAK,RAK,PHARMACY,ASTER PHARMACIES GROUP LLC- BRANCH 1,MOH-F-5000533,R A K,"OPP. AL KHALEEJ SUPERMARKET, AL MATAF ROAD, JULAN, AFTER ADAF ROUND ABOUT,RAK",07-2681224,https://www.google.com/maps/search/?api=1&query=OPP.%20AL%20KHALEEJ%20SUPERMARKET%2C%20AL%20MATAF%20ROAD%2C%20JULAN%2C%20AFTER%20ADAF%20ROUND%20ABOUT%2CRAK%2C%20Ajman%2C%20UAE,,,
1754,RAK,RAK,PHARMACY,ASTER PHARMACIES GROUP LLC RAK BRANCH,MOH-F-5000402,R A K,"SHOP NO.GF50, SAFEER MALL, AIR PORT ROAD,RAS AL KHAIMAH",07-2352213,https://www.google.com/maps/search/?api=1&query=SHOP%20NO.GF50%2C%20SAFEER%20MALL%2C%20AIR%20PORT%20ROAD%2CRAS%20AL%20KHAIMAH%2C%20Ajman%2C%20UAE,,,
1755,RAK,RAK,PHARMACY,AL OLA PHARMACY BR ASTER PHARMACIES GROUP LLC,MOH-F-5001062,AL NAKHEEL,"SHOP NO.1, BUILDING NO-0040, NAKHEEL ROAD, AL NAKHEEL, RAS AL KHAIMAH",07-2357563,https://www.google.com/maps/search/?api=1&query=SHOP%20NO.1%2C%20BUILDING%20NO-0040%2C%20NAKHEEL%20ROAD%2C%20AL%20NAKHEEL%2C%20RAS%20AL%20KHAIMAH%2C%20Ajman%2C%20UAE,,,
1756,RAK,RAK,PHARMACY,ALYA PHARMACY L.L.C,MOH-F-5001083,AL QASIMI STREET,"DIL AL NUAIMI BUILDING, GROUND FLOOR,SHOP-03, SHEIKH SAQR BIN MUHAMMAD AL QASMI STREET, AL QUSAIDAT",07-2441235,https://www.google.com/maps/search/?api=1&query=DIL%20AL%20NUAIMI%20BUILDING%2C%20GROUND%20FLOOR%2CSHOP-03%2C%20SHEIKH%20SAQR%20BIN%20MUHAMMAD%20AL%20QASMI%20STREET%2C%20AL%20QUSAIDAT%2C%20Ajman%2C%20UAE,,,
1757,RAK,RAK,PHARMACY,AL GHAIL PHARMACY,MOH-F-5000892,AL GHAIL,"AL GHAIL ROAD,RAS AL KHAIMAH",07-2580010,https://www.google.com/maps/search/?api=1&query=AL%20GHAIL%20ROAD%2CRAS%20AL%20KHAIMAH%2C%20Ajman%2C%20UAE,,,
1758,RAK,RAK,PHARMACY,AL SHAMS PHARMACY (AL- SHAMS GROUP),MOH-F-5000555,R A K,"PO. BOX 12884, AL GHAIL SHOPPING CENTRE (MOHD. SHAAMS RASHID AL MAZROOI BLDG) AL GHAIL, RAS AL KHAIMAH",07-2584244,https://www.google.com/maps/search/?api=1&query=PO.%20BOX%2012884%2C%20AL%20GHAIL%20SHOPPING%20CENTRE%20%28MOHD.%20SHAAMS%20RASHID%20AL%20MAZROOI%20BLDG%29%20AL%20GHAIL%2C%20RAS%20AL%20KHAIMAH%2C%20Ajman%2C%20UAE,,,
1759,RAK,RAK,PHARMACY,AL HSAYAT PHARMACY,MOH-F-5000280,AL MUNSTAR STREET,"P.O. BOX: 159, RAS AL KHAIMAH U.A.E,OPP.SIDE TO HOME CENTER, AL MUNTASR STREET , AL ORAIBI HOSPITAL",07-2277002,https://www.google.com/maps/search/?api=1&query=P.O.%20BOX%3A%20159%2C%20RAS%20AL%20KHAIMAH%20U.A.E%2COPP.SIDE%20TO%20HOME%20CENTER%2C%20AL%20MUNTASR%20STREET%20%2C%20AL%20ORAIBI%20HOSPITAL%2C%20Ajman%2C%20UAE,,,
1760,RAK,RAK,PHARMACY,AL ZAHRAWI PHARMACY,MOH-F-5000055,R A K,"OMAN STREET, AL NAKHEEL, BESIDE UAE EXCHANGE",07-2289544,https://www.google.com/maps/search/?api=1&query=OMAN%20STREET%2C%20AL%20NAKHEEL%2C%20BESIDE%20UAE%20EXCHANGE%2C%20Ajman%2C%20UAE,,,
1761,RAK,RAK,PHARMACY,ZAHRAT NOOR AL SHEFAA PHARMACY(AL NEEM GROUP),MOH-F-5000730,R A K,"FATIMA HYPERMARKET BUILDING, AL MAMOURAH, POST BOX:9831",07-2220103,https://www.google.com/maps/search/?api=1&query=FATIMA%20HYPERMARKET%20BUILDING%2C%20AL%20MAMOURAH%2C%20POST%20BOX%3A9831%2C%20Ajman%2C%20UAE,,,
1762,RAK,RAK,PHARMACY,AL ABRAR PHARMACY,MOH-F-5000965,AL HAMARA,"BUILDING NO:1 AL JAZEERA, AL HAMARA",07-2080157,https://www.google.com/maps/search/?api=1&query=BUILDING%20NO%3A1%20AL%20JAZEERA%2C%20AL%20HAMARA%2C%20Ajman%2C%20UAE,,,
1763,RAK,RAK,PHARMACY,NOOR AL SHEFAA PHARMACY L.L.C,MOH-F-5000126,AL MARID,AL MARID,052-4906168,https://www.google.com/maps/search/?api=1&query=AL%20MARID%2C%20Ajman%2C%20UAE,,,
1764,RAK,RAK,PHARMACY,AL AHLIA PHARMACY RAK BRANCH,MOH-F-5000603,AL JAZAH ROAD,"CREEK PLAZA BLDG., NEAR RAK GAS AND OPP. EXPO CENTRE, AL JAZAH ROAD
",07-2275993,https://www.google.com/maps/search/?api=1&query=CREEK%20PLAZA%20BLDG.%2C%20NEAR%20RAK%20GAS%20AND%20OPP.%20EXPO%20CENTRE%2C%20AL%20JAZAH%20ROAD%2C%20Ajman%2C%20UAE,,,
1765,RAK,RAK,PHARMACY,AL ALIYA PHARMACY,MOH-F-5001110,DAFAN AL KHOR,"SHOP NO 8 AND 9 SHEIKH MOHAMMAD BIN SALIM ROAD, NEAR BANIYAS SUPERMARKET,  DAFAN AL KHOR,RAS AL KHAIMAH, U.A.E",07-2274566,https://www.google.com/maps/search/?api=1&query=SHOP%20NO%208%20AND%209%20SHEIKH%20MOHAMMAD%20BIN%20SALIM%20ROAD%2C%20NEAR%20BANIYAS%20SUPERMARKET%2C%20%20DAFAN%20AL%20KHOR%2CRAS%20AL%20KHAIMAH%2C%20U.A.E%2C%20Ajman%2C%20UAE,,,
1766,RAK,RAK,PHARMACY,RAS AL KHAIMAH GHALILA PHARMACY,MOH-F-5000354,GHALILLA,"SHAM,GHALILLA,RAK UAE",07-2334950,https://www.google.com/maps/search/?api=1&query=SHAM%2CGHALILLA%2CRAK%20UAE%2C%20Ajman%2C%20UAE,,,
1767,RAK,RAK,PHARMACY,RAS AL KHAIMAH AL JAZIRA AL HAMRA PHARMACY,MOH-F-5000285, AL JAZEERA AL HAMRA,BEHIND RAK CERAMICS AL JAZEERA AL HAMRA,07-2432249,https://www.google.com/maps/search/?api=1&query=BEHIND%20RAK%20CERAMICS%20AL%20JAZEERA%20AL%20HAMRA%2C%20Ajman%2C%20UAE,,,
1768,RAK,RAK,PHARMACY,MEDPLUS PHARMACY LLC,MOH-F-5001125,"AL JAZAH STREET, AL NAKHEEL","AL JAZAH STREET, AL NAKHEEL, NEAR DOUBLETREE HILTON HOTEL, RAK,UAE",07-2369006,https://www.google.com/maps/search/?api=1&query=AL%20JAZAH%20STREET%2C%20AL%20NAKHEEL%2C%20NEAR%20DOUBLETREE%20HILTON%20HOTEL%2C%20RAK%2CUAE%2C%20Ajman%2C%20UAE,,,
1769,RAK,RAK,PHARMACY,RAK HOSPITAL PHARMACY,MOH-F-5000168,AL QUSAIDAT,AL QUSAIDAT - P.O. BOX RAS AL KHAIMAH UAE,07-2074247,https://www.google.com/maps/search/?api=1&query=AL%20QUSAIDAT%20-%20P.O.%20BOX%20RAS%20AL%20KHAIMAH%20UAE%2C%20Ajman%2C%20UAE,,,
1770,RAK,RAK,PHARMACY,AL KAYAN PHARMACY LLC,MOH-F-5000903,AL JUWAIS AL KADI STREET,"POEMS RAS-AL-KHAIMAH BLDG. NO. 1 GROUND FLOOR, SHOP NO. 13,SAQER HOSPITAL AL JUWAIS AL KADI STREET, RAS AL KHAIMAH",07-246 4566,https://www.google.com/maps/search/?api=1&query=POEMS%20RAS-AL-KHAIMAH%20BLDG.%20NO.%201%20GROUND%20FLOOR%2C%20SHOP%20NO.%2013%2CSAQER%20HOSPITAL%20AL%20JUWAIS%20AL%20KADI%20STREET%2C%20RAS%20AL%20KHAIMAH%2C%20Ajman%2C%20UAE,,,
1771,RAK,RAK,PHARMACY,MODERN PHARMACY LLC (ONE PERSON)RAK BRANCH,MOH-F-5000102,KHUZAM ROAD,"OPP RAS AL KHAIMAH HOTEL/INTERNATIONAL MEDICAL CENTER,RAK,UAE,KHUZAM ROAD",07-2358362,https://www.google.com/maps/search/?api=1&query=OPP%20RAS%20AL%20KHAIMAH%20HOTEL/INTERNATIONAL%20MEDICAL%20CENTER%2CRAK%2CUAE%2CKHUZAM%20ROAD%2C%20Ajman%2C%20UAE,,,
1772,RAK,RAK,PHARMACY,MODERN PHARMACY LLC (ONE PERSON)RAK BRANCH 01,MOH-F-5000529,AL NAKHEEL,"AL MUNTASIR STREET,AL NAKHEEL ,RAS AL KHAIMAH,NEXT TO LULLU CENTER  NAKHEEL,OPPOSITE TO AL HILAL BANK
",07 2339440,https://www.google.com/maps/search/?api=1&query=AL%20MUNTASIR%20STREET%2CAL%20NAKHEEL%20%2CRAS%20AL%20KHAIMAH%2CNEXT%20TO%20LULLU%20CENTER%20%20NAKHEEL%2COPPOSITE%20TO%20AL%20HILAL%20BANK%2C%20Ajman%2C%20UAE,,,
1773,RAK,RAK,PHARMACY,MEDON PHARMACY LLC RAK BRANCH,MOH-F-5001157,AL HAMRE,"AL HAMRE ,RAS AL KHAIMAH",06-557 9567,https://www.google.com/maps/search/?api=1&query=AL%20HAMRE%20%2CRAS%20AL%20KHAIMAH%2C%20Ajman%2C%20UAE,,,
1774,RAK,RAK,PHARMACY,AL SALAMA PHARMACY LLC,MOH-F-5001215,AL NAKHEEL,"AL NAKHEEL,ALSEER ROAD,HUDABIA BUILDING, SHOP 1, RAS AL KHAIMAH, UAE",07-2217989,https://www.google.com/maps/search/?api=1&query=AL%20NAKHEEL%2CALSEER%20ROAD%2CHUDABIA%20BUILDING%2C%20SHOP%201%2C%20RAS%20AL%20KHAIMAH%2C%20UAE%2C%20Ajman%2C%20UAE,,,
1775,RAK,RAK,PHARMACY,CENTRAL PHARMACY,MOH-F-5000073,RAK DIGDAGA,"RAK-DIGDAGA -AIR PORT ROAD -GULF PHARMACEUTICAL INDUSTRIES, NEAR RAK ZOO, RAS AL KHAIMAH",07-2440528,https://www.google.com/maps/search/?api=1&query=RAK-DIGDAGA%20-AIR%20PORT%20ROAD%20-GULF%20PHARMACEUTICAL%20INDUSTRIES%2C%20NEAR%20RAK%20ZOO%2C%20RAS%20AL%20KHAIMAH%2C%20Ajman%2C%20UAE,,,
1776,RAK,RAK,PHARMACY,HEALTH FIRST 54 PHARMACY LLC,MOH-F-5001008,SAQER BIN MOHD CITY,"RAK -SAQER BIN MOHD CITY-EMIRATES FOOTBALL CLUB/NAEEM CITY CENTRE,RAK,UAE",07-2082082,https://www.google.com/maps/search/?api=1&query=RAK%20-SAQER%20BIN%20MOHD%20CITY-EMIRATES%20FOOTBALL%20CLUB/NAEEM%20CITY%20CENTRE%2CRAK%2CUAE%2C%20Ajman%2C%20UAE,,,
1777,RAK,RAK,PHARMACY,HEALTH FIRST PHARMACY 14 - RAK,MOH-F-5000042,AL RAMS,"BESIDE AL RAMS POLICE STATION, RAK  ",07-2662295,https://www.google.com/maps/search/?api=1&query=BESIDE%20AL%20RAMS%20POLICE%20STATION%2C%20RAK%2C%20Ajman%2C%20UAE,,,
1778,RAK,RAK,PHARMACY,HEALTH FIRST PHARMACY 22 - RAK,MOH-F-5000030,MANAR MALLL,"MANAR MALL, RAK",07-2274848,https://www.google.com/maps/search/?api=1&query=MANAR%20MALL%2C%20RAK%2C%20Ajman%2C%20UAE,,,
1779,RAK,RAK,PHARMACY,HEALTH FIRST PHARMACY 50,MOH-F-5000469,SHK MOHD BIN SALEM ROAD,"AL NADEYA .OPP RAK BANK SHK MOHD BIN SALEM RD,RAK,UAE",07-2358018,https://www.google.com/maps/search/?api=1&query=AL%20NADEYA%20.OPP%20RAK%20BANK%20SHK%20MOHD%20BIN%20SALEM%20RD%2CRAK%2CUAE%2C%20Ajman%2C%20UAE,,,
1780,RAK,RAK,PHARMACY,HEALTH FIRST PHARMACY 53 ,MOH-F-5000628,RAK-BAB AL BAHAR ,RAK-BAB AL BAHAR - AL YAQOUT BUILD.OPP ZOOM SM.,07-2435406,https://www.google.com/maps/search/?api=1&query=RAK-BAB%20AL%20BAHAR%20-%20AL%20YAQOUT%20BUILD.OPP%20ZOOM%20SM.%2C%20Ajman%2C%20UAE,,,
1781,RAK,RAK,PHARMACY,HEALTH FIRST PHARMACY 63 LLC ONE PERSON,MOH-F-5001120,RAK KHALIFA CITY,RAK-KHALIFA CITY -AL ASWAQ MARKET -AL RUJIBA STREET,07-2081966,https://www.google.com/maps/search/?api=1&query=RAK-KHALIFA%20CITY%20-AL%20ASWAQ%20MARKET%20-AL%20RUJIBA%20STREET%2C%20Ajman%2C%20UAE,,,
1782,RAK,RAK,PHARMACY,AL LULU RAK PHARMACY LLC,MOH-F-5000274,LULU RAK,"AL LULU RAK PHARMACY LLC – LULU HYPERMARKET, RAS AL KHAIMAH",07-2264393,https://www.google.com/maps/search/?api=1&query=AL%20LULU%20RAK%20PHARMACY%20LLC%20%E2%80%93%20LULU%20HYPERMARKET%2C%20RAS%20AL%20KHAIMAH%2C%20Ajman%2C%20UAE,,,
1783,RAK,RAK,PHARMACY,U M D C PHARMACY LLC,MOH-F-5000843,AL JUWAIS,"NEAR NESTO HYPERMARKET, AL JUWAIS - RAS AL KHAIMAH, UAE",07-2272402,https://www.google.com/maps/search/?api=1&query=NEAR%20NESTO%20HYPERMARKET%2C%20AL%20JUWAIS%20-%20RAS%20AL%20KHAIMAH%2C%20UAE%2C%20Ajman%2C%20UAE,,,
1784,RAK,RAK,PHARMACY,NEW ROYAL PHARMACY LLC,MOH-F-5001312,AL QAWASIM STREET,"CORNICHE AL QAWASIM STREET, DAFAN AL KHOR, RAS AL KHAIMAH, UAE",07-2212051,https://www.google.com/maps/search/?api=1&query=CORNICHE%20AL%20QAWASIM%20STREET%2C%20DAFAN%20AL%20KHOR%2C%20RAS%20AL%20KHAIMAH%2C%20UAE%2C%20Ajman%2C%20UAE,,,
1785,RAK,RAK,PHARMACY,CARE AND CURE PHARMACY LLC,MOH-F-5001282,"AL MAMOURAH STREET,","SHOP NO 3, JASIM MANSOOR BUILDING, AL MAMOURAH STREET, AL MAMOURAH, RAS AL KHAIMAH, UAE",07-2260127,https://www.google.com/maps/search/?api=1&query=SHOP%20NO%203%2C%20JASIM%20MANSOOR%20BUILDING%2C%20AL%20MAMOURAH%20STREET%2C%20AL%20MAMOURAH%2C%20RAS%20AL%20KHAIMAH%2C%20UAE%2C%20Ajman%2C%20UAE,,,
1786,RAK,RAK,PHARMACY,EMIRATES DUBAI PHARMACY LLC - RAK BRANCH ,MOH-F-5000637,AL HISN STREET,"AL HISN STREET, JULPHAR TOWERS FIRST FLOOR, NAKHEEL, RAS AL KHAIMAH ",07-2037744,https://www.google.com/maps/search/?api=1&query=AL%20HISN%20STREET%2C%20JULPHAR%20TOWERS%20FIRST%20FLOOR%2C%20NAKHEEL%2C%20RAS%20AL%20KHAIMAH%2C%20Ajman%2C%20UAE,,,
1787,RAK,RAK,PHARMACY,AL RAHMANIAH PHARMACY LLC RAK,MOH-F-5001242,ADHEN VILLAGE,"ADHEN VILLAGE, RAS AL KHAIMAH.UAE",056-4429760,https://www.google.com/maps/search/?api=1&query=ADHEN%20VILLAGE%2C%20RAS%20AL%20KHAIMAH.UAE%2C%20Ajman%2C%20UAE,,,
1788,RAK,RAK,PHARMACY,KHYBER PHARMACY L.L.C.,MOH-F-5001360,AL NAKHEEL,"SHEIKH SAQAR BIN MUHAMMAD QASMI STREET, ABDULAZIZ BUILDING, SHOP NO.1 AL NAKHEEL, RAS AL KHAIMAH, UAE",07-2274603,https://www.google.com/maps/search/?api=1&query=SHEIKH%20SAQAR%20BIN%20MUHAMMAD%20QASMI%20STREET%2C%20ABDULAZIZ%20BUILDING%2C%20SHOP%20NO.1%20AL%20NAKHEEL%2C%20RAS%20AL%20KHAIMAH%2C%20UAE%2C%20Ajman%2C%20UAE,,,
1789,RAK,RAK,PHARMACY,WELCARE PHARMACY LLC,MOH-F-5001346,"DHAFAN AL KHOR,","SHOP-1A, MARSA BUILDING, HOSUN STREET, DHAFAN AL KHOR, RAS AL-KHAIMAH",056-4885652,https://www.google.com/maps/search/?api=1&query=SHOP-1A%2C%20MARSA%20BUILDING%2C%20HOSUN%20STREET%2C%20DHAFAN%20AL%20KHOR%2C%20RAS%20AL-KHAIMAH%2C%20Ajman%2C%20UAE,,,
1790,RAK,RAK,PHARMACY,YASMED PHARMACY LLC,MOH-F-5001370 ,AL HAMRA,"4,SHEIKH JAMAL SAQER SULTAN QASIMI ,AL JAZEERA AL HAMRA, RAS AL KHAIMAH",07-2330877,https://www.google.com/maps/search/?api=1&query=4%2CSHEIKH%20JAMAL%20SAQER%20SULTAN%20QASIMI%20%2CAL%20JAZEERA%20AL%20HAMRA%2C%20RAS%20AL%20KHAIMAH%2C%20Ajman%2C%20UAE,,,
1791,RAK,RAK,PHARMACY,IBN SINA PHARMACY LLC OPC,MOH-F-5000932,AL HAMRA VILLAGE ,MALL - SHEIKH MOHAMMAD BIN SALEM ROAD GROUND FLOOR - AL HAMRA VILLAGE - RAS AL KHAIMAH,07-243 4488,https://www.google.com/maps/search/?api=1&query=MALL%20-%20SHEIKH%20MOHAMMAD%20BIN%20SALEM%20ROAD%20GROUND%20FLOOR%20-%20AL%20HAMRA%20VILLAGE%20-%20RAS%20AL%20KHAIMAH%2C%20Ajman%2C%20UAE,,,
1792,RAK,RAK,PHARMACY,IBN SINA PHARMACY LLC OPC - BRANCH 1,MOH-F-5000926,AL DHAIT NORTH ,"SHEIKH RASHID BIN SAEED AL MAKTOUM RD SHOP 46, GROUND FLOOR, AL NAEEM CITY CENTER - AL DHAIT NORTH - RAS AL KHAIMAH",07-236 2086,https://www.google.com/maps/search/?api=1&query=SHEIKH%20RASHID%20BIN%20SAEED%20AL%20MAKTOUM%20RD%20SHOP%2046%2C%20GROUND%20FLOOR%2C%20AL%20NAEEM%20CITY%20CENTER%20-%20AL%20DHAIT%20NORTH%20-%20RAS%20AL%20KHAIMAH%2C%20Ajman%2C%20UAE,,,
1793,RAK,RAK,PHARMACY,IBN SINA PHARMACY LLC OPC - BRANCH 3,MOH-F-5000945,AL NAKHEEL,MANAR MALL - AL MUNTASIR RD - DAFAN AL NAKHEEL - RAS AL KHAIMAH,07-246 3671,https://www.google.com/maps/search/?api=1&query=MANAR%20MALL%20-%20AL%20MUNTASIR%20RD%20-%20DAFAN%20AL%20NAKHEEL%20-%20RAS%20AL%20KHAIMAH%2C%20Ajman%2C%20UAE,,,
1794,RAK,RAK,PHARMACY,IBN SINA PHARMACY LLC OPC - BRANCH 4,MOH-F-5001306,AL DHAIT SOUTH AREA,"BSP - AL DHAIT SOUTH AREA, RAS AL KHAIMAH,UAE",07-2105952,https://www.google.com/maps/search/?api=1&query=BSP%20-%20AL%20DHAIT%20SOUTH%20AREA%2C%20RAS%20AL%20KHAIMAH%2CUAE%2C%20Ajman%2C%20UAE,,,
1795,SHJ,SHJ,CLINIC,SUNNY SHARQAN MEDICAL CENTRE LLC,MOH-F-1000057,AL SHARQAN ,"AL SHARQAN EXTENSION ,AL AROUBA STREET,TOWARDS.SHARJAH",06-5667996,https://www.google.com/maps/search/?api=1&query=AL%20SHARQAN%20EXTENSION%20%2CAL%20AROUBA%20STREET%2CTOWARDS.SHARJAH%2C%20Ajman%2C%20UAE,,,
1796,SHJ,SHJ,CLINIC,SHIFA AL JAZEERA MEDICAL CENTRE (SHJ),MOH-F-1000260,SHARJAH,93 - S105 - SHARJAH,06-5218889,https://www.google.com/maps/search/?api=1&query=93%20-%20S105%20-%20SHARJAH%2C%20Ajman%2C%20UAE,,,
1797,SHJ,SHJ,CLINIC,SHIFA AL RABEE MEDICAL CENTRE,MOH-F-1000671,MUWAILEH,"SHIFA AL RABEE MEDICAL CENTRE BUILDING,2609,GROUND FLOOR,MUWAILEH COMMERCIAL,INDUSTRIAL AREA,BUS STATION ROAD, MUWAILEH INDUSTRIAL AREA ",06-5959123,https://www.google.com/maps/search/?api=1&query=SHIFA%20AL%20RABEE%20MEDICAL%20CENTRE%20BUILDING%2C2609%2CGROUND%20FLOOR%2CMUWAILEH%20COMMERCIAL%2CINDUSTRIAL%20AREA%2CBUS%20STATION%20ROAD%2C%20MUWAILEH%20INDUSTRIAL%20AREA%2C%20Ajman%2C%20UAE,,,
1798,SHJ,SHJ,CLINIC,SAIFZONE MEDICAL CENTER,MOH-F-1000293,AIRPORT FREE ZONE,"AIRPORT FREE ZONE F2 42A,F2-42B,SHARJAH",06-5578471,https://www.google.com/maps/search/?api=1&query=AIRPORT%20FREE%20ZONE%20F2%2042A%2CF2-42B%2CSHARJAH%2C%20Ajman%2C%20UAE,,,
1799,SHJ,SHJ,CLINIC,AL AZHAR MEDICAL CLINIC (SHARJAH),MOH-F-1000353,SAJJA,SAJJA,06-5352323/8007400,https://www.google.com/maps/search/?api=1&query=SAJJA%2C%20Ajman%2C%20UAE,,,
1800,SHJ,SHJ,CLINIC,RETAJ MEDICAL CENTER LLC,MOH-F-1000686,SHARJAH,"SALEM BIN SALEH AL HAMADI BUILDING, 1ST FLOOR OFFICE NO.101 , ALMAMZAR-ATTAAUN ST. SHARJAH, UAE",056-4031533,https://www.google.com/maps/search/?api=1&query=SALEM%20BIN%20SALEH%20AL%20HAMADI%20BUILDING%2C%201ST%20FLOOR%20OFFICE%20NO.101%20%2C%20ALMAMZAR-ATTAAUN%20ST.%20SHARJAH%2C%20UAE%2C%20Ajman%2C%20UAE,,,
1801,SHJ,SHJ,CLINIC,PREMIER MEDICAL CENTRE LLC,MOH-F-1000554,ROLLA,"MEZZANINE FLOOR, EMIRATES POST OFFICE BUILDING, AL GHUWAIR, ROLLA, SHARJAH, UAE",06 5616188,https://www.google.com/maps/search/?api=1&query=MEZZANINE%20FLOOR%2C%20EMIRATES%20POST%20OFFICE%20BUILDING%2C%20AL%20GHUWAIR%2C%20ROLLA%2C%20SHARJAH%2C%20UAE%2C%20Ajman%2C%20UAE,,,
1802,SHJ,SHJ,CLINIC,MARINA MEDICAL CENTER LLC,MOH-F-1000070,KING SALMAN BIN ABDUL AZIZ STREET,"MEZZANINE FLOOR, AL AROUBA STREET, OPP TO SWISS BEL HOTEL, ABOVE DOCTORS PHARMACY, SHARJAH, UAE",06 5625234,https://www.google.com/maps/search/?api=1&query=MEZZANINE%20FLOOR%2C%20AL%20AROUBA%20STREET%2C%20OPP%20TO%20SWISS%20BEL%20HOTEL%2C%20ABOVE%20DOCTORS%20PHARMACY%2C%20SHARJAH%2C%20UAE%2C%20Ajman%2C%20UAE,,,
1803,SHJ,SHJ,CLINIC,NOVO GROUP-AL WAHDA MEDICAL CENTRE,MOH-F-1000251,AL WAHDA,SHARJAH - AL WAHDA AREA,06-5455501,https://www.google.com/maps/search/?api=1&query=SHARJAH%20-%20AL%20WAHDA%20AREA%2C%20Ajman%2C%20UAE,,,
1804,SHJ,SHJ,CLINIC,NOVO GROUP-PERFECT MEDICAL CENTRE,MOH-F-1000252,ROLLA,SHARJAH - ROLLA,06-5455501,https://www.google.com/maps/search/?api=1&query=SHARJAH%20-%20ROLLA%2C%20Ajman%2C%20UAE,,,
1805,SHJ,SHJ,CLINIC,"NEW MEDICAL CENTRE, SHARJAH-AL BUHAIRA CORNICHE ,BEL RESHEED TOWER ,SHARJAH",MOH-F-1000058,BUHAIRAH CORNICHE,"BEL RESHEEED TOWER, CORNICHE, 1ST AND 2ND FLOOR ,AL BUHAIRA CORNICHE ,BEL RESHEED TOWER ,SHARJAH",06-5758000,https://www.google.com/maps/search/?api=1&query=BEL%20RESHEEED%20TOWER%2C%20CORNICHE%2C%201ST%20AND%202ND%20FLOOR%20%2CAL%20BUHAIRA%20CORNICHE%20%2CBEL%20RESHEED%20TOWER%20%2CSHARJAH%2C%20Ajman%2C%20UAE,,,
1806,SHJ,SHJ,CLINIC,NMC MEDICAL CENTER L.L.C SHJ BR.1-SHARJAH,MOH-F-1000423,SHAHB,"ABOVE DANA PLAZA SHAHBA ,SHARJAH",06-5388966,https://www.google.com/maps/search/?api=1&query=ABOVE%20DANA%20PLAZA%20SHAHBA%20%2CSHARJAH%2C%20Ajman%2C%20UAE,,,
1807,SHJ,SHJ,CLINIC,NMC MEDICAL CENTER L.L.C SHJ BR.2-ROLLA SHARJAH,MOH-F-1000424,ROLLA,"2ND FLOOR, EISA BUILDING-2, OPP. ROLLA SQUARE PARK, NEAR ROLLA BUS STATION, ROLLA",06-5639966,https://www.google.com/maps/search/?api=1&query=2ND%20FLOOR%2C%20EISA%20BUILDING-2%2C%20OPP.%20ROLLA%20SQUARE%20PARK%2C%20NEAR%20ROLLA%20BUS%20STATION%2C%20ROLLA%2C%20Ajman%2C%20UAE,,,
1808,SHJ,SHJ,CLINIC,"NMC MEDICAL CENTER L.L.C SHJ BR.4-AL NAHDA ,SHARJAH",MOH-F-1000426,AL NAHDA,"FIRST FLOOR, AL SHAIBA BUILDING ,NEAR AL NAHDA PARK ,AL NAHDA ,SHARJAH",06-5305252,https://www.google.com/maps/search/?api=1&query=FIRST%20FLOOR%2C%20AL%20SHAIBA%20BUILDING%20%2CNEAR%20AL%20NAHDA%20PARK%20%2CAL%20NAHDA%20%2CSHARJAH%2C%20Ajman%2C%20UAE,,,
1809,SHJ,SHJ,CLINIC,"NMC MEDICAL CENTER L.L.C SHJ BR.-AL MAJAZ ,SHARJAH",MOH-F-1000425,AL MAJAZ,"FIRST FLOOR ,NEAR BUHAIRAH POLICE STATION ,AL MAJAZ ,SHARJAH",06-5566689,https://www.google.com/maps/search/?api=1&query=FIRST%20FLOOR%20%2CNEAR%20BUHAIRAH%20POLICE%20STATION%20%2CAL%20MAJAZ%20%2CSHARJAH%2C%20Ajman%2C%20UAE,,,
1810,SHJ,SHJ,CLINIC,"NMC DENTAL CENTRE L L C - BUHAIRA CORNICHE,SHARJAH",MOH-F-1000427,BUHAIRAH CORNICHE,"3RD FLOOR,AL BUHAIRAH BUILDING,BUHAIRA CORNICHE,SHARJAH",06-5738300,https://www.google.com/maps/search/?api=1&query=3RD%20FLOOR%2CAL%20BUHAIRAH%20BUILDING%2CBUHAIRA%20CORNICHE%2CSHARJAH%2C%20Ajman%2C%20UAE,,,
1811,SHJ,SHJ,CLINIC,NMC MEDICAL CENTER L.L.C SHJ BR.3,MOH-F-1000056,MUWAILEH,MUWEILAH - SHEIKH KHALIFA BIN ZAYED AL NAHYAN RD - MUWAILEH COMMERCIAL -INDUSTRIAL AREA - SHARJAH -UNITED ARAB EMIRATES,06-5182444,https://www.google.com/maps/search/?api=1&query=MUWEILAH%20-%20SHEIKH%20KHALIFA%20BIN%20ZAYED%20AL%20NAHYAN%20RD%20-%20MUWAILEH%20COMMERCIAL%20-INDUSTRIAL%20AREA%20-%20SHARJAH%20-UNITED%20ARAB%20EMIRATES%2C%20Ajman%2C%20UAE,,,
1812,SHJ,SHJ,CLINIC,NMC ROYAL MEDICAL CENTRE LLC-SHAHBA SHARJAH,MOH-F-1000111,AL AROUBA STREET,"OPPOSITE AL QASMIA HOSPITAL, WASIT STREET , SHAHBA,SHARJAH UAE",06-5061666,https://www.google.com/maps/search/?api=1&query=OPPOSITE%20AL%20QASMIA%20HOSPITAL%2C%20WASIT%20STREET%20%2C%20SHAHBA%2CSHARJAH%20UAE%2C%20Ajman%2C%20UAE,,,
1813,SHJ,SHJ,CLINIC,"SUNNY MAYSLOON SPECIALITY MEDICAL CENTRE LLC-KUWAIT STRT, SHARJAH",MOH-F-1000139,KUWAIT STRT,"NEAR LULU HYPERMARKET, MAY SALOON,KUWAIT STRT, SHARJAH",06-5014777,https://www.google.com/maps/search/?api=1&query=NEAR%20LULU%20HYPERMARKET%2C%20MAY%20SALOON%2CKUWAIT%20STRT%2C%20SHARJAH%2C%20Ajman%2C%20UAE,,,
1814,SHJ,SHJ,CLINIC,NMC MEDICAL CENTRE FZC-SHARJAH SAIFZONE,MOH-F-1000537,SAIF ZONE,"SAIFZONE,SHARJAH",06-5455966,https://www.google.com/maps/search/?api=1&query=SAIFZONE%2CSHARJAH%2C%20Ajman%2C%20UAE,,,
1815,SHJ,SHJ,CLINIC,NASMAT AL SHIFAA MEDICAL CENTRE,MOH-F-1000055,IND. AREA 10,"THIRD INDUSTRIAL ST, OPP. TABLIGHI MASJID، BETWEEN GATE NO 1 & 2, INDUSTRIAL AREA 10 - SHARJAH",06-5562235,https://www.google.com/maps/search/?api=1&query=THIRD%20INDUSTRIAL%20ST%2C%20OPP.%20TABLIGHI%20MASJID%D8%8C%20BETWEEN%20GATE%20NO%201%20%26%202%2C%20INDUSTRIAL%20AREA%2010%20-%20SHARJAH%2C%20Ajman%2C%20UAE,,,
1816,SHJ,SHJ,CLINIC,WECARE CLINIC LLC,MOH-F-1000585,INDUSTRIAL AREA 10,"SHOP NO 2, KHANSAHIB BUILDING , INDUSTRIAL AREA 10, SHARJAH",06-5779977,https://www.google.com/maps/search/?api=1&query=SHOP%20NO%202%2C%20KHANSAHIB%20BUILDING%20%2C%20INDUSTRIAL%20AREA%2010%2C%20SHARJAH%2C%20Ajman%2C%20UAE,,,
1817,SHJ,SHJ,CLINIC,(LIBERTY GR)-AL DUNIA MEDICAL CENTER LLC,MOH-F-1000151,MUWAILEH,"SHOP NO 5, MUWAILEH STAR BUILDING, MUWAILEH COMMERCIAL AREA, SHARJAH. ",06-5546644,https://www.google.com/maps/search/?api=1&query=SHOP%20NO%205%2C%20MUWAILEH%20STAR%20BUILDING%2C%20MUWAILEH%20COMMERCIAL%20AREA%2C%20SHARJAH.%2C%20Ajman%2C%20UAE,,,
1818,SHJ,SHJ,CLINIC,(LIBERTY GR)-AL NAHDA MEDICAL CENTER,MOH-F-1000155,AL NAHDA,"AL NAHDA,SHARJAH,UAE",06-5384466,https://www.google.com/maps/search/?api=1&query=AL%20NAHDA%2CSHARJAH%2CUAE%2C%20Ajman%2C%20UAE,,,
1819,SHJ,SHJ,CLINIC,AL RABEE MEDICAL CENTER,MOH-F-1000147,IND AREA-2,"INDUSTRIAL AREA 2,SHARJAH,UAE",06-5391222,https://www.google.com/maps/search/?api=1&query=INDUSTRIAL%20AREA%202%2CSHARJAH%2CUAE%2C%20Ajman%2C%20UAE,,,
1820,SHJ,SHJ,CLINIC,(LIBERTY GR)-LIBERTY MEDICAL CENTER,MOH-F-1000158,ABU SHAGARA,"ABUSHAGARA,SHARJAH,UAE",06-5599379,https://www.google.com/maps/search/?api=1&query=ABUSHAGARA%2CSHARJAH%2CUAE%2C%20Ajman%2C%20UAE,,,
1821,SHJ,SHJ,CLINIC,AL AFYA MEDICAL CENTRE,MOH6778,ROLLA,"OPP:ROLLA SQUARE PARK,RUBY CARGO BLDG,FLAT 101",06 5626060,https://www.google.com/maps/search/?api=1&query=OPP%3AROLLA%20SQUARE%20PARK%2CRUBY%20CARGO%20BLDG%2CFLAT%20101%2C%20Ajman%2C%20UAE,,,
1822,SHJ,SHJ,CLINIC,MARVELLOUS MEDICAL CENTER L.L.C. S.P(FORMERLY AL DALLAH MEDICAL CENTRE LLC),MOH-F-1000363,ROLLA,"SOUQ AL ROLLA BUILDING, 1ST FLOOR, FLAT NO : 103, AL AROOBA STREET, UMM AL TARAFA, AL ROLLA. ",06-5614266,https://www.google.com/maps/search/?api=1&query=SOUQ%20AL%20ROLLA%20BUILDING%2C%201ST%20FLOOR%2C%20FLAT%20NO%20%3A%20103%2C%20AL%20AROOBA%20STREET%2C%20UMM%20AL%20TARAFA%2C%20AL%20ROLLA.%2C%20Ajman%2C%20UAE,,,
1823,SHJ,SHJ,CLINIC,BAB AL SAJJAH MEDICAL CENTER,MOH-F-1000267,AL SAJJA,"SHOP # 4&5MALIK HAMMAD SULTAN BUILDING,NEAR NOOR AL SAJJAH SUPER MARKET",06-5598211,https://www.google.com/maps/search/?api=1&query=SHOP%20%23%204%265MALIK%20HAMMAD%20SULTAN%20BUILDING%2CNEAR%20NOOR%20AL%20SAJJAH%20SUPER%20MARKET%2C%20Ajman%2C%20UAE,,,
1824,SHJ,SHJ,CLINIC,BRISTOL MEDICAL CENTRE,MOH-F-1000385,AL NAHDA,"GROUND FLOOR, JUMA AL MAJID RESIDENTIAL COMPLEX, SHARJAH - UAE PO BOX 95570",06-5266615,https://www.google.com/maps/search/?api=1&query=GROUND%20FLOOR%2C%20JUMA%20AL%20MAJID%20RESIDENTIAL%20COMPLEX%2C%20SHARJAH%20-%20UAE%20PO%20BOX%2095570%2C%20Ajman%2C%20UAE,,,
1825,SHJ,SHJ,CLINIC,DEEPA CLINIC,MOH-F-1000193,ROLLA,"ALI GARGASH BUILDING,BEHIND KFC PIZZA HUT,1ST FLOOR FLAT 102,ROLLA TREET SHARJAH",06 5686614,https://www.google.com/maps/search/?api=1&query=ALI%20GARGASH%20BUILDING%2CBEHIND%20KFC%20PIZZA%20HUT%2C1ST%20FLOOR%20FLAT%20102%2CROLLA%20TREET%20SHARJAH%2C%20Ajman%2C%20UAE,,,
1826,SHJ,SHJ,CLINIC,MAMPILLY MEDICAL CENTRE,MOH-F-1000079,ROLLA,ABV. UAE EXCHANGE BLDG. ROLLA ST.,06-5616464,https://www.google.com/maps/search/?api=1&query=ABV.%20UAE%20EXCHANGE%20BLDG.%20ROLLA%20ST.%2C%20Ajman%2C%20UAE,,,
1827,SHJ,SHJ,CLINIC,MEDICARE MEDICAL CENTRE SHARJAH,MOH-F-1000024,ROLLA,"OLD UAE EXCHANGE BLDG., ROLLA",06-5626922,https://www.google.com/maps/search/?api=1&query=OLD%20UAE%20EXCHANGE%20BLDG.%2C%20ROLLA%2C%20Ajman%2C%20UAE,,,
1828,SHJ,SHJ,CLINIC,MEGA MEDICAL CENTER-SHARJAH,MOH903,AL WAHDA,"NEAR 2D SUBWAY, AL WAHDA STREET,SHARJAH",06-5396200,https://www.google.com/maps/search/?api=1&query=NEAR%202D%20SUBWAY%2C%20AL%20WAHDA%20STREET%2CSHARJAH%2C%20Ajman%2C%20UAE,,,
1829,SHJ,SHJ,CLINIC,MGM MEDICAL CENTRE LLC,MOH7053,ROLLA,"ROLLA MALL, 3RD FLOOR, UNITS 305, 306, 307,ROLLA, SHARJAH – UAE",06-5741444,https://www.google.com/maps/search/?api=1&query=ROLLA%20MALL%2C%203RD%20FLOOR%2C%20UNITS%20305%2C%20306%2C%20307%2CROLLA%2C%20SHARJAH%20%E2%80%93%20UAE%2C%20Ajman%2C%20UAE,,,
1830,SHJ,SHJ,CLINIC,PESHAWAR MEDICAL CENTRE LLC,MOH-F-1000175,ROLLA,"AL AROUBA TREE,AL ROLLA SHARJAH",06 5633755,https://www.google.com/maps/search/?api=1&query=AL%20AROUBA%20TREE%2CAL%20ROLLA%20SHARJAH%2C%20Ajman%2C%20UAE,,,
1831,SHJ,SHJ,CLINIC,REGAL MEDICAL CENTRE,MOH-F-1000469,NATIONAL PAINTS,"SHOP NO. 5, BELRESHEED BUILDING BLDG. NO.2516, MALEHA ST, NEAR NATIONAL PAINTS, MUWAILAH, SHARJAH, UAE",055-1409352,https://www.google.com/maps/search/?api=1&query=SHOP%20NO.%205%2C%20BELRESHEED%20BUILDING%20BLDG.%20NO.2516%2C%20MALEHA%20ST%2C%20NEAR%20NATIONAL%20PAINTS%2C%20MUWAILAH%2C%20SHARJAH%2C%20UAE%2C%20Ajman%2C%20UAE,,,
1832,SHJ,SHJ,CLINIC,SIYAD SPECIALIST MEDICAL CENTRE,MOH-F-1000174,MUWEILAH,"SHOP NO. 1, AL WADI BLDG,MALIHA ROAD,MUWEILAH, SHARJAH",06-5358305,https://www.google.com/maps/search/?api=1&query=SHOP%20NO.%201%2C%20AL%20WADI%20BLDG%2CMALIHA%20ROAD%2CMUWEILAH%2C%20SHARJAH%2C%20Ajman%2C%20UAE,,,
1833,SHJ,SHJ,CLINIC,AL BURJ AL THAHBI MEDICAL CENTER,MOH 755194,IND AREA 3,SHARJAH INDUSTRIAL AREA NO.3,06-5275553,https://www.google.com/maps/search/?api=1&query=SHARJAH%20INDUSTRIAL%20AREA%20NO.3%2C%20Ajman%2C%20UAE,,,
1834,SHJ,SHJ,CLINIC,DAR AL SALAM MEDICAL CENTER,MOH-F-1000148,IND AREA 3,"UNIT 14, AL MUBARAK HYPERMARKET BUILDING, SHARJAH INDUSTRIAL AREA 3",06-5213535,https://www.google.com/maps/search/?api=1&query=UNIT%2014%2C%20AL%20MUBARAK%20HYPERMARKET%20BUILDING%2C%20SHARJAH%20INDUSTRIAL%20AREA%203%2C%20Ajman%2C%20UAE,,,
1835,SHJ,SHJ,CLINIC,LIMAR MEDICAL CENTRE,MOH-F-1000097,CORNICHE,"3RD FLOOR,AL SHAMSI BLDG,AL BUHAIRA CORNICHE SHARJAH, BESIDE KFC, PO BOX:23541",06-5744245,https://www.google.com/maps/search/?api=1&query=3RD%20FLOOR%2CAL%20SHAMSI%20BLDG%2CAL%20BUHAIRA%20CORNICHE%20SHARJAH%2C%20BESIDE%20KFC%2C%20PO%20BOX%3A23541%2C%20Ajman%2C%20UAE,,,
1836,SHJ,SHJ,CLINIC,AL AFDAL MEDICAL CENTER,MOH-F-1000337,AL MAHATTA,"SHOP NO3, AL TAWOOS BUILDING, KING ABDUL AZIZ ROAD, OPPOSITE EMIRATES NBD, AL MAHATTA, SHARJAH",06-5590007,https://www.google.com/maps/search/?api=1&query=SHOP%20NO3%2C%20AL%20TAWOOS%20BUILDING%2C%20KING%20ABDUL%20AZIZ%20ROAD%2C%20OPPOSITE%20EMIRATES%20NBD%2C%20AL%20MAHATTA%2C%20SHARJAH%2C%20Ajman%2C%20UAE,,,
1837,SHJ,SHJ,CLINIC,AL BARAKAH CLINIC,MOH-F-1000207,IND AREA-5,INDUSTRIAL AREA 5,06-5431763,https://www.google.com/maps/search/?api=1&query=INDUSTRIAL%20AREA%205%2C%20Ajman%2C%20UAE,,,
1838,SHJ,SHJ,CLINIC,AL MEHAR MEDICAL CENTRE LLC(MODERN FAMILY CLINIC),MOH-F-1000152,KING FAIZAL STREET,MODERN BUILDING KING FAISEL ROAD SHARJAH,06-5420066,https://www.google.com/maps/search/?api=1&query=MODERN%20BUILDING%20KING%20FAISEL%20ROAD%20SHARJAH%2C%20Ajman%2C%20UAE,,,
1839,SHJ,SHJ,CLINIC,AL BUSTAN MEDICAL CENTRE DHAID,MOH-F-1000395,AL DHAID,"1ST FLOOR, ALI BUILDING, OFFICE #102 FALAJ ROAD, AL DHAID, SHARJAH",06-8829924,https://www.google.com/maps/search/?api=1&query=1ST%20FLOOR%2C%20ALI%20BUILDING%2C%20OFFICE%20%23102%20FALAJ%20ROAD%2C%20AL%20DHAID%2C%20SHARJAH%2C%20Ajman%2C%20UAE,,,
1840,SHJ,SHJ,CLINIC,STARCARE MEDICAL CENTER L.L.C,MOH-F-1000429,ROLLA,"MALABAR PLAZA, AL GHUWAIR, 8TH STREET, OPP. ROLLA PARK, ROLLA",06- 5611099,https://www.google.com/maps/search/?api=1&query=MALABAR%20PLAZA%2C%20AL%20GHUWAIR%2C%208TH%20STREET%2C%20OPP.%20ROLLA%20PARK%2C%20ROLLA%2C%20Ajman%2C%20UAE,,,
1841,SHJ,SHJ,CLINIC,NOOR AL MADINA MEDICAL CENTER,MOH-F-1000201,IND AREA-11,"NOOR AL MADINA MEDICAL CENTER,SHARJAH-INDUSTRIAL AREA,11 MALIHA STREET-FLAT NO-101+103+104+105 PO BOX-97530",06-5388303,https://www.google.com/maps/search/?api=1&query=NOOR%20AL%20MADINA%20MEDICAL%20CENTER%2CSHARJAH-INDUSTRIAL%20AREA%2C11%20MALIHA%20STREET-FLAT%20NO-101%2B103%2B104%2B105%20PO%20BOX-97530%2C%20Ajman%2C%20UAE,,,
1842,SHJ,SHJ,CLINIC,AL DARARY MEDICAL CENTRE,MOH-F-1000492,INDUSTRIAL AREA 1,"INDUSTRIAL AREA 1, SHARJAH,UAE",06-5336176,https://www.google.com/maps/search/?api=1&query=INDUSTRIAL%20AREA%201%2C%20SHARJAH%2CUAE%2C%20Ajman%2C%20UAE,,,
1843,SHJ,SHJ,CLINIC,DR.ALI SALEEM EL HINDI CLINIC LLC,MOH-F-1000362,INDUSTRIAL AREA,"PO BOX NO.4500, SHARJAH, UNITED ARAB EMIRATES,",06-5746006,https://www.google.com/maps/search/?api=1&query=PO%20BOX%20NO.4500%2C%20SHARJAH%2C%20UNITED%20ARAB%20EMIRATES%2C%2C%20Ajman%2C%20UAE,,,
1844,SHJ,SHJ,CLINIC,ANTONY MEDICAL CENTRE,MOH-F-1000320,AL NABBA,"MUBARAK CENTRE,2ND FLOOR,AL NABBA AREA",06-5630555,https://www.google.com/maps/search/?api=1&query=MUBARAK%20CENTRE%2C2ND%20FLOOR%2CAL%20NABBA%20AREA%2C%20Ajman%2C%20UAE,,,
1845,SHJ,SHJ,CLINIC,HEALTH VISION MEDICAL CENTER LLC,MOH-F-1000033,WASIT,"FLAT # 111, ZUBAIR REAL ESTATE BUILDING, EMIRATES ISLAMIC BANK & ADIB BUILDING, FIRST FLOOR, WASIT SHARJAH",06-5959400,https://www.google.com/maps/search/?api=1&query=FLAT%20%23%20111%2C%20ZUBAIR%20REAL%20ESTATE%20BUILDING%2C%20EMIRATES%20ISLAMIC%20BANK%20%26%20ADIB%20BUILDING%2C%20FIRST%20FLOOR%2C%20WASIT%20SHARJAH%2C%20Ajman%2C%20UAE,,,
1846,SHJ,SHJ,CLINIC,SANA HABIB MEDICAL CENTRE,MOH-F-1000361,KING FAISAL STREET,CG MALL KING FAISAL STREET SHARJAH,06-5396566,https://www.google.com/maps/search/?api=1&query=CG%20MALL%20KING%20FAISAL%20STREET%20SHARJAH%2C%20Ajman%2C%20UAE,,,
1847,SHJ,SHJ,CLINIC,AL NASEEM MEDICAL CENTRE LLC,MOH-F-1000634,AL WAHDA STREET,"AL WAHDA BUILDING 2 , M106 , FIRST FLOOR  , AL WAHDA STREET, SHARJAH, UAE",06-5691000,https://www.google.com/maps/search/?api=1&query=AL%20WAHDA%20BUILDING%202%20%2C%20M106%20%2C%20FIRST%20FLOOR%20%20%2C%20AL%20WAHDA%20STREET%2C%20SHARJAH%2C%20UAE%2C%20Ajman%2C%20UAE,,,
1848,SHJ,SHJ,CLINIC,BHATIA MEDICAL CENTRE LLC,MOH5569,ROLLA,"BHATIA MEDICAL CENTRE BUILDING, ROLLA , BANK STREET, OPPOSITE MAJID PHARMACY",06-5753888,https://www.google.com/maps/search/?api=1&query=BHATIA%20MEDICAL%20CENTRE%20BUILDING%2C%20ROLLA%20%2C%20BANK%20STREET%2C%20OPPOSITE%20MAJID%20PHARMACY%2C%20Ajman%2C%20UAE,,,
1849,SHJ,SHJ,CLINIC,BHATIA MUWAILEH MEDICAL CENTRE LLC,7953,SHARJAH," JASSIM #3 BUILDING, MUWAILEH COMMERCIAL, BEHIND DUBAI ISLAMIC BANK , SHARJAH",06-5578772,https://www.google.com/maps/search/?api=1&query=JASSIM%20%233%20BUILDING%2C%20MUWAILEH%20COMMERCIAL%2C%20BEHIND%20DUBAI%20ISLAMIC%20BANK%20%2C%20SHARJAH%2C%20Ajman%2C%20UAE,,,
1850,SHJ,SHJ,CLINIC,DOOA  MEDICAL CLINIC,MOH-F-1000230,HAMRIYAH,NEAR  EMIRATES  POST/ HAMRIYAH  FREE  ZONE  PHASE 1,050-2068125,https://www.google.com/maps/search/?api=1&query=NEAR%20%20EMIRATES%20%20POST/%20HAMRIYAH%20%20FREE%20%20ZONE%20%20PHASE%201%2C%20Ajman%2C%20UAE,,,
1851,SHJ,SHJ,CLINIC,SAM SPECIALIST MEDICAL CENTRE,MOH-F-1000440,AL MAJAZ 1,"FLAT 1401 AL NAKHEEL TOWER, BUHAIRAH CORNICHE AL MAJAZ 1, SHARJAH, UAE",06-574 4664,https://www.google.com/maps/search/?api=1&query=FLAT%201401%20AL%20NAKHEEL%20TOWER%2C%20BUHAIRAH%20CORNICHE%20AL%20MAJAZ%201%2C%20SHARJAH%2C%20UAE%2C%20Ajman%2C%20UAE,,,
1852,SHJ,SHJ,CLINIC,ABRAHAMS MEDICAL CENTRE,MOH-F-1000184,ROLLA,"303, ROLLA TOWER BUILDING - AL ZAHRA'A ST - AL SHARJAH, PO BOX-3079",06-5612737,https://www.google.com/maps/search/?api=1&query=303%2C%20ROLLA%20TOWER%20BUILDING%20-%20AL%20ZAHRA%27A%20ST%20-%20AL%20SHARJAH%2C%20PO%20BOX-3079%2C%20Ajman%2C%20UAE,,,
1853,SHJ,SHJ,CLINIC,AL AMUMAH MEDICAL CENTER,MOH-F-1000219,NEAR SHARJAH POST OFFICE,"FIRST FLOOR - NEW INVESTMENT BUILDING,  NEAR SHARJAH POST OFFICE, IRANI MARKET",06-5667661,https://www.google.com/maps/search/?api=1&query=FIRST%20FLOOR%20-%20NEW%20INVESTMENT%20BUILDING%2C%20%20NEAR%20SHARJAH%20POST%20OFFICE%2C%20IRANI%20MARKET%2C%20Ajman%2C%20UAE,,,
1854,SHJ,SHJ,CLINIC,CARE MEDICAL CENTRE(IMARA GR),MOH-F-1000254,SHAHABA,SHAHABA SHARJAH,06-5455501,https://www.google.com/maps/search/?api=1&query=SHAHABA%20SHARJAH%2C%20Ajman%2C%20UAE,,,
1855,SHJ,SHJ,CLINIC,IDEAL MEDICAL CENTER,MOH-F-1000048,ROLLA,"1ST FLOOR,MALABAR GOLD BUILDING,ROLLA",06-5623844,https://www.google.com/maps/search/?api=1&query=1ST%20FLOOR%2CMALABAR%20GOLD%20BUILDING%2CROLLA%2C%20Ajman%2C%20UAE,,,
1856,SHJ,SHJ,CLINIC,AL SABAH MEDICAL CENTRE LLC(HNC GROUP),MOH-F-1000222,MUWAILAH,"1ST FLOOR,AL BHAKITH BUILDING,MUWAILAH ,SHARJAH, NEAR SHARJAH NATIONAL PAINTS, P.O. BOX: 78431",06-531 5001,https://www.google.com/maps/search/?api=1&query=1ST%20FLOOR%2CAL%20BHAKITH%20BUILDING%2CMUWAILAH%20%2CSHARJAH%2C%20NEAR%20SHARJAH%20NATIONAL%20PAINTS%2C%20P.O.%20BOX%3A%2078431%2C%20Ajman%2C%20UAE,,,
1857,SHJ,SHJ,CLINIC,GOOD HEALTH SPECIALIZED MEDICAL CENTRE,MOH-F-1000050,AL NAHDA,"GROUND FLOOR, SANA BUILDING , AL WAHDA STREET, NEAR SHARJAH CITY CENTER, SHARJAH
                 ",06-5541600,https://www.google.com/maps/search/?api=1&query=GROUND%20FLOOR%2C%20SANA%20BUILDING%20%2C%20AL%20WAHDA%20STREET%2C%20NEAR%20SHARJAH%20CITY%20CENTER%2C%20SHARJAH%2C%20Ajman%2C%20UAE,,,
1858,SHJ,SHJ,CLINIC,EVE MEDICAL CENTRE LLC(SHJ),MOH-F-1000526,AL FAHYA STREET,"OPPOSITE OF NMC MAYSALOON, AL FAYHA STREET, VILLA 159, SHARJAH, UAE ",06-5210100,https://www.google.com/maps/search/?api=1&query=OPPOSITE%20OF%20NMC%20MAYSALOON%2C%20AL%20FAYHA%20STREET%2C%20VILLA%20159%2C%20SHARJAH%2C%20UAE%2C%20Ajman%2C%20UAE,,,
1859,SHJ,SHJ,CLINIC,VENNIYIL MEDICAL CENTRE,MOH-F-1000026,CORNICH,"1ST FLOOR,INVESTMENT BLDG.AL SHUWAIHEEN AREA, CORNICH ROAD,SHARJAH",06-5682258,https://www.google.com/maps/search/?api=1&query=1ST%20FLOOR%2CINVESTMENT%20BLDG.AL%20SHUWAIHEEN%20AREA%2C%20CORNICH%20ROAD%2CSHARJAH%2C%20Ajman%2C%20UAE,,,
1860,SHJ,SHJ,CLINIC,REEM SPECIALIST MEDICAL CENTRE -ROLLA SHARJAH,MOHI126,SHARJAH,"1ST FLOOR, OLD UAE EXCHANGE BLDG, ROLLA SQUARE, ROLLA, P.O.BOX: 21764",06-5625422,https://www.google.com/maps/search/?api=1&query=1ST%20FLOOR%2C%20OLD%20UAE%20EXCHANGE%20BLDG%2C%20ROLLA%20SQUARE%2C%20ROLLA%2C%20P.O.BOX%3A%2021764%2C%20Ajman%2C%20UAE,,,
1861,SHJ,SHJ,CLINIC,REEM AL NAHDA MEDICAL CENTRE,MOHM2265,AL NAHDA,AL SHAIBA BLDNG FLAT 101 OPP CARREFOUR,06-5302464,https://www.google.com/maps/search/?api=1&query=AL%20SHAIBA%20BLDNG%20FLAT%20101%20OPP%20CARREFOUR%2C%20Ajman%2C%20UAE,,,
1862,SHJ,SHJ,CLINIC,ASTER AL NAHDA -SHARJAH,MOH6764,AL ITTIHAD ROAD,"GROUND FLOOR, GOLDEN SANDS BUILDING,NEAR SAFEER MALL, AL ITTIHAD ROAD,POB.27127.SHARJAH,UAE",06-5267111,https://www.google.com/maps/search/?api=1&query=GROUND%20FLOOR%2C%20GOLDEN%20SANDS%20BUILDING%2CNEAR%20SAFEER%20MALL%2C%20AL%20ITTIHAD%20ROAD%2CPOB.27127.SHARJAH%2CUAE%2C%20Ajman%2C%20UAE,,,
1863,SHJ,SHJ,CLINIC,ASTER MEDICAL CENTRE-ABU TINA,MOH6968,ABUTINA,"SHAIKH MAJID BIN SAUD BIN KHALID BUILDING, GROUND FLOOR, SHOP NO:1 &2,AL SHARQ STREET NO - 103, SHARJAH ABUTINA.",06-5619045,https://www.google.com/maps/search/?api=1&query=SHAIKH%20MAJID%20BIN%20SAUD%20BIN%20KHALID%20BUILDING%2C%20GROUND%20FLOOR%2C%20SHOP%20NO%3A1%20%262%2CAL%20SHARQ%20STREET%20NO%20-%20103%2C%20SHARJAH%20ABUTINA.%2C%20Ajman%2C%20UAE,,,
1864,SHJ,SHJ,CLINIC,ASTER MEDICAL CENTRE-ABUSHAGARA,MOH6984,ABU SHAGARA,"ASTER BUILDING, GROUND FLOOR, SHOP NO:1, NEAR ABU SHAGARA PARK, ABU SHAGARA",06-5568225,https://www.google.com/maps/search/?api=1&query=ASTER%20BUILDING%2C%20GROUND%20FLOOR%2C%20SHOP%20NO%3A1%2C%20NEAR%20ABU%20SHAGARA%20PARK%2C%20ABU%20SHAGARA%2C%20Ajman%2C%20UAE,,,
1865,SHJ,SHJ,CLINIC,ASTER MUWAILEH MEDICAL CENTER,MOH-F-1000553,MUWAILEH,MUWAILEH - BH STREET SH.MOHAMED BIN ZAYED,06-5358027,https://www.google.com/maps/search/?api=1&query=MUWAILEH%20-%20BH%20STREET%20SH.MOHAMED%20BIN%20ZAYED%2C%20Ajman%2C%20UAE,,,
1866,SHJ,SHJ,CLINIC,ACCESS AL ROLLA MEDICAL CENTRE,MOH6765,ROLLA,"ADNIC TOWER, GROUND 1,2,3, IBRAHIM MOHAMMAD AL MEDFA'A, UM AL TARAFA, OPPOSITE UNION NATIONAL BANK, PO BOX 33556",06-5612050,https://www.google.com/maps/search/?api=1&query=ADNIC%20TOWER%2C%20GROUND%201%2C2%2C3%2C%20IBRAHIM%20MOHAMMAD%20AL%20MEDFA%27A%2C%20UM%20AL%20TARAFA%2C%20OPPOSITE%20UNION%20NATIONAL%20BANK%2C%20PO%20BOX%2033556%2C%20Ajman%2C%20UAE,,,
1867,SHJ,SHJ,CLINIC,ACCESS CLINIC MUWEILAH,MOH2812,MUWEILAH,MUWEILAH NEAR NATIONAL PAINTS,06-5359933,https://www.google.com/maps/search/?api=1&query=MUWEILAH%20NEAR%20NATIONAL%20PAINTS%2C%20Ajman%2C%20UAE,,,
1868,SHJ,SHJ,CLINIC,AL YAMAMAH MEDICAL CENTRE,MOH6211,IND AREA-10,"INDUSTRIAL ARE 10, SHARJAH",06 5352160,https://www.google.com/maps/search/?api=1&query=INDUSTRIAL%20ARE%2010%2C%20SHARJAH%2C%20Ajman%2C%20UAE,,,
1869,SHJ,SHJ,CLINIC,ZAFERULLA MEDICAL CENTRE,MOH-F-1000157,NATIONAL PAINTS,"INDUSTRIAL ARE 11, SHARJAH",06 5443080,https://www.google.com/maps/search/?api=1&query=INDUSTRIAL%20ARE%2011%2C%20SHARJAH%2C%20Ajman%2C%20UAE,,,
1870,SHJ,SHJ,CLINIC,AL BANNA MEDICAL CENTERE,MOH-F-1000228,INDUSTRIAL AREA 12,"0 FLOOR, AL THURAYA BLDG",06-5327228,https://www.google.com/maps/search/?api=1&query=0%20FLOOR%2C%20AL%20THURAYA%20BLDG%2C%20Ajman%2C%20UAE,,,
1871,SHJ,SHJ,CLINIC,ALNOOR ALNAHDA POLY CLINIC L.L.C (FORMERLY AL SHIFA AL UROPI MEDICAL CENTER LLC),MOH6662,AL NAHDA,"AL NAHDA,SHARJAH,UAE",06-5376969,https://www.google.com/maps/search/?api=1&query=AL%20NAHDA%2CSHARJAH%2CUAE%2C%20Ajman%2C%20UAE,,,
1872,SHJ,SHJ,CLINIC,AL SHIFA AL KHALEEJI MEDICAL CENTRE(SHJ),MOH-F-1000418,CATERPILLAR ROAD,"INDUSTRAIL AREA NO. 2, CATERPILLAR ROAD, OPPOSITE TO ADNOC PETROL STATION NEXT TO DYNATRADE SERVICE CENTER, SHARJAH",06-5328558,https://www.google.com/maps/search/?api=1&query=INDUSTRAIL%20AREA%20NO.%202%2C%20CATERPILLAR%20ROAD%2C%20OPPOSITE%20TO%20ADNOC%20PETROL%20STATION%20NEXT%20TO%20DYNATRADE%20SERVICE%20CENTER%2C%20SHARJAH%2C%20Ajman%2C%20UAE,,,
1873,SHJ,SHJ,CLINIC,AL FAIEZ MEDICAL CENTRE(AL- SHAMS GROUP),MOH-F-1000063,AL MADAM,"PO. BOX 25474 HOWAIDHEN BLDG, FLOOR 1, FLAT 101-104, HATTA ROAD, AL MADAM, SHARJAH",06-8861202,https://www.google.com/maps/search/?api=1&query=PO.%20BOX%2025474%20HOWAIDHEN%20BLDG%2C%20FLOOR%201%2C%20FLAT%20101-104%2C%20HATTA%20ROAD%2C%20AL%20MADAM%2C%20SHARJAH%2C%20Ajman%2C%20UAE,,,
1874,SHJ,SHJ,CLINIC,AL FURQAN MEDICAL CENTRE,MOH-F-1000065,IND AAREA -11,"PO. BOX 48431, M- 2179, FLOOR 1, SALEM SAEED OMAI AL JABERI BLDG, INDUSTRIAL AREA 11SHARJAH",06-5353868,https://www.google.com/maps/search/?api=1&query=PO.%20BOX%2048431%2C%20M-%202179%2C%20FLOOR%201%2C%20SALEM%20SAEED%20OMAI%20AL%20JABERI%20BLDG%2C%20INDUSTRIAL%20AREA%2011SHARJAH%2C%20Ajman%2C%20UAE,,,
1875,SHJ,SHJ,CLINIC,AL SHAMS AL JADEED MEDICAL CENTRE,MOH-F-1000061,IND AREA-5,"PO. BOX 25686, WAHID SALIM BLDG, FLOOR M, FLAT M6, DOUBLE COLA ROAD, INDUSTRIAL AREA 5, SHARJAH",06-5397539,https://www.google.com/maps/search/?api=1&query=PO.%20BOX%2025686%2C%20WAHID%20SALIM%20BLDG%2C%20FLOOR%20M%2C%20FLAT%20M6%2C%20DOUBLE%20COLA%20ROAD%2C%20INDUSTRIAL%20AREA%205%2C%20SHARJAH%2C%20Ajman%2C%20UAE,,,
1876,SHJ,SHJ,CLINIC,AL SHAMS MEDICAL CENTRE-AREA 3 SHJ,MOH-F-1000060,CATERPILLAR ROAD,"PO. BOX 34792, SHIHAB SULAIMAN BLDG, FLAT 113-115, CATERPILLAR AREA ROAD, AREA 3, SHARJAH",06-5424255,https://www.google.com/maps/search/?api=1&query=PO.%20BOX%2034792%2C%20SHIHAB%20SULAIMAN%20BLDG%2C%20FLAT%20113-115%2C%20CATERPILLAR%20AREA%20ROAD%2C%20AREA%203%2C%20SHARJAH%2C%20Ajman%2C%20UAE,,,
1877,SHJ,SHJ,CLINIC,AL KANARY MEDICAL CENTRE L.L.C,MOH-F-1000062,MUWLEIH,"FATHIMA SAIF BLDG, SHOPS 7/8 EMIRATES ROAD, NATIONAL PAINTS R/A, MUWLEIH COMMERCIAL, SHARJAH, PO 60936",06-534 4439,https://www.google.com/maps/search/?api=1&query=FATHIMA%20SAIF%20BLDG%2C%20SHOPS%207/8%20EMIRATES%20ROAD%2C%20NATIONAL%20PAINTS%20R/A%2C%20MUWLEIH%20COMMERCIAL%2C%20SHARJAH%2C%20PO%2060936%2C%20Ajman%2C%20UAE,,,
1878,SHJ,SHJ,CLINIC,AL SEYOUH MEDICAL CENTER,MOH-F-1000758,INDUSTRIAL AREA 4,"NEAR GIFT MART, SHARJAH INDUSTRIAL AREA 4, SHARJAH, UAE",06-5594836,https://www.google.com/maps/search/?api=1&query=NEAR%20GIFT%20MART%2C%20SHARJAH%20INDUSTRIAL%20AREA%204%2C%20SHARJAH%2C%20UAE%2C%20Ajman%2C%20UAE,,,
1879,SHJ,SHJ,CLINIC,AL QASIMIAH MEDICAL CLINIC,MOH-F-1000313,AL SAJJA,"NEAR SHARJAH CEMENT FACTORY, ALI MOOSA BUILDING, SAJJA INDUSTRIAL AREA",06-5310050,https://www.google.com/maps/search/?api=1&query=NEAR%20SHARJAH%20CEMENT%20FACTORY%2C%20ALI%20MOOSA%20BUILDING%2C%20SAJJA%20INDUSTRIAL%20AREA%2C%20Ajman%2C%20UAE,,,
1880,SHJ,SHJ,CLINIC,AL RAHAH MEDICAL CENTRE,MOH-F-1000002,IND AREA-2,"INDUSTRIAL AREA 2, SHARJAH",06-5425260,https://www.google.com/maps/search/?api=1&query=INDUSTRIAL%20AREA%202%2C%20SHARJAH%2C%20Ajman%2C%20UAE,,,
1881,SHJ,SHJ,CLINIC,YAS MEDICAL CENTER LLC,MOH-F-1000194,SAJJA,"NEAR LULU INTERNATIONAL EXCHANGE, SAJJA INDUSTRIAL AREA",06-5361258,https://www.google.com/maps/search/?api=1&query=NEAR%20LULU%20INTERNATIONAL%20EXCHANGE%2C%20SAJJA%20INDUSTRIAL%20AREA%2C%20Ajman%2C%20UAE,,,
1882,SHJ,SHJ,CLINIC,SABAH AL NOOR MEDICAL CENTRE,MOH5895,ABU SHAGARA,"M2 ,A BLOCK,M FLOOR,MR BAKER BUILDING,KING FAISAL ROAD,ABU SHAGARA,SHARJAH",050-3719090,https://www.google.com/maps/search/?api=1&query=M2%20%2CA%20BLOCK%2CM%20FLOOR%2CMR%20BAKER%20BUILDING%2CKING%20FAISAL%20ROAD%2CABU%20SHAGARA%2CSHARJAH%2C%20Ajman%2C%20UAE,,,
1883,SHJ,SHJ,CLINIC,AL MALIHA MEDICAL CENTRE,MOH5882,AL DHAID,"OPPOSITE ETISALAT, AL DHAID,SHARJAH.U.A.E.",06-8823334,https://www.google.com/maps/search/?api=1&query=OPPOSITE%20ETISALAT%2C%20AL%20DHAID%2CSHARJAH.U.A.E.%2C%20Ajman%2C%20UAE,,,
1884,SHJ,SHJ,CLINIC,AL AHLIA REGIONAL MEDICAL CENTRE,MOH-F-1000153,AL MINA ROAD,"ABUSHAGA,SHARJAH,UAE",06-5621700,https://www.google.com/maps/search/?api=1&query=ABUSHAGA%2CSHARJAH%2CUAE%2C%20Ajman%2C%20UAE,,,
1885,SHJ,SHJ,CLINIC,SHAMAL AL AHALIA MEDICAL CENTRE,MOH6879,SHEIKH ZAYED STREET,"SHEIKH ZAYED STREET, NEAR CLOCK TOWER, OPP.KALYAN SILKS",06-5744529,https://www.google.com/maps/search/?api=1&query=SHEIKH%20ZAYED%20STREET%2C%20NEAR%20CLOCK%20TOWER%2C%20OPP.KALYAN%20SILKS%2C%20Ajman%2C%20UAE,,,
1886,SHJ,SHJ,CLINIC,FIRST GULF MEDICAL CENTER-MUWAILAH-(ADVANCED GROUP),MOH-F-1000614,NATIONAL PAINT,"FLAT NO: 102, 1ST FLOOR, AL REEM BUILDING II MUWAILAH, NEAR NATIONAL PAINTS, MALIHA ROAD, SHARJAH - UAE",06-5347573,https://www.google.com/maps/search/?api=1&query=FLAT%20NO%3A%20102%2C%201ST%20FLOOR%2C%20AL%20REEM%20BUILDING%20II%20MUWAILAH%2C%20NEAR%20NATIONAL%20PAINTS%2C%20MALIHA%20ROAD%2C%20SHARJAH%20-%20UAE%2C%20Ajman%2C%20UAE,,,
1887,SHJ,SHJ,CLINIC,ACCESS AL SAJAA CLINIC,MOH-F-1000670,AL SAJAA,"GROUND FLOOR, AL SAJAA SHOPPING CENTRE, FLOOR NO. 25 & 26, AL SAJAA INDUSTRIALAREA, PO. BOX : 33556, SHARJAH, UAE",06 7678795,https://www.google.com/maps/search/?api=1&query=GROUND%20FLOOR%2C%20AL%20SAJAA%20SHOPPING%20CENTRE%2C%20FLOOR%20NO.%2025%20%26%2026%2C%20AL%20SAJAA%20INDUSTRIALAREA%2C%20PO.%20BOX%20%3A%2033556%2C%20SHARJAH%2C%20UAE%2C%20Ajman%2C%20UAE,,,
1888,SHJ,SHJ,CLINIC,DOCTORS MEDICAL CENTRE LLC,MOH-F-1000274,ROLLA,"ADCB BULIDING, FLAT - 5 & 6TH FLOOR,MEENA ROAD,NEAR SHRJAH CENTRAL POST OFFICE, ROLLA",06-5632100,https://www.google.com/maps/search/?api=1&query=ADCB%20BULIDING%2C%20FLAT%20-%205%20%26%206TH%20FLOOR%2CMEENA%20ROAD%2CNEAR%20SHRJAH%20CENTRAL%20POST%20OFFICE%2C%20ROLLA%2C%20Ajman%2C%20UAE,,,
1889,SHJ,SHJ,CLINIC,UNICARE MEDICAL CENTRE LLC,MOH-F-1000416,CLOCK TOWER,"AL SHAMSI BUILDING, AL ZAHRA STREET,102 & 103, 1ST FLOOR,OPPOSITE AL ZAHRA HOSPITAL,NEAR CLOCK TOWER.",06-5630313,https://www.google.com/maps/search/?api=1&query=AL%20SHAMSI%20BUILDING%2C%20AL%20ZAHRA%20STREET%2C102%20%26%20103%2C%201ST%20FLOOR%2COPPOSITE%20AL%20ZAHRA%20HOSPITAL%2CNEAR%20CLOCK%20TOWER.%2C%20Ajman%2C%20UAE,,,
1890,SHJ,SHJ,CLINIC,INARA MEDICAL CENTER,MOH-F-1000679,AL SAJAA,"AL SAJAA INDUSTRIAL AREA, SHARJAH,UAE",06-7676177,https://www.google.com/maps/search/?api=1&query=AL%20SAJAA%20INDUSTRIAL%20AREA%2C%20SHARJAH%2CUAE%2C%20Ajman%2C%20UAE,,,
1891,SHJ,SHJ,CLINIC,LIFELINE MEDICAL CENTRE(FORMERLY DR ASHOK MENON MEDICAL CENTER),MOH-F-1000032,ABU SHAGARA,"ABU SHAGARA, CITY TOWER BLDG. FLAT NO. 11, NEAR PRIME TOWER HOTEL, KING FAISAL ST., ABU SHAGARA,SHARJAH,UAE",06-553 0557,https://www.google.com/maps/search/?api=1&query=ABU%20SHAGARA%2C%20CITY%20TOWER%20BLDG.%20FLAT%20NO.%2011%2C%20NEAR%20PRIME%20TOWER%20HOTEL%2C%20KING%20FAISAL%20ST.%2C%20ABU%20SHAGARA%2CSHARJAH%2CUAE%2C%20Ajman%2C%20UAE,,,
1892,SHJ,SHJ,CLINIC,AL AMANAH MEDICAL CENTER LLC,MOH-F-1000369,AL NABBA,"SUITE 308, 3 RD FLOOR, AL MUBARAK CENTER, AL NABBA, SHARJAH, UAE",06-5615545,https://www.google.com/maps/search/?api=1&query=SUITE%20308%2C%203%20RD%20FLOOR%2C%20AL%20MUBARAK%20CENTER%2C%20AL%20NABBA%2C%20SHARJAH%2C%20UAE%2C%20Ajman%2C%20UAE,,,
1893,SHJ,SHJ,CLINIC,SAHARA MEDICAL CENTRE L.L.C,MOH-F-1000289,GANDA TOWER,"SHOP NO 4,GANDA TOWER,3RD STREET, AL NAHDA SHARJAH, UAE",06-5318887,https://www.google.com/maps/search/?api=1&query=SHOP%20NO%204%2CGANDA%20TOWER%2C3RD%20STREET%2C%20AL%20NAHDA%20SHARJAH%2C%20UAE%2C%20Ajman%2C%20UAE,,,
1894,SHJ,SHJ,CLINIC,RAYHAN GULF MEDICAL CENTER LLC,MOH-F-1000734,ABU SHAGARA,"1ST FLOOR, SHJ COOP, ABU SHAGARA,SHARJAH,UAE",06-5454388,https://www.google.com/maps/search/?api=1&query=1ST%20FLOOR%2C%20SHJ%20COOP%2C%20ABU%20SHAGARA%2CSHARJAH%2CUAE%2C%20Ajman%2C%20UAE,,,
1895,SHJ,SHJ,CLINIC,ISHAQ BIN OMRAN MEDICAL CENTER LLC,MOH-F-1000197,AL QASIMI STREET,"IBO MEDICAL CENTER BUILDING,SHEIKH SALEM AL QASSIMI ST. AL QARAYEN – SHARJAH
",06-5180800,https://www.google.com/maps/search/?api=1&query=IBO%20MEDICAL%20CENTER%20BUILDING%2CSHEIKH%20SALEM%20AL%20QASSIMI%20ST.%20AL%20QARAYEN%20%E2%80%93%20SHARJAH%2C%20Ajman%2C%20UAE,,,
1896,SHJ,SHJ,CLINIC,MODERN HEALTHCARE CENTER LLC,MOH-F-1000732,AL QASIMI STREET,"SW2 BUILDING -3114-KHALED BIN SULTAN AL QASIMI STREET-ALEF COMMUNITY,MUWEILAH COMMERCIAL-SHARJAH,UAE",06-5041200,https://www.google.com/maps/search/?api=1&query=SW2%20BUILDING%20-3114-KHALED%20BIN%20SULTAN%20AL%20QASIMI%20STREET-ALEF%20COMMUNITY%2CMUWEILAH%20COMMERCIAL-SHARJAH%2CUAE%2C%20Ajman%2C%20UAE,,,
1897,SHJ,SHJ,CLINIC,SADAF AL SAJAH MEDICAL CENTRE,MOH-F-1000777,"SAJAH INDUSTRIAL AREA,SAJAH","AHMED AL MULLA BUILDING, FLAT NO-3,4 & 5, SAJAH INDUSTRIAL AREA,SAJAH,SHARJAH,UAE",06-7151998,https://www.google.com/maps/search/?api=1&query=AHMED%20AL%20MULLA%20BUILDING%2C%20FLAT%20NO-3%2C4%20%26%205%2C%20SAJAH%20INDUSTRIAL%20AREA%2CSAJAH%2CSHARJAH%2CUAE%2C%20Ajman%2C%20UAE,,,
1898,SHJ,SHJ,CLINIC,HAPPY WAY MEDICAL CENTER,MOH-F-1000672,ZAM ZAM REST ,"3RD FLOOR,THE RESIDENCE 7 BUILDING,OPP.ZAM ZAM REST ROLLA STREET,SHARJAH,UAE",06-5307069,https://www.google.com/maps/search/?api=1&query=3RD%20FLOOR%2CTHE%20RESIDENCE%207%20BUILDING%2COPP.ZAM%20ZAM%20REST%20ROLLA%20STREET%2CSHARJAH%2CUAE%2C%20Ajman%2C%20UAE,,,
1899,SHJ,SHJ,CLINIC,FAMILY STAR MEDICAL CENTRE,MOH-F-1000798,ABU SHAGARA,BESIDE SEVEN STARS SOLANKI  BUILDING - ABU SHAGHARA - SHARJAH,06-7151858,https://www.google.com/maps/search/?api=1&query=BESIDE%20SEVEN%20STARS%20SOLANKI%20%20BUILDING%20-%20ABU%20SHAGHARA%20-%20SHARJAH%2C%20Ajman%2C%20UAE,,,
1900,SHJ,SHJ,CLINIC,AL MAHABAH CLINIC,MOH-F-1000837,SAJJA,"JAMIA MASJID COMPLEX, OFFICE NO. 101,  SAJJA SHARJAH",050-8775876,https://www.google.com/maps/search/?api=1&query=JAMIA%20MASJID%20COMPLEX%2C%20OFFICE%20NO.%20101%2C%20%20SAJJA%20SHARJAH%2C%20Ajman%2C%20UAE,,,
1901,SHJ,SHJ,CLINIC,AL TAJ AL FADHI CLINIC,MOH-F-1000801,INDUSTRIAL AREA 11,"SHARJAH INDUSTRIAL AREA 11,SHARJAH ,UAE",06-7044671,https://www.google.com/maps/search/?api=1&query=SHARJAH%20INDUSTRIAL%20AREA%2011%2CSHARJAH%20%2CUAE%2C%20Ajman%2C%20UAE,,,
1902,SHJ,SHJ,CLINIC,PURE PATH MEDICAL CENTER LLC SP,MOH-F-1000833,AL SAJJA,"AL SAJAA INDUSTRIAL AREA, CEMENT FACTORY ROAD, SHARJAH",06-5221135,https://www.google.com/maps/search/?api=1&query=AL%20SAJAA%20INDUSTRIAL%20AREA%2C%20CEMENT%20FACTORY%20ROAD%2C%20SHARJAH%2C%20Ajman%2C%20UAE,,,
1903,SHJ,SHJ,CLINIC,SIMRAN MEDICAL CLINIC,MOH-F-1000727,MUWAILAH,"WAHA AL-REEM BUILDING FIRST FLOOR, OFFICE NO. 105, NEAR AL MADINA HYPERMARKET, MUWAILAH,SHARJAH,UAE",054-7141674,https://www.google.com/maps/search/?api=1&query=WAHA%20AL-REEM%20BUILDING%20FIRST%20FLOOR%2C%20OFFICE%20NO.%20105%2C%20NEAR%20AL%20MADINA%20HYPERMARKET%2C%20MUWAILAH%2CSHARJAH%2CUAE%2C%20Ajman%2C%20UAE,,,
1904,SHJ,SHJ,CLINIC,WELL CARE MEDICAL CENTER LLC,MOH-F-1000843,MUWAILAH,"BUILDING NO : 6, MUWEILAH COMMERCIAL, SHARJAH",06-5791444,https://www.google.com/maps/search/?api=1&query=BUILDING%20NO%20%3A%206%2C%20MUWEILAH%20COMMERCIAL%2C%20SHARJAH%2C%20Ajman%2C%20UAE,,,
1905,SHJ,SHJ,CLINIC,AL ARIF MEDICAL CENTRE LLC,MOH-F-1000120,ALNAHDA,"SHOP 1, B BLOCK, TIGER AL YARMOUK BUILDING, NEAR ENOC PETROL PUMP, AL NAHDA, SHARJAH",06-715 4999,https://www.google.com/maps/search/?api=1&query=SHOP%201%2C%20B%20BLOCK%2C%20TIGER%20AL%20YARMOUK%20BUILDING%2C%20NEAR%20ENOC%20PETROL%20PUMP%2C%20AL%20NAHDA%2C%20SHARJAH%2C%20Ajman%2C%20UAE,,,
1906,SHJ,SHJ,CLINIC,MAX CARE MEDICAL CENTRE,MOH-F-1000831,INDUSTRIAL AREA 5,"BMW - MAAZA SIGNAL, NEAR LULU EXCHANGE,INDUSTRIAL AREA 5,SHJ,UAE",056-4131644,https://www.google.com/maps/search/?api=1&query=BMW%20-%20MAAZA%20SIGNAL%2C%20NEAR%20LULU%20EXCHANGE%2CINDUSTRIAL%20AREA%205%2CSHJ%2CUAE%2C%20Ajman%2C%20UAE,,,
1907,SHJ,SHJ,CLINIC,NOOR MEDICAL CENTER,MOH-F-1000544,CORNICHE,"FLAT NO 202, OLD IRANIAN BUILDING, NEAR CORNICH POST OFFICE, SHARJAH, UAE",06-5684974,https://www.google.com/maps/search/?api=1&query=FLAT%20NO%20202%2C%20OLD%20IRANIAN%20BUILDING%2C%20NEAR%20CORNICH%20POST%20OFFICE%2C%20SHARJAH%2C%20UAE%2C%20Ajman%2C%20UAE,,,
1908,SHJ,SHJ,CLINIC,AL AMAL MEDICAL CENTRE LLC,MOH-F-1000603,AL KHAN ST,"AL ITTIHAD ROAD, AL HELAL BLDG - FLAT NO. 203 - AL KHAN ST - SHARJAH",058-5073355,https://www.google.com/maps/search/?api=1&query=AL%20ITTIHAD%20ROAD%2C%20AL%20HELAL%20BLDG%20-%20FLAT%20NO.%20203%20-%20AL%20KHAN%20ST%20-%20SHARJAH%2C%20Ajman%2C%20UAE,,,
1909,SHJ,SHJ,CLINIC,SAMEENA MEDICAL CENTRE L.L.C,MOH-F-1000483,CLOCK TOWER,"101,FIRST FLOOR, AL ZAHRA BUILDING, CLOCK TOWER, SHARJAH,UAE",06-5559010,https://www.google.com/maps/search/?api=1&query=101%2CFIRST%20FLOOR%2C%20AL%20ZAHRA%20BUILDING%2C%20CLOCK%20TOWER%2C%20SHARJAH%2CUAE%2C%20Ajman%2C%20UAE,,,
1910,SHJ,SHJ,CLINIC,AL DHAID MEDICAL CENTRE,MOH-F-1000090,AL DHAID,"FIRST FLOOR , SHAIKH MUHAIR BUILDING, OLD HOSPITAL ROAD, AL DHAID,SHARJAH,UAE",06-8823535,https://www.google.com/maps/search/?api=1&query=FIRST%20FLOOR%20%2C%20SHAIKH%20MUHAIR%20BUILDING%2C%20OLD%20HOSPITAL%20ROAD%2C%20AL%20DHAID%2CSHARJAH%2CUAE%2C%20Ajman%2C%20UAE,,,
1911,SHJ,SHJ,CLINIC,RIAZ SPECIALIST MEDICAL CENTER LLC,MOH-F-1000014,AL WASIT STREET,"AL WASIT STREET, AL SHAHBAH AREA,SHARJAH,UAE",06-5583351,https://www.google.com/maps/search/?api=1&query=AL%20WASIT%20STREET%2C%20AL%20SHAHBAH%20AREA%2CSHARJAH%2CUAE%2C%20Ajman%2C%20UAE,,,
1912,SHJ,SHJ,CLINIC,AL NEBRAS MEDICAL CENTER -L L C SHJ. BR,MOH-F-1000810,AL ZAHIA CITY,"ENTRANCE C, AL ZAHIA CITY CENTER,SHJ,UAE",06-5532400,https://www.google.com/maps/search/?api=1&query=ENTRANCE%20C%2C%20AL%20ZAHIA%20CITY%20CENTER%2CSHJ%2CUAE%2C%20Ajman%2C%20UAE,,,
1913,SHJ,SHJ,CLINIC,AL SANABIL MEDICAL CENTER L.L.C,MOH-F-1000115,BHAIRAH CORNICHE,"GOLDEN TOWER 6TH  AL MAJAZ1 BUHAIRA CORNICHE MARHRIQ BLDG, OPPOSITE MARBELLA RESORT SHARJAH",06-5486662,https://www.google.com/maps/search/?api=1&query=GOLDEN%20TOWER%206TH%20%20AL%20MAJAZ1%20BUHAIRA%20CORNICHE%20MARHRIQ%20BLDG%2C%20OPPOSITE%20MARBELLA%20RESORT%20SHARJAH%2C%20Ajman%2C%20UAE,,,
1914,SHJ,SHJ,CLINIC,EBN HAYAN MEDICAL CENTER,MOH-F-1000640,AL  MAJAZ 3,"AL MAJAZ 3 BUHAIRAH CORNICHE, SHARJAH, UAE",058-5847841,https://www.google.com/maps/search/?api=1&query=AL%20MAJAZ%203%20BUHAIRAH%20CORNICHE%2C%20SHARJAH%2C%20UAE%2C%20Ajman%2C%20UAE,,,
1915,SHJ,SHJ,CLINIC,AL DAWLI MEDICAL COSMETIC CENTER,MOH6748,AL  MAJAZ 3,"AL MAJAZ 3 BUHAIRAH CORNICHE, SHARJAH, UAE",058-5847841,https://www.google.com/maps/search/?api=1&query=AL%20MAJAZ%203%20BUHAIRAH%20CORNICHE%2C%20SHARJAH%2C%20UAE%2C%20Ajman%2C%20UAE,,,
1916,SHJ,SHJ,CLINIC,SHIFA MUWAILEH MEDICAL CENTER L.L.C,MOH-F-1000917,MUWAILEH,"SHARJAH MUWAILEH COMMERCIAL ,AL EMARAT STREET,BUILDING NO 7460,G FLOOR, MUWAILEH,SHARJAH, UAE",06-7401790,https://www.google.com/maps/search/?api=1&query=SHARJAH%20MUWAILEH%20COMMERCIAL%20%2CAL%20EMARAT%20STREET%2CBUILDING%20NO%207460%2CG%20FLOOR%2C%20MUWAILEH%2CSHARJAH%2C%20UAE%2C%20Ajman%2C%20UAE,,,
1917,SHJ,SHJ,CLINIC,NAFEESA MEDICAL CENTER LLC,MOH-F-1000873,ABUSHAGARA,"FLAT NO 104,AL THURAYA TOWER,ABUSHAGARA,SHARJAH,UAE",06-7152940,https://www.google.com/maps/search/?api=1&query=FLAT%20NO%20104%2CAL%20THURAYA%20TOWER%2CABUSHAGARA%2CSHARJAH%2CUAE%2C%20Ajman%2C%20UAE,,,
1918,SHJ,SHJ,CLINIC,TRUE CARE MEDICAL CENTER,MOH-F-1000817,ROLLA,"FLAT # 102, FIRST FLOOR OLD JANATA BANK BULIDING, AL AROUBA STREET, ROLLA, SHARJAH, UAE",06-5453305,https://www.google.com/maps/search/?api=1&query=FLAT%20%23%20102%2C%20FIRST%20FLOOR%20OLD%20JANATA%20BANK%20BULIDING%2C%20AL%20AROUBA%20STREET%2C%20ROLLA%2C%20SHARJAH%2C%20UAE%2C%20Ajman%2C%20UAE,,,
1919,SHJ,SHJ,CLINIC,NABDH AL SHIFA MEDICAL CENTER,MOH-F-1000963,AL QASIMIAH,"SAMAK BIN SA'AD ST - ABU SHAGHARA - HAY AL QASIMIAH, SHARJAH, UAE",052-6815255,https://www.google.com/maps/search/?api=1&query=SAMAK%20BIN%20SA%27AD%20ST%20-%20ABU%20SHAGHARA%20-%20HAY%20AL%20QASIMIAH%2C%20SHARJAH%2C%20UAE%2C%20Ajman%2C%20UAE,,,
1920,SHJ,SHJ,CLINIC,SHIFA AL JAZEERA MEDICAL CENTRE  BRANCH - 1,MOH-F-1000971,MUWAILEH,"1796, ALZAROUNI BUILDING, SHK. MOHAMMED BIN ZAYED ROAD, MUWAILEH COMMERCIAL, NEAR ADNOC PETROL STATION, SHARJAH, UAE.",06-5236923,https://www.google.com/maps/search/?api=1&query=1796%2C%20ALZAROUNI%20BUILDING%2C%20SHK.%20MOHAMMED%20BIN%20ZAYED%20ROAD%2C%20MUWAILEH%20COMMERCIAL%2C%20NEAR%20ADNOC%20PETROL%20STATION%2C%20SHARJAH%2C%20UAE.%2C%20Ajman%2C%20UAE,,,
1921,SHJ,SHJ,CLINIC,MAX CARE MEDICAL CENTER (S.P.S - L.L.C) - SHJ. BR 1,MOH-F-1000969,ROLLA,"OPP ROLLA MALL, NEAR VEGME REST. ROLLA SHARJAH,UAE",054-2241128,https://www.google.com/maps/search/?api=1&query=OPP%20ROLLA%20MALL%2C%20NEAR%20VEGME%20REST.%20ROLLA%20SHARJAH%2CUAE%2C%20Ajman%2C%20UAE,,,
1922,SHJ,SHJ,DAYCARE,SHARJAH CORNICHE MEDICAL CENTRE(DAY CARE HOSPITAL),MOH-F-1000396,BUHAIRAH CORNICHE,"PO BOX 19692, CORNICHE PLAZA II, 10TH FLOOR, BUHAIRAH CORNICHE",06-5751222,https://www.google.com/maps/search/?api=1&query=PO%20BOX%2019692%2C%20CORNICHE%20PLAZA%20II%2C%2010TH%20FLOOR%2C%20BUHAIRAH%20CORNICHE%2C%20Ajman%2C%20UAE,,,
1923,SHJ,SHJ,DAYCARE,AL SAHA WA AL SHIFAA HOSPITAL FOR ONE DAY SURGERY,MOH-F-1000096,ROLLA,"ROLLA MALL,SHARJAH,UAE",06-5632618,https://www.google.com/maps/search/?api=1&query=ROLLA%20MALL%2CSHARJAH%2CUAE%2C%20Ajman%2C%20UAE,,,
1924,SHJ,SHJ,DAYCARE,ORIANA HOSPITAL FOR ONE DAY SURGERY LLC SOLE PROPRIETORSHIP,MOH-F-1000669,AL TAAWUN ST,"NEW AL TAAWUN RD, MANAZIL TOWER 2 - 1704, MUNAZIL - 2 AL TAAWUN ST - SHARJAH",06-5251000,https://www.google.com/maps/search/?api=1&query=NEW%20AL%20TAAWUN%20RD%2C%20MANAZIL%20TOWER%202%20-%201704%2C%20MUNAZIL%20-%202%20AL%20TAAWUN%20ST%20-%20SHARJAH%2C%20Ajman%2C%20UAE,,,
1925,SHJ,SHJ,DENTAL,DR.SAI GANESH PILLAI MEDICAL CENTRE,MOH-F-1000315,ALAROUBA STREET ,"BANK SADERAT IRAN,SECOND FLOOR,SUIT NO 203, AL AROUBA STREET,SHARJAH-ROLLA.",054-4462109,https://www.google.com/maps/search/?api=1&query=BANK%20SADERAT%20IRAN%2CSECOND%20FLOOR%2CSUIT%20NO%20203%2C%20AL%20AROUBA%20STREET%2CSHARJAH-ROLLA.%2C%20Ajman%2C%20UAE,,,
1926,SHJ,SHJ,DENTAL,INDIANA DENTAL AND AESTHETIC CENTER LLC,MOH-F-1000935,MUWAILEH,"8F43+W6 MUWAILEH COMMERCIAL INDUSTRIAL AREA, ",06-5699411,https://www.google.com/maps/search/?api=1&query=8F43%2BW6%20MUWAILEH%20COMMERCIAL%20INDUSTRIAL%20AREA%2C%2C%20Ajman%2C%20UAE,,,
1927,SHJ,SHJ,DIAGNOSTIC CENTRE,CLASS MEDICAL CENTRE,MOH-F-1000046,ROLLA,"AL SAUD TOWERS,SHARJAH,UAE",06-5652332,https://www.google.com/maps/search/?api=1&query=AL%20SAUD%20TOWERS%2CSHARJAH%2CUAE%2C%20Ajman%2C%20UAE,,,
1928,SHJ,SHJ,DIAGNOSTIC CENTRE,AL SAFWA RADIOLOGY CENTER LLC,MOH-F-1000086,KING FAISAL STREET,"3RD FLOOR, TOWER C,AL MARZOUQI TOWERS (CG MALL), KING FAISAL STREET, AL NUD, AL QASIMIA, SHARJAH-UAE",06-5563969,https://www.google.com/maps/search/?api=1&query=3RD%20FLOOR%2C%20TOWER%20C%2CAL%20MARZOUQI%20TOWERS%20%28CG%20MALL%29%2C%20KING%20FAISAL%20STREET%2C%20AL%20NUD%2C%20AL%20QASIMIA%2C%20SHARJAH-UAE%2C%20Ajman%2C%20UAE,,,
1929,SHJ,SHJ,DIAGNOSTIC CENTRE,REEM AL BAWADI MEDICAL AND DIAGNOSTIC CENTRE(NOVO GR),MOH6719,ROLLA,SHARJAH - ROLLA,06-5455501,https://www.google.com/maps/search/?api=1&query=SHARJAH%20-%20ROLLA%2C%20Ajman%2C%20UAE,,,
1930,SHJ,SHJ,DIAGNOSTIC CENTRE,AVIVO GR-REEM MEDICAL DIAGNOSTIC CENTRE,MOHI1314,ROLLA,"1ST FLOOR AL AHALIA EXCHANGE BLDG. ROLLA SQUARE, ROLLA SHARJAH PO BOX. 21764",06-562 0831,https://www.google.com/maps/search/?api=1&query=1ST%20FLOOR%20AL%20AHALIA%20EXCHANGE%20BLDG.%20ROLLA%20SQUARE%2C%20ROLLA%20SHARJAH%20PO%20BOX.%2021764%2C%20Ajman%2C%20UAE,,,
1931,SHJ,SHJ,DIAGNOSTIC CENTRE,MODERN MEDICAL LAB,MOH-F-1000045,SHARJAH,"L KHUDHRA BLDG. 2ND FLOOR,201 NEAR RONA CARGO,P.O. BOX 24855, SHARJAH,UNITED ARAB EMIRATES",06-5679794,https://www.google.com/maps/search/?api=1&query=L%20KHUDHRA%20BLDG.%202ND%20FLOOR%2C201%20NEAR%20RONA%20CARGO%2CP.O.%20BOX%2024855%2C%20SHARJAH%2CUNITED%20ARAB%20EMIRATES%2C%20Ajman%2C%20UAE,,,
1932,SHJ,SHJ,DIAGNOSTIC CENTRE,LIFE MEDICAL DIAGNOSTICS LABORATORIES LLC,MOH-F-1000775,BUHAIRA CORNICHE,"BUHAIRA CORNICHE, AL REEM PLAZA TOWER, FIRST FLOOR, OFFICE 105-106, SHARJAH, UAE",600551636,https://www.google.com/maps/search/?api=1&query=BUHAIRA%20CORNICHE%2C%20AL%20REEM%20PLAZA%20TOWER%2C%20FIRST%20FLOOR%2C%20OFFICE%20105-106%2C%20SHARJAH%2C%20UAE%2C%20Ajman%2C%20UAE,,,
1933,SHJ,SHJ,DIAGNOSTIC CENTRE,EMIRATES MEDICAL LAB L.L.C.SP,MOH-F-1000280,"BUHAIRA CORNICHE, AL MAJAZ","SALEM TOWER, # 203, BUHAIRA CORNICHE, AL MAJAZ,SHARJAH,UAE",06-5736866,https://www.google.com/maps/search/?api=1&query=SALEM%20TOWER%2C%20%23%20203%2C%20BUHAIRA%20CORNICHE%2C%20AL%20MAJAZ%2CSHARJAH%2CUAE%2C%20Ajman%2C%20UAE,,,
1934,SHJ,SHJ,HOSPITAL,BURJEEL SPECIALTY HOSPITAL LLC (SHARJAH),MOH-F-1000462,AL FAHYA,"KUWAIT STREET, NEAR AL FAYHA PARK, SHARJAH",06-5075010,https://www.google.com/maps/search/?api=1&query=KUWAIT%20STREET%2C%20NEAR%20AL%20FAYHA%20PARK%2C%20SHARJAH%2C%20Ajman%2C%20UAE,,,
1935,SHJ,SHJ,HOSPITAL,EMIRATES EUROPEAN HOSPITAL LLC,MOH-F-1000173,AL SHARQ STREET,"QULAYA AREA, ALSHARQ STREET,SHARJAH",06-5619444,https://www.google.com/maps/search/?api=1&query=QULAYA%20AREA%2C%20ALSHARQ%20STREET%2CSHARJAH%2C%20Ajman%2C%20UAE,,,
1936,SHJ,SHJ,HOSPITAL,CENTRAL HOSPITAL LLC,MOH-F-1000023,SK.ZAYED ST.,"NEAR,CLOCK TOWAR SK.ZAYED ST.",06-5639900,https://www.google.com/maps/search/?api=1&query=NEAR%2CCLOCK%20TOWAR%20SK.ZAYED%20ST.%2C%20Ajman%2C%20UAE,,,
1937,SHJ,SHJ,HOSPITAL,ASTER HOSPITAL SHARJAH,MOH-F-1000659,AL QASIMI STREET,"BEHIND MEGA MALL, SHEIKH SAQR BIN KHALID AL QASIMI STREET, AL BU DANIQ, SHARJAH",04-4400500,https://www.google.com/maps/search/?api=1&query=BEHIND%20MEGA%20MALL%2C%20SHEIKH%20SAQR%20BIN%20KHALID%20AL%20QASIMI%20STREET%2C%20AL%20BU%20DANIQ%2C%20SHARJAH%2C%20Ajman%2C%20UAE,,,
1938,SHJ,SHJ,HOSPITAL,CITY SPECIALTY HOSPITAL L.L.C SP,MOH-F-1000595,AL TAAWUN ST,AL TAAWUN ST - AL KHAN - SHARJAH,06-5918888,https://www.google.com/maps/search/?api=1&query=AL%20TAAWUN%20ST%20-%20AL%20KHAN%20-%20SHARJAH%2C%20Ajman%2C%20UAE,,,
1939,SHJ,SHJ,HOSPITAL,DAR AL KAMAL HOSPITAL,MOH-F-1000664,AL SHARQ ST,AL SHARQ ST - AL FISHT - AL HEERAH SUBURB - SHARJAH,06-5997777,https://www.google.com/maps/search/?api=1&query=AL%20SHARQ%20ST%20-%20AL%20FISHT%20-%20AL%20HEERAH%20SUBURB%20-%20SHARJAH%2C%20Ajman%2C%20UAE,,,
1940,SHJ,SHJ,PHARMACY,HAMAD AL MUMAYAZAH PHARMACY LLC,MOH-F-5000692,AL SHARQAN,"AL SHARQAN EXTENSION- SHARJAH,UAE",06-5238054,https://www.google.com/maps/search/?api=1&query=AL%20SHARQAN%20EXTENSION-%20SHARJAH%2CUAE%2C%20Ajman%2C%20UAE,,,
1941,SHJ,SHJ,PHARMACY,ZAMZAM PHARMACY LLC SHARJAH,MOH-F-5000149,SHARJAH,"NATIONAL PAINTS KALBA ROAD, SHARJAH",06-537141,https://www.google.com/maps/search/?api=1&query=NATIONAL%20PAINTS%20KALBA%20ROAD%2C%20SHARJAH%2C%20Ajman%2C%20UAE,,,
1942,SHJ,SHJ,PHARMACY,BAIT AL SHIFA PHARMACY,MOH-F-5000370,SHARJAH,"NATIONAL PAINT, MUWAILEH AREA,PB:35872",06-5611891,https://www.google.com/maps/search/?api=1&query=NATIONAL%20PAINT%2C%20MUWAILEH%20AREA%2CPB%3A35872%2C%20Ajman%2C%20UAE,,,
1943,SHJ,SHJ,PHARMACY,BURJEEL SPECIALTY HOSPITAL PHARMACY,MOH-F-5000837,AL FAHYA,"KUWAIT STREET, NEAR AL FAYHA PARK, SHARJAH",06-5075010,https://www.google.com/maps/search/?api=1&query=KUWAIT%20STREET%2C%20NEAR%20AL%20FAYHA%20PARK%2C%20SHARJAH%2C%20Ajman%2C%20UAE,,,
1944,SHJ,SHJ,PHARMACY,AL SAMA PHARMACY LLC,MOH-F-5000117,AL QASSEMIYA,"SHOP NO. 4, NEAR CITY BANK, ANAS BIN MUATAH STREET, GROUND FLOOR, AL QASSEMIYA, SHARJAH - U.A.E.",06-5508820,https://www.google.com/maps/search/?api=1&query=SHOP%20NO.%204%2C%20NEAR%20CITY%20BANK%2C%20ANAS%20BIN%20MUATAH%20STREET%2C%20GROUND%20FLOOR%2C%20AL%20QASSEMIYA%2C%20SHARJAH%20-%20U.A.E.%2C%20Ajman%2C%20UAE,,,
1945,SHJ,SHJ,PHARMACY,AL SANA PHARMACY LLC,MOH-F-5000396,AL QASSEMIYA,"SHOP NO. 2 & 3, SYED PLAZA BUILDING, AL QASSIMIYA STREET, AL MAHATTA AREA, OPPOSITE OF MEGA MALL SHARJAH – U.A.E.",06-5731610,https://www.google.com/maps/search/?api=1&query=SHOP%20NO.%202%20%26%203%2C%20SYED%20PLAZA%20BUILDING%2C%20AL%20QASSIMIYA%20STREET%2C%20AL%20MAHATTA%20AREA%2C%20OPPOSITE%20OF%20MEGA%20MALL%20SHARJAH%20%E2%80%93%20U.A.E.%2C%20Ajman%2C%20UAE,,,
1946,SHJ,SHJ,PHARMACY,HEALTH CARE PHARMACY LLC,MOH-F-5000241,KALBAH,"GROUND FLOOR, SHARJAH COOPERATIVE SOCIETY BUILDING, SHARAH ABOOBACKER STREET, KALBAH INDUSTRIAL AREA, SHARJAH - U.A.E.",09 2772394,https://www.google.com/maps/search/?api=1&query=GROUND%20FLOOR%2C%20SHARJAH%20COOPERATIVE%20SOCIETY%20BUILDING%2C%20SHARAH%20ABOOBACKER%20STREET%2C%20KALBAH%20INDUSTRIAL%20AREA%2C%20SHARJAH%20-%20U.A.E.%2C%20Ajman%2C%20UAE,,,
1947,SHJ,SHJ,PHARMACY,NAJMAT MUWAILEH PHARMACY LLC,MOH-F-5000631,AL WATANIYA,"SHOP NO. 1, BLDG. NO 2986, AL WATANYAH REAL ESTATE, MEHTA BUILDING, OPPOSITE NESTO HYPERMARKET, NEAR BUFFALO RESTAURANT, COMMERCIAL INDUSTRIAL AREA, MUWAILEH SHARJAH - U.A.E.",06-5220260,https://www.google.com/maps/search/?api=1&query=SHOP%20NO.%201%2C%20BLDG.%20NO%202986%2C%20AL%20WATANYAH%20REAL%20ESTATE%2C%20MEHTA%20BUILDING%2C%20OPPOSITE%20NESTO%20HYPERMARKET%2C%20NEAR%20BUFFALO%20RESTAURANT%2C%20COMMERCIAL%20INDUSTRIAL%20AREA%2C%20MUWAILEH%20SHARJAH%20-%20U.A.E.%2C%20Ajman%2C%20UAE,,,
1948,SHJ,SHJ,PHARMACY,AL WAAD PHARMACY,MOH-F-5000336,AL QASIMI STREET,"SHEIK KHALID BIN MOHAMMED AL QASIMI STREET, SHOP NO 1,NEAR SIGNAL, KHORFAKKAN, SHARJAH.",09-2370070,https://www.google.com/maps/search/?api=1&query=SHEIK%20KHALID%20BIN%20MOHAMMED%20AL%20QASIMI%20STREET%2C%20SHOP%20NO%201%2CNEAR%20SIGNAL%2C%20KHORFAKKAN%2C%20SHARJAH.%2C%20Ajman%2C%20UAE,,,
1949,SHJ,SHJ,PHARMACY,AL AMANI PHARMACY,MOH-F-5001017,KHORFAKKAN,"SHEIK KHALID BIN MOHAMMED AL QASIMI STREET, HATIN, KHORFAKKAN , SHARJAH.",09-2383875,https://www.google.com/maps/search/?api=1&query=SHEIK%20KHALID%20BIN%20MOHAMMED%20AL%20QASIMI%20STREET%2C%20HATIN%2C%20KHORFAKKAN%20%2C%20SHARJAH.%2C%20Ajman%2C%20UAE,,,
1950,SHJ,SHJ,PHARMACY,AL QADSYAH PHARMACY L.L.C,MOH-F-5000331,KHORFAKKAN,"SHARJAH INTERNATIONAL CHARITY BUILDING, SHOP NO 4, AL QADISIYA, KHORFAKKAN , SHARJAH.",09-2373800,https://www.google.com/maps/search/?api=1&query=SHARJAH%20INTERNATIONAL%20CHARITY%20BUILDING%2C%20SHOP%20NO%204%2C%20AL%20QADISIYA%2C%20KHORFAKKAN%20%2C%20SHARJAH.%2C%20Ajman%2C%20UAE,,,
1951,SHJ,SHJ,PHARMACY,AL SHALAL PHARMACY,MOH-F-5001016,KHORFAKKAN,"SHEIKH KHALID BIN MOHAMMED AL QASIMI ST OPPOSITE TO AL DIWAN NEAR TO ADCB BANK / TAS-HEEL - KHORFAKKAN, SHARJAH.",09-2383391,https://www.google.com/maps/search/?api=1&query=SHEIKH%20KHALID%20BIN%20MOHAMMED%20AL%20QASIMI%20ST%20OPPOSITE%20TO%20AL%20DIWAN%20NEAR%20TO%20ADCB%20BANK%20/%20TAS-HEEL%20-%20KHORFAKKAN%2C%20SHARJAH.%2C%20Ajman%2C%20UAE,,,
1952,SHJ,SHJ,PHARMACY,SHIFA AL JAZEERAH CENTER PHARMACY LLC SHJ BR,MOH-F-5001064,MUWAILEH,"SHIFA AL RABEE MEDICAL CENTRE BUILDING,2609,GROUND FLOOR,MUWAILEH COMMERCIAL,INDUSTRIAL AREA,BUS STATION ROAD, MUWAILEH INDUSTRIAL AREA COMMERCIAL SHJ,SHARJAH,UAE",06-5347730,https://www.google.com/maps/search/?api=1&query=SHIFA%20AL%20RABEE%20MEDICAL%20CENTRE%20BUILDING%2C2609%2CGROUND%20FLOOR%2CMUWAILEH%20COMMERCIAL%2CINDUSTRIAL%20AREA%2CBUS%20STATION%20ROAD%2C%20MUWAILEH%20INDUSTRIAL%20AREA%20COMMERCIAL%20SHJ%2CSHARJAH%2CUAE%2C%20Ajman%2C%20UAE,,,
1953,SHJ,SHJ,PHARMACY,AL MUSALLA PHARMACY,MOH-F-5000184,ROLLA,"AL MUSALLA PHARMACY, SHAIKH ABDULLAH ALI AL MAHMOUD BUILDING, OPPOSITE AL ZAHRA HOSPITAL, NEAR AL MUSALLA PARK, AL ZAHRA STREET, ROLLA, SHARJAH, U A E",06-5616136,https://www.google.com/maps/search/?api=1&query=AL%20MUSALLA%20PHARMACY%2C%20SHAIKH%20ABDULLAH%20ALI%20AL%20MAHMOUD%20BUILDING%2C%20OPPOSITE%20AL%20ZAHRA%20HOSPITAL%2C%20NEAR%20AL%20MUSALLA%20PARK%2C%20AL%20ZAHRA%20STREET%2C%20ROLLA%2C%20SHARJAH%2C%20U%20A%20E%2C%20Ajman%2C%20UAE,,,
1954,SHJ,SHJ,PHARMACY,SAIFZONE PHARMACY,MOH-F-5000253,SHARJAH,"AIRPORT FREE ZONE F2 42A,F2-42B,SHARJAH",06-5578560,https://www.google.com/maps/search/?api=1&query=AIRPORT%20FREE%20ZONE%20F2%2042A%2CF2-42B%2CSHARJAH%2C%20Ajman%2C%20UAE,,,
1955,SHJ,SHJ,PHARMACY,RUKN AL SALAM PHARMACY,MOH-F-5000679,SHARJAH,"UNIT 14, AL MUBARAK HYPERMARKET BUILDING, SHARJAH INDUSTRIAL AREA 3",06-5213535,https://www.google.com/maps/search/?api=1&query=UNIT%2014%2C%20AL%20MUBARAK%20HYPERMARKET%20BUILDING%2C%20SHARJAH%20INDUSTRIAL%20AREA%203%2C%20Ajman%2C%20UAE,,,
1956,SHJ,SHJ,PHARMACY,AL AZHAR PHARMACY (SHARJAH),MOH-F-5000795,SHARJAH,"SAJJA,COPERATIVE SOCEITY",06-5352323/8007400,https://www.google.com/maps/search/?api=1&query=SAJJA%2CCOPERATIVE%20SOCEITY%2C%20Ajman%2C%20UAE,,,
1957,SHJ,SHJ,PHARMACY,NAJMAT SAHARA(NOVO),MOH-F-5000358,AL NAHDA AREA,"AL MAHA BUILDING, OPP. AL NAHDA PARK, AL NAHDA",06 5318334,https://www.google.com/maps/search/?api=1&query=AL%20MAHA%20BUILDING%2C%20OPP.%20AL%20NAHDA%20PARK%2C%20AL%20NAHDA%2C%20Ajman%2C%20UAE,,,
1958,SHJ,SHJ,PHARMACY,SALSABEEL RX(NOVO),MOH-F-5000136,SHARJAH,"TAMI -3 BUILDING, OPP. AL NAHDA PARK, AL NAHDA, SHARJAH",06 536 8988,https://www.google.com/maps/search/?api=1&query=TAMI%20-3%20BUILDING%2C%20OPP.%20AL%20NAHDA%20PARK%2C%20AL%20NAHDA%2C%20SHARJAH%2C%20Ajman%2C%20UAE,,,
1959,SHJ,SHJ,PHARMACY,SAHARA AL JAZEERA(NOVO),MOH-F-5000360,SHARJAH,"KHANSAHEB BUILDING, INDUSTRIAL AREA-10",06 5353345,https://www.google.com/maps/search/?api=1&query=KHANSAHEB%20BUILDING%2C%20INDUSTRIAL%20AREA-10%2C%20Ajman%2C%20UAE,,,
1960,SHJ,SHJ,PHARMACY,MARHABA RX(NOVO),MOH-F-5000387,SHARJAH,"NEXT TO CID OFFICE, AL ZAHRA STREET",06 5238130,https://www.google.com/maps/search/?api=1&query=NEXT%20TO%20CID%20OFFICE%2C%20AL%20ZAHRA%20STREET%2C%20Ajman%2C%20UAE,,,
1961,SHJ,SHJ,PHARMACY,AL RUAYA(NOVO),MOH-F-5000700,SHARJAH,OPP. AL MAJAZ PARK,06-5508737,https://www.google.com/maps/search/?api=1&query=OPP.%20AL%20MAJAZ%20PARK%2C%20Ajman%2C%20UAE,,,
1962,SHJ,SHJ,PHARMACY,FATIMA ZAHRA(NOVO),MOH-F-5000605,SHARJAH,"OPP. CID OFFICE, AL ZAHRA STREET",06-5636145,https://www.google.com/maps/search/?api=1&query=OPP.%20CID%20OFFICE%2C%20AL%20ZAHRA%20STREET%2C%20Ajman%2C%20UAE,,,
1963,SHJ,SHJ,PHARMACY,LUBNA(NOVO),MOH-F-5000382,SHARJAH,"OPP. CID OFFICE, AL ZAHRA STREET",06-5637220,https://www.google.com/maps/search/?api=1&query=OPP.%20CID%20OFFICE%2C%20AL%20ZAHRA%20STREET%2C%20Ajman%2C%20UAE,,,
1964,SHJ,SHJ,PHARMACY,SCIENTIFIC RX(NOVO),MOH-F-5000388,SHARJAH,BEHIND MEGA MALL,06-5482762,https://www.google.com/maps/search/?api=1&query=BEHIND%20MEGA%20MALL%2C%20Ajman%2C%20UAE,,,
1965,SHJ,SHJ,PHARMACY,AL RAYAH RX(NOVO),MOH-F-5000606,SHARJAH,"AL NAHDA TOWER, BEHIND QUICK SUPERMARKET, AL NAHDA",06-577 0432,https://www.google.com/maps/search/?api=1&query=AL%20NAHDA%20TOWER%2C%20BEHIND%20QUICK%20SUPERMARKET%2C%20AL%20NAHDA%2C%20Ajman%2C%20UAE,,,
1966,SHJ,SHJ,PHARMACY,MEDICARE RX(NOVO),MOH-F-5000468,SHARJAH,"ROLLA,UAE EXCHANGE BULDG",06-5621796,https://www.google.com/maps/search/?api=1&query=ROLLA%2CUAE%20EXCHANGE%20BULDG%2C%20Ajman%2C%20UAE,,,
1967,SHJ,SHJ,PHARMACY,AL GHAD AL AFDAL PHARMACY LLC,MOH-F-5000991,AL NAHDA STREET,"SHOP NO. 6, GROUND FLOOR, AL RAYYAN TOWER (LULU HYPERMARKET), AL NAHDA STREET, AL QUSAIS INDUSTRIAL AREA 3, SHARJAH",06-546 9646,https://www.google.com/maps/search/?api=1&query=SHOP%20NO.%206%2C%20GROUND%20FLOOR%2C%20AL%20RAYYAN%20TOWER%20%28LULU%20HYPERMARKET%29%2C%20AL%20NAHDA%20STREET%2C%20AL%20QUSAIS%20INDUSTRIAL%20AREA%203%2C%20SHARJAH%2C%20Ajman%2C%20UAE,,,
1968,SHJ,SHJ,PHARMACY,AL GHAD PHARMACY LLC,MOH-F-5000980,MUWAILAH,"SHOP NO. 3 & 4, GROUND FLOOR, THALEB-3, FIRE STATION ROAD MUWAILEH - INDUSTRIAL AREA, MUWAILIH COMMERCIAL, SHARJAH - U.A.E",06-546 8799,https://www.google.com/maps/search/?api=1&query=SHOP%20NO.%203%20%26%204%2C%20GROUND%20FLOOR%2C%20THALEB-3%2C%20FIRE%20STATION%20ROAD%20MUWAILEH%20-%20INDUSTRIAL%20AREA%2C%20MUWAILIH%20COMMERCIAL%2C%20SHARJAH%20-%20U.A.E%2C%20Ajman%2C%20UAE,,,
1969,SHJ,SHJ,PHARMACY,AL HAYAT AL SAEEDA PHARMACY LLC,MOH-F-5000992,KING FAIZAL ROAD,"SHOP  NO. 2, GROUND FLOOR, LULU HYPERMARKET, AL MAJAZ, KING FAISAL ROAD, AL NAHDA STREET, SHARJAH",06-5469649,https://www.google.com/maps/search/?api=1&query=SHOP%20%20NO.%202%2C%20GROUND%20FLOOR%2C%20LULU%20HYPERMARKET%2C%20AL%20MAJAZ%2C%20KING%20FAISAL%20ROAD%2C%20AL%20NAHDA%20STREET%2C%20SHARJAH%2C%20Ajman%2C%20UAE,,,
1970,SHJ,SHJ,PHARMACY,DAR AL SAJAA PHARMACY LLC,MOH-F-5000904,SAJJA,"ADBDEL RAHMAN SULTAN ALI BIN HADDA AL SUWAIDI BUILIDING, BUILDING NO. 4075, SANAYYA STREET, SAJJA, SHARJAH, UAE",06-565 9077,https://www.google.com/maps/search/?api=1&query=ADBDEL%20RAHMAN%20SULTAN%20ALI%20BIN%20HADDA%20AL%20SUWAIDI%20BUILIDING%2C%20BUILDING%20NO.%204075%2C%20SANAYYA%20STREET%2C%20SAJJA%2C%20SHARJAH%2C%20UAE%2C%20Ajman%2C%20UAE,,,
1971,SHJ,SHJ,PHARMACY,RKN AL RAHA PHARMACY,MOH-F-5000823,SHARJAH,"RKN AL RAHA PHARMACY,G FLOOR,TIGER BUILDING,INDUSTRIAL AREA 11,SHARJHA 97530",06-5358605,https://www.google.com/maps/search/?api=1&query=RKN%20AL%20RAHA%20PHARMACY%2CG%20FLOOR%2CTIGER%20BUILDING%2CINDUSTRIAL%20AREA%2011%2CSHARJHA%2097530%2C%20Ajman%2C%20UAE,,,
1972,SHJ,SHJ,PHARMACY,"HAMAD PHARMACY LLC-,SHAHBA ,SHARJAH",MOH-F-5000096,AL ISTIQLAL ROAD,"BLOCK B, SHAHBA COMPLEX, NO 1WASIT ROAD ,SHAHBA ,SHARJAH",06-5582800,https://www.google.com/maps/search/?api=1&query=BLOCK%20B%2C%20SHAHBA%20COMPLEX%2C%20NO%201WASIT%20ROAD%20%2CSHAHBA%20%2CSHARJAH%2C%20Ajman%2C%20UAE,,,
1973,SHJ,SHJ,PHARMACY,"SHARJAH PHARMACY LLC-ROLLA,SHARJAH",MOH-F-5000139,AL ISTIQLAL ROAD,"BEHIND EISA BLDG , NEXT TO NEW SUNNY MEDICAL CENTRE,ROLLA,SHARJAH",06-5623850,https://www.google.com/maps/search/?api=1&query=BEHIND%20EISA%20BLDG%20%2C%20NEXT%20TO%20NEW%20SUNNY%20MEDICAL%20CENTRE%2CROLLA%2CSHARJAH%2C%20Ajman%2C%20UAE,,,
1974,SHJ,SHJ,PHARMACY,"GRAND HAMAD PHARMACY LLC-AL NAHDA,SHARJAH",MOH-F-5000092,ALNAHDA,"ASSWAILEM BLDG ,NEXT TO SUNNY AL NAHDA MEDICAL CENTRE ,AL NAHDA,SHARJAH",06-5544050,https://www.google.com/maps/search/?api=1&query=ASSWAILEM%20BLDG%20%2CNEXT%20TO%20SUNNY%20AL%20NAHDA%20MEDICAL%20CENTRE%20%2CAL%20NAHDA%2CSHARJAH%2C%20Ajman%2C%20UAE,,,
1975,SHJ,SHJ,PHARMACY,HAMAD AL IHTERAFEYA PHARMACY LLC-MAYSLOON SHARJAH,MOH-F-5000691,AL ISTIQLAL ROAD,NEAR LULU HYPERMARKET- MAYSLOON SHARJAH,06-5014700,https://www.google.com/maps/search/?api=1&query=NEAR%20LULU%20HYPERMARKET-%20MAYSLOON%20SHARJAH%2C%20Ajman%2C%20UAE,,,
1976,SHJ,SHJ,PHARMACY,HAMAD AL OULA PHARMACY LLC-SHAHBA AREA,MOH-F-5000693,AL ISTIQLAL ROAD,OPP AL QASSIMI HOSPITAL- SHAHBA AREA,06-5061600,https://www.google.com/maps/search/?api=1&query=OPP%20AL%20QASSIMI%20HOSPITAL-%20SHAHBA%20AREA%2C%20Ajman%2C%20UAE,,,
1977,SHJ,SHJ,PHARMACY,"NMC MEDICAL CENTRE PHARMACY LLC N.M.C BR 1-AL MAJAZ ,SHARJAH",MOH-F-5000830,AL ISTIQLAL ROAD,"NEAR BUHAIRAH POLICE STATION ,AL MAJAZ ,SHARJAH",06-7410907,https://www.google.com/maps/search/?api=1&query=NEAR%20BUHAIRAH%20POLICE%20STATION%20%2CAL%20MAJAZ%20%2CSHARJAH%2C%20Ajman%2C%20UAE,,,
1978,SHJ,SHJ,PHARMACY,"NEW MEDICAL CENTRE PHARMACY LLC-N.M.C,SHARJAH-BEL RESHEED TOWER ,SHARJAH",MOH-F-5000124,AL ISTIQLAL ROAD,"BEL RESHEED TOWER, CORNICHE, 1ST AND 2ND FLOOR ,AL BUHAIRA CORNICHE ,BEL RESHEED TOWER ,SHARJAH",06-5974185,https://www.google.com/maps/search/?api=1&query=BEL%20RESHEED%20TOWER%2C%20CORNICHE%2C%201ST%20AND%202ND%20FLOOR%20%2CAL%20BUHAIRA%20CORNICHE%20%2CBEL%20RESHEED%20TOWER%20%2CSHARJAH%2C%20Ajman%2C%20UAE,,,
1979,SHJ,SHJ,PHARMACY,N.M.C MEDICAL CENTRE F.Z.C PHARMACY,MOH-F-5000883,SHARJAH,"P-MALL,P.O.BOX:124663,SHARJAH",06-5028384,https://www.google.com/maps/search/?api=1&query=P-MALL%2CP.O.BOX%3A124663%2CSHARJAH%2C%20Ajman%2C%20UAE,,,
1980,SHJ,SHJ,PHARMACY,JANAH PHARMACY L.L.C,MOH-F-5000101,BUTEENA,"FINE-FAIR BUILDING, BUTEENA - SHARJAH",06-5643980,https://www.google.com/maps/search/?api=1&query=FINE-FAIR%20BUILDING%2C%20BUTEENA%20-%20SHARJAH%2C%20Ajman%2C%20UAE,,,
1981,SHJ,SHJ,PHARMACY,AL HADHAR PHARMACY LLC,MOH-F-5000745,AL KHAN,NEAR AMBER SUPER MARKET-AL KHAN STREET - SHARJAH,06-5545487,https://www.google.com/maps/search/?api=1&query=NEAR%20AMBER%20SUPER%20MARKET-AL%20KHAN%20STREET%20-%20SHARJAH%2C%20Ajman%2C%20UAE,,,
1982,SHJ,SHJ,PHARMACY,AL FARAH AL HADITHAH PHARMACY LLC,MOH-F-5000790,AL QASIMIA,BEHIND CG MALL-AL QASIMIA-SHARJAH,06-5746066,https://www.google.com/maps/search/?api=1&query=BEHIND%20CG%20MALL-AL%20QASIMIA-SHARJAH%2C%20Ajman%2C%20UAE,,,
1983,SHJ,SHJ,PHARMACY,PALMYRA PHARMACY LLC,MOH-F-5000720,AL TAAWUN,"AL BAKER BUILDING-AL TAAWUN, SHARJAH",06-5362100,https://www.google.com/maps/search/?api=1&query=AL%20BAKER%20BUILDING-AL%20TAAWUN%2C%20SHARJAH%2C%20Ajman%2C%20UAE,,,
1984,SHJ,SHJ,PHARMACY,RUKN AL UFUQ PHARMACY LLC,MOH-F-5000678,MUWEILAH,THE SQUARE-2 BUILDING-MUWEILAH - SHARJAH,06-5500363,https://www.google.com/maps/search/?api=1&query=THE%20SQUARE-2%20BUILDING-MUWEILAH%20-%20SHARJAH%2C%20Ajman%2C%20UAE,,,
1985,SHJ,SHJ,PHARMACY,MEDI PLUS PHARMACY SHJ. BR.  LLC,MOH-F-5000680,SHARJAH,ASAS TOWER - AL TA’AWON STREET- SHARJAH - PO BOX 71373,06-5544977,https://www.google.com/maps/search/?api=1&query=ASAS%20TOWER%20-%20AL%20TA%E2%80%99AWON%20STREET-%20SHARJAH%20-%20PO%20BOX%2071373%2C%20Ajman%2C%20UAE,,,
1986,SHJ,SHJ,PHARMACY,AL NAHDA PHARMACY,MOH-F-5000369,AL ISTIQLAL ROAD,"SHOP # 10 & 11, GROUND FLOOR, AL KAKOOLI BUILDING, AL KHAN, SHARJAHLANDMARK: OPPOSITE OLD EXPO CENTRE - ZIP CODE: 28216",06-5561122,https://www.google.com/maps/search/?api=1&query=SHOP%20%23%2010%20%26%2011%2C%20GROUND%20FLOOR%2C%20AL%20KAKOOLI%20BUILDING%2C%20AL%20KHAN%2C%20SHARJAHLANDMARK%3A%20OPPOSITE%20OLD%20EXPO%20CENTRE%20-%20ZIP%20CODE%3A%2028216%2C%20Ajman%2C%20UAE,,,
1987,SHJ,SHJ,PHARMACY,AL  TAMIMI PHARMACY LLC,MOH-F-5000233,AL ISTIQLAL ROAD,"SHOP NO - 2, AL GHUWAIR AREA, BEHIND KM TRADING - ROLLA , SHARJAH - PO BOX 32088",06-5624990,https://www.google.com/maps/search/?api=1&query=SHOP%20NO%20-%202%2C%20AL%20GHUWAIR%20AREA%2C%20BEHIND%20KM%20TRADING%20-%20ROLLA%20%2C%20SHARJAH%20-%20PO%20BOX%2032088%2C%20Ajman%2C%20UAE,,,
1988,SHJ,SHJ,PHARMACY,HADEQAT AL ROLA PHARMACY LLC,MOH-F-5000422,AL ISTIQLAL ROAD,"GANGA BUILDING, SHOP NO 1- ROLLA STREET, SHARJAH, PO BOX 66961.",06-5748283,https://www.google.com/maps/search/?api=1&query=GANGA%20BUILDING%2C%20SHOP%20NO%201-%20ROLLA%20STREET%2C%20SHARJAH%2C%20PO%20BOX%2066961.%2C%20Ajman%2C%20UAE,,,
1989,SHJ,SHJ,PHARMACY,REEM PHARMACY,MOH-F-5000302,AL ISTIQLAL ROAD,"DEYAAR BUILDING ,SHOP NO.5 NEAR ABU SHAGARA PARK, KING FAISAL RD - SHARJAH - P.O BOX : 25747",06-5594194,https://www.google.com/maps/search/?api=1&query=DEYAAR%20BUILDING%20%2CSHOP%20NO.5%20NEAR%20ABU%20SHAGARA%20PARK%2C%20KING%20FAISAL%20RD%20-%20SHARJAH%20-%20P.O%20BOX%20%3A%2025747%2C%20Ajman%2C%20UAE,,,
1990,SHJ,SHJ,PHARMACY,BURJ AL NAHDA PHARMACY,MOH-F-5000607,AL ISTIQLAL ROAD,"AL RODA TOWER 2, 1 - G FLOOR - MALAKA STREET- AL NAHDAH, SHARJAH - PO BOX 61179",06-5590076,https://www.google.com/maps/search/?api=1&query=AL%20RODA%20TOWER%202%2C%201%20-%20G%20FLOOR%20-%20MALAKA%20STREET-%20AL%20NAHDAH%2C%20SHARJAH%20-%20PO%20BOX%2061179%2C%20Ajman%2C%20UAE,,,
1991,SHJ,SHJ,PHARMACY,AL BURHAN PHARMACY LLC ,MOH-F-5000615,AL ISTIQLAL ROAD,"BLUE BUILDING,INDUSTRIAL AREA 13 - NEAR FAMILY RESTAURANT - MUWAILEH - SHARJAH -PO BOX 2797",06-5320585,https://www.google.com/maps/search/?api=1&query=BLUE%20BUILDING%2CINDUSTRIAL%20AREA%2013%20-%20NEAR%20FAMILY%20RESTAURANT%20-%20MUWAILEH%20-%20SHARJAH%20-PO%20BOX%202797%2C%20Ajman%2C%20UAE,,,
1992,SHJ,SHJ,PHARMACY,AL MUBARAK CENTRE PHARMACY,MOH1102,AL ISTIQLAL ROAD,"GROUND FLOOR- AL SHARQ STREET - AL NABBA - INSIDE AL MUBARAK CENTRE MALL, ROLLA , SHARJAH - PO BOX 61220",06-5638034,https://www.google.com/maps/search/?api=1&query=GROUND%20FLOOR-%20AL%20SHARQ%20STREET%20-%20AL%20NABBA%20-%20INSIDE%20AL%20MUBARAK%20CENTRE%20MALL%2C%20ROLLA%20%2C%20SHARJAH%20-%20PO%20BOX%2061220%2C%20Ajman%2C%20UAE,,,
1993,SHJ,SHJ,PHARMACY,AL RAWDHA  PHARMACY  LLC,MOH-F-5000386,AL ISTIQLAL ROAD,"AHMED YOUSUF ABDULLA BUILDING - G FLOOR 2,3 - AL ZAHRA'A STREET - BU TINA, AL SHARQ, SHARJAH, PO BOX - 61226",06-5213777,https://www.google.com/maps/search/?api=1&query=AHMED%20YOUSUF%20ABDULLA%20BUILDING%20-%20G%20FLOOR%202%2C3%20-%20AL%20ZAHRA%27A%20STREET%20-%20BU%20TINA%2C%20AL%20SHARQ%2C%20SHARJAH%2C%20PO%20BOX%20-%2061226%2C%20Ajman%2C%20UAE,,,
1994,SHJ,SHJ,PHARMACY,DAR AL NASEEM PHARMACY,MOH-F-5000670,AL ISTIQLAL ROAD,"GULF PEARL TOWER,SHOP NO-14 - BUHAIRA CORNICHE - AL MAJAZ NO. 1- BACK SIDE OF NMC HOSPITAL- PO BOX 25356",06-5436979,https://www.google.com/maps/search/?api=1&query=GULF%20PEARL%20TOWER%2CSHOP%20NO-14%20-%20BUHAIRA%20CORNICHE%20-%20AL%20MAJAZ%20NO.%201-%20BACK%20SIDE%20OF%20NMC%20HOSPITAL-%20PO%20BOX%2025356%2C%20Ajman%2C%20UAE,,,
1995,SHJ,SHJ,PHARMACY,ZAHRAT AL MADINAH PHARMACY LLC,MOH-F-5000687,AL ISTIQLAL ROAD,"FATHIMA SAFE BUILDING,NEAR KANARY CLINIC,SHEIKH MOHAMMAD BIN ZAYED ROAD - NATIONAL PAINT, SHARJAH PO BOX 32088",06-5327075,https://www.google.com/maps/search/?api=1&query=FATHIMA%20SAFE%20BUILDING%2CNEAR%20KANARY%20CLINIC%2CSHEIKH%20MOHAMMAD%20BIN%20ZAYED%20ROAD%20-%20NATIONAL%20PAINT%2C%20SHARJAH%20PO%20BOX%2032088%2C%20Ajman%2C%20UAE,,,
1996,SHJ,SHJ,PHARMACY,NAJMAT ABU SHAGARA PHARMACY ,MOH-F-5000714,AL ISTIQLAL ROAD,"OPPOSITE CITY TOWER BUILDING - NEAR DR.ASHOK MENON CLINIC AND CHOITHRAM, ABUSHAGARA, SHARJAH - PO BOX - 32088",06-5424044,https://www.google.com/maps/search/?api=1&query=OPPOSITE%20CITY%20TOWER%20BUILDING%20-%20NEAR%20DR.ASHOK%20MENON%20CLINIC%20AND%20CHOITHRAM%2C%20ABUSHAGARA%2C%20SHARJAH%20-%20PO%20BOX%20-%2032088%2C%20Ajman%2C%20UAE,,,
1997,SHJ,SHJ,PHARMACY,NADEEN PHARMACY,MOH-F-5000871,AL ISTIQLAL ROAD,"AL FAHAD BUILDING - NEXT TO PIZZA HUT,BUHAIRA CORNICHE, OPP.TRADITIONAL COFFEE SHARJAH - UAE - 25151",06-5733311,https://www.google.com/maps/search/?api=1&query=AL%20FAHAD%20BUILDING%20-%20NEXT%20TO%20PIZZA%20HUT%2CBUHAIRA%20CORNICHE%2C%20OPP.TRADITIONAL%20COFFEE%20SHARJAH%20-%20UAE%20-%2025151%2C%20Ajman%2C%20UAE,,,
1998,SHJ,SHJ,PHARMACY,NAJMAT AL ROLLA PHARMACY LLC,MOH-F-5000851,AL ISTIQLAL ROAD,"GROUND FLOOR , SHOP - 1,2 - PARDHA HOUSE BUILDING- ROLLA STREET - AL GHUWAIR - OPPOSITE TO ROLLA SQUARE PARK AND BUS STATION - 32088",06-5559550,https://www.google.com/maps/search/?api=1&query=GROUND%20FLOOR%20%2C%20SHOP%20-%201%2C2%20-%20PARDHA%20HOUSE%20BUILDING-%20ROLLA%20STREET%20-%20AL%20GHUWAIR%20-%20OPPOSITE%20TO%20ROLLA%20SQUARE%20PARK%20AND%20BUS%20STATION%20-%2032088%2C%20Ajman%2C%20UAE,,,
1999,SHJ,SHJ,PHARMACY,LIVE CARE PHARMACY LLC SHJ BR,MOH-F-5000928,INDUSTRIAL AREA 10,"SHOP NO 2, KHANSAHIB BUILDING , INDUSTRIAL AREA 10, SHARJAH",06-5779797,https://www.google.com/maps/search/?api=1&query=SHOP%20NO%202%2C%20KHANSAHIB%20BUILDING%20%2C%20INDUSTRIAL%20AREA%2010%2C%20SHARJAH%2C%20Ajman%2C%20UAE,,,
2000,SHJ,SHJ,PHARMACY,(LIBERTY GR)-AL DUNIA PHARMACY,MOH-F-5000501,MUWAILEH,"BIN TARYAN 1 BUILDING,SHOP NO 2, MUWAILEH STAR BUILDING, MUWAILEH COMMERCIAL AREA, SHARJAH. UAE",06-5599379,https://www.google.com/maps/search/?api=1&query=BIN%20TARYAN%201%20BUILDING%2CSHOP%20NO%202%2C%20MUWAILEH%20STAR%20BUILDING%2C%20MUWAILEH%20COMMERCIAL%20AREA%2C%20SHARJAH.%20UAE%2C%20Ajman%2C%20UAE,,,
2001,SHJ,SHJ,PHARMACY,(LIBERTY GR)-SAIF AL KHAN PAHRMACY LLC,MOH-F-5000303,SHARJAH,"BAGHLAF AL ZAFERBLDG, IND AREA-2, SHARJAH",06-5620409,https://www.google.com/maps/search/?api=1&query=BAGHLAF%20AL%20ZAFERBLDG%2C%20IND%20AREA-2%2C%20SHARJAH%2C%20Ajman%2C%20UAE,,,
2002,SHJ,SHJ,PHARMACY,(LIBERTY GR)-AL SAIF PHARMACY,MOH-F-5000046,SHARJAH,"AL NAYELI BLDG, KING ABDUL AZIZ STREET, SHARJAH",06-5391300,https://www.google.com/maps/search/?api=1&query=AL%20NAYELI%20BLDG%2C%20KING%20ABDUL%20AZIZ%20STREET%2C%20SHARJAH%2C%20Ajman%2C%20UAE,,,
2003,SHJ,SHJ,PHARMACY,AL AHSAN PHARMACY SHARJAH,MOH-F-5000379,SHARJAH,"MUWAILAH,SHARJAH UNIVERSITY ROAD .SHARJAH",06-5449393,https://www.google.com/maps/search/?api=1&query=MUWAILAH%2CSHARJAH%20UNIVERSITY%20ROAD%20.SHARJAH%2C%20Ajman%2C%20UAE,,,
2004,SHJ,SHJ,PHARMACY,AL WASHAH PHARMACY-LLC,MOH-F-5000273,DHAID,FALAJ AL MUALLA ROAD NEAR FRUIT&VEGETABLE MARKET AL DHAID,06-8833240,https://www.google.com/maps/search/?api=1&query=FALAJ%20AL%20MUALLA%20ROAD%20NEAR%20FRUIT%26VEGETABLE%20MARKET%20AL%20DHAID%2C%20Ajman%2C%20UAE,,,
2005,SHJ,SHJ,PHARMACY,BOORJ AL ROLLA PHARMACY LLC,MOH-F-5001082,AL GHUWAIR,"SHOP NOS. 29 & 30, ROLLA TOWER BUILDING, AL GHUWAIR, AL ROLLA",06-5217190,https://www.google.com/maps/search/?api=1&query=SHOP%20NOS.%2029%20%26%2030%2C%20ROLLA%20TOWER%20BUILDING%2C%20AL%20GHUWAIR%2C%20AL%20ROLLA%2C%20Ajman%2C%20UAE,,,
2006,SHJ,SHJ,PHARMACY,SAMA MUWAILEH PHARMACY LLC,MOH-F-5001109,MUWAILAH,"SHOP NO. 3, BUILDING NO. 2608,MUWAILEH COMMERCIAL INDUSTRIAL AREA,BEHIND AL REEM OFFICE BUILDING,NEXT TO MADINA SHOPPING CENTER,SHARJAH, UAE",06-7416878,https://www.google.com/maps/search/?api=1&query=SHOP%20NO.%203%2C%20BUILDING%20NO.%202608%2CMUWAILEH%20COMMERCIAL%20INDUSTRIAL%20AREA%2CBEHIND%20AL%20REEM%20OFFICE%20BUILDING%2CNEXT%20TO%20MADINA%20SHOPPING%20CENTER%2CSHARJAH%2C%20UAE%2C%20Ajman%2C%20UAE,,,
2007,SHJ,SHJ,PHARMACY,PESHAWAR PHARMACY LLC,MOH-F-5000476,AL GHUWAIR,ROLLA MALL 2ND FLOOR SHOP 234 AL GHUWAIR SHARJAH,06-5643300,https://www.google.com/maps/search/?api=1&query=ROLLA%20MALL%202ND%20FLOOR%20SHOP%20234%20AL%20GHUWAIR%20SHARJAH%2C%20Ajman%2C%20UAE,,,
2008,SHJ,SHJ,PHARMACY,AL MISBAH PHARMACY L.L.C,MOH-F-5001080,ABU SHAGARA," SHOP NO 4, BEHIND KING ABDULAZIZ STREET,BEHIND CHOITHRAM SUPERMARKET, ABUSHAGARA, SHARJAH,U.A.E",06-5779734,https://www.google.com/maps/search/?api=1&query=SHOP%20NO%204%2C%20BEHIND%20KING%20ABDULAZIZ%20STREET%2CBEHIND%20CHOITHRAM%20SUPERMARKET%2C%20ABUSHAGARA%2C%20SHARJAH%2CU.A.E%2C%20Ajman%2C%20UAE,,,
2009,SHJ,SHJ,PHARMACY,MILLENNIUM PHARMACY LLC,MOH-F-5000111,SHARJAH,"SHOP NO 3 & 4, AL SOUQ BUILDING, NEXT TO BANK SADERAT IRAN, AL AROUBA STREET, ROLLA, SHARJAH, UAE",06-5689416,https://www.google.com/maps/search/?api=1&query=SHOP%20NO%203%20%26%204%2C%20AL%20SOUQ%20BUILDING%2C%20NEXT%20TO%20BANK%20SADERAT%20IRAN%2C%20AL%20AROUBA%20STREET%2C%20ROLLA%2C%20SHARJAH%2C%20UAE%2C%20Ajman%2C%20UAE,,,
2010,SHJ,SHJ,PHARMACY,LIFE LINE PHARMACY LLC,MOH-F-5000381,SHARJAH,"AL SOOR BUILDING, P.O.BOX:96234, IBRAHIM MOHAMMED AL MEDFA STREET - AL MINA RD - SHARJAH",06-65659407,https://www.google.com/maps/search/?api=1&query=AL%20SOOR%20BUILDING%2C%20P.O.BOX%3A96234%2C%20IBRAHIM%20MOHAMMED%20AL%20MEDFA%20STREET%20-%20AL%20MINA%20RD%20-%20SHARJAH%2C%20Ajman%2C%20UAE,,,
2011,SHJ,SHJ,PHARMACY,DOCTORS PHARMACY LLC,MOH-F-5000083,SHARJAH,"AL KHALEEJ AL ARABI STREET, OPP TO SWISS BEL HOTEL, AL NABBAH, SHARJAH",06-5614813,https://www.google.com/maps/search/?api=1&query=AL%20KHALEEJ%20AL%20ARABI%20STREET%2C%20OPP%20TO%20SWISS%20BEL%20HOTEL%2C%20AL%20NABBAH%2C%20SHARJAH%2C%20Ajman%2C%20UAE,,,
2012,SHJ,SHJ,PHARMACY,DELMON PHARMACY LLC,MOH-F-5000080,AL BUHAIRAH CORNICHE,"MUHAMMAD JUMA AL MUTHAWA BUILDING,GROUND FLOOR, SHOP NO: 19, 20, 21,AL GHUWAIR AROOBA STREET, ROLLA,SHARJAH, UNITED ARAB EMIRATES",06-5504331,https://www.google.com/maps/search/?api=1&query=MUHAMMAD%20JUMA%20AL%20MUTHAWA%20BUILDING%2CGROUND%20FLOOR%2C%20SHOP%20NO%3A%2019%2C%2020%2C%2021%2CAL%20GHUWAIR%20AROOBA%20STREET%2C%20ROLLA%2CSHARJAH%2C%20UNITED%20ARAB%20EMIRATES%2C%20Ajman%2C%20UAE,,,
2013,SHJ,SHJ,PHARMACY,IBN BATUTA PHARMACY LLC (SHARJAH),MOH-F-5000399,SHARJAH,"THE NEW BUILDING, HASAN BIN THABET STREET, BUHAIRA CORNICHE AL MAJAZ-3, SHARJAH, UAE",06-5561544,https://www.google.com/maps/search/?api=1&query=THE%20NEW%20BUILDING%2C%20HASAN%20BIN%20THABET%20STREET%2C%20BUHAIRA%20CORNICHE%20AL%20MAJAZ-3%2C%20SHARJAH%2C%20UAE%2C%20Ajman%2C%20UAE,,,
2014,SHJ,SHJ,PHARMACY,DEIRA PHARMACY LLC,MOH332,SHARJAH,"FIRST FLOOR, AL MUBARAK CENTER BUILDING, AL SHARQ STREET, AL NABAA, SHARJAH, UAE",06 5631359,https://www.google.com/maps/search/?api=1&query=FIRST%20FLOOR%2C%20AL%20MUBARAK%20CENTER%20BUILDING%2C%20AL%20SHARQ%20STREET%2C%20AL%20NABAA%2C%20SHARJAH%2C%20UAE%2C%20Ajman%2C%20UAE,,,
2015,SHJ,SHJ,PHARMACY,DAR AL HIKMAH PHARMACY LLC,MOH-F-5000238,SHARJAH,"AL QASBA BUILDING, BUHAIRA CORNICHE, AL MAJAZ-2, SHARJAH, UAE",06-5567358,https://www.google.com/maps/search/?api=1&query=AL%20QASBA%20BUILDING%2C%20BUHAIRA%20CORNICHE%2C%20AL%20MAJAZ-2%2C%20SHARJAH%2C%20UAE%2C%20Ajman%2C%20UAE,,,
2016,SHJ,SHJ,PHARMACY,GARDEN PHARMACY LLC,MOH-F-5000321,ROLLA,"SHOP NO: 34. 35, 36, GROUND FLOOR, MUHAMMAD JUMA AL MUTHAWA BUILDING, ROLLA, SHARJAH",06 5211727,https://www.google.com/maps/search/?api=1&query=SHOP%20NO%3A%2034.%2035%2C%2036%2C%20GROUND%20FLOOR%2C%20MUHAMMAD%20JUMA%20AL%20MUTHAWA%20BUILDING%2C%20ROLLA%2C%20SHARJAH%2C%20Ajman%2C%20UAE,,,
2017,SHJ,SHJ,PHARMACY,MOTHER CARE PHARMACY LLC,MOH-F-5000364,SHARJAH,"SHOP NO 2, MASJID BUILDING, BEHIND SHARJAH CEMENT FACTORY, AL SAJAA, SHARJAH, UAE",06-5360122,https://www.google.com/maps/search/?api=1&query=SHOP%20NO%202%2C%20MASJID%20BUILDING%2C%20BEHIND%20SHARJAH%20CEMENT%20FACTORY%2C%20AL%20SAJAA%2C%20SHARJAH%2C%20UAE%2C%20Ajman%2C%20UAE,,,
2018,SHJ,SHJ,PHARMACY,AL MEENA PHARMACY LLC,MOH-F-5000310,SHARJAH,"SATA BUILDING, IBRAHIM MOHAMMED AL MEDFA STREET, AL MINA ROAD, SHARJAH, UAE",06-5625055,https://www.google.com/maps/search/?api=1&query=SATA%20BUILDING%2C%20IBRAHIM%20MOHAMMED%20AL%20MEDFA%20STREET%2C%20AL%20MINA%20ROAD%2C%20SHARJAH%2C%20UAE%2C%20Ajman%2C%20UAE,,,
2019,SHJ,SHJ,PHARMACY,RASHA PHARMACY LLC,MOH-F-5000130,SHARJAH,"SHOP NO: 2,3, HESSA SALEM AL OMRANI BUIDLING, TARIQ BIN ZIYAD STREET, NEXT TO AL GHUWAIR POST OFFICE, ROLLA, SHARJAH",06 5231577,https://www.google.com/maps/search/?api=1&query=SHOP%20NO%3A%202%2C3%2C%20HESSA%20SALEM%20AL%20OMRANI%20BUIDLING%2C%20TARIQ%20BIN%20ZIYAD%20STREET%2C%20NEXT%20TO%20AL%20GHUWAIR%20POST%20OFFICE%2C%20ROLLA%2C%20SHARJAH%2C%20Ajman%2C%20UAE,,,
2020,SHJ,SHJ,PHARMACY,ROYAL GARDEN PHARMACY LLC,MOH-F-5000834,AL HUDAIBA STREET,"VITA CARE PHARMACY L.L.C, SHOP NO 4& 5 BAKHITA SAEED MUBARAK AL SHAMSI AL ROWA, AL HUDAIBA STREET 35",06-5569080,https://www.google.com/maps/search/?api=1&query=VITA%20CARE%20PHARMACY%20L.L.C%2C%20SHOP%20NO%204%26%205%20BAKHITA%20SAEED%20MUBARAK%20AL%20SHAMSI%20AL%20ROWA%2C%20AL%20HUDAIBA%20STREET%2035%2C%20Ajman%2C%20UAE,,,
2021,SHJ,SHJ,PHARMACY,AL WASFA PHARMACY LLC,MOH-F-5000833,AL SOOR,"SHOP NO: 10, MALIK AL RAHMA BUILDING, IBRAHIM AL MEDFA STREET, NEXT TO ADCB, AL SOOR AREA",06-5569080,https://www.google.com/maps/search/?api=1&query=SHOP%20NO%3A%2010%2C%20MALIK%20AL%20RAHMA%20BUILDING%2C%20IBRAHIM%20AL%20MEDFA%20STREET%2C%20NEXT%20TO%20ADCB%2C%20AL%20SOOR%20AREA%2C%20Ajman%2C%20UAE,,,
2022,SHJ,SHJ,PHARMACY,GOOD HEALTH GR-AL KARAZ PHARMACY,MOH-F-5000668,SHARJAH,AL NAHDA SHARJAH,06-5668225,https://www.google.com/maps/search/?api=1&query=AL%20NAHDA%20SHARJAH%2C%20Ajman%2C%20UAE,,,
2023,SHJ,SHJ,PHARMACY,AL ITEKAL PHARMACY LLC,MOH-F-5000021,SHARJAH,"AL SALAMA TOWER,SHOP NO 2,KING FAISALSTREET ,ABU SHAGARA,SHARJAH",06-5531141,https://www.google.com/maps/search/?api=1&query=AL%20SALAMA%20TOWER%2CSHOP%20NO%202%2CKING%20FAISALSTREET%20%2CABU%20SHAGARA%2CSHARJAH%2C%20Ajman%2C%20UAE,,,
2024,SHJ,SHJ,PHARMACY,NAWAIEM PHARMACY,MOH-F-5000538,ROLLA,"SHARJAH GOLD CENTRE , 1ST FLOOR, NEXT TO KM TRADING AL GHUWAIR, AL AROUBA STREET, ROLLA SHARJAH",06-5565195,https://www.google.com/maps/search/?api=1&query=SHARJAH%20GOLD%20CENTRE%20%2C%201ST%20FLOOR%2C%20NEXT%20TO%20KM%20TRADING%20AL%20GHUWAIR%2C%20AL%20AROUBA%20STREET%2C%20ROLLA%20SHARJAH%2C%20Ajman%2C%20UAE,,,
2025,SHJ,SHJ,PHARMACY,AL FAROOQ PHARMACY L.L.C,MOH602,AL NAHDA SHARJAH,"JUMA AL MAJID BUILDING, NEAR REEM AL NAHDA MEDICAL CENTRE,.",06-5315343,https://www.google.com/maps/search/?api=1&query=JUMA%20AL%20MAJID%20BUILDING%2C%20NEAR%20REEM%20AL%20NAHDA%20MEDICAL%20CENTRE%2C.%2C%20Ajman%2C%20UAE,,,
2026,SHJ,SHJ,PHARMACY,AL AQSA PHARMACY L.L.C,MOH-F-5000338,AL TAAWUN,"BACK SIDE OF W.WILSON SPECIALISED MEDICAL CENTRE, SHARJAH.",06-5774704,https://www.google.com/maps/search/?api=1&query=BACK%20SIDE%20OF%20W.WILSON%20SPECIALISED%20MEDICAL%20CENTRE%2C%20SHARJAH.%2C%20Ajman%2C%20UAE,,,
2027,SHJ,SHJ,PHARMACY,AL FARAH PHARMACY LLC,MOH576,AL NAHDA SHARJAH,"NEAR PRIME MEDICAL CENTRE, AL NAHDA, SHARJAH",06-5363707,https://www.google.com/maps/search/?api=1&query=NEAR%20PRIME%20MEDICAL%20CENTRE%2C%20AL%20NAHDA%2C%20SHARJAH%2C%20Ajman%2C%20UAE,,,
2028,SHJ,SHJ,PHARMACY,AL RAZY PHARMACY L.L.C,MOH-F-5000316,AL NAHDA SHARJAH,"BEHIND ANSAR MALL, AL NAHDA, SHARJAH ",06-5377844,https://www.google.com/maps/search/?api=1&query=BEHIND%20ANSAR%20MALL%2C%20AL%20NAHDA%2C%20SHARJAH%2C%20Ajman%2C%20UAE,,,
2029,SHJ,SHJ,PHARMACY,DAR AL FARAH PHARMACY LLC,MOH-F-5000595,AL KHEZAMMIA AREA,"OPP. AL QASIMI HOSPITAL, AL KHEZAMMIA AREA, SHARJAH, UAE",06-5743825,https://www.google.com/maps/search/?api=1&query=OPP.%20AL%20QASIMI%20HOSPITAL%2C%20AL%20KHEZAMMIA%20AREA%2C%20SHARJAH%2C%20UAE%2C%20Ajman%2C%20UAE,,,
2030,SHJ,SHJ,PHARMACY,DELTA AL MAMZAR PHARMACY,MOH-F-5000256,SHARJAH,"SHARJAH-DUBAI ROAD. OPP. SAFEER MALL, SHARJAH,",06-5771703,https://www.google.com/maps/search/?api=1&query=SHARJAH-DUBAI%20ROAD.%20OPP.%20SAFEER%20MALL%2C%20SHARJAH%2C%2C%20Ajman%2C%20UAE,,,
2031,SHJ,SHJ,PHARMACY,DELTA PHARMACY,MOH-F-5000081,SHARJAH,"SHARJAH CO-OPERATIVE – SWEIHAT BRANCH, SHARJAH ",06-5382770,https://www.google.com/maps/search/?api=1&query=SHARJAH%20CO-OPERATIVE%20%E2%80%93%20SWEIHAT%20BRANCH%2C%20SHARJAH%2C%20Ajman%2C%20UAE,,,
2032,SHJ,SHJ,PHARMACY,DELTA AL DHAID PHARMACY,MOH-F-5000317,AL DHAID,"SHARJAH CO-OPERATIVE SOCIETY – AL DHAID, FUJAIRAH ROAD, SHARJAH ",06-8828636,https://www.google.com/maps/search/?api=1&query=SHARJAH%20CO-OPERATIVE%20SOCIETY%20%E2%80%93%20AL%20DHAID%2C%20FUJAIRAH%20ROAD%2C%20SHARJAH%2C%20Ajman%2C%20UAE,,,
2033,SHJ,SHJ,PHARMACY,DELTA MODERN PHARMACY,MOH-F-5000341,SHARJAH,"JAMAL ABDUL NAZAR STREET, NEAR BRANDS FOR LESS SHOW ROOM, SHARJAH",06-5554490,https://www.google.com/maps/search/?api=1&query=JAMAL%20ABDUL%20NAZAR%20STREET%2C%20NEAR%20BRANDS%20FOR%20LESS%20SHOW%20ROOM%2C%20SHARJAH%2C%20Ajman%2C%20UAE,,,
2034,SHJ,SHJ,PHARMACY,NASEEM AL BATAEH PHARMACY,MOH-F-5000723,AL BATAEH,"SHARJA CO-OPERATIVE SOCIETY BUILDING, AL BATAEH, SHARJAH",06-8833352,https://www.google.com/maps/search/?api=1&query=SHARJA%20CO-OPERATIVE%20SOCIETY%20BUILDING%2C%20AL%20BATAEH%2C%20SHARJAH%2C%20Ajman%2C%20UAE,,,
2035,SHJ,SHJ,PHARMACY,AL RAYAN PHARMACY LLC,MOH-F-5000356,ABU SHAGARA,"ABU SHAGARA, SHARJAH UAE",06-5509475,https://www.google.com/maps/search/?api=1&query=ABU%20SHAGARA%2C%20SHARJAH%20UAE%2C%20Ajman%2C%20UAE,,,
2036,SHJ,SHJ,PHARMACY,AL ENWAN PHARMACY,MOH-F-5000807,AL MARIJA STREET,"BEHIND RAK BANK MEENA ROAD, DOWN MARIJAH MEDICAL CENTER, AL MARIJA ST. SHARJAH",06-555 9111,https://www.google.com/maps/search/?api=1&query=BEHIND%20RAK%20BANK%20MEENA%20ROAD%2C%20DOWN%20MARIJAH%20MEDICAL%20CENTER%2C%20AL%20MARIJA%20ST.%20SHARJAH%2C%20Ajman%2C%20UAE,,,
2037,SHJ,SHJ,PHARMACY,AL TAWAR PHARMACY,MOH-F-5000797,QASIMIYA,"NEXT AL AFDAL MEDICAL CENTER KING ABDUL AZIZ STREET,QASIMIYA SHARJAH",06 5334111,https://www.google.com/maps/search/?api=1&query=NEXT%20AL%20AFDAL%20MEDICAL%20CENTER%20KING%20ABDUL%20AZIZ%20STREET%2CQASIMIYA%20SHARJAH%2C%20Ajman%2C%20UAE,,,
2038,SHJ,SHJ,PHARMACY,REEM AL NAHDAH PHARMACY LLC,MOH-F-5000988,AL NAHDA PARK,"OPP. CARREFOUR MARKET, NEAR AL NAHDA PARK, AL NAHDA SHARJAH",065255825,https://www.google.com/maps/search/?api=1&query=OPP.%20CARREFOUR%20MARKET%2C%20NEAR%20AL%20NAHDA%20PARK%2C%20AL%20NAHDA%20SHARJAH%2C%20Ajman%2C%20UAE,,,
2039,SHJ,SHJ,PHARMACY,FAITH ZONE PHARMACY FZC,MOH-F-5000937,SAIF ZONE,INTERNATIONAL AIRPORT - SHOP NO A 11-02 - SAIF ZONE - SHARJAH,06-5658787,https://www.google.com/maps/search/?api=1&query=INTERNATIONAL%20AIRPORT%20-%20SHOP%20NO%20A%2011-02%20-%20SAIF%20ZONE%20-%20SHARJAH%2C%20Ajman%2C%20UAE,,,
2040,SHJ,SHJ,PHARMACY,AL HAMRIA PHARMACY LLC,MOH-F-5000978,AL NAHDA,"NEAR HOT BURGER AL NAHDA, SHARJAH UAE",06-521 8887,https://www.google.com/maps/search/?api=1&query=NEAR%20HOT%20BURGER%20AL%20NAHDA%2C%20SHARJAH%20UAE%2C%20Ajman%2C%20UAE,,,
2041,SHJ,SHJ,PHARMACY,EMIRATES EUROPEAN HOSPITAL PHARMACY,MOH-F-5000702,AL SHARQ STREET,"QULAYA AREA, ALSHARQ STREET",06-5619444,https://www.google.com/maps/search/?api=1&query=QULAYA%20AREA%2C%20ALSHARQ%20STREET%2C%20Ajman%2C%20UAE,,,
2042,SHJ,SHJ,PHARMACY,LAMIA PHARMACY,MOH-F-5000219,SHARJAH,"SHOP NO.5,GROUD FLOOR,KHANSAHEH BUILDING,CORNICHE ROAD,AL SHUWAIHEEN AREA ,SHARJAH,P.O.BOX:20031",06-5680781,https://www.google.com/maps/search/?api=1&query=SHOP%20NO.5%2CGROUD%20FLOOR%2CKHANSAHEH%20BUILDING%2CCORNICHE%20ROAD%2CAL%20SHUWAIHEEN%20AREA%20%2CSHARJAH%2CP.O.BOX%3A20031%2C%20Ajman%2C%20UAE,,,
2043,SHJ,SHJ,PHARMACY,AL SADAF PHARMACY LLC,MOH-F-5000746,SHARJAH,"SHOP # 4&5MALIK HAMMAD SULTAN BUILDING,NEAR NOOR AL SAJJAH SUPER MARKET",06-5598211,https://www.google.com/maps/search/?api=1&query=SHOP%20%23%204%265MALIK%20HAMMAD%20SULTAN%20BUILDING%2CNEAR%20NOOR%20AL%20SAJJAH%20SUPER%20MARKET%2C%20Ajman%2C%20UAE,,,
2044,SHJ,SHJ,PHARMACY,ASTER PHARMACY 125,MOH-F-5000450,SHARJAH,"AL DEYAR BUIDING, NEAR TAWOUN R/A, AL TAWOUN, SHARJAH",06-5303016,https://www.google.com/maps/search/?api=1&query=AL%20DEYAR%20BUIDING%2C%20NEAR%20TAWOUN%20R/A%2C%20AL%20TAWOUN%2C%20SHARJAH%2C%20Ajman%2C%20UAE,,,
2045,SHJ,SHJ,PHARMACY,ASTER HARAMAIN (AL HARAMAIN PHARMACY),MOH-F-5000018,AL NAHDA AREA,"AL NAHDA TOWER, AL NAHADAH - SHARJAH",06-5316779,https://www.google.com/maps/search/?api=1&query=AL%20NAHDA%20TOWER%2C%20AL%20NAHADAH%20-%20SHARJAH%2C%20Ajman%2C%20UAE,,,
2046,SHJ,SHJ,PHARMACY,CRISTAL PHARMACY,MOH-F-5000295,TAAWAUN AREA,"AL SHAMSI BLG.,SHOP 4, AL TAWOON AREA, SHARJAH",06-5773100,https://www.google.com/maps/search/?api=1&query=AL%20SHAMSI%20BLG.%2CSHOP%204%2C%20AL%20TAWOON%20AREA%2C%20SHARJAH%2C%20Ajman%2C%20UAE,,,
2047,SHJ,SHJ,PHARMACY,ASTER PHARMACY 133,MOH-F-5000492,ABUTINA,"AL SHARQ STREET,NEXT TO FINE FAIR, BUTINA, OPP: SHARJAH COP SOCEITY",06-5619322,https://www.google.com/maps/search/?api=1&query=AL%20SHARQ%20STREET%2CNEXT%20TO%20FINE%20FAIR%2C%20BUTINA%2C%20OPP%3A%20SHARJAH%20COP%20SOCEITY%2C%20Ajman%2C%20UAE,,,
2048,SHJ,SHJ,PHARMACY,ASTER MEDICOM -17 (AL ANSAR PHARMACY),MOH-F-5000175,SHARJAH,"ANSAR MALL, AL NAHADA ROAD, SHARJAH",06-5313256,https://www.google.com/maps/search/?api=1&query=ANSAR%20MALL%2C%20AL%20NAHADA%20ROAD%2C%20SHARJAH%2C%20Ajman%2C%20UAE,,,
2049,SHJ,SHJ,PHARMACY,ASTER SHARJAH PHARMACY,MOH-F-5000061,KING FAISAL ROAD,"BESIDE NAHDA PARK, OPPOSITE TO CARREFOUR EXPRESS, AL NAHDA",06-5253663,https://www.google.com/maps/search/?api=1&query=BESIDE%20NAHDA%20PARK%2C%20OPPOSITE%20TO%20CARREFOUR%20EXPRESS%2C%20AL%20NAHDA%2C%20Ajman%2C%20UAE,,,
2050,SHJ,SHJ,PHARMACY,ASTER WASEEM (WASEEM PHARMACY),MOH-F-5000052,TAAWAUN AREA,"DAFCO BUILDING, TAAWUN AREA - SHARJAH",06-5770930,https://www.google.com/maps/search/?api=1&query=DAFCO%20BUILDING%2C%20TAAWUN%20AREA%20-%20SHARJAH%2C%20Ajman%2C%20UAE,,,
2051,SHJ,SHJ,PHARMACY,ASTER PHARMACY 106,MOH-F-5000403,AL NAHDA AREA,"GOLDENSANDS BUILDING, AL ITTIHAD ROAD ,AL NAHDA, NEAR TO SHAFEER MALL",06-5749669,https://www.google.com/maps/search/?api=1&query=GOLDENSANDS%20BUILDING%2C%20AL%20ITTIHAD%20ROAD%20%2CAL%20NAHDA%2C%20NEAR%20TO%20SHAFEER%20MALL%2C%20Ajman%2C%20UAE,,,
2052,SHJ,SHJ,PHARMACY,ASTER PHARMACY 107,MOH-F-5000367,KING FAISAL ROAD,"HASSAN BABA HASSAN BUILDING, GROUD FLOOR, KING FAISAL ROAD, SHARJAH",06-5734704,https://www.google.com/maps/search/?api=1&query=HASSAN%20BABA%20HASSAN%20BUILDING%2C%20GROUD%20FLOOR%2C%20KING%20FAISAL%20ROAD%2C%20SHARJAH%2C%20Ajman%2C%20UAE,,,
2053,SHJ,SHJ,PHARMACY,ASTER PHARMACY 108,MOH-F-5000449,ROLLA,"IBRAHIM MOHAMED AL MEDFAA STREET, NEXT TO SATA, UM AL TARAFA AREA, ROLLA, SHARJAH, NEAR TO ACCESS CLINIC",06-5610012,https://www.google.com/maps/search/?api=1&query=IBRAHIM%20MOHAMED%20AL%20MEDFAA%20STREET%2C%20NEXT%20TO%20SATA%2C%20UM%20AL%20TARAFA%20AREA%2C%20ROLLA%2C%20SHARJAH%2C%20NEAR%20TO%20ACCESS%20CLINIC%2C%20Ajman%2C%20UAE,,,
2054,SHJ,SHJ,PHARMACY,ASTER AL MAWADAH (AL MAWADAH PHARMACY),MOH-F-5000033,IMMIGRATION ROAD,IMMIGRATION ROAD - SHARJAH,06-5744878,https://www.google.com/maps/search/?api=1&query=IMMIGRATION%20ROAD%20-%20SHARJAH%2C%20Ajman%2C%20UAE,,,
2055,SHJ,SHJ,PHARMACY,ASTER AL MAJAZ (AL MAJAZ PHARMACY),MOH-F-5000174,JAMAL ABDUL NASR STREET,"JAMAL ABDUL NASIR ST, MAJAZ - SHARJAH",06-5599799,https://www.google.com/maps/search/?api=1&query=JAMAL%20ABDUL%20NASIR%20ST%2C%20MAJAZ%20-%20SHARJAH%2C%20Ajman%2C%20UAE,,,
2056,SHJ,SHJ,PHARMACY,ASTER AL BUHAIRAH PHARMACY,MOH-F-5000312,AL BUHAIRAH CORNICHE,"LAGOON TOWER, SHOP NO.1, BUHAIRAH CORNICHE, SHARJAH, UAE",06-5444542,https://www.google.com/maps/search/?api=1&query=LAGOON%20TOWER%2C%20SHOP%20NO.1%2C%20BUHAIRAH%20CORNICHE%2C%20SHARJAH%2C%20UAE%2C%20Ajman%2C%20UAE,,,
2057,SHJ,SHJ,PHARMACY,ASTER EXPERT (EXPERT PHARMACY),MOH-F-5000173,ABUTINA,NEAR AL NASSIRAYA POLICE STN - SHARJAH,06-5654635,https://www.google.com/maps/search/?api=1&query=NEAR%20AL%20NASSIRAYA%20POLICE%20STN%20-%20SHARJAH%2C%20Ajman%2C%20UAE,,,
2058,SHJ,SHJ,PHARMACY,ASTER SALIM (SALIM PHARMACY),MOH-F-5000135,AL BUHAIRAH CORNICHE,"NEAR SMADI SWEETS, AL BUHAIRAH - SHARJAH",06-5736262,https://www.google.com/maps/search/?api=1&query=NEAR%20SMADI%20SWEETS%2C%20AL%20BUHAIRAH%20-%20SHARJAH%2C%20Ajman%2C%20UAE,,,
2059,SHJ,SHJ,PHARMACY,ASTER AL MANARAH (AL MANARAH PHARMACY),MOH-F-5000031,TAAWAUN AREA,"OPP. TAAWUN MALL, TAAWUN AREA - SHARJAH",06-5774665,https://www.google.com/maps/search/?api=1&query=OPP.%20TAAWUN%20MALL%2C%20TAAWUN%20AREA%20-%20SHARJAH%2C%20Ajman%2C%20UAE,,,
2060,SHJ,SHJ,PHARMACY,ASTER AL SHUALLA (AL SHUALLA PHARMACY),MOH-F-5000050,AL NAHDA AREA,"SAFEER MALL, AL NAHDA, NEAR TO AL KHAN BRIDGE,SHARJAH",06-5313648,https://www.google.com/maps/search/?api=1&query=SAFEER%20MALL%2C%20AL%20NAHDA%2C%20NEAR%20TO%20AL%20KHAN%20BRIDGE%2CSHARJAH%2C%20Ajman%2C%20UAE,,,
2061,SHJ,SHJ,PHARMACY,ASTER PHARMACY 122,MOH-F-5000481,SHARJAH,"SHOP NO 2, ASTER BUILDING, NEAR ASTER CLINIC, NEAR ABU SHAGARA PARK, ABU SHAGARA",06-5570996,https://www.google.com/maps/search/?api=1&query=SHOP%20NO%202%2C%20ASTER%20BUILDING%2C%20NEAR%20ASTER%20CLINIC%2C%20NEAR%20ABU%20SHAGARA%20PARK%2C%20ABU%20SHAGARA%2C%20Ajman%2C%20UAE,,,
2062,SHJ,SHJ,PHARMACY,ASTER PHARMACY 203,MOH1351,SHARJAH,"SHOP NO.1, ARAB DOCTOR BUILDING, AL TAAWUN AREA, SHARJAH",06-5396955,https://www.google.com/maps/search/?api=1&query=SHOP%20NO.1%2C%20ARAB%20DOCTOR%20BUILDING%2C%20AL%20TAAWUN%20AREA%2C%20SHARJAH%2C%20Ajman%2C%20UAE,,,
2063,SHJ,SHJ,PHARMACY,ASTER PHARMACY 151,MOH-F-5000532,TAAWAUN AREA,"SHOP NO.4, MAMZER 1 TOWER, OPP. SHARJAH PALACE HOTEL, TAWUN STREET, AL TAWOON",06-5453109,https://www.google.com/maps/search/?api=1&query=SHOP%20NO.4%2C%20MAMZER%201%20TOWER%2C%20OPP.%20SHARJAH%20PALACE%20HOTEL%2C%20TAWUN%20STREET%2C%20AL%20TAWOON%2C%20Ajman%2C%20UAE,,,
2064,SHJ,SHJ,PHARMACY,ASTER PHARMACY 121 (BR OF ASTER PHARMACIES GROUP LLC),MOH-F-5000404,AL NAHDA AREA,"SILVER SAND BUILDING, , AL NAHDA,OPP JUMA AL MAJID BUILDING",06-5544504,https://www.google.com/maps/search/?api=1&query=SILVER%20SAND%20BUILDING%2C%20%2C%20AL%20NAHDA%2COPP%20JUMA%20AL%20MAJID%20BUILDING%2C%20Ajman%2C%20UAE,,,
2065,SHJ,SHJ,PHARMACY,ASTER PHARMACY 140,MOH-F-5000567,KING FAISAL ROAD,"SULTACO BUILDING, KING FAISAL STREET, AL MAJAZ, SHARJAH",06- 5445001,https://www.google.com/maps/search/?api=1&query=SULTACO%20BUILDING%2C%20KING%20FAISAL%20STREET%2C%20AL%20MAJAZ%2C%20SHARJAH%2C%20Ajman%2C%20UAE,,,
2066,SHJ,SHJ,PHARMACY,ASTER PHARMACY 153,MOH-F-5000627,AL NAHDA AREA,"SUROOR BUILDING, AL NAHDA PARK AREA, BESIDE CITY EXCHANGE, AL NAHDA",06-5543060,https://www.google.com/maps/search/?api=1&query=SUROOR%20BUILDING%2C%20AL%20NAHDA%20PARK%20AREA%2C%20BESIDE%20CITY%20EXCHANGE%2C%20AL%20NAHDA%2C%20Ajman%2C%20UAE,,,
2067,SHJ,SHJ,PHARMACY,ASTER PHARMACIES GROUP LLC -SHJ BR -BRANCH 2,MOH-F-5000886,SHARJAH,"SHOP NO.2, BIN THAREEM BUILDING, MUWAILAH COMMERCIAL ROAD, NEAR TO ASTER CLINIC, AL MUWAILAH",06-5321164,https://www.google.com/maps/search/?api=1&query=SHOP%20NO.2%2C%20BIN%20THAREEM%20BUILDING%2C%20MUWAILAH%20COMMERCIAL%20ROAD%2C%20NEAR%20TO%20ASTER%20CLINIC%2C%20AL%20MUWAILAH%2C%20Ajman%2C%20UAE,,,
2068,SHJ,SHJ,PHARMACY,ASTER PHARMACIES GROUP LLC- SHJ BR - BRANCH 3,MOH-F-5000878,SHARJAH,"1ST FLOOR, SHARJAH CITY CENTER, OPP: CARREFOUR, AL WAHDA STREET, SHARJAH",06-5950110,https://www.google.com/maps/search/?api=1&query=1ST%20FLOOR%2C%20SHARJAH%20CITY%20CENTER%2C%20OPP%3A%20CARREFOUR%2C%20AL%20WAHDA%20STREET%2C%20SHARJAH%2C%20Ajman%2C%20UAE,,,
2069,SHJ,SHJ,PHARMACY,ASTER PHARMACIES GROUP LLC -SHJ BR -BRANCH 1,MOH-F-5000987,SWEIHAT,"SHOP NO:3, SHARJAH CO-OPERATIVE SOCIETY, SWEIHAT, SHARJAH",06-5465240,https://www.google.com/maps/search/?api=1&query=SHOP%20NO%3A3%2C%20SHARJAH%20CO-OPERATIVE%20SOCIETY%2C%20SWEIHAT%2C%20SHARJAH%2C%20Ajman%2C%20UAE,,,
2070,SHJ,SHJ,PHARMACY,ASTER PHARMACIES GROUP LLC -SHJ BR,MOH-F-5001037,KALBAH,"PLOT 25, SAJIDHA HYPERMARKET, AL WAHDA STREET, KALBA, SHARJAH",09-6061832,https://www.google.com/maps/search/?api=1&query=PLOT%2025%2C%20SAJIDHA%20HYPERMARKET%2C%20AL%20WAHDA%20STREET%2C%20KALBA%2C%20SHARJAH%2C%20Ajman%2C%20UAE,,,
2071,SHJ,SHJ,PHARMACY,ASTER PHARMACIES GROUP LLC -SHJ BR -BRANCH 4,MOH-F-5001065,ALI MOOSA STREET,"SHOP NO.22 & 23, PLOT NO:7664, SAJAH MALL, ALI MOOSA STREET, SAJAH, SHARJAH, UAE",06-5466057,https://www.google.com/maps/search/?api=1&query=SHOP%20NO.22%20%26%2023%2C%20PLOT%20NO%3A7664%2C%20SAJAH%20MALL%2C%20ALI%20MOOSA%20STREET%2C%20SAJAH%2C%20SHARJAH%2C%20UAE%2C%20Ajman%2C%20UAE,,,
2072,SHJ,SHJ,PHARMACY,ASTER HOSPITAL PHARMACY,MOH-F-5001050,AL QASIMI STREET,"BEHIND MEGA MALL, SHEIKH SAQR BIN KHALID AL QASIMI STREET, AL BU DANIQ, SHARJAH",04-4400500,https://www.google.com/maps/search/?api=1&query=BEHIND%20MEGA%20MALL%2C%20SHEIKH%20SAQR%20BIN%20KHALID%20AL%20QASIMI%20STREET%2C%20AL%20BU%20DANIQ%2C%20SHARJAH%2C%20Ajman%2C%20UAE,,,
2073,SHJ,SHJ,PHARMACY,AL COURNICHE PHARMACY,MOH-F-5000647,SHARJAH,"P.O.BOX - 21218, GROUND FLOOR, CORNICHE PLAZA II , BUHAIRA CORNICHE, SHARJAH, UAE",06-5751222,https://www.google.com/maps/search/?api=1&query=P.O.BOX%20-%2021218%2C%20GROUND%20FLOOR%2C%20CORNICHE%20PLAZA%20II%20%2C%20BUHAIRA%20CORNICHE%2C%20SHARJAH%2C%20UAE%2C%20Ajman%2C%20UAE,,,
2074,SHJ,SHJ,PHARMACY,AL YAMAMA PHARMACY LLC,MOH-F-5000456,SHARJAH,"PO BOX NO. 64283,INDUSTRIAL AREA 10, SHARJAH, U.A.E",06-5346066,https://www.google.com/maps/search/?api=1&query=PO%20BOX%20NO.%2064283%2CINDUSTRIAL%20AREA%2010%2C%20SHARJAH%2C%20U.A.E%2C%20Ajman%2C%20UAE,,,
2075,SHJ,SHJ,PHARMACY,AL RAHMANIAH PHARMACY LLC,MOH-F-5000333,SHARJAH,"THIRD INDUSTRIAL AREA STREET, SHARJAH, U.A.E",06-5343351,https://www.google.com/maps/search/?api=1&query=THIRD%20INDUSTRIAL%20AREA%20STREET%2C%20SHARJAH%2C%20U.A.E%2C%20Ajman%2C%20UAE,,,
2076,SHJ,SHJ,PHARMACY,AL SHIFA UROPI PHARMACY LLC,MOH971,AL NAHDA AREA,"GROUND FLOOR, QADISSIYA (TIGER) BUILDING, AL NAHDA",06-5394609,https://www.google.com/maps/search/?api=1&query=GROUND%20FLOOR%2C%20QADISSIYA%20%28TIGER%29%20BUILDING%2C%20AL%20NAHDA%2C%20Ajman%2C%20UAE,,,
2077,SHJ,SHJ,PHARMACY,BILAL PHARMACY,MOH-F-5000066,SHARJAH INDUSTRIAL AREA,"INDUSTRAIL AREA NO. 2, CATERPILLAR ROAD, OPPOSITE TO ADNOC PETROL STATION NEXT TO DYNATRADE SERVICE CENTER, SHARJAH",06-5328558,https://www.google.com/maps/search/?api=1&query=INDUSTRAIL%20AREA%20NO.%202%2C%20CATERPILLAR%20ROAD%2C%20OPPOSITE%20TO%20ADNOC%20PETROL%20STATION%20NEXT%20TO%20DYNATRADE%20SERVICE%20CENTER%2C%20SHARJAH%2C%20Ajman%2C%20UAE,,,
2078,SHJ,SHJ,PHARMACY,AL FURQAN PHARMACY (AL- SHAMS GROUP),MOH-F-5000195,SHARJAH,"PO. BOX 48431, SHOP 9, GROUND FLOOR, MATTAR BLDG, AL MADAM, SHARJAH",06-8861910,https://www.google.com/maps/search/?api=1&query=PO.%20BOX%2048431%2C%20SHOP%209%2C%20GROUND%20FLOOR%2C%20MATTAR%20BLDG%2C%20AL%20MADAM%2C%20SHARJAH%2C%20Ajman%2C%20UAE,,,
2079,SHJ,SHJ,PHARMACY,AL SEYOUH PHARMACY LLC,MOH-F-5001172,INDUSTRIAL AREA 4,"UNIT 15, BLOCK A, NEAR GIFT MART, SHARJAH INDUSTRIAL AREA 4",06-5594836,https://www.google.com/maps/search/?api=1&query=UNIT%2015%2C%20BLOCK%20A%2C%20NEAR%20GIFT%20MART%2C%20SHARJAH%20INDUSTRIAL%20AREA%204%2C%20Ajman%2C%20UAE,,,
2080,SHJ,SHJ,PHARMACY,RUKN AL YASMEEN PHARMACY,MOH-F-5000778,ROLLA,"OLLA MALL, GROUND FLOOR, ROLLA - SHARJAH",06-5238080,https://www.google.com/maps/search/?api=1&query=OLLA%20MALL%2C%20GROUND%20FLOOR%2C%20ROLLA%20-%20SHARJAH%2C%20Ajman%2C%20UAE,,,
2081,SHJ,SHJ,PHARMACY,YAS PHARMACY L.L.C,MOH-F-5000526,SHARJAH INDUSTRIAL AREA,"NEAR LULU INTERNATIONAL EXCHANGE, SAJJA INDUSTRIAL AREA",06-5361256,https://www.google.com/maps/search/?api=1&query=NEAR%20LULU%20INTERNATIONAL%20EXCHANGE%2C%20SAJJA%20INDUSTRIAL%20AREA%2C%20Ajman%2C%20UAE,,,
2082,SHJ,SHJ,PHARMACY,AL QASIMIAH PHARMACY LLC,MOH-F-5000231,SHARJAH,"NEAR SHARJAH CEMENT FACTORY, ALI MOOSA BUILDING, SAJJA INDUSTRIAL AREA",06-5310177,https://www.google.com/maps/search/?api=1&query=NEAR%20SHARJAH%20CEMENT%20FACTORY%2C%20ALI%20MOOSA%20BUILDING%2C%20SAJJA%20INDUSTRIAL%20AREA%2C%20Ajman%2C%20UAE,,,
2083,SHJ,SHJ,PHARMACY,ASIA PHARMACY LLC,MOH316,SHARJAH,"INDUSTRIAL AREA 2, NEAR SEDANA SIGNAL, SHARJAH",06-5335970,https://www.google.com/maps/search/?api=1&query=INDUSTRIAL%20AREA%202%2C%20NEAR%20SEDANA%20SIGNAL%2C%20SHARJAH%2C%20Ajman%2C%20UAE,,,
2084,SHJ,SHJ,PHARMACY,AL SAJAA PHARMACY LLC,MOH-449,SHARJAH,"DHAID ROAD, OPP SHARJAH CEMENT FACTORY, SHARJAH",06-5310199,https://www.google.com/maps/search/?api=1&query=DHAID%20ROAD%2C%20OPP%20SHARJAH%20CEMENT%20FACTORY%2C%20SHARJAH%2C%20Ajman%2C%20UAE,,,
2085,SHJ,SHJ,PHARMACY,BAB AL QASIMIAH PHARMACY LLC,MOH-1041,SHARJAH,"SAJAA ONDUSTRIAL AREA ,HANNA HYPER MARKET,",06-5221707,https://www.google.com/maps/search/?api=1&query=SAJAA%20ONDUSTRIAL%20AREA%20%2CHANNA%20HYPER%20MARKET%2C%2C%20Ajman%2C%20UAE,,,
2086,SHJ,SHJ,PHARMACY,AL AFDHAL PHARMACY(AL NEEM GROUP),MOH-F-5000542,ROLLA,"NEAR SWISS BELL HOTEL, AL AROUBA STREET. ROLLA,, POST BOX:3134",06-5217622,https://www.google.com/maps/search/?api=1&query=NEAR%20SWISS%20BELL%20HOTEL%2C%20AL%20AROUBA%20STREET.%20ROLLA%2C%2C%20POST%20BOX%3A3134%2C%20Ajman%2C%20UAE,,,
2087,SHJ,SHJ,PHARMACY,DAR AL DAWAA PHARMACY L.L.C(AL NEEM GROUP),MOH-F-5000281,KING FAISAL ROAD,"RIGHT MEDICALCENTER BUILDING, ABU SHAGARAH, KING FAISAL STREET.",06-5449544,https://www.google.com/maps/search/?api=1&query=RIGHT%20MEDICALCENTER%20BUILDING%2C%20ABU%20SHAGARAH%2C%20KING%20FAISAL%20STREET.%2C%20Ajman%2C%20UAE,,,
2088,SHJ,SHJ,PHARMACY,AL SABAH PHARMACY L.L.C(AL NEEM GROUP),MOH-F-5000608,SHARJAH,"HNC CLINIC BUILDING, MUWAILAH COMMERCIAL",06-5302468,https://www.google.com/maps/search/?api=1&query=HNC%20CLINIC%20BUILDING%2C%20MUWAILAH%20COMMERCIAL%2C%20Ajman%2C%20UAE,,,
2089,SHJ,SHJ,PHARMACY,RUKN AL HAYAT PHARMACY L.L.C,MOH-F-5000384,AL MAJAZ,AL MAJAZ,06-5444534,https://www.google.com/maps/search/?api=1&query=AL%20MAJAZ%2C%20Ajman%2C%20UAE,,,
2090,SHJ,SHJ,PHARMACY,DAR AL NEEM PHARMACY LLC,MOH-F-5000813,AL MUNTAZAH,AL MUNTAZAH,06-5593344,https://www.google.com/maps/search/?api=1&query=AL%20MUNTAZAH%2C%20Ajman%2C%20UAE,,,
2091,SHJ,SHJ,PHARMACY,AL SAMHA PHARMACY LLC,MOH-F-5000806,ABU SHAGARA,ABU SHAGARA STREET,056-6465225,https://www.google.com/maps/search/?api=1&query=ABU%20SHAGARA%20STREET%2C%20Ajman%2C%20UAE,,,
2092,SHJ,SHJ,PHARMACY,ABUDHABI PHARMACY,MOH-F-5000875,AL KHAN,AL KHAN STREET,056-6465995,https://www.google.com/maps/search/?api=1&query=AL%20KHAN%20STREET%2C%20Ajman%2C%20UAE,,,
2093,SHJ,SHJ,PHARMACY,MUHAMMAD AYAZ PHARMACY L.L.C,MOH-F-5000451,SHARJAH,"AHMED BIN ALI BUILDING, AL WASIT STREET, OPP. KARACHI DARBAR, AL SHAHBA",06-5526224,https://www.google.com/maps/search/?api=1&query=AHMED%20BIN%20ALI%20BUILDING%2C%20AL%20WASIT%20STREET%2C%20OPP.%20KARACHI%20DARBAR%2C%20AL%20SHAHBA%2C%20Ajman%2C%20UAE,,,
2094,SHJ,SHJ,PHARMACY,LANA PHARMACY L.L.C(AL NEEM GROUP),MOH-F-5000713,SHARJAH,"MUSCAT BUILDING, UNIVERSITY CITY ROAD, MUWAILAH, , POST BOX:31343",06-5691876,https://www.google.com/maps/search/?api=1&query=MUSCAT%20BUILDING%2C%20UNIVERSITY%20CITY%20ROAD%2C%20MUWAILAH%2C%20%2C%20POST%20BOX%3A31343%2C%20Ajman%2C%20UAE,,,
2095,SHJ,SHJ,PHARMACY,AL NAS PHARMACY L.L.C(AL NEEM GROUP),MOH-F-5000748,SHARJAH,"MUHAMMED SYEED BUILDING, AL SHUWAIB ROAD, AL WASHAH, DHAID,POST BOX:31343",06-5343034,https://www.google.com/maps/search/?api=1&query=MUHAMMED%20SYEED%20BUILDING%2C%20AL%20SHUWAIB%20ROAD%2C%20AL%20WASHAH%2C%20DHAID%2CPOST%20BOX%3A31343%2C%20Ajman%2C%20UAE,,,
2096,SHJ,SHJ,PHARMACY,RAFEAH PHARMACY L.L.C(AL NEEM GROUP),MOH-F-5000727,SHARJAH,"ZAEIF MUSABAH HUMOOD AL KETABI BUILDING, BATAYAH RAFEAH, POST BOX:31343",06-5341441,https://www.google.com/maps/search/?api=1&query=ZAEIF%20MUSABAH%20HUMOOD%20AL%20KETABI%20BUILDING%2C%20BATAYAH%20RAFEAH%2C%20POST%20BOX%3A31343%2C%20Ajman%2C%20UAE,,,
2097,SHJ,SHJ,PHARMACY,AL MALEHA PHARMACY,MOH835,SHARJAH,"OPPOSITE ETISALAT, AL DHAID,SHARJAH.U.A.E.",06-8826855,https://www.google.com/maps/search/?api=1&query=OPPOSITE%20ETISALAT%2C%20AL%20DHAID%2CSHARJAH.U.A.E.%2C%20Ajman%2C%20UAE,,,
2098,SHJ,SHJ,PHARMACY,MILAN PHARMACY LLC,MOH-F-5000832,ABU SHAGARA,"MODERN CLINIC BUILDING,KING FAISAL ROAD,ABUSHAGARA,SHARJAH",06-5420077,https://www.google.com/maps/search/?api=1&query=MODERN%20CLINIC%20BUILDING%2CKING%20FAISAL%20ROAD%2CABUSHAGARA%2CSHARJAH%2C%20Ajman%2C%20UAE,,,
2099,SHJ,SHJ,PHARMACY,ARABIAN PHARMACY (AL BARAKAH),MOH-F-5000635,SHARJAH INDUSTRIAL AREA,INDUSTRIAL AREA 5,06-5431763,https://www.google.com/maps/search/?api=1&query=INDUSTRIAL%20AREA%205%2C%20Ajman%2C%20UAE,,,
2100,SHJ,SHJ,PHARMACY,SHARJAH AHALIA PHARMACY,MOH-F-5000138,SHARJAH,"IBRAHIM AL MEDFA ST,AL MUSALLAH ,INFRONT OF ETISALAT,SHARJAH",06-5621600,https://www.google.com/maps/search/?api=1&query=IBRAHIM%20AL%20MEDFA%20ST%2CAL%20MUSALLAH%20%2CINFRONT%20OF%20ETISALAT%2CSHARJAH%2C%20Ajman%2C%20UAE,,,
2101,SHJ,SHJ,PHARMACY,AL AHLIAH PHARMACY,MOH-F-5000486,NEAR CLOCK TOWER,"SHEIKH ZAYED STREET, OPP KALYAN SILKS, NEAR CLOCK TOWER, MAISALOON - ZAIKZAID",06-5313698,https://www.google.com/maps/search/?api=1&query=SHEIKH%20ZAYED%20STREET%2C%20OPP%20KALYAN%20SILKS%2C%20NEAR%20CLOCK%20TOWER%2C%20MAISALOON%20-%20ZAIKZAID%2C%20Ajman%2C%20UAE,,,
2102,SHJ,SHJ,PHARMACY,AL INAYA AL MUTAQADIMAH PHARMACY LLC-MUWAILAH-(ADVANCED GROUP),MOH-F-5000324,SHARJAH,"SHOP NO : 2, GROUND FLOOR, AL REEM BUILDING I, MUWAILAH, NEAR NATIONAL PAINTS,MALIHA ROAD (SHARJAH-KALBA ROAD), SHARJAH - UAE.",06-5345663,https://www.google.com/maps/search/?api=1&query=SHOP%20NO%20%3A%202%2C%20GROUND%20FLOOR%2C%20AL%20REEM%20BUILDING%20I%2C%20MUWAILAH%2C%20NEAR%20NATIONAL%20PAINTS%2CMALIHA%20ROAD%20%28SHARJAH-KALBA%20ROAD%29%2C%20SHARJAH%20-%20UAE.%2C%20Ajman%2C%20UAE,,,
2103,SHJ,SHJ,PHARMACY,ASTER PHARMACIES GROUP LLC- SHJ BR - BRANCH 5,MOH-F-5000882,MUWAILAH,"SHOP NO:1, RASHID BUILDING, NEAR AL MADINA SHOPPING CENTER, UNIVERSITY ROAD, MUWAILIAH, SHARJAH",06-5538496,https://www.google.com/maps/search/?api=1&query=SHOP%20NO%3A1%2C%20RASHID%20BUILDING%2C%20NEAR%20AL%20MADINA%20SHOPPING%20CENTER%2C%20UNIVERSITY%20ROAD%2C%20MUWAILIAH%2C%20SHARJAH%2C%20Ajman%2C%20UAE,,,
2104,SHJ,SHJ,PHARMACY,AL BEDAYA PHARMACY,MOH-F-5001079,AL SAJAA INDUSTRIAL AREA,"AL SAJAA INDUSTRIAL AREA, SHARJAH,UAE",06-7676177,https://www.google.com/maps/search/?api=1&query=AL%20SAJAA%20INDUSTRIAL%20AREA%2C%20SHARJAH%2CUAE%2C%20Ajman%2C%20UAE,,,
2105,SHJ,SHJ,PHARMACY,RAYHAN GULF PHARMACY LLC,MOH-F-5001155,ABU SHAGARA,"1ST FLOOR, SHJ COOP, ABU SHAGARA,SHARJAH,UAE",06-5454388,https://www.google.com/maps/search/?api=1&query=1ST%20FLOOR%2C%20SHJ%20COOP%2C%20ABU%20SHAGARA%2CSHARJAH%2CUAE%2C%20Ajman%2C%20UAE,,,
2106,SHJ,SHJ,PHARMACY,AL SHUALLA PHARMACY,MOH-F-5001183,AL ZAHIA UPTOWN,"SHOP R027, AL ZAHIA UPTOWN, AL MUWEILAH COMMERCIAL, SHARJAH",06-5736587,https://www.google.com/maps/search/?api=1&query=SHOP%20R027%2C%20AL%20ZAHIA%20UPTOWN%2C%20AL%20MUWEILAH%20COMMERCIAL%2C%20SHARJAH%2C%20Ajman%2C%20UAE,,,
2107,SHJ,SHJ,PHARMACY,ASTER PHARMACIES GROUP LLC - SHJ.BR - BRANCH 7,MOH-F-5001190,AL RUQAYBA 4,"SHOP NO-6, SUYOH MALL, AL SUYOH SUBURB, MALIHA STREET, AL RUQAYBA 4, SHARJAH",06-5263317,https://www.google.com/maps/search/?api=1&query=SHOP%20NO-6%2C%20SUYOH%20MALL%2C%20AL%20SUYOH%20SUBURB%2C%20MALIHA%20STREET%2C%20AL%20RUQAYBA%204%2C%20SHARJAH%2C%20Ajman%2C%20UAE,,,
2108,SHJ,SHJ,PHARMACY,MUZEIRA PHARMACY LLC,MOH-F-5001092,AL NAHDA STREET,"TIGER AL YARMOOK C BUILDING , NEXT TO AL ARIF HEART AND CHILDRENS MEDICAL CENTRE AL NAHDA ST. SHARJAH UAE",06-542 2337,https://www.google.com/maps/search/?api=1&query=TIGER%20AL%20YARMOOK%20C%20BUILDING%20%2C%20NEXT%20TO%20AL%20ARIF%20HEART%20AND%20CHILDRENS%20MEDICAL%20CENTRE%20AL%20NAHDA%20ST.%20SHARJAH%20UAE%2C%20Ajman%2C%20UAE,,,
2109,SHJ,SHJ,PHARMACY,AL BARASHI PHARMACY LLC,MOH-F-5001088,BARASHI,"SHARJAH COOPERATIVE SOCIETY BARASHI, AL BEDEA SUBURB - BARASHI - SHARJAH",06-524 8828,https://www.google.com/maps/search/?api=1&query=SHARJAH%20COOPERATIVE%20SOCIETY%20BARASHI%2C%20AL%20BEDEA%20SUBURB%20-%20BARASHI%20-%20SHARJAH%2C%20Ajman%2C%20UAE,,,
2110,SHJ,SHJ,PHARMACY,AL HAJIS PHARMACY L.L.C,MOH-F-5001093,HALWAN WASIT STREET,"SHOP NO. 5,7 & 8 KING HASHIM MUHAMMED SALEH AL MARZOUQI,HALWAN WASIT STREET AL ABAR SHARJAH UAE",06-535 3724,https://www.google.com/maps/search/?api=1&query=SHOP%20NO.%205%2C7%20%26%208%20KING%20HASHIM%20MUHAMMED%20SALEH%20AL%20MARZOUQI%2CHALWAN%20WASIT%20STREET%20AL%20ABAR%20SHARJAH%20UAE%2C%20Ajman%2C%20UAE,,,
2111,SHJ,SHJ,PHARMACY,WAHAT AL TAIBAH PHARMACY LLC,MOH-F-5001133,DHAID MAIN DISTRICT,"SHOP NO. 2-3 MUNEERA SAEED ALI BUILDING,CENTRAL DHAID MAIN DISTRICT WESHAH SHARJAH, UAE",06-744 5575,https://www.google.com/maps/search/?api=1&query=SHOP%20NO.%202-3%20MUNEERA%20SAEED%20ALI%20BUILDING%2CCENTRAL%20DHAID%20MAIN%20DISTRICT%20WESHAH%20SHARJAH%2C%20UAE%2C%20Ajman%2C%20UAE,,,
2112,SHJ,SHJ,PHARMACY,AL JAREENA PHARMACY LLC,MOH-F-5001152,AL KHAN ST. MARYAM ISLANDS,"SHOP NO. 13-1 ,AL KHAN ST. MARYAM ISLANDS, SHARJAH UAE",06-510 3888,https://www.google.com/maps/search/?api=1&query=SHOP%20NO.%2013-1%20%2CAL%20KHAN%20ST.%20MARYAM%20ISLANDS%2C%20SHARJAH%20UAE%2C%20Ajman%2C%20UAE,,,
2113,SHJ,SHJ,PHARMACY,MODERN PHARMACY L.L.C - SHJ BR,MOH-F-5000579,AL QASIMI STREET,"AL QULAYAA,AL QASIMI STREET,AL QULAYA BUILDING,SHARJAH, UAE
",06-7487812,https://www.google.com/maps/search/?api=1&query=AL%20QULAYAA%2CAL%20QASIMI%20STREET%2CAL%20QULAYA%20BUILDING%2CSHARJAH%2C%20UAE%2C%20Ajman%2C%20UAE,,,
2114,SHJ,SHJ,PHARMACY,MODERN PHARMACY LLC - SHARJAH BR-BR 02,MOH-F-5000601,KING FAISAL ROAD,"KING FAISAL ROAD SHJ ,AL MAJAZ 1,DELMA HOUSE,SHARJAH,UAE
",06-5518509,https://www.google.com/maps/search/?api=1&query=KING%20FAISAL%20ROAD%20SHJ%20%2CAL%20MAJAZ%201%2CDELMA%20HOUSE%2CSHARJAH%2CUAE%2C%20Ajman%2C%20UAE,,,
2115,SHJ,SHJ,PHARMACY,MODERN PHARMACY L.L.C - SHJ BR -BR 03,MOH-F-5000636,KALBA,"AL BARAHA,AL WAHDA STREET,SHAIKHA VWAGE BUILDING,NEAR THUMBAY CLINIC,NEAR RAK BANK KALBA,POBOX-11171,SHARJAH,UAE
",09-2774070,https://www.google.com/maps/search/?api=1&query=AL%20BARAHA%2CAL%20WAHDA%20STREET%2CSHAIKHA%20VWAGE%20BUILDING%2CNEAR%20THUMBAY%20CLINIC%2CNEAR%20RAK%20BANK%20KALBA%2CPOBOX-11171%2CSHARJAH%2CUAE%2C%20Ajman%2C%20UAE,,,
2116,SHJ,SHJ,PHARMACY,MODERN PHARMACY L.L.C - SHJ BR -BR 05,MOH-F-5000788,AL QASSIMI STREET,"IBO MEDICAL CENTER BUILDING,SHEIKH SALEM AL QASSIMI ST. AL QARAYEN – SHARJAH,UAE
",06-5180875,https://www.google.com/maps/search/?api=1&query=IBO%20MEDICAL%20CENTER%20BUILDING%2CSHEIKH%20SALEM%20AL%20QASSIMI%20ST.%20AL%20QARAYEN%20%E2%80%93%20SHARJAH%2CUAE%2C%20Ajman%2C%20UAE,,,
2117,SHJ,SHJ,PHARMACY,MODERN PHARMACY L.L.C - SHJ BR -BR 06,MOH-F-5000113,AL RIQQA AREA,"SHARJAH COOPERATIVE SOCIETY,AL RIQQA AREA, SHARJAH,UAE
",06-5243214,https://www.google.com/maps/search/?api=1&query=SHARJAH%20COOPERATIVE%20SOCIETY%2CAL%20RIQQA%20AREA%2C%20SHARJAH%2CUAE%2C%20Ajman%2C%20UAE,,,
2118,SHJ,SHJ,PHARMACY,MODERN PHARMACY LLC SHJ BR BR-7,MOH-F-5001149,AL QASIMI STREET,"SW2 BUILDING -3114-KHALED BIN SULTAN AL QASIMI STREET-ALEF COMMUNITY,MUWEILAH COMMERCIAL-SHARJAH",06-5041200,https://www.google.com/maps/search/?api=1&query=SW2%20BUILDING%20-3114-KHALED%20BIN%20SULTAN%20AL%20QASIMI%20STREET-ALEF%20COMMUNITY%2CMUWEILAH%20COMMERCIAL-SHARJAH%2C%20Ajman%2C%20UAE,,,
2119,SHJ,SHJ,PHARMACY,ABAQ AL NADA PHARMACY LLC,MOH-F-5000703,KHALIFA BIN ODAY STREET ,"AL BU DANIQ SHARJAH BUTANIA, KHALIFA BIN ODAY STREET,SHJ ",054-3905474,https://www.google.com/maps/search/?api=1&query=AL%20BU%20DANIQ%20SHARJAH%20BUTANIA%2C%20KHALIFA%20BIN%20ODAY%20STREET%2CSHJ%2C%20Ajman%2C%20UAE,,,
2120,SHJ,SHJ,PHARMACY,AL SEHA AL KUBRA PHARMACY LLC,MOH-F-5000368,SHAHBA,"MARIAM BUILDING,SHAHBA AREA,BEHIND STREET WASIT, GROUND FLOOR,SHOP NO 13,SHARJAH",06-5721213,https://www.google.com/maps/search/?api=1&query=MARIAM%20BUILDING%2CSHAHBA%20AREA%2CBEHIND%20STREET%20WASIT%2C%20GROUND%20FLOOR%2CSHOP%20NO%2013%2CSHARJAH%2C%20Ajman%2C%20UAE,,,
2121,SHJ,SHJ,PHARMACY,MODERN FAMILY PHARMACY LLC SHJ BRANCH,MOH-F-5001184,"NEAR,ABUSHAGARA PARK","CITY TOWER BUILDING, NEAR,ABUSHAGARA PARK, ABUSHAGARA",056-4532332,https://www.google.com/maps/search/?api=1&query=CITY%20TOWER%20BUILDING%2C%20NEAR%2CABUSHAGARA%20PARK%2C%20ABUSHAGARA%2C%20Ajman%2C%20UAE,,,
2122,SHJ,SHJ,PHARMACY,SADAF AL SAJAH PHARMACY,MOH-F-5001185,SAJAH INDUSTRIAL AREA,"AHMED AL MULLA BUILDING, FLAT NO-3,4 & 5, SAJAH INDUSTRIAL AREA,SAJAH,SHARJAH,UAE",06-7151998,https://www.google.com/maps/search/?api=1&query=AHMED%20AL%20MULLA%20BUILDING%2C%20FLAT%20NO-3%2C4%20%26%205%2C%20SAJAH%20INDUSTRIAL%20AREA%2CSAJAH%2CSHARJAH%2CUAE%2C%20Ajman%2C%20UAE,,,
2123,SHJ,SHJ,PHARMACY,ORIANA PHARMACY LLC SOLE PROPRIETORSHIP,MOH-F-5000527,AL TAAWUN ST,"NEW AL TAAWUN RD, MANAZIL TOWER 2 - 1704, MUNAZIL - 2 AL TAAWUN ST - SHARJAH",06-5251000,https://www.google.com/maps/search/?api=1&query=NEW%20AL%20TAAWUN%20RD%2C%20MANAZIL%20TOWER%202%20-%201704%2C%20MUNAZIL%20-%202%20AL%20TAAWUN%20ST%20-%20SHARJAH%2C%20Ajman%2C%20UAE,,,
2124,SHJ,SHJ,PHARMACY,ORIANA PHARMACY L.L.C - SOLE PROPRIETORSHIP-BRANCH 1,MOH-F-5000941,AL TAAWUN ST,AL TAAWUN ST - AL KHAN - SHARJAH,06-5918888,https://www.google.com/maps/search/?api=1&query=AL%20TAAWUN%20ST%20-%20AL%20KHAN%20-%20SHARJAH%2C%20Ajman%2C%20UAE,,,
2125,SHJ,SHJ,PHARMACY,ORIANA PHARMACY LLC SOLE PROPRIETORSHIP BRANCH 2,MOH-F-5001059,AL QASIMI ST - AL GUOZ ,VILLA NO. 313 - SHEIKH KHALID BIN KHALID AL QASIMI ST - AL GOAZ - WASIT SUBURB - SHARJAH,06-5918889,https://www.google.com/maps/search/?api=1&query=VILLA%20NO.%20313%20-%20SHEIKH%20KHALID%20BIN%20KHALID%20AL%20QASIMI%20ST%20-%20AL%20GOAZ%20-%20WASIT%20SUBURB%20-%20SHARJAH%2C%20Ajman%2C%20UAE,,,
2126,SHJ,SHJ,PHARMACY,DAR AL KAMAL PHARMACY,MOH-F-5001045,AL SHARQ ST,"AL SHARQ ST - AL FISHT - AL HEERAH SUBURB - SHARJAH,UAE",06-5997777,https://www.google.com/maps/search/?api=1&query=AL%20SHARQ%20ST%20-%20AL%20FISHT%20-%20AL%20HEERAH%20SUBURB%20-%20SHARJAH%2CUAE%2C%20Ajman%2C%20UAE,,,
2127,SHJ,SHJ,PHARMACY,AL MATAR PHARMACY LLC,MOH-F-5000939,MUWEILAH,"AL SAUD BLOCK A BUILDING,NEAR COOPERATIVE SOCIETY,MUWEILAH COMMERCIAL,SHARJAH",06-557 9567,https://www.google.com/maps/search/?api=1&query=AL%20SAUD%20BLOCK%20A%20BUILDING%2CNEAR%20COOPERATIVE%20SOCIETY%2CMUWEILAH%20COMMERCIAL%2CSHARJAH%2C%20Ajman%2C%20UAE,,,
2128,SHJ,SHJ,PHARMACY,RUKN AL RAFEAH PHARMACY LLC,MOH-F-5001003,"BEHIND RAMADA HOTEL,AL NAHDA","ABDULLA SHAIBA BLDG,BEHIND RAMADA HOTEL,AL NAHDA,SHARJAH ,UAE",06-557 9567,https://www.google.com/maps/search/?api=1&query=ABDULLA%20SHAIBA%20BLDG%2CBEHIND%20RAMADA%20HOTEL%2CAL%20NAHDA%2CSHARJAH%20%2CUAE%2C%20Ajman%2C%20UAE,,,
2129,SHJ,SHJ,PHARMACY,DAR AL FARAJ PHARMACY LLC,MOH-F-5001165,MALIHA ROAD,"INDUSTRIAL AREA 18, OPPOSITE SEDRA SPA, MALIHA ROAD, SHARJAH",06-557 9567,https://www.google.com/maps/search/?api=1&query=INDUSTRIAL%20AREA%2018%2C%20OPPOSITE%20SEDRA%20SPA%2C%20MALIHA%20ROAD%2C%20SHARJAH%2C%20Ajman%2C%20UAE,,,
2130,SHJ,SHJ,PHARMACY,JANAH PHARMACY L.L.C BRANCH-2,MOH-F-5001160,MALIHA ROAD,"SHARJAH, MUWAILAH",06-557 9567,https://www.google.com/maps/search/?api=1&query=SHARJAH%2C%20MUWAILAH%2C%20Ajman%2C%20UAE,,,
2131,SHJ,SHJ,PHARMACY,800 PHARMA PHARMACY LLC-SHJ.BR,MOH-F-5001161,SHARJAH,SHARJAH,06-557 9567,https://www.google.com/maps/search/?api=1&query=SHARJAH%2C%20Ajman%2C%20UAE,,,
2132,SHJ,SHJ,PHARMACY,PHARMACY SABEEL L.L.C - SHJ. BR 1,MOH-F-5001217,AL BARSHA SOUTH,"NEAR TO EMARAT PETROL STATION, DHAID ROAD, OPPOSITION SHARJAH RAHMANIYA , HAY AL ATAIN, SHARJAH",06-557 9567,https://www.google.com/maps/search/?api=1&query=NEAR%20TO%20EMARAT%20PETROL%20STATION%2C%20DHAID%20ROAD%2C%20OPPOSITION%20SHARJAH%20RAHMANIYA%20%2C%20HAY%20AL%20ATAIN%2C%20SHARJAH%2C%20Ajman%2C%20UAE,,,
2133,SHJ,SHJ,PHARMACY,GOLDEN STAR PHARMACY LLC,MOH-F-5001188,"ABI AL ATAHIA STREET,ROLLA","SHOP:3, AL MUNNA BOOK SHOP,ABI AL ATAHIA STREET,ROLLA,SHARJAH",06-5581633,https://www.google.com/maps/search/?api=1&query=SHOP%3A3%2C%20AL%20MUNNA%20BOOK%20SHOP%2CABI%20AL%20ATAHIA%20STREET%2CROLLA%2CSHARJAH%2C%20Ajman%2C%20UAE,,,
2134,SHJ,SHJ,PHARMACY,FAMILY STAR PHARMACY,MOH-F-5001199,ABU SHAGARA,"SHOP NO. 3, GROUND FLOOR - OPP. SEVEN STARS STATIONERY NORA BUILDING - ABU SHAGHARA - SHARJAH",06-5370703,https://www.google.com/maps/search/?api=1&query=SHOP%20NO.%203%2C%20GROUND%20FLOOR%20-%20OPP.%20SEVEN%20STARS%20STATIONERY%20NORA%20BUILDING%20-%20ABU%20SHAGHARA%20-%20SHARJAH%2C%20Ajman%2C%20UAE,,,
2135,SHJ,SHJ,PHARMACY,ASTER PHARMACIES GROUP LLC - SHJ. BR - BRANCH 8,MOH-F-5001218,AL MAJAZ 3,"SHOP NO 1,CRESCENT TOWER, CORNICHE STREET, AL MAJAZ 3, SHARJAH",06-5755178,https://www.google.com/maps/search/?api=1&query=SHOP%20NO%201%2CCRESCENT%20TOWER%2C%20CORNICHE%20STREET%2C%20AL%20MAJAZ%203%2C%20SHARJAH%2C%20Ajman%2C%20UAE,,,
2136,SHJ,SHJ,PHARMACY,REGAL HOUSE PHARMACY,MOH-F-5001233,MUWAILIH,"SHOP NO. 2, BELRESHEED BUILDING, BUILDING NO.2516 MALIHA STREET, NEAR REGAL MEDICAL CENTRE, NATIONAL PAINTS, MUWAILIH, SHARJAH, UAE",06-7151037,https://www.google.com/maps/search/?api=1&query=SHOP%20NO.%202%2C%20BELRESHEED%20BUILDING%2C%20BUILDING%20NO.2516%20MALIHA%20STREET%2C%20NEAR%20REGAL%20MEDICAL%20CENTRE%2C%20NATIONAL%20PAINTS%2C%20MUWAILIH%2C%20SHARJAH%2C%20UAE%2C%20Ajman%2C%20UAE,,,
2137,SHJ,SHJ,PHARMACY,PURE PATH PHARMACY LLC SP,MOH-F-5001239,AL SAJJA,"AL SAJAA INDUSTRIAL AREA, SHARJAH,UAE",06-5518894,https://www.google.com/maps/search/?api=1&query=AL%20SAJAA%20INDUSTRIAL%20AREA%2C%20SHARJAH%2CUAE%2C%20Ajman%2C%20UAE,,,
2138,SHJ,SHJ,PHARMACY,BAIT AL DAWAA PHARMACY,MOH-F-5000441,AL TAAWUN,"AL TAAWUN.SHARJAH,UAE",06-5772511,https://www.google.com/maps/search/?api=1&query=AL%20TAAWUN.SHARJAH%2CUAE%2C%20Ajman%2C%20UAE,,,
2139,SHJ,SHJ,PHARMACY,RUKN BAIT AL DAWAA PHARMACY,MOH-F-5000850,MUWAILAH,"MUWAILEH,SHARJAH,UAE",06-5442144,https://www.google.com/maps/search/?api=1&query=MUWAILEH%2CSHARJAH%2CUAE%2C%20Ajman%2C%20UAE,,,
2140,SHJ,SHJ,PHARMACY,GUARDIAN PHARMACY LLC,MOH-F-5001154,MUWAILAH,"NASEER ALI ABDUL JALEEL ALAUDH, BEHIND SHEIKH KHALIFA BIN ZAYED, MUWAILAH COMMERCIAL,SHARJAH,UAE",058-5651880,https://www.google.com/maps/search/?api=1&query=NASEER%20ALI%20ABDUL%20JALEEL%20ALAUDH%2C%20BEHIND%20SHEIKH%20KHALIFA%20BIN%20ZAYED%2C%20MUWAILAH%20COMMERCIAL%2CSHARJAH%2CUAE%2C%20Ajman%2C%20UAE,,,
2141,SHJ,SHJ,PHARMACY,ZEST WELLNESS PHARMACY L LC - SHJ. BR ,MOH-F-5001240,AL MAJAZ 1,"SHOP NO 3, SPINNEYS SHARJAH LIMITED BUILDING, KING FAISAL STREET, AL MAJAZ 1, AL MAJAZ, SHARJAH",06-5270457,https://www.google.com/maps/search/?api=1&query=SHOP%20NO%203%2C%20SPINNEYS%20SHARJAH%20LIMITED%20BUILDING%2C%20KING%20FAISAL%20STREET%2C%20AL%20MAJAZ%201%2C%20AL%20MAJAZ%2C%20SHARJAH%2C%20Ajman%2C%20UAE,,,
2142,SHJ,SHJ,PHARMACY,ASTER PHARMACIES GROUP LLC - SHJ. BR - BRANCH 6,MOH-F-5001241,MUWEILAH,"SHOP NO. 10, BUILDING 148/696, NEW MUWEILAH COMMERCIAL, MUWEILAH, SHARJAH",06-5748975,https://www.google.com/maps/search/?api=1&query=SHOP%20NO.%2010%2C%20BUILDING%20148/696%2C%20NEW%20MUWEILAH%20COMMERCIAL%2C%20MUWEILAH%2C%20SHARJAH%2C%20Ajman%2C%20UAE,,,
2143,SHJ,SHJ,PHARMACY,AL REEF PHARMACY LLC,MOH-F-5000043,FIRST STREET,"1ST INDUSTRIAL FIRST STREET, SHARJAH,UAE",06-5330212,https://www.google.com/maps/search/?api=1&query=1ST%20INDUSTRIAL%20FIRST%20STREET%2C%20SHARJAH%2CUAE%2C%20Ajman%2C%20UAE,,,
2144,SHJ,SHJ,PHARMACY,STARCARE PHARMACY L L C,MOH-F-5000913,ROLLA SQUARE PARK,"NEAR ROLLA SQUARE PARK,MALABAR GOLD BLDG,SHARJAH",06-5611099,https://www.google.com/maps/search/?api=1&query=NEAR%20ROLLA%20SQUARE%20PARK%2CMALABAR%20GOLD%20BLDG%2CSHARJAH%2C%20Ajman%2C%20UAE,,,
2145,SHJ,SHJ,PHARMACY,AL DHAFRAH PHARMACY L.L.C,MOH-F-5000769,AL MAJAAZ 3,"GROUND FLOOR, AL-NOOR BUILDING - 8 ST - AL MAJAZ - AL MAJAAZ 3 - SHARJAH, UAE",06-5552277,https://www.google.com/maps/search/?api=1&query=GROUND%20FLOOR%2C%20AL-NOOR%20BUILDING%20-%208%20ST%20-%20AL%20MAJAZ%20-%20AL%20MAJAAZ%203%20-%20SHARJAH%2C%20UAE%2C%20Ajman%2C%20UAE,,,
2146,SHJ,SHJ,PHARMACY,PRISTINE PHARMACY LLC-SHJ.BR,MOH-F-5001284,CORNICHE,MAMLAK HOTEL BUILDING NEAR CORNICH POST OFFICE SHARJAH,06-5611482,https://www.google.com/maps/search/?api=1&query=MAMLAK%20HOTEL%20BUILDING%20NEAR%20CORNICH%20POST%20OFFICE%20SHARJAH%2C%20Ajman%2C%20UAE,,,
2147,SHJ,SHJ,PHARMACY,AL MURTADHA PHARMACY,MOH-F-5000383,AL BUSTAN,"DAY TO DAY BUILDING , OPPOSITE MUSALLA SOUQ, AL BUSTAN , UAE",06-7406038,https://www.google.com/maps/search/?api=1&query=DAY%20TO%20DAY%20BUILDING%20%2C%20OPPOSITE%20MUSALLA%20SOUQ%2C%20AL%20BUSTAN%20%2C%20UAE%2C%20Ajman%2C%20UAE,,,
2148,SHJ,SHJ,PHARMACY,HEALTH FIRST PHARMACY - BR3 ,MOH-F-5000180,AL JADA SHJ UNIVERSITY,SHARJAH MUWAILIH COMMERCIAL /AL JADA REHAN 01 OPP SHJ UNVIERSITY ,06-7678715,https://www.google.com/maps/search/?api=1&query=SHARJAH%20MUWAILIH%20COMMERCIAL%20/AL%20JADA%20REHAN%2001%20OPP%20SHJ%20UNVIERSITY%2C%20Ajman%2C%20UAE,,,
2149,SHJ,SHJ,PHARMACY,HEALTH FIRST PHARMACY - BRANCH 11,MOH-F-5001091,AL DHAID,SHARJAH AL DHAID /AL DHAID MALL NEXT SHJ COOP,06-5232186,https://www.google.com/maps/search/?api=1&query=SHARJAH%20AL%20DHAID%20/AL%20DHAID%20MALL%20NEXT%20SHJ%20COOP%2C%20Ajman%2C%20UAE,,,
2150,SHJ,SHJ,PHARMACY,HEALTH FIRST PHARMACY - BRANCH 7,MOH-F-5000827,AL KHAN,"MATAJER MALL – AL KHAN, SHARJAH ",06 5285143,https://www.google.com/maps/search/?api=1&query=MATAJER%20MALL%20%E2%80%93%20AL%20KHAN%2C%20SHARJAH%2C%20Ajman%2C%20UAE,,,
2151,SHJ,SHJ,PHARMACY,HEALTH FIRST PHARMACY - BRANCH 8 ,MOH-F-5000922,AL MIRQAB,"MATAJER MALL – AL MIRQAB, SHARJAH -AL SHARQ STREET OPP ADNOC STATION ",06-5462537,https://www.google.com/maps/search/?api=1&query=MATAJER%20MALL%20%E2%80%93%20AL%20MIRQAB%2C%20SHARJAH%20-AL%20SHARQ%20STREET%20OPP%20ADNOC%20STATION%2C%20Ajman%2C%20UAE,,,
2152,SHJ,SHJ,PHARMACY,HEALTH FIRST PHARMACY - BRANCH 9 ,MOH-F-5000919,AL SUYOH,SHARJAH COOPERATIVE SOCIETY SUYOH4  AL SUYOH SUBURB ,06-5353951,https://www.google.com/maps/search/?api=1&query=SHARJAH%20COOPERATIVE%20SOCIETY%20SUYOH4%20%20AL%20SUYOH%20SUBURB%2C%20Ajman%2C%20UAE,,,
2153,SHJ,SHJ,PHARMACY,HEALTH FIRST PHARMACY - SHARJAH,MOH-F-5000192,CORNICHE,CORNICHE ROAD- NEXT TO SUBWAY - SHARJAH,06-5643275,https://www.google.com/maps/search/?api=1&query=CORNICHE%20ROAD-%20NEXT%20TO%20SUBWAY%20-%20SHARJAH%2C%20Ajman%2C%20UAE,,,
2154,SHJ,SHJ,PHARMACY,HEALTH FIRST PHARMACY -BR 4- SHARJAH,MOH-F-5000259,MATAJER MALL SHJ,"MATAJER MALL – AL QOZ, SHARJAH ",06-5534225,https://www.google.com/maps/search/?api=1&query=MATAJER%20MALL%20%E2%80%93%20AL%20QOZ%2C%20SHARJAH%2C%20Ajman%2C%20UAE,,,
2155,SHJ,SHJ,PHARMACY,HEALTH FIRST PHARMACY BRANCH 6 SHARJAH,MOH-F-5000490,MALIHA STREET,NASMA RESIDENCES-AL TAYY -AL SUYOH SUBURB -MALIHA STREET -SHARJAH,06-5467683,https://www.google.com/maps/search/?api=1&query=NASMA%20RESIDENCES-AL%20TAYY%20-AL%20SUYOH%20SUBURB%20-MALIHA%20STREET%20-SHARJAH%2C%20Ajman%2C%20UAE,,,
2156,SHJ,SHJ,PHARMACY,DUAA PHARMACY L.L.C,MOH-F-5000084,AL DHAID,"NEAR OLD FISH MARKET,AL DHAID ,SHARJAH,UAE",06-8822525,https://www.google.com/maps/search/?api=1&query=NEAR%20OLD%20FISH%20MARKET%2CAL%20DHAID%20%2CSHARJAH%2CUAE%2C%20Ajman%2C%20UAE,,,
2157,SHJ,SHJ,PHARMACY,AL RIYADH PHARMACY,MOH-F-5000044,AL WASIT STREET,"AL WASIT STREET, AL SHAHBAH AREA,SHARJAH,UAE",06-5583351,https://www.google.com/maps/search/?api=1&query=AL%20WASIT%20STREET%2C%20AL%20SHAHBAH%20AREA%2CSHARJAH%2CUAE%2C%20Ajman%2C%20UAE,,,
2158,SHJ,SHJ,PHARMACY,LULU AL FALAH PHARMACY LLC,MOH-F-5000210,LULU SHARJAH,"LULU AL FALAH PHARMACY LLC, LULU HYPERMARKET, SHARJAH.",04-5774762,https://www.google.com/maps/search/?api=1&query=LULU%20AL%20FALAH%20PHARMACY%20LLC%2C%20LULU%20HYPERMARKET%2C%20SHARJAH.%2C%20Ajman%2C%20UAE,,,
2159,SHJ,SHJ,PHARMACY,LULU AL NAHDA PHARMACY LLC,MOH-F-5000200,LULU AL NAHDA,"LULU AL NAHDA PHARMACY LLC – LULU HYPERMARKET, AL NAHDA, SHARJAH",06-5211105,https://www.google.com/maps/search/?api=1&query=LULU%20AL%20NAHDA%20PHARMACY%20LLC%20%E2%80%93%20LULU%20HYPERMARKET%2C%20AL%20NAHDA%2C%20SHARJAH%2C%20Ajman%2C%20UAE,,,
2160,SHJ,SHJ,PHARMACY,HEALTH FIRST PHARMACY L.L.C.SP - BRANCH 12,MOH-F-5001234,AL KHUROOS,"SHOP NO: 04, SHARJAH COOP, AL KHUROOS, SHARJAH, U.A.E",06-5240865,https://www.google.com/maps/search/?api=1&query=SHOP%20NO%3A%2004%2C%20SHARJAH%20COOP%2C%20AL%20KHUROOS%2C%20SHARJAH%2C%20U.A.E%2C%20Ajman%2C%20UAE,,,
2161,SHJ,SHJ,PHARMACY,AL RAWAA PHARMACY LLC,MOH-F-5000759,AL MAHATTA,"89XV+FCP - AL MAHATTA - AL QASIMIA - SHARJAH, UAR",06-5500424,https://www.google.com/maps/search/?api=1&query=89XV%2BFCP%20-%20AL%20MAHATTA%20-%20AL%20QASIMIA%20-%20SHARJAH%2C%20UAR%2C%20Ajman%2C%20UAE,,,
2162,SHJ,SHJ,PHARMACY,AL RAWAA PHARMACY LLC- BRANCH 1,MOH-F-5001151,AL GHUWAIR,"994Q+9HV - AL ROLLA ST - AL GHUWAIR - AL GHARB - SHARJAH, UAE",06-5793911,https://www.google.com/maps/search/?api=1&query=994Q%2B9HV%20-%20AL%20ROLLA%20ST%20-%20AL%20GHUWAIR%20-%20AL%20GHARB%20-%20SHARJAH%2C%20UAE%2C%20Ajman%2C%20UAE,,,
2163,SHJ,SHJ,PHARMACY,ASTER PHARMACIES GROUP LLC - SHJ. BR - BRANCH 9,MOH-F-5001339 ,ALQUOZ,"SHOP NO Q009-10, MATAJER AL QUOZ, AL FAWZ, WASIT SUBURB, SHARJAH",06-5610829,https://www.google.com/maps/search/?api=1&query=SHOP%20NO%20Q009-10%2C%20MATAJER%20AL%20QUOZ%2C%20AL%20FAWZ%2C%20WASIT%20SUBURB%2C%20SHARJAH%2C%20Ajman%2C%20UAE,,,
2164,SHJ,SHJ,PHARMACY,SHIFA MUWAILEH PHARMACY L.L.C,MOH-F-5001302,MUWAILEH,"SHARJAH MUWAILEH COMMERCIAL ,AL EMARAT STREET,BUILDING NO 7460,G FLOOR, MUWAILEH,SHARJAH, UAE",06-5683830,https://www.google.com/maps/search/?api=1&query=SHARJAH%20MUWAILEH%20COMMERCIAL%20%2CAL%20EMARAT%20STREET%2CBUILDING%20NO%207460%2CG%20FLOOR%2C%20MUWAILEH%2CSHARJAH%2C%20UAE%2C%20Ajman%2C%20UAE,,,
2165,SHJ,SHJ,PHARMACY,CENTRAL PRIVATE HOSPITAL PHARMACY,MOH-F-5000188," CLOCK TOWER, MYSALOON","SHEIKH ZAYED STREET, CLOCK TOWER, MYSALOON, SHARJAH, UAE",06-5639900,https://www.google.com/maps/search/?api=1&query=SHEIKH%20ZAYED%20STREET%2C%20CLOCK%20TOWER%2C%20MYSALOON%2C%20SHARJAH%2C%20UAE%2C%20Ajman%2C%20UAE,,,
2166,SHJ,SHJ,PHARMACY,SAIF AL NAHDA PHARMACY L.L.C.SP,MOH-F-5001293,BUKHARA STREET,"467,ART TOWER,BUKHARA STREET,AL NADHA,SHARJAH,UAE",06-7156377,https://www.google.com/maps/search/?api=1&query=467%2CART%20TOWER%2CBUKHARA%20STREET%2CAL%20NADHA%2CSHARJAH%2CUAE%2C%20Ajman%2C%20UAE,,,
2167,SHJ,SHJ,PHARMACY,NEW MEDICAL CENTRE PHARMACY LTD - SHJ.BR - BRANCH 2,MOH-F-5001359,MUWEILAH,"MUWEILAH, SHEIKH KHALIFA BIN ZAYED AL NAHYAN RD 
SHARJAH, SAFARI MALL , 61, SHARJAH",06-5168823,https://www.google.com/maps/search/?api=1&query=MUWEILAH%2C%20SHEIKH%20KHALIFA%20BIN%20ZAYED%20AL%20NAHYAN%20RD%20%0ASHARJAH%2C%20SAFARI%20MALL%20%2C%2061%2C%20SHARJAH%2C%20Ajman%2C%20UAE,,,
2168,SHJ,SHJ,PHARMACY,BAB AL ROLAH PHARMACY LLC,MOH-F-5000947,AL SHUWAIHEEN,"SHOP NO. 1, BEHIND THE ARABIAN GULF STREET, AL SHUWAIHEEN, SHARJAH",06-8868335,https://www.google.com/maps/search/?api=1&query=SHOP%20NO.%201%2C%20BEHIND%20THE%20ARABIAN%20GULF%20STREET%2C%20AL%20SHUWAIHEEN%2C%20SHARJAH%2C%20Ajman%2C%20UAE,,,
2169,SHJ,SHJ,PHARMACY,NABDH ALSHIFA PHARMACY,MOH-F-5001375,ABU SHAGARA,"ABUSHAGARA, SHARJAH, UAE",052-6815255,https://www.google.com/maps/search/?api=1&query=ABUSHAGARA%2C%20SHARJAH%2C%20UAE%2C%20Ajman%2C%20UAE,,,
2170,SHJ,SHJ,PHARMACY,24 HOUR PHARMACY CO.LLC - SHJ. BR 1,MOH-F-5001335,MUWAILEH ,BUILDING #5090 - MUWAILEH COMMERCIAL - SHARJAH,06 -5723959,https://www.google.com/maps/search/?api=1&query=BUILDING%20%235090%20-%20MUWAILEH%20COMMERCIAL%20-%20SHARJAH%2C%20Ajman%2C%20UAE,,,
2171,SHJ,SHJ,PHARMACY,MEDON 24 HOUR PHARMACY CO. L.L.C - SHJ. BR 1,MOH-F-5001334,INDUSTRIAL AREA 17 ,INSIDE NESTO HYPERMARKET - MALEHA ST - INDUSTRIAL AREA 17 - INDUSTRIAL AREA - SHARJAH,06-8845449,https://www.google.com/maps/search/?api=1&query=INSIDE%20NESTO%20HYPERMARKET%20-%20MALEHA%20ST%20-%20INDUSTRIAL%20AREA%2017%20-%20INDUSTRIAL%20AREA%20-%20SHARJAH%2C%20Ajman%2C%20UAE,,,
2172,SHJ,SHJ,PHARMACY,AL MUSALLA PHARMACY BRANCH 1,MOH-F-5001344,MUWAILEH,"1796, ALZAROUNI BUILDING, SHK. MOHAMMED BIN ZAYED ROAD, MUWAILEH COMMERCIAL, NEAR ADNOC PETROL STATION, SHARJAH, UAE.",06-5627959,https://www.google.com/maps/search/?api=1&query=1796%2C%20ALZAROUNI%20BUILDING%2C%20SHK.%20MOHAMMED%20BIN%20ZAYED%20ROAD%2C%20MUWAILEH%20COMMERCIAL%2C%20NEAR%20ADNOC%20PETROL%20STATION%2C%20SHARJAH%2C%20UAE.%2C%20Ajman%2C%20UAE,,,
2173,SHJ,SHJ,PHARMACY,MAX CARE POINT PHARMACY L.L.C.SP,MOH-F-5001371,ROLLA,"OPP ROLLA MALL, NEAR VEGME REST. ROLLA SHARJAH,UAE",054-2241129,https://www.google.com/maps/search/?api=1&query=OPP%20ROLLA%20MALL%2C%20NEAR%20VEGME%20REST.%20ROLLA%20SHARJAH%2CUAE%2C%20Ajman%2C%20UAE,,,
2174,SHJ,SHJ,PHARMACY,MERCURY PHARMACY LLC,MOH-F-5000952,IND AREA 3,"SHOP NO 9 AL WASIT BUILDING IND AREA 3, SHARJAH, UAE",06-5228988,https://www.google.com/maps/search/?api=1&query=SHOP%20NO%209%20AL%20WASIT%20BUILDING%20IND%20AREA%203%2C%20SHARJAH%2C%20UAE%2C%20Ajman%2C%20UAE,,,
2175,SHJ,SHJ,PHARMACY,MERCURY STAR PHARMACY LLC,MOH-F-5001036,IND AREA 15,"SHOP NO;8 ALI MOUSA BUILDING IND AREA 15, SHARJAH, UAE",06-7677767,https://www.google.com/maps/search/?api=1&query=SHOP%20NO%3B8%20ALI%20MOUSA%20BUILDING%20IND%20AREA%2015%2C%20SHARJAH%2C%20UAE%2C%20Ajman%2C%20UAE,,,
2176,SHJ,SHJ,CLINIC,MATHEW MEDICAL CENTRE L.L.C SP,MOH-F-1000043,KING FAISAL STREET,"FLAT NO.111,1ST FLOOR, BLOCK B, DAR ALAMAN BUILDING, KING FAISAL STREET,SHARJAH,UAE",06-5595594,https://www.google.com/maps/search/?api=1&query=FLAT%20NO.111%2C1ST%20FLOOR%2C%20BLOCK%20B%2C%20DAR%20ALAMAN%20BUILDING%2C%20KING%20FAISAL%20STREET%2CSHARJAH%2CUAE%2C%20Ajman%2C%20UAE,,,
2177,SHJ,SHJ,CLINIC,REGAL CARE MEDICAL CENTER,SHA-F-000508,SAJJA INDUSTRIAL AREA,"SHOP 6 & 7, ISMAEIL ALI SHAHEEN BUILDING , SAJJA INDUSTRIAL AREA, SHARJAH,UAE",055-1409352,https://www.google.com/maps/search/?api=1&query=SHOP%206%20%26%207%2C%20ISMAEIL%20ALI%20SHAHEEN%20BUILDING%20%2C%20SAJJA%20INDUSTRIAL%20AREA%2C%20SHARJAH%2CUAE%2C%20Ajman%2C%20UAE,,,
2178,SHJ,SHJ,PHARMACY,IBN SINA PHARMACY SOLE PROPRIETORSHIP L.L.C SHJ. BR - BRANCH 4,MOH-F-5000906,AL ESTIQLAL ST,"GROUND FLOOR, MEGA MALL - AL ESTIQLAL ST - BU DANIG - SHARJAH",06-5744066,https://www.google.com/maps/search/?api=1&query=GROUND%20FLOOR%2C%20MEGA%20MALL%20-%20AL%20ESTIQLAL%20ST%20-%20BU%20DANIG%20-%20SHARJAH%2C%20Ajman%2C%20UAE,,,
2179,SHJ,SHJ,PHARMACY,IBN SINA PHARMACY SOLE PROPRIETORSHIP L.L.C SHJ. BR - BRANCH 8,MOH-F-5000907,AL TAAWUN ST,ABDULAZIZ AL MAJID - AL TAAWUN ST - AL MAJAZ 3 - AL MAJAZ - SHARJAH,06-5569007,https://www.google.com/maps/search/?api=1&query=ABDULAZIZ%20AL%20MAJID%20-%20AL%20TAAWUN%20ST%20-%20AL%20MAJAZ%203%20-%20AL%20MAJAZ%20-%20SHARJAH%2C%20Ajman%2C%20UAE,,,
2180,SHJ,SHJ,PHARMACY,IBN SINA PHARAMCY SOLE PROPRIETORSHIP L.L.C - BRANCH 1,MOH-F-5001041,KALBA MALL,KALBA MALL - SHARJAH,09-234 1273,https://www.google.com/maps/search/?api=1&query=KALBA%20MALL%20-%20SHARJAH%2C%20Ajman%2C%20UAE,,,
2181,SHJ,SHJ,PHARMACY,IBN SINA PHARAMCY SOLE PROPRIETORSHIP L.L.C - BRANCH 10,MOH-F-5001231,AL ZAHIA,8F74+X2 - MUWAILEH COMMERCIAL - AL ZAHIA - SHARJAH,06-885 3144,https://www.google.com/maps/search/?api=1&query=8F74%2BX2%20-%20MUWAILEH%20COMMERCIAL%20-%20AL%20ZAHIA%20-%20SHARJAH%2C%20Ajman%2C%20UAE,,,
2182,SHJ,SHJ,PHARMACY,IBN SINA PHARAMCY SOLE PROPRIETORSHIP L.L.C - BRANCH 11,MOH-F-5001309,ALJADA,"ALJADA, BOULEVARD 1 - MUWAILEH COMMERCIAL - SHARJAH",06-740 6056,https://www.google.com/maps/search/?api=1&query=ALJADA%2C%20BOULEVARD%201%20-%20MUWAILEH%20COMMERCIAL%20-%20SHARJAH%2C%20Ajman%2C%20UAE,,,
2183,SHJ,SHJ,PHARMACY,IBN SINA PHARAMCY SOLE PROPRIETORSHIP L.L.C - BRANCH 3,MOH-F-5001162,AL MAMSHA COMMUNITY,BUILDING SS2-SHOP 008 - AL MAMSHA COMMUNITY - UNIVERSITY CITY RD - MUWAILEH COMMERCIAL - SHARJAH,06-548 3386,https://www.google.com/maps/search/?api=1&query=BUILDING%20SS2-SHOP%20008%20-%20AL%20MAMSHA%20COMMUNITY%20-%20UNIVERSITY%20CITY%20RD%20-%20MUWAILEH%20COMMERCIAL%20-%20SHARJAH%2C%20Ajman%2C%20UAE,,,
2184,SHJ,SHJ,PHARMACY,IBN SINA PHARAMCY SOLE PROPRIETORSHIP L.L.C - SHJ. BR - BRANCH 14,MOH-F-5001307,AL NAHDA 1,79XF+4GM - AL NAHDA - AL NAHDA 1 - SHARJAH,04-8105952,https://www.google.com/maps/search/?api=1&query=79XF%2B4GM%20-%20AL%20NAHDA%20-%20AL%20NAHDA%201%20-%20SHARJAH%2C%20Ajman%2C%20UAE,,,
2185,SHJ,SHJ,PHARMACY,IBN SINA PHARAMCY SOLE PROPRIETORSHIP L.L.C BRANCH 12,MOH-F-5000070, AL MAJAZ 1,"CORNICHE PLAZA 2, 61134 - CORNICHE ST - AL MAJAZ 1 - AL MAJAZ - SHARJAH",06-572 6885,https://www.google.com/maps/search/?api=1&query=CORNICHE%20PLAZA%202%2C%2061134%20-%20CORNICHE%20ST%20-%20AL%20MAJAZ%201%20-%20AL%20MAJAZ%20-%20SHARJAH%2C%20Ajman%2C%20UAE,,,
2186,SHJ,SHJ,PHARMACY,IBN SINA PHARAMCY SOLE PROPRIETORSHIP L.L.C SHJ. BR  6,MOH-F-5000954,AL ZAHIA,CITY CENTRE AL ZAHIA - SHARJAH,06-555 0534,https://www.google.com/maps/search/?api=1&query=CITY%20CENTRE%20AL%20ZAHIA%20-%20SHARJAH%2C%20Ajman%2C%20UAE,,,
2187,SHJ,SHJ,PHARMACY,IBN SINA PHARAMCY SOLE PROPRIETORSHIP L.L.C SHJ. BR  7,MOH-F-5000963,RAHMANIA MALL,RAHMANIA MALL - AL RAHMANIYA SUBURB - KSHISHAH 6 - SHARJAH,06-530 0039,https://www.google.com/maps/search/?api=1&query=RAHMANIA%20MALL%20-%20AL%20RAHMANIYA%20SUBURB%20-%20KSHISHAH%206%20-%20SHARJAH%2C%20Ajman%2C%20UAE,,,
2188,SHJ,SHJ,PHARMACY,IBN SINA PHARAMCY SOLE PROPRIETORSHIP L.L.C SHJ. BR - BRANCH 2,MOH-F-5000822 ,UNIVERSITY CITY ROAD,"ZERO 6 MALL - UNIVERSITY CITY ROAD, ZERO 6 MALL - UNIVERSITY CITY ROAD, - SHARJAH",06-554 2467,https://www.google.com/maps/search/?api=1&query=ZERO%206%20MALL%20-%20UNIVERSITY%20CITY%20ROAD%2C%20ZERO%206%20MALL%20-%20UNIVERSITY%20CITY%20ROAD%2C%20-%20SHARJAH%2C%20Ajman%2C%20UAE,,,
2189,SHJ,SHJ,PHARMACY,IBN SINA PHARMACY L.L.C - BRANCH,MOH-F-5001049,SHARJAH HEALTHCARE CITY,BSP-SHARJAH HCC، SHARJAH HEALTHCARE CITY - AL ABAR - HALWAN SUBURB - SHARJAH,06-538 8357,https://www.google.com/maps/search/?api=1&query=BSP-SHARJAH%20HCC%D8%8C%20SHARJAH%20HEALTHCARE%20CITY%20-%20AL%20ABAR%20-%20HALWAN%20SUBURB%20-%20SHARJAH%2C%20Ajman%2C%20UAE,,,
2190,SHJ,SHJ,PHARMACY,IBN SINA PHARMACY SOLEPROPRIETORSHIP LLC SHJ BRANCH,MOH-F-5000924,SHARJAH INTERNATIONAL AIRPORT,"SHARJAH INTERNATIONAL AIRPORT - SHARJAH,UAE",06-564 1565,https://www.google.com/maps/search/?api=1&query=SHARJAH%20INTERNATIONAL%20AIRPORT%20-%20SHARJAH%2CUAE%2C%20Ajman%2C%20UAE,,,
2191,UMQ,UMQ,CLINIC,YASMED MEDICAL CENTER,MOH-F-1000636,UMM AL QUWAIN,"NEAR ETISALAT ROUNDABOUT, NEW INDUSTRIAL AREA, UMM AL QUWAIN U.A.E",06-529 9064,https://www.google.com/maps/search/?api=1&query=NEAR%20ETISALAT%20ROUNDABOUT%2C%20NEW%20INDUSTRIAL%20AREA%2C%20UMM%20AL%20QUWAIN%20U.A.E%2C%20Ajman%2C%20UAE,,,
2192,UMQ,UMQ,CLINIC,AL JAZBIR CLINIC,MOH545,KING FAIZAL STREET,"MOSAFIR BLDG, KING FAISAL STREET ,UMQ",06-7655659,https://www.google.com/maps/search/?api=1&query=MOSAFIR%20BLDG%2C%20KING%20FAISAL%20STREET%20%2CUMQ%2C%20Ajman%2C%20UAE,,,
2193,UMQ,UMQ,CLINIC,AL HAYAT MEDICAL CENTER-UMM AL QUWAIN,MOH-F-1000499,RAMLA,"UMM AL QUWAIN,RAMLA",06 7663233,https://www.google.com/maps/search/?api=1&query=UMM%20AL%20QUWAIN%2CRAMLA%2C%20Ajman%2C%20UAE,,,
2194,UMQ,UMQ,CLINIC,DR.SUNNY MEDICAL CENTRE UAQ,MOH-F-1000094,KING FAISAL ROAD,"KING FAISAL STREET, NEAR NISSAN SHOWROON, UAQ, UAE",06-7666933,https://www.google.com/maps/search/?api=1&query=KING%20FAISAL%20STREET%2C%20NEAR%20NISSAN%20SHOWROON%2C%20UAQ%2C%20UAE%2C%20Ajman%2C%20UAE,,,
2195,UMQ,UMQ,CLINIC,ASTER MEDICAL CENTRE - BR OF (D M HEALTHCARE) LLC UMM AL QUWAIN BRANCH,MOH-F-1000721,KING FAISAL STREET,"AL MASA -2 BUILDING , GROUND FLOOR , KING FAISAL STREET,GREEN BELT -UMM AL QUWAIN -UAE",06-5770288,https://www.google.com/maps/search/?api=1&query=AL%20MASA%20-2%20BUILDING%20%2C%20GROUND%20FLOOR%20%2C%20KING%20FAISAL%20STREET%2CGREEN%20BELT%20-UMM%20AL%20QUWAIN%20-UAE%2C%20Ajman%2C%20UAE,,,
2196,UMQ,UMQ,CLINIC,DAR AL HAYAT MEDICAL CENTRE LLC,MOH-F-1000692,NEAR ETISALAT ROUND ABOUT,"NEAR ETISALAT ROUND ABOUT, NEW INDUSTRIAL AREA, UMM AL QUWAIN, UAE",06-5624885,https://www.google.com/maps/search/?api=1&query=NEAR%20ETISALAT%20ROUND%20ABOUT%2C%20NEW%20INDUSTRIAL%20AREA%2C%20UMM%20AL%20QUWAIN%2C%20UAE%2C%20Ajman%2C%20UAE,,,
2197,UMQ,UMQ,CLINIC,WELLNESS MEDICAL CENTER LLC,MOH-F-1000851,BADAMI 2,"BADAMI-2,NEW INDUSTRIAL AREA - AL RAFFA,UAE",06-6786664,https://www.google.com/maps/search/?api=1&query=BADAMI-2%2CNEW%20INDUSTRIAL%20AREA%20-%20AL%20RAFFA%2CUAE%2C%20Ajman%2C%20UAE,,,
2198,UMQ,UMQ,CLINIC,CARE FOR YOU MEDICAL CENTER,MOH-F-1000855,AL MAQTA,"SHOP NO 29, MALL OF UAQ, AL MAQTA, UMM AL QUWAIN, UAE",06-6787382,https://www.google.com/maps/search/?api=1&query=SHOP%20NO%2029%2C%20MALL%20OF%20UAQ%2C%20AL%20MAQTA%2C%20UMM%20AL%20QUWAIN%2C%20UAE%2C%20Ajman%2C%20UAE,,,
2199,UMQ,UMQ,CLINIC,AL SHIFA MEDICAL CENTER L.L.C,MOH-F-1000714,UMM AL QUWAIN,"AL SANADIL BUILDING ,UAQ ,UAE",06 -5258185,https://www.google.com/maps/search/?api=1&query=AL%20SANADIL%20BUILDING%20%2CUAQ%20%2CUAE%2C%20Ajman%2C%20UAE,,,
2200,UMQ,UMQ,CLINIC,NOOR AL SHIFA MEDICAL CENTER,MOH-F-1000919,UMM AL THUOOB,"UMM AL THUOOB , NEW SANAIYA , UMM AL QUWAIN",06-6786364,https://www.google.com/maps/search/?api=1&query=UMM%20AL%20THUOOB%20%2C%20NEW%20SANAIYA%20%2C%20UMM%20AL%20QUWAIN%2C%20Ajman%2C%20UAE,,,
2201,UMQ,UMQ,CLINIC,YOUR MEDICAL CENTER,MOH-F-1000924,UMM AL THUOOB 1,"SHOP 5 & 6,SULTHAN SAIF AL KUBAISI BUILDING,PLOT NO: 792,BLOCK NO 3, AL ITTIHAD STREET,NEAR ETISALAT ROUNDABOUT,UMM AL THUOOB 1-UAQ",06-6787003,https://www.google.com/maps/search/?api=1&query=SHOP%205%20%26%206%2CSULTHAN%20SAIF%20AL%20KUBAISI%20BUILDING%2CPLOT%20NO%3A%20792%2CBLOCK%20NO%203%2C%20AL%20ITTIHAD%20STREET%2CNEAR%20ETISALAT%20ROUNDABOUT%2CUMM%20AL%20THUOOB%201-UAQ%2C%20Ajman%2C%20UAE,,,
2202,UMQ,UMQ,HOSPITAL,SHEIKH KHALIFA GENERAL HOSPITAL UMQ,MOH-F-1000342,AL SALAMA,"OPP: MINISTRY OF COMMUNITY DEVELOPMENT, AL SALAMA UMM AL QUWAIN, UAE",06-7061111,https://www.google.com/maps/search/?api=1&query=OPP%3A%20MINISTRY%20OF%20COMMUNITY%20DEVELOPMENT%2C%20AL%20SALAMA%20UMM%20AL%20QUWAIN%2C%20UAE%2C%20Ajman%2C%20UAE,,,
2203,UMQ,UMQ,PHARMACY,YASMEDPHARMACYLLC,MOH-F-5001014,UMM AL QUWAIN,"NEAR ETISALAT ROUNDABOUT, NEW INDUSTRIAL AREA, UMM AL QUWAIN U.A.E",06-529 9064,https://www.google.com/maps/search/?api=1&query=NEAR%20ETISALAT%20ROUNDABOUT%2C%20NEW%20INDUSTRIAL%20AREA%2C%20UMM%20AL%20QUWAIN%20U.A.E%2C%20Ajman%2C%20UAE,,,
2204,UMQ,UMQ,PHARMACY,IBN BATUTA PHARMACY LLC,MOH-F-5000798,UMM AL QUWAIN,"SHOP NO: 1, UMM AL QUWAIN CHARITY BUILDING, OPPOSITE TO UMM AL QUWAIN MALL, GREEN BELT AREA, UMM AL QUWAIN, UAE",06-5231577,https://www.google.com/maps/search/?api=1&query=SHOP%20NO%3A%201%2C%20UMM%20AL%20QUWAIN%20CHARITY%20BUILDING%2C%20OPPOSITE%20TO%20UMM%20AL%20QUWAIN%20MALL%2C%20GREEN%20BELT%20AREA%2C%20UMM%20AL%20QUWAIN%2C%20UAE%2C%20Ajman%2C%20UAE,,,
2205,UMQ,UMQ,PHARMACY,ASTER MEDICOM -26 (MEDICOM PHARMACY -26),MOH-F-5000176,UMM AL QUWAIN,"AL MANAMA MALL, UMM AL QUWAIN",06-7649734,https://www.google.com/maps/search/?api=1&query=AL%20MANAMA%20MALL%2C%20UMM%20AL%20QUWAIN%2C%20Ajman%2C%20UAE,,,
2206,UMQ,UMQ,PHARMACY,ASTER PHARMACIES GROUP LLC UAQ BRANCH,MOH-F-5001061,AL MAKTA AREA,"SHOP NO.1, AL MAKTA AREA, AL MASA TOWER2, UAQ. ",06-5275126,https://www.google.com/maps/search/?api=1&query=SHOP%20NO.1%2C%20AL%20MAKTA%20AREA%2C%20AL%20MASA%20TOWER2%2C%20UAQ.%2C%20Ajman%2C%20UAE,,,
2207,UMQ,UMQ,PHARMACY,AL NEEM PHARMACY LLC,MOH-F-5001019,KING FAISAL STREET,"SHOP NO 3&4, DR. SUNNY MEDICAL CENTRE BUILDING, KING FAISAL ROAD, UMM AL QUWAIN ",06-7675263,https://www.google.com/maps/search/?api=1&query=SHOP%20NO%203%264%2C%20DR.%20SUNNY%20MEDICAL%20CENTRE%20BUILDING%2C%20KING%20FAISAL%20ROAD%2C%20UMM%20AL%20QUWAIN%2C%20Ajman%2C%20UAE,,,
2208,UMQ,UMQ,PHARMACY,DAR AL HAYAT PHARMACY LLC,MOH-F-5001094,NEW INDUSTRIAL AREA UMQ,"NEAR ETISALAT R/A, OPP. HOT PACK,NEW INDUSTRIAL AREA, UAQ,UAE",06-5381165,https://www.google.com/maps/search/?api=1&query=NEAR%20ETISALAT%20R/A%2C%20OPP.%20HOT%20PACK%2CNEW%20INDUSTRIAL%20AREA%2C%20UAQ%2CUAE%2C%20Ajman%2C%20UAE,,,
2209,UMQ,UMQ,PHARMACY,WELLNESS PHARMACY LLC,MOH-F-5001257,BADAMI 2,"BADAMI-2,NEW INDUSTRIAL AREA - AL RAFFA,UAE",06-6786664,https://www.google.com/maps/search/?api=1&query=BADAMI-2%2CNEW%20INDUSTRIAL%20AREA%20-%20AL%20RAFFA%2CUAE%2C%20Ajman%2C%20UAE,,,
2210,UMQ,UMQ,PHARMACY,SUNNY PHARMACY L.L.C,MOH-F-5001265,KING FAIZAL STREET,"KING FAISAL STREET, AL MUQTA1, UMM AL QUWAIN,UAE",06-5433746,https://www.google.com/maps/search/?api=1&query=KING%20FAISAL%20STREET%2C%20AL%20MUQTA1%2C%20UMM%20AL%20QUWAIN%2CUAE%2C%20Ajman%2C%20UAE,,,
2211,UMQ,UMQ,PHARMACY,AL REEM PHARMACY LLC,MOH-F-5001283,KING FAISAL ROAD,"KING FAISAL ROAD, UMM AL QUWAIN,UAE",06-7690400,https://www.google.com/maps/search/?api=1&query=KING%20FAISAL%20ROAD%2C%20UMM%20AL%20QUWAIN%2CUAE%2C%20Ajman%2C%20UAE,,,
2212,UMQ,UMQ,PHARMACY,HEALTH FIRST PHARMACY 12 - UAQ,MOH-F-5000144,KING FAISAL ROAD,"KING FAISAL RD., BESIDE LULU, UAQ",06-7641156,https://www.google.com/maps/search/?api=1&query=KING%20FAISAL%20RD.%2C%20BESIDE%20LULU%2C%20UAQ%2C%20Ajman%2C%20UAE,,,
2213,UMQ,UMQ,PHARMACY,HEALTH FIRST PHARMACY 28 - UAQ,MOH-F-5000307,OLD BAZZAR,UAQ MAIN RD. OLD BAZZAR,06-7656180,https://www.google.com/maps/search/?api=1&query=UAQ%20MAIN%20RD.%20OLD%20BAZZAR%2C%20Ajman%2C%20UAE,,,
2214,UMQ,UMQ,PHARMACY,HEALTH FIRST PHARMACY 62,MOH-F-5001089,AL WAHA ST,UAQ -SALAMAH -AL WAHA ST OPP CITY MALL,06 5365107,https://www.google.com/maps/search/?api=1&query=UAQ%20-SALAMAH%20-AL%20WAHA%20ST%20OPP%20CITY%20MALL%2C%20Ajman%2C%20UAE,,,
2215,UMQ,UMQ,PHARMACY,AL TALAL PHARMACY LLC - BRANCH 1,MOH-F-5001327,UMM AL THUOOB,"UMM AL THUOOB , NEW SANAIYA , UMM AL QUWAIN",06-6787074,https://www.google.com/maps/search/?api=1&query=UMM%20AL%20THUOOB%20%2C%20NEW%20SANAIYA%20%2C%20UMM%20AL%20QUWAIN%2C%20Ajman%2C%20UAE,,,
2216,UMQ,UMQ,PHARMACY,YOUR PHARMACY LLC,MOH-F-5001319,UMM AL THUOOB 1,"SHOP 4,SULTHAN SAIF AL KUBAISI BUILDING,PLOT NO: 792,BLOCK NO 3, AL ITTIHAD STREET,NEAR ETISALAT ROUNDABOUT,UMM AL THUOOB 1-UAQ",06-6787003,https://www.google.com/maps/search/?api=1&query=SHOP%204%2CSULTHAN%20SAIF%20AL%20KUBAISI%20BUILDING%2CPLOT%20NO%3A%20792%2CBLOCK%20NO%203%2C%20AL%20ITTIHAD%20STREET%2CNEAR%20ETISALAT%20ROUNDABOUT%2CUMM%20AL%20THUOOB%201-UAQ%2C%20Ajman%2C%20UAE,,,
2217,UMQ,UMQ,PHARMACY,SHEIKH KHALIFA GENERAL HOSPITAL PHARMACY UMQ,MOH-F-5000546,AL SALAMA,"OPP: MINISTRY OF COMMUNITY DEVELOPMENT, AL SALAMA UMM AL QUWAIN, UAE",06-7061111,https://www.google.com/maps/search/?api=1&query=OPP%3A%20MINISTRY%20OF%20COMMUNITY%20DEVELOPMENT%2C%20AL%20SALAMA%20UMM%20AL%20QUWAIN%2C%20UAE%2C%20Ajman%2C%20UAE,,,
