SL_NO,PROVIDER_NAME,EMIRATE,PROVIDER_TYPE,INSURANCE_NETWORK,NOTES_EXCERPT
MOH-F-1000657,SHIFA AL JAZEERAH MEDICAL CENTRE - L.L.C - BRANCH 01,AJM,CLINIC,Shifa/ADICO,"Coordinates approximate for Jurf 1, Industrial Area 3, Ajman"
MOH-F-1000853,ADVANCED MEDICAL CENTRE L.L.C (AJMAN),AJM,CLINIC,UNKNOWN,"Coordinates are approximate, derived from the described loca"
MOH-F-1000117,RIGHT HEALTH CLINIC JURF LLC,AJM,CLINIC,Right Health / DARIC,"Coordinates are approximate for Al Jurf Industrial Zone 2, A"
MOH-F-1000316,RIGHT HEALTH CLINIC JURF2 LLC,AJM,CLINIC,Right Health / DARIC,"Coordinates are approximate for Al Jurf Industrial Zone 2, A"
MOH-F-1000668,RELIEF MEDICAL CENTER LLC,AJM,CLINIC,UNKNOWN,"Coordinates are approximate, derived from district-level kno"
MOH-F-1000007,AL RAFI CLINIC,AJM,CLINIC,UNKNOWN,Coordinates derived from area-level geocoding. Verify agains
MOH-F-1000206,EMIRATES PRIVATE MEDICAL CENTER( FORMERLY OASIS GR-EMIRATES PRIVATEMEDICAL CENTER),AJM,CLINIC,UNKNOWN,Coordinates derived from area-level geocoding. Verify agains
MOH-F-1000270,NMC MEDICAL CENTRE AJMAN LLC BR- RASHIDIYA - AJMAN,AJM,CLINIC,NMC (Healthcare Network),"Coordinates verified for Al Nuaymia area, Ajman. NMC Healthc"
MOH-F-1000241,MODERN MEDICAL CENTRE LLC,AJM,CLINIC,UNKNOWN,Coordinates derived from area-level geocoding. Verify agains
MOH6126,METRO MEDICAL CENTRE LLC,AJM,CLINIC,UNKNOWN,Coordinates derived from area-level geocoding. Verify agains
MOH-F-1000552,MAPLE MEDICAL CENTER L.L.C,AJM,CLINIC,UNKNOWN,Coordinates derived from area-level geocoding. Verify agains
MOH-F-1000359,RED MAPLE MEDICAL CENTER L.L.C,AJM,CLINIC,UNKNOWN,Coordinates derived from area-level geocoding. Verify agains
MOH-F-1000295,AL AIN MEDICAL CENTER,AJM,CLINIC,UNKNOWN,Coordinates derived from area-level geocoding. Verify agains
MOH-F-1000226,AL SHROOQ POLYCLINIC,AJM,CLINIC,UNKNOWN,Coordinates derived from area-level geocoding. Verify agains
MOH-F-1000380,AL RUKN MEDICAL CENTER,AJM,CLINIC,UNKNOWN,Coordinates derived from area-level geocoding. Verify agains
MOH-F-1000003,AL GHARAFA MEDICAL CENTRE,AJM,CLINIC,UNKNOWN,Coordinates derived from area-level geocoding. Verify agains
MOH-F-1000093,LLH SPECIALIST MEDICAL CENTER,AJM,CLINIC,UNKNOWN,Coordinates derived from area-level geocoding. Verify agains
MOH7061,KHALID LALA MEDICAL CLINIC LLC,AJM,CLINIC,UNKNOWN,Coordinates derived from area-level geocoding. Verify agains
MOH6877,ALENAYA MEDICAL CLINIC LLC,AJM,CLINIC,UNKNOWN,Coordinates derived from area-level geocoding. Verify agains
MOH-F-1000009,AJMAN MEDICAL CENTER,AJM,CLINIC,UNKNOWN,Coordinates derived from area-level geocoding. Verify agains
MOH-F-1000227,MEDO MEDICAL CENTER,AJM,CLINIC,UNKNOWN,Coordinates derived from area-level geocoding. Verify agains
MOH-F-1000279,CAREPLUS MEDICAL CENTER LLC AJMAN,AJM,CLINIC,UNKNOWN,Coordinates derived from area-level geocoding. Verify agains
MOH-F-1000680,NOOR AL SHIFA CLINIC LLC,AJM,CLINIC,Shifa/ADICO,"Coordinates approximate for Jurf 1, Industrial Area 3, Ajman"
MOH-F-1000204,AALIYA MEDICAL CENTRE,AJM,CLINIC,UNKNOWN,Coordinates derived from area-level geocoding. Verify agains
MOH-F-1000202,FAMILY MEDICAL CENTRE,AJM,CLINIC,UNKNOWN,Coordinates derived from area-level geocoding. Verify agains
MOH-F-1000203,IBIN SINA MEDICAL CENTRE (AJMAN AL QUDS),AJM,CLINIC,UNKNOWN,Coordinates derived from area-level geocoding. Verify agains
MOH-F-1000205,NEW IBINSINA MEDICAL CENTRE (AJMAN JURF),AJM,CLINIC,UNKNOWN,Coordinates derived from area-level geocoding. Verify agains
MOH-F-1000245,SHEIKHA CLINIC LLC (FORMERLY FIRSTAID CLINIC LLC),AJM,CLINIC,UNKNOWN,Coordinates derived from area-level geocoding. Verify agains
MOH-F-1000365,COST CARE GENERAL CLINIC,AJM,CLINIC,UNKNOWN,Coordinates derived from area-level geocoding. Verify agains
MOH-F-1000472,EVE MEDICAL CENTRE LLC(AJM),AJM,CLINIC,UNKNOWN,Coordinates derived from area-level geocoding. Verify agains
MOH-F-1000607,ELAJ MEDICAL CENTRE  L.L.C 01,AJM,CLINIC,UNKNOWN,Coordinates derived from area-level geocoding. Verify agains
MOH-F-1000259,INTERNATIONAL SPECIALIST MEDICAL CENTRE,AJM,CLINIC,UNKNOWN,Coordinates derived from area-level geocoding. Verify agains
MOH-F-1000255,ELAJ MEDICAL CENTRE LLC,AJM,CLINIC,UNKNOWN,Coordinates derived from area-level geocoding. Verify agains
MOH-F-1000545,AURA MEDICAL CENTER L. L.C,AJM,CLINIC,UNKNOWN,Coordinates derived from area-level geocoding. Verify agains
MOH2590,ASTER MEDICAL CENTRE BR.(AJMAN),AJM,CLINIC,UNKNOWN,Coordinates derived from area-level geocoding. Verify agains
MOH6733,ACCESS MEDICAL CENTRE (BR. OF DM) - AJMAN,AJM,CLINIC,UNKNOWN,Coordinates derived from area-level geocoding. Verify agains
MOH-F-1000064,SARAH MEDICAL CENTRE,AJM,CLINIC,UNKNOWN,Coordinates derived from area-level geocoding. Verify agains
MOH-F-1000581,AL HEMAYA GENERAL CLINIC LLC,AJM,CLINIC,UNKNOWN,Coordinates derived from area-level geocoding. Verify agains
MOH-F-1000521,NORTHERN AL AHLIAH MEDICAL CENTRE (AJMAN),AJM,CLINIC,UNKNOWN,Coordinates derived from area-level geocoding. Verify agains
MOH-F-1000405,AHALIA MEDICAL CENTER,AJM,CLINIC,UNKNOWN,Coordinates derived from area-level geocoding. Verify agains
MOH-F-1000718,MEDICARE MEDICAL CENTRE LLC,AJM,CLINIC,UNKNOWN,Coordinates derived from area-level geocoding. Verify agains
MOH-F-1000565,JABAL SINA MEDICAL CENTRE LLC,AJM,CLINIC,UNKNOWN,Coordinates derived from area-level geocoding. Verify agains
MOH-F-1000112,ABDUL AZIZ MEDICAL CENTRE L.L.C,AJM,CLINIC,UNKNOWN,Coordinates derived from area-level geocoding. Verify agains
MOH-F-1000658,SEHA MEDICAL CENTER,AJM,CLINIC,UNKNOWN,Coordinates derived from area-level geocoding. Verify agains
MOH-F-1000355,GOLDEN STAR MEDICAL CENTER,AJM,CLINIC,UNKNOWN,Coordinates derived from area-level geocoding. Verify agains
MOH-F-1000266,AL NAHRAIN SPECIALTY MEDICAL CENTER - LLC,AJM,CLINIC,UNKNOWN,Coordinates derived from area-level geocoding. Verify agains
MOH-F-1000729,AL NAHRAIN MEDICAL CENTER 1 LLC,AJM,CLINIC,UNKNOWN,Coordinates derived from area-level geocoding. Verify agains
MOH-F-1000099,DEAR HEALTH MEDICAL CENTER,AJM,CLINIC,UNKNOWN,Coordinates derived from area-level geocoding. Verify agains
MOH-F-1000712,MAGENTA HEALTH PLUS MEDICAL CENTER LLC (SOLE PROPRIETORSHIP),AJM,CLINIC,UNKNOWN,Coordinates derived from area-level geocoding. Verify agains
MOH-F-1000666,ORIANA MEDICAL CENTER LLC SOLE PROPRIETORSHIP,AJM,CLINIC,UNKNOWN,Coordinates derived from area-level geocoding. Verify agains
MOH-F-1000785,EAZY CARE MEDICAL CENTER L.L.C,AJM,CLINIC,UNKNOWN,Coordinates derived from area-level geocoding. Verify agains
MOHI1000,NATIONAL CLINIC (AJMAN),AJM,CLINIC,UNKNOWN,Coordinates derived from area-level geocoding. Verify agains
MOHM2114,AL SANAIYA CLINIC (AJMAN),AJM,CLINIC,UNKNOWN,Coordinates derived from area-level geocoding. Verify agains
MOHI117,RIGHT HEALTH AL NUAIMIA CLINIC (AJMAN)(FORMERLY AL NAUMIA CLINIC (AJMAN),AJM,CLINIC,Right Health / DARIC,"Coordinates are approximate for Al Jurf Industrial Zone 2, A"
MOH5717,DR RAJEEVANS MEDICAL CENTRE,AJM,CLINIC,UNKNOWN,Coordinates derived from area-level geocoding. Verify agains
MOH-F-1000832,MAX CARE MEDICAL CENTER (S.P.S - L.L.C),AJM,CLINIC,UNKNOWN,Coordinates derived from area-level geocoding. Verify agains
MOH-F-1000181,AL BUSTAN MEDICAL CENTER,AJM,CLINIC,UNKNOWN,Coordinates derived from area-level geocoding. Verify agains
MOH-F-1000861,AL MUBARAK MEDICAL CENTER SPS - LLC,AJM,CLINIC,UNKNOWN,Coordinates derived from area-level geocoding. Verify agains
MOH-F-1000827,TAHANI MEDICAL CENTER,AJM,CLINIC,UNKNOWN,Coordinates derived from area-level geocoding. Verify agains
MOH-F-1000019,AL MADAR MEDICAL CENTER - L.L.C,AJM,CLINIC,UNKNOWN,Coordinates derived from area-level geocoding. Verify agains
MOH-F-1000635,VPM INTERNATIONAL HEALTH CARE LLC,AJM,CLINIC,UNKNOWN,Coordinates derived from area-level geocoding. Verify agains
MOH-F-1000844,PESHAWAR MEDICAL CENTER LLC-AJMAN,AJM,CLINIC,UNKNOWN,Coordinates derived from area-level geocoding. Verify agains
MOH-F-1000465,BYNOONA MEDICAL CENTER L.L.C (SOLE PROPRIETORSHIP),AJM,CLINIC,UNKNOWN,Coordinates derived from area-level geocoding. Verify agains
MOH-F-1000682,DOUBLE CARE MEDICAL CENTER L.L.C,AJM,CLINIC,UNKNOWN,Coordinates derived from area-level geocoding. Verify agains
MOH-F-1000909,UNITED MEDICAL CENTER LLC,AJM,CLINIC,UNKNOWN,Coordinates derived from area-level geocoding. Verify agains
MOH-F-1000125,AL JURF MEDICAL CENTER,AJM,CLINIC,UNKNOWN,Coordinates derived from area-level geocoding. Verify agains
MOH-F-1000754,AL JURF MEDICAL CENTER - BRANCH 01,AJM,CLINIC,UNKNOWN,Coordinates derived from area-level geocoding. Verify agains
MOH-F-1000926,NOOR AL HADAYA MEDICAL CENTER L.L.C,AJM,CLINIC,UNKNOWN,Coordinates derived from area-level geocoding. Verify agains
MOH-F-1000904,DR JAMEELA CLINIC L.L.C,AJM,CLINIC,UNKNOWN,Coordinates derived from area-level geocoding. Verify agains
MOH-F-5001311,AL SHAMSI PHARMACY L.L.C,AJM,CLINIC,UNKNOWN,Coordinates derived from area-level geocoding. Verify agains
MOH-F-1000938,SMART CARE MEDICAL CENTER,AJM,CLINIC,UNKNOWN,Coordinates derived from area-level geocoding. Verify agains
MOH-F-1000885 ,HESSA MEDICAL CLINIC,AJM,CLINIC,UNKNOWN,Coordinates derived from area-level geocoding. Verify agains
MOH-F-1000333,SKIN AND TEETH MEDICAL CENTER -L.L.C,AJM,DENTAL,UNKNOWN,Coordinates derived from area-level geocoding. Verify agains
MOH-F-1000446,AL DURRA DENTAL CLINIC L.L.C,AJM,DENTAL,UNKNOWN,Coordinates derived from area-level geocoding. Verify agains
MOH-F-1000782,AL FARABI MEDICAL LABORATORIES L.L.C,AJM,DIAGNOSTIC CENTRE,UNKNOWN,Coordinates derived from area-level geocoding. Verify agains
MOH-F-0060022,SHEIKH KHALIFA  HOSPITAL AJMAN ,AJM,HOSPITAL,UNKNOWN,Hospital facility with emergency services. Coordinates verif
MOH-F-0060021,SHEIKH KHALIFA MATERNITY AND PEDIATRIC HOSPITAL AJMAN,AJM,HOSPITAL,UNKNOWN,Hospital facility with emergency services. Coordinates verif
MOH-F-0060020,RASHID CENTER FOR DIABETES AND RESEARCH,AJM,HOSPITAL,UNKNOWN,Hospital facility with emergency services. Coordinates verif
MOH-F-0060019,SHEIKH KHALIFA HOSPITAL MASFOUT AJMAN,AJM,HOSPITAL,UNKNOWN,Hospital facility with emergency services. Coordinates verif
MOH-F-1000509,AMINA HOSPITAL,AJM,HOSPITAL,UNKNOWN,Hospital facility with emergency services. Coordinates verif
MOH-F-5000956,FIRST DEAR HEALTH PHARMACY,AJM,PHARMACY,UNKNOWN,Pharmacy outlet. Coordinates approximate for area. Operating
MOH-F-5001039,SHIFA ALJZEERAH CENTRE PHARMACY - L.L.C - BRANCH 01,AJM,PHARMACY,Shifa/ADICO,Pharmacy outlet. Coordinates approximate for area. Operating
MOH-F-5000760,SHIFA AL JAZEERAH CENTRE PHARMACY LLC,AJM,PHARMACY,Shifa/ADICO,Pharmacy outlet. Coordinates approximate for area. Operating
MOH-F-5000754,SHEIKH KHALIFA HOSPITAL PHARMACY - AJMAN,AJM,PHARMACY,UNKNOWN,Pharmacy outlet. Coordinates approximate for area. Operating
MOH-F-5000752,SHEIKH KHALIFA MATERNITY AND PEDIATRIC HOSPITAL PHARMACY AJMAN,AJM,PHARMACY,UNKNOWN,Pharmacy outlet. Coordinates approximate for area. Operating
MOH-F-5000753,RASHID CENTER FOR DIABETES AND RESEARCH PHARMACY,AJM,PHARMACY,UNKNOWN,Pharmacy outlet. Coordinates approximate for area. Operating
MOH-F-5000755,SHEIKH KHALIFA HOSPITAL MASFOUT PHARMACY AJMAN,AJM,PHARMACY,UNKNOWN,Pharmacy outlet. Coordinates approximate for area. Operating
MOH-F-5000960,AL SANAIYA PHARMACY L.L.C,AJM,PHARMACY,UNKNOWN,Pharmacy outlet. Coordinates approximate for area. Operating
MOH-F-5000673,RIGHT HEALTH PHARMACY JURF LLC,AJM,PHARMACY,Right Health/DARIC,Pharmacy outlet. Coordinates approximate for area. Operating
MOH-F-5000773,RIGHT HEALTH PHARMACY JURF2,AJM,PHARMACY,Right Health/DARIC,Pharmacy outlet. Coordinates approximate for area. Operating
MOH-F-5000250,NEW SANAIYA PHARMACY - AJMAN,AJM,PHARMACY,UNKNOWN,Pharmacy outlet. Coordinates approximate for area. Operating
MOH-F-5001060,RELIEF PHARMACY LLC,AJM,PHARMACY,UNKNOWN,Pharmacy outlet. Coordinates approximate for area. Operating
MOH-F-5000612,AL RAFI PHARMACY LLC,AJM,PHARMACY,UNKNOWN,Pharmacy outlet. Coordinates approximate for area. Operating
MOH-F-5000348,OASIS GR-SHAMS PHARMACY,AJM,PHARMACY,UNKNOWN,Pharmacy outlet. Coordinates approximate for area. Operating
MOH-F-5000541,AL ELAJ PHARMACY/L.L.C,AJM,PHARMACY,UNKNOWN,Pharmacy outlet. Coordinates approximate for area. Operating
MOH-F-5001055,AL TALAL PHARMACY LLC,AJM,PHARMACY,UNKNOWN,Pharmacy outlet. Coordinates approximate for area. Operating
MOH-F-5000783,NEW MEDICAL CENTRE PHARMACY BR-RASHIDIYA - AJMAN,AJM,PHARMACY,UNKNOWN,Pharmacy outlet. Coordinates approximate for area. Operating
MOH-F-5000641,METRO PHARMACY,AJM,PHARMACY,UNKNOWN,Pharmacy outlet. Coordinates approximate for area. Operating
MOH-F-5000110,METRO MEDS PHARMACY,AJM,PHARMACY,UNKNOWN,Pharmacy outlet. Coordinates approximate for area. Operating
MOH-F-5000785,SABEEL PHARMACY LLC,AJM,PHARMACY,UNKNOWN,Pharmacy outlet. Coordinates approximate for area. Operating
MOH-F-5000899,MEDON PHARMACY LLC,AJM,PHARMACY,UNKNOWN,Pharmacy outlet. Coordinates approximate for area. Operating
MOH-F-5000694,GALAXY PHARMACY LLC,AJM,PHARMACY,UNKNOWN,Pharmacy outlet. Coordinates approximate for area. Operating
MOH-F-5000840,ALQAMAR PHARMACY- L.L.C,AJM,PHARMACY,UNKNOWN,Pharmacy outlet. Coordinates approximate for area. Operating
MOH-F-5000792,MAPLE PHARMACY L.L.C,AJM,PHARMACY,UNKNOWN,Pharmacy outlet. Coordinates approximate for area. Operating
MOH-F-5000910,RED MAPLE PHARMACY L.L.C,AJM,PHARMACY,UNKNOWN,Pharmacy outlet. Coordinates approximate for area. Operating
MOH-F-5000743,KHALIDHA PHARMACY L.L.C-AJMAN,AJM,PHARMACY,UNKNOWN,Pharmacy outlet. Coordinates approximate for area. Operating
MOH-F-5000330,AL NUAIMIA PHARMACY,AJM,PHARMACY,UNKNOWN,Pharmacy outlet. Coordinates approximate for area. Operating
MOH-F-5000365,MEDICINE HOME PHARMACY,AJM,PHARMACY,UNKNOWN,Pharmacy outlet. Coordinates approximate for area. Operating
MOH-F-5000363,AL ENAYA PHARMACY LLC,AJM,PHARMACY,UNKNOWN,Pharmacy outlet. Coordinates approximate for area. Operating
MOH-F-5000731,FIRSTAID PHARMACY LLC,AJM,PHARMACY,UNKNOWN,Pharmacy outlet. Coordinates approximate for area. Operating
MOH-F-5000351,DAJLA PHARMACY,AJM,PHARMACY,UNKNOWN,Pharmacy outlet. Coordinates approximate for area. Operating
MOH-F-5000722,AL NAJEM PHARMACY,AJM,PHARMACY,UNKNOWN,Pharmacy outlet. Coordinates approximate for area. Operating
MOH-F-5000849,EVE PHARMACY LLC,AJM,PHARMACY,UNKNOWN,Pharmacy outlet. Coordinates approximate for area. Operating
MOH-F-5000884,ELAJ MEDICAL CENTRE PHAMARCY -AJM,AJM,PHARMACY,UNKNOWN,Pharmacy outlet. Coordinates approximate for area. Operating
MOH-F-5000968,ELAJ MEDICAL CENTRE PHARMACY L.L.C 01,AJM,PHARMACY,UNKNOWN,Pharmacy outlet. Coordinates approximate for area. Operating
MOH-F-5000020,AL HEKMAH PHARMACY,AJM,PHARMACY,UNKNOWN,Pharmacy outlet. Coordinates approximate for area. Operating
MOH-F-5000887,AURA PHARMACY L.LC,AJM,PHARMACY,UNKNOWN,Pharmacy outlet. Coordinates approximate for area. Operating
MOH-F-5000177,ASTER NEW GRAND (NEW GRAND PHARMACY),AJM,PHARMACY,UNKNOWN,Pharmacy outlet. Coordinates approximate for area. Operating
MOH-F-5000093,ASTER GRAND (GRAND PHARMACY),AJM,PHARMACY,UNKNOWN,Pharmacy outlet. Coordinates approximate for area. Operating
MOH-F-5000060,ASTER AJMAN PHARMACY,AJM,PHARMACY,UNKNOWN,Pharmacy outlet. Coordinates approximate for area. Operating
MOH-F-5000164,ASTER MEDICOM-18 (AL ALAM PHARMACY),AJM,PHARMACY,UNKNOWN,Pharmacy outlet. Coordinates approximate for area. Operating
MOH-F-5000246,MEDICOM 27 PHARMACY,AJM,PHARMACY,UNKNOWN,Pharmacy outlet. Coordinates approximate for area. Operating
MOH-F-5000891,ASTER PHARMACY 163 BR OF ASTER PHARMACIES GROUP LLC,AJM,PHARMACY,UNKNOWN,Pharmacy outlet. Coordinates approximate for area. Operating
MOH-F-5000864,ASTER PHARMACY 154 (BR OF ASTER PHARMACIES GROUP LLC),AJM,PHARMACY,UNKNOWN,Pharmacy outlet. Coordinates approximate for area. Operating
MOH-F-5000872,ASTER PHARMACY 159,AJM,PHARMACY,UNKNOWN,Pharmacy outlet. Coordinates approximate for area. Operating
MOH-F-5000024,AL KHALEEJ PHARMACY,AJM,PHARMACY,UNKNOWN,Pharmacy outlet. Coordinates approximate for area. Operating
MOH-F-5000085,EMIRATES PHARMACY,AJM,PHARMACY,UNKNOWN,Pharmacy outlet. Coordinates approximate for area. Operating
MOH-F-5000049,AL SHIFA PHARMACY,AJM,PHARMACY,Shifa/ADICO,Pharmacy outlet. Coordinates approximate for area. Operating
MOH-F-5000058,ARABIAN PHARMACY,AJM,PHARMACY,UNKNOWN,Pharmacy outlet. Coordinates approximate for area. Operating
MOH-F-5000352,GRAND EMIRATES PHARMACY,AJM,PHARMACY,UNKNOWN,Pharmacy outlet. Coordinates approximate for area. Operating
MOH-F-5000548,AMINA HOSPITAL PHARMACY,AJM,PHARMACY,UNKNOWN,Pharmacy outlet. Coordinates approximate for area. Operating
MOH-F-5000393,AL NEEM PHARMACY L.L.C(AJMAN),AJM,PHARMACY,UNKNOWN,Pharmacy outlet. Coordinates approximate for area. Operating
MOH-F-5000487,MAWJOOD PHARMACY L.L.C(AL NEEM GROUP),AJM,PHARMACY,UNKNOWN,Pharmacy outlet. Coordinates approximate for area. Operating
MOH-F-5000812,TOPCARE PHARMACY AL JADEEDA L.L.C,AJM,PHARMACY,UNKNOWN,Pharmacy outlet. Coordinates approximate for area. Operating
MOH-F-5000838,AL ABRAR PHARMACY LLC,AJM,PHARMACY,UNKNOWN,Pharmacy outlet. Coordinates approximate for area. Operating
MOH-F-5000927,TOP CARE PLUS PHARMACY LLC,AJM,PHARMACY,UNKNOWN,Pharmacy outlet. Coordinates approximate for area. Operating
MOH-F-5000997,BAIT AL NEEM PHARMACY LLC,AJM,PHARMACY,UNKNOWN,Pharmacy outlet. Coordinates approximate for area. Operating
MOH-F-5000550,AL ZAMAN PHARMACY L.L.C(AL NEEM GROUP),AJM,PHARMACY,Al Zaman/DARIC,Pharmacy outlet. Coordinates approximate for area. Operating
MOH-F-5000561,AL HEMAYA PHARMACY,AJM,PHARMACY,UNKNOWN,Pharmacy outlet. Coordinates approximate for area. Operating
MOH-F-5000335,AL SAQER PHARMACY L.L.C,AJM,PHARMACY,UNKNOWN,Pharmacy outlet. Coordinates approximate for area. Operating
MOH-F-5000664,AL AIN PHARMACY CENTER L.L.C,AJM,PHARMACY,UNKNOWN,Pharmacy outlet. Coordinates approximate for area. Operating
MOH-F-5000902,NORTHERN AL AHLIAH PHARMACY,AJM,PHARMACY,UNKNOWN,Pharmacy outlet. Coordinates approximate for area. Operating
MOH-F-5000811,PHARMACY AHALIA,AJM,PHARMACY,UNKNOWN,Pharmacy outlet. Coordinates approximate for area. Operating
MOH-F-5000401,ACCESS PHARMACY- AJMAN,AJM,PHARMACY,UNKNOWN,Pharmacy outlet. Coordinates approximate for area. Operating
MOH-F-5000915,JABAL SINA PHARMACY LLC,AJM,PHARMACY,UNKNOWN,Pharmacy outlet. Coordinates approximate for area. Operating
MOH-F-5000525,AL NAHRAIN PHARMACY LLC,AJM,PHARMACY,UNKNOWN,Pharmacy outlet. Coordinates approximate for area. Operating
MOH-F-5001147,AL NAHRAIN PHARMACY 1 LLC,AJM,PHARMACY,UNKNOWN,Pharmacy outlet. Coordinates approximate for area. Operating
MOH-F-5000503,DEAR HEALTH PHARMACY,AJM,PHARMACY,UNKNOWN,Pharmacy outlet. Coordinates approximate for area. Operating
MOH-F-5000742,AIWA PHARMACY LLC,AJM,PHARMACY,UNKNOWN,Pharmacy outlet. Coordinates approximate for area. Operating
MOH-F-5000578,MODERN PHARMACY L.L.C (SOLE PROPRIETORSHIP)-BRANCH 01,AJM,PHARMACY,UNKNOWN,Pharmacy outlet. Coordinates approximate for area. Operating
MOH-F-5000496,MODERN PHARMACY L.L.C (SOLE PROPRIETORSHIP) -BRANCH 02,AJM,PHARMACY,UNKNOWN,Pharmacy outlet. Coordinates approximate for area. Operating
MOH-F-5000497,MODERN PHARMACY L.L.C (SOLE PROPRIETORSHIP) -BRANCH 04,AJM,PHARMACY,UNKNOWN,Pharmacy outlet. Coordinates approximate for area. Operating
MOH-F-5000495,MODERN PHARMACY L.L.C (SOLE PROPRIETORSHIP) -BRANCH-06,AJM,PHARMACY,UNKNOWN,Pharmacy outlet. Coordinates approximate for area. Operating
MOH-F-5000115,MODERN PHARMACY LLC,AJM,PHARMACY,UNKNOWN,Pharmacy outlet. Coordinates approximate for area. Operating
MOH-F-5000705,AL SEHA PHARMACY LLC,AJM,PHARMACY,UNKNOWN,Pharmacy outlet. Coordinates approximate for area. Operating
MOH-F-5000704,ALYA PHARMACY LLC,AJM,PHARMACY,UNKNOWN,Pharmacy outlet. Coordinates approximate for area. Operating
MOH-F-5000716,AL OMAIR PHARMACY LLC,AJM,PHARMACY,UNKNOWN,Pharmacy outlet. Coordinates approximate for area. Operating
MOH-F-5001058,ORIANA PHARMACY,AJM,PHARMACY,UNKNOWN,Pharmacy outlet. Coordinates approximate for area. Operating
MOH-F-5001156,LANA PHARMACY L.L.C,AJM,PHARMACY,UNKNOWN,Pharmacy outlet. Coordinates approximate for area. Operating
MOH-F-5001159,JANAH PHARMACY LLC,AJM,PHARMACY,UNKNOWN,Pharmacy outlet. Coordinates approximate for area. Operating
MOH-F-5001197,EAZY CARE PHARMACY L.L.C,AJM,PHARMACY,UNKNOWN,Pharmacy outlet. Coordinates approximate for area. Operating
MOH1396,KHALID LALA PHARMACY LLC,AJM,PHARMACY,UNKNOWN,Pharmacy outlet. Coordinates approximate for area. Operating
MOH-F-5001243,HEALTH PLUS PHARMACY (S.P.S - L.L.C),AJM,PHARMACY,UNKNOWN,Pharmacy outlet. Coordinates approximate for area. Operating
MOH-F-5000008,AL BUSTAN PHARMACY,AJM,PHARMACY,UNKNOWN,Pharmacy outlet. Coordinates approximate for area. Operating
MOH-F-5001267,SHIFA AL MUBARAK PHARMACY (S.P.S - L.L.C),AJM,PHARMACY,Shifa/ADICO,Pharmacy outlet. Coordinates approximate for area. Operating
MOH-F-5000888,PRISTINE PHARMACY LLC,AJM,PHARMACY,UNKNOWN,Pharmacy outlet. Coordinates approximate for area. Operating
MOH-F-5001285,PRISTINE PHARMACY LLC-Branch 01,AJM,PHARMACY,UNKNOWN,Pharmacy outlet. Coordinates approximate for area. Operating
MOH-F-5000870,HEALTH FIRST PHARMACY LLL-SOLE PROPRIETORSHIP-BRANCH 01,AJM,PHARMACY,UNKNOWN,Pharmacy outlet. Coordinates approximate for area. Operating
MOH-F-5000104,LULU PHARMACY LLC,AJM,PHARMACY,UNKNOWN,Pharmacy outlet. Coordinates approximate for area. Operating
MOH-F-5000950,AL MAMOORA PHARMACY (S.P.S-L.L.C),AJM,PHARMACY,UNKNOWN,Pharmacy outlet. Coordinates approximate for area. Operating
MOH-F-5001297,SHEIKHA PHARMACY LLC,AJM,PHARMACY,UNKNOWN,Pharmacy outlet. Coordinates approximate for area. Operating
MOH-F-5001322,UMC PHARMACY L.L.C,AJM,PHARMACY,UNKNOWN,Pharmacy outlet. Coordinates approximate for area. Operating
 MOH-F-5001341,RIGHT HEALTH PHARMACY JURF - L.L.C - BRANCH 01,AJM,PHARMACY,Right Health/DARIC,Pharmacy outlet. Coordinates approximate for area. Operating
MOH-F-5000909,AL ADIL PHARMACY L.L.C,AJM,PHARMACY,UNKNOWN,Pharmacy outlet. Coordinates approximate for area. Operating
60544,AL ADIL PHARMACY L.L.C - BRANCH 01,AJM,PHARMACY,UNKNOWN,Pharmacy outlet. Coordinates approximate for area. Operating
MOH-F-5001331,NOOR AL HADAYA PHARMACY L.L.C,AJM,PHARMACY,UNKNOWN,Pharmacy outlet. Coordinates approximate for area. Operating
MOH-F-5001355,NEW SMART CARE PHARMACY(S.P.S - L.L.C),AJM,PHARMACY,UNKNOWN,Pharmacy outlet. Coordinates approximate for area. Operating
MOH-F-5001333,800PHARMA1 PHARMACY CO. L.L.C - Branch 01,AJM,PHARMACY,UNKNOWN,Pharmacy outlet. Coordinates approximate for area. Operating
MOH-F-5001332,MEDON 24 HOUR PHARMACY CO. L.L.C - Branch 01,AJM,PHARMACY,UNKNOWN,Pharmacy outlet. Coordinates approximate for area. Operating
MF4235,ULTRA MEDICAL CENTER,ALAIN,CLINIC,UNKNOWN,Coordinates derived from area-level geocoding. Verify agains
MF365,MUBARAK MEDICAL CENTER - SOLE PROPRIETORSHIP L.L.C.,ALAIN,CLINIC,UNKNOWN,Coordinates derived from area-level geocoding. Verify agains
MF119,AL NOOR MEDICAL CENTRE AL AIN,ALAIN,CLINIC,UNKNOWN,Coordinates derived from area-level geocoding. Verify agains
MF1799,INDEX EYE CENTER - L.L.C(FORMERLY INDEX MEDICAL CENTER L.L.C),ALAIN,CLINIC,UNKNOWN,Coordinates derived from area-level geocoding. Verify agains
MF666,AL WAQAR MEDICAL CENTRE,ALAIN,CLINIC,UNKNOWN,Coordinates derived from area-level geocoding. Verify agains
MF1359,FATIMA MEDICAL CENTER L L C,ALAIN,CLINIC,UNKNOWN,Coordinates derived from area-level geocoding. Verify agains
MF132,GEMS MEDICAL CLINIC LLC AL AIN-AUH,ALAIN,CLINIC,UNKNOWN,Coordinates derived from area-level geocoding. Verify agains
MF3052,MEDLIFE MEDICAL CENTRE LLC-ALAIN,ALAIN,CLINIC,UNKNOWN,Coordinates derived from area-level geocoding. Verify agains
MF1345,EMIRATES INTERNATIONAL POLYCLINIC SOLE PROPRIETORSHIP LLC,ALAIN,CLINIC,UNKNOWN,Coordinates derived from area-level geocoding. Verify agains
MF7316,AL KHAZNA HEALTH MEDICAL CENTER,ALAIN,CLINIC,UNKNOWN,Coordinates derived from area-level geocoding. Verify agains
MF105,AL FARHAN MEDICAL CENTER,ALAIN,CLINIC,UNKNOWN,Coordinates derived from area-level geocoding. Verify agains
MF1973,AL AIN ALAHILI MEDICAL CENTRE - L.L.C - S.P.C (FORMERLY AL AIN ALAHILI MEDICAL CENTRE),ALAIN,CLINIC,UNKNOWN,Coordinates derived from area-level geocoding. Verify agains
MF4571,EASTERN ALAHILI MEDICAL CENTER - SOLE PROPRIETORSHIP L.L.C. - BRANCH 1,ALAIN,CLINIC,UNKNOWN,Coordinates derived from area-level geocoding. Verify agains
MF4437,NOOR ALAHLI MEDICAL CENTER L.L.C.,ALAIN,CLINIC,UNKNOWN,Coordinates derived from area-level geocoding. Verify agains
MF7502,RAYHAN PRIMARY HEALTHCARE CENTRE - SOLE PROPRIETORSHIP L.L.C,ALAIN,CLINIC,UNKNOWN,Coordinates derived from area-level geocoding. Verify agains
MF4391,AL MAMOON MEDICAL CENTER L.L.C,ALAIN,CLINIC,UNKNOWN,Coordinates derived from area-level geocoding. Verify agains
MF1161,AL MIRAGE MEDICAL CENTER,ALAIN,CLINIC,UNKNOWN,Coordinates derived from area-level geocoding. Verify agains
MF4813,HEALING TOUCH MEDICAL CENTER,ALAIN,CLINIC,UNKNOWN,Coordinates derived from area-level geocoding. Verify agains
MF1693,AL RANEEN MEDICAL CENTRE LLC,ALAIN,CLINIC,UNKNOWN,Coordinates derived from area-level geocoding. Verify agains
MF4840,MISSION MEDICAL CENTER,ALAIN,CLINIC,UNKNOWN,Coordinates derived from area-level geocoding. Verify agains
MF69,AL JIMI MEDICAL POLYCLINICS L.L.C,ALAIN,CLINIC,UNKNOWN,Coordinates derived from area-level geocoding. Verify agains
MF7293,AL JIMI MEDICAL POLYCLINICS L.L.C-BRANCH,ALAIN,CLINIC,UNKNOWN,Coordinates derived from area-level geocoding. Verify agains
MF2124,ALSULTAN ADVANCED MEDICAL CLINICS,ALAIN,CLINIC,UNKNOWN,"Coordinates are approximate, derived from the described loca"
MF467,SULTAN MEDICAL CENTRE,ALAIN,CLINIC,UNKNOWN,Coordinates derived from area-level geocoding. Verify agains
MF4985,COPE MEDICAL CENTER - SOLE PROPRIETORSHIP L.L.C,ALAIN,CLINIC,UNKNOWN,Coordinates derived from area-level geocoding. Verify agains
MF65,AL FARABI MEDICAL CENTER - L.L.C,ALAIN,CLINIC,UNKNOWN,Coordinates derived from area-level geocoding. Verify agains
MF7572,LENOX MEDICAL AND DENTAL CENTER - L.L.C,ALAIN,CLINIC,UNKNOWN,Coordinates derived from area-level geocoding. Verify agains
MF7055,DHIYARA MEDICAL CENTER,ALAIN,CLINIC,UNKNOWN,Coordinates derived from area-level geocoding. Verify agains
MF4012,PROFICIENCY HEALTHCARE DIAGNOSTIC LABORATORIES LLC.-BRANCH 1,ALAIN,DIAGNOSTIC CENTRE,UNKNOWN,Coordinates derived from area-level geocoding. Verify agains
MF7207,LIFE MEDICAL DIAGNOSTICS LLC - BRANCH,ALAIN,DIAGNOSTIC CENTRE,UNKNOWN,Coordinates derived from area-level geocoding. Verify agains
MF4581,BURJEEL ROYAL HOSPITAL ASHAREJ - L.L.C (FORMERLY BURJEEL FARHA HOSPITAL L.L.C),ALAIN,HOSPITAL,UNKNOWN,Hospital facility with emergency services. Coordinates verif
MF464,SPECIALIZED MEDICAL CARE HOSPITAL,ALAIN,HOSPITAL,UNKNOWN,Hospital facility with emergency services. Coordinates verif
MF233,EMIRATES INTERNATIONAL HOSPITAL - SOLE PROPRIETORSHIP L.L.C.,ALAIN,HOSPITAL,UNKNOWN,Hospital facility with emergency services. Coordinates verif
MF1974,NEW MEDICAL CENTRE SPECIALTY HOSPITAL LTD-ABU DHABI(FORMERLY NEW MEDICAL CENTRE SPECIALTY HOSPITAL L,ALAIN,HOSPITAL,UNKNOWN,Hospital facility with emergency services. Coordinates verif
PF1018,HEALTH FIRST PHARMACY LLC BRANCH 1,ALAIN,PHARMACY,UNKNOWN,Pharmacy outlet. Coordinates approximate for area. Operating
PF2569,HEALTH FIRST PHARMACY LLC BRANCH 11,ALAIN,PHARMACY,UNKNOWN,Pharmacy outlet. Coordinates approximate for area. Operating
PF2792,HEALTH FIRST PHARMACY LLC BRANCH 14,ALAIN,PHARMACY,UNKNOWN,Pharmacy outlet. Coordinates approximate for area. Operating
PF1265,SPECIALIZED MEDICAL CARE HOSPITAL PHARMACY,ALAIN,PHARMACY,UNKNOWN,Pharmacy outlet. Coordinates approximate for area. Operating
PF2570,CARE HOSPITAL PHARMACY,ALAIN,PHARMACY,UNKNOWN,Pharmacy outlet. Coordinates approximate for area. Operating
PF2997,BURJEEL FARHA PHARMACY L.L.C.(FORMERLYMEDEOR 24X7INTERNATIONAL PHARMACY LLC-AL AIN),ALAIN,PHARMACY,UNKNOWN,Pharmacy outlet. Coordinates approximate for area. Operating
PF2784,ULTRA MEDICAL CENTER PHARMACY,ALAIN,PHARMACY,UNKNOWN,Pharmacy outlet. Coordinates approximate for area. Operating
PF1389,MUBARAK PHARMACY - SOLE PROPRIETORSHIP L.L.C.,ALAIN,PHARMACY,UNKNOWN,Pharmacy outlet. Coordinates approximate for area. Operating
PF2776,EMIRATES INTERNATIONAL HOSPITAL PHARMACY - SOLE PROPRIETORSHIP L.L.C.,ALAIN,PHARMACY,UNKNOWN,Pharmacy outlet. Coordinates approximate for area. Operating
PF1198,RAFA PHARMACY ALAIN,ALAIN,PHARMACY,UNKNOWN,Pharmacy outlet. Coordinates approximate for area. Operating
PF5230,ASTER PHARMACIES GROUP L.L.C (BRANCH OF DUBAI) BRANCH OF ABU DHABI 12,ALAIN,PHARMACY,UNKNOWN,Pharmacy outlet. Coordinates approximate for area. Operating
PF5345,ASTER PHARMACIES GROUP L.L.C - BRANCH OF ABU DHABI 16,ALAIN,PHARMACY,UNKNOWN,Pharmacy outlet. Coordinates approximate for area. Operating
PF1461,AL AIN AL AHALIA PHARMACY,ALAIN,PHARMACY,UNKNOWN,Pharmacy outlet. Coordinates approximate for area. Operating
PF2791,NOOR AL AHLI PHARMACY L.L.C.,ALAIN,PHARMACY,UNKNOWN,Pharmacy outlet. Coordinates approximate for area. Operating
PF3158,MODERN PHARMACY L.L.C - BRANCH OF ABU DHABI 3,ALAIN,PHARMACY,UNKNOWN,Pharmacy outlet. Coordinates approximate for area. Operating
PF5259,AL RANEEN PHARMACY LLC,ALAIN,PHARMACY,UNKNOWN,Pharmacy outlet. Coordinates approximate for area. Operating
PF1278,NEDHAL PHARMACY L.L.C,ALAIN,PHARMACY,UNKNOWN,Pharmacy outlet. Coordinates approximate for area. Operating
PF4023,NEDHAL PHARMACY L.L.C-BRANCH,ALAIN,PHARMACY,UNKNOWN,Pharmacy outlet. Coordinates approximate for area. Operating
PF1459,FALAJ HAZZAA PHARMACY,ALAIN,PHARMACY,UNKNOWN,Pharmacy outlet. Coordinates approximate for area. Operating
PF1430,NEW MEDICAL CENTRE PHARMACY LTD(FORMERLY NEW MEDICAL CENTRE PHARMACY-L.L.C-ALAIN-NMC),ALAIN,PHARMACY,NMC,Pharmacy outlet. Coordinates approximate for area. Operating
PF5027,MARJAN MEDICAL CENTER PHARMACY - BRANCH,ALAIN,PHARMACY,UNKNOWN,Pharmacy outlet. Coordinates approximate for area. Operating
PF1547,LULU AL AIN PHARMACY LLC,ALAIN,PHARMACY,UNKNOWN,Pharmacy outlet. Coordinates approximate for area. Operating
PF1591,LULU AL AIN PHARMACY LLC BRANCH,ALAIN,PHARMACY,UNKNOWN,Pharmacy outlet. Coordinates approximate for area. Operating
PF1700,LULU ALFOAH PHARMACY LLC,ALAIN,PHARMACY,UNKNOWN,Pharmacy outlet. Coordinates approximate for area. Operating
PF5570,EMIRATES INTERNATIONAL HOSPITAL PHARMACY BRANCH SOLE PROPRIETORSHIP LLC,ALAIN,PHARMACY,UNKNOWN,Pharmacy outlet. Coordinates approximate for area. Operating
PF11771,AL SENAEYA PHARMACY,ALAIN,PHARMACY,UNKNOWN,Pharmacy outlet. Coordinates approximate for area. Operating
PF5434,MEDON OXYCARE PHARMACY - L.L.C - S.P.C,ALAIN,PHARMACY,UNKNOWN,Pharmacy outlet. Coordinates approximate for area. Operating
MF37,AL AAHED MEDICAL CENTRE - SOLE PROPRITERSHIP L.L.C.,ALAIN,CLINIC,UNKNOWN,Coordinates derived from area-level geocoding. Verify agains
MF3643,MEDSTAR CLINICS SANAIYA AL AIN - L.L.C - O.P.C,ALAIN,CLINIC,UNKNOWN,Coordinates derived from area-level geocoding. Verify agains
PF2576,MEDSTAR PHARMACY SANAIYA AL AIN - L.L.C - O.P.C,ALAIN,PHARMACY,UNKNOWN,Pharmacy outlet. Coordinates approximate for area. Operating
PF5488,IBN SINA PHARMACY - SOLE PROPRIETORSHIP L.L.C. - BRANCH,ALAIN,PHARMACY,UNKNOWN,Pharmacy outlet. Coordinates approximate for area. Operating
PF2600,IBN SINA PHARMACY SOLE PROPRIETORSHIP L.L.C - Branch 11,ALAIN,PHARMACY,UNKNOWN,Pharmacy outlet. Coordinates approximate for area. Operating
MF1413,ZIA MEDICAL CENTRE LLC,AUH,CLINIC,UNKNOWN,Coordinates derived from area-level geocoding. Verify agains
MF3125,PESHAWAR MEDICAL CENTRE LLC AUH,AUH,CLINIC,UNKNOWN,Coordinates derived from area-level geocoding. Verify agains
MF4664,SWAT MEDICAL POLY CLINIC,AUH,CLINIC,UNKNOWN,Coordinates derived from area-level geocoding. Verify agains
MF366,LAHORE MEDICAL CENTRE-SOLE PROPRIETORSHIP L.L.C,AUH,CLINIC,UNKNOWN,Coordinates derived from area-level geocoding. Verify agains
MF5116,BAB AL TEB MEDICAL CENTRE LLC-SOLE PROPRIETORSHIP L.L.C,AUH,CLINIC,UNKNOWN,Coordinates derived from area-level geocoding. Verify agains
MF4498,LLH MEDICAL CENTRE AL MUSAFFAH L.L.C,AUH,CLINIC,UNKNOWN,Coordinates derived from area-level geocoding. Verify agains
MF3983,LLH MEDICAL CENTRE L.L.C,AUH,CLINIC,UNKNOWN,Coordinates derived from area-level geocoding. Verify agains
MF4557,LLH MEDICAL CENTRE AL MUSAFFAH L.L.C - BRANCH 1,AUH,CLINIC,UNKNOWN,Coordinates derived from area-level geocoding. Verify agains
MF5312,LLH MEDICAL CENTRE AL MUSAFFAH L.L.C - BRANCH 3,AUH,CLINIC,UNKNOWN,Coordinates derived from area-level geocoding. Verify agains
MF4358,OCCU MED CLINIC L.L.C,AUH,CLINIC,UNKNOWN,Coordinates derived from area-level geocoding. Verify agains
MF5541,LIFECARE CLINIC L.L.C,AUH,CLINIC,UNKNOWN,Coordinates derived from area-level geocoding. Verify agains
MF5525,LIFECARE MEDICAL CENTER L.L.C,AUH,CLINIC,UNKNOWN,Coordinates derived from area-level geocoding. Verify agains
MF5661,LIFECARE CLINIC  L.L.C. - BRANCH,AUH,CLINIC,UNKNOWN,Coordinates derived from area-level geocoding. Verify agains
MF1740,TOP CARE MEDICAL CENTER,AUH,CLINIC,UNKNOWN,Coordinates derived from area-level geocoding. Verify agains
MF1012,SHAHEEN MEDICAL CENTRE,AUH,CLINIC,UNKNOWN,Coordinates derived from area-level geocoding. Verify agains
MF3244,KARACHI MEDICAL POLYCLINIC,AUH,CLINIC,UNKNOWN,Coordinates derived from area-level geocoding. Verify agains
MF1504,SARHAD MEDICAL CENTER,AUH,CLINIC,UNKNOWN,Coordinates derived from area-level geocoding. Verify agains
MF5241,SABA MEDICAL CENTER LLC,AUH,CLINIC,UNKNOWN,Coordinates derived from area-level geocoding. Verify agains
MF4742,RIGHT CHOICE MEDICAL CENTER,AUH,CLINIC,UNKNOWN,Coordinates derived from area-level geocoding. Verify agains
MF4684,GOLDEN HEALTH MEDICAL CENTER L.L.C,AUH,CLINIC,UNKNOWN,Coordinates derived from area-level geocoding. Verify agains
MF4842,EXPERT MEDICAL CLINIC  - SOLE PROPRIETORSHIP L.L.C,AUH,CLINIC,UNKNOWN,Coordinates derived from area-level geocoding. Verify agains
MF4843,TABIBAK MEDICAL CLINIC L.L.C,AUH,CLINIC,UNKNOWN,Coordinates derived from area-level geocoding. Verify agains
MF3931,MEDSTAR ICAD MEDICAL CENTER L.L.C,AUH,CLINIC,UNKNOWN,Coordinates derived from area-level geocoding. Verify agains
MF3744,NEW NATIONAL MEDICAL CENTRE LLC BRANCH 1,AUH,CLINIC,UNKNOWN,Coordinates derived from area-level geocoding. Verify agains
MF5245,NEW FAMOUS MEDICAL CENTER LLC-AUH,AUH,CLINIC,UNKNOWN,Coordinates derived from area-level geocoding. Verify agains
MF3501,MUBARAK MEDICAL CENTER - SOLE PROPRIETORSHIP L.L.C. - BRANCH,AUH,CLINIC,UNKNOWN,Coordinates derived from area-level geocoding. Verify agains
MF3528,MEDLINE MEDICAL CENTRE L.L.C.,AUH,CLINIC,UNKNOWN,Coordinates derived from area-level geocoding. Verify agains
MF3759,MAXIM MEDICAL CENTRE LLC,AUH,CLINIC,UNKNOWN,Coordinates derived from area-level geocoding. Verify agains
MF7196,M 26 MEDICAL CENTER,AUH,CLINIC,UNKNOWN,Coordinates derived from area-level geocoding. Verify agains
MF4186,INFINTI MEDICALCENTER LLC,AUH,CLINIC,UNKNOWN,Coordinates derived from area-level geocoding. Verify agains
MF4284,AL AFIA GHYATHI MEDICAL CENTRE LLC,AUH,CLINIC,UNKNOWN,Coordinates derived from area-level geocoding. Verify agains
MF1519,ABU SALMAN MEDICAL CENTRE LLC,AUH,CLINIC,UNKNOWN,Coordinates derived from area-level geocoding. Verify agains
MF113,AL NASEEM MEDICALCENTRE L.L.C,AUH,CLINIC,UNKNOWN,Coordinates derived from area-level geocoding. Verify agains
MF3781,AL QABAIL MEDICAL CENTRE L.L.C  L.L.C,AUH,CLINIC,UNKNOWN,Coordinates derived from area-level geocoding. Verify agains
MF475,PROVIDENCE INT'L MEDICAL AND COSMETIC CENTRE LLC,AUH,CLINIC,UNKNOWN,Coordinates derived from area-level geocoding. Verify agains
MF5350,BREEZE MEDICAL CENTRE LLC,AUH,CLINIC,UNKNOWN,Coordinates derived from area-level geocoding. Verify agains
MF2241,PRIME CARE MEDICAL CENTRE LLC,AUH,CLINIC,UNKNOWN,Coordinates derived from area-level geocoding. Verify agains
MF266,DR GUPTA MEDICAL CENTER LLC,AUH,CLINIC,UNKNOWN,Coordinates derived from area-level geocoding. Verify agains
MF4747,HIGH LIFE MEDICAL CENTER - SOLE PROPRIETORSHIP L.L.C,AUH,CLINIC,UNKNOWN,Coordinates derived from area-level geocoding. Verify agains
MF4832,HEALTH CLEAR MEDICAL CENTER LLC,AUH,CLINIC,UNKNOWN,Coordinates derived from area-level geocoding. Verify agains
MF4348,GOLDEN TULIP MEDICAL CENTRE LLC-OPC (FORMERLY GOLDEN TULIP MEDICAL CENTRE L.L.C),AUH,CLINIC,UNKNOWN,Coordinates derived from area-level geocoding. Verify agains
MF59,FREEDOM MEDICAL POLY CLINIC LLC,AUH,CLINIC,UNKNOWN,Coordinates derived from area-level geocoding. Verify agains
MF1068,COSMPOLITAN MEDICAL CENTRE - SOLE PROPRIETORSHIP LLC,AUH,CLINIC,UNKNOWN,Coordinates derived from area-level geocoding. Verify agains
MF4737,CARE POINT CLINIC L.L.C,AUH,CLINIC,UNKNOWN,Coordinates derived from area-level geocoding. Verify agains
MF5613,BLUE OCEAN MEDICAL CENTER - SOLE PROPRIETORSHIP L.L.C,AUH,CLINIC,UNKNOWN,Coordinates derived from area-level geocoding. Verify agains
MF4569,BAB AL MADINA MEDICAL CENTER L.L.C,AUH,CLINIC,UNKNOWN,Coordinates derived from area-level geocoding. Verify agains
MF924,NEW NATIONAL MEDICAL CENTRE,AUH,CLINIC,UNKNOWN,Coordinates derived from area-level geocoding. Verify agains
MF983,DAR AL SHIFA MEDICAL CENTRE ABUDHABI,AUH,CLINIC,Shifa/ADICO,"Coordinates approximate for Jurf 1, Industrial Area 3, Ajman"
MF1845,ASTER PRIMARY CARE LLC (ABU DHABI),AUH,CLINIC,UNKNOWN,Coordinates derived from area-level geocoding. Verify agains
MF151,AL WAHDA MEDICAL CENTRE,AUH,CLINIC,UNKNOWN,Coordinates derived from area-level geocoding. Verify agains
MF1140,LLH MEDICAL CENTER AL DHAFRA - LLC (FORMERLY HALA MEDICAL CENTRE-GHAYATHI),AUH,CLINIC,UNKNOWN,Coordinates derived from area-level geocoding. Verify agains
MF3296,AL DHAFRA MODERN MEDICAL CENTRE-BEDA ZAYED,AUH,CLINIC,UNKNOWN,Coordinates derived from area-level geocoding. Verify agains
MF3779,EXPRESS GHAYATHI MEDICAL CENTRE - L.L.C - O.P.C(FORMERLY EXPRESS GHAYATHI CLINIC-AL DHAFRA),AUH,CLINIC,UNKNOWN,Coordinates derived from area-level geocoding. Verify agains
MF42,AL AMAL MEDICAL CENTRE L.L.C,AUH,CLINIC,UNKNOWN,Coordinates derived from area-level geocoding. Verify agains
MF674,BANIYAS ALAHLI MEDICAL CENTRE LLC,AUH,CLINIC,UNKNOWN,Coordinates derived from area-level geocoding. Verify agains
MF4729,STAR AL AHALIA MEDICAL CENTER L.L.C.,AUH,CLINIC,UNKNOWN,Coordinates derived from area-level geocoding. Verify agains
MF3136,EASTERN ALAHILI MEDICAL CENTER - SOLE PROPRIETORSHIP L.L.C.,AUH,CLINIC,UNKNOWN,Coordinates derived from area-level geocoding. Verify agains
MF4705,NOOR ALAHLI MEDICAL CENTER L.L.C. - BRANCH 1,AUH,CLINIC,UNKNOWN,Coordinates derived from area-level geocoding. Verify agains
MF4851,NOOR ALAHLI MEDICAL CENTER L.L.C. - BRANCH 2,AUH,CLINIC,UNKNOWN,Coordinates derived from area-level geocoding. Verify agains
MF4850,NOOR ALAHLI MEDICAL CENTER L.L.C. - BRANCH 3,AUH,CLINIC,UNKNOWN,Coordinates derived from area-level geocoding. Verify agains
MF4926,NOOR ALAHLI MEDICAL CENTER L.L.C. - BRANCH 4,AUH,CLINIC,UNKNOWN,Coordinates derived from area-level geocoding. Verify agains
MF5121,NOOR ALAHLI MEDICAL CENTER L.L.C. - BRANCH 6,AUH,CLINIC,UNKNOWN,Coordinates derived from area-level geocoding. Verify agains
MF405,OASIS MEDICAL CENTRE L.L.C.,AUH,CLINIC,UNKNOWN,Coordinates derived from area-level geocoding. Verify agains
MF4552,OASIS MEDICAL CENTRE L.L.C. - BRANCH 1,AUH,CLINIC,UNKNOWN,Coordinates derived from area-level geocoding. Verify agains
MF4695,WESTERN TOWERS AL AHLIA MEDICAL CENTER L.L.C.,AUH,CLINIC,UNKNOWN,Coordinates derived from area-level geocoding. Verify agains
MF2580,ADNOC TECHNICIAL INSTITUTE CLINIC - ATI,AUH,CLINIC,UNKNOWN,Coordinates derived from area-level geocoding. Verify agains
MF2578,SHEIKH KHALIFA ENERGY CLINIC-ADNOC,AUH,CLINIC,UNKNOWN,Coordinates derived from area-level geocoding. Verify agains
MF1963,ABU DHABI REFINERY CLINIC,AUH,CLINIC,UNKNOWN,Coordinates derived from area-level geocoding. Verify agains
MF1497,ADNOC ONSHORE MEDICAL CENTRE,AUH,CLINIC,UNKNOWN,Coordinates derived from area-level geocoding. Verify agains
MF4942,ADNOC HQ CLINIC,AUH,CLINIC,UNKNOWN,Coordinates derived from area-level geocoding. Verify agains
MF3545,QUSAHWIRA MEDICAL CENTER,AUH,CLINIC,UNKNOWN,Coordinates derived from area-level geocoding. Verify agains
MF5591,SHAH AL HOSN PLQ CLINIC,AUH,CLINIC,UNKNOWN,Coordinates derived from area-level geocoding. Verify agains
MF1166,DAS MEDICAL CENTER,AUH,CLINIC,UNKNOWN,Coordinates derived from area-level geocoding. Verify agains
MF2291,ZIRKU MEDICAL CENTER,AUH,CLINIC,UNKNOWN,Coordinates derived from area-level geocoding. Verify agains
MF2289,UPPER ZAKUM CLINIC,AUH,CLINIC,UNKNOWN,Coordinates derived from area-level geocoding. Verify agains
MF2292,ARZANAH CLINIC,AUH,CLINIC,UNKNOWN,Coordinates derived from area-level geocoding. Verify agains
MF2290,UMM AL DAKH CLINIC,AUH,CLINIC,UNKNOWN,Coordinates derived from area-level geocoding. Verify agains
MF3571,ALSSEIFIYA ISLAND CLINIC,AUH,CLINIC,UNKNOWN,Coordinates derived from area-level geocoding. Verify agains
MF3830,ATTOUK ISLAND CLINIC,AUH,CLINIC,UNKNOWN,Coordinates derived from area-level geocoding. Verify agains
MF4277,WEST ISLAND CLINIC,AUH,CLINIC,UNKNOWN,Coordinates derived from area-level geocoding. Verify agains
MF4182,AL GHALLAN ISLAND CLINIC,AUH,CLINIC,UNKNOWN,Coordinates derived from area-level geocoding. Verify agains
MF4550,ALQATIA ISLAND CLINIC,AUH,CLINIC,UNKNOWN,Coordinates derived from area-level geocoding. Verify agains
MF4570,BUSIKEEN ISLAND CLINIC,AUH,CLINIC,UNKNOWN,Coordinates derived from area-level geocoding. Verify agains
MF5581,UMM SHAIF FIELD CLINIC,AUH,CLINIC,UNKNOWN,Coordinates derived from area-level geocoding. Verify agains
MF5635,ZAKUM WEST SUPER COMPLEX CLINIC,AUH,CLINIC,UNKNOWN,Coordinates derived from area-level geocoding. Verify agains
MF5670,AL NASR FIELD CLINIC,AUH,CLINIC,UNKNOWN,Coordinates derived from area-level geocoding. Verify agains
MF5674,UMM AL LULU CLINIC,AUH,CLINIC,UNKNOWN,Coordinates derived from area-level geocoding. Verify agains
MF2582,SHAH GENERAL CLINIC,AUH,CLINIC,UNKNOWN,Coordinates derived from area-level geocoding. Verify agains
MF3044,SAHEL  CLINIC,AUH,CLINIC,UNKNOWN,Coordinates derived from area-level geocoding. Verify agains
MF2336,BUHASA MEDICAL CENTER,AUH,CLINIC,UNKNOWN,Coordinates derived from area-level geocoding. Verify agains
MF2334,DABBAYIA CLINIC,AUH,CLINIC,UNKNOWN,Coordinates derived from area-level geocoding. Verify agains
MF2333,HABSHAN MEDICAL CENTER,AUH,CLINIC,UNKNOWN,Coordinates derived from area-level geocoding. Verify agains
MF2335,ASAB MEDICAL CENTER,AUH,CLINIC,UNKNOWN,Coordinates derived from area-level geocoding. Verify agains
MF3149,BIDA AL OSHANAH CLINIC,AUH,CLINIC,UNKNOWN,Coordinates derived from area-level geocoding. Verify agains
MF1103,ADAM & EVE SPECIALIZED MEDICAL CENTRE L.L.C,AUH,CLINIC,UNKNOWN,Coordinates derived from area-level geocoding. Verify agains
MF5163,ADAM & EVE SPECIALIZED MEDICAL CENTRE L.L.C. - BRANCH,AUH,CLINIC,UNKNOWN,Coordinates derived from area-level geocoding. Verify agains
MF3037,DOCTOR ATIQUR RAHMAN POLYCLINIC LLC,AUH,CLINIC,UNKNOWN,Coordinates derived from area-level geocoding. Verify agains
MF7522,GROW AND GLOW MEDCLINIC- SOLE PROPRIERTORSHIP LLC,AUH,CLINIC,UNKNOWN,Coordinates derived from area-level geocoding. Verify agains
MF7401,A B C PLUS MEDICAL CENTER,AUH,CLINIC,UNKNOWN,Coordinates derived from area-level geocoding. Verify agains
MF187,BASEL MEDICAL CENTRE LLC,AUH,CLINIC,UNKNOWN,Coordinates derived from area-level geocoding. Verify agains
MF1798,HOME HEALTH MEDICAL CENTRE LLC,AUH,CLINIC,UNKNOWN,Coordinates derived from area-level geocoding. Verify agains
MF335,MARIAM MEDICAL CENTER LLC,AUH,CLINIC,UNKNOWN,Coordinates derived from area-level geocoding. Verify agains
MF4907,HEALTH TIME MEDICAL CENTRE - SOLE PROPRIETORSHIP L.L.C,AUH,CLINIC,UNKNOWN,Coordinates derived from area-level geocoding. Verify agains
MF7186,APEX MEDICAL CENTRE L.L.C,AUH,CLINIC,UNKNOWN,Coordinates derived from area-level geocoding. Verify agains
MF4961,INDUS MEDICAL CENTRE LLC,AUH,CLINIC,UNKNOWN,Coordinates derived from area-level geocoding. Verify agains
MF87,AL KAMAL MEDICAL POLY CLINICS-L.L.C- S.P.C (FORMERLY AL KAMAL MEDICAL POLYCLINICS-LLC),AUH,CLINIC,UNKNOWN,Coordinates derived from area-level geocoding. Verify agains
MF4242,EVER CARE MEDICAL CENTER,AUH,CLINIC,UNKNOWN,Coordinates derived from area-level geocoding. Verify agains
MF3918,EMERALD MEDICAL CENTRE LLC,AUH,CLINIC,UNKNOWN,Coordinates derived from area-level geocoding. Verify agains
MF4598,HOPE MEDICAL CENTER L.L.C,AUH,CLINIC,UNKNOWN,Coordinates derived from area-level geocoding. Verify agains
MF660,MODERN CENTER,AUH,CLINIC,UNKNOWN,Coordinates derived from area-level geocoding. Verify agains
MF4019,RAHMATH SILA CLINIC,AUH,CLINIC,UNKNOWN,Coordinates derived from area-level geocoding. Verify agains
MF1903,SPECIALIZED DENTAL AND ORTHODONTIC CENTER,AUH,CLINIC,UNKNOWN,Coordinates derived from area-level geocoding. Verify agains
MF4438,PATTAYA MEDICAL CENTRE L.L.C,AUH,CLINIC,UNKNOWN,Coordinates derived from area-level geocoding. Verify agains
MF3578,SAHARA MEDICAL CENTER L.L.C,AUH,CLINIC,UNKNOWN,Coordinates derived from area-level geocoding. Verify agains
MF7228,LIFECARE CLINIC L.L.C. - BRANCH,AUH,CLINIC,UNKNOWN,Coordinates derived from area-level geocoding. Verify agains
MF5745,LLH CLINIC L.L.C,AUH,CLINIC,UNKNOWN,Coordinates derived from area-level geocoding. Verify agains
MF7673,LLH CLINIC L.L.C. - BRANCH,AUH,CLINIC,UNKNOWN,Coordinates derived from area-level geocoding. Verify agains
MF4950,HIRMAS REAL ESTATE LLC,AUH,CLINIC,UNKNOWN,Coordinates derived from area-level geocoding. Verify agains
MF3217,TIME CURE MEDICAL CENTER - SOLE PROPRIETORSHIP LLC,AUH,CLINIC,UNKNOWN,Coordinates derived from area-level geocoding. Verify agains
MF3335,NMC ROYAL FAMILY MEDICAL CENTRE LTD(FORMERLY NMC ROYAL FAMILY MEDICAL CENTRE L.L.C.),AUH,CLINIC,NMC (Healthcare Network),"Coordinates verified for Al Nuaymia area, Ajman. NMC Healthc"
MF4286,N M C ROYAL MEDICAL CENTRE LTD(FORMERLY NMC ROYAL MEDICAL CENTRE L.L.C),AUH,CLINIC,NMC (Healthcare Network),"Coordinates verified for Al Nuaymia area, Ajman. NMC Healthc"
MF5221,N M C ROYAL MEDICAL CENTRE LTD,AUH,CLINIC,UNKNOWN,Coordinates derived from area-level geocoding. Verify agains
MF5303,NMC ROYAL MEDICAL CENTRE LTD,AUH,CLINIC,NMC (Healthcare Network),"Coordinates verified for Al Nuaymia area, Ajman. NMC Healthc"
MF1976,OXFORD MEDICAL CENTER L.L.C,AUH,CLINIC,UNKNOWN,Coordinates derived from area-level geocoding. Verify agains
MF339,MEDICAL SPECIALITY CENTRE L.L.C,AUH,CLINIC,UNKNOWN,Coordinates derived from area-level geocoding. Verify agains
MF4048,MESK ALMADINA MEDICAL CENTRE LLC,AUH,CLINIC,UNKNOWN,Coordinates derived from area-level geocoding. Verify agains
MF572,ALPHA MEDICAL CENTRE L.L.C,AUH,CLINIC,UNKNOWN,Coordinates derived from area-level geocoding. Verify agains
MF605,GOLDEN SANDS MEDICAL CENTRE L.L.C,AUH,CLINIC,UNKNOWN,Coordinates derived from area-level geocoding. Verify agains
MF1026,APOLLO MEDICAL CENTRE SOLE PROPRIETORSHIP LLC,AUH,CLINIC,UNKNOWN,Coordinates derived from area-level geocoding. Verify agains
MF304,GOLDEN CURE MEDICAL CENTRE - SOLE PROPRIETORSHIP L.L.C,AUH,CLINIC,UNKNOWN,Coordinates derived from area-level geocoding. Verify agains
MF7029,HEALTH GO MEDICAL CENTER LLC,AUH,CLINIC,UNKNOWN,Coordinates derived from area-level geocoding. Verify agains
MF3043,WAZIRUSTAN MEDICAL CENTRE - L.L.C - O.P.C,AUH,CLINIC,UNKNOWN,Coordinates derived from area-level geocoding. Verify agains
MF168,ANSARI MEDICAL CENTRE - L.L.C - O.P.C,AUH,CLINIC,UNKNOWN,Coordinates derived from area-level geocoding. Verify agains
MF287,AL ITTIHAD MEDICAL CENTRE SOLE PROPRETIERSHIP LLC,AUH,CLINIC,UNKNOWN,Coordinates derived from area-level geocoding. Verify agains
MF7849,ARCHITECT CLINIC LLC OPC,AUH,CLINIC,UNKNOWN,Coordinates derived from area-level geocoding. Verify agains
MF7218,MAX CURE MEDICAL CARE CENTER-L.L.C,AUH,CLINIC,UNKNOWN,Coordinates derived from area-level geocoding. Verify agains
MF3666,MEDLUX MEDICAL CENTER L.L.C,AUH,CLINIC,UNKNOWN,Coordinates derived from area-level geocoding. Verify agains
MF5117,MARJAN MEDICAL CENTER,AUH,CLINIC,UNKNOWN,Coordinates derived from area-level geocoding. Verify agains
MF4357,ROYAL INTERNATIONAL MEDICAL CENTER - SOLE PROPRIETORSHIP L.L.C.,AUH,CLINIC,UNKNOWN,Coordinates derived from area-level geocoding. Verify agains
MF1992,GULF INTERNATIONAL CANCER CENTER ,AUH,CLINIC,UNKNOWN,Coordinates derived from area-level geocoding. Verify agains
MF198,CENTRAL CLINIC L.L.C,AUH,CLINIC,UNKNOWN,Coordinates derived from area-level geocoding. Verify agains
MF7348,SHARMIN AKTER MEDICAL CENTER LLC,AUH,CLINIC,UNKNOWN,Coordinates derived from area-level geocoding. Verify agains
MF670,DR SABAH AL SAKBAN MEDICAL CLINIC - L.L.C - S.P.C,AUH,CLINIC,UNKNOWN,Coordinates derived from area-level geocoding. Verify agains
MF1242,BASHIRA SPECIALIZED MEDICAL CLINIC - L.L.C - S.P.C,AUH,CLINIC,UNKNOWN,Coordinates derived from area-level geocoding. Verify agains
MF7828,LLH CLINIC L.L.C - BRANCH,AUH,CLINIC,UNKNOWN,Coordinates derived from area-level geocoding. Verify agains
MF8037,LIFECARE CLINIC LLC BRANCH,AUH,CLINIC,UNKNOWN,Coordinates derived from area-level geocoding. Verify agains
MF1913,MEDEOR MEDICAL CENTRE - L.L.C,AUH,CLINIC,UNKNOWN,Coordinates derived from area-level geocoding. Verify agains
MF4530,LLH OASIS MEDICAL CENTRE L.L.C,AUH,CLINIC,UNKNOWN,Coordinates derived from area-level geocoding. Verify agains
MF1046,AMERICAN CRESCENT HEALTH CARE CENTRE- SOLE PROPRIETRSHIP L.L.C,AUH,CLINIC,UNKNOWN,Coordinates derived from area-level geocoding. Verify agains
MF4652,HEALTHSHADES MEDICAL CENTRE L.L.C,AUH,CLINIC,UNKNOWN,Coordinates derived from area-level geocoding. Verify agains
MF4777,EXCELLENT MEDICAL CENTER - SOLE PROPRIETORSHIP L.L.C,AUH,CLINIC,UNKNOWN,Coordinates derived from area-level geocoding. Verify agains
MF4264,HOLISTIC MEDICAL CENTRE - SOLE PROPRIETORSHIP L.L.C.,AUH,CLINIC,UNKNOWN,Coordinates derived from area-level geocoding. Verify agains
MF7678,ABU AL BUKHOOSH CLINIC,AUH,CLINIC,UNKNOWN,Coordinates derived from area-level geocoding. Verify agains
MF7154,ADC TARIF CENTRAL CAMP CLINIC,AUH,CLINIC,UNKNOWN,Coordinates derived from area-level geocoding. Verify agains
MF7754,ADNOC OFFSHORE HQ CLINIC,AUH,CLINIC,UNKNOWN,Coordinates derived from area-level geocoding. Verify agains
MF8245,ALLIANZ INSTALLER CLINIC,AUH,CLINIC,UNKNOWN,Coordinates derived from area-level geocoding. Verify agains
MF7999,ALLIANZ INTREPID CLINIC,AUH,CLINIC,UNKNOWN,Coordinates derived from area-level geocoding. Verify agains
MF7998,NSC FORTUNE / ADNOC AB01 CLINIC,AUH,CLINIC,UNKNOWN,Coordinates derived from area-level geocoding. Verify agains
MF5580,UMM SHAIF PLATFORM CLINIC,AUH,CLINIC,UNKNOWN,Coordinates derived from area-level geocoding. Verify agains
MF3632,KHYBER MEDICAL CENTER,AUH,CLINIC,UNKNOWN,Coordinates derived from area-level geocoding. Verify agains
MF44,AL AMEEN MEDICAL CENTRE L.L.C,AUH,CLINIC,UNKNOWN,Coordinates derived from area-level geocoding. Verify agains
MF4058,AL AMEEN MEDICAL CENTRE L.L.C BRANCH 1,AUH,CLINIC,UNKNOWN,Coordinates derived from area-level geocoding. Verify agains
MF4775,FAMOUS MEDICAL CENTRE - SOLE PROPRIETORSHIP L.L.C.,AUH,CLINIC,UNKNOWN,Coordinates derived from area-level geocoding. Verify agains
MF1732,LOTUS HOLISTIC ALTERNATIVE MEDICAL CENTER,AUH,CLINIC,UNKNOWN,Coordinates derived from area-level geocoding. Verify agains
MF146,CONSULTANTS MEDICAL CENTRE - L.L.C - S.P.C,AUH,CLINIC,UNKNOWN,Coordinates derived from area-level geocoding. Verify agains
MF3818,ISHTAR MEDICAL CENTRE L.L.C,AUH,CLINIC,UNKNOWN,Coordinates derived from area-level geocoding. Verify agains
MF473,TAHA MEDICAL CENTRE L.L.C,AUH,CLINIC,UNKNOWN,Coordinates derived from area-level geocoding. Verify agains
MF5704,DRONCALL LTD,AUH,CLINIC,UNKNOWN,Coordinates derived from area-level geocoding. Verify agains
MF8293,GOLDEN HEALTH MEDICAL CENTER - L.L.C - S.P.C - BRANCH,AUH,CLINIC,UNKNOWN,Coordinates derived from area-level geocoding. Verify agains
MF7479,ELITECARE MEDICAL CENTRE-SOLE PROPRIETORSHIP L.L.C,AUH,CLINIC,UNKNOWN,Coordinates derived from area-level geocoding. Verify agains
MF7880,LLH MEDICAL CENTRE AL NOUD - L.L.C,AUH,CLINIC,UNKNOWN,Coordinates derived from area-level geocoding. Verify agains
MF4715,UNIQUE ALAHALIA OPHTHALMOLOGY ONE DAY SURGERY MEDICAL CENTER L.L.C.,AUH,DAYCARE,UNKNOWN,Coordinates derived from area-level geocoding. Verify agains
MF3135,HEART BEAT MEDICAL CENTER & ONE DAY SURGERY LLC,AUH,DAYCARE,UNKNOWN,Coordinates derived from area-level geocoding. Verify agains
MF5742,CROWN HOSPITAL ONE DAY SURGERY - SOLE PROPRIETORSHIP L.L.C.,AUH,DAYCARE,UNKNOWN,Coordinates derived from area-level geocoding. Verify agains
MF4099,IDEAL CLINICAL LABORATORIES-AUH,AUH,DIAGNOSTIC CENTRE,UNKNOWN,Coordinates derived from area-level geocoding. Verify agains
MF215,DAR AL MOUASAH DIAGNOSTIC CENTRE LLC,AUH,DIAGNOSTIC CENTRE,UNKNOWN,Coordinates derived from area-level geocoding. Verify agains
MF771,LIFE MEDICAL DIAGNOSTICS LLC,AUH,DIAGNOSTIC CENTRE,UNKNOWN,Coordinates derived from area-level geocoding. Verify agains
MF4977,ACCURACY PLUS MEDICAL LABORATORY L.L.C,AUH,DIAGNOSTIC CENTRE,UNKNOWN,Coordinates derived from area-level geocoding. Verify agains
MF1227,AL BORG DIAGONOSTIC CENTRE FOR LABORATORIES L.L.C,AUH,DIAGNOSTIC CENTRE,UNKNOWN,Coordinates derived from area-level geocoding. Verify agains
MF3060,PROFICIENCY HEALTHCARE DIAGNOSTIC LABORATORIES L.L.C,AUH,DIAGNOSTIC CENTRE,UNKNOWN,Coordinates derived from area-level geocoding. Verify agains
MF7456,SANIMED INTERNATIONAL LAB AND MANAGEMENT L.L.C,AUH,DIAGNOSTIC CENTRE,UNKNOWN,Coordinates derived from area-level geocoding. Verify agains
MF2222,LLH HOSPITAL AL MUSAFFAH L.L.C,AUH,HOSPITAL,UNKNOWN,Hospital facility with emergency services. Coordinates verif
MF1954,LLH HOSPITAL L.L.C,AUH,HOSPITAL,UNKNOWN,Hospital facility with emergency services. Coordinates verif
MF2420,LIFECARE HOSPITAL LLC - BRANCH 1,AUH,HOSPITAL,UNKNOWN,Hospital facility with emergency services. Coordinates verif
MF2349,LIFECARE HOSPITAL L.L.C.,AUH,HOSPITAL,UNKNOWN,Hospital facility with emergency services. Coordinates verif
MF2482,PHOENIX HOSPITAL L.L.C.,AUH,HOSPITAL,UNKNOWN,Hospital facility with emergency services. Coordinates verif
MF4838,MILLENNIUM HOSPITAL L.L.C.,AUH,HOSPITAL,UNKNOWN,Hospital facility with emergency services. Coordinates verif
MF23,AL AHLI HOSPITAL COMPANY L L C,AUH,HOSPITAL,UNKNOWN,Hospital facility with emergency services. Coordinates verif
MF3107,AL AHLI HOSPITAL COMPANY L L C - BRANCH 1,AUH,HOSPITAL,UNKNOWN,Hospital facility with emergency services. Coordinates verif
MF439,AL DHANNAH HOSPITAL,AUH,HOSPITAL,UNKNOWN,Hospital facility with emergency services. Coordinates verif
MF3976,MEDEOR 24X7 HOSPITAL LLC (ABUDHABI),AUH,HOSPITAL,UNKNOWN,Hospital facility with emergency services. Coordinates verif
MF394,N M C SPECIALTY HOSPITAL LTD (FORMERLY NMC SPECIALTY HOSPITAL - LLC),AUH,HOSPITAL,NMC,Hospital facility with emergency services. Coordinates verif
MF2257,BAREEN INTERNATIONAL HOSPITAL,AUH,HOSPITAL,UNKNOWN,Hospital facility with emergency services. Coordinates verif
MF7198,DAS HOSPITAL,AUH,HOSPITAL,UNKNOWN,Hospital facility with emergency services. Coordinates verif
MF772,NATIONAL HOSPITAL - SOLE PROPRIETORSHIP L.L.C.,AUH,HOSPITAL,UNKNOWN,Hospital facility with emergency services. Coordinates verif
PF5125,AL KHAZNA HEALTH PHARMACY,AUH,PHARMACY,UNKNOWN,Pharmacy outlet. Coordinates approximate for area. Operating
PF1460,BANGASH PHARMACY,AUH,PHARMACY,UNKNOWN,Pharmacy outlet. Coordinates approximate for area. Operating
PF1405,KHYBER PHARMACY,AUH,PHARMACY,UNKNOWN,Pharmacy outlet. Coordinates approximate for area. Operating
PF2898,BAB AL MADINA PHARMACY,AUH,PHARMACY,UNKNOWN,Pharmacy outlet. Coordinates approximate for area. Operating
PF1347,AL ZIA PHARMACY LLC,AUH,PHARMACY,UNKNOWN,Pharmacy outlet. Coordinates approximate for area. Operating
PF1402,LAHORE PHARMACY LLC,AUH,PHARMACY,UNKNOWN,Pharmacy outlet. Coordinates approximate for area. Operating
PF2878,SWAT PHARMACY,AUH,PHARMACY,UNKNOWN,Pharmacy outlet. Coordinates approximate for area. Operating
PF3054,BAB AL TEB PHARMACY LLC-SOLE PROPRIETORSHIP L.L.C,AUH,PHARMACY,UNKNOWN,Pharmacy outlet. Coordinates approximate for area. Operating
PF3104,LLH PHARMACY ALMUSAFFAH L.L.C,AUH,PHARMACY,UNKNOWN,Pharmacy outlet. Coordinates approximate for area. Operating
PF3193,LIFE CARE INTERNATIONAL PHARMACY L.L.C- BRANCH,AUH,PHARMACY,UNKNOWN,Pharmacy outlet. Coordinates approximate for area. Operating
PF1506,LLH HOSPITAL PHARMACY AL MUSAFFAH,AUH,PHARMACY,UNKNOWN,Pharmacy outlet. Coordinates approximate for area. Operating
PF1432,LLH HOSPITAL PHARMACY L.L.C,AUH,PHARMACY,UNKNOWN,Pharmacy outlet. Coordinates approximate for area. Operating
PF2592,BURJEEL RETAIL PHARMACY HAMDAN STREET - L.L.C (FORMERLY LLH PHARMACY LLC),AUH,PHARMACY,UNKNOWN,Pharmacy outlet. Coordinates approximate for area. Operating
PF1762,LIFE CARE INTERNATIONAL PHARMACY L.L.C.,AUH,PHARMACY,UNKNOWN,Pharmacy outlet. Coordinates approximate for area. Operating
PF2581,LIFE CARE INTERNATIONAL PHARMACY LLC - BRANCH 1,AUH,PHARMACY,UNKNOWN,Pharmacy outlet. Coordinates approximate for area. Operating
PF2702,TOPCARE PHARMACY BRANCH-1,AUH,PHARMACY,UNKNOWN,Pharmacy outlet. Coordinates approximate for area. Operating
PF1371,TOPCARE PHARMACY,AUH,PHARMACY,UNKNOWN,Pharmacy outlet. Coordinates approximate for area. Operating
PF2951,AL BAHAR AL AHMAR PHARMACY,AUH,PHARMACY,UNKNOWN,Pharmacy outlet. Coordinates approximate for area. Operating
PF1317,MANSOUR PHARMACY ABU DHABI,AUH,PHARMACY,UNKNOWN,Pharmacy outlet. Coordinates approximate for area. Operating
PF1725,MANSOUR PHARMACY BRANCH 1,AUH,PHARMACY,UNKNOWN,Pharmacy outlet. Coordinates approximate for area. Operating
PF2673,SARHAD PHARMACY,AUH,PHARMACY,UNKNOWN,Pharmacy outlet. Coordinates approximate for area. Operating
PF3165,SABA PHARMACY LLC,AUH,PHARMACY,UNKNOWN,Pharmacy outlet. Coordinates approximate for area. Operating
PF5279,RIGHT CHOICE HEALTH PHARMACY,AUH,PHARMACY,UNKNOWN,Pharmacy outlet. Coordinates approximate for area. Operating
PF2710,MEDSTAR PHARMACY ICAD RESIDENTIAL LLC,AUH,PHARMACY,UNKNOWN,Pharmacy outlet. Coordinates approximate for area. Operating
PF2882,GOLDEN HEALTH PHARMACY L.L.C.,AUH,PHARMACY,UNKNOWN,Pharmacy outlet. Coordinates approximate for area. Operating
PF2970,EXPERT PHARMACY LLC,AUH,PHARMACY,UNKNOWN,Pharmacy outlet. Coordinates approximate for area. Operating
PF1144,MEDSTAR HAMDAN PHARMACY L.L.C,AUH,PHARMACY,UNKNOWN,Pharmacy outlet. Coordinates approximate for area. Operating
PF5208,NEW NATIONAL MEDICAL CENTRE PHARMACY LLC BRANCH 1,AUH,PHARMACY,UNKNOWN,Pharmacy outlet. Coordinates approximate for area. Operating
PF2977,FAMOUS PHARMACY LLC-AUH,AUH,PHARMACY,UNKNOWN,Pharmacy outlet. Coordinates approximate for area. Operating
PF1721,MUBARAK PHARMACY - SOLE PROPRIETORSHIP L.L.C. - BRANCH,AUH,PHARMACY,UNKNOWN,Pharmacy outlet. Coordinates approximate for area. Operating
PF1766,MEDLINE PHARMACY L.L.C,AUH,PHARMACY,UNKNOWN,Pharmacy outlet. Coordinates approximate for area. Operating
PF5285,MAXIMPHARMACY SOLE PROPRIETORSHIP LLC,AUH,PHARMACY,UNKNOWN,Pharmacy outlet. Coordinates approximate for area. Operating
PF5040,M 26  PHARMACY,AUH,PHARMACY,UNKNOWN,Pharmacy outlet. Coordinates approximate for area. Operating
PF1755,AL ANQOOD PHARMACY,AUH,PHARMACY,UNKNOWN,Pharmacy outlet. Coordinates approximate for area. Operating
PF3110,FALCON PHARMACY LLC,AUH,PHARMACY,UNKNOWN,Pharmacy outlet. Coordinates approximate for area. Operating
PF2595,EXPRESS GHAYATHI PHARMACY,AUH,PHARMACY,UNKNOWN,Pharmacy outlet. Coordinates approximate for area. Operating
PF5268,PUBLIC LIFE PHARMACY L.L.C,AUH,PHARMACY,UNKNOWN,Pharmacy outlet. Coordinates approximate for area. Operating
PF2959,UNIQUE CARE PHARMACY,AUH,PHARMACY,UNKNOWN,Pharmacy outlet. Coordinates approximate for area. Operating
PF2813,GOLDEN TULIP PHARMACY LLC-OPC (FORMERLY GOLDEN TULIP PHARMACY L.L.C),AUH,PHARMACY,UNKNOWN,Pharmacy outlet. Coordinates approximate for area. Operating
PF2847,HEALTH POINT PHARMACY L.L.C.,AUH,PHARMACY,UNKNOWN,Pharmacy outlet. Coordinates approximate for area. Operating
PF4055,NEXTHEALTH PHARMACY - SOLE PROPRIETORSHIP LLC,AUH,PHARMACY,UNKNOWN,Pharmacy outlet. Coordinates approximate for area. Operating
PF2783,MEDI CURE PHARMACY L.L.C,AUH,PHARMACY,UNKNOWN,Pharmacy outlet. Coordinates approximate for area. Operating
PF5044,LIRA PHARMACY L.L.C,AUH,PHARMACY,UNKNOWN,Pharmacy outlet. Coordinates approximate for area. Operating
PF3065,BLUE OCEAN PHARMACY - SOLE PROPRIETORSHIP L.L.C,AUH,PHARMACY,UNKNOWN,Pharmacy outlet. Coordinates approximate for area. Operating
PF1306,NEW NATIONAL MEDICAL CENTRE PHARMACY,AUH,PHARMACY,UNKNOWN,Pharmacy outlet. Coordinates approximate for area. Operating
PF2728,ASTER PHARMACIES GROUP LLC- BRANCH OF ABU DHABI 1,AUH,PHARMACY,UNKNOWN,Pharmacy outlet. Coordinates approximate for area. Operating
PF2842,ASTER PHARMACIES GROUP L.L.C-BRANCH OF ABU DHABI -5,AUH,PHARMACY,UNKNOWN,Pharmacy outlet. Coordinates approximate for area. Operating
PF2745,ASTER PHARMACIES GROUP LLC- BRANCH OF ABU DHABI 3,AUH,PHARMACY,UNKNOWN,Pharmacy outlet. Coordinates approximate for area. Operating
PF3004,ASTER PHARMACIES GROUP L.L.C- BRANCH OF ABU DHABI 8,AUH,PHARMACY,UNKNOWN,Pharmacy outlet. Coordinates approximate for area. Operating
PF2723,ASTER PHARMACIES GROUP LLC- BRANCH OF ABU DHABI 2,AUH,PHARMACY,UNKNOWN,Pharmacy outlet. Coordinates approximate for area. Operating
PF1574,MODERN DAR AL SHIFA PHARMACY - MUSAFFAH  BR.,AUH,PHARMACY,Shifa/ADICO,Pharmacy outlet. Coordinates approximate for area. Operating
PF1304,ASTER MODERN DAR AL SHIFA PHARMACY,AUH,PHARMACY,Shifa/ADICO,Pharmacy outlet. Coordinates approximate for area. Operating
PF1436,ASTER PHARMACY LLC,AUH,PHARMACY,UNKNOWN,Pharmacy outlet. Coordinates approximate for area. Operating
PF2860,ASTER PHARMACIES GROUP L.L.C- BRANCH OF ABU DHABI 6,AUH,PHARMACY,UNKNOWN,Pharmacy outlet. Coordinates approximate for area. Operating
PF2841,ASTER PHARMACIES GROUP  LLC- BRANCH OF ABUDHABI 4,AUH,PHARMACY,UNKNOWN,Pharmacy outlet. Coordinates approximate for area. Operating
PF3031,ASTER PHARMACIES GROUP L.L.C- BRANCH OF ABU DHABI 7,AUH,PHARMACY,UNKNOWN,Pharmacy outlet. Coordinates approximate for area. Operating
PF5146,ASTER PHARMACIES GROUP L.L.C BRANCH ABU DHABI 10,AUH,PHARMACY,UNKNOWN,Pharmacy outlet. Coordinates approximate for area. Operating
PF5185,ASTER PHARMACIES GROUP L.L.C  ABU DHABI BRANCH 11,AUH,PHARMACY,UNKNOWN,Pharmacy outlet. Coordinates approximate for area. Operating
PF5147,ASTER PHARMACIES GROUP L.L.C BRANCH OF ABU DHABI 9,AUH,PHARMACY,UNKNOWN,Pharmacy outlet. Coordinates approximate for area. Operating
PF5284,ASTER PHARMACIES GROUP L.L.C - ABU DHABI BRANCH 15,AUH,PHARMACY,UNKNOWN,Pharmacy outlet. Coordinates approximate for area. Operating
PF5281,ASTER PHARMACIES GROUP L.L.C - BRANCH OF ABU DHABI 14,AUH,PHARMACY,UNKNOWN,Pharmacy outlet. Coordinates approximate for area. Operating
PF5274,ASTER PHARMACIES GROUP LLC BRANCH  ABUDHABI 13,AUH,PHARMACY,UNKNOWN,Pharmacy outlet. Coordinates approximate for area. Operating
PF5404,ZEST WELLNESS PHARMACY LLC - BRANCH OF ABU DHABI 1,AUH,PHARMACY,UNKNOWN,Pharmacy outlet. Coordinates approximate for area. Operating
PF5403,ASTER PHARMACIES GROUP L.L.C - BRANCH OF ABU DHABI 17,AUH,PHARMACY,UNKNOWN,Pharmacy outlet. Coordinates approximate for area. Operating
PF1183,MARIAM PHARMACY LLC,AUH,PHARMACY,UNKNOWN,Pharmacy outlet. Coordinates approximate for area. Operating
PF1187,AMAL PHARMACY - SOLE PROPRIETORSHIP L.L.C,AUH,PHARMACY,UNKNOWN,Pharmacy outlet. Coordinates approximate for area. Operating
PF2777,AL AHALIA NATIONAL PHARMACY L.L.C. - BRANCH 1,AUH,PHARMACY,UNKNOWN,Pharmacy outlet. Coordinates approximate for area. Operating
PF3073,GALAXY PHARMACY L.L.C.,AUH,PHARMACY,UNKNOWN,Pharmacy outlet. Coordinates approximate for area. Operating
PF1027,AL RIDA PHARMACY,AUH,PHARMACY,UNKNOWN,Pharmacy outlet. Coordinates approximate for area. Operating
PF1151,BETTER LIFE PHARMACY - SOLE PROPRIETORSHIP L.L.C.,AUH,PHARMACY,UNKNOWN,Pharmacy outlet. Coordinates approximate for area. Operating
PF2734,BETTER LIFE PHARMACY- SOLE PROPRIETORSHIP L.L.C. - BRANCH 1,AUH,PHARMACY,UNKNOWN,Pharmacy outlet. Coordinates approximate for area. Operating
PF1709,EASTERN AL AHLIA PHARMACY - L.L.C.,AUH,PHARMACY,UNKNOWN,Pharmacy outlet. Coordinates approximate for area. Operating
PF1254,MADINA ZAYED AL AHLIYYA  PHARMACY,AUH,PHARMACY,UNKNOWN,Pharmacy outlet. Coordinates approximate for area. Operating
PF1064,NEW ABU DHABI PHARMACY - SOLE PROPRIETORSHIP L.L.C,AUH,PHARMACY,UNKNOWN,Pharmacy outlet. Coordinates approximate for area. Operating
PF2902,NOOR ALAHLI PHARMACY L.L.C. - BRANCH 1,AUH,PHARMACY,UNKNOWN,Pharmacy outlet. Coordinates approximate for area. Operating
PF2984,NOOR ALAHLI PHARMACY L.L.C. - BRANCH 2,AUH,PHARMACY,UNKNOWN,Pharmacy outlet. Coordinates approximate for area. Operating
PF2980,NOOR ALAHLI PHARMACY L.L.C. - BRANCH 3,AUH,PHARMACY,UNKNOWN,Pharmacy outlet. Coordinates approximate for area. Operating
PF2999,NOOR ALAHLI PHARMACY L.L.C. - BRANCH 4,AUH,PHARMACY,UNKNOWN,Pharmacy outlet. Coordinates approximate for area. Operating
PF3055,NOOR ALAHLI PHARMACY L.L.C. - BRANCH 5,AUH,PHARMACY,UNKNOWN,Pharmacy outlet. Coordinates approximate for area. Operating
PF3058,NOOR ALAHLI PHARMACY L.L.C. - BRANCH 6,AUH,PHARMACY,UNKNOWN,Pharmacy outlet. Coordinates approximate for area. Operating
PF3057,NOOR ALAHLI PHARMACY L.L.C. - BRANCH 7,AUH,PHARMACY,UNKNOWN,Pharmacy outlet. Coordinates approximate for area. Operating
PF3061,NOOR ALAHLI PHARMACY L.L.C. - BRANCH 8,AUH,PHARMACY,UNKNOWN,Pharmacy outlet. Coordinates approximate for area. Operating
PF2983,STAR AL AHALIA PHARMACY,AUH,PHARMACY,UNKNOWN,Pharmacy outlet. Coordinates approximate for area. Operating
PF2736,UNIQUE AL AHALIA PHARMACY,AUH,PHARMACY,UNKNOWN,Pharmacy outlet. Coordinates approximate for area. Operating
PF2801,UNIQUE AL AHALIA PHARMACY - BRANCH 1,AUH,PHARMACY,UNKNOWN,Pharmacy outlet. Coordinates approximate for area. Operating
PF2870,WESTERN TOWERS AL AHLIA PHARMACY,AUH,PHARMACY,UNKNOWN,Pharmacy outlet. Coordinates approximate for area. Operating
PF2995,PHOENIX HOSPITAL PHARMACY L.L.C.,AUH,PHARMACY,UNKNOWN,Pharmacy outlet. Coordinates approximate for area. Operating
PF3097,MILLENNIUM HOSPITAL PHARMACY L.L.C.,AUH,PHARMACY,UNKNOWN,Pharmacy outlet. Coordinates approximate for area. Operating
PF2662,AL AHALIA NATIONAL PHARMACY L.L.C.,AUH,PHARMACY,UNKNOWN,Pharmacy outlet. Coordinates approximate for area. Operating
PF3095,UNIQUE AL AHALIA PHARMACY - BRANCH 2,AUH,PHARMACY,UNKNOWN,Pharmacy outlet. Coordinates approximate for area. Operating
PF1667,ZIRKU PHARMACY,AUH,PHARMACY,UNKNOWN,Pharmacy outlet. Coordinates approximate for area. Operating
PF1367,ADNOC ONSHORE MEDICAL CENTRE PHARMACY,AUH,PHARMACY,UNKNOWN,Pharmacy outlet. Coordinates approximate for area. Operating
PF2640,ADNOC TECHNICAL INSTITUTE PHARMACY,AUH,PHARMACY,UNKNOWN,Pharmacy outlet. Coordinates approximate for area. Operating
PF1316,DAS MEDICAL CENTER PHARMACY,AUH,PHARMACY,UNKNOWN,Pharmacy outlet. Coordinates approximate for area. Operating
PF1442,ABU DHABI REFINERY,AUH,PHARMACY,UNKNOWN,Pharmacy outlet. Coordinates approximate for area. Operating
PF2785,SHEIKH KHALIFA ENERGY CLINIC PHARMACY,AUH,PHARMACY,UNKNOWN,Pharmacy outlet. Coordinates approximate for area. Operating
PF2554,AL DABBAYIA PHARMACY,AUH,PHARMACY,UNKNOWN,Pharmacy outlet. Coordinates approximate for area. Operating
PF2558,ASAB PHARMACY,AUH,PHARMACY,UNKNOWN,Pharmacy outlet. Coordinates approximate for area. Operating
PF2553,BUHASA PHARMACY,AUH,PHARMACY,UNKNOWN,Pharmacy outlet. Coordinates approximate for area. Operating
PF2555,HABSHAN PHARMACY,AUH,PHARMACY,UNKNOWN,Pharmacy outlet. Coordinates approximate for area. Operating
PF1441,AL DHANNAH HOSPITAL PHARMACY,AUH,PHARMACY,UNKNOWN,Pharmacy outlet. Coordinates approximate for area. Operating
PF2790,MEDEOR 24X7 PHARMACY LLC,AUH,PHARMACY,UNKNOWN,Pharmacy outlet. Coordinates approximate for area. Operating
PF2879,ALGHARBIA MEDICINE PHARMACY LLC,AUH,PHARMACY,UNKNOWN,Pharmacy outlet. Coordinates approximate for area. Operating
PF1192,KNIGHTS PHARMACY,AUH,PHARMACY,UNKNOWN,Pharmacy outlet. Coordinates approximate for area. Operating
PF1431,KNIGHTS PHARMACY - LLC - KHALIFA BRANCH.,AUH,PHARMACY,UNKNOWN,Pharmacy outlet. Coordinates approximate for area. Operating
PF5485,ASTER PHARMACIES GROUP L.L.C - ABU DHABI BRANCH 20,AUH,PHARMACY,UNKNOWN,Pharmacy outlet. Coordinates approximate for area. Operating
PF5466,ASTER PHARMACIES GROUP L.L.C - BRANCH OF ABU DHABI 18,AUH,PHARMACY,UNKNOWN,Pharmacy outlet. Coordinates approximate for area. Operating
PF5484,ASTER PHARMACIES GROUP L.L.C - BRANCH OF ABU DHABI 19,AUH,PHARMACY,UNKNOWN,Pharmacy outlet. Coordinates approximate for area. Operating
PF5510,ASTER PHARMACIES GROUP L.L.C - BRANCH OF ABU DHABI 21,AUH,PHARMACY,UNKNOWN,Pharmacy outlet. Coordinates approximate for area. Operating
PF3178,AL RAWDHA PHARMACY L.L.C,AUH,PHARMACY,UNKNOWN,Pharmacy outlet. Coordinates approximate for area. Operating
PF1205,FAMILY PHARMACY,AUH,PHARMACY,UNKNOWN,Pharmacy outlet. Coordinates approximate for area. Operating
PF5211,A B C PLUS PHARMACY,AUH,PHARMACY,UNKNOWN,Pharmacy outlet. Coordinates approximate for area. Operating
PF5232,A B C PLUS PHARMACY- BRANCH,AUH,PHARMACY,UNKNOWN,Pharmacy outlet. Coordinates approximate for area. Operating
PF2894,AL FURQAN PHARMACY,AUH,PHARMACY,UNKNOWN,Pharmacy outlet. Coordinates approximate for area. Operating
PF5215,M37 PHARMACY LLC,AUH,PHARMACY,UNKNOWN,Pharmacy outlet. Coordinates approximate for area. Operating
PF5375,MODERN PHARMACY L.L.C - BRANCH OF ABU DHABI 1,AUH,PHARMACY,UNKNOWN,Pharmacy outlet. Coordinates approximate for area. Operating
PF1017,MODERN PHARMACY L.L.C - BRANCH OF ABU DHABI 2,AUH,PHARMACY,UNKNOWN,Pharmacy outlet. Coordinates approximate for area. Operating
PF3218,PUBLIC HEALTH PHARMACY LLC,AUH,PHARMACY,UNKNOWN,Pharmacy outlet. Coordinates approximate for area. Operating
PF2998,HEALTH TIME PHARMACY - SOLE PROPRIETORSHIP L.L.C,AUH,PHARMACY,UNKNOWN,Pharmacy outlet. Coordinates approximate for area. Operating
PF5051,BLACK FALCON PHARMACY L.L.C,AUH,PHARMACY,UNKNOWN,Pharmacy outlet. Coordinates approximate for area. Operating
PF2725,FUTURE INTERNATIONAL PHARMACY L.L.C,AUH,PHARMACY,UNKNOWN,Pharmacy outlet. Coordinates approximate for area. Operating
PF2591,SMART HEALTH PHARMACY,AUH,PHARMACY,UNKNOWN,Pharmacy outlet. Coordinates approximate for area. Operating
PF4035,NORTH WEST PHARMACY LLC,AUH,PHARMACY,UNKNOWN,Pharmacy outlet. Coordinates approximate for area. Operating
PF3112,AL NEEM PHARMACY L.L.C,AUH,PHARMACY,UNKNOWN,Pharmacy outlet. Coordinates approximate for area. Operating
PF1177,AL KAMAL PHARMACY,AUH,PHARMACY,UNKNOWN,Pharmacy outlet. Coordinates approximate for area. Operating
PF3246,GIANT PHARMACY LLC,AUH,PHARMACY,UNKNOWN,Pharmacy outlet. Coordinates approximate for area. Operating
PF2649,EMERALD PHARMACY LLC,AUH,PHARMACY,UNKNOWN,Pharmacy outlet. Coordinates approximate for area. Operating
PF2868,HOPE PHARMACY L.L.C,AUH,PHARMACY,UNKNOWN,Pharmacy outlet. Coordinates approximate for area. Operating
PF5011,MAX BLUE PHARMACY,AUH,PHARMACY,UNKNOWN,Pharmacy outlet. Coordinates approximate for area. Operating
PF2639,SAHARA PHARMACY L.L.C,AUH,PHARMACY,UNKNOWN,Pharmacy outlet. Coordinates approximate for area. Operating
PF5361,LLH PHARMACY ALMUSAFFAH L.L.C. - BRANCH,AUH,PHARMACY,UNKNOWN,Pharmacy outlet. Coordinates approximate for area. Operating
PF1715,TIME CURE PHARMACY - SOLE PROPRIETORSHIP LLC,AUH,PHARMACY,UNKNOWN,Pharmacy outlet. Coordinates approximate for area. Operating
PF1022,NEW PHARMACY COMPANY LTD(FORMERLY NEW PHARMACY COMPANY WLL),AUH,PHARMACY,UNKNOWN,Pharmacy outlet. Coordinates approximate for area. Operating
PF1446,NMC PHARMACY L L C - O.P.C(FORMERLY NMC PHARMACY),AUH,PHARMACY,NMC,Pharmacy outlet. Coordinates approximate for area. Operating
PF2559,BAREEN PHARMACY,AUH,PHARMACY,UNKNOWN,Pharmacy outlet. Coordinates approximate for area. Operating
PF3184,NEW PHARMACY COMPANY LTD,AUH,PHARMACY,UNKNOWN,Pharmacy outlet. Coordinates approximate for area. Operating
PF3102,NEW PHARMACY COMPANY LTD -  BRANCH 7,AUH,PHARMACY,UNKNOWN,Pharmacy outlet. Coordinates approximate for area. Operating
PF1466,OXFORD PHARMACY L.L.C,AUH,PHARMACY,UNKNOWN,Pharmacy outlet. Coordinates approximate for area. Operating
PF2866,ZANBAQ AL MADINA PHARMACY L.L.C,AUH,PHARMACY,UNKNOWN,Pharmacy outlet. Coordinates approximate for area. Operating
PF3000,ALPHA CARE PHARMACY L.L.C,AUH,PHARMACY,UNKNOWN,Pharmacy outlet. Coordinates approximate for area. Operating
PF1256,SANDS PHARMACY L.L.C,AUH,PHARMACY,UNKNOWN,Pharmacy outlet. Coordinates approximate for area. Operating
PF2943,NEW PHARMACY COMPANY LTD BRANCH 2,AUH,PHARMACY,UNKNOWN,Pharmacy outlet. Coordinates approximate for area. Operating
PF2608,LOTUS PHARMACY L.L.C,AUH,PHARMACY,UNKNOWN,Pharmacy outlet. Coordinates approximate for area. Operating
PF2609,BRIGHT POINT PHARMACY L.L.C,AUH,PHARMACY,UNKNOWN,Pharmacy outlet. Coordinates approximate for area. Operating
PF1345,NMC PHARMACY- L.L.C - O.P.C - BRANCH (FORMERLY NMC PHARMACY BRANCH 1),AUH,PHARMACY,NMC,Pharmacy outlet. Coordinates approximate for area. Operating
PF2575,APOLLO PHARMACY L.L.C. - S.P.C. (FORMERLY APOLLO PHARMACY LLC),AUH,PHARMACY,UNKNOWN,Pharmacy outlet. Coordinates approximate for area. Operating
PF2848,GOLDEN CURE PHARMACY - SOLE PROPRIETORSHIP L.L.C,AUH,PHARMACY,UNKNOWN,Pharmacy outlet. Coordinates approximate for area. Operating
PF4038,HEALTH GO PHARMACY LLC,AUH,PHARMACY,UNKNOWN,Pharmacy outlet. Coordinates approximate for area. Operating
PF5263,ARCHITECTS PHARMACY LLC OPC,AUH,PHARMACY,UNKNOWN,Pharmacy outlet. Coordinates approximate for area. Operating
PF3099,MEDLUX PHARMACY L.L.C,AUH,PHARMACY,UNKNOWN,Pharmacy outlet. Coordinates approximate for area. Operating
PF2775,ROYAL INTERNATIONAL PHARMACY,AUH,PHARMACY,UNKNOWN,Pharmacy outlet. Coordinates approximate for area. Operating
PF5385,BUPA PHARMACY SOLE PROPRIETORSHIP L.L.C ,AUH,PHARMACY,UNKNOWN,Pharmacy outlet. Coordinates approximate for area. Operating
PF5514,SHARMIN AKTER PHARMACY LLC,AUH,PHARMACY,UNKNOWN,Pharmacy outlet. Coordinates approximate for area. Operating
PF5319,MED DOC PHARMACY L.L.C O.P.C,AUH,PHARMACY,UNKNOWN,Pharmacy outlet. Coordinates approximate for area. Operating
PF5012,MAX GRAND PHARMACY - SOLE PROPRIETORSHIP L.L.C.,AUH,PHARMACY,UNKNOWN,Pharmacy outlet. Coordinates approximate for area. Operating
PF3044,AL DIYAFA PHARMACY,AUH,PHARMACY,UNKNOWN,Pharmacy outlet. Coordinates approximate for area. Operating
PF1764,HEALTH FIRST PHARMACY LLC - BRANCH 10,AUH,PHARMACY,UNKNOWN,Pharmacy outlet. Coordinates approximate for area. Operating
PF2655,HEALTH FIRST PHARMACY LLC - BRANCH 13,AUH,PHARMACY,UNKNOWN,Pharmacy outlet. Coordinates approximate for area. Operating
PF2546,HEALTH FIRST PHARMACY LLC BRANCH 12,AUH,PHARMACY,UNKNOWN,Pharmacy outlet. Coordinates approximate for area. Operating
PF2799,HEALTH FIRST PHARMACY LLC BRANCH 15,AUH,PHARMACY,UNKNOWN,Pharmacy outlet. Coordinates approximate for area. Operating
PF2979,HEALTH FIRST PHARMACY LLC BRANCH 18,AUH,PHARMACY,UNKNOWN,Pharmacy outlet. Coordinates approximate for area. Operating
PF1080,HEALTH FIRST PHARMACY LLC BRANCH 2,AUH,PHARMACY,UNKNOWN,Pharmacy outlet. Coordinates approximate for area. Operating
PF1267,HEALTH FIRST PHARMACY LLC BRANCH 3,AUH,PHARMACY,UNKNOWN,Pharmacy outlet. Coordinates approximate for area. Operating
PF1275,HEALTH FIRST PHARMACY LLC BRANCH 4,AUH,PHARMACY,UNKNOWN,Pharmacy outlet. Coordinates approximate for area. Operating
PF1085,HEALTH FIRST PHARMACY LLC BRANCH 5,AUH,PHARMACY,UNKNOWN,Pharmacy outlet. Coordinates approximate for area. Operating
PF1199,HEALTH FIRST PHARMACY LLC BRANCH 6,AUH,PHARMACY,UNKNOWN,Pharmacy outlet. Coordinates approximate for area. Operating
PF1111,HEALTH FIRST PHARMACY LLC BRANCH 7,AUH,PHARMACY,UNKNOWN,Pharmacy outlet. Coordinates approximate for area. Operating
PF1149,HEALTH FIRST PHARMACY LLC BRANCH 8,AUH,PHARMACY,UNKNOWN,Pharmacy outlet. Coordinates approximate for area. Operating
PF1723,HEALTH FIRST PHARMACY LLC BRANCH 9,AUH,PHARMACY,UNKNOWN,Pharmacy outlet. Coordinates approximate for area. Operating
PF2545,HEALTH FIRST PHARMACY LLC,AUH,PHARMACY,UNKNOWN,Pharmacy outlet. Coordinates approximate for area. Operating
PF3239,BURJEEL JUDICIARY PHARMACY LLC,AUH,PHARMACY,UNKNOWN,Pharmacy outlet. Coordinates approximate for area. Operating
PF5197,BURJEEL PHARMACY FORSAN CENTRAL MALL L.L.C.,AUH,PHARMACY,UNKNOWN,Pharmacy outlet. Coordinates approximate for area. Operating
PF1481,BURJEEL RETAIL PHARMACY L.L.C - BRANCH,AUH,PHARMACY,UNKNOWN,Pharmacy outlet. Coordinates approximate for area. Operating
PF3280,BURJEEL RETAIL PHARMACY L.L.C.,AUH,PHARMACY,UNKNOWN,Pharmacy outlet. Coordinates approximate for area. Operating
PF2952,BURJEEL RETAIL PHARMACY L.L.C. - BRANCH SHABIA,AUH,PHARMACY,UNKNOWN,Pharmacy outlet. Coordinates approximate for area. Operating
PF1656,BURJEEL RETAIL PHARMACY L.L.C. - BRANCH-MAZYAD MALL,AUH,PHARMACY,UNKNOWN,Pharmacy outlet. Coordinates approximate for area. Operating
PF2527,BURJEEL RETAIL PHARMACY L.L.C. - BRANCH AL DHAFRA,AUH,PHARMACY,UNKNOWN,Pharmacy outlet. Coordinates approximate for area. Operating
PF1672,BURJEEL RETAIL PHARMACY L.L.C. - BRANCH-MUSHRIF MALL,AUH,PHARMACY,UNKNOWN,Pharmacy outlet. Coordinates approximate for area. Operating
PF2505,BURJEEL RETAIL PHARMACY L.L.C. - BRANCH-ALNAHYAN,AUH,PHARMACY,UNKNOWN,Pharmacy outlet. Coordinates approximate for area. Operating
PF2536,BURJEEL RETAIL PHARMACY L.L.C. - BRANCH-AL WAHDA MALL,AUH,PHARMACY,UNKNOWN,Pharmacy outlet. Coordinates approximate for area. Operating
PF1496,BURJEEL RETAIL PHARMACY L.L.C. - BRANCH-AL WAHDA,AUH,PHARMACY,UNKNOWN,Pharmacy outlet. Coordinates approximate for area. Operating
PF1673,BURJEEL RETAIL PHARMACY L.L.C. - BRANCH-MZSC,AUH,PHARMACY,UNKNOWN,Pharmacy outlet. Coordinates approximate for area. Operating
PF5513,BURJEEL RETAIL PHARMACY L.L.C. – BRANCH-AL FALAH,AUH,PHARMACY,UNKNOWN,Pharmacy outlet. Coordinates approximate for area. Operating
PF2611,NIDHAM GHIYATHI PHARMACY,AUH,PHARMACY,UNKNOWN,Pharmacy outlet. Coordinates approximate for area. Operating
PF5475,LLH PHARMACY AL MUSAFFAH LLC BRANCH 2,AUH,PHARMACY,UNKNOWN,Pharmacy outlet. Coordinates approximate for area. Operating
PF5565,LIFECARE INTERNATIONAL PHARMACY LLC BRANCH,AUH,PHARMACY,UNKNOWN,Pharmacy outlet. Coordinates approximate for area. Operating
PF5199,RIGHT HEALTH PHARMACY - SOLE PROPRIETORSHIP L.L.C,AUH,PHARMACY,Right Health/DARIC,Pharmacy outlet. Coordinates approximate for area. Operating
PF5062,KHALIDIYA LULU PHARMACY L L C - BRANCH,AUH,PHARMACY,UNKNOWN,Pharmacy outlet. Coordinates approximate for area. Operating
PF1484,LULU KHALIDIYAH PHARMACY LLC,AUH,PHARMACY,UNKNOWN,Pharmacy outlet. Coordinates approximate for area. Operating
PF1467,LULU RAHA PHARMACY LLC,AUH,PHARMACY,UNKNOWN,Pharmacy outlet. Coordinates approximate for area. Operating
PF3181,LULU RAHA PHARMACY BRANCH 1,AUH,PHARMACY,UNKNOWN,Pharmacy outlet. Coordinates approximate for area. Operating
PF3205,EXCELLENT PHARMACY-SOLE PROPRIETORSHIP L.L.C ,AUH,PHARMACY,UNKNOWN,Pharmacy outlet. Coordinates approximate for area. Operating
PF5483,QUSAHWIRA MEDICAL CENTER PHARMACY,AUH,PHARMACY,UNKNOWN,Pharmacy outlet. Coordinates approximate for area. Operating
PF3141,HEART BEAT PHARMACY L.L.C.,AUH,PHARMACY,UNKNOWN,Pharmacy outlet. Coordinates approximate for area. Operating
PF2542,AL TADAWI PHARMACY -L.L.C,AUH,PHARMACY,UNKNOWN,Pharmacy outlet. Coordinates approximate for area. Operating
PF1328,AL MARINA PHARMACY L.L.C,AUH,PHARMACY,UNKNOWN,Pharmacy outlet. Coordinates approximate for area. Operating
PF2656,AL MARINA PHARMACY LLC - BRANCH 1,AUH,PHARMACY,UNKNOWN,Pharmacy outlet. Coordinates approximate for area. Operating
PF2946,SELECT PHARMACY - SOLE PROPRIETORSHIP L.L.C.,AUH,PHARMACY,UNKNOWN,Pharmacy outlet. Coordinates approximate for area. Operating
PF5590,CROWN PHARMACY - SOLE PROPRIETORSHIP L.L.C,AUH,PHARMACY,UNKNOWN,Pharmacy outlet. Coordinates approximate for area. Operating
PF1164,SAAD PHARMACY - SOLE PROPRIETORSHIP L.L.C,AUH,PHARMACY,UNKNOWN,Pharmacy outlet. Coordinates approximate for area. Operating
PF5201,SELENA PHARMACY - L.L.C - O.P.C,AUH,PHARMACY,UNKNOWN,Pharmacy outlet. Coordinates approximate for area. Operating
PF1033,TAHA PHARMACY L.L.C,AUH,PHARMACY,UNKNOWN,Pharmacy outlet. Coordinates approximate for area. Operating
PF5611,GOLDEN HEALTH PHARMACY - L.L.C- O.P.C - BRANCH,AUH,PHARMACY,UNKNOWN,Pharmacy outlet. Coordinates approximate for area. Operating
PF5649,ZEST WELLNESS PHARMACY L.L.C - BRANCH OF ABU DHABI,AUH,PHARMACY,UNKNOWN,Pharmacy outlet. Coordinates approximate for area. Operating
PF5293,MEDON FIRST PHARMACY - L.L.C - S.P.C,AUH,PHARMACY,UNKNOWN,Pharmacy outlet. Coordinates approximate for area. Operating
MF2926,SADIQ POLYCLINIC - SOLE PROPRIETORSHIP L.L.C,AUH,CLINIC,UNKNOWN,Coordinates derived from area-level geocoding. Verify agains
PF5323,SURE MEDI PHARMACY - SOLE PROPRIETORSHIP L.L.C,AUH,PHARMACY,UNKNOWN,Pharmacy outlet. Coordinates approximate for area. Operating
MF7957,GOLD LIFE MEDICAL CLINIC LLC,AUH,CLINIC,UNKNOWN,Coordinates derived from area-level geocoding. Verify agains
PF5752,ASTER PHARMACIES GROUP L.L.C - BRANCH OF ABU DHABI,AUH,PHARMACY,UNKNOWN,Pharmacy outlet. Coordinates approximate for area. Operating
PF1029,AL MAQAM PHARMACY - SOLE PROPREITORSHIP L.L.C.,AUH,PHARMACY,UNKNOWN,Pharmacy outlet. Coordinates approximate for area. Operating
MF8188,MIAMI MEDICAL CENTER - L.L.C - S.P.C,AUH,CLINIC,UNKNOWN,Coordinates derived from area-level geocoding. Verify agains
PF5612,MIAMI PHARMACY - L.L.C - S.P.C,AUH,PHARMACY,UNKNOWN,Pharmacy outlet. Coordinates approximate for area. Operating
MF3946,KOHAT MEDICAL CENTRE - L.L.C - S.P.C,AUH,CLINIC,UNKNOWN,Coordinates derived from area-level geocoding. Verify agains
PF2650,KOHAT PHARMACY- L.L.C - S.P.C,AUH,PHARMACY,UNKNOWN,Pharmacy outlet. Coordinates approximate for area. Operating
PF4004,BIN SINA PHARMACY AL MARYAH ISLAND,AUH,PHARMACY,UNKNOWN,Pharmacy outlet. Coordinates approximate for area. Operating
PF2599,IBN SINA PHARMACY L.L.C. - BRANCH 9 ,AUH,PHARMACY,UNKNOWN,Pharmacy outlet. Coordinates approximate for area. Operating
PF1175,IBN SINA PHARMACY - SOLE PROPRIETORSHIP L.L.C - BRANCH 2,AUH,PHARMACY,UNKNOWN,Pharmacy outlet. Coordinates approximate for area. Operating
PF1166,IBN SINA PHARMACY - SOLE PROPRIETORSHIP L.L.C.,AUH,PHARMACY,UNKNOWN,Pharmacy outlet. Coordinates approximate for area. Operating
PF1294,IBN SINA PHARMACY - SOLE PROPRIETORSHIP L.L.C. - BRANCH 1,AUH,PHARMACY,UNKNOWN,Pharmacy outlet. Coordinates approximate for area. Operating
PF2564,IBN SINA PHARMACY - SOLE PROPRIETORSHIP L.L.C. - BRANCH 10,AUH,PHARMACY,UNKNOWN,Pharmacy outlet. Coordinates approximate for area. Operating
PF1738,IBN SINA PHARMACY - SOLE PROPRIETORSHIP L.L.C. - BRANCH 12,AUH,PHARMACY,UNKNOWN,Pharmacy outlet. Coordinates approximate for area. Operating
PF3182,IBN SINA PHARMACY - SOLE PROPRIETORSHIP L.L.C. - BRANCH 26,AUH,PHARMACY,UNKNOWN,Pharmacy outlet. Coordinates approximate for area. Operating
PF1579,IBN SINA PHARMACY - SOLE PROPRIETORSHIP L.L.C. - BRANCH 5,AUH,PHARMACY,UNKNOWN,Pharmacy outlet. Coordinates approximate for area. Operating
PF1737,IBN SINA PHARMACY - SOLE PROPRIETORSHIP L.L.C. - BRANCH 7,AUH,PHARMACY,UNKNOWN,Pharmacy outlet. Coordinates approximate for area. Operating
PF5495,IBN SINA PHARMACY - SOLE PROPRIETORSHIP L.L.C. - BRANCH Al Qana,AUH,PHARMACY,UNKNOWN,Pharmacy outlet. Coordinates approximate for area. Operating
PF5059,IBN SINA PHARMACY - SOLE PROPRIETORSHIP L.L.C. - BRANCH Almusafah,AUH,PHARMACY,UNKNOWN,Pharmacy outlet. Coordinates approximate for area. Operating
PF5303,IBN SINA PHARMACY - SOLE PROPRIETORSHIP L.L.C. - BRANCH GLOBAL CARE,AUH,PHARMACY,UNKNOWN,Pharmacy outlet. Coordinates approximate for area. Operating
PF2805,IBN SINA PHARMACY SOLE PROPRIETORSHIP L.L.C - Branch 16 ,AUH,PHARMACY,UNKNOWN,Pharmacy outlet. Coordinates approximate for area. Operating
PF3180,IBN SINA PHARMACY SOLE PROPRIETORSHIP L.L.C - Branch 20,AUH,PHARMACY,UNKNOWN,Pharmacy outlet. Coordinates approximate for area. Operating
PF3189,IBN SINA PHARMACY SOLE PROPRIETORSHIP L.L.C - Branch 27,AUH,PHARMACY,UNKNOWN,Pharmacy outlet. Coordinates approximate for area. Operating
PF1363,IBN SINA PHARMACY SOLE PROPRIETORSHIP L.L.C - Branch 3,AUH,PHARMACY,UNKNOWN,Pharmacy outlet. Coordinates approximate for area. Operating
PF1488,IBN SINA PHARMACY SOLE PROPRIETORSHIP L.L.C - Branch 4,AUH,PHARMACY,UNKNOWN,Pharmacy outlet. Coordinates approximate for area. Operating
PF1578,IBN SINA PHARMACY SOLE PROPRIETORSHIP L.L.C - Branch 6,AUH,PHARMACY,UNKNOWN,Pharmacy outlet. Coordinates approximate for area. Operating
PF2675,IBN SINA PHARMACY SOLE PROPRIETORSHIP L.L.C BRANCH 17,AUH,PHARMACY,UNKNOWN,Pharmacy outlet. Coordinates approximate for area. Operating
PF2678,IBN SINA PHARMACY SOLE PROPRIETORSHIP L.L.C BRANCH 18,AUH,PHARMACY,UNKNOWN,Pharmacy outlet. Coordinates approximate for area. Operating
DHA-F-0300714,ZEN LIFE POLYCLINIC CO.LLC,DXB,CLINIC,UNKNOWN,Coordinates derived from area-level geocoding. Verify agains
DHA-F-5446365,VIDA CLINIC LLC-BRANCH-MUHAISANAH - 2,DXB,CLINIC,UNKNOWN,Coordinates derived from area-level geocoding. Verify agains
DHA-F-0001137,VCARE POLYCLINIC LLC,DXB,CLINIC,UNKNOWN,Coordinates derived from area-level geocoding. Verify agains
DHA-F-0000229,UNICARE MEDICAL CENTRE BRANCH-SATWA,DXB,CLINIC,UNKNOWN,Coordinates derived from area-level geocoding. Verify agains
DHA-F-0045523,KARAMA MEDICAL CENTRE (KARAMA),DXB,CLINIC,UNKNOWN,Coordinates derived from area-level geocoding. Verify agains
DHA-F-0047104,KARAMA MEDICAL CENTRE AL QUOZ BR,DXB,CLINIC,UNKNOWN,Coordinates derived from area-level geocoding. Verify agains
DHA-F-0000673,KARAMA MEDICAL CENTRE AL QUOZ MALL BR,DXB,CLINIC,UNKNOWN,Coordinates derived from area-level geocoding. Verify agains
DHA-F-0047636,KARAMA MEDICAL CENTRE BR DIP,DXB,CLINIC,UNKNOWN,Coordinates derived from area-level geocoding. Verify agains
DHA-F-0047921,"KARAMA MEDICAL CENTRE BR, JV",DXB,CLINIC,UNKNOWN,Coordinates derived from area-level geocoding. Verify agains
DHA-F-0001154,"KARAMA MEDICAL CENTRE, BR MUHAISNAH",DXB,CLINIC,UNKNOWN,Coordinates derived from area-level geocoding. Verify agains
DHA-F-0045435,JANSONS STARS POLYCLINIC,DXB,CLINIC,UNKNOWN,Coordinates derived from area-level geocoding. Verify agains
DHA-F-0001445,KARAMA MEDICAL CENTRE BR. AL KHAIL GATE,DXB,CLINIC,UNKNOWN,Coordinates derived from area-level geocoding. Verify agains
DHA-F-9789058,KARAMA MEDICAL CENTRE BR BURJUMAN,DXB,CLINIC,UNKNOWN,Coordinates derived from area-level geocoding. Verify agains
DHA-F-0048014,AL AZHAR CLINIC -BRANCH (JABEL ALI),DXB,CLINIC,UNKNOWN,Coordinates derived from area-level geocoding. Verify agains
DHA-F-0047440,AL AZHAR CLINIC (DIP-1),DXB,CLINIC,UNKNOWN,Coordinates derived from area-level geocoding. Verify agains
DHA-F-0000444,AL AZHAR CLINIC- BRANCH 2 (DIP-2),DXB,CLINIC,UNKNOWN,Coordinates derived from area-level geocoding. Verify agains
DHA-F-0046969,AL SANAIYA MEDICAL CLINIC- BR (AL QUOZ),DXB,CLINIC,UNKNOWN,Coordinates derived from area-level geocoding. Verify agains
DHA-F-0046325,AL SANAIYA MEDICAL CLINIC (SONAPUR),DXB,CLINIC,UNKNOWN,Coordinates derived from area-level geocoding. Verify agains
DHA-F-0046425,NEW SANAIYA CLINIC (SONAPUR),DXB,CLINIC,UNKNOWN,Coordinates derived from area-level geocoding. Verify agains
DHA-F-0047442,RUBY CLINIC,DXB,CLINIC,UNKNOWN,Coordinates derived from area-level geocoding. Verify agains
DHA-F-0001616,NEW SANAIYA CLINIC -BRANCH - DIP-1,DXB,CLINIC,UNKNOWN,Coordinates derived from area-level geocoding. Verify agains
DHA-F-0048024,NEW SANAIYA CLINIC - BR HORALANZ,DXB,CLINIC,UNKNOWN,Coordinates derived from area-level geocoding. Verify agains
DHA-F-0002443,AL AZHAR CLINIC BRANCH 3 LLC,DXB,CLINIC,UNKNOWN,Coordinates derived from area-level geocoding. Verify agains
DHA-F-9579987,AL AZHAR CLINIC LLC 4,DXB,CLINIC,UNKNOWN,Coordinates derived from area-level geocoding. Verify agains
DHA-F-6594133,REMEDY PLUS MEDICAL CLINIC LLC,DXB,CLINIC,UNKNOWN,Coordinates derived from area-level geocoding. Verify agains
DHA-F-0002531,RELEAF MEDICAL CENTRE LLC-DIP 2,DXB,CLINIC,UNKNOWN,Coordinates derived from area-level geocoding. Verify agains
DHA-F-3625405,RELEAF MEDICAL CENTRE LLC BRANCH-AL QOUZ 2,DXB,CLINIC,UNKNOWN,Coordinates derived from area-level geocoding. Verify agains
DHA-F-7783571,RELEAF MEDICAL CENTRE LLC BRANCH-JEBAL ALI IN D 2,DXB,CLINIC,UNKNOWN,Coordinates derived from area-level geocoding. Verify agains
DHA-F-3704603,RELEAF MEDICAL CENTRE LLC (FORMERLY RELEAF MEDICAL CENTRE LLC BRANCH-ALQOUZ 1),DXB,CLINIC,UNKNOWN,Coordinates derived from area-level geocoding. Verify agains
DHA-F-0047057,MINI VM POLY CLINIC,DXB,CLINIC,UNKNOWN,Coordinates derived from area-level geocoding. Verify agains
DHA-F-0046440,NOORA POLY CLINIC,DXB,CLINIC,UNKNOWN,Coordinates derived from area-level geocoding. Verify agains
DHA-F-0047965,CITICARE MEDICAL CENTER LLC (FORMERLY PESHAWAR MEDICAL CENTRE-AL BARSHA),DXB,CLINIC,UNKNOWN,Coordinates derived from area-level geocoding. Verify agains
DHA-F-0108842,NOVITAS CLINIC LLC,DXB,CLINIC,UNKNOWN,Coordinates derived from area-level geocoding. Verify agains
DHA-F-0612259,BETA STAR CLINIC L.L.C (FORMERLY NOVITAS CLINIC LLC (BRANCH),DXB,CLINIC,UNKNOWN,Coordinates derived from area-level geocoding. Verify agains
DHA-F-0000055,NOOR AL SHEFA CLINIC-JEBEL ALI MALL,DXB,CLINIC,UNKNOWN,Coordinates derived from area-level geocoding. Verify agains
DHA-F-0001450,NOOR AL SHEFA CLINIC BRANCH-AL QUOZ,DXB,CLINIC,UNKNOWN,Coordinates derived from area-level geocoding. Verify agains
DHA-F-0001710,NOOR AL SHEFA CLINIC-JAFZA MALL-JEBEL ALI,DXB,CLINIC,UNKNOWN,Coordinates derived from area-level geocoding. Verify agains
DHA-F-0000295,NOOR AL SHEFA CLINIC(BR) AL AWEER,DXB,CLINIC,UNKNOWN,Coordinates derived from area-level geocoding. Verify agains
DHA-F-0001943,ZAHRAT  AL SHEFA MEDICAL CENTER LLC,DXB,CLINIC,UNKNOWN,Coordinates derived from area-level geocoding. Verify agains
DHA-F-0002148,NOOR AL SHEFA CLINIC-JAFZA-JEBEL ALI(OPP.VILLAGE HYPER MARKET),DXB,CLINIC,UNKNOWN,Coordinates derived from area-level geocoding. Verify agains
DHA-F-0047790,"AMALA MEDICAL CENTER LLC,ALQUOZ",DXB,CLINIC,UNKNOWN,Coordinates derived from area-level geocoding. Verify agains
DHA-F-0045459,FAMILY CLINIC-SATWA - DUBAI,DXB,CLINIC,UNKNOWN,Coordinates derived from area-level geocoding. Verify agains
DHA-F-0000461,NEW MEDICAL CENTRE-JABAL ALI(DR.REENA BEGUM CLINIC),DXB,CLINIC,UNKNOWN,Coordinates derived from area-level geocoding. Verify agains
DHA-F-0047578,NEW AL MUSALLA MEDICAL CENTERE LLC,DXB,CLINIC,UNKNOWN,Coordinates derived from area-level geocoding. Verify agains
DHA-F-0002275,GREEN CITY MEDICAL CENTER L.L.C(FORMERLY NEW AL MUSALLA MEDICAL CENTERE LLC BRANCH),DXB,CLINIC,UNKNOWN,Coordinates derived from area-level geocoding. Verify agains
DHA-F-0785487,NAJMAT AL SHIFA MEDICAL CENTER LLC,DXB,CLINIC,Shifa/ADICO,"Coordinates approximate for Jurf 1, Industrial Area 3, Ajman"
DHA-F-3322357,M V R DIAGNOSTIC CLINIC L.L.C (FORMERLY MVR MEDICAL CENTER L.L.C),DXB,CLINIC,UNKNOWN,Coordinates derived from area-level geocoding. Verify agains
DHA-F-0002421,MULTICARE MEDICAL CENTER LLC,DXB,CLINIC,UNKNOWN,Coordinates derived from area-level geocoding. Verify agains
DHA-F-0002053,MEDILIFE POLYCLINIC LLC- AL QUOZ(BR),DXB,CLINIC,UNKNOWN,Coordinates derived from area-level geocoding. Verify agains
DHA-F-0002265,COMMUNITY HEALTHCARE LLC,DXB,CLINIC,UNKNOWN,Coordinates derived from area-level geocoding. Verify agains
DHA-F-3487056,NEW MEDILIFE MEDICAL CENTRE L.L.C (WARSAN),DXB,CLINIC,UNKNOWN,Coordinates derived from area-level geocoding. Verify agains
DHA-F-0002231,LIVE CARE CLINIC LLC,DXB,CLINIC,UNKNOWN,Coordinates derived from area-level geocoding. Verify agains
DHA-F-4374542,LIFENITY INTERNATIONAL ADVANCED POLY CLINIC,DXB,CLINIC,UNKNOWN,"Coordinates are approximate, derived from the described loca"
DHA-F-9665447,LIFENITY INTERNATIONAL ADVANCED POLYCLINIC LLC BRANCH,DXB,CLINIC,UNKNOWN,"Coordinates are approximate, derived from the described loca"
DHA-F-6179400,LIFENITY INTERNATIONAL CLINICAL LABORATORY LLC,DXB,CLINIC,UNKNOWN,Coordinates derived from area-level geocoding. Verify agains
DHA-F-8023047,LIFEGUARD GENERAL CLINIC LLC (FORMERLY OUR CARE AND CURE MEDICAL CENTER LLC),DXB,CLINIC,UNKNOWN,Coordinates derived from area-level geocoding. Verify agains
DHA-F-0000064,KIMS MEDICAL CENTRE,DXB,CLINIC,UNKNOWN,Coordinates derived from area-level geocoding. Verify agains
DHA-F-0047821,JUPITER AL NAHDA POLYCLINIC LLC,DXB,CLINIC,UNKNOWN,Coordinates derived from area-level geocoding. Verify agains
DHA-F-0045868,JUPITER AL QUSAIS POLYCLINIC LLC,DXB,CLINIC,UNKNOWN,Coordinates derived from area-level geocoding. Verify agains
DHA-F-0000075,"JUPITER SPECIALTY MEDICAL CENTER LLC,AL KARAMA",DXB,CLINIC,UNKNOWN,Coordinates derived from area-level geocoding. Verify agains
DHA-F-0045726,"JANSONS MEDICAL CENTRE LLC,BURDUBAI",DXB,CLINIC,UNKNOWN,Coordinates derived from area-level geocoding. Verify agains
DHA-F-0001781,VIDA CLINIC LLC,DXB,CLINIC,UNKNOWN,Coordinates derived from area-level geocoding. Verify agains
DHA-F-0045654,AL AMAL POLYCLINIC,DXB,CLINIC,UNKNOWN,Coordinates derived from area-level geocoding. Verify agains
DHA-F-0001669,SHEIKH MANAA BIN HASHER ALMAKTOUM POLYCLINIC,DXB,CLINIC,UNKNOWN,Coordinates derived from area-level geocoding. Verify agains
DHA-F-0045651,FALCON MEDICAL CLINIC LLC,DXB,CLINIC,UNKNOWN,Coordinates derived from area-level geocoding. Verify agains
DHA-F-0045472,AL RASHIDIYAH PVT POLYCLINIC ,DXB,CLINIC,UNKNOWN,Coordinates derived from area-level geocoding. Verify agains
DHA-F-0001912,ANGEL WINGS MEDICAL CENTER LLC,DXB,CLINIC,UNKNOWN,Coordinates derived from area-level geocoding. Verify agains
DHA-F-0000574,AL MASHAHER MEDICAL CENTRE,DXB,CLINIC,UNKNOWN,Coordinates derived from area-level geocoding. Verify agains
DHA-F-0045535,THE DOCTORS HUB POLYCLINIC LLC (FORMERLY DR. JOSEPH GHRAYEB POLYCLINIC),DXB,CLINIC,UNKNOWN,Coordinates derived from area-level geocoding. Verify agains
DHA-F-0045583,AL FALAH MEDICAL CLINIC,DXB,CLINIC,UNKNOWN,Coordinates derived from area-level geocoding. Verify agains
DHA-F-0047300,SEKHER MEDICAL CLINIC LLC,DXB,CLINIC,UNKNOWN,Coordinates derived from area-level geocoding. Verify agains
DHA-F-0000582,KHALIDHA MEDICAL CENTRE L.L.C,DXB,CLINIC,UNKNOWN,Coordinates derived from area-level geocoding. Verify agains
DHA-F-0002334,BRIGHT MEDICAL CENTER,DXB,CLINIC,UNKNOWN,Coordinates derived from area-level geocoding. Verify agains
DHA-F-0002126,ABRIS MEDICAL CENTRE LLC,DXB,CLINIC,UNKNOWN,Coordinates derived from area-level geocoding. Verify agains
DHA-F-0045642,AL DHAFRA MEDICAL CENTER,DXB,CLINIC,UNKNOWN,Coordinates derived from area-level geocoding. Verify agains
DHA-F-0045463,AL MAJID CLINIC LLC,DXB,CLINIC,UNKNOWN,Coordinates derived from area-level geocoding. Verify agains
DHA-F-0046615,DR RADHAKRISHNAN MEDICAL CENTRE LLC,DXB,CLINIC,UNKNOWN,Coordinates derived from area-level geocoding. Verify agains
DHA-F-0045617,ALI MEDICAL CENTRE,DXB,CLINIC,UNKNOWN,Coordinates derived from area-level geocoding. Verify agains
DHA-F-0002366,BIO VISTA MEDICAL CENTRE LLC,DXB,CLINIC,UNKNOWN,Coordinates derived from area-level geocoding. Verify agains
DHA-F-0002330,AL SHIFA INTERNATIONAL CLINIC LLC BRANCH,DXB,CLINIC,Shifa/ADICO,"Coordinates approximate for Jurf 1, Industrial Area 3, Ajman"
DHA-F-0045548,MATHEW MEDICAL CLINIC,DXB,CLINIC,UNKNOWN,Coordinates derived from area-level geocoding. Verify agains
DHA-F-0047736,AL KHAIL MEDICAL CENTER,DXB,CLINIC,UNKNOWN,Coordinates derived from area-level geocoding. Verify agains
DHA-F-0000990,AL KHAIL MEDICAL CENTER BRANCH,DXB,CLINIC,UNKNOWN,Coordinates derived from area-level geocoding. Verify agains
DHA-F-1122756,HOPECARE POLYCLINIC L.L.C,DXB,CLINIC,UNKNOWN,Coordinates derived from area-level geocoding. Verify agains
DHA-F-0002042,PARADISE PLUS POLY CLINIC L L C,DXB,CLINIC,UNKNOWN,Coordinates derived from area-level geocoding. Verify agains
DHA-F-0001772,CARE ONE POLY CLINIC LLC,DXB,CLINIC,UNKNOWN,Coordinates derived from area-level geocoding. Verify agains
DHA-F-0045595,NASSER CLINIC L.L.C,DXB,CLINIC,UNKNOWN,Coordinates derived from area-level geocoding. Verify agains
DHA-F-2805626,AL HANA MEDICAL CENTER LLC-SATWA,DXB,CLINIC,UNKNOWN,Coordinates derived from area-level geocoding. Verify agains
DHA-F-0046444,GLOBEHEALTH GENERAL CLINIC L L C,DXB,CLINIC,UNKNOWN,Coordinates derived from area-level geocoding. Verify agains
DHA-F-6888872,PAKISTAN MEDICAL CENTRE,DXB,CLINIC,UNKNOWN,Coordinates derived from area-level geocoding. Verify agains
DHA-F-1246522,ALHANA MODREN MEDICAL CENTER L.L.C,DXB,CLINIC,UNKNOWN,Coordinates derived from area-level geocoding. Verify agains
DHA-F-0047297,WELLCARE ADVANCED POLY CLINIC L.L.C (FORMERLY AL QUOZ CITY STAR POLYCLINIC),DXB,CLINIC,Wellcare/AXA,"Coordinates are approximate, derived from the described loca"
DHA-F-6571317,BEST HEALTH MEDICAL CENTER L.L.C,DXB,CLINIC,UNKNOWN,Coordinates derived from area-level geocoding. Verify agains
DHA-F-0045565,AL TAIF MEDICAL CENTRE,DXB,CLINIC,UNKNOWN,Coordinates derived from area-level geocoding. Verify agains
DHA-F-0045715,LAKESHORE MEDICAL CENTRE,DXB,CLINIC,UNKNOWN,Coordinates derived from area-level geocoding. Verify agains
DHA-F-0047075,DR REENA BEEGUM CLINIC LLC,DXB,CLINIC,UNKNOWN,Coordinates derived from area-level geocoding. Verify agains
DHA-F-8563784,DOCTORS CLINIC DIAGNOSTIC CENTER,DXB,CLINIC,UNKNOWN,Coordinates derived from area-level geocoding. Verify agains
DHA-F-0000992,MEDICORP GULF MEDICAL CLINIC L.L.C,DXB,CLINIC,UNKNOWN,Coordinates derived from area-level geocoding. Verify agains
DHA-F-0000173,MEDLITE MEDICAL CENTER(FORMERLY BETTER CARE),DXB,CLINIC,UNKNOWN,Coordinates derived from area-level geocoding. Verify agains
DHA-F-7706117,CARE BLUE CLINIC FZCO,DXB,CLINIC,UNKNOWN,Coordinates derived from area-level geocoding. Verify agains
DHA-F-2616639,PHYSIOVEDA MEDICAL CENTER L.L.C(BRANCH),DXB,CLINIC,UNKNOWN,Coordinates derived from area-level geocoding. Verify agains
DHA-F-5308110,ABSOLUTE WELLNESS MEDICAL CENTRE,DXB,CLINIC,UNKNOWN,Coordinates derived from area-level geocoding. Verify agains
DHA-F-0046784,DR. JOHN CLINIC (IMARA GR),DXB,CLINIC,UNKNOWN,Coordinates derived from area-level geocoding. Verify agains
DHA-F-0001508,CLINICARE SAMARI (BR OF IMARA HEALTH CARE L.L.C)(IMARA GR),DXB,CLINIC,UNKNOWN,Coordinates derived from area-level geocoding. Verify agains
DHA-F-0001648,CLINICARE NAIF(BR OF IMARA HEALTH CARE L.L.C)(IMARA GR),DXB,CLINIC,UNKNOWN,Coordinates derived from area-level geocoding. Verify agains
DHA-F-0001994,HTK MEDICAL CENTER,DXB,CLINIC,UNKNOWN,Coordinates derived from area-level geocoding. Verify agains
DHA-F-0000178,HOUSTON MEDICAL CLINIC LLC,DXB,CLINIC,UNKNOWN,Coordinates derived from area-level geocoding. Verify agains
DHA-F-9139449,META CLINIC (FORMERLY HOUSTON MEDICAL CLINIC LLC),DXB,CLINIC,UNKNOWN,Coordinates derived from area-level geocoding. Verify agains
DHA-F-0046449,COSMOPOLITAN MEDICAL CENTRE BURDUBAI(HNC GROUP),DXB,CLINIC,UNKNOWN,Coordinates derived from area-level geocoding. Verify agains
DHA-F-0046986,EMIRATES STAR MEDICAL CENTRE(HNC GROUP) AL QUOZ,DXB,CLINIC,UNKNOWN,Coordinates derived from area-level geocoding. Verify agains
DHA-F-0046740,COSMOPOLITAN MEDICAL CENTRE LLC- MAMZAR BR.(HNC GROUP),DXB,CLINIC,UNKNOWN,Coordinates derived from area-level geocoding. Verify agains
DHA-F-0047471,APPLE CLINIC LLC  ( FRANCE CLUSTER ),DXB,CLINIC,UNKNOWN,Coordinates derived from area-level geocoding. Verify agains
DHA-F-0001441,APPLE INTERNATIONAL POLYCLINIC  ( GREECE  CLUSTER),DXB,CLINIC,UNKNOWN,Coordinates derived from area-level geocoding. Verify agains
DHA-F-0046761,HARLEY INTERNATIONAL MEDICAL CLINIC LLC,DXB,CLINIC,UNKNOWN,Coordinates derived from area-level geocoding. Verify agains
DHA-F-0001734,HARLEY INTERNATIONAL MEDICAL CLINIC BRANCH,DXB,CLINIC,UNKNOWN,Coordinates derived from area-level geocoding. Verify agains
DHA-F-0000802,GSM MEDICAL CENTER LLC,DXB,CLINIC,UNKNOWN,Coordinates derived from area-level geocoding. Verify agains
DHA-F-0000923,GRAND INFINITY MEDICAL CENTER LLC,DXB,CLINIC,UNKNOWN,Coordinates derived from area-level geocoding. Verify agains
DHA-F-4516753,GRAND INFINITY MEDICAL CENTER LLC BRANCH,DXB,CLINIC,UNKNOWN,Coordinates derived from area-level geocoding. Verify agains
DHA-F-3629528,BRIGHT LIFE MEDICAL CENTER LLC,DXB,CLINIC,UNKNOWN,Coordinates derived from area-level geocoding. Verify agains
DHA-F-4809148,GOOD WILL CLINIC LLC,DXB,CLINIC,UNKNOWN,Coordinates derived from area-level geocoding. Verify agains
DHA-F-9737345,FAITH JABAL MEDICAL CENTRE LLC,DXB,CLINIC,UNKNOWN,Coordinates derived from area-level geocoding. Verify agains
DHA-F-0000052,LOTUS MEDICAL CENTRE LLC,DXB,CLINIC,UNKNOWN,Coordinates derived from area-level geocoding. Verify agains
DHA-F-0002131,MEDZE CLINIC LLC,DXB,CLINIC,UNKNOWN,Coordinates derived from area-level geocoding. Verify agains
DHA-F-0046977,NEW LOTUS MEDICAL CENTRE L.L.C,DXB,CLINIC,UNKNOWN,Coordinates derived from area-level geocoding. Verify agains
DHA-F-9423214,DR.SUNNY MEDICAL CENTRE JEBEL ALI,DXB,CLINIC,UNKNOWN,Coordinates derived from area-level geocoding. Verify agains
DHA-F-0045491,DR. SIRAJUDEEN MEDICAL CENTRE,DXB,CLINIC,UNKNOWN,Coordinates derived from area-level geocoding. Verify agains
DHA-F-0045607,NEW APOLLO POLYCLINIC,DXB,CLINIC,UNKNOWN,Coordinates derived from area-level geocoding. Verify agains
DHA-F-0047638,DR.SANJAY MEDICAL CENTRE,DXB,CLINIC,UNKNOWN,Coordinates derived from area-level geocoding. Verify agains
DHA-F-0045427,DR.ISMAIL MEDICAL CENTRE-KARAMA,DXB,CLINIC,UNKNOWN,Coordinates derived from area-level geocoding. Verify agains
DHA-F-0047018,DR.ISMAIL MEDICAL CENTRE AL QUOZ,DXB,CLINIC,UNKNOWN,Coordinates derived from area-level geocoding. Verify agains
DHA-F-0046843,DR.ISMAIL MEDICAL CENTRE-MUHAISINAH II  (BRANCH),DXB,CLINIC,UNKNOWN,Coordinates derived from area-level geocoding. Verify agains
DHA-F-0047844,DR.ISMAIL NEW POLYCLINIC(DISCOVERY GARDEN ),DXB,CLINIC,UNKNOWN,Coordinates derived from area-level geocoding. Verify agains
DHA-F-0000594,DR.ISMAIL POLYCLINIC BRANCH JEBAL ALI,DXB,CLINIC,UNKNOWN,Coordinates derived from area-level geocoding. Verify agains
DHA-F-2019818,DR ISMAIL POLYCLINIC MALL L.L.C,DXB,CLINIC,UNKNOWN,Coordinates derived from area-level geocoding. Verify agains
DHA-F-0001344,DR.ABDULLA'S CLINIC,DXB,CLINIC,UNKNOWN,Coordinates derived from area-level geocoding. Verify agains
DHA-F-0002156,DR.ISMAIL DAY SURGICAL CENTRE,DXB,CLINIC,UNKNOWN,Coordinates derived from area-level geocoding. Verify agains
DHA-F-5073793,CARE AND CURE MEDICAL CENTER L.L.C,DXB,CLINIC,UNKNOWN,Coordinates derived from area-level geocoding. Verify agains
DHA-F-8471946,BRITE MEDICARE MEDICAL CENTRE LLC,DXB,CLINIC,UNKNOWN,Coordinates derived from area-level geocoding. Verify agains
DHA-F-0126933,AL AMAN MEDICAL CENTRE LLC,DXB,CLINIC,UNKNOWN,Coordinates derived from area-level geocoding. Verify agains
DHA-F-6324028,BLUEBELL MEDICAL CENTRE,DXB,CLINIC,UNKNOWN,Coordinates derived from area-level geocoding. Verify agains
DHA-F-0045546,MIDEAST POLYCLINIC,DXB,CLINIC,UNKNOWN,Coordinates derived from area-level geocoding. Verify agains
DHA-F-0001159,"BETTERCARE MEDICAL CENTER, LLC",DXB,CLINIC,UNKNOWN,Coordinates derived from area-level geocoding. Verify agains
DHA-F-0047742,BADR AL SAMAAMEDICAL CENTRE,DXB,CLINIC,UNKNOWN,Coordinates derived from area-level geocoding. Verify agains
DHA-F-0000947,AXON MEDICA MEDICAL CENTER-GARDENS,DXB,CLINIC,UNKNOWN,Coordinates derived from area-level geocoding. Verify agains
DHA-F-0047403,AXON MEDICA POLYCLINIC -AL RASHIDIYA,DXB,CLINIC,UNKNOWN,Coordinates derived from area-level geocoding. Verify agains
DHA-F-6807861,AXON MEDICA POLYCLINIC(SILICON OASIS),DXB,CLINIC,UNKNOWN,Coordinates derived from area-level geocoding. Verify agains
DHA-F-0046649,AVIVO GR-AL BARSHA CLINIC,DXB,CLINIC,UNKNOWN,Coordinates derived from area-level geocoding. Verify agains
DHA-F-0045658,AVIVO GR-DOCTOR'S CLINIC,DXB,CLINIC,UNKNOWN,Coordinates derived from area-level geocoding. Verify agains
DHA-F-0047348,AVIVO GR-MUHAISNA SPECIALISTS MEDICAL CENTRE,DXB,CLINIC,UNKNOWN,Coordinates derived from area-level geocoding. Verify agains
DHA-F-0047577,PRIMACARE SPECIALITY CLINICS LLC BRANCH,DXB,CLINIC,UNKNOWN,Coordinates derived from area-level geocoding. Verify agains
DHA-F-0046583,PRIMACARE SPECIALITY CLINICS LLC,DXB,CLINIC,UNKNOWN,Coordinates derived from area-level geocoding. Verify agains
DHA-F-0001207,ASTER MEDICAL CENTRE OUD METHA(BR OF D M HEALTHCARE LLC)(FORMERLY ASTER MEDICAL CENTRE DEIRA),DXB,CLINIC,UNKNOWN,Coordinates derived from area-level geocoding. Verify agains
DHA-F-0045600,ASTER MEDICAL CENTRE REM RAAM (BR OF D M HEALTHCARE LLC),DXB,CLINIC,UNKNOWN,Coordinates derived from area-level geocoding. Verify agains
DHA-F-0047096,AL SHAAB MEDICAL CENTRE-ASTER,DXB,CLINIC,UNKNOWN,Coordinates derived from area-level geocoding. Verify agains
DHA-F-0047997,ASTER JEBELALI MEDICAL CENTRE,DXB,CLINIC,UNKNOWN,Coordinates derived from area-level geocoding. Verify agains
DHA-F-0000820,ASTER MEDICAL CENTRE INTERNATIONAL CITY,DXB,CLINIC,UNKNOWN,Coordinates derived from area-level geocoding. Verify agains
DHA-F-0045629,DR MOOPENS MEDICAL CENTRE KARAMA BR-ASTER,DXB,CLINIC,UNKNOWN,Coordinates derived from area-level geocoding. Verify agains
DHA-F-0046778,DR.MOOPEN'S AL QUOZ MEDICAL CENTRE-ASTER,DXB,CLINIC,UNKNOWN,Coordinates derived from area-level geocoding. Verify agains
DHA-F-0045542,SALEEM POLYCLINIC-ASTER,DXB,CLINIC,UNKNOWN,Coordinates derived from area-level geocoding. Verify agains
DHA-F-0001384,ASTER MEDICAL CENTRE - ABUHAIL,DXB,CLINIC,UNKNOWN,Coordinates derived from area-level geocoding. Verify agains
DHA-F-0001491,CEDARS CLINIC,DXB,CLINIC,UNKNOWN,Coordinates derived from area-level geocoding. Verify agains
DHA-F-0000890,ASTER MEDICAL CENTRE AL QUSAISE(BR OF DM),DXB,CLINIC,UNKNOWN,Coordinates derived from area-level geocoding. Verify agains
DHA-F-0001027,ACCESS CLINIC AL QUOZ (BR.OF DM),DXB,CLINIC,UNKNOWN,Coordinates derived from area-level geocoding. Verify agains
DHA-F-0000786,ASTER GP  CLINIC BUR DUBAI BR OF DM HEALTHCARE LLC,DXB,CLINIC,UNKNOWN,Coordinates derived from area-level geocoding. Verify agains
DHA-F-0047552,ACCESS CLINIC DIP,DXB,CLINIC,UNKNOWN,Coordinates derived from area-level geocoding. Verify agains
DHA-F-0000738,ACCESS CLINIC INTL. CITY (BR OF DM HEALTHCARE),DXB,CLINIC,UNKNOWN,Coordinates derived from area-level geocoding. Verify agains
DHA-F-0000553,ACCESS CLINIC JAFZA,DXB,CLINIC,UNKNOWN,Coordinates derived from area-level geocoding. Verify agains
DHA-F-0001089,ACCESS CLINIC - PERSIA (BR.DM),DXB,CLINIC,UNKNOWN,Coordinates derived from area-level geocoding. Verify agains
DHA-F-0000491,ACCESS CLINIC SONAPUR,DXB,CLINIC,UNKNOWN,Coordinates derived from area-level geocoding. Verify agains
DHA-F-0001136,ACCESS CLINIC SONAPUR 2 (BR. OF  DM),DXB,CLINIC,UNKNOWN,Coordinates derived from area-level geocoding. Verify agains
DHA-F-0001286,ACCESS CLINIC DIP 2,DXB,CLINIC,UNKNOWN,Coordinates derived from area-level geocoding. Verify agains
DHA-F-0045425,DR.KOYA'S CLINIC,DXB,CLINIC,UNKNOWN,Coordinates derived from area-level geocoding. Verify agains
DHA-F-0002573,ACCESS CLINIC DIC BR DM HEALTHCARE LLC,DXB,CLINIC,UNKNOWN,Coordinates derived from area-level geocoding. Verify agains
DHA-F-0045479,ASHTREE CLINIC LLC,DXB,CLINIC,UNKNOWN,Coordinates derived from area-level geocoding. Verify agains
DHA-F-0000181,ARMADA MEDICAL CENTER,DXB,CLINIC,UNKNOWN,Coordinates derived from area-level geocoding. Verify agains
DHA-F-0002347,MED ONE MEDICAL CENTER LLC (FORMERLY AQUA MEDICAL CENTER LLC),DXB,CLINIC,UNKNOWN,Coordinates derived from area-level geocoding. Verify agains
DHA-F-0002397,ANAYA MEDICAL CENTER L.L.C BRANCH,DXB,CLINIC,UNKNOWN,Coordinates derived from area-level geocoding. Verify agains
DHA-F-0001701,ANAYA MEDICAL CENTRE LLC,DXB,CLINIC,UNKNOWN,Coordinates derived from area-level geocoding. Verify agains
DHA-F-0906434,AL NOOR SOUTH POLYCLINIC DWC LLC (FORMERLY AL SHIFA AL UROPI MEDICAL CENTER DWC LLC),DXB,CLINIC,Shifa/ADICO,"Coordinates approximate for Jurf 1, Industrial Area 3, Ajman"
DHA-F-0045675,AL SHIFA AL KHALEEJI MEDICAL CENTRE (DEIRA),DXB,CLINIC,Shifa/ADICO,"Coordinates approximate for Jurf 1, Industrial Area 3, Ajman"
DHA-F-0001618,AL SHIFA AL KHALEEJI MEDICAL CENTRE BRANCH LLC (DIP),DXB,CLINIC,Shifa/ADICO,"Coordinates approximate for Jurf 1, Industrial Area 3, Ajman"
DHA-F-4321280,SONAPUR STAR POLYCLINIC L.L.C (FORMERLY AL QUSAIS STAR POLYCLINIC (BRANCH)),DXB,CLINIC,UNKNOWN,Coordinates derived from area-level geocoding. Verify agains
DHA-F-0047641,ABEER AL NOOR POLY CLINIC (AL QUSAIS),DXB,CLINIC,UNKNOWN,Coordinates derived from area-level geocoding. Verify agains
DHA-F-0047100,AL RASHIDIYA AL NOOR POLY CLINIC,DXB,CLINIC,UNKNOWN,Coordinates derived from area-level geocoding. Verify agains
DHA-F-0002088,ABEER AL NOOR POLY CLINIC-MUHAISNAH 2,DXB,CLINIC,UNKNOWN,Coordinates derived from area-level geocoding. Verify agains
DHA-F-0001077,AL BARSHA AL NOOR POLY CLINIC,DXB,CLINIC,UNKNOWN,Coordinates derived from area-level geocoding. Verify agains
DHA-F-0002226,ABEER AL NOOR POLY CLINIC LLC-DEIRA (BR),DXB,CLINIC,UNKNOWN,Coordinates derived from area-level geocoding. Verify agains
DHA-F-0046288,AL MURJAN MEDICAL CENTRE,DXB,CLINIC,UNKNOWN,Coordinates derived from area-level geocoding. Verify agains
DHA-F-5061324,HEALTHHUB BR.AL FUTTAIM HEALTHCARE-MUTEENA,DXB,CLINIC,UNKNOWN,Coordinates derived from area-level geocoding. Verify agains
DHA-F-1856028,TOTAL CARE CLINIC BR. ALFUTTAIM HEALTHCARE SINGLE PERSON COMPANY LLC,DXB,CLINIC,UNKNOWN,Coordinates derived from area-level geocoding. Verify agains
DHA-F-3337211,HEALTHHUB 6 BR.AL FUTTAIM-KARAMA,DXB,CLINIC,UNKNOWN,Coordinates derived from area-level geocoding. Verify agains
DHA-F-5058752,ADVANCED CARE MEDICAL CENTER L.L.C,DXB,CLINIC,UNKNOWN,"Coordinates are approximate, derived from the described loca"
DHA-F-0047388,ADVANCED CARE MEDICAL CENTER-AL QUOZ-(ADVANCED GROUP),DXB,CLINIC,UNKNOWN,"Coordinates are approximate, derived from the described loca"
DHA-F-0047190,CARE PLUS MEDICAL CENTER-JABEL ALI-(ADVANCED GROUP),DXB,CLINIC,UNKNOWN,"Coordinates are approximate, derived from the described loca"
DHA-F-0000564,ADVANCED CARE MEDICAL CENTER (BRANCH)-DIP-(ADVANCED GROUP),DXB,CLINIC,UNKNOWN,"Coordinates are approximate, derived from the described loca"
DHA-F-0002260,ADVANCED CARE MEDICAL CENTER (BRANCH)(ADVANCED GROUP),DXB,CLINIC,UNKNOWN,"Coordinates are approximate, derived from the described loca"
DHA-F-0002329,ADVANCED CARE MEDICAL CENTER BRANCH- DIC (ADVANCE CARE- GROUP),DXB,CLINIC,UNKNOWN,"Coordinates are approximate, derived from the described loca"
DHA-F-5626518,ADVANCED CARE MEDICAL CENTER LLC BRANCH-ALQUOZ 2,DXB,CLINIC,UNKNOWN,"Coordinates are approximate, derived from the described loca"
DHA-F-0115116,ADVANCED CARE MEDICAL CENTER LLC BRANCH,DXB,CLINIC,UNKNOWN,"Coordinates are approximate, derived from the described loca"
DHA-F-0045585,AL MANSOOR MEDICAL CENTER,DXB,CLINIC,UNKNOWN,Coordinates derived from area-level geocoding. Verify agains
DHA-F-0717492,YOUR CENTER POLYCLINIC LLC,DXB,CLINIC,UNKNOWN,Coordinates derived from area-level geocoding. Verify agains
DHA-F-0046803,AL WAHA CLINIC,DXB,CLINIC,UNKNOWN,Coordinates derived from area-level geocoding. Verify agains
DHA-F-0253862,APOLLO CLINIC LLC(FORMERLY NEW CITY CLINIC LLC),DXB,CLINIC,UNKNOWN,Coordinates derived from area-level geocoding. Verify agains
DHA-F-0045480,OXFORD MEDICAL CENTER,DXB,CLINIC,UNKNOWN,Coordinates derived from area-level geocoding. Verify agains
DHA-F-0045423,DR ABDUL LATIF CLINIC L.L.C,DXB,CLINIC,UNKNOWN,Coordinates derived from area-level geocoding. Verify agains
DHA-F-0045672,LIVERPOOL MEDICAL CLINIC LLC,DXB,CLINIC,UNKNOWN,Coordinates derived from area-level geocoding. Verify agains
DHA-F-0017907,RALS HEALTHCARE (BR OF ABD ULWAHED BIN SHABIB INVESTMENT GROUP L.L.C),DXB,CLINIC,UNKNOWN,Coordinates derived from area-level geocoding. Verify agains
DHA-F-6347683,ARIN CARE POLY CLINIC L.L.C,DXB,CLINIC,UNKNOWN,Coordinates derived from area-level geocoding. Verify agains
DHA-F-0047293,MODERN FAMILY CLINIC LLC,DXB,CLINIC,UNKNOWN,Coordinates derived from area-level geocoding. Verify agains
DHA-F-5579493,MODERN FAMILY CLINIC LLC BRANCH(AL QUOZ),DXB,CLINIC,UNKNOWN,Coordinates derived from area-level geocoding. Verify agains
DHA-F-4561808,MODERN FAMILY CLINIC LLC BRANCH (AL BARSHA),DXB,CLINIC,UNKNOWN,Coordinates derived from area-level geocoding. Verify agains
DHA-F-7784388,GMG MEDICAL CENTER LLC,DXB,CLINIC,UNKNOWN,Coordinates derived from area-level geocoding. Verify agains
DHA-F-0045578,KHAYBER MEDICAL CENTER,DXB,CLINIC,UNKNOWN,Coordinates derived from area-level geocoding. Verify agains
DHA-F-8923608,MEDCOME HEALTHCARE CENTER,DXB,CLINIC,UNKNOWN,Coordinates derived from area-level geocoding. Verify agains
DHA-F-0001842,TORONTO MEDICAL CENTER LLC,DXB,CLINIC,UNKNOWN,Coordinates derived from area-level geocoding. Verify agains
DHA-F-2412412,SHARE AND CARE MEDICAL CENTER FZE,DXB,CLINIC,UNKNOWN,Coordinates derived from area-level geocoding. Verify agains
DHA-F-0045405,AL FAHIM  CLINIC,DXB,CLINIC,UNKNOWN,Coordinates derived from area-level geocoding. Verify agains
DHA-F-7346249,MODERN CARE CLINIC LLC,DXB,CLINIC,UNKNOWN,Coordinates derived from area-level geocoding. Verify agains
DHA-F-3635685,ADVANCED CARE MEDICAL CENTER L.L.C (BRANCH),DXB,CLINIC,UNKNOWN,"Coordinates are approximate, derived from the described loca"
DHA-F-0045520,DR KAMKAR MEDICAL & PHYSIOTHERAPHY CENTER L.L.C,DXB,CLINIC,UNKNOWN,Coordinates derived from area-level geocoding. Verify agains
DHA-F-6463093,DR. ISMAIL POLYCLINIC (BRANCH),DXB,CLINIC,UNKNOWN,Coordinates derived from area-level geocoding. Verify agains
DHA-F-0047994,AMBER CLINICS L.L.C,DXB,CLINIC,UNKNOWN,Coordinates derived from area-level geocoding. Verify agains
DHA-F-0045579,AL NOOR POLYCLINIC L.L.C,DXB,CLINIC,UNKNOWN,Coordinates derived from area-level geocoding. Verify agains
DHA-F-0046698,AL NOOR POLYCLINIC AL SATWA (BR OF AMBER CLINICS L.L.C),DXB,CLINIC,UNKNOWN,Coordinates derived from area-level geocoding. Verify agains
DHA-F-0045465,DR JOSEPH POLYCLINIC (BR OF AMBER CLINICS L.L.C),DXB,CLINIC,UNKNOWN,Coordinates derived from area-level geocoding. Verify agains
DHA-F-0046298,JOSEPHS QUSAIS POLYCLINIC (BR OF AMBER CLINICS L.L.C),DXB,CLINIC,UNKNOWN,Coordinates derived from area-level geocoding. Verify agains
DHA-F-3218645,HARLEY INTERNATIONAL MEDICAL CLINIC L.L.C (BRANCH),DXB,CLINIC,UNKNOWN,Coordinates derived from area-level geocoding. Verify agains
DHA-F-6899933,ASCENT ENT SPECIALITY CENTRE LLC,DXB,CLINIC,UNKNOWN,Coordinates derived from area-level geocoding. Verify agains
DHA-F-4634377,L L H MEDICAL CENTER L.L.C,DXB,CLINIC,UNKNOWN,Coordinates derived from area-level geocoding. Verify agains
DHA-F-8445632,GUADALOUPE MEDICAL CLINIC L.L.C POLYCLINIC(FORMERLY INDIGO MEDICAL CLINIC L.L.C),DXB,CLINIC,UNKNOWN,Coordinates derived from area-level geocoding. Verify agains
DHA-F-0001672,NEW MEDICAL CENTER LTD - DUBAI BRANCH(FORMERLY NEW MEDICAL CENTRE ( DEIRA)),DXB,CLINIC,UNKNOWN,Coordinates derived from area-level geocoding. Verify agains
DHA-F-7633903,NMC JEBEL ALI CLINIC (BR OF N M C ROYAL HOSPITAL LTD)(DUBAI BRANCH),DXB,CLINIC,NMC (Healthcare Network),"Coordinates verified for Al Nuaymia area, Ajman. NMC Healthc"
DHA-F-0046829,KEERTHI MEDICAL CENTER LLC,DXB,CLINIC,UNKNOWN,Coordinates derived from area-level geocoding. Verify agains
DHA-F-0045441,AMIRUDDIN CLINIC,DXB,CLINIC,UNKNOWN,Coordinates derived from area-level geocoding. Verify agains
DHA-F-0000488,XIE HE MEDICAL CENTER LLC,DXB,CLINIC,UNKNOWN,Coordinates derived from area-level geocoding. Verify agains
DHA-F-1161905,LLH MEDICAL CENTER LLC (BRANCH),DXB,CLINIC,UNKNOWN,Coordinates derived from area-level geocoding. Verify agains
DHA-F-4352556,NOOM MEDICAL CLINIC LLC,DXB,CLINIC,UNKNOWN,Coordinates derived from area-level geocoding. Verify agains
DHA-F-5313703,MBM SPECIALITY MEDICAL CENTER LLC,DXB,CLINIC,UNKNOWN,Coordinates derived from area-level geocoding. Verify agains
DHA-F-6722050,ZMC HEALTH CLINIC LLC,DXB,CLINIC,UNKNOWN,Coordinates derived from area-level geocoding. Verify agains
DHA-F-5009237,BLOOM PLUS POLY CLINIC LLC,DXB,CLINIC,UNKNOWN,Coordinates derived from area-level geocoding. Verify agains
DHA-F-9886764,GRAND DR ISMAIL POLYCLINIC L.L.C,DXB,CLINIC,UNKNOWN,Coordinates derived from area-level geocoding. Verify agains
DHA-F-5455109,STEPS POLY CLINIC L.L.C,DXB,CLINIC,UNKNOWN,Coordinates derived from area-level geocoding. Verify agains
DHA-F-9839500,AFRIDI MEDICAL CENTER L.L.C,DXB,CLINIC,UNKNOWN,Coordinates derived from area-level geocoding. Verify agains
DHA-F-0001604,WE CARE MEDICAL CENTER L.L.C,DXB,CLINIC,UNKNOWN,Coordinates derived from area-level geocoding. Verify agains
DHA-F-0045508,AL BAYAN MEDICAL CENTER L.L.C,DXB,CLINIC,UNKNOWN,Coordinates derived from area-level geocoding. Verify agains
DHA-F-0256039,AL RUKN MEDICAL CENTER LLC DUBAI BRANCH,DXB,CLINIC,UNKNOWN,Coordinates derived from area-level geocoding. Verify agains
DHA-F-4291797,GOOD LIFE MEDICAL CENTER L.L.C,DXB,CLINIC,UNKNOWN,Coordinates derived from area-level geocoding. Verify agains
DHA-F-0046191,MARHABA MEDICAL CENTRE,DXB,CLINIC,UNKNOWN,Coordinates derived from area-level geocoding. Verify agains
DHA-F-1405006,SAFA ALNOOR POLYCLINIC LLC,DXB,CLINIC,UNKNOWN,Coordinates derived from area-level geocoding. Verify agains
DHA-F-6854415,ALDIA MEDICAL CENTER,DXB,CLINIC,UNKNOWN,Coordinates derived from area-level geocoding. Verify agains
DHA-F-7264077,BEST LIFE GENERAL CLINIC L.L.C,DXB,CLINIC,UNKNOWN,Coordinates derived from area-level geocoding. Verify agains
DHA-F-1169256,PESHAWAR MEDICAL CENTER L.L.C- INTERNATIONAL CITY,DXB,CLINIC,UNKNOWN,Coordinates derived from area-level geocoding. Verify agains
DHA-F-8971664,CITY RELIEF EXPRESS GROUP CLINIC,DXB,CLINIC,UNKNOWN,"Coordinates are approximate, derived from district-level kno"
DHA-F-8688303,SHAMS AL AHALIA MEDICAL CENTER,DXB,CLINIC,UNKNOWN,Coordinates derived from area-level geocoding. Verify agains
DHA-F-5435064,MUMTAZ AL NOOR EXPRESS PHARMACY L.L.C  (GP CLINIC),DXB,CLINIC,UNKNOWN,Coordinates derived from area-level geocoding. Verify agains
DHA-F-3731093,MEDHUB MEDICAL CENTER L.L.C,DXB,CLINIC,UNKNOWN,Coordinates derived from area-level geocoding. Verify agains
DHA-F-0002312,GREEN LIFE MEDICAL CLINIC,DXB,CLINIC,UNKNOWN,Coordinates derived from area-level geocoding. Verify agains
DHA-F-5633552,AL NOOR POLYCLINIC L.L.C (BRANCH),DXB,CLINIC,UNKNOWN,Coordinates derived from area-level geocoding. Verify agains
DHA-F-3479578,HEAVEN MEDICAL CENTRE L.L.C,DXB,CLINIC,UNKNOWN,Coordinates derived from area-level geocoding. Verify agains
DHA-F-0046437,SEVEN DENTAL CENTRE L.L.C,DXB,CLINIC,UNKNOWN,Coordinates derived from area-level geocoding. Verify agains
DHA-F-3006003,NAJMAT ALSAQR CLINIC L.L.C,DXB,CLINIC,UNKNOWN,Coordinates derived from area-level geocoding. Verify agains
DHA-F-9685821,ABRO CLINIC L.L.C,DXB,CLINIC,UNKNOWN,Coordinates derived from area-level geocoding. Verify agains
DHA-F-4125660,CRX EXPRESS CLINIC L.L.C,DXB,CLINIC,UNKNOWN,Coordinates derived from area-level geocoding. Verify agains
DHA-F-0045474,NAIF MEDICAL CENTER,DXB,CLINIC,UNKNOWN,Coordinates derived from area-level geocoding. Verify agains
DHA-F-0572585,DRONCALL HOME HEALTH CARE CENTER L.L.C,DXB,CLINIC,UNKNOWN,Coordinates derived from area-level geocoding. Verify agains
DHA-F -5739289,ELISTERMED POLYCLINIC L.L.C,DXB,CLINIC,UNKNOWN,Coordinates derived from area-level geocoding. Verify agains
DHA-F-1190004,ELISTERMED PHARMACY L.L.C,DXB,CLINIC,UNKNOWN,Coordinates derived from area-level geocoding. Verify agains
DHA-F-9348616,CARE 7 MEDICAL CENTER LLC ,DXB,CLINIC,UNKNOWN,Coordinates derived from area-level geocoding. Verify agains
DHA-F-5458015,PARADISE PLUS POLY CLINIC LLC(BRANCH),DXB,CLINIC,UNKNOWN,Coordinates derived from area-level geocoding. Verify agains
DHA-F-9617310,JAVIDA MEDICAL CENTER L.L.C,DXB,CLINIC,UNKNOWN,Coordinates derived from area-level geocoding. Verify agains
DHA-F-5982353,SHIELD MEDICAL CENTER-L.L.C-O.P.C,DXB,CLINIC,UNKNOWN,Coordinates derived from area-level geocoding. Verify agains
DHA-F-7552666,SHIELD MEDICAL CENTER-DUBAI BRANCH,DXB,CLINIC,UNKNOWN,Coordinates derived from area-level geocoding. Verify agains
DHA-F-6429491,SEHA AL NOOR CLINIC L.L.C,DXB,CLINIC,UNKNOWN,Coordinates derived from area-level geocoding. Verify agains
DHA-F-7840310,BRIGHT CARE CLINIC L.L.C,DXB,CLINIC,UNKNOWN,Coordinates derived from area-level geocoding. Verify agains
DHA-F-1428491,MOOPANS POLYCLINIC L.L.C,DXB,CLINIC,UNKNOWN,Coordinates derived from area-level geocoding. Verify agains
DHA-F-8828824,SIDRA HOME HEALTH CARE CENTER L.L.C,DXB,CLINIC,UNKNOWN,Coordinates derived from area-level geocoding. Verify agains
DHA-F-9397485,ZAIN CURA MEDICAL CENTER LLC,DXB,CLINIC,UNKNOWN,Coordinates derived from area-level geocoding. Verify agains
DHA-F-5910903,ROYAL SABA MEDICAL CLINIC,DXB,CLINIC,UNKNOWN,Coordinates derived from area-level geocoding. Verify agains
DHA-F-0045700,IBN SINA MEDICAL CENTER,DXB,CLINIC,UNKNOWN,Coordinates derived from area-level geocoding. Verify agains
DHA-F-3359016 ,NEEKO POLYCLINIC L.L.C,DXB,CLINIC,UNKNOWN,Coordinates derived from area-level geocoding. Verify agains
DHA-F-0002227,ASTER DAY SURGERY CENTRE LLC,DXB,DAYCARE,UNKNOWN,Coordinates derived from area-level geocoding. Verify agains
DHA-F-0001179,ARMADA ONE DAY SURGICAL CENTER,DXB,DAYCARE,UNKNOWN,Coordinates derived from area-level geocoding. Verify agains
DHA-F-5696570,HEALTHHUB BR.ALFUTTAIM DAY SURGICAL CENTER -FESTIVAL CITY,DXB,DAYCARE,UNKNOWN,Coordinates derived from area-level geocoding. Verify agains
DHA-F-5393958,ALOKA EYE CLINIC L.L.C (DAY SURGICAL CENTER),DXB,DAYCARE,UNKNOWN,Coordinates derived from area-level geocoding. Verify agains
DHA-F-0000228,DR SAI GANESH MEDICAL CENTRE L.L.C- DEIRA,DXB,DENTAL,UNKNOWN,Coordinates derived from area-level geocoding. Verify agains
DHA-F-0001655,SAI GANESH MEDICAL CENTRE L.L.C,DXB,DENTAL,UNKNOWN,Coordinates derived from area-level geocoding. Verify agains
DHA-F-1171945,DR. SG POLY CLINIC CO. LLC,DXB,DENTAL,UNKNOWN,Coordinates derived from area-level geocoding. Verify agains
DHA-F-0001653,DR SAI GANESH MEDICAL CENTRE L.L.C- SATWA,DXB,DENTAL,UNKNOWN,Coordinates derived from area-level geocoding. Verify agains
DHA-F-0107973,SIKKA DENTAL CLINIC L.L.C,DXB,DENTAL,UNKNOWN,Coordinates derived from area-level geocoding. Verify agains
 DHA-F-5249061,SEVEN D MEDICAL CENTRE L.L.C,DXB,DENTAL,UNKNOWN,Coordinates derived from area-level geocoding. Verify agains
DHA-F-8148455,SAKURA MEDICAL AND DENTAL CLINIC FZ-LLC,DXB,DENTAL,UNKNOWN,Coordinates derived from area-level geocoding. Verify agains
DHA-F-6316298,MICRO HEALTH MEDICAL LAB,DXB,DIAGNOSTIC CENTRE,UNKNOWN,Coordinates derived from area-level geocoding. Verify agains
DHA-F-0001120,PH DIAGNOSTIC,DXB,DIAGNOSTIC CENTRE,UNKNOWN,Coordinates derived from area-level geocoding. Verify agains
DHA-F-0048007,TRUST MEDICAL LABORATORY,DXB,DIAGNOSTIC CENTRE,UNKNOWN,Coordinates derived from area-level geocoding. Verify agains
DHA-F-0001683,AIRIS IMAGING AND DIAGNOSTIC CENTRE LLC,DXB,DIAGNOSTIC CENTRE,UNKNOWN,Coordinates derived from area-level geocoding. Verify agains
DHA-F-0001940,ASTER IMAGING CENTRE AL MUTEENA BR OF DM HEALTHCARE LLC,DXB,DIAGNOSTIC CENTRE,UNKNOWN,Coordinates derived from area-level geocoding. Verify agains
DHA-F-0045687,MEDINOVA DIAGNOSTIC CENTER,DXB,DIAGNOSTIC CENTRE,UNKNOWN,Coordinates derived from area-level geocoding. Verify agains
DHA-F-0001916,ASTER MEDICAL LABORATORY BR OF DM HEALTHCARE LLC,DXB,DIAGNOSTIC CENTRE,UNKNOWN,Coordinates derived from area-level geocoding. Verify agains
DHA-F-0311028,GULF CARE DIAGNOSTIC CENTER LLC,DXB,DIAGNOSTIC CENTRE,UNKNOWN,Coordinates derived from area-level geocoding. Verify agains
DHA-F-0047151,STAR METROPOLIS CLINICAL LABORATORIESAND HEALTH SERVICES MIDDLE EAST LLC,DXB,DIAGNOSTIC CENTRE,UNKNOWN,Coordinates derived from area-level geocoding. Verify agains
DHA-F-0045588,MEDICAL DIAGNOSTIC AND IMAGING CENTER POLYCLINIC(MEDIC),DXB,DIAGNOSTIC CENTRE,UNKNOWN,Coordinates derived from area-level geocoding. Verify agains
DHA-F-2627666,LIFE DIAGNOSTICS MEDICAL LABORATORIES,DXB,DIAGNOSTIC CENTRE,UNKNOWN,Coordinates derived from area-level geocoding. Verify agains
DHA-F-0001377,BIOHEALTH DIAGNOSTIC CENTER,DXB,DIAGNOSTIC CENTRE,UNKNOWN,Coordinates derived from area-level geocoding. Verify agains
DHA-F-2573668,FORTE CLINICAL LABORATORY L.L.C,DXB,DIAGNOSTIC CENTRE,UNKNOWN,Coordinates derived from area-level geocoding. Verify agains
DHA-F-9150384,LAB247 DIAGNOSTICS LLC,DXB,DIAGNOSTIC CENTRE,UNKNOWN,Coordinates derived from area-level geocoding. Verify agains
DHA-F-9482471,AIRIS IMAGING AND DIAGNOSTICS CENTER LLC,DXB,DIAGNOSTIC CENTRE,UNKNOWN,Coordinates derived from area-level geocoding. Verify agains
DHA-F-0001149,MEDEOR 24X7 HOSPITAL LLC(BUR DUBAI),DXB,HOSPITAL,UNKNOWN,Hospital facility with emergency services. Coordinates verif
DHA-F-0001219,IRANIAN HOSPITAL,DXB,HOSPITAL,UNKNOWN,Hospital facility with emergency services. Coordinates verif
DHA-F-0001391,MEDSTAR HEALTHCARE LLC,DXB,HOSPITAL,UNKNOWN,Hospital facility with emergency services. Coordinates verif
DHA-F-0046879,INTERNATIONAL MODERN HOSPITAL,DXB,HOSPITAL,UNKNOWN,Hospital facility with emergency services. Coordinates verif
DHA-F-0047969,HATTA HOSPITAL,DXB,HOSPITAL,UNKNOWN,Hospital facility with emergency services. Coordinates verif
DHA-F-0047278,CANADIAN SPECIALIST HOSPITAL,DXB,HOSPITAL,UNKNOWN,Hospital facility with emergency services. Coordinates verif
DHA-F-0046396,BELHOUL SPECIALITY HOSPITAL,DXB,HOSPITAL,UNKNOWN,Hospital facility with emergency services. Coordinates verif
DHA-F-0001169,ASTER HOSPITAL-MANKHOOL,DXB,HOSPITAL,UNKNOWN,Hospital facility with emergency services. Coordinates verif
DHA-F-0045696,ASTER CEDARS HOSPITAL JEBEL ALI,DXB,HOSPITAL,UNKNOWN,Hospital facility with emergency services. Coordinates verif
DHA-F-0002431,ASTER HOSPITAL- AL QUSAIS,DXB,HOSPITAL,UNKNOWN,Hospital facility with emergency services. Coordinates verif
DHA-F-0168844,ASTER HOSPITAL SONAPUR,DXB,HOSPITAL,UNKNOWN,Hospital facility with emergency services. Coordinates verif
DHA-F-0046789,N.M.C SPECIALTY HOSPITAL LTD - DUBAI BRANCH(FORMERLY NMC SPECIALTY HOSPITAL-AL NAHADA),DXB,HOSPITAL,NMC,Hospital facility with emergency services. Coordinates verif
DHA-F-0000926,NMC ROYAL HOSPITAL LTD - DUBAI BRANCH(FORMERLY NMC HOSPITAL DIP),DXB,HOSPITAL,NMC,Hospital facility with emergency services. Coordinates verif
DHA-F-4028565,NMC SPECIALTY HOSPITAL DIP BR OF NMC ROYAL HOSPITAL LTD DUBAI BRANCH,DXB,HOSPITAL,NMC,Hospital facility with emergency services. Coordinates verif
DHA-F-1696087,ZEN LIFE PHARMACY CO LLC,DXB,PHARMACY,UNKNOWN,Pharmacy outlet. Coordinates approximate for area. Operating
DHA-F-0046434,ZAMZAM PHARMACY LLC,DXB,PHARMACY,UNKNOWN,Pharmacy outlet. Coordinates approximate for area. Operating
DHA-F-0047179,AL JABRI PHARMACY,DXB,PHARMACY,UNKNOWN,Pharmacy outlet. Coordinates approximate for area. Operating
DHA-F-0045959,AL BAIROONI PHARMACY LLC,DXB,PHARMACY,UNKNOWN,Pharmacy outlet. Coordinates approximate for area. Operating
DHA-F-0001184,MEDEOR 24X7 HOSPITAL PHARMACY LLC,DXB,PHARMACY,UNKNOWN,Pharmacy outlet. Coordinates approximate for area. Operating
DHA-F-0045743,OASIS PHARMACY LLC,DXB,PHARMACY,UNKNOWN,Pharmacy outlet. Coordinates approximate for area. Operating
DHA-F-0045869,AL BARAKA PHARMACY LLC,DXB,PHARMACY,UNKNOWN,Pharmacy outlet. Coordinates approximate for area. Operating
DHA-F-0045851,AL JUMEIYAH AL TAAWONIYAH PHARMACY LLC,DXB,PHARMACY,UNKNOWN,Pharmacy outlet. Coordinates approximate for area. Operating
DHA-F-0045879,BADER PHARMACY LLC,DXB,PHARMACY,UNKNOWN,Pharmacy outlet. Coordinates approximate for area. Operating
DHA-F-0047979,CARE & CURE PHARMACY LLC,DXB,PHARMACY,UNKNOWN,Pharmacy outlet. Coordinates approximate for area. Operating
DHA-F-0045866,CORNICHE PHARMACY LLC,DXB,PHARMACY,UNKNOWN,Pharmacy outlet. Coordinates approximate for area. Operating
DHA-F-0047338,HATTA PHARMACY LLC,DXB,PHARMACY,UNKNOWN,Pharmacy outlet. Coordinates approximate for area. Operating
DHA-F-0047906,HORIZON HEALTH PHARMACY LLC,DXB,PHARMACY,UNKNOWN,Pharmacy outlet. Coordinates approximate for area. Operating
DHA-F-0000876,NAD SHAMMA PHARMACY LLC,DXB,PHARMACY,UNKNOWN,Pharmacy outlet. Coordinates approximate for area. Operating
DHA-F-3381915,VIVA PHARMACY LLC,DXB,PHARMACY,UNKNOWN,Pharmacy outlet. Coordinates approximate for area. Operating
DHA-F-0045876,SANA PHARMACY LLC,DXB,PHARMACY,UNKNOWN,Pharmacy outlet. Coordinates approximate for area. Operating
DHA-F-0045894,AL MUSAIF PHARMACY,DXB,PHARMACY,UNKNOWN,Pharmacy outlet. Coordinates approximate for area. Operating
DHA-F-0000710,NEW NAWRAS PHARMACY,DXB,PHARMACY,UNKNOWN,Pharmacy outlet. Coordinates approximate for area. Operating
DHA-F-0000572,VILLAGE PHARMACY,DXB,PHARMACY,UNKNOWN,Pharmacy outlet. Coordinates approximate for area. Operating
DHA-F-6217797,NEW VIDA PHARMACY CO L L C,DXB,PHARMACY,UNKNOWN,Pharmacy outlet. Coordinates approximate for area. Operating
DHA-F-0001305,VCARE PHARMACY LLC,DXB,PHARMACY,UNKNOWN,Pharmacy outlet. Coordinates approximate for area. Operating
DHA-F-0048005,UNICARE PHARMACY-BURJUMAN CENTRE,DXB,PHARMACY,UNKNOWN,Pharmacy outlet. Coordinates approximate for area. Operating
DHA-F-0000308,UNICARE STAR PHARMACY-SATWA,DXB,PHARMACY,UNKNOWN,Pharmacy outlet. Coordinates approximate for area. Operating
DHA-F-0002353,BURJEEL AL HAYYAT PHARMACY,DXB,PHARMACY,UNKNOWN,Pharmacy outlet. Coordinates approximate for area. Operating
DHA-F-0047152,BETTER LIFE PHARMACY,DXB,PHARMACY,UNKNOWN,Pharmacy outlet. Coordinates approximate for area. Operating
DHA-F-0047728,PARK BETTER LIFE PHARMACY,DXB,PHARMACY,UNKNOWN,Pharmacy outlet. Coordinates approximate for area. Operating
DHA-F-0047646,NEW BETTER LIFE PHARMACY,DXB,PHARMACY,UNKNOWN,Pharmacy outlet. Coordinates approximate for area. Operating
DHA-F-0000250,JUMEIRA BETTER LIFE PHARMACY,DXB,PHARMACY,UNKNOWN,Pharmacy outlet. Coordinates approximate for area. Operating
DHA-F-0045767,AL RAYAN PHARMACY,DXB,PHARMACY,UNKNOWN,Pharmacy outlet. Coordinates approximate for area. Operating
DHA-F-0001326,GATE BETTER LIFE PHARMACY,DXB,PHARMACY,UNKNOWN,Pharmacy outlet. Coordinates approximate for area. Operating
DHA-F-0048021,AL AZHAR AL JADEEDA PHARMACY (JABEL ALI),DXB,PHARMACY,UNKNOWN,Pharmacy outlet. Coordinates approximate for area. Operating
DHA-F-0047441,AL AZHAR PHARMACY (DIP-1),DXB,PHARMACY,UNKNOWN,Pharmacy outlet. Coordinates approximate for area. Operating
DHA-F-7010191,RAHEQ ALAZHAR PHARMACY L.L.C,DXB,PHARMACY,UNKNOWN,Pharmacy outlet. Coordinates approximate for area. Operating
DHA-F-0047986,AL MANZIL PHARMACY (DIP-2),DXB,PHARMACY,UNKNOWN,Pharmacy outlet. Coordinates approximate for area. Operating
DHA-F-0046940,AL MADINA AL SANAIYA PHARMACY (AL QUOZ),DXB,PHARMACY,UNKNOWN,Pharmacy outlet. Coordinates approximate for area. Operating
DHA-F-0046342,AL SANAIYA PHARMACY (SONAPUR),DXB,PHARMACY,UNKNOWN,Pharmacy outlet. Coordinates approximate for area. Operating
DHA-F-0046435,NEW SANAIYA PHARMACY (SONAPUR),DXB,PHARMACY,UNKNOWN,Pharmacy outlet. Coordinates approximate for area. Operating
DHA-F-0047501,RUBY PHARMACY,DXB,PHARMACY,UNKNOWN,Pharmacy outlet. Coordinates approximate for area. Operating
DHA-F-0001605,ROYAL RUBY PHARMACY - DIP-1,DXB,PHARMACY,UNKNOWN,Pharmacy outlet. Coordinates approximate for area. Operating
DHA-F-0002444,AL MANZIL AL JADEED PHARMACY LLC,DXB,PHARMACY,UNKNOWN,Pharmacy outlet. Coordinates approximate for area. Operating
DHA-F-4773190,RIGHT HEALTH PHARMACY L.L.C,DXB,PHARMACY,Right Health/DARIC,Pharmacy outlet. Coordinates approximate for area. Operating
DHA-F-0830902,REMEDY PLUS PHARMACY LLC,DXB,PHARMACY,UNKNOWN,Pharmacy outlet. Coordinates approximate for area. Operating
DHA-F-3188019,NEO PHARMACY LLC-DIP 2,DXB,PHARMACY,UNKNOWN,Pharmacy outlet. Coordinates approximate for area. Operating
DHA-F-3617896,NEO PHARMACY LLC BRANCH-ALQOUZ 2,DXB,PHARMACY,UNKNOWN,Pharmacy outlet. Coordinates approximate for area. Operating
DHA-F-2386189,NEO PHARMACY LLC BRANCH-JEBAL ALI IND 2,DXB,PHARMACY,UNKNOWN,Pharmacy outlet. Coordinates approximate for area. Operating
DHA-F-3687695,NEO PHARMACY LLC (FORMERLY NEO PHARMACY LLC BRANCH ALQOUZ 1),DXB,PHARMACY,UNKNOWN,Pharmacy outlet. Coordinates approximate for area. Operating
DHA-F-8660361,RALS PHARMACY,DXB,PHARMACY,UNKNOWN,Pharmacy outlet. Coordinates approximate for area. Operating
DHA-F-5253086,BLUE LIFE PHARMACY,DXB,PHARMACY,UNKNOWN,Pharmacy outlet. Coordinates approximate for area. Operating
DHA-F-6161076,BLUE LIFE PHARMACY BRANCH,DXB,PHARMACY,UNKNOWN,Pharmacy outlet. Coordinates approximate for area. Operating
DHA-F-8359680,BASMAT AL IFRAH PHARMACY LLC,DXB,PHARMACY,UNKNOWN,Pharmacy outlet. Coordinates approximate for area. Operating
DHA-F-0002043,PARADISE PLUS PHARMACY  L L C,DXB,PHARMACY,UNKNOWN,Pharmacy outlet. Coordinates approximate for area. Operating
DHA-F-0047159,NADHA AL SAHARA(NOVO),DXB,PHARMACY,UNKNOWN,Pharmacy outlet. Coordinates approximate for area. Operating
DHA-F-0046962,SAHARA STAR(NOVO),DXB,PHARMACY,UNKNOWN,Pharmacy outlet. Coordinates approximate for area. Operating
DHA-F-0000109,NOVO PHARMACY(NOVO),DXB,PHARMACY,UNKNOWN,Pharmacy outlet. Coordinates approximate for area. Operating
DHA-F-0045900,AL OMARAA RX(NOVO),DXB,PHARMACY,UNKNOWN,Pharmacy outlet. Coordinates approximate for area. Operating
DHA-F-0002292,NOVO PHARMACY  BRANCH,DXB,PHARMACY,UNKNOWN,Pharmacy outlet. Coordinates approximate for area. Operating
DHA-F-0000585,AL GHUBAIBA PHARMACY LLC,DXB,PHARMACY,UNKNOWN,Pharmacy outlet. Coordinates approximate for area. Operating
DHA-F-3139740,NEW HEALTH SIGN PHARMACY L.L.C,DXB,PHARMACY,UNKNOWN,Pharmacy outlet. Coordinates approximate for area. Operating
DHA-F-3899713,NOVO PHARMACY LLC (BRANCH),DXB,PHARMACY,UNKNOWN,Pharmacy outlet. Coordinates approximate for area. Operating
DHA-F-8973721,NOVITAS PHARMACY LLC,DXB,PHARMACY,UNKNOWN,Pharmacy outlet. Coordinates approximate for area. Operating
DHA-F-8819107,BETA STAR PHARMACY L.L.C (FORMERLY NOVITAS PHARMACY LLC ( BRANCH),DXB,PHARMACY,UNKNOWN,Pharmacy outlet. Coordinates approximate for area. Operating
DHA-F-0001696,ZAHRAT  AL SHEFA PHARMACY LLC,DXB,PHARMACY,UNKNOWN,Pharmacy outlet. Coordinates approximate for area. Operating
DHA-F-0048046,SAMARY PHARMACY,DXB,PHARMACY,UNKNOWN,Pharmacy outlet. Coordinates approximate for area. Operating
DHA-F-7411736,SAMARY PHARMACY BRANCH LLC,DXB,PHARMACY,UNKNOWN,Pharmacy outlet. Coordinates approximate for area. Operating
DHA-F-0047458,NOOR ALMADINA PHARMACY,DXB,PHARMACY,UNKNOWN,Pharmacy outlet. Coordinates approximate for area. Operating
DHA-F-0001532,AL SEHA AL KUBRA PHARMACY,DXB,PHARMACY,UNKNOWN,Pharmacy outlet. Coordinates approximate for area. Operating
DHA-F-0002417,FAJER MIRDIF PHARMACY-SATWA - DUBAI,DXB,PHARMACY,UNKNOWN,Pharmacy outlet. Coordinates approximate for area. Operating
DHA-F-0047656,MUSALLA SONAPOOR PHARMACY,DXB,PHARMACY,UNKNOWN,Pharmacy outlet. Coordinates approximate for area. Operating
DHA-F-6717615,NEW FANS PHARMACY LLC,DXB,PHARMACY,UNKNOWN,Pharmacy outlet. Coordinates approximate for area. Operating
DHA-F-0000261,BORDER PHARMACY LLC,DXB,PHARMACY,UNKNOWN,Pharmacy outlet. Coordinates approximate for area. Operating
DHA-F-2449183,BODER PHARMACY LLC BRANCH,DXB,PHARMACY,UNKNOWN,Pharmacy outlet. Coordinates approximate for area. Operating
DHA-F-7259326,AHLANCARE PHARMACY LLC,DXB,PHARMACY,UNKNOWN,Pharmacy outlet. Coordinates approximate for area. Operating
DHA-F-3322622,MVR PHARMACY,DXB,PHARMACY,UNKNOWN,Pharmacy outlet. Coordinates approximate for area. Operating
DHA-F-0000879,BAB AL HAYAT PHARMACY LLC,DXB,PHARMACY,UNKNOWN,Pharmacy outlet. Coordinates approximate for area. Operating
DHA-F-0047857,MUSALAH AL QUOZE PHARMACY LLC,DXB,PHARMACY,UNKNOWN,Pharmacy outlet. Coordinates approximate for area. Operating
DHA-F-0002420,MULTICARE PHARMACY LLC,DXB,PHARMACY,UNKNOWN,Pharmacy outlet. Coordinates approximate for area. Operating
DHA-F-1716570,ZAHRATH AL NEEM PHARMACY LLC,DXB,PHARMACY,UNKNOWN,Pharmacy outlet. Coordinates approximate for area. Operating
DHA-F-0456430,AL NEEM PHARMACY LLC BRANCH,DXB,PHARMACY,UNKNOWN,Pharmacy outlet. Coordinates approximate for area. Operating
DHA-F-0002066,AL NEEM STAR PHARMACY LLC,DXB,PHARMACY,UNKNOWN,Pharmacy outlet. Coordinates approximate for area. Operating
DHA-F-3489733,NEW MEDILIFE PHARMACY L.L.C,DXB,PHARMACY,UNKNOWN,Pharmacy outlet. Coordinates approximate for area. Operating
DHA-F-0047165,NOOR  AL  SATWA  PHARMACY  LLC,DXB,PHARMACY,UNKNOWN,Pharmacy outlet. Coordinates approximate for area. Operating
DHA-F-0000589,NOOR AL QUSAIS PHARMACY LLC,DXB,PHARMACY,UNKNOWN,Pharmacy outlet. Coordinates approximate for area. Operating
DHA-F-0000517,MADINAT AL QOUZ  PHARMACY  LLC,DXB,PHARMACY,UNKNOWN,Pharmacy outlet. Coordinates approximate for area. Operating
DHA-F-0047047,NAHDA  AL NASEEM  PHARMACY LLC,DXB,PHARMACY,UNKNOWN,Pharmacy outlet. Coordinates approximate for area. Operating
DHA-F-0001883,ROCK STAR PHARMACY LLC,DXB,PHARMACY,UNKNOWN,Pharmacy outlet. Coordinates approximate for area. Operating
DHA-F-0048000,NEW AL SUWAIDI PHARMACY LLC,DXB,PHARMACY,UNKNOWN,Pharmacy outlet. Coordinates approximate for area. Operating
DHA-F-0002125,HAPPY  LIFE PHARMACY LLC  ,DXB,PHARMACY,UNKNOWN,Pharmacy outlet. Coordinates approximate for area. Operating
DHA-F-0046923,AL RASHEED  PHARMACY  LLC,DXB,PHARMACY,UNKNOWN,Pharmacy outlet. Coordinates approximate for area. Operating
DHA-F-0002092,ORBIT  STAR PHARMACY  LLC ,DXB,PHARMACY,UNKNOWN,Pharmacy outlet. Coordinates approximate for area. Operating
DHA-F-0002296,DAR AL NOOR PHARMACY,DXB,PHARMACY,UNKNOWN,Pharmacy outlet. Coordinates approximate for area. Operating
DHA-F-0002074,MEDI PLUS PHARMACY LLC,DXB,PHARMACY,UNKNOWN,Pharmacy outlet. Coordinates approximate for area. Operating
DHA-F-0002343,HEALTH  SIGN  PHARMACY  LLC  ,DXB,PHARMACY,UNKNOWN,Pharmacy outlet. Coordinates approximate for area. Operating
DHA-F-0002535,UNIQUE CARE PHARMACY LLC ,DXB,PHARMACY,UNKNOWN,Pharmacy outlet. Coordinates approximate for area. Operating
DHA-F-0001719,FAJER MIRDIF PHARMACY L.L.C,DXB,PHARMACY,UNKNOWN,Pharmacy outlet. Coordinates approximate for area. Operating
DHA-F-0002230,LIVE CARE PHARMACY LLC,DXB,PHARMACY,UNKNOWN,Pharmacy outlet. Coordinates approximate for area. Operating
DHA-F-0964851,LIFENITY INTERNATIONAL ADVANCED PHARMACY LLC,DXB,PHARMACY,UNKNOWN,Pharmacy outlet. Coordinates approximate for area. Operating
DHA-F-6121695,OUR LIFE GUARD PHARMACY,DXB,PHARMACY,UNKNOWN,Pharmacy outlet. Coordinates approximate for area. Operating
DHA-F-0048033,KIMS PHARMACY,DXB,PHARMACY,UNKNOWN,Pharmacy outlet. Coordinates approximate for area. Operating
DHA-F-0045995,AL RAFAH PHARMACY,DXB,PHARMACY,UNKNOWN,Pharmacy outlet. Coordinates approximate for area. Operating
DHA-F-0001025,KHALIDHA PHARMACY L.L.C.,DXB,PHARMACY,UNKNOWN,Pharmacy outlet. Coordinates approximate for area. Operating
DHA-F-0002451,NAJMA AL MUSALLAH PHARMACY,DXB,PHARMACY,UNKNOWN,Pharmacy outlet. Coordinates approximate for area. Operating
DHA-F-0000543,"JANSONS PHARMACY LLC,BURDUBAI",DXB,PHARMACY,UNKNOWN,Pharmacy outlet. Coordinates approximate for area. Operating
DHA-F-0047536,AL RAIS PHARMACY,DXB,PHARMACY,UNKNOWN,Pharmacy outlet. Coordinates approximate for area. Operating
DHA-F-0000421,GHAZAL AL JABAL PHARMACY,DXB,PHARMACY,UNKNOWN,Pharmacy outlet. Coordinates approximate for area. Operating
DHA-F-0000707,AL JASEEL PHARMACY,DXB,PHARMACY,UNKNOWN,Pharmacy outlet. Coordinates approximate for area. Operating
DHA-F-0046318,MOTHER PHARMCAY L.L.C.,DXB,PHARMACY,UNKNOWN,Pharmacy outlet. Coordinates approximate for area. Operating
DHA-F-0047783,CARE WELL PHARMACY L.L.C,DXB,PHARMACY,UNKNOWN,Pharmacy outlet. Coordinates approximate for area. Operating
DHA-F-3552710,WELLCARE PHARMACY LLC,DXB,PHARMACY,Wellcare/AXA,Pharmacy outlet. Coordinates approximate for area. Operating
DHA-F-2840922,TRUST PHARMACY LLC,DXB,PHARMACY,UNKNOWN,Pharmacy outlet. Coordinates approximate for area. Operating
DHA-F-0001793,VITACARE PHARMACY LLC,DXB,PHARMACY,UNKNOWN,Pharmacy outlet. Coordinates approximate for area. Operating
DHA-F-9405797,YASMED PHARMACY LLC,DXB,PHARMACY,UNKNOWN,Pharmacy outlet. Coordinates approximate for area. Operating
DHA-F-0046337,AJMAL PHARMACY LLC,DXB,PHARMACY,UNKNOWN,Pharmacy outlet. Coordinates approximate for area. Operating
DHA-F-9671836,UNITY PHARMACY LLC,DXB,PHARMACY,UNKNOWN,Pharmacy outlet. Coordinates approximate for area. Operating
DHA-F-3151170,Y A Z PHARMACY LLC,DXB,PHARMACY,UNKNOWN,Pharmacy outlet. Coordinates approximate for area. Operating
DHA-F-6481634,MEDSEVEN PHARMACY LTD,DXB,PHARMACY,UNKNOWN,Pharmacy outlet. Coordinates approximate for area. Operating
DHA-F-0046512,AL NAHDA PHARMACY,DXB,PHARMACY,UNKNOWN,Pharmacy outlet. Coordinates approximate for area. Operating
DHA-F-3697036,GREEN BELT PHARMACY L.L.C,DXB,PHARMACY,UNKNOWN,Pharmacy outlet. Coordinates approximate for area. Operating
DHA-F-0001427,MED CARE PHARMACY L.L.C,DXB,PHARMACY,UNKNOWN,Pharmacy outlet. Coordinates approximate for area. Operating
DHA-F-0002321,MEDONE PHARMACY LLC,DXB,PHARMACY,UNKNOWN,Pharmacy outlet. Coordinates approximate for area. Operating
DHA-F-0001261,RX PHARMACY (BR OF IMARA HEALTH CARE L.L.C)(IMARA GR),DXB,PHARMACY,UNKNOWN,Pharmacy outlet. Coordinates approximate for area. Operating
DHA-F-0001412,SAMARI RX PHARMACY (BR OF IMARA HEALTH CARE L.L.C)(IMARA GR),DXB,PHARMACY,UNKNOWN,Pharmacy outlet. Coordinates approximate for area. Operating
DHA-F-0001393,PANORAMA RX PHARMACY (BR OF IMARA HEALTH CARE L.L.C)(IMARA GR),DXB,PHARMACY,UNKNOWN,Pharmacy outlet. Coordinates approximate for area. Operating
DHA-F-0001995,HTK PHARMACY,DXB,PHARMACY,UNKNOWN,Pharmacy outlet. Coordinates approximate for area. Operating
DHA-F-5801007,HOPECARE PHARMACY  L.L.C,DXB,PHARMACY,UNKNOWN,Pharmacy outlet. Coordinates approximate for area. Operating
DHA-F-0000454,APPLE CARE PHARMACY LLC  (FRANCE CLUSTER),DXB,PHARMACY,UNKNOWN,Pharmacy outlet. Coordinates approximate for area. Operating
DHA-F-0000958,APPLE CARE PHARMACY LLC BRANCH (GREECE CLUSTER),DXB,PHARMACY,UNKNOWN,Pharmacy outlet. Coordinates approximate for area. Operating
DHA-F-3014690,APPLE CARE PHARMACY L. L. C BR,DXB,PHARMACY,UNKNOWN,Pharmacy outlet. Coordinates approximate for area. Operating
DHA-F-4658212,HARLEY INTERNATIONAL MEDICAL CLINIC PHARMACY BRANCH,DXB,PHARMACY,UNKNOWN,Pharmacy outlet. Coordinates approximate for area. Operating
DHA-F-3758961,GSM GREENS PHARMACY LLC,DXB,PHARMACY,UNKNOWN,Pharmacy outlet. Coordinates approximate for area. Operating
DHA-F-0002151,GRAND INFINITY PHARMACY,DXB,PHARMACY,UNKNOWN,Pharmacy outlet. Coordinates approximate for area. Operating
DHA-F-9024146,GRAND INFINITY PHARMACY LLC BRANCH,DXB,PHARMACY,UNKNOWN,Pharmacy outlet. Coordinates approximate for area. Operating
DHA-F-0002060,BAB AL NOOR PHARMACY LLC,DXB,PHARMACY,UNKNOWN,Pharmacy outlet. Coordinates approximate for area. Operating
DHA-F-3629595,ZAHRAT AL NOOR PHARMACY LLC,DXB,PHARMACY,UNKNOWN,Pharmacy outlet. Coordinates approximate for area. Operating
DHA-F-3831758,GOOD WILL PHARMACY LLC,DXB,PHARMACY,UNKNOWN,Pharmacy outlet. Coordinates approximate for area. Operating
DHA-F-0046416,NAD AL HAMAR PHARMACY LLC,DXB,PHARMACY,UNKNOWN,Pharmacy outlet. Coordinates approximate for area. Operating
DHA-F-0002401,FAITHWAY PHARMACY LLC (BRANCH),DXB,PHARMACY,UNKNOWN,Pharmacy outlet. Coordinates approximate for area. Operating
DHA-F-0002091,LOTUS PHARMACY LLC,DXB,PHARMACY,UNKNOWN,Pharmacy outlet. Coordinates approximate for area. Operating
DHA-F-0045893,FAITH PHARMACY L.L.C,DXB,PHARMACY,UNKNOWN,Pharmacy outlet. Coordinates approximate for area. Operating
DHA-F-0046515,AL TAMIMI PHARMACY L.L.C,DXB,PHARMACY,UNKNOWN,Pharmacy outlet. Coordinates approximate for area. Operating
DHA-F-0047244,AL TAMIMI NEW PHARMACY LLC,DXB,PHARMACY,UNKNOWN,Pharmacy outlet. Coordinates approximate for area. Operating
DHA-F-0000495,MURIAT PHARMACY L.L.C,DXB,PHARMACY,UNKNOWN,Pharmacy outlet. Coordinates approximate for area. Operating
DHA-F-0046594,MASHREQ PHARMACY L.L.C,DXB,PHARMACY,UNKNOWN,Pharmacy outlet. Coordinates approximate for area. Operating
DHA-F-0045769,ROKN AL MEZHER PHARMACY L.L.C,DXB,PHARMACY,UNKNOWN,Pharmacy outlet. Coordinates approximate for area. Operating
DHA-F-0047596,QALB AL IMAN PHARMACY L.L.C,DXB,PHARMACY,UNKNOWN,Pharmacy outlet. Coordinates approximate for area. Operating
DHA-F-0000195,FAITH WAY PHARMACY L.L.C,DXB,PHARMACY,UNKNOWN,Pharmacy outlet. Coordinates approximate for area. Operating
DHA-F-0001346,AL SAFA AL QUOZ PHARMACY L.L.C,DXB,PHARMACY,UNKNOWN,Pharmacy outlet. Coordinates approximate for area. Operating
DHA-F-0001611,GRAND MURIAT PHARMACY LLC,DXB,PHARMACY,UNKNOWN,Pharmacy outlet. Coordinates approximate for area. Operating
DHA-F-0000111,AL FARAH PHARMACY LLC,DXB,PHARMACY,UNKNOWN,Pharmacy outlet. Coordinates approximate for area. Operating
DHA-F-0045890,AL AHRAM PHARMACY,DXB,PHARMACY,UNKNOWN,Pharmacy outlet. Coordinates approximate for area. Operating
DHA-F-0045974,AL KHAN PHARMACY LLC,DXB,PHARMACY,UNKNOWN,Pharmacy outlet. Coordinates approximate for area. Operating
DHA-F-0002298,AL TAMIMI NEW PHARMACY LLC BRANCH,DXB,PHARMACY,UNKNOWN,Pharmacy outlet. Coordinates approximate for area. Operating
DHA-F-0001554,MEDI GREEN PHARMACY LLC,DXB,PHARMACY,UNKNOWN,Pharmacy outlet. Coordinates approximate for area. Operating
DHA-F-0047446,DAR AL NASEEM PHARMACY LLC,DXB,PHARMACY,UNKNOWN,Pharmacy outlet. Coordinates approximate for area. Operating
DHA-F-0047753,ARDH AL NASEEM PHARMACY LLC.,DXB,PHARMACY,UNKNOWN,Pharmacy outlet. Coordinates approximate for area. Operating
DHA-F-0045977,AL NASEEM PHARMACY LLC,DXB,PHARMACY,UNKNOWN,Pharmacy outlet. Coordinates approximate for area. Operating
DHA-F-0002225,MEDIGREEN PHARMACY LLC (BRANCH),DXB,PHARMACY,UNKNOWN,Pharmacy outlet. Coordinates approximate for area. Operating
DHA-F-1289492,FAITH ACACIA PHARMACY LLC,DXB,PHARMACY,UNKNOWN,Pharmacy outlet. Coordinates approximate for area. Operating
DHA-F-6473276,FAITH CAP 1 PHARMACY LLC,DXB,PHARMACY,UNKNOWN,Pharmacy outlet. Coordinates approximate for area. Operating
DHA-F-1779115,FAITH EUROPEAN PHARMACY LLC,DXB,PHARMACY,UNKNOWN,Pharmacy outlet. Coordinates approximate for area. Operating
DHA-F-6714425,FAITH JABAL PHARMACY LLC,DXB,PHARMACY,UNKNOWN,Pharmacy outlet. Coordinates approximate for area. Operating
DHA-F-0045930,AL WOQAYA PHARMACY -PROTECTION PHARMACY,DXB,PHARMACY,UNKNOWN,Pharmacy outlet. Coordinates approximate for area. Operating
DHA-F-0047796,EXPERTS PHARMACY,DXB,PHARMACY,UNKNOWN,Pharmacy outlet. Coordinates approximate for area. Operating
DHA-F-7972780,DR ABDULLAS PHARMACY,DXB,PHARMACY,UNKNOWN,Pharmacy outlet. Coordinates approximate for area. Operating
DHA-F-0047039,NEW SMILE PHARMACY,DXB,PHARMACY,UNKNOWN,Pharmacy outlet. Coordinates approximate for area. Operating
DHA-F-0046877,SMILE PHARMACY,DXB,PHARMACY,UNKNOWN,Pharmacy outlet. Coordinates approximate for area. Operating
DHA-F-0045757,WEST HILL PHARMACY,DXB,PHARMACY,UNKNOWN,Pharmacy outlet. Coordinates approximate for area. Operating
DHA-F-0047897,HAFSA PHARMACY,DXB,PHARMACY,UNKNOWN,Pharmacy outlet. Coordinates approximate for area. Operating
DHA-F-0000593,EAST HILL PHARMACY,DXB,PHARMACY,UNKNOWN,Pharmacy outlet. Coordinates approximate for area. Operating
DHA-F-0002041,HILL LIFE PHARMACY LLC,DXB,PHARMACY,UNKNOWN,Pharmacy outlet. Coordinates approximate for area. Operating
DHA-F-0002224,FIT FOR LIFE PHARMACY LLC,DXB,PHARMACY,UNKNOWN,Pharmacy outlet. Coordinates approximate for area. Operating
DHA-F-7125824,LIFE GUARD PHARMACY L.L.C,DXB,PHARMACY,UNKNOWN,Pharmacy outlet. Coordinates approximate for area. Operating
DHA-F-0001368,CANADIAN SPECIALIST HOSPITAL PHARMACY,DXB,PHARMACY,UNKNOWN,Pharmacy outlet. Coordinates approximate for area. Operating
DHA-F-3061943,BRITE PHARMACY LLC,DXB,PHARMACY,UNKNOWN,Pharmacy outlet. Coordinates approximate for area. Operating
DHA-F-0002400,BIO VISTA PHARMACY LLC,DXB,PHARMACY,UNKNOWN,Pharmacy outlet. Coordinates approximate for area. Operating
DHA-F-0002052,S A M PHARMACY L.L.C (FORMERLY BLUEBELL INTERNATIONAL PHARMACY LLC),DXB,PHARMACY,UNKNOWN,Pharmacy outlet. Coordinates approximate for area. Operating
DHA-F-0000964,BELHOUL SPECIALITY HOSPITAL PHARMACY,DXB,PHARMACY,UNKNOWN,Pharmacy outlet. Coordinates approximate for area. Operating
DHA-F-0047947,BADR AL SAMAA PHARMACY,DXB,PHARMACY,UNKNOWN,Pharmacy outlet. Coordinates approximate for area. Operating
DHA-F-0001014,AXON MEDICA PHARMACY-JEBEL ALI,DXB,PHARMACY,UNKNOWN,Pharmacy outlet. Coordinates approximate for area. Operating
DHA-F-0047689,AXON MEDICA PHARMA LLC-AL RASHIDIYA,DXB,PHARMACY,UNKNOWN,Pharmacy outlet. Coordinates approximate for area. Operating
DHA-F-2346243,AXON MEDICA PHARMA LLC,DXB,PHARMACY,UNKNOWN,Pharmacy outlet. Coordinates approximate for area. Operating
DHA-F-0047390,MUHAISNA STAR PHARMACY,DXB,PHARMACY,UNKNOWN,Pharmacy outlet. Coordinates approximate for area. Operating
DHA-F-0001796,PRIMACARE PHARMACY LLC,DXB,PHARMACY,UNKNOWN,Pharmacy outlet. Coordinates approximate for area. Operating
DHA-F-0001237,ASTER PHARMACY 128 (BR. OF ASTER PHARMACIES GROUP LLC),DXB,PHARMACY,UNKNOWN,Pharmacy outlet. Coordinates approximate for area. Operating
DHA-F-0001354,ASTER PHARMACY 132 (BR OF ASTER PHARMACIES GROUP LLC),DXB,PHARMACY,UNKNOWN,Pharmacy outlet. Coordinates approximate for area. Operating
DHA-F-0048025,ASTER GRAND AL NAHDA PHARMACY,DXB,PHARMACY,UNKNOWN,Pharmacy outlet. Coordinates approximate for area. Operating
DHA-F-0001087,ASTER PHARMACY 120 (BR OF ASTER PHARMACIES GROUP LLC,DXB,PHARMACY,UNKNOWN,Pharmacy outlet. Coordinates approximate for area. Operating
DHA-F-0045944,ASTER GOLDEN SANDS PHARMACY,DXB,PHARMACY,UNKNOWN,Pharmacy outlet. Coordinates approximate for area. Operating
DHA-F-0047309,ASTER MEDICINE SHOPPE MICRO(MEDICINE SHOPPE MICRO),DXB,PHARMACY,UNKNOWN,Pharmacy outlet. Coordinates approximate for area. Operating
DHA-F-0046394,ASTER MEDICOM-7 (FLAME PHARMACY),DXB,PHARMACY,UNKNOWN,Pharmacy outlet. Coordinates approximate for area. Operating
DHA-F-0002031,ASTER PHARMACY 204(BR OF ASTER PHARMACIES GROUP LLC,DXB,PHARMACY,UNKNOWN,Pharmacy outlet. Coordinates approximate for area. Operating
DHA-F-0001659,ASTER HEALTHCARE HYPERMARKET (BR OF ASTER PHARMACIES GROUP LLC),DXB,PHARMACY,UNKNOWN,Pharmacy outlet. Coordinates approximate for area. Operating
DHA-F-8017367,ASTER PHARMACY 100,DXB,PHARMACY,UNKNOWN,Pharmacy outlet. Coordinates approximate for area. Operating
DHA-F-0046358,ASTER EHSAN PHARMACY,DXB,PHARMACY,UNKNOWN,Pharmacy outlet. Coordinates approximate for area. Operating
DHA-F-0047767,ASTER ALFA (ALFA PHARMACY),DXB,PHARMACY,UNKNOWN,Pharmacy outlet. Coordinates approximate for area. Operating
DHA-F-0000891,ASTER PHARMACY101 (BR OF ASTER PHARMACIES GROUP LLC),DXB,PHARMACY,UNKNOWN,Pharmacy outlet. Coordinates approximate for area. Operating
DHA-F-0048037,ASTER AVENUE PHARMACY,DXB,PHARMACY,UNKNOWN,Pharmacy outlet. Coordinates approximate for area. Operating
DHA-F-0001597,ASTER PHARMACY 147 (BR OF ASTER PHARMACIES GROUP LLC),DXB,PHARMACY,UNKNOWN,Pharmacy outlet. Coordinates approximate for area. Operating
DHA-F-0046858,ASTER MEDICOM-12(DUBAI CENTURY PHARMACY),DXB,PHARMACY,UNKNOWN,Pharmacy outlet. Coordinates approximate for area. Operating
DHA-F-0045774,ASTER ASMA PHARMACY,DXB,PHARMACY,UNKNOWN,Pharmacy outlet. Coordinates approximate for area. Operating
DHA-F-0001819,ASTER PHARMACY 202 (BR OF ASTER PHARMACIES GROUP LLC),DXB,PHARMACY,UNKNOWN,Pharmacy outlet. Coordinates approximate for area. Operating
DHA-F-0000886,ASTER PHARMACY105 (BR OF ASTER PHARMACIES GROUP LLC),DXB,PHARMACY,UNKNOWN,Pharmacy outlet. Coordinates approximate for area. Operating
DHA-F-0001664,ASTER PHARMACY 200 (BR OF ASTER PHARMACIES GROUP LLC),DXB,PHARMACY,UNKNOWN,Pharmacy outlet. Coordinates approximate for area. Operating
DHA-F-0000938,ASTER PHARMACY104 (BR OF ASTER PHARMACIES GROUP LLC),DXB,PHARMACY,UNKNOWN,Pharmacy outlet. Coordinates approximate for area. Operating
DHA-F-0000937,ASTER PHARMACY103 (BR OF ASTER PHARMACIES GROUP LLC),DXB,PHARMACY,UNKNOWN,Pharmacy outlet. Coordinates approximate for area. Operating
DHA-F-0047534,ASTER NEW AL SHIFA (NEW AL SHIFA PHARMACY),DXB,PHARMACY,Shifa/ADICO,Pharmacy outlet. Coordinates approximate for area. Operating
DHA-F-0046424,ASTER SHINDAGHA PHARMACY,DXB,PHARMACY,UNKNOWN,Pharmacy outlet. Coordinates approximate for area. Operating
DHA-F-0046522,ASTER MEDICOM-8 (CENTURY PHARMACY),DXB,PHARMACY,UNKNOWN,Pharmacy outlet. Coordinates approximate for area. Operating
DHA-F-0045953,FAISAL PHARMACY  (AL SHAFAR GROUP OF PHARMACIES),DXB,PHARMACY,UNKNOWN,Pharmacy outlet. Coordinates approximate for area. Operating
DHA-F-0001987,ASTER PHARMACY 158(BR OF ASTER PHARMACIES GROUP LLC),DXB,PHARMACY,UNKNOWN,Pharmacy outlet. Coordinates approximate for area. Operating
DHA-F-0001162,ASTER PHARMACY 115 (BR OF ASTER PHARMACIES GROUP LLC),DXB,PHARMACY,UNKNOWN,Pharmacy outlet. Coordinates approximate for area. Operating
DHA-F-0047377,DRAGON PHARMACY  (AL SHAFAR GROUP OF PHARMACIES),DXB,PHARMACY,UNKNOWN,Pharmacy outlet. Coordinates approximate for area. Operating
DHA-F-0047374,DRAGON MART PHARMACY  (AL SHAFAR GROUP OF PHARMACIES),DXB,PHARMACY,UNKNOWN,Pharmacy outlet. Coordinates approximate for area. Operating
DHA-F-0000909,ASTER PHARMACY 6 (BR OF ASTER PHARMACIES GROUP LLC),DXB,PHARMACY,UNKNOWN,Pharmacy outlet. Coordinates approximate for area. Operating
DHA-F-0045971,ASTER MEDICOM-5 (EMIRATES CO-OP. PHARMACY),DXB,PHARMACY,UNKNOWN,Pharmacy outlet. Coordinates approximate for area. Operating
DHA-F-0047173,JABAL ALI GARDENS PHARMACY (BR OF AL SHAFAR PHARMACY GROUP LLC),DXB,PHARMACY,UNKNOWN,Pharmacy outlet. Coordinates approximate for area. Operating
DHA-F-0047375,HIGHWAY PHARMACY  (AL SHAFAR GROUP OF PHARMACIES),DXB,PHARMACY,UNKNOWN,Pharmacy outlet. Coordinates approximate for area. Operating
DHA-F-0001990,ASTER PHARMACY 152(BR OF ASTER PHARMACIES GROUP LLC),DXB,PHARMACY,UNKNOWN,Pharmacy outlet. Coordinates approximate for area. Operating
DHA-F-0000558,ASTER PHARMACY 3 (BR OF ASTER PHARMACY L.L.C),DXB,PHARMACY,UNKNOWN,Pharmacy outlet. Coordinates approximate for area. Operating
DHA-F-0047261,UMM HURAIR PHARMACY  (AL SHAFAR GROUP OF PHARMACIES),DXB,PHARMACY,UNKNOWN,Pharmacy outlet. Coordinates approximate for area. Operating
DHA-F-0001414,ASTER PHARMACY 134 (BR OF ASTER PHARMACIES GROUP LLC),DXB,PHARMACY,UNKNOWN,Pharmacy outlet. Coordinates approximate for area. Operating
DHA-F-0001300,ASTER PHARMACY 130 (BR OF ASTER PHARMACIES GROUP LLC),DXB,PHARMACY,UNKNOWN,Pharmacy outlet. Coordinates approximate for area. Operating
DHA-F-0045765,ASTER MEDICOM(AL PHARABI),DXB,PHARMACY,UNKNOWN,Pharmacy outlet. Coordinates approximate for area. Operating
DHA-F-0047958,ASTER TECOM PHARMACY,DXB,PHARMACY,UNKNOWN,Pharmacy outlet. Coordinates approximate for area. Operating
DHA-F-0045962,PANACEA PHARMACY REEF,DXB,PHARMACY,UNKNOWN,Pharmacy outlet. Coordinates approximate for area. Operating
DHA-F-0001606,ASTER PHARMACY 138 (BR OF ASTER PHARMACIES GROUP LLC),DXB,PHARMACY,UNKNOWN,Pharmacy outlet. Coordinates approximate for area. Operating
DHA-F-0001175,ASTER PHARMACY 129 (BR. OF ASTER PHARMACIES GROUP LLC),DXB,PHARMACY,UNKNOWN,Pharmacy outlet. Coordinates approximate for area. Operating
DHA-F-0001163,ASTER PHARMACY 124 (BR. ASTER PHARMACIES GROUP LLC),DXB,PHARMACY,UNKNOWN,Pharmacy outlet. Coordinates approximate for area. Operating
DHA-F-0001122,ASTER PHARMACY 126 (BR. OF ASTER PHARMACIES GROUP LLC),DXB,PHARMACY,UNKNOWN,Pharmacy outlet. Coordinates approximate for area. Operating
DHA-F-0000337,ASTER PHARMACY 1 (BR.ASTER PHARMACY),DXB,PHARMACY,UNKNOWN,Pharmacy outlet. Coordinates approximate for area. Operating
DHA-F-0045884,ASTER AL RAHA (AL RAHA PHARMACY),DXB,PHARMACY,UNKNOWN,Pharmacy outlet. Coordinates approximate for area. Operating
DHA-F-0045895,ASTER YACOUB PHARMACY,DXB,PHARMACY,UNKNOWN,Pharmacy outlet. Coordinates approximate for area. Operating
DHA-F-0045860,ASTER AL MUSALLA PHARMACY,DXB,PHARMACY,UNKNOWN,Pharmacy outlet. Coordinates approximate for area. Operating
DHA-F-0045922,ASTER ALSHAFAR PHARMACY (BR OF ASTER AL SHAFAR PHARMACIES GROUP L.L.C) (FORMERLY LAMCY PHARMACY),DXB,PHARMACY,UNKNOWN,Pharmacy outlet. Coordinates approximate for area. Operating
DHA-F-0047116,ASTER MEDICOM PHARMACY-14 (MADINA MALL PHARMACY),DXB,PHARMACY,UNKNOWN,Pharmacy outlet. Coordinates approximate for area. Operating
DHA-F-0046787,PANACEA PHARMACY MADINAT (BR OF ASTER PHARMACIES GROUP LLC),DXB,PHARMACY,UNKNOWN,Pharmacy outlet. Coordinates approximate for area. Operating
DHA-F-0000854,ASTER PHARMACY110 (BR OF ASTER PHARMACIES GROUP LLC),DXB,PHARMACY,UNKNOWN,Pharmacy outlet. Coordinates approximate for area. Operating
DHA-F-0046093,ASTER MEDICOM-6(MAZAYA PHARMACY),DXB,PHARMACY,UNKNOWN,Pharmacy outlet. Coordinates approximate for area. Operating
DHA-F-0045891,ASTER MEDICOM-2 (AL WASL PHARMACY),DXB,PHARMACY,UNKNOWN,Pharmacy outlet. Coordinates approximate for area. Operating
DHA-F-0000934,ASTER PHARMACY 116 (BR OF ASTER PHARMACIES GROUP LLC),DXB,PHARMACY,UNKNOWN,Pharmacy outlet. Coordinates approximate for area. Operating
DHA-F-0000989,ASTER PHARMACY 113 (BR OF ASTER PHARMACIES GROUP LLC),DXB,PHARMACY,UNKNOWN,Pharmacy outlet. Coordinates approximate for area. Operating
DHA-F-0001415,ASTER PHARMACY 109 (BR OF ASTER PHARMACIES GROUP LLC),DXB,PHARMACY,UNKNOWN,Pharmacy outlet. Coordinates approximate for area. Operating
DHA-F-0047892,ASTER BETA (BETA PHARMACY),DXB,PHARMACY,UNKNOWN,Pharmacy outlet. Coordinates approximate for area. Operating
DHA-F-0000957,ASTER PHARMACY 112 (BR OF ASTER PHARMACIES GRP),DXB,PHARMACY,UNKNOWN,Pharmacy outlet. Coordinates approximate for area. Operating
DHA-F-0000921,ASTER PHARMACY 111 (BR OF ASTER PHARMACIES GROUP LLC),DXB,PHARMACY,UNKNOWN,Pharmacy outlet. Coordinates approximate for area. Operating
DHA-F-0045752,ASTER UNION PHARMACY,DXB,PHARMACY,UNKNOWN,Pharmacy outlet. Coordinates approximate for area. Operating
DHA-F-0045915,ASTER IBN AL AZWAR PHARMACY,DXB,PHARMACY,UNKNOWN,Pharmacy outlet. Coordinates approximate for area. Operating
DHA-F-0045754,ASTER RASHID PHARMACY,DXB,PHARMACY,UNKNOWN,Pharmacy outlet. Coordinates approximate for area. Operating
DHA-F-0045759,AL QOUZ PHARMACY,DXB,PHARMACY,UNKNOWN,Pharmacy outlet. Coordinates approximate for area. Operating
DHA-F-0047076,ASTER AL WARQA PHARMACY,DXB,PHARMACY,UNKNOWN,Pharmacy outlet. Coordinates approximate for area. Operating
DHA-F-0046871,ASTER NEW AL QOUZ(NEW AL QUOZ PHARMACY),DXB,PHARMACY,UNKNOWN,Pharmacy outlet. Coordinates approximate for area. Operating
DHA-F-0045788,CENTRAL MARKET PHARMACY,DXB,PHARMACY,UNKNOWN,Pharmacy outlet. Coordinates approximate for area. Operating
DHA-F-0045776,ASTER AL SHIFA PHARMACY,DXB,PHARMACY,Shifa/ADICO,Pharmacy outlet. Coordinates approximate for area. Operating
DHA-F-0047581,ASTER MEDSAVE (MEDSAVE PHARMACY),DXB,PHARMACY,UNKNOWN,Pharmacy outlet. Coordinates approximate for area. Operating
DHA-F-0047005,ASTER MEDICOM-10 (AL SABA PHARMACY),DXB,PHARMACY,UNKNOWN,Pharmacy outlet. Coordinates approximate for area. Operating
DHA-F-0000123,ASTER JEBEL ALI  PHARMACY,DXB,PHARMACY,UNKNOWN,Pharmacy outlet. Coordinates approximate for area. Operating
DHA-F-0000968,ASTER PHARMACY 118 (BR OF ASTER PHARMACIES GROUP LLC),DXB,PHARMACY,UNKNOWN,Pharmacy outlet. Coordinates approximate for area. Operating
DHA-F-0046297,ASTER MEDICOM-9 (AL QEMMA PHARMACY),DXB,PHARMACY,UNKNOWN,Pharmacy outlet. Coordinates approximate for area. Operating
DHA-F-0046887,ASTER MEDICOM-11 (NEW FLAME PHARMACY),DXB,PHARMACY,UNKNOWN,Pharmacy outlet. Coordinates approximate for area. Operating
DHA-F-0045967,ASTER AL JUMA PHARMACY,DXB,PHARMACY,UNKNOWN,Pharmacy outlet. Coordinates approximate for area. Operating
DHA-F-0047612,ASTER IQRA PHARMACY,DXB,PHARMACY,UNKNOWN,Pharmacy outlet. Coordinates approximate for area. Operating
DHA-F-0046677,ASTER MEDICOM-13(HOME PHARMACY),DXB,PHARMACY,UNKNOWN,Pharmacy outlet. Coordinates approximate for area. Operating
DHA-F-0000062,ASTER JBR PHARMACY,DXB,PHARMACY,UNKNOWN,Pharmacy outlet. Coordinates approximate for area. Operating
DHA-F-0001890,ASTER PHARMACY 205 (BR OF ASTER PHARMACIES GROUP LLC),DXB,PHARMACY,UNKNOWN,Pharmacy outlet. Coordinates approximate for area. Operating
DHA-F-0001896,ASTER PHARMACY 157(BR OF ASTER PHARMACIES GROUP LLC),DXB,PHARMACY,UNKNOWN,Pharmacy outlet. Coordinates approximate for area. Operating
DHA-F-0000310,ASTER DIP PHARMACY,DXB,PHARMACY,UNKNOWN,Pharmacy outlet. Coordinates approximate for area. Operating
DHA-F-0001694,ASTER PHARMACY 137 (BR OF ASTER PHARMACIES GROUP LLC),DXB,PHARMACY,UNKNOWN,Pharmacy outlet. Coordinates approximate for area. Operating
DHA-F-0001208,ASTER PHARMACY 127 ( BR OF ASTER PHARMACIES GROUP LLC),DXB,PHARMACY,UNKNOWN,Pharmacy outlet. Coordinates approximate for area. Operating
DHA-F-0000462,ASTER PHARMACY 98,DXB,PHARMACY,UNKNOWN,Pharmacy outlet. Coordinates approximate for area. Operating
DHA-F-0001736,ASTER PHARMACY 149(BR OF ASTER PHARMACIES GROUP LLC),DXB,PHARMACY,UNKNOWN,Pharmacy outlet. Coordinates approximate for area. Operating
DHA-F-0001362,ASTER PHARMACY 102  (BR OF ASTER PHARMACIES GROUP LLC),DXB,PHARMACY,UNKNOWN,Pharmacy outlet. Coordinates approximate for area. Operating
DHA-F-0001661,ASTER PHARMACY 146(BR OF ASTER PHARMACIES GROUP LLC),DXB,PHARMACY,UNKNOWN,Pharmacy outlet. Coordinates approximate for area. Operating
DHA-F-0001586,ASTER PHARMACY 144 (BR OF ASTER PHARMACIES GROUP LLC),DXB,PHARMACY,UNKNOWN,Pharmacy outlet. Coordinates approximate for area. Operating
DHA-F-0000731,ASTER PHARMACY 5,DXB,PHARMACY,UNKNOWN,Pharmacy outlet. Coordinates approximate for area. Operating
DHA-F-0001360,ASTER PHARMACY 135 (BR OF ASTER PHARMACIES GROUP LLC),DXB,PHARMACY,UNKNOWN,Pharmacy outlet. Coordinates approximate for area. Operating
DHA-F-0001062,ASTER PHARMACY 114 (BR OF ASTER PHARMACIES GROUP LLC),DXB,PHARMACY,UNKNOWN,Pharmacy outlet. Coordinates approximate for area. Operating
DHA-F-0002189,ASTER PHARMACY 131(BR OF ASTER PHARMACIES GROUP LLC),DXB,PHARMACY,UNKNOWN,Pharmacy outlet. Coordinates approximate for area. Operating
DHA-F-0001928,ASTER AL HAYAT PHARMACY(BR OF ASTER PHARMACIES GROUP LLC),DXB,PHARMACY,UNKNOWN,Pharmacy outlet. Coordinates approximate for area. Operating
DHA-F-0001663,ASTER PHARMACY 142 (BR OF ASTER PHARMACIES GROUP LLC),DXB,PHARMACY,UNKNOWN,Pharmacy outlet. Coordinates approximate for area. Operating
DHA-F-0001813,ASTER PHARMACY 148(BR OF ASTER PHARMACIES GROUP LLC),DXB,PHARMACY,UNKNOWN,Pharmacy outlet. Coordinates approximate for area. Operating
DHA-F-0001429,ASTER PHARMACY 136 (BR OF ASTER PHARMACIES GROUP LLC),DXB,PHARMACY,UNKNOWN,Pharmacy outlet. Coordinates approximate for area. Operating
DHA-F-0001685,ASTER PHARMACY 141 (BR OF ASTER PHARMACIES GROUP LLC),DXB,PHARMACY,UNKNOWN,Pharmacy outlet. Coordinates approximate for area. Operating
DHA-F-0001016,ASTER PHARMACY 117 (BR OF ASTER PHARMACIES GROUP LLC),DXB,PHARMACY,UNKNOWN,Pharmacy outlet. Coordinates approximate for area. Operating
DHA-F-0000274,NEW ASTER PHARMACY JLT,DXB,PHARMACY,UNKNOWN,Pharmacy outlet. Coordinates approximate for area. Operating
DHA-F-0002365,ASTER DCC PHARMACY LLC,DXB,PHARMACY,UNKNOWN,Pharmacy outlet. Coordinates approximate for area. Operating
DHA-F-0001164,ASTER PHARMACY 119 (BR OF ASTER PHARMACIES GROUP LLC),DXB,PHARMACY,UNKNOWN,Pharmacy outlet. Coordinates approximate for area. Operating
DHA-F-0001662,ASTER PHARMACY 145(BR OF ASTER PHARMACIES GROUP LLC),DXB,PHARMACY,UNKNOWN,Pharmacy outlet. Coordinates approximate for area. Operating
DHA-F-0002267,ASTER PHARMACY 150 (BR OF ASTER PHARMACIES GROUP LLC),DXB,PHARMACY,UNKNOWN,Pharmacy outlet. Coordinates approximate for area. Operating
DHA-F-0001074,ASTER PHARMACY 123,DXB,PHARMACY,UNKNOWN,Pharmacy outlet. Coordinates approximate for area. Operating
DHA-F-0001854,ASTER PHARMACY 201 (BR OF ASTER PHARMACIES GROUP LLC),DXB,PHARMACY,UNKNOWN,Pharmacy outlet. Coordinates approximate for area. Operating
DHA-F-0046319,SARA PHARMACY  (AL SHAFAR GROUP OF PHARMACIES),DXB,PHARMACY,UNKNOWN,Pharmacy outlet. Coordinates approximate for area. Operating
DHA-F-0047597,AL FARDOOS PHARMACY,DXB,PHARMACY,UNKNOWN,Pharmacy outlet. Coordinates approximate for area. Operating
DHA-F-0001865,ASTER PHARMACY 143(BR OF ASTER PHARMACIES GROUP LLC),DXB,PHARMACY,UNKNOWN,Pharmacy outlet. Coordinates approximate for area. Operating
DHA-F-0045955,ASTER MEDICOM-4(TOWN  PHARMACY),DXB,PHARMACY,UNKNOWN,Pharmacy outlet. Coordinates approximate for area. Operating
DHA-F-0045760,ASTER MEDICOM-1 (AL JAMEYA PHARMACY),DXB,PHARMACY,UNKNOWN,Pharmacy outlet. Coordinates approximate for area. Operating
DHA-F-0046629,AWEER SOCIETY PHARMACY (AL SHAFAR GROUP OF PHARMACIES),DXB,PHARMACY,UNKNOWN,Pharmacy outlet. Coordinates approximate for area. Operating
DHA-F-0047099,UPTOWN PHARMACY  (AL SHAFAR GROUP OF PHARMACIES),DXB,PHARMACY,UNKNOWN,Pharmacy outlet. Coordinates approximate for area. Operating
DHA-F-0046254,DORRA PHARMACY (AL SHAFAR GROUP OF PHARMACIES),DXB,PHARMACY,UNKNOWN,Pharmacy outlet. Coordinates approximate for area. Operating
DHA-F-0047690,ASTER MEDSHOP GARDENS (MEDSHOP GARDENS PHARMACY),DXB,PHARMACY,UNKNOWN,Pharmacy outlet. Coordinates approximate for area. Operating
DHA-F-0002484,ASTER PHARMACY 155 (BR OF ASTER PHARMACIES GROUP LLC),DXB,PHARMACY,UNKNOWN,Pharmacy outlet. Coordinates approximate for area. Operating
DHA-F-0002561,ASTER PHARMACY 156 (BR OF ASTER PHARMACIES GROUP LLC),DXB,PHARMACY,UNKNOWN,Pharmacy outlet. Coordinates approximate for area. Operating
DHA-F-0000514,NICE LIFE PHARMACY (BR OF ASTER PHARMACIES GROUP LLC),DXB,PHARMACY,UNKNOWN,Pharmacy outlet. Coordinates approximate for area. Operating
DHA-F-1521672,ASTER MEDICAL CENTER PHARMACY AL MUHAISNA BR OF DM HEALTHCARE LLC,DXB,PHARMACY,UNKNOWN,Pharmacy outlet. Coordinates approximate for area. Operating
DHA-F-3750450,ASTER PHARMACY 206 (BR OF ASTER PHARMACIES GROUP LLC),DXB,PHARMACY,UNKNOWN,Pharmacy outlet. Coordinates approximate for area. Operating
DHA-F-7571486,ASTER PHARMACIES GROUP BRANCH EXPO 2020,DXB,PHARMACY,UNKNOWN,Pharmacy outlet. Coordinates approximate for area. Operating
DHA-F-0201227,ASTER HOSPITAL PHARMACY SONAPUR,DXB,PHARMACY,UNKNOWN,Pharmacy outlet. Coordinates approximate for area. Operating
DHA-F-2755440,ASTER PHARMACY 165 (BR OF ASTER PHARMACIES GROUP LLC),DXB,PHARMACY,UNKNOWN,Pharmacy outlet. Coordinates approximate for area. Operating
DHA-F-8484963,ASTER PHARMACY 162 (BR OF ASTER PHARMACIES GROUP LLC),DXB,PHARMACY,UNKNOWN,Pharmacy outlet. Coordinates approximate for area. Operating
DHA-F-4374378,ASTER PHARMACY 167 (BR OF ASTER PHARMACIES GROUP LLC),DXB,PHARMACY,UNKNOWN,Pharmacy outlet. Coordinates approximate for area. Operating
DHA-F-2899474,ASTER PHARMACY 170 (BR OF ASTER PHARMACIES GROUP LLC),DXB,PHARMACY,UNKNOWN,Pharmacy outlet. Coordinates approximate for area. Operating
DHA-F-0980953,ASTER PHARMACY 173 (BR OF ASTER PHARMACIES GROUP LLC),DXB,PHARMACY,UNKNOWN,Pharmacy outlet. Coordinates approximate for area. Operating
DHA-F-0001167,ASTER PHARMACY (DUBAL BRANCH),DXB,PHARMACY,UNKNOWN,Pharmacy outlet. Coordinates approximate for area. Operating
DHA-F-0002579,ZABEEL PHARMACY LLC,DXB,PHARMACY,UNKNOWN,Pharmacy outlet. Coordinates approximate for area. Operating
DHA-F-7929256,ASTER PHARMACY 104 (BR OF ASTER PHARMACIES GROUP LLC),DXB,PHARMACY,UNKNOWN,Pharmacy outlet. Coordinates approximate for area. Operating
DHA-F-1294125,ASTER PHARMACY 160 (BR OF ASTER PHARMACIES GROUP LLC),DXB,PHARMACY,UNKNOWN,Pharmacy outlet. Coordinates approximate for area. Operating
DHA-F-1088677,ASTER PHARMACY 164 (BR OF ASTER PHARMACIES GROUP LLC),DXB,PHARMACY,UNKNOWN,Pharmacy outlet. Coordinates approximate for area. Operating
DHA-F-0526794,ASTER PHARMACY 161 (BR OF ASTER PHARMACIES GROUP LLC),DXB,PHARMACY,UNKNOWN,Pharmacy outlet. Coordinates approximate for area. Operating
DHA-F-4601852,ASTER PHARMACY 168 (BR OF ASTER PHARMACIES GROUP LLC),DXB,PHARMACY,UNKNOWN,Pharmacy outlet. Coordinates approximate for area. Operating
DHA-F-8981276,ASTER PHARMACY 169 ( BR OF ASTER PHARMACIES GROUP LLC),DXB,PHARMACY,UNKNOWN,Pharmacy outlet. Coordinates approximate for area. Operating
DHA-F-9902123,ASTER PHARMACY 172 (BR OF ASTER PHARMACIES GROUP LLC),DXB,PHARMACY,UNKNOWN,Pharmacy outlet. Coordinates approximate for area. Operating
DHA-F-2299095,ASTER PHARMACY 175 (BR OF ASTER PHARMACIES GROUP LLC),DXB,PHARMACY,UNKNOWN,Pharmacy outlet. Coordinates approximate for area. Operating
DHA-F-1185467,ASTER PHARMACIES GROUP LLC (DMCC BRANCH),DXB,PHARMACY,UNKNOWN,Pharmacy outlet. Coordinates approximate for area. Operating
DHA-F-8519014,DRAGON PHARMACY (BR OF ASTER AL SHAFAR PHARMACIES GROUP LLC),DXB,PHARMACY,UNKNOWN,Pharmacy outlet. Coordinates approximate for area. Operating
DHA-F-5987196,MEDCARE MEDICAL CENTRE BARSHA SOUTH PHARMACY BR OF MEDCARE HOSPITAL LLC,DXB,PHARMACY,UNKNOWN,Pharmacy outlet. Coordinates approximate for area. Operating
DHA-F-9900420,ASTER MEDICAL CENTRE  ARABIAN RANCHES PHARMACY BR OF DM HEALTHCARE LLC,DXB,PHARMACY,UNKNOWN,Pharmacy outlet. Coordinates approximate for area. Operating
DHA-F-4207640,ASTER PHARMACY 166 (BR OF ASTER PHARMACIES GROUP L.L.C),DXB,PHARMACY,UNKNOWN,Pharmacy outlet. Coordinates approximate for area. Operating
DHA-F-0297643,ASTER PHARMACY 179 (BR OF ASTER PHARMACIES GROUP L.L.C),DXB,PHARMACY,UNKNOWN,Pharmacy outlet. Coordinates approximate for area. Operating
DHA-F-0773878,ASTER PHARMACY 181 (BR OF ASTER PHARMACIES GROUP L.L.C),DXB,PHARMACY,UNKNOWN,Pharmacy outlet. Coordinates approximate for area. Operating
DHA-F-9638740,ASTER PHARMACY 182 (BR OF ASTER PHARMACIES GROUP L.L.C),DXB,PHARMACY,UNKNOWN,Pharmacy outlet. Coordinates approximate for area. Operating
DHA-F-1977773,ASTER PHARMACY 180 (BR OF ASTER PHARMACIES GROUP L.L.C),DXB,PHARMACY,UNKNOWN,Pharmacy outlet. Coordinates approximate for area. Operating
DHA-F-4055326,ASTER PHARMACY 183 (BR OF ASTER PHARMACIES GROUP L.L.C),DXB,PHARMACY,UNKNOWN,Pharmacy outlet. Coordinates approximate for area. Operating
DHA-F-6478301,ASTER ROYAL CLINIC DOWNTOWN PHARAMCY BR OF DM HEALTHCARE LLC,DXB,PHARMACY,UNKNOWN,Pharmacy outlet. Coordinates approximate for area. Operating
DHA-F-0630677,ASTER PHARMACY 176 ( BR OF ASTER PHARMACIES GROUP L.L.C),DXB,PHARMACY,UNKNOWN,Pharmacy outlet. Coordinates approximate for area. Operating
DHA-F-0001551,CEDARS JEBEL ALI INTL HOSPITAL PHARMACY,DXB,PHARMACY,UNKNOWN,Pharmacy outlet. Coordinates approximate for area. Operating
DHA-F-0001196,AL RAFA HOSPITAL PHARMACY,DXB,PHARMACY,UNKNOWN,Pharmacy outlet. Coordinates approximate for area. Operating
DHA-F-3663094,ASTER DAY SURGERY CENTRE PHARMACY - MANKHOOL,DXB,PHARMACY,UNKNOWN,Pharmacy outlet. Coordinates approximate for area. Operating
DHA-F-0002448,ASTER HOSPITAL- AL QUSAIS-PHARMACY,DXB,PHARMACY,UNKNOWN,Pharmacy outlet. Coordinates approximate for area. Operating
DHA-F-0002188,ASHTREE PHARMACY LLC,DXB,PHARMACY,UNKNOWN,Pharmacy outlet. Coordinates approximate for area. Operating
DHA-F-0001767,FAJR AL MADINA PHARMACY L.L.C,DXB,PHARMACY,UNKNOWN,Pharmacy outlet. Coordinates approximate for area. Operating
DHA-F-0002375,FAJR AL MADINA PHARMACY L.L.C BRANCH,DXB,PHARMACY,UNKNOWN,Pharmacy outlet. Coordinates approximate for area. Operating
DHA-F-8418028,AL SHIFA UROPI PHARMACY DWC-LLC,DXB,PHARMACY,Shifa/ADICO,Pharmacy outlet. Coordinates approximate for area. Operating
DHA-F-0046367,AL RAWDA PHARMACY,DXB,PHARMACY,UNKNOWN,Pharmacy outlet. Coordinates approximate for area. Operating
DHA-F-0001746,AL RAWDA PHARMACY LLC BRANCH,DXB,PHARMACY,UNKNOWN,Pharmacy outlet. Coordinates approximate for area. Operating
DHA-F-4996655,SONAPUR STAR PHARMACY L.L.C (FORMERLY AL QUSAIS STAR PHARMACY(LLC) (BRANCH)),DXB,PHARMACY,UNKNOWN,Pharmacy outlet. Coordinates approximate for area. Operating
DHA-F-0001258,NEW AL NEEM PHARMACY L.L.C ( AL NEEM GROUP),DXB,PHARMACY,UNKNOWN,Pharmacy outlet. Coordinates approximate for area. Operating
DHA-F-0002229,AL NEEM GREEN PHARMACY L.L.C(AL NEEM GROUP),DXB,PHARMACY,UNKNOWN,Pharmacy outlet. Coordinates approximate for area. Operating
DHA-F-0002324,AL NEEM GRAND PHARMACY L.L.C(AL NEEM GROUP),DXB,PHARMACY,UNKNOWN,Pharmacy outlet. Coordinates approximate for area. Operating
DHA-F-0046357,NEW AL SHAIMAA PHARMACY,DXB,PHARMACY,UNKNOWN,Pharmacy outlet. Coordinates approximate for area. Operating
DHA-F-2055962,SHAJARAT AL NEEM PHARMACY LLC,DXB,PHARMACY,UNKNOWN,Pharmacy outlet. Coordinates approximate for area. Operating
DHA-F-3744162,LIWAN PHARMACY LLC,DXB,PHARMACY,UNKNOWN,Pharmacy outlet. Coordinates approximate for area. Operating
DHA-F-0001725,AL NEEM PHARMACY L.L.C BRANCH(AL NEEM GROUP),DXB,PHARMACY,UNKNOWN,Pharmacy outlet. Coordinates approximate for area. Operating
DHA-F-0000978,AL NEEM PHARMACY L.L.C JAFZA (W)BRANCH(AL NEEM GROUP),DXB,PHARMACY,UNKNOWN,Pharmacy outlet. Coordinates approximate for area. Operating
DHA-F-0000209,AL NEEM PHARMACY L.L.C  (AL NEEM GROUP),DXB,PHARMACY,UNKNOWN,Pharmacy outlet. Coordinates approximate for area. Operating
DHA-F-1866092,ALMURJAN PHARMACY LLC,DXB,PHARMACY,UNKNOWN,Pharmacy outlet. Coordinates approximate for area. Operating
DHA-F-2553296,AL BARSHA AL NOOR POLYCLINIC PHARMACY,DXB,PHARMACY,UNKNOWN,Pharmacy outlet. Coordinates approximate for area. Operating
DHA-F-7714515,HEALTHHUBPHARMACY BR.AL FUTTAIM HEALTHCARE-MUTEENA,DXB,PHARMACY,UNKNOWN,Pharmacy outlet. Coordinates approximate for area. Operating
DHA-F-0845339,HEALTHHUBPHARMACY KARAMA,DXB,PHARMACY,UNKNOWN,Pharmacy outlet. Coordinates approximate for area. Operating
DHA-F-2331821,HEALTHHUBPHARMACY BR.AL FUTTAIM HEALTHCARE AL NAHDA 2,DXB,PHARMACY,UNKNOWN,Pharmacy outlet. Coordinates approximate for area. Operating
DHA-F-0047413,ADVANCED CARE PHARMACY LLC-AL QUOZ-(ADVANCED GROUP),DXB,PHARMACY,UNKNOWN,Pharmacy outlet. Coordinates approximate for area. Operating
DHA-F-0000348,ADVANCED CARE PLUS PHARMACY LLC-JABEL ALI-(ADVANCED GROUP),DXB,PHARMACY,UNKNOWN,Pharmacy outlet. Coordinates approximate for area. Operating
DHA-F-0000554,ADVANCED STAR PHARMACY LLC-DIP-(ADVANCED GROUP),DXB,PHARMACY,UNKNOWN,Pharmacy outlet. Coordinates approximate for area. Operating
DHA-F-0002332,NEW ADVANCED CARE PHARMACY LLC (ADVANCE CARE GROUP),DXB,PHARMACY,UNKNOWN,Pharmacy outlet. Coordinates approximate for area. Operating
DHA-F-8864498,ALQUOZ ADVANCED CARE PHARMACY LLC,DXB,PHARMACY,UNKNOWN,Pharmacy outlet. Coordinates approximate for area. Operating
DHA-F-0002245,NOVA ADVANCED CARE PHARMACY LLC,DXB,PHARMACY,UNKNOWN,Pharmacy outlet. Coordinates approximate for area. Operating
DHA-F-4636657,JEBAL ALI ADVANCED CARE PHARMACY LLC,DXB,PHARMACY,UNKNOWN,Pharmacy outlet. Coordinates approximate for area. Operating
DHA-F-5820289,ALICO ADVANCED CAREPHARMACY L.L.C,DXB,PHARMACY,UNKNOWN,Pharmacy outlet. Coordinates approximate for area. Operating
DHA-F-0001029,ACCESS PHARMACY 2 (BR OF ASTER PHARMACIES GROUP LLC),DXB,PHARMACY,UNKNOWN,Pharmacy outlet. Coordinates approximate for area. Operating
DHA-F-0000994,ACCESS PHARMACY AL QOUZ (BR OF ASTER PHARMACIES GROUP LLC),DXB,PHARMACY,UNKNOWN,Pharmacy outlet. Coordinates approximate for area. Operating
DHA-F-0001276,ACCESS PHARMACY 3 (BR OF ASTER PHARMACIES GROUP LLC),DXB,PHARMACY,UNKNOWN,Pharmacy outlet. Coordinates approximate for area. Operating
DHA-F-0000726,ASTER PHARMACY 2 (BR OF ASTER PHARMACIES GROUP LLC),DXB,PHARMACY,UNKNOWN,Pharmacy outlet. Coordinates approximate for area. Operating
DHA-F-0002032,ABRIS PHARMACY LLC,DXB,PHARMACY,UNKNOWN,Pharmacy outlet. Coordinates approximate for area. Operating
DHA-F-0455851,JUPITER AL QUSAIS POLYCLINIC L.L.C PHARMACY,DXB,PHARMACY,UNKNOWN,Pharmacy outlet. Coordinates approximate for area. Operating
DHA-F-0045882,AL  MANKHOOL PHARMACY LLC,DXB,PHARMACY,UNKNOWN,Pharmacy outlet. Coordinates approximate for area. Operating
DHA-F-0000165,NEW MANKHOOL PHARMACY LLC,DXB,PHARMACY,UNKNOWN,Pharmacy outlet. Coordinates approximate for area. Operating
DHA-F-0001686,WESTON PHARMACY LLC,DXB,PHARMACY,UNKNOWN,Pharmacy outlet. Coordinates approximate for area. Operating
DHA-F-5888133,YOUR CENTER PHARMACY LLC,DXB,PHARMACY,UNKNOWN,Pharmacy outlet. Coordinates approximate for area. Operating
DHA-F-3921649,APL PHARMACY LLC,DXB,PHARMACY,UNKNOWN,Pharmacy outlet. Coordinates approximate for area. Operating
DHA-F-5052933,OXFORD PHARMACY LLC,DXB,PHARMACY,UNKNOWN,Pharmacy outlet. Coordinates approximate for area. Operating
DHA-F-8557893,LIVERPOOL PHARMACY L.L.C,DXB,PHARMACY,UNKNOWN,Pharmacy outlet. Coordinates approximate for area. Operating
DHA-F-8754300,RALS PHARMACY( BR OF ABD ULWAHED BIN SHABIB INVESTMENT GROUP L.L.C),DXB,PHARMACY,UNKNOWN,Pharmacy outlet. Coordinates approximate for area. Operating
DHA-F-1427542,ARIN CARE PHARMACY,DXB,PHARMACY,UNKNOWN,Pharmacy outlet. Coordinates approximate for area. Operating
DHA-F-0000366,MODERN FAMILY PHARMACY LLC,DXB,PHARMACY,UNKNOWN,Pharmacy outlet. Coordinates approximate for area. Operating
DHA-F-7663290,MODERN FAMILY  PHARMACY LLC  BRANCH,DXB,PHARMACY,UNKNOWN,Pharmacy outlet. Coordinates approximate for area. Operating
DHA-F-0123281,ASTER PHARMACY 174 (BR OF ASTER PHARMACIES GROUP L.L.C),DXB,PHARMACY,UNKNOWN,Pharmacy outlet. Coordinates approximate for area. Operating
DHA-F-8759214,ASTER PHARMACY 184 (BR OF ASTER PHARMACIES GROUP L.L.C),DXB,PHARMACY,UNKNOWN,Pharmacy outlet. Coordinates approximate for area. Operating
DHA-F-1608191,ASTER PHARMACY 178 (BR OF ASTER PHARMACIES GROUP L.L.C),DXB,PHARMACY,UNKNOWN,Pharmacy outlet. Coordinates approximate for area. Operating
DHA-F-9530629,ASTER PHARMACY 188 (BR OF ASTER PHARMACIES GROUP L.L.C),DXB,PHARMACY,UNKNOWN,Pharmacy outlet. Coordinates approximate for area. Operating
DHA-F-4129358,ASTER PHARMACY 189 (BR OF ASTER PHARMACIES GROUP L.L.C),DXB,PHARMACY,UNKNOWN,Pharmacy outlet. Coordinates approximate for area. Operating
DHA-F-7605155,ZEST PHARMACY 1 (BR OF ZEST WELLNESS PHARMACY L.L.C),DXB,PHARMACY,UNKNOWN,Pharmacy outlet. Coordinates approximate for area. Operating
DHA-F-1422324,ASTER ROYAL CLINIC SPRINGS SOUK PHARMACY BR OF D M HEALTHCARE L L C,DXB,PHARMACY,UNKNOWN,Pharmacy outlet. Coordinates approximate for area. Operating
DHA-F-3392934,FAITH AL KHAIL PHARMACY LLC,DXB,PHARMACY,UNKNOWN,Pharmacy outlet. Coordinates approximate for area. Operating
DHA-F-6951770,FAITH WALK PHARMACY LLC,DXB,PHARMACY,UNKNOWN,Pharmacy outlet. Coordinates approximate for area. Operating
DHA-F-6930572,FAITH AHLAN PHARMACY LLC,DXB,PHARMACY,UNKNOWN,Pharmacy outlet. Coordinates approximate for area. Operating
DHA-F-0045871,SULTAN PHARMACY LLC,DXB,PHARMACY,UNKNOWN,Pharmacy outlet. Coordinates approximate for area. Operating
DHA-F-0707588,FAITH AL QUOZ PHARMACY LLC,DXB,PHARMACY,UNKNOWN,Pharmacy outlet. Coordinates approximate for area. Operating
DHA-F-6382248,FAITH HAYAA PHARMACY LLC,DXB,PHARMACY,UNKNOWN,Pharmacy outlet. Coordinates approximate for area. Operating
DHA-F-4536814,MODERN PHARMACY L.L.C (BRANCH),DXB,PHARMACY,UNKNOWN,Pharmacy outlet. Coordinates approximate for area. Operating
DHA-F-4475290,MODERN PHARMACY L.L.C (BRANCH),DXB,PHARMACY,UNKNOWN,Pharmacy outlet. Coordinates approximate for area. Operating
DHA-F-7222058,MODERN PHARMACY L.L.C (SATWA BRANCH),DXB,PHARMACY,UNKNOWN,Pharmacy outlet. Coordinates approximate for area. Operating
DHA-F-0063958,MODERN PHARMACY L.L.C (AL QUSAIS BRANCH),DXB,PHARMACY,UNKNOWN,Pharmacy outlet. Coordinates approximate for area. Operating
DHA-F-0045898,MODERN PHARMACY LLC-(DEIRA),DXB,PHARMACY,UNKNOWN,Pharmacy outlet. Coordinates approximate for area. Operating
DHA-F-6308104,MODERN CARE PHARMACY L.L.C,DXB,PHARMACY,UNKNOWN,Pharmacy outlet. Coordinates approximate for area. Operating
DHA-F-8259264,GRAND ADVANCED CARE PHARMACY LLC,DXB,PHARMACY,UNKNOWN,Pharmacy outlet. Coordinates approximate for area. Operating
DHA-F-9035847,MODERN FAMILY PHARMACY LLC BRANCH,DXB,PHARMACY,UNKNOWN,Pharmacy outlet. Coordinates approximate for area. Operating
DHA-F-8652336,HAFSA PHARMACY (BRANCH),DXB,PHARMACY,UNKNOWN,Pharmacy outlet. Coordinates approximate for area. Operating
DHA-F-2212446,MEDSTAR PHARMACY LLC,DXB,PHARMACY,UNKNOWN,Pharmacy outlet. Coordinates approximate for area. Operating
DHA-F-9887324,ASCENT PHARMACY L.L.C,DXB,PHARMACY,UNKNOWN,Pharmacy outlet. Coordinates approximate for area. Operating
DHA-F-8577955,L L H MEDICAL CENTER L.L.C(AMBULATORY PHARMACY),DXB,PHARMACY,UNKNOWN,Pharmacy outlet. Coordinates approximate for area. Operating
DHA-F-0554734,ZARA PHARMACY LLC,DXB,PHARMACY,UNKNOWN,Pharmacy outlet. Coordinates approximate for area. Operating
DHA-F-1170791,LANA  PHARMACY  L.L.C,DXB,PHARMACY,UNKNOWN,Pharmacy outlet. Coordinates approximate for area. Operating
DHA-F-4809049,MEDON FIRST PHARMACY LLC (BRANCH),DXB,PHARMACY,UNKNOWN,Pharmacy outlet. Coordinates approximate for area. Operating
DHA-F-6482933,800 PHARMA FZ-LLC,DXB,PHARMACY,UNKNOWN,Pharmacy outlet. Coordinates approximate for area. Operating
DHA-F-1467802,800 PHARMA PHARMACY LLC,DXB,PHARMACY,UNKNOWN,Pharmacy outlet. Coordinates approximate for area. Operating
DHA-F-0000587,LANA PHARMACY L.L.C BRANCH,DXB,PHARMACY,UNKNOWN,Pharmacy outlet. Coordinates approximate for area. Operating
DHA-F-5253659,CARE MARK PHARMACY FZCO,DXB,PHARMACY,UNKNOWN,Pharmacy outlet. Coordinates approximate for area. Operating
DHA-F-2989124,PULSE LIFE PHARMACY L.L.C,DXB,PHARMACY,UNKNOWN,Pharmacy outlet. Coordinates approximate for area. Operating
DHA-F-8293908,DR ABDUL LATIF CLINIC L.L.C (AMBULATORY PHARMACY),DXB,PHARMACY,UNKNOWN,Pharmacy outlet. Coordinates approximate for area. Operating
DHA-F-9568214,HOUSTON PHARMACY LLC(AMBULATORY PHARMACY),DXB,PHARMACY,UNKNOWN,Pharmacy outlet. Coordinates approximate for area. Operating
DHA-F-5099424,MEDICOM PHARMACY 1 (BR OF ASTER PHARMACIES GROUP L.L.C),DXB,PHARMACY,UNKNOWN,Pharmacy outlet. Coordinates approximate for area. Operating
DHA-F-2824066,ASTER PHARMACY 187 (BR OF ASTER PHARMACIES GROUP L.L.C),DXB,PHARMACY,UNKNOWN,Pharmacy outlet. Coordinates approximate for area. Operating
DHA-F-5689335,ASTER PHARMACY 185,DXB,PHARMACY,UNKNOWN,Pharmacy outlet. Coordinates approximate for area. Operating
DHA-F-2246045,MEDCARE MEDICAL CENTRE AL FURJAN WEST PHARMACY BR OF MEDCARE HOSPITAL LLC,DXB,PHARMACY,UNKNOWN,Pharmacy outlet. Coordinates approximate for area. Operating
DHA-F-0000704,NMC SPECIALITY HOSPITAL PHARMACY(FORMERLY NMC SPECIALITY HOSPITAL PHARMACY),DXB,PHARMACY,NMC,Pharmacy outlet. Coordinates approximate for area. Operating
DHA-F-0000939,NMC ROYAL HOSPITAL PHARMACY(FORMERLY NMC HOSPITAL PHARMACY),DXB,PHARMACY,NMC,Pharmacy outlet. Coordinates approximate for area. Operating
DHA-F-1756538,NMC SPECIALTY HOSPITAL PHARMACY DIP BR OF NMC ROYAL HOSPITAL LTD DUBAI BRANCH,DXB,PHARMACY,NMC,Pharmacy outlet. Coordinates approximate for area. Operating
DHA-F-0045794,BAIT AL SHIFAA PHARMACY LTD - DUBAI BRANCH(FORMERLY BAIT AL SHIFAA NEW PHARMACY),DXB,PHARMACY,Shifa/ADICO,Pharmacy outlet. Coordinates approximate for area. Operating
DHA-F-8585813,NEW MEDICAL CENTRE PHARMACY LTD BRANCH,DXB,PHARMACY,UNKNOWN,Pharmacy outlet. Coordinates approximate for area. Operating
DHA-F-0000526,XIE HE PHARMACY LLC,DXB,PHARMACY,UNKNOWN,Pharmacy outlet. Coordinates approximate for area. Operating
DHA-F-5404249,VIDA PHARMACY L.L.C,DXB,PHARMACY,UNKNOWN,Pharmacy outlet. Coordinates approximate for area. Operating
DHA-F-7848755,LLH MEDICAL CENTER LLC PHARMACY BRANCH,DXB,PHARMACY,UNKNOWN,Pharmacy outlet. Coordinates approximate for area. Operating
DHA-F-4937071,NOOM PHARMACY LLC,DXB,PHARMACY,UNKNOWN,Pharmacy outlet. Coordinates approximate for area. Operating
DHA-F-4724796,ZMC PHARMACY LLC,DXB,PHARMACY,UNKNOWN,Pharmacy outlet. Coordinates approximate for area. Operating
DHA-F-2126207,BLOOM PLUS PHARMACY,DXB,PHARMACY,UNKNOWN,Pharmacy outlet. Coordinates approximate for area. Operating
DHA-F-5355025,CANADIAN SPECIALIST HOSPITAL PHARMACY L.L.C,DXB,PHARMACY,UNKNOWN,Pharmacy outlet. Coordinates approximate for area. Operating
DHA-F-4029420,ASTER PHARMACY 186 (BR OF ASTER PHARMACIES GROUP L.L.C),DXB,PHARMACY,UNKNOWN,Pharmacy outlet. Coordinates approximate for area. Operating
DHA-F-5686031,ASTER PHARMACY 191 (BR OF ASTER PHARMACIES GROUP L.L.C),DXB,PHARMACY,UNKNOWN,Pharmacy outlet. Coordinates approximate for area. Operating
DHA-F-9470224,ASTER PHARMACY 192 (BR OF ASTER PHARMACIES GROUP L.L.C),DXB,PHARMACY,UNKNOWN,Pharmacy outlet. Coordinates approximate for area. Operating
DHA-F-4625528,ASTER PHARMACY 194 (BR OF ASTER PHARMACIES GROUP L.L.C),DXB,PHARMACY,UNKNOWN,Pharmacy outlet. Coordinates approximate for area. Operating
DHA-F-6749775,ASTER PHARMACY 196 (BR OF ASTER PHARMACIES GROUP L.L.C),DXB,PHARMACY,UNKNOWN,Pharmacy outlet. Coordinates approximate for area. Operating
DHA-F-2677823,AL HANA PHARMACY LLC,DXB,PHARMACY,UNKNOWN,Pharmacy outlet. Coordinates approximate for area. Operating
DHA-F-7478843,ABSOLUTE WELLNESS MEDICAL CENTRE LLC- AMBULATORY PHARMACY,DXB,PHARMACY,UNKNOWN,Pharmacy outlet. Coordinates approximate for area. Operating
DHA-F-1014980,GRAND DR ISMAIL POLYCLINIC L.L.C PHARMACY,DXB,PHARMACY,UNKNOWN,Pharmacy outlet. Coordinates approximate for area. Operating
DHA-F-0347148,EMIRATES PHARMACY L.L.C (BR.DISCOVERY GARDEN),DXB,PHARMACY,UNKNOWN,Pharmacy outlet. Coordinates approximate for area. Operating
DHA-F-4115781,ASTER PHARMACY180 AND CLINIC BR OF ASTER PHARMACIES GROUP LLC,DXB,PHARMACY,UNKNOWN,Pharmacy outlet. Coordinates approximate for area. Operating
DHA-F-4056390,STEPS PHARMACY L.L.C,DXB,PHARMACY,UNKNOWN,Pharmacy outlet. Coordinates approximate for area. Operating
DHA-F-7048200,AFRIDI PHARMACY LLC,DXB,PHARMACY,UNKNOWN,Pharmacy outlet. Coordinates approximate for area. Operating
DHA-F-0000718,WECARE E R X PHARMACY L.L.C,DXB,PHARMACY,UNKNOWN,Pharmacy outlet. Coordinates approximate for area. Operating
DHA-F-0722974,MED DOC PHARMACY L.L.C,DXB,PHARMACY,UNKNOWN,Pharmacy outlet. Coordinates approximate for area. Operating
DHA-F-0000437,MEDICOM PHARMACY 31 L.L.C,DXB,PHARMACY,UNKNOWN,Pharmacy outlet. Coordinates approximate for area. Operating
DHA-F-7951406,TRU DOC PHARMACY L.L.C,DXB,PHARMACY,UNKNOWN,Pharmacy outlet. Coordinates approximate for area. Operating
DHA-F-5960989,ROYAL PHOENIX CLINIC L.L.C,DXB,CLINIC,UNKNOWN,Coordinates derived from area-level geocoding. Verify agains
DHA-F-5837760,ROYAL PHOENIX CLINIC L.L.C - PHARMACY,DXB,PHARMACY,UNKNOWN,Pharmacy outlet. Coordinates approximate for area. Operating
DHA-F-8435770,PRISTINE CARE PHARMACY (BR OF PRISTINE PHARMACY LLC)DUBAI BRANCH,DXB,PHARMACY,UNKNOWN,Pharmacy outlet. Coordinates approximate for area. Operating
DHA-F-2717352,AL MULAYIM PHARMACY L.L.C,DXB,PHARMACY,UNKNOWN,Pharmacy outlet. Coordinates approximate for area. Operating
DHA-F-4009861,ASTER PHARMACY 171 (BR OF ASTER PHARMACIES GROUP L.L.C),DXB,PHARMACY,UNKNOWN,Pharmacy outlet. Coordinates approximate for area. Operating
DHA-F-6923637,ASTER PHARMACY 177 (BR OF ASTER PHARMACIES GROUP L.L.C),DXB,PHARMACY,UNKNOWN,Pharmacy outlet. Coordinates approximate for area. Operating
DHA-F-1991662,ASTER PHARMACY 195 (BR OF ASTER PHARMACIES GROUP L.L.C),DXB,PHARMACY,UNKNOWN,Pharmacy outlet. Coordinates approximate for area. Operating
DHA-F-4376068,MARHABA PHARMACY LLC,DXB,PHARMACY,UNKNOWN,Pharmacy outlet. Coordinates approximate for area. Operating
DHA-F-0002584,ABEER AL NOOR PHARMACY LLC,DXB,PHARMACY,UNKNOWN,Pharmacy outlet. Coordinates approximate for area. Operating
DHA-F-4927956,ABEER AL NOOR POLY CLINIC L.L.C (BRANCH)-PHARMACY,DXB,PHARMACY,UNKNOWN,Pharmacy outlet. Coordinates approximate for area. Operating
DHA-F-6944046,AMBER CLINICS LLC(PHARMACY),DXB,PHARMACY,UNKNOWN,Pharmacy outlet. Coordinates approximate for area. Operating
DHA-F-5344476,AMBER PHARMACY L.L.C,DXB,PHARMACY,UNKNOWN,Pharmacy outlet. Coordinates approximate for area. Operating
DHA-F-0792245,DR JOSEPH POLYCLINIC (BR OF AMBER CLINICS L.L.C PHARMACY)),DXB,PHARMACY,UNKNOWN,Pharmacy outlet. Coordinates approximate for area. Operating
DHA-F-7579888,DURAIYA KAMAL MEDICAL CLINIC-PHARMACY,DXB,PHARMACY,UNKNOWN,Pharmacy outlet. Coordinates approximate for area. Operating
DHA-F-4701283,INNOVATION FAMILY PHARMACY L.L.C,DXB,PHARMACY,UNKNOWN,Pharmacy outlet. Coordinates approximate for area. Operating
DHA-F-0047991,HEALTH FIRST PHARMACY 1- DUBAI (BR. OF HEALTH FIRST INVESTMENT LLC),DXB,PHARMACY,UNKNOWN,Pharmacy outlet. Coordinates approximate for area. Operating
DHA-F-0001325,HEALTH FIRST PHARMACY 11,DXB,PHARMACY,UNKNOWN,Pharmacy outlet. Coordinates approximate for area. Operating
DHA-F-0002518,HEALTH FIRST PHARMACY 2,DXB,PHARMACY,UNKNOWN,Pharmacy outlet. Coordinates approximate for area. Operating
DHA-F-0045805,HEALTH FIRST PHARMACY 23- DUBAI (BR. OF HEALTH FIRST INVESTMENT LLC),DXB,PHARMACY,UNKNOWN,Pharmacy outlet. Coordinates approximate for area. Operating
DHA-F-0000257,HEALTH FIRST PHARMACY 24- DUBAI (BR. OF HEALTH FIRST INVESTMENT LLC),DXB,PHARMACY,UNKNOWN,Pharmacy outlet. Coordinates approximate for area. Operating
DHA-F-0000478,HEALTH FIRST PHARMACY 25- DUBAI (BR. OF HEALTH FIRST INVESTMENT LLC),DXB,PHARMACY,UNKNOWN,Pharmacy outlet. Coordinates approximate for area. Operating
DHA-F-0000960,HEALTH FIRST PHARMACY 27 (IMPZ),DXB,PHARMACY,UNKNOWN,Pharmacy outlet. Coordinates approximate for area. Operating
DHA-F-0047085,HEALTH FIRST PHARMACY 3,DXB,PHARMACY,UNKNOWN,Pharmacy outlet. Coordinates approximate for area. Operating
DHA-F-0001012,HEALTH FIRST PHARMACY 30,DXB,PHARMACY,UNKNOWN,Pharmacy outlet. Coordinates approximate for area. Operating
DHA-F-0001124,HEALTH FIRST PHARMACY 33,DXB,PHARMACY,UNKNOWN,Pharmacy outlet. Coordinates approximate for area. Operating
DHA-F-0001242,HEALTH FIRST PHARMACY 34,DXB,PHARMACY,UNKNOWN,Pharmacy outlet. Coordinates approximate for area. Operating
DHA-F-0001399,HEALTH FIRST PHARMACY 37,DXB,PHARMACY,UNKNOWN,Pharmacy outlet. Coordinates approximate for area. Operating
DHA-F-0001148,HEALTH FIRST PHARMACY 38,DXB,PHARMACY,UNKNOWN,Pharmacy outlet. Coordinates approximate for area. Operating
DHA-F-0000164,HEALTH FIRST PHARMACY 4- DUBAI (BR. OF HEALTH FIRST INVESTMENT LLC),DXB,PHARMACY,UNKNOWN,Pharmacy outlet. Coordinates approximate for area. Operating
DHA-F-0001265,HEALTH FIRST PHARMACY 41,DXB,PHARMACY,UNKNOWN,Pharmacy outlet. Coordinates approximate for area. Operating
DHA-F-0001444,HEALTH FIRST PHARMACY 45,DXB,PHARMACY,UNKNOWN,Pharmacy outlet. Coordinates approximate for area. Operating
DHA-F-0001538,HEALTH FIRST PHARMACY 48 ,DXB,PHARMACY,UNKNOWN,Pharmacy outlet. Coordinates approximate for area. Operating
DHA-F-0045800,HEALTH FIRST PHARMACY 5- DUBAI (BR. OF HEALTH FIRST INVESTMENT LLC),DXB,PHARMACY,UNKNOWN,Pharmacy outlet. Coordinates approximate for area. Operating
DHA-F-0001697,HEALTH FIRST PHARMACY 52,DXB,PHARMACY,UNKNOWN,Pharmacy outlet. Coordinates approximate for area. Operating
DHA-F-8021165,HEALTH FIRST PHARMACY 55,DXB,PHARMACY,UNKNOWN,Pharmacy outlet. Coordinates approximate for area. Operating
DHA-F-7211077,HEALTH FIRST PHARMACY 57,DXB,PHARMACY,UNKNOWN,Pharmacy outlet. Coordinates approximate for area. Operating
DHA-F-2212486,HEALTH FIRST PHARMACY 58,DXB,PHARMACY,UNKNOWN,Pharmacy outlet. Coordinates approximate for area. Operating
DHA-F-7272735,HEALTH FIRST PHARMACY 60,DXB,PHARMACY,UNKNOWN,Pharmacy outlet. Coordinates approximate for area. Operating
DHA-F-8196173,HEALTH FIRST PHARMACY 61,DXB,PHARMACY,UNKNOWN,Pharmacy outlet. Coordinates approximate for area. Operating
DHA-F-7986339,HEALTH FIRST PHARMACY 64,DXB,PHARMACY,UNKNOWN,Pharmacy outlet. Coordinates approximate for area. Operating
DHA-F-0001095,HEALTH FIRST PHARMACY 9,DXB,PHARMACY,UNKNOWN,Pharmacy outlet. Coordinates approximate for area. Operating
DHA-F-2099092,DEANS LIFE PHARMACY LLC ,DXB,PHARMACY,UNKNOWN,Pharmacy outlet. Coordinates approximate for area. Operating
DHA-F-6633537,ABEER AL NOOR PHARMACY LLC BRANCH,DXB,PHARMACY,UNKNOWN,Pharmacy outlet. Coordinates approximate for area. Operating
DHA-F-5232729,NEXA PHARMACY,DXB,PHARMACY,UNKNOWN,Pharmacy outlet. Coordinates approximate for area. Operating
DHA-F-6323210,CRX PHARMACY L.L.C,DXB,PHARMACY,UNKNOWN,Pharmacy outlet. Coordinates approximate for area. Operating
DHA-F-7567795,ASTER PHARMACIES GROUP LLC(DMCC BRANCH),DXB,PHARMACY,UNKNOWN,Pharmacy outlet. Coordinates approximate for area. Operating
DHA-F-9742223,MEDCARE MEDICAL CENTRE ARABIAN RANCHES 3 (BR OF MEDCARE HOSPITAL (L.L.C)(PHARMACY),DXB,PHARMACY,UNKNOWN,Pharmacy outlet. Coordinates approximate for area. Operating
DHA-F-1109096,MEDCARE MEDICAL CENTRE THE VALLEY (BR OF MEDCARE HOSPITAL (L.L.C)(PHARMACY),DXB,PHARMACY,UNKNOWN,Pharmacy outlet. Coordinates approximate for area. Operating
DHA-F-0032545,SHAMS AL AHALIA MEDICAL CENTER - (AMBULATORY PHARMACY),DXB,PHARMACY,UNKNOWN,Pharmacy outlet. Coordinates approximate for area. Operating
DHA-F-0046680,AMAAN PHARMACY,DXB,PHARMACY,UNKNOWN,Pharmacy outlet. Coordinates approximate for area. Operating
DHA-F-0001135,DOCIB PHARMACY LLC,DXB,PHARMACY,UNKNOWN,Pharmacy outlet. Coordinates approximate for area. Operating
DHA-F-0047295,LULU BARSHA PHARMACY LLC,DXB,PHARMACY,UNKNOWN,Pharmacy outlet. Coordinates approximate for area. Operating
DHA-F-0045821,LULU CENTER PHARMACY LLC,DXB,PHARMACY,UNKNOWN,Pharmacy outlet. Coordinates approximate for area. Operating
DHA-F-0047371,LULU KARAMA PHARMACY LLC,DXB,PHARMACY,UNKNOWN,Pharmacy outlet. Coordinates approximate for area. Operating
DHA-F-3402124,PMC PHARMACY LLC,DXB,PHARMACY,UNKNOWN,Pharmacy outlet. Coordinates approximate for area. Operating
DHA-F-8949792,MEDHUB PHARMACY L.L.C,DXB,PHARMACY,UNKNOWN,Pharmacy outlet. Coordinates approximate for area. Operating
DHA-F-0742290,MEDHUB PHARMACY L.L.C (BRANCH),DXB,PHARMACY,UNKNOWN,Pharmacy outlet. Coordinates approximate for area. Operating
DHA-F-0318079,ASTER PHARMACY 208 (BR OF ASTER PHARMACIES GROUP L.L.C),DXB,PHARMACY,UNKNOWN,Pharmacy outlet. Coordinates approximate for area. Operating
DHA-F-8499564,ASTER PHARMACY 211 (BR OF ASTER PHARMACIES GROUP L.L.C),DXB,PHARMACY,UNKNOWN,Pharmacy outlet. Coordinates approximate for area. Operating
DHA-F-1952239,MEDCARE MEDICAL CENTRE NAD AL SHEBA PHARMACY BR OF MEDCARE HOSPITAL L L C (AMBULATORY PHARMACY),DXB,PHARMACY,UNKNOWN,Pharmacy outlet. Coordinates approximate for area. Operating
DHA-F-0911695,ASTER PHARMACY 199 (BR OF ASTER PHARMACIES GROUP L.L.C),DXB,PHARMACY,UNKNOWN,Pharmacy outlet. Coordinates approximate for area. Operating
DHA-F-3484876,ASTER PHARMACY 190 (BR OF ASTER PHARMACIES GROUP L.L.C),DXB,PHARMACY,UNKNOWN,Pharmacy outlet. Coordinates approximate for area. Operating
DHA-F-4162689,ZEST PHARMACY 3 (BR OF ZEST WELLNESS PHARMACY L.L.C),DXB,PHARMACY,UNKNOWN,Pharmacy outlet. Coordinates approximate for area. Operating
DHA-F-0001240,INTERNATIONAL MODERN HOSPITAL PHARMACY,DXB,PHARMACY,UNKNOWN,Pharmacy outlet. Coordinates approximate for area. Operating
DHA-F-9959654,AMBER PHARMACY L.L.C BRANCH,DXB,PHARMACY,UNKNOWN,Pharmacy outlet. Coordinates approximate for area. Operating
DHA-F-1684398,MUMTAZ AL NOOR EXPRESS PHARMACY L.L.C,DXB,PHARMACY,UNKNOWN,Pharmacy outlet. Coordinates approximate for area. Operating
DHA-F-9504539,STAR FALCON PHARMACY LLC,DXB,PHARMACY,UNKNOWN,Pharmacy outlet. Coordinates approximate for area. Operating
DHA-F-0001681,CITY RELIEF PHARMACY LLC,DXB,PHARMACY,UNKNOWN,Pharmacy outlet. Coordinates approximate for area. Operating
DHA-F-1147979,ASTER PHARMACY 197 (BR OF ASTER PHARMACIES GROUP L.L.C),DXB,PHARMACY,UNKNOWN,Pharmacy outlet. Coordinates approximate for area. Operating
DHA-F-8473462,ZEST WELLNESS PHARMACY LLC. DWC-BRANCH,DXB,PHARMACY,UNKNOWN,Pharmacy outlet. Coordinates approximate for area. Operating
DHA-F-4271473,ASTER PHARMACY 209 (BR OF ASTER PHARMACIES GROUP L.L.C),DXB,PHARMACY,UNKNOWN,Pharmacy outlet. Coordinates approximate for area. Operating
DHA-F-6843525,ASTER PHARMACY 210 (BR OF ASTER PHARMACIES GROUP L.L.C),DXB,PHARMACY,UNKNOWN,Pharmacy outlet. Coordinates approximate for area. Operating
DHA-F-0857778,ASTER PHARMACY 212 (BR OF ASTER PHARMACIES GROUP L.L.C),DXB,PHARMACY,UNKNOWN,Pharmacy outlet. Coordinates approximate for area. Operating
DHA-F-2776119,CARE 7 PHARMACY LLC ,DXB,PHARMACY,UNKNOWN,Pharmacy outlet. Coordinates approximate for area. Operating
DHA-F-9054776,PARK BETTER LIFE PHARMACY (L.LC) (BRANCH),DXB,PHARMACY,UNKNOWN,Pharmacy outlet. Coordinates approximate for area. Operating
DHA-F-4155396,PARADISE PLUS POLY CLINIC LLC (BRANCH) AMBULATORY PHARMACY,DXB,PHARMACY,UNKNOWN,Pharmacy outlet. Coordinates approximate for area. Operating
DHA-F-6874027,ASTER PHARMACY 207 (BR OF ASTER PHARMACIES GROUP L.L.C),DXB,PHARMACY,UNKNOWN,Pharmacy outlet. Coordinates approximate for area. Operating
DHA-F-5280663,ASTER PHARMACY 215 (BR OF ASTER PHARMACIES GROUP L.L.C),DXB,PHARMACY,UNKNOWN,Pharmacy outlet. Coordinates approximate for area. Operating
DHA-F-1919984,FIRST SHIELD PHARMACY L.L.C,DXB,PHARMACY,UNKNOWN,Pharmacy outlet. Coordinates approximate for area. Operating
DHA-F-3954656,SEHA AL NOOR PHARMACY L.L.C (BRANCH),DXB,PHARMACY,UNKNOWN,Pharmacy outlet. Coordinates approximate for area. Operating
DHA-F-6178242,SEHA AL NOOR PHARMACY L.L.C,DXB,PHARMACY,UNKNOWN,Pharmacy outlet. Coordinates approximate for area. Operating
DHA-F-5476089,MOOPANS PHARMACY L.L.C,DXB,PHARMACY,UNKNOWN,Pharmacy outlet. Coordinates approximate for area. Operating
DHA-F-1150587,ICARE AL REFFA (BR OF EXCEL HEALTHCARE L.L.C),DXB,PHARMACY,UNKNOWN,Pharmacy outlet. Coordinates approximate for area. Operating
DHA-F-3286279,RUKN AL MAMZAR PHARMACY LLC,DXB,PHARMACY,UNKNOWN,Pharmacy outlet. Coordinates approximate for area. Operating
DHA-F-1520727,SHIFA AL BAIROONI PHARMACY LLC,DXB,PHARMACY,Shifa/ADICO,Pharmacy outlet. Coordinates approximate for area. Operating
DHA-F-2372848,ROYAL SABA MEDICAL CLINIC PHARMACY,DXB,PHARMACY,UNKNOWN,Pharmacy outlet. Coordinates approximate for area. Operating
DHA-F-7378794,ASTER PHARMACY 213 (BR OF ASTER PHARMACIES GROUP L.L.C),DXB,PHARMACY,UNKNOWN,Pharmacy outlet. Coordinates approximate for area. Operating
DHA-F-3442716,ASTER PHARMACY 219 (BR OF ASTER PHARMACIES GROUP L.L.C),DXB,PHARMACY,UNKNOWN,Pharmacy outlet. Coordinates approximate for area. Operating
DHA-F-8947076,ASTER MEDICAL CENTER SILICON OASIS (BR OF DM HEALTHCARE (L L C)),DXB,PHARMACY,UNKNOWN,Pharmacy outlet. Coordinates approximate for area. Operating
DHA-F-1849073,ASTER PHARMACY 198 (BR OF ASTER PHARMACIES GROUP L.L.C),DXB,PHARMACY,UNKNOWN,Pharmacy outlet. Coordinates approximate for area. Operating
DHA-F-4539844,ASTER PHARMACY 214 (BR OF ASTER PHARMACIES GROUP L.L.C),DXB,PHARMACY,UNKNOWN,Pharmacy outlet. Coordinates approximate for area. Operating
DHA-F-8524328,ASTER PHARMACY 216 (BR OF ASTER PHARMACIES GROUP L.L.C),DXB,PHARMACY,UNKNOWN,Pharmacy outlet. Coordinates approximate for area. Operating
DHA-F-1597494,ASTER PHARMACY 218  (BR OF ASTER PHARMACIES GROUP L.L.C),DXB,PHARMACY,UNKNOWN,Pharmacy outlet. Coordinates approximate for area. Operating
DHA-F-3930735,24 HOUR PHARMACY CO. L.L.C,DXB,PHARMACY,UNKNOWN,Pharmacy outlet. Coordinates approximate for area. Operating
DHA-F-6339254,800PHARMA1 PHARMACY CO. L.L.C,DXB,PHARMACY,UNKNOWN,Pharmacy outlet. Coordinates approximate for area. Operating
DHA-F-2459518,800PHARMA1 PHARMACY CO. L.L.C (BRANCH),DXB,PHARMACY,UNKNOWN,Pharmacy outlet. Coordinates approximate for area. Operating
DHA-F-3632768,ADAMS PHARMACY L.L.C,DXB,PHARMACY,UNKNOWN,Pharmacy outlet. Coordinates approximate for area. Operating
DHA-F-8861732,ADAMS PHARMACY L.L.C (BRANCH),DXB,PHARMACY,UNKNOWN,Pharmacy outlet. Coordinates approximate for area. Operating
DHA-F-8867570,CAREWELL STAR PHARMACY L.L.C,DXB,PHARMACY,UNKNOWN,Pharmacy outlet. Coordinates approximate for area. Operating
DHA-F-8804676,JANAH PHARMACY FZ LLC,DXB,PHARMACY,UNKNOWN,Pharmacy outlet. Coordinates approximate for area. Operating
DHA-F-7202939,MEDISHOP PHARMACY L.L.C,DXB,PHARMACY,UNKNOWN,Pharmacy outlet. Coordinates approximate for area. Operating
DHA-F-2421032,MEDON 24 HOUR PHARMACY CO. L.L.C,DXB,PHARMACY,UNKNOWN,Pharmacy outlet. Coordinates approximate for area. Operating
DHA-F-8850465,MEDON 24 HOUR PHARMACY CO. L.L.C (Branch)- MARINA,DXB,PHARMACY,UNKNOWN,Pharmacy outlet. Coordinates approximate for area. Operating
DHA-F-2063145,MEDON 24 HOUR PHARMACY CO. L.L.C (Branch)- AL BARSHA,DXB,PHARMACY,UNKNOWN,Pharmacy outlet. Coordinates approximate for area. Operating
DHA-F-8979413,HEALTH FIRST PHARMACY 65 (Br. OF HEALTH FIRST INVESTMENT L.L.C),DXB,PHARMACY,UNKNOWN,Pharmacy outlet. Coordinates approximate for area. Operating
DHA-F-8129129,AL NOOR VILLAGE PHARMACY L.L.C,DXB,PHARMACY,UNKNOWN,Pharmacy outlet. Coordinates approximate for area. Operating
DHA-F-1192157,MERCURY PLUS PHARMACY LLC,DXB,PHARMACY,UNKNOWN,Pharmacy outlet. Coordinates approximate for area. Operating
DHA-F-7181639,MEDHUB MEDICAL CENTER L.L.C (BRANCH),DXB,CLINIC,UNKNOWN,Coordinates derived from area-level geocoding. Verify agains
DHA-F-0183515,MEDHUB PHARMACY L.L.C  (BRANCH),DXB,PHARMACY,UNKNOWN,Pharmacy outlet. Coordinates approximate for area. Operating
DHA-F-0045852,AL JAZEERA PHARMACY,DXB,PHARMACY,UNKNOWN,Pharmacy outlet. Coordinates approximate for area. Operating
DHA-F-0047125,MEDICOM PHARMACY 15,DXB,PHARMACY,UNKNOWN,Pharmacy outlet. Coordinates approximate for area. Operating
DHA-F-0047092,MEDICOM PHARMACY 16,DXB,PHARMACY,UNKNOWN,Pharmacy outlet. Coordinates approximate for area. Operating
DHA-F-0002256,MEDICOM PHARMACY 34 LLC,DXB,PHARMACY,UNKNOWN,Pharmacy outlet. Coordinates approximate for area. Operating
DHA-F-7237008,MEDICOM PHARMACY 35 LLC,DXB,PHARMACY,UNKNOWN,Pharmacy outlet. Coordinates approximate for area. Operating
DHA-F-0048038,AL ADHAL PHARMACY 1 (LLC),DXB,PHARMACY,UNKNOWN,Pharmacy outlet. Coordinates approximate for area. Operating
DHA-F-0045772,AL SHOHOB PHARMACY (LLC),DXB,PHARMACY,UNKNOWN,Pharmacy outlet. Coordinates approximate for area. Operating
DHA-F-0045867,GHAZAL JUMAIRAH PHARMACY (LLC),DXB,PHARMACY,UNKNOWN,Pharmacy outlet. Coordinates approximate for area. Operating
DHA-F-0000865,MEDICOM PHARMACY 33 (LLC),DXB,PHARMACY,UNKNOWN,Pharmacy outlet. Coordinates approximate for area. Operating
DHA-F-9299122 ,MEDICOM PHARMACY 38 BRANCH,DXB,PHARMACY,UNKNOWN,Pharmacy outlet. Coordinates approximate for area. Operating
DHA-F-0048018,MEDICOM PHARMACY 38 LLC,DXB,PHARMACY,UNKNOWN,Pharmacy outlet. Coordinates approximate for area. Operating
DHA-F-0045885,RELIEF PHARMACY (L.L.C),DXB,PHARMACY,UNKNOWN,Pharmacy outlet. Coordinates approximate for area. Operating
DHA-F-2126780,GARDENS MEDICAL CENTRE PHARMACY (BR OF DM HEALTHCARE L.L.C),DXB,PHARMACY,UNKNOWN,Pharmacy outlet. Coordinates approximate for area. Operating
DHA-F-0839753,MEDCARE MEDICAL CENTER JVC (BR OF MEDCARE HOSPITAL) - AMBULATORY PHARMACY,DXB,PHARMACY,UNKNOWN,Pharmacy outlet. Coordinates approximate for area. Operating
DHA-F-8282163,ASTER PHARMACY 217 (BR OF ASTER PHARMACIES GROUP L.L.C),DXB,PHARMACY,UNKNOWN,Pharmacy outlet. Coordinates approximate for area. Operating
DHA-F-1196250,ZEST PHARMACY 13 (BR OF ZEST WELLNESS PHARMACY L.L.C),DXB,PHARMACY,UNKNOWN,Pharmacy outlet. Coordinates approximate for area. Operating
DHA-F-0046980,BIN SINA EMIRATES PHARMACY (L.L.C),DXB,PHARMACY,UNKNOWN,Pharmacy outlet. Coordinates approximate for area. Operating
DHA-F-3247886,IBN SINA 100 PHARMACY (BR OF IBN SINA GROUP PHARMACIES (L.L.C)),DXB,PHARMACY,UNKNOWN,Pharmacy outlet. Coordinates approximate for area. Operating
DHA-F-0047398,IBN SINA 21 PHARMACY (BR OF IBN SINA GROUP PHARMACIES),DXB,PHARMACY,UNKNOWN,Pharmacy outlet. Coordinates approximate for area. Operating
DHA-F-0047549,IBN SINA 29 PHARMACY (BR OF IBN SINA GROUP PHARMACIES),DXB,PHARMACY,UNKNOWN,Pharmacy outlet. Coordinates approximate for area. Operating
DHA-F-0047604,IBN SINA 30 PHARMACY(BR OF IBN SINA GROUP PHARMACIES),DXB,PHARMACY,UNKNOWN,Pharmacy outlet. Coordinates approximate for area. Operating
DHA-F-0047631,IBN SINA 31 PHARMACY (BR OF IBN SINA GROUP PHARMACIES (L.L.C)),DXB,PHARMACY,UNKNOWN,Pharmacy outlet. Coordinates approximate for area. Operating
DHA-F-0047836,IBN SINA 34 PHARMACY(BR OF IBN SINA GROUP PHARMACIES L.L.C),DXB,PHARMACY,UNKNOWN,Pharmacy outlet. Coordinates approximate for area. Operating
DHA-F-5768649,IBN SINA 36 PHARMACY (BR OF IBN SINA GROUP PHARMACIES (L.L.C)),DXB,PHARMACY,UNKNOWN,Pharmacy outlet. Coordinates approximate for area. Operating
DHA-F-0047843,IBN SINA 38 PHARMACY(BR IBN SINA),DXB,PHARMACY,UNKNOWN,Pharmacy outlet. Coordinates approximate for area. Operating
DHA-F-9504724,IBN SINA 39 PHARMACY (BR OF IBN SINA GROUP PHARMACIES (L.L.C)),DXB,PHARMACY,UNKNOWN,Pharmacy outlet. Coordinates approximate for area. Operating
DHA-F-0000316,IBN SINA 40 PHARMACY (BR OF IBN SINA GROUP PHARMACIES (L.L.C)),DXB,PHARMACY,UNKNOWN,Pharmacy outlet. Coordinates approximate for area. Operating
DHA-F-8708378,IBN SINA 41 PHARMACY (BR OF IBN SINA GROUP PHARMACIES (L.L.C)),DXB,PHARMACY,UNKNOWN,Pharmacy outlet. Coordinates approximate for area. Operating
DHA-F-0000492,IBN SINA 43 PHARMACY (BR OF IBN SINA GROUP PHARMACIES (L.L.C)),DXB,PHARMACY,UNKNOWN,Pharmacy outlet. Coordinates approximate for area. Operating
DHA-F-0000531,IBN SINA 44 PHARMACY (BR OF IBN SINA GROUP PHARMACIES (L.L.C)),DXB,PHARMACY,UNKNOWN,Pharmacy outlet. Coordinates approximate for area. Operating
DHA-F-8677359,IBN SINA 45 PHARMACY (BR OF IBN SINA GROUP PHARMACIES (L.L.C)),DXB,PHARMACY,UNKNOWN,Pharmacy outlet. Coordinates approximate for area. Operating
DHA-F-0347310,IBN SINA 46 PHARMACY (BR OF IBN SINA GROUP PHARMACIES (L.L.C)),DXB,PHARMACY,UNKNOWN,Pharmacy outlet. Coordinates approximate for area. Operating
DHA-F-9407090,IBN SINA 50 PHARMACY (BR OF IBN SINA GROUP PHARMACIES (L.L.C.)),DXB,PHARMACY,UNKNOWN,Pharmacy outlet. Coordinates approximate for area. Operating
DHA-F-0000997,IBN SINA 51 PHARMACY (BR OF IBN SINA GROUP PHARMACIES (L.L.C)),DXB,PHARMACY,UNKNOWN,Pharmacy outlet. Coordinates approximate for area. Operating
DHA-F-0001002,IBN SINA 52 PHARMACY (BR OF IBN SINA GROUP PHARMACIES (L.L.C)),DXB,PHARMACY,UNKNOWN,Pharmacy outlet. Coordinates approximate for area. Operating
DHA-F-0001005,IBN SINA 54 PHARMACY (BR OF IBN SINA GROUP PHARMACIES (L.L.C)),DXB,PHARMACY,UNKNOWN,Pharmacy outlet. Coordinates approximate for area. Operating
DHA-F-0001142,IBN SINA 55 PHARMACY (BR OF IBN SINA GROUP PHARMACIES (L.L.C)),DXB,PHARMACY,UNKNOWN,Pharmacy outlet. Coordinates approximate for area. Operating
DHA-F-2357721,IBN SINA 56 PHARMACY (BR OF IBN SINA GROUP PHARMACIES (L.L.C)),DXB,PHARMACY,UNKNOWN,Pharmacy outlet. Coordinates approximate for area. Operating
DHA-F-3019118,IBN SINA 57 PHARMACY (BR OF IBN SINA GROUP PHARMACIES (L.L.C.)),DXB,PHARMACY,UNKNOWN,Pharmacy outlet. Coordinates approximate for area. Operating
DHA-F-0001307,IBN SINA 58 PHARMACY (BR OF IBN SINA GROUP PHARMACIES (L.L.C)),DXB,PHARMACY,UNKNOWN,Pharmacy outlet. Coordinates approximate for area. Operating
DHA-F-1607228,IBN SINA 59 PHARMACY (BR OF IBN SINA GROUP PHARMACIES (L.L.C.)),DXB,PHARMACY,UNKNOWN,Pharmacy outlet. Coordinates approximate for area. Operating
DHA-F-0001308,IBN SINA 60 PHARMACY (BR OF IBN SINA GROUP PHARMACIES (L.L.C)),DXB,PHARMACY,UNKNOWN,Pharmacy outlet. Coordinates approximate for area. Operating
DHA-F-0001333,IBN SINA 61 PHARMACY (BR OF IBN SINA GROUP PHARMACIES (L.L.C)),DXB,PHARMACY,UNKNOWN,Pharmacy outlet. Coordinates approximate for area. Operating
DHA-F-0001544,IBN SINA 62 PHARMACY (BR OF IBN SINA GROUP PHARMACIES (L.L.C)),DXB,PHARMACY,UNKNOWN,Pharmacy outlet. Coordinates approximate for area. Operating
DHA-F-0001824,IBN SINA 63 PHARMACY (BR OF IBN SINA GROUP PHARMACIES (L.L.C)),DXB,PHARMACY,UNKNOWN,Pharmacy outlet. Coordinates approximate for area. Operating
DHA-F-3614239,IBN SINA 64 PHARMACY (BR OF IBN SINA GROUP PHARMACIES (L.L.C)),DXB,PHARMACY,UNKNOWN,Pharmacy outlet. Coordinates approximate for area. Operating
DHA-F-9121098,IBN SINA 65 PHARMACY (BR OF IBN SINA GROUP PHARMACIES (L.L.C)),DXB,PHARMACY,UNKNOWN,Pharmacy outlet. Coordinates approximate for area. Operating
DHA-F-6029895,IBN SINA 67 PHARMACY (BR OF IBN SINA GROUP PHARMACIES (L.L.C)),DXB,PHARMACY,UNKNOWN,Pharmacy outlet. Coordinates approximate for area. Operating
DHA-F-3554533,IBN SINA 68 PHARMACY (BR OF IBN SINA GROUP PHARMACIES (L.L.C)),DXB,PHARMACY,UNKNOWN,Pharmacy outlet. Coordinates approximate for area. Operating
DHA-F-0186755,IBN SINA 69 PHARMACY (BR OF IBN SINA GROUP PHARMACIES (L.L.C.)),DXB,PHARMACY,UNKNOWN,Pharmacy outlet. Coordinates approximate for area. Operating
DHA-F-0002286,IBN SINA 71 PHARMACY (BR OF IBN SINA GROUP PHARMACIES (L.L.C)),DXB,PHARMACY,UNKNOWN,Pharmacy outlet. Coordinates approximate for area. Operating
DHA-F-8096058 ,IBN SINA 72 PHARMACY (BR OF IBN SINA GROUP PHARMACIES (L.L.C)),DXB,PHARMACY,UNKNOWN,Pharmacy outlet. Coordinates approximate for area. Operating
DHA-F-0002057,IBN SINA 73 PHARMACY (BR OF IBN SINA GROUP PHARMACIES (L.L.C)),DXB,PHARMACY,UNKNOWN,Pharmacy outlet. Coordinates approximate for area. Operating
DHA-F-0002273,IBN SINA 74 PHARMACY (BR OF IBN SINA GROUP PHARMACIES (L.L.C)),DXB,PHARMACY,UNKNOWN,Pharmacy outlet. Coordinates approximate for area. Operating
DHA-F-4479765 ,IBN SINA 75 PHARMACY (BR OF IBN SINA GROUP PHARMACIES (L.L.C)),DXB,PHARMACY,UNKNOWN,Pharmacy outlet. Coordinates approximate for area. Operating
DHA-F-5613475,IBN SINA 76 PHARMACY (BR OF IBN SINA GROUP PHARMACIES (L.L.C)),DXB,PHARMACY,UNKNOWN,Pharmacy outlet. Coordinates approximate for area. Operating
DHA-F-0400695,IBN SINA 77 PHARMACY (BR OF IBN SINA GROUP PHARMACIES (L.L.C)),DXB,PHARMACY,UNKNOWN,Pharmacy outlet. Coordinates approximate for area. Operating
DHA-F-0002388,IBN SINA 78 PHARMACY (BR OF IBN SINA GROUP PHARMACIES (L.L.C)),DXB,PHARMACY,UNKNOWN,Pharmacy outlet. Coordinates approximate for area. Operating
DHA-F-0002519,IBN SINA 79 PHARMACY (BR OF IBN SINA GROUP PHARMACIES (L.L.C)),DXB,PHARMACY,UNKNOWN,Pharmacy outlet. Coordinates approximate for area. Operating
DHA-F-0002550,IBN SINA 80 PHARMACY (BR OF IBN SINA GROUP PHARMACIES (L.L.C)),DXB,PHARMACY,UNKNOWN,Pharmacy outlet. Coordinates approximate for area. Operating
DHA-F-9110111,IBN SINA 81 PHARMACY (BR OF IBN SINA GROUP PHARMACIES (L.L.C.)),DXB,PHARMACY,UNKNOWN,Pharmacy outlet. Coordinates approximate for area. Operating
DHA-F-9872892,IBN SINA 82 PHARMACY (BR OF IBN SINA GROUP PHARMACIES (L.L.C)),DXB,PHARMACY,UNKNOWN,Pharmacy outlet. Coordinates approximate for area. Operating
DHA-F-0002124,IBN SINA 83 PHARMACY (BR OF IBN SINA GROUP PHARMACIES (L.L.C)),DXB,PHARMACY,UNKNOWN,Pharmacy outlet. Coordinates approximate for area. Operating
DHA-F-0763986,IBN SINA 85 PHARMACY (BR OF IBN SINA GROUP PHARMACIES (L.L.C)),DXB,PHARMACY,UNKNOWN,Pharmacy outlet. Coordinates approximate for area. Operating
DHA-F-0787245,IBN SINA 86 PHARMACY (BR OF IBN SINA GROUP PHARMACIES (L.L.C)),DXB,PHARMACY,UNKNOWN,Pharmacy outlet. Coordinates approximate for area. Operating
DHA-F-8279004,IBN SINA 88 PHARMACY (BR OF IBN SINA GROUP PHARMACIES (L.L.C)),DXB,PHARMACY,UNKNOWN,Pharmacy outlet. Coordinates approximate for area. Operating
DHA-F-0065004,IBN SINA 89 PHARMACY (BR OF IBN SINA GROUP PHARMACIES (L.L.C)),DXB,PHARMACY,UNKNOWN,Pharmacy outlet. Coordinates approximate for area. Operating
DHA-F-5194037,IBN SINA 90 PHARMACY (BR OF IBN SINA GROUP PHARMACIES (L.L.C)),DXB,PHARMACY,UNKNOWN,Pharmacy outlet. Coordinates approximate for area. Operating
DHA-F-0706477 ,IBN SINA 91 PHARMACY (BR OF IBN SINA GROUP PHARMACIES (L.L.C)),DXB,PHARMACY,UNKNOWN,Pharmacy outlet. Coordinates approximate for area. Operating
DHA-F-1942628,IBN SINA 92 PHARMACY (BR OF IBN SINA GROUP PHARMACIES (L.L.C)),DXB,PHARMACY,UNKNOWN,Pharmacy outlet. Coordinates approximate for area. Operating
DHA-F-7044041,IBN SINA 93 PHARMACY (BR OF IBN SINA GROUP PHARMACIES (L.L.C.)),DXB,PHARMACY,UNKNOWN,Pharmacy outlet. Coordinates approximate for area. Operating
DHA-F-3283021,IBN SINA 94 PHARMACY (BR OF IBN SINA GROUP PHARMACIES (L.L.C)),DXB,PHARMACY,UNKNOWN,Pharmacy outlet. Coordinates approximate for area. Operating
DHA-F-7506597,IBN SINA 95 PHARMACY (BR OF IBN SINA GROUP PHARMACIES (L.L.C)),DXB,PHARMACY,UNKNOWN,Pharmacy outlet. Coordinates approximate for area. Operating
DHA-F-0520168,IBN SINA 96 PHARMACY (BR OF IBN SINA GROUP PHARMACIES (L.L.C)),DXB,PHARMACY,UNKNOWN,Pharmacy outlet. Coordinates approximate for area. Operating
DHA-F-1034130,IBN SINA 97 PHARMACY (BR OF IBN SINA GROUP PHARMACIES (L.L.C)),DXB,PHARMACY,UNKNOWN,Pharmacy outlet. Coordinates approximate for area. Operating
DHA-F-2632016,IBN SINA 98 PHARMACY (BR OF IBN SINA GROUP PHARMACIES (L.L.C)),DXB,PHARMACY,UNKNOWN,Pharmacy outlet. Coordinates approximate for area. Operating
DHA-F-7319867,IBN SINA 99 PHARMACY (BR OF IBN SINA GROUP PHARMACIES (L.L.C)),DXB,PHARMACY,UNKNOWN,Pharmacy outlet. Coordinates approximate for area. Operating
DHA-F-8833115,IBN SINA GROUP PHARMACIES (L.L.C),DXB,PHARMACY,UNKNOWN,Pharmacy outlet. Coordinates approximate for area. Operating
DHA-F-3091447,IBN SINA GROUP PHARMACIES (L.L.C) (BRANCH),DXB,PHARMACY,UNKNOWN,Pharmacy outlet. Coordinates approximate for area. Operating
DHA-F-8141146,IBN SINA GROUP PHARMACIES (LLC) (EXPO CITY DUBAI BRANCH),DXB,PHARMACY,UNKNOWN,Pharmacy outlet. Coordinates approximate for area. Operating
DHA-F-0045815,IBN SINA PHARMACY (BR OF IBN SINA GROUP PHARMACIES (L.L.C)),DXB,PHARMACY,UNKNOWN,Pharmacy outlet. Coordinates approximate for area. Operating
DHA-F-0047768,IBN SINA PHARMACY (L.L.C) BR 32,DXB,PHARMACY,UNKNOWN,Pharmacy outlet. Coordinates approximate for area. Operating
DHA-F-8405944,IBN SINA PHARMACY 66,DXB,PHARMACY,UNKNOWN,Pharmacy outlet. Coordinates approximate for area. Operating
DHA-F-8218369,IBN SINA SCIENTIFIC PHARMACY(BR OF IBN SINA GROUP PHARMACIES),DXB,PHARMACY,UNKNOWN,Pharmacy outlet. Coordinates approximate for area. Operating
DHA-F-0047417,IBN SINA TWENTY FIVE PHARMACY (BR OF IBN SINA GROUP PHARMACIES),DXB,PHARMACY,UNKNOWN,Pharmacy outlet. Coordinates approximate for area. Operating
DHA-F-0045824,MODERN IBN SINA PHARMACY (BR OF IBN SINA GROUP PHARMACIES),DXB,PHARMACY,UNKNOWN,Pharmacy outlet. Coordinates approximate for area. Operating
DHA-F-0045904,NEW IBN SINA PHARMACY (BR OF IBN SINA GROUP PHARMACIES (L.L.C)),DXB,PHARMACY,UNKNOWN,Pharmacy outlet. Coordinates approximate for area. Operating
MOH-F-1000641,SUHA MEDICAL CENTER,FUJ,CLINIC,UNKNOWN,Coordinates derived from area-level geocoding. Verify agains
MOH-F-1000434,MAKKAH MEDICAL CENTER FUJAIRAH,FUJ,CLINIC,UNKNOWN,Coordinates derived from area-level geocoding. Verify agains
MOH-F-1000528,MAKKAH MEDICAL CENTER BRANCH 1(FORMERLY MAKKAH MEDICAL CLINIC (AL HAYL),FUJ,CLINIC,UNKNOWN,Coordinates derived from area-level geocoding. Verify agains
MOH-F-1000210,DIBBA MEDICAL CENTRE FUJAIRAH,FUJ,CLINIC,UNKNOWN,Coordinates derived from area-level geocoding. Verify agains
MOH-F-1000015,MERASHID MEDICAL CENTER,FUJ,CLINIC,UNKNOWN,Coordinates derived from area-level geocoding. Verify agains
MOH-F-1000391,FATHIMA MEDICAL CENTER,FUJ,CLINIC,UNKNOWN,Coordinates derived from area-level geocoding. Verify agains
MOH-F-1000116,EMIRATES MEDICAL CENTRE,FUJ,CLINIC,Emirates NBD,Coordinates derived from area-level geocoding. Verify agains
MOH-F-1000558,AL AHLI MEDICAL CENTRE LLC,FUJ,CLINIC,UNKNOWN,Coordinates derived from area-level geocoding. Verify agains
MOH-F-1000625,EVE MEDICAL CENTRE LLC(FUJ),FUJ,CLINIC,UNKNOWN,Coordinates derived from area-level geocoding. Verify agains
MOH2687,ASTER MEDICAL CENTRE - FUJAIRAH BR,FUJ,CLINIC,UNKNOWN,Coordinates derived from area-level geocoding. Verify agains
MOH-F-1000467,FUJAIRAH PORT MEDICAL CENTER(AL SHARQ GROUP),FUJ,CLINIC,UNKNOWN,Coordinates derived from area-level geocoding. Verify agains
MOH-F-1000496,AL SHARQ MEDICAL CENTER ETIHAD (AL SHARQ GROUP),FUJ,CLINIC,UNKNOWN,Coordinates derived from area-level geocoding. Verify agains
MOH-F-1000505,AL SHARQ MEDICAL CENTER DIBBA (AL SHARQ GROUP),FUJ,CLINIC,UNKNOWN,Coordinates derived from area-level geocoding. Verify agains
MOH-F-1000001,AL SHARQ MEDICAL CENTER COSMOMED(AL SHARQ GROUP),FUJ,CLINIC,UNKNOWN,Coordinates derived from area-level geocoding. Verify agains
MOH-F-1000089,KHORFAKHAN PORT CLINIC(AL SHARQ GROUP),FUJ,CLINIC,UNKNOWN,Coordinates derived from area-level geocoding. Verify agains
MOH-F-1000231,NORTHERN AL AHLIAH MEDICAL CENTRE (FUJAIRAH),FUJ,CLINIC,UNKNOWN,Coordinates derived from area-level geocoding. Verify agains
MOH-F-1000772,SUHA MEDICAL CENTER LLC FUJAIRAH BRANCH 1,FUJ,CLINIC,UNKNOWN,Coordinates derived from area-level geocoding. Verify agains
MOH-F-1000438,LIFECARE MEDICAL CENTER,FUJ,CLINIC,UNKNOWN,Coordinates derived from area-level geocoding. Verify agains
MOH-F-1000838,HEALTH ONE MEDICAL CENTER,FUJ,CLINIC,UNKNOWN,Coordinates derived from area-level geocoding. Verify agains
MOH-F-1000286,AL HAYL MEDICAL CENTRE LLC,FUJ,CLINIC,UNKNOWN,Coordinates derived from area-level geocoding. Verify agains
MOH-F-1000485,AL SHARQ HOSPITAL,FUJ,HOSPITAL,UNKNOWN,Hospital facility with emergency services. Coordinates verif
MOH-F-1000847,AL SHARQ HOSPITAL - DIBBA,FUJ,HOSPITAL,UNKNOWN,Hospital facility with emergency services. Coordinates verif
MOH-F-5001023,SUHA PHARMACY,FUJ,PHARMACY,UNKNOWN,Pharmacy outlet. Coordinates approximate for area. Operating
MOH-F-5000765,AL KHAN PHARMACY  FUJAIRAH,FUJ,PHARMACY,UNKNOWN,Pharmacy outlet. Coordinates approximate for area. Operating
MOH-F-5000876,AL ASDIQQA PHARMACY,FUJ,PHARMACY,UNKNOWN,Pharmacy outlet. Coordinates approximate for area. Operating
MOH-F-5000086,EMIRATES PHARMACY (DIBBA),FUJ,PHARMACY,UNKNOWN,Pharmacy outlet. Coordinates approximate for area. Operating
MOH-F-5000400,ASTER PHARMACY 8 (BR OF ASTER PHARMACIES GROUP LLC),FUJ,PHARMACY,UNKNOWN,Pharmacy outlet. Coordinates approximate for area. Operating
MOH-F-5000299,ASTER PHARMACY-FUJAIRAH BRANCH LLC,FUJ,PHARMACY,UNKNOWN,Pharmacy outlet. Coordinates approximate for area. Operating
MOH-F-5000172,TAIBA PHARMACY,FUJ,PHARMACY,UNKNOWN,Pharmacy outlet. Coordinates approximate for area. Operating
MOH-F-5000502,ASTER PHARMACY 139,FUJ,PHARMACY,UNKNOWN,Pharmacy outlet. Coordinates approximate for area. Operating
MOH-F-5000494,AL SHARQ HOSPITAL PHARMACY (AL SHARQ GROUP),FUJ,PHARMACY,UNKNOWN,Pharmacy outlet. Coordinates approximate for area. Operating
MOH-F-5000154,AL SHARQ MODERN PHARMACY (AL SHARQ GROUP),FUJ,PHARMACY,UNKNOWN,Pharmacy outlet. Coordinates approximate for area. Operating
MOH-F-5000088,AL SHARQ FAMILY PHARMACY (AL SHARQ GROUP),FUJ,PHARMACY,UNKNOWN,Pharmacy outlet. Coordinates approximate for area. Operating
MOH-F-5000596,FUJAIRAH PORT PHARMACY (AL SHARQ GROUP),FUJ,PHARMACY,UNKNOWN,Pharmacy outlet. Coordinates approximate for area. Operating
MOH-F-5000270,AL SHARQ PHARMACY DIBBA,FUJ,PHARMACY,UNKNOWN,Pharmacy outlet. Coordinates approximate for area. Operating
MOH-F-5000644,AL SHARQ NEW PHARMACY (AL SHARQ GROUP),FUJ,PHARMACY,UNKNOWN,Pharmacy outlet. Coordinates approximate for area. Operating
MOH-F-5000724,EAST COAST AHALIA PHARMACY,FUJ,PHARMACY,UNKNOWN,Pharmacy outlet. Coordinates approximate for area. Operating
MOH-F-5001084,BAIT AL MAQDIS PHARMACY LLC,FUJ,PHARMACY,UNKNOWN,Pharmacy outlet. Coordinates approximate for area. Operating
MOH-F-5001175,SUHA PHARMACY LLC FUJAIRAH BRANCH 1,FUJ,PHARMACY,UNKNOWN,Pharmacy outlet. Coordinates approximate for area. Operating
MOH-F-5001182,ASTER PHARMACIES GROUP LLC FUJAIRAH BRANCH 2,FUJ,PHARMACY,UNKNOWN,Pharmacy outlet. Coordinates approximate for area. Operating
MOH-F-5001134,FAITH CARE PHARMACY LLC,FUJ,PHARMACY,UNKNOWN,Pharmacy outlet. Coordinates approximate for area. Operating
MOH-F-5000816,LIFECARE PHARMACY,FUJ,PHARMACY,UNKNOWN,Pharmacy outlet. Coordinates approximate for area. Operating
MOH-F-5001256,AL SHARQ HOSPITAL - DIBBA PHARMACY,FUJ,PHARMACY,UNKNOWN,Pharmacy outlet. Coordinates approximate for area. Operating
MOH-F-5000762,LIWA PHARMACY L.L.C,FUJ,PHARMACY,UNKNOWN,Pharmacy outlet. Coordinates approximate for area. Operating
MOH-F-5000082,HEALTH FIRST 19 PHARMACY- DIBBA BRANCH,FUJ,PHARMACY,UNKNOWN,Pharmacy outlet. Coordinates approximate for area. Operating
MOH-F-5000134,HEALTH FIRST 20 PHARMACY- DIBBA BRANCH,FUJ,PHARMACY,UNKNOWN,Pharmacy outlet. Coordinates approximate for area. Operating
MOH-F-5000089,HEALTH FIRST PHARMACY 16- FUJAIRAH BRANCH,FUJ,PHARMACY,UNKNOWN,Pharmacy outlet. Coordinates approximate for area. Operating
MOH-F-5000143,HEALTH FIRST PHARMACY 17- FUJAIRAH BRANCH,FUJ,PHARMACY,UNKNOWN,Pharmacy outlet. Coordinates approximate for area. Operating
MOH-F-5000140,HEALTH FIRST PHARMACY 18- FUJAIRAH BRANCH,FUJ,PHARMACY,UNKNOWN,Pharmacy outlet. Coordinates approximate for area. Operating
MOH1788,HEALTH FIRST PHARMACY 21- FUJAIRAH BRANCH,FUJ,PHARMACY,UNKNOWN,Pharmacy outlet. Coordinates approximate for area. Operating
MOH-F-5000314,HEALTH FIRST PHARMACY 26,FUJ,PHARMACY,UNKNOWN,Pharmacy outlet. Coordinates approximate for area. Operating
MOH-F-5001020,HEALTH FIRST PHARMACY 59 FUJAIRAH BRANCH,FUJ,PHARMACY,UNKNOWN,Pharmacy outlet. Coordinates approximate for area. Operating
MOH-F-5000948,HEALTHFIRST PHARMACY 10,FUJ,PHARMACY,UNKNOWN,Pharmacy outlet. Coordinates approximate for area. Operating
MOH-F-5000211,LULU DIBBA PHARMACY LLC,FUJ,PHARMACY,UNKNOWN,Pharmacy outlet. Coordinates approximate for area. Operating
 MOH-F-5001292,MERASHID PHARMACY L.L.C - SINGLE PERSON,FUJ,PHARMACY,UNKNOWN,Pharmacy outlet. Coordinates approximate for area. Operating
MOH-F-5001235,AL HILAL PHARMACY - L.L.C - SINGLE PERSON,FUJ,PHARMACY,UNKNOWN,Pharmacy outlet. Coordinates approximate for area. Operating
MOH-F-5000916,LABAIK PHARMACY ,FUJ,PHARMACY,UNKNOWN,Pharmacy outlet. Coordinates approximate for area. Operating
MOH-F-5001330,MEDON 24 HOUR PHARMACY CO. L.L.C FUJAIRAH BRANCH 1,FUJ,PHARMACY,UNKNOWN,Pharmacy outlet. Coordinates approximate for area. Operating
MOH-F-5001216,IBN SINA PHARMACY - SOLE PROPRIETORSHIP - L.L.C - SINGLE PERSON - FUJAIRAH BRANCH 1,FUJ,PHARMACY,UNKNOWN,Pharmacy outlet. Coordinates approximate for area. Operating
MOH-F-5001021 ,NEW IBN SINA PHARMACY (BR OF IBN SINA GROUP PHARMACIES) LLC ,FUJ,PHARMACY,UNKNOWN,Pharmacy outlet. Coordinates approximate for area. Operating
MOH-F-1000261,SHIFA AL JAZEERAH MEDICAL CENTRE LLC - RAK,RAK,CLINIC,Shifa/ADICO,"Coordinates approximate for Jurf 1, Industrial Area 3, Ajman"
MOH-F-1000297,NMC ROYAL MEDICAL CENTER-RAK,RAK,CLINIC,NMC (Healthcare Network),"Coordinates verified for Al Nuaymia area, Ajman. NMC Healthc"
MOH-F-1000178,NEXUS MEDICAL CLINIC,RAK,CLINIC,UNKNOWN,Coordinates derived from area-level geocoding. Verify agains
MOH-F-1000022,UNION MEDICAL AND DENTAL CENTRE,RAK,CLINIC,UNKNOWN,Coordinates derived from area-level geocoding. Verify agains
MOH-F-1000008,AL HUDAIBAH GENERAL CLINIC  LLC,RAK,CLINIC,UNKNOWN,Coordinates derived from area-level geocoding. Verify agains
MOH-F-1000220,RETAJ MEDICAL CENTRE LLC,RAK,CLINIC,UNKNOWN,Coordinates derived from area-level geocoding. Verify agains
MOH5041,SPECIALIST MEDICAL CENTRE,RAK,CLINIC,UNKNOWN,Coordinates derived from area-level geocoding. Verify agains
MOH5224,AL JAZEERA MEDICAL CENTRE,RAK,CLINIC,UNKNOWN,Coordinates derived from area-level geocoding. Verify agains
MOH-F-1000580,EVE MEDICAL CENTRE LLC(RAK),RAK,CLINIC,UNKNOWN,Coordinates derived from area-level geocoding. Verify agains
MOH6777,ASTER MEDICAL CENTRE - RAK(BR OF DM ),RAK,CLINIC,UNKNOWN,Coordinates derived from area-level geocoding. Verify agains
MOH-F-1000685,ALYA MEDICAL CENTRE L.L.C,RAK,CLINIC,UNKNOWN,Coordinates derived from area-level geocoding. Verify agains
MOH-F-1000556,AL SHIFA GENERAL MEDICAL CLINIC-RAK,RAK,CLINIC,Shifa/ADICO,"Coordinates approximate for Jurf 1, Industrial Area 3, Ajman"
MOH-F-1000066,(SHAMS GR)AL GHAIL MEDICAL CENTRE,RAK,CLINIC,UNKNOWN,Coordinates derived from area-level geocoding. Verify agains
MOH7035,AL AHLIA MEDICAL CENTRE,RAK,CLINIC,UNKNOWN,Coordinates derived from area-level geocoding. Verify agains
MOH-F-1000578,THE AMERICAN MEDICAL CENTER LLC,RAK,CLINIC,UNKNOWN,Coordinates derived from area-level geocoding. Verify agains
MOH-F-1000268,RAS AL KHAIMAH MEDICAL CENTERE GHALILLA LLC ONE PERSON,RAK,CLINIC,UNKNOWN,Coordinates derived from area-level geocoding. Verify agains
MOH-F-1000229,RAS AL KHAIMAH MEDICAL CENTERE AL JAZEERA,RAK,CLINIC,UNKNOWN,Coordinates derived from area-level geocoding. Verify agains
MOH-F-1000262,RAS AL KHAIMAH MEDICAL CENTER AL HAMRA,RAK,CLINIC,UNKNOWN,Coordinates derived from area-level geocoding. Verify agains
MOH-F-1000713,MEDPLUS MEDICAL CENTER LLC,RAK,CLINIC,UNKNOWN,Coordinates derived from area-level geocoding. Verify agains
MOH-F-1000688,MEDCITY MEDICAL CENTER LLC,RAK,CLINIC,UNKNOWN,Coordinates derived from area-level geocoding. Verify agains
MOH-F-1000647,MARHABA MEDICAL CENTER,RAK,CLINIC,UNKNOWN,Coordinates derived from area-level geocoding. Verify agains
MOH-F-1000846,NEW ROYAL MEDICAL AND DENTAL CENTER LLC (FORMERLY NEW ROYAL CENTER MEDICAL AND DENTAL LLC),RAK,CLINIC,UNKNOWN,Coordinates derived from area-level geocoding. Verify agains
MOH-F-0008459,PLATINUM MEDICAL CENTER LLC ,RAK,CLINIC,UNKNOWN,Coordinates derived from area-level geocoding. Verify agains
MOH-F-1000615,ALNEBRAS MEDICAL CENTER LLC,RAK,CLINIC,UNKNOWN,Coordinates derived from area-level geocoding. Verify agains
MOH-F-1000902,ALNAMA ALTERNATIVE MEDICAL AND PHYSIOTHERAPY CENTER LLC OPC,RAK,CLINIC,UNKNOWN,Coordinates derived from area-level geocoding. Verify agains
MOH-F-1000884,CARE AND CURE MEDICAL AND DENTAL CENTER LLC,RAK,CLINIC,UNKNOWN,Coordinates derived from area-level geocoding. Verify agains
MOH-F-1000237 ,EMIRATES HOSPITALS AND CLINICS LLC - RAK BRANCH,RAK,CLINIC,UNKNOWN,Coordinates derived from area-level geocoding. Verify agains
MOH-F-1000892,REGIONAL MEDICAL AND DENTAL CENTER LLC,RAK,CLINIC,UNKNOWN,Coordinates derived from area-level geocoding. Verify agains
MOH-F-1000943,HOUSECALL HEALTHCARE,RAK,CLINIC,UNKNOWN,Coordinates derived from area-level geocoding. Verify agains
MOH-F-1000822,CEDAR MEDICAL CENTER LLC,RAK,CLINIC,UNKNOWN,Coordinates derived from area-level geocoding. Verify agains
MOH-F-1000834,AL RAHMANIAH MEDICAL CENTER LLC,RAK,CLINIC,UNKNOWN,Coordinates derived from area-level geocoding. Verify agains
MOH-F-1000104,MENDHAN MEDICAL CENTER LLC,RAK,CLINIC,UNKNOWN,Coordinates derived from area-level geocoding. Verify agains
MOH-F-1000939 ,PESHAWAR MEDICINE AND DENTISTRY LLC,RAK,CLINIC,UNKNOWN,Coordinates derived from area-level geocoding. Verify agains
MOH-F-1000372,AL FARABI MEDICAL CLINIC,RAK,CLINIC,UNKNOWN,Coordinates derived from area-level geocoding. Verify agains
MOH-F-1000925,KHYBER MEDICAL CENTER L.L.C.,RAK,CLINIC,UNKNOWN,Coordinates derived from area-level geocoding. Verify agains
MOH-F-1000953 ,YASMED MEDICAL CENTER LLC,RAK,CLINIC,UNKNOWN,Coordinates derived from area-level geocoding. Verify agains
MOH-F-1000190,AL ZAHRAWI HOSPITAL DAY CARE SURGERY,RAK,DAYCARE,UNKNOWN,Coordinates derived from area-level geocoding. Verify agains
MOH-F-1000049,AL ORAIBI HOSPITAL,RAK,DAYCARE,UNKNOWN,Coordinates derived from area-level geocoding. Verify agains
MOH5168,SHEIKH KHALIFA SPECIALTY HOSPITAL RAS AL KHAIMAH,RAK,HOSPITAL,UNKNOWN,Hospital facility with emergency services. Coordinates verif
MOH-F-1000076,RAK HOSPITAL,RAK,HOSPITAL,UNKNOWN,Hospital facility with emergency services. Coordinates verif
MOH-F-5000466,SHIFA AL JAZEERAH PHARMACY LLC,RAK,PHARMACY,Shifa/ADICO,Pharmacy outlet. Coordinates approximate for area. Operating
MOH-F-5000547,SHEIKH KHALIFA SPECIALTY HOSPITAL PHARMACY,RAK,PHARMACY,UNKNOWN,Pharmacy outlet. Coordinates approximate for area. Operating
MOH-F-5000642,RETAJ PHARMACY LLC,RAK,PHARMACY,UNKNOWN,Pharmacy outlet. Coordinates approximate for area. Operating
MOH-F-5000133,NMC ROYAL PHARMACY,RAK,PHARMACY,NMC,Pharmacy outlet. Coordinates approximate for area. Operating
MOH-F-5000696,NEXUS PHARMACY LLC,RAK,PHARMACY,UNKNOWN,Pharmacy outlet. Coordinates approximate for area. Operating
MOH-F-5000392,AL NOOR  PHARMACY,RAK,PHARMACY,UNKNOWN,Pharmacy outlet. Coordinates approximate for area. Operating
MOH-F-5000787,AL AMAN  PHARMACY ,RAK,PHARMACY,UNKNOWN,Pharmacy outlet. Coordinates approximate for area. Operating
MOH-F-5000160,MEDICAL CENTRE PHARMACY,RAK,PHARMACY,UNKNOWN,Pharmacy outlet. Coordinates approximate for area. Operating
MOH-F-5000056,ASTER MEDICOM -23(AL ENAYA PHARMACY),RAK,PHARMACY,UNKNOWN,Pharmacy outlet. Coordinates approximate for area. Operating
MOH-F-5000682,AL OLA PHARMACY BR OF ASTER PHARMACIES GROUP LLC,RAK,PHARMACY,UNKNOWN,Pharmacy outlet. Coordinates approximate for area. Operating
MOH-F-5000613,ASTER PHARMACIES GROUP LLC BRANCH 2,RAK,PHARMACY,UNKNOWN,Pharmacy outlet. Coordinates approximate for area. Operating
MOH-F-5000533,ASTER PHARMACIES GROUP LLC- BRANCH 1,RAK,PHARMACY,UNKNOWN,Pharmacy outlet. Coordinates approximate for area. Operating
MOH-F-5000402,ASTER PHARMACIES GROUP LLC RAK BRANCH,RAK,PHARMACY,UNKNOWN,Pharmacy outlet. Coordinates approximate for area. Operating
MOH-F-5001062,AL OLA PHARMACY BR ASTER PHARMACIES GROUP LLC,RAK,PHARMACY,UNKNOWN,Pharmacy outlet. Coordinates approximate for area. Operating
MOH-F-5001083,ALYA PHARMACY L.L.C,RAK,PHARMACY,UNKNOWN,Pharmacy outlet. Coordinates approximate for area. Operating
MOH-F-5000892,AL GHAIL PHARMACY,RAK,PHARMACY,UNKNOWN,Pharmacy outlet. Coordinates approximate for area. Operating
MOH-F-5000555,AL SHAMS PHARMACY (AL- SHAMS GROUP),RAK,PHARMACY,UNKNOWN,Pharmacy outlet. Coordinates approximate for area. Operating
MOH-F-5000280,AL HSAYAT PHARMACY,RAK,PHARMACY,UNKNOWN,Pharmacy outlet. Coordinates approximate for area. Operating
MOH-F-5000055,AL ZAHRAWI PHARMACY,RAK,PHARMACY,UNKNOWN,Pharmacy outlet. Coordinates approximate for area. Operating
MOH-F-5000730,ZAHRAT NOOR AL SHEFAA PHARMACY(AL NEEM GROUP),RAK,PHARMACY,UNKNOWN,Pharmacy outlet. Coordinates approximate for area. Operating
MOH-F-5000965,AL ABRAR PHARMACY,RAK,PHARMACY,UNKNOWN,Pharmacy outlet. Coordinates approximate for area. Operating
MOH-F-5000126,NOOR AL SHEFAA PHARMACY L.L.C,RAK,PHARMACY,UNKNOWN,Pharmacy outlet. Coordinates approximate for area. Operating
MOH-F-5000603,AL AHLIA PHARMACY RAK BRANCH,RAK,PHARMACY,UNKNOWN,Pharmacy outlet. Coordinates approximate for area. Operating
MOH-F-5001110,AL ALIYA PHARMACY,RAK,PHARMACY,UNKNOWN,Pharmacy outlet. Coordinates approximate for area. Operating
MOH-F-5000354,RAS AL KHAIMAH GHALILA PHARMACY,RAK,PHARMACY,UNKNOWN,Pharmacy outlet. Coordinates approximate for area. Operating
MOH-F-5000285,RAS AL KHAIMAH AL JAZIRA AL HAMRA PHARMACY,RAK,PHARMACY,UNKNOWN,Pharmacy outlet. Coordinates approximate for area. Operating
MOH-F-5001125,MEDPLUS PHARMACY LLC,RAK,PHARMACY,UNKNOWN,Pharmacy outlet. Coordinates approximate for area. Operating
MOH-F-5000168,RAK HOSPITAL PHARMACY,RAK,PHARMACY,UNKNOWN,Pharmacy outlet. Coordinates approximate for area. Operating
MOH-F-5000903,AL KAYAN PHARMACY LLC,RAK,PHARMACY,UNKNOWN,Pharmacy outlet. Coordinates approximate for area. Operating
MOH-F-5000102,MODERN PHARMACY LLC (ONE PERSON)RAK BRANCH,RAK,PHARMACY,UNKNOWN,Pharmacy outlet. Coordinates approximate for area. Operating
MOH-F-5000529,MODERN PHARMACY LLC (ONE PERSON)RAK BRANCH 01,RAK,PHARMACY,UNKNOWN,Pharmacy outlet. Coordinates approximate for area. Operating
MOH-F-5001157,MEDON PHARMACY LLC RAK BRANCH,RAK,PHARMACY,UNKNOWN,Pharmacy outlet. Coordinates approximate for area. Operating
MOH-F-5001215,AL SALAMA PHARMACY LLC,RAK,PHARMACY,UNKNOWN,Pharmacy outlet. Coordinates approximate for area. Operating
MOH-F-5000073,CENTRAL PHARMACY,RAK,PHARMACY,UNKNOWN,Pharmacy outlet. Coordinates approximate for area. Operating
MOH-F-5001008,HEALTH FIRST 54 PHARMACY LLC,RAK,PHARMACY,UNKNOWN,Pharmacy outlet. Coordinates approximate for area. Operating
MOH-F-5000042,HEALTH FIRST PHARMACY 14 - RAK,RAK,PHARMACY,UNKNOWN,Pharmacy outlet. Coordinates approximate for area. Operating
MOH-F-5000030,HEALTH FIRST PHARMACY 22 - RAK,RAK,PHARMACY,UNKNOWN,Pharmacy outlet. Coordinates approximate for area. Operating
MOH-F-5000469,HEALTH FIRST PHARMACY 50,RAK,PHARMACY,UNKNOWN,Pharmacy outlet. Coordinates approximate for area. Operating
MOH-F-5000628,HEALTH FIRST PHARMACY 53 ,RAK,PHARMACY,UNKNOWN,Pharmacy outlet. Coordinates approximate for area. Operating
MOH-F-5001120,HEALTH FIRST PHARMACY 63 LLC ONE PERSON,RAK,PHARMACY,UNKNOWN,Pharmacy outlet. Coordinates approximate for area. Operating
MOH-F-5000274,AL LULU RAK PHARMACY LLC,RAK,PHARMACY,UNKNOWN,Pharmacy outlet. Coordinates approximate for area. Operating
MOH-F-5000843,U M D C PHARMACY LLC,RAK,PHARMACY,UNKNOWN,Pharmacy outlet. Coordinates approximate for area. Operating
MOH-F-5001312,NEW ROYAL PHARMACY LLC,RAK,PHARMACY,UNKNOWN,Pharmacy outlet. Coordinates approximate for area. Operating
MOH-F-5001282,CARE AND CURE PHARMACY LLC,RAK,PHARMACY,UNKNOWN,Pharmacy outlet. Coordinates approximate for area. Operating
MOH-F-5000637,EMIRATES DUBAI PHARMACY LLC - RAK BRANCH ,RAK,PHARMACY,UNKNOWN,Pharmacy outlet. Coordinates approximate for area. Operating
MOH-F-5001242,AL RAHMANIAH PHARMACY LLC RAK,RAK,PHARMACY,UNKNOWN,Pharmacy outlet. Coordinates approximate for area. Operating
MOH-F-5001360,KHYBER PHARMACY L.L.C.,RAK,PHARMACY,UNKNOWN,Pharmacy outlet. Coordinates approximate for area. Operating
MOH-F-5001346,WELCARE PHARMACY LLC,RAK,PHARMACY,UNKNOWN,Pharmacy outlet. Coordinates approximate for area. Operating
MOH-F-5001370 ,YASMED PHARMACY LLC,RAK,PHARMACY,UNKNOWN,Pharmacy outlet. Coordinates approximate for area. Operating
MOH-F-5000932,IBN SINA PHARMACY LLC OPC,RAK,PHARMACY,UNKNOWN,Pharmacy outlet. Coordinates approximate for area. Operating
MOH-F-5000926,IBN SINA PHARMACY LLC OPC - BRANCH 1,RAK,PHARMACY,UNKNOWN,Pharmacy outlet. Coordinates approximate for area. Operating
MOH-F-5000945,IBN SINA PHARMACY LLC OPC - BRANCH 3,RAK,PHARMACY,UNKNOWN,Pharmacy outlet. Coordinates approximate for area. Operating
MOH-F-5001306,IBN SINA PHARMACY LLC OPC - BRANCH 4,RAK,PHARMACY,UNKNOWN,Pharmacy outlet. Coordinates approximate for area. Operating
MOH-F-1000057,SUNNY SHARQAN MEDICAL CENTRE LLC,SHJ,CLINIC,UNKNOWN,Coordinates derived from area-level geocoding. Verify agains
MOH-F-1000260,SHIFA AL JAZEERA MEDICAL CENTRE (SHJ),SHJ,CLINIC,Shifa/ADICO,"Coordinates approximate for Jurf 1, Industrial Area 3, Ajman"
MOH-F-1000671,SHIFA AL RABEE MEDICAL CENTRE,SHJ,CLINIC,Shifa/ADICO,"Coordinates approximate for Jurf 1, Industrial Area 3, Ajman"
MOH-F-1000293,SAIFZONE MEDICAL CENTER,SHJ,CLINIC,UNKNOWN,Coordinates derived from area-level geocoding. Verify agains
MOH-F-1000353,AL AZHAR MEDICAL CLINIC (SHARJAH),SHJ,CLINIC,UNKNOWN,Coordinates derived from area-level geocoding. Verify agains
MOH-F-1000686,RETAJ MEDICAL CENTER LLC,SHJ,CLINIC,UNKNOWN,Coordinates derived from area-level geocoding. Verify agains
MOH-F-1000554,PREMIER MEDICAL CENTRE LLC,SHJ,CLINIC,UNKNOWN,Coordinates derived from area-level geocoding. Verify agains
MOH-F-1000070,MARINA MEDICAL CENTER LLC,SHJ,CLINIC,UNKNOWN,Coordinates derived from area-level geocoding. Verify agains
MOH-F-1000251,NOVO GROUP-AL WAHDA MEDICAL CENTRE,SHJ,CLINIC,UNKNOWN,Coordinates derived from area-level geocoding. Verify agains
MOH-F-1000252,NOVO GROUP-PERFECT MEDICAL CENTRE,SHJ,CLINIC,UNKNOWN,Coordinates derived from area-level geocoding. Verify agains
MOH-F-1000058,"NEW MEDICAL CENTRE, SHARJAH-AL BUHAIRA CORNICHE ,BEL RESHEED TOWER ,SHARJAH",SHJ,CLINIC,UNKNOWN,Coordinates derived from area-level geocoding. Verify agains
MOH-F-1000423,NMC MEDICAL CENTER L.L.C SHJ BR.1-SHARJAH,SHJ,CLINIC,NMC (Healthcare Network),"Coordinates verified for Al Nuaymia area, Ajman. NMC Healthc"
MOH-F-1000424,NMC MEDICAL CENTER L.L.C SHJ BR.2-ROLLA SHARJAH,SHJ,CLINIC,NMC (Healthcare Network),"Coordinates verified for Al Nuaymia area, Ajman. NMC Healthc"
MOH-F-1000426,"NMC MEDICAL CENTER L.L.C SHJ BR.4-AL NAHDA ,SHARJAH",SHJ,CLINIC,NMC (Healthcare Network),"Coordinates verified for Al Nuaymia area, Ajman. NMC Healthc"
MOH-F-1000425,"NMC MEDICAL CENTER L.L.C SHJ BR.-AL MAJAZ ,SHARJAH",SHJ,CLINIC,NMC (Healthcare Network),"Coordinates verified for Al Nuaymia area, Ajman. NMC Healthc"
MOH-F-1000427,"NMC DENTAL CENTRE L L C - BUHAIRA CORNICHE,SHARJAH",SHJ,CLINIC,NMC (Healthcare Network),"Coordinates verified for Al Nuaymia area, Ajman. NMC Healthc"
MOH-F-1000056,NMC MEDICAL CENTER L.L.C SHJ BR.3,SHJ,CLINIC,NMC (Healthcare Network),"Coordinates verified for Al Nuaymia area, Ajman. NMC Healthc"
MOH-F-1000111,NMC ROYAL MEDICAL CENTRE LLC-SHAHBA SHARJAH,SHJ,CLINIC,NMC (Healthcare Network),"Coordinates verified for Al Nuaymia area, Ajman. NMC Healthc"
MOH-F-1000139,"SUNNY MAYSLOON SPECIALITY MEDICAL CENTRE LLC-KUWAIT STRT, SHARJAH",SHJ,CLINIC,UNKNOWN,Coordinates derived from area-level geocoding. Verify agains
MOH-F-1000537,NMC MEDICAL CENTRE FZC-SHARJAH SAIFZONE,SHJ,CLINIC,NMC (Healthcare Network),"Coordinates verified for Al Nuaymia area, Ajman. NMC Healthc"
MOH-F-1000055,NASMAT AL SHIFAA MEDICAL CENTRE,SHJ,CLINIC,Shifa/ADICO,"Coordinates approximate for Jurf 1, Industrial Area 3, Ajman"
MOH-F-1000585,WECARE CLINIC LLC,SHJ,CLINIC,UNKNOWN,Coordinates derived from area-level geocoding. Verify agains
MOH-F-1000151,(LIBERTY GR)-AL DUNIA MEDICAL CENTER LLC,SHJ,CLINIC,UNKNOWN,Coordinates derived from area-level geocoding. Verify agains
MOH-F-1000155,(LIBERTY GR)-AL NAHDA MEDICAL CENTER,SHJ,CLINIC,UNKNOWN,Coordinates derived from area-level geocoding. Verify agains
MOH-F-1000147,AL RABEE MEDICAL CENTER,SHJ,CLINIC,UNKNOWN,Coordinates derived from area-level geocoding. Verify agains
MOH-F-1000158,(LIBERTY GR)-LIBERTY MEDICAL CENTER,SHJ,CLINIC,UNKNOWN,Coordinates derived from area-level geocoding. Verify agains
MOH6778,AL AFYA MEDICAL CENTRE,SHJ,CLINIC,UNKNOWN,Coordinates derived from area-level geocoding. Verify agains
MOH-F-1000363,MARVELLOUS MEDICAL CENTER L.L.C. S.P(FORMERLY AL DALLAH MEDICAL CENTRE LLC),SHJ,CLINIC,UNKNOWN,Coordinates derived from area-level geocoding. Verify agains
MOH-F-1000267,BAB AL SAJJAH MEDICAL CENTER,SHJ,CLINIC,UNKNOWN,Coordinates derived from area-level geocoding. Verify agains
MOH-F-1000385,BRISTOL MEDICAL CENTRE,SHJ,CLINIC,UNKNOWN,Coordinates derived from area-level geocoding. Verify agains
MOH-F-1000193,DEEPA CLINIC,SHJ,CLINIC,UNKNOWN,Coordinates derived from area-level geocoding. Verify agains
MOH-F-1000079,MAMPILLY MEDICAL CENTRE,SHJ,CLINIC,UNKNOWN,Coordinates derived from area-level geocoding. Verify agains
MOH-F-1000024,MEDICARE MEDICAL CENTRE SHARJAH,SHJ,CLINIC,UNKNOWN,Coordinates derived from area-level geocoding. Verify agains
MOH903,MEGA MEDICAL CENTER-SHARJAH,SHJ,CLINIC,UNKNOWN,Coordinates derived from area-level geocoding. Verify agains
MOH7053,MGM MEDICAL CENTRE LLC,SHJ,CLINIC,UNKNOWN,Coordinates derived from area-level geocoding. Verify agains
MOH-F-1000175,PESHAWAR MEDICAL CENTRE LLC,SHJ,CLINIC,UNKNOWN,Coordinates derived from area-level geocoding. Verify agains
MOH-F-1000469,REGAL MEDICAL CENTRE,SHJ,CLINIC,UNKNOWN,Coordinates derived from area-level geocoding. Verify agains
MOH-F-1000174,SIYAD SPECIALIST MEDICAL CENTRE,SHJ,CLINIC,UNKNOWN,Coordinates derived from area-level geocoding. Verify agains
MOH 755194,AL BURJ AL THAHBI MEDICAL CENTER,SHJ,CLINIC,UNKNOWN,Coordinates derived from area-level geocoding. Verify agains
MOH-F-1000148,DAR AL SALAM MEDICAL CENTER,SHJ,CLINIC,UNKNOWN,Coordinates derived from area-level geocoding. Verify agains
MOH-F-1000097,LIMAR MEDICAL CENTRE,SHJ,CLINIC,UNKNOWN,Coordinates derived from area-level geocoding. Verify agains
MOH-F-1000337,AL AFDAL MEDICAL CENTER,SHJ,CLINIC,UNKNOWN,Coordinates derived from area-level geocoding. Verify agains
MOH-F-1000207,AL BARAKAH CLINIC,SHJ,CLINIC,UNKNOWN,Coordinates derived from area-level geocoding. Verify agains
MOH-F-1000152,AL MEHAR MEDICAL CENTRE LLC(MODERN FAMILY CLINIC),SHJ,CLINIC,UNKNOWN,Coordinates derived from area-level geocoding. Verify agains
MOH-F-1000395,AL BUSTAN MEDICAL CENTRE DHAID,SHJ,CLINIC,UNKNOWN,Coordinates derived from area-level geocoding. Verify agains
MOH-F-1000429,STARCARE MEDICAL CENTER L.L.C,SHJ,CLINIC,UNKNOWN,Coordinates derived from area-level geocoding. Verify agains
MOH-F-1000201,NOOR AL MADINA MEDICAL CENTER,SHJ,CLINIC,UNKNOWN,Coordinates derived from area-level geocoding. Verify agains
MOH-F-1000492,AL DARARY MEDICAL CENTRE,SHJ,CLINIC,UNKNOWN,Coordinates derived from area-level geocoding. Verify agains
MOH-F-1000362,DR.ALI SALEEM EL HINDI CLINIC LLC,SHJ,CLINIC,UNKNOWN,Coordinates derived from area-level geocoding. Verify agains
MOH-F-1000320,ANTONY MEDICAL CENTRE,SHJ,CLINIC,UNKNOWN,Coordinates derived from area-level geocoding. Verify agains
MOH-F-1000033,HEALTH VISION MEDICAL CENTER LLC,SHJ,CLINIC,UNKNOWN,Coordinates derived from area-level geocoding. Verify agains
MOH-F-1000361,SANA HABIB MEDICAL CENTRE,SHJ,CLINIC,UNKNOWN,Coordinates derived from area-level geocoding. Verify agains
MOH-F-1000634,AL NASEEM MEDICAL CENTRE LLC,SHJ,CLINIC,UNKNOWN,Coordinates derived from area-level geocoding. Verify agains
MOH5569,BHATIA MEDICAL CENTRE LLC,SHJ,CLINIC,UNKNOWN,Coordinates derived from area-level geocoding. Verify agains
7953,BHATIA MUWAILEH MEDICAL CENTRE LLC,SHJ,CLINIC,UNKNOWN,Coordinates derived from area-level geocoding. Verify agains
MOH-F-1000230,DOOA  MEDICAL CLINIC,SHJ,CLINIC,UNKNOWN,Coordinates derived from area-level geocoding. Verify agains
MOH-F-1000440,SAM SPECIALIST MEDICAL CENTRE,SHJ,CLINIC,UNKNOWN,Coordinates derived from area-level geocoding. Verify agains
MOH-F-1000184,ABRAHAMS MEDICAL CENTRE,SHJ,CLINIC,UNKNOWN,Coordinates derived from area-level geocoding. Verify agains
MOH-F-1000219,AL AMUMAH MEDICAL CENTER,SHJ,CLINIC,UNKNOWN,Coordinates derived from area-level geocoding. Verify agains
MOH-F-1000254,CARE MEDICAL CENTRE(IMARA GR),SHJ,CLINIC,UNKNOWN,Coordinates derived from area-level geocoding. Verify agains
MOH-F-1000048,IDEAL MEDICAL CENTER,SHJ,CLINIC,UNKNOWN,Coordinates derived from area-level geocoding. Verify agains
MOH-F-1000222,AL SABAH MEDICAL CENTRE LLC(HNC GROUP),SHJ,CLINIC,UNKNOWN,Coordinates derived from area-level geocoding. Verify agains
MOH-F-1000050,GOOD HEALTH SPECIALIZED MEDICAL CENTRE,SHJ,CLINIC,UNKNOWN,Coordinates derived from area-level geocoding. Verify agains
MOH-F-1000526,EVE MEDICAL CENTRE LLC(SHJ),SHJ,CLINIC,UNKNOWN,Coordinates derived from area-level geocoding. Verify agains
MOH-F-1000026,VENNIYIL MEDICAL CENTRE,SHJ,CLINIC,UNKNOWN,Coordinates derived from area-level geocoding. Verify agains
MOHI126,REEM SPECIALIST MEDICAL CENTRE -ROLLA SHARJAH,SHJ,CLINIC,UNKNOWN,Coordinates derived from area-level geocoding. Verify agains
MOHM2265,REEM AL NAHDA MEDICAL CENTRE,SHJ,CLINIC,UNKNOWN,Coordinates derived from area-level geocoding. Verify agains
MOH6764,ASTER AL NAHDA -SHARJAH,SHJ,CLINIC,UNKNOWN,Coordinates derived from area-level geocoding. Verify agains
MOH6968,ASTER MEDICAL CENTRE-ABU TINA,SHJ,CLINIC,UNKNOWN,Coordinates derived from area-level geocoding. Verify agains
MOH6984,ASTER MEDICAL CENTRE-ABUSHAGARA,SHJ,CLINIC,UNKNOWN,Coordinates derived from area-level geocoding. Verify agains
MOH-F-1000553,ASTER MUWAILEH MEDICAL CENTER,SHJ,CLINIC,UNKNOWN,Coordinates derived from area-level geocoding. Verify agains
MOH6765,ACCESS AL ROLLA MEDICAL CENTRE,SHJ,CLINIC,UNKNOWN,Coordinates derived from area-level geocoding. Verify agains
MOH2812,ACCESS CLINIC MUWEILAH,SHJ,CLINIC,UNKNOWN,Coordinates derived from area-level geocoding. Verify agains
MOH6211,AL YAMAMAH MEDICAL CENTRE,SHJ,CLINIC,UNKNOWN,Coordinates derived from area-level geocoding. Verify agains
MOH-F-1000157,ZAFERULLA MEDICAL CENTRE,SHJ,CLINIC,UNKNOWN,Coordinates derived from area-level geocoding. Verify agains
MOH-F-1000228,AL BANNA MEDICAL CENTERE,SHJ,CLINIC,UNKNOWN,Coordinates derived from area-level geocoding. Verify agains
MOH6662,ALNOOR ALNAHDA POLY CLINIC L.L.C (FORMERLY AL SHIFA AL UROPI MEDICAL CENTER LLC),SHJ,CLINIC,Shifa/ADICO,"Coordinates approximate for Jurf 1, Industrial Area 3, Ajman"
MOH-F-1000418,AL SHIFA AL KHALEEJI MEDICAL CENTRE(SHJ),SHJ,CLINIC,Shifa/ADICO,"Coordinates approximate for Jurf 1, Industrial Area 3, Ajman"
MOH-F-1000063,AL FAIEZ MEDICAL CENTRE(AL- SHAMS GROUP),SHJ,CLINIC,UNKNOWN,Coordinates derived from area-level geocoding. Verify agains
MOH-F-1000065,AL FURQAN MEDICAL CENTRE,SHJ,CLINIC,UNKNOWN,Coordinates derived from area-level geocoding. Verify agains
MOH-F-1000061,AL SHAMS AL JADEED MEDICAL CENTRE,SHJ,CLINIC,UNKNOWN,Coordinates derived from area-level geocoding. Verify agains
MOH-F-1000060,AL SHAMS MEDICAL CENTRE-AREA 3 SHJ,SHJ,CLINIC,UNKNOWN,Coordinates derived from area-level geocoding. Verify agains
MOH-F-1000062,AL KANARY MEDICAL CENTRE L.L.C,SHJ,CLINIC,UNKNOWN,Coordinates derived from area-level geocoding. Verify agains
MOH-F-1000758,AL SEYOUH MEDICAL CENTER,SHJ,CLINIC,UNKNOWN,Coordinates derived from area-level geocoding. Verify agains
MOH-F-1000313,AL QASIMIAH MEDICAL CLINIC,SHJ,CLINIC,UNKNOWN,Coordinates derived from area-level geocoding. Verify agains
MOH-F-1000002,AL RAHAH MEDICAL CENTRE,SHJ,CLINIC,UNKNOWN,Coordinates derived from area-level geocoding. Verify agains
MOH-F-1000194,YAS MEDICAL CENTER LLC,SHJ,CLINIC,UNKNOWN,Coordinates derived from area-level geocoding. Verify agains
MOH5895,SABAH AL NOOR MEDICAL CENTRE,SHJ,CLINIC,UNKNOWN,Coordinates derived from area-level geocoding. Verify agains
MOH5882,AL MALIHA MEDICAL CENTRE,SHJ,CLINIC,UNKNOWN,Coordinates derived from area-level geocoding. Verify agains
MOH-F-1000153,AL AHLIA REGIONAL MEDICAL CENTRE,SHJ,CLINIC,UNKNOWN,Coordinates derived from area-level geocoding. Verify agains
MOH6879,SHAMAL AL AHALIA MEDICAL CENTRE,SHJ,CLINIC,UNKNOWN,Coordinates derived from area-level geocoding. Verify agains
MOH-F-1000614,FIRST GULF MEDICAL CENTER-MUWAILAH-(ADVANCED GROUP),SHJ,CLINIC,UNKNOWN,"Coordinates are approximate, derived from the described loca"
MOH-F-1000670,ACCESS AL SAJAA CLINIC,SHJ,CLINIC,UNKNOWN,Coordinates derived from area-level geocoding. Verify agains
MOH-F-1000274,DOCTORS MEDICAL CENTRE LLC,SHJ,CLINIC,UNKNOWN,Coordinates derived from area-level geocoding. Verify agains
MOH-F-1000416,UNICARE MEDICAL CENTRE LLC,SHJ,CLINIC,UNKNOWN,Coordinates derived from area-level geocoding. Verify agains
MOH-F-1000679,INARA MEDICAL CENTER,SHJ,CLINIC,UNKNOWN,Coordinates derived from area-level geocoding. Verify agains
MOH-F-1000032,LIFELINE MEDICAL CENTRE(FORMERLY DR ASHOK MENON MEDICAL CENTER),SHJ,CLINIC,UNKNOWN,Coordinates derived from area-level geocoding. Verify agains
MOH-F-1000369,AL AMANAH MEDICAL CENTER LLC,SHJ,CLINIC,Aman,Coordinates derived from area-level geocoding. Verify agains
MOH-F-1000289,SAHARA MEDICAL CENTRE L.L.C,SHJ,CLINIC,UNKNOWN,Coordinates derived from area-level geocoding. Verify agains
MOH-F-1000734,RAYHAN GULF MEDICAL CENTER LLC,SHJ,CLINIC,UNKNOWN,Coordinates derived from area-level geocoding. Verify agains
MOH-F-1000197,ISHAQ BIN OMRAN MEDICAL CENTER LLC,SHJ,CLINIC,UNKNOWN,Coordinates derived from area-level geocoding. Verify agains
MOH-F-1000732,MODERN HEALTHCARE CENTER LLC,SHJ,CLINIC,UNKNOWN,Coordinates derived from area-level geocoding. Verify agains
MOH-F-1000777,SADAF AL SAJAH MEDICAL CENTRE,SHJ,CLINIC,UNKNOWN,Coordinates derived from area-level geocoding. Verify agains
MOH-F-1000672,HAPPY WAY MEDICAL CENTER,SHJ,CLINIC,UNKNOWN,Coordinates derived from area-level geocoding. Verify agains
MOH-F-1000798,FAMILY STAR MEDICAL CENTRE,SHJ,CLINIC,UNKNOWN,Coordinates derived from area-level geocoding. Verify agains
MOH-F-1000837,AL MAHABAH CLINIC,SHJ,CLINIC,UNKNOWN,Coordinates derived from area-level geocoding. Verify agains
MOH-F-1000801,AL TAJ AL FADHI CLINIC,SHJ,CLINIC,UNKNOWN,Coordinates derived from area-level geocoding. Verify agains
MOH-F-1000833,PURE PATH MEDICAL CENTER LLC SP,SHJ,CLINIC,UNKNOWN,Coordinates derived from area-level geocoding. Verify agains
MOH-F-1000727,SIMRAN MEDICAL CLINIC,SHJ,CLINIC,UNKNOWN,Coordinates derived from area-level geocoding. Verify agains
MOH-F-1000843,WELL CARE MEDICAL CENTER LLC,SHJ,CLINIC,UNKNOWN,Coordinates derived from area-level geocoding. Verify agains
MOH-F-1000120,AL ARIF MEDICAL CENTRE LLC,SHJ,CLINIC,UNKNOWN,Coordinates derived from area-level geocoding. Verify agains
MOH-F-1000831,MAX CARE MEDICAL CENTRE,SHJ,CLINIC,UNKNOWN,Coordinates derived from area-level geocoding. Verify agains
MOH-F-1000544,NOOR MEDICAL CENTER,SHJ,CLINIC,UNKNOWN,Coordinates derived from area-level geocoding. Verify agains
MOH-F-1000603,AL AMAL MEDICAL CENTRE LLC,SHJ,CLINIC,UNKNOWN,Coordinates derived from area-level geocoding. Verify agains
MOH-F-1000483,SAMEENA MEDICAL CENTRE L.L.C,SHJ,CLINIC,UNKNOWN,Coordinates derived from area-level geocoding. Verify agains
MOH-F-1000090,AL DHAID MEDICAL CENTRE,SHJ,CLINIC,UNKNOWN,Coordinates derived from area-level geocoding. Verify agains
MOH-F-1000014,RIAZ SPECIALIST MEDICAL CENTER LLC,SHJ,CLINIC,UNKNOWN,Coordinates derived from area-level geocoding. Verify agains
MOH-F-1000810,AL NEBRAS MEDICAL CENTER -L L C SHJ. BR,SHJ,CLINIC,UNKNOWN,Coordinates derived from area-level geocoding. Verify agains
MOH-F-1000115,AL SANABIL MEDICAL CENTER L.L.C,SHJ,CLINIC,UNKNOWN,Coordinates derived from area-level geocoding. Verify agains
MOH-F-1000640,EBN HAYAN MEDICAL CENTER,SHJ,CLINIC,UNKNOWN,Coordinates derived from area-level geocoding. Verify agains
MOH6748,AL DAWLI MEDICAL COSMETIC CENTER,SHJ,CLINIC,UNKNOWN,Coordinates derived from area-level geocoding. Verify agains
MOH-F-1000917,SHIFA MUWAILEH MEDICAL CENTER L.L.C,SHJ,CLINIC,Shifa/ADICO,"Coordinates approximate for Jurf 1, Industrial Area 3, Ajman"
MOH-F-1000873,NAFEESA MEDICAL CENTER LLC,SHJ,CLINIC,UNKNOWN,Coordinates derived from area-level geocoding. Verify agains
MOH-F-1000817,TRUE CARE MEDICAL CENTER,SHJ,CLINIC,UNKNOWN,Coordinates derived from area-level geocoding. Verify agains
MOH-F-1000963,NABDH AL SHIFA MEDICAL CENTER,SHJ,CLINIC,Shifa/ADICO,"Coordinates approximate for Jurf 1, Industrial Area 3, Ajman"
MOH-F-1000971,SHIFA AL JAZEERA MEDICAL CENTRE  BRANCH - 1,SHJ,CLINIC,Shifa/ADICO,"Coordinates approximate for Jurf 1, Industrial Area 3, Ajman"
MOH-F-1000969,MAX CARE MEDICAL CENTER (S.P.S - L.L.C) - SHJ. BR 1,SHJ,CLINIC,UNKNOWN,Coordinates derived from area-level geocoding. Verify agains
MOH-F-1000396,SHARJAH CORNICHE MEDICAL CENTRE(DAY CARE HOSPITAL),SHJ,DAYCARE,UNKNOWN,Coordinates derived from area-level geocoding. Verify agains
MOH-F-1000096,AL SAHA WA AL SHIFAA HOSPITAL FOR ONE DAY SURGERY,SHJ,DAYCARE,Shifa/ADICO,Coordinates derived from area-level geocoding. Verify agains
MOH-F-1000669,ORIANA HOSPITAL FOR ONE DAY SURGERY LLC SOLE PROPRIETORSHIP,SHJ,DAYCARE,UNKNOWN,Coordinates derived from area-level geocoding. Verify agains
MOH-F-1000315,DR.SAI GANESH PILLAI MEDICAL CENTRE,SHJ,DENTAL,UNKNOWN,Coordinates derived from area-level geocoding. Verify agains
MOH-F-1000935,INDIANA DENTAL AND AESTHETIC CENTER LLC,SHJ,DENTAL,UNKNOWN,Coordinates derived from area-level geocoding. Verify agains
MOH-F-1000046,CLASS MEDICAL CENTRE,SHJ,DIAGNOSTIC CENTRE,UNKNOWN,Coordinates derived from area-level geocoding. Verify agains
MOH-F-1000086,AL SAFWA RADIOLOGY CENTER LLC,SHJ,DIAGNOSTIC CENTRE,UNKNOWN,Coordinates derived from area-level geocoding. Verify agains
MOH6719,REEM AL BAWADI MEDICAL AND DIAGNOSTIC CENTRE(NOVO GR),SHJ,DIAGNOSTIC CENTRE,UNKNOWN,Coordinates derived from area-level geocoding. Verify agains
MOHI1314,AVIVO GR-REEM MEDICAL DIAGNOSTIC CENTRE,SHJ,DIAGNOSTIC CENTRE,UNKNOWN,Coordinates derived from area-level geocoding. Verify agains
MOH-F-1000045,MODERN MEDICAL LAB,SHJ,DIAGNOSTIC CENTRE,UNKNOWN,Coordinates derived from area-level geocoding. Verify agains
MOH-F-1000775,LIFE MEDICAL DIAGNOSTICS LABORATORIES LLC,SHJ,DIAGNOSTIC CENTRE,UNKNOWN,Coordinates derived from area-level geocoding. Verify agains
MOH-F-1000280,EMIRATES MEDICAL LAB L.L.C.SP,SHJ,DIAGNOSTIC CENTRE,Emirates NBD,Coordinates derived from area-level geocoding. Verify agains
MOH-F-1000462,BURJEEL SPECIALTY HOSPITAL LLC (SHARJAH),SHJ,HOSPITAL,UNKNOWN,Hospital facility with emergency services. Coordinates verif
MOH-F-1000173,EMIRATES EUROPEAN HOSPITAL LLC,SHJ,HOSPITAL,UNKNOWN,Hospital facility with emergency services. Coordinates verif
MOH-F-1000023,CENTRAL HOSPITAL LLC,SHJ,HOSPITAL,UNKNOWN,Hospital facility with emergency services. Coordinates verif
MOH-F-1000659,ASTER HOSPITAL SHARJAH,SHJ,HOSPITAL,UNKNOWN,Hospital facility with emergency services. Coordinates verif
MOH-F-1000595,CITY SPECIALTY HOSPITAL L.L.C SP,SHJ,HOSPITAL,UNKNOWN,Hospital facility with emergency services. Coordinates verif
MOH-F-1000664,DAR AL KAMAL HOSPITAL,SHJ,HOSPITAL,UNKNOWN,Hospital facility with emergency services. Coordinates verif
MOH-F-5000692,HAMAD AL MUMAYAZAH PHARMACY LLC,SHJ,PHARMACY,UNKNOWN,Pharmacy outlet. Coordinates approximate for area. Operating
MOH-F-5000149,ZAMZAM PHARMACY LLC SHARJAH,SHJ,PHARMACY,UNKNOWN,Pharmacy outlet. Coordinates approximate for area. Operating
MOH-F-5000370,BAIT AL SHIFA PHARMACY,SHJ,PHARMACY,Shifa/ADICO,Pharmacy outlet. Coordinates approximate for area. Operating
MOH-F-5000837,BURJEEL SPECIALTY HOSPITAL PHARMACY,SHJ,PHARMACY,UNKNOWN,Pharmacy outlet. Coordinates approximate for area. Operating
MOH-F-5000117,AL SAMA PHARMACY LLC,SHJ,PHARMACY,UNKNOWN,Pharmacy outlet. Coordinates approximate for area. Operating
MOH-F-5000396,AL SANA PHARMACY LLC,SHJ,PHARMACY,UNKNOWN,Pharmacy outlet. Coordinates approximate for area. Operating
MOH-F-5000241,HEALTH CARE PHARMACY LLC,SHJ,PHARMACY,UNKNOWN,Pharmacy outlet. Coordinates approximate for area. Operating
MOH-F-5000631,NAJMAT MUWAILEH PHARMACY LLC,SHJ,PHARMACY,UNKNOWN,Pharmacy outlet. Coordinates approximate for area. Operating
MOH-F-5000336,AL WAAD PHARMACY,SHJ,PHARMACY,UNKNOWN,Pharmacy outlet. Coordinates approximate for area. Operating
MOH-F-5001017,AL AMANI PHARMACY,SHJ,PHARMACY,UNKNOWN,Pharmacy outlet. Coordinates approximate for area. Operating
MOH-F-5000331,AL QADSYAH PHARMACY L.L.C,SHJ,PHARMACY,UNKNOWN,Pharmacy outlet. Coordinates approximate for area. Operating
MOH-F-5001016,AL SHALAL PHARMACY,SHJ,PHARMACY,UNKNOWN,Pharmacy outlet. Coordinates approximate for area. Operating
MOH-F-5001064,SHIFA AL JAZEERAH CENTER PHARMACY LLC SHJ BR,SHJ,PHARMACY,Shifa/ADICO,Pharmacy outlet. Coordinates approximate for area. Operating
MOH-F-5000184,AL MUSALLA PHARMACY,SHJ,PHARMACY,UNKNOWN,Pharmacy outlet. Coordinates approximate for area. Operating
MOH-F-5000253,SAIFZONE PHARMACY,SHJ,PHARMACY,UNKNOWN,Pharmacy outlet. Coordinates approximate for area. Operating
MOH-F-5000679,RUKN AL SALAM PHARMACY,SHJ,PHARMACY,UNKNOWN,Pharmacy outlet. Coordinates approximate for area. Operating
MOH-F-5000795,AL AZHAR PHARMACY (SHARJAH),SHJ,PHARMACY,UNKNOWN,Pharmacy outlet. Coordinates approximate for area. Operating
MOH-F-5000358,NAJMAT SAHARA(NOVO),SHJ,PHARMACY,UNKNOWN,Pharmacy outlet. Coordinates approximate for area. Operating
MOH-F-5000136,SALSABEEL RX(NOVO),SHJ,PHARMACY,UNKNOWN,Pharmacy outlet. Coordinates approximate for area. Operating
MOH-F-5000360,SAHARA AL JAZEERA(NOVO),SHJ,PHARMACY,UNKNOWN,Pharmacy outlet. Coordinates approximate for area. Operating
MOH-F-5000387,MARHABA RX(NOVO),SHJ,PHARMACY,UNKNOWN,Pharmacy outlet. Coordinates approximate for area. Operating
MOH-F-5000700,AL RUAYA(NOVO),SHJ,PHARMACY,UNKNOWN,Pharmacy outlet. Coordinates approximate for area. Operating
MOH-F-5000605,FATIMA ZAHRA(NOVO),SHJ,PHARMACY,UNKNOWN,Pharmacy outlet. Coordinates approximate for area. Operating
MOH-F-5000382,LUBNA(NOVO),SHJ,PHARMACY,UNKNOWN,Pharmacy outlet. Coordinates approximate for area. Operating
MOH-F-5000388,SCIENTIFIC RX(NOVO),SHJ,PHARMACY,UNKNOWN,Pharmacy outlet. Coordinates approximate for area. Operating
MOH-F-5000606,AL RAYAH RX(NOVO),SHJ,PHARMACY,UNKNOWN,Pharmacy outlet. Coordinates approximate for area. Operating
MOH-F-5000468,MEDICARE RX(NOVO),SHJ,PHARMACY,UNKNOWN,Pharmacy outlet. Coordinates approximate for area. Operating
MOH-F-5000991,AL GHAD AL AFDAL PHARMACY LLC,SHJ,PHARMACY,UNKNOWN,Pharmacy outlet. Coordinates approximate for area. Operating
MOH-F-5000980,AL GHAD PHARMACY LLC,SHJ,PHARMACY,UNKNOWN,Pharmacy outlet. Coordinates approximate for area. Operating
MOH-F-5000992,AL HAYAT AL SAEEDA PHARMACY LLC,SHJ,PHARMACY,UNKNOWN,Pharmacy outlet. Coordinates approximate for area. Operating
MOH-F-5000904,DAR AL SAJAA PHARMACY LLC,SHJ,PHARMACY,UNKNOWN,Pharmacy outlet. Coordinates approximate for area. Operating
MOH-F-5000823,RKN AL RAHA PHARMACY,SHJ,PHARMACY,UNKNOWN,Pharmacy outlet. Coordinates approximate for area. Operating
MOH-F-5000096,"HAMAD PHARMACY LLC-,SHAHBA ,SHARJAH",SHJ,PHARMACY,UNKNOWN,Pharmacy outlet. Coordinates approximate for area. Operating
MOH-F-5000139,"SHARJAH PHARMACY LLC-ROLLA,SHARJAH",SHJ,PHARMACY,UNKNOWN,Pharmacy outlet. Coordinates approximate for area. Operating
MOH-F-5000092,"GRAND HAMAD PHARMACY LLC-AL NAHDA,SHARJAH",SHJ,PHARMACY,UNKNOWN,Pharmacy outlet. Coordinates approximate for area. Operating
MOH-F-5000691,HAMAD AL IHTERAFEYA PHARMACY LLC-MAYSLOON SHARJAH,SHJ,PHARMACY,UNKNOWN,Pharmacy outlet. Coordinates approximate for area. Operating
MOH-F-5000693,HAMAD AL OULA PHARMACY LLC-SHAHBA AREA,SHJ,PHARMACY,UNKNOWN,Pharmacy outlet. Coordinates approximate for area. Operating
MOH-F-5000830,"NMC MEDICAL CENTRE PHARMACY LLC N.M.C BR 1-AL MAJAZ ,SHARJAH",SHJ,PHARMACY,NMC,Pharmacy outlet. Coordinates approximate for area. Operating
MOH-F-5000124,"NEW MEDICAL CENTRE PHARMACY LLC-N.M.C,SHARJAH-BEL RESHEED TOWER ,SHARJAH",SHJ,PHARMACY,UNKNOWN,Pharmacy outlet. Coordinates approximate for area. Operating
MOH-F-5000883,N.M.C MEDICAL CENTRE F.Z.C PHARMACY,SHJ,PHARMACY,UNKNOWN,Pharmacy outlet. Coordinates approximate for area. Operating
MOH-F-5000101,JANAH PHARMACY L.L.C,SHJ,PHARMACY,UNKNOWN,Pharmacy outlet. Coordinates approximate for area. Operating
MOH-F-5000745,AL HADHAR PHARMACY LLC,SHJ,PHARMACY,UNKNOWN,Pharmacy outlet. Coordinates approximate for area. Operating
MOH-F-5000790,AL FARAH AL HADITHAH PHARMACY LLC,SHJ,PHARMACY,UNKNOWN,Pharmacy outlet. Coordinates approximate for area. Operating
MOH-F-5000720,PALMYRA PHARMACY LLC,SHJ,PHARMACY,UNKNOWN,Pharmacy outlet. Coordinates approximate for area. Operating
MOH-F-5000678,RUKN AL UFUQ PHARMACY LLC,SHJ,PHARMACY,UNKNOWN,Pharmacy outlet. Coordinates approximate for area. Operating
MOH-F-5000680,MEDI PLUS PHARMACY SHJ. BR.  LLC,SHJ,PHARMACY,UNKNOWN,Pharmacy outlet. Coordinates approximate for area. Operating
MOH-F-5000369,AL NAHDA PHARMACY,SHJ,PHARMACY,UNKNOWN,Pharmacy outlet. Coordinates approximate for area. Operating
MOH-F-5000233,AL  TAMIMI PHARMACY LLC,SHJ,PHARMACY,UNKNOWN,Pharmacy outlet. Coordinates approximate for area. Operating
MOH-F-5000422,HADEQAT AL ROLA PHARMACY LLC,SHJ,PHARMACY,UNKNOWN,Pharmacy outlet. Coordinates approximate for area. Operating
MOH-F-5000302,REEM PHARMACY,SHJ,PHARMACY,UNKNOWN,Pharmacy outlet. Coordinates approximate for area. Operating
MOH-F-5000607,BURJ AL NAHDA PHARMACY,SHJ,PHARMACY,UNKNOWN,Pharmacy outlet. Coordinates approximate for area. Operating
MOH-F-5000615,AL BURHAN PHARMACY LLC ,SHJ,PHARMACY,UNKNOWN,Pharmacy outlet. Coordinates approximate for area. Operating
MOH1102,AL MUBARAK CENTRE PHARMACY,SHJ,PHARMACY,UNKNOWN,Pharmacy outlet. Coordinates approximate for area. Operating
MOH-F-5000386,AL RAWDHA  PHARMACY  LLC,SHJ,PHARMACY,UNKNOWN,Pharmacy outlet. Coordinates approximate for area. Operating
MOH-F-5000670,DAR AL NASEEM PHARMACY,SHJ,PHARMACY,UNKNOWN,Pharmacy outlet. Coordinates approximate for area. Operating
MOH-F-5000687,ZAHRAT AL MADINAH PHARMACY LLC,SHJ,PHARMACY,UNKNOWN,Pharmacy outlet. Coordinates approximate for area. Operating
MOH-F-5000714,NAJMAT ABU SHAGARA PHARMACY ,SHJ,PHARMACY,UNKNOWN,Pharmacy outlet. Coordinates approximate for area. Operating
MOH-F-5000871,NADEEN PHARMACY,SHJ,PHARMACY,UNKNOWN,Pharmacy outlet. Coordinates approximate for area. Operating
MOH-F-5000851,NAJMAT AL ROLLA PHARMACY LLC,SHJ,PHARMACY,UNKNOWN,Pharmacy outlet. Coordinates approximate for area. Operating
MOH-F-5000928,LIVE CARE PHARMACY LLC SHJ BR,SHJ,PHARMACY,UNKNOWN,Pharmacy outlet. Coordinates approximate for area. Operating
MOH-F-5000501,(LIBERTY GR)-AL DUNIA PHARMACY,SHJ,PHARMACY,UNKNOWN,Pharmacy outlet. Coordinates approximate for area. Operating
MOH-F-5000303,(LIBERTY GR)-SAIF AL KHAN PAHRMACY LLC,SHJ,PHARMACY,UNKNOWN,Pharmacy outlet. Coordinates approximate for area. Operating
MOH-F-5000046,(LIBERTY GR)-AL SAIF PHARMACY,SHJ,PHARMACY,UNKNOWN,Pharmacy outlet. Coordinates approximate for area. Operating
MOH-F-5000379,AL AHSAN PHARMACY SHARJAH,SHJ,PHARMACY,UNKNOWN,Pharmacy outlet. Coordinates approximate for area. Operating
MOH-F-5000273,AL WASHAH PHARMACY-LLC,SHJ,PHARMACY,UNKNOWN,Pharmacy outlet. Coordinates approximate for area. Operating
MOH-F-5001082,BOORJ AL ROLLA PHARMACY LLC,SHJ,PHARMACY,UNKNOWN,Pharmacy outlet. Coordinates approximate for area. Operating
MOH-F-5001109,SAMA MUWAILEH PHARMACY LLC,SHJ,PHARMACY,UNKNOWN,Pharmacy outlet. Coordinates approximate for area. Operating
MOH-F-5000476,PESHAWAR PHARMACY LLC,SHJ,PHARMACY,UNKNOWN,Pharmacy outlet. Coordinates approximate for area. Operating
MOH-F-5001080,AL MISBAH PHARMACY L.L.C,SHJ,PHARMACY,UNKNOWN,Pharmacy outlet. Coordinates approximate for area. Operating
MOH-F-5000111,MILLENNIUM PHARMACY LLC,SHJ,PHARMACY,UNKNOWN,Pharmacy outlet. Coordinates approximate for area. Operating
MOH-F-5000381,LIFE LINE PHARMACY LLC,SHJ,PHARMACY,UNKNOWN,Pharmacy outlet. Coordinates approximate for area. Operating
MOH-F-5000083,DOCTORS PHARMACY LLC,SHJ,PHARMACY,UNKNOWN,Pharmacy outlet. Coordinates approximate for area. Operating
MOH-F-5000080,DELMON PHARMACY LLC,SHJ,PHARMACY,UNKNOWN,Pharmacy outlet. Coordinates approximate for area. Operating
MOH-F-5000399,IBN BATUTA PHARMACY LLC (SHARJAH),SHJ,PHARMACY,UNKNOWN,Pharmacy outlet. Coordinates approximate for area. Operating
MOH332,DEIRA PHARMACY LLC,SHJ,PHARMACY,UNKNOWN,Pharmacy outlet. Coordinates approximate for area. Operating
MOH-F-5000238,DAR AL HIKMAH PHARMACY LLC,SHJ,PHARMACY,UNKNOWN,Pharmacy outlet. Coordinates approximate for area. Operating
MOH-F-5000321,GARDEN PHARMACY LLC,SHJ,PHARMACY,UNKNOWN,Pharmacy outlet. Coordinates approximate for area. Operating
MOH-F-5000364,MOTHER CARE PHARMACY LLC,SHJ,PHARMACY,UNKNOWN,Pharmacy outlet. Coordinates approximate for area. Operating
MOH-F-5000310,AL MEENA PHARMACY LLC,SHJ,PHARMACY,UNKNOWN,Pharmacy outlet. Coordinates approximate for area. Operating
MOH-F-5000130,RASHA PHARMACY LLC,SHJ,PHARMACY,UNKNOWN,Pharmacy outlet. Coordinates approximate for area. Operating
MOH-F-5000834,ROYAL GARDEN PHARMACY LLC,SHJ,PHARMACY,UNKNOWN,Pharmacy outlet. Coordinates approximate for area. Operating
MOH-F-5000833,AL WASFA PHARMACY LLC,SHJ,PHARMACY,UNKNOWN,Pharmacy outlet. Coordinates approximate for area. Operating
MOH-F-5000668,GOOD HEALTH GR-AL KARAZ PHARMACY,SHJ,PHARMACY,UNKNOWN,Pharmacy outlet. Coordinates approximate for area. Operating
MOH-F-5000021,AL ITEKAL PHARMACY LLC,SHJ,PHARMACY,UNKNOWN,Pharmacy outlet. Coordinates approximate for area. Operating
MOH-F-5000538,NAWAIEM PHARMACY,SHJ,PHARMACY,UNKNOWN,Pharmacy outlet. Coordinates approximate for area. Operating
MOH602,AL FAROOQ PHARMACY L.L.C,SHJ,PHARMACY,UNKNOWN,Pharmacy outlet. Coordinates approximate for area. Operating
MOH-F-5000338,AL AQSA PHARMACY L.L.C,SHJ,PHARMACY,UNKNOWN,Pharmacy outlet. Coordinates approximate for area. Operating
MOH576,AL FARAH PHARMACY LLC,SHJ,PHARMACY,UNKNOWN,Pharmacy outlet. Coordinates approximate for area. Operating
MOH-F-5000316,AL RAZY PHARMACY L.L.C,SHJ,PHARMACY,UNKNOWN,Pharmacy outlet. Coordinates approximate for area. Operating
MOH-F-5000595,DAR AL FARAH PHARMACY LLC,SHJ,PHARMACY,UNKNOWN,Pharmacy outlet. Coordinates approximate for area. Operating
MOH-F-5000256,DELTA AL MAMZAR PHARMACY,SHJ,PHARMACY,UNKNOWN,Pharmacy outlet. Coordinates approximate for area. Operating
MOH-F-5000081,DELTA PHARMACY,SHJ,PHARMACY,UNKNOWN,Pharmacy outlet. Coordinates approximate for area. Operating
MOH-F-5000317,DELTA AL DHAID PHARMACY,SHJ,PHARMACY,UNKNOWN,Pharmacy outlet. Coordinates approximate for area. Operating
MOH-F-5000341,DELTA MODERN PHARMACY,SHJ,PHARMACY,UNKNOWN,Pharmacy outlet. Coordinates approximate for area. Operating
MOH-F-5000723,NASEEM AL BATAEH PHARMACY,SHJ,PHARMACY,UNKNOWN,Pharmacy outlet. Coordinates approximate for area. Operating
MOH-F-5000356,AL RAYAN PHARMACY LLC,SHJ,PHARMACY,UNKNOWN,Pharmacy outlet. Coordinates approximate for area. Operating
MOH-F-5000807,AL ENWAN PHARMACY,SHJ,PHARMACY,UNKNOWN,Pharmacy outlet. Coordinates approximate for area. Operating
MOH-F-5000797,AL TAWAR PHARMACY,SHJ,PHARMACY,UNKNOWN,Pharmacy outlet. Coordinates approximate for area. Operating
MOH-F-5000988,REEM AL NAHDAH PHARMACY LLC,SHJ,PHARMACY,UNKNOWN,Pharmacy outlet. Coordinates approximate for area. Operating
MOH-F-5000937,FAITH ZONE PHARMACY FZC,SHJ,PHARMACY,UNKNOWN,Pharmacy outlet. Coordinates approximate for area. Operating
MOH-F-5000978,AL HAMRIA PHARMACY LLC,SHJ,PHARMACY,UNKNOWN,Pharmacy outlet. Coordinates approximate for area. Operating
MOH-F-5000702,EMIRATES EUROPEAN HOSPITAL PHARMACY,SHJ,PHARMACY,UNKNOWN,Pharmacy outlet. Coordinates approximate for area. Operating
MOH-F-5000219,LAMIA PHARMACY,SHJ,PHARMACY,UNKNOWN,Pharmacy outlet. Coordinates approximate for area. Operating
MOH-F-5000746,AL SADAF PHARMACY LLC,SHJ,PHARMACY,UNKNOWN,Pharmacy outlet. Coordinates approximate for area. Operating
MOH-F-5000450,ASTER PHARMACY 125,SHJ,PHARMACY,UNKNOWN,Pharmacy outlet. Coordinates approximate for area. Operating
MOH-F-5000018,ASTER HARAMAIN (AL HARAMAIN PHARMACY),SHJ,PHARMACY,UNKNOWN,Pharmacy outlet. Coordinates approximate for area. Operating
MOH-F-5000295,CRISTAL PHARMACY,SHJ,PHARMACY,UNKNOWN,Pharmacy outlet. Coordinates approximate for area. Operating
MOH-F-5000492,ASTER PHARMACY 133,SHJ,PHARMACY,UNKNOWN,Pharmacy outlet. Coordinates approximate for area. Operating
MOH-F-5000175,ASTER MEDICOM -17 (AL ANSAR PHARMACY),SHJ,PHARMACY,UNKNOWN,Pharmacy outlet. Coordinates approximate for area. Operating
MOH-F-5000061,ASTER SHARJAH PHARMACY,SHJ,PHARMACY,UNKNOWN,Pharmacy outlet. Coordinates approximate for area. Operating
MOH-F-5000052,ASTER WASEEM (WASEEM PHARMACY),SHJ,PHARMACY,UNKNOWN,Pharmacy outlet. Coordinates approximate for area. Operating
MOH-F-5000403,ASTER PHARMACY 106,SHJ,PHARMACY,UNKNOWN,Pharmacy outlet. Coordinates approximate for area. Operating
MOH-F-5000367,ASTER PHARMACY 107,SHJ,PHARMACY,UNKNOWN,Pharmacy outlet. Coordinates approximate for area. Operating
MOH-F-5000449,ASTER PHARMACY 108,SHJ,PHARMACY,UNKNOWN,Pharmacy outlet. Coordinates approximate for area. Operating
MOH-F-5000033,ASTER AL MAWADAH (AL MAWADAH PHARMACY),SHJ,PHARMACY,UNKNOWN,Pharmacy outlet. Coordinates approximate for area. Operating
MOH-F-5000174,ASTER AL MAJAZ (AL MAJAZ PHARMACY),SHJ,PHARMACY,UNKNOWN,Pharmacy outlet. Coordinates approximate for area. Operating
MOH-F-5000312,ASTER AL BUHAIRAH PHARMACY,SHJ,PHARMACY,UNKNOWN,Pharmacy outlet. Coordinates approximate for area. Operating
MOH-F-5000173,ASTER EXPERT (EXPERT PHARMACY),SHJ,PHARMACY,UNKNOWN,Pharmacy outlet. Coordinates approximate for area. Operating
MOH-F-5000135,ASTER SALIM (SALIM PHARMACY),SHJ,PHARMACY,UNKNOWN,Pharmacy outlet. Coordinates approximate for area. Operating
MOH-F-5000031,ASTER AL MANARAH (AL MANARAH PHARMACY),SHJ,PHARMACY,UNKNOWN,Pharmacy outlet. Coordinates approximate for area. Operating
MOH-F-5000050,ASTER AL SHUALLA (AL SHUALLA PHARMACY),SHJ,PHARMACY,UNKNOWN,Pharmacy outlet. Coordinates approximate for area. Operating
MOH-F-5000481,ASTER PHARMACY 122,SHJ,PHARMACY,UNKNOWN,Pharmacy outlet. Coordinates approximate for area. Operating
MOH1351,ASTER PHARMACY 203,SHJ,PHARMACY,UNKNOWN,Pharmacy outlet. Coordinates approximate for area. Operating
MOH-F-5000532,ASTER PHARMACY 151,SHJ,PHARMACY,UNKNOWN,Pharmacy outlet. Coordinates approximate for area. Operating
MOH-F-5000404,ASTER PHARMACY 121 (BR OF ASTER PHARMACIES GROUP LLC),SHJ,PHARMACY,UNKNOWN,Pharmacy outlet. Coordinates approximate for area. Operating
MOH-F-5000567,ASTER PHARMACY 140,SHJ,PHARMACY,UNKNOWN,Pharmacy outlet. Coordinates approximate for area. Operating
MOH-F-5000627,ASTER PHARMACY 153,SHJ,PHARMACY,UNKNOWN,Pharmacy outlet. Coordinates approximate for area. Operating
MOH-F-5000886,ASTER PHARMACIES GROUP LLC -SHJ BR -BRANCH 2,SHJ,PHARMACY,UNKNOWN,Pharmacy outlet. Coordinates approximate for area. Operating
MOH-F-5000878,ASTER PHARMACIES GROUP LLC- SHJ BR - BRANCH 3,SHJ,PHARMACY,UNKNOWN,Pharmacy outlet. Coordinates approximate for area. Operating
MOH-F-5000987,ASTER PHARMACIES GROUP LLC -SHJ BR -BRANCH 1,SHJ,PHARMACY,UNKNOWN,Pharmacy outlet. Coordinates approximate for area. Operating
MOH-F-5001037,ASTER PHARMACIES GROUP LLC -SHJ BR,SHJ,PHARMACY,UNKNOWN,Pharmacy outlet. Coordinates approximate for area. Operating
MOH-F-5001065,ASTER PHARMACIES GROUP LLC -SHJ BR -BRANCH 4,SHJ,PHARMACY,UNKNOWN,Pharmacy outlet. Coordinates approximate for area. Operating
MOH-F-5001050,ASTER HOSPITAL PHARMACY,SHJ,PHARMACY,UNKNOWN,Pharmacy outlet. Coordinates approximate for area. Operating
MOH-F-5000647,AL COURNICHE PHARMACY,SHJ,PHARMACY,UNKNOWN,Pharmacy outlet. Coordinates approximate for area. Operating
MOH-F-5000456,AL YAMAMA PHARMACY LLC,SHJ,PHARMACY,UNKNOWN,Pharmacy outlet. Coordinates approximate for area. Operating
MOH-F-5000333,AL RAHMANIAH PHARMACY LLC,SHJ,PHARMACY,UNKNOWN,Pharmacy outlet. Coordinates approximate for area. Operating
MOH971,AL SHIFA UROPI PHARMACY LLC,SHJ,PHARMACY,Shifa/ADICO,Pharmacy outlet. Coordinates approximate for area. Operating
MOH-F-5000066,BILAL PHARMACY,SHJ,PHARMACY,UNKNOWN,Pharmacy outlet. Coordinates approximate for area. Operating
MOH-F-5000195,AL FURQAN PHARMACY (AL- SHAMS GROUP),SHJ,PHARMACY,UNKNOWN,Pharmacy outlet. Coordinates approximate for area. Operating
MOH-F-5001172,AL SEYOUH PHARMACY LLC,SHJ,PHARMACY,UNKNOWN,Pharmacy outlet. Coordinates approximate for area. Operating
MOH-F-5000778,RUKN AL YASMEEN PHARMACY,SHJ,PHARMACY,UNKNOWN,Pharmacy outlet. Coordinates approximate for area. Operating
MOH-F-5000526,YAS PHARMACY L.L.C,SHJ,PHARMACY,UNKNOWN,Pharmacy outlet. Coordinates approximate for area. Operating
MOH-F-5000231,AL QASIMIAH PHARMACY LLC,SHJ,PHARMACY,UNKNOWN,Pharmacy outlet. Coordinates approximate for area. Operating
MOH316,ASIA PHARMACY LLC,SHJ,PHARMACY,UNKNOWN,Pharmacy outlet. Coordinates approximate for area. Operating
MOH-449,AL SAJAA PHARMACY LLC,SHJ,PHARMACY,UNKNOWN,Pharmacy outlet. Coordinates approximate for area. Operating
MOH-1041,BAB AL QASIMIAH PHARMACY LLC,SHJ,PHARMACY,UNKNOWN,Pharmacy outlet. Coordinates approximate for area. Operating
MOH-F-5000542,AL AFDHAL PHARMACY(AL NEEM GROUP),SHJ,PHARMACY,UNKNOWN,Pharmacy outlet. Coordinates approximate for area. Operating
MOH-F-5000281,DAR AL DAWAA PHARMACY L.L.C(AL NEEM GROUP),SHJ,PHARMACY,UNKNOWN,Pharmacy outlet. Coordinates approximate for area. Operating
MOH-F-5000608,AL SABAH PHARMACY L.L.C(AL NEEM GROUP),SHJ,PHARMACY,UNKNOWN,Pharmacy outlet. Coordinates approximate for area. Operating
MOH-F-5000384,RUKN AL HAYAT PHARMACY L.L.C,SHJ,PHARMACY,UNKNOWN,Pharmacy outlet. Coordinates approximate for area. Operating
MOH-F-5000813,DAR AL NEEM PHARMACY LLC,SHJ,PHARMACY,UNKNOWN,Pharmacy outlet. Coordinates approximate for area. Operating
MOH-F-5000806,AL SAMHA PHARMACY LLC,SHJ,PHARMACY,UNKNOWN,Pharmacy outlet. Coordinates approximate for area. Operating
MOH-F-5000875,ABUDHABI PHARMACY,SHJ,PHARMACY,UNKNOWN,Pharmacy outlet. Coordinates approximate for area. Operating
MOH-F-5000451,MUHAMMAD AYAZ PHARMACY L.L.C,SHJ,PHARMACY,UNKNOWN,Pharmacy outlet. Coordinates approximate for area. Operating
MOH-F-5000713,LANA PHARMACY L.L.C(AL NEEM GROUP),SHJ,PHARMACY,UNKNOWN,Pharmacy outlet. Coordinates approximate for area. Operating
MOH-F-5000748,AL NAS PHARMACY L.L.C(AL NEEM GROUP),SHJ,PHARMACY,UNKNOWN,Pharmacy outlet. Coordinates approximate for area. Operating
MOH-F-5000727,RAFEAH PHARMACY L.L.C(AL NEEM GROUP),SHJ,PHARMACY,UNKNOWN,Pharmacy outlet. Coordinates approximate for area. Operating
MOH835,AL MALEHA PHARMACY,SHJ,PHARMACY,UNKNOWN,Pharmacy outlet. Coordinates approximate for area. Operating
MOH-F-5000832,MILAN PHARMACY LLC,SHJ,PHARMACY,UNKNOWN,Pharmacy outlet. Coordinates approximate for area. Operating
MOH-F-5000635,ARABIAN PHARMACY (AL BARAKAH),SHJ,PHARMACY,UNKNOWN,Pharmacy outlet. Coordinates approximate for area. Operating
MOH-F-5000138,SHARJAH AHALIA PHARMACY,SHJ,PHARMACY,UNKNOWN,Pharmacy outlet. Coordinates approximate for area. Operating
MOH-F-5000486,AL AHLIAH PHARMACY,SHJ,PHARMACY,UNKNOWN,Pharmacy outlet. Coordinates approximate for area. Operating
MOH-F-5000324,AL INAYA AL MUTAQADIMAH PHARMACY LLC-MUWAILAH-(ADVANCED GROUP),SHJ,PHARMACY,UNKNOWN,Pharmacy outlet. Coordinates approximate for area. Operating
MOH-F-5000882,ASTER PHARMACIES GROUP LLC- SHJ BR - BRANCH 5,SHJ,PHARMACY,UNKNOWN,Pharmacy outlet. Coordinates approximate for area. Operating
MOH-F-5001079,AL BEDAYA PHARMACY,SHJ,PHARMACY,UNKNOWN,Pharmacy outlet. Coordinates approximate for area. Operating
MOH-F-5001155,RAYHAN GULF PHARMACY LLC,SHJ,PHARMACY,UNKNOWN,Pharmacy outlet. Coordinates approximate for area. Operating
MOH-F-5001183,AL SHUALLA PHARMACY,SHJ,PHARMACY,UNKNOWN,Pharmacy outlet. Coordinates approximate for area. Operating
MOH-F-5001190,ASTER PHARMACIES GROUP LLC - SHJ.BR - BRANCH 7,SHJ,PHARMACY,UNKNOWN,Pharmacy outlet. Coordinates approximate for area. Operating
MOH-F-5001092,MUZEIRA PHARMACY LLC,SHJ,PHARMACY,UNKNOWN,Pharmacy outlet. Coordinates approximate for area. Operating
MOH-F-5001088,AL BARASHI PHARMACY LLC,SHJ,PHARMACY,UNKNOWN,Pharmacy outlet. Coordinates approximate for area. Operating
MOH-F-5001093,AL HAJIS PHARMACY L.L.C,SHJ,PHARMACY,UNKNOWN,Pharmacy outlet. Coordinates approximate for area. Operating
MOH-F-5001133,WAHAT AL TAIBAH PHARMACY LLC,SHJ,PHARMACY,UNKNOWN,Pharmacy outlet. Coordinates approximate for area. Operating
MOH-F-5001152,AL JAREENA PHARMACY LLC,SHJ,PHARMACY,UNKNOWN,Pharmacy outlet. Coordinates approximate for area. Operating
MOH-F-5000579,MODERN PHARMACY L.L.C - SHJ BR,SHJ,PHARMACY,UNKNOWN,Pharmacy outlet. Coordinates approximate for area. Operating
MOH-F-5000601,MODERN PHARMACY LLC - SHARJAH BR-BR 02,SHJ,PHARMACY,UNKNOWN,Pharmacy outlet. Coordinates approximate for area. Operating
MOH-F-5000636,MODERN PHARMACY L.L.C - SHJ BR -BR 03,SHJ,PHARMACY,UNKNOWN,Pharmacy outlet. Coordinates approximate for area. Operating
MOH-F-5000788,MODERN PHARMACY L.L.C - SHJ BR -BR 05,SHJ,PHARMACY,UNKNOWN,Pharmacy outlet. Coordinates approximate for area. Operating
MOH-F-5000113,MODERN PHARMACY L.L.C - SHJ BR -BR 06,SHJ,PHARMACY,UNKNOWN,Pharmacy outlet. Coordinates approximate for area. Operating
MOH-F-5001149,MODERN PHARMACY LLC SHJ BR BR-7,SHJ,PHARMACY,UNKNOWN,Pharmacy outlet. Coordinates approximate for area. Operating
MOH-F-5000703,ABAQ AL NADA PHARMACY LLC,SHJ,PHARMACY,UNKNOWN,Pharmacy outlet. Coordinates approximate for area. Operating
MOH-F-5000368,AL SEHA AL KUBRA PHARMACY LLC,SHJ,PHARMACY,UNKNOWN,Pharmacy outlet. Coordinates approximate for area. Operating
MOH-F-5001184,MODERN FAMILY PHARMACY LLC SHJ BRANCH,SHJ,PHARMACY,UNKNOWN,Pharmacy outlet. Coordinates approximate for area. Operating
MOH-F-5001185,SADAF AL SAJAH PHARMACY,SHJ,PHARMACY,UNKNOWN,Pharmacy outlet. Coordinates approximate for area. Operating
MOH-F-5000527,ORIANA PHARMACY LLC SOLE PROPRIETORSHIP,SHJ,PHARMACY,UNKNOWN,Pharmacy outlet. Coordinates approximate for area. Operating
MOH-F-5000941,ORIANA PHARMACY L.L.C - SOLE PROPRIETORSHIP-BRANCH 1,SHJ,PHARMACY,UNKNOWN,Pharmacy outlet. Coordinates approximate for area. Operating
MOH-F-5001059,ORIANA PHARMACY LLC SOLE PROPRIETORSHIP BRANCH 2,SHJ,PHARMACY,UNKNOWN,Pharmacy outlet. Coordinates approximate for area. Operating
MOH-F-5001045,DAR AL KAMAL PHARMACY,SHJ,PHARMACY,UNKNOWN,Pharmacy outlet. Coordinates approximate for area. Operating
MOH-F-5000939,AL MATAR PHARMACY LLC,SHJ,PHARMACY,UNKNOWN,Pharmacy outlet. Coordinates approximate for area. Operating
MOH-F-5001003,RUKN AL RAFEAH PHARMACY LLC,SHJ,PHARMACY,UNKNOWN,Pharmacy outlet. Coordinates approximate for area. Operating
MOH-F-5001165,DAR AL FARAJ PHARMACY LLC,SHJ,PHARMACY,UNKNOWN,Pharmacy outlet. Coordinates approximate for area. Operating
MOH-F-5001160,JANAH PHARMACY L.L.C BRANCH-2,SHJ,PHARMACY,UNKNOWN,Pharmacy outlet. Coordinates approximate for area. Operating
MOH-F-5001161,800 PHARMA PHARMACY LLC-SHJ.BR,SHJ,PHARMACY,UNKNOWN,Pharmacy outlet. Coordinates approximate for area. Operating
MOH-F-5001217,PHARMACY SABEEL L.L.C - SHJ. BR 1,SHJ,PHARMACY,UNKNOWN,Pharmacy outlet. Coordinates approximate for area. Operating
MOH-F-5001188,GOLDEN STAR PHARMACY LLC,SHJ,PHARMACY,UNKNOWN,Pharmacy outlet. Coordinates approximate for area. Operating
MOH-F-5001199,FAMILY STAR PHARMACY,SHJ,PHARMACY,UNKNOWN,Pharmacy outlet. Coordinates approximate for area. Operating
MOH-F-5001218,ASTER PHARMACIES GROUP LLC - SHJ. BR - BRANCH 8,SHJ,PHARMACY,UNKNOWN,Pharmacy outlet. Coordinates approximate for area. Operating
MOH-F-5001233,REGAL HOUSE PHARMACY,SHJ,PHARMACY,UNKNOWN,Pharmacy outlet. Coordinates approximate for area. Operating
MOH-F-5001239,PURE PATH PHARMACY LLC SP,SHJ,PHARMACY,UNKNOWN,Pharmacy outlet. Coordinates approximate for area. Operating
MOH-F-5000441,BAIT AL DAWAA PHARMACY,SHJ,PHARMACY,UNKNOWN,Pharmacy outlet. Coordinates approximate for area. Operating
MOH-F-5000850,RUKN BAIT AL DAWAA PHARMACY,SHJ,PHARMACY,UNKNOWN,Pharmacy outlet. Coordinates approximate for area. Operating
MOH-F-5001154,GUARDIAN PHARMACY LLC,SHJ,PHARMACY,UNKNOWN,Pharmacy outlet. Coordinates approximate for area. Operating
MOH-F-5001240,ZEST WELLNESS PHARMACY L LC - SHJ. BR ,SHJ,PHARMACY,UNKNOWN,Pharmacy outlet. Coordinates approximate for area. Operating
MOH-F-5001241,ASTER PHARMACIES GROUP LLC - SHJ. BR - BRANCH 6,SHJ,PHARMACY,UNKNOWN,Pharmacy outlet. Coordinates approximate for area. Operating
MOH-F-5000043,AL REEF PHARMACY LLC,SHJ,PHARMACY,UNKNOWN,Pharmacy outlet. Coordinates approximate for area. Operating
MOH-F-5000913,STARCARE PHARMACY L L C,SHJ,PHARMACY,UNKNOWN,Pharmacy outlet. Coordinates approximate for area. Operating
MOH-F-5000769,AL DHAFRAH PHARMACY L.L.C,SHJ,PHARMACY,UNKNOWN,Pharmacy outlet. Coordinates approximate for area. Operating
MOH-F-5001284,PRISTINE PHARMACY LLC-SHJ.BR,SHJ,PHARMACY,UNKNOWN,Pharmacy outlet. Coordinates approximate for area. Operating
MOH-F-5000383,AL MURTADHA PHARMACY,SHJ,PHARMACY,UNKNOWN,Pharmacy outlet. Coordinates approximate for area. Operating
MOH-F-5000180,HEALTH FIRST PHARMACY - BR3 ,SHJ,PHARMACY,UNKNOWN,Pharmacy outlet. Coordinates approximate for area. Operating
MOH-F-5001091,HEALTH FIRST PHARMACY - BRANCH 11,SHJ,PHARMACY,UNKNOWN,Pharmacy outlet. Coordinates approximate for area. Operating
MOH-F-5000827,HEALTH FIRST PHARMACY - BRANCH 7,SHJ,PHARMACY,UNKNOWN,Pharmacy outlet. Coordinates approximate for area. Operating
MOH-F-5000922,HEALTH FIRST PHARMACY - BRANCH 8 ,SHJ,PHARMACY,UNKNOWN,Pharmacy outlet. Coordinates approximate for area. Operating
MOH-F-5000919,HEALTH FIRST PHARMACY - BRANCH 9 ,SHJ,PHARMACY,UNKNOWN,Pharmacy outlet. Coordinates approximate for area. Operating
MOH-F-5000192,HEALTH FIRST PHARMACY - SHARJAH,SHJ,PHARMACY,UNKNOWN,Pharmacy outlet. Coordinates approximate for area. Operating
MOH-F-5000259,HEALTH FIRST PHARMACY -BR 4- SHARJAH,SHJ,PHARMACY,UNKNOWN,Pharmacy outlet. Coordinates approximate for area. Operating
MOH-F-5000490,HEALTH FIRST PHARMACY BRANCH 6 SHARJAH,SHJ,PHARMACY,UNKNOWN,Pharmacy outlet. Coordinates approximate for area. Operating
MOH-F-5000084,DUAA PHARMACY L.L.C,SHJ,PHARMACY,UNKNOWN,Pharmacy outlet. Coordinates approximate for area. Operating
MOH-F-5000044,AL RIYADH PHARMACY,SHJ,PHARMACY,UNKNOWN,Pharmacy outlet. Coordinates approximate for area. Operating
MOH-F-5000210,LULU AL FALAH PHARMACY LLC,SHJ,PHARMACY,UNKNOWN,Pharmacy outlet. Coordinates approximate for area. Operating
MOH-F-5000200,LULU AL NAHDA PHARMACY LLC,SHJ,PHARMACY,UNKNOWN,Pharmacy outlet. Coordinates approximate for area. Operating
MOH-F-5001234,HEALTH FIRST PHARMACY L.L.C.SP - BRANCH 12,SHJ,PHARMACY,UNKNOWN,Pharmacy outlet. Coordinates approximate for area. Operating
MOH-F-5000759,AL RAWAA PHARMACY LLC,SHJ,PHARMACY,UNKNOWN,Pharmacy outlet. Coordinates approximate for area. Operating
MOH-F-5001151,AL RAWAA PHARMACY LLC- BRANCH 1,SHJ,PHARMACY,UNKNOWN,Pharmacy outlet. Coordinates approximate for area. Operating
MOH-F-5001339 ,ASTER PHARMACIES GROUP LLC - SHJ. BR - BRANCH 9,SHJ,PHARMACY,UNKNOWN,Pharmacy outlet. Coordinates approximate for area. Operating
MOH-F-5001302,SHIFA MUWAILEH PHARMACY L.L.C,SHJ,PHARMACY,Shifa/ADICO,Pharmacy outlet. Coordinates approximate for area. Operating
MOH-F-5000188,CENTRAL PRIVATE HOSPITAL PHARMACY,SHJ,PHARMACY,UNKNOWN,Pharmacy outlet. Coordinates approximate for area. Operating
MOH-F-5001293,SAIF AL NAHDA PHARMACY L.L.C.SP,SHJ,PHARMACY,UNKNOWN,Pharmacy outlet. Coordinates approximate for area. Operating
MOH-F-5001359,NEW MEDICAL CENTRE PHARMACY LTD - SHJ.BR - BRANCH 2,SHJ,PHARMACY,UNKNOWN,Pharmacy outlet. Coordinates approximate for area. Operating
MOH-F-5000947,BAB AL ROLAH PHARMACY LLC,SHJ,PHARMACY,UNKNOWN,Pharmacy outlet. Coordinates approximate for area. Operating
MOH-F-5001375,NABDH ALSHIFA PHARMACY,SHJ,PHARMACY,Shifa/ADICO,Pharmacy outlet. Coordinates approximate for area. Operating
MOH-F-5001335,24 HOUR PHARMACY CO.LLC - SHJ. BR 1,SHJ,PHARMACY,UNKNOWN,Pharmacy outlet. Coordinates approximate for area. Operating
MOH-F-5001334,MEDON 24 HOUR PHARMACY CO. L.L.C - SHJ. BR 1,SHJ,PHARMACY,UNKNOWN,Pharmacy outlet. Coordinates approximate for area. Operating
MOH-F-5001344,AL MUSALLA PHARMACY BRANCH 1,SHJ,PHARMACY,UNKNOWN,Pharmacy outlet. Coordinates approximate for area. Operating
MOH-F-5001371,MAX CARE POINT PHARMACY L.L.C.SP,SHJ,PHARMACY,UNKNOWN,Pharmacy outlet. Coordinates approximate for area. Operating
MOH-F-5000952,MERCURY PHARMACY LLC,SHJ,PHARMACY,UNKNOWN,Pharmacy outlet. Coordinates approximate for area. Operating
MOH-F-5001036,MERCURY STAR PHARMACY LLC,SHJ,PHARMACY,UNKNOWN,Pharmacy outlet. Coordinates approximate for area. Operating
MOH-F-1000043,MATHEW MEDICAL CENTRE L.L.C SP,SHJ,CLINIC,UNKNOWN,Coordinates derived from area-level geocoding. Verify agains
SHA-F-000508,REGAL CARE MEDICAL CENTER,SHJ,CLINIC,UNKNOWN,Coordinates derived from area-level geocoding. Verify agains
MOH-F-5000906,IBN SINA PHARMACY SOLE PROPRIETORSHIP L.L.C SHJ. BR - BRANCH 4,SHJ,PHARMACY,UNKNOWN,Pharmacy outlet. Coordinates approximate for area. Operating
MOH-F-5000907,IBN SINA PHARMACY SOLE PROPRIETORSHIP L.L.C SHJ. BR - BRANCH 8,SHJ,PHARMACY,UNKNOWN,Pharmacy outlet. Coordinates approximate for area. Operating
MOH-F-5001041,IBN SINA PHARAMCY SOLE PROPRIETORSHIP L.L.C - BRANCH 1,SHJ,PHARMACY,UNKNOWN,Pharmacy outlet. Coordinates approximate for area. Operating
MOH-F-5001231,IBN SINA PHARAMCY SOLE PROPRIETORSHIP L.L.C - BRANCH 10,SHJ,PHARMACY,UNKNOWN,Pharmacy outlet. Coordinates approximate for area. Operating
MOH-F-5001309,IBN SINA PHARAMCY SOLE PROPRIETORSHIP L.L.C - BRANCH 11,SHJ,PHARMACY,UNKNOWN,Pharmacy outlet. Coordinates approximate for area. Operating
MOH-F-5001162,IBN SINA PHARAMCY SOLE PROPRIETORSHIP L.L.C - BRANCH 3,SHJ,PHARMACY,UNKNOWN,Pharmacy outlet. Coordinates approximate for area. Operating
MOH-F-5001307,IBN SINA PHARAMCY SOLE PROPRIETORSHIP L.L.C - SHJ. BR - BRANCH 14,SHJ,PHARMACY,UNKNOWN,Pharmacy outlet. Coordinates approximate for area. Operating
MOH-F-5000070,IBN SINA PHARAMCY SOLE PROPRIETORSHIP L.L.C BRANCH 12,SHJ,PHARMACY,UNKNOWN,Pharmacy outlet. Coordinates approximate for area. Operating
MOH-F-5000954,IBN SINA PHARAMCY SOLE PROPRIETORSHIP L.L.C SHJ. BR  6,SHJ,PHARMACY,UNKNOWN,Pharmacy outlet. Coordinates approximate for area. Operating
MOH-F-5000963,IBN SINA PHARAMCY SOLE PROPRIETORSHIP L.L.C SHJ. BR  7,SHJ,PHARMACY,UNKNOWN,Pharmacy outlet. Coordinates approximate for area. Operating
MOH-F-5000822 ,IBN SINA PHARAMCY SOLE PROPRIETORSHIP L.L.C SHJ. BR - BRANCH 2,SHJ,PHARMACY,UNKNOWN,Pharmacy outlet. Coordinates approximate for area. Operating
MOH-F-5001049,IBN SINA PHARMACY L.L.C - BRANCH,SHJ,PHARMACY,UNKNOWN,Pharmacy outlet. Coordinates approximate for area. Operating
MOH-F-5000924,IBN SINA PHARMACY SOLEPROPRIETORSHIP LLC SHJ BRANCH,SHJ,PHARMACY,UNKNOWN,Pharmacy outlet. Coordinates approximate for area. Operating
MOH-F-1000636,YASMED MEDICAL CENTER,UMQ,CLINIC,UNKNOWN,Coordinates derived from area-level geocoding. Verify agains
MOH545,AL JAZBIR CLINIC,UMQ,CLINIC,UNKNOWN,Coordinates derived from area-level geocoding. Verify agains
MOH-F-1000499,AL HAYAT MEDICAL CENTER-UMM AL QUWAIN,UMQ,CLINIC,UNKNOWN,Coordinates derived from area-level geocoding. Verify agains
MOH-F-1000094,DR.SUNNY MEDICAL CENTRE UAQ,UMQ,CLINIC,UNKNOWN,Coordinates derived from area-level geocoding. Verify agains
MOH-F-1000721,ASTER MEDICAL CENTRE - BR OF (D M HEALTHCARE) LLC UMM AL QUWAIN BRANCH,UMQ,CLINIC,UNKNOWN,Coordinates derived from area-level geocoding. Verify agains
MOH-F-1000692,DAR AL HAYAT MEDICAL CENTRE LLC,UMQ,CLINIC,UNKNOWN,Coordinates derived from area-level geocoding. Verify agains
MOH-F-1000851,WELLNESS MEDICAL CENTER LLC,UMQ,CLINIC,UNKNOWN,Coordinates derived from area-level geocoding. Verify agains
MOH-F-1000855,CARE FOR YOU MEDICAL CENTER,UMQ,CLINIC,UNKNOWN,Coordinates derived from area-level geocoding. Verify agains
MOH-F-1000714,AL SHIFA MEDICAL CENTER L.L.C,UMQ,CLINIC,Shifa/ADICO,"Coordinates approximate for Jurf 1, Industrial Area 3, Ajman"
MOH-F-1000919,NOOR AL SHIFA MEDICAL CENTER,UMQ,CLINIC,Shifa/ADICO,"Coordinates approximate for Jurf 1, Industrial Area 3, Ajman"
MOH-F-1000924,YOUR MEDICAL CENTER,UMQ,CLINIC,UNKNOWN,Coordinates derived from area-level geocoding. Verify agains
MOH-F-1000342,SHEIKH KHALIFA GENERAL HOSPITAL UMQ,UMQ,HOSPITAL,UNKNOWN,Hospital facility with emergency services. Coordinates verif
MOH-F-5001014,YASMEDPHARMACYLLC,UMQ,PHARMACY,UNKNOWN,Pharmacy outlet. Coordinates approximate for area. Operating
MOH-F-5000798,IBN BATUTA PHARMACY LLC,UMQ,PHARMACY,UNKNOWN,Pharmacy outlet. Coordinates approximate for area. Operating
MOH-F-5000176,ASTER MEDICOM -26 (MEDICOM PHARMACY -26),UMQ,PHARMACY,UNKNOWN,Pharmacy outlet. Coordinates approximate for area. Operating
MOH-F-5001061,ASTER PHARMACIES GROUP LLC UAQ BRANCH,UMQ,PHARMACY,UNKNOWN,Pharmacy outlet. Coordinates approximate for area. Operating
MOH-F-5001019,AL NEEM PHARMACY LLC,UMQ,PHARMACY,UNKNOWN,Pharmacy outlet. Coordinates approximate for area. Operating
MOH-F-5001094,DAR AL HAYAT PHARMACY LLC,UMQ,PHARMACY,UNKNOWN,Pharmacy outlet. Coordinates approximate for area. Operating
MOH-F-5001257,WELLNESS PHARMACY LLC,UMQ,PHARMACY,UNKNOWN,Pharmacy outlet. Coordinates approximate for area. Operating
MOH-F-5001265,SUNNY PHARMACY L.L.C,UMQ,PHARMACY,UNKNOWN,Pharmacy outlet. Coordinates approximate for area. Operating
MOH-F-5001283,AL REEM PHARMACY LLC,UMQ,PHARMACY,UNKNOWN,Pharmacy outlet. Coordinates approximate for area. Operating
MOH-F-5000144,HEALTH FIRST PHARMACY 12 - UAQ,UMQ,PHARMACY,UNKNOWN,Pharmacy outlet. Coordinates approximate for area. Operating
MOH-F-5000307,HEALTH FIRST PHARMACY 28 - UAQ,UMQ,PHARMACY,UNKNOWN,Pharmacy outlet. Coordinates approximate for area. Operating
MOH-F-5001089,HEALTH FIRST PHARMACY 62,UMQ,PHARMACY,UNKNOWN,Pharmacy outlet. Coordinates approximate for area. Operating
MOH-F-5001327,AL TALAL PHARMACY LLC - BRANCH 1,UMQ,PHARMACY,UNKNOWN,Pharmacy outlet. Coordinates approximate for area. Operating
MOH-F-5001319,YOUR PHARMACY LLC,UMQ,PHARMACY,UNKNOWN,Pharmacy outlet. Coordinates approximate for area. Operating
MOH-F-5000546,SHEIKH KHALIFA GENERAL HOSPITAL PHARMACY UMQ,UMQ,PHARMACY,UNKNOWN,Pharmacy outlet. Coordinates approximate for area. Operating
