Index,match_method,zavis_id,zavis_name,zavis_url,zavis_city,zavis_category,zavis_address,zavis_phone
1,,,,,,,,
2,,,,,,,,
3,name,advanced-medical-centre-ajman,Advanced Medical Centre,https://www.zavis.ai/directory/ajman/clinics/advanced-medical-centre-ajman,Ajman,clinics,Citymart Bldg - above UAE Exchange - Al Bustan - ليوارة 1 - Ajman - United Arab Emirates,+971 6 745 9969
4,,,,,,,,
5,,,,,,,,
6,,,,,,,,
7,,,,,,,,
8,phone,emirates-private-medical-center-ajman,Emirates Private Medical Center,https://www.zavis.ai/directory/ajman/clinics/emirates-private-medical-center-ajman,Ajman,clinics,Ajman - Ajman Industrial 2 - Ajman - United Arab Emirates,+971 6 748 6177
9,,,,,,,,
10,,,,,,,,
11,,,,,,,,
12,,,,,,,,
13,,,,,,,,
14,,,,,,,,
15,name,al-ain-medical-center-llc-ajman,AL Ain Medical Center,https://www.zavis.ai/directory/ajman/clinics/al-ain-medical-center-llc-ajman,Ajman,clinics,Al Ain Market Building - 7565 - Alnuimia - النعيمية 1 - عجمان - United Arab Emirates,+971 6 740 6661
16,phone,al-shourouk-polyclinic-ajman,AL Shourouk Polyclinic,https://www.zavis.ai/directory/ajman/clinics/al-shourouk-polyclinic-ajman,Ajman,clinics,Al Ahalia Exchange Building، Karama Plaza - Al Bustan - ليوارة 1 - Ajman - United Arab Emirates,+971 6 745 5688
17,name,al-rukn-medical-centre-ajman,AL Rukn Medical Centre,https://www.zavis.ai/directory/ajman/clinics/al-rukn-medical-centre-ajman,Ajman,clinics,Al Zahir Street - opp. :AL YAMEN RESTAURANT &KITCHEN - Al Rashidiya 3 - Ajman - United Arab Emirates,+971 52 590 9758
18,phone,algharafa-medical-centre-ajman,Algharafa Medical Centre,https://www.zavis.ai/directory/ajman/clinics/algharafa-medical-centre-ajman,Ajman,clinics,Sheikh Rashid Bin Humeed St - Al Bustan - ليوارة 1 - Ajman - United Arab Emirates,+971 6 744 8322
19,,,,,,,,
20,,,,,,,,
21,,,,,,,,
22,,,,,,,,
23,name,ajman-medical-centre-ajman,Ajman Medical Centre,https://www.zavis.ai/directory/ajman/clinics/ajman-medical-centre-ajman,Ajman,clinics,Al Moehat Round About - Al Salam St - Ajman Industrial 1 - Ajman - United Arab Emirates,+971 6 743 0088
24,,,,,,,,
25,,,,,,,,
26,,,,,,,,
27,,,,,,,,
28,phone,family-medical-center-ajman,Family Medical Center,https://www.zavis.ai/directory/ajman/clinics/family-medical-center-ajman,Ajman,clinics,Munah St - Ajman Industrial 1 - Ajman - United Arab Emirates,+971 6 743 4800
29,,,,,,,,
30,,,,,,,,
31,,,,,,,,
32,,,,,,,,
33,phone,eve-medical-center-ajman,Eve Medical Center,https://www.zavis.ai/directory/ajman/clinics/eve-medical-center-ajman,Ajman,clinics,J1 Building Floor 1 Garden City Al-Jurf Ajman بناية J1 ، طابق 1، جاردن ستي، - الجرف - الحميدية 1 - عجمان - United Arab Emirates,+971 6 749 8042
34,,,,,,,,
35,,,,,,,,
36,phone,al-narjes-physiotherapy-center-ajman,AL Narjes Physiotherapy Center,https://www.zavis.ai/directory/ajman/physiotherapy/al-narjes-physiotherapy-center-ajman,Ajman,physiotherapy,Sheikh Rashid bin Humaid road - opposite Ajman One tower - Al Rumailah - Al Rumailah 3 - Ajman - United Arab Emirates,+971 6 741 8880
37,,,,,,,,
38,,,,,,,,
39,,,,,,,,
40,,,,,,,,
41,name,al-hemaya-general-clinic-l-l-c-ajman,AL Hemaya General Clinic,https://www.zavis.ai/directory/ajman/clinics/al-hemaya-general-clinic-l-l-c-ajman,Ajman,clinics,CGMG+FRG - Al Jerf Industrial 1 - Ajman - United Arab Emirates,+971 56 693 6376
42,,,,,,,,
43,name,ahalia-medical-centre-ajman,Ahalia Medical Centre,https://www.zavis.ai/directory/ajman/clinics/ahalia-medical-centre-ajman,Ajman,clinics,Ahalia Medical Center - Ajman Industrial 2 - Ajman - United Arab Emirates,+971 6 749 7557
44,,,,,,,,
45,,,,,,,,
46,phone,abdul-aziz-medical-centre-ajman,Abdul Aziz Medical Centre,https://www.zavis.ai/directory/ajman/clinics/abdul-aziz-medical-centre-ajman,Ajman,clinics,"Office #5, F.Floor, Al Salam Building - شارع الشيخ مكتوم بن راشد - الروضة 1 - عجمان - United Arab Emirates",+971 54 335 8211
47,,,,,,,,
48,phone,golden-star-medical-center-ajman,Golden Star Medical Center,https://www.zavis.ai/directory/ajman/clinics/golden-star-medical-center-ajman,Ajman,clinics,"Rashideya 2 Ajman , Beside Ajman Sports Club & Mc Donalds - Al Rashidiya 2 - عجمان - United Arab Emirates",+971 58 897 8647
49,name,al-nahrain-specialty-medical-center-ajman,AL Nahrain Specialty Medical Center,https://www.zavis.ai/directory/ajman/clinics/al-nahrain-specialty-medical-center-ajman,Ajman,clinics,Sheikh Khalifa Bin Zayed St - 2 Al Nuaimia - Ajman - United Arab Emirates,+971 6 744 9144
50,phone,al-nahrain-medical-center-1-l-l-c-ajman,AL Nahrain Medical Center 1,https://www.zavis.ai/directory/ajman/clinics/al-nahrain-medical-center-1-l-l-c-ajman,Ajman,clinics,Sheikh Khalifa Bin Zayed St - 2 Al Nuaimia - Ajman - United Arab Emirates,+971 6 748 4778
51,name,dear-health-medical-center-ajman,Dear Health Medical Center,https://www.zavis.ai/directory/ajman/clinics/dear-health-medical-center-ajman,Ajman,clinics,AL SWAN TOWER - SHEIKH RASHID BIN HUMAID AL NUAIMI STREET - Al Rashidiya 3 - Ajman - United Arab Emirates,+971 50 530 0187
52,,,,,,,,
53,,,,,,,,
54,name,eazy-care-medical-center-l-l-c-ajman,Eazy Care Medical Center,https://www.zavis.ai/directory/ajman/clinics/eazy-care-medical-center-l-l-c-ajman,Ajman,clinics,Al Muwaihat 3 - Ajman - United Arab Emirates,+971 6 745 8050
55,,,,,,,,
56,,,,,,,,
57,,,,,,,,
58,phone,dr-rajeevans-medical-centre-l-l-c-ajman,Dr Rajeevans Medical Centre,https://www.zavis.ai/directory/ajman/clinics/dr-rajeevans-medical-centre-l-l-c-ajman,Ajman,clinics,9FGH+962 - Ajman Industrial 2 - Ajman - United Arab Emirates,+971 6 743 1330
59,phone,ultra-medical-center-l-l-c-al-ain,Ultra Medical Center,https://www.zavis.ai/directory/al-ain/clinics/ultra-medical-center-l-l-c-al-ain,Al Ain,clinics,Mall and Al Safa Center - Al Izdihar St - near Al Jimi - Al Jimi - Ugdat Al Ameriya - Abu Dhabi - United Arab Emirates,+97137625552
60,,,,,,,,
61,,,,,,,,
62,phone,al-noor-medical-center-wll-al-ain,AL Noor Medical Center,https://www.zavis.ai/directory/al-ain/clinics/al-noor-medical-center-wll-al-ain,Al Ain,clinics,"Al Ain, Al Ain",+9713-7662072
63,phone,index-medical-center-l-l-c-al-ain,Index Medical Center,https://www.zavis.ai/directory/al-ain/clinics/index-medical-center-l-l-c-al-ain,Al Ain,clinics,"Al Ain, Al Ain",+971(971)-3-7513939
64,phone,al-waqar-medical-centre-al-ain,AL Waqar Medical Centre,https://www.zavis.ai/directory/al-ain/clinics/al-waqar-medical-centre-al-ain,Al Ain,clinics,"Al Ain, Al Ain",+97137664521
65,phone,fatima-medical-center-l-l-c-al-ain,Fatima Medical Center,https://www.zavis.ai/directory/al-ain/clinics/fatima-medical-center-l-l-c-al-ain,Al Ain,clinics,Abu Backer siddiq Street - above Dammas collections - Central District - Hai Al Salama - Abu Dhabi - United Arab Emirates,+97137513883
66,name,gems-medical-clinic-llc-al-ain,Gems Medical Clinic,https://www.zavis.ai/directory/al-ain/clinics/gems-medical-clinic-llc-al-ain,Al Ain,clinics,"Al Ain, Al Ain",+97137855575
67,phone,medlife-medical-centre-l-l-c-al-ain,Medlife Medical Centre,https://www.zavis.ai/directory/al-ain/clinics/medlife-medical-centre-l-l-c-al-ain,Al Ain,clinics,Al Hili - 7Q8C+PCR - Industrial Area - Ndood Jham - Abu Dhabi - United Arab Emirates,+971 3 733 1033
68,,,,,,,,
69,name,al-khazna-health-medical-center-al-ain,AL Khazna Health Medical Center,https://www.zavis.ai/directory/al-ain/clinics/al-khazna-health-medical-center-al-ain,Al Ain,clinics,1st St - Al Khaznah - Al Khaznah 1 - Abu Dhabi - United Arab Emirates,+971 2 558 4609
70,,,,,,,,
71,phone,al-ain-alahili-medical-centre-al-ain,AL Ain Alahili Medical Centre,https://www.zavis.ai/directory/al-ain/clinics/al-ain-alahili-medical-centre-al-ain,Al Ain,clinics,"Al Ain, Al Ain",+97137559990
72,,,,,,,,
73,,,,,,,,
74,phone,rayhan-primary-healthcare-centre-sole-proprietorship-l-l-c-al-ain,Rayhan Primary Healthcare Centre,https://www.zavis.ai/directory/al-ain/clinics/rayhan-primary-healthcare-centre-sole-proprietorship-l-l-c-al-ain,Al Ain,clinics,al marabba - yasser street - Central District - Hai Al Murabbaa - Abu Dhabi - United Arab Emirates,+971 3 751 0043
75,phone,al-mamoon-medical-center-l-l-c-al-ain,AL Mamoon Medical Center,https://www.zavis.ai/directory/al-ain/clinics/al-mamoon-medical-center-l-l-c-al-ain,Al Ain,clinics,"Muwaiji-2, Street-2, Villa No. 38 - Sheik Khalifa Bin Zayed St - near Marriage Fund - Al Muwaij'i - Al Ain City - Abu Dhabi - United Arab Emirates",+97137666652
76,phone,al-mirage-medical-center-al-ain,AL Mirage Medical Center,https://www.zavis.ai/directory/al-ain/clinics/al-mirage-medical-center-al-ain,Al Ain,clinics,"Al Ain, Al Ain",+971(971)-3-7516774
77,name,healing-touch-medical-center-al-ain,Healing Touch Medical Center,https://www.zavis.ai/directory/al-ain/clinics/healing-touch-medical-center-al-ain,Al Ain,clinics,Al Jimi - Al Ameriya - Abu Dhabi - United Arab Emirates,+971 3 753 0090
78,,,,,,,,
79,phone,mission-medical-center-al-ain,Mission Medical Center,https://www.zavis.ai/directory/al-ain/clinics/mission-medical-center-al-ain,Al Ain,clinics,Al Ain - Industrial Area - Batha Al Hayer - Abu Dhabi - United Arab Emirates,+971 3 722 4188
80,,,,,,,,
81,,,,,,,,
82,phone,sultan-medical-centre-al-ain,Sultan Medical Centre,https://www.zavis.ai/directory/al-ain/clinics/sultan-medical-centre-al-ain,Al Ain,clinics,Central District Alain - وسط المدينة - حي السوق - أبو ظبي - United Arab Emirates,+971(971)-3-7641525
83,name,zia-medical-centre-l-l-c-abu-dhabi,Zia Medical Centre,https://www.zavis.ai/directory/abu-dhabi/clinics/zia-medical-centre-l-l-c-abu-dhabi,Abu Dhabi,clinics,51st Street - Mohamed Bin Zayed City - ME12 - Abu Dhabi - United Arab Emirates,+97125522201
84,name,peshawar-medical-centre-l-l-c-abu-dhabi,Peshawar Medical Centre,https://www.zavis.ai/directory/abu-dhabi/clinics/peshawar-medical-centre-l-l-c-abu-dhabi,Abu Dhabi,clinics,40 شارع ١٦ - Musaffah - M40 - Abu Dhabi - United Arab Emirates,+971(971)-2-5522201
85,phone,poly-clinic-swat-medical-l-l-c-o-p-c-abu-dhabi,Poly Clinic Swat Medical,https://www.zavis.ai/directory/abu-dhabi/clinics/poly-clinic-swat-medical-l-l-c-o-p-c-abu-dhabi,Abu Dhabi,clinics,9F2R+WPG - Musaffah - Musaffah Industrial - Abu Dhabi - United Arab Emirates,+97125550038
86,phone,lahore-medical-centre-sole-proprietorship-l-l-c-abu-dhabi,Lahore Medical Centre,https://www.zavis.ai/directory/abu-dhabi/clinics/lahore-medical-centre-sole-proprietorship-l-l-c-abu-dhabi,Abu Dhabi,clinics,79 Ad Diman 6 St - Musaffah - M26 - Abu Dhabi - United Arab Emirates,+97125462548
87,name,bab-al-teb-medical-centre-sole-proprietorship-l-l-c-abu-dhabi,Bab AL Teb Medical Centre,https://www.zavis.ai/directory/abu-dhabi/clinics/bab-al-teb-medical-centre-sole-proprietorship-l-l-c-abu-dhabi,Abu Dhabi,clinics,8FXF+8FJ - Musaffah - M44 - Abu Dhabi - United Arab Emirates,+971 55 897 9364
88,,,,,,,,
89,name,llh-medical-centre-l-l-c-abu-dhabi,Llh Medical Centre,https://www.zavis.ai/directory/abu-dhabi/clinics/llh-medical-centre-l-l-c-abu-dhabi,Abu Dhabi,clinics,Zone 1E3-02 - Muroor Road - Al Danah - E3-02 - Abu Dhabi - United Arab Emirates,+971 800 55
90,name,occu-med-clinic-l-l-c-abu-dhabi,Occu Med Clinic,https://www.zavis.ai/directory/abu-dhabi/clinics/occu-med-clinic-l-l-c-abu-dhabi,Abu Dhabi,clinics,"M-4, Office No 15G, Ground Floor, Global Ascent Business Center - مصفح - مصفح 4 - أبو ظبي - United Arab Emirates",+971 2 513 4013
91,,,,,,,,
92,name,lifecare-medical-center-l-l-c-abu-dhabi,Lifecare Medical Center,https://www.zavis.ai/directory/abu-dhabi/clinics/lifecare-medical-center-l-l-c-abu-dhabi,Abu Dhabi,clinics,7HPP5RVX+CR - Al Wathba - Qasr Al Wathbah South - Abu Dhabi - United Arab Emirates,+971 56 406 0318
93,,,,,,,,
94,phone,shaheen-medical-centre-abu-dhabi,Shaheen Medical Centre,https://www.zavis.ai/directory/abu-dhabi/clinics/shaheen-medical-centre-abu-dhabi,Abu Dhabi,clinics,Al Falah St - Al Danah - Zone 1 - Abu Dhabi - United Arab Emirates,+971 2 641 1345
95,,,,,,,,
96,name,sarhad-medical-center-abu-dhabi,Sarhad Medical Center,https://www.zavis.ai/directory/abu-dhabi/clinics/sarhad-medical-center-abu-dhabi,Abu Dhabi,clinics,Street # 17 - Musaffah - M2 - Abu Dhabi - United Arab Emirates,+9712-5544887
97,phone,saba-medical-center-l-l-c-n-abu-dhabi,Saba Medical Center L.L.C N,https://www.zavis.ai/directory/abu-dhabi/clinics/saba-medical-center-l-l-c-n-abu-dhabi,Abu Dhabi,clinics,13 Al Jazzeem 2 St - Musaffah - M37 - Abu Dhabi - United Arab Emirates,+97125523300
98,name,right-choice-medical-center-abu-dhabi,Right Choice Medical Center,https://www.zavis.ai/directory/abu-dhabi/clinics/right-choice-medical-center-abu-dhabi,Abu Dhabi,clinics,Abu Dhabi Musaffah industrial area block - مصفح - مصفح 10 - أبو ظبي - United Arab Emirates,+97124917600
99,,,,,,,,
100,,,,,,,,
101,phone,tabibak-medical-clinic-l-l-c-s-p-c-abu-dhabi,Tabibak Medical Clinic,https://www.zavis.ai/directory/abu-dhabi/clinics/tabibak-medical-clinic-l-l-c-s-p-c-abu-dhabi,Abu Dhabi,clinics,Habshan - Abu Dhabi - United Arab Emirates,+971 2 884 8442
102,name,medstar-icad-medical-center-l-l-c-o-p-c-abu-dhabi,Medstar Icad Medical Center,https://www.zavis.ai/directory/abu-dhabi/clinics/medstar-icad-medical-center-l-l-c-o-p-c-abu-dhabi,Abu Dhabi,clinics,Musaffah - ICAD Residential city - Abu Dhabi - United Arab Emirates,+971 2 554 4212
103,,,,,,,,
104,phone,new-famous-medical-centre-l-l-c-abu-dhabi,New Famous Medical Centre,https://www.zavis.ai/directory/abu-dhabi/clinics/new-famous-medical-centre-l-l-c-abu-dhabi,Abu Dhabi,clinics,Musaffah - Mussafah 32/1 - Abu Dhabi - United Arab Emirates,+971 2 553 8040
105,phone,mubarak-medical-center-sole-proprietorship-l-l-c-branch-abu-dhabi,Mubarak Medical Center,https://www.zavis.ai/directory/abu-dhabi/clinics/mubarak-medical-center-sole-proprietorship-l-l-c-branch-abu-dhabi,Abu Dhabi,clinics,Al Eshosh Village - Jarn Yafour - Mafraq Industrial Area - Abu Dhabi - United Arab Emirates,+971 2 583 7772
106,phone,medline-medical-centre-l-l-c-abu-dhabi,Medline Medical Centre,https://www.zavis.ai/directory/abu-dhabi/clinics/medline-medical-centre-l-l-c-abu-dhabi,Abu Dhabi,clinics,14th St - Musaffah - M26 - Abu Dhabi - United Arab Emirates,+9712-5530577
107,phone,maxim-medical-centre-l-l-c-abu-dhabi,Maxim Medical Centre,https://www.zavis.ai/directory/abu-dhabi/clinics/maxim-medical-centre-l-l-c-abu-dhabi,Abu Dhabi,clinics,8FRF+7J6 - Musaffah - M43 - Abu Dhabi - United Arab Emirates,+97125500161
108,phone,m-26-medical-center-abu-dhabi,M 26 Medical Center,https://www.zavis.ai/directory/abu-dhabi/clinics/m-26-medical-center-abu-dhabi,Abu Dhabi,clinics,Musaffah - M26 - Abu Dhabi - United Arab Emirates,+971 2 886 7789
109,,,,,,,,
110,phone,falcon-pharmacy-l-l-c-abu-dhabi,Falcon Pharmacy,https://www.zavis.ai/directory/abu-dhabi/pharmacy/falcon-pharmacy-l-l-c-abu-dhabi,Abu Dhabi,pharmacy,"Industrial Sector 18, Saniya, Ghayathi - Opposite to Main Mosque - غياثي - غياثي الصناعية - أبو ظبي - United Arab Emirates",+971 2 874 3164
111,phone,abu-salman-medical-centre-l-l-c-abu-dhabi,Abu Salman Medical Centre,https://www.zavis.ai/directory/abu-dhabi/clinics/abu-salman-medical-centre-l-l-c-abu-dhabi,Abu Dhabi,clinics,"Mohamed Bin Zayed City, Abu Dhabi",+97125522549
112,phone,al-naseem-medicalcentre-l-l-c-abu-dhabi,AL Naseem Medicalcentre,https://www.zavis.ai/directory/abu-dhabi/clinics/al-naseem-medicalcentre-l-l-c-abu-dhabi,Abu Dhabi,clinics,"Abu Dhabi, Abu Dhabi",+97126399090
113,phone,al-qabail-medical-centre-l-l-c-l-l-c-abu-dhabi,AL Qabail Medical Centre,https://www.zavis.ai/directory/abu-dhabi/clinics/al-qabail-medical-centre-l-l-c-l-l-c-abu-dhabi,Abu Dhabi,clinics,Abu Dhabi - Musaffah - M33 - Abu Dhabi - United Arab Emirates,+97125575531
114,phone,providence-international-medical-cosmetic-center-l-l-c-abu-dhabi,Providence International Medical & Cosmetic Center,https://www.zavis.ai/directory/abu-dhabi/clinics/providence-international-medical-cosmetic-center-l-l-c-abu-dhabi,Abu Dhabi,clinics,Unnamed Road - Musaffah - M38 - Abu Dhabi - United Arab Emirates,+971 2 445 4867
115,,,,,,,,
116,phone,prime-care-medical-center-l-l-c-abu-dhabi,Prime Care Medical Center,https://www.zavis.ai/directory/abu-dhabi/clinics/prime-care-medical-center-l-l-c-abu-dhabi,Abu Dhabi,clinics,Mohamed Bin Zayed City - Mussafah Community - Abu Dhabi - United Arab Emirates,+971(971)-2-5538188
117,phone,dr-gupta-medical-center-l-l-c-abu-dhabi,DR Gupta Medical Center,https://www.zavis.ai/directory/abu-dhabi/clinics/dr-gupta-medical-center-l-l-c-abu-dhabi,Abu Dhabi,clinics,Zayed 2nd Street (Electra Road - الدانة - Zone 1 - أبو ظبي - United Arab Emirates,+97126337357
118,phone,high-life-medical-center-sole-proprietorship-l-l-c-abu-dhabi,High Life Medical Center,https://www.zavis.ai/directory/abu-dhabi/clinics/high-life-medical-center-sole-proprietorship-l-l-c-abu-dhabi,Abu Dhabi,clinics,Parco Mall - Al Istinarah St - Jarn Yafour - Al Mafraq Workers City - Abu Dhabi - United Arab Emirates,+971 2 585 0081
119,name,health-clear-medical-center-l-l-c-abu-dhabi,Health Clear Medical Center,https://www.zavis.ai/directory/abu-dhabi/clinics/health-clear-medical-center-l-l-c-abu-dhabi,Abu Dhabi,clinics,"Plot 85, Shop No 06 Musffah Industrial Area M - 13 10th St - Musaffah - M13 - Abu Dhabi - United Arab Emirates",+971 2 553 5582
120,name,golden-tulip-medical-centre-l-l-c-o-p-c-abu-dhabi,Golden Tulip Medical Centre,https://www.zavis.ai/directory/abu-dhabi/clinics/golden-tulip-medical-centre-l-l-c-o-p-c-abu-dhabi,Abu Dhabi,clinics,9F8P+5M4 - Musaffah - M17 - Abu Dhabi - United Arab Emirates,+97125556608
121,phone,freedom-medical-poly-clinic-l-l-c-abu-dhabi,Freedom Medical Poly Clinic,https://www.zavis.ai/directory/abu-dhabi/clinics/freedom-medical-poly-clinic-l-l-c-abu-dhabi,Abu Dhabi,clinics,Building No 4 - مصفح - مصفح 4 - أبو ظبي - United Arab Emirates,+9712-6336744
122,phone,cosmpolitan-medical-centre-sole-proprietorship-l-l-c-abu-dhabi,Cosmpolitan Medical Centre,https://www.zavis.ai/directory/abu-dhabi/clinics/cosmpolitan-medical-centre-sole-proprietorship-l-l-c-abu-dhabi,Abu Dhabi,clinics,"Abu Dhabi, Abu Dhabi",+97125555328
123,name,care-point-clinic-l-l-c-abu-dhabi,Care Point Clinic,https://www.zavis.ai/directory/abu-dhabi/clinics/care-point-clinic-l-l-c-abu-dhabi,Abu Dhabi,clinics,Jarn Yafour - Mafraq Industrial Area - Abu Dhabi - United Arab Emirates,+97126228383
124,phone,blue-ocean-medical-center-sole-proprietorship-l-l-c-abu-dhabi,Blue Ocean Medical Center,https://www.zavis.ai/directory/abu-dhabi/clinics/blue-ocean-medical-center-sole-proprietorship-l-l-c-abu-dhabi,Abu Dhabi,clinics,الراي - Mohamed Bin Zayed City - ME10 - Abu Dhabi - United Arab Emirates,+971 2 551 5590
125,phone,bab-al-madina-medical-center-l-l-c-abu-dhabi,Bab AL Madina Medical Center,https://www.zavis.ai/directory/abu-dhabi/clinics/bab-al-madina-medical-center-l-l-c-abu-dhabi,Abu Dhabi,clinics,Musaffah - M26 - Abu Dhabi - United Arab Emirates,+971(971)-2-6422464
126,,,,,,,,
127,phone,aster-primary-care-l-l-c-abu-dhabi,Aster Primary Care,https://www.zavis.ai/directory/abu-dhabi/clinics/aster-primary-care-l-l-c-abu-dhabi,Abu Dhabi,clinics,شارع ١٥ - Musaffah - M9 - Abu Dhabi - United Arab Emirates,+971 2 555 7078
128,name,al-wahda-medical-centre-abu-dhabi,AL Wahda Medical Centre,https://www.zavis.ai/directory/abu-dhabi/clinics/al-wahda-medical-centre-abu-dhabi,Abu Dhabi,clinics,"Abu Dhabi, Abu Dhabi",+97126418383
129,,,,,,,,
130,phone,al-dhafra-modern-medical-centre-abu-dhabi,AL Dhafra Modern Medical Centre,https://www.zavis.ai/directory/abu-dhabi/clinics/al-dhafra-modern-medical-centre-abu-dhabi,Abu Dhabi,clinics,Madinat Zayed - MZE16 - Abu Dhabi - United Arab Emirates,+971(971)-2-8846651
131,phone,express-ghayathi-medical-centre-l-l-c-o-p-c-abu-dhabi,Express Ghayathi Medical Centre,https://www.zavis.ai/directory/abu-dhabi/clinics/express-ghayathi-medical-centre-l-l-c-o-p-c-abu-dhabi,Abu Dhabi,clinics,4 Al Mawajeeb St - Ghiyathi - Ghayathi Industrial Area - Abu Dhabi - United Arab Emirates,+971(971)-2-8744430
132,name,al-amal-medical-centre-l-lc-abu-dhabi,AL Amal Medical Centre,https://www.zavis.ai/directory/abu-dhabi/clinics/al-amal-medical-centre-l-lc-abu-dhabi,Abu Dhabi,clinics,"Baniyas, Abu Dhabi",+97125832331
133,phone,baniyas-alahli-medical-centre-llc-abu-dhabi,Baniyas Alahli Medical Centre,https://www.zavis.ai/directory/abu-dhabi/clinics/baniyas-alahli-medical-centre-llc-abu-dhabi,Abu Dhabi,clinics,Behind Al MAdina Hupermarket - Musaffah - M37 - Abu Dhabi - United Arab Emirates,+97125510606
134,phone,star-al-ahalia-medical-center-l-l-c-abu-dhabi,Star AL Ahalia Medical Center,https://www.zavis.ai/directory/abu-dhabi/clinics/star-al-ahalia-medical-center-l-l-c-abu-dhabi,Abu Dhabi,clinics,"building no C76, near Gayathi market - غياثي - أبو ظبي - United Arab Emirates",+97128744677
135,name,eastern-alahili-medical-center-sole-proprietorship-l-l-c-branch-abu-dhabi,Eastern Alahili Medical Center,https://www.zavis.ai/directory/abu-dhabi/clinics/eastern-alahili-medical-center-sole-proprietorship-l-l-c-branch-abu-dhabi,Abu Dhabi,clinics,14 As Saddah 1 St - Musaffah - M2 - Abu Dhabi - United Arab Emirates,+97124442235
136,,,,,,,,
137,,,,,,,,
138,,,,,,,,
139,,,,,,,,
140,,,,,,,,
141,,,,,,,,
142,name,sheikh-khalifa-energy-clinic-adnoc-abu-dhabi,Sheikh Khalifa Energy Clinic-Adnoc,https://www.zavis.ai/directory/abu-dhabi/clinics/sheikh-khalifa-energy-clinic-adnoc-abu-dhabi,Abu Dhabi,clinics,Sheik Khalifa Energy Complex - 3 Khalifa Bin Zayed The First St - Al Danah - E9 01 - Abu Dhabi - United Arab Emirates,+971(971)-2-7071275
143,,,,,,,,
144,name,adnoc-onshore-medical-centre-abu-dhabi,ADNOC Onshore Medical Centre,https://www.zavis.ai/directory/abu-dhabi/clinics/adnoc-onshore-medical-centre-abu-dhabi,Abu Dhabi,clinics,CGC2+7V2 - Sas Al Nakhl - Abu Dhabi - United Arab Emirates,+97127071275
145,name,adnoc-hq-clinic-abu-dhabi,Adnoc HQ Clinic,https://www.zavis.ai/directory/abu-dhabi/clinics/adnoc-hq-clinic-abu-dhabi,Abu Dhabi,clinics,International Airport Road - CG93+RJQ - Sas Al Nakhl - Abu Dhabi - United Arab Emirates,+971 800 300
146,,,,,,,,
147,,,,,,,,
148,phone,das-hospital-abu-dhabi,Das Hospital,https://www.zavis.ai/directory/abu-dhabi/hospitals/das-hospital-abu-dhabi,Abu Dhabi,hospitals,4VWH+PM2 - Al Dhafra Islands - Das Island - Abu Dhabi - United Arab Emirates,+971 2 606 3500
149,name,zirku-medical-center-abu-dhabi,Zirku Medical Center,https://www.zavis.ai/directory/abu-dhabi/clinics/zirku-medical-center-abu-dhabi,Abu Dhabi,clinics,Al Dhafra Islands - Zarkuh Island - Abu Dhabi - United Arab Emirates,+97197127071275
150,,,,,,,,
151,name,arzanah-clinic-abu-dhabi,Arzanah Clinic,https://www.zavis.ai/directory/abu-dhabi/clinics/arzanah-clinic-abu-dhabi,Abu Dhabi,clinics,شارع ١٥ - Musaffah - M9 - Abu Dhabi - United Arab Emirates,+97197127071275
152,name,umm-al-dakh-clinic-abu-dhabi,Umm AL Dakh Clinic,https://www.zavis.ai/directory/abu-dhabi/clinics/umm-al-dakh-clinic-abu-dhabi,Abu Dhabi,clinics,Near SARAYA HALAB Restaurant - Zayed Bin Sultan St - Central District - Hai Al Hisn - Abu Dhabi - United Arab Emirates,+971(971)-2-7071275
153,name,alsseifiya-island-clinic-abu-dhabi,Alsseifiya Island Clinic,https://www.zavis.ai/directory/abu-dhabi/clinics/alsseifiya-island-clinic-abu-dhabi,Abu Dhabi,clinics,Abu Al Abyad Island - Abu Dhabi - United Arab Emirates,+971 2 606 3300
154,name,attouk-island-clinic-abu-dhabi,Attouk Island Clinic,https://www.zavis.ai/directory/abu-dhabi/clinics/attouk-island-clinic-abu-dhabi,Abu Dhabi,clinics,4VWH+MGX - Al Dhafra Islands - Das Island - Abu Dhabi - United Arab Emirates,+97197127071275
155,,,,,,,,
156,name,al-ghallan-island-clinic-abu-dhabi,Al Ghallan Island Clinic,https://www.zavis.ai/directory/abu-dhabi/clinics/al-ghallan-island-clinic-abu-dhabi,Abu Dhabi,clinics,59 Hamouda Bin Ali Al Dhaheri St - Al Maryah Island - MI2 - Abu Dhabi - United Arab Emirates,+97197127071275
157,name,alqatia-island-clinic-abu-dhabi,Alqatia Island Clinic,https://www.zavis.ai/directory/abu-dhabi/clinics/alqatia-island-clinic-abu-dhabi,Abu Dhabi,clinics,Abu Al Abyad Island - Abu Dhabi - United Arab Emirates,+971(971)-02-707133
158,,,,,,,,
159,name,umm-shaif-field-clinic-abu-dhabi,Umm Shaif Field Clinic,https://www.zavis.ai/directory/abu-dhabi/clinics/umm-shaif-field-clinic-abu-dhabi,Abu Dhabi,clinics,Um Alshuwaheen Street - Delma - Shabiat Delma - Abu Dhabi - United Arab Emirates,+971 56 409 1698
160,,,,,,,,
161,name,al-nasr-field-clinic-abu-dhabi,AL Nasr Field Clinic,https://www.zavis.ai/directory/abu-dhabi/clinics/al-nasr-field-clinic-abu-dhabi,Abu Dhabi,clinics,Al Ruwais Industrial City - Abu Dhabi - United Arab Emirates,+9712-7071275
162,name,umm-al-lulu-clinic-abu-dhabi,Umm AL Lulu Clinic,https://www.zavis.ai/directory/abu-dhabi/clinics/umm-al-lulu-clinic-abu-dhabi,Abu Dhabi,clinics,opp zafaranah park - 130 شارع الخَرَائِط - Al Sa`Adah - E48 - Abu Dhabi - United Arab Emirates,+9712-7071725
163,name,shah-general-clinic-abu-dhabi,Shah General Clinic,https://www.zavis.ai/directory/abu-dhabi/clinics/shah-general-clinic-abu-dhabi,Abu Dhabi,clinics,Madinat Zayed - MZE16 - Abu Dhabi - United Arab Emirates,+97197127071275
164,,,,,,,,
165,,,,,,,,
166,name,dabbayia-clinic-abu-dhabi,Dabbayia Clinic,https://www.zavis.ai/directory/abu-dhabi/clinics/dabbayia-clinic-abu-dhabi,Abu Dhabi,clinics,منطقة الدانة أ -شارع المرور - مدينة - 425 الطابق الرابع - مقابل مدينة زايد للذهب بناية صيدلية الهنداوى - Al Danah - E4 02 - Abu Dhabi - United Arab Emirates,+97197127071275
167,,,,,,,,
168,,,,,,,,
169,name,bida-al-oshanah-clinic-abu-dhabi,Bida Al Oshanah Clinic,https://www.zavis.ai/directory/abu-dhabi/clinics/bida-al-oshanah-clinic-abu-dhabi,Abu Dhabi,clinics,BAOB Admin BLDG. - حبشان - أبو ظبي - United Arab Emirates,+97197127071275
170,,,,,,,,
171,phone,doctor-atiqur-rahman-polyclinic-llc-abu-dhabi,Doctor Atiqur Rahman Polyclinic,https://www.zavis.ai/directory/abu-dhabi/clinics/doctor-atiqur-rahman-polyclinic-llc-abu-dhabi,Abu Dhabi,clinics,418 Eastern Rd - Al Danah - Zone 1 - Abu Dhabi - United Arab Emirates,+971 2 639 8331
172,phone,grow-glow-medclinic-sole-proprietorship-l-l-c-abu-dhabi,Grow & Glow Medclinic,https://www.zavis.ai/directory/abu-dhabi/clinics/grow-glow-medclinic-sole-proprietorship-l-l-c-abu-dhabi,Abu Dhabi,clinics,Al Sadirat St - Al Shahama - New Shahamah - Abu Dhabi - United Arab Emirates,+971 2 650 5388
173,name,a-b-c-plus-medical-center-abu-dhabi,A B C Plus Medical Center,https://www.zavis.ai/directory/abu-dhabi/clinics/a-b-c-plus-medical-center-abu-dhabi,Abu Dhabi,clinics,Jarn Yafour - Mafraq Industrial Area - Abu Dhabi - United Arab Emirates,+97126277655
174,phone,basel-medical-centre-l-l-c-abu-dhabi,Basel Medical Centre,https://www.zavis.ai/directory/abu-dhabi/clinics/basel-medical-centre-l-l-c-abu-dhabi,Abu Dhabi,clinics,AL MAFRAQ WORKERS CITY 2 - جرن يافور - المفرق الصناعية - أبو ظبي - United Arab Emirates,+97126316831
175,phone,home-health-medical-centre-l-l-c-abu-dhabi,Home Health Medical Centre,https://www.zavis.ai/directory/abu-dhabi/clinics/home-health-medical-centre-l-l-c-abu-dhabi,Abu Dhabi,clinics,"1st Floor, Bldg No 31 - 8GHM+48H - Shabiya 11، Mussafah - Mohamed Bin Zayed City - ME10 - Abu Dhabi - United Arab Emirates",+9712-5530162
176,phone,mariam-medical-center-l-l-c-abu-dhabi,Mariam Medical Center,https://www.zavis.ai/directory/abu-dhabi/clinics/mariam-medical-center-l-l-c-abu-dhabi,Abu Dhabi,clinics,2 Magenta Camp - Jarn Yafour - Al Mafraq Workers City - Abu Dhabi - United Arab Emirates,+9712-6214626
177,phone,health-time-medical-centre-sole-proprietorship-l-l-c-abu-dhabi,Health Time Medical Centre,https://www.zavis.ai/directory/abu-dhabi/clinics/health-time-medical-centre-sole-proprietorship-l-l-c-abu-dhabi,Abu Dhabi,clinics,Jarn Yafour - Mafraq Industrial Area - Abu Dhabi - United Arab Emirates,+971 2 642 5247
178,phone,apex-medical-centre-l-l-c-abu-dhabi,Apex Medical Centre,https://www.zavis.ai/directory/abu-dhabi/clinics/apex-medical-centre-l-l-c-abu-dhabi,Abu Dhabi,clinics,"Ghayathi New Industrial Area , Western Region - غياثي - صناعية غياثي الجديدة - أبو ظبي - United Arab Emirates",+971 2 650 0485
179,phone,indus-medical-centre-llc-abu-dhabi,Indus Medical Centre,https://www.zavis.ai/directory/abu-dhabi/clinics/indus-medical-centre-llc-abu-dhabi,Abu Dhabi,clinics,baniyas china camp worker city 2 - جرن يافور - المفرق الصناعية - أبو ظبي - United Arab Emirates,+97124467700
180,phone,al-kamal-medical-poly-clinics-l-l-c-abu-dhabi,Al Kamal Medical Poly Clinics,https://www.zavis.ai/directory/abu-dhabi/clinics/al-kamal-medical-poly-clinics-l-l-c-abu-dhabi,Abu Dhabi,clinics,"Abu Dhabi, Abu Dhabi",+97126651464
181,phone,ever-care-medical-center-abu-dhabi,Ever Care Medical Center,https://www.zavis.ai/directory/abu-dhabi/clinics/ever-care-medical-center-abu-dhabi,Abu Dhabi,clinics,Abu Dhabi - Musaffah - M17 - Abu Dhabi - United Arab Emirates,+971 2 445 7667
182,,,,,,,,
183,phone,hope-medical-center-llc-abu-dhabi,Hope Medical Center,https://www.zavis.ai/directory/abu-dhabi/clinics/hope-medical-center-llc-abu-dhabi,Abu Dhabi,clinics,1st floor gcc new office bldg - Naer Al jaber camp - plot no 384/ building - Jarn Yafour - Mafraq Industrial Area - Abu Dhabi - United Arab Emirates,+97197125551430
184,,,,,,,,
185,,,,,,,,
186,phone,specialized-dental-orthodontic-center-abu-dhabi,Specialized Dental & Orthodontic Center,https://www.zavis.ai/directory/abu-dhabi/dental/specialized-dental-orthodontic-center-abu-dhabi,Abu Dhabi,dental,Abu Dhabi - Al Mushrif - W24 01 - Abu Dhabi - United Arab Emirates,+97124439688
187,phone,pattaya-medical-centre-l-l-c-abu-dhabi,Pattaya Medical Centre,https://www.zavis.ai/directory/abu-dhabi/clinics/pattaya-medical-centre-l-l-c-abu-dhabi,Abu Dhabi,clinics,Zone 19 - Villa 268 Al Manhal St - Mohamed Bin Zayed City - Z19 - Abu Dhabi - United Arab Emirates,+971(971)-2-5530233
188,phone,sahara-medical-center-l-l-c-managed-by-llh-hospital-al-musaffah-l-l-c-abu-dhabi,Sahara Medical Center L.L.C Managed By Llh Hospital AL Musaffah,https://www.zavis.ai/directory/abu-dhabi/clinics/sahara-medical-center-l-l-c-managed-by-llh-hospital-al-musaffah-l-l-c-abu-dhabi,Abu Dhabi,clinics,"Musafah M44, Sector 16 - Musaffah - M44 - Abu Dhabi - United Arab Emirates",+97125556393
189,,,,,,,,
190,,,,,,,,
191,name,time-cure-medical-center-sole-proprietorship-l-l-c-abu-dhabi,Time Cure Medical Center,https://www.zavis.ai/directory/abu-dhabi/clinics/time-cure-medical-center-sole-proprietorship-l-l-c-abu-dhabi,Abu Dhabi,clinics,8FVW+MCW - Musaffah - M36 - Abu Dhabi - United Arab Emirates,+971(971)-2-5508998
192,phone,zen-life-poly-clinic-co-l-l-c-dubai,Zen Life Poly Clinic CO,https://www.zavis.ai/directory/dubai/clinics/zen-life-poly-clinic-co-l-l-c-dubai,Dubai,clinics,Emerald Jadaf Metro Building - Shop 3 - Al Jadaf - Jaddaf Waterfront - Dubai - United Arab Emirates,+971 4 254 1800
193,,,,,,,,
194,phone,vcare-polyclinic-llc-dubai,Vcare Polyclinic,https://www.zavis.ai/directory/dubai/clinics/vcare-polyclinic-llc-dubai,Dubai,clinics,"Nasmah Tower, Al Ittihad Road, AL NAHDA FIRST, Dubai",+971 4 265 4400
195,,,,,,,,
196,,,,,,,,
197,,,,,,,,
198,,,,,,,,
199,name,karama-medical-centre-br-dip-dubai,Karama Medical Centre(Br Dip),https://www.zavis.ai/directory/dubai/clinics/karama-medical-centre-br-dip-dubai,Dubai,clinics,Superjet tours LLC - Landmark: Right Health Park Better Life Pharmacy Br - Building - Shop 6 22 Street - opposite Parco Bus Stand - Mina Jebel Ali - Industrial 1 - Dubai - United Arab Emirates,+971 800 7400
200,,,,,,,,
201,name,karama-medical-centre-br-muhaisnah-dubai,Karama Medical Centre Br. Muhaisnah,https://www.zavis.ai/directory/dubai/clinics/karama-medical-centre-br-muhaisnah-dubai,Dubai,clinics,"Jiwin staff accomodation - block no. 19 - 8 28A Street - opp. Dubai Municipality, Sonapur - Muhaisanah Second - Muhaisanah 2 - Dubai - United Arab Emirates",+971 800 7400
202,,,,,,,,
203,name,karama-medical-centre-br-al-khail-gate-dubai,Karama Medical Centre Br. Al Khail Gate,https://www.zavis.ai/directory/dubai/clinics/karama-medical-centre-br-al-khail-gate-dubai,Dubai,clinics,West Zone Mall Al Khail Gate Dubai - 13 11B St - القوز الصناعية الثانية - القوز - دبي - United Arab Emirates,+971 800 7400
204,,,,,,,,
205,,,,,,,,
206,,,,,,,,
207,,,,,,,,
208,,,,,,,,
209,,,,,,,,
210,,,,,,,,
211,,,,,,,,
212,,,,,,,,
213,,,,,,,,
214,,,,,,,,
215,name,al-azhar-clinic-llc-4-dubai,Al Azhar Clinic llc 4,https://www.zavis.ai/directory/dubai/clinics/al-azhar-clinic-llc-4-dubai,Dubai,clinics,"XPO Mall, 91 Street, JABAL ALI INDUSTRIAL SECOND, Dubai",+971 800 7400
216,name,remedy-plus-medical-clinic-llc-dubai,Remedy Plus Medical Clinic,https://www.zavis.ai/directory/dubai/clinics/remedy-plus-medical-clinic-llc-dubai,Dubai,clinics,"remedy, 44 Street 21a, AL QOUZ FIRST, Dubai",+971 56 749 9337
217,phone,re-leaf-medical-centre-l-l-c-dubai,Re Leaf Medical Centre,https://www.zavis.ai/directory/dubai/clinics/re-leaf-medical-centre-l-l-c-dubai,Dubai,clinics,"Fakhree Centre LLC, 53 Street, DUBAI INVESTMENT PARK SECOND, Dubai",+971 4 881 4918
218,,,,,,,,
219,,,,,,,,
220,,,,,,,,
221,,,,,,,,
222,,,,,,,,
223,phone,citicare-medical-center-llc-dubai,Citicare Medical Center,https://www.zavis.ai/directory/dubai/clinics/citicare-medical-center-llc-dubai,Dubai,clinics,"Al Salam Building, Al Barsha South Third Arjan - 368V+MF9 - Arjan Exit Rd - near Miracle Garden - البرشاء جنوب الثالثة - جنوب البرشاء - دبي - United Arab Emirates",+971 4 770 0948
224,phone,novitas-clinic-llc-dubai,Novitas Clinic,https://www.zavis.ai/directory/dubai/clinics/novitas-clinic-llc-dubai,Dubai,clinics,"PRIME RESIDENSE 2, gg, WARSAN FIRST, Dubai",+971 4 569 3389
225,,,,,,,,
226,,,,,,,,
227,phone,bait-al-shifaa-pharmacy-ltd-dubai-branch-dubai-2,Bait AL Shifaa Pharmacy LTD Dubai,https://www.zavis.ai/directory/dubai/pharmacy/bait-al-shifaa-pharmacy-ltd-dubai-branch-dubai-2,Dubai,pharmacy,"Dp World Clinic,Jebal Ali Free Zone, 811 Street, Jafza + ( Jebeel Ali  Housing Scheme), Dubai",+971 4 881 7530
228,,,,,,,,
229,name,zahrat-al-shefa-medical-centre-llc-dubai,Zahrat Al Shefa Medical Centre,https://www.zavis.ai/directory/dubai/clinics/zahrat-al-shefa-medical-centre-llc-dubai,Dubai,clinics,28th St - Muhaisanah Second - Muhaisanah 2 - Dubai - United Arab Emirates,+971 50 227 1354
230,,,,,,,,
231,,,,,,,,
232,,,,,,,,
233,phone,noor-al-shefaa-pharmacy-llc-dubai,Noor Al Shefaa Pharmacy,https://www.zavis.ai/directory/dubai/pharmacy/noor-al-shefaa-pharmacy-llc-dubai,Dubai,pharmacy,"Abnaa Omar Obaid Al Majid  Naif Road, Al Rasheed Street 165, AL MURAR, Dubai",+971 4 880 8856
234,phone,new-al-musalla-medical-centre-dubai,New Al Musalla Medical Centre,https://www.zavis.ai/directory/dubai/clinics/new-al-musalla-medical-centre-dubai,Dubai,clinics,"Awqaf Musjid Building  Muhaisnah 2  Dubai, 27a Street, MUHAISANAH FIRST, Dubai",+971 4 264 1449
235,name,najmat-al-shifa-medical-center-llc-dubai,Najmat AL Shifa Medical Center,https://www.zavis.ai/directory/dubai/clinics/najmat-al-shifa-medical-center-llc-dubai,Dubai,clinics,"Y 21, England Y St 21, WARSAN FIRST, Dubai",+971 52 813 1848
236,,,,,,,,
237,,,,,,,,
238,name,medilife-polyclinic-llc-dubai,Medilife Polyclinic,https://www.zavis.ai/directory/dubai/clinics/medilife-polyclinic-llc-dubai,Dubai,clinics,Al Ameed Plaza - Al Qouz Fourth - Al Quoz - Dubai - United Arab Emirates,+971 52 629 5999
239,,,,,,,,
240,name,new-medilife-medical-centre-llc-dubai,New Medilife Medical Centre,https://www.zavis.ai/directory/dubai/clinics/new-medilife-medical-centre-llc-dubai,Dubai,clinics,"Hardware 7 Building Material Market Mall, Ras Alkhor road , WARSAN THIRD, Dubai",+971 4 288 8315
241,phone,live-care-clinic-l-l-c-dubai,Live Care Clinic,https://www.zavis.ai/directory/dubai/clinics/live-care-clinic-l-l-c-dubai,Dubai,clinics,Jebel Ali Industrial Area - Dubai - United Arab Emirates,+971 4 884 8848
242,name,lifenity-international-advanced-poly-clinic-dubai,Lifenity International Advanced poly Clinic,https://www.zavis.ai/directory/dubai/clinics/lifenity-international-advanced-poly-clinic-dubai,Dubai,clinics,"Shop No. 2, JMS Building - 19A St - النهدة الثانية - النهدة - دبي - United Arab Emirates",+971 4 321 6964
243,name,lifenity-international-advanced-polyclinic-llc-branch-dubai,Lifenity International Advanced Polyclinic,https://www.zavis.ai/directory/dubai/clinics/lifenity-international-advanced-polyclinic-llc-branch-dubai,Dubai,clinics,"Shop No - 5, Elite Business Centre - opp. Lulu Hypermarket - البرشاء الأولى - البرشاء - دبي - United Arab Emirates",+971 4 321 6964
244,,,,,,,,
245,,,,,,,,
246,phone,kims-medical-centre-dubai,Kims Medical Centre,https://www.zavis.ai/directory/dubai/clinics/kims-medical-centre-dubai,Dubai,clinics,Next to Abu Baker Al Siddique metro Station - Salah Al Din St - Hor Al Anz - Deira - Dubai - United Arab Emirates,+971 4 262 4500
247,phone,jupiter-al-nahda-polyclinic-dubai,Jupiter Al Nahda Polyclinic,https://www.zavis.ai/directory/dubai/clinics/jupiter-al-nahda-polyclinic-dubai,Dubai,clinics,19 A Street - 79WG+F82 - Aman Street، Al Nahda 2 - 19A St - Al Nahda Second - Al Nahda - Dubai - United Arab Emirates,+971 4 234 4429
248,name,jupiter-al-qusais-polyclinic-llc-dubai,Jupiter Al Qusais Polyclinic,https://www.zavis.ai/directory/dubai/clinics/jupiter-al-qusais-polyclinic-llc-dubai,Dubai,clinics,"No. 207 Second Floor, Al Mazoon Bldg, Damascus Road, Al Qusais - Al Twar 5 - Dubai - United Arab Emirates",+971 4 263 0987
249,phone,jupiter-specialty-medical-center-llc-dubai,Jupiter Specialty Medical Center,https://www.zavis.ai/directory/dubai/clinics/jupiter-specialty-medical-center-llc-dubai,Dubai,clinics,"Next to Al Karama Metro Station’s Exit #2 to Mankhool, Dubai- U.A.E. Fax: 04-3866331, 123047 - Al Karama Metro Footbridge - المنخول - دبي - United Arab Emirates",+971 4 386 6330
250,,,,,,,,
251,,,,,,,,
252,phone,al-amal-polyclinic-dubai,Al Amal Polyclinic,https://www.zavis.ai/directory/dubai/clinics/al-amal-polyclinic-dubai,Dubai,clinics,"1713 Al Shamsi, 17 Street 2, Al Satwa, Dubai",+971 4 332 9833
253,,,,,,,,
254,phone,falcon-medical-clinic-dubai,Falcon Medical Clinic,https://www.zavis.ai/directory/dubai/clinics/falcon-medical-clinic-dubai,Dubai,clinics,775V+X73 - Khalid Bin Al Waleed Road (Computer Street) - Al Souq Al Kabeer - Al Fahidi - Dubai - United Arab Emirates,+971 4 355 4352
255,phone,al-rashidiyah-private-poly-clinic-dubai,Al Rashidiyah Private Poly Clinic,https://www.zavis.ai/directory/dubai/clinics/al-rashidiyah-private-poly-clinic-dubai,Dubai,clinics,"No.9, Rta Multistorey Parking Building, Al Falah Street, AL SUQ AL KABEER, Dubai",+971 4 393 9383
256,phone,neuroactive-healthhub-medical-center-llc-dubai,Neuroactive Healthhub Medical Center,https://www.zavis.ai/directory/dubai/clinics/neuroactive-healthhub-medical-center-llc-dubai,Dubai,clinics,"Pinnacle Building, 46 Street, AL BARSHA FIRST, Dubai",+971 4 393 6211
257,phone,al-mashaher-medical-centre-dubai,Al Mashaher Medical Centre,https://www.zavis.ai/directory/dubai/clinics/al-mashaher-medical-centre-dubai,Dubai,clinics,"Shop No.2, 24 Street 18, MUHAISANAH SECOND, Dubai",+971 4 263 3309
258,,,,,,,,
259,phone,al-falah-medical-clinic-dubai,Al Falah Medical Clinic,https://www.zavis.ai/directory/dubai/clinics/al-falah-medical-clinic-dubai,Dubai,clinics,"169 Abdul Rahim Ahmed, 16 Street 40, AYAL NASIR, Dubai",+971 4 271 7223
260,phone,sekher-medical-clinic-dubai,Sekher Medical Clinic,https://www.zavis.ai/directory/dubai/clinics/sekher-medical-clinic-dubai,Dubai,clinics,"Arabian Gulf Trading Co. Bldg, Latifa Bint Hamdan Street, AL QOUZ INDUSTRIAL THIRD, Dubai",+971 4 338 7749
261,,,,,,,,
262,,,,,,,,
263,phone,abris-medical-centre-llc-dubai,Abris Medical Centre,https://www.zavis.ai/directory/dubai/clinics/abris-medical-centre-llc-dubai,Dubai,clinics,"Meena Bazar New Building, Al Fahidi Street 5, AL SUQ AL KABEER, Dubai",+971 4 353 5356
264,phone,al-dhafra-medical-center-dubai,Al Dhafra Medical Center,https://www.zavis.ai/directory/dubai/clinics/al-dhafra-medical-center-dubai,Dubai,clinics,"186 Awqaf Bld., Naif, AYAL NASIR, Dubai",+971 4 273 5959
265,phone,al-majid-clinic-llc-dubai,Al Majid Clinic,https://www.zavis.ai/directory/dubai/clinics/al-majid-clinic-llc-dubai,Dubai,clinics,"Al Nahar Building, Naif Road 232, Naif, Dubai",+971 4 229 2030
266,phone,dr-radakrishnan-medical-centre-dubai,Dr. Radakrishnan Medical Centre,https://www.zavis.ai/directory/dubai/clinics/dr-radakrishnan-medical-centre-dubai,Dubai,clinics,"1893 Mohd Ghanem Abdulla Al Falasi, Abu Baker Al Siddique Road 123, HOR AL ANZ, Dubai",+971 4 265 9270
267,phone,ali-medical-center-dubai,Ali Medical Center,https://www.zavis.ai/directory/dubai/clinics/ali-medical-center-dubai,Dubai,clinics,"181 Sh.Hasher, Naif, Naif, Dubai",+971 4 224 6566
268,,,,,,,,
269,,,,,,,,
270,,,,,,,,
271,,,,,,,,
272,,,,,,,,
273,,,,,,,,
274,phone,care-one-poly-clinic-llc-dubai,Care One Poly Clinic,https://www.zavis.ai/directory/dubai/clinics/care-one-poly-clinic-llc-dubai,Dubai,clinics,Dubai Investment Park - 1 - Dubai Investment Park First - Dubai - United Arab Emirates,+971 4 883 6656
275,name,nasser-clinic-llc-dubai,Nasser Clinic,https://www.zavis.ai/directory/dubai/clinics/nasser-clinic-llc-dubai,Dubai,clinics,"AL GHAZAL BUILDING, Damascus Street 260/2, AL QUSAIS SECOND, Dubai",+971 4 220 3111
276,,,,,,,,
277,phone,globehealth-general-clinic-l-l-c-dubai,Globehealth General Clinic,https://www.zavis.ai/directory/dubai/clinics/globehealth-general-clinic-l-l-c-dubai,Dubai,clinics,"Flat # 111, First Floor, Emirates Islamic Bank Building - شارع الثاني من ديسمبر‎ - السطوة - دبي - United Arab Emirates",+971 4 346 4180
278,name,pakistan-medical-center-dubai,Pakistan Medical Center,https://www.zavis.ai/directory/dubai/clinics/pakistan-medical-center-dubai,Dubai,clinics,"Pakistan Association Dubai, شارع 11ب 12, OUD METHA, Dubai",+971 4 230 5000
279,,,,,,,,
280,phone,wellcare-advanced-poly-clinic-l-l-c-dubai,Wellcare Advanced Poly Clinic,https://www.zavis.ai/directory/dubai/clinics/wellcare-advanced-poly-clinic-l-l-c-dubai,Dubai,clinics,Al Rostamani - Al Quoz Street - Al Qouz Third - Al Quoz - Dubai - United Arab Emirates,+971 4 328 5130
281,name,best-health-medical-center-l-l-c-dubai,Best Health Medical Center,https://www.zavis.ai/directory/dubai/clinics/best-health-medical-center-l-l-c-dubai,Dubai,clinics,42nd St - Muhaisanah Fourth - Muhaisnah 4 - Dubai - United Arab Emirates,+971 4 410 4949
282,phone,al-taif-medical-centre-dubai,Al Taif Medical Centre,https://www.zavis.ai/directory/dubai/clinics/al-taif-medical-centre-dubai,Dubai,clinics,"668 Haji Mohd Mubarak, Naif Road, Naif, Dubai",+971 4 222 2383
283,phone,lakeshore-medical-center-dubai,Lakeshore Medical Center,https://www.zavis.ai/directory/dubai/clinics/lakeshore-medical-center-dubai,Dubai,clinics,Al Bustan Center - Al Qusais - Al Qusais 1 - Dubai - United Arab Emirates,+971 4 264 9312
284,phone,dr-reena-beegum-clinic-dubai,Dr. Reena Beegum Clinic,https://www.zavis.ai/directory/dubai/clinics/dr-reena-beegum-clinic-dubai,Dubai,clinics,"D26&D27, Al Wasl District, Next Azhar Al Madeena supermarket - NEXT MANGO HYPERMARKET - old شارع مستشفى المكتوم - نايف - ديرة - دبي - United Arab Emirates",+971 4 224 0060
285,name,doctors-clinic-diagnostic-centre-fz-llc-dubai,Doctors Clinic Diagnostic Centre,https://www.zavis.ai/directory/dubai/labs-diagnostics/doctors-clinic-diagnostic-centre-fz-llc-dubai,Dubai,labs-diagnostics,"Location Type: Building, Phase: One, Building: 64-Block A , Floor: Ground, Unit Number: 03R1 - 03R3, Oud Metha Road 265, Dubai Healthcare City, Dubai",+971 50 970 3884
286,,,,,,,,
287,phone,medlite-medical-center-dubai,Medlite Medical Center,https://www.zavis.ai/directory/dubai/clinics/medlite-medical-center-dubai,Dubai,clinics,"Riviera Dreams, Warsan, WARSAN FIRST, Dubai",+971 4 458 5859
288,,,,,,,,
289,name,physioveda-medical-center-l-l-c-branch-dubai,Physioveda Medical Center,https://www.zavis.ai/directory/dubai/physiotherapy/physioveda-medical-center-l-l-c-branch-dubai,Dubai,physiotherapy,"Kanoo Group al kifaf building, Kanoo, Al Karama, Dubai",+971 800 8332
290,name,med-one-medical-center-llc-dubai,Med One Medical Center,https://www.zavis.ai/directory/dubai/clinics/med-one-medical-center-llc-dubai,Dubai,clinics,"Al Fatten Building, شارع 3أ 3, AL QUSAIS SECOND, Dubai",+971 56 959 5777
291,name,absolute-wellness-medical-centre-llc-dubai,Absolute Wellness Medical Centre,https://www.zavis.ai/directory/dubai/clinics/absolute-wellness-medical-centre-llc-dubai,Dubai,clinics,"SALMAN EBRAHIM, 12 Street 41, AL QOUZ INDUSTRIAL THIRD, Dubai",+971 54 206 8485
292,,,,,,,,
293,phone,clinicare-samari-br-of-imara-health-care-llc-dubai,Clinicare Samari,https://www.zavis.ai/directory/dubai/clinics/clinicare-samari-br-of-imara-health-care-llc-dubai,Dubai,clinics,"Samari Retail Building  R -1008 -1, ras al khor, RAS AL KHOR INDUSTRIAL THIRD, Dubai",+971 4 332 2682
294,phone,clinicare-br-of-imara-health-care-llc-dubai,Clinicare,https://www.zavis.ai/directory/dubai/clinics/clinicare-br-of-imara-health-care-llc-dubai,Dubai,clinics,"Suit 301, Mozna Building, Next to Al Nahda metro station - القصيص - الطوار الرابعة - دبي - United Arab Emirates",+971 4 261 7175
295,,,,,,,,
296,name,houston-medical-clinic-l-l-c-branch-dubai,Houston Medical Clinic,https://www.zavis.ai/directory/dubai/clinics/houston-medical-clinic-l-l-c-branch-dubai,Dubai,clinics,"Elite Buisness Centre , First Floor 101- 102 - opposite Lulu Hypermarket - البرشاء الأولى - البرشاء - دبي - United Arab Emirates",+971 4 388 7456
297,,,,,,,,
298,phone,cosmopolitan-medical-centre-dubai,Cosmopolitan Medical Centre,https://www.zavis.ai/directory/dubai/clinics/cosmopolitan-medical-centre-dubai,Dubai,clinics,"Abdulla Al Haj Hassan Mohd Fadhlani, Al Fahidi Street 5, AL RAFFA, Dubai",+971 4 325 7457
299,,,,,,,,
300,,,,,,,,
301,,,,,,,,
302,,,,,,,,
303,,,,,,,,
304,name,gsm-medical-center-llc-dubai,Gsm Medical Center,https://www.zavis.ai/directory/dubai/clinics/gsm-medical-center-llc-dubai,Dubai,clinics,Muaded Almazrouei Bdlg - 1st floor - Al Satwa Rd - near Satwa Roundabout - Al Satwa - Dubai - United Arab Emirates,+971 800 47662
305,name,grand-infinity-medical-center-llc-branch-dubai,Grand Infinity Medical Center,https://www.zavis.ai/directory/dubai/clinics/grand-infinity-medical-center-llc-branch-dubai,Dubai,clinics,Shop no.4 - Street - next to Grand Excelsior Hotel - Al Muteena - Deira - Dubai - United Arab Emirates,+971 4 262 1791
306,name,bright-life-medical-center-llc-dubai,Bright Life Medical Center,https://www.zavis.ai/directory/dubai/clinics/bright-life-medical-center-llc-dubai,Dubai,clinics,مجمع دبي للإستثمار 2 - 40 Street - above Landmark Restaurant - Dubai Investment Park Second - Dubai - United Arab Emirates,+971 54 998 5795
307,phone,good-will-clinic-llc-dubai,Good Will Clinic,https://www.zavis.ai/directory/dubai/clinics/good-will-clinic-llc-dubai,Dubai,clinics,Jebel Ali Industrial Area - Dubai - United Arab Emirates,+971 4 884 8777
308,name,faith-jabal-medical-center-l-l-c-dubai,Faith Jabal Medical Center,https://www.zavis.ai/directory/dubai/clinics/faith-jabal-medical-center-l-l-c-dubai,Dubai,clinics,2464+3C4 - Mena Jabal Ali - Jabal Ali Industrial First - Dubai - United Arab Emirates,+971 50 566 7923
309,name,lotus-medical-center-l-l-c-dubai,Lotus Medical Center,https://www.zavis.ai/directory/dubai/clinics/lotus-medical-center-l-l-c-dubai,Dubai,clinics,"Al Rostamani - Building, Al Qiyada Building - 2 Al Quoz St - القوز الثالثة - القوز - دبي - United Arab Emirates",+971 4 430 0012
310,name,medze-clinic-l-l-c-dubai,Medze Clinic,https://www.zavis.ai/directory/dubai/clinics/medze-clinic-l-l-c-dubai,Dubai,clinics,"THE CENTRE RESIDENCE, Abu Baker Al Siddique Road 98, Al Muteena, Dubai",+971 4 570 0012
311,phone,new-lotus-medical-center-l-l-c-dubai,New Lotus Medical Center,https://www.zavis.ai/directory/dubai/clinics/new-lotus-medical-center-l-l-c-dubai,Dubai,clinics,"Al Qusais Building, Damascus Street 253, AL QUSAIS FIRST, Dubai",+971 4 261 9795
312,phone,dr-sunny-medical-centre-dubai,DR Sunny Medical Centre,https://www.zavis.ai/directory/dubai/clinics/dr-sunny-medical-centre-dubai,Dubai,clinics,Office No. M7 Al Saleem Mall - منطقة جبل علي الصناعية - دبي - United Arab Emirates,+971 4 252 9966
313,phone,dr-sirajuddin-medical-centre-dubai,Dr Sirajuddin Medical Centre,https://www.zavis.ai/directory/dubai/clinics/dr-sirajuddin-medical-centre-dubai,Dubai,clinics,Dr. Sirajudeen Medical Centre - 45B St - Al Karama - Dubai - United Arab Emirates,+971 4 334 5955
314,phone,new-apollo-polyclinic-l-l-c-dubai,New Apollo Polyclinic,https://www.zavis.ai/directory/dubai/clinics/new-apollo-polyclinic-l-l-c-dubai,Dubai,clinics,"263 Al Karama Center Bldg., Al Karama, Al Karama, Dubai",+971 4 337 9040
315,phone,dr-sanjay-medical-centre-dubai,Dr. Sanjay Medical Centre,https://www.zavis.ai/directory/dubai/clinics/dr-sanjay-medical-centre-dubai,Dubai,clinics,Latifa Bint Hamdan Street - Al Khail Mall - SECOND FLOOR - Al Qouz Fourth - Al Quoz - Dubai - United Arab Emirates,+971 4 328 5999
316,phone,dr-ismail-day-surgical-centre-dubai,Dr Ismail Day Surgical Centre,https://www.zavis.ai/directory/dubai/clinics/dr-ismail-day-surgical-centre-dubai,Dubai,clinics,"Wasl Hub, Al Wasl Building, 41 Street 12, Al Karama, Dubai",+971 4 337 8585
317,name,dr-ismail-medical-center-dubai,Dr. Ismail Medical Center,https://www.zavis.ai/directory/dubai/clinics/dr-ismail-medical-center-dubai,Dubai,clinics,39 1 - 39/1 26th St - Al Qouz Ind.second - Al Quoz - Dubai - United Arab Emirates,+971 4 338 1550
318,phone,dr-ismail-new-polyclinic-dubai,Dr Ismail New Polyclinic,https://www.zavis.ai/directory/dubai/clinics/dr-ismail-new-polyclinic-dubai,Dubai,clinics,Building # 12 - Street NO.1 Sheikh Zayed Rd - Jebel Ali Village - Discovery Gardens - Dubai - United Arab Emirates,+971 4 449 4087
319,,,,,,,,
320,phone,dr-ismail-polyclinic-mall-br-of-dr-ismail-polyclinic-dubai,DR Ismail Polyclinic Mall BR OF DR. Ismail Polyclinic,https://www.zavis.ai/directory/dubai/clinics/dr-ismail-polyclinic-mall-br-of-dr-ismail-polyclinic-dubai,Dubai,clinics,"first Floor, Gate Mall - Shop 22 - Mina Jebel Ali - Jabal Ali Industrial First - Dubai - United Arab Emirates",+971 4 347 4537
321,name,dr-abdulla-s-clinic-dubai,Dr.Abdulla S Clinic,https://www.zavis.ai/directory/dubai/clinics/dr-abdulla-s-clinic-dubai,Dubai,clinics,"Mona Residence, Amman Street, AL QUSAIS INDUSTRIAL FIFTH, Dubai",+971 58 503 6360
322,phone,dr-ismail-day-surgical-centre-dubai,Dr Ismail Day Surgical Centre,https://www.zavis.ai/directory/dubai/clinics/dr-ismail-day-surgical-centre-dubai,Dubai,clinics,"Wasl Hub, Al Wasl Building, 41 Street 12, Al Karama, Dubai",+971 4 337 8585
323,phone,care-and-cure-medical-center-llc-dubai,Care And Cure Medical Center,https://www.zavis.ai/directory/dubai/clinics/care-and-cure-medical-center-llc-dubai,Dubai,clinics,Unnamed Road - Al QuozAl - 564X+8CW - القوز الثالثة - القوز - دبي - United Arab Emirates,+971 4 339 9162
324,phone,brite-medicare-medical-center-l-l-c-dubai,Brite Medicare Medical Center,https://www.zavis.ai/directory/dubai/clinics/brite-medicare-medical-center-l-l-c-dubai,Dubai,clinics,403 - SUNDOS AL NAHDA BUILDING - النهدة الثانية - النهدة - دبي - United Arab Emirates,+971 4 546 3535
325,,,,,,,,
326,phone,blue-bell-medical-centre-llc-dubai,Blue Bell Medical Centre,https://www.zavis.ai/directory/dubai/clinics/blue-bell-medical-centre-llc-dubai,Dubai,clinics,"Al attar business centre, 3rd floor - Al Karama Metro Footbridge Landside - next to Al Karama Metro Footbridge - station - Dubai - United Arab Emirates",+971 4 342 6565
327,,,,,,,,
328,phone,medlite-medical-center-dubai,Medlite Medical Center,https://www.zavis.ai/directory/dubai/clinics/medlite-medical-center-dubai,Dubai,clinics,"Riviera Dreams, Warsan, WARSAN FIRST, Dubai",+971 4 458 5859
329,phone,badr-al-samaa-medical-centre-dubai,Badr Al Samaa Medical Centre,https://www.zavis.ai/directory/dubai/clinics/badr-al-samaa-medical-centre-dubai,Dubai,clinics,"Esag Al Musalla Building, Sabah Al Ahmed Al Jaber Al Sabah Street 71, MANKHOOL, Dubai",+971 4 357 8681
330,,,,,,,,
331,name,axon-medica-polyclinic-br-of-axon-medica-investment-management-l-l-c-dubai,Axon Medica Polyclinic,https://www.zavis.ai/directory/dubai/clinics/axon-medica-polyclinic-br-of-axon-medica-investment-management-l-l-c-dubai,Dubai,clinics,"Union Co-operative Building, Rashidiya Central Market - 33A St - next to Rashidiya Police Station - Al Rashidiya - Dubai - United Arab Emirates",+971 4 285 9880
332,,,,,,,,
333,,,,,,,,
334,phone,doctors-clinic-llc-dubai,Doctors Clinic,https://www.zavis.ai/directory/dubai/clinics/doctors-clinic-llc-dubai,Dubai,clinics,12 Al Maktoum Hospital Rd - Al Rigga - Dubai - United Arab Emirates,+971 4 224 6688
335,,,,,,,,
336,,,,,,,,
337,,,,,,,,
338,,,,,,,,
339,name,al-shaab-medical-centre-dubai,Al Shaab Medical Centre,https://www.zavis.ai/directory/dubai/clinics/al-shaab-medical-centre-dubai,Dubai,clinics,"1233 Al Bader, 30b Street 52/2, HOR AL ANZ EAST, Dubai",+971 4 440 0500
340,,,,,,,,
341,,,,,,,,
342,,,,,,,,
343,,,,,,,,
344,,,,,,,,
345,,,,,,,,
346,,,,,,,,
347,,,,,,,,
348,phone,access-clinic-alqouz-br-of-dm-healthcare-llc-dubai,Access Clinic Alqouz,https://www.zavis.ai/directory/dubai/clinics/access-clinic-alqouz-br-of-dm-healthcare-llc-dubai,Dubai,clinics,"Al Arif Contracting Co LLC, al Qouz, AL QOUZ INDUSTRIAL THIRD, Dubai",+971 4 321 7544
349,phone,aster-gp-clinic-burdubai-br-of-dm-healthcare-llc-dubai,Aster Gp Clinic Burdubai,https://www.zavis.ai/directory/dubai/clinics/aster-gp-clinic-burdubai-br-of-dm-healthcare-llc-dubai,Dubai,clinics,"Building, Burj Al Ghubaiba - Road - near Ghubaiba Bus station - Al Souq Al Kabeer - Dubai - United Arab Emirates",+971 4 352 7300
350,name,access-clinic-dip-br-of-dm-healthcare-llc-dubai,Access Clinic Dip,https://www.zavis.ai/directory/dubai/clinics/access-clinic-dip-br-of-dm-healthcare-llc-dubai,Dubai,clinics,"Jabal Ali Shopping Center, 59 Street, DUBAI INVESTMENT PARK FIRST, Dubai",+971 4 883 3028
351,phone,access-clinic-international-city-br-of-dh-healthca-dubai,Access Clinic International City,https://www.zavis.ai/directory/dubai/clinics/access-clinic-international-city-br-of-dh-healthca-dubai,Dubai,clinics,"Morocco Cluster, gg, WARSAN FIRST, Dubai",+971 4 360 6587
352,,,,,,,,
353,phone,access-clinic-persia-cluster-br-of-dm-healthcare-l-dubai,Access Clinic Persia Cluster,https://www.zavis.ai/directory/dubai/clinics/access-clinic-persia-cluster-br-of-dm-healthcare-l-dubai,Dubai,clinics,"Mazhar Ali Chawla Bld, Persia N 3, WARSAN FIRST, Dubai",+971 4 552 0139
354,phone,access-clinic-sonapur-br-of-dm-healthcare-llc-dubai,Access Clinic Sonapur,https://www.zavis.ai/directory/dubai/clinics/access-clinic-sonapur-br-of-dm-healthcare-llc-dubai,Dubai,clinics,"Sameya Khalifa Mohd Alfuqaei, 24 Street 12, MUHAISANAH SECOND, Dubai",+971 4 251 0266
355,phone,access-clinic-sonapur-2-br-of-dm-healthcare-llc-dubai,Access Clinic Sonapur 2,https://www.zavis.ai/directory/dubai/clinics/access-clinic-sonapur-2-br-of-dm-healthcare-llc-dubai,Dubai,clinics,"Harib Juma Mohd Saeed Bin Subaih Al Falasi, 32a Street 72, MUHAISANAH SECOND, Dubai",+971 4 263 7279
356,,,,,,,,
357,phone,dr-koya-clinic-dubai,Dr. Koya Clinic,https://www.zavis.ai/directory/dubai/clinics/dr-koya-clinic-dubai,Dubai,clinics,Naif Rd - opposite Souk Al Wasl - Naif - Deira - Dubai - United Arab Emirates,+971 4 222 5854
358,name,access-clinic-dic-br-dm-healthcare-llc-dubai,Access Clinic Dic Br Dm Healthcare,https://www.zavis.ai/directory/dubai/clinics/access-clinic-dic-br-dm-healthcare-llc-dubai,Dubai,clinics,"Sapphire Mall, saih Shaib , SAIH SHUAIB 1, Dubai",+971 4 589 6619
359,,,,,,,,
360,name,armada-medical-centre-dubai,Armada Medical Centre,https://www.zavis.ai/directory/dubai/clinics/armada-medical-centre-dubai,Dubai,clinics,Level 19 Armada Tower 2 Jumeirah Lake Towers - Sheikh Zayed Rd - Al Thanyah Fifth - Jumeirah Lakes Towers - Dubai - United Arab Emirates,+971 4 399 0022
361,,,,,,,,
362,phone,anaya-medical-center-l-l-c-dubai,Anaya Medical Center,https://www.zavis.ai/directory/dubai/clinics/anaya-medical-center-l-l-c-dubai,Dubai,clinics,"First Floor, Farnek Building - Office no-103 - Al Qouz Third - Al Quoz - Dubai - United Arab Emirates",+971 4 344 1615
363,phone,alnoor-south-polyclinic-dwc-llc-dubai,Alnoor South Polyclinic Dwc,https://www.zavis.ai/directory/dubai/clinics/alnoor-south-polyclinic-dwc-llc-dubai,Dubai,clinics,"B3 The Pulse Residence Park Podium, Dubai south, MADINAT AL MATAAR, Dubai",+971 4 575 9111
364,,,,,,,,
365,phone,al-shifa-al-khaleeji-medical-centre-branch-llc-dubai,Al Shifa Al Khaleeji Medical Centre,https://www.zavis.ai/directory/dubai/clinics/al-shifa-al-khaleeji-medical-centre-branch-llc-dubai,Dubai,clinics,"Bayan Business Center, 17 Street, DUBAI INVESTMENT PARK FIRST, Dubai",+971 4 880 0920
366,name,al-qusais-star-polyclinic-dubai,Al Qusais Star Polyclinic,https://www.zavis.ai/directory/dubai/clinics/al-qusais-star-polyclinic-dubai,Dubai,clinics,"Abdullah Saeed Bel Hub Building, Halab Street, AL QUSAIS INDUSTRIAL FIRST, Dubai",+971 4 258 0411
367,,,,,,,,
368,,,,,,,,
369,name,abeer-al-noor-poly-clinic-dubai,Abeer Al Noor Poly Clinic,https://www.zavis.ai/directory/dubai/clinics/abeer-al-noor-poly-clinic-dubai,Dubai,clinics,"Bu Hussain Bldg1, 26b Street 27, AL QUSAIS SECOND, Dubai",+971 4 261 2248
370,,,,,,,,
371,name,al-murjan-medical-centre-l-l-c-dubai,AL Murjan Medical Centre,https://www.zavis.ai/directory/dubai/clinics/al-murjan-medical-centre-l-l-c-dubai,Dubai,clinics,"Brashy Building, Sheikh Zayed Street, AL QOUZ INDUSTRIAL FIRST, Dubai",+971 58 540 4108
372,,,,,,,,
373,,,,,,,,
374,,,,,,,,
375,phone,advanced-care-medical-center-l-l-c-branch-alqusais-dubai,Advanced Care Medical Center L.L.C Branch Alqusais,https://www.zavis.ai/directory/dubai/clinics/advanced-care-medical-center-l-l-c-branch-alqusais-dubai,Dubai,clinics,"MUSABBEH RASHID AL FATTAN AL FALASI, Damascus Street, AL QUSAIS FIRST, Dubai",+971 4 263 6800
376,,,,,,,,
377,,,,,,,,
378,name,advanced-care-medical-center-llc-branch-dip-dubai,Advanced Care Medical Center LLC (branch)dip,https://www.zavis.ai/directory/dubai/clinics/advanced-care-medical-center-llc-branch-dip-dubai,Dubai,clinics,"ALICO BULDING, 47 Street, DUBAI INVESTMENT PARK FIRST, Dubai",+971 4 885 0788
379,,,,,,,,
380,,,,,,,,
381,phone,al-mansoor-medical-center-dubai,Al Mansoor Medical Center,https://www.zavis.ai/directory/dubai/clinics/al-mansoor-medical-center-dubai,Dubai,clinics,"Al Moosa Bldg, 76b Street 11, AL SUQ AL KABEER, Dubai",+971 4 355 4040
382,phone,your-center-polyclinic-l-l-c-dubai,Your Center Polyclinic,https://www.zavis.ai/directory/dubai/clinics/your-center-polyclinic-l-l-c-dubai,Dubai,clinics,"Afnan-3 Shop No. 4 , Ma'asim First-Midtown - معيصم الأولى - Dubai Production City - دبي - United Arab Emirates",+971 4 365 7000
383,phone,al-waha-poly-clinic-l-l-c-s-o-c-dubai,AL Waha Poly Clinic,https://www.zavis.ai/directory/dubai/clinics/al-waha-poly-clinic-l-l-c-s-o-c-dubai,Dubai,clinics,"799 Muhammad Noor Talib Build, Al Nahda Street 30, AL SUQ AL KABEER, Dubai",+971 4 351 4150
384,phone,apollo-clinic-l-l-c-dubai,Apollo Clinic,https://www.zavis.ai/directory/dubai/clinics/apollo-clinic-l-l-c-dubai,Dubai,clinics,Al Arti Plaza - Zaa'beel St - Al Karama - Dubai - United Arab Emirates,+971 4 605 6056
385,name,oxford-medical-center-dubai,Oxford Medical Center,https://www.zavis.ai/directory/dubai/clinics/oxford-medical-center-dubai,Dubai,clinics,"Sharafi building, 12b Street 8, AL RAFFA, Dubai",+971 4 284 4952
386,name,dr-abdul-latif-clinic-dubai,Dr. Abdul Latif Clinic,https://www.zavis.ai/directory/dubai/clinics/dr-abdul-latif-clinic-dubai,Dubai,clinics,Mezzanine Floor، Al Nasser Building - Office 12 - Al Sabkha Rd - next to Sabhka Bus Station - Al Sabkha - Deira - Dubai - United Arab Emirates,+971 4 226 4999
387,name,liverpool-medical-clinic-dubai,Liverpool Medical Clinic,https://www.zavis.ai/directory/dubai/clinics/liverpool-medical-clinic-dubai,Dubai,clinics,Burdubai - Khalid Bin Al Waleed Rd - Al Raffa - Dubai - United Arab Emirates,+971 58 138 8060
388,,,,,,,,
389,phone,arin-care-poly-clinic-dubai,Arin Care Poly Clinic,https://www.zavis.ai/directory/dubai/clinics/arin-care-poly-clinic-dubai,Dubai,clinics,Shop # 5 Talal Plaza Mall - محيصنة الرابعة - محيصنة ٤ - دبي - United Arab Emirates,+971 4 395 2774
390,phone,modern-family-clinic-l-l-c-branch-dubai,Modern Family Clinic,https://www.zavis.ai/directory/dubai/clinics/modern-family-clinic-l-l-c-branch-dubai,Dubai,clinics,"Al Barsha, Dusseldorf Business Point, Office #402 - البرشاء الأولى - البرشاء - دبي - United Arab Emirates",+971 4 334 3263
391,phone,modern-family-clinic-l-l-c-branch-dubai,Modern Family Clinic,https://www.zavis.ai/directory/dubai/clinics/modern-family-clinic-l-l-c-branch-dubai,Dubai,clinics,"Al Barsha, Dusseldorf Business Point, Office #402 - البرشاء الأولى - البرشاء - دبي - United Arab Emirates",+971 4 334 3263
392,phone,modern-family-clinic-l-l-c-branch-dubai,Modern Family Clinic,https://www.zavis.ai/directory/dubai/clinics/modern-family-clinic-l-l-c-branch-dubai,Dubai,clinics,"Al Barsha, Dusseldorf Business Point, Office #402 - البرشاء الأولى - البرشاء - دبي - United Arab Emirates",+971 4 334 3263
393,phone,g-m-g-medical-center-l-l-c-dubai,G M G Medical Center,https://www.zavis.ai/directory/dubai/clinics/g-m-g-medical-center-l-l-c-dubai,Dubai,clinics,GMG Medical center - Al Qouz Third - Al Quoz - Dubai - United Arab Emirates,+971 4 220 1918
394,name,khayber-medical-center-llc-dubai,Khayber Medical Center,https://www.zavis.ai/directory/dubai/clinics/khayber-medical-center-llc-dubai,Dubai,clinics,Al Buteen Building - Flat No 1 - Street # 33 Al Maktoum Hospital Rd - near Karachi Darbar Maktoum - Naif - Deira - Dubai - United Arab Emirates,+971 50 956 2511
395,,,,,,,,
396,,,,,,,,
397,phone,share-and-care-medical-center-l-l-c-dubai,Share And Care Medical Center,https://www.zavis.ai/directory/dubai/clinics/share-and-care-medical-center-l-l-c-dubai,Dubai,clinics,"Silicon Central, 92 Street, Nad Al Sheba, Dubai",+971 4 280 2088
398,phone,al-fahim-clinic-dubai,Al Fahim Clinic,https://www.zavis.ai/directory/dubai/clinics/al-fahim-clinic-dubai,Dubai,clinics,"165 Sheikha Sheikha Saeed, Al Souk Al Kabeer Street 7, Al Sabkha, Dubai",+971 4 226 7157
399,,,,,,,,
400,phone,dr-kamkar-medical-and-physiotherapy-center-dubai,Dr. Kamkar Medical and Physiotherapy Center,https://www.zavis.ai/directory/dubai/physiotherapy/dr-kamkar-medical-and-physiotherapy-center-dubai,Dubai,physiotherapy,"Remal Mall, Majan, Wadi Al Safa 3 - وادي الصفا 3 - Majan - دبي - United Arab Emirates",+971 4 334 1000
401,,,,,,,,
402,name,amber-clinics-llc-dubai,Amber Clinics,https://www.zavis.ai/directory/dubai/clinics/amber-clinics-llc-dubai,Dubai,clinics,"Rigga Business Centre, 26b Street 24, AL RIGGA, Dubai",+971 4 230 9100
403,,,,,,,,
404,phone,al-noor-polyclinic-al-satwa-br-of-amber-clinics-l-l-c-dubai,AL Noor Polyclinic AL Satwa,https://www.zavis.ai/directory/dubai/clinics/al-noor-polyclinic-al-satwa-br-of-amber-clinics-l-l-c-dubai,Dubai,clinics,"542 Al Otibah Str Al Bakitha Building, Al Hudaiba Street 35, Al Satwa, Dubai",+971 4 349 8100
405,,,,,,,,
406,phone,josephs-qusais-polyclinic-br-of-amber-clinics-l-l-c-dubai,Josephs Qusais Polyclinic,https://www.zavis.ai/directory/dubai/clinics/josephs-qusais-polyclinic-br-of-amber-clinics-l-l-c-dubai,Dubai,clinics,1 32b St - Al Qusais - Al Qusais 1 - Dubai - United Arab Emirates,+971 4 263 6767
407,phone,ascent-ent-speciality-centre-llc-dubai,Ascent ENT Speciality Centre,https://www.zavis.ai/directory/dubai/clinics/ascent-ent-speciality-centre-llc-dubai,Dubai,clinics,Saeed Al Thani Building - Sheikh Khalifa Bin Zayed St - Umm Hurair 1Bur - Umm Hurair 1 - Dubai - United Arab Emirates,+971 4 274 7000
408,name,l-l-h-medical-center-l-l-c-branch-dubai,L L H Medical Center,https://www.zavis.ai/directory/dubai/clinics/l-l-h-medical-center-l-l-c-branch-dubai,Dubai,clinics,"Roof Floor, The Town mall - Unit number : Shop 1 - Dubai Investment Park - 2 - Dubai - United Arab Emirates",+971 800 55
409,,,,,,,,
410,,,,,,,,
411,,,,,,,,
412,,,,,,,,
413,,,,,,,,
414,,,,,,,,
415,,,,,,,,
416,,,,,,,,
417,phone,fathima-medical-centre-fujairah,Fathima Medical Centre,https://www.zavis.ai/directory/fujairah/clinics/fathima-medical-centre-fujairah,Fujairah,clinics,"Flat-101 & 102, First Floor, Old Arab Bank Building Opposite Fathima Supermarket - شارع الشيخ زايد بن سلطان - صفد - الفجيرة - United Arab Emirates",+971 9 223 9946
418,name,emirates-medical-centre-fujairah,Emirates Medical Centre,https://www.zavis.ai/directory/fujairah/clinics/emirates-medical-centre-fujairah,Fujairah,clinics,Al kindi Road - Shk. Hamad Bin Abdullah Al Sharqi St - Safad - Fujairah - United Arab Emirates,+971 9 223 3199
419,name,al-ahli-medical-center-fujairah,AL Ahli Medical Center,https://www.zavis.ai/directory/fujairah/clinics/al-ahli-medical-center-fujairah,Fujairah,clinics,"1st FLOOR, HSBC BANK MIDDLE EAST LIMITED BUILDING - Hamad Bin Abdulla Rd - صفد - الفجيرة - United Arab Emirates",+971 9 222 0228
420,phone,eve-medical-centre-fujairah-fujairah,Eve Medical Centre Fujairah,https://www.zavis.ai/directory/fujairah/clinics/eve-medical-centre-fujairah-fujairah,Fujairah,clinics,Al Faseel Rd(E99) - beside Fujairah Youth Hostel - Al Faseel - Fujairah - United Arab Emirates,+971 9 228 7982
421,,,,,,,,
422,name,fujairah-port-medical-centre-fujairah,Fujairah Port Medical Centre,https://www.zavis.ai/directory/fujairah/clinics/fujairah-port-medical-centre-fujairah,Fujairah,clinics,59F4+V2M - Fujairah Oil Industry Zone - Fujairah - United Arab Emirates,+971 9 222 8007
423,,,,,,,,
424,name,al-sharq-medical-centre-dibba-fujairah,AL Sharq Medical Centre - Dibba,https://www.zavis.ai/directory/fujairah/clinics/al-sharq-medical-centre-dibba-fujairah,Fujairah,clinics,"Shaikh Mohammed Street, Near Dibba Municipality Dibba Al Fujairah - Al Rashidiyah - Fujairah - United Arab Emirates",+971 800 959
425,name,al-sharq-medical-centre-cosmomed-fujairah,AL Sharq Medical Centre - Cosmomed,https://www.zavis.ai/directory/fujairah/clinics/al-sharq-medical-centre-cosmomed-fujairah,Fujairah,clinics,Dibba Al-Fujairah - Wasit - Fujairah - United Arab Emirates,+971 9 204 8888
426,,,,,,,,
427,,,,,,,,
428,,,,,,,,
429,,,,,,,,
430,,,,,,,,
431,,,,,,,,
432,,,,,,,,
433,name,al-hudaibah-medical-center-ras-al-khaimah,AL Hudaibah Medical Center,https://www.zavis.ai/directory/ras-al-khaimah/clinics/al-hudaibah-medical-center-ras-al-khaimah,Ras Al Khaimah,clinics,QXXF+4W2 - Sheikh Saqr Bin Mohammed Al Qassimi Road (E 18 Road) - Al Hudeeba - Ras Al-Khaimah - United Arab Emirates,+971 7 222 2188
434,,,,,,,,
435,phone,derme-light-specialist-medical-centre-ras-al-khaimah,Derme Light Specialist Medical Centre,https://www.zavis.ai/directory/ras-al-khaimah/clinics/derme-light-specialist-medical-centre-ras-al-khaimah,Ras Al Khaimah,clinics,Specialist Medical Center - 88t - 6 Sheikh Mohamed Bin Salem Rd - Dahan - Ras Al Khaimah - United Arab Emirates,+971 7 233 2255
436,,,,,,,,
437,,,,,,,,
438,,,,,,,,
439,phone,alya-medical-center-ras-al-khaimah,Alya Medical Center,https://www.zavis.ai/directory/ras-al-khaimah/clinics/alya-medical-center-ras-al-khaimah,Ras Al Khaimah,clinics,LAMP ROUNDABOUT - near NESTO HYPERMARKET - Al Qussaidat - Ras Al Khaimah - United Arab Emirates,+971 7 244 1235
440,,,,,,,,
441,,,,,,,,
442,phone,alahlia-medical-centre-ras-al-khaimah,Alahlia Medical Centre,https://www.zavis.ai/directory/ras-al-khaimah/clinics/alahlia-medical-centre-ras-al-khaimah,Ras Al Khaimah,clinics,Al Jazaah Rd - Al Nakheel - Ras Al Khaimah - United Arab Emirates,+971 7 233 1533
443,phone,consultant-medical-centre-ras-al-khaimah,Consultant Medical Centre,https://www.zavis.ai/directory/ras-al-khaimah/clinics/consultant-medical-centre-ras-al-khaimah,Ras Al Khaimah,clinics,Al Riffa - Ras Al Khaimah - United Arab Emirates,+971 7 266 5652
444,,,,,,,,
445,,,,,,,,
446,phone,almdaoy-medical-centre-ras-al-khaimah,Almdaoy Medical Centre,https://www.zavis.ai/directory/ras-al-khaimah/clinics/almdaoy-medical-centre-ras-al-khaimah,Ras Al Khaimah,clinics,"Al Hamra Mall, Near To Food Court, First Level - Al Jazeera Al Hamra-Qaryat Al Hamra - Ras Al Khaimah - United Arab Emirates",+971 7 227 8308
447,,,,,,,,
448,,,,,,,,
449,phone,dr-mahmoud-hasaballa-clinic-ras-al-khaimah,DR. Mahmoud Hasaballa Clinic,https://www.zavis.ai/directory/ras-al-khaimah/clinics/dr-mahmoud-hasaballa-clinic-ras-al-khaimah,Ras Al Khaimah,clinics,"GF 02, Al Nakheel Building - near Al Hoot Super Market - النخيل - إمارة رأس الخيمة - United Arab Emirates",+971 7 236 4667
450,,,,,,,,
451,,,,,,,,
452,,,,,,,,
453,,,,,,,,
454,,,,,,,,
455,,,,,,,,
456,,,,,,,,
457,name,al-wahda-medical-centre-sharjah,AL Wahda Medical Centre,https://www.zavis.ai/directory/sharjah/clinics/al-wahda-medical-centre-sharjah,Sharjah,clinics,"Tami-3 - Building, 1st Floor - Al Nahda St - Hay Al Nahda - Sharjah - United Arab Emirates",+971 6 525 9888
458,,,,,,,,
459,,,,,,,,
460,,,,,,,,
461,,,,,,,,
462,,,,,,,,
463,,,,,,,,
464,,,,,,,,
465,,,,,,,,
466,,,,,,,,
467,,,,,,,,
468,,,,,,,,
469,,,,,,,,
470,,,,,,,,
471,phone,al-dunia-medical-center-sharjah,AL Dunia Medical Center,https://www.zavis.ai/directory/sharjah/clinics/al-dunia-medical-center-sharjah,Sharjah,clinics,Muwaileh Commercial - Industrial Area - Sharjah - United Arab Emirates,+971 6 554 6644
472,phone,al-nahda-medical-center-sharjah,AL Nahda Medical Center,https://www.zavis.ai/directory/sharjah/clinics/al-nahda-medical-center-sharjah,Sharjah,clinics,Bukhara St - Hay Al Nahda - Sharjah - United Arab Emirates,+971 6 538 4466
473,,,,,,,,
474,,,,,,,,
475,name,al-afya-medical-centre-sharjah,AL Afya Medical Centre,https://www.zavis.ai/directory/sharjah/clinics/al-afya-medical-centre-sharjah,Sharjah,clinics,Rolla Square - Al Ghumar - Al Ghuwair - Hay Al Gharb - Sharjah - United Arab Emirates,+971 6 579 6876
476,,,,,,,,
477,,,,,,,,
478,name,bristol-medical-centre-sharjah,Bristol Medical Centre,https://www.zavis.ai/directory/sharjah/clinics/bristol-medical-centre-sharjah,Sharjah,clinics,128 Al Nahda St - Hay Al Nahda - Sharjah - United Arab Emirates,+971 55 223 3416
479,name,deepa-clinic-sharjah,Deepa Clinic,https://www.zavis.ai/directory/sharjah/clinics/deepa-clinic-sharjah,Sharjah,clinics,Sharjah,
480,,,,,,,,
481,,,,,,,,
482,,,,,,,,
483,,,,,,,,
484,,,,,,,,
485,,,,,,,,
486,,,,,,,,
487,name,al-burj-al-thahbi-medical-centre-l-l-c-sharjah,AL Burj AL Thahbi Medical Centre,https://www.zavis.ai/directory/sharjah/clinics/al-burj-al-thahbi-medical-centre-l-l-c-sharjah,Sharjah,clinics,Almollah Building Room No 105 - 106 Industrial Area 3 - Industrial Areas - Industrial Area - Sharjah - United Arab Emirates,+971 50 502 9261
488,phone,dar-al-salam-medical-center-l-l-c-sp-sharjah,Dar AL Salam Medical Center,https://www.zavis.ai/directory/sharjah/clinics/dar-al-salam-medical-center-l-l-c-sp-sharjah,Sharjah,clinics,8C36+344 - Industrial Areas - Industrial Area - Sharjah - United Arab Emirates,+971 6 521 3535
489,,,,,,,,
490,name,al-afdal-medical-centre-sharjah,AL Afdal Medical Centre,https://www.zavis.ai/directory/sharjah/clinics/al-afdal-medical-centre-sharjah,Sharjah,clinics,King Abdul Aziz - Road - المحطة - حي القاسمية - إمارة الشارقةّ - United Arab Emirates,+971 6 559 0007
491,phone,al-barakah-medical-clinic-sharjah,AL Barakah Medical Clinic,https://www.zavis.ai/directory/sharjah/clinics/al-barakah-medical-clinic-sharjah,Sharjah,clinics,Sharjah - Industrial Areas - Industrial Area - Sharjah - United Arab Emirates,+971 6 543 1763
492,,,,,,,,
493,phone,al-bustan-medical-centre-sharjah,AL Bustan Medical Centre,https://www.zavis.ai/directory/sharjah/clinics/al-bustan-medical-centre-sharjah,Sharjah,clinics,Falaj Al Muala Road Al Dhaid طريق فلج المعلا - ثوبان - إمارة الشارقةّ - United Arab Emirates,+971 6 882 9924
494,,,,,,,,
495,,,,,,,,
496,name,al-darary-medical-centre-sharjah,AL Darary Medical Centre,https://www.zavis.ai/directory/sharjah/clinics/al-darary-medical-centre-sharjah,Sharjah,clinics,شارع 68 - Industrial Areas - Industrial Area - Sharjah - United Arab Emirates,+971 52 390 0040
497,,,,,,,,
498,phone,antony-medical-centre-sharjah,Antony Medical Centre,https://www.zavis.ai/directory/sharjah/clinics/antony-medical-centre-sharjah,Sharjah,clinics,Al Sharq St - Al Naba'a - Sharjah - United Arab Emirates,+971 6 563 0555
499,,,,,,,,
500,phone,al-sana-medical-centre-sharjah,AL Sana Medical Centre,https://www.zavis.ai/directory/sharjah/clinics/al-sana-medical-centre-sharjah,Sharjah,clinics,Tufail Bin Al Hareth St - Al Nad - Hay Al Qasimiah - Sharjah - United Arab Emirates,+971 6 539 6566
501,name,al-naseem-medical-centre-llc-sharjah,AL Naseem Medical Centre,https://www.zavis.ai/directory/sharjah/clinics/al-naseem-medical-centre-llc-sharjah,Sharjah,clinics,"Ground Floor, Shop - 19 Al Wahda St - Al Darari Commercial - Industrial Area 1 - Sharjah - United Arab Emirates",+971 6 569 1000
502,phone,bhatia-medical-centre-sharjah,Bhatia Medical Centre,https://www.zavis.ai/directory/sharjah/clinics/bhatia-medical-centre-sharjah,Sharjah,clinics,"Al Arouba St,Bank Street - Al Shuwaiheen - Hay Al Gharb - Sharjah - United Arab Emirates",+971 6 575 3888
503,phone,bhatia-muwaileh-medical-centre-sharjah,Bhatia Muwaileh Medical Centre,https://www.zavis.ai/directory/sharjah/clinics/bhatia-muwaileh-medical-centre-sharjah,Sharjah,clinics,Jassim 3 Building - Ground Floor - opposite Dubai Islamic Bank - Muwaileh Commercial - Industrial Area - Sharjah - United Arab Emirates,+971 6 557 8772
504,,,,,,,,
505,phone,dr-samir-abouzeid-medical-centre-sharjah,DR Samir Abouzeid Medical Centre,https://www.zavis.ai/directory/sharjah/clinics/dr-samir-abouzeid-medical-centre-sharjah,Sharjah,clinics,Sharjah - Al Majaz District - Al Majaz - Sharjah - United Arab Emirates,+971 6 574 4664
506,name,abrahams-medical-centre-sharjah,Abrahams Medical Centre,https://www.zavis.ai/directory/sharjah/clinics/abrahams-medical-centre-sharjah,Sharjah,clinics,Rolla Tower - شارع الزهراء - الغوير - حي الغرب - الشارقة - United Arab Emirates,+971 50 934 5595
507,phone,al-amumah-medical-center-sharjah,AL Amumah Medical Center,https://www.zavis.ai/directory/sharjah/clinics/al-amumah-medical-center-sharjah,Sharjah,clinics,shuwaiheen - Hay Al Gharb - Sharjah - United Arab Emirates,+971 6 566 7661
508,name,care-medical-centre-sharjah,Care Medical Centre,https://www.zavis.ai/directory/sharjah/clinics/care-medical-centre-sharjah,Sharjah,clinics,8CPG+WR - Al Shahba - Mughaider Suburb - Sharjah - United Arab Emirates,+971 6 542 7327
509,,,,,,,,
510,,,,,,,,
511,name,good-health-specialized-medical-centre-sharjah,Good Health Specialized Medical Centre,https://www.zavis.ai/directory/sharjah/clinics/good-health-specialized-medical-centre-sharjah,Sharjah,clinics,"Sana Building ,Ground Floor , Shop No 10 - New Al nahda - الدراري التجارية - المنطقة الصناعية - الشارقة - United Arab Emirates",+971 6 546 6160
512,,,,,,,,
513,,,,,,,,
514,,,,,,,,
515,,,,,,,,
516,,,,,,,,
517,name,aster-abu-tina-medical-center-sharjah,Aster Abu Tina Medical Center,https://www.zavis.ai/directory/sharjah/clinics/aster-abu-tina-medical-center-sharjah,Sharjah,clinics,"No 103, Sheikh Majid Bin Saud Al Qassmi Building - Al Sharq St - Bu Tena - Sharjah - United Arab Emirates",+971 4 440 0500
518,,,,,,,,
519,name,aster-muwaileh-medical-center-sharjah,Aster Muwaileh Medical Center,https://www.zavis.ai/directory/sharjah/clinics/aster-muwaileh-medical-center-sharjah,Sharjah,clinics,"Bin Tharyem - 8, Muwaileh - BH Street, Mohamed Bin Zayed Road, Muwaileh Near Masjid,New Muwaileh - 8F62+V55 - Muwaileh Commercial - Industrial Area - Sharjah - United Arab Emirates",+971 4 440 0500
520,,,,,,,,
521,,,,,,,,
522,phone,al-yamamah-medical-centre-sharjah,AL Yamamah Medical Centre,https://www.zavis.ai/directory/sharjah/clinics/al-yamamah-medical-centre-sharjah,Sharjah,clinics,"Flat no 101&102, First floor, ENPI building, industrial area police station opposite to technical glass Company - Fourth Industrial St - Industrial Areas - Industrial Area - Sharjah - United Arab Emirates",+971 6 535 2160
523,,,,,,,,
524,phone,al-banna-medical-centre-sharjah,AL Banna Medical Centre,https://www.zavis.ai/directory/sharjah/clinics/al-banna-medical-centre-sharjah,Sharjah,clinics,8C49+XMQ - Industrial Areas - Industrial AreaIndustrial Area 3 - Sharjah - United Arab Emirates,+971 6 532 7228
525,phone,alnoor-alnahda-poly-clinic-l-l-c-sharjah,Alnoor Alnahda Poly Clinic,https://www.zavis.ai/directory/sharjah/clinics/alnoor-alnahda-poly-clinic-l-l-c-sharjah,Sharjah,clinics,Tiger Building - Ground floor - Al Nahda St - near Quick Supermarket - Hay Al Nahda - Al Qadisiya - Sharjah - United Arab Emirates,+971 6 537 6969
526,phone,al-shifa-al-khaleeji-medical-centre-sharjah,AL Shifa AL Khaleeji Medical Centre,https://www.zavis.ai/directory/sharjah/clinics/al-shifa-al-khaleeji-medical-centre-sharjah,Sharjah,clinics,Caterpillar Road - Second Industrial St - Industrial Area 2 - Industrial Area - Sharjah - United Arab Emirates,+971 6 532 8558
527,phone,al-faiez-medical-centre-sharjah,AL Faiez Medical Centre,https://www.zavis.ai/directory/sharjah/clinics/al-faiez-medical-centre-sharjah,Sharjah,clinics,Al Madam - Free Zone - Sharjah - United Arab Emirates,+971 6 886 1202
528,phone,al-furqan-medical-centre-llc-sharjah,AL Furqan Medical Centre,https://www.zavis.ai/directory/sharjah/clinics/al-furqan-medical-centre-llc-sharjah,Sharjah,clinics,"Office 106, 1st Floor, Salim Saeed Omair Al Jabri Building - الصناعية - 11 - المنطقة الصناعية - إمارة الشارقةّ - United Arab Emirates",+971 6 535 3868
529,phone,al-shams-al-jadeed-medical-centre-sharjah,AL Shams AL Jadeed Medical Centre,https://www.zavis.ai/directory/sharjah/clinics/al-shams-al-jadeed-medical-centre-sharjah,Sharjah,clinics,Industrial Areas - Industrial Area - Sharjah - United Arab Emirates,+971 6 539 7539
530,phone,al-shams-medical-centre-sharjah,AL Shams Medical Centre,https://www.zavis.ai/directory/sharjah/clinics/al-shams-medical-centre-sharjah,Sharjah,clinics,Maleha St - Industrial Area 15 - Industrial Area - Sharjah - United Arab Emirates,+971 6 542 4255
531,phone,al-kanaree-medical-center-sharjah,AL Kanaree Medical Center,https://www.zavis.ai/directory/sharjah/clinics/al-kanaree-medical-center-sharjah,Sharjah,clinics,Muwaileh Commercial - Industrial Area - Sharjah - United Arab Emirates,+971 6 534 4439
532,name,al-seyouh-medical-center-sharjah,AL Seyouh Medical Center,https://www.zavis.ai/directory/sharjah/clinics/al-seyouh-medical-center-sharjah,Sharjah,clinics,8CF3+XX7 - Industrial Area 4 - Industrial Area - Sharjah - United Arab Emirates,+971 6 559 4836
533,,,,,,,,
534,name,al-rahah-medical-centre-sharjah,AL Rahah Medical Centre,https://www.zavis.ai/directory/sharjah/clinics/al-rahah-medical-centre-sharjah,Sharjah,clinics,Industrial Areas - Industrial Area - Sharjah - United Arab Emirates,+971 6 542 5260
535,,,,,,,,
536,,,,,,,,
537,phone,al-maliha-medical-centre-sharjah,AL Maliha Medical Centre,https://www.zavis.ai/directory/sharjah/clinics/al-maliha-medical-centre-sharjah,Sharjah,clinics,Sharjah,+971 6 882 3334
538,phone,al-ahlia-regional-medical-centre-sharjah,AL- Ahlia Regional Medical Centre,https://www.zavis.ai/directory/sharjah/clinics/al-ahlia-regional-medical-centre-sharjah,Sharjah,clinics,"ibrahim, al midfa - street - opp. to main etisalat - al musallah - Hay Al Gharb - Sharjah - United Arab Emirates",+971 6 562 1700
539,phone,al-ahalia-clinic-sharjah,AL Ahalia Clinic,https://www.zavis.ai/directory/sharjah/clinics/al-ahalia-clinic-sharjah,Sharjah,clinics,Maysaloon - Sharjah - United Arab Emirates,+971 6 574 4529
540,,,,,,,,
541,name,access-al-sajaa-clinic-sharjah,Access AL Sajaa Clinic,https://www.zavis.ai/directory/sharjah/clinics/access-al-sajaa-clinic-sharjah,Sharjah,clinics,Al Sajaa - Sharjah - United Arab Emirates,+971 6 565 2986
542,phone,doctors-medical-centre-sharjah,Doctors Medical Centre,https://www.zavis.ai/directory/sharjah/clinics/doctors-medical-centre-sharjah,Sharjah,clinics,6th Floor - Meena Road - near Central Post Office - Al Soor - Hay Al Qasimiah - Sharjah - United Arab Emirates,+971 6 563 2100
543,,,,,,,,
544,,,,,,,,
545,,,,,,,,
546,,,,,,,,
547,,,,,,,,
548,,,,,,,,
549,phone,eshaq-medical-centre-sharjah,Eshaq Medical Centre,https://www.zavis.ai/directory/sharjah/clinics/eshaq-medical-centre-sharjah,Sharjah,clinics,7GXR+V6 - Sheikh Salem Al Qassimi Street - Al Qarayen 2 - Falah Residential - Sharjah - United Arab Emirates,+971 6 518 0800
550,,,,,,,,
551,,,,,,,,
552,,,,,,,,
553,,,,,,,,
554,name,family-star-medical-centre-l-l-c-sp-sharjah,Family Star Medical Centre,https://www.zavis.ai/directory/sharjah/clinics/family-star-medical-centre-l-l-c-sp-sharjah,Sharjah,clinics,Solanki Building - near Sharjah Co-Operative Society Ground Floor - Bu Shaghara - Hay Al Qasimiah - Sharjah - United Arab Emirates,+971 52 737 4981
555,,,,,,,,
556,phone,al-jazbir-clinic-umm-al-quwain,AL Jazbir Clinic,https://www.zavis.ai/directory/umm-al-quwain/clinics/al-jazbir-clinic-umm-al-quwain,Umm Al Quwain,clinics,Old Bazar - First Floor King Faisal St - Old Umm Al Quwain - Emirate of Umm Al Quwain - United Arab Emirates,+971 6 765 5659
557,phone,al-hayat-medical-center-umm-al-quwain,AL Hayat Medical Center,https://www.zavis.ai/directory/umm-al-quwain/clinics/al-hayat-medical-center-umm-al-quwain,Umm Al Quwain,clinics,AL RAMLA - Al Neefah - Al Ramlah2 - Emirate of Umm Al Quwain - United Arab Emirates,+971 6 766 3233
558,,,,,,,,
559,phone,aster-medical-centre-uaq-umm-al-quwain,Aster Medical Centre -Uaq,https://www.zavis.ai/directory/umm-al-quwain/clinics/aster-medical-centre-uaq-umm-al-quwain,Umm Al Quwain,clinics,Al Masa 2 Building - Mall - King Faisal St - near Umm Al Quwain - الحزام الأخضر - المقطع 1 - إمارة أم القيوين - United Arab Emirates,+971 6 577 0288
560,name,dar-al-hayat-medical-center-l-l-c-umm-al-quwain,Dar AL Hayat Medical Center,https://www.zavis.ai/directory/umm-al-quwain/clinics/dar-al-hayat-medical-center-l-l-c-umm-al-quwain,Umm Al Quwain,clinics,near Etisalat Round About - New Industrial Area - Emirate of Umm Al Quwain - United Arab Emirates,+971 56 501 3183
561,phone,nmc-royal-family-medical-centre-ltd-abu-dhabi,Nmc Royal Family Medical Centre,https://www.zavis.ai/directory/abu-dhabi/clinics/nmc-royal-family-medical-centre-ltd-abu-dhabi,Abu Dhabi,clinics,1st and 2nd floor، Prestige Tower 17 - 79th St - next to Capital Mall - Mohamed Bin Zayed City - ME2 - Abu Dhabi - United Arab Emirates,+971 2 691 1500
562,phone,nmc-royal-medical-center-ltd-branch-al-shahama-abu-dhabi,Nmc Royal Medical Center LTD - Branch AL Shahama,https://www.zavis.ai/directory/abu-dhabi/clinics/nmc-royal-medical-center-ltd-branch-al-shahama-abu-dhabi,Abu Dhabi,clinics,12 Al Sadirat St - Al Shahama - New Shahamah - Abu Dhabi - United Arab Emirates,+971 2 885 9400
563,phone,oxford-medical-center-l-l-c-abu-dhabi,Oxford Medical Center,https://www.zavis.ai/directory/abu-dhabi/clinics/oxford-medical-center-l-l-c-abu-dhabi,Abu Dhabi,clinics,Muroor Area 23rd - 25th Street - behind Lulu Express - Hadbat Al Za`Faranah - Zone 1 - Abu Dhabi - United Arab Emirates,+9712-4489666
564,,,,,,,,
565,name,mesk-almadina-medical-centre-l-l-c-abu-dhabi,Mesk Almadina Medical Centre,https://www.zavis.ai/directory/abu-dhabi/clinics/mesk-almadina-medical-centre-l-l-c-abu-dhabi,Abu Dhabi,clinics,ICAD Area M40 Plot No. 96 - مصفح - مصفح 40 - أبو ظبي - United Arab Emirates,+97125504333
566,phone,alpha-medical-centre-l-l-c-abu-dhabi,Alpha Medical Centre,https://www.zavis.ai/directory/abu-dhabi/clinics/alpha-medical-centre-l-l-c-abu-dhabi,Abu Dhabi,clinics,"Musaffah, Abu Dhabi",+97125558383
567,phone,golden-sands-medical-centre-l-l-c-abu-dhabi,Golden Sands Medical Centre,https://www.zavis.ai/directory/abu-dhabi/clinics/golden-sands-medical-centre-l-l-c-abu-dhabi,Abu Dhabi,clinics,Old Passport Road - Al Falah St - Al Danah - E18 02 - Abu Dhabi - United Arab Emirates,+97126427171
568,phone,apollo-medical-centre-sole-proprietorship-l-l-c-abu-dhabi,Apollo Medical Centre,https://www.zavis.ai/directory/abu-dhabi/clinics/apollo-medical-centre-sole-proprietorship-l-l-c-abu-dhabi,Abu Dhabi,clinics,"Abu Dhabi, Abu Dhabi",+97126397733
569,,,,,,,,
570,phone,health-go-medical-center-l-l-c-abu-dhabi,Health GO Medical Center,https://www.zavis.ai/directory/abu-dhabi/clinics/health-go-medical-center-l-l-c-abu-dhabi,Abu Dhabi,clinics,Prince qahar building - 57 Al Fasayil St - Jarn Yafour - Mafraq Industrial Area - Abu Dhabi - United Arab Emirates,+971 2 585 1331
571,phone,wazirustan-medical-centre-l-l-c-abu-dhabi,Wazirustan Medical Centre,https://www.zavis.ai/directory/abu-dhabi/clinics/wazirustan-medical-centre-l-l-c-abu-dhabi,Abu Dhabi,clinics,11 ʹIrq Dhabyan St - Ghiyathi - Ghayathi - Abu Dhabi - United Arab Emirates,+97197128741400
572,phone,alreef-school-sole-proprietorship-l-l-c-abu-dhabi,Ansari Medical Centre,https://www.zavis.ai/directory/abu-dhabi/clinics/alreef-school-sole-proprietorship-l-l-c-abu-dhabi,Abu Dhabi,clinics,"Ain Al Faydah, Abu Dhabi",+971 2 639 4139
573,name,unique-alahalia-ophthalmology-one-day-surgery-medical-center-l-l-c-abu-dhabi,Unique Alahalia Ophthalmology One Day Surgery Medical Center,https://www.zavis.ai/directory/abu-dhabi/ophthalmology/unique-alahalia-ophthalmology-one-day-surgery-medical-center-l-l-c-abu-dhabi,Abu Dhabi,ophthalmology,Hamdan شارع 5 - Al Danah - E6 - Abu Dhabi - United Arab Emirates,+971 2 621 6900
574,,,,,,,,
575,,,,,,,,
576,,,,,,,,
577,,,,,,,,
578,,,,,,,,
579,,,,,,,,
580,,,,,,,,
581,,,,,,,,
582,name,al-farabi-medical-laboratories-ajman,AL Farabi Medical Laboratories,https://www.zavis.ai/directory/ajman/labs-diagnostics/al-farabi-medical-laboratories-ajman,Ajman,labs-diagnostics,9FQ2+WF3 - Sheikh Khalifa Bin Zayed St - 2 Al Nuaimia - Ajman - United Arab Emirates,+971 6 527 0778
583,phone,proficiency-healthcare-diagnostic-laboratories-l-l-c-branch-1-al-ain,Proficiency Healthcare Diagnostic Laboratories,https://www.zavis.ai/directory/al-ain/labs-diagnostics/proficiency-healthcare-diagnostic-laboratories-l-l-c-branch-1-al-ain,Al Ain,labs-diagnostics,"Al Saif Tower - 104,1st Floor - Tower C Building Electra Street - behind Honda Showroom - Al Danah - E11 - Abu Dhabi - United Arab Emirates",+971(971)-3-7660992
584,name,life-medical-diagnostics-llc-branch-al-ain,Life Medical Diagnostics,https://www.zavis.ai/directory/al-ain/labs-diagnostics/life-medical-diagnostics-llc-branch-al-ain,Al Ain,labs-diagnostics,Downtown - Sheikh Khalifa Bin Zayed St - Central District - Hai Qesaidah - Abu Dhabi - United Arab Emirates,+97126332300
585,phone,ideal-clinical-laboratories-abu-dhabi,Ideal Clinical Laboratories,https://www.zavis.ai/directory/abu-dhabi/labs-diagnostics/ideal-clinical-laboratories-abu-dhabi,Abu Dhabi,labs-diagnostics,"C44,Shabiyah Sector-10, Musaffah - Mohamed Bin Zayed City - ME10 - Abu Dhabi - United Arab Emirates",+97197125558448
586,phone,dar-al-mouasah-diagnostic-centre-abu-dhabi,Dar AL Mouasah Diagnostic Centre,https://www.zavis.ai/directory/abu-dhabi/labs-diagnostics/dar-al-mouasah-diagnostic-centre-abu-dhabi,Abu Dhabi,labs-diagnostics,"Abu Dhabi, Abu Dhabi",+97197126260066
587,phone,life-medical-diagnostics-llc-abu-dhabi,Life Medical Diagnostics,https://www.zavis.ai/directory/abu-dhabi/labs-diagnostics/life-medical-diagnostics-llc-abu-dhabi,Abu Dhabi,labs-diagnostics,"Sultan Bin Zayed the First St., Marina Plaza Building - Al Danah - E3-02 - Abu Dhabi - United Arab Emirates",+971 600 551636
588,phone,micro-health-medical-lab-dubai,Micro Health Medical Lab,https://www.zavis.ai/directory/dubai/labs-diagnostics/micro-health-medical-lab-dubai,Dubai,labs-diagnostics,"ROCKY BUILDING, Za'abeel Street 28a, Al Karama, Dubai",+971 4 547 4549
589,phone,ph-diagnostics-l-l-c-dubai,Ph Diagnostics,https://www.zavis.ai/directory/dubai/labs-diagnostics/ph-diagnostics-l-l-c-dubai,Dubai,labs-diagnostics,"Al Abbas Bldg. 1, Khalid Bin Waleed Road 125, MANKHOOL, Dubai",+971 4 354 3350
590,phone,trust-medical-laboratory-dubai,Trust Medical Laboratory,https://www.zavis.ai/directory/dubai/labs-diagnostics/trust-medical-laboratory-dubai,Dubai,labs-diagnostics,"Khalifa & Ali Khallafi Bldg., 1c Street 48, Mamzer, Dubai",+971 4 239 8766
591,,,,,,,,
592,,,,,,,,
593,phone,medinova-diagnostic-center-24-hours-dubai,Medinova Diagnostic Center(24 Hours),https://www.zavis.ai/directory/dubai/radiology-imaging/medinova-diagnostic-center-24-hours-dubai,Dubai,radiology-imaging,"Metro Station, Bait Al-Waleed (Al Futtaim Blgd.) - near Khalid Bin Al Waleed Road - Al Souq Al Kabeer - Al Fahidi - Dubai - United Arab Emirates",+971 4 509 0400
594,,,,,,,,
595,name,gulf-care-diagnostic-center-llc-dubai,Gulf Care Diagnostic Center,https://www.zavis.ai/directory/dubai/radiology-imaging/gulf-care-diagnostic-center-llc-dubai,Dubai,radiology-imaging,"Bait, Al Waleed Hotel Apartments - 2 ground floor Khalid Bin Al Waleed Rd - near Sharaf DG metro station - Al Raffa - Dubai - United Arab Emirates",+971 4 327 8811
596,phone,star-metropolis-clinical-laboratoriesand-health-services-middle-east-dubai,Star Metropolis Clinical Laboratoriesand Health Services Middle East,https://www.zavis.ai/directory/dubai/radiology-imaging/star-metropolis-clinical-laboratoriesand-health-services-middle-east-dubai,Dubai,radiology-imaging,,+971 4 323 1647
597,phone,medical-diagnostic-and-imaging-center-polyclinic-medic-dubai,Medical Diagnostic and Imaging Center Polyclinic(Medic),https://www.zavis.ai/directory/dubai/labs-diagnostics/medical-diagnostic-and-imaging-center-polyclinic-medic-dubai,Dubai,labs-diagnostics,"Hamsah Building, Al Karama, Al Karama, Dubai",+971 4 388 5000
598,phone,life-diagnostics-medical-laboratories-llc-dubai,Life Diagnostics Medical Laboratories,https://www.zavis.ai/directory/dubai/labs-diagnostics/life-diagnostics-medical-laboratories-llc-dubai,Dubai,labs-diagnostics,"Plaza Level Visitor Parking, Elevator C or D, Building 6 - Business Bay - Bay Square - Dubai - United Arab Emirates",+971 600 551636
599,phone,biohealth-diagnostic-center-dubai,Biohealth Diagnostic Center,https://www.zavis.ai/directory/dubai/radiology-imaging/biohealth-diagnostic-center-dubai,Dubai,radiology-imaging,Building.Near Karama Market - Umm Hurair Rd - Al Karama - Dubai - United Arab Emirates,+971 4 388 5828
600,,,,,,,,
601,name,al-safwa-radiology-center-sharjah,AL Safwa Radiology Center,https://www.zavis.ai/directory/sharjah/clinics/al-safwa-radiology-center-sharjah,Sharjah,clinics,"3rd Floor, Tower C, Al Marzouqi Towers - Free Parking Available-Al Jazeerah Al Hamra Car Parking, CG Mall - شارع الملك فيصل - opposite of Silver Star Cafeteria - الند - حي القاسمية - الشارقة - United Arab Emirates",+971 6 556 3969
602,,,,,,,,
603,phone,al-reem-specialists-medical-centre-sharjah,AL Reem Specialists Medical Centre,https://www.zavis.ai/directory/sharjah/clinics/al-reem-specialists-medical-centre-sharjah,Sharjah,clinics,"1st Floor, Al Ahalia Exchange Bldg. Rolla Square, Rolla - Al Ghuwair - Hay Al Gharb - Sharjah - United Arab Emirates",+971 6 562 0831
604,,,,,,,,
605,,,,,,,,
606,name,accuracy-plus-medical-laboratory-abu-dhabi,Accuracy Plus Medical Laboratory,https://www.zavis.ai/directory/abu-dhabi/labs-diagnostics/accuracy-plus-medical-laboratory-abu-dhabi,Abu Dhabi,labs-diagnostics,M02 Hamdan Bin Mohammed St - opposite Home Centre - Al Danah - E6 - Abu Dhabi - United Arab Emirates,+97126333923
607,,,,,,,,
608,,,,,,,,
609,,,,,,,,
610,,,,,,,,
611,,,,,,,,
612,name,amina-hospital-l-l-c-ajman,Amina Hospital,https://www.zavis.ai/directory/ajman/hospitals/amina-hospital-l-l-c-ajman,Ajman,hospitals,Al Quds St - Al Rashidiya 3 - Ajman - United Arab Emirates,+971 6 711 4444
613,,,,,,,,
614,name,specialized-medical-care-hospital-al-ain,Specialized Medical Care Hospital,https://www.zavis.ai/directory/al-ain/hospitals/specialized-medical-care-hospital-al-ain,Al Ain,hospitals,Al Wafa St - Al Jahili - Hai Al Qalaa - Abu Dhabi - United Arab Emirates,+97137552291
615,name,emirates-international-hospital-sole-proprietorship-l-l-c-al-ain,Emirates International Hospital,https://www.zavis.ai/directory/al-ain/hospitals/emirates-international-hospital-sole-proprietorship-l-l-c-al-ain,Al Ain,hospitals,Al Khabeesi - Al Jimi - Civic Center - Abu Dhabi - United Arab Emirates,+971 3 763 7777
616,,,,,,,,
617,name,llh-hospital-l-l-c-abu-dhabi,Llh Hospital,https://www.zavis.ai/directory/abu-dhabi/hospitals/llh-hospital-l-l-c-abu-dhabi,Abu Dhabi,hospitals,Zone 1E3-02 - Muroor Road - Al Danah - E3-02 - Abu Dhabi - United Arab Emirates,+971 800 55
618,phone,life-care-international-pharmacy-l-l-c-abu-dhabi,Life Care International Pharmacy,https://www.zavis.ai/directory/abu-dhabi/pharmacy/life-care-international-pharmacy-l-l-c-abu-dhabi,Abu Dhabi,pharmacy,Jarn Yafour - Mafraq Industrial Area - Abu Dhabi - United Arab Emirates,+971 2 585 6333
619,name,phoenix-hospital-l-l-c-abu-dhabi,Phoenix Hospital,https://www.zavis.ai/directory/abu-dhabi/hospitals/phoenix-hospital-l-l-c-abu-dhabi,Abu Dhabi,hospitals,"Mohamed Bin Zayed City, Abu Dhabi",+97126151515
620,phone,millennium-hospital-l-l-c-abu-dhabi,Millennium Hospital,https://www.zavis.ai/directory/abu-dhabi/hospitals/millennium-hospital-l-l-c-abu-dhabi,Abu Dhabi,hospitals,MusaffahME-9 - مدينة محمد بن زايد - محمد بن زايد شرق 9 - أبو ظبي - United Arab Emirates,+971 2 611 3333
621,name,al-ahli-hospital-company-llc-branch-1-abu-dhabi,AL Ahli Hospital Company,https://www.zavis.ai/directory/abu-dhabi/hospitals/al-ahli-hospital-company-llc-branch-1-abu-dhabi,Abu Dhabi,hospitals,Ahalia Hospital Musaffah Building - Musaffah - Musaffah Industrial - Abu Dhabi - United Arab Emirates,+97128119119
622,,,,,,,,
623,name,medeor-24x7-hospital-l-l-c-abu-dhabi,Medeor 24x7 Hospital,https://www.zavis.ai/directory/abu-dhabi/hospitals/medeor-24x7-hospital-l-l-c-abu-dhabi,Abu Dhabi,hospitals,Al Falah St - Al Danah - E4 02 - Abu Dhabi - United Arab Emirates,+971 800 55
624,name,medeor-24x7-hospital-llc-dubai,Medeor 24X7 Hospital,https://www.zavis.ai/directory/dubai/hospitals/medeor-24x7-hospital-llc-dubai,Dubai,hospitals,"Medeor 24X7 Hospital, Dubai, Sheikh Khalifa Bin Zayed Street 17, BUR DUBAI, Dubai",+971 800 55
625,phone,iranian-hospital-l-l-c-pharmacy-dubai,Iranian Hospital L.L.C Pharmacy,https://www.zavis.ai/directory/dubai/pharmacy/iranian-hospital-l-l-c-pharmacy-dubai,Dubai,pharmacy,Al Wasl Rd - Al Bada' - Jumeirah 1 - Dubai - United Arab Emirates,+971 4 344 0250
626,phone,medstar-healthcare-llc-dubai,Medstar Healthcare,https://www.zavis.ai/directory/dubai/clinics/medstar-healthcare-llc-dubai,Dubai,clinics,"Gulf Tower Building Ground Floor, 20 Street 263, OUD METHA, Dubai",+971 800 2233
627,name,international-modern-hospital-l-l-c-dubai,International Modern Hospital,https://www.zavis.ai/directory/dubai/hospitals/international-modern-hospital-l-l-c-dubai,Dubai,hospitals,Port Rashid Road Al Mankhool Area - Al Raffa - Dubai - United Arab Emirates,+971 4 406 3000
628,,,,,,,,
629,name,canadian-specialist-hospital-dubai,Canadian Specialist Hospital,https://www.zavis.ai/directory/dubai/hospitals/canadian-specialist-hospital-dubai,Dubai,hospitals,Behind Ministry of Environment and Water - Abu Hail - Deira - Dubai - United Arab Emirates,+971 4 707 2222
630,,,,,,,,
631,,,,,,,,
632,phone,aster-cedars-clinic-dubai,Aster Cedars Clinic,https://www.zavis.ai/directory/dubai/clinics/aster-cedars-clinic-dubai,Dubai,clinics,Outside gate 2 Street 511 - ميناء جبل علي - منطقة جبل علي الحرة - دبي - United Arab Emirates,+971 4 881 4000
633,,,,,,,,
634,name,aster-hospital-sonapur-llc-dubai,Aster Hospital Sonapur,https://www.zavis.ai/directory/dubai/hospitals/aster-hospital-sonapur-llc-dubai,Dubai,hospitals,"ASTER HOSPITAL SONAPUR LLC, Algeria Street 14, MUHAISANAH SECOND, Dubai",+971 4 440 0500
635,,,,,,,,
636,,,,,,,,
637,,,,,,,,
638,,,,,,,,
639,,,,,,,,
640,,,,,,,,
641,,,,,,,,
642,,,,,,,,
643,name,central-hospital-llc-sharjah,Central Hospital,https://www.zavis.ai/directory/sharjah/hospitals/central-hospital-llc-sharjah,Sharjah,hospitals,"Sheikh Zayed St,Mysaloon Near Clock Tower - near Clock Tower - Maysaloon - Sharjah - United Arab Emirates",+971 6 563 9900
644,,,,,,,,
645,,,,,,,,
646,name,dar-al-kamal-hospital-l-l-c-sp-sharjah,Dar AL Kamal Hospital,https://www.zavis.ai/directory/sharjah/hospitals/dar-al-kamal-hospital-l-l-c-sp-sharjah,Sharjah,hospitals,Al Sharq St - Al Fisht - Alheera Suburb - Sharjah - United Arab Emirates,+971 6 599 7777
647,,,,,,,,
648,name,new-medical-centre-specialty-hospital-ltd-abu-dhabi-al-ain,New Medical Centre Specialty Hospital LTD-Abu Dhabi,https://www.zavis.ai/directory/al-ain/hospitals/new-medical-centre-specialty-hospital-ltd-abu-dhabi-al-ain,Al Ain,hospitals,Opposite Baladiya Park - Near Ayla hotel - Shakhboot Bin Sultan St - Al Mu'tarid - Oud Al Hassah - Abu Dhabi - United Arab Emirates,+971 800 7030
649,phone,n-m-c-royal-hospital-ltd-abu-dhabi,N M C Royal Hospital,https://www.zavis.ai/directory/abu-dhabi/hospitals/n-m-c-royal-hospital-ltd-abu-dhabi,Abu Dhabi,hospitals,16th St - Khalifa City - SE4 - Abu Dhabi - United Arab Emirates,+971 2 554 5555
650,,,,,,,,
651,,,,,,,,
652,,,,,,,,
653,,,,,,,,
654,,,,,,,,
655,,,,,,,,
656,,,,,,,,
657,name,al-sanaiya-pharmacy-ajman,Al Sanaiya Pharmacy,https://www.zavis.ai/directory/ajman/pharmacy/al-sanaiya-pharmacy-ajman,Ajman,pharmacy,8C97+899 - Industrial Areas - Industrial Area - Sharjah - United Arab Emirates,+971 6 542 1619
658,,,,,,,,
659,,,,,,,,
660,,,,,,,,
661,,,,,,,,
662,,,,,,,,
663,,,,,,,,
664,,,,,,,,
665,,,,,,,,
666,,,,,,,,
667,,,,,,,,
668,,,,,,,,
669,,,,,,,,
670,,,,,,,,
671,,,,,,,,
672,phone,galaxy-pharmacy-ajman,Galaxy Pharmacy,https://www.zavis.ai/directory/ajman/pharmacy/galaxy-pharmacy-ajman,Ajman,pharmacy,شارع الاتحاد - Al Rashidiya 1 - Ajman - United Arab Emirates,+971 6 744 1886
673,,,,,,,,
674,,,,,,,,
675,,,,,,,,
676,,,,,,,,
677,name,al-nuaimia-pharmacy-ajman,AL Nuaimia Pharmacy,https://www.zavis.ai/directory/ajman/pharmacy/al-nuaimia-pharmacy-ajman,Ajman,pharmacy,Shop S 04 - 05 Nuaimiya St - 2 Al Nuaimia - Ajman - United Arab Emirates,+971 6 746 7871
678,,,,,,,,
679,,,,,,,,
680,,,,,,,,
681,name,dajla-pharmacy-l-l-c-ajman,Dajla Pharmacy,https://www.zavis.ai/directory/ajman/pharmacy/dajla-pharmacy-l-l-c-ajman,Ajman,pharmacy,Al Nasser Building - Nuaimiya St - opp. Sharja Cooperative - 3 Al Nuaimia - Ajman - United Arab Emirates,+971 6 746 6704
682,phone,al-najm-pharmacy-ajman,AL Najm Pharmacy,https://www.zavis.ai/directory/ajman/pharmacy/al-najm-pharmacy-ajman,Ajman,pharmacy,10 شارع الصنعاء - Ajman Industrial 2 - Ajman - United Arab Emirates,+971 6 746 8070
683,phone,eve-pharmacy-ajman,Eve Pharmacy,https://www.zavis.ai/directory/ajman/pharmacy/eve-pharmacy-ajman,Ajman,pharmacy,"Shop no 1, J1 Building, Garden City - AL JURF - الحميدية 1 - عجمان - United Arab Emirates",+971 6 731 9825
684,,,,,,,,
685,name,elaj-medical-centre-pharmacy-llc-01-ajman,Elaj Medical Centre Pharmacy LLC 01,https://www.zavis.ai/directory/ajman/pharmacy/elaj-medical-centre-pharmacy-llc-01-ajman,Ajman,pharmacy,One Towers - Sheikh rashid bin omaid road - opp. Ajman - Al Rumailah - Al Rumailah 3 - Ajman - United Arab Emirates,+971 6 748 8808
686,phone,al-hekmah-pharmacy-llc-ajman,AL Hekmah Pharmacy/,https://www.zavis.ai/directory/ajman/pharmacy/al-hekmah-pharmacy-llc-ajman,Ajman,pharmacy,9FP4+M6X - Sheikh Jaber Al-Sabah St - Al Nuaimia 1 - Ajman - United Arab Emirates,+971 6 746 6689
687,,,,,,,,
688,,,,,,,,
689,phone,aster-pharmacy-ajman,Aster Pharmacy,https://www.zavis.ai/directory/ajman/pharmacy/aster-pharmacy-ajman,Ajman,pharmacy,Al Nuaimiyah King Faisal St. Road Behind Al Futtaim Motors and - Splash - النعيمية 2 - عجمان - United Arab Emirates,+971 6 744 4840
690,,,,,,,,
691,,,,,,,,
692,,,,,,,,
693,,,,,,,,
694,phone,aster-pharmacy-154-br-of-aster-pharmacies-group-llc-ajman,Aster Pharmacy 154,https://www.zavis.ai/directory/ajman/pharmacy/aster-pharmacy-154-br-of-aster-pharmacies-group-llc-ajman,Ajman,pharmacy,"Al Aqar Tower 3 , Shop No -27 , Ajman Cornich - الرميلة - الرميلة 2 - عجمان - United Arab Emirates",+971 6 731 4840
695,,,,,,,,
696,phone,alkhaleej-pharmacyajman-ajman,Alkhaleej pharmacyajman,https://www.zavis.ai/directory/ajman/pharmacy/alkhaleej-pharmacyajman-ajman,Ajman,pharmacy,CC3R+PG3 - Al Rashidiya 3 - Ajman - United Arab Emirates,+971 6 744 4189
697,phone,emirates-pharmacy-llc-ajman,Emirates Pharmacy,https://www.zavis.ai/directory/ajman/pharmacy/emirates-pharmacy-llc-ajman,Ajman,pharmacy,CC5V+8FW - Al Bustan - ليوارة 1 - Ajman - United Arab Emirates,+971 6 747 4900
698,,,,,,,,
699,,,,,,,,
700,,,,,,,,
701,name,amina-hospital-pharmacy-ajman,Amina Hospital Pharmacy,https://www.zavis.ai/directory/ajman/pharmacy/amina-hospital-pharmacy-ajman,Ajman,pharmacy,Al Quds St - Al Rashidiya 3 - Ajman - United Arab Emirates,+971 6 711 4444
702,name,al-neem-pharmacy-l-l-c-ajman,AL Neem Pharmacy,https://www.zavis.ai/directory/ajman/pharmacy/al-neem-pharmacy-l-l-c-ajman,Ajman,pharmacy,Ajman - Al Rawda 2 - Ajman - United Arab Emirates,+971 52 490 6165
703,,,,,,,,
704,,,,,,,,
705,name,al-abrar-pharmacy-ajman,AL Abrar Pharmacy,https://www.zavis.ai/directory/ajman/pharmacy/al-abrar-pharmacy-ajman,Ajman,pharmacy,Sheikh Mohammed Bin Zayed Rd - Al Amerah - Ajman - United Arab Emirates,+971 52 301 0340
706,,,,,,,,
707,name,bait-al-neem-pharmacy-llc-ajman,Bait AL Neem Pharmacy,https://www.zavis.ai/directory/ajman/pharmacy/bait-al-neem-pharmacy-llc-ajman,Ajman,pharmacy,Ajman - Al Rawda 2 - Ajman - United Arab Emirates,+971 52 490 6165
708,name,al-zaman-pharmacy-l-l-c-ajman,AL Zaman Pharmacy,https://www.zavis.ai/directory/ajman/pharmacy/al-zaman-pharmacy-l-l-c-ajman,Ajman,pharmacy,Al Majaz 2 - Al Majaz - Sharjah - United Arab Emirates,+971 6 577 1990
709,phone,al-hemaya-pharmacy-ajman,AL Hemaya Pharmacy,https://www.zavis.ai/directory/ajman/pharmacy/al-hemaya-pharmacy-ajman,Ajman,pharmacy,Unnamed Road - CGMG+HQ8 - الجرف الصناعية 1 - عجمان - United Arab Emirates,+971 6 748 7251
710,phone,al-saqer-pharmacy-ajman,AL Saqer Pharmacy,https://www.zavis.ai/directory/ajman/pharmacy/al-saqer-pharmacy-ajman,Ajman,pharmacy,CC6V+9QC - Al Bustan - ليوارة 1 - Ajman - United Arab Emirates,+971 6 748 8329
711,,,,,,,,
712,,,,,,,,
713,,,,,,,,
714,,,,,,,,
715,,,,,,,,
716,name,al-nahrain-pharmacy-ajman,AL Nahrain Pharmacy,https://www.zavis.ai/directory/ajman/pharmacy/al-nahrain-pharmacy-ajman,Ajman,pharmacy,Helio 2 - Ajman - United Arab Emirates,+971 6 744 9207
717,name,al-nahrain-pharmacy-1-llc-ajman,Al Nahrain Pharmacy 1,https://www.zavis.ai/directory/ajman/pharmacy/al-nahrain-pharmacy-1-llc-ajman,Ajman,pharmacy,Helio 2 - Ajman - United Arab Emirates,+971 6 744 9207
718,name,dear-health-pharmacy-ajman,Dear Health Pharmacy,https://www.zavis.ai/directory/ajman/pharmacy/dear-health-pharmacy-ajman,Ajman,pharmacy,Sheikh Rashid Bin Humaid Al Nuaimi St - Al Rashidiya 3 - Ajman - United Arab Emirates,+971 55 823 6761
719,phone,aiwa-pharmacy-ajman,Aiwa Pharmacy,https://www.zavis.ai/directory/ajman/pharmacy/aiwa-pharmacy-ajman,Ajman,pharmacy,Sheikh Rashid Bin Humeed St - Al Rashidiya 3 - Ajman - United Arab Emirates,+971 6 744 5575
720,,,,,,,,
721,,,,,,,,
722,,,,,,,,
723,,,,,,,,
724,phone,alseha-pharmacy-llc-ajman,Alseha Pharmacy,https://www.zavis.ai/directory/ajman/pharmacy/alseha-pharmacy-llc-ajman,Ajman,pharmacy,BESIDES AMINA HOSPITAL - Al Quds St - opposite MOSQUE ABDULLA BIN RAWAHA - Al Rashidiya 3 - Ajman - United Arab Emirates,+971 6 745 7887
725,name,alya-pharmacy-ajman,Alya Pharmacy,https://www.zavis.ai/directory/ajman/pharmacy/alya-pharmacy-ajman,Ajman,pharmacy,Ajman - Ajman Industrial 2 - Ajman - United Arab Emirates,+971 50 146 3017
726,phone,al-omair-pharmacy-ajman,AL Omair Pharmacy,https://www.zavis.ai/directory/ajman/pharmacy/al-omair-pharmacy-ajman,Ajman,pharmacy,behind Lulu Hypermarket - Al Bustan - Liwara-2 - Ajman - United Arab Emirates,+971 56 329 0848
727,,,,,,,,
728,,,,,,,,
729,,,,,,,,
730,name,eazy-care-pharmacy-l-l-c-ajman,Eazy Care Pharmacy,https://www.zavis.ai/directory/ajman/pharmacy/eazy-care-pharmacy-l-l-c-ajman,Ajman,pharmacy,9F8R+FWC - Al Muwaihat 3 - Ajman - United Arab Emirates,+971 56 895 5164
731,,,,,,,,
732,name,care-hospital-pharmacy-al-ain,Care Hospital Pharmacy,https://www.zavis.ai/directory/al-ain/pharmacy/care-hospital-pharmacy-al-ain,Al Ain,pharmacy,Al Anwar street - Al Jahili - Hai Al Qalaa - Abu Dhabi - United Arab Emirates,+9713-7552291
733,,,,,,,,
734,,,,,,,,
735,name,medstar-pharmacy-sanaiya-alain-l-l-c-o-p-c-al-ain,Medstar Pharmacy Sanaiya Alain,https://www.zavis.ai/directory/al-ain/pharmacy/medstar-pharmacy-sanaiya-alain-l-l-c-o-p-c-al-ain,Al Ain,pharmacy,Industrial Area Al Ain near Taqwa Mosque Khaleefa Salmeen Building Street no. 1 Near Taqwa Mosque - المنطقة الصناعية - شعبة السلم - أبو ظبي - United Arab Emirates,+971 3 763 3117
736,,,,,,,,
737,name,emirates-international-hospital-pharmacy-sole-proprietorship-l-l-c-al-ain,Emirates International Hospital Pharmacy,https://www.zavis.ai/directory/al-ain/pharmacy/emirates-international-hospital-pharmacy-sole-proprietorship-l-l-c-al-ain,Al Ain,pharmacy,Al Khabeesi - Al Jimi - Civic Center - Abu Dhabi - United Arab Emirates,+97137637777
738,,,,,,,,
739,,,,,,,,
740,,,,,,,,
741,name,al-khazna-health-pharmacy-al-ain,AL Khazna Health Pharmacy,https://www.zavis.ai/directory/al-ain/pharmacy/al-khazna-health-pharmacy-al-ain,Al Ain,pharmacy,Third street - طريق العين - الخزنة - الخزنة 1 - أبو ظبي - United Arab Emirates,+97124917599
742,,,,,,,,
743,,,,,,,,
744,phone,al-ain-al-ahalia-pharmacy-al-ain,AL Ain AL Ahalia Pharmacy,https://www.zavis.ai/directory/al-ain/pharmacy/al-ain-al-ahalia-pharmacy-al-ain,Al Ain,pharmacy,"Al Ain, Al Ain",+971 3 755 7979
745,phone,noor-alahli-pharmacy-l-l-c-al-ain,Noor Alahli Pharmacy,https://www.zavis.ai/directory/al-ain/pharmacy/noor-alahli-pharmacy-l-l-c-al-ain,Al Ain,pharmacy,Industrial Area - Leetag - Abu Dhabi - United Arab Emirates,+97137673627
746,phone,modern-pharmacy-l-l-c-branch-of-abu-dhabi-3-al-ain,Modern Pharmacy,https://www.zavis.ai/directory/al-ain/pharmacy/modern-pharmacy-l-l-c-branch-of-abu-dhabi-3-al-ain,Al Ain,pharmacy,"Shop No: A-18, Makani Mall - نعمة - نعمة 2 - أبو ظبي - United Arab Emirates",+9713-7374622
747,phone,al-raneen-pharmacy-l-l-c-al-ain,AL Raneen Pharmacy,https://www.zavis.ai/directory/al-ain/pharmacy/al-raneen-pharmacy-l-l-c-al-ain,Al Ain,pharmacy,Zayed Bin Sultan St - Central District - Hai Al Murabbaa - Abu Dhabi - United Arab Emirates,+97137365679
748,,,,,,,,
749,name,falaj-hazzaa-pharmacy-al-ain,Falaj Hazzaa Pharmacy,https://www.zavis.ai/directory/al-ain/pharmacy/falaj-hazzaa-pharmacy-al-ain,Al Ain,pharmacy,HOME ROYAL HYPERMARKET Building - Falaj Hazza' - Jefeer Jedeed - Abu Dhabi - United Arab Emirates,+9713-7806111
750,phone,bab-al-madina-medical-center-l-l-c-abu-dhabi,Bab AL Madina Medical Center,https://www.zavis.ai/directory/abu-dhabi/clinics/bab-al-madina-medical-center-l-l-c-abu-dhabi,Abu Dhabi,clinics,Musaffah - M26 - Abu Dhabi - United Arab Emirates,+971(971)-2-6422464
751,phone,al-zia-pharmacy-l-l-c-abu-dhabi,Al Zia Pharmacy,https://www.zavis.ai/directory/abu-dhabi/pharmacy/al-zia-pharmacy-l-l-c-abu-dhabi,Abu Dhabi,pharmacy,"Musaffah, Abu Dhabi",+971(971)-2-5529220
752,name,lahore-pharmacy-l-l-c-abu-dhabi,Lahore Pharmacy,https://www.zavis.ai/directory/abu-dhabi/pharmacy/lahore-pharmacy-l-l-c-abu-dhabi,Abu Dhabi,pharmacy,9GFJ+825 - Mohamed Bin Zayed City - ME3 - Abu Dhabi - United Arab Emirates,+971 2 552 2009
753,,,,,,,,
754,name,bab-al-teb-pharmacy-sole-proprietorship-l-l-c-abu-dhabi,Bab AL Teb Pharmacy,https://www.zavis.ai/directory/abu-dhabi/pharmacy/bab-al-teb-pharmacy-sole-proprietorship-l-l-c-abu-dhabi,Abu Dhabi,pharmacy,8FXF+7F6 - Musaffah - M44 - Abu Dhabi - United Arab Emirates,+971 2 309 4900
755,,,,,,,,
756,,,,,,,,
757,,,,,,,,
758,phone,ghazal-al-jabal-pharmacy-dubai,Ghazal Al Jabal Pharmacy,https://www.zavis.ai/directory/dubai/pharmacy/ghazal-al-jabal-pharmacy-dubai,Dubai,pharmacy,7C8G+PVQ - 2 - Muhaisanah Second - Muhaisanah 2 - Dubai - United Arab Emirates,+971 4 254 0460
759,name,al-jaseel-pharmacy-llc-dubai,Al Jaseel Pharmacy,https://www.zavis.ai/directory/dubai/pharmacy/al-jaseel-pharmacy-llc-dubai,Dubai,pharmacy,"Sayed Salahuddin Sayed Mohammad Alhashimi And Sayed Hashim Sayed Mohammad Alhashimi, al waha st , AL QOUZ FOURTH, Dubai",+971 4 321 3441
760,phone,mother-pharmacy-dubai,Mother Pharmacy,https://www.zavis.ai/directory/dubai/pharmacy/mother-pharmacy-dubai,Dubai,pharmacy,"Al Falasi Bldg, Abu Baker Al Siddique Road, Hor Al Anz, HOR AL ANZ, Dubai",+971 4 297 4329
761,name,care-well-pharmacy-l-l-c-dubai,Care Well Pharmacy,https://www.zavis.ai/directory/dubai/pharmacy/care-well-pharmacy-l-l-c-dubai,Dubai,pharmacy,17 17B St - Al Qouz Ind.third - Al Quoz - Dubai - United Arab Emirates,+971 4 341 9008
762,phone,wellcare-pharmacy-l-l-c-dubai,Wellcare Pharmacy,https://www.zavis.ai/directory/dubai/pharmacy/wellcare-pharmacy-l-l-c-dubai,Dubai,pharmacy,Al-Adeem Center - Latifa Bint-E-Hamdan Street - 67د‎‎ - القوز الثالثة - القوز - دبي - United Arab Emirates,+971 4 232 2211
763,,,,,,,,
764,phone,vita-care-pharmacy-l-l-c-dubai,Vita Care Pharmacy,https://www.zavis.ai/directory/dubai/pharmacy/vita-care-pharmacy-l-l-c-dubai,Dubai,pharmacy,"Bakhita Saeed Mubarak Al Shamsi  Alrowaa 1, Al Hudaiba Street 35, Al Satwa, Dubai",+971 4 342 5556
765,,,,,,,,
766,phone,ajmal-pharmacy-dubai,Ajmal Pharmacy,https://www.zavis.ai/directory/dubai/pharmacy/ajmal-pharmacy-dubai,Dubai,pharmacy,"Jumbo Building, 45b Street 38, Al Karama, Dubai",+971 4 336 0801
767,name,unity-pharmacy-llc-dubai,Unity Pharmacy,https://www.zavis.ai/directory/dubai/pharmacy/unity-pharmacy-llc-dubai,Dubai,pharmacy,"nearby Dala tourism and travel, 25c Street 23, AL SUQ AL KABEER, Dubai",+971 52 480 3925
768,name,y-a-z-pharmacy-l-l-c-dubai,Y A Z Pharmacy,https://www.zavis.ai/directory/dubai/pharmacy/y-a-z-pharmacy-l-l-c-dubai,Dubai,pharmacy,Al Hazm Building - shop no 16 - Al Rasheed Rd - Hor Al Anz - Deira - Dubai - United Arab Emirates,+971 52 480 3795
769,phone,medicom-pharmacy-31-dubai,Medicom Pharmacy 31,https://www.zavis.ai/directory/dubai/pharmacy/medicom-pharmacy-31-dubai,Dubai,pharmacy,"Ahmed Ramadha Juma, 8a Street 71, Al Satwa, Dubai",+971 4 385 9232
770,phone,medseven-pharmacy-ltd-dubai,Medseven Pharmacy,https://www.zavis.ai/directory/dubai/pharmacy/medseven-pharmacy-ltd-dubai,Dubai,pharmacy,"PARK TOWER, Al Mustaqbal Street, TRADE CENTER SECOND, Dubai",+971 4 546 7274
771,phone,al-nahda-pharmacy-dubai,Al Nahda Pharmacy,https://www.zavis.ai/directory/dubai/pharmacy/al-nahda-pharmacy-dubai,Dubai,pharmacy,"R356, 15a street 1b, RAS AL KHOR INDUSTRIAL THIRD, Dubai",+971 4 320 0501
772,phone,green-belt-pharmacy-llc-dubai,Green Belt Pharmacy,https://www.zavis.ai/directory/dubai/pharmacy/green-belt-pharmacy-llc-dubai,Dubai,pharmacy,"Gold Building,  مقابل المستشفى الكندي شارع هور العنز شرق 6, HOR AL ANZ EAST, Dubai",+971 4 399 1839
773,name,med-care-pharmacy-llc-dubai,Med Care Pharmacy,https://www.zavis.ai/directory/dubai/pharmacy/med-care-pharmacy-llc-dubai,Dubai,pharmacy,"Ss Lootah Building 297, Al Nahda Street 167, AL QUSAIS SECOND, Dubai",+971 54 710 8796
774,,,,,,,,
775,phone,rx-pharmacy-dubai,Rx Pharmacy,https://www.zavis.ai/directory/dubai/pharmacy/rx-pharmacy-dubai,Dubai,pharmacy,"Ahmed Plaza, 35a Street 2  opp faith pharmacy, AL MURAR, Dubai",+971 4 355 5129
776,,,,,,,,
777,,,,,,,,
778,,,,,,,,
779,,,,,,,,
780,phone,apple-care-pharmacy-l-l-c-dubai,Apple Care Pharmacy,https://www.zavis.ai/directory/dubai/pharmacy/apple-care-pharmacy-l-l-c-dubai,Dubai,pharmacy,France P04 - P4 - Warsan First - Dubai International City - Dubai - United Arab Emirates,+971 4 432 2568
781,phone,apple-care-pharmacy-llc-branch-dubai,Apple Care Pharmacy,https://www.zavis.ai/directory/dubai/pharmacy/apple-care-pharmacy-llc-branch-dubai,Dubai,pharmacy,Greece L-10 - K14 - Warsan First - Dubai International City - Dubai - United Arab Emirates,+971 4 277 6210
782,,,,,,,,
783,name,harley-international-medical-clinic-pharmacy-branch-dubai,Harley International Medical Clinic Pharmacy,https://www.zavis.ai/directory/dubai/pharmacy/harley-international-medical-clinic-pharmacy-branch-dubai,Dubai,pharmacy,"Nashwan Building, Sheikh Sabah Al Ahmad Al Jaber Al Sabah Street, MANKHOOL, Dubai",+971 4 398 6677
784,name,gsm-greens-pharmacy-l-l-c-dubai,GSM Greens Pharmacy,https://www.zavis.ai/directory/dubai/pharmacy/gsm-greens-pharmacy-l-l-c-dubai,Dubai,pharmacy,DIP Green Community European Business Center G 29 - مجمع دبي للاستثمار الأول - قرية المجتمع الخضراء - دبي - United Arab Emirates,+971 4 883 3177
785,phone,grand-infinity-pharmacy-llc-branch-dubai,Grand Infinity Pharmacy,https://www.zavis.ai/directory/dubai/pharmacy/grand-infinity-pharmacy-llc-branch-dubai,Dubai,pharmacy,Street - next to Grand Infinity Medical Center - Muteena - Deira - Dubai - United Arab Emirates,+971 4 336 1148
786,name,bab-al-noor-pharmacy-llc-dubai,Bab Al Noor Pharmacy,https://www.zavis.ai/directory/dubai/pharmacy/bab-al-noor-pharmacy-llc-dubai,Dubai,pharmacy,near Grand Hyper - Muhaisanah Second - Muhaisnah - Dubai - United Arab Emirates,+971 4 344 4293
787,name,zahrat-al-noor-pharmacy-llc-dubai,Zahrat Al Noor Pharmacy,https://www.zavis.ai/directory/dubai/pharmacy/zahrat-al-noor-pharmacy-llc-dubai,Dubai,pharmacy,Dubai Investment Park - 2 - مجمع دبي للاستثمار الثاني - دبي - United Arab Emirates,
788,phone,good-will-clinic-llc-dubai,Good Will Clinic,https://www.zavis.ai/directory/dubai/clinics/good-will-clinic-llc-dubai,Dubai,clinics,Jebel Ali Industrial Area - Dubai - United Arab Emirates,+971 4 884 8777
789,name,nad-al-hamar-pharmacy-dubai,Nad Al Hamar Pharmacy,https://www.zavis.ai/directory/dubai/pharmacy/nad-al-hamar-pharmacy-dubai,Dubai,pharmacy,Al Khail Mall - Al Qouz Third - Al Quoz - Dubai - United Arab Emirates,+971 4 328 4298
790,,,,,,,,
791,phone,lotus-pharmacy-l-l-c-dubai,Lotus Pharmacy,https://www.zavis.ai/directory/dubai/pharmacy/lotus-pharmacy-l-l-c-dubai,Dubai,pharmacy,Damascus Street - near New Lotus Clinic - Al Qusais - Al Qusais 1 - Dubai - United Arab Emirates,+971 4 343 3134
792,phone,faith-pharmacy-l-l-c-dubai,Faith Pharmacy,https://www.zavis.ai/directory/dubai/pharmacy/faith-pharmacy-l-l-c-dubai,Dubai,pharmacy,Naif Rd - Al Murar - Dubai - United Arab Emirates,+971 4 272 4279
793,name,al-tamimi-pharmacy-dubai,Al Tamimi Pharmacy,https://www.zavis.ai/directory/dubai/pharmacy/al-tamimi-pharmacy-dubai,Dubai,pharmacy,"Al Qoze 1, 17b Street 43, AL QOUZ FIRST, Dubai",+971 54 701 5876
794,,,,,,,,
795,phone,muriat-pharmacy-l-l-c-dubai,Muriat Pharmacy,https://www.zavis.ai/directory/dubai/pharmacy/muriat-pharmacy-l-l-c-dubai,Dubai,pharmacy,"Mohammed Saeed Hareb Building, شارع 23 20, OUD METHA, Dubai",+971 4 379 6771
796,phone,mashreq-pharmacy-dubai,Mashreq Pharmacy,https://www.zavis.ai/directory/dubai/pharmacy/mashreq-pharmacy-dubai,Dubai,pharmacy,"AL GHAZAL BUILDING, Damascus Street 260/2, AL QUSAIS SECOND, Dubai",+971 4 263 4081
797,phone,rokn-al-mezher-pharmacy-dubai,Rokn Al Mezher Pharmacy,https://www.zavis.ai/directory/dubai/pharmacy/rokn-al-mezher-pharmacy-dubai,Dubai,pharmacy,"Naser Loutah, Al Nahda Street 128, AL TWAR FIRST, Dubai",+971 4 263 5469
798,phone,qalb-al-iman-pharmacy-l-l-c-dubai,Qalb Al Iman Pharmacy,https://www.zavis.ai/directory/dubai/pharmacy/qalb-al-iman-pharmacy-l-l-c-dubai,Dubai,pharmacy,"101 Plot No-Shop No 1, 24 Street 37, AL MURAR, Dubai",+971 4 272 3240
799,,,,,,,,
800,phone,al-safa-al-quoz-pharmacy-dubai,Al Safa Al Quoz Pharmacy,https://www.zavis.ai/directory/dubai/pharmacy/al-safa-al-quoz-pharmacy-dubai,Dubai,pharmacy,"Mizin 3, mizin 3 AL BARARI, WADI AL SAFA 3, Dubai",+971 4 380 8824
801,name,grand-muriat-pharmacy-llc-dubai,Grand Muriat Pharmacy,https://www.zavis.ai/directory/dubai/pharmacy/grand-muriat-pharmacy-llc-dubai,Dubai,pharmacy,8 Al Hamriya St - Abu Hail - Deira - Dubai - United Arab Emirates,+971 55 674 3634
802,name,al-farah-pharmacy-llc-dubai,Al Farah Pharmacy,https://www.zavis.ai/directory/dubai/pharmacy/al-farah-pharmacy-llc-dubai,Dubai,pharmacy,"Mohamed Ahmed Dhaen Alqemzi Building, 13 Street, AL NAHDA FIRST, Dubai",+971 6 536 3707
803,phone,al-ahram-pharmacy-dubai,Al Ahram Pharmacy,https://www.zavis.ai/directory/dubai/pharmacy/al-ahram-pharmacy-dubai,Dubai,pharmacy,"Khalifa Bin Bhaen Al Muhairi, Al Satwa, Al Satwa, Dubai",+971 4 331 8060
804,phone,al-khan-pharmacy-dubai,Al Khan Pharmacy,https://www.zavis.ai/directory/dubai/pharmacy/al-khan-pharmacy-dubai,Dubai,pharmacy,"Sunshine 2 fish roundabout, Al Maktoum Hospital Road, AL MURQABAT, Dubai",+971 4 236 2048
805,name,medi-green-pharmacy-llc-branch-dubai,Medi Green Pharmacy,https://www.zavis.ai/directory/dubai/pharmacy/medi-green-pharmacy-llc-branch-dubai,Dubai,pharmacy,"Building 11, 20 Street 41, AL MURAR, Dubai",+971 4 254 2757
806,phone,dar-alnaseem-pharmacy-l-l-c-dubai,Dar Alnaseem Pharmacy,https://www.zavis.ai/directory/dubai/pharmacy/dar-alnaseem-pharmacy-l-l-c-dubai,Dubai,pharmacy,"Albayan Plaza, Beirut Street, MUHAISANAH FOURTH, Dubai",+971 4 257 6266
807,name,ardh-al-naseem-pharmacy-dubai,Ardh Al Naseem Pharmacy,https://www.zavis.ai/directory/dubai/pharmacy/ardh-al-naseem-pharmacy-dubai,Dubai,pharmacy,54 Amman St - Al Nahda Second - Al Nahda - Dubai - United Arab Emirates,+971 50 261 1887
808,name,al-naseem-pharmacy-l-l-c-dubai,Al Naseem Pharmacy,https://www.zavis.ai/directory/dubai/pharmacy/al-naseem-pharmacy-l-l-c-dubai,Dubai,pharmacy,"Qusais Manzil, Al Qusais, AL QUSAIS FIRST, Dubai",+971 4 263 5277
809,phone,medi-green-pharmacy-llc-branch-dubai,Medi Green Pharmacy,https://www.zavis.ai/directory/dubai/pharmacy/medi-green-pharmacy-llc-branch-dubai,Dubai,pharmacy,"Building 11, 20 Street 41, AL MURAR, Dubai",+971 4 254 2757
810,name,faith-acacia-pharmacy-llc-dubai,Faith Acacia Pharmacy,https://www.zavis.ai/directory/dubai/pharmacy/faith-acacia-pharmacy-llc-dubai,Dubai,pharmacy,"Sites,Soufuh Gardens - Al Sufouh - Al Sufouh 1 - Dubai - United Arab Emirates",+971 54 701 5865
811,name,faith-cap-1-pharmacy-l-l-c-dubai,Faith Cap 1 Pharmacy,https://www.zavis.ai/directory/dubai/pharmacy/faith-cap-1-pharmacy-l-l-c-dubai,Dubai,pharmacy,ENOC PETROL STATION 1014 - D93 Tunis St - Al Mizhar First - Al Mizhar - Dubai - United Arab Emirates,+971 56 651 3603
812,name,faith-european-pharmacy-llc-dubai,Faith European Pharmacy,https://www.zavis.ai/directory/dubai/pharmacy/faith-european-pharmacy-llc-dubai,Dubai,pharmacy,MEYAN MALL - شارع الثنيه - أم سقيم الثانية - ام سقيم ٢ - دبي - United Arab Emirates,+971 56 651 2161
813,name,faith-jabal-pharmacy-l-l-c-dubai,Faith jabal Pharmacy,https://www.zavis.ai/directory/dubai/pharmacy/faith-jabal-pharmacy-l-l-c-dubai,Dubai,pharmacy,SHOP NO.4 LABOUR CAMP BUILDING NEARBY FAITH JABAL MEDICAL CENTRE LLC OPP SHAKLAN 4 SUPERMARKET IND AREA 1 - ميناء جبل علي - منطقة جبل علي الصناعية - دبي - United Arab Emirates,+971 50 566 1793
814,,,,,,,,
815,phone,experts-pharmacy-dubai,Experts Pharmacy,https://www.zavis.ai/directory/dubai/pharmacy/experts-pharmacy-dubai,Dubai,pharmacy,"GROUND FLOOR, Al Khail Mall - SHOP NO.10 - Latifa Bint Hamdan St - Al Qouz Fourth - Al Quoz - Dubai - United Arab Emirates",+971 4 330 7808
816,,,,,,,,
817,phone,new-smile-pharmacy-dubai,New Smile Pharmacy,https://www.zavis.ai/directory/dubai/pharmacy/new-smile-pharmacy-dubai,Dubai,pharmacy,"Al Reem Estate, 28 Street 38, AL QOUZ INDUSTRIAL SECOND, Dubai",+971 4 338 1330
818,phone,smile-pharmacy-dubai,Smile Pharmacy,https://www.zavis.ai/directory/dubai/pharmacy/smile-pharmacy-dubai,Dubai,pharmacy,"Al Abbar, 33a Street, MUHAISANAH FIRST, Dubai",+971 4 264 3567
819,name,west-hill-pharmacy-dubai,West Hill Pharmacy,https://www.zavis.ai/directory/dubai/pharmacy/west-hill-pharmacy-dubai,Dubai,pharmacy,"JABEL ALI GATE MALL, 80 Street, JABAL ALI INDUSTRIAL FIRST, Dubai",+971 4 333 7089
820,,,,,,,,
821,name,east-hill-pharmacy-dubai,East Hill Pharmacy,https://www.zavis.ai/directory/dubai/pharmacy/east-hill-pharmacy-dubai,Dubai,pharmacy,behind Salam Al-Madina Supermarket - Jebel Ali Industrial Area - Dubai - United Arab Emirates,+971 4 887 7753
822,name,hill-life-pharmacy-l-l-c-dubai,Hill Life Pharmacy,https://www.zavis.ai/directory/dubai/pharmacy/hill-life-pharmacy-l-l-c-dubai,Dubai,pharmacy,7B 41st St - near to Dr Ismial Day Surgical Centre - Al Karama - Dubai - United Arab Emirates,+971 4 323 2286
823,phone,fit-for-life-pharmacy-llc-dubai,Fit For Life Pharmacy,https://www.zavis.ai/directory/dubai/pharmacy/fit-for-life-pharmacy-llc-dubai,Dubai,pharmacy,Nesto Hypermarket - Mina Jebel Ali - Industrial Area 1 - Dubai - United Arab Emirates,+971 4 883 6865
824,name,life-guard-pharmacy-llc-dubai,Life Guard Pharmacy,https://www.zavis.ai/directory/dubai/pharmacy/life-guard-pharmacy-llc-dubai,Dubai,pharmacy,564X+8CV - Al Qouz Third - Al Quoz - Dubai - United Arab Emirates,+971 4 580 9681
825,,,,,,,,
826,,,,,,,,
827,,,,,,,,
828,,,,,,,,
829,,,,,,,,
830,phone,badr-al-samaa-medical-centre-dubai,Badr Al Samaa Medical Centre,https://www.zavis.ai/directory/dubai/clinics/badr-al-samaa-medical-centre-dubai,Dubai,clinics,"Esag Al Musalla Building, Sabah Al Ahmed Al Jaber Al Sabah Street 71, MANKHOOL, Dubai",+971 4 357 8681
831,,,,,,,,
832,name,axon-medica-pharma-l-l-c-dubai,Axon Medica Pharma,https://www.zavis.ai/directory/dubai/pharmacy/axon-medica-pharma-l-l-c-dubai,Dubai,pharmacy,"Union Co-operative Building, Rashidiya Central Market - 33A St - next to Rashidiya Police Station - Al Rashidiya - Dubai - United Arab Emirates",+971 4 285 9880
833,,,,,,,,
834,name,primacare-pharmacy-l-l-c-dubai,Primacare Pharmacy,https://www.zavis.ai/directory/dubai/pharmacy/primacare-pharmacy-l-l-c-dubai,Dubai,pharmacy,"AHMED HAMDAN BUDHEB, 43a Street 5, AL SUQ AL KABEER, Dubai",+971 50 718 6589
835,phone,aster-pharmacy-128-brof-aster-pharmacies-group-llc-dubai,Aster Pharmacy 128 Brof Aster Pharmacies Group,https://www.zavis.ai/directory/dubai/pharmacy/aster-pharmacy-128-brof-aster-pharmacies-group-llc-dubai,Dubai,pharmacy,Enoc Petrol Station، Dubai 1076 - 1 Umm Suqeim St - Al Barsha South First - Al Barsha South - Dubai - United Arab Emirates,+971 4 440 5945
836,phone,aster-pharmacy-132-brof-aster-pharmacies-group-llc-dubai,Aster Pharmacy 132 Brof Aster Pharmacies Group,https://www.zavis.ai/directory/dubai/pharmacy/aster-pharmacy-132-brof-aster-pharmacies-group-llc-dubai,Dubai,pharmacy,"Sheikh Suhail Building, Hor Al Anz East - Abu Hail St - near Aster Clinic - Hor Al Anz East - Deira - Dubai - United Arab Emirates",+971 4 269 2835
837,,,,,,,,
838,,,,,,,,
839,phone,golden-sands-pharmacy-br-of-aster-pharmacies-group-llc-dubai,Golden Sands Pharmacy,https://www.zavis.ai/directory/dubai/pharmacy/golden-sands-pharmacy-br-of-aster-pharmacies-group-llc-dubai,Dubai,pharmacy,"Bur Dubai,Near Al Ain Centre (backside) Al Fahidi Metro Station - المنخول - دبي - United Arab Emirates",+971 4 351 1444
840,name,medicine-shoppe-micro-pharmacy-br-of-aster-pharmacies-group-l-l-c-dubai,Medicine Shoppe Micro Pharmacy,https://www.zavis.ai/directory/dubai/pharmacy/medicine-shoppe-micro-pharmacy-br-of-aster-pharmacies-group-l-l-c-dubai,Dubai,pharmacy,"Saratoga Building, 22 Street, AL BARSHA FIRST, Dubai",+971 4 429 8294
841,phone,medicom-pharmacy-7-br-of-aster-pharmacies-group-l-l-c-dubai,Medicom Pharmacy 7,https://www.zavis.ai/directory/dubai/pharmacy/medicom-pharmacy-7-br-of-aster-pharmacies-group-l-l-c-dubai,Dubai,pharmacy,"Ghanm Bin Yaroof Mr Naresh, Al Mezher Mall, AL MIZHAR FIRST, Dubai",+971 4 287 6804
842,phone,aster-pharmacy-204-br-of-aster-pharmacies-group-llc-dubai,Aster Pharmacy 204,https://www.zavis.ai/directory/dubai/pharmacy/aster-pharmacy-204-br-of-aster-pharmacies-group-llc-dubai,Dubai,pharmacy,11 40 St - Al Qusais - Al Qusais 1 - Dubai - United Arab Emirates,+971 4 220 3889
843,,,,,,,,
844,,,,,,,,
845,,,,,,,,
846,phone,alfa-pharmacy-br-of-aster-pharmacies-group-llc-dubai,Alfa Pharmacy,https://www.zavis.ai/directory/dubai/pharmacy/alfa-pharmacy-br-of-aster-pharmacies-group-llc-dubai,Dubai,pharmacy,"Al Fattan175-0, 5 Street 6, AL QUSAIS INDUSTRIAL SECOND, Dubai",+971 4 280 6714
847,phone,aster-pharmacy-101-br-of-aster-pharmacies-groupllc-dubai,Aster Pharmacy 101,https://www.zavis.ai/directory/dubai/pharmacy/aster-pharmacy-101-br-of-aster-pharmacies-groupllc-dubai,Dubai,pharmacy,"Aqu - D93 - Al Qusais 1 - Dubai Sheikh Colony, Near DAFZA metro Station, Dubai - القصيص - القصيص ١ - دبي - United Arab Emirates",+971 4 238 2342
848,phone,avenue-pharmacy-br-of-aster-pharmacies-group-llc-dubai,Avenue Pharmacy,https://www.zavis.ai/directory/dubai/pharmacy/avenue-pharmacy-br-of-aster-pharmacies-group-llc-dubai,Dubai,pharmacy,Aspect Tower - Sheikh Zayed Rd - Business Bay - Dubai - United Arab Emirates,+971 4 435 7450
849,,,,,,,,
850,phone,medicom-pharmacy-12-br-of-aster-pharmacies-group-l-l-c-dubai,Medicom Pharmacy 12,https://www.zavis.ai/directory/dubai/pharmacy/medicom-pharmacy-12-br-of-aster-pharmacies-group-l-l-c-dubai,Dubai,pharmacy,"Aster Pharmacy - Al Rashidiya, Dubai (Medicom 12)",+971 4 285 9110
851,phone,asma-pharmacy-br-of-aster-pharmacies-group-l-l-c-dubai,Asma Pharmacy,https://www.zavis.ai/directory/dubai/pharmacy/asma-pharmacy-br-of-aster-pharmacies-group-l-l-c-dubai,Dubai,pharmacy,"Souq Al Wasal , OppositeGate No : 3 Deira - Naif Rd - Naif - Deira - Dubai - United Arab Emirates",+971 4 222 2786
852,,,,,,,,
853,,,,,,,,
854,,,,,,,,
855,,,,,,,,
856,phone,aster-pharmacy103-br-of-aster-pharmacies-group-llc-dubai,Aster Pharmacy103,https://www.zavis.ai/directory/dubai/pharmacy/aster-pharmacy103-br-of-aster-pharmacies-group-llc-dubai,Dubai,pharmacy,"Persia Cluster , International City , Attached to Access Clinic - ورسان الأولى - مدينة دبي العالمية - دبي - United Arab Emirates",+971 4 276 5802
857,name,new-al-shifa-pharmacy-br-of-aster-pharmacies-group-l-l-c-dubai,New AL Shifa Pharmacy,https://www.zavis.ai/directory/dubai/pharmacy/new-al-shifa-pharmacy-br-of-aster-pharmacies-group-l-l-c-dubai,Dubai,pharmacy,"Ici-Rus-V20, rus cluster V20, WARSAN FIRST, Dubai",+971 2 555 7939
858,,,,,,,,
859,,,,,,,,
860,name,al-faisal-pharmacy-br-of-aster-al-shafar-pharmacies-group-llc-dubai,AL Faisal Pharmacy,https://www.zavis.ai/directory/dubai/pharmacy/al-faisal-pharmacy-br-of-aster-al-shafar-pharmacies-group-llc-dubai,Dubai,pharmacy,"Al Shafar  Choitram Supermarket Building, Al Besheen Street 89, UM SUQAIM SECOND, Dubai",+971 4 368 7450
861,,,,,,,,
862,,,,,,,,
863,,,,,,,,
864,,,,,,,,
865,,,,,,,,
866,phone,medicom-pharmacy-5-br-of-aster-pharmacies-group-l-l-c-dubai,Medicom Pharmacy 5,https://www.zavis.ai/directory/dubai/pharmacy/medicom-pharmacy-5-br-of-aster-pharmacies-group-l-l-c-dubai,Dubai,pharmacy,"Emirates coop, 18c Street 1h, AL TWAR SECOND, Dubai",+971 4 264 9929
867,phone,jabal-ali-gardens-pharmacy-al-shafar-group-dubai,Jabal Ali Gardens Pharmacy(Al Shafar Group),https://www.zavis.ai/directory/dubai/pharmacy/jabal-ali-gardens-pharmacy-al-shafar-group-dubai,Dubai,pharmacy,ENOC Station، Discovery Gardern - behind IBN Batuta Mall - Jebel Ali Village - Dubai - United Arab Emirates,+971 4 882 0808
868,,,,,,,,
869,phone,aster-pharmacy-152-brof-aster-pharmacies-group-llc-dubai,Aster Pharmacy 152 Brof Aster Pharmacies Group,https://www.zavis.ai/directory/dubai/pharmacy/aster-pharmacy-152-brof-aster-pharmacies-group-llc-dubai,Dubai,pharmacy,Jafza Commercial Center Jafza Commercial Center Jebel Ali Freezone South - Jabal Ali Industrial Second - Dubai - United Arab Emirates,+971 4 880 9102
870,,,,,,,,
871,phone,umm-hurair-pharmacy-al-shafar-group-dubai,Umm Hurair Pharmacy(Al Shafar Group),https://www.zavis.ai/directory/dubai/pharmacy/umm-hurair-pharmacy-al-shafar-group-dubai,Dubai,pharmacy,"J3 Mall, 2c Street 94, Al Manara, Dubai",+971 4 338 3766
872,,,,,,,,
873,,,,,,,,
874,,,,,,,,
875,,,,,,,,
876,phone,panacea-pharmacy-reef-dubai,Panacea Pharmacy Reef,https://www.zavis.ai/directory/dubai/pharmacy/panacea-pharmacy-reef-dubai,Dubai,pharmacy,"Al Reef Mall, 12b Street 31, AL MURQABAT, Dubai",+971 4 223 9805
877,phone,aster-pharmacy-138-brof-aster-pharmacies-group-llc-dubai,Aster Pharmacy 138 Brof Aster Pharmacies Group,https://www.zavis.ai/directory/dubai/pharmacy/aster-pharmacy-138-brof-aster-pharmacies-group-llc-dubai,Dubai,pharmacy,Street - 4C Sheikh Khalifa Bin Zayed St - Al Karama - Dubai - United Arab Emirates,+971 4 337 7329
878,phone,aster-pharmacy-129-brof-aster-pharmacies-group-llc-dubai,Aster Pharmacy 129 Brof Aster Pharmacies Group,https://www.zavis.ai/directory/dubai/pharmacy/aster-pharmacy-129-brof-aster-pharmacies-group-llc-dubai,Dubai,pharmacy,Morjana Plaza - near Big Mosque - Al Satwa - Dubai - United Arab Emirates,+971 4 359 0530
879,phone,aster-pharmacy-124-brof-aster-pharmacies-group-llc-dubai,Aster Pharmacy 124 Brof Aster Pharmacies Group,https://www.zavis.ai/directory/dubai/pharmacy/aster-pharmacy-124-brof-aster-pharmacies-group-llc-dubai,Dubai,pharmacy,"Marina, Sukoon Tower - Marsa Dubai - Dubai Marina - Dubai - United Arab Emirates",+971 4 554 6282
880,,,,,,,,
881,,,,,,,,
882,name,al-raha-pharmacy-br-of-aster-pharmacies-group-llc-dubai,AL Raha Pharmacy,https://www.zavis.ai/directory/dubai/pharmacy/al-raha-pharmacy-br-of-aster-pharmacies-group-llc-dubai,Dubai,pharmacy,"Abdullah Bin Darwish Hassan, Souk Al Kabeer, AL SUQ AL KABEER, Dubai",+971 4 352 3383
883,phone,yacoub-pharmacy-br-of-aster-pharmacies-group-llc-dubai,Yacoub Pharmacy,https://www.zavis.ai/directory/dubai/pharmacy/yacoub-pharmacy-br-of-aster-pharmacies-group-llc-dubai,Dubai,pharmacy,Bank Street - Khalid Bin Al Waleed Rd - Al Mankhool - Dubai - United Arab Emirates,+971 4 352 3332
884,phone,al-musalla-pharmacy-br-of-aster-pharmacies-group-llc-dubai,Al Musalla Pharmacy,https://www.zavis.ai/directory/dubai/pharmacy/al-musalla-pharmacy-br-of-aster-pharmacies-group-llc-dubai,Dubai,pharmacy,"Al Kharbash Building, Atfah Street 11, UM SUQAIM THIRD, Dubai",+971 4 328 4548
885,,,,,,,,
886,phone,medicom-pharmacy-14-br-of-aster-pharmacies-group-l-l-c-dubai,Medicom Pharmacy 14,https://www.zavis.ai/directory/dubai/pharmacy/medicom-pharmacy-14-br-of-aster-pharmacies-group-l-l-c-dubai,Dubai,pharmacy,"Madina Mall  Muhaisnah 4, madina mall , MUHAISANAH FOURTH, Dubai",+971 4 255 8733
887,phone,panacea-pharmacy-madinat-dubai,Panacea Pharmacy Madinat,https://www.zavis.ai/directory/dubai/pharmacy/panacea-pharmacy-madinat-dubai,Dubai,pharmacy,"SOUK MADINAT JUMEIRAH, Um suqeim st, AL SAFOUH FIRST, Dubai",+971 4 368 6123
888,phone,high-way-pharmacy-dubai,High Way Pharmacy,https://www.zavis.ai/directory/dubai/pharmacy/high-way-pharmacy-dubai,Dubai,pharmacy,Shamsi Building - 13th St - Oud Metha - Dubai - United Arab Emirates,+971 4 396 3158
889,,,,,,,,
890,phone,medicom-pharmacy-1-br-of-aster-pharmacies-group-llc-dubai,Medicom Pharmacy 1,https://www.zavis.ai/directory/dubai/pharmacy/medicom-pharmacy-1-br-of-aster-pharmacies-group-llc-dubai,Dubai,pharmacy,"Extension of Dubai Outlet Mall, Dubai Al Ain Rd 60, Umm AL Daman, Dubai",+971 4 344 8333
891,phone,aster-pharmacy-116-brof-aster-pharmacies-group-llc-dubai,Aster Pharmacy 116 Brof Aster Pharmacies Group,https://www.zavis.ai/directory/dubai/pharmacy/aster-pharmacy-116-brof-aster-pharmacies-group-llc-dubai,Dubai,pharmacy,"Shop No. 1 &2,Westzone Super Market,83rd Street,Mirdif Commercial Complex - 38 83rd St - Mirdif - Dubai - United Arab Emirates",+971 4 288 4190
892,,,,,,,,
893,phone,aster-pharmacy-109-br-of-aster-pharmacies-groupllc-dubai,Aster Pharmacy 109,https://www.zavis.ai/directory/dubai/pharmacy/aster-pharmacy-109-br-of-aster-pharmacies-groupllc-dubai,Dubai,pharmacy,Shop no. 21 - near Carrefour Market - Mirdif - Ghoroob - Dubai - United Arab Emirates,+971 4 458 2727
894,name,beta-pharmacy-br-of-aster-pharmacies-group-l-l-c-dubai,Beta Pharmacy,https://www.zavis.ai/directory/dubai/pharmacy/beta-pharmacy-br-of-aster-pharmacies-group-l-l-c-dubai,Dubai,pharmacy,Level 1 - next to Medcare Medical Centre City Center - مردف - دبي - United Arab Emirates,+971 4 263 3207
895,phone,aster-pharmacy-112-brof-aster-pharmacies-group-llc-dubai,Aster Pharmacy 112 Brof Aster Pharmacies Group,https://www.zavis.ai/directory/dubai/pharmacy/aster-pharmacy-112-brof-aster-pharmacies-group-llc-dubai,Dubai,pharmacy,Rolla Street - Bur Dubai - Al Raffa - Dubai - United Arab Emirates,+971 4 325 2920
896,phone,aster-pharmacy111-br-of-aster-pharmacies-group-llc-dubai,Aster Pharmacy111,https://www.zavis.ai/directory/dubai/pharmacy/aster-pharmacy111-br-of-aster-pharmacies-group-llc-dubai,Dubai,pharmacy,Plaza Building - Shop no. 6 - 6th St - Muhaisanah Fourth - Muhaisnah - Dubai - United Arab Emirates,+971 4 259 3195
897,name,union-pharmacy-br-of-aster-pharmacies-group-l-l-c-dubai,Union Pharmacy,https://www.zavis.ai/directory/dubai/pharmacy/union-pharmacy-br-of-aster-pharmacies-group-l-l-c-dubai,Dubai,pharmacy,"AL MUROOJ COMPLEX, Trade Center Second, AL SUQ AL KABEER, Dubai",+971 4 332 5595
898,name,ibn-al-azwar-pharmacy-br-of-aster-pharmacies-group-llc-dubai,Ibn Al Azwar Pharmacy,https://www.zavis.ai/directory/dubai/pharmacy/ibn-al-azwar-pharmacy-br-of-aster-pharmacies-group-llc-dubai,Dubai,pharmacy,"Shop No. 17, near Medcare - Medical Centre, Dakakeen Centre - الخوانيج - الخوانيج 1 - دبي - United Arab Emirates",+971 4 546 7076
899,phone,rashid-pharmacy-br-of-aster-pharmacies-group-llc-dubai,Rashid Pharmacy,https://www.zavis.ai/directory/dubai/pharmacy/rashid-pharmacy-br-of-aster-pharmacies-group-llc-dubai,Dubai,pharmacy,"Abdulla Abdul Aziz, Al Rigga Street, AL RIGGA, Dubai",+971 4 221 1739
900,name,al-qoze-pharmacy-br-of-aster-pharmacies-group-l-l-c-dubai,AL Qoze Pharmacy,https://www.zavis.ai/directory/dubai/pharmacy/al-qoze-pharmacy-br-of-aster-pharmacies-group-l-l-c-dubai,Dubai,pharmacy,"Obaid Bin Ghubaiba Building, First Al Khail Street 26, AL QOUZ FIRST, Dubai",+971 4 338 4401
901,name,al-warqa-pharmacy-br-of-aster-pharmacies-group-llc-dubai,Al Warqa Pharmacy,https://www.zavis.ai/directory/dubai/pharmacy/al-warqa-pharmacy-br-of-aster-pharmacies-group-llc-dubai,Dubai,pharmacy,"Awqaf And Minors Affairs Foundation, 414 Street, AL WARQA FIRST, Dubai",+971 4 280 3995
902,,,,,,,,
903,phone,central-market-pharmacy-br-of-aster-pharmacies-group-l-l-c-dubai,Central Market Pharmacy,https://www.zavis.ai/directory/dubai/pharmacy/central-market-pharmacy-br-of-aster-pharmacies-group-l-l-c-dubai,Dubai,pharmacy,"Central Market, Sheikh Colony, near Free Zone Metro Station-2 - Al Qusais - Al Qusais 1 - Dubai - United Arab Emirates",+971 4 261 3451
904,,,,,,,,
905,phone,med-save-pharmacy-br-of-aster-pharmacies-group-l-l-c-dubai,Med Save Pharmacy,https://www.zavis.ai/directory/dubai/pharmacy/med-save-pharmacy-br-of-aster-pharmacies-group-l-l-c-dubai,Dubai,pharmacy,"Riyad Ibrahim Yaseen, 47 Street 57, Mirdif, Dubai",+971 4 284 7600
906,,,,,,,,
907,name,aster-jebel-ali-pharmacy-br-of-aster-pharmacies-group-llc-dubai,Aster Jebel Ali Pharmacy,https://www.zavis.ai/directory/dubai/pharmacy/aster-jebel-ali-pharmacy-br-of-aster-pharmacies-group-llc-dubai,Dubai,pharmacy,One of One Luxury Residence Collection - Shop No 3 - Business Bay - Dubai - United Arab Emirates,+971 4 884 0237
908,,,,,,,,
909,,,,,,,,
910,,,,,,,,
911,phone,al-juma-pharmacy-br-of-aster-pharmacies-group-llc-dubai,Al Juma Pharmacy,https://www.zavis.ai/directory/dubai/pharmacy/al-juma-pharmacy-br-of-aster-pharmacies-group-llc-dubai,Dubai,pharmacy,"1128 Sherouq Build., 20b Street 44, Al Karama, Dubai",+971 4 334 8981
912,name,iqra-pharmacy-br-of-aster-pharmacies-group-llc-dubai,Iqra Pharmacy,https://www.zavis.ai/directory/dubai/pharmacy/iqra-pharmacy-br-of-aster-pharmacies-group-llc-dubai,Dubai,pharmacy,Art Residence - Al Thowima St - Al Barsha First - Al Barsha - Dubai - United Arab Emirates,+971 4 238 4167
913,,,,,,,,
914,phone,aster-j-b-r-pharmacy-br-of-aster-pharmacies-group-llc-dubai,Aster J B R Pharmacy,https://www.zavis.ai/directory/dubai/pharmacy/aster-j-b-r-pharmacy-br-of-aster-pharmacies-group-llc-dubai,Dubai,pharmacy,"P-42, Plaza Level, Sadaf-4 Cluster - The Walk - مرسى دبي - مساكن شاطئ جميرا - دبي - United Arab Emirates",+971 4 447 1127
915,phone,aster-pharmacy-214-br-of-aster-pharmacies-group-l-l-c-dubai,Aster Pharmacy 214,https://www.zavis.ai/directory/dubai/pharmacy/aster-pharmacy-214-br-of-aster-pharmacies-group-l-l-c-dubai,Dubai,pharmacy,Azizi Riviera 44 - Shop No. 11 - Al Merkadh - Dubai - United Arab Emirates,+971 4 422 1521
916,,,,,,,,
917,name,aster-dip-pharmacy-br-of-aster-pharmacies-group-llc-dubai,Aster Dip Pharmacy,https://www.zavis.ai/directory/dubai/pharmacy/aster-dip-pharmacy-br-of-aster-pharmacies-group-llc-dubai,Dubai,pharmacy,"Ground Floor, Ramla Hypermarket - مجمع دبي للاستثمار الأول - دبي - United Arab Emirates",+971 800 700600
918,phone,aster-pharmacy-137-brof-aster-pharmacies-group-llc-dubai,Aster Pharmacy 137 Brof Aster Pharmacies Group,https://www.zavis.ai/directory/dubai/pharmacy/aster-pharmacy-137-brof-aster-pharmacies-group-llc-dubai,Dubai,pharmacy,Nakheel Pavillion Mall - Warsan First - France Cluster - Dubai - United Arab Emirates,+971 4 422 4515
919,phone,aster-pharmacy-127-brof-aster-pharmacies-group-llc-dubai,Aster Pharmacy 127 Brof Aster Pharmacies Group,https://www.zavis.ai/directory/dubai/pharmacy/aster-pharmacy-127-brof-aster-pharmacies-group-llc-dubai,Dubai,pharmacy,Shop no.1 - Bldg، Royal Oceanic - opp. Le Meridien Hotel - Marsa Dubai - Dubai Marina - Dubai - United Arab Emirates,+971 4 554 7096
920,phone,aster-pharmacy-98-br-of-aster-pharmacies-group-llc-dubai,Aster Pharmacy 98,https://www.zavis.ai/directory/dubai/pharmacy/aster-pharmacy-98-br-of-aster-pharmacies-group-llc-dubai,Dubai,pharmacy,"24th Street, Sameya Khalifa Mohd Al Fuqaei Building Shop No. 8, Muhaisnah 2 Sonapur - محيصنة الثانية - محيصنة ٢ - دبي - United Arab Emirates",+971 4 252 1711
921,,,,,,,,
922,,,,,,,,
923,phone,aster-pharmacy-146-br-of-aster-pharmacies-group-llc-dubai,Aster Pharmacy 146,https://www.zavis.ai/directory/dubai/pharmacy/aster-pharmacy-146-br-of-aster-pharmacies-group-llc-dubai,Dubai,pharmacy,"Shop No:27, Souq Al Kabeer Building, Near Al Ghubaiba Bus Station - Burdubai - next to Access Clinic - السوق الكبير - Al Fahidi - دبي - United Arab Emirates",+971 4 327 1059
924,phone,aster-pharmacy-144-br-of-aster-pharmacies-group-l-l-c-dubai,Aster Pharmacy 144,https://www.zavis.ai/directory/dubai/pharmacy/aster-pharmacy-144-br-of-aster-pharmacies-group-l-l-c-dubai,Dubai,pharmacy,"Shop No. 5 & 6, Al Shaab, Near to Talal Supermarket, Opposite to - Ehsan Pharmacy - هور العنز - ديرة - دبي - United Arab Emirates",+971 4 221 2250
925,phone,aster-pharmacy-5-br-of-aster-pharmacies-group-llc-dubai,Aster Pharmacy 5,https://www.zavis.ai/directory/dubai/pharmacy/aster-pharmacy-5-br-of-aster-pharmacies-group-llc-dubai,Dubai,pharmacy,CBD 29 - Warsan First - Dubai International City - Dubai - United Arab Emirates,+971 4 447 3169
926,,,,,,,,
927,,,,,,,,
928,phone,aster-pharmacy-131-brof-aster-pharmacies-group-llc-dubai,Aster Pharmacy 131 Brof Aster Pharmacies Group,https://www.zavis.ai/directory/dubai/pharmacy/aster-pharmacy-131-brof-aster-pharmacies-group-llc-dubai,Dubai,pharmacy,"Shop No 17, Trio Building - البرشاء الأولى - البرشاء - دبي - United Arab Emirates",+971 4 347 5733
929,,,,,,,,
930,,,,,,,,
931,,,,,,,,
932,,,,,,,,
933,,,,,,,,
934,,,,,,,,
935,phone,new-aster-pharmacy-dmcc-dubai,New Aster Pharmacy,https://www.zavis.ai/directory/dubai/pharmacy/new-aster-pharmacy-dmcc-dubai,Dubai,pharmacy,"Red Diamond Building, First Al Khail Street 1, Jumeira Lakes Towers, Dubai",+971 4 369 7728
936,phone,aster-dcc-pharmacy-llc-dubai,Aster Dcc Pharmacy,https://www.zavis.ai/directory/dubai/pharmacy/aster-dcc-pharmacy-llc-dubai,Dubai,pharmacy,"Shop No. M-020, 1st Floor Deira City Center Opposite Carrefour Hypermarket - Port Saeed - Deira - Dubai - United Arab Emirates",+971 4 221 0732
937,phone,aster-pharmacy-119-brof-aster-pharmacies-group-llc-dubai,Aster Pharmacy 119 Brof Aster Pharmacies Group,https://www.zavis.ai/directory/dubai/pharmacy/aster-pharmacy-119-brof-aster-pharmacies-group-llc-dubai,Dubai,pharmacy,ENOC site 1086 petrol pump Emirates Hills 3 Opposite to Emirates International School Meadows Dubai - Al Thanyah Fourth - Dubai - United Arab Emirates,+971 4 554 6797
938,,,,,,,,
939,phone,aster-pharmacy-150-brof-aster-pharmacies-group-llc-dubai,Aster Pharmacy 150 Brof Aster Pharmacies Group,https://www.zavis.ai/directory/dubai/pharmacy/aster-pharmacy-150-brof-aster-pharmacies-group-llc-dubai,Dubai,pharmacy,"Marina Pinnacle, Al Marsa Street, Dubai Marina and Jumeira Beach, Dubai",+971 4 379 4306
940,,,,,,,,
941,phone,aster-pharmacy-201-brof-aster-pharmacies-group-llc-dubai,Aster Pharmacy 201 Brof Aster Pharmacies Group,https://www.zavis.ai/directory/dubai/pharmacy/aster-pharmacy-201-brof-aster-pharmacies-group-llc-dubai,Dubai,pharmacy,Trade Center، Al Manal Tower - Shop no - 3 Sheikh Zayed Rd - Trade Center First - Dubai - United Arab Emirates,+971 4 320 9481
942,name,sara-pharmacy-dubai,Sara Pharmacy,https://www.zavis.ai/directory/dubai/pharmacy/sara-pharmacy-dubai,Dubai,pharmacy,"Spinneys, 28b Street 32, BURJ DUBAI, Dubai",
943,phone,al-fardoos-pharmacy-br-of-aster-al-shafar-pharmacies-group-llc-dubai,Al Fardoos Pharmacy,https://www.zavis.ai/directory/dubai/pharmacy/al-fardoos-pharmacy-br-of-aster-al-shafar-pharmacies-group-llc-dubai,Dubai,pharmacy,"Building No. Q 04, France Cluster, warsan1 France cluster , WARSAN FIRST, Dubai",+971 4 441 0590
944,phone,aster-pharmacy-143-brof-aster-pharmacies-group-llc-dubai,Aster Pharmacy 143 Brof Aster Pharmacies Group,https://www.zavis.ai/directory/dubai/pharmacy/aster-pharmacy-143-brof-aster-pharmacies-group-llc-dubai,Dubai,pharmacy,The Ribbon Mall - Shop no. 2 - Al Hebiah First - Dubai Motor City - Dubai - United Arab Emirates,+971 4 443 0474
945,,,,,,,,
946,,,,,,,,
947,phone,al-aweer-society-pharmacy-br-of-al-shafar-group-dubai,Al Aweer Society Pharmacy,https://www.zavis.ai/directory/dubai/pharmacy/al-aweer-society-pharmacy-br-of-al-shafar-group-dubai,Dubai,pharmacy,"Union Co Operative Society-Al Aweer Branch, . , RAS AL KHOR INDUSTRIAL THIRD, Dubai",+971 4 320 1900
948,,,,,,,,
949,,,,,,,,
950,,,,,,,,
951,,,,,,,,
952,,,,,,,,
953,,,,,,,,
954,phone,aster-medical-centre-pharmacy-al-muhaisna-br-of-dm-healthcare-llc-dubai,Aster Medical Centre Pharmacy AL Muhaisna,https://www.zavis.ai/directory/dubai/pharmacy/aster-medical-centre-pharmacy-al-muhaisna-br-of-dm-healthcare-llc-dubai,Dubai,pharmacy,Zaraa Residence 1 - behind St.Mary's Catholic High School - Muhaisanah Fourth - Muhaisnah 4 - Dubai - United Arab Emirates,+971 4 547 9070
955,phone,aster-pharmacy-206-br-of-aster-pharmacies-group-llc-dubai,Aster Pharmacy 206,https://www.zavis.ai/directory/dubai/pharmacy/aster-pharmacy-206-br-of-aster-pharmacies-group-llc-dubai,Dubai,pharmacy,Ground floor - Tower 2 Dubai Fountain St - next to Address Fountain Views - Burj Khalifa - Downtown Dubai - Dubai - United Arab Emirates,+971 4 547 5036
956,,,,,,,,
957,name,aster-hospital-pharmacy-sonapur-llc-dubai,Aster Hospital Pharmacy Sonapur,https://www.zavis.ai/directory/dubai/pharmacy/aster-hospital-pharmacy-sonapur-llc-dubai,Dubai,pharmacy,"ASTER HOSPITAL SONAPUR LLC, Algeria Street 14, MUHAISANAH SECOND, Dubai",+971 4 263 7531
958,phone,aster-pharmacy-165-br-of-aster-pharmacies-group-llc-dubai,Aster Pharmacy 165,https://www.zavis.ai/directory/dubai/pharmacy/aster-pharmacy-165-br-of-aster-pharmacies-group-llc-dubai,Dubai,pharmacy,Retail 3 Sway Residences - near Kings College Hospital) Dubai Hills Estate - حدائق الشيخ محمد بن راشد - دبي - United Arab Emirates,+971 4 718 7190
959,phone,aster-pharmacy-162-br-of-aster-pharmacies-group-llc-dubai,Aster Pharmacy 162,https://www.zavis.ai/directory/dubai/pharmacy/aster-pharmacy-162-br-of-aster-pharmacies-group-llc-dubai,Dubai,pharmacy,Circle (JVC - 26 Street - next to Saleh Mohammed Bin Lahej Mosque - Al Barsha South Fourth - District 10 - Dubai - United Arab Emirates,+971 4 458 0678
960,phone,aster-pharmacy-167-br-of-aster-pharmacies-group-llc-dubai,Aster Pharmacy 167,https://www.zavis.ai/directory/dubai/pharmacy/aster-pharmacy-167-br-of-aster-pharmacies-group-llc-dubai,Dubai,pharmacy,"Shop No. 041, 2nd floor, Metrolink Entrance, The Dubai Mall - برج خليفة - وسط مدينة دبي - دبي - United Arab Emirates",+971 4 334 1829
961,phone,aster-pharmacy-170-br-of-aster-pharmacies-group-llc-dubai,Aster Pharmacy 170,https://www.zavis.ai/directory/dubai/pharmacy/aster-pharmacy-170-br-of-aster-pharmacies-group-llc-dubai,Dubai,pharmacy,"Shop no 6, GF, Sobha Hartland Greens - Building 02 - opposite Sobha Hartland Sales office - Al Merkadh - Nad Al Sheba 1 - Dubai - United Arab Emirates",+971 4 258 8717
962,,,,,,,,
963,,,,,,,,
964,,,,,,,,
965,,,,,,,,
966,,,,,,,,
967,phone,aster-pharmacy-164-br-of-aster-pharmacies-group-llc-dubai,Aster Pharmacy 164,https://www.zavis.ai/directory/dubai/pharmacy/aster-pharmacy-164-br-of-aster-pharmacies-group-llc-dubai,Dubai,pharmacy,Skycourts Tower D - Shop No - R-7B Al Ain - Dubai Rd - Wadi Al Safa 5 - Dubai land - Dubai - United Arab Emirates,+971 4 320 8941
968,,,,,,,,
969,phone,aster-pharmacy-168-br-of-aster-pharmacies-group-llc-dubai,Aster Pharmacy 168,https://www.zavis.ai/directory/dubai/pharmacy/aster-pharmacy-168-br-of-aster-pharmacies-group-llc-dubai,Dubai,pharmacy,"IBS-Ground Floor-035, Tunisia Court, Ibn Battuta Mall - جبل علي الأولى - دبي - United Arab Emirates",+971 4 554 3519
970,,,,,,,,
971,,,,,,,,
972,phone,aster-pharmacy-175-br-of-aster-pharmacies-group-llc-dubai,Aster Pharmacy 175,https://www.zavis.ai/directory/dubai/pharmacy/aster-pharmacy-175-br-of-aster-pharmacies-group-llc-dubai,Dubai,pharmacy,"Ground Floor, Next to Aster Clinic, Damac Tower 108, قرية جميرا الدائرية - البرشاء جنوب الرابعة - قرية جميرا الدائرية - دبي - United Arab Emirates",+971 4 557 9564
973,,,,,,,,
974,,,,,,,,
975,,,,,,,,
976,,,,,,,,
977,,,,,,,,
978,phone,aster-pharmacy-179-br-of-aster-pharmacies-group-l-l-c-dubai,Aster Pharmacy 179,https://www.zavis.ai/directory/dubai/pharmacy/aster-pharmacy-179-br-of-aster-pharmacies-group-l-l-c-dubai,Dubai,pharmacy,"R1083 E WASL VILLAGE RETAIL CENTER, Al Rayhan Street, AL QUSAIS INDUSTRIAL FIFTH, Dubai",+971 4 220 7653
979,phone,aster-pharmacy-181-br-of-aster-pharmacies-group-l-l-c-dubai,Aster Pharmacy 181,https://www.zavis.ai/directory/dubai/pharmacy/aster-pharmacy-181-br-of-aster-pharmacies-group-l-l-c-dubai,Dubai,pharmacy,"Park Heights, Square 1 - next to Spinneys Dubai Hills Dubai Hills Estate - Hadaeq Sheikh Mohammed Bin Rashid - Dubai - United Arab Emirates",+971 4 263 2594
980,phone,aster-pharmacy-182-br-of-aster-pharmacies-group-l-l-c-dubai,Aster Pharmacy 182,https://www.zavis.ai/directory/dubai/pharmacy/aster-pharmacy-182-br-of-aster-pharmacies-group-l-l-c-dubai,Dubai,pharmacy,Jowhrat Al Faihaa - Shop No 2 - Warsan Fourth - Warsan 4 - Dubai - United Arab Emirates,+971 4 554 5907
981,,,,,,,,
982,phone,aster-pharmacy-183-br-of-aster-pharmacies-group-l-l-c-dubai,Aster Pharmacy 183,https://www.zavis.ai/directory/dubai/pharmacy/aster-pharmacy-183-br-of-aster-pharmacies-group-l-l-c-dubai,Dubai,pharmacy,"Ground Floor, Art Heights Tower - Shop No.2 - Street 2 - Al Thanyah First - Barsha Heights - Dubai - United Arab Emirates",+971 4 267 9073
983,,,,,,,,
984,,,,,,,,
985,,,,,,,,
986,,,,,,,,
987,,,,,,,,
988,,,,,,,,
989,,,,,,,,
990,,,,,,,,
991,name,al-shifa-uropi-pharmacy-dwc-llc-dubai,AL Shifa Uropi Pharmacy Dwc,https://www.zavis.ai/directory/dubai/pharmacy/al-shifa-uropi-pharmacy-dwc-llc-dubai,Dubai,pharmacy,"The Pulse Residence Park, Madinat Al Mattar, MADINAT AL MATAAR, Dubai",+971 4 349 2330
992,,,,,,,,
993,phone,al-shifa-al-khaleeji-medical-centre-branch-llc-dubai,Al Shifa Al Khaleeji Medical Centre,https://www.zavis.ai/directory/dubai/clinics/al-shifa-al-khaleeji-medical-centre-branch-llc-dubai,Dubai,clinics,"Bayan Business Center, 17 Street, DUBAI INVESTMENT PARK FIRST, Dubai",+971 4 880 0920
994,name,al-qusais-star-pharmacy-l-l-c-dubai,Al Qusais Star Pharmacy,https://www.zavis.ai/directory/dubai/pharmacy/al-qusais-star-pharmacy-l-l-c-dubai,Dubai,pharmacy,"Abdulla Saeed Building, Halab Street 30, AL QUSAIS INDUSTRIAL FIRST, Dubai",+971 4 258 7672
995,,,,,,,,
996,,,,,,,,
997,,,,,,,,
998,,,,,,,,
999,name,shajarat-al-neem-pharmacy-llc-dubai,Shajarat Al Neem Pharmacy,https://www.zavis.ai/directory/dubai/pharmacy/shajarat-al-neem-pharmacy-llc-dubai,Dubai,pharmacy,"Salem Mall, 70 Street, JABAL ALI INDUSTRIAL FIRST, Dubai",+971 50 980 6530
1000,name,liwan-pharmacy-llc-dubai,Liwan Pharmacy,https://www.zavis.ai/directory/dubai/pharmacy/liwan-pharmacy-llc-dubai,Dubai,pharmacy,Wadi Al Safa 2 - Liwan - Dubai - United Arab Emirates,+971 54 586 1311
1001,name,al-neem-pharmacy-l-l-c-branch-dubai,Al Neem Pharmacy,https://www.zavis.ai/directory/dubai/pharmacy/al-neem-pharmacy-l-l-c-branch-dubai,Dubai,pharmacy,"Commercial Center, Food Court 3, jafza, Jafza + ( Jebeel Ali  Housing Scheme), Dubai",+971 52 493 9219
1002,,,,,,,,
1003,name,almurjan-pharmacy-l-l-c-dubai,Almurjan Pharmacy,https://www.zavis.ai/directory/dubai/pharmacy/almurjan-pharmacy-l-l-c-dubai,Dubai,pharmacy,"EIFFEL GARDENS 4, Al Waha Street, AL QOUZ THIRD, Dubai",+971 58 598 8195
1004,,,,,,,,
1005,,,,,,,,
1006,,,,,,,,
1007,,,,,,,,
1008,phone,alquoz-advanced-care-pharmacy-l-l-c-dubai,Alquoz Advanced Care Pharmacy,https://www.zavis.ai/directory/dubai/pharmacy/alquoz-advanced-care-pharmacy-l-l-c-dubai,Dubai,pharmacy,"GRAND CITY MALL, 25 Street 1, AL QOUZ INDUSTRIAL SECOND, Dubai",+971 4 330 7120
1009,,,,,,,,
1010,phone,advanced-star-pharmacy-l-l-c-dubai,Advanced Star Pharmacy,https://www.zavis.ai/directory/dubai/pharmacy/advanced-star-pharmacy-l-l-c-dubai,Dubai,pharmacy,"naseem almadina supermarket, 40 Street, DUBAI INVESTMENT PARK SECOND, Dubai",+971 4 885 1154
1011,name,new-advanced-care-pharmacy-llc-dubai,New Advanced Care Pharmacy,https://www.zavis.ai/directory/dubai/pharmacy/new-advanced-care-pharmacy-llc-dubai,Dubai,pharmacy,"Souk 4, saih shuaib 4, SAIH SHUAIB 4, Dubai",+971 4 575 1235
1012,name,alquoz-advanced-care-pharmacy-l-l-c-dubai,Alquoz Advanced Care Pharmacy,https://www.zavis.ai/directory/dubai/pharmacy/alquoz-advanced-care-pharmacy-l-l-c-dubai,Dubai,pharmacy,"GRAND CITY MALL, 25 Street 1, AL QOUZ INDUSTRIAL SECOND, Dubai",+971 4 330 7120
1013,phone,nova-advanced-care-pharmacy-llc-dubai,Nova Advanced Care Pharmacy,https://www.zavis.ai/directory/dubai/pharmacy/nova-advanced-care-pharmacy-llc-dubai,Dubai,pharmacy,"Shaklan Supermarket Building, 32a Street 64, MUHAISANAH SECOND, Dubai",+971 4 263 8227
1014,phone,jebel-ali-advanced-care-pharmacy-l-l-c-dubai,Jebel Ali Advanced Care Pharmacy,https://www.zavis.ai/directory/dubai/pharmacy/jebel-ali-advanced-care-pharmacy-l-l-c-dubai,Dubai,pharmacy,Crown Mall - Near Sugar Camp - 2 83rd Street - جبل علي الثالثة - دبي - United Arab Emirates,+971 4 569 3777
1015,,,,,,,,
1016,phone,aster-hospital-pharmacy-sonapur-llc-dubai,Aster Hospital Pharmacy Sonapur,https://www.zavis.ai/directory/dubai/pharmacy/aster-hospital-pharmacy-sonapur-llc-dubai,Dubai,pharmacy,"ASTER HOSPITAL SONAPUR LLC, Algeria Street 14, MUHAISANAH SECOND, Dubai",+971 4 263 7531
1017,,,,,,,,
1018,,,,,,,,
1019,,,,,,,,
1020,name,abris-pharmacy-llc-dubai,Abris Pharmacy,https://www.zavis.ai/directory/dubai/pharmacy/abris-pharmacy-llc-dubai,Dubai,pharmacy,"Meena Bazar Build, 50b Street 9, AL SUQ AL KABEER, Dubai",+971 4 353 5357
1021,,,,,,,,
1022,phone,al-mankhool-pharmacy-dubai,Al Mankhool Pharmacy,https://www.zavis.ai/directory/dubai/pharmacy/al-mankhool-pharmacy-dubai,Dubai,pharmacy,"Trio 3, 25 Street, AL NAHDA SECOND, Dubai",+971 4 255 4427
1023,name,new-mankhool-pharmacy-l-l-c-dubai,New Mankhool Pharmacy,https://www.zavis.ai/directory/dubai/pharmacy/new-mankhool-pharmacy-l-l-c-dubai,Dubai,pharmacy,"Villa # 108, Sheikh Khalifa Bin Zayed Street 110, MANKHOOL, Dubai",+971 4 385 8581
1024,phone,weston-pharmacy-llc-dubai,Weston Pharmacy,https://www.zavis.ai/directory/dubai/pharmacy/weston-pharmacy-llc-dubai,Dubai,pharmacy,Al Moosa Building - Shop No.1&2 - Al Mussallah Rd - Al Souq Al Kabeer - Al Fahidi - Dubai - United Arab Emirates,+971 4 265 2767
1025,phone,your-center-polyclinic-l-l-c-dubai,Your Center Polyclinic,https://www.zavis.ai/directory/dubai/clinics/your-center-polyclinic-l-l-c-dubai,Dubai,clinics,"Afnan-3 Shop No. 4 , Ma'asim First-Midtown - معيصم الأولى - Dubai Production City - دبي - United Arab Emirates",+971 4 365 7000
1026,,,,,,,,
1027,name,oxford-pharmacy-llc-dubai,Oxford Pharmacy,https://www.zavis.ai/directory/dubai/pharmacy/oxford-pharmacy-llc-dubai,Dubai,pharmacy,"AL SHARAFI BUILDING, 12b Street 8, AL RAFFA, Dubai",+971 54 460 1446
1028,phone,liverpool-pharmacy-l-l-c-dubai,Liverpool Pharmacy,https://www.zavis.ai/directory/dubai/pharmacy/liverpool-pharmacy-l-l-c-dubai,Dubai,pharmacy,775Q+P3V - Al Raffa - Dubai - United Arab Emirates,+971 4 334 9558
1029,phone,arin-care-poly-clinic-dubai,Arin Care Poly Clinic,https://www.zavis.ai/directory/dubai/clinics/arin-care-poly-clinic-dubai,Dubai,clinics,Shop # 5 Talal Plaza Mall - محيصنة الرابعة - محيصنة ٤ - دبي - United Arab Emirates,+971 4 395 2774
1030,phone,modern-family-clinic-l-l-c-branch-dubai,Modern Family Clinic,https://www.zavis.ai/directory/dubai/clinics/modern-family-clinic-l-l-c-branch-dubai,Dubai,clinics,"Al Barsha, Dusseldorf Business Point, Office #402 - البرشاء الأولى - البرشاء - دبي - United Arab Emirates",+971 4 334 3263
1031,phone,aster-pharmacy-174-br-of-aster-pharmacies-group-l-l-c-dubai,Aster Pharmacy 174,https://www.zavis.ai/directory/dubai/pharmacy/aster-pharmacy-174-br-of-aster-pharmacies-group-l-l-c-dubai,Dubai,pharmacy,Tilal Al Gauf - near Carrefour Mart - Al Hebiah Fourth - Tilal Al Ghaf - Dubai - United Arab Emirates,+971 4 448 6271
1032,phone,aster-pharmacy-184-br-of-aster-pharmacies-group-llc-dubai,Aster Pharmacy 184,https://www.zavis.ai/directory/dubai/pharmacy/aster-pharmacy-184-br-of-aster-pharmacies-group-llc-dubai,Dubai,pharmacy,DAMAC ZADA TOWER - Shop No.01 - Business Bay - Dubai - United Arab Emirates,+971 4 449 0062
1033,phone,aster-pharmacy-178-br-of-aster-pharmacies-group-l-l-c-dubai,Aster Pharmacy 178,https://www.zavis.ai/directory/dubai/pharmacy/aster-pharmacy-178-br-of-aster-pharmacies-group-l-l-c-dubai,Dubai,pharmacy,"Al Gharbi Street Plot 211 - Marsa, West Avenue - مرسى دبي - دبي مارينا - دبي - United Arab Emirates",+971 4 295 0979
1034,,,,,,,,
1035,,,,,,,,
1036,phone,zest-pharmacy-3-br-of-zest-wellness-pharmacy-l-l-c-dubai,Zest Pharmacy 3,https://www.zavis.ai/directory/dubai/pharmacy/zest-pharmacy-3-br-of-zest-wellness-pharmacy-l-l-c-dubai,Dubai,pharmacy,Unit No. 2 - Grove Mall - Ground Floor - next to Spinneys - البرشاء الثانية - البرشاء - دبي - United Arab Emirates,+971 4 824 6485
1037,,,,,,,,
1038,name,faith-al-khail-pharmacy-l-l-c-dubai,Faith AL Khail Pharmacy,https://www.zavis.ai/directory/dubai/pharmacy/faith-al-khail-pharmacy-l-l-c-dubai,Dubai,pharmacy,1 A - 1 B AL KHAIL HEIGHTS - Al Qouz Fourth - Al Quoz - Dubai - United Arab Emirates,+971 50 961 5368
1039,name,faith-walk-pharmacy-l-l-c-dubai,Faith Walk Pharmacy,https://www.zavis.ai/directory/dubai/pharmacy/faith-walk-pharmacy-l-l-c-dubai,Dubai,pharmacy,"Amwaj Walk. amwaj rotana hotel , King Salman bin Abdulaziz Al Saud Street 358, Dubai Marina and Jumeira Beach, Dubai",+971 50 961 5844
1040,name,faith-ahlan-pharmacy-l-l-c-dubai,Faith Ahlan Pharmacy,https://www.zavis.ai/directory/dubai/pharmacy/faith-ahlan-pharmacy-l-l-c-dubai,Dubai,pharmacy,"AR 1 Tower - near Raidan Mandi, Back Side of The Carryfood Super Market - Al Nahda First - Al Nahda - Dubai - United Arab Emirates",+971 50 961 4863
1041,name,sultan-pharmacy-dubai,Sultan Pharmacy,https://www.zavis.ai/directory/dubai/pharmacy/sultan-pharmacy-dubai,Dubai,pharmacy,"Fadhlani Building, Al Esbij Street, AL SUQ AL KABEER, Dubai",+971 54 390 5470
1042,,,,,,,,
1043,name,faith-hayaa-pharmacy-l-l-c-dubai,Faith Hayaa Pharmacy,https://www.zavis.ai/directory/dubai/pharmacy/faith-hayaa-pharmacy-l-l-c-dubai,Dubai,pharmacy,"MASJID AL KHAWANEEJ AL KABEER, Al Khawaneej Road 114, AL KHAWANEEJ SECOND, Dubai",+971 50 250 6884
1044,,,,,,,,
1045,,,,,,,,
1046,,,,,,,,
1047,,,,,,,,
1048,name,modern-care-pharmacy-l-l-c-dubai,Modern Care Pharmacy,https://www.zavis.ai/directory/dubai/pharmacy/modern-care-pharmacy-l-l-c-dubai,Dubai,pharmacy,Deira Enrichment Project - Maitha Plaza 1 - Unit 22 & 23 - الكورنيش - ديرة - دبي - United Arab Emirates,+971 4 225 8794
1049,phone,grand-advanced-care-pharmacy-l-l-c-dubai,Grand Advanced Care Pharmacy,https://www.zavis.ai/directory/dubai/pharmacy/grand-advanced-care-pharmacy-l-l-c-dubai,Dubai,pharmacy,Damascus Street - near Dubai Grand Hotel - Al Qusais - Al Qusais 1 - Dubai - United Arab Emirates,+971 4 298 5078
1050,phone,medstar-healthcare-llc-dubai,Medstar Healthcare,https://www.zavis.ai/directory/dubai/clinics/medstar-healthcare-llc-dubai,Dubai,clinics,"Gulf Tower Building Ground Floor, 20 Street 263, OUD METHA, Dubai",+971 800 2233
1051,phone,ascent-pharmacy-llc-dubai,Ascent Pharmacy,https://www.zavis.ai/directory/dubai/pharmacy/ascent-pharmacy-llc-dubai,Dubai,pharmacy,Saeed Al Thani Building - Sheikh Khalifa Bin Zayed St - Umm Hurair 1Bur - Umm Hurair 1 - Dubai - United Arab Emirates,+971 4 274 7001
1052,,,,,,,,
1053,,,,,,,,
1054,,,,,,,,
1055,,,,,,,,
1056,,,,,,,,
1057,name,800-pharma-pharmacy-llc-dubai,800 Pharma Pharmacy,https://www.zavis.ai/directory/dubai/pharmacy/800-pharma-pharmacy-llc-dubai,Dubai,pharmacy,"HE Hotel Apartment, Assel Boulevard 19/3, AL BARSHA SOUTH FOURTH, Dubai",+971 56 232 3036
1058,,,,,,,,
1059,name,pulse-life-pharmacy-l-l-c-dubai,Pulse Life Pharmacy,https://www.zavis.ai/directory/dubai/pharmacy/pulse-life-pharmacy-l-l-c-dubai,Dubai,pharmacy,"AL BARSHA SOUTH FOURTH, Dubai",+971 4 580 3666
1060,,,,,,,,
1061,,,,,,,,
1062,,,,,,,,
1063,,,,,,,,
1064,phone,aster-pharmacy-185-dubai,Aster Pharmacy 185,https://www.zavis.ai/directory/dubai/pharmacy/aster-pharmacy-185-dubai,Dubai,pharmacy,Binghatti Gateway - Shop 1 - Al Jadaf - Dubai - United Arab Emirates,+971 4 266 5280
1065,,,,,,,,
1066,name,nmc-specialty-hospital-pharmacy-dubai,Nmc Specialty Hospital Pharmacy,https://www.zavis.ai/directory/dubai/pharmacy/nmc-specialty-hospital-pharmacy-dubai,Dubai,pharmacy,"Nmc Specialty Hospital, 3 Street 2, AL NAHDA SECOND, Dubai",+971 800 313
1067,name,nmc-royal-hospital-pharmacy-dubai,Nmc Royal Hospital Pharmacy,https://www.zavis.ai/directory/dubai/pharmacy/nmc-royal-hospital-pharmacy-dubai,Dubai,pharmacy,"Dubai Investment Park Building, 14 Street 5, DUBAI INVESTMENT PARK FIRST, Dubai",+971 800 313
1068,,,,,,,,
1069,,,,,,,,
1070,phone,noor-al-shefaa-pharmacy-llc-dubai,Noor Al Shefaa Pharmacy,https://www.zavis.ai/directory/dubai/pharmacy/noor-al-shefaa-pharmacy-llc-dubai,Dubai,pharmacy,"Abnaa Omar Obaid Al Majid  Naif Road, Al Rasheed Street 165, AL MURAR, Dubai",+971 4 880 8856
1071,,,,,,,,
1072,,,,,,,,
1073,,,,,,,,
1074,phone,emirates-pharmacy-fujairah,Emirates Pharmacy,https://www.zavis.ai/directory/fujairah/pharmacy/emirates-pharmacy-fujairah,Fujairah,pharmacy,Dibba Al-Fujairah - Al Muhallab - Fujairah - United Arab Emirates,+971 9 244 4022
1075,phone,aster-pharmacy-8-fujairah,Aster Pharmacy 8,https://www.zavis.ai/directory/fujairah/pharmacy/aster-pharmacy-8-fujairah,Fujairah,pharmacy,Rugaylat Rd Century mall - الفصيل - الفجيرة - United Arab Emirates,+971 9 223 0701
1076,phone,aster-pharmacies-group-l-l-c-fujairah-branch-1-fujairah,Aster Pharmacies Group,https://www.zavis.ai/directory/fujairah/pharmacy/aster-pharmacies-group-l-l-c-fujairah-branch-1-fujairah,Fujairah,pharmacy,Emirates Spring Building - Hamad Bin Abdulla Rd - Mraisheed - Fujairah - United Arab Emirates,+971 9 223 8322
1077,,,,,,,,
1078,,,,,,,,
1079,name,al-sharq-hospital-pharmacy-fujairah,Al Sharq Hospital Pharmacy,https://www.zavis.ai/directory/fujairah/pharmacy/al-sharq-hospital-pharmacy-fujairah,Fujairah,pharmacy,48WV+FR8 - Al Faseel - Fujairah - United Arab Emirates,+971 800 959
1080,name,al-sharq-modern-pharmacy-fujairah,Al Sharq Modern Pharmacy,https://www.zavis.ai/directory/fujairah/pharmacy/al-sharq-modern-pharmacy-fujairah,Fujairah,pharmacy,49R3+XRC - Al Faseel - Fujairah - United Arab Emirates,
1081,name,al-sharq-family-pharmacy-fujairah,Al Sharq Family Pharmacy,https://www.zavis.ai/directory/fujairah/pharmacy/al-sharq-family-pharmacy-fujairah,Fujairah,pharmacy,48HM+QPG - Al Sharqi St - Al Ittihad - Fujairah - United Arab Emirates,
1082,name,fujairah-port-pharmacy-fujairah,Fujairah Port Pharmacy,https://www.zavis.ai/directory/fujairah/pharmacy/fujairah-port-pharmacy-fujairah,Fujairah,pharmacy,SEA PORT - Ishwais - Fujairah - United Arab Emirates,+971 54 269 1711
1083,,,,,,,,
1084,,,,,,,,
1085,phone,east-coast-ahalia-pharmacy-fujairah,East Coast Ahalia Pharmacy,https://www.zavis.ai/directory/fujairah/pharmacy/east-coast-ahalia-pharmacy-fujairah,Fujairah,pharmacy,48FX+28J - Hamad Bin Abdulla Rd - Al ‘Uwaid - Fujairah - United Arab Emirates,+971 9 223 5744
1086,phone,bait-al-maqdes-pharmacy-fujairah,Bait Al Maqdes Pharmacy,https://www.zavis.ai/directory/fujairah/pharmacy/bait-al-maqdes-pharmacy-fujairah,Fujairah,pharmacy,مربح - Sharjah - United Arab Emirates,+971 9 238 1886
1087,,,,,,,,
1088,phone,aster-pharmacies-group-llc-fujairah-branch-2-fujairah,Aster Pharmacies Group,https://www.zavis.ai/directory/fujairah/pharmacy/aster-pharmacies-group-llc-fujairah-branch-2-fujairah,Fujairah,pharmacy,"R-02, Fujairah - Twin Tower - مريشيد - إمارة الفجيرة - United Arab Emirates",+971 9 234 8765
1089,name,faith-care-pharmacy-llc-fujairah,Faith Care Pharmacy,https://www.zavis.ai/directory/fujairah/pharmacy/faith-care-pharmacy-llc-fujairah,Fujairah,pharmacy,Hamad Bin Abdullah Street - near Malabar Gold & Diamonds - Safad - Fujairah - United Arab Emirates,+971 56 884 2813
1090,,,,,,,,
1091,,,,,,,,
1092,,,,,,,,
1093,,,,,,,,
1094,,,,,,,,
1095,name,al-noor-pharmacy-ras-al-khaimah,AL Noor Pharmacy,https://www.zavis.ai/directory/ras-al-khaimah/pharmacy/al-noor-pharmacy-ras-al-khaimah,Ras Al Khaimah,pharmacy,Al Mamourah Rd - Al Maireed - Ras Al Khaimah - United Arab Emirates,+971 52 490 6168
1096,,,,,,,,
1097,,,,,,,,
1098,,,,,,,,
1099,,,,,,,,
1100,,,,,,,,
1101,phone,aster-pharmacies-group-llc-rak-branch-ras-al-khaimah,Aster Pharmacies Group,https://www.zavis.ai/directory/ras-al-khaimah/pharmacy/aster-pharmacies-group-llc-rak-branch-ras-al-khaimah,Ras Al Khaimah,pharmacy,Safeer Mall - Shop no. 50 طريق المطار - Sheikh Saqr City - الظيت الشمالي - Ras Al Khaimah - United Arab Emirates,+971 7 235 2213
1102,phone,al-ola-pharmacy-br-aster-pharmacies-group-llc-ras-al-khaimah,AL Ola Pharmacy BR Aster Pharmacies Group,https://www.zavis.ai/directory/ras-al-khaimah/pharmacy/al-ola-pharmacy-br-aster-pharmacies-group-llc-ras-al-khaimah,Ras Al Khaimah,pharmacy,Building No 0040 - Al Nakheel - Ras Al Khaimah - United Arab Emirates,+971 7 235 7563
1103,phone,alya-medical-center-ras-al-khaimah,Alya Medical Center,https://www.zavis.ai/directory/ras-al-khaimah/clinics/alya-medical-center-ras-al-khaimah,Ras Al Khaimah,clinics,LAMP ROUNDABOUT - near NESTO HYPERMARKET - Al Qussaidat - Ras Al Khaimah - United Arab Emirates,+971 7 244 1235
1104,name,al-ghail-pharmacy-ras-al-khaimah,AL Ghail Pharmacy,https://www.zavis.ai/directory/ras-al-khaimah/pharmacy/al-ghail-pharmacy-ras-al-khaimah,Ras Al Khaimah,pharmacy,"Al ghub street, al rams road - 42 503E شارع - جلفار - إمارة رأس الخيمة - United Arab Emirates",+971 52 598 3446
1105,,,,,,,,
1106,name,al-hsayat-pharmacy-ras-al-khaimah,AL Hsayat Pharmacy,https://www.zavis.ai/directory/ras-al-khaimah/pharmacy/al-hsayat-pharmacy-ras-al-khaimah,Ras Al Khaimah,pharmacy,13 Al Mankhal St - Al Neefah - Al Ramlah - Emirate of Umm Al Quwain - United Arab Emirates,+971 6 767 9399
1107,phone,al-zahrawi-pharmacy-ras-al-khaimah,Al Zahrawi Pharmacy,https://www.zavis.ai/directory/ras-al-khaimah/pharmacy/al-zahrawi-pharmacy-ras-al-khaimah,Ras Al Khaimah,pharmacy,Ras Al-Khaimah - Al Nakheel - Ras Al Khaimah - United Arab Emirates,+971 7 228 9544
1108,,,,,,,,
1109,name,al-abrar-pharmacy-ras-al-khaimah,AL Abrar Pharmacy,https://www.zavis.ai/directory/ras-al-khaimah/pharmacy/al-abrar-pharmacy-ras-al-khaimah,Ras Al Khaimah,pharmacy,Al Jazeera - Al Jazeera Al Hamra-Qaryat Al Hamra - Ras Al Khaimah - United Arab Emirates,+971 56 402 4322
1110,phone,al-noor-pharmacy-ras-al-khaimah,AL Noor Pharmacy,https://www.zavis.ai/directory/ras-al-khaimah/pharmacy/al-noor-pharmacy-ras-al-khaimah,Ras Al Khaimah,pharmacy,Al Mamourah Rd - Al Maireed - Ras Al Khaimah - United Arab Emirates,+971 52 490 6168
1111,phone,al-ahlia-pharmacy-rak-branch-ras-al-khaimah,AL Ahlia Pharmacy Rak,https://www.zavis.ai/directory/ras-al-khaimah/pharmacy/al-ahlia-pharmacy-rak-branch-ras-al-khaimah,Ras Al Khaimah,pharmacy,QXW8+GF3 - Al Nakheel - Ras Al Khaimah - United Arab Emirates,+971 7 227 5993
1112,name,al-aliya-pharmacy-ras-al-khaimah,AL Aliya Pharmacy,https://www.zavis.ai/directory/ras-al-khaimah/pharmacy/al-aliya-pharmacy-ras-al-khaimah,Ras Al Khaimah,pharmacy,QWPR+VQW - Sheikh Mohamed Bin Salem Rd - Al Sall - Ras Al-Khaimah - United Arab Emirates,+971 52 717 9827
1113,,,,,,,,
1114,,,,,,,,
1115,,,,,,,,
1116,,,,,,,,
1117,name,al-kayan-pharmacy-llc-ras-al-khaimah,Al Kayan Pharmacy,https://www.zavis.ai/directory/ras-al-khaimah/pharmacy/al-kayan-pharmacy-llc-ras-al-khaimah,Ras Al Khaimah,pharmacy,Saqer hospital - Al Juwais - Ras Al Khaimah - United Arab Emirates,+971 56 883 1479
1118,,,,,,,,
1119,,,,,,,,
1120,,,,,,,,
1121,phone,bait-al-shifa-pharmacy-sharjah,Bait AL Shifa Pharmacy,https://www.zavis.ai/directory/sharjah/pharmacy/bait-al-shifa-pharmacy-sharjah,Sharjah,pharmacy,Muwaileh Commercial - Industrial Area - Sharjah - United Arab Emirates,+971 6 561 1891
1122,,,,,,,,
1123,,,,,,,,
1124,,,,,,,,
1125,,,,,,,,
1126,,,,,,,,
1127,,,,,,,,
1128,phone,al-amani-pharmacy-sharjah,Al Amani Pharmacy,https://www.zavis.ai/directory/sharjah/pharmacy/al-amani-pharmacy-sharjah,Sharjah,pharmacy,Sheikh Khalid Bin Mohammed Al Qassimi Street - Saih Alkhor Suburb - Sharjah - United Arab Emirates,+971 9 238 3875
1129,name,al-qadsyah-pharmacy-l-l-c-sharjah,AL Qadsyah Pharmacy,https://www.zavis.ai/directory/sharjah/pharmacy/al-qadsyah-pharmacy-l-l-c-sharjah,Sharjah,pharmacy,sharjah international charity Building - Ground floor shop 4 - Al qadsyah - Sharjah - United Arab Emirates,+971 56 547 6711
1130,name,al-shalal-pharmacy-sharjah,AL Shalal Pharmacy,https://www.zavis.ai/directory/sharjah/pharmacy/al-shalal-pharmacy-sharjah,Sharjah,pharmacy,Unnamed Road - حي النهدة - النهدة - الشارقة - United Arab Emirates,+971 6 524 1444
1131,,,,,,,,
1132,,,,,,,,
1133,,,,,,,,
1134,,,,,,,,
1135,name,al-azhar-pharmacy-sharjah,AL Azhar Pharmacy,https://www.zavis.ai/directory/sharjah/pharmacy/al-azhar-pharmacy-sharjah,Sharjah,pharmacy,behind Emirates Road - Al Sajaa - Sharjah - United Arab Emirates,+971 800 7400
1136,,,,,,,,
1137,,,,,,,,
1138,,,,,,,,
1139,,,,,,,,
1140,,,,,,,,
1141,,,,,,,,
1142,,,,,,,,
1143,,,,,,,,
1144,,,,,,,,
1145,,,,,,,,
1146,,,,,,,,
1147,,,,,,,,
1148,,,,,,,,
1149,phone,dar-al-sajaa-pharmacy-llc-sharjah,Dar AL Sajaa Pharmacy,https://www.zavis.ai/directory/sharjah/pharmacy/dar-al-sajaa-pharmacy-llc-sharjah,Sharjah,pharmacy,Sharjah - Al Sajaa - Sharjah - United Arab Emirates,+971 6 565 9077
1150,,,,,,,,
1151,,,,,,,,
1152,,,,,,,,
1153,phone,grand-hamad-pharmacy-ltd-sharjah,Grand Hamad Pharmacy,https://www.zavis.ai/directory/sharjah/pharmacy/grand-hamad-pharmacy-ltd-sharjah,Sharjah,pharmacy,"Formerly known as Grand Hamad Pharmacy Shop No.: 1, Asswailem Tower Opp. Carrefour Express - النهدة الأولى - الشارقة - United Arab Emirates",+971 6 554 4050
1154,,,,,,,,
1155,,,,,,,,
1156,,,,,,,,
1157,,,,,,,,
1158,,,,,,,,
1159,,,,,,,,
1160,,,,,,,,
1161,name,al-farah-al-hadithah-pharmacy-sharjah,AL Farah AL Hadithah Pharmacy,https://www.zavis.ai/directory/sharjah/pharmacy/al-farah-al-hadithah-pharmacy-sharjah,Sharjah,pharmacy,"Shop #1, Ground Floor - King Faisal St - behind CG Mall - Al Nad - Hay Al Qasimiah - Sharjah - United Arab Emirates",+971 56 995 1756
1162,,,,,,,,
1163,,,,,,,,
1164,,,,,,,,
1165,name,al-nahda-pharmacy-sharjah,AL Nahda Pharmacy,https://www.zavis.ai/directory/sharjah/pharmacy/al-nahda-pharmacy-sharjah,Sharjah,pharmacy,Al Nahda St - Hay Al Nahda - Sharjah - United Arab Emirates,+971 6 565 6980
1166,name,al-tamimi-pharmacy-sharjah,AL Tamimi Pharmacy,https://www.zavis.ai/directory/sharjah/pharmacy/al-tamimi-pharmacy-sharjah,Sharjah,pharmacy,Industrial Areas - Industrial Area - Sharjah - United Arab Emirates,+971 6 545 6678
1167,,,,,,,,
1168,,,,,,,,
1169,,,,,,,,
1170,phone,al-burhan-pharmacy-llc-sharjah,Al Burhan Pharmacy,https://www.zavis.ai/directory/sharjah/pharmacy/al-burhan-pharmacy-llc-sharjah,Sharjah,pharmacy,Blue Building - Maleha St - Muwaileh Commercial - Industrial Area - Sharjah - United Arab Emirates,+971 6 532 0585
1171,phone,al-mubarak-centre-pharmacy-sharjah,AL Mubarak Centre Pharmacy,https://www.zavis.ai/directory/sharjah/pharmacy/al-mubarak-centre-pharmacy-sharjah,Sharjah,pharmacy,Al Sharq St - Hay Al Sharq - Sharjah - United Arab Emirates,+971 6 563 8034
1172,name,al-rawdha-pharmacy-sharjah,Al Rawdha Pharmacy,https://www.zavis.ai/directory/sharjah/pharmacy/al-rawdha-pharmacy-sharjah,Sharjah,pharmacy,72-70 - S126 - بوطينة - الشارقة - United Arab Emirates,+971 56 505 4987
1173,,,,,,,,
1174,,,,,,,,
1175,,,,,,,,
1176,,,,,,,,
1177,,,,,,,,
1178,,,,,,,,
1179,name,al-dunia-pharmacy-sharjah,AL Dunia Pharmacy,https://www.zavis.ai/directory/sharjah/pharmacy/al-dunia-pharmacy-sharjah,Sharjah,pharmacy,New - Muwaileh Commercial - Industrial Area - Sharjah - United Arab Emirates,+971 6 715 2762
1180,,,,,,,,
1181,name,al-saif-pharmacy-sharjah,AL Saif Pharmacy,https://www.zavis.ai/directory/sharjah/pharmacy/al-saif-pharmacy-sharjah,Sharjah,pharmacy,8CQ2+VRW - King Abdul Aziz Road - Bu Shaghara - Hay Al Qasimiah - Sharjah - United Arab Emirates,+971 6 553 3811
1182,name,al-ahsan-pharmacy-sharjah,AL Ahsan Pharmacy,https://www.zavis.ai/directory/sharjah/pharmacy/al-ahsan-pharmacy-sharjah,Sharjah,pharmacy,33299 - University City Rd - Muwaileh Commercial - Industrial Area - Sharjah - United Arab Emirates,+971 6 544 9393
1183,phone,al-washah-pharmacy-llc-sharjah,AL Washah Pharmacy,https://www.zavis.ai/directory/sharjah/pharmacy/al-washah-pharmacy-llc-sharjah,Sharjah,pharmacy,7VRJ+3J7 - Al Hosn 1 - Sharjah - United Arab Emirates,+971 6 883 3240
1184,phone,boorj-al-rolla-pharmacy-llc-sharjah,Boorj AL Rolla Pharmacy,https://www.zavis.ai/directory/sharjah/pharmacy/boorj-al-rolla-pharmacy-llc-sharjah,Sharjah,pharmacy,Rolla Tower Building - شارع الزهراء - الغوير - حي الغرب - الشارقة - United Arab Emirates,+971 6 521 7190
1185,,,,,,,,
1186,,,,,,,,
1187,phone,al-misbah-pharmacy-l-l-c-sharjah,Al Misbah Pharmacy,https://www.zavis.ai/directory/sharjah/pharmacy/al-misbah-pharmacy-l-l-c-sharjah,Sharjah,pharmacy,89PR+3XQ - Bu Shaghara - Hay Al Qasimiah - Sharjah - United Arab Emirates,+971 6 577 9734
1188,,,,,,,,
1189,,,,,,,,
1190,,,,,,,,
1191,phone,delmon-pharmacy-sharjah,Delmon Pharmacy,https://www.zavis.ai/directory/sharjah/pharmacy/delmon-pharmacy-sharjah,Sharjah,pharmacy,near REEM MEDICAL CENTRE - Al Ghuwair - Hay Al Gharb - Sharjah - United Arab Emirates,+971 6 550 4331
1192,,,,,,,,
1193,name,deira-pharmacy-llc-sharjah,Deira Pharmacy,https://www.zavis.ai/directory/sharjah/pharmacy/deira-pharmacy-llc-sharjah,Sharjah,pharmacy,401 Al Sharq St - Al Naba'a - Sharjah - United Arab Emirates,+971 6 563 1359
1194,,,,,,,,
1195,name,garden-pharmacy-llc-sharjah,Garden Pharmacy,https://www.zavis.ai/directory/sharjah/pharmacy/garden-pharmacy-llc-sharjah,Sharjah,pharmacy,"Tel : 06, 5211727 - Al Ghumar - Al Ghuwair - Hay Al Gharb - Sharjah - United Arab Emirates",+971 6 521 1727
1196,,,,,,,,
1197,name,al-meena-pharmacy-llc-sharjah,AL Meena Pharmacy,https://www.zavis.ai/directory/sharjah/pharmacy/al-meena-pharmacy-llc-sharjah,Sharjah,pharmacy,Ibrahim Mohammed Al Medfa Street - Al Mina Road - Um Altarafa - Hay Al Gharb - Sharjah - United Arab Emirates,+971 6 562 5055
1198,,,,,,,,
1199,phone,al-faw-pharmacy-sharjah,AL Faw Pharmacy,https://www.zavis.ai/directory/sharjah/pharmacy/al-faw-pharmacy-sharjah,Sharjah,pharmacy,ADCB BANK BUILDING - AL MEENA ROAD - near DOCTORS MEDICAL CENTER - Al Soor - Hay Al Qasimiah - Sharjah - United Arab Emirates,+971 6 556 9080
1200,phone,al-faw-pharmacy-sharjah,AL Faw Pharmacy,https://www.zavis.ai/directory/sharjah/pharmacy/al-faw-pharmacy-sharjah,Sharjah,pharmacy,ADCB BANK BUILDING - AL MEENA ROAD - near DOCTORS MEDICAL CENTER - Al Soor - Hay Al Qasimiah - Sharjah - United Arab Emirates,+971 6 556 9080
1201,,,,,,,,
1202,,,,,,,,
1203,,,,,,,,
1204,phone,al-farooq-pharmacy-llc-sharjah,AL Farooq Pharmacy,https://www.zavis.ai/directory/sharjah/pharmacy/al-farooq-pharmacy-llc-sharjah,Sharjah,pharmacy,Hay Al Nahda - Sharjah - United Arab Emirates,+971 6 531 5343
1205,phone,al-aqsa-pharmacy-llc-sharjah,AL Aqsa Pharmacy,https://www.zavis.ai/directory/sharjah/pharmacy/al-aqsa-pharmacy-llc-sharjah,Sharjah,pharmacy,Al Khan - Sharjah - United Arab Emirates,+971 6 577 4704
1206,phone,al-farah-pharmacy-llc-sharjah,AL Farah Pharmacy,https://www.zavis.ai/directory/sharjah/pharmacy/al-farah-pharmacy-llc-sharjah,Sharjah,pharmacy,Behind Ramada Hotel - شارع النهدة - حي النهدة - الشارقة - United Arab Emirates,+971 6 536 3707
1207,phone,al-razy-pharmacy-sharjah,Al Razy Pharmacy,https://www.zavis.ai/directory/sharjah/pharmacy/al-razy-pharmacy-sharjah,Sharjah,pharmacy,BEHIND ANSAR MALL-SHARJAH - حي النهدة - الشارقة - United Arab Emirates,+971 6 537 7844
1208,phone,dar-al-farah-pharmacy-llc-sharjah,Dar AL Farah Pharmacy,https://www.zavis.ai/directory/sharjah/pharmacy/dar-al-farah-pharmacy-llc-sharjah,Sharjah,pharmacy,Behind Ramada Hotel - شارع النهدة - حي النهدة - الشارقة - United Arab Emirates,+971 6 574 3825
1209,,,,,,,,
1210,name,delta-pharmacy-sharjah,Delta Pharmacy,https://www.zavis.ai/directory/sharjah/pharmacy/delta-pharmacy-sharjah,Sharjah,pharmacy,Manara tower 1 - 1 St - Al Majaz 2 - Al Majaz - Sharjah - United Arab Emirates,+971 6 555 4490
1211,phone,delta-al-dhaid-pharmacy-sharjah,Delta AL Dhaid Pharmacy,https://www.zavis.ai/directory/sharjah/pharmacy/delta-al-dhaid-pharmacy-sharjah,Sharjah,pharmacy,Sharjah Cooperative society Building - Al Dhaid St - Hay Al Sharee'ah - Sharjah - United Arab Emirates,+971 6 882 8636
1212,name,delta-modern-pharmacy-sharjah,Delta Modern Pharmacy,https://www.zavis.ai/directory/sharjah/pharmacy/delta-modern-pharmacy-sharjah,Sharjah,pharmacy,Manara tower 1 - 1 St - Al Majaz 2 - Al Majaz - Sharjah - United Arab Emirates,+971 6 555 4490
1213,,,,,,,,
1214,phone,al-rayan-pharmacy-l-l-c-sharjah,AL Rayan Pharmacy,https://www.zavis.ai/directory/sharjah/pharmacy/al-rayan-pharmacy-l-l-c-sharjah,Sharjah,pharmacy,Othman2 Building - Masoud Yen Rabee'ah St - next to Rock Island Ready Mades - Bu Shaghara - Hay Al Qasimiah - Sharjah - United Arab Emirates,+971 6 550 9475
1215,name,al-enwan-pharmacy-sharjah,AL Enwan Pharmacy,https://www.zavis.ai/directory/sharjah/pharmacy/al-enwan-pharmacy-sharjah,Sharjah,pharmacy,RAK Bank Building - Al Marija St - behind Rak Bank Meena Road Down Marijah Medical Center - Al Mareija - Hay Al Gharb - Sharjah - United Arab Emirates,+971 6 555 9111
1216,name,al-tawar-pharmacy-sharjah,AL Tawar Pharmacy,https://www.zavis.ai/directory/sharjah/pharmacy/al-tawar-pharmacy-sharjah,Sharjah,pharmacy,78FJ+FVG - Hor Al Anz - Deira - Dubai - United Arab Emirates,+971 4 262 5554
1217,,,,,,,,
1218,,,,,,,,
1219,phone,al-hamria-pharmacy-sharjah,AL Hamria Pharmacy,https://www.zavis.ai/directory/sharjah/pharmacy/al-hamria-pharmacy-sharjah,Sharjah,pharmacy,Al Badar Tower Shop No.2 - near Hot Burger - حي النهدة - الشارقة - United Arab Emirates,+971 6 521 8887
1220,name,emirates-european-hospital-pharmacy-sharjah,Emirates European Hospital Pharmacy,https://www.zavis.ai/directory/sharjah/pharmacy/emirates-european-hospital-pharmacy-sharjah,Sharjah,pharmacy,Al Sharq St - Al Qulai'aah - Sharjah - United Arab Emirates,+971 6 561 9444
1221,,,,,,,,
1222,name,al-sadaf-pharmacy-llc-sharjah,AL Sadaf Pharmacy,https://www.zavis.ai/directory/sharjah/pharmacy/al-sadaf-pharmacy-llc-sharjah,Sharjah,pharmacy,8JGP+CRH - Al Sajaa - Sharjah - United Arab Emirates,+971 6 559 8211
1223,phone,aster-pharmacy-125-sharjah,Aster Pharmacy 125,https://www.zavis.ai/directory/sharjah/pharmacy/aster-pharmacy-125-sharjah,Sharjah,pharmacy,Al Jawher Building - Al Taawun St - Al Khan - Sharjah - United Arab Emirates,+971 6 530 3016
1224,name,al-haramain-pharmacy-sharjah,AL Haramain Pharmacy,https://www.zavis.ai/directory/sharjah/pharmacy/al-haramain-pharmacy-sharjah,Sharjah,pharmacy,Sheikh Ammar Bin Humaid St - Ajman - United Arab Emirates,+971 55 226 5344
1225,phone,cristal-pharmacy-sharjah,Cristal Pharmacy,https://www.zavis.ai/directory/sharjah/pharmacy/cristal-pharmacy-sharjah,Sharjah,pharmacy,"Shop No - 4, Al Shamsi Building Al Tawuun Area - الخان - إمارة الشارقةّ - United Arab Emirates",+971 6 577 3100
1226,phone,aster-pharmacy-133-sharjah,Aster Pharmacy 133,https://www.zavis.ai/directory/sharjah/pharmacy/aster-pharmacy-133-sharjah,Sharjah,pharmacy,"Al Buteena, Al Sharq Street, Behind Aster Expert Pharmacy, Sharjah - بوطينة - إمارة الشارقةّ - United Arab Emirates",+971 6 561 9322
1227,,,,,,,,
1228,,,,,,,,
1229,,,,,,,,
1230,phone,aster-pharmacy-106-sharjah,Aster Pharmacy 106,https://www.zavis.ai/directory/sharjah/pharmacy/aster-pharmacy-106-sharjah,Sharjah,pharmacy,Golden Sands Tower - Al Ittihad St - near Safeer Mall - Hay Al Nahda - Sharjah - United Arab Emirates,+971 6 574 9669
1231,phone,aster-pharmacy-107-sharjah,Aster Pharmacy 107,https://www.zavis.ai/directory/sharjah/pharmacy/aster-pharmacy-107-sharjah,Sharjah,pharmacy,"Ground Floor, Hassan Baba Hassan Building Opp - مسجد الخيال - King Faisal Road - ضاحيةالمجاز - المجاز - الشارقة - United Arab Emirates",+971 6 573 4704
1232,phone,aster-pharmacy-108-sharjah,Aster Pharmacy 108,https://www.zavis.ai/directory/sharjah/pharmacy/aster-pharmacy-108-sharjah,Sharjah,pharmacy,"Adnic Tower, Opposite, Union National Bank, Next to Sata, Rolla, Sharjah Dubai - أم الطرافة - حي الغرب - إمارة الشارقةّ - United Arab Emirates",+971 6 561 0012
1233,phone,al-mawadah-pharmacy-sharjah,AL Mawadah Pharmacy,https://www.zavis.ai/directory/sharjah/pharmacy/al-mawadah-pharmacy-sharjah,Sharjah,pharmacy,Immigration Road - Al Qassimia Area - Hay Al Qasimiah - Sharjah - United Arab Emirates,+971 6 574 4878
1234,name,al-majaz-pharmacy-sharjah,AL Majaz Pharmacy,https://www.zavis.ai/directory/sharjah/pharmacy/al-majaz-pharmacy-sharjah,Sharjah,pharmacy,Sharjah,+971 6 702 1793
1235,phone,aster-al-buhairah-pharmacy-sharjah,Aster AL Buhairah Pharmacy,https://www.zavis.ai/directory/sharjah/pharmacy/aster-al-buhairah-pharmacy-sharjah,Sharjah,pharmacy,"Lagoon Tower - Corniche, Al Buhaira Building - near Sedar Building - ضاحيةالمجاز - المجاز - إمارة الشارقةّ - United Arab Emirates",+971 6 544 4542
1236,,,,,,,,
1237,,,,,,,,
1238,phone,al-manarah-pharmacy-sharjah,AL Manarah Pharmacy,https://www.zavis.ai/directory/sharjah/pharmacy/al-manarah-pharmacy-sharjah,Sharjah,pharmacy,Al Taawun St - Taawun Area - Sharjah - United Arab Emirates,+971 6 577 4665
1239,name,al-shualla-pharmacy-sharjah,AL Shualla Pharmacy,https://www.zavis.ai/directory/sharjah/pharmacy/al-shualla-pharmacy-sharjah,Sharjah,pharmacy,Al Ittihad Road Dubai - Sharjah Rd - Industrial Areas - Industrial Area - Sharjah - United Arab Emirates,+971 6 531 3648
1240,phone,aster-pharmacy-122-sharjah,Aster Pharmacy 122,https://www.zavis.ai/directory/sharjah/pharmacy/aster-pharmacy-122-sharjah,Sharjah,pharmacy,"Shop No. 2, near Abu Shagara Park - بوشغارة - حي القاسمية - الشارقة - United Arab Emirates",+971 6 557 0996
1241,phone,aster-pharmacy-203-sharjah,Aster Pharmacy 203,https://www.zavis.ai/directory/sharjah/pharmacy/aster-pharmacy-203-sharjah,Sharjah,pharmacy,Arab Doctor Building - Shop no. 1 - Al Taawun St - Al Taawun - Sharjah - United Arab Emirates,+971 6 539 6955
1242,phone,aster-pharmacy-151-sharjah,Aster Pharmacy 151,https://www.zavis.ai/directory/sharjah/pharmacy/aster-pharmacy-151-sharjah,Sharjah,pharmacy,"Shop No. 1, Mamzer 1 Tower - الخالدية - الشارقة - United Arab Emirates",+971 6 545 3109
1243,phone,aster-pharmacy-121-sharjah,Aster Pharmacy 121,https://www.zavis.ai/directory/sharjah/pharmacy/aster-pharmacy-121-sharjah,Sharjah,pharmacy,"Ground Floor, Bawazir Building - opposite to Sahara Centre - Hay Al Nahda - Sharjah - United Arab Emirates",+971 6 554 4504
1244,phone,aster-pharmacy-140-sharjah,Aster Pharmacy 140,https://www.zavis.ai/directory/sharjah/pharmacy/aster-pharmacy-140-sharjah,Sharjah,pharmacy,Sultaco Building - King Faisal St - ضاحيةالمجاز - المجاز - الشارقة - United Arab Emirates,+971 6 544 5001
1245,name,aster-pharmacy-153-sharjah,Aster Pharmacy 153,https://www.zavis.ai/directory/sharjah/pharmacy/aster-pharmacy-153-sharjah,Sharjah,pharmacy,"Mubarak Building, University Road, Muweilah - تجارية مويلح - المنطقة الصناعية - الشارقة - United Arab Emirates",+971 6 524 5341
1246,,,,,,,,
1247,,,,,,,,
1248,,,,,,,,
1249,,,,,,,,
1250,name,al-yamama-pharmacy-llc-sharjah,AL Yamama Pharmacy,https://www.zavis.ai/directory/sharjah/pharmacy/al-yamama-pharmacy-llc-sharjah,Sharjah,pharmacy,7CXG+F4G - Industrial Areas - Industrial Area - Sharjah - United Arab Emirates,+971 6 534 6004
1251,phone,al-rahmaniah-pharmacy-llc-sharjah,AL Rahmaniah Pharmacy,https://www.zavis.ai/directory/sharjah/pharmacy/al-rahmaniah-pharmacy-llc-sharjah,Sharjah,pharmacy,8C59+2P2 - Third Industrial St - Industrial Areas - Industrial AreaIndustrial Area 6 - Sharjah - United Arab Emirates,+971 6 534 3351
1252,phone,al-shifa-al-uropi-pharmacy-llc-sharjah,AL Shifa AL Uropi Pharmacy,https://www.zavis.ai/directory/sharjah/pharmacy/al-shifa-al-uropi-pharmacy-llc-sharjah,Sharjah,pharmacy,FDH-993 - Al Nahda St - Hay Al Nahda - Al Qusais Industrial Area - Sharjah - United Arab Emirates,+971 6 539 4609
1253,phone,al-shifa-al-khaleeji-medical-centre-sharjah,AL Shifa AL Khaleeji Medical Centre,https://www.zavis.ai/directory/sharjah/clinics/al-shifa-al-khaleeji-medical-centre-sharjah,Sharjah,clinics,Caterpillar Road - Second Industrial St - Industrial Area 2 - Industrial Area - Sharjah - United Arab Emirates,+971 6 532 8558
1254,,,,,,,,
1255,name,al-seyouh-pharmacy-llc-sharjah,AL Seyouh Pharmacy,https://www.zavis.ai/directory/sharjah/pharmacy/al-seyouh-pharmacy-llc-sharjah,Sharjah,pharmacy,8CF3+XX7 - Industrial Area 4 - Industrial Area - Sharjah - United Arab Emirates,+971 54 771 7449
1256,,,,,,,,
1257,,,,,,,,
1258,,,,,,,,
1259,phone,asia-pharmacy-sharjah,Asia Pharmacy,https://www.zavis.ai/directory/sharjah/pharmacy/asia-pharmacy-sharjah,Sharjah,pharmacy,Sharjah Al Rahah Medical center - Sedana Signal - الصناعيات - المنطقة الصناعية - الشارقة - United Arab Emirates,+971 6 533 5970
1260,,,,,,,,
1261,phone,bab-al-qassimiah-pharmacy-llc-sharjah,Bab AL Qassimiah Pharmacy,https://www.zavis.ai/directory/sharjah/pharmacy/bab-al-qassimiah-pharmacy-llc-sharjah,Sharjah,pharmacy,Al Nad - Hay Al Qasimiah - Sharjah - United Arab Emirates,+971 6 522 1707
1262,name,al-afdhal-pharmacy-l-l-c-sharjah,Al Afdhal Pharmacy,https://www.zavis.ai/directory/sharjah/pharmacy/al-afdhal-pharmacy-l-l-c-sharjah,Sharjah,pharmacy,"Deira, Nasser Square, Nr Landmark Plaza Hotel - نايف - ديرة - دبي - United Arab Emirates",+971 4 228 3357
1263,name,dar-al-dawaa-pharmacy-llc-sharjah,Dar AL Dawaa Pharmacy,https://www.zavis.ai/directory/sharjah/pharmacy/dar-al-dawaa-pharmacy-llc-sharjah,Sharjah,pharmacy,Right medical center building - Bu Shaghara - Hay Al Qasimiah - Sharjah - United Arab Emirates,+971 52 490 6164
1264,,,,,,,,
1265,,,,,,,,
1266,name,dar-al-neem-pharmacy-l-l-c-sharjah,Dar AL Neem Pharmacy,https://www.zavis.ai/directory/sharjah/pharmacy/dar-al-neem-pharmacy-l-l-c-sharjah,Sharjah,pharmacy,Al Sharq St - Al Rifaah - Alheera Suburb - Sharjah - United Arab Emirates,+971 52 340 4430
1267,phone,al-samha-pharmacy-sharjah,AL Samha Pharmacy,https://www.zavis.ai/directory/sharjah/pharmacy/al-samha-pharmacy-sharjah,Sharjah,pharmacy,al majarrah corniche street - near radisson blu - Al Majarra - Sharjah - United Arab Emirates,+971 56 646 5225
1268,phone,abudhabi-pharmacy-l-l-c-sharjah,Abudhabi Pharmacy,https://www.zavis.ai/directory/sharjah/pharmacy/abudhabi-pharmacy-l-l-c-sharjah,Sharjah,pharmacy,"Sharjah-Alkhan-Opp.Sharjah Co-Operative,and Near by Nissan Co. - P.O.Box:61077 - ضاحيةالمجاز - المجاز - الشارقة - United Arab Emirates",+971 56 646 5995
1269,,,,,,,,
1270,,,,,,,,
1271,,,,,,,,
1272,phone,al-rafeah-pharmacy-llc-sharjah,AL Rafeah Pharmacy,https://www.zavis.ai/directory/sharjah/pharmacy/al-rafeah-pharmacy-llc-sharjah,Sharjah,pharmacy,7PHP+V8C - Al Rafea - Sharjah - United Arab Emirates,+971 6 534 1441
1273,phone,al-maliha-pharmacy-sharjah,AL Maliha Pharmacy,https://www.zavis.ai/directory/sharjah/pharmacy/al-maliha-pharmacy-sharjah,Sharjah,pharmacy,Sharjah,+971 6 882 6855
1274,,,,,,,,
1275,phone,al-barakah-medical-clinic-sharjah,AL Barakah Medical Clinic,https://www.zavis.ai/directory/sharjah/clinics/al-barakah-medical-clinic-sharjah,Sharjah,clinics,Sharjah - Industrial Areas - Industrial Area - Sharjah - United Arab Emirates,+971 6 543 1763
1276,,,,,,,,
1277,phone,al-ahliah-pharmacy-sharjah,AL Ahliah Pharmacy,https://www.zavis.ai/directory/sharjah/pharmacy/al-ahliah-pharmacy-sharjah,Sharjah,pharmacy,Khan Saheb building - 10 Third Industrial St - Industrial Area 10 - Industrial Area - Sharjah - United Arab Emirates,+971 6 531 3698
1278,phone,al-inaya-al-mutaqadimah-pharmacy-l-l-c-sharjah,AL Inaya AL Mutaqadimah Pharmacy,https://www.zavis.ai/directory/sharjah/pharmacy/al-inaya-al-mutaqadimah-pharmacy-l-l-c-sharjah,Sharjah,pharmacy,Al Reem 1 - Muwaileh Commercial - Industrial Area - Sharjah - United Arab Emirates,+971 6 534 5663
1279,,,,,,,,
1280,name,al-bedaya-pharmacy-sharjah,Al Bedaya Pharmacy,https://www.zavis.ai/directory/sharjah/pharmacy/al-bedaya-pharmacy-sharjah,Sharjah,pharmacy,Al Sajaa - Sharjah - United Arab Emirates,+971 56 126 8677
1281,,,,,,,,
1282,,,,,,,,
1283,,,,,,,,
1284,phone,al-barashi-pharmacy-llc-sharjah,AL Barashi Pharmacy,https://www.zavis.ai/directory/sharjah/pharmacy/al-barashi-pharmacy-llc-sharjah,Sharjah,pharmacy,"Al Bedea Suburb, Barashi Sharjah Cooperative Society - ضاحية البديع - حي براشي - الشارقة - United Arab Emirates",+971 6 524 8828
1285,name,al-hajis-pharmacy-sharjah,AL Hajis Pharmacy,https://www.zavis.ai/directory/sharjah/pharmacy/al-hajis-pharmacy-sharjah,Sharjah,pharmacy,Shop No. 5 - 7 & 8 Wasit St - Al Abar - Halwan - Sharjah - United Arab Emirates,+971 54 245 6202
1286,,,,,,,,
1287,name,al-jareena-pharmacy-llc-sharjah,AL Jareena Pharmacy,https://www.zavis.ai/directory/sharjah/pharmacy/al-jareena-pharmacy-llc-sharjah,Sharjah,pharmacy,Street 69 - Industrial Areas - Industrial Area - Sharjah - United Arab Emirates,+971 50 881 6875
1288,,,,,,,,
1289,,,,,,,,
1290,,,,,,,,
1291,,,,,,,,
1292,,,,,,,,
1293,,,,,,,,
1294,phone,abaq-al-nada-pharmacy-sharjah,Abaq AL Nada Pharmacy,https://www.zavis.ai/directory/sharjah/pharmacy/abaq-al-nada-pharmacy-sharjah,Sharjah,pharmacy,Bu Danig - Hay Al Qasimiah - Sharjah - United Arab Emirates,+971 54 390 5474
1295,phone,al-seha-al-kubra-pharmacy-llc-sharjah,AL Seha AL Kubra Pharmacy,https://www.zavis.ai/directory/sharjah/pharmacy/al-seha-al-kubra-pharmacy-llc-sharjah,Sharjah,pharmacy,Wasit St - Al Shahba - Mughaider Suburb - Sharjah - United Arab Emirates,+971 6 572 1213
1296,,,,,,,,
1297,,,,,,,,
1298,,,,,,,,
1299,,,,,,,,
1300,name,al-matar-pharmacy-llc-sharjah,AL Matar Pharmacy,https://www.zavis.ai/directory/sharjah/pharmacy/al-matar-pharmacy-llc-sharjah,Sharjah,pharmacy,NEW - تجارية مويلح - المنطقة الصناعية - الشارقة - United Arab Emirates,+971 54 792 8977
1301,,,,,,,,
1302,name,dar-al-faraj-pharmacy-l-l-c-sharjah,Dar Al Faraj Pharmacy,https://www.zavis.ai/directory/sharjah/pharmacy/dar-al-faraj-pharmacy-l-l-c-sharjah,Sharjah,pharmacy,Al Khaleej Al Arabi St - Al Shuwaiheen - Hay Al Gharb - Sharjah - United Arab Emirates,+971 56 588 3994
1303,,,,,,,,
1304,,,,,,,,
1305,phone,golden-star-pharmacy-l-l-c-sharjah,Golden Star Pharmacy,https://www.zavis.ai/directory/sharjah/pharmacy/golden-star-pharmacy-l-l-c-sharjah,Sharjah,pharmacy,Abi Al Atahia St - Al Ghuwair - Hay Al Gharb - Sharjah - United Arab Emirates,+971 6 558 1633
1306,phone,family-star-pharmacy-l-l-c-sharjah,Family Star Pharmacy,https://www.zavis.ai/directory/sharjah/pharmacy/family-star-pharmacy-l-l-c-sharjah,Sharjah,pharmacy,"Shop no. 3, Ground Floor - opp. Seven Stars Stationery Nora building - Bu Shaghara - Hay Al Qasimiah - Sharjah - United Arab Emirates",+971 6 537 0703
1307,,,,,,,,
1308,,,,,,,,
1309,,,,,,,,
1310,,,,,,,,
1311,phone,aster-pharmacies-group-llc-uaq-branch-umm-al-quwain,Aster Pharmacies Group,https://www.zavis.ai/directory/umm-al-quwain/pharmacy/aster-pharmacies-group-llc-uaq-branch-umm-al-quwain,Umm Al Quwain,pharmacy,Al Masa-2 - King Faisal Road - Al Muqta - Al Muqta 1 - Emirate of Umm Al Quwain - United Arab Emirates,+971 6 527 5126
1312,name,al-neem-pharmacy-llc-umm-al-quwain,AL Neem Pharmacy,https://www.zavis.ai/directory/umm-al-quwain/pharmacy/al-neem-pharmacy-llc-umm-al-quwain,Umm Al Quwain,pharmacy,Aesthetica Medica Center Building Salamah 2 - Al Salmah - Al Salamah 2 - Emirate of Umm Al Quwain - United Arab Emirates,+971 50 980 6476
1313,,,,,,,,
1314,phone,nmc-royal-medical-center-ltd-branch-al-shahama-abu-dhabi,Nmc Royal Medical Center LTD - Branch AL Shahama,https://www.zavis.ai/directory/abu-dhabi/clinics/nmc-royal-medical-center-ltd-branch-al-shahama-abu-dhabi,Abu Dhabi,clinics,12 Al Sadirat St - Al Shahama - New Shahamah - Abu Dhabi - United Arab Emirates,+971 2 885 9400
1315,,,,,,,,
1316,,,,,,,,
1317,phone,n-m-c-royal-hospital-ltd-abu-dhabi,N M C Royal Hospital,https://www.zavis.ai/directory/abu-dhabi/hospitals/n-m-c-royal-hospital-ltd-abu-dhabi,Abu Dhabi,hospitals,16th St - Khalifa City - SE4 - Abu Dhabi - United Arab Emirates,+971 2 554 5555
1318,,,,,,,,
1319,phone,oxford-pharmacy-l-l-c-abu-dhabi,Oxford Pharmacy,https://www.zavis.ai/directory/abu-dhabi/pharmacy/oxford-pharmacy-l-l-c-abu-dhabi,Abu Dhabi,pharmacy,"Al Sharafi Building - SHOP NO -2, GROUND FLOOR Al Rolla Rd - Al Raffa - Dubai - United Arab Emirates",+97124489191
1320,name,zanbaq-al-madina-pharmacy-l-l-c-abu-dhabi,Zanbaq AL Madina Pharmacy,https://www.zavis.ai/directory/abu-dhabi/pharmacy/zanbaq-al-madina-pharmacy-l-l-c-abu-dhabi,Abu Dhabi,pharmacy,384 Mohammed Bin Khalifa Al Kindi St - Musaffah - Musaffah Industrial - Abu Dhabi - United Arab Emirates,+9712-5504333
1321,phone,alpha-medical-centre-l-l-c-abu-dhabi,Alpha Medical Centre,https://www.zavis.ai/directory/abu-dhabi/clinics/alpha-medical-centre-l-l-c-abu-dhabi,Abu Dhabi,clinics,"Musaffah, Abu Dhabi",+97125558383
1322,phone,sands-pharmacy-l-l-c-abu-dhabi,Sands Pharmacy,https://www.zavis.ai/directory/abu-dhabi/pharmacy/sands-pharmacy-l-l-c-abu-dhabi,Abu Dhabi,pharmacy,"Abu Dhabi, Abu Dhabi",+971(971)-2-6425688
1323,name,lotus-pharmacy-llc-abu-dhabi,Lotus Pharmacy,https://www.zavis.ai/directory/abu-dhabi/pharmacy/lotus-pharmacy-llc-abu-dhabi,Abu Dhabi,pharmacy,"Ground floor, Prestige Tower 17 - شارع ٧٩ - near Capital Mall - Mohamed Bin Zayed City - ME2 - Abu Dhabi - United Arab Emirates",+971 2 691 1570
1324,name,bright-point-pharmacy-llc-abu-dhabi,Bright Point Pharmacy,https://www.zavis.ai/directory/abu-dhabi/pharmacy/bright-point-pharmacy-llc-abu-dhabi,Abu Dhabi,pharmacy,"Ground Floor, Commercial tower B, Inside Al Jazira Sport and Culture Club - Sultan Bin Zayed The First St. (Muroor road) - آل نهيان - Zone 1 - أبو ظبي - United Arab Emirates",+971 2 555 8825
1325,phone,apollo-pharmacy-l-l-c-abu-dhabi,Apollo Pharmacy,https://www.zavis.ai/directory/abu-dhabi/pharmacy/apollo-pharmacy-l-l-c-abu-dhabi,Abu Dhabi,pharmacy,Shop - 4 Hamdan Bin Mohammed St - near LLH hospital - Al Danah - Zone 1 - Abu Dhabi - United Arab Emirates,+971 2 634 4747
1326,name,golden-cure-pharmacy-sole-proprietorship-l-l-c-abu-dhabi,Golden Cure Pharmacy,https://www.zavis.ai/directory/abu-dhabi/pharmacy/golden-cure-pharmacy-sole-proprietorship-l-l-c-abu-dhabi,Abu Dhabi,pharmacy,8GHM+88P - Mohamed Bin Zayed City - ME11 - Abu Dhabi - United Arab Emirates,+971 2 000 0000
1327,phone,health-go-medical-center-l-l-c-abu-dhabi,Health GO Medical Center,https://www.zavis.ai/directory/abu-dhabi/clinics/health-go-medical-center-l-l-c-abu-dhabi,Abu Dhabi,clinics,Prince qahar building - 57 Al Fasayil St - Jarn Yafour - Mafraq Industrial Area - Abu Dhabi - United Arab Emirates,+971 2 585 1331
1328,,,,,,,,
1329,phone,advanced-medical-centre-ajman,Advanced Medical Centre,https://www.zavis.ai/directory/ajman/clinics/advanced-medical-centre-ajman,Ajman,clinics,Citymart Bldg - above UAE Exchange - Al Bustan - ليوارة 1 - Ajman - United Arab Emirates,+971 6 745 9969
1330,phone,emirates-private-medical-center-ajman,Emirates Private Medical Center,https://www.zavis.ai/directory/ajman/clinics/emirates-private-medical-center-ajman,Ajman,clinics,Ajman - Ajman Industrial 2 - Ajman - United Arab Emirates,+971 6 748 6177
1331,,,,,,,,
1332,,,,,,,,
1333,,,,,,,,
1334,phone,eve-medical-center-ajman,Eve Medical Center,https://www.zavis.ai/directory/ajman/clinics/eve-medical-center-ajman,Ajman,clinics,J1 Building Floor 1 Garden City Al-Jurf Ajman بناية J1 ، طابق 1، جاردن ستي، - الجرف - الحميدية 1 - عجمان - United Arab Emirates,+971 6 749 8042
1335,,,,,,,,
1336,phone,al-narjes-physiotherapy-center-ajman,AL Narjes Physiotherapy Center,https://www.zavis.ai/directory/ajman/physiotherapy/al-narjes-physiotherapy-center-ajman,Ajman,physiotherapy,Sheikh Rashid bin Humaid road - opposite Ajman One tower - Al Rumailah - Al Rumailah 3 - Ajman - United Arab Emirates,+971 6 741 8880
1337,,,,,,,,
1338,,,,,,,,
1339,,,,,,,,
1340,phone,albustan-medical-center-ajman,Albustan Medical Center,https://www.zavis.ai/directory/ajman/clinics/albustan-medical-center-ajman,Ajman,clinics,near lucky centre - Al Jerf Industrial 1 - Ajman - United Arab Emirates,+971 6 748 8202
1341,,,,,,,,
1342,,,,,,,,
1343,phone,almadar-medical-center-ajman,Almadar Medical Center,https://www.zavis.ai/directory/ajman/clinics/almadar-medical-center-ajman,Ajman,clinics,Sheikh Khalifa Bin Zayed St - 3 Al Nuaimia - Ajman - United Arab Emirates,+971 6 741 2202
1344,,,,,,,,
1345,,,,,,,,
1346,phone,bynoona-medical-centre-l-l-c-ajman,Bynoona Medical Centre,https://www.zavis.ai/directory/ajman/clinics/bynoona-medical-centre-l-l-c-ajman,Ajman,clinics,17 شارع عدي بن حاتم الطائي - 2 Al Nuaimia - Ajman - United Arab Emirates,+971 6 743 0015
1347,phone,double-care-medical-center-ajman,Double Care Medical Center,https://www.zavis.ai/directory/ajman/clinics/double-care-medical-center-ajman,Ajman,clinics,Al Shorouq Towers . Block A Unit 101 - النعيمية 1 - عجمان - United Arab Emirates,+971 6 744 8822
1348,,,,,,,,
1349,name,al-jurf-medical-center-01-ajman,AL Jurf Medical Center 01,https://www.zavis.ai/directory/ajman/clinics/al-jurf-medical-center-01-ajman,Ajman,clinics,CG55+WV Building، AL JURF - Sheikh Ammar Bin Humaid St - 1الحميدية - Al Hamidiya 1 - Ajman - United Arab Emirates,+971 6 749 9766
1350,,,,,,,,
1351,phone,dr-jameela-clinic-ajman,DR. Jameela Clinic,https://www.zavis.ai/directory/ajman/clinics/dr-jameela-clinic-ajman,Ajman,clinics,Ghaza Street - 8 Al Quds St - Al Rumailah - Al Rumailah 1 - Ajman - United Arab Emirates,+971 6 742 3949
1352,phone,alshamsi-pharmacy-ajman,Alshamsi Pharmacy,https://www.zavis.ai/directory/ajman/pharmacy/alshamsi-pharmacy-ajman,Ajman,pharmacy,Jameela Clinic Building - Shop #1 Al Quds St - Al Nakhil - Al Rumailah 1 - Ajman - United Arab Emirates,+971 6 744 2178
1353,,,,,,,,
1354,,,,,,,,
1355,,,,,,,,
1356,name,al-durra-dental-clinic-ajman,AL Durra Dental Clinic,https://www.zavis.ai/directory/ajman/dental/al-durra-dental-clinic-ajman,Ajman,dental,105 Bldg-A Badr St - Al Bustan - ليوارة 2 - Ajman - United Arab Emirates,+971 50 503 1570
1357,,,,,,,,
1358,,,,,,,,
1359,,,,,,,,
1360,,,,,,,,
1361,phone,aster-pharmacy-ajman,Aster Pharmacy,https://www.zavis.ai/directory/ajman/pharmacy/aster-pharmacy-ajman,Ajman,pharmacy,Al Nuaimiyah King Faisal St. Road Behind Al Futtaim Motors and - Splash - النعيمية 2 - عجمان - United Arab Emirates,+971 6 744 4840
1362,,,,,,,,
1363,,,,,,,,
1364,name,aster-pharmacy-159-br-of-aster-pharmacies-group-llc-ajman,Aster Pharmacy 159,https://www.zavis.ai/directory/ajman/pharmacy/aster-pharmacy-159-br-of-aster-pharmacies-group-llc-ajman,Ajman,pharmacy,Ajman - Al Rashidiya 3 - Ajman - United Arab Emirates,+971 6 745 2048
1365,,,,,,,,
1366,,,,,,,,
1367,,,,,,,,
1368,,,,,,,,
1369,phone,advanced-medical-centre-ajman,Advanced Medical Centre,https://www.zavis.ai/directory/ajman/clinics/advanced-medical-centre-ajman,Ajman,clinics,Citymart Bldg - above UAE Exchange - Al Bustan - ليوارة 1 - Ajman - United Arab Emirates,+971 6 745 9969
1370,phone,al-bustan-pharmacy-ajman,AL Bustan Pharmacy,https://www.zavis.ai/directory/ajman/pharmacy/al-bustan-pharmacy-ajman,Ajman,pharmacy,AL JURF - Showroom no.1 - near by gift mart - Al Jerf Industrial 1 - Ajman - United Arab Emirates,+971 6 744 7969
1371,,,,,,,,
1372,,,,,,,,
1373,,,,,,,,
1374,,,,,,,,
1375,phone,almamoora-pharmacy-ajman,Almamoora Pharmacy,https://www.zavis.ai/directory/ajman/pharmacy/almamoora-pharmacy-ajman,Ajman,pharmacy,Sheikh Rashid Bin Humeed St - Al Rashidiya 3 - Ajman - United Arab Emirates,+971 6 742 6383
1376,,,,,,,,
1377,,,,,,,,
1378,,,,,,,,
1379,,,,,,,,
1380,,,,,,,,
1381,,,,,,,,
1382,,,,,,,,
1383,phone,al-noor-medical-center-wll-al-ain,AL Noor Medical Center,https://www.zavis.ai/directory/al-ain/clinics/al-noor-medical-center-wll-al-ain,Al Ain,clinics,"Al Ain, Al Ain",+9713-7662072
1384,phone,index-medical-center-l-l-c-al-ain,Index Medical Center,https://www.zavis.ai/directory/al-ain/clinics/index-medical-center-l-l-c-al-ain,Al Ain,clinics,"Al Ain, Al Ain",+971(971)-3-7513939
1385,,,,,,,,
1386,phone,medlife-medical-centre-l-l-c-al-ain,Medlife Medical Centre,https://www.zavis.ai/directory/al-ain/clinics/medlife-medical-centre-l-l-c-al-ain,Al Ain,clinics,Al Hili - 7Q8C+PCR - Industrial Area - Ndood Jham - Abu Dhabi - United Arab Emirates,+971 3 733 1033
1387,phone,al-ain-alahili-medical-centre-al-ain,AL Ain Alahili Medical Centre,https://www.zavis.ai/directory/al-ain/clinics/al-ain-alahili-medical-centre-al-ain,Al Ain,clinics,"Al Ain, Al Ain",+97137559990
1388,phone,cope-medical-center-sole-proprietorship-l-l-c-al-ain,Cope Medical Center,https://www.zavis.ai/directory/al-ain/clinics/cope-medical-center-sole-proprietorship-l-l-c-al-ain,Al Ain,clinics,Industrial Area - Al Aras - Abu Dhabi - United Arab Emirates,+97137543634
1389,,,,,,,,
1390,phone,lenox-medical-center-al-ain,Lenox Medical Center,https://www.zavis.ai/directory/al-ain/clinics/lenox-medical-center-al-ain,Al Ain,clinics,Cooperative society alhayer - Al Ain - Dubai Rd - Al Hiyar - Ramlat Al Hayer - Abu Dhabi - United Arab Emirates,+971 3 734 3417
1391,phone,dhiyara-medical-center-al-ain,Dhiyara Medical Center,https://www.zavis.ai/directory/al-ain/clinics/dhiyara-medical-center-al-ain,Al Ain,clinics,Hamdan Bin Zayed Al Awwal Street، - Al Jimi - Al Khrais - Abu Dhabi - United Arab Emirates,+9710097137656882
1392,,,,,,,,
1393,,,,,,,,
1394,phone,health-first-pharmacy-l-l-c-branch-1-al-ain,Health First Pharmacy,https://www.zavis.ai/directory/al-ain/pharmacy/health-first-pharmacy-l-l-c-branch-1-al-ain,Al Ain,pharmacy,Zayed Bin Sultan St - Central District - Al Rubainah - Abu Dhabi - United Arab Emirates,+971(971)-3-7662131
1395,phone,health-first-pharmacy-l-l-c-branch-11-al-ain,Health First Pharmacy,https://www.zavis.ai/directory/al-ain/pharmacy/health-first-pharmacy-l-l-c-branch-11-al-ain,Al Ain,pharmacy,6J9R+68C - Al Bateen - Ghafat Al Shwaihi - Abu Dhabi - United Arab Emirates,+971(971)-3-7804288
1396,,,,,,,,
1397,,,,,,,,
1398,name,marjan-medical-center-pharmacy-al-ain,Marjan Medical Center Pharmacy,https://www.zavis.ai/directory/al-ain/pharmacy/marjan-medical-center-pharmacy-al-ain,Al Ain,pharmacy,Al Khurair - Al Noud - Wadi Al Ain 1 - Abu Dhabi - United Arab Emirates,+9713-7666641
1399,,,,,,,,
1400,phone,lulu-alfoah-pharmacy-llc-al-ain,Lulu Alfoah Pharmacy,https://www.zavis.ai/directory/al-ain/pharmacy/lulu-alfoah-pharmacy-llc-al-ain,Al Ain,pharmacy,"Al Foah Mall, Ground Floor - شارع أبو عبيدة بن الجراح - الفُوعَة - الصجعة - أبو ظبي - United Arab Emirates",+9713-7843221
1401,phone,al-senaeya-pharmacy-al-ain,AL Senaeya Pharmacy,https://www.zavis.ai/directory/al-ain/pharmacy/al-senaeya-pharmacy-al-ain,Al Ain,pharmacy,"Al Ain, Al Ain",+9713-7657105
1402,phone,medon-oxycare-pharmacy-l-l-c-s-p-c-al-ain,Medon Oxycare Pharmacy,https://www.zavis.ai/directory/al-ain/pharmacy/medon-oxycare-pharmacy-l-l-c-s-p-c-al-ain,Al Ain,pharmacy,Al Tuma-Neenah 5 Street Road 2 - Sanaiya - المنطقة الصناعية - العراس - أبو ظبي - United Arab Emirates,+971 3 734 2700
1403,phone,al-aahed-medical-centre-sole-proprietorship-l-l-c-al-ain,AL Aahed Medical Centre,https://www.zavis.ai/directory/al-ain/clinics/al-aahed-medical-centre-sole-proprietorship-l-l-c-al-ain,Al Ain,clinics,"Al Ain, Al Ain",+97137642791
1404,,,,,,,,
1405,,,,,,,,
1406,,,,,,,,
1407,phone,ibn-sina-pharmacy-sole-proprietorship-l-l-c-branch-11-al-ain,Ibn Sina Pharmacy,https://www.zavis.ai/directory/al-ain/pharmacy/ibn-sina-pharmacy-sole-proprietorship-l-l-c-branch-11-al-ain,Al Ain,pharmacy,First Floor Wahat Hili Mall - Hili - Ndood Jham - Abu Dhabi - United Arab Emirates,+97137843975
1408,,,,,,,,
1409,phone,new-famous-medical-centre-l-l-c-abu-dhabi,New Famous Medical Centre,https://www.zavis.ai/directory/abu-dhabi/clinics/new-famous-medical-centre-l-l-c-abu-dhabi,Abu Dhabi,clinics,Musaffah - Mussafah 32/1 - Abu Dhabi - United Arab Emirates,+971 2 553 8040
1410,,,,,,,,
1411,,,,,,,,
1412,phone,aster-primary-care-l-l-c-abu-dhabi,Aster Primary Care,https://www.zavis.ai/directory/abu-dhabi/clinics/aster-primary-care-l-l-c-abu-dhabi,Abu Dhabi,clinics,شارع ١٥ - Musaffah - M9 - Abu Dhabi - United Arab Emirates,+971 2 555 7078
1413,,,,,,,,
1414,phone,express-ghayathi-medical-centre-l-l-c-o-p-c-abu-dhabi,Express Ghayathi Medical Centre,https://www.zavis.ai/directory/abu-dhabi/clinics/express-ghayathi-medical-centre-l-l-c-o-p-c-abu-dhabi,Abu Dhabi,clinics,4 Al Mawajeeb St - Ghiyathi - Ghayathi Industrial Area - Abu Dhabi - United Arab Emirates,+971(971)-2-8744430
1415,phone,al-kamal-medical-poly-clinics-l-l-c-abu-dhabi,Al Kamal Medical Poly Clinics,https://www.zavis.ai/directory/abu-dhabi/clinics/al-kamal-medical-poly-clinics-l-l-c-abu-dhabi,Abu Dhabi,clinics,"Abu Dhabi, Abu Dhabi",+97126651464
1416,phone,nmc-royal-family-medical-centre-ltd-abu-dhabi,Nmc Royal Family Medical Centre,https://www.zavis.ai/directory/abu-dhabi/clinics/nmc-royal-family-medical-centre-ltd-abu-dhabi,Abu Dhabi,clinics,1st and 2nd floor، Prestige Tower 17 - 79th St - next to Capital Mall - Mohamed Bin Zayed City - ME2 - Abu Dhabi - United Arab Emirates,+971 2 691 1500
1417,,,,,,,,
1418,,,,,,,,
1419,,,,,,,,
1420,phone,architect-clinic-l-l-c-o-p-c-abu-dhabi,Architect Clinic,https://www.zavis.ai/directory/abu-dhabi/clinics/architect-clinic-l-l-c-o-p-c-abu-dhabi,Abu Dhabi,clinics,Workers Village - Al Bihouth - ICAD 3 - Abu Dhabi - United Arab Emirates,+971 2 672 1400
1421,,,,,,,,
1422,phone,medlux-medical-center-l-l-c-abu-dhabi,Medlux Medical Center,https://www.zavis.ai/directory/abu-dhabi/clinics/medlux-medical-center-l-l-c-abu-dhabi,Abu Dhabi,clinics,7HRR+3P2 - Jarn Yafour - Mafraq Industrial Area - Abu Dhabi - United Arab Emirates,+971 2 622 9722
1423,,,,,,,,
1424,phone,royal-international-medical-center-sole-proprietorship-l-l-c-abu-dhabi,Royal International Medical Center,https://www.zavis.ai/directory/abu-dhabi/clinics/royal-international-medical-center-sole-proprietorship-l-l-c-abu-dhabi,Abu Dhabi,clinics,Abu Dhabi - Jarn Yafour - Mafraq Industrial Area - Abu Dhabi - United Arab Emirates,+97128775522
1425,,,,,,,,
1426,phone,central-clinic-l-l-c-abu-dhabi,Central Clinic,https://www.zavis.ai/directory/abu-dhabi/clinics/central-clinic-l-l-c-abu-dhabi,Abu Dhabi,clinics,"Abu Dhabi, Abu Dhabi",+97126323497
1427,,,,,,,,
1428,phone,dr-sabah-al-sakban-medical-clinic-abu-dhabi,DR. Sabah AL Sakban Medical Clinic,https://www.zavis.ai/directory/abu-dhabi/clinics/dr-sabah-al-sakban-medical-clinic-abu-dhabi,Abu Dhabi,clinics,Saeed Bin Ahmed Al Otaiba St - Al Danah - E3-02 - Abu Dhabi - United Arab Emirates,+971 2 633 1003
1429,phone,bashira-specialized-medical-clinic-abu-dhabi,Bashira Specialized Medical Clinic,https://www.zavis.ai/directory/abu-dhabi/clinics/bashira-specialized-medical-clinic-abu-dhabi,Abu Dhabi,clinics,Al Danah - E3-02 - Abu Dhabi - United Arab Emirates,+971(971)-2-6219995
1430,name,medeor-medical-centre-l-l-c-abu-dhabi,Medeor Medical Centre,https://www.zavis.ai/directory/abu-dhabi/clinics/medeor-medical-centre-l-l-c-abu-dhabi,Abu Dhabi,clinics,"Abu Dhabi, Abu Dhabi",+971 800 55
1431,,,,,,,,
1432,phone,american-crescent-health-care-centre-sole-proprietrship-l-l-c-abu-dhabi,American Crescent Health Care Centre Sole Proprietrship,https://www.zavis.ai/directory/abu-dhabi/clinics/american-crescent-health-care-centre-sole-proprietrship-l-l-c-abu-dhabi,Abu Dhabi,clinics,"Abu Dhabi, Abu Dhabi",+9712-6325000
1433,phone,healthshades-medical-centre-l-l-c-abu-dhabi,Healthshades Medical Centre,https://www.zavis.ai/directory/abu-dhabi/clinics/healthshades-medical-centre-l-l-c-abu-dhabi,Abu Dhabi,clinics,Abu Dhabi - Musaffah - M37 - Abu Dhabi - United Arab Emirates,+97125545999
1434,name,excellent-medical-center-sole-proprietorship-l-l-c-abu-dhabi,Excellent Medical Center,https://www.zavis.ai/directory/abu-dhabi/clinics/excellent-medical-center-sole-proprietorship-l-l-c-abu-dhabi,Abu Dhabi,clinics,شارع الرَّيْحَان - Jarn Yafour - Al Mafraq Workers City - Abu Dhabi - United Arab Emirates,+97125544469
1435,phone,holistic-medical-centre-sole-proprietorship-l-l-c-abu-dhabi,Holistic Medical Centre,https://www.zavis.ai/directory/abu-dhabi/clinics/holistic-medical-centre-sole-proprietorship-l-l-c-abu-dhabi,Abu Dhabi,clinics,"Villa # 141,12th Street - A - opp. Al Forsan Shooting Club and Marriott Hotel - Khalifa City - SW14 - Abu Dhabi - United Arab Emirates",+97126661567
1436,name,abu-al-bukhoosh-clinic-abu-dhabi,Abu Al Bukhoosh Clinic,https://www.zavis.ai/directory/abu-dhabi/clinics/abu-al-bukhoosh-clinic-abu-dhabi,Abu Dhabi,clinics,Trade Towers East Street # 2 - Al Zahiyah - E16 01 - Abu Dhabi - United Arab Emirates,+97127071275
1437,name,adc-tarif-central-camp-clinic-abu-dhabi,Adc Tarif Central Camp Clinic,https://www.zavis.ai/directory/abu-dhabi/clinics/adc-tarif-central-camp-clinic-abu-dhabi,Abu Dhabi,clinics,"Tarif, Al Dhafrah",+97127071275
1438,name,adnoc-offshore-hq-clinic-abu-dhabi,ADNOC Offshore HQ Clinic,https://www.zavis.ai/directory/abu-dhabi/clinics/adnoc-offshore-hq-clinic-abu-dhabi,Abu Dhabi,clinics,F9W7+FQ9 - Unnamed Road - Al Danah - E7 - Abu Dhabi - United Arab Emirates,+97127071275
1439,name,allianz-installer-clinic-abu-dhabi,Allianz Installer Clinic,https://www.zavis.ai/directory/abu-dhabi/clinics/allianz-installer-clinic-abu-dhabi,Abu Dhabi,clinics,20th Floor - 32nd Street - Al Bateen - W10 - Abu Dhabi - United Arab Emirates,+9712-6311688
1440,name,allianz-intrepid-clinic-abu-dhabi,Allianz Intrepid Clinic,https://www.zavis.ai/directory/abu-dhabi/clinics/allianz-intrepid-clinic-abu-dhabi,Abu Dhabi,clinics,79 Al Raqi St - Mohamed Bin Zayed City - Z1 - Abu Dhabi - United Arab Emirates,+97127071275
1441,name,nsc-fortune-adnoc-ab01-clinic-abu-dhabi,Nsc Fortune / Adnoc Ab01 Clinic,https://www.zavis.ai/directory/abu-dhabi/clinics/nsc-fortune-adnoc-ab01-clinic-abu-dhabi,Abu Dhabi,clinics,International Airport Road - CG93+RJQ - Sas Al Nakhl - Abu Dhabi - United Arab Emirates,+97127071275
1442,name,umm-shaif-platform-clinic-abu-dhabi,Umm Shaif Platform Clinic,https://www.zavis.ai/directory/abu-dhabi/clinics/umm-shaif-platform-clinic-abu-dhabi,Abu Dhabi,clinics,Al Salqawi st - behind Dalma Mall - Musaffah - ICAD I - Abu Dhabi - United Arab Emirates,+971 56 409 1698
1443,name,khyber-medical-centre-abu-dhabi,Khyber Medical Centre,https://www.zavis.ai/directory/abu-dhabi/clinics/khyber-medical-centre-abu-dhabi,Abu Dhabi,clinics,MP4H+V3R - Madinat Zayed - MZE19 - Abu Dhabi - United Arab Emirates,+971 2 642 6477
1444,,,,,,,,
1445,name,famous-medical-centre-sole-proprietorship-l-l-c-abu-dhabi,Famous Medical Centre,https://www.zavis.ai/directory/abu-dhabi/clinics/famous-medical-centre-sole-proprietorship-l-l-c-abu-dhabi,Abu Dhabi,clinics,Musaffah - Mussafah 32/1 - Abu Dhabi - United Arab Emirates,+971 50 357 6687
1446,,,,,,,,
1447,phone,consultants-medical-centre-abu-dhabi,Consultants Medical Centre,https://www.zavis.ai/directory/abu-dhabi/clinics/consultants-medical-centre-abu-dhabi,Abu Dhabi,clinics,"Abu Dhabi, Abu Dhabi",+97126794100
1448,phone,ishtar-medical-centre-abu-dhabi,Ishtar Medical Centre,https://www.zavis.ai/directory/abu-dhabi/clinics/ishtar-medical-centre-abu-dhabi,Abu Dhabi,clinics,6 شارع فاطمة بنت مبارك - Al Danah - E8 - Abu Dhabi - United Arab Emirates,+971(971)-2-6333886
1449,phone,taha-medical-centre-l-l-c-abu-dhabi,Taha Medical Centre,https://www.zavis.ai/directory/abu-dhabi/clinics/taha-medical-centre-l-l-c-abu-dhabi,Abu Dhabi,clinics,Al Falah St - Al Danah - E4 02 - Abu Dhabi - United Arab Emirates,+97126343438
1450,,,,,,,,
1451,,,,,,,,
1452,phone,purecare-medical-centre-l-l-c-o-p-c-abu-dhabi,Purecare Medical Centre,https://www.zavis.ai/directory/abu-dhabi/clinics/purecare-medical-centre-l-l-c-o-p-c-abu-dhabi,Abu Dhabi,clinics,"Same Building of Day To Day, Al Ghaith Tower - Floor 2 - 206 Hamdan Bin Mohammed St - Al Danah - E8 - Abu Dhabi - United Arab Emirates",+971 2 666 0525
1453,,,,,,,,
1454,phone,heart-beat-medical-center-one-day-surgery-l-l-c-abu-dhabi,Heart Beat Medical Center & One day Surgery,https://www.zavis.ai/directory/abu-dhabi/clinics/heart-beat-medical-center-one-day-surgery-l-l-c-abu-dhabi,Abu Dhabi,clinics,"Plot 103, Mushrif Area - شارع الشيخ راشد بن سعيد - المشرف - غرب 46 1 - أبو ظبي - United Arab Emirates",+97124449494
1455,phone,crown-hospital-one-day-surgery-sole-proprietorship-l-l-c-abu-dhabi,Crown Hospital One Day Surgery,https://www.zavis.ai/directory/abu-dhabi/clinics/crown-hospital-one-day-surgery-sole-proprietorship-l-l-c-abu-dhabi,Abu Dhabi,clinics,Abu Dhabi - Musaffah - M11 - Abu Dhabi - United Arab Emirates,+971 2 552 9143
1456,,,,,,,,
1457,phone,proficiency-healthcare-diagnostic-laboratories-l-l-c-abu-dhabi,Proficiency Healthcare Diagnostic Laboratories,https://www.zavis.ai/directory/abu-dhabi/labs-diagnostics/proficiency-healthcare-diagnostic-laboratories-l-l-c-abu-dhabi,Abu Dhabi,labs-diagnostics,"Al Saif Tower - 104,1st Floor - Tower C Building Electra Street - behind Honda Showroom - Al Danah - E11 - Abu Dhabi - United Arab Emirates",+97124919300
1458,name,sanimed-international-lab-and-management-l-l-c-abu-dhabi,Sanimed International Lab And Management,https://www.zavis.ai/directory/abu-dhabi/clinics/sanimed-international-lab-and-management-l-l-c-abu-dhabi,Abu Dhabi,clinics,Al Reem Island - Tamouh - Abu Dhabi - United Arab Emirates,+971 50 916 8393
1459,,,,,,,,
1460,,,,,,,,
1461,name,das-hospital-abu-dhabi,Das Hospital,https://www.zavis.ai/directory/abu-dhabi/hospitals/das-hospital-abu-dhabi,Abu Dhabi,hospitals,4VWH+PM2 - Al Dhafra Islands - Das Island - Abu Dhabi - United Arab Emirates,+971 2 606 3500
1462,phone,national-hospital-proprietorship-l-l-c-abu-dhabi,National Hospital - Proprietorship,https://www.zavis.ai/directory/abu-dhabi/hospitals/national-hospital-proprietorship-l-l-c-abu-dhabi,Abu Dhabi,hospitals,Building 16 Abdullah Bin Humaid Al Rumaithi St - Al Danah - E11 - Abu Dhabi - United Arab Emirates,+97126711000
1463,,,,,,,,
1464,name,llh-hospital-pharmacy-al-musaffah-l-l-c-abu-dhabi,Llh Hospital Pharmacy AL Musaffah,https://www.zavis.ai/directory/abu-dhabi/pharmacy/llh-hospital-pharmacy-al-musaffah-l-l-c-abu-dhabi,Abu Dhabi,pharmacy,Al - Musaffah - Me 7 - Abu Dhabi - United Arab Emirates,+9712-2222236
1465,name,llh-hospital-pharmacy-l-l-c-abu-dhabi,Llh Hospital Pharmacy,https://www.zavis.ai/directory/abu-dhabi/pharmacy/llh-hospital-pharmacy-l-l-c-abu-dhabi,Abu Dhabi,pharmacy,Zone 1E3-02 - Muroor Road - Al Danah - E3-02 - Abu Dhabi - United Arab Emirates,+971507390769
1466,,,,,,,,
1467,,,,,,,,
1468,,,,,,,,
1469,,,,,,,,
1470,phone,mansour-pharmacy-branch-1-abu-dhabi,Mansour Pharmacy,https://www.zavis.ai/directory/abu-dhabi/pharmacy/mansour-pharmacy-branch-1-abu-dhabi,Abu Dhabi,pharmacy,9F2X+3C8 WAAR Camp - Musaffah - M37 - Abu Dhabi - United Arab Emirates,+971(971)-2-5500753
1471,phone,sarhad-pharmacy-abu-dhabi,Sarhad Pharmacy,https://www.zavis.ai/directory/abu-dhabi/pharmacy/sarhad-pharmacy-abu-dhabi,Abu Dhabi,pharmacy,9GG9+WMJ - Musaffah - M2 - Abu Dhabi - United Arab Emirates,+9712-5551429
1472,phone,saba-pharmacy-l-l-c-abu-dhabi,Saba Pharmacy,https://www.zavis.ai/directory/abu-dhabi/pharmacy/saba-pharmacy-l-l-c-abu-dhabi,Abu Dhabi,pharmacy,Musaffah Industrial - مصفح - مصفح 37 - أبو ظبي - United Arab Emirates,+971(971)-2-5523200
1473,name,right-choice-health-pharmacy-abu-dhabi,Right Choice Health Pharmacy,https://www.zavis.ai/directory/abu-dhabi/pharmacy/right-choice-health-pharmacy-abu-dhabi,Abu Dhabi,pharmacy,Abu Dhabi Musaffah industrial area block - مصفح - مصفح 10 - أبو ظبي - United Arab Emirates,+97124917600
1474,,,,,,,,
1475,name,golden-health-pharmacy-l-l-c-abu-dhabi,Golden Health Pharmacy,https://www.zavis.ai/directory/abu-dhabi/pharmacy/golden-health-pharmacy-l-l-c-abu-dhabi,Abu Dhabi,pharmacy,"Mezzzanine Floor, Unit No. 3 - Building 154 شارع حزاء بن زايد الأول - Al Danah - E11 - Abu Dhabi - United Arab Emirates",+971 2 585 5552
1476,,,,,,,,
1477,phone,vincent-pharmacies-sole-proprietorship-l-l-c-abu-dhabi,Vincent Pharmacies,https://www.zavis.ai/directory/abu-dhabi/pharmacy/vincent-pharmacies-sole-proprietorship-l-l-c-abu-dhabi,Abu Dhabi,pharmacy,"Abu Dhabi, Abu Dhabi",+971 2 641 1124
1478,,,,,,,,
1479,,,,,,,,
1480,name,mubarak-pharmacy-sole-proprietorship-l-l-c-branch-1-abu-dhabi,Mubarak Pharmacy,https://www.zavis.ai/directory/abu-dhabi/pharmacy/mubarak-pharmacy-sole-proprietorship-l-l-c-branch-1-abu-dhabi,Abu Dhabi,pharmacy,Al Ain - Central District - Hai Qesaidah - Abu Dhabi - United Arab Emirates,+971 3 751 5992
1481,name,medline-pharmacy-l-l-c-abu-dhabi,Medline Pharmacy,https://www.zavis.ai/directory/abu-dhabi/pharmacy/medline-pharmacy-l-l-c-abu-dhabi,Abu Dhabi,pharmacy,14th St - Musaffah - M26 - Abu Dhabi - United Arab Emirates,+971 50 944 0358
1482,phone,maxim-medical-centre-l-l-c-abu-dhabi,Maxim Medical Centre,https://www.zavis.ai/directory/abu-dhabi/clinics/maxim-medical-centre-l-l-c-abu-dhabi,Abu Dhabi,clinics,8FRF+7J6 - Musaffah - M43 - Abu Dhabi - United Arab Emirates,+97125500161
1483,phone,m-26-medical-center-abu-dhabi,M 26 Medical Center,https://www.zavis.ai/directory/abu-dhabi/clinics/m-26-medical-center-abu-dhabi,Abu Dhabi,clinics,Musaffah - M26 - Abu Dhabi - United Arab Emirates,+971 2 886 7789
1484,,,,,,,,
1485,phone,falcon-pharmacy-l-l-c-abu-dhabi,Falcon Pharmacy,https://www.zavis.ai/directory/abu-dhabi/pharmacy/falcon-pharmacy-l-l-c-abu-dhabi,Abu Dhabi,pharmacy,"Industrial Sector 18, Saniya, Ghayathi - Opposite to Main Mosque - غياثي - غياثي الصناعية - أبو ظبي - United Arab Emirates",+971 2 874 3164
1486,,,,,,,,
1487,name,public-life-pharmacy-l-l-c-abu-dhabi,Public Life Pharmacy,https://www.zavis.ai/directory/abu-dhabi/pharmacy/public-life-pharmacy-l-l-c-abu-dhabi,Abu Dhabi,pharmacy,"Shop No. 1, Plot C-79, (ADCP) Building No P52 Near Emirates Discount Market Al Danah Area - Muroor Rd - الدانة - شرق 18 1 - أبو ظبي - United Arab Emirates",+971 4 571 8077
1488,name,unique-care-pharmacy-abu-dhabi,Unique Care Pharmacy,https://www.zavis.ai/directory/abu-dhabi/pharmacy/unique-care-pharmacy-abu-dhabi,Abu Dhabi,pharmacy,10th St - Musaffah - M13 - Abu Dhabi - United Arab Emirates,+9712-5535582
1489,,,,,,,,
1490,name,health-point-pharmacy-llc-abu-dhabi,Health Point Pharmacy,https://www.zavis.ai/directory/abu-dhabi/pharmacy/health-point-pharmacy-llc-abu-dhabi,Abu Dhabi,pharmacy,Musaffah - M4 - Abu Dhabi - United Arab Emirates,+971 2 559 0203
1491,,,,,,,,
1492,name,medi-cure-pharmacy-l-l-c-abu-dhabi,Medi Cure Pharmacy,https://www.zavis.ai/directory/abu-dhabi/pharmacy/medi-cure-pharmacy-l-l-c-abu-dhabi,Abu Dhabi,pharmacy,7JM4+MQC - Jarn Yafour - Mafraq Industrial Area - Abu Dhabi - United Arab Emirates,+9712-6228383
1493,,,,,,,,
1494,phone,blue-ocean-pharmacy-sole-proprietorship-l-l-c-abu-dhabi,Blue Ocean Pharmacy,https://www.zavis.ai/directory/abu-dhabi/pharmacy/blue-ocean-pharmacy-sole-proprietorship-l-l-c-abu-dhabi,Abu Dhabi,pharmacy,8GPP+6MV - Mohamed Bin Zayed City - ME10 - Abu Dhabi - United Arab Emirates,+971 2 553 2323
1495,,,,,,,,
1496,phone,aster-pharmacies-group-llc-branch-of-abu-dhabi-5-abu-dhabi,Aster Pharmacies Group,https://www.zavis.ai/directory/abu-dhabi/pharmacy/aster-pharmacies-group-llc-branch-of-abu-dhabi-5-abu-dhabi,Abu Dhabi,pharmacy,"Electra Street, Opp. Grand Mercure Majilis Hotel - الزاهية - شرق 15 - أبو ظبي - United Arab Emirates",+97124489240
1497,,,,,,,,
1498,phone,aster-pharmacies-group-llc-branch-of-abu-dhabi-8-abu-dhabi,Aster Pharmacies Group,https://www.zavis.ai/directory/abu-dhabi/pharmacy/aster-pharmacies-group-llc-branch-of-abu-dhabi-8-abu-dhabi,Abu Dhabi,pharmacy,"Electra Street, Opp. Grand Mercure Majilis Hotel - الزاهية - شرق 15 - أبو ظبي - United Arab Emirates",+971 2 671 1831
1499,,,,,,,,
1500,,,,,,,,
1501,phone,modern-dar-al-shifa-pharmacy-l-l-c-abu-dhabi,Modern Dar AL Shifa Pharmacy,https://www.zavis.ai/directory/abu-dhabi/pharmacy/modern-dar-al-shifa-pharmacy-l-l-c-abu-dhabi,Abu Dhabi,pharmacy,Near Dana hotel - clinic attached - الزاهية - شرق 16 - أبو ظبي - United Arab Emirates,+971 2 644 6100
1502,,,,,,,,
1503,,,,,,,,
1504,,,,,,,,
1505,,,,,,,,
1506,name,aster-pharmacies-group-llc-branch-abu-dhabi-10-abu-dhabi,Aster Pharmacies Group LLC Branch Abu Dhabi 10,https://www.zavis.ai/directory/abu-dhabi/pharmacy/aster-pharmacies-group-llc-branch-abu-dhabi-10-abu-dhabi,Abu Dhabi,pharmacy,"Electra Street, Opp. Grand Mercure Majilis Hotel - الزاهية - شرق 15 - أبو ظبي - United Arab Emirates",+971 2 622 9870
1507,phone,aster-pharmacies-group-llc-abudhabi-branch-11-abu-dhabi,Aster Pharmacies Group LLC Abudhabi,https://www.zavis.ai/directory/abu-dhabi/pharmacy/aster-pharmacies-group-llc-abudhabi-branch-11-abu-dhabi,Abu Dhabi,pharmacy,"Electra Street, Opp. Grand Mercure Majilis Hotel - الزاهية - شرق 15 - أبو ظبي - United Arab Emirates",+971 2 627 4688
1508,,,,,,,,
1509,,,,,,,,
1510,,,,,,,,
1511,phone,aster-pharmacies-group-llc-branch-abu-dhabi-13-abu-dhabi,Aster Pharmacies Group LLC Branch Abu Dhabi 13,https://www.zavis.ai/directory/abu-dhabi/pharmacy/aster-pharmacies-group-llc-branch-abu-dhabi-13-abu-dhabi,Abu Dhabi,pharmacy,"Electra Street, Opp. Grand Mercure Majilis Hotel - الزاهية - شرق 15 - أبو ظبي - United Arab Emirates",+971 2 585 8396
1512,,,,,,,,
1513,,,,,,,,
1514,name,mariam-pharmacy-llc-abu-dhabi,Mariam Pharmacy,https://www.zavis.ai/directory/abu-dhabi/pharmacy/mariam-pharmacy-llc-abu-dhabi,Abu Dhabi,pharmacy,F9CC+FFV - Al Danah - E18 01 - Abu Dhabi - United Arab Emirates,+971 2 641 8776
1515,name,amal-pharmacy-sole-proprietorship-llc-abu-dhabi,Amal Pharmacy,https://www.zavis.ai/directory/abu-dhabi/pharmacy/amal-pharmacy-sole-proprietorship-llc-abu-dhabi,Abu Dhabi,pharmacy,"Baniyas, Abu Dhabi",+9712-5832331
1516,phone,eastern-alahlia-pharmacy-l-l-c-abu-dhabi,Eastern Alahlia Pharmacy,https://www.zavis.ai/directory/abu-dhabi/pharmacy/eastern-alahlia-pharmacy-l-l-c-abu-dhabi,Abu Dhabi,pharmacy,"2, Mafraq - Jarn Yafour - Al Mafraq Workers City - Abu Dhabi - United Arab Emirates",+971 2 559 7090
1517,phone,galaxy-pharmacy-l-l-c-abu-dhabi,Galaxy Pharmacy,https://www.zavis.ai/directory/abu-dhabi/pharmacy/galaxy-pharmacy-l-l-c-abu-dhabi,Abu Dhabi,pharmacy,Abu Dhabi - Musaffah - M37 - Abu Dhabi - United Arab Emirates,+971 2 557 5413
1518,phone,al-rida-pharmacy-abu-dhabi,AL Rida Pharmacy,https://www.zavis.ai/directory/abu-dhabi/pharmacy/al-rida-pharmacy-abu-dhabi,Abu Dhabi,pharmacy,"Abu Dhabi, Abu Dhabi",+9712-6766125
1519,name,better-life-pharmacy-sole-proprietorship-l-l-c-abu-dhabi,Better Life Pharmacy,https://www.zavis.ai/directory/abu-dhabi/pharmacy/better-life-pharmacy-sole-proprietorship-l-l-c-abu-dhabi,Abu Dhabi,pharmacy,8GW6+PM7 - Musaffah - M33 - Abu Dhabi - United Arab Emirates,+9712-6262666
1520,,,,,,,,
1521,,,,,,,,
1522,phone,new-abu-dhabi-pharmacy-sole-proprietorship-l-l-c-abu-dhabi,New Abu Dhabi Pharmacy,https://www.zavis.ai/directory/abu-dhabi/pharmacy/new-abu-dhabi-pharmacy-sole-proprietorship-l-l-c-abu-dhabi,Abu Dhabi,pharmacy,F9JF+X9V - Fatima Bint Ali Al Rumaithi St - Al Danah - Zone 1 - Abu Dhabi - United Arab Emirates,+9712-6777625
1523,,,,,,,,
1524,phone,noor-alahli-pharmacy-l-l-c-branch-4-abu-dhabi,Noor Alahli Pharmacy,https://www.zavis.ai/directory/abu-dhabi/pharmacy/noor-alahli-pharmacy-l-l-c-branch-4-abu-dhabi,Abu Dhabi,pharmacy,7JGV+VCH - Bani Yas - Baniyas West - Abu Dhabi - United Arab Emirates,+9712-5668124
1525,,,,,,,,
1526,,,,,,,,
1527,,,,,,,,
1528,,,,,,,,
1529,phone,star-al-ahalia-pharmacy-abu-dhabi,Star AL Ahalia Pharmacy,https://www.zavis.ai/directory/abu-dhabi/pharmacy/star-al-ahalia-pharmacy-abu-dhabi,Abu Dhabi,pharmacy,Sheikh khalifa Residential complex - Ghiyathi - Ghayathi - Abu Dhabi - United Arab Emirates,+971 2 874 4060
1530,phone,unique-al-ahalia-pharmacy-branch-2-abu-dhabi,Unique AL Ahalia Pharmacy,https://www.zavis.ai/directory/abu-dhabi/pharmacy/unique-al-ahalia-pharmacy-branch-2-abu-dhabi,Abu Dhabi,pharmacy,بجوار مكتب الاهلية للصرافة - Hamdan Bin Mohammed St - Al Danah - E6 - Abu Dhabi - United Arab Emirates,+971 2 559 5441
1531,phone,western-towers-al-ahalia-pharmacy-abu-dhabi,Western Towers AL Ahalia Pharmacy,https://www.zavis.ai/directory/abu-dhabi/pharmacy/western-towers-al-ahalia-pharmacy-abu-dhabi,Abu Dhabi,pharmacy,Liwa - E 45 Road Road - Madinat Za'id - MZE19 - Abu Dhabi - United Arab Emirates,+971 2 884 1020
1532,phone,millennium-hospital-l-l-c-abu-dhabi-2,Millennium Hospital,https://www.zavis.ai/directory/abu-dhabi/pharmacy/millennium-hospital-l-l-c-abu-dhabi-2,Abu Dhabi,pharmacy,MusaffahME-9 - مدينة محمد بن زايد - محمد بن زايد شرق 9 - أبو ظبي - United Arab Emirates,+97126151525
1533,phone,millennium-hospital-pharmacy-l-l-c-abu-dhabi,Millennium Hospital Pharmacy,https://www.zavis.ai/directory/abu-dhabi/pharmacy/millennium-hospital-pharmacy-l-l-c-abu-dhabi,Abu Dhabi,pharmacy,Mohamed Bin Zayed City - M9 - Abu Dhabi - United Arab Emirates,+97125649409
1534,,,,,,,,
1535,name,adnoc-onshore-medical-centre-pharmacy-abu-dhabi,ADNOC Onshore Medical Centre Pharmacy,https://www.zavis.ai/directory/abu-dhabi/pharmacy/adnoc-onshore-medical-centre-pharmacy-abu-dhabi,Abu Dhabi,pharmacy,F9W7+FQ9 - Unnamed Road - Al Danah - E7 - Abu Dhabi - United Arab Emirates,+9712-7071275
1536,name,adnoc-technical-institute-pharmacy-abu-dhabi,Adnoc Technical Institute Pharmacy,https://www.zavis.ai/directory/abu-dhabi/pharmacy/adnoc-technical-institute-pharmacy-abu-dhabi,Abu Dhabi,pharmacy,8FF7+HGP - Musaffah - MW5 - Abu Dhabi - United Arab Emirates,+9712-7071275
1537,phone,das-hospital-abu-dhabi,Das Hospital,https://www.zavis.ai/directory/abu-dhabi/hospitals/das-hospital-abu-dhabi,Abu Dhabi,hospitals,4VWH+PM2 - Al Dhafra Islands - Das Island - Abu Dhabi - United Arab Emirates,+971 2 606 3500
1538,name,abu-dhabi-refinery-abu-dhabi,Abu Dhabi Refinery,https://www.zavis.ai/directory/abu-dhabi/pharmacy/abu-dhabi-refinery-abu-dhabi,Abu Dhabi,pharmacy,Tower J Street # 1 - Al Danah - E9 01 - Abu Dhabi - United Arab Emirates,+971(971)-2-7071275
1539,name,sheikh-khalifa-energy-clinic-pharmacy-abu-dhabi,Sheikh Khalifa Energy Clinic Pharmacy,https://www.zavis.ai/directory/abu-dhabi/pharmacy/sheikh-khalifa-energy-clinic-pharmacy-abu-dhabi,Abu Dhabi,pharmacy,Khalifa Complex B Building - Shop #24 Al Maiyani St - Al Zahiyah - E16 - Abu Dhabi - United Arab Emirates,+971(971)-2-7071275
1540,,,,,,,,
1541,name,asab-pharmacy-abu-dhabi,Asab Pharmacy,https://www.zavis.ai/directory/abu-dhabi/pharmacy/asab-pharmacy-abu-dhabi,Abu Dhabi,pharmacy,"Liwa, Al Dhafrah",+97127071275
1542,,,,,,,,
1543,name,habshan-pharmacy-abu-dhabi,Habshan Pharmacy,https://www.zavis.ai/directory/abu-dhabi/pharmacy/habshan-pharmacy-abu-dhabi,Abu Dhabi,pharmacy,Habshan - Abu Dhabi - United Arab Emirates,+971(971)-2-7071275
1544,name,al-dhannah-hospital-pharmacy-abu-dhabi,AL Dhannah Hospital Pharmacy,https://www.zavis.ai/directory/abu-dhabi/pharmacy/al-dhannah-hospital-pharmacy-abu-dhabi,Abu Dhabi,pharmacy,"Abu Dhabi, Abu Dhabi",+97127071334
1545,name,medeor-24x7-pharmacy-llc-abu-dhabi,Medeor 24x7 Pharmacy,https://www.zavis.ai/directory/abu-dhabi/pharmacy/medeor-24x7-pharmacy-llc-abu-dhabi,Abu Dhabi,pharmacy,Muroor Rd - Al Danah - E4 02 - Abu Dhabi - United Arab Emirates,+971 800 55
1546,,,,,,,,
1547,name,knights-pharmacy-abu-dhabi,Knights Pharmacy,https://www.zavis.ai/directory/abu-dhabi/pharmacy/knights-pharmacy-abu-dhabi,Abu Dhabi,pharmacy,"Pink Building - Ground Floor, Electra Street - الدانة - شرق 10 - أبو ظبي - United Arab Emirates",+971 2 621 9996
1548,name,knights-pharmacy-llc-khalifa-branch-abu-dhabi,Knights Pharmacy - LLC - Khalifa,https://www.zavis.ai/directory/abu-dhabi/pharmacy/knights-pharmacy-llc-khalifa-branch-abu-dhabi,Abu Dhabi,pharmacy,"Pink Building - Ground Floor, Electra Street - الدانة - شرق 10 - أبو ظبي - United Arab Emirates",+971 2 621 9996
1549,,,,,,,,
1550,,,,,,,,
1551,,,,,,,,
1552,,,,,,,,
1553,phone,alrawdha-pharmacy-l-l-c-abu-dhabi,Alrawdha Pharmacy,https://www.zavis.ai/directory/abu-dhabi/pharmacy/alrawdha-pharmacy-l-l-c-abu-dhabi,Abu Dhabi,pharmacy,شارع السلام - behind Adnoc-NDC Building - Al Danah - E11 - Abu Dhabi - United Arab Emirates,+9712-5505565
1554,phone,family-pharmacy-abu-dhabi,Family Pharmacy,https://www.zavis.ai/directory/abu-dhabi/pharmacy/family-pharmacy-abu-dhabi,Abu Dhabi,pharmacy,opp. Madinat Zayed Shopping & Gold - Madinat Zayed - Zone 1 - أبو ظبي - United Arab Emirates,+9712-6317417
1555,name,a-b-c-plus-pharmacy-abu-dhabi,A B C Plus Pharmacy,https://www.zavis.ai/directory/abu-dhabi/pharmacy/a-b-c-plus-pharmacy-abu-dhabi,Abu Dhabi,pharmacy,Jarn Yafour - Mafraq Industrial Area - Abu Dhabi - United Arab Emirates,+970558101159
1556,,,,,,,,
1557,phone,m37-pharmacy-l-l-c-abu-dhabi,M37 Pharmacy,https://www.zavis.ai/directory/abu-dhabi/pharmacy/m37-pharmacy-l-l-c-abu-dhabi,Abu Dhabi,pharmacy,9F3W+55R - Musaffah - M37 - Abu Dhabi - United Arab Emirates,+97122465436
1558,,,,,,,,
1559,,,,,,,,
1560,name,public-health-pharmacy-l-l-c-abu-dhabi,Public Health Pharmacy,https://www.zavis.ai/directory/abu-dhabi/pharmacy/public-health-pharmacy-l-l-c-abu-dhabi,Abu Dhabi,pharmacy,8JH9+XGW - Shakhbout City - MSH44 - Abu Dhabi - United Arab Emirates,+971(971)-2-5554006
1561,phone,health-time-medical-centre-sole-proprietorship-l-l-c-abu-dhabi,Health Time Medical Centre,https://www.zavis.ai/directory/abu-dhabi/clinics/health-time-medical-centre-sole-proprietorship-l-l-c-abu-dhabi,Abu Dhabi,clinics,Jarn Yafour - Mafraq Industrial Area - Abu Dhabi - United Arab Emirates,+971 2 642 5247
1562,name,black-falcon-pharmacy-llc-abu-dhabi,Black Falcon Pharmacy,https://www.zavis.ai/directory/abu-dhabi/pharmacy/black-falcon-pharmacy-llc-abu-dhabi,Abu Dhabi,pharmacy,"Industrial Sector 18, Saniya, Ghayathi - Opposite to Main Mosque - غياثي - غياثي الصناعية - أبو ظبي - United Arab Emirates",+97124911230
1563,name,future-international-pharmacy-llc-abu-dhabi,Future International Pharmacy,https://www.zavis.ai/directory/abu-dhabi/pharmacy/future-international-pharmacy-llc-abu-dhabi,Abu Dhabi,pharmacy,ME-11 - c32 - Mohamed Bin Zayed City - ME11 - Abu Dhabi - United Arab Emirates,+971 2 674 0090
1564,phone,indus-medical-centre-llc-abu-dhabi,Indus Medical Centre,https://www.zavis.ai/directory/abu-dhabi/clinics/indus-medical-centre-llc-abu-dhabi,Abu Dhabi,clinics,baniyas china camp worker city 2 - جرن يافور - المفرق الصناعية - أبو ظبي - United Arab Emirates,+97124467700
1565,phone,north-west-pharmacy-l-l-c-abu-dhabi,North West Pharmacy,https://www.zavis.ai/directory/abu-dhabi/pharmacy/north-west-pharmacy-l-l-c-abu-dhabi,Abu Dhabi,pharmacy,53 Zahrat Al Ashkhar 3 St - Musaffah - Musaffah Industrial - Abu Dhabi - United Arab Emirates,+971 2 673 1164
1566,phone,al-kamal-pharmacy-abu-dhabi,AL Kamal Pharmacy,https://www.zavis.ai/directory/abu-dhabi/pharmacy/al-kamal-pharmacy-abu-dhabi,Abu Dhabi,pharmacy,"Abu Dhabi, Abu Dhabi",+9712-6669281
1567,phone,giant-pharmacy-l-l-c-abu-dhabi,Giant Pharmacy,https://www.zavis.ai/directory/abu-dhabi/pharmacy/giant-pharmacy-l-l-c-abu-dhabi,Abu Dhabi,pharmacy,"Musaffah 17, near Shati al madina - مصفح - مصفح 17 - أبو ظبي - United Arab Emirates",+971 2 551 7211
1568,name,emerald-pharmacy-llc-abu-dhabi,Emerald Pharmacy,https://www.zavis.ai/directory/abu-dhabi/pharmacy/emerald-pharmacy-llc-abu-dhabi,Abu Dhabi,pharmacy,العُمَّال - Mohamed Bin Zayed City - ME10 - Abu Dhabi - United Arab Emirates,+9712-5554198
1569,phone,hope-pharmacy-llc-abu-dhabi,Hope Pharmacy,https://www.zavis.ai/directory/abu-dhabi/pharmacy/hope-pharmacy-llc-abu-dhabi,Abu Dhabi,pharmacy,1st floor gcc new office bldg - Naer Al jaber camp - plot no 384/ building - Jarn Yafour - Mafraq Industrial Area - Abu Dhabi - United Arab Emirates,+971(971)-2-5552687
1570,name,max-blue-pharmacy-abu-dhabi,Max Blue Pharmacy,https://www.zavis.ai/directory/abu-dhabi/pharmacy/max-blue-pharmacy-abu-dhabi,Abu Dhabi,pharmacy,Mussafah Industrial [Sanayia - 9GC2+MQ7 - مصفح - مصفح 10 - أبو ظبي - United Arab Emirates,+971 2 440 2342
1571,,,,,,,,
1572,name,time-cure-pharmacy-sole-proprietorship-l-l-c-abu-dhabi,Time Cure Pharmacy,https://www.zavis.ai/directory/abu-dhabi/pharmacy/time-cure-pharmacy-sole-proprietorship-l-l-c-abu-dhabi,Abu Dhabi,pharmacy,Unnamed Road - 8FVW+MCX - مصفح - مصفح 36 - أبو ظبي - United Arab Emirates,+971 2 550 8998
1573,,,,,,,,
1574,,,,,,,,
1575,phone,apollo-pharmacy-l-l-c-abu-dhabi,Apollo Pharmacy,https://www.zavis.ai/directory/abu-dhabi/pharmacy/apollo-pharmacy-l-l-c-abu-dhabi,Abu Dhabi,pharmacy,Shop - 4 Hamdan Bin Mohammed St - near LLH hospital - Al Danah - Zone 1 - Abu Dhabi - United Arab Emirates,+971 2 634 4747
1576,phone,architect-clinic-l-l-c-o-p-c-abu-dhabi,Architect Clinic,https://www.zavis.ai/directory/abu-dhabi/clinics/architect-clinic-l-l-c-o-p-c-abu-dhabi,Abu Dhabi,clinics,Workers Village - Al Bihouth - ICAD 3 - Abu Dhabi - United Arab Emirates,+971 2 672 1400
1577,phone,medlux-medical-center-l-l-c-abu-dhabi,Medlux Medical Center,https://www.zavis.ai/directory/abu-dhabi/clinics/medlux-medical-center-l-l-c-abu-dhabi,Abu Dhabi,clinics,7HRR+3P2 - Jarn Yafour - Mafraq Industrial Area - Abu Dhabi - United Arab Emirates,+971 2 622 9722
1578,phone,royal-international-pharmacy-abu-dhabi,Royal International Pharmacy,https://www.zavis.ai/directory/abu-dhabi/pharmacy/royal-international-pharmacy-abu-dhabi,Abu Dhabi,pharmacy,Jarn Yafour - Mafraq Industrial Area - Abu Dhabi - United Arab Emirates,+97125833735
1579,phone,bupa-pharmacy-sole-proprietorship-l-l-c-abu-dhabi,Bupa Pharmacy,https://www.zavis.ai/directory/abu-dhabi/pharmacy/bupa-pharmacy-sole-proprietorship-l-l-c-abu-dhabi,Abu Dhabi,pharmacy,"Ground Floor, Fotouh Al Khair Mall Sheikh Rashid Bin Saeed St - شارع حمدان بن محمد - الدانة - شرق 3-01 - أبو ظبي - United Arab Emirates",+971 50 428 0964
1580,name,sharmin-akter-pharmacy-l-l-c-abu-dhabi,Sharmin Akter Pharmacy,https://www.zavis.ai/directory/abu-dhabi/pharmacy/sharmin-akter-pharmacy-l-l-c-abu-dhabi,Abu Dhabi,pharmacy,7J6J+24G - Jarn Yafour - Al Mafraq Workers City - Abu Dhabi - United Arab Emirates,+97124488441
1581,phone,med-doc-pharmacy-l-l-c-o-p-c-abu-dhabi,Med Doc Pharmacy,https://www.zavis.ai/directory/abu-dhabi/pharmacy/med-doc-pharmacy-l-l-c-o-p-c-abu-dhabi,Abu Dhabi,pharmacy,1 Disal St - Al Zahiyah - E14 - Abu Dhabi - United Arab Emirates,+97126428605
1582,name,max-grand-pharmacy-sole-proprietorship-l-l-c-abu-dhabi,Max Grand Pharmacy,https://www.zavis.ai/directory/abu-dhabi/pharmacy/max-grand-pharmacy-sole-proprietorship-l-l-c-abu-dhabi,Abu Dhabi,pharmacy,Village Mall - مصفح - مصفح الصناعية - أبو ظبي - United Arab Emirates,+97125500915
1583,phone,al-diyafa-pharmacy-abu-dhabi,AL Diyafa Pharmacy,https://www.zavis.ai/directory/abu-dhabi/pharmacy/al-diyafa-pharmacy-abu-dhabi,Abu Dhabi,pharmacy,BEB - Al Danah - Zone 1 - Abu Dhabi - United Arab Emirates,+971 2 643 4325
1584,phone,health-first-pharmacy-l-l-c-branch-10-abu-dhabi,Health First Pharmacy,https://www.zavis.ai/directory/abu-dhabi/pharmacy/health-first-pharmacy-l-l-c-branch-10-abu-dhabi,Abu Dhabi,pharmacy,8J9J+4GH - Bani Yas - Baniyas East - Abu Dhabi - United Arab Emirates,+97125464318
1585,phone,health-first-pharmacy-l-l-c-branch-3-abu-dhabi,Health First Pharmacy,https://www.zavis.ai/directory/abu-dhabi/pharmacy/health-first-pharmacy-l-l-c-branch-3-abu-dhabi,Abu Dhabi,pharmacy,"Musaffah, Abu Dhabi",+971(971)-2-5646364
1586,,,,,,,,
1587,,,,,,,,
1588,,,,,,,,
1589,phone,health-first-pharmacy-l-l-c-branch-9-abu-dhabi,Health First Pharmacy,https://www.zavis.ai/directory/abu-dhabi/pharmacy/health-first-pharmacy-l-l-c-branch-9-abu-dhabi,Abu Dhabi,pharmacy,FJ22+38C - Al Rahah - RBW2 - Abu Dhabi - United Arab Emirates,+971(971)-2-6219720
1590,,,,,,,,
1591,,,,,,,,
1592,phone,health-first-pharmacy-l-l-c-branch-6-abu-dhabi,Health First Pharmacy,https://www.zavis.ai/directory/abu-dhabi/pharmacy/health-first-pharmacy-l-l-c-branch-6-abu-dhabi,Abu Dhabi,pharmacy,Abu Dhabi - Bani Yas - EB5 - Abu Dhabi - United Arab Emirates,+971 2 666 8798
1593,phone,health-first-pharmacy-l-l-c-branch-7-abu-dhabi,Health First Pharmacy,https://www.zavis.ai/directory/abu-dhabi/pharmacy/health-first-pharmacy-l-l-c-branch-7-abu-dhabi,Abu Dhabi,pharmacy,Abu Dhabi - Al Rawdah - W68 - Abu Dhabi - United Arab Emirates,+9712-4494209
1594,,,,,,,,
1595,,,,,,,,
1596,name,burjeel-judiciary-pharmacy-l-l-c-abu-dhabi,Burjeel Judiciary Pharmacy,https://www.zavis.ai/directory/abu-dhabi/pharmacy/burjeel-judiciary-pharmacy-l-l-c-abu-dhabi,Abu Dhabi,pharmacy,CC8W+PXQ - شارع الخَلِيج - Al Rawdah - W58 - Abu Dhabi - United Arab Emirates,+971 800 28
1597,phone,burjeel-pharmacy-forsan-central-mall-l-l-c-abu-dhabi,Burjeel Pharmacy Forsan Central Mall,https://www.zavis.ai/directory/abu-dhabi/pharmacy/burjeel-pharmacy-forsan-central-mall-l-l-c-abu-dhabi,Abu Dhabi,pharmacy,FORSAN CENTRAL MALL - Khalifa City - SW4 - Abu Dhabi - United Arab Emirates,+971 2 557 0123
1598,,,,,,,,
1599,,,,,,,,
1600,,,,,,,,
1601,,,,,,,,
1602,,,,,,,,
1603,,,,,,,,
1604,,,,,,,,
1605,,,,,,,,
1606,phone,burjeel-pharmacy-al-shamkha-llc-abu-dhabi,Burjeel Pharmacy AL Shamkha,https://www.zavis.ai/directory/abu-dhabi/pharmacy/burjeel-pharmacy-al-shamkha-llc-abu-dhabi,Abu Dhabi,pharmacy,"Makani Mall,Al Shamkha - Al Shamkhah - SH8 - Abu Dhabi - United Arab Emirates",+971 2 658 8918
1607,phone,burjeel-pharmacy-al-falah-l-l-c-abu-dhabi,Burjeel Pharmacy AL Falah,https://www.zavis.ai/directory/abu-dhabi/pharmacy/burjeel-pharmacy-al-falah-l-l-c-abu-dhabi,Abu Dhabi,pharmacy,CPH7+3M3 - Al Falah - 1F - Abu Dhabi - United Arab Emirates,+971 2 671 3474
1608,name,nidham-ghiyathi-pharmacy-abu-dhabi,Nidham Ghiyathi Pharmacy,https://www.zavis.ai/directory/abu-dhabi/pharmacy/nidham-ghiyathi-pharmacy-abu-dhabi,Abu Dhabi,pharmacy,RRV5+C9W - طريق عرادة - Ghiyathi - Ghayathi - Abu Dhabi - United Arab Emirates,+9712-8741791
1609,,,,,,,,
1610,,,,,,,,
1611,name,right-health-pharmacy-sole-proprietorship-l-l-c-abu-dhabi,Right Health Pharmacy,https://www.zavis.ai/directory/abu-dhabi/pharmacy/right-health-pharmacy-sole-proprietorship-l-l-c-abu-dhabi,Abu Dhabi,pharmacy,Al Bihouth - Al Mafraq Workers City - Abu Dhabi - United Arab Emirates,+971 2 585 5552
1612,,,,,,,,
1613,phone,khalidiya-lulu-pharmacy-l-l-c-abu-dhabi,Khalidiya Lulu Pharmacy,https://www.zavis.ai/directory/abu-dhabi/pharmacy/khalidiya-lulu-pharmacy-l-l-c-abu-dhabi,Abu Dhabi,pharmacy,"Inside Khalidiyah Mall, Near Home r us - الخالدية - غرب 9 - أبو ظبي - United Arab Emirates",+97126354440
1614,phone,lulu-raha-pharmacy-llc-branch-1-abu-dhabi,Lulu Raha Pharmacy,https://www.zavis.ai/directory/abu-dhabi/pharmacy/lulu-raha-pharmacy-llc-branch-1-abu-dhabi,Abu Dhabi,pharmacy,Al Raha Mall - Channel St - Abu Dhabi - شارع القناة - الرَّاحَة - شاطئ الراحة غرب 13 - أبو ظبي - United Arab Emirates,+971(971)-2-5505051
1615,name,excellent-pharmacy-sole-proprietorship-l-l-c-abu-dhabi,Excellent Pharmacy,https://www.zavis.ai/directory/abu-dhabi/pharmacy/excellent-pharmacy-sole-proprietorship-l-l-c-abu-dhabi,Abu Dhabi,pharmacy,7J4F+JF9 - Jarn Yafour - Al Mafraq Workers City - Abu Dhabi - United Arab Emirates,+9712-5544469
1616,name,qusahwira-medical-center-pharmacy-abu-dhabi,Qusahwira Medical Center Pharmacy,https://www.zavis.ai/directory/abu-dhabi/pharmacy/qusahwira-medical-center-pharmacy-abu-dhabi,Abu Dhabi,pharmacy,"Etihad Airways Centre, Ground Floor, Opp carrefour Beach - Al Rahah - RBW2 - Abu Dhabi - United Arab Emirates",+97127071275
1617,phone,heart-beat-medical-center-one-day-surgery-l-l-c-abu-dhabi,Heart Beat Medical Center & One day Surgery,https://www.zavis.ai/directory/abu-dhabi/clinics/heart-beat-medical-center-one-day-surgery-l-l-c-abu-dhabi,Abu Dhabi,clinics,"Plot 103, Mushrif Area - شارع الشيخ راشد بن سعيد - المشرف - غرب 46 1 - أبو ظبي - United Arab Emirates",+97124449494
1618,name,al-tadawi-pharmacy-abu-dhabi,AL Tadawi Pharmacy,https://www.zavis.ai/directory/abu-dhabi/pharmacy/al-tadawi-pharmacy-abu-dhabi,Abu Dhabi,pharmacy,MP4H+W29 - Madinat Zayed - MZE19 - Abu Dhabi - United Arab Emirates,+971 2 886 7078
1619,,,,,,,,
1620,phone,select-pharmacy-sole-proprietorship-l-l-c-abu-dhabi,Select Pharmacy,https://www.zavis.ai/directory/abu-dhabi/pharmacy/select-pharmacy-sole-proprietorship-l-l-c-abu-dhabi,Abu Dhabi,pharmacy,Plot No 48 - مصفح - مصفح 10 - أبو ظبي - United Arab Emirates,+971 2 639 6140
1621,phone,crown-hospital-one-day-surgery-sole-proprietorship-l-l-c-abu-dhabi,Crown Hospital One Day Surgery,https://www.zavis.ai/directory/abu-dhabi/clinics/crown-hospital-one-day-surgery-sole-proprietorship-l-l-c-abu-dhabi,Abu Dhabi,clinics,Abu Dhabi - Musaffah - M11 - Abu Dhabi - United Arab Emirates,+971 2 552 9143
1622,phone,saad-pharmacy-sole-proprietorship-l-l-c-abu-dhabi,Saad Pharmacy,https://www.zavis.ai/directory/abu-dhabi/pharmacy/saad-pharmacy-sole-proprietorship-l-l-c-abu-dhabi,Abu Dhabi,pharmacy,Abu Dhabi - Al Danah - E8 - Abu Dhabi - United Arab Emirates,+9712-6277332
1623,phone,selena-pharmacy-l-l-c-abu-dhabi,Selena Pharmacy,https://www.zavis.ai/directory/abu-dhabi/pharmacy/selena-pharmacy-l-l-c-abu-dhabi,Abu Dhabi,pharmacy,شارع مُجَوَّخ - Al Danah - E2 - Abu Dhabi - United Arab Emirates,+971 2 671 0051
1624,phone,taha-pharmacy-l-l-c-abu-dhabi,Taha Pharmacy,https://www.zavis.ai/directory/abu-dhabi/pharmacy/taha-pharmacy-l-l-c-abu-dhabi,Abu Dhabi,pharmacy,F9JC+FR4 - Al Falah St - Al Danah - E4 02 - Abu Dhabi - United Arab Emirates,+971 2 634 3447
1625,,,,,,,,
1626,,,,,,,,
1627,,,,,,,,
1628,phone,sadiq-polyclinic-sole-proprietorship-l-l-c-abu-dhabi,Sadiq Polyclinic,https://www.zavis.ai/directory/abu-dhabi/clinics/sadiq-polyclinic-sole-proprietorship-l-l-c-abu-dhabi,Abu Dhabi,clinics,11 opposite Spinneys near - مصفح - ايكاد 1 - أبو ظبي - United Arab Emirates,+97128864000
1629,phone,sadiq-polyclinic-sole-proprietorship-l-l-c-abu-dhabi,Sadiq Polyclinic,https://www.zavis.ai/directory/abu-dhabi/clinics/sadiq-polyclinic-sole-proprietorship-l-l-c-abu-dhabi,Abu Dhabi,clinics,11 opposite Spinneys near - مصفح - ايكاد 1 - أبو ظبي - United Arab Emirates,+97128864000
1630,phone,gold-life-medical-clinic-l-l-c-abu-dhabi,Gold Life Medical Clinic,https://www.zavis.ai/directory/abu-dhabi/clinics/gold-life-medical-clinic-l-l-c-abu-dhabi,Abu Dhabi,clinics,Al Bihouth - Hameem Worker City - Abu Dhabi - United Arab Emirates,+971 2 645 0545
1631,,,,,,,,
1632,,,,,,,,
1633,,,,,,,,
1634,,,,,,,,
1635,,,,,,,,
1636,,,,,,,,
1637,phone,bin-sina-pharmacy-al-maryah-island-abu-dhabi,Bin Sina Pharmacy AL Maryah Island,https://www.zavis.ai/directory/abu-dhabi/pharmacy/bin-sina-pharmacy-al-maryah-island-abu-dhabi,Abu Dhabi,pharmacy,"The Galleria Al Maryah Island, Al Maryah - Central, P4 - Concourse Area - MI1 - Abu Dhabi - United Arab Emirates",+971 2 643 8780
1638,phone,ibn-sina-pharmacy-sole-proprietorship-l-l-c-branch-global-care-abu-dhabi,Ibn Sina Pharmacy - Sole Proprietorship L.L.C. - Branch Global Care,https://www.zavis.ai/directory/abu-dhabi/pharmacy/ibn-sina-pharmacy-sole-proprietorship-l-l-c-branch-global-care-abu-dhabi,Abu Dhabi,pharmacy,F977+C9X - Al Manhal - W14 01 - Abu Dhabi - United Arab Emirates,+971 2 491 9745
1639,,,,,,,,
1640,,,,,,,,
1641,,,,,,,,
1642,,,,,,,,
1643,,,,,,,,
1644,,,,,,,,
1645,name,ibn-sina-pharmacy-sole-proprietorship-l-l-c-branch-al-qana-abu-dhabi,Ibn Sina Pharmacy - Sole Proprietorship L.L.C. - Branch Al Qana,https://www.zavis.ai/directory/abu-dhabi/pharmacy/ibn-sina-pharmacy-sole-proprietorship-l-l-c-branch-al-qana-abu-dhabi,Abu Dhabi,pharmacy,Al qana street - Rabdan - RB6 - Abu Dhabi - United Arab Emirates,+971 50 743 8453
1646,name,ibn-sina-pharmacy-sole-proprietorship-l-l-c-branch-almusafah-abu-dhabi,Ibn Sina Pharmacy - Sole Proprietorship L.L.C. - Branch Almusafah,https://www.zavis.ai/directory/abu-dhabi/pharmacy/ibn-sina-pharmacy-sole-proprietorship-l-l-c-branch-almusafah-abu-dhabi,Abu Dhabi,pharmacy,"16th St Ground Floor, Capital Mall, Mohammed Bin Zayed City - Musaffah - ME2 - Abu Dhabi - United Arab Emirates",+971 2 555 0302
1647,name,ibn-sina-pharmacy-sole-proprietorship-l-l-c-branch-global-care-abu-dhabi,Ibn Sina Pharmacy - Sole Proprietorship L.L.C. - Branch Global Care,https://www.zavis.ai/directory/abu-dhabi/pharmacy/ibn-sina-pharmacy-sole-proprietorship-l-l-c-branch-global-care-abu-dhabi,Abu Dhabi,pharmacy,F977+C9X - Al Manhal - W14 01 - Abu Dhabi - United Arab Emirates,+971 2 491 9745
1648,,,,,,,,
1649,,,,,,,,
1650,,,,,,,,
1651,,,,,,,,
1652,phone,ibn-sina-pharmacy-l-l-c-branch-9-abu-dhabi,Ibn Sina Pharmacy,https://www.zavis.ai/directory/abu-dhabi/pharmacy/ibn-sina-pharmacy-l-l-c-branch-9-abu-dhabi,Abu Dhabi,pharmacy,"The Galleria Al Maryah Island, Al Maryah - Central, P4 - Concourse Area - MI1 - Abu Dhabi - United Arab Emirates",+971 2 551 2138
1653,,,,,,,,
1654,phone,ibn-sina-pharmacy-sole-proprietorship-l-l-c-branch-6-abu-dhabi,Ibn Sina Pharmacy,https://www.zavis.ai/directory/abu-dhabi/pharmacy/ibn-sina-pharmacy-sole-proprietorship-l-l-c-branch-6-abu-dhabi,Abu Dhabi,pharmacy,"Dalma Mall, ICAD Ground Floor - Abu Dhabi Industrial City - ICAD I - Abu Dhabi - United Arab Emirates",+971 2 566 1251
1655,,,,,,,,
1656,,,,,,,,
1657,name,ruby-clinic-fze-dubai,Ruby Clinic,https://www.zavis.ai/directory/dubai/clinics/ruby-clinic-fze-dubai,Dubai,clinics,"H/06, gg, WARSAN FIRST, Dubai",+971 800 7400
1658,name,new-sanaiya-clinic-br-horalanz-dubai,New Sanaiya Clinic - Br Horalanz,https://www.zavis.ai/directory/dubai/clinics/new-sanaiya-clinic-br-horalanz-dubai,Dubai,clinics,"Ali Mesmar, 26 Street 19, HOR AL ANZ, Dubai",+971 800 7400
1659,,,,,,,,
1660,,,,,,,,
1661,,,,,,,,
1662,phone,bait-al-shifaa-pharmacy-ltd-dubai-branch-dubai-2,Bait AL Shifaa Pharmacy LTD Dubai,https://www.zavis.ai/directory/dubai/pharmacy/bait-al-shifaa-pharmacy-ltd-dubai-branch-dubai-2,Dubai,pharmacy,"Dp World Clinic,Jebal Ali Free Zone, 811 Street, Jafza + ( Jebeel Ali  Housing Scheme), Dubai",+971 4 881 7530
1663,,,,,,,,
1664,,,,,,,,
1665,phone,green-city-medical-center-l-l-c-dubai,Green City Medical Center,https://www.zavis.ai/directory/dubai/clinics/green-city-medical-center-l-l-c-dubai,Dubai,clinics,5752+67M Oberoi Building - Al Qouz Third - Al Quoz - Dubai - United Arab Emirates,+971 4 333 3450
1666,,,,,,,,
1667,,,,,,,,
1668,phone,new-medilife-medical-centre-llc-dubai,New Medilife Medical Centre,https://www.zavis.ai/directory/dubai/clinics/new-medilife-medical-centre-llc-dubai,Dubai,clinics,"Hardware 7 Building Material Market Mall, Ras Alkhor road , WARSAN THIRD, Dubai",+971 4 288 8315
1669,phone,al-falah-medical-clinic-dubai,Al Falah Medical Clinic,https://www.zavis.ai/directory/dubai/clinics/al-falah-medical-clinic-dubai,Dubai,clinics,"169 Abdul Rahim Ahmed, 16 Street 40, AYAL NASIR, Dubai",+971 4 271 7223
1670,phone,sekher-medical-clinic-dubai,Sekher Medical Clinic,https://www.zavis.ai/directory/dubai/clinics/sekher-medical-clinic-dubai,Dubai,clinics,"Arabian Gulf Trading Co. Bldg, Latifa Bint Hamdan Street, AL QOUZ INDUSTRIAL THIRD, Dubai",+971 4 338 7749
1671,,,,,,,,
1672,phone,wellcare-advanced-poly-clinic-l-l-c-dubai,Wellcare Advanced Poly Clinic,https://www.zavis.ai/directory/dubai/clinics/wellcare-advanced-poly-clinic-l-l-c-dubai,Dubai,clinics,Al Rostamani - Al Quoz Street - Al Qouz Third - Al Quoz - Dubai - United Arab Emirates,+971 4 328 5130
1673,,,,,,,,
1674,phone,clinicare-samari-br-of-imara-health-care-llc-dubai,Clinicare Samari,https://www.zavis.ai/directory/dubai/clinics/clinicare-samari-br-of-imara-health-care-llc-dubai,Dubai,clinics,"Samari Retail Building  R -1008 -1, ras al khor, RAS AL KHOR INDUSTRIAL THIRD, Dubai",+971 4 332 2682
1675,phone,clinicare-br-of-imara-health-care-llc-dubai,Clinicare,https://www.zavis.ai/directory/dubai/clinics/clinicare-br-of-imara-health-care-llc-dubai,Dubai,clinics,"Suit 301, Mozna Building, Next to Al Nahda metro station - القصيص - الطوار الرابعة - دبي - United Arab Emirates",+971 4 261 7175
1676,phone,cosmopolitan-medical-centre-dubai,Cosmopolitan Medical Centre,https://www.zavis.ai/directory/dubai/clinics/cosmopolitan-medical-centre-dubai,Dubai,clinics,"Abdulla Al Haj Hassan Mohd Fadhlani, Al Fahidi Street 5, AL RAFFA, Dubai",+971 4 325 7457
1677,,,,,,,,
1678,,,,,,,,
1679,phone,dr-ismail-medical-center-dubai,Dr. Ismail Medical Center,https://www.zavis.ai/directory/dubai/clinics/dr-ismail-medical-center-dubai,Dubai,clinics,39 1 - 39/1 26th St - Al Qouz Ind.second - Al Quoz - Dubai - United Arab Emirates,+971 4 338 1550
1680,,,,,,,,
1681,phone,dr-ismail-new-polyclinic-dubai,Dr Ismail New Polyclinic,https://www.zavis.ai/directory/dubai/clinics/dr-ismail-new-polyclinic-dubai,Dubai,clinics,Building # 12 - Street NO.1 Sheikh Zayed Rd - Jebel Ali Village - Discovery Gardens - Dubai - United Arab Emirates,+971 4 449 4087
1682,phone,blue-bell-medical-centre-llc-dubai,Blue Bell Medical Centre,https://www.zavis.ai/directory/dubai/clinics/blue-bell-medical-centre-llc-dubai,Dubai,clinics,"Al attar business centre, 3rd floor - Al Karama Metro Footbridge Landside - next to Al Karama Metro Footbridge - station - Dubai - United Arab Emirates",+971 4 342 6565
1683,,,,,,,,
1684,,,,,,,,
1685,,,,,,,,
1686,phone,doctors-clinic-llc-dubai,Doctors Clinic,https://www.zavis.ai/directory/dubai/clinics/doctors-clinic-llc-dubai,Dubai,clinics,12 Al Maktoum Hospital Rd - Al Rigga - Dubai - United Arab Emirates,+971 4 224 6688
1687,,,,,,,,
1688,,,,,,,,
1689,,,,,,,,
1690,,,,,,,,
1691,,,,,,,,
1692,,,,,,,,
1693,phone,aster-gp-clinic-burdubai-br-of-dm-healthcare-llc-dubai,Aster Gp Clinic Burdubai,https://www.zavis.ai/directory/dubai/clinics/aster-gp-clinic-burdubai-br-of-dm-healthcare-llc-dubai,Dubai,clinics,"Building, Burj Al Ghubaiba - Road - near Ghubaiba Bus station - Al Souq Al Kabeer - Dubai - United Arab Emirates",+971 4 352 7300
1694,phone,access-clinic-persia-cluster-br-of-dm-healthcare-l-dubai,Access Clinic Persia Cluster,https://www.zavis.ai/directory/dubai/clinics/access-clinic-persia-cluster-br-of-dm-healthcare-l-dubai,Dubai,clinics,"Mazhar Ali Chawla Bld, Persia N 3, WARSAN FIRST, Dubai",+971 4 552 0139
1695,phone,access-clinic-sonapur-2-br-of-dm-healthcare-llc-dubai,Access Clinic Sonapur 2,https://www.zavis.ai/directory/dubai/clinics/access-clinic-sonapur-2-br-of-dm-healthcare-llc-dubai,Dubai,clinics,"Harib Juma Mohd Saeed Bin Subaih Al Falasi, 32a Street 72, MUHAISANAH SECOND, Dubai",+971 4 263 7279
1696,name,access-clinic-dip-2-br-of-dm-healthcare-llc-dubai,Access Clinic Dip 2,https://www.zavis.ai/directory/dubai/clinics/access-clinic-dip-2-br-of-dm-healthcare-llc-dubai,Dubai,clinics,"WALID ALI IBRAHIM AL MANNAEI, 53 Street, DUBAI INVESTMENT PARK SECOND, Dubai",+971 4 883 3028
1697,,,,,,,,
1698,phone,alnoor-south-polyclinic-dwc-llc-dubai,Alnoor South Polyclinic Dwc,https://www.zavis.ai/directory/dubai/clinics/alnoor-south-polyclinic-dwc-llc-dubai,Dubai,clinics,"B3 The Pulse Residence Park Podium, Dubai south, MADINAT AL MATAAR, Dubai",+971 4 575 9111
1699,phone,al-shifa-al-khaleeji-medical-centre-branch-llc-dubai,Al Shifa Al Khaleeji Medical Centre,https://www.zavis.ai/directory/dubai/clinics/al-shifa-al-khaleeji-medical-centre-branch-llc-dubai,Dubai,clinics,"Bayan Business Center, 17 Street, DUBAI INVESTMENT PARK FIRST, Dubai",+971 4 880 0920
1700,,,,,,,,
1701,,,,,,,,
1702,,,,,,,,
1703,,,,,,,,
1704,,,,,,,,
1705,,,,,,,,
1706,,,,,,,,
1707,phone,advanced-care-medical-center-l-l-c-branch-alqusais-dubai,Advanced Care Medical Center L.L.C Branch Alqusais,https://www.zavis.ai/directory/dubai/clinics/advanced-care-medical-center-l-l-c-branch-alqusais-dubai,Dubai,clinics,"MUSABBEH RASHID AL FATTAN AL FALASI, Damascus Street, AL QUSAIS FIRST, Dubai",+971 4 263 6800
1708,,,,,,,,
1709,,,,,,,,
1710,,,,,,,,
1711,,,,,,,,
1712,phone,keerthi-medical-center-llc-dubai,Keerthi Medical Center,https://www.zavis.ai/directory/dubai/clinics/keerthi-medical-center-llc-dubai,Dubai,clinics,"Office No. 110/112 , Al Attar shopping mall - 20 شارع الكويت - next to Karama Center - الكرامة - دبي - United Arab Emirates",+971 4 334 4256
1713,phone,amiruddin-clinic-dubai,Amiruddin Clinic,https://www.zavis.ai/directory/dubai/clinics/amiruddin-clinic-dubai,Dubai,clinics,"1 1, 1, HOR AL ANZ, Dubai",+971 4 269 1515
1714,phone,xie-he-medical-center-dubai,Xie He Medical Center,https://www.zavis.ai/directory/dubai/clinics/xie-he-medical-center-dubai,Dubai,clinics,A12 Building - ورسان الأولى - China Cluster - دبي - United Arab Emirates,+971 4 423 3055
1715,name,llh-medical-center-llc-dubai,Llh Medical Center,https://www.zavis.ai/directory/dubai/clinics/llh-medical-center-llc-dubai,Dubai,clinics,"1st Floor, DPG Al Quoz Building Next to Grand City Mall 5 - 4 Al Marabea' St - القوز الصناعية الثالثة - القوز - دبي - United Arab Emirates",+971 800 55
1716,phone,noom-medical-clinic-l-l-c-dubai,Noom Medical Clinic,https://www.zavis.ai/directory/dubai/clinics/noom-medical-clinic-l-l-c-dubai,Dubai,clinics,"SAIH SHUAIB 4, Dubai",+971 4 569 3338
1717,,,,,,,,
1718,,,,,,,,
1719,phone,bloom-plus-poly-clinic-l-l-c-dubai,Bloom Plus Poly Clinic,https://www.zavis.ai/directory/dubai/clinics/bloom-plus-poly-clinic-l-l-c-dubai,Dubai,clinics,"Shop 20, R 23 - ورسان الأولى - France Cluster - دبي - United Arab Emirates",+971 4 565 6070
1720,phone,grand-dr-ismail-polyclinic-l-l-c-pharmacy-dubai,Grand DR Ismail Polyclinic L.L.C Pharmacy,https://www.zavis.ai/directory/dubai/pharmacy/grand-dr-ismail-polyclinic-l-l-c-pharmacy-dubai,Dubai,pharmacy,"JSCOM Grand Residence Building, Near Canadian Specialist Hospital Hor Al Anz East, Abu Hail, Dubai, UAE - هور العنز شرق - ديرة - دبي - United Arab Emirates",+971 4 370 6200
1721,,,,,,,,
1722,name,afridi-medical-center-l-l-c-dubai,Afridi Medical Center,https://www.zavis.ai/directory/dubai/clinics/afridi-medical-center-l-l-c-dubai,Dubai,clinics,"MUHAISANAH SECOND, Dubai",+971 52 434 5298
1723,name,we-care-medical-center-llc-dubai,We Care Medical Center,https://www.zavis.ai/directory/dubai/clinics/we-care-medical-center-llc-dubai,Dubai,clinics,"Ground Level, A - Mall, Hamsah-A Building - next to Ansar Gallery - الكرامة - دبي - United Arab Emirates",+971 6 577 9977
1724,phone,al-bayan-medical-center-dubai,Al Bayan Medical Center,https://www.zavis.ai/directory/dubai/clinics/al-bayan-medical-center-dubai,Dubai,clinics,"Kamali Bldg, 21c Street, AL MURAR, Dubai",+971 4 271 9008
1725,name,al-rukn-medical-center-l-l-c-dubai-branch-dubai,Al Rukn Medical Center L L C - Dubai,https://www.zavis.ai/directory/dubai/clinics/al-rukn-medical-center-l-l-c-dubai-branch-dubai,Dubai,clinics,"CIG Central Mall, 83 Street 1/5, JABAL ALI INDUSTRIAL FIRST, Dubai",+971 52 912 9072
1726,name,good-life-medical-center-l-l-c-dubai,Good Life Medical Center,https://www.zavis.ai/directory/dubai/clinics/good-life-medical-center-l-l-c-dubai,Dubai,clinics,28th St - Muhaisanah Second - Muhaisanah 2 - Dubai - United Arab Emirates,+971 4 570 4322
1727,name,marhaba-medical-center-dubai,Marhaba Medical Center,https://www.zavis.ai/directory/dubai/clinics/marhaba-medical-center-dubai,Dubai,clinics,"Sunshine Building -2, Ground Floor, Omar Bin Al Khattab Road, Fish Roundabout, Naif - Fish Roundabout - نايف - ديرة - دبي - United Arab Emirates",+971 4 222 4844
1728,name,safa-alnoor-polyclinic-llc-dubai,Safa Alnoor Polyclinic,https://www.zavis.ai/directory/dubai/clinics/safa-alnoor-polyclinic-llc-dubai,Dubai,clinics,"LV2 C5, Saih Shuaib 3 St 17, SAIH SHUAIB 3, Dubai",+971 800 262392
1729,name,aldia-medical-center-l-l-c-dubai,Aldia Medical Center,https://www.zavis.ai/directory/dubai/clinics/aldia-medical-center-l-l-c-dubai,Dubai,clinics,"AWADH BUILDING, 34a Street 2, HOR AL ANZ, Dubai",+971 58 549 0017
1730,phone,best-life-general-clinic-l-l-c-dubai,Best Life General Clinic,https://www.zavis.ai/directory/dubai/clinics/best-life-general-clinic-l-l-c-dubai,Dubai,clinics,Galadari Brothers Staff Accomodation - Shop 1 - Muhaisanah Second - Muhaisanah 2 - Dubai - United Arab Emirates,+971 4 883 1595
1731,,,,,,,,
1732,phone,ali-medical-center-dubai,Ali Medical Center,https://www.zavis.ai/directory/dubai/clinics/ali-medical-center-dubai,Dubai,clinics,"181 Sh.Hasher, Naif, Naif, Dubai",+971 4 224 6566
1733,phone,shams-al-ahalia-medical-center-dubai,Shams AL Ahalia Medical Center,https://www.zavis.ai/directory/dubai/clinics/shams-al-ahalia-medical-center-dubai,Dubai,clinics,"Al Karama, Dubai",+971 4 374 5222
1734,,,,,,,,
1735,,,,,,,,
1736,name,green-life-medical-clinic-l-l-c-dubai,Green Life Medical Clinic,https://www.zavis.ai/directory/dubai/clinics/green-life-medical-clinic-l-l-c-dubai,Dubai,clinics,villa 161 - Jumeirah Beach Rd - Jumeirah - Jumeirah 1 - Dubai - United Arab Emirates,+971 4 343 3222
1737,,,,,,,,
1738,phone,seven-dental-centre-dubai,Seven Dental Centre,https://www.zavis.ai/directory/dubai/dental/seven-dental-centre-dubai,Dubai,dental,"Arenco, Jumeira Street 506B, JUMEIRAH THIRD, Dubai",+971 4 395 2177
1739,phone,najmat-alsaqr-clinic-llc-dubai,Najmat Alsaqr Clinic,https://www.zavis.ai/directory/dubai/clinics/najmat-alsaqr-clinic-llc-dubai,Dubai,clinics,"GHEYATH BUILDING, Beirut Street 101/2, AL QUSAIS INDUSTRIAL FOURTH, Dubai",+971 4 265 8607
1740,phone,abro-clinic-l-l-c-dubai,Abro Clinic,https://www.zavis.ai/directory/dubai/clinics/abro-clinic-l-l-c-dubai,Dubai,clinics,"AL NAHDA SECOND, Dubai",+971 4 335 3755
1741,name,crx-express-clinic-l-l-c-dubai,Crx Express Clinic,https://www.zavis.ai/directory/dubai/clinics/crx-express-clinic-l-l-c-dubai,Dubai,clinics,"Wasl Nook, Wasl Gate Community - near Sheikh Zayed Road - Jebel Ali Village - Dubai - United Arab Emirates",+971 58 596 1144
1742,phone,naif-medical-center-dubai,Naif Medical Center,https://www.zavis.ai/directory/dubai/clinics/naif-medical-center-dubai,Dubai,clinics,"#104, Abdulla Hussain Lootah Building, Naif Road ,r Al Mararr, Deira, AL MURAR, Dubai",+971 4 271 2706
1743,name,droncall-home-health-care-center-llc-dubai,Droncall Home Health Care Center,https://www.zavis.ai/directory/dubai/home-healthcare/droncall-home-health-care-center-llc-dubai,Dubai,home-healthcare,"Crystal Tower, Financial Center Road (Upper Level) 22, BUSINESS BAY, Dubai",+971 55 461 7521
1744,name,elistermed-polyclinic-l-l-c-dubai,Elistermed Polyclinic,https://www.zavis.ai/directory/dubai/clinics/elistermed-polyclinic-l-l-c-dubai,Dubai,clinics,Al Noor Building 79WW+M9V - Al Qusais Industrial Area - Al Qusais - دبي - United Arab Emirates,+971 50 202 5768
1745,name,elistermed-pharmacy-l-l-c-dubai,Elistermed Pharmacy,https://www.zavis.ai/directory/dubai/pharmacy/elistermed-pharmacy-l-l-c-dubai,Dubai,pharmacy,Al Noor Building 79WW+M9V - Al Qusais Industrial Area - Al Qusais - دبي - United Arab Emirates,+971 50 202 5768
1746,name,care-7-medical-center-l-l-c-dubai,Care 7 Medical Center,https://www.zavis.ai/directory/dubai/clinics/care-7-medical-center-l-l-c-dubai,Dubai,clinics,CBD-D02 Building - Warsan First - Dubai International City - Dubai - United Arab Emirates,+971 4 552 1433
1747,phone,javida-medical-center-l-l-c-dubai,Javida Medical Center,https://www.zavis.ai/directory/dubai/clinics/javida-medical-center-l-l-c-dubai,Dubai,clinics,311 Al Awir Road - Ras Al Khor Industrial Area - Ras Al Khor Industrial Area 3 - Dubai - United Arab Emirates,+971 4 347 7870
1748,,,,,,,,
1749,name,shield-medical-center-dubai-branch-dubai,Shield Medical Center - Dubai,https://www.zavis.ai/directory/dubai/clinics/shield-medical-center-dubai-branch-dubai,Dubai,clinics,"AL TWAR FIRST, Dubai",+971 58 589 3366
1750,name,seha-al-noor-clinic-llc-dubai,Seha AL Noor Clinic,https://www.zavis.ai/directory/dubai/clinics/seha-al-noor-clinic-llc-dubai,Dubai,clinics,"HAMAD ABDUL KAREEM AK AREIF MOSQUE, 37 Street 63, MUHAISANAH SECOND, Dubai",+971 54 247 7976
1751,,,,,,,,
1752,name,moopans-polyclinic-l-l-c-dubai,Moopans Polyclinic,https://www.zavis.ai/directory/dubai/clinics/moopans-polyclinic-l-l-c-dubai,Dubai,clinics,Moopans Mall - Al Wasl Village - Al Qusais Ind. Fifth - Dubai - United Arab Emirates,+971 56 515 2444
1753,,,,,,,,
1754,phone,zain-cura-medical-center-l-l-c-dubai,Zain Cura Medical Center,https://www.zavis.ai/directory/dubai/clinics/zain-cura-medical-center-l-l-c-dubai,Dubai,clinics,"642, 6th Floor, Al Ghurair Centre - Mall Entrance - 3, Al Ghurair Office tower - شارع الرقة - المرقبات - ديرة - دبي - United Arab Emirates",+971 4 570 3423
1755,name,royal-saba-medical-clinic-dubai,Royal Saba Medical Clinic,https://www.zavis.ai/directory/dubai/clinics/royal-saba-medical-clinic-dubai,Dubai,clinics,"L02 Greece Cluster, Greece L 9, WARSAN SECOND, Dubai",+971 58 259 6675
1756,phone,ibn-sina-medical-center-dubai,Ibn Sina Medical Center,https://www.zavis.ai/directory/dubai/clinics/ibn-sina-medical-center-dubai,Dubai,clinics,"Mezzanine #4, Al Owais Building - شارع الرقة - behind KFC - المرقبات - ديرة - دبي - United Arab Emirates",+971 4 222 1600
1757,phone,neeko-polyclinic-l-l-c-dubai,Neeko Polyclinic,https://www.zavis.ai/directory/dubai/clinics/neeko-polyclinic-l-l-c-dubai,Dubai,clinics,"MANKHOOL, Dubai",+971 4 335 9025
1758,,,,,,,,
1759,,,,,,,,
1760,name,sai-ganesh-medical-centre-l-l-c-dubai,Sai Ganesh Medical Centre,https://www.zavis.ai/directory/dubai/clinics/sai-ganesh-medical-centre-l-l-c-dubai,Dubai,clinics,"Abdulla Al Fahed 1, Baghdad Street, AL QUSAIS INDUSTRIAL SECOND, Dubai",+971 4 250 0017
1761,,,,,,,,
1762,,,,,,,,
1763,phone,sikka-dental-clinic-l-l-c-dubai,Sikka Dental Clinic,https://www.zavis.ai/directory/dubai/dental/sikka-dental-clinic-l-l-c-dubai,Dubai,dental,"OUD MEHTA PLAZA, 18 Street 16/5, OUD METHA, Dubai",+971 50 222 9153
1764,name,seven-d-medical-center-dubai,Seven D Medical Center,https://www.zavis.ai/directory/dubai/clinics/seven-d-medical-center-dubai,Dubai,clinics,"AHMED KHALFAN, Jumeirah Street 801, UM SUQAIM THIRD, Dubai",+971 800 73836
1765,,,,,,,,
1766,name,airis-imaging-and-diagnostic-centre-l-l-c-branch-dubai,Airis Imaging And Diagnostic Centre,https://www.zavis.ai/directory/dubai/radiology-imaging/airis-imaging-and-diagnostic-centre-l-l-c-branch-dubai,Dubai,radiology-imaging,"LEADER, 3 Street 99, DUBAI INVESTMENT PARK FIRST, Dubai",+971 52 161 2244
1767,phone,medinova-diagnostic-center-24-hours-dubai,Medinova Diagnostic Center(24 Hours),https://www.zavis.ai/directory/dubai/radiology-imaging/medinova-diagnostic-center-24-hours-dubai,Dubai,radiology-imaging,"Metro Station, Bait Al-Waleed (Al Futtaim Blgd.) - near Khalid Bin Al Waleed Road - Al Souq Al Kabeer - Al Fahidi - Dubai - United Arab Emirates",+971 4 509 0400
1768,phone,forte-clinical-laboratory-llc-dubai,Forte Clinical Laboratory,https://www.zavis.ai/directory/dubai/labs-diagnostics/forte-clinical-laboratory-llc-dubai,Dubai,labs-diagnostics,Business Center Garhoud Office S10 - Al Garhoud - Dubai - United Arab Emirates,+971 56 992 5611
1769,,,,,,,,
1770,,,,,,,,
1771,,,,,,,,
1772,phone,aster-cedars-clinic-dubai,Aster Cedars Clinic,https://www.zavis.ai/directory/dubai/clinics/aster-cedars-clinic-dubai,Dubai,clinics,Outside gate 2 Street 511 - ميناء جبل علي - منطقة جبل علي الحرة - دبي - United Arab Emirates,+971 4 881 4000
1773,name,zen-life-pharmacy-co-llc-dubai,Zen Life Pharmacy CO,https://www.zavis.ai/directory/dubai/pharmacy/zen-life-pharmacy-co-llc-dubai,Dubai,pharmacy,Emerald Jadaf Metro Building Shop 3 - Al Jadaf - Jaddaf Waterfront - Dubai - United Arab Emirates,+971 58 600 8874
1774,name,zamzam-pharmacy-llc-dubai,Zamzam Pharmacy,https://www.zavis.ai/directory/dubai/pharmacy/zamzam-pharmacy-llc-dubai,Dubai,pharmacy,Dubai - Al Qouz Fourth - Al Quoz - Dubai - United Arab Emirates,+971 4 339 4395
1775,phone,al-jabri-pharmacy-dubai,Al Jabri Pharmacy,https://www.zavis.ai/directory/dubai/pharmacy/al-jabri-pharmacy-dubai,Dubai,pharmacy,"Al Farooq Masjid Building, 32c Street 57, AL MIZHAR FIRST, Dubai",+971 4 287 5296
1776,phone,al-bairooni-pharmacy-dubai,Al Bairooni Pharmacy,https://www.zavis.ai/directory/dubai/pharmacy/al-bairooni-pharmacy-dubai,Dubai,pharmacy,"-Hamad Mohammed Saeed Bin Humaidan, 4a Street 3, Al Karama, Dubai",+971 4 370 9179
1777,,,,,,,,
1778,phone,oasis-pharmacy-llc-dubai,Oasis Pharmacy,https://www.zavis.ai/directory/dubai/pharmacy/oasis-pharmacy-llc-dubai,Dubai,pharmacy,"Dubai World Trade Centre Hotel Apartments, Sheikh Zayed Rd 223w, TRADE CENTER SECOND, Dubai",+971 4 331 3391
1779,phone,al-baraka-pharmacy-dubai,Al Baraka Pharmacy,https://www.zavis.ai/directory/dubai/pharmacy/al-baraka-pharmacy-dubai,Dubai,pharmacy,"Mohamed Noor Ibrahim, Naif, Naif, Dubai",+971 4 223 0500
1780,,,,,,,,
1781,,,,,,,,
1782,,,,,,,,
1783,,,,,,,,
1784,name,hatta-pharmacy-dubai,Hatta Pharmacy,https://www.zavis.ai/directory/dubai/pharmacy/hatta-pharmacy-dubai,Dubai,pharmacy,"Emirates Society Coop, 5, Hatta, Dubai",+971 50 450 5195
1785,,,,,,,,
1786,phone,nad-shamma-pharmacy-llc-dubai,Nad Shamma Pharmacy,https://www.zavis.ai/directory/dubai/pharmacy/nad-shamma-pharmacy-llc-dubai,Dubai,pharmacy,69FH+C98 - 23 2A St - Al Rashidiya - Dubai - United Arab Emirates,+971 4 251 4107
1787,phone,viva-pharmacy-llc-dubai,Viva Pharmacy,https://www.zavis.ai/directory/dubai/pharmacy/viva-pharmacy-llc-dubai,Dubai,pharmacy,"KHALIFA ABDUL COMPLEX, Sheikh Mohammed Bin Zayed Rd 688b, NAD AL HAMAR, Dubai",+971 4 323 1317
1788,,,,,,,,
1789,phone,al-musyaf-pharmacy-dubai,Al Musyaf Pharmacy,https://www.zavis.ai/directory/dubai/pharmacy/al-musyaf-pharmacy-dubai,Dubai,pharmacy,"Mohamed Bin Suroor, 5, Hatta, Dubai",+971 4 852 1039
1790,,,,,,,,
1791,name,village-pharmacy-dubai,Village Pharmacy,https://www.zavis.ai/directory/dubai/pharmacy/village-pharmacy-dubai,Dubai,pharmacy,X345+CRV - 12401st St - Mina Jebel Ali - Jebel Ali Freezone - Dubai - United Arab Emirates,+971 4 266 4686
1792,name,new-vida-pharmacy-co-l-l-c-dubai,New Vida Pharmacy CO,https://www.zavis.ai/directory/dubai/pharmacy/new-vida-pharmacy-co-l-l-c-dubai,Dubai,pharmacy,"AL MADINA HYPERMARKET MANGO HYPERMARKET 2 LLC  NEXT TO MUHAISNAH 2 MEDICAL FITNESS CENTER, 6a Street 8–20, MUHAISANAH SECOND, Dubai",
1793,phone,vcare-pharmacy-llc-dubai,Vcare Pharmacy,https://www.zavis.ai/directory/dubai/pharmacy/vcare-pharmacy-llc-dubai,Dubai,pharmacy,"Nasmah Tower, Al Ittihad Rd 82, AL NAHDA FIRST, Dubai",+971 4 238 9492
1794,,,,,,,,
1795,phone,unicare-star-pharmacy-llc-dubai,Unicare Star Pharmacy,https://www.zavis.ai/directory/dubai/pharmacy/unicare-star-pharmacy-llc-dubai,Dubai,pharmacy,"Wasal Properties, Mankhool Street 184, Al Hudaiba, Dubai",+971 4 386 8811
1796,,,,,,,,
1797,name,better-life-pharmacy-dubai,Better Life Pharmacy,https://www.zavis.ai/directory/dubai/pharmacy/better-life-pharmacy-dubai,Dubai,pharmacy,Grand City mall - Ground floor - 3 Al Marabea' St - Al Qouz Ind.fourth - Al Quoz - Dubai - United Arab Emirates,+971 800 7400
1798,,,,,,,,
1799,name,new-better-life-pharmacy-dubai,New Better Life Pharmacy,https://www.zavis.ai/directory/dubai/pharmacy/new-better-life-pharmacy-dubai,Dubai,pharmacy,"Al Qouz Mall, Al Kahrman 3 Street 19, AL QOUZ THIRD, Dubai",+971 800 7400
1800,,,,,,,,
1801,name,al-rayan-pharmacy-dubai,Al Rayan Pharmacy,https://www.zavis.ai/directory/dubai/pharmacy/al-rayan-pharmacy-dubai,Dubai,pharmacy,"next to al manzil building, 20b Street 60–72, Al Karama, Dubai",+971 56 767 1700
1802,name,gate-better-life-pharmacy-dubai,Gate Better Life Pharmacy,https://www.zavis.ai/directory/dubai/pharmacy/gate-better-life-pharmacy-dubai,Dubai,pharmacy,"West Zone Mall,Al Khail Gate Dubai - القوز الصناعية الثانية - القوز - دبي - United Arab Emirates",+971 800 7400
1803,,,,,,,,
1804,,,,,,,,
1805,,,,,,,,
1806,,,,,,,,
1807,,,,,,,,
1808,,,,,,,,
1809,,,,,,,,
1810,,,,,,,,
1811,,,,,,,,
1812,name,al-manzil-al-jadeed-pharmacy-llc-dubai,Al Manzil Al Jadeed Pharmacy,https://www.zavis.ai/directory/dubai/pharmacy/al-manzil-al-jadeed-pharmacy-llc-dubai,Dubai,pharmacy,"Abdulla Ahmad Mohd Alhabbai, al Aweer first , AL AWEER FIRST, Dubai",+971 800 7400
1813,,,,,,,,
1814,,,,,,,,
1815,,,,,,,,
1816,,,,,,,,
1817,,,,,,,,
1818,,,,,,,,
1819,,,,,,,,
1820,,,,,,,,
1821,phone,citicare-medical-center-llc-dubai,Citicare Medical Center,https://www.zavis.ai/directory/dubai/clinics/citicare-medical-center-llc-dubai,Dubai,clinics,"Al Salam Building, Al Barsha South Third Arjan - 368V+MF9 - Arjan Exit Rd - near Miracle Garden - البرشاء جنوب الثالثة - جنوب البرشاء - دبي - United Arab Emirates",+971 4 770 0948
1822,name,paradise-plus-pharmacy-llc-dubai,Paradise Plus Pharmacy,https://www.zavis.ai/directory/dubai/pharmacy/paradise-plus-pharmacy-llc-dubai,Dubai,pharmacy,"Al maya building, 11 Street 14, DUBAI INVESTMENT PARK SECOND, Dubai",+971 50 940 0520
1823,,,,,,,,
1824,,,,,,,,
1825,,,,,,,,
1826,,,,,,,,
1827,,,,,,,,
1828,name,al-ghubaiba-pharmacy-llc-dubai,Al Ghubaiba Pharmacy,https://www.zavis.ai/directory/dubai/pharmacy/al-ghubaiba-pharmacy-llc-dubai,Dubai,pharmacy,"Ice Factory Building, 13b Street 13, AL SUQ AL KABEER, Dubai",+971 4 326 6042
1829,name,new-health-sign-pharmacy-l-l-c-dubai,New Health Sign Pharmacy,https://www.zavis.ai/directory/dubai/pharmacy/new-health-sign-pharmacy-l-l-c-dubai,Dubai,pharmacy,"BOOKHASH BUILDING AL ESBIJ , Al Esbij Street 12, AL SUQ AL KABEER, Dubai",+971 800 7400
1830,phone,novitas-clinic-llc-dubai,Novitas Clinic,https://www.zavis.ai/directory/dubai/clinics/novitas-clinic-llc-dubai,Dubai,clinics,"PRIME RESIDENSE 2, gg, WARSAN FIRST, Dubai",+971 4 569 3389
1831,,,,,,,,
1832,name,zahrat-al-shefa-pharmacy-l-l-c-dubai,Zahrat Al Shefa Pharmacy,https://www.zavis.ai/directory/dubai/pharmacy/zahrat-al-shefa-pharmacy-l-l-c-dubai,Dubai,pharmacy,"11TH STREET AL GAITH BUILDING AL QUASIS - SONAPUR, 1 - محيصنة الثانية - محيصنة ٢ - دبي - United Arab Emirates",+971 56 247 8520
1833,phone,bait-al-shifaa-pharmacy-ltd-dubai-branch-dubai-2,Bait AL Shifaa Pharmacy LTD Dubai,https://www.zavis.ai/directory/dubai/pharmacy/bait-al-shifaa-pharmacy-ltd-dubai-branch-dubai-2,Dubai,pharmacy,"Dp World Clinic,Jebal Ali Free Zone, 811 Street, Jafza + ( Jebeel Ali  Housing Scheme), Dubai",+971 4 881 7530
1834,name,noor-almadina-pharmacy-dubai,Noor Almadina Pharmacy,https://www.zavis.ai/directory/dubai/pharmacy/noor-almadina-pharmacy-dubai,Dubai,pharmacy,"M/S. First Gulf Bank & Youssef Zahra, al rustumani st., AL QOUZ THIRD, Dubai",+971 56 258 9838
1835,phone,alseha-al-kubra-pharmacy-l-l-c-dubai,Alseha Al Kubra Pharmacy,https://www.zavis.ai/directory/dubai/pharmacy/alseha-al-kubra-pharmacy-l-l-c-dubai,Dubai,pharmacy,"Al Khail Mall, Latifa Bint Hamdan Street, AL QOUZ FOURTH, Dubai",+971 4 321 9926
1836,,,,,,,,
1837,phone,musalla-sonapoor-pharmacy-dubai,Musalla Sonapoor Pharmacy,https://www.zavis.ai/directory/dubai/pharmacy/musalla-sonapoor-pharmacy-dubai,Dubai,pharmacy,Dubai - Muhaisanah Second - Muhaisanah 2 - Dubai - United Arab Emirates,+971 4 254 4461
1838,,,,,,,,
1839,phone,border-pharmacy-dubai,Border Pharmacy,https://www.zavis.ai/directory/dubai/pharmacy/border-pharmacy-dubai,Dubai,pharmacy,Muhaisanah Second - Muhaisanah 2 - Dubai - United Arab Emirates,+971 4 379 3515
1840,phone,meeqath-pharmacy-l-l-c-dubai,Meeqath Pharmacy,https://www.zavis.ai/directory/dubai/pharmacy/meeqath-pharmacy-l-l-c-dubai,Dubai,pharmacy,"Grand Hypermarket, jebel Ali industrial , JABAL ALI INDUSTRIAL FIRST, Dubai",+971 4 226 4404
1841,,,,,,,,
1842,,,,,,,,
1843,phone,bab-al-hayat-pharmacy-l-l-c-dubai,Bab Al Hayat Pharmacy,https://www.zavis.ai/directory/dubai/pharmacy/bab-al-hayat-pharmacy-l-l-c-dubai,Dubai,pharmacy,"Madeena Supermarket Building, 5 Street, DUBAI INVESTMENT PARK SECOND, Dubai",+971 4 883 1644
1844,phone,musalah-al-quoze-pharmacy-dubai,Musalah Al Quoze Pharmacy,https://www.zavis.ai/directory/dubai/pharmacy/musalah-al-quoze-pharmacy-dubai,Dubai,pharmacy,"Shop No. 1, Ground Floor - Al Khail Mall - Latifa Bint Hamdan St - Al Qouz Fourth - Al Quoz - Dubai - United Arab Emirates",+971 4 328 5928
1845,,,,,,,,
1846,,,,,,,,
1847,,,,,,,,
1848,phone,new-medilife-medical-centre-llc-dubai,New Medilife Medical Centre,https://www.zavis.ai/directory/dubai/clinics/new-medilife-medical-centre-llc-dubai,Dubai,clinics,"Hardware 7 Building Material Market Mall, Ras Alkhor road , WARSAN THIRD, Dubai",+971 4 288 8315
1849,phone,noor-al-satwa-pharmacy-l-l-c-dubai,Noor Al Satwa Pharmacy,https://www.zavis.ai/directory/dubai/pharmacy/noor-al-satwa-pharmacy-l-l-c-dubai,Dubai,pharmacy,"-Emarat Building, Al Satwa Road 35, Al Satwa, Dubai",+971 4 344 3229
1850,phone,noor-alqusais-pharmacy-l-l-c-dubai,Noor Alqusais Pharmacy,https://www.zavis.ai/directory/dubai/pharmacy/noor-alqusais-pharmacy-l-l-c-dubai,Dubai,pharmacy,"Shop No 5, 11 Street, AL QUSAIS SECOND, Dubai",+971 4 263 3844
1851,,,,,,,,
1852,,,,,,,,
1853,name,rock-star-pharmacy-llc-dubai,Rock Star Pharmacy,https://www.zavis.ai/directory/dubai/pharmacy/rock-star-pharmacy-llc-dubai,Dubai,pharmacy,"Lulu Hypermarket Hamriya, 13b Street, Al Hamriya, Dubai",+971 4 294 1011
1854,phone,new-al-suwaidi-pharmacy-l-l-c-dubai,New Al Suwaidi Pharmacy,https://www.zavis.ai/directory/dubai/pharmacy/new-al-suwaidi-pharmacy-l-l-c-dubai,Dubai,pharmacy,"Bearl Building, 2nd December Street 41, AL BADA, Dubai",+971 4 385 9219
1855,,,,,,,,
1856,name,al-rasheed-pharmacy-l-l-c-dubai,AL Rasheed Pharmacy,https://www.zavis.ai/directory/dubai/pharmacy/al-rasheed-pharmacy-l-l-c-dubai,Dubai,pharmacy,"Al Maktoum Building, البراحه شارع عمر بن الخطاب, Al Baraha, Dubai",+971 4 272 1108
1857,phone,orbit-star-pharmacy-l-l-c-dubai,Orbit Star Pharmacy,https://www.zavis.ai/directory/dubai/pharmacy/orbit-star-pharmacy-l-l-c-dubai,Dubai,pharmacy,"Al Attar Business Avenue, Sheikh Zayed Road, AL BARSHA FIRST, Dubai",+971 4 234 8918
1858,,,,,,,,
1859,,,,,,,,
1860,,,,,,,,
1861,phone,unique-care-pharmacy-llc-dubai,Unique Care Pharmacy,https://www.zavis.ai/directory/dubai/pharmacy/unique-care-pharmacy-llc-dubai,Dubai,pharmacy,"X-20, England cluster, WARSAN FIRST, Dubai",+971 4 580 8675
1862,name,fajer-mirdif-pharmacy-l-l-c-dubai,Fajer Mirdif Pharmacy,https://www.zavis.ai/directory/dubai/pharmacy/fajer-mirdif-pharmacy-l-l-c-dubai,Dubai,pharmacy,"Burj Nahar Building opposite to reena begum clinic and Snow White trading, Omar Bin Al Khattab Street 171, AL BUTEEN, Dubai",+971 4 288 5481
1863,phone,live-care-pharmacy-l-l-c-dubai,Live Care Pharmacy,https://www.zavis.ai/directory/dubai/pharmacy/live-care-pharmacy-l-l-c-dubai,Dubai,pharmacy,Shoppers Mall Dubai - منطقة جبل علي الصناعية - دبي - United Arab Emirates,+971 4 884 5562
1864,name,lifenity-international-advanced-pharmacy-llc-dubai,Lifenity International Advanced Pharmacy,https://www.zavis.ai/directory/dubai/pharmacy/lifenity-international-advanced-pharmacy-llc-dubai,Dubai,pharmacy,"Shop No. 2, JMS Building - النهدة الثانية - النهدة - دبي - United Arab Emirates",+971 4 321 6964
1865,name,our-life-guard-pharmacy-l-l-c-dubai,Our Life Guard Pharmacy,https://www.zavis.ai/directory/dubai/pharmacy/our-life-guard-pharmacy-l-l-c-dubai,Dubai,pharmacy,"SUHAIL SALEM SAEED BIN GHEDAYER ALKETBI STORAGE, 70 Street, JABAL ALI INDUSTRIAL FIRST, Dubai",+971 4 580 9681
1866,phone,kims-pharmacy-llc-dubai,Kims Pharmacy,https://www.zavis.ai/directory/dubai/pharmacy/kims-pharmacy-llc-dubai,Dubai,pharmacy,78CJ+CWR - Hor Al Anz St - Hor Al Anz - Deira - Dubai - United Arab Emirates,+971 4 220 9434
1867,name,al-rafah-pharmacy-dubai,Al Rafah Pharmacy,https://www.zavis.ai/directory/dubai/pharmacy/al-rafah-pharmacy-dubai,Dubai,pharmacy,"Rta Multistory Car Parking Building, 26th Street 6, AL SUQ AL KABEER, Dubai",+971 6 575 9995
1868,,,,,,,,
1869,,,,,,,,
1870,phone,ghazal-al-jabal-pharmacy-dubai,Ghazal Al Jabal Pharmacy,https://www.zavis.ai/directory/dubai/pharmacy/ghazal-al-jabal-pharmacy-dubai,Dubai,pharmacy,7C8G+PVQ - 2 - Muhaisanah Second - Muhaisanah 2 - Dubai - United Arab Emirates,+971 4 254 0460
1871,,,,,,,,
1872,,,,,,,,
1873,,,,,,,,
1874,,,,,,,,
1875,phone,golden-sands-pharmacy-br-of-aster-pharmacies-group-llc-dubai,Golden Sands Pharmacy,https://www.zavis.ai/directory/dubai/pharmacy/golden-sands-pharmacy-br-of-aster-pharmacies-group-llc-dubai,Dubai,pharmacy,"Bur Dubai,Near Al Ain Centre (backside) Al Fahidi Metro Station - المنخول - دبي - United Arab Emirates",+971 4 351 1444
1876,,,,,,,,
1877,phone,medicom-pharmacy-7-br-of-aster-pharmacies-group-l-l-c-dubai,Medicom Pharmacy 7,https://www.zavis.ai/directory/dubai/pharmacy/medicom-pharmacy-7-br-of-aster-pharmacies-group-l-l-c-dubai,Dubai,pharmacy,"Ghanm Bin Yaroof Mr Naresh, Al Mezher Mall, AL MIZHAR FIRST, Dubai",+971 4 287 6804
1878,name,aster-pharmacy-100-dubai,Aster Pharmacy 100,https://www.zavis.ai/directory/dubai/pharmacy/aster-pharmacy-100-dubai,Dubai,pharmacy,"Location Type: Building 64 ,block b , Dubai Healthcare City St 64e/f, Dubai Healthcare City, Dubai",+971 4 434 3922
1879,,,,,,,,
1880,phone,alfa-pharmacy-br-of-aster-pharmacies-group-llc-dubai,Alfa Pharmacy,https://www.zavis.ai/directory/dubai/pharmacy/alfa-pharmacy-br-of-aster-pharmacies-group-llc-dubai,Dubai,pharmacy,"Al Fattan175-0, 5 Street 6, AL QUSAIS INDUSTRIAL SECOND, Dubai",+971 4 280 6714
1881,phone,avenue-pharmacy-br-of-aster-pharmacies-group-llc-dubai,Avenue Pharmacy,https://www.zavis.ai/directory/dubai/pharmacy/avenue-pharmacy-br-of-aster-pharmacies-group-llc-dubai,Dubai,pharmacy,Aspect Tower - Sheikh Zayed Rd - Business Bay - Dubai - United Arab Emirates,+971 4 435 7450
1882,phone,medicom-pharmacy-12-br-of-aster-pharmacies-group-l-l-c-dubai,Medicom Pharmacy 12,https://www.zavis.ai/directory/dubai/pharmacy/medicom-pharmacy-12-br-of-aster-pharmacies-group-l-l-c-dubai,Dubai,pharmacy,"Aster Pharmacy - Al Rashidiya, Dubai (Medicom 12)",+971 4 285 9110
1883,phone,asma-pharmacy-br-of-aster-pharmacies-group-l-l-c-dubai,Asma Pharmacy,https://www.zavis.ai/directory/dubai/pharmacy/asma-pharmacy-br-of-aster-pharmacies-group-l-l-c-dubai,Dubai,pharmacy,"Souq Al Wasal , OppositeGate No : 3 Deira - Naif Rd - Naif - Deira - Dubai - United Arab Emirates",+971 4 222 2786
1884,,,,,,,,
1885,,,,,,,,
1886,,,,,,,,
1887,,,,,,,,
1888,,,,,,,,
1889,,,,,,,,
1890,phone,medicom-pharmacy-5-br-of-aster-pharmacies-group-l-l-c-dubai,Medicom Pharmacy 5,https://www.zavis.ai/directory/dubai/pharmacy/medicom-pharmacy-5-br-of-aster-pharmacies-group-l-l-c-dubai,Dubai,pharmacy,"Emirates coop, 18c Street 1h, AL TWAR SECOND, Dubai",+971 4 264 9929
1891,,,,,,,,
1892,phone,umm-hurair-pharmacy-al-shafar-group-dubai,Umm Hurair Pharmacy(Al Shafar Group),https://www.zavis.ai/directory/dubai/pharmacy/umm-hurair-pharmacy-al-shafar-group-dubai,Dubai,pharmacy,"J3 Mall, 2c Street 94, Al Manara, Dubai",+971 4 338 3766
1893,,,,,,,,
1894,,,,,,,,
1895,phone,aster-pharmacy-124-brof-aster-pharmacies-group-llc-dubai,Aster Pharmacy 124 Brof Aster Pharmacies Group,https://www.zavis.ai/directory/dubai/pharmacy/aster-pharmacy-124-brof-aster-pharmacies-group-llc-dubai,Dubai,pharmacy,"Marina, Sukoon Tower - Marsa Dubai - Dubai Marina - Dubai - United Arab Emirates",+971 4 554 6282
1896,,,,,,,,
1897,,,,,,,,
1898,phone,yacoub-pharmacy-br-of-aster-pharmacies-group-llc-dubai,Yacoub Pharmacy,https://www.zavis.ai/directory/dubai/pharmacy/yacoub-pharmacy-br-of-aster-pharmacies-group-llc-dubai,Dubai,pharmacy,Bank Street - Khalid Bin Al Waleed Rd - Al Mankhool - Dubai - United Arab Emirates,+971 4 352 3332
1899,phone,al-musalla-pharmacy-br-of-aster-pharmacies-group-llc-dubai,Al Musalla Pharmacy,https://www.zavis.ai/directory/dubai/pharmacy/al-musalla-pharmacy-br-of-aster-pharmacies-group-llc-dubai,Dubai,pharmacy,"Al Kharbash Building, Atfah Street 11, UM SUQAIM THIRD, Dubai",+971 4 328 4548
1900,,,,,,,,
1901,phone,medicom-pharmacy-14-br-of-aster-pharmacies-group-l-l-c-dubai,Medicom Pharmacy 14,https://www.zavis.ai/directory/dubai/pharmacy/medicom-pharmacy-14-br-of-aster-pharmacies-group-l-l-c-dubai,Dubai,pharmacy,"Madina Mall  Muhaisnah 4, madina mall , MUHAISANAH FOURTH, Dubai",+971 4 255 8733
1902,,,,,,,,
1903,phone,medicom-pharmacy-1-br-of-aster-pharmacies-group-llc-dubai,Medicom Pharmacy 1,https://www.zavis.ai/directory/dubai/pharmacy/medicom-pharmacy-1-br-of-aster-pharmacies-group-llc-dubai,Dubai,pharmacy,"Extension of Dubai Outlet Mall, Dubai Al Ain Rd 60, Umm AL Daman, Dubai",+971 4 344 8333
1904,,,,,,,,
1905,phone,aster-pharmacy-112-brof-aster-pharmacies-group-llc-dubai,Aster Pharmacy 112 Brof Aster Pharmacies Group,https://www.zavis.ai/directory/dubai/pharmacy/aster-pharmacy-112-brof-aster-pharmacies-group-llc-dubai,Dubai,pharmacy,Rolla Street - Bur Dubai - Al Raffa - Dubai - United Arab Emirates,+971 4 325 2920
1906,phone,aster-pharmacy111-br-of-aster-pharmacies-group-llc-dubai,Aster Pharmacy111,https://www.zavis.ai/directory/dubai/pharmacy/aster-pharmacy111-br-of-aster-pharmacies-group-llc-dubai,Dubai,pharmacy,Plaza Building - Shop no. 6 - 6th St - Muhaisanah Fourth - Muhaisnah - Dubai - United Arab Emirates,+971 4 259 3195
1907,,,,,,,,
1908,,,,,,,,
1909,phone,rashid-pharmacy-br-of-aster-pharmacies-group-llc-dubai,Rashid Pharmacy,https://www.zavis.ai/directory/dubai/pharmacy/rashid-pharmacy-br-of-aster-pharmacies-group-llc-dubai,Dubai,pharmacy,"Abdulla Abdul Aziz, Al Rigga Street, AL RIGGA, Dubai",+971 4 221 1739
1910,,,,,,,,
1911,,,,,,,,
1912,,,,,,,,
1913,,,,,,,,
1914,phone,med-save-pharmacy-br-of-aster-pharmacies-group-l-l-c-dubai,Med Save Pharmacy,https://www.zavis.ai/directory/dubai/pharmacy/med-save-pharmacy-br-of-aster-pharmacies-group-l-l-c-dubai,Dubai,pharmacy,"Riyad Ibrahim Yaseen, 47 Street 57, Mirdif, Dubai",+971 4 284 7600
1915,,,,,,,,
1916,,,,,,,,
1917,,,,,,,,
1918,phone,al-juma-pharmacy-br-of-aster-pharmacies-group-llc-dubai,Al Juma Pharmacy,https://www.zavis.ai/directory/dubai/pharmacy/al-juma-pharmacy-br-of-aster-pharmacies-group-llc-dubai,Dubai,pharmacy,"1128 Sherouq Build., 20b Street 44, Al Karama, Dubai",+971 4 334 8981
1919,,,,,,,,
1920,,,,,,,,
1921,phone,aster-pharmacy-5-br-of-aster-pharmacies-group-llc-dubai,Aster Pharmacy 5,https://www.zavis.ai/directory/dubai/pharmacy/aster-pharmacy-5-br-of-aster-pharmacies-group-llc-dubai,Dubai,pharmacy,CBD 29 - Warsan First - Dubai International City - Dubai - United Arab Emirates,+971 4 447 3169
1922,,,,,,,,
1923,,,,,,,,
1924,phone,al-fardoos-pharmacy-br-of-aster-al-shafar-pharmacies-group-llc-dubai,Al Fardoos Pharmacy,https://www.zavis.ai/directory/dubai/pharmacy/al-fardoos-pharmacy-br-of-aster-al-shafar-pharmacies-group-llc-dubai,Dubai,pharmacy,"Building No. Q 04, France Cluster, warsan1 France cluster , WARSAN FIRST, Dubai",+971 4 441 0590
1925,,,,,,,,
1926,,,,,,,,
1927,phone,al-aweer-society-pharmacy-br-of-al-shafar-group-dubai,Al Aweer Society Pharmacy,https://www.zavis.ai/directory/dubai/pharmacy/al-aweer-society-pharmacy-br-of-al-shafar-group-dubai,Dubai,pharmacy,"Union Co Operative Society-Al Aweer Branch, . , RAS AL KHOR INDUSTRIAL THIRD, Dubai",+971 4 320 1900
1928,,,,,,,,
1929,,,,,,,,
1930,phone,aster-cedars-clinic-dubai,Aster Cedars Clinic,https://www.zavis.ai/directory/dubai/clinics/aster-cedars-clinic-dubai,Dubai,clinics,Outside gate 2 Street 511 - ميناء جبل علي - منطقة جبل علي الحرة - دبي - United Arab Emirates,+971 4 881 4000
1931,,,,,,,,
1932,,,,,,,,
1933,,,,,,,,
1934,,,,,,,,
1935,,,,,,,,
1936,phone,alquoz-advanced-care-pharmacy-l-l-c-dubai,Alquoz Advanced Care Pharmacy,https://www.zavis.ai/directory/dubai/pharmacy/alquoz-advanced-care-pharmacy-l-l-c-dubai,Dubai,pharmacy,"GRAND CITY MALL, 25 Street 1, AL QOUZ INDUSTRIAL SECOND, Dubai",+971 4 330 7120
1937,,,,,,,,
1938,phone,advanced-star-pharmacy-l-l-c-dubai,Advanced Star Pharmacy,https://www.zavis.ai/directory/dubai/pharmacy/advanced-star-pharmacy-l-l-c-dubai,Dubai,pharmacy,"naseem almadina supermarket, 40 Street, DUBAI INVESTMENT PARK SECOND, Dubai",+971 4 885 1154
1939,,,,,,,,
1940,,,,,,,,
1941,,,,,,,,
1942,,,,,,,,
1943,,,,,,,,
1944,,,,,,,,
1945,phone,xie-he-medical-center-dubai,Xie He Medical Center,https://www.zavis.ai/directory/dubai/clinics/xie-he-medical-center-dubai,Dubai,clinics,A12 Building - ورسان الأولى - China Cluster - دبي - United Arab Emirates,+971 4 423 3055
1946,phone,vida-pharamcy-llc-dubai,Vida Pharmacy,https://www.zavis.ai/directory/dubai/pharmacy/vida-pharamcy-llc-dubai,Dubai,pharmacy,"Al Rais Shopping Centre, 26 Street 28, AL RAFFA, Dubai",+971 52 534 1543
1947,name,llh-medical-center-llc-pharmacy-branch-dubai,Llh Medical Center LLC Pharmacy,https://www.zavis.ai/directory/dubai/pharmacy/llh-medical-center-llc-pharmacy-branch-dubai,Dubai,pharmacy,"Roof Floor, The Town mall - Unit number : Shop 1 - Dubai Investment Park - 2 - Dubai - United Arab Emirates",+971 800 55
1948,name,noom-pharmacy-l-l-c-dubai,Noom Pharmacy,https://www.zavis.ai/directory/dubai/pharmacy/noom-pharmacy-l-l-c-dubai,Dubai,pharmacy,"TALAL PLAZA HYPERMARKET, Dubai Industrial City, SAIH SHUAIB 4, Dubai",+971 55 556 6183
1949,,,,,,,,
1950,phone,bloom-plus-pharmacy-l-l-c-dubai,Bloom Plus Pharmacy,https://www.zavis.ai/directory/dubai/pharmacy/bloom-plus-pharmacy-l-l-c-dubai,Dubai,pharmacy,"FRANCE CLUSTER R-23, SHOP NO.-19 - ورسان الأولى - مدينة دبي العالمية - دبي - United Arab Emirates",+971 4 529 7272
1951,phone,aster-pharmacy-186-br-of-aster-pharmacies-group-l-l-c-dubai,Aster Pharmacy 186,https://www.zavis.ai/directory/dubai/pharmacy/aster-pharmacy-186-br-of-aster-pharmacies-group-l-l-c-dubai,Dubai,pharmacy,"Medcare Medical Centre, Seven Palm Hotel & Apartments - Palm Jumeirah - Dubai - United Arab Emirates",+971 4 268 8710
1952,,,,,,,,
1953,,,,,,,,
1954,,,,,,,,
1955,,,,,,,,
1956,name,al-hana-pharmacy-l-l-c-dubai,AL Hana Pharmacy,https://www.zavis.ai/directory/dubai/pharmacy/al-hana-pharmacy-l-l-c-dubai,Dubai,pharmacy,"Al Hanaa Center, Sheikh Sabah Al Ahmad Al Jaber Al Sabah Street 217, AL JAFLIYA, Dubai",+971 4 324 4034
1957,,,,,,,,
1958,phone,grand-dr-ismail-polyclinic-l-l-c-pharmacy-dubai,Grand DR Ismail Polyclinic L.L.C Pharmacy,https://www.zavis.ai/directory/dubai/pharmacy/grand-dr-ismail-polyclinic-l-l-c-pharmacy-dubai,Dubai,pharmacy,"JSCOM Grand Residence Building, Near Canadian Specialist Hospital Hor Al Anz East, Abu Hail, Dubai, UAE - هور العنز شرق - ديرة - دبي - United Arab Emirates",+971 4 370 6200
1959,,,,,,,,
1960,,,,,,,,
1961,name,steps-pharmacy-l-l-c-dubai,Steps Pharmacy,https://www.zavis.ai/directory/dubai/pharmacy/steps-pharmacy-l-l-c-dubai,Dubai,pharmacy,"ABDULLA AL SHARHAN, A7 street, AL NAHDA SECOND, Dubai",+971 58 591 2261
1962,name,afridi-pharmacy-llc-dubai,Afridi Pharmacy,https://www.zavis.ai/directory/dubai/pharmacy/afridi-pharmacy-llc-dubai,Dubai,pharmacy,"MUHAISANAH SECOND, Dubai",+971 52 434 5298
1963,phone,wecare-e-r-x-pharmacy-llc-dubai,Wecare E R X Pharmacy,https://www.zavis.ai/directory/dubai/pharmacy/wecare-e-r-x-pharmacy-llc-dubai,Dubai,pharmacy,Khalid Bin Al Waleed Rd - behind ansar gallery - Al Karama - Dubai - United Arab Emirates,+971 4 880 4179
1964,,,,,,,,
1965,,,,,,,,
1966,name,royal-phoenix-clinic-l-l-c-dubai,Royal Phoenix Clinic,https://www.zavis.ai/directory/dubai/clinics/royal-phoenix-clinic-l-l-c-dubai,Dubai,clinics,"Wasl retail center - 1 st floor, Al Rayhan Street, AL QUSAIS INDUSTRIAL FIFTH, Dubai",+971 50 218 6698
1967,name,royal-phoenix-clinic-l-l-c-pharmacy-dubai,Royal Phoenix Clinic L.L.C- Pharmacy,https://www.zavis.ai/directory/dubai/pharmacy/royal-phoenix-clinic-l-l-c-pharmacy-dubai,Dubai,pharmacy,"AL QUSAIS INDUSTRIAL THIRD, Dubai",+971 50 218 6698
1968,,,,,,,,
1969,name,al-mulayim-pharmacy-l-l-c-dubai,AL Mulayim Pharmacy,https://www.zavis.ai/directory/dubai/pharmacy/al-mulayim-pharmacy-l-l-c-dubai,Dubai,pharmacy,"MUHAISANAH SECOND, Dubai",+971 4 324 9218
1970,phone,aster-pharmacy-171-br-of-aster-pharmacies-group-l-l-c-dubai,Aster Pharmacy 171,https://www.zavis.ai/directory/dubai/pharmacy/aster-pharmacy-171-br-of-aster-pharmacies-group-l-l-c-dubai,Dubai,pharmacy,DIP 598-1190 - Shop No B6 - Ring St - Dubai Investment Park First - Green Community Village - Dubai - United Arab Emirates,+971 4 251 6452
1971,,,,,,,,
1972,,,,,,,,
1973,name,marhaba-pharmacy-llc-dubai,Marhaba Pharmacy,https://www.zavis.ai/directory/dubai/pharmacy/marhaba-pharmacy-llc-dubai,Dubai,pharmacy,SUNSHINE BUILDING-2 - SHOP NO -4 - Omar Bin Al Khattab St - Naif - Deira - Dubai - United Arab Emirates,+971 50 515 8975
1974,,,,,,,,
1975,,,,,,,,
1976,,,,,,,,
1977,,,,,,,,
1978,,,,,,,,
1979,name,duraiya-kamal-medical-clinic-pharmacy-dubai,Duraiya Kamal Medical Clinic- Pharmacy,https://www.zavis.ai/directory/dubai/pharmacy/duraiya-kamal-medical-clinic-pharmacy-dubai,Dubai,pharmacy,First Floor Next to Habib Bank AG Zurich Baniyas Square - Al Maktoum Rd - Al Rigga - Dubai - United Arab Emirates,+971 4 223 8612
1980,name,innovation-family-pharmacy-l-l-c-dubai,Innovation Family Pharmacy,https://www.zavis.ai/directory/dubai/pharmacy/innovation-family-pharmacy-l-l-c-dubai,Dubai,pharmacy,Summer 2 - Kahraba N W - Al Barsha South Fourth - JVC - Dubai - United Arab Emirates,+971 4 423 3733
1981,,,,,,,,
1982,name,health-first-pharmacy-11-dubai,Health First Pharmacy 11,https://www.zavis.ai/directory/dubai/pharmacy/health-first-pharmacy-11-dubai,Dubai,pharmacy,Dubai,+971 4 325 3056
1983,name,health-first-pharmacy-2-br-of-health-first-invest-dubai,Health First Pharmacy 2,https://www.zavis.ai/directory/dubai/pharmacy/health-first-pharmacy-2-br-of-health-first-invest-dubai,Dubai,pharmacy,"Aswaaq Nad Al Shiba, aswaaqn nad al hiba, Nad Al Sheba, Dubai",+971 4 325 3056
1984,phone,health-first-pharmacy-23-dubai,Health First Pharmacy 23,https://www.zavis.ai/directory/dubai/pharmacy/health-first-pharmacy-23-dubai,Dubai,pharmacy,"Hamarain Centre, Abu Baker Al Siddique Road, AL MURQABAT, Dubai",+971 4 269 3618
1985,,,,,,,,
1986,,,,,,,,
1987,phone,health-first-pharmacy-27-br-dubai,Health First Pharmacy 27,https://www.zavis.ai/directory/dubai/pharmacy/health-first-pharmacy-27-br-dubai,Dubai,pharmacy,"The Crescent B, near city center meisem , AL HEBIAH FIRST, Dubai",+971 4 425 3020
1988,phone,health-first-pharmacy-3-dubai,Health First Pharmacy 3,https://www.zavis.ai/directory/dubai/pharmacy/health-first-pharmacy-3-dubai,Dubai,pharmacy,"SATWA, Al Hudaiba Street 29, AL BADA, Dubai",+971 4 546 4618
1989,name,health-first-pharmacy-30-dubai,Health First Pharmacy 30,https://www.zavis.ai/directory/dubai/pharmacy/health-first-pharmacy-30-dubai,Dubai,pharmacy,"COMMUNITY RECREATION AND LEISURE FACILITY, Lehbab Rd 200e, Marmoum - 1, Dubai",+971 4 326 4988
1990,name,health-first-pharmacy-33-dubai,Health First Pharmacy 33,https://www.zavis.ai/directory/dubai/pharmacy/health-first-pharmacy-33-dubai,Dubai,pharmacy,"منطقة إم سقيم الثالثة . منتجع جميرا بيتش - ش.ذ.م.م., Jumeirah Street 852, UM SUQAIM THIRD, Dubai",+971 4 458 7004
1991,name,health-first-pharmacy-34-dubai,Health First Pharmacy 34,https://www.zavis.ai/directory/dubai/pharmacy/health-first-pharmacy-34-dubai,Dubai,pharmacy,"Ibrahim Bin Abdulrahim Qassem, Mankhool Street 37–45, BUR DUBAI, Dubai",+971 4 325 3056
1992,phone,health-first-pharmacy-37-dubai,Health First Pharmacy 37,https://www.zavis.ai/directory/dubai/pharmacy/health-first-pharmacy-37-dubai,Dubai,pharmacy,"Mediterranean, sport city, Nad Al Sheba, Dubai",+971 4 360 6023
1993,phone,health-first-pharmacy-38-dubai,Health First Pharmacy 38,https://www.zavis.ai/directory/dubai/pharmacy/health-first-pharmacy-38-dubai,Dubai,pharmacy,"Oud Metha 2, 2 Street 88, OUD METHA, Dubai",+971 4 396 0695
1994,,,,,,,,
1995,name,health-first-pharmacy-41-dubai,Health First Pharmacy 41,https://www.zavis.ai/directory/dubai/pharmacy/health-first-pharmacy-41-dubai,Dubai,pharmacy,"Uptown Mirdif Mall, 47 Street 14, Mirdif, Dubai",+971 4 325 3056
1996,phone,health-first-pharmacy-45-dubai,Health First Pharmacy 45,https://www.zavis.ai/directory/dubai/pharmacy/health-first-pharmacy-45-dubai,Dubai,pharmacy,"Rabwah 1 - Sheikh Mohammed Bin Ahmed Aal Maktoum, Al Seedaf Road 1, AL BARSHA FIRST, Dubai",+971 4 396 5891
1997,phone,health-first-pharmacy-48-dubai,Health First Pharmacy 48,https://www.zavis.ai/directory/dubai/pharmacy/health-first-pharmacy-48-dubai,Dubai,pharmacy,"Vanew, Jumeira Street 62, JUMEIRAH FIRST, Dubai",+971 4 343 0616
1998,,,,,,,,
1999,name,health-first-pharmacy-52-dubai,Health First Pharmacy 52,https://www.zavis.ai/directory/dubai/pharmacy/health-first-pharmacy-52-dubai,Dubai,pharmacy,"White Crown, Sheikh Zayed Road, TRADE CENTER FIRST, Dubai",+971 4 325 3056
2000,name,health-first-pharmacy-55-dubai,Health First Pharmacy 55,https://www.zavis.ai/directory/dubai/pharmacy/health-first-pharmacy-55-dubai,Dubai,pharmacy,"Ibn Sina 27B, Dubai Healthcare City St 27b, Dubai Healthcare City, Dubai",+971 56 992 2757
2001,name,health-first-pharmacy-57-br-of-health-first-investment-llc-dubai,Health First Pharmacy 57,https://www.zavis.ai/directory/dubai/pharmacy/health-first-pharmacy-57-br-of-health-first-investment-llc-dubai,Dubai,pharmacy,"sheraton hotel, Sheraton hotel near swimming pool entrance , Dubai Marina and Jumeira Beach, Dubai",+971 4 701 6000
2002,name,health-first-pharmacy-58-br-of-health-first-investment-llc-dubai,Health First Pharmacy 58,https://www.zavis.ai/directory/dubai/pharmacy/health-first-pharmacy-58-br-of-health-first-investment-llc-dubai,Dubai,pharmacy,"MIRDIF AVENUE, 78 Street, Mirdif, Dubai",+971 4 701 6000
2003,name,health-first-pharmacy-60-br-of-health-first-investment-llc-dubai,Health First Pharmacy 60,https://www.zavis.ai/directory/dubai/pharmacy/health-first-pharmacy-60-br-of-health-first-investment-llc-dubai,Dubai,pharmacy,"EMIRATES HEADQUARTERS, 56 Street 36, Al Garhoud, Dubai",+971 4 701 6000
2004,name,health-first-pharmacy-61-br-of-health-first-investment-llc-dubai,Health First Pharmacy 61,https://www.zavis.ai/directory/dubai/pharmacy/health-first-pharmacy-61-br-of-health-first-investment-llc-dubai,Dubai,pharmacy,"VIRIDIS PODIUM, viridis podium , AL YUFRAH 2, Dubai",+971 54 793 2584
2005,name,health-first-pharmacy-64-br-of-health-first-investment-l-l-c-dubai,Health First Pharmacy 64,https://www.zavis.ai/directory/dubai/pharmacy/health-first-pharmacy-64-br-of-health-first-investment-l-l-c-dubai,Dubai,pharmacy,"EMIRATES CO OPERATIVE SOCIETY, 54th Street 37, Al Garhoud, Dubai",+971 50 229 0125
2006,name,health-first-pharmacy-9-dubai,Health First Pharmacy 9,https://www.zavis.ai/directory/dubai/pharmacy/health-first-pharmacy-9-dubai,Dubai,pharmacy,"Summer 2, Qmasha Street, Barsha Suoth - 4, Dubai",+971 4 423 3733
2007,phone,deans-life-pharmacy-l-l-c-dubai,Deans Life Pharmacy,https://www.zavis.ai/directory/dubai/pharmacy/deans-life-pharmacy-l-l-c-dubai,Dubai,pharmacy,"AL QOUZ FOURTH, Dubai",+971 4 234 5897
2008,name,nexa-pharmacy-llc-dubai,Nexa Pharmacy,https://www.zavis.ai/directory/dubai/pharmacy/nexa-pharmacy-llc-dubai,Dubai,pharmacy,"WARSAN FIRST, Dubai",+971 56 803 9174
2009,phone,ali-medical-center-dubai,Ali Medical Center,https://www.zavis.ai/directory/dubai/clinics/ali-medical-center-dubai,Dubai,clinics,"181 Sh.Hasher, Naif, Naif, Dubai",+971 4 224 6566
2010,,,,,,,,
2011,,,,,,,,
2012,,,,,,,,
2013,,,,,,,,
2014,,,,,,,,
2015,name,lulu-barsha-pharmacy-l-l-c-dubai,Lulu Barsha Pharmacy,https://www.zavis.ai/directory/dubai/pharmacy/lulu-barsha-pharmacy-l-l-c-dubai,Dubai,pharmacy,1 Umm Suqeim St - Al Barsha First - Al Barsha - Dubai - United Arab Emirates,+971 4 341 8888
2016,,,,,,,,
2017,name,lulu-karama-pharmacy-dubai,Lulu Karama Pharmacy,https://www.zavis.ai/directory/dubai/pharmacy/lulu-karama-pharmacy-dubai,Dubai,pharmacy,67QX+CRV Park - Sheikh Rashid Rd - opposite Zaabeel - Al Karama - Dubai - United Arab Emirates,+971 4 334 6333
2018,name,pmc-pharmacy-l-l-c-dubai,PMC Pharmacy,https://www.zavis.ai/directory/dubai/pharmacy/pmc-pharmacy-l-l-c-dubai,Dubai,pharmacy,"Pakistan Association Dubai, 11b Street 13/4, OUD METHA, Dubai",+971 4 230 5000
2019,,,,,,,,
2020,,,,,,,,
2021,,,,,,,,
2022,,,,,,,,
2023,,,,,,,,
2024,,,,,,,,
2025,,,,,,,,
2026,name,international-modern-hospital-pharmacy-dubai,International Modern Hospital Pharmacy,https://www.zavis.ai/directory/dubai/pharmacy/international-modern-hospital-pharmacy-dubai,Dubai,pharmacy,Port Rashid Road Al Mankhool Area - Al Raffa - Dubai - United Arab Emirates,+971 4 406 3000
2027,name,mumtaz-al-noor-express-pharmacy-l-l-c-dubai,Mumtaz AL Noor Express Pharmacy,https://www.zavis.ai/directory/dubai/pharmacy/mumtaz-al-noor-express-pharmacy-l-l-c-dubai,Dubai,pharmacy,30 6th St - Al Baraha - Deira - Dubai - United Arab Emirates,+971 56 199 2959
2028,name,star-falcon-pharmacy-l-l-c-dubai,Star Falcon Pharmacy,https://www.zavis.ai/directory/dubai/pharmacy/star-falcon-pharmacy-l-l-c-dubai,Dubai,pharmacy,"GHEYATH BUILDING, Beirut Street 101/2, AL QUSAIS INDUSTRIAL FOURTH, Dubai",+971 56 175 9678
2029,phone,city-relief-pharmacy-llc-dubai,City Relief Pharmacy,https://www.zavis.ai/directory/dubai/pharmacy/city-relief-pharmacy-llc-dubai,Dubai,pharmacy,Ali medical center building - 224 Naif Rd - nr. Khalid Mosque - Naif - Deira - Dubai - United Arab Emirates,+971 4 224 2951
2030,,,,,,,,
2031,,,,,,,,
2032,,,,,,,,
2033,phone,aster-pharmacy-210-optics-br-of-aster-pharmacies-group-l-l-c-dubai,Aster Pharmacy 210 Optics,https://www.zavis.ai/directory/dubai/ophthalmology/aster-pharmacy-210-optics-br-of-aster-pharmacies-group-l-l-c-dubai,Dubai,ophthalmology,ART Parkview - Shop No. 1 - Al Barsha South Third - Al Barsha South - Dubai - United Arab Emirates,+971 4 881 6085
2034,phone,aster-pharmacy-212-br-of-aster-pharmacies-group-l-l-c-dubai,Aster Pharmacy 212,https://www.zavis.ai/directory/dubai/pharmacy/aster-pharmacy-212-br-of-aster-pharmacies-group-l-l-c-dubai,Dubai,pharmacy,Morjana Plaza - near Big Mosque - Al Satwa - Dubai - United Arab Emirates,+971 4 585 3391
2035,name,care-7-pharmacy-l-l-c-dubai,Care 7 Pharmacy,https://www.zavis.ai/directory/dubai/pharmacy/care-7-pharmacy-l-l-c-dubai,Dubai,pharmacy,CBD-D02 Building - Warsan First - Dubai International City - Dubai - United Arab Emirates,+971 4 552 1433
2036,,,,,,,,
2037,,,,,,,,
2038,phone,aster-pharmacy-207-br-of-aster-pharmacies-group-l-l-c-dubai,Aster Pharmacy 207,https://www.zavis.ai/directory/dubai/pharmacy/aster-pharmacy-207-br-of-aster-pharmacies-group-l-l-c-dubai,Dubai,pharmacy,Lilac Residence - Shop No SH-A1 - Al Jadaf - Dubai - United Arab Emirates,+971 4 396 8831
2039,phone,aster-pharmacy-207-br-of-aster-pharmacies-group-l-l-c-dubai,Aster Pharmacy 207,https://www.zavis.ai/directory/dubai/pharmacy/aster-pharmacy-207-br-of-aster-pharmacies-group-l-l-c-dubai,Dubai,pharmacy,Lilac Residence - Shop No SH-A1 - Al Jadaf - Dubai - United Arab Emirates,+971 4 396 8831
2040,phone,first-shield-pharmacy-llc-dubai,First Shield Pharmacy,https://www.zavis.ai/directory/dubai/pharmacy/first-shield-pharmacy-llc-dubai,Dubai,pharmacy,Union Coop - 1st floor - Al Twar - Dubai - United Arab Emirates,+971 58 560 3366
2041,,,,,,,,
2042,name,moopans-pharmacy-l-l-c-dubai,Moopans Pharmacy,https://www.zavis.ai/directory/dubai/pharmacy/moopans-pharmacy-l-l-c-dubai,Dubai,pharmacy,Moopans Mall - Al Wasl Village - Al Qusais Ind. Fifth - Dubai - United Arab Emirates,+971 56 511 4115
2043,,,,,,,,
2044,name,rukn-al-mamzar-pharmacy-llc-dubai,Rukn AL Mamzar Pharmacy,https://www.zavis.ai/directory/dubai/pharmacy/rukn-al-mamzar-pharmacy-llc-dubai,Dubai,pharmacy,Dubai,+971 50 598 6430
2045,phone,shifa-al-bairooni-pharmacy-llc-dubai,Shifa AL Bairooni Pharmacy,https://www.zavis.ai/directory/dubai/pharmacy/shifa-al-bairooni-pharmacy-llc-dubai,Dubai,pharmacy,"MUHAISANAH SECOND, Dubai",+971 4 576 7833
2046,name,royal-saba-medical-clinic-pharmacy-dubai,Royal Saba Medical Clinic Pharmacy,https://www.zavis.ai/directory/dubai/pharmacy/royal-saba-medical-clinic-pharmacy-dubai,Dubai,pharmacy,"WARSAN SECOND, Dubai",+971 4 284 5778
2047,,,,,,,,
2048,,,,,,,,
2049,,,,,,,,
2050,,,,,,,,
2051,,,,,,,,
2052,,,,,,,,
2053,,,,,,,,
2054,,,,,,,,
2055,,,,,,,,
2056,name,adams-pharmacy-llc-dubai,Adams Pharmacy,https://www.zavis.ai/directory/dubai/pharmacy/adams-pharmacy-llc-dubai,Dubai,pharmacy,"Makeen Residence 1, خلف مسجد الشيخ راشد , AL WARQA SECOND, Dubai",+971 50 760 7488
2057,name,carewell-star-pharmacy-l-l-c-dubai,Carewell Star Pharmacy,https://www.zavis.ai/directory/dubai/pharmacy/carewell-star-pharmacy-l-l-c-dubai,Dubai,pharmacy,17 17B St - Al Qouz Ind.third - Al Quoz - Dubai - United Arab Emirates,+971 4 341 9008
2058,,,,,,,,
2059,name,medishop-pharmacy-llc-dubai,Medishop Pharmacy,https://www.zavis.ai/directory/dubai/pharmacy/medishop-pharmacy-llc-dubai,Dubai,pharmacy,"ABNAA ABDULLAH YOUSUF AL ABDUL HADI, 45 Street 25/1, AL MURAR, Dubai",+971 56 416 5811
2060,,,,,,,,
2061,,,,,,,,
2062,,,,,,,,
2063,,,,,,,,
2064,,,,,,,,
2065,name,mercury-plus-pharmacy-llc-dubai,Mercury Plus Pharmacy,https://www.zavis.ai/directory/dubai/pharmacy/mercury-plus-pharmacy-llc-dubai,Dubai,pharmacy,"Obaidullah labour accommodation camp Building, 15 Street 6/3, JABAL ALI INDUSTRIAL FIRST, Dubai",+971 58 579 6900
2066,,,,,,,,
2067,name,medicom-pharmacy-15-dubai,Medicom Pharmacy 15,https://www.zavis.ai/directory/dubai/pharmacy/medicom-pharmacy-15-dubai,Dubai,pharmacy,"1 الدليل للعقارات, Al Rigga Street, AL MURQABAT, Dubai",+971 4 390 2238
2068,phone,medicom-pharmacy-16-dubai,Medicom Pharmacy 16,https://www.zavis.ai/directory/dubai/pharmacy/medicom-pharmacy-16-dubai,Dubai,pharmacy,"al sabkha road, Al Borj Street 55, Al Sabkha, Dubai",+971 4 226 3614
2069,name,medicom-pharmacy-34-llc-dubai,Medicom Pharmacy 34,https://www.zavis.ai/directory/dubai/pharmacy/medicom-pharmacy-34-llc-dubai,Dubai,pharmacy,"Hussain Mohammed Habeeb Al Redha, 1a Street 25, AL QUSAIS FIRST, Dubai",+971 4 254 4001
2070,phone,medicom-pharmacy-35-l-l-c-dubai,Medicom Pharmacy 35,https://www.zavis.ai/directory/dubai/pharmacy/medicom-pharmacy-35-l-l-c-dubai,Dubai,pharmacy,"BANIYAS TOWER, Al Maktoum Hospital Road 24, AL RIGGA, Dubai",+971 4 345 5920
2071,phone,al-afdhal-pharmacy-1-dubai,Al Afdhal Pharmacy 1,https://www.zavis.ai/directory/dubai/pharmacy/al-afdhal-pharmacy-1-dubai,Dubai,pharmacy,"Old Dnata Building, Al Maktoum Hospital Road 20, AL RIGGA, Dubai",+971 4 228 3357
2072,phone,al-shohob-pharmacy-dubai,Al Shohob Pharmacy,https://www.zavis.ai/directory/dubai/pharmacy/al-shohob-pharmacy-dubai,Dubai,pharmacy,"Madeya Obaid Khalid, Al Shamal, AL DHAGAYA, Dubai",+971 4 225 5556
2073,phone,ghazal-jumeirah-pharmacy-dubai,Ghazal Jumeirah Pharmacy,https://www.zavis.ai/directory/dubai/pharmacy/ghazal-jumeirah-pharmacy-dubai,Dubai,pharmacy,"Mohd Bel Obaida Bldg.,Satwa,Dubai, Al Satwa Road 11, Al Satwa, Dubai",+971 4 349 4882
2074,phone,medicom-pharmacy33-llc-dubai,Medicom Pharmacy33,https://www.zavis.ai/directory/dubai/pharmacy/medicom-pharmacy33-llc-dubai,Dubai,pharmacy,"Mohammed Al Mur Bin Shaikh Mejren Bin Sultan, 25b Street 14, AL MURAR, Dubai",+971 4 273 3237
2075,,,,,,,,
2076,name,relief-pharmacy-dubai,Relief Pharmacy,https://www.zavis.ai/directory/dubai/pharmacy/relief-pharmacy-dubai,Dubai,pharmacy,"Saif Centre Shop1 &2r Naif Roadr Deira Dubai, Al Baraha, Naif, Dubai",+971 52 166 2089
2077,,,,,,,,
2078,,,,,,,,
2079,,,,,,,,
2080,,,,,,,,
2081,name,bin-sina-emirates-pharmacy-l-l-c-dubai,Bin Sina Emirates Pharmacy,https://www.zavis.ai/directory/dubai/pharmacy/bin-sina-emirates-pharmacy-l-l-c-dubai,Dubai,pharmacy,"Al Barsha Rd, Mall of the Emirates - Al Barsha First - Al Barsha - Dubai - United Arab Emirates",+971 50 476 8198
2082,,,,,,,,
2083,,,,,,,,
2084,,,,,,,,
2085,,,,,,,,
2086,,,,,,,,
2087,phone,ibn-sina-34-pharmacy-br-of-ibn-sina-group-pharmacies-l-l-c-dubai,Ibn Sina 34 Pharmacy,https://www.zavis.ai/directory/dubai/pharmacy/ibn-sina-34-pharmacy-br-of-ibn-sina-group-pharmacies-l-l-c-dubai,Dubai,pharmacy,"Azizi Plaza Furjan, Al Asayel Street, JABAL ALI FIRST, Dubai",+971 4 575 1686
2088,phone,binsina-51-pharmacy-dubai,Binsina 51 Pharmacy,https://www.zavis.ai/directory/dubai/pharmacy/binsina-51-pharmacy-dubai,Dubai,pharmacy,The Pavilion - Street 7 - Jebel Ali Village - Discovery Gardens - Dubai - United Arab Emirates,+971 4 385 4224
2089,phone,ibn-sina-75-pharmacy-br-of-ibn-sina-group-pharmacies-l-l-c-dubai,Ibn Sina 75 Pharmacy,https://www.zavis.ai/directory/dubai/pharmacy/ibn-sina-75-pharmacy-br-of-ibn-sina-group-pharmacies-l-l-c-dubai,Dubai,pharmacy,"North East Entrance, City Centre - Ground Floor - next to Centerpoint - Mirdif - Dubai - United Arab Emirates",+971 4 392 3570
2090,phone,ibn-sina-39-pharmacy-dubai,Ibn Sina 39 Pharmacy,https://www.zavis.ai/directory/dubai/pharmacy/ibn-sina-39-pharmacy-dubai,Dubai,pharmacy,2 8A St - Al Karama - Dubai - United Arab Emirates,+971 4 832 7246
2091,phone,ibn-sina-29-pharmacy-dubai,Ibn Sina 29 Pharmacy,https://www.zavis.ai/directory/dubai/pharmacy/ibn-sina-29-pharmacy-dubai,Dubai,pharmacy,"Second Floor, Dubai Mall - Financial Ctr St - Burj Khalifa - Downtown Dubai - Dubai - United Arab Emirates",+971 4 325 3410
2092,phone,ibn-sina-41-pharmacy-br-of-ibn-sina-group-pharmacies-llc-dubai,Ibn Sina 41 Pharmacy,https://www.zavis.ai/directory/dubai/pharmacy/ibn-sina-41-pharmacy-br-of-ibn-sina-group-pharmacies-llc-dubai,Dubai,pharmacy,Meydan Heights Retail Centre - Heights - Nad Al Sheba 1 - Dubai - United Arab Emirates,+971 4 327 1417
2093,,,,,,,,
2094,,,,,,,,
2095,,,,,,,,
2096,,,,,,,,
2097,,,,,,,,
2098,,,,,,,,
2099,,,,,,,,
2100,phone,bin-sina-54-pharmacy-dubai,Bin Sina 54 Pharmacy,https://www.zavis.ai/directory/dubai/pharmacy/bin-sina-54-pharmacy-dubai,Dubai,pharmacy,First Floor - Sheikh Zayed Rd - Emirates Towers - Dubai - United Arab Emirates,+971 4 352 3073
2101,,,,,,,,
2102,,,,,,,,
2103,,,,,,,,
2104,,,,,,,,
2105,,,,,,,,
2106,,,,,,,,
2107,,,,,,,,
2108,,,,,,,,
2109,,,,,,,,
2110,phone,ibn-sina-64-pharmacy-br-of-ibn-sina-group-pharmacies-l-l-c-dubai,Ibn Sina 64 Pharmacy,https://www.zavis.ai/directory/dubai/pharmacy/ibn-sina-64-pharmacy-br-of-ibn-sina-group-pharmacies-l-l-c-dubai,Dubai,pharmacy,36X2+P5C Galleria Mall - 37 23rd St - Al Barsha Second - Al Barsha - Dubai - United Arab Emirates,+971 4 320 5132
2111,,,,,,,,
2112,phone,ibn-sina-67-pharmacy-br-of-ibn-sina-group-pharmacies-l-l-c-dubai,Ibn Sina 67 Pharmacy,https://www.zavis.ai/directory/dubai/pharmacy/ibn-sina-67-pharmacy-br-of-ibn-sina-group-pharmacies-l-l-c-dubai,Dubai,pharmacy,Al Khail Rd - Hadaeq Sheikh Mohammed Bin Rashid - Dubai - United Arab Emirates,+971 4 320 0253
2113,phone,ibn-sina-68-pharmacy-br-of-ibn-sina-group-pharmacies-l-l-c-dubai,Ibn Sina 68 Pharmacy,https://www.zavis.ai/directory/dubai/pharmacy/ibn-sina-68-pharmacy-br-of-ibn-sina-group-pharmacies-l-l-c-dubai,Dubai,pharmacy,777 CENTER MALL - Jumeirah - Jumeira Third - Dubai - United Arab Emirates,+971 4 887 0244
2114,,,,,,,,
2115,,,,,,,,
2116,,,,,,,,
2117,,,,,,,,
2118,,,,,,,,
2119,,,,,,,,
2120,,,,,,,,
2121,,,,,,,,
2122,,,,,,,,
2123,,,,,,,,
2124,,,,,,,,
2125,,,,,,,,
2126,,,,,,,,
2127,phone,ibn-sina-83-pharmacy-br-of-ibn-sina-group-pharmacies-l-l-c-dubai,Ibn Sina 83 Pharmacy,https://www.zavis.ai/directory/dubai/pharmacy/ibn-sina-83-pharmacy-br-of-ibn-sina-group-pharmacies-l-l-c-dubai,Dubai,pharmacy,East - Crescent Road - The Palm Jumeirah - Dubai - United Arab Emirates,+971 4 244 5750
2128,,,,,,,,
2129,phone,ibn-sina-86-pharmacy-br-of-ibn-sina-group-pharmacies-l-l-c-dubai,Ibn Sina 86 Pharmacy,https://www.zavis.ai/directory/dubai/pharmacy/ibn-sina-86-pharmacy-br-of-ibn-sina-group-pharmacies-l-l-c-dubai,Dubai,pharmacy,684V+QM5 - Al Kheeran First - Dubai Creek Harbour - Dubai - United Arab Emirates,+971 4 357 4389
2130,,,,,,,,
2131,,,,,,,,
2132,,,,,,,,
2133,,,,,,,,
2134,phone,ibn-sina-92-pharmacy-br-of-ibn-sina-group-pharmacies-l-l-c-dubai,Ibn Sina 92 Pharmacy,https://www.zavis.ai/directory/dubai/pharmacy/ibn-sina-92-pharmacy-br-of-ibn-sina-group-pharmacies-l-l-c-dubai,Dubai,pharmacy,Al Moosa Tower 2 - 12(B) floor Sheikh Zayed Rd - Trade Center First - Dubai - United Arab Emirates,+971 4 250 6121
2135,,,,,,,,
2136,,,,,,,,
2137,phone,ibn-sina-95-pharmacy-br-of-ibn-sina-group-pharmacies-l-l-c-dubai,Ibn Sina 95 Pharmacy,https://www.zavis.ai/directory/dubai/pharmacy/ibn-sina-95-pharmacy-br-of-ibn-sina-group-pharmacies-l-l-c-dubai,Dubai,pharmacy,Souq Extra Mall - Nadd Hessa - Dubai Silicon Oasis - Dubai - United Arab Emirates,+971 4 320 1644
2138,,,,,,,,
2139,,,,,,,,
2140,phone,ibn-sina-98-pharmacy-br-of-ibn-sina-group-pharmacies-l-l-c-dubai,Ibn Sina 98 Pharmacy,https://www.zavis.ai/directory/dubai/pharmacy/ibn-sina-98-pharmacy-br-of-ibn-sina-group-pharmacies-l-l-c-dubai,Dubai,pharmacy,"Festival City, Dubai Festival City 1ST Floor, Shop AT030 - Dubai Festival City - Al Kheeran - Dubai Festival City - Dubai - United Arab Emirates",+971 4 232 5234
2141,,,,,,,,
2142,,,,,,,,
2143,,,,,,,,
2144,,,,,,,,
2145,,,,,,,,
2146,name,ibn-sina-pharmacy-66-dubai,Ibn Sina Pharmacy 66,https://www.zavis.ai/directory/dubai/pharmacy/ibn-sina-pharmacy-66-dubai,Dubai,pharmacy,"Ground, Ibn Battuta Gate - Jebel Ali Village - Dubai - United Arab Emirates",+971 4 329 5057
2147,,,,,,,,
2148,,,,,,,,
2149,phone,modern-ibn-sina-pharmacy-dubai,Modern Ibn Sina Pharmacy,https://www.zavis.ai/directory/dubai/pharmacy/modern-ibn-sina-pharmacy-dubai,Dubai,pharmacy,Al Diyafah Street - Al Hudaiba - Dubai - United Arab Emirates,+971 4 398 6026
2150,phone,new-ibn-sina-pharmacy-deira-city-center-dubai,New Ibn Sina Pharmacy-Deira City Center,https://www.zavis.ai/directory/dubai/pharmacy/new-ibn-sina-pharmacy-deira-city-center-dubai,Dubai,pharmacy,"Deira City Centre, Port Saeed, Port Saeed, Dubai",+971 4 295 4367
2151,,,,,,,,
2152,phone,eve-medical-centre-fujairah-fujairah,Eve Medical Centre Fujairah,https://www.zavis.ai/directory/fujairah/clinics/eve-medical-centre-fujairah-fujairah,Fujairah,clinics,Al Faseel Rd(E99) - beside Fujairah Youth Hostel - Al Faseel - Fujairah - United Arab Emirates,+971 9 228 7982
2153,,,,,,,,
2154,,,,,,,,
2155,,,,,,,,
2156,,,,,,,,
2157,,,,,,,,
2158,,,,,,,,
2159,,,,,,,,
2160,,,,,,,,
2161,name,al-hayl-medical-centre-fujairah,AL Hayl Medical Centre,https://www.zavis.ai/directory/fujairah/clinics/al-hayl-medical-centre-fujairah,Fujairah,clinics,Al Hail - Fujairah - United Arab Emirates,+971 9 222 1920
2162,name,al-sharq-hospital-dibba-fujairah,AL Sharq Hospital - Dibba,https://www.zavis.ai/directory/fujairah/hospitals/al-sharq-hospital-dibba-fujairah,Fujairah,hospitals,H7H4+2G6 - Al Nahdah - Fujairah - United Arab Emirates,+971 800 959
2163,phone,emirates-pharmacy-fujairah,Emirates Pharmacy,https://www.zavis.ai/directory/fujairah/pharmacy/emirates-pharmacy-fujairah,Fujairah,pharmacy,Dibba Al-Fujairah - Al Muhallab - Fujairah - United Arab Emirates,+971 9 244 4022
2164,phone,aster-pharmacy-8-fujairah,Aster Pharmacy 8,https://www.zavis.ai/directory/fujairah/pharmacy/aster-pharmacy-8-fujairah,Fujairah,pharmacy,Rugaylat Rd Century mall - الفصيل - الفجيرة - United Arab Emirates,+971 9 223 0701
2165,,,,,,,,
2166,,,,,,,,
2167,,,,,,,,
2168,,,,,,,,
2169,,,,,,,,
2170,name,al-sharq-hospital-dibba-pharmacy-fujairah,Al Sharq Hospital - Dibba Pharmacy,https://www.zavis.ai/directory/fujairah/pharmacy/al-sharq-hospital-dibba-pharmacy-fujairah,Fujairah,pharmacy,H7H4+2G6 - Al Nahdah - Fujairah - United Arab Emirates,+971 800 959
2171,,,,,,,,
2172,,,,,,,,
2173,,,,,,,,
2174,,,,,,,,
2175,,,,,,,,
2176,,,,,,,,
2177,,,,,,,,
2178,,,,,,,,
2179,,,,,,,,
2180,,,,,,,,
2181,,,,,,,,
2182,,,,,,,,
2183,phone,al-hilal-pharmacy-fujairah,AL Hilal Pharmacy,https://www.zavis.ai/directory/fujairah/pharmacy/al-hilal-pharmacy-fujairah,Fujairah,pharmacy,79C6+3C2 - Mirbih - Fujairah - United Arab Emirates,+971 9 238 0087
2184,,,,,,,,
2185,,,,,,,,
2186,,,,,,,,
2187,phone,city-pharmacy-fujairah,City Pharmacy,https://www.zavis.ai/directory/fujairah/pharmacy/city-pharmacy-fujairah,Fujairah,pharmacy,City Center Fujairah - Al Hlaifat - Fujairah - United Arab Emirates,+971 9 223 6647
2188,name,al-hudaibah-general-clinic-llc-ras-al-khaimah,AL Hudaibah General Clinic,https://www.zavis.ai/directory/ras-al-khaimah/clinics/al-hudaibah-general-clinic-llc-ras-al-khaimah,Ras Al Khaimah,clinics,QXXF+4W2 - Sheikh Saqr Bin Mohammed Al Qassimi Road (E 18 Road) - Al Hudeeba - Ras Al-Khaimah - United Arab Emirates,+971 7 222 2188
2189,,,,,,,,
2190,,,,,,,,
2191,,,,,,,,
2192,,,,,,,,
2193,,,,,,,,
2194,name,alnebras-medical-center-llc-branch-1-ras-al-khaimah,Alnebras Medical Center,https://www.zavis.ai/directory/ras-al-khaimah/clinics/alnebras-medical-center-llc-branch-1-ras-al-khaimah,Ras Al Khaimah,clinics,"Opposite ADIB Bank, Mezzanine floor, Golf Tower2 - Al Muntasir Rd - Al Juwais - Ras Al Khaimah - United Arab Emirates",+971 7 227 7007
2195,,,,,,,,
2196,name,care-and-cure-medical-and-dental-center-ras-al-khaimah,Care And Cure Medical And Dental Center,https://www.zavis.ai/directory/ras-al-khaimah/dental/care-and-cure-medical-and-dental-center-ras-al-khaimah,Ras Al Khaimah,dental,Al Darbhaneyah St - Al Mamourah - Ras Al Khaimah - United Arab Emirates,+971 7 226 0127
2197,,,,,,,,
2198,,,,,,,,
2199,,,,,,,,
2200,phone,cedar-medical-center-ras-al-khaimah,Cedar Medical Center,https://www.zavis.ai/directory/ras-al-khaimah/clinics/cedar-medical-center-ras-al-khaimah,Ras Al Khaimah,clinics,villa no 4 Khuzam St - Sheikh Saqr City - Ras Al Khaimah - United Arab Emirates,+971 7 258 6833
2201,phone,al-rahmaniah-medical-center-ras-al-khaimah,AL Rahmaniah Medical Center,https://www.zavis.ai/directory/ras-al-khaimah/clinics/al-rahmaniah-medical-center-ras-al-khaimah,Ras Al Khaimah,clinics,Abu Amr Al Basri St - Al Rahmania Suburb - Kshishah 6 - Sharjah - United Arab Emirates,+971 56 442 9760
2202,,,,,,,,
2203,,,,,,,,
2204,phone,alfarabi-specalized-clnic-ras-al-khaimah,Alfarabi Specalized Clnic,https://www.zavis.ai/directory/ras-al-khaimah/clinics/alfarabi-specalized-clnic-ras-al-khaimah,Ras Al Khaimah,clinics,Al Muntasir Rd - above Dubai islamic Bank Building - Al Nakheel - Ras Al Khaimah - United Arab Emirates,+971 7 227 6699
2205,,,,,,,,
2206,,,,,,,,
2207,,,,,,,,
2208,phone,al-salama-pharmacy-ras-al-khaimah,AL Salama Pharmacy,https://www.zavis.ai/directory/ras-al-khaimah/pharmacy/al-salama-pharmacy-ras-al-khaimah,Ras Al Khaimah,pharmacy,QXXF+4V3 - E11 - Al Hudeeba - E11 North - Ras Al Khaimah - United Arab Emirates,+971 7 221 7989
2209,name,central-pharmacy-ras-al-khaimah,Central Pharmacy,https://www.zavis.ai/directory/ras-al-khaimah/pharmacy/central-pharmacy-ras-al-khaimah,Ras Al Khaimah,pharmacy,MX68+JGQ - شارع المطار - Al Digdaga - Ras Al Khaimah - United Arab Emirates,
2210,,,,,,,,
2211,,,,,,,,
2212,,,,,,,,
2213,,,,,,,,
2214,,,,,,,,
2215,,,,,,,,
2216,phone,al-lulu-rak-pharmacy-l-l-c-ras-al-khaimah,AL Lulu Rak Pharmacy,https://www.zavis.ai/directory/ras-al-khaimah/pharmacy/al-lulu-rak-pharmacy-l-l-c-ras-al-khaimah,Ras Al Khaimah,pharmacy,Khuzam St - Al Qurum - Ras Al Khaimah - United Arab Emirates,+971 7 226 4393
2217,,,,,,,,
2218,,,,,,,,
2219,name,care-and-cure-pharmacy-ras-al-khaimah,Care And Cure Pharmacy,https://www.zavis.ai/directory/ras-al-khaimah/pharmacy/care-and-cure-pharmacy-ras-al-khaimah,Ras Al Khaimah,pharmacy,Al Darbhaneyah St - Al Mamourah - Ras Al Khaimah - United Arab Emirates,+971 7 226 0127
2220,name,emirates-dubai-pharmacy-l-l-c-rak-branch-ras-al-khaimah,Emirates Dubai Pharmacy L L C Rak,https://www.zavis.ai/directory/ras-al-khaimah/pharmacy/emirates-dubai-pharmacy-l-l-c-rak-branch-ras-al-khaimah,Ras Al Khaimah,pharmacy,Al Hisn Rd - Dafan Al Nakheel - Ras Al-Khaimah - United Arab Emirates,+971 7 203 1234
2221,phone,al-rahmaniah-medical-center-ras-al-khaimah,AL Rahmaniah Medical Center,https://www.zavis.ai/directory/ras-al-khaimah/clinics/al-rahmaniah-medical-center-ras-al-khaimah,Ras Al Khaimah,clinics,Abu Amr Al Basri St - Al Rahmania Suburb - Kshishah 6 - Sharjah - United Arab Emirates,+971 56 442 9760
2222,,,,,,,,
2223,,,,,,,,
2224,,,,,,,,
2225,,,,,,,,
2226,,,,,,,,
2227,,,,,,,,
2228,,,,,,,,
2229,,,,,,,,
2230,,,,,,,,
2231,phone,al-dunia-medical-center-sharjah,AL Dunia Medical Center,https://www.zavis.ai/directory/sharjah/clinics/al-dunia-medical-center-sharjah,Sharjah,clinics,Muwaileh Commercial - Industrial Area - Sharjah - United Arab Emirates,+971 6 554 6644
2232,phone,al-nahda-medical-center-sharjah,AL Nahda Medical Center,https://www.zavis.ai/directory/sharjah/clinics/al-nahda-medical-center-sharjah,Sharjah,clinics,Bukhara St - Hay Al Nahda - Sharjah - United Arab Emirates,+971 6 538 4466
2233,name,al-rabee-medical-center-sharjah,AL Rabee Medical Center,https://www.zavis.ai/directory/sharjah/clinics/al-rabee-medical-center-sharjah,Sharjah,clinics,Al Khan Street - Opposite to Sharjah College - الصناعيات - المنطقة الصناعية - الشارقة - United Arab Emirates,+971 6 539 1222
2234,,,,,,,,
2235,,,,,,,,
2236,,,,,,,,
2237,,,,,,,,
2238,name,dooa-medical-clinic-sharjah,Dooa Medical Clinic,https://www.zavis.ai/directory/sharjah/clinics/dooa-medical-clinic-sharjah,Sharjah,clinics,Hamriya Free Zone - Sharjah - United Arab Emirates,+971 6 526 0188
2239,,,,,,,,
2240,,,,,,,,
2241,,,,,,,,
2242,,,,,,,,
2243,,,,,,,,
2244,phone,alnoor-alnahda-poly-clinic-l-l-c-sharjah,Alnoor Alnahda Poly Clinic,https://www.zavis.ai/directory/sharjah/clinics/alnoor-alnahda-poly-clinic-l-l-c-sharjah,Sharjah,clinics,Tiger Building - Ground floor - Al Nahda St - near Quick Supermarket - Hay Al Nahda - Al Qadisiya - Sharjah - United Arab Emirates,+971 6 537 6969
2245,phone,al-shifa-al-khaleeji-medical-centre-sharjah,AL Shifa AL Khaleeji Medical Centre,https://www.zavis.ai/directory/sharjah/clinics/al-shifa-al-khaleeji-medical-centre-sharjah,Sharjah,clinics,Caterpillar Road - Second Industrial St - Industrial Area 2 - Industrial Area - Sharjah - United Arab Emirates,+971 6 532 8558
2246,phone,al-furqan-medical-centre-llc-sharjah,AL Furqan Medical Centre,https://www.zavis.ai/directory/sharjah/clinics/al-furqan-medical-centre-llc-sharjah,Sharjah,clinics,"Office 106, 1st Floor, Salim Saeed Omair Al Jabri Building - الصناعية - 11 - المنطقة الصناعية - إمارة الشارقةّ - United Arab Emirates",+971 6 535 3868
2247,phone,al-shams-al-jadeed-medical-centre-sharjah,AL Shams AL Jadeed Medical Centre,https://www.zavis.ai/directory/sharjah/clinics/al-shams-al-jadeed-medical-centre-sharjah,Sharjah,clinics,Industrial Areas - Industrial Area - Sharjah - United Arab Emirates,+971 6 539 7539
2248,phone,al-shams-medical-centre-sharjah,AL Shams Medical Centre,https://www.zavis.ai/directory/sharjah/clinics/al-shams-medical-centre-sharjah,Sharjah,clinics,Maleha St - Industrial Area 15 - Industrial Area - Sharjah - United Arab Emirates,+971 6 542 4255
2249,,,,,,,,
2250,,,,,,,,
2251,,,,,,,,
2252,phone,al-mahbah-clinic-sharjah,AL Mahbah Clinic,https://www.zavis.ai/directory/sharjah/clinics/al-mahbah-clinic-sharjah,Sharjah,clinics,Sharjah,+971 50 877 5876
2253,phone,al-taj-al-fadhi-clinic-sharjah,AL Taj AL Fadhi Clinic,https://www.zavis.ai/directory/sharjah/clinics/al-taj-al-fadhi-clinic-sharjah,Sharjah,clinics,Shop 13-15 - Building No 13 Fourth Industrial St - Industrial Area 11 - Industrial Area - Sharjah - United Arab Emirates,+971 6 704 4671
2254,,,,,,,,
2255,,,,,,,,
2256,,,,,,,,
2257,name,al-arif-medical-centre-l-l-c-sharjah,AL Arif Medical Centre,https://www.zavis.ai/directory/sharjah/clinics/al-arif-medical-centre-l-l-c-sharjah,Sharjah,clinics,"Al Yarmook Tiger Building, Block A - near Enoc Petrol Pumb - حي النهدة - القصيص منطقة صناعية - الشارقة - United Arab Emirates",+971 50 882 1672
2258,,,,,,,,
2259,,,,,,,,
2260,,,,,,,,
2261,,,,,,,,
2262,,,,,,,,
2263,phone,dr-tasnim-alansaari-specialist-medical-center-l-l-c-sharjah,Dr.tasnim Alansaari Specialist Medical Center,https://www.zavis.ai/directory/sharjah/clinics/dr-tasnim-alansaari-specialist-medical-center-l-l-c-sharjah,Sharjah,clinics,8CQG+3W7 - Wasit St - Al Shahba - Mughaider Suburb - Sharjah - United Arab Emirates,+971 6 558 3351
2264,phone,al-nebras-medical-center-llc-shj-br-sharjah,AL Nebras Medical Center,https://www.zavis.ai/directory/sharjah/clinics/al-nebras-medical-center-llc-shj-br-sharjah,Sharjah,clinics,City Center - Muwaileh Commercial - Al Zahia - Sharjah - United Arab Emirates,+971 6 553 2400
2265,name,al-sanabil-medical-centre-sharjah,AL Sanabil Medical Centre,https://www.zavis.ai/directory/sharjah/clinics/al-sanabil-medical-centre-sharjah,Sharjah,clinics,buhaira corniche، Golden Tower - Al Majaz District - Al Majaz - Sharjah - United Arab Emirates,+971 56 450 3191
2266,name,ebn-hayan-medical-center-sharjah,Ebn Hayan Medical Center,https://www.zavis.ai/directory/sharjah/clinics/ebn-hayan-medical-center-sharjah,Sharjah,clinics,"Buhairah Cournich - Tower, Sarh Al Emarat - 3 floor 3 St - ضاحيةالمجاز - المجاز - الشارقة - United Arab Emirates",+971 600 547772
2267,,,,,,,,
2268,,,,,,,,
2269,,,,,,,,
2270,,,,,,,,
2271,,,,,,,,
2272,,,,,,,,
2273,,,,,,,,
2274,,,,,,,,
2275,name,al-saha-wa-al-shifaa-hospital-for-one-day-surgery-sharjah,AL Saha WA AL Shifaa Hospital For One Day Surgery,https://www.zavis.ai/directory/sharjah/clinics/al-saha-wa-al-shifaa-hospital-for-one-day-surgery-sharjah,Sharjah,clinics,"Office # 307, 3rd Floor, Rolla Mall - Al Ghuwair - Hay Al Gharb - Sharjah - United Arab Emirates",+971 6 563 2618
2276,name,dr-sai-ganesh-pillai-medical-centre-sharjah,Dr.sai Ganesh Pillai Medical Centre,https://www.zavis.ai/directory/sharjah/clinics/dr-sai-ganesh-pillai-medical-centre-sharjah,Sharjah,clinics,Bank Saderat Iran Building - Suite 203 - Al Arouba St - Al Shiokh - Hay Al Gharb - Sharjah - United Arab Emirates,+971 6 568 7831
2277,,,,,,,,
2278,name,class-medical-centre-sharjah,Class Medical Centre,https://www.zavis.ai/directory/sharjah/clinics/class-medical-centre-sharjah,Sharjah,clinics,Arabian Gulf St - Al Majarra - Al Nabba - Sharjah - United Arab Emirates,+971 6 565 2332
2279,,,,,,,,
2280,phone,al-reem-specialists-medical-centre-sharjah,AL Reem Specialists Medical Centre,https://www.zavis.ai/directory/sharjah/clinics/al-reem-specialists-medical-centre-sharjah,Sharjah,clinics,"1st Floor, Al Ahalia Exchange Bldg. Rolla Square, Rolla - Al Ghuwair - Hay Al Gharb - Sharjah - United Arab Emirates",+971 6 562 0831
2281,,,,,,,,
2282,,,,,,,,
2283,,,,,,,,
2284,,,,,,,,
2285,,,,,,,,
2286,,,,,,,,
2287,,,,,,,,
2288,,,,,,,,
2289,,,,,,,,
2290,,,,,,,,
2291,,,,,,,,
2292,,,,,,,,
2293,,,,,,,,
2294,,,,,,,,
2295,,,,,,,,
2296,,,,,,,,
2297,,,,,,,,
2298,,,,,,,,
2299,,,,,,,,
2300,,,,,,,,
2301,name,al-itekal-pharmacy-l-l-c-sharjah,AL Itekal Pharmacy,https://www.zavis.ai/directory/sharjah/pharmacy/al-itekal-pharmacy-l-l-c-sharjah,Sharjah,pharmacy,AL SALAM TOWER - بوشغارة - حي القاسمية - الشارقة - United Arab Emirates,+971 6 553 1141
2302,,,,,,,,
2303,,,,,,,,
2304,,,,,,,,
2305,phone,al-mawadah-pharmacy-sharjah,AL Mawadah Pharmacy,https://www.zavis.ai/directory/sharjah/pharmacy/al-mawadah-pharmacy-sharjah,Sharjah,pharmacy,Immigration Road - Al Qassimia Area - Hay Al Qasimiah - Sharjah - United Arab Emirates,+971 6 574 4878
2306,,,,,,,,
2307,,,,,,,,
2308,,,,,,,,
2309,phone,al-manarah-pharmacy-sharjah,AL Manarah Pharmacy,https://www.zavis.ai/directory/sharjah/pharmacy/al-manarah-pharmacy-sharjah,Sharjah,pharmacy,Al Taawun St - Taawun Area - Sharjah - United Arab Emirates,+971 6 577 4665
2310,phone,al-shualla-pharmacy-sharjah,AL Shualla Pharmacy,https://www.zavis.ai/directory/sharjah/pharmacy/al-shualla-pharmacy-sharjah,Sharjah,pharmacy,Al Ittihad Road Dubai - Sharjah Rd - Industrial Areas - Industrial Area - Sharjah - United Arab Emirates,+971 6 531 3648
2311,phone,aster-pharmacy-121-sharjah,Aster Pharmacy 121,https://www.zavis.ai/directory/sharjah/pharmacy/aster-pharmacy-121-sharjah,Sharjah,pharmacy,"Ground Floor, Bawazir Building - opposite to Sahara Centre - Hay Al Nahda - Sharjah - United Arab Emirates",+971 6 554 4504
2312,phone,al-shifa-al-uropi-pharmacy-llc-sharjah,AL Shifa AL Uropi Pharmacy,https://www.zavis.ai/directory/sharjah/pharmacy/al-shifa-al-uropi-pharmacy-llc-sharjah,Sharjah,pharmacy,FDH-993 - Al Nahda St - Hay Al Nahda - Al Qusais Industrial Area - Sharjah - United Arab Emirates,+971 6 539 4609
2313,name,al-qasimiah-pharmacy-l-l-c-sharjah,Al Qasimiah Pharmacy,https://www.zavis.ai/directory/sharjah/pharmacy/al-qasimiah-pharmacy-l-l-c-sharjah,Sharjah,pharmacy,"Shop No. 4, Qasr Al Amal Bldg - Entifada St - Al Majaz 2 - Al Majaz - Sharjah - United Arab Emirates",+971 6 531 0188
2314,phone,bab-al-qassimiah-pharmacy-llc-sharjah,Bab AL Qassimiah Pharmacy,https://www.zavis.ai/directory/sharjah/pharmacy/bab-al-qassimiah-pharmacy-llc-sharjah,Sharjah,pharmacy,Al Nad - Hay Al Qasimiah - Sharjah - United Arab Emirates,+971 6 522 1707
2315,,,,,,,,
2316,,,,,,,,
2317,,,,,,,,
2318,,,,,,,,
2319,,,,,,,,
2320,phone,al-rafeah-pharmacy-llc-sharjah,AL Rafeah Pharmacy,https://www.zavis.ai/directory/sharjah/pharmacy/al-rafeah-pharmacy-llc-sharjah,Sharjah,pharmacy,7PHP+V8C - Al Rafea - Sharjah - United Arab Emirates,+971 6 534 1441
2321,phone,al-barakah-medical-clinic-sharjah,AL Barakah Medical Clinic,https://www.zavis.ai/directory/sharjah/clinics/al-barakah-medical-clinic-sharjah,Sharjah,clinics,Sharjah - Industrial Areas - Industrial Area - Sharjah - United Arab Emirates,+971 6 543 1763
2322,phone,al-inaya-al-mutaqadimah-pharmacy-l-l-c-sharjah,AL Inaya AL Mutaqadimah Pharmacy,https://www.zavis.ai/directory/sharjah/pharmacy/al-inaya-al-mutaqadimah-pharmacy-l-l-c-sharjah,Sharjah,pharmacy,Al Reem 1 - Muwaileh Commercial - Industrial Area - Sharjah - United Arab Emirates,+971 6 534 5663
2323,,,,,,,,
2324,name,bait-al-dawaa-pharmacy-sharjah,Bait AL Dawaa Pharmacy,https://www.zavis.ai/directory/sharjah/pharmacy/bait-al-dawaa-pharmacy-sharjah,Sharjah,pharmacy,Al Khan - Sharjah - United Arab Emirates,+971 50 273 3231
2325,,,,,,,,
2326,phone,guardian-pharmacy-llc-sharjah,Guardian Pharmacy,https://www.zavis.ai/directory/sharjah/pharmacy/guardian-pharmacy-llc-sharjah,Sharjah,pharmacy,8f32+f46 near Safari Mall - Muwaileh Commercial - Industrial Area - Sharjah - United Arab Emirates,+971 58 565 1880
2327,,,,,,,,
2328,,,,,,,,
2329,phone,al-reef-pharmacy-sharjah,AL Reef Pharmacy,https://www.zavis.ai/directory/sharjah/pharmacy/al-reef-pharmacy-sharjah,Sharjah,pharmacy,899X+JJ5 - Street # 68 - Industrial Areas - Industrial Area - Sharjah - United Arab Emirates,+971 6 533 0212
2330,,,,,,,,
2331,phone,al-dhafrah-pharmacy-sharjah,AL Dhafrah Pharmacy,https://www.zavis.ai/directory/sharjah/pharmacy/al-dhafrah-pharmacy-sharjah,Sharjah,pharmacy,Ground Floor، Al-Noor Building - 8 St - Al Majaz District - Al Majaz - Sharjah - United Arab Emirates,+971 6 555 2277
2332,,,,,,,,
2333,,,,,,,,
2334,,,,,,,,
2335,,,,,,,,
2336,,,,,,,,
2337,,,,,,,,
2338,,,,,,,,
2339,,,,,,,,
2340,,,,,,,,
2341,,,,,,,,
2342,phone,duaa-pharmacy-llc-sharjah,Duaa Pharmacy,https://www.zavis.ai/directory/sharjah/pharmacy/duaa-pharmacy-llc-sharjah,Sharjah,pharmacy,7VQH+VQG - Al Hosn 1 - Sharjah - United Arab Emirates,+971 6 882 2525
2343,phone,dr-tasnim-alansaari-specialist-medical-center-l-l-c-sharjah,Dr.tasnim Alansaari Specialist Medical Center,https://www.zavis.ai/directory/sharjah/clinics/dr-tasnim-alansaari-specialist-medical-center-l-l-c-sharjah,Sharjah,clinics,8CQG+3W7 - Wasit St - Al Shahba - Mughaider Suburb - Sharjah - United Arab Emirates,+971 6 558 3351
2344,,,,,,,,
2345,,,,,,,,
2346,,,,,,,,
2347,phone,al-rawaa-pharmacy-l-l-c-branch-1-sharjah,Al Rawaa Pharmacy,https://www.zavis.ai/directory/sharjah/pharmacy/al-rawaa-pharmacy-l-l-c-branch-1-sharjah,Sharjah,pharmacy,994Q+9HV - Al Rolla St - Al Ghuwair - Hay Al Gharb - Sharjah - United Arab Emirates,+971 6 579 3911
2348,,,,,,,,
2349,,,,,,,,
2350,,,,,,,,
2351,,,,,,,,
2352,,,,,,,,
2353,name,bab-al-rolah-pharmacy-sharjah,Bab AL Rolah Pharmacy,https://www.zavis.ai/directory/sharjah/pharmacy/bab-al-rolah-pharmacy-sharjah,Sharjah,pharmacy,Arabian Gulf St - Al Shuwaiheen - Hay Al Gharb - Sharjah - United Arab Emirates,+971 6 521 7626
2354,,,,,,,,
2355,,,,,,,,
2356,,,,,,,,
2357,,,,,,,,
2358,,,,,,,,
2359,,,,,,,,
2360,,,,,,,,
2361,,,,,,,,
2362,,,,,,,,
2363,,,,,,,,
2364,,,,,,,,
2365,,,,,,,,
2366,,,,,,,,
2367,,,,,,,,
2368,,,,,,,,
2369,phone,al-courniche-pharmacy-sharjah,Al Courniche Pharmacy,https://www.zavis.ai/directory/sharjah/pharmacy/al-courniche-pharmacy-sharjah,Sharjah,pharmacy,"Corniche Plaza 2, 61134 - Corniche St - Al Majaz 1 - Al Majaz - Sharjah - United Arab Emirates",+971 6 572 6885
2370,,,,,,,,
2371,,,,,,,,
2372,,,,,,,,
2373,,,,,,,,
2374,,,,,,,,
2375,,,,,,,,
2376,name,care-for-you-medical-centre-umm-al-quwain,Care For You Medical Centre,https://www.zavis.ai/directory/umm-al-quwain/clinics/care-for-you-medical-centre-umm-al-quwain,Umm Al Quwain,clinics,"Ground Floor, Mall of 29 - Green Belt - Emirate of Umm Al Quwain - United Arab Emirates",+971 52 889 9307
2377,phone,al-shifa-medical-center-umm-al-quwain,AL Shifa Medical Center,https://www.zavis.ai/directory/umm-al-quwain/clinics/al-shifa-medical-center-umm-al-quwain,Umm Al Quwain,clinics,Al Muqta - Al Muqta 1 - Emirate of Umm Al Quwain - United Arab Emirates,+971 6 525 8185
2378,,,,,,,,
2379,,,,,,,,
2380,,,,,,,,
2381,,,,,,,,
2382,,,,,,,,
2383,phone,dr-sunny-medical-centre-l-l-c-umm-al-quwain,DR. Sunny Medical Centre,https://www.zavis.ai/directory/umm-al-quwain/clinics/dr-sunny-medical-centre-l-l-c-umm-al-quwain,Umm Al Quwain,clinics,King Faisal St - Al Muqta - Al MuqtaAl Muqta 1 - Emirate of Umm Al Quwain - United Arab Emirates,+971 6 543 3746
2384,phone,al-reem-pharmacy-l-l-c-umm-al-quwain,AL Reem Pharmacy,https://www.zavis.ai/directory/umm-al-quwain/pharmacy/al-reem-pharmacy-l-l-c-umm-al-quwain,Umm Al Quwain,pharmacy,King Faisal St - near nesto Hypermarket - Al Muqta - Al Muqta 1 - Emirate of Umm Al Quwain - United Arab Emirates,+971 6 769 0400
2385,,,,,,,,
2386,,,,,,,,
2387,,,,,,,,
2388,,,,,,,,
2389,,,,,,,,
2390,,,,,,,,
