name,city,description,employees,url
360 Medical Center,Dubai,360 Medical Center employs 21 UAE-licensed (Dubai) healthcare professionals in Dubai.,21,https://www.zavis.ai/professionals/facility/360-medical-center
800 Caregiver Home Health Care Center,Dubai,800 Caregiver Home Health Care Center employs 31 UAE-licensed (Dubai) healthcare professionals in Dubai.,31,https://www.zavis.ai/professionals/facility/800-caregiver-home-health-care-center
Abeer Al Noor Poly Clinic,Dubai,Abeer Al Noor Poly Clinic employs 52 UAE-licensed (Dubai) healthcare professionals in Dubai.,52,https://www.zavis.ai/professionals/facility/abeer-al-noor-poly-clinic
Abris Medical Centre,Dubai,Abris Medical Centre employs 29 UAE-licensed (Dubai) healthcare professionals in Dubai.,29,https://www.zavis.ai/professionals/facility/abris-medical-centre
Access Clinic Dip,Dubai,Access Clinic Dip employs 21 UAE-licensed (Dubai) healthcare professionals in Dubai.,21,https://www.zavis.ai/professionals/facility/access-clinic-dipdm-healthcare
Achira Clinics,Dubai,Achira Clinics employs 29 UAE-licensed (Dubai) healthcare professionals in Dubai.,29,https://www.zavis.ai/professionals/facility/achira-clinics
Adalat Dental Holding B.V,Dubai,Adalat Dental Holding B.V employs 20 UAE-licensed (Dubai) healthcare professionals in Dubai.,20,https://www.zavis.ai/professionals/facility/adalat-dental-holding-bv-dmcc
Adam Vital Hospital,Dubai,Adam Vital Hospital employs 177 UAE-licensed (Dubai) healthcare professionals in Dubai.,177,https://www.zavis.ai/professionals/facility/adam-vital-hospital
Adria Medical Center,Dubai,Adria Medical Center employs 28 UAE-licensed (Dubai) healthcare professionals in Dubai.,28,https://www.zavis.ai/professionals/facility/adria-medical-center
Advanced Behavioural Learning Environment,Dubai,Advanced Behavioural Learning Environment employs 59 UAE-licensed (Dubai) healthcare professionals in Dubai.,59,https://www.zavis.ai/professionals/facility/advanced-behavioural-learning-environment
Advanced Care Medical Center,Dubai,Advanced Care Medical Center employs 90 UAE-licensed (Dubai) healthcare professionals in Dubai.,90,https://www.zavis.ai/professionals/facility/advanced-care-medical-center
Advanced Care Oncology Center,Dubai,Advanced Care Oncology Center employs 53 UAE-licensed (Dubai) healthcare professionals in Dubai.,53,https://www.zavis.ai/professionals/facility/advanced-care-oncology-center
Afiya Home Health Care,Dubai,Afiya Home Health Care employs 21 UAE-licensed (Dubai) healthcare professionals in Dubai.,21,https://www.zavis.ai/professionals/facility/afiya-home-health-care
Aims Health Care,Dubai,Aims Health Care employs 23 UAE-licensed (Dubai) healthcare professionals in Dubai.,23,https://www.zavis.ai/professionals/facility/aims-health-care
Airport Medical Center Concourse B - PHC,Dubai,Airport Medical Center Concourse B - PHC employs 22 UAE-licensed (Dubai) healthcare professionals in Dubai.,22,https://www.zavis.ai/professionals/facility/airport-medical-center-concourse-b-phc
Airport Medical Center Concourse D - PHC,Dubai,Airport Medical Center Concourse D - PHC employs 20 UAE-licensed (Dubai) healthcare professionals in Dubai.,20,https://www.zavis.ai/professionals/facility/airport-medical-center-concourse-d-phc
Al Azhar Clinic,Dubai,Al Azhar Clinic employs 32 UAE-licensed (Dubai) healthcare professionals in Dubai.,32,https://www.zavis.ai/professionals/facility/al-azhar-clinic
Al Badaa Medical Center - PHC,Dubai,Al Badaa Medical Center - PHC employs 224 UAE-licensed (Dubai) healthcare professionals in Dubai.,224,https://www.zavis.ai/professionals/facility/al-badaa-medical-center-phc
Al Barsha Alnoor Polyclinic,Dubai,Al Barsha Alnoor Polyclinic employs 32 UAE-licensed (Dubai) healthcare professionals in Dubai.,32,https://www.zavis.ai/professionals/facility/al-barsha-alnoor-polyclinic-l-l-c
Al Barsha Medical Center - PHC,Dubai,Al Barsha Medical Center - PHC employs 205 UAE-licensed (Dubai) healthcare professionals in Dubai.,205,https://www.zavis.ai/professionals/facility/al-barsha-medical-center-phc
Al Das Medical Clinic,Dubai,Al Das Medical Clinic employs 25 UAE-licensed (Dubai) healthcare professionals in Dubai.,25,https://www.zavis.ai/professionals/facility/al-das-medical-clinic
Al Dehyafa Specialized Orthodontic and Dental Clinic,Dubai,Al Dehyafa Specialized Orthodontic and Dental Clinic employs 32 UAE-licensed (Dubai) healthcare professionals in Dubai.,32,https://www.zavis.ai/professionals/facility/al-dehyafa-specialized-orthodontic-and-dental-clinic
Al Fadhl Home Health Care Center,Dubai,Al Fadhl Home Health Care Center employs 28 UAE-licensed (Dubai) healthcare professionals in Dubai.,28,https://www.zavis.ai/professionals/facility/al-fadhl-home-health-care-center
Al Futtaim Medical Labs,Dubai,Al Futtaim Medical Labs employs 21 UAE-licensed (Dubai) healthcare professionals in Dubai.,21,https://www.zavis.ai/professionals/facility/al-futtaim-medical-labsal-futtaim-healthcare-single-person-company
Al Garhoud Private Hospital,Dubai,Al Garhoud Private Hospital employs 416 UAE-licensed (Dubai) healthcare professionals in Dubai.,416,https://www.zavis.ai/professionals/facility/al-garhoud-private-hospital
Al Hana Modern Medical Center,Dubai,Al Hana Modern Medical Center employs 27 UAE-licensed (Dubai) healthcare professionals in Dubai.,27,https://www.zavis.ai/professionals/facility/al-hana-modern-medical-center
Al Jalila Children’s Specialty Hospital,Dubai,Al Jalila Children’s Specialty Hospital employs 988 UAE-licensed (Dubai) healthcare professionals in Dubai.,988,https://www.zavis.ai/professionals/facility/al-jalila-childrens-specialty-hospital
Al Jalila Children’s Specialty Hospital Pharmacy,Dubai,Al Jalila Children’s Specialty Hospital Pharmacy employs 25 UAE-licensed (Dubai) healthcare professionals in Dubai.,25,https://www.zavis.ai/professionals/facility/al-jalila-childrens-specialty-hospital-pharmacy
Al Karama Medical Fitness Center,Dubai,Al Karama Medical Fitness Center employs 42 UAE-licensed (Dubai) healthcare professionals in Dubai.,42,https://www.zavis.ai/professionals/facility/al-karama-medical-fitness-center
Al Khawaneej Medical Center - PHC,Dubai,Al Khawaneej Medical Center - PHC employs 62 UAE-licensed (Dubai) healthcare professionals in Dubai.,62,https://www.zavis.ai/professionals/facility/al-khawaneej-medical-center-phc
Al Lubnani Medical Center,Dubai,Al Lubnani Medical Center employs 23 UAE-licensed (Dubai) healthcare professionals in Dubai.,23,https://www.zavis.ai/professionals/facility/al-lubnani-medical-centerdubai
Al Lusaily Medical Center - PHC,Dubai,Al Lusaily Medical Center - PHC employs 25 UAE-licensed (Dubai) healthcare professionals in Dubai.,25,https://www.zavis.ai/professionals/facility/al-lusaily-medical-center-phc
Al Mamzar Medical Center - PHC,Dubai,Al Mamzar Medical Center - PHC employs 82 UAE-licensed (Dubai) healthcare professionals in Dubai.,82,https://www.zavis.ai/professionals/facility/al-mamzar-medical-center-phc
Al Mankhool Medical Center - PHC,Dubai,Al Mankhool Medical Center - PHC employs 50 UAE-licensed (Dubai) healthcare professionals in Dubai.,50,https://www.zavis.ai/professionals/facility/al-mankhool-medical-center-phc
Al Mizher Medical Center - PHC,Dubai,Al Mizher Medical Center - PHC employs 199 UAE-licensed (Dubai) healthcare professionals in Dubai.,199,https://www.zavis.ai/professionals/facility/al-mizher-medical-center-phc
Al Rafa Polyclinic-International City- Br Dm Healthcare,Dubai,Al Rafa Polyclinic-International City- Br Dm Healthcare employs 21 UAE-licensed (Dubai) healthcare professionals in Dubai.,21,https://www.zavis.ai/professionals/facility/al-rafa-polyclinic-international-city-br-dm-healthcare
Al Rashidiyah Alnoor Polyclinic,Dubai,Al Rashidiyah Alnoor Polyclinic employs 79 UAE-licensed (Dubai) healthcare professionals in Dubai.,79,https://www.zavis.ai/professionals/facility/al-rashidiyah-alnoor-polyclinic
Al Tadawi Medical Centre,Dubai,Al Tadawi Medical Centre employs 80 UAE-licensed (Dubai) healthcare professionals in Dubai.,80,https://www.zavis.ai/professionals/facility/al-tadawi-medical-centre
Al Tadawi Specialty Hospital,Dubai,Al Tadawi Specialty Hospital employs 386 UAE-licensed (Dubai) healthcare professionals in Dubai.,386,https://www.zavis.ai/professionals/facility/al-tadawi-specialty-hospital
Al Towar Medical Center - PHC,Dubai,Al Towar Medical Center - PHC employs 63 UAE-licensed (Dubai) healthcare professionals in Dubai.,63,https://www.zavis.ai/professionals/facility/al-towar-medical-center-phc
Al Warqa Medical Center,Dubai,Al Warqa Medical Center employs 46 UAE-licensed (Dubai) healthcare professionals in Dubai.,46,https://www.zavis.ai/professionals/facility/al-warqa-medical-center
Al Yalayis Fitness Medical Center -DIP,Dubai,Al Yalayis Fitness Medical Center -DIP employs 78 UAE-licensed (Dubai) healthcare professionals in Dubai.,78,https://www.zavis.ai/professionals/facility/al-yalayis-fitness-medical-center-dip
Al Zahra Pvt. Hospital,Dubai,Al Zahra Pvt. Hospital employs 895 UAE-licensed (Dubai) healthcare professionals in Dubai.,895,https://www.zavis.ai/professionals/facility/al-zahra-hospital
Aldar Maison Home Health Care,Dubai,Aldar Maison Home Health Care employs 24 UAE-licensed (Dubai) healthcare professionals in Dubai.,24,https://www.zavis.ai/professionals/facility/aldar-maison-home-health-care
Alhanan Home Health Care Center,Dubai,Alhanan Home Health Care Center employs 71 UAE-licensed (Dubai) healthcare professionals in Dubai.,71,https://www.zavis.ai/professionals/facility/alhanan-home-health-care-center
Alleanza Healthcare,Dubai,Alleanza Healthcare employs 107 UAE-licensed (Dubai) healthcare professionals in Dubai.,107,https://www.zavis.ai/professionals/facility/alleanza-healthcare
Allied Medical Centre,Dubai,Allied Medical Centre employs 23 UAE-licensed (Dubai) healthcare professionals in Dubai.,23,https://www.zavis.ai/professionals/facility/allied-medical-centre
Almond Blossoms Fertility and Wellness Center,Dubai,Almond Blossoms Fertility and Wellness Center employs 23 UAE-licensed (Dubai) healthcare professionals in Dubai.,23,https://www.zavis.ai/professionals/facility/almond-blossoms-fertility-and-wellness-center-fz
Alpha Intelligent care Home Health Care Center,Dubai,Alpha Intelligent care Home Health Care Center employs 29 UAE-licensed (Dubai) healthcare professionals in Dubai.,29,https://www.zavis.ai/professionals/facility/alpha-intelligent-care-home-health-care-center
Alyalayis Government Transactions Center,Dubai,Alyalayis Government Transactions Center employs 25 UAE-licensed (Dubai) healthcare professionals in Dubai.,25,https://www.zavis.ai/professionals/facility/alyalayis-government-transactions-center
Alzeyarat home Health care center,Dubai,Alzeyarat home Health care center employs 46 UAE-licensed (Dubai) healthcare professionals in Dubai.,46,https://www.zavis.ai/professionals/facility/alzeyarat-home-health-care-center
Amala Medical Center,Dubai,Amala Medical Center employs 33 UAE-licensed (Dubai) healthcare professionals in Dubai.,33,https://www.zavis.ai/professionals/facility/amala-medical-center-l-l-c
Aman Lilafia Clinic,Dubai,Aman Lilafia Clinic employs 27 UAE-licensed (Dubai) healthcare professionals in Dubai.,27,https://www.zavis.ai/professionals/facility/aman-lilafia-clinic
Amber Clinics,Dubai,Amber Clinics employs 60 UAE-licensed (Dubai) healthcare professionals in Dubai.,60,https://www.zavis.ai/professionals/facility/amber-clinics
American Academy of Cosmetic Surgery Hospital (AACSH),Dubai,American Academy of Cosmetic Surgery Hospital (AACSH) employs 156 UAE-licensed (Dubai) healthcare professionals in Dubai.,156,https://www.zavis.ai/professionals/facility/american-academy-of-cosmetic-surgery-hospital-aacsh
American Aesthetic Medical Center,Dubai,American Aesthetic Medical Center employs 45 UAE-licensed (Dubai) healthcare professionals in Dubai.,45,https://www.zavis.ai/professionals/facility/american-aesthetic-medical-center
American Center For Psychiatry And Neurology,Dubai,American Center For Psychiatry And Neurology employs 43 UAE-licensed (Dubai) healthcare professionals in Dubai.,43,https://www.zavis.ai/professionals/facility/american-center-for-psychiatry-and-neurology
American Hospital Clinics AlKhawaneej,Dubai,American Hospital Clinics AlKhawaneej employs 46 UAE-licensed (Dubai) healthcare professionals in Dubai.,46,https://www.zavis.ai/professionals/facility/american-hospital-clinics-alkhawaneejamerican-hospital-dubai
American Hospital Clinics Dubai Al Barsha,Dubai,American Hospital Clinics Dubai Al Barsha employs 52 UAE-licensed (Dubai) healthcare professionals in Dubai.,52,https://www.zavis.ai/professionals/facility/american-hospital-clinics-dubai-al-barshaamerican-hospital-dubai
American Hospital Clinics Dubai Media City,Dubai,American Hospital Clinics Dubai Media City employs 52 UAE-licensed (Dubai) healthcare professionals in Dubai.,52,https://www.zavis.ai/professionals/facility/american-hospital-clinics-dubai-media-cityamerican-hospital-dubai
American Hospital Clinics Jumeirah,Dubai,American Hospital Clinics Jumeirah employs 27 UAE-licensed (Dubai) healthcare professionals in Dubai.,27,https://www.zavis.ai/professionals/facility/american-hospital-clinics-jumeirahamerican-hospital-dubai
American Hospital Clinics Nad Al Sheba,Dubai,American Hospital Clinics Nad Al Sheba employs 30 UAE-licensed (Dubai) healthcare professionals in Dubai.,30,https://www.zavis.ai/professionals/facility/american-hospital-clinics-nad-al-shebaamerican-hospital-dubai
American Hospital Dubai,Dubai,"American Hospital Dubai employs 1,107 UAE-licensed (Dubai) healthcare professionals in Dubai.",1107,https://www.zavis.ai/professionals/facility/american-hospital-dubai
American Hospital Dubai Science Park,Dubai,American Hospital Dubai Science Park employs 120 UAE-licensed (Dubai) healthcare professionals in Dubai.,120,https://www.zavis.ai/professionals/facility/american-hospital-dubai-science-park
American Hospital Pharmacy 1,Dubai,American Hospital Pharmacy 1 employs 32 UAE-licensed (Dubai) healthcare professionals in Dubai.,32,https://www.zavis.ai/professionals/facility/american-hospital-pharmacy-1
American Hospital Pharmacy 2,Dubai,American Hospital Pharmacy 2 employs 21 UAE-licensed (Dubai) healthcare professionals in Dubai.,21,https://www.zavis.ai/professionals/facility/american-hospital-pharmacy-2
American Spine Center,Dubai,American Spine Center employs 38 UAE-licensed (Dubai) healthcare professionals in Dubai.,38,https://www.zavis.ai/professionals/facility/american-spine-center
American Wellness Center,Dubai,American Wellness Center employs 44 UAE-licensed (Dubai) healthcare professionals in Dubai.,44,https://www.zavis.ai/professionals/facility/american-wellness-center
Americare,Dubai,Americare employs 88 UAE-licensed (Dubai) healthcare professionals in Dubai.,88,https://www.zavis.ai/professionals/facility/americaredubai
Apex Medical Clinics,Dubai,Apex Medical Clinics employs 22 UAE-licensed (Dubai) healthcare professionals in Dubai.,22,https://www.zavis.ai/professionals/facility/apex-medical-clinics
Apollo Clinic,Dubai,Apollo Clinic employs 27 UAE-licensed (Dubai) healthcare professionals in Dubai.,27,https://www.zavis.ai/professionals/facility/apollo-clinic
Appolonia and Synergy Dental Center,Dubai,Appolonia and Synergy Dental Center employs 37 UAE-licensed (Dubai) healthcare professionals in Dubai.,37,https://www.zavis.ai/professionals/facility/appolonia-and-synergy-dental-centersoc
Ardens Medical Center,Dubai,Ardens Medical Center employs 29 UAE-licensed (Dubai) healthcare professionals in Dubai.,29,https://www.zavis.ai/professionals/facility/ardens-medical-center
Armada Medical Centre,Dubai,Armada Medical Centre employs 31 UAE-licensed (Dubai) healthcare professionals in Dubai.,31,https://www.zavis.ai/professionals/facility/armada-medical-centre
Armada One Day Surgical Center JLT,Dubai,Armada One Day Surgical Center JLT employs 36 UAE-licensed (Dubai) healthcare professionals in Dubai.,36,https://www.zavis.ai/professionals/facility/armada-one-day-surgical-center-jlt
Art Fertilty Clinics LLC Spc - Dubai,Dubai,Art Fertilty Clinics LLC Spc - Dubai employs 67 UAE-licensed (Dubai) healthcare professionals in Dubai.,67,https://www.zavis.ai/professionals/facility/art-fertilty-clinicsspc-dubai
Arwa and Ali Dental and Day Surgical Center,Dubai,Arwa and Ali Dental and Day Surgical Center employs 37 UAE-licensed (Dubai) healthcare professionals in Dubai.,37,https://www.zavis.ai/professionals/facility/arwa-and-ali-dental-and-day-surgical-center
Arya Clinic,Dubai,Arya Clinic employs 59 UAE-licensed (Dubai) healthcare professionals in Dubai.,59,https://www.zavis.ai/professionals/facility/arya-clinic
Aster Al Nahda Medical Center,Dubai,Aster Al Nahda Medical Center employs 20 UAE-licensed (Dubai) healthcare professionals in Dubai.,20,https://www.zavis.ai/professionals/facility/aster-al-nahda-medical-centerdm-healthcare
Aster Cedars Hospital Jebel Ali,Dubai,Aster Cedars Hospital Jebel Ali employs 130 UAE-licensed (Dubai) healthcare professionals in Dubai.,130,https://www.zavis.ai/professionals/facility/aster-cedars-hospital-jebel-ali
Aster Day Surgery Centre,Dubai,Aster Day Surgery Centre employs 24 UAE-licensed (Dubai) healthcare professionals in Dubai.,24,https://www.zavis.ai/professionals/facility/aster-day-surgery-centre
Aster Homecare,Dubai,Aster Homecare employs 26 UAE-licensed (Dubai) healthcare professionals in Dubai.,26,https://www.zavis.ai/professionals/facility/aster-homecaredm-healthcare
Aster Hospital Pharmacy Br Aster Dm Healthcare Fzc Dubai,Dubai,Aster Hospital Pharmacy Br Aster Dm Healthcare Fzc Dubai employs 26 UAE-licensed (Dubai) healthcare professionals in Dubai.,26,https://www.zavis.ai/professionals/facility/aster-hospital-pharmacy-br-aster-dm-healthcaredubai
Aster Hospital Pharmacy,Dubai,Aster Hospital Pharmacy employs 28 UAE-licensed (Dubai) healthcare professionals in Dubai.,28,https://www.zavis.ai/professionals/facility/aster-hospital-pharmacyaster-dm-healthcare
Aster Hospital Sonapur,Dubai,Aster Hospital Sonapur employs 100 UAE-licensed (Dubai) healthcare professionals in Dubai.,100,https://www.zavis.ai/professionals/facility/aster-hospital-sonapur
Aster Hospital,Dubai,Aster Hospital employs 561 UAE-licensed (Dubai) healthcare professionals in Dubai.,561,https://www.zavis.ai/professionals/facility/aster-hospitalaster-dm-healthcare
Aster Hospital,Dubai,Aster Hospital employs 490 UAE-licensed (Dubai) healthcare professionals in Dubai.,490,https://www.zavis.ai/professionals/facility/aster-hospitalaster-dm-healthcaredubai
Aster Jubilee Medical Complex,Dubai,Aster Jubilee Medical Complex employs 108 UAE-licensed (Dubai) healthcare professionals in Dubai.,108,https://www.zavis.ai/professionals/facility/aster-jubilee-medical-complexd-m-healthcare
Aster Medical Center,Dubai,Aster Medical Center employs 45 UAE-licensed (Dubai) healthcare professionals in Dubai.,45,https://www.zavis.ai/professionals/facility/aster-medical-center
Aster Medical Centre Al Barsha,Dubai,Aster Medical Centre Al Barsha employs 30 UAE-licensed (Dubai) healthcare professionals in Dubai.,30,https://www.zavis.ai/professionals/facility/aster-medical-centre-al-barshadm-healthcare
Aster Medical Centre Al Qouz,Dubai,Aster Medical Centre Al Qouz employs 49 UAE-licensed (Dubai) healthcare professionals in Dubai.,49,https://www.zavis.ai/professionals/facility/aster-medical-centre-al-qouzdm-healthcare-l-l-c
Aster Medical Centre Business Bay,Dubai,Aster Medical Centre Business Bay employs 24 UAE-licensed (Dubai) healthcare professionals in Dubai.,24,https://www.zavis.ai/professionals/facility/aster-medical-centre-business-baydm-health
Aster Medical Centre Jvc,Dubai,Aster Medical Centre Jvc employs 23 UAE-licensed (Dubai) healthcare professionals in Dubai.,23,https://www.zavis.ai/professionals/facility/aster-medical-centre-jvcdm-healthcare
Aster Medical Centre Muhaisnah,Dubai,Aster Medical Centre Muhaisnah employs 20 UAE-licensed (Dubai) healthcare professionals in Dubai.,20,https://www.zavis.ai/professionals/facility/aster-medical-centre-muhaisnahdm-healthcare
Aster Medical Centre Shiekh Zayed Road,Dubai,Aster Medical Centre Shiekh Zayed Road employs 21 UAE-licensed (Dubai) healthcare professionals in Dubai.,21,https://www.zavis.ai/professionals/facility/aster-medical-centre-shiekh-zayed-roaddm-healthcare
Aster Medical Centre Silicon Oasis,Dubai,Aster Medical Centre Silicon Oasis employs 37 UAE-licensed (Dubai) healthcare professionals in Dubai.,37,https://www.zavis.ai/professionals/facility/aster-medical-centre-silicon-oasisdm-health
Aster Pharmacy 1,Dubai,Aster Pharmacy 1 employs 51 UAE-licensed (Dubai) healthcare professionals in Dubai.,51,https://www.zavis.ai/professionals/facility/aster-pharmacy-1aster-pharmacies-group
Aster Royal Clinic Arabian Ranches,Dubai,Aster Royal Clinic Arabian Ranches employs 21 UAE-licensed (Dubai) healthcare professionals in Dubai.,21,https://www.zavis.ai/professionals/facility/aster-royal-clinic-arabian-ranchesdm-healthcare
Aster Specialist Centre For Orthopedics And Physiotherpy,Dubai,Aster Specialist Centre For Orthopedics And Physiotherpy employs 25 UAE-licensed (Dubai) healthcare professionals in Dubai.,25,https://www.zavis.ai/professionals/facility/aster-specialist-centre-for-orthopedics-and-physiotherpyd-m-healthcare
Aster Specialist Medical Centre International City,Dubai,Aster Specialist Medical Centre International City employs 26 UAE-licensed (Dubai) healthcare professionals in Dubai.,26,https://www.zavis.ai/professionals/facility/aster-specialist-medical-centre-international-citydm-healthcare
Atelier Clinic,Dubai,Atelier Clinic employs 22 UAE-licensed (Dubai) healthcare professionals in Dubai.,22,https://www.zavis.ai/professionals/facility/atelier-clinic
Atlantis The Palm,Dubai,Atlantis The Palm employs 22 UAE-licensed (Dubai) healthcare professionals in Dubai.,22,https://www.zavis.ai/professionals/facility/atlantis-the-palm-limited
Badr Al Samaa Medical Centre,Dubai,Badr Al Samaa Medical Centre employs 47 UAE-licensed (Dubai) healthcare professionals in Dubai.,47,https://www.zavis.ai/professionals/facility/badr-al-samaa-medical-centre
Barraquer Eye Hospital,Dubai,Barraquer Eye Hospital employs 37 UAE-licensed (Dubai) healthcare professionals in Dubai.,37,https://www.zavis.ai/professionals/facility/barraquer-eye-hospital
Bayti Home Health Care Center,Dubai,Bayti Home Health Care Center employs 37 UAE-licensed (Dubai) healthcare professionals in Dubai.,37,https://www.zavis.ai/professionals/facility/bayti-home-health-care-center
Be You Plus Clinic,Dubai,Be You Plus Clinic employs 24 UAE-licensed (Dubai) healthcare professionals in Dubai.,24,https://www.zavis.ai/professionals/facility/be-you-plus-clinic
Beautify Me Medical Center,Dubai,Beautify Me Medical Center employs 27 UAE-licensed (Dubai) healthcare professionals in Dubai.,27,https://www.zavis.ai/professionals/facility/beautify-me-medical-center
Beauty Concept Clinic FZ-LLC_1,Dubai,Beauty Concept Clinic FZ-LLC_1 employs 33 UAE-licensed (Dubai) healthcare professionals in Dubai.,33,https://www.zavis.ai/professionals/facility/beauty-concept-clinic1
Beauty Wise Medical Center,Dubai,Beauty Wise Medical Center employs 23 UAE-licensed (Dubai) healthcare professionals in Dubai.,23,https://www.zavis.ai/professionals/facility/beauty-wise-medical-center
Bedaya Poly Clinic,Dubai,Bedaya Poly Clinic employs 24 UAE-licensed (Dubai) healthcare professionals in Dubai.,24,https://www.zavis.ai/professionals/facility/bedaya-poly-clinic
Bella Roma Specialty Hospital,Dubai,Bella Roma Specialty Hospital employs 70 UAE-licensed (Dubai) healthcare professionals in Dubai.,70,https://www.zavis.ai/professionals/facility/bella-roma-specialty-hospital
Best Doctor Home Health Care Center,Dubai,Best Doctor Home Health Care Center employs 25 UAE-licensed (Dubai) healthcare professionals in Dubai.,25,https://www.zavis.ai/professionals/facility/best-doctor-home-health-care-center-l-l-c
Beta Star Clinic,Dubai,Beta Star Clinic employs 60 UAE-licensed (Dubai) healthcare professionals in Dubai.,60,https://www.zavis.ai/professionals/facility/beta-star-clinic-l-l-c
Biolite Clinic,Dubai,Biolite Clinic employs 23 UAE-licensed (Dubai) healthcare professionals in Dubai.,23,https://www.zavis.ai/professionals/facility/biolite-clinicsoc
Biosytech Medical Laboratory,Dubai,Biosytech Medical Laboratory employs 32 UAE-licensed (Dubai) healthcare professionals in Dubai.,32,https://www.zavis.ai/professionals/facility/biosytech-medical-laboratory
Bizrahmed Centers,Dubai,Bizrahmed Centers employs 21 UAE-licensed (Dubai) healthcare professionals in Dubai.,21,https://www.zavis.ai/professionals/facility/bizrahmed-centers
Blessing Hands Home Health Care Center,Dubai,Blessing Hands Home Health Care Center employs 30 UAE-licensed (Dubai) healthcare professionals in Dubai.,30,https://www.zavis.ai/professionals/facility/blessing-hands-home-health-care-center
Blood Donation Center - Dubai Health,Dubai,Blood Donation Center - Dubai Health employs 74 UAE-licensed (Dubai) healthcare professionals in Dubai.,74,https://www.zavis.ai/professionals/facility/blood-donation-center-dh
Blue Med Home Health Care Center,Dubai,Blue Med Home Health Care Center employs 23 UAE-licensed (Dubai) healthcare professionals in Dubai.,23,https://www.zavis.ai/professionals/facility/blue-med-home-health-care-center
Bourn Hall Clinic,Dubai,Bourn Hall Clinic employs 20 UAE-licensed (Dubai) healthcare professionals in Dubai.,20,https://www.zavis.ai/professionals/facility/bourn-hall-clinic
Bridges Speech Center,Dubai,Bridges Speech Center employs 22 UAE-licensed (Dubai) healthcare professionals in Dubai.,22,https://www.zavis.ai/professionals/facility/bridges-speech-center
Burjeel Hospital For Advanced Surgery,Dubai,Burjeel Hospital For Advanced Surgery employs 108 UAE-licensed (Dubai) healthcare professionals in Dubai.,108,https://www.zavis.ai/professionals/facility/burjeel-hospital-for-advanced-surgery
C37 Medical Hub,Dubai,C37 Medical Hub employs 32 UAE-licensed (Dubai) healthcare professionals in Dubai.,32,https://www.zavis.ai/professionals/facility/c37-medical-hub
Call Doctor Home Health Care Center,Dubai,Call Doctor Home Health Care Center employs 30 UAE-licensed (Dubai) healthcare professionals in Dubai.,30,https://www.zavis.ai/professionals/facility/call-doctor-home-health-care-center
Camali Clinic Child and Adult Mental Health,Dubai,Camali Clinic Child and Adult Mental Health employs 26 UAE-licensed (Dubai) healthcare professionals in Dubai.,26,https://www.zavis.ai/professionals/facility/camali-clinic-child-and-adult-mental-health
Canadian Specialist Hospital,Dubai,Canadian Specialist Hospital employs 407 UAE-licensed (Dubai) healthcare professionals in Dubai.,407,https://www.zavis.ai/professionals/facility/canadian-specialist-hospital
Canadian Specialist Hospital Pharmacy,Dubai,Canadian Specialist Hospital Pharmacy employs 20 UAE-licensed (Dubai) healthcare professionals in Dubai.,20,https://www.zavis.ai/professionals/facility/canadian-specialist-hospital-pharmacy
Cardiff Home Health Care Center,Dubai,Cardiff Home Health Care Center employs 23 UAE-licensed (Dubai) healthcare professionals in Dubai.,23,https://www.zavis.ai/professionals/facility/cardiff-home-health-care-center
Care and Cure Medical Center,Dubai,Care and Cure Medical Center employs 43 UAE-licensed (Dubai) healthcare professionals in Dubai.,43,https://www.zavis.ai/professionals/facility/care-and-cure-medical-center
Carehub Healthcare,Dubai,Carehub Healthcare employs 22 UAE-licensed (Dubai) healthcare professionals in Dubai.,22,https://www.zavis.ai/professionals/facility/carehub-healthcare
Caremonde Day Surgical Center,Dubai,Caremonde Day Surgical Center employs 32 UAE-licensed (Dubai) healthcare professionals in Dubai.,32,https://www.zavis.ai/professionals/facility/caremonde-day-surgical-center
Center For Rehabilitation & Readiness Enhancement,Dubai,Center For Rehabilitation & Readiness Enhancement employs 30 UAE-licensed (Dubai) healthcare professionals in Dubai.,30,https://www.zavis.ai/professionals/facility/center-for-rehabilitation-readiness-enhancement
Charme Day Surgery Center,Dubai,Charme Day Surgery Center employs 33 UAE-licensed (Dubai) healthcare professionals in Dubai.,33,https://www.zavis.ai/professionals/facility/charme-day-surgery-center
Circle Care Clinic,Dubai,Circle Care Clinic employs 29 UAE-licensed (Dubai) healthcare professionals in Dubai.,29,https://www.zavis.ai/professionals/facility/circle-care-clinic
Clemenceau Medical Center,Dubai,Clemenceau Medical Center employs 482 UAE-licensed (Dubai) healthcare professionals in Dubai.,482,https://www.zavis.ai/professionals/facility/clemenceau-medical-center
Clinica Sabah Specialty Hospital,Dubai,Clinica Sabah Specialty Hospital employs 56 UAE-licensed (Dubai) healthcare professionals in Dubai.,56,https://www.zavis.ai/professionals/facility/clinica-sabah-specialty-hospital
Clover Medical Centre,Dubai,Clover Medical Centre employs 24 UAE-licensed (Dubai) healthcare professionals in Dubai.,24,https://www.zavis.ai/professionals/facility/clover-medical-centre
Cocoage Aesthetics Clinic,Dubai,Cocoage Aesthetics Clinic employs 23 UAE-licensed (Dubai) healthcare professionals in Dubai.,23,https://www.zavis.ai/professionals/facility/cocoage-aesthetics-clinic
Cologne Dental Laboratory,Dubai,Cologne Dental Laboratory employs 25 UAE-licensed (Dubai) healthcare professionals in Dubai.,25,https://www.zavis.ai/professionals/facility/cologne-dental-laboratory
Committed Home Health Care,Dubai,Committed Home Health Care employs 38 UAE-licensed (Dubai) healthcare professionals in Dubai.,38,https://www.zavis.ai/professionals/facility/committed-home-health-care
Cooper Health Clinic,Dubai,Cooper Health Clinic employs 33 UAE-licensed (Dubai) healthcare professionals in Dubai.,33,https://www.zavis.ai/professionals/facility/cooper-health-clinic-l-l-c
Cosmedent Medical Center,Dubai,Cosmedent Medical Center employs 21 UAE-licensed (Dubai) healthcare professionals in Dubai.,21,https://www.zavis.ai/professionals/facility/cosmedent-medical-center
Cosmesurge Plastic Surgery Hospital and Clinics,Dubai,Cosmesurge Plastic Surgery Hospital and Clinics employs 89 UAE-licensed (Dubai) healthcare professionals in Dubai.,89,https://www.zavis.ai/professionals/facility/cosmesurge-plastic-surgery-hospital-and-clinics
Cosmocare Medical Center,Dubai,Cosmocare Medical Center employs 22 UAE-licensed (Dubai) healthcare professionals in Dubai.,22,https://www.zavis.ai/professionals/facility/cosmocare-medical-center
Creative Arts Dental & Aesthetic,Dubai,Creative Arts Dental & Aesthetic employs 36 UAE-licensed (Dubai) healthcare professionals in Dubai.,36,https://www.zavis.ai/professionals/facility/creative-arts-dental-aesthetic
D N A Health Medical Center,Dubai,D N A Health Medical Center employs 29 UAE-licensed (Dubai) healthcare professionals in Dubai.,29,https://www.zavis.ai/professionals/facility/d-n-a-health-medical-center
Dentistree Dental Clinic,Dubai,Dentistree Dental Clinic employs 41 UAE-licensed (Dubai) healthcare professionals in Dubai.,41,https://www.zavis.ai/professionals/facility/dentistree-dental-clinic
Dento Faces Cosmetic Clinic,Dubai,Dento Faces Cosmetic Clinic employs 32 UAE-licensed (Dubai) healthcare professionals in Dubai.,32,https://www.zavis.ai/professionals/facility/dento-faces-cosmetic-clinic
Dm Healthcare,Dubai,Dm Healthcare employs 38 UAE-licensed (Dubai) healthcare professionals in Dubai.,38,https://www.zavis.ai/professionals/facility/dm-healthcaredmcc
Docib Clinic,Dubai,Docib Clinic employs 41 UAE-licensed (Dubai) healthcare professionals in Dubai.,41,https://www.zavis.ai/professionals/facility/docib-clinic
Doctors Center Poly Clinic,Dubai,Doctors Center Poly Clinic employs 29 UAE-licensed (Dubai) healthcare professionals in Dubai.,29,https://www.zavis.ai/professionals/facility/doctors-center-poly-clinic
Doctors Clinic Diagnostic Centre,Dubai,Doctors Clinic Diagnostic Centre employs 66 UAE-licensed (Dubai) healthcare professionals in Dubai.,66,https://www.zavis.ai/professionals/facility/doctors-clinic-diagnostic-centre
Dr Aburas Dental Center,Dubai,Dr Aburas Dental Center employs 29 UAE-licensed (Dubai) healthcare professionals in Dubai.,29,https://www.zavis.ai/professionals/facility/dr-aburas-dental-center
Dr. Fathi Omara Medical Polyclinic,Dubai,Dr. Fathi Omara Medical Polyclinic employs 31 UAE-licensed (Dubai) healthcare professionals in Dubai.,31,https://www.zavis.ai/professionals/facility/dr-fathi-omara-medical-polyclinic
Dr. Helena Taylor Clinic,Dubai,Dr. Helena Taylor Clinic employs 22 UAE-licensed (Dubai) healthcare professionals in Dubai.,22,https://www.zavis.ai/professionals/facility/dr-helena-taylor-clinic
Dr Ismail Day Surgical Centre,Dubai,Dr Ismail Day Surgical Centre employs 35 UAE-licensed (Dubai) healthcare professionals in Dubai.,35,https://www.zavis.ai/professionals/facility/dr-ismail-day-surgical-centre
Dr Ismail New Polyclinic,Dubai,Dr Ismail New Polyclinic employs 34 UAE-licensed (Dubai) healthcare professionals in Dubai.,34,https://www.zavis.ai/professionals/facility/dr-ismail-new-polyclinic
Dr Ismail Polyclinic,Dubai,Dr Ismail Polyclinic employs 35 UAE-licensed (Dubai) healthcare professionals in Dubai.,35,https://www.zavis.ai/professionals/facility/dr-ismail-polyclinic
Dr Joseph Polyclinic,Dubai,Dr Joseph Polyclinic employs 52 UAE-licensed (Dubai) healthcare professionals in Dubai.,52,https://www.zavis.ai/professionals/facility/dr-joseph-polyclinic-amber-clinics
Dr Joy Dental Clinic,Dubai,Dr Joy Dental Clinic employs 139 UAE-licensed (Dubai) healthcare professionals in Dubai.,139,https://www.zavis.ai/professionals/facility/dr-joy-dental-clinic
Dr Joy Dental Clinic,Dubai,Dr Joy Dental Clinic employs 26 UAE-licensed (Dubai) healthcare professionals in Dubai.,26,https://www.zavis.ai/professionals/facility/dr-joy-dental-clinic-l-l-c
Dr Joy Dental Clinic- Llc Branch-Ummsuquim,Dubai,Dr Joy Dental Clinic- Llc Branch-Ummsuquim employs 23 UAE-licensed (Dubai) healthcare professionals in Dubai.,23,https://www.zavis.ai/professionals/facility/dr-joy-dental-clinic-ummsuquim
Dr Michaels Dental Clinic,Dubai,Dr Michaels Dental Clinic employs 36 UAE-licensed (Dubai) healthcare professionals in Dubai.,36,https://www.zavis.ai/professionals/facility/dr-michaels-dental-clinic
Dr Moopen Polyclinic,Dubai,Dr Moopen Polyclinic employs 74 UAE-licensed (Dubai) healthcare professionals in Dubai.,74,https://www.zavis.ai/professionals/facility/dr-moopen-polyclinicdm-healthcare
Dr. Nicolas and Asp Centre,Dubai,Dr. Nicolas and Asp Centre employs 38 UAE-licensed (Dubai) healthcare professionals in Dubai.,38,https://www.zavis.ai/professionals/facility/dr-nicolas-and-asp-centre
Dr. Nicolas and Asp Centre(Br Marina Walk),Dubai,Dr. Nicolas and Asp Centre(Br Marina Walk) employs 24 UAE-licensed (Dubai) healthcare professionals in Dubai.,24,https://www.zavis.ai/professionals/facility/dr-nicolas-and-asp-centrebr-marina-walk
Dr. Nicolas and Asp Centre(Branch Mirdif),Dubai,Dr. Nicolas and Asp Centre(Branch Mirdif) employs 22 UAE-licensed (Dubai) healthcare professionals in Dubai.,22,https://www.zavis.ai/professionals/facility/dr-nicolas-and-asp-centremirdif
Dr Paul Dental Clinic,Dubai,Dr Paul Dental Clinic employs 25 UAE-licensed (Dubai) healthcare professionals in Dubai.,25,https://www.zavis.ai/professionals/facility/dr-paul-dental-clinic
Dr. Rami Hamed Center,Dubai,Dr. Rami Hamed Center employs 51 UAE-licensed (Dubai) healthcare professionals in Dubai.,51,https://www.zavis.ai/professionals/facility/dr-rami-hamed-center
Dr. Sanjay Medical Centre,Dubai,Dr. Sanjay Medical Centre employs 25 UAE-licensed (Dubai) healthcare professionals in Dubai.,25,https://www.zavis.ai/professionals/facility/dr-sanjay-medical-centre
Dr Sirajuddin Medical Centre,Dubai,Dr Sirajuddin Medical Centre employs 55 UAE-licensed (Dubai) healthcare professionals in Dubai.,55,https://www.zavis.ai/professionals/facility/dr-sirajuddin-medical-centre
Dr Sulaiman Al Habib Hospital,Dubai,Dr Sulaiman Al Habib Hospital employs 541 UAE-licensed (Dubai) healthcare professionals in Dubai.,541,https://www.zavis.ai/professionals/facility/dr-sulaiman-al-habib-hospital
Dr. Sulaiman Al Habib Medical Center,Dubai,Dr. Sulaiman Al Habib Medical Center employs 67 UAE-licensed (Dubai) healthcare professionals in Dubai.,67,https://www.zavis.ai/professionals/facility/dr-sulaiman-al-habib-medical-centerdr-suliman-alhabib-hospital
Drfk Turkishinternational Day Surgery Center,Dubai,Drfk Turkishinternational Day Surgery Center employs 22 UAE-licensed (Dubai) healthcare professionals in Dubai.,22,https://www.zavis.ai/professionals/facility/drfk-turkishinternational-day-surgery-center
Drs. Nicolas and Asp Centre,Dubai,Drs. Nicolas and Asp Centre employs 25 UAE-licensed (Dubai) healthcare professionals in Dubai.,25,https://www.zavis.ai/professionals/facility/drs-nicolas-and-asp-centre
Dubai Aluminum Company Ltd. Clinic,Dubai,Dubai Aluminum Company Ltd. Clinic employs 24 UAE-licensed (Dubai) healthcare professionals in Dubai.,24,https://www.zavis.ai/professionals/facility/dubai-aluminum-company-clinic
Dubai Autism Center,Dubai,Dubai Autism Center employs 22 UAE-licensed (Dubai) healthcare professionals in Dubai.,22,https://www.zavis.ai/professionals/facility/dubai-autism-center
Dubai Dental Hospital,Dubai,Dubai Dental Hospital employs 141 UAE-licensed (Dubai) healthcare professionals in Dubai.,141,https://www.zavis.ai/professionals/facility/dubai-dental-hospital-fz
Dubai Diabetes Center - Dubai Health,Dubai,Dubai Diabetes Center - Dubai Health employs 46 UAE-licensed (Dubai) healthcare professionals in Dubai.,46,https://www.zavis.ai/professionals/facility/dubai-diabetes-center-dh
Dubai Drydocks Clinic -Company Clinic,Dubai,Dubai Drydocks Clinic -Company Clinic employs 24 UAE-licensed (Dubai) healthcare professionals in Dubai.,24,https://www.zavis.ai/professionals/facility/dubai-drydocks-clinic-company-clinic
Dubai Duty Free Pharmacy,Dubai,Dubai Duty Free Pharmacy employs 36 UAE-licensed (Dubai) healthcare professionals in Dubai.,36,https://www.zavis.ai/professionals/facility/dubai-duty-free-pharmacy
Dubai Fertility Center - Dubai Health,Dubai,Dubai Fertility Center - Dubai Health employs 40 UAE-licensed (Dubai) healthcare professionals in Dubai.,40,https://www.zavis.ai/professionals/facility/dubai-fertility-center-dh
Dubai Hospital - Dubai Health,Dubai,"Dubai Hospital - Dubai Health employs 1,638 UAE-licensed (Dubai) healthcare professionals in Dubai.",1638,https://www.zavis.ai/professionals/facility/dubai-hospital-dh
Dubai London Clinic And Speciality Hospital,Dubai,Dubai London Clinic And Speciality Hospital employs 116 UAE-licensed (Dubai) healthcare professionals in Dubai.,116,https://www.zavis.ai/professionals/facility/dubai-london-clinic-and-speciality-hospital
Dubai London Hospital,Dubai,Dubai London Hospital employs 156 UAE-licensed (Dubai) healthcare professionals in Dubai.,156,https://www.zavis.ai/professionals/facility/dubai-london-hospital
Dubai Medical University Hospital,Dubai,Dubai Medical University Hospital employs 100 UAE-licensed (Dubai) healthcare professionals in Dubai.,100,https://www.zavis.ai/professionals/facility/dubai-medical-university-hospital
Dubai Physiotherapy and Rehabilitation center- Dubai Health,Dubai,Dubai Physiotherapy and Rehabilitation center- Dubai Health employs 48 UAE-licensed (Dubai) healthcare professionals in Dubai.,48,https://www.zavis.ai/professionals/facility/dubai-physiotherapy-and-rehabilitation-center-dh
Dubai Police General,Dubai,Dubai Police General employs 422 UAE-licensed (Dubai) healthcare professionals in Dubai.,422,https://www.zavis.ai/professionals/facility/dubai-police-general
Dubai Transport Company Clinic,Dubai,Dubai Transport Company Clinic employs 36 UAE-licensed (Dubai) healthcare professionals in Dubai.,36,https://www.zavis.ai/professionals/facility/dubai-transport-company-clinic
Dulsco Medical Clinic,Dubai,Dulsco Medical Clinic employs 20 UAE-licensed (Dubai) healthcare professionals in Dubai.,20,https://www.zavis.ai/professionals/facility/dulsco-medical-clinic
Duval Digital Smile Design Polyclinic,Dubai,Duval Digital Smile Design Polyclinic employs 24 UAE-licensed (Dubai) healthcare professionals in Dubai.,24,https://www.zavis.ai/professionals/facility/duval-digital-smile-design-polyclinic
Elegant Hoopoe Poly Clinic,Dubai,Elegant Hoopoe Poly Clinic employs 31 UAE-licensed (Dubai) healthcare professionals in Dubai.,31,https://www.zavis.ai/professionals/facility/elegant-hoopoe-poly-clinic
Elite Holistic Clinic,Dubai,Elite Holistic Clinic employs 26 UAE-licensed (Dubai) healthcare professionals in Dubai.,26,https://www.zavis.ai/professionals/facility/elite-holistic-clinic
Emirates Airline Clinic,Dubai,Emirates Airline Clinic employs 65 UAE-licensed (Dubai) healthcare professionals in Dubai.,65,https://www.zavis.ai/professionals/facility/emirates-airline-clinic
Emirates Airline Clinic,Dubai,Emirates Airline Clinic employs 122 UAE-licensed (Dubai) healthcare professionals in Dubai.,122,https://www.zavis.ai/professionals/facility/emirates-airline-clinicbr
Emirates Gulf Facilities Management Services,Dubai,Emirates Gulf Facilities Management Services employs 47 UAE-licensed (Dubai) healthcare professionals in Dubai.,47,https://www.zavis.ai/professionals/facility/emirates-gulf-facilities-management-services
Emirates Gulf Muhaisnah Facilities Management Services,Dubai,Emirates Gulf Muhaisnah Facilities Management Services employs 37 UAE-licensed (Dubai) healthcare professionals in Dubai.,37,https://www.zavis.ai/professionals/facility/emirates-gulf-muhaisnah-facilities-management-services-l-l-c
Emirates Home Nursing,Dubai,Emirates Home Nursing employs 27 UAE-licensed (Dubai) healthcare professionals in Dubai.,27,https://www.zavis.ai/professionals/facility/emirates-home-nursing
Emirates Hospital,Dubai,Emirates Hospital employs 397 UAE-licensed (Dubai) healthcare professionals in Dubai.,397,https://www.zavis.ai/professionals/facility/emirates-hospital
Emirates Hospital Day Surgery And Medical Center,Dubai,Emirates Hospital Day Surgery And Medical Center employs 53 UAE-licensed (Dubai) healthcare professionals in Dubai.,53,https://www.zavis.ai/professionals/facility/emirates-hospital-day-surgery-and-medical-center-l-l-c
Emirates Hospitals And Clinics,Dubai,Emirates Hospitals And Clinics employs 48 UAE-licensed (Dubai) healthcare professionals in Dubai.,48,https://www.zavis.ai/professionals/facility/emirates-hospitals-and-clinics
Emirates Hospitals Clinics Business Bay,Dubai,Emirates Hospitals Clinics Business Bay employs 21 UAE-licensed (Dubai) healthcare professionals in Dubai.,21,https://www.zavis.ai/professionals/facility/emirates-hospitals-clinics-business-bay
Emirates Hospitals Rehabilitation And Homcare Services L L C Convalescence House,Dubai,Emirates Hospitals Rehabilitation And Homcare Services L L C Convalescence House employs 35 UAE-licensed (Dubai) healthcare professionals in Dubai.,35,https://www.zavis.ai/professionals/facility/emirates-hospitals-rehabilitation-and-homcare-services-l-l-c-convalescence-house
Emirates Hospitals Rehabilitation And Homecare Services,Dubai,Emirates Hospitals Rehabilitation And Homecare Services employs 80 UAE-licensed (Dubai) healthcare professionals in Dubai.,80,https://www.zavis.ai/professionals/facility/emirates-hospitals-rehabilitation-and-homecare-services
Emirates Speciality Hospital,Dubai,Emirates Speciality Hospital employs 272 UAE-licensed (Dubai) healthcare professionals in Dubai.,272,https://www.zavis.ai/professionals/facility/emirates-speciality-hospital
Enaya Home Nursing Services,Dubai,Enaya Home Nursing Services employs 51 UAE-licensed (Dubai) healthcare professionals in Dubai.,51,https://www.zavis.ai/professionals/facility/enaya-home-nursing-services
Enayati Home Health Care Center,Dubai,Enayati Home Health Care Center employs 76 UAE-licensed (Dubai) healthcare professionals in Dubai.,76,https://www.zavis.ai/professionals/facility/enayati-home-health-care-center
Enfield Royal Clinic,Dubai,Enfield Royal Clinic employs 51 UAE-licensed (Dubai) healthcare professionals in Dubai.,51,https://www.zavis.ai/professionals/facility/enfield-royal-clinic
Erada Center for Treatment and Rehab in Dubai,Dubai,Erada Center for Treatment and Rehab in Dubai employs 62 UAE-licensed (Dubai) healthcare professionals in Dubai.,62,https://www.zavis.ai/professionals/facility/erada-center-for-treatment-and-rehab-in-dubai
Eye Consultants,Dubai,Eye Consultants employs 22 UAE-licensed (Dubai) healthcare professionals in Dubai.,22,https://www.zavis.ai/professionals/facility/eye-consultants
F M C Medical Center,Dubai,F M C Medical Center employs 37 UAE-licensed (Dubai) healthcare professionals in Dubai.,37,https://www.zavis.ai/professionals/facility/f-m-c-medical-center-l-l-c
Fakeeh University Hospital,Dubai,Fakeeh University Hospital employs 635 UAE-licensed (Dubai) healthcare professionals in Dubai.,635,https://www.zavis.ai/professionals/facility/fakeeh-university-hospital
Fakeeh University Hospital Pharmacy,Dubai,Fakeeh University Hospital Pharmacy employs 24 UAE-licensed (Dubai) healthcare professionals in Dubai.,24,https://www.zavis.ai/professionals/facility/fakeeh-university-hospital-pharmacy
Fakih IVF Ltd - Dubai,Dubai,Fakih IVF Ltd - Dubai employs 65 UAE-licensed (Dubai) healthcare professionals in Dubai.,65,https://www.zavis.ai/professionals/facility/fakih-ivf-dubai
Family First Medical Center,Dubai,Family First Medical Center employs 23 UAE-licensed (Dubai) healthcare professionals in Dubai.,23,https://www.zavis.ai/professionals/facility/family-first-medical-center
Fayy health,Dubai,Fayy health employs 38 UAE-licensed (Dubai) healthcare professionals in Dubai.,38,https://www.zavis.ai/professionals/facility/fayy-healtho
Ferticlinic PRC Fertility Centre,Dubai,Ferticlinic PRC Fertility Centre employs 35 UAE-licensed (Dubai) healthcare professionals in Dubai.,35,https://www.zavis.ai/professionals/facility/ferticlinic-prc-fertility-centre-fz
First Genomix Gene Laboratory,Dubai,First Genomix Gene Laboratory employs 27 UAE-licensed (Dubai) healthcare professionals in Dubai.,27,https://www.zavis.ai/professionals/facility/first-genomix-gene-laboratory-fz
First IVF and Day Surgery Centre,Dubai,First IVF and Day Surgery Centre employs 23 UAE-licensed (Dubai) healthcare professionals in Dubai.,23,https://www.zavis.ai/professionals/facility/first-ivf-and-day-surgery-centre
First Medical Center,Dubai,First Medical Center employs 26 UAE-licensed (Dubai) healthcare professionals in Dubai.,26,https://www.zavis.ai/professionals/facility/first-medical-center
First Response Healthcare,Dubai,First Response Healthcare employs 83 UAE-licensed (Dubai) healthcare professionals in Dubai.,83,https://www.zavis.ai/professionals/facility/first-response-healthcare
Flawless Home Health Care Center,Dubai,Flawless Home Health Care Center employs 89 UAE-licensed (Dubai) healthcare professionals in Dubai.,89,https://www.zavis.ai/professionals/facility/flawless-home-health-care-center
Freiburg Medical Laboratory Middle East,Dubai,Freiburg Medical Laboratory Middle East employs 25 UAE-licensed (Dubai) healthcare professionals in Dubai.,25,https://www.zavis.ai/professionals/facility/freiburg-medical-laboratory-middle-east
Furless Hair Removal Centre,Dubai,Furless Hair Removal Centre employs 21 UAE-licensed (Dubai) healthcare professionals in Dubai.,21,https://www.zavis.ai/professionals/facility/furless-hair-removal-centre
Fusion Apothecary Pharmacy & Compounding Lab,Dubai,Fusion Apothecary Pharmacy & Compounding Lab employs 27 UAE-licensed (Dubai) healthcare professionals in Dubai.,27,https://www.zavis.ai/professionals/facility/fusion-apothecary-pharmacy-compounding-lab
Gardens Medical Centre,Dubai,Gardens Medical Centre employs 48 UAE-licensed (Dubai) healthcare professionals in Dubai.,48,https://www.zavis.ai/professionals/facility/gardens-medical-centre-dm-healthcare
Gardens Speciality Clinic,Dubai,Gardens Speciality Clinic employs 36 UAE-licensed (Dubai) healthcare professionals in Dubai.,36,https://www.zavis.ai/professionals/facility/gardens-speciality-clinicdm-healthcare
Gargash Hospital,Dubai,Gargash Hospital employs 219 UAE-licensed (Dubai) healthcare professionals in Dubai.,219,https://www.zavis.ai/professionals/facility/gargash-hospital-l-l-c
Genera Health Care,Dubai,Genera Health Care employs 38 UAE-licensed (Dubai) healthcare professionals in Dubai.,38,https://www.zavis.ai/professionals/facility/genera-health-care
Genesis Healthcare Center,Dubai,Genesis Healthcare Center employs 88 UAE-licensed (Dubai) healthcare professionals in Dubai.,88,https://www.zavis.ai/professionals/facility/genesis-healthcare-center
German Medical Center,Dubai,German Medical Center employs 22 UAE-licensed (Dubai) healthcare professionals in Dubai.,22,https://www.zavis.ai/professionals/facility/german-medical-center
German Neuroscience Center,Dubai,German Neuroscience Center employs 31 UAE-licensed (Dubai) healthcare professionals in Dubai.,31,https://www.zavis.ai/professionals/facility/german-neuroscience-center
Glow Aesthetics Dermatology Clinic,Dubai,Glow Aesthetics Dermatology Clinic employs 31 UAE-licensed (Dubai) healthcare professionals in Dubai.,31,https://www.zavis.ai/professionals/facility/glow-aesthetics-dermatology-clinic
Glucare Integrated Diabetes Center,Dubai,Glucare Integrated Diabetes Center employs 69 UAE-licensed (Dubai) healthcare professionals in Dubai.,69,https://www.zavis.ai/professionals/facility/glucare-integrated-diabetes-center
Good Living Medical Centre,Dubai,Good Living Medical Centre employs 23 UAE-licensed (Dubai) healthcare professionals in Dubai.,23,https://www.zavis.ai/professionals/facility/good-living-medical-centre
Graduate Medical Education- Dubai Health,Dubai,Graduate Medical Education- Dubai Health employs 736 UAE-licensed (Dubai) healthcare professionals in Dubai.,736,https://www.zavis.ai/professionals/facility/graduate-medical-education-dh
Grand European Clinic,Dubai,Grand European Clinic employs 23 UAE-licensed (Dubai) healthcare professionals in Dubai.,23,https://www.zavis.ai/professionals/facility/grand-european-clinic
Grand Infinity Medical Center,Dubai,Grand Infinity Medical Center employs 26 UAE-licensed (Dubai) healthcare professionals in Dubai.,26,https://www.zavis.ai/professionals/facility/grand-infinity-medical-center
Grand Infinity Medical Cnter,Dubai,Grand Infinity Medical Cnter employs 21 UAE-licensed (Dubai) healthcare professionals in Dubai.,21,https://www.zavis.ai/professionals/facility/grand-infinity-medical-cnter
Green Life Medical Clinic,Dubai,Green Life Medical Clinic employs 26 UAE-licensed (Dubai) healthcare professionals in Dubai.,26,https://www.zavis.ai/professionals/facility/green-life-medical-clinic-l-l-c
Hakkini Clinic,Dubai,Hakkini Clinic employs 20 UAE-licensed (Dubai) healthcare professionals in Dubai.,20,https://www.zavis.ai/professionals/facility/hakkini-clinic-fz
Happiness Clinic,Dubai,Happiness Clinic employs 31 UAE-licensed (Dubai) healthcare professionals in Dubai.,31,https://www.zavis.ai/professionals/facility/happiness-clinic-l-l-c
Happy Home Health Care,Dubai,Happy Home Health Care employs 29 UAE-licensed (Dubai) healthcare professionals in Dubai.,29,https://www.zavis.ai/professionals/facility/happy-home-health-care
Harley International Medical Clinic,Dubai,Harley International Medical Clinic employs 51 UAE-licensed (Dubai) healthcare professionals in Dubai.,51,https://www.zavis.ai/professionals/facility/harley-international-medical-clinic
Harmony Medical Center,Dubai,Harmony Medical Center employs 25 UAE-licensed (Dubai) healthcare professionals in Dubai.,25,https://www.zavis.ai/professionals/facility/harmony-medical-center
Hatta Hospital - Dubai Health,Dubai,Hatta Hospital - Dubai Health employs 427 UAE-licensed (Dubai) healthcare professionals in Dubai.,427,https://www.zavis.ai/professionals/facility/hatta-hospital-dh
Healora Home Health Care Center,Dubai,Healora Home Health Care Center employs 42 UAE-licensed (Dubai) healthcare professionals in Dubai.,42,https://www.zavis.ai/professionals/facility/healora-home-health-care-center
Health Bay Day Surgery Centre,Dubai,Health Bay Day Surgery Centre employs 38 UAE-licensed (Dubai) healthcare professionals in Dubai.,38,https://www.zavis.ai/professionals/facility/health-bay-day-surgery-centre
Health Bay Polyclinic Branch Motor City,Dubai,Health Bay Polyclinic Branch Motor City employs 21 UAE-licensed (Dubai) healthcare professionals in Dubai.,21,https://www.zavis.ai/professionals/facility/health-bay-polyclinicmotor-city
Health Baypolyclinic,Dubai,Health Baypolyclinic employs 106 UAE-licensed (Dubai) healthcare professionals in Dubai.,106,https://www.zavis.ai/professionals/facility/health-baypolyclinic-br
Health Goal and Dr Falhout Medical Center,Dubai,Health Goal and Dr Falhout Medical Center employs 28 UAE-licensed (Dubai) healthcare professionals in Dubai.,28,https://www.zavis.ai/professionals/facility/health-goal-and-dr-falhout-medical-center
HealthBay Poly Clinic,Dubai,HealthBay Poly Clinic employs 36 UAE-licensed (Dubai) healthcare professionals in Dubai.,36,https://www.zavis.ai/professionals/facility/healthbay-poly-clinichealth-bay-day-surgery-center
Healthhub Br Alfuttaim Healthcare Single Person Company,Dubai,Healthhub Br Alfuttaim Healthcare Single Person Company employs 30 UAE-licensed (Dubai) healthcare professionals in Dubai.,30,https://www.zavis.ai/professionals/facility/healthhub-br-alfuttaim-healthcare-single-person-company
Healthhub,Dubai,Healthhub employs 22 UAE-licensed (Dubai) healthcare professionals in Dubai.,22,https://www.zavis.ai/professionals/facility/healthhub-br-of-alfuttaim-healthcare-single-person-company
Healthhub Br.Alfuttaim Healthcare Single Person Company,Dubai,Healthhub Br.Alfuttaim Healthcare Single Person Company employs 93 UAE-licensed (Dubai) healthcare professionals in Dubai.,93,https://www.zavis.ai/professionals/facility/healthhub-bralfuttaim-healthcare-single-person-company
Healthhub Br.Alfuttaim Healthcare Single Person Company,Dubai,Healthhub Br.Alfuttaim Healthcare Single Person Company employs 92 UAE-licensed (Dubai) healthcare professionals in Dubai.,92,https://www.zavis.ai/professionals/facility/healthhub-bralfuttaim-healthcare-single-person-company-l-l-c
Healthhub Clinic,Dubai,Healthhub Clinic employs 23 UAE-licensed (Dubai) healthcare professionals in Dubai.,23,https://www.zavis.ai/professionals/facility/healthhub-clinic-alfuttaim-health-care-single-person-company
Healthhub NBr Alfuttaim Healthcare Single Person Company,Dubai,Healthhub NBr Alfuttaim Healthcare Single Person Company employs 21 UAE-licensed (Dubai) healthcare professionals in Dubai.,21,https://www.zavis.ai/professionals/facility/healthhub-nbr-alfuttaim-healthcare-single-person-company
Healthhub Plus,Dubai,Healthhub Plus employs 28 UAE-licensed (Dubai) healthcare professionals in Dubai.,28,https://www.zavis.ai/professionals/facility/healthhub-plus-al-futtaim-healthcare-single-person-company
Healthhub,Dubai,Healthhub employs 37 UAE-licensed (Dubai) healthcare professionals in Dubai.,37,https://www.zavis.ai/professionals/facility/healthhubalfuttaim-healthcare-single-person-company
Healthserve Home Healthcare,Dubai,Healthserve Home Healthcare employs 35 UAE-licensed (Dubai) healthcare professionals in Dubai.,35,https://www.zavis.ai/professionals/facility/healthserve-home-healthcare
Hhd Home Health Care,Dubai,Hhd Home Health Care employs 25 UAE-licensed (Dubai) healthcare professionals in Dubai.,25,https://www.zavis.ai/professionals/facility/hhd-home-health-care
Hollywood Smile Dental Clinic,Dubai,Hollywood Smile Dental Clinic employs 40 UAE-licensed (Dubai) healthcare professionals in Dubai.,40,https://www.zavis.ai/professionals/facility/hollywood-smile-dental-clinic
Hollywood Smile Fivestar Polyclinic,Dubai,Hollywood Smile Fivestar Polyclinic employs 29 UAE-licensed (Dubai) healthcare professionals in Dubai.,29,https://www.zavis.ai/professionals/facility/hollywood-smile-fivestar-polyclinic-l-l-c
Hope Abilitation Medical Center,Dubai,Hope Abilitation Medical Center employs 23 UAE-licensed (Dubai) healthcare professionals in Dubai.,23,https://www.zavis.ai/professionals/facility/hope-abilitation-medical-center
Horizon Dental Lab,Dubai,Horizon Dental Lab employs 22 UAE-licensed (Dubai) healthcare professionals in Dubai.,22,https://www.zavis.ai/professionals/facility/horizon-dental-lab
Hortman Clinics,Dubai,Hortman Clinics employs 27 UAE-licensed (Dubai) healthcare professionals in Dubai.,27,https://www.zavis.ai/professionals/facility/hortman-clinics
Houston Clinic,Dubai,Houston Clinic employs 32 UAE-licensed (Dubai) healthcare professionals in Dubai.,32,https://www.zavis.ai/professionals/facility/houston-clinic
Houston Medical Clinic,Dubai,Houston Medical Clinic employs 24 UAE-licensed (Dubai) healthcare professionals in Dubai.,24,https://www.zavis.ai/professionals/facility/houston-medical-clinic
Ibn Sina Center For Health,Dubai,Ibn Sina Center For Health employs 31 UAE-licensed (Dubai) healthcare professionals in Dubai.,31,https://www.zavis.ai/professionals/facility/ibn-sina-center-for-health
Icare Garden,Dubai,Icare Garden employs 32 UAE-licensed (Dubai) healthcare professionals in Dubai.,32,https://www.zavis.ai/professionals/facility/icare-gardenof-excel-healthcare
Innovation Family Polyclinic,Dubai,Innovation Family Polyclinic employs 67 UAE-licensed (Dubai) healthcare professionals in Dubai.,67,https://www.zavis.ai/professionals/facility/innovation-family-polyclinic
Innovo Build,Dubai,Innovo Build employs 21 UAE-licensed (Dubai) healthcare professionals in Dubai.,21,https://www.zavis.ai/professionals/facility/innovo-build
International Modern Hospital,Dubai,International Modern Hospital employs 366 UAE-licensed (Dubai) healthcare professionals in Dubai.,366,https://www.zavis.ai/professionals/facility/international-modern-hospital-l-l-c
Invisalign Center,Dubai,Invisalign Center employs 39 UAE-licensed (Dubai) healthcare professionals in Dubai.,39,https://www.zavis.ai/professionals/facility/invisalign-center
IVF International Fertility Center,Dubai,IVF International Fertility Center employs 20 UAE-licensed (Dubai) healthcare professionals in Dubai.,20,https://www.zavis.ai/professionals/facility/ivf-international-fertility-center
J P R Home Health Care,Dubai,J P R Home Health Care employs 38 UAE-licensed (Dubai) healthcare professionals in Dubai.,38,https://www.zavis.ai/professionals/facility/j-p-r-home-health-care
Jansons Medical Center,Dubai,Jansons Medical Center employs 25 UAE-licensed (Dubai) healthcare professionals in Dubai.,25,https://www.zavis.ai/professionals/facility/jansons-medical-center
Jts Medical Centre,Dubai,Jts Medical Centre employs 64 UAE-licensed (Dubai) healthcare professionals in Dubai.,64,https://www.zavis.ai/professionals/facility/jts-medical-centre
Jumeirah American Clinic,Dubai,Jumeirah American Clinic employs 30 UAE-licensed (Dubai) healthcare professionals in Dubai.,30,https://www.zavis.ai/professionals/facility/jumeirah-american-clinic
Jupiter Al Nahda Polyclinic,Dubai,Jupiter Al Nahda Polyclinic employs 20 UAE-licensed (Dubai) healthcare professionals in Dubai.,20,https://www.zavis.ai/professionals/facility/jupiter-al-nahda-polyclinic
Jupiter Specialty Medical Center,Dubai,Jupiter Specialty Medical Center employs 50 UAE-licensed (Dubai) healthcare professionals in Dubai.,50,https://www.zavis.ai/professionals/facility/jupiter-specialty-medical-center
Karama Medical Center,Dubai,Karama Medical Center employs 20 UAE-licensed (Dubai) healthcare professionals in Dubai.,20,https://www.zavis.ai/professionals/facility/karama-medical-center
Kaya Skin Care Clinic,Dubai,Kaya Skin Care Clinic employs 29 UAE-licensed (Dubai) healthcare professionals in Dubai.,29,https://www.zavis.ai/professionals/facility/kaya-skin-care-clinic
Kims Medical Centre,Dubai,Kims Medical Centre employs 40 UAE-licensed (Dubai) healthcare professionals in Dubai.,40,https://www.zavis.ai/professionals/facility/kims-medical-centre
"Kings College Hospital London, Medical Centre",Dubai,"Kings College Hospital London, Medical Centre employs 32 UAE-licensed (Dubai) healthcare professionals in Dubai.",32,https://www.zavis.ai/professionals/facility/kings-college-hospital-london-medical-centrekch-health-care
Kings College Hospital London Medical Centre,Dubai,Kings College Hospital London Medical Centre employs 51 UAE-licensed (Dubai) healthcare professionals in Dubai.,51,https://www.zavis.ai/professionals/facility/kings-college-hospital-london-medical-centrekch-healthcare
Kings College Hospital London Pharmacy,Dubai,Kings College Hospital London Pharmacy employs 32 UAE-licensed (Dubai) healthcare professionals in Dubai.,32,https://www.zavis.ai/professionals/facility/kings-college-hospital-london-pharmacykch-healthcare
Kings College Hospital London,Dubai,Kings College Hospital London employs 838 UAE-licensed (Dubai) healthcare professionals in Dubai.,838,https://www.zavis.ai/professionals/facility/kings-college-hospital-londonkch-healthcare
Kings Dental Center,Dubai,Kings Dental Center employs 39 UAE-licensed (Dubai) healthcare professionals in Dubai.,39,https://www.zavis.ai/professionals/facility/kings-dental-center
La vida clinic,Dubai,La vida clinic employs 20 UAE-licensed (Dubai) healthcare professionals in Dubai.,20,https://www.zavis.ai/professionals/facility/la-vida-clinic
Lamera Touch Medical Center,Dubai,Lamera Touch Medical Center employs 34 UAE-licensed (Dubai) healthcare professionals in Dubai.,34,https://www.zavis.ai/professionals/facility/lamera-touch-medical-center
Lana Dental Laboratory,Dubai,Lana Dental Laboratory employs 21 UAE-licensed (Dubai) healthcare professionals in Dubai.,21,https://www.zavis.ai/professionals/facility/lana-dental-laboratory
Laser Medical Center,Dubai,Laser Medical Center employs 34 UAE-licensed (Dubai) healthcare professionals in Dubai.,34,https://www.zavis.ai/professionals/facility/laser-medical-center
Latifa Hospital - Dubai Health,Dubai,Latifa Hospital - Dubai Health employs 874 UAE-licensed (Dubai) healthcare professionals in Dubai.,874,https://www.zavis.ai/professionals/facility/latifa-hospital-dh
Lenskart Optical Trading,Dubai,Lenskart Optical Trading employs 24 UAE-licensed (Dubai) healthcare professionals in Dubai.,24,https://www.zavis.ai/professionals/facility/lenskart-optical-trading
Liberty Dental Clinic,Dubai,Liberty Dental Clinic employs 47 UAE-licensed (Dubai) healthcare professionals in Dubai.,47,https://www.zavis.ai/professionals/facility/liberty-dental-clinic
Life Clinic 2,Dubai,Life Clinic 2 employs 30 UAE-licensed (Dubai) healthcare professionals in Dubai.,30,https://www.zavis.ai/professionals/facility/life-clinic-2life-clinic
Life Medical Center,Dubai,Life Medical Center employs 38 UAE-licensed (Dubai) healthcare professionals in Dubai.,38,https://www.zavis.ai/professionals/facility/life-medical-center
Lifenity Genomic Laboratory,Dubai,Lifenity Genomic Laboratory employs 24 UAE-licensed (Dubai) healthcare professionals in Dubai.,24,https://www.zavis.ai/professionals/facility/lifenity-genomic-laboratory-dmcc
Lotus Medical Center,Dubai,Lotus Medical Center employs 25 UAE-licensed (Dubai) healthcare professionals in Dubai.,25,https://www.zavis.ai/professionals/facility/lotus-medical-center
Lucia Aesthetic And Dermatology Center,Dubai,Lucia Aesthetic And Dermatology Center employs 28 UAE-licensed (Dubai) healthcare professionals in Dubai.,28,https://www.zavis.ai/professionals/facility/lucia-aesthetic-and-dermatology-center
Magenta Home Health Services,Dubai,Magenta Home Health Services employs 52 UAE-licensed (Dubai) healthcare professionals in Dubai.,52,https://www.zavis.ai/professionals/facility/magenta-home-health-services
Magrabi Eye Hospital - Outpatient Surgery Center,Dubai,Magrabi Eye Hospital - Outpatient Surgery Center employs 50 UAE-licensed (Dubai) healthcare professionals in Dubai.,50,https://www.zavis.ai/professionals/facility/magrabi-eye-hospital-outpatient-surgery-center
Maisan Medical Clinic,Dubai,Maisan Medical Clinic employs 40 UAE-licensed (Dubai) healthcare professionals in Dubai.,40,https://www.zavis.ai/professionals/facility/maisan-medical-clinic
Mamlakat Aljamal,Dubai,Mamlakat Aljamal employs 22 UAE-licensed (Dubai) healthcare professionals in Dubai.,22,https://www.zavis.ai/professionals/facility/mamlakat-aljamalbe-you-plus
Manila Polyclinic,Dubai,Manila Polyclinic employs 20 UAE-licensed (Dubai) healthcare professionals in Dubai.,20,https://www.zavis.ai/professionals/facility/manila-polyclinic
Manzil Home Health Services,Dubai,Manzil Home Health Services employs 38 UAE-licensed (Dubai) healthcare professionals in Dubai.,38,https://www.zavis.ai/professionals/facility/manzil-home-health-services
Marina Dental Center,Dubai,Marina Dental Center employs 39 UAE-licensed (Dubai) healthcare professionals in Dubai.,39,https://www.zavis.ai/professionals/facility/marina-dental-center-br
Matar Medical Center,Dubai,Matar Medical Center employs 32 UAE-licensed (Dubai) healthcare professionals in Dubai.,32,https://www.zavis.ai/professionals/facility/matar-medical-center
Me One Medical Center,Dubai,Me One Medical Center employs 24 UAE-licensed (Dubai) healthcare professionals in Dubai.,24,https://www.zavis.ai/professionals/facility/me-one-medical-center
Med X Pharmacy,Dubai,Med X Pharmacy employs 20 UAE-licensed (Dubai) healthcare professionals in Dubai.,20,https://www.zavis.ai/professionals/facility/med-x-pharmacy
Medcare Eye Centre,Dubai,Medcare Eye Centre employs 21 UAE-licensed (Dubai) healthcare professionals in Dubai.,21,https://www.zavis.ai/professionals/facility/medcare-eye-centremedcare-hospital
Medcare Hospital,Dubai,Medcare Hospital employs 315 UAE-licensed (Dubai) healthcare professionals in Dubai.,315,https://www.zavis.ai/professionals/facility/medcare-hospital
Medcare Medical Center,Dubai,Medcare Medical Center employs 31 UAE-licensed (Dubai) healthcare professionals in Dubai.,31,https://www.zavis.ai/professionals/facility/medcare-medical-center
Medcare Medical Center Discovery Gardens,Dubai,Medcare Medical Center Discovery Gardens employs 35 UAE-licensed (Dubai) healthcare professionals in Dubai.,35,https://www.zavis.ai/professionals/facility/medcare-medical-center-discovery-gardensmedcare-hospital
Medcare Medical Center Jbr - Br- Medcare Hospital,Dubai,Medcare Medical Center Jbr - Br- Medcare Hospital employs 20 UAE-licensed (Dubai) healthcare professionals in Dubai.,20,https://www.zavis.ai/professionals/facility/medcare-medical-center-jbr-br-medcare-hospital
Medcare Medical Center Mirdif,Dubai,Medcare Medical Center Mirdif employs 52 UAE-licensed (Dubai) healthcare professionals in Dubai.,52,https://www.zavis.ai/professionals/facility/medcare-medical-center-mirdif-br
Medcare Medical Centre Al Barsha,Dubai,Medcare Medical Centre Al Barsha employs 20 UAE-licensed (Dubai) healthcare professionals in Dubai.,20,https://www.zavis.ai/professionals/facility/medcare-medical-centre-al-barshamedcare-hos
Medcare Medical Centre Al Khawaneej,Dubai,Medcare Medical Centre Al Khawaneej employs 20 UAE-licensed (Dubai) healthcare professionals in Dubai.,20,https://www.zavis.ai/professionals/facility/medcare-medical-centre-al-khawaneejmedcare-hospital
Medcare Medical Centre Jumeirah,Dubai,Medcare Medical Centre Jumeirah employs 51 UAE-licensed (Dubai) healthcare professionals in Dubai.,51,https://www.zavis.ai/professionals/facility/medcare-medical-centre-jumeirahmedcare-hosp
Medcare Medical Centre Marina,Dubai,Medcare Medical Centre Marina employs 22 UAE-licensed (Dubai) healthcare professionals in Dubai.,22,https://www.zavis.ai/professionals/facility/medcare-medical-centre-marinamedcare-hospital
Medcare Medical Centre Motorcity,Dubai,Medcare Medical Centre Motorcity employs 28 UAE-licensed (Dubai) healthcare professionals in Dubai.,28,https://www.zavis.ai/professionals/facility/medcare-medical-centre-motorcitymedcare-hos
Medcare Orthopaedics And Spine Hospital,Dubai,Medcare Orthopaedics And Spine Hospital employs 129 UAE-licensed (Dubai) healthcare professionals in Dubai.,129,https://www.zavis.ai/professionals/facility/medcare-orthopaedics-and-spine-hospital
Medcare Physiotherapy And Rehabilitation Centre,Dubai,Medcare Physiotherapy And Rehabilitation Centre employs 21 UAE-licensed (Dubai) healthcare professionals in Dubai.,21,https://www.zavis.ai/professionals/facility/medcare-physiotherapy-and-rehabilitation-centre
Medcare Royal Speciality Hospital,Dubai,Medcare Royal Speciality Hospital employs 373 UAE-licensed (Dubai) healthcare professionals in Dubai.,373,https://www.zavis.ai/professionals/facility/medcare-royal-speciality-hospital-medcare-hospital
Medcare Women And Child Hospital,Dubai,Medcare Women And Child Hospital employs 317 UAE-licensed (Dubai) healthcare professionals in Dubai.,317,https://www.zavis.ai/professionals/facility/medcare-women-and-child-hospitalmedcare-hospital
Medeor 24X7 Hospital,Dubai,Medeor 24X7 Hospital employs 334 UAE-licensed (Dubai) healthcare professionals in Dubai.,334,https://www.zavis.ai/professionals/facility/medeor-24x7-hospital
Medi Centres Polyclinic,Dubai,Medi Centres Polyclinic employs 48 UAE-licensed (Dubai) healthcare professionals in Dubai.,48,https://www.zavis.ai/professionals/facility/medi-centres-polyclinic
Medi Sense Clinic,Dubai,Medi Sense Clinic employs 21 UAE-licensed (Dubai) healthcare professionals in Dubai.,21,https://www.zavis.ai/professionals/facility/medi-sense-clinic
Medical Innoventures,Dubai,Medical Innoventures employs 31 UAE-licensed (Dubai) healthcare professionals in Dubai.,31,https://www.zavis.ai/professionals/facility/medical-innoventures-dmcc
Medical Specialists Center,Dubai,Medical Specialists Center employs 48 UAE-licensed (Dubai) healthcare professionals in Dubai.,48,https://www.zavis.ai/professionals/facility/medical-specialists-center
Medical Village,Dubai,Medical Village employs 28 UAE-licensed (Dubai) healthcare professionals in Dubai.,28,https://www.zavis.ai/professionals/facility/medical-village
Medicina Pharmacy,Dubai,Medicina Pharmacy employs 144 UAE-licensed (Dubai) healthcare professionals in Dubai.,144,https://www.zavis.ai/professionals/facility/medicina-pharmacy
Mediclinic Al Sufouh,Dubai,Mediclinic Al Sufouh employs 33 UAE-licensed (Dubai) healthcare professionals in Dubai.,33,https://www.zavis.ai/professionals/facility/mediclinic-al-sufouh
Mediclinic Al Tawar Dialysis Centre,Dubai,Mediclinic Al Tawar Dialysis Centre employs 25 UAE-licensed (Dubai) healthcare professionals in Dubai.,25,https://www.zavis.ai/professionals/facility/mediclinic-al-tawar-dialysis-centremediclinic-clinics-investment
Mediclinic Arabian Ranches Clinic,Dubai,Mediclinic Arabian Ranches Clinic employs 32 UAE-licensed (Dubai) healthcare professionals in Dubai.,32,https://www.zavis.ai/professionals/facility/mediclinic-arabian-ranches-clinic
Mediclinic City Hospital,Dubai,Mediclinic City Hospital employs 929 UAE-licensed (Dubai) healthcare professionals in Dubai.,929,https://www.zavis.ai/professionals/facility/mediclinic-city-hospital
Mediclinic City Hospital FZ-LLC_Pharmacy,Dubai,Mediclinic City Hospital FZ-LLC_Pharmacy employs 39 UAE-licensed (Dubai) healthcare professionals in Dubai.,39,https://www.zavis.ai/professionals/facility/mediclinic-city-hospitalpharmacy
Mediclinic Creek Harbour,Dubai,Mediclinic Creek Harbour employs 29 UAE-licensed (Dubai) healthcare professionals in Dubai.,29,https://www.zavis.ai/professionals/facility/mediclinic-creek-harbour-mediclinic-clinics-investment
Mediclinic Deira Clinic,Dubai,Mediclinic Deira Clinic employs 36 UAE-licensed (Dubai) healthcare professionals in Dubai.,36,https://www.zavis.ai/professionals/facility/mediclinic-deira-clinicmediclinic-clinics-investment
Mediclinic Dubai Hills,Dubai,Mediclinic Dubai Hills employs 31 UAE-licensed (Dubai) healthcare professionals in Dubai.,31,https://www.zavis.ai/professionals/facility/mediclinic-dubai-hills
Mediclinic Dubai Mall Medical Centre Br Mediclinic Clinics,Dubai,Mediclinic Dubai Mall Medical Centre Br Mediclinic Clinics employs 193 UAE-licensed (Dubai) healthcare professionals in Dubai.,193,https://www.zavis.ai/professionals/facility/mediclinic-dubai-mall-medical-centre-br-mediclinic-clinics
Mediclinic Ibn Battuta Clinic,Dubai,Mediclinic Ibn Battuta Clinic employs 42 UAE-licensed (Dubai) healthcare professionals in Dubai.,42,https://www.zavis.ai/professionals/facility/mediclinic-ibn-battuta-clinic
Mediclinic Meadows Clinic,Dubai,Mediclinic Meadows Clinic employs 28 UAE-licensed (Dubai) healthcare professionals in Dubai.,28,https://www.zavis.ai/professionals/facility/mediclinic-meadows-clinic
Mediclinic Meaisem,Dubai,Mediclinic Meaisem employs 26 UAE-licensed (Dubai) healthcare professionals in Dubai.,26,https://www.zavis.ai/professionals/facility/mediclinic-meaisem
Mediclinic Mirdif Clinic,Dubai,Mediclinic Mirdif Clinic employs 40 UAE-licensed (Dubai) healthcare professionals in Dubai.,40,https://www.zavis.ai/professionals/facility/mediclinic-mirdif-clinic
Mediclinic Parkview Hospital,Dubai,"Mediclinic Parkview Hospital employs 1,012 UAE-licensed (Dubai) healthcare professionals in Dubai.",1012,https://www.zavis.ai/professionals/facility/mediclinic-parkview-hospital
Mediclinic Parkview Hospital Llc Pharmacy,Dubai,Mediclinic Parkview Hospital Llc Pharmacy employs 38 UAE-licensed (Dubai) healthcare professionals in Dubai.,38,https://www.zavis.ai/professionals/facility/mediclinic-parkview-hospitalpharmacy
Mediclinic Welcare Hospital,Dubai,Mediclinic Welcare Hospital employs 409 UAE-licensed (Dubai) healthcare professionals in Dubai.,409,https://www.zavis.ai/professionals/facility/mediclinic-welcare-hospital
Mediclinic Welcare Hospital Pharmacy,Dubai,Mediclinic Welcare Hospital Pharmacy employs 20 UAE-licensed (Dubai) healthcare professionals in Dubai.,20,https://www.zavis.ai/professionals/facility/mediclinic-welcare-hospital-pharmacy
Medicure Poly Clinic,Dubai,Medicure Poly Clinic employs 45 UAE-licensed (Dubai) healthcare professionals in Dubai.,45,https://www.zavis.ai/professionals/facility/medicure-poly-clinic
Medinova Diagnostic Center(24 Hours),Dubai,Medinova Diagnostic Center(24 Hours) employs 48 UAE-licensed (Dubai) healthcare professionals in Dubai.,48,https://www.zavis.ai/professionals/facility/medinova-diagnostic-center24-hours
Medsol Al Abbar Laboratories For Research And Medical Analys,Dubai,Medsol Al Abbar Laboratories For Research And Medical Analys employs 29 UAE-licensed (Dubai) healthcare professionals in Dubai.,29,https://www.zavis.ai/professionals/facility/medsol-al-abbar-laboratories-for-research-and-medical-analys
Medstar Healthcare,Dubai,Medstar Healthcare employs 55 UAE-licensed (Dubai) healthcare professionals in Dubai.,55,https://www.zavis.ai/professionals/facility/medstar-healthcare
Micris Dental Clinic,Dubai,Micris Dental Clinic employs 28 UAE-licensed (Dubai) healthcare professionals in Dubai.,28,https://www.zavis.ai/professionals/facility/micris-dental-clinic
Milena Aesthetic Clinic,Dubai,Milena Aesthetic Clinic employs 20 UAE-licensed (Dubai) healthcare professionals in Dubai.,20,https://www.zavis.ai/professionals/facility/milena-aesthetic-clinic
Mirdif Private Hospital,Dubai,Mirdif Private Hospital employs 463 UAE-licensed (Dubai) healthcare professionals in Dubai.,463,https://www.zavis.ai/professionals/facility/mirdif-private-hospital
Modern Family Clinic,Dubai,Modern Family Clinic employs 33 UAE-licensed (Dubai) healthcare professionals in Dubai.,33,https://www.zavis.ai/professionals/facility/modern-family-clinic
Molodost and Smile No Pain Polyclinic,Dubai,Molodost and Smile No Pain Polyclinic employs 21 UAE-licensed (Dubai) healthcare professionals in Dubai.,21,https://www.zavis.ai/professionals/facility/molodost-and-smile-no-pain-polyclinic
Montreal Home Health Care,Dubai,Montreal Home Health Care employs 23 UAE-licensed (Dubai) healthcare professionals in Dubai.,23,https://www.zavis.ai/professionals/facility/montreal-home-health-care
Moorfields Eye Hospital Dubai,Dubai,Moorfields Eye Hospital Dubai employs 71 UAE-licensed (Dubai) healthcare professionals in Dubai.,71,https://www.zavis.ai/professionals/facility/moorfields-eye-hospital-dubai
Mubadala Health Medical and Surgical,Dubai,Mubadala Health Medical and Surgical employs 120 UAE-licensed (Dubai) healthcare professionals in Dubai.,120,https://www.zavis.ai/professionals/facility/mubadala-health-medical-and-surgical
Muhaisnah Monitoring Medical Center – Dubai Health,Dubai,Muhaisnah Monitoring Medical Center – Dubai Health employs 192 UAE-licensed (Dubai) healthcare professionals in Dubai.,192,https://www.zavis.ai/professionals/facility/muhaisnah-monitoring-medical-center-dubai-health
Multi Care Medical Centre,Dubai,Multi Care Medical Centre employs 26 UAE-licensed (Dubai) healthcare professionals in Dubai.,26,https://www.zavis.ai/professionals/facility/multi-care-medical-centre
My London Skin Clinic,Dubai,My London Skin Clinic employs 22 UAE-licensed (Dubai) healthcare professionals in Dubai.,22,https://www.zavis.ai/professionals/facility/my-london-skin-clinic
N M C Royal Hospital Ltd - Dubai,Dubai,N M C Royal Hospital Ltd - Dubai employs 642 UAE-licensed (Dubai) healthcare professionals in Dubai.,642,https://www.zavis.ai/professionals/facility/n-m-c-royal-hospital-dubai
Nadd Al Hammar Medical Center - PHC,Dubai,Nadd Al Hammar Medical Center - PHC employs 228 UAE-licensed (Dubai) healthcare professionals in Dubai.,228,https://www.zavis.ai/professionals/facility/nadd-al-hammar-medical-center-phc
Nadd Al Sheba Medical Center - PHC,Dubai,Nadd Al Sheba Medical Center - PHC employs 32 UAE-licensed (Dubai) healthcare professionals in Dubai.,32,https://www.zavis.ai/professionals/facility/nadd-al-sheba-medical-center-phc
Nahdi pharmacy,Dubai,Nahdi pharmacy employs 28 UAE-licensed (Dubai) healthcare professionals in Dubai.,28,https://www.zavis.ai/professionals/facility/nahdi-pharmacy
National Reference Laboratory,Dubai,National Reference Laboratory employs 44 UAE-licensed (Dubai) healthcare professionals in Dubai.,44,https://www.zavis.ai/professionals/facility/national-reference-laboratory
Nephro Arabia Healthcare,Dubai,Nephro Arabia Healthcare employs 23 UAE-licensed (Dubai) healthcare professionals in Dubai.,23,https://www.zavis.ai/professionals/facility/nephro-arabia-healthcare
Neuropedia Childrens Neuroscience Center,Dubai,Neuropedia Childrens Neuroscience Center employs 39 UAE-licensed (Dubai) healthcare professionals in Dubai.,39,https://www.zavis.ai/professionals/facility/neuropedia-childrens-neuroscience-center
New Apollo Polyclinic,Dubai,New Apollo Polyclinic employs 30 UAE-licensed (Dubai) healthcare professionals in Dubai.,30,https://www.zavis.ai/professionals/facility/new-apollo-polyclinic-l-l-c
New Line Home Health Care Center,Dubai,New Line Home Health Care Center employs 27 UAE-licensed (Dubai) healthcare professionals in Dubai.,27,https://www.zavis.ai/professionals/facility/new-line-home-health-care-center
New Medical Center Ltd - Dubai,Dubai,New Medical Center Ltd - Dubai employs 95 UAE-licensed (Dubai) healthcare professionals in Dubai.,95,https://www.zavis.ai/professionals/facility/new-medical-center-dubai
New Sanaiya Clinic,Dubai,New Sanaiya Clinic employs 27 UAE-licensed (Dubai) healthcare professionals in Dubai.,27,https://www.zavis.ai/professionals/facility/new-sanaiya-clinic
New west Home Health Care Center,Dubai,New west Home Health Care Center employs 24 UAE-licensed (Dubai) healthcare professionals in Dubai.,24,https://www.zavis.ai/professionals/facility/new-west-home-health-care-center
Nhs Medical Center,Dubai,Nhs Medical Center employs 20 UAE-licensed (Dubai) healthcare professionals in Dubai.,20,https://www.zavis.ai/professionals/facility/nhs-medical-center
Nmc Royal Hospital Pharmacy,Dubai,Nmc Royal Hospital Pharmacy employs 30 UAE-licensed (Dubai) healthcare professionals in Dubai.,30,https://www.zavis.ai/professionals/facility/nmc-royal-hospital-pharmacy
NMC Royal Medical Centre,Dubai,NMC Royal Medical Centre employs 21 UAE-licensed (Dubai) healthcare professionals in Dubai.,21,https://www.zavis.ai/professionals/facility/nmc-royal-medical-centrenmc-royal-hospitaldubai
NMC Specialty Hospital Dip,Dubai,NMC Specialty Hospital Dip employs 104 UAE-licensed (Dubai) healthcare professionals in Dubai.,104,https://www.zavis.ai/professionals/facility/nmc-specialty-hospital-dipnmc-royal-hospitaldubai
N.M.C Specialty Hospital Ltd - Dubai,Dubai,N.M.C Specialty Hospital Ltd - Dubai employs 769 UAE-licensed (Dubai) healthcare professionals in Dubai.,769,https://www.zavis.ai/professionals/facility/nmc-specialty-hospital-dubai
Nmc Specialty Hospital Pharmacy,Dubai,Nmc Specialty Hospital Pharmacy employs 31 UAE-licensed (Dubai) healthcare professionals in Dubai.,31,https://www.zavis.ai/professionals/facility/nmc-specialty-hospital-pharmacy
Noor Al Sama Medical Center,Dubai,Noor Al Sama Medical Center employs 22 UAE-licensed (Dubai) healthcare professionals in Dubai.,22,https://www.zavis.ai/professionals/facility/noor-al-sama-medical-center
Noor Almamzar Medical Centre,Dubai,Noor Almamzar Medical Centre employs 171 UAE-licensed (Dubai) healthcare professionals in Dubai.,171,https://www.zavis.ai/professionals/facility/noor-almamzar-medical-centre
Northwest Clinic Day Surgical,Dubai,Northwest Clinic Day Surgical employs 33 UAE-licensed (Dubai) healthcare professionals in Dubai.,33,https://www.zavis.ai/professionals/facility/northwest-clinic-day-surgical
Nova Plastic Surgery Clinic,Dubai,Nova Plastic Surgery Clinic employs 22 UAE-licensed (Dubai) healthcare professionals in Dubai.,22,https://www.zavis.ai/professionals/facility/nova-plastic-surgery-clinic
Novitas Clinic,Dubai,Novitas Clinic employs 31 UAE-licensed (Dubai) healthcare professionals in Dubai.,31,https://www.zavis.ai/professionals/facility/novitas-clinic
Novomed Centers,Dubai,Novomed Centers employs 94 UAE-licensed (Dubai) healthcare professionals in Dubai.,94,https://www.zavis.ai/professionals/facility/novomed-centers
Novomed Specialized Surgical Hospital,Dubai,Novomed Specialized Surgical Hospital employs 56 UAE-licensed (Dubai) healthcare professionals in Dubai.,56,https://www.zavis.ai/professionals/facility/novomed-specialized-surgical-hospital
Nurseco Home Health Care,Dubai,Nurseco Home Health Care employs 20 UAE-licensed (Dubai) healthcare professionals in Dubai.,20,https://www.zavis.ai/professionals/facility/nurseco-home-health-care
omega Home Health Care Center,Dubai,omega Home Health Care Center employs 32 UAE-licensed (Dubai) healthcare professionals in Dubai.,32,https://www.zavis.ai/professionals/facility/omega-home-health-care-center
One Call Doctor Home Health Care Center,Dubai,One Call Doctor Home Health Care Center employs 27 UAE-licensed (Dubai) healthcare professionals in Dubai.,27,https://www.zavis.ai/professionals/facility/one-call-doctor-home-health-care-center
Open Minds Psychiatry Counselling and Neuroscience Centre,Dubai,Open Minds Psychiatry Counselling and Neuroscience Centre employs 23 UAE-licensed (Dubai) healthcare professionals in Dubai.,23,https://www.zavis.ai/professionals/facility/open-minds-psychiatry-counselling-and-neuroscience-centre-ll-c
Oral Implantology Medical Center,Dubai,Oral Implantology Medical Center employs 23 UAE-licensed (Dubai) healthcare professionals in Dubai.,23,https://www.zavis.ai/professionals/facility/oral-implantology-medical-center
Orchid Reproductive and Andrology Services FZ-LLC_2,Dubai,Orchid Reproductive and Andrology Services FZ-LLC_2 employs 34 UAE-licensed (Dubai) healthcare professionals in Dubai.,34,https://www.zavis.ai/professionals/facility/orchid-reproductive-and-andrology-services2
Orthocure Medical Center,Dubai,Orthocure Medical Center employs 39 UAE-licensed (Dubai) healthcare professionals in Dubai.,39,https://www.zavis.ai/professionals/facility/orthocure-medical-center
Orthosports Medical Center,Dubai,Orthosports Medical Center employs 28 UAE-licensed (Dubai) healthcare professionals in Dubai.,28,https://www.zavis.ai/professionals/facility/orthosports-medical-center
Oval Dental Clinic,Dubai,Oval Dental Clinic employs 20 UAE-licensed (Dubai) healthcare professionals in Dubai.,20,https://www.zavis.ai/professionals/facility/oval-dental-clinic
Padra Medical Centre,Dubai,Padra Medical Centre employs 52 UAE-licensed (Dubai) healthcare professionals in Dubai.,52,https://www.zavis.ai/professionals/facility/padra-medical-centre-l-l-c
Pakistan Medical Center,Dubai,Pakistan Medical Center employs 56 UAE-licensed (Dubai) healthcare professionals in Dubai.,56,https://www.zavis.ai/professionals/facility/pakistan-medical-center
Paradise Polyclinic,Dubai,Paradise Polyclinic employs 33 UAE-licensed (Dubai) healthcare professionals in Dubai.,33,https://www.zavis.ai/professionals/facility/paradise-polyclinic
Park Avenue Dental Clinic,Dubai,Park Avenue Dental Clinic employs 29 UAE-licensed (Dubai) healthcare professionals in Dubai.,29,https://www.zavis.ai/professionals/facility/park-avenue-dental-clinic
Ph Diagnostics,Dubai,Ph Diagnostics employs 22 UAE-licensed (Dubai) healthcare professionals in Dubai.,22,https://www.zavis.ai/professionals/facility/ph-diagnostics
Physio World Home Healthcare,Dubai,Physio World Home Healthcare employs 22 UAE-licensed (Dubai) healthcare professionals in Dubai.,22,https://www.zavis.ai/professionals/facility/physio-world-home-healthcare
Polar Bear General Dental Clinic,Dubai,Polar Bear General Dental Clinic employs 22 UAE-licensed (Dubai) healthcare professionals in Dubai.,22,https://www.zavis.ai/professionals/facility/polar-bear-general-dental-clinic
Premier Diagnostic Center,Dubai,Premier Diagnostic Center employs 65 UAE-licensed (Dubai) healthcare professionals in Dubai.,65,https://www.zavis.ai/professionals/facility/premier-diagnostic-center
Prestige Smile Clinic,Dubai,Prestige Smile Clinic employs 26 UAE-licensed (Dubai) healthcare professionals in Dubai.,26,https://www.zavis.ai/professionals/facility/prestige-smile-clinic
Prestige Star Home Health Care,Dubai,Prestige Star Home Health Care employs 21 UAE-licensed (Dubai) healthcare professionals in Dubai.,21,https://www.zavis.ai/professionals/facility/prestige-star-home-health-care
Prime Home Care,Dubai,Prime Home Care employs 90 UAE-licensed (Dubai) healthcare professionals in Dubai.,90,https://www.zavis.ai/professionals/facility/prime-home-care
Prime Hospital,Dubai,Prime Hospital employs 526 UAE-licensed (Dubai) healthcare professionals in Dubai.,526,https://www.zavis.ai/professionals/facility/prime-hospital
Prime Medical Center,Dubai,Prime Medical Center employs 122 UAE-licensed (Dubai) healthcare professionals in Dubai.,122,https://www.zavis.ai/professionals/facility/prime-medical-center
Prime Medical Center Al Warqa,Dubai,Prime Medical Center Al Warqa employs 61 UAE-licensed (Dubai) healthcare professionals in Dubai.,61,https://www.zavis.ai/professionals/facility/prime-medical-center-al-warqa-prime-medical-center
Prime Medical Center Barsha Heights,Dubai,Prime Medical Center Barsha Heights employs 71 UAE-licensed (Dubai) healthcare professionals in Dubai.,71,https://www.zavis.ai/professionals/facility/prime-medical-center-barsha-heightsl-l-c
Prime Medical Center Bur Dubai,Dubai,Prime Medical Center Bur Dubai employs 96 UAE-licensed (Dubai) healthcare professionals in Dubai.,96,https://www.zavis.ai/professionals/facility/prime-medical-center-bur-dubai-l-l-c
Prime Medical Center Jumeirah,Dubai,Prime Medical Center Jumeirah employs 62 UAE-licensed (Dubai) healthcare professionals in Dubai.,62,https://www.zavis.ai/professionals/facility/prime-medical-center-jumeirah-l-l-c
Prime Medical Center,Dubai,Prime Medical Center employs 111 UAE-licensed (Dubai) healthcare professionals in Dubai.,111,https://www.zavis.ai/professionals/facility/prime-medical-center-l-l-c
PRIME MEDICAL CENTER MAJAN Br ( OF PRIME MEDICAL CENTER),Dubai,PRIME MEDICAL CENTER MAJAN Br ( OF PRIME MEDICAL CENTER) employs 21 UAE-licensed (Dubai) healthcare professionals in Dubai.,21,https://www.zavis.ai/professionals/facility/prime-medical-center-majan-br-of-prime-medical-center
Prime Medical Center Motor City,Dubai,Prime Medical Center Motor City employs 81 UAE-licensed (Dubai) healthcare professionals in Dubai.,81,https://www.zavis.ai/professionals/facility/prime-medical-center-motor-cityprime-medical-center-l-lc
Prime Medical Center Nad Al Sheba,Dubai,Prime Medical Center Nad Al Sheba employs 20 UAE-licensed (Dubai) healthcare professionals in Dubai.,20,https://www.zavis.ai/professionals/facility/prime-medical-center-nad-al-shebaprime-medical-center
Prime Medical Center Nadd Al Hamar,Dubai,Prime Medical Center Nadd Al Hamar employs 33 UAE-licensed (Dubai) healthcare professionals in Dubai.,33,https://www.zavis.ai/professionals/facility/prime-medical-center-nadd-al-hamarprime-medical-center
Prime Medical Center Sheikh Zayed Road,Dubai,Prime Medical Center Sheikh Zayed Road employs 67 UAE-licensed (Dubai) healthcare professionals in Dubai.,67,https://www.zavis.ai/professionals/facility/prime-medical-center-sheikh-zayed-road-l-l-c
Primecorp Medical Center AL QUSAIS,Dubai,Primecorp Medical Center AL QUSAIS employs 30 UAE-licensed (Dubai) healthcare professionals in Dubai.,30,https://www.zavis.ai/professionals/facility/primecorp-medical-center-al-qusais
Primecorp Medical Center,Dubai,Primecorp Medical Center employs 37 UAE-licensed (Dubai) healthcare professionals in Dubai.,37,https://www.zavis.ai/professionals/facility/primecorp-medical-center-l-l-c
Private Care Center,Dubai,Private Care Center employs 22 UAE-licensed (Dubai) healthcare professionals in Dubai.,22,https://www.zavis.ai/professionals/facility/private-care-center
Procare Health Services,Dubai,Procare Health Services employs 22 UAE-licensed (Dubai) healthcare professionals in Dubai.,22,https://www.zavis.ai/professionals/facility/procare-health-services
Public Health Protection Department,Dubai,Public Health Protection Department employs 58 UAE-licensed (Dubai) healthcare professionals in Dubai.,58,https://www.zavis.ai/professionals/facility/public-health-protection-department
Pure Aesthetic Medical Center,Dubai,Pure Aesthetic Medical Center employs 23 UAE-licensed (Dubai) healthcare professionals in Dubai.,23,https://www.zavis.ai/professionals/facility/pure-aesthetic-medical-center-l-l-c
Queens Medical Center,Dubai,Queens Medical Center employs 50 UAE-licensed (Dubai) healthcare professionals in Dubai.,50,https://www.zavis.ai/professionals/facility/queens-medical-center
Quironsalud Specialty Hospital,Dubai,Quironsalud Specialty Hospital employs 42 UAE-licensed (Dubai) healthcare professionals in Dubai.,42,https://www.zavis.ai/professionals/facility/quironsalud-specialty-hospital
Quttainah Specialized Hospital,Dubai,Quttainah Specialized Hospital employs 117 UAE-licensed (Dubai) healthcare professionals in Dubai.,117,https://www.zavis.ai/professionals/facility/quttainah-specialized-hospital
Rashid Center for People of Determination,Dubai,Rashid Center for People of Determination employs 20 UAE-licensed (Dubai) healthcare professionals in Dubai.,20,https://www.zavis.ai/professionals/facility/rashid-center-for-people-of-determination
Rashid Hospital - Dubai Health,Dubai,"Rashid Hospital - Dubai Health employs 2,675 UAE-licensed (Dubai) healthcare professionals in Dubai.",2675,https://www.zavis.ai/professionals/facility/rashid-hospital-dh
Re Leaf Medical Centre,Dubai,Re Leaf Medical Centre employs 24 UAE-licensed (Dubai) healthcare professionals in Dubai.,24,https://www.zavis.ai/professionals/facility/re-leaf-medical-centre
Real 6 Pharmacy,Dubai,Real 6 Pharmacy employs 65 UAE-licensed (Dubai) healthcare professionals in Dubai.,65,https://www.zavis.ai/professionals/facility/real-6-pharmacy
Regency Home Health Care Center,Dubai,Regency Home Health Care Center employs 80 UAE-licensed (Dubai) healthcare professionals in Dubai.,80,https://www.zavis.ai/professionals/facility/regency-home-health-care-center
Rescare Home Health Care,Dubai,Rescare Home Health Care employs 62 UAE-licensed (Dubai) healthcare professionals in Dubai.,62,https://www.zavis.ai/professionals/facility/rescare-home-health-care
Response Plus Medical Services,Dubai,Response Plus Medical Services employs 85 UAE-licensed (Dubai) healthcare professionals in Dubai.,85,https://www.zavis.ai/professionals/facility/response-plus-medical-services-dubai
Reyada Home Health Care Services,Dubai,Reyada Home Health Care Services employs 47 UAE-licensed (Dubai) healthcare professionals in Dubai.,47,https://www.zavis.ai/professionals/facility/reyada-home-health-care-services-l-l-c
Risalla Home Health Care Services,Dubai,Risalla Home Health Care Services employs 80 UAE-licensed (Dubai) healthcare professionals in Dubai.,80,https://www.zavis.ai/professionals/facility/risalla-home-health-care-services-l-l-c
Rivoli Eye Zone,Dubai,Rivoli Eye Zone employs 40 UAE-licensed (Dubai) healthcare professionals in Dubai.,40,https://www.zavis.ai/professionals/facility/rivoli-eye-zone-magrabi-optical-company
Royal Health Group L.L.C.1,Dubai,Royal Health Group L.L.C.1 employs 21 UAE-licensed (Dubai) healthcare professionals in Dubai.,21,https://www.zavis.ai/professionals/facility/royal-health-group1-dubai
Royal Phoenix Clinic,Dubai,Royal Phoenix Clinic employs 48 UAE-licensed (Dubai) healthcare professionals in Dubai.,48,https://www.zavis.ai/professionals/facility/royal-phoenix-clinic
Royal Villanova Cosmetic and One Day Surgical Center,Dubai,Royal Villanova Cosmetic and One Day Surgical Center employs 24 UAE-licensed (Dubai) healthcare professionals in Dubai.,24,https://www.zavis.ai/professionals/facility/royal-villanova-cosmetic-and-one-day-surgical-center
Sahara Dental Clinic And Orthodontic Centre,Dubai,Sahara Dental Clinic And Orthodontic Centre employs 20 UAE-licensed (Dubai) healthcare professionals in Dubai.,20,https://www.zavis.ai/professionals/facility/sahara-dental-clinic-and-orthodontic-centre
Salwaty Home Healthcare,Dubai,Salwaty Home Healthcare employs 24 UAE-licensed (Dubai) healthcare professionals in Dubai.,24,https://www.zavis.ai/professionals/facility/salwaty-home-healthcare
Same Day Dental Clinic,Dubai,Same Day Dental Clinic employs 25 UAE-licensed (Dubai) healthcare professionals in Dubai.,25,https://www.zavis.ai/professionals/facility/same-day-dental-clinic
San Lucas Medical Center,Dubai,San Lucas Medical Center employs 20 UAE-licensed (Dubai) healthcare professionals in Dubai.,20,https://www.zavis.ai/professionals/facility/san-lucas-medical-center
Sandra Medical Center,Dubai,Sandra Medical Center employs 22 UAE-licensed (Dubai) healthcare professionals in Dubai.,22,https://www.zavis.ai/professionals/facility/sandra-medical-center
Saudi German Hospital,Dubai,Saudi German Hospital employs 818 UAE-licensed (Dubai) healthcare professionals in Dubai.,818,https://www.zavis.ai/professionals/facility/saudi-german-hospital
Saudi German Hospital Pharmacy,Dubai,Saudi German Hospital Pharmacy employs 44 UAE-licensed (Dubai) healthcare professionals in Dubai.,44,https://www.zavis.ai/professionals/facility/saudi-german-hospital-pharmacy
Seline Clinic,Dubai,Seline Clinic employs 30 UAE-licensed (Dubai) healthcare professionals in Dubai.,30,https://www.zavis.ai/professionals/facility/seline-clinic-l-l-c
Senior Citizens Happiness Centre- Dubai Health,Dubai,Senior Citizens Happiness Centre- Dubai Health employs 46 UAE-licensed (Dubai) healthcare professionals in Dubai.,46,https://www.zavis.ai/professionals/facility/senior-citizens-happiness-centre-dh
Seven D Medical Center,Dubai,Seven D Medical Center employs 37 UAE-licensed (Dubai) healthcare professionals in Dubai.,37,https://www.zavis.ai/professionals/facility/seven-d-medical-center
Seven Dental Centre,Dubai,Seven Dental Centre employs 31 UAE-licensed (Dubai) healthcare professionals in Dubai.,31,https://www.zavis.ai/professionals/facility/seven-dental-centre
Seven Dimensions Medical Center,Dubai,Seven Dimensions Medical Center employs 23 UAE-licensed (Dubai) healthcare professionals in Dubai.,23,https://www.zavis.ai/professionals/facility/seven-dimensions-medical-center
Shamma Clinic By Novomed,Dubai,Shamma Clinic By Novomed employs 29 UAE-licensed (Dubai) healthcare professionals in Dubai.,29,https://www.zavis.ai/professionals/facility/shamma-clinic-by-novomed
Shapoorji Pallonji Mideast LLC - Company Clinic,Dubai,Shapoorji Pallonji Mideast LLC - Company Clinic employs 23 UAE-licensed (Dubai) healthcare professionals in Dubai.,23,https://www.zavis.ai/professionals/facility/shapoorji-pallonji-mideast-company-clinic
Shefaa Al Madeena Pharmacy,Dubai,Shefaa Al Madeena Pharmacy employs 26 UAE-licensed (Dubai) healthcare professionals in Dubai.,26,https://www.zavis.ai/professionals/facility/shefaa-al-madeena-pharmacy
Sheikh Manaa Bin Hasher Al Maktoum Polyclinic,Dubai,Sheikh Manaa Bin Hasher Al Maktoum Polyclinic employs 40 UAE-licensed (Dubai) healthcare professionals in Dubai.,40,https://www.zavis.ai/professionals/facility/sheikh-manaa-bin-hasher-al-maktoum-polyclinic
Shifa Home Health Care,Dubai,Shifa Home Health Care employs 46 UAE-licensed (Dubai) healthcare professionals in Dubai.,46,https://www.zavis.ai/professionals/facility/shifa-home-health-care
Shiraz Medical Center,Dubai,Shiraz Medical Center employs 44 UAE-licensed (Dubai) healthcare professionals in Dubai.,44,https://www.zavis.ai/professionals/facility/shiraz-medical-center
Sidra Home Health Care Center,Dubai,Sidra Home Health Care Center employs 44 UAE-licensed (Dubai) healthcare professionals in Dubai.,44,https://www.zavis.ai/professionals/facility/sidra-home-health-care-center
Signature Plus General Medical Center,Dubai,Signature Plus General Medical Center employs 28 UAE-licensed (Dubai) healthcare professionals in Dubai.,28,https://www.zavis.ai/professionals/facility/signature-plus-general-medical-center
Skin Experts Polyclinic,Dubai,Skin Experts Polyclinic employs 25 UAE-licensed (Dubai) healthcare professionals in Dubai.,25,https://www.zavis.ai/professionals/facility/skin-experts-polyclinic
Skin Iii Ltd Dubai,Dubai,Skin Iii Ltd Dubai employs 28 UAE-licensed (Dubai) healthcare professionals in Dubai.,28,https://www.zavis.ai/professionals/facility/skin-iiidubai
Smart Salem Medical Center,Dubai,Smart Salem Medical Center employs 20 UAE-licensed (Dubai) healthcare professionals in Dubai.,20,https://www.zavis.ai/professionals/facility/smart-salem-medical-center-limited
Spanish Centre Lasik And Eyes And Cosmetic,Dubai,Spanish Centre Lasik And Eyes And Cosmetic employs 29 UAE-licensed (Dubai) healthcare professionals in Dubai.,29,https://www.zavis.ai/professionals/facility/spanish-centre-lasik-and-eyes-and-cosmetic-l-l-c
Star Home For Home Nursing,Dubai,Star Home For Home Nursing employs 21 UAE-licensed (Dubai) healthcare professionals in Dubai.,21,https://www.zavis.ai/professionals/facility/star-home-for-home-nursing-l-l-c
Star Metropolis Clinical Laboratoriesand Health Services Middle East,Dubai,Star Metropolis Clinical Laboratoriesand Health Services Middle East employs 27 UAE-licensed (Dubai) healthcare professionals in Dubai.,27,https://www.zavis.ai/professionals/facility/star-metropolis-clinical-laboratoriesand-health-services-middle-east
Steps Polyclinic,Dubai,Steps Polyclinic employs 26 UAE-licensed (Dubai) healthcare professionals in Dubai.,26,https://www.zavis.ai/professionals/facility/steps-polyclinic
Sterilization Unit - Dubai Health,Dubai,Sterilization Unit - Dubai Health employs 71 UAE-licensed (Dubai) healthcare professionals in Dubai.,71,https://www.zavis.ai/professionals/facility/sterilization-unit-dh
Sultan Al Olama Medical Center Barsha,Dubai,Sultan Al Olama Medical Center Barsha employs 29 UAE-licensed (Dubai) healthcare professionals in Dubai.,29,https://www.zavis.ai/professionals/facility/sultan-al-olama-medical-center-barsha
Super Care Pharmacy,Dubai,Super Care Pharmacy employs 246 UAE-licensed (Dubai) healthcare professionals in Dubai.,246,https://www.zavis.ai/professionals/facility/super-care-pharmacy
Sydney Medical Center,Dubai,Sydney Medical Center employs 72 UAE-licensed (Dubai) healthcare professionals in Dubai.,72,https://www.zavis.ai/professionals/facility/sydney-medical-center
Symbiosis Medical Centre,Dubai,Symbiosis Medical Centre employs 37 UAE-licensed (Dubai) healthcare professionals in Dubai.,37,https://www.zavis.ai/professionals/facility/symbiosis-medical-centreo
Syoss Home Healthcare,Dubai,Syoss Home Healthcare employs 28 UAE-licensed (Dubai) healthcare professionals in Dubai.,28,https://www.zavis.ai/professionals/facility/syoss-home-healthcare
Tawkeed Medical Fitness Center,Dubai,Tawkeed Medical Fitness Center employs 58 UAE-licensed (Dubai) healthcare professionals in Dubai.,58,https://www.zavis.ai/professionals/facility/tawkeed-medical-fitness-centertawkeed-investment
Thalassemia Center- Dubai Health,Dubai,Thalassemia Center- Dubai Health employs 36 UAE-licensed (Dubai) healthcare professionals in Dubai.,36,https://www.zavis.ai/professionals/facility/thalassemia-center-dh
The Dental Studio,Dubai,The Dental Studio employs 57 UAE-licensed (Dubai) healthcare professionals in Dubai.,57,https://www.zavis.ai/professionals/facility/the-dental-studio
The Doris Duan-Young Autism Center FZ-LLC_1,Dubai,The Doris Duan-Young Autism Center FZ-LLC_1 employs 20 UAE-licensed (Dubai) healthcare professionals in Dubai.,20,https://www.zavis.ai/professionals/facility/the-doris-duan-young-autism-center1
The General Medical Centre1,Dubai,The General Medical Centre1 employs 48 UAE-licensed (Dubai) healthcare professionals in Dubai.,48,https://www.zavis.ai/professionals/facility/the-general-medical-centre1g-m-c-healthcare
The Lighthouse Arabia,Dubai,The Lighthouse Arabia employs 37 UAE-licensed (Dubai) healthcare professionals in Dubai.,37,https://www.zavis.ai/professionals/facility/the-lighthouse-arabia
The Speech Clinic,Dubai,The Speech Clinic employs 43 UAE-licensed (Dubai) healthcare professionals in Dubai.,43,https://www.zavis.ai/professionals/facility/the-speech-clinic-fz
Tomoh Alamal Home Healthcare Center,Dubai,Tomoh Alamal Home Healthcare Center employs 55 UAE-licensed (Dubai) healthcare professionals in Dubai.,55,https://www.zavis.ai/professionals/facility/tomoh-alamal-home-healthcare-center
Top Life Physiotherapy and Hijjama Center,Dubai,Top Life Physiotherapy and Hijjama Center employs 24 UAE-licensed (Dubai) healthcare professionals in Dubai.,24,https://www.zavis.ai/professionals/facility/top-life-physiotherapy-and-hijjama-center
Trivita Home Healthcare,Dubai,Trivita Home Healthcare employs 36 UAE-licensed (Dubai) healthcare professionals in Dubai.,36,https://www.zavis.ai/professionals/facility/trivita-home-healthcare
Trudoc Health Care,Dubai,Trudoc Health Care employs 50 UAE-licensed (Dubai) healthcare professionals in Dubai.,50,https://www.zavis.ai/professionals/facility/trudoc-health-care
Trust Medical Laboratory,Dubai,Trust Medical Laboratory employs 21 UAE-licensed (Dubai) healthcare professionals in Dubai.,21,https://www.zavis.ai/professionals/facility/trust-medical-laboratory
Trustmedical Home Health Care Center,Dubai,Trustmedical Home Health Care Center employs 29 UAE-licensed (Dubai) healthcare professionals in Dubai.,29,https://www.zavis.ai/professionals/facility/trustmedical-home-health-care-center
UltraLasik Eye Center FZ-LLC_1,Dubai,UltraLasik Eye Center FZ-LLC_1 employs 24 UAE-licensed (Dubai) healthcare professionals in Dubai.,24,https://www.zavis.ai/professionals/facility/ultralasik-eye-center1
Umm Suqeim Health center - PHC,Dubai,Umm Suqeim Health center - PHC employs 51 UAE-licensed (Dubai) healthcare professionals in Dubai.,51,https://www.zavis.ai/professionals/facility/umm-suqeim-health-center-phc
Unicare Medical Center,Dubai,Unicare Medical Center employs 54 UAE-licensed (Dubai) healthcare professionals in Dubai.,54,https://www.zavis.ai/professionals/facility/unicare-medical-center
Unicare Medical Centre,Dubai,Unicare Medical Centre employs 48 UAE-licensed (Dubai) healthcare professionals in Dubai.,48,https://www.zavis.ai/professionals/facility/unicare-medical-centre
Unilabs Middle East,Dubai,Unilabs Middle East employs 55 UAE-licensed (Dubai) healthcare professionals in Dubai.,55,https://www.zavis.ai/professionals/facility/unilabs-middle-east
Union Medical Centre,Dubai,Union Medical Centre employs 37 UAE-licensed (Dubai) healthcare professionals in Dubai.,37,https://www.zavis.ai/professionals/facility/union-medical-centre
Unique Smile Clinic,Dubai,Unique Smile Clinic employs 21 UAE-licensed (Dubai) healthcare professionals in Dubai.,21,https://www.zavis.ai/professionals/facility/unique-smile-clinic
United Medical Center,Dubai,United Medical Center employs 48 UAE-licensed (Dubai) healthcare professionals in Dubai.,48,https://www.zavis.ai/professionals/facility/united-medical-center
Valiant Healthcare,Dubai,Valiant Healthcare employs 92 UAE-licensed (Dubai) healthcare professionals in Dubai.,92,https://www.zavis.ai/professionals/facility/valiant-healthcare
Value Poly Clinic,Dubai,Value Poly Clinic employs 35 UAE-licensed (Dubai) healthcare professionals in Dubai.,35,https://www.zavis.ai/professionals/facility/value-poly-clinic
Vcare Polyclinic,Dubai,Vcare Polyclinic employs 28 UAE-licensed (Dubai) healthcare professionals in Dubai.,28,https://www.zavis.ai/professionals/facility/vcare-polyclinic
Vesta Care Home Health Care Center,Dubai,Vesta Care Home Health Care Center employs 33 UAE-licensed (Dubai) healthcare professionals in Dubai.,33,https://www.zavis.ai/professionals/facility/vesta-care-home-health-care-center
Vida Clinics,Dubai,Vida Clinics employs 35 UAE-licensed (Dubai) healthcare professionals in Dubai.,35,https://www.zavis.ai/professionals/facility/vida-clinics
Vila Fortuny Laser Centre,Dubai,Vila Fortuny Laser Centre employs 23 UAE-licensed (Dubai) healthcare professionals in Dubai.,23,https://www.zavis.ai/professionals/facility/vila-fortuny-laser-centre
Vio Dental Laboratory,Dubai,Vio Dental Laboratory employs 22 UAE-licensed (Dubai) healthcare professionals in Dubai.,22,https://www.zavis.ai/professionals/facility/vio-dental-laboratory
VIP Doctor,Dubai,VIP Doctor employs 41 UAE-licensed (Dubai) healthcare professionals in Dubai.,41,https://www.zavis.ai/professionals/facility/vip-doctor
Vital Zone Home Health Care Center,Dubai,Vital Zone Home Health Care Center employs 53 UAE-licensed (Dubai) healthcare professionals in Dubai.,53,https://www.zavis.ai/professionals/facility/vital-zone-home-health-care-center
Vlcc International(L.L.C)Shik Zayed,Dubai,Vlcc International(L.L.C)Shik Zayed employs 20 UAE-licensed (Dubai) healthcare professionals in Dubai.,20,https://www.zavis.ai/professionals/facility/vlcc-internationalshik-zayed-br
Wade Adams Contracting LLC - Company Clinic,Dubai,Wade Adams Contracting LLC - Company Clinic employs 29 UAE-licensed (Dubai) healthcare professionals in Dubai.,29,https://www.zavis.ai/professionals/facility/wade-adams-contracting-company-clinic
Wahat Al Aman Home Health Care,Dubai,Wahat Al Aman Home Health Care employs 22 UAE-licensed (Dubai) healthcare professionals in Dubai.,22,https://www.zavis.ai/professionals/facility/wahat-al-aman-home-health-care-dubai
We Care Medical Center,Dubai,We Care Medical Center employs 43 UAE-licensed (Dubai) healthcare professionals in Dubai.,43,https://www.zavis.ai/professionals/facility/we-care-medical-center
York Diagnostic Laboratories,Dubai,York Diagnostic Laboratories employs 24 UAE-licensed (Dubai) healthcare professionals in Dubai.,24,https://www.zavis.ai/professionals/facility/york-diagnostic-laboratories-dmcc
Your Choice Healthcare,Dubai,Your Choice Healthcare employs 20 UAE-licensed (Dubai) healthcare professionals in Dubai.,20,https://www.zavis.ai/professionals/facility/your-choice-healthcare
Yugen Care By Dr Gehad,Dubai,Yugen Care By Dr Gehad employs 27 UAE-licensed (Dubai) healthcare professionals in Dubai.,27,https://www.zavis.ai/professionals/facility/yugen-care-by-dr-gehad
Zabeel Medical Center - PHC,Dubai,Zabeel Medical Center - PHC employs 31 UAE-licensed (Dubai) healthcare professionals in Dubai.,31,https://www.zavis.ai/professionals/facility/zabeel-medical-center-phc
Zia Medical Centre,Dubai,Zia Medical Centre employs 75 UAE-licensed (Dubai) healthcare professionals in Dubai.,75,https://www.zavis.ai/professionals/facility/zia-medical-centre
Zulekha Hospital,Dubai,Zulekha Hospital employs 538 UAE-licensed (Dubai) healthcare professionals in Dubai.,538,https://www.zavis.ai/professionals/facility/zulekha-hospital
