PROVIDER NAME,EMIRATE,NETWORK_TIER,AREA,TELEPHONE,PROVIDER TYPE,lat,lon
AL ABEER MEDICAL CENTER DAY SURGERY UNIT. L.L.C,AUH,"PLATINUM,G PLUS,GOLD,SILVER,BRONZE,BLUE",NAJDA STREET,02-5095000,HOSPITAL,24.489824,54.369768
AHALIA HOSPITAL,AUH,"PLATINUM,G PLUS,GOLD,SILVER,BRONZE,BLUE,HALA",HAMDAN STREET,02-6262666,HOSPITAL,24.488181,54.360019
SHEIKH KHALIFA MEDICAL CITY,AUH,"PLATINUM,G PLUS,GOLD,SILVER,BRONZE,BLUE,ASASI",KARAMA,02-8196491,HOSPITAL,24.470393,54.365691
LLH HOSPITAL LLC,AUH,"PLATINUM,G PLUS,GOLD,SILVER,BRONZE,BLUE,HALA,ASASI",ELECTRA STREET,80-0555333,HOSPITAL,24.48418,54.360684
CORNICHE HOSPITAL (EXCLUDING DENTAL,AUH,"PLATINUM,G PLUS,GOLD,SILVER,BRONZE,BLUE,ASASI",CORNICHE HOSPITAL,02-6724900,HOSPITAL,24.501422,54.36979
LLH HOSPITAL AL MUSAFFAH,AUH,"PLATINUM,G PLUS,GOLD,SILVER,BRONZE,BLUE,ASASI",MUSAFFAH,02-5557711,HOSPITAL,24.378533,54.517517
MADINAT ZAYED HOSPITAL (DENTAL INCLUDED EFFECTIVE FROM 01/11/2018,AUH,"PLATINUM,G PLUS,GOLD,SILVER,BRONZE,BLUE,ASASI","MADINAT ZAYED, WESTERN REGION",02-8071443,HOSPITAL,23.658371,53.680384
AL RAHBA HOSPITAL (EXCLUDING DENTAL,AUH,"PLATINUM,G PLUS,GOLD,SILVER,BRONZE,BLUE,ASASI",AL RAHBA,02-5064190,HOSPITAL,24.577256,54.695064
GHAYATHI HOSPITAL (DENTAL INCLUDED EFFECTIVE FROM 01/11/2018),AUH,"PLATINUM,G PLUS,GOLD,SILVER,BRONZE,BLUE,ASASI","GHIATHY, WESTERN REGION",02-8071656,HOSPITAL,23.848064,52.804474
DELMA HOSPITAL (DENTAL INCLUDED EFFECTIVE FROM 01/11/2018,AUH,"PLATINUM,G PLUS,GOLD,SILVER,BRONZE,BLUE,ASASI",DELMA,02-8942000,HOSPITAL,24.468917,54.3836
SILA HOSPITAL (DENTAL INCLUDED EFFECTIVE FROM 01/11/2018,AUH,"PLATINUM,G PLUS,GOLD,SILVER,BRONZE,BLUE,ASASI","SILA ,WESTERN REGION",26-7537842,HOSPITAL,24.0688,51.762017
MARFA HOSPITAL (DENTAL INCLUDED EFFECTIVE FROM 01/11/2018,AUH,"PLATINUM,G PLUS,GOLD,SILVER,BRONZE,BLUE,ASASI","MARFA, WESTERN REGION",02-8071443,HOSPITAL,24.085235,53.498244
LIWA HOSPITAL (DENTAL INCLUDED EFFECTIVE FROM 01/11/2018,AUH,"PLATINUM,G PLUS,GOLD,SILVER,BRONZE,BLUE,ASASI","LIWA,WESTERN REGION",02-8071655,HOSPITAL,23.147877,53.807084
BURJEEL HOSPITAL LLC,AUH,"PLATINUM,G PLUS,GOLD,SILVER,ASASI",NAJDA STREET,02-5085658,HOSPITAL,24.479376,54.380926
LIFECARE HOSPITAL .LLC,AUH,"PLATINUM,G PLUS,GOLD,SILVER,BRONZE,BLUE,HALA,ASASI",MAFRAQ AREA,02-5856333,HOSPITAL,24.25295,54.627733
AL DHANNAH HOSPITAL,AUH,"PLATINUM,G PLUS,GOLD,SILVER,BRONZE,BLUE,ASASI","AL DHAFRA REGION, AL DHANNAH CITY, ABU DHABI",02-6022444,HOSPITAL,24.101721,52.736541
LIFECARE HOSPITAL MUSAFFAH BRANCH1,AUH,"PLATINUM,G PLUS,GOLD,SILVER,BRONZE,BLUE,HALA,ASASI",NEAR VILLAGE MALL BEHIND ADNOC PUMP,02-4148241,HOSPITAL,24.361061,54.521375
NMC ROYAL WOMENS HOSPITAL L.L.C. (EXCLUDING DENTAL,AUH,"PLATINUM,G PLUS,GOLD,SILVER","AL JAZIRA SPORTS CLUB,PLOT36,MUROOR",02-5082000,HOSPITAL,24.452457,54.393345
HEALTH POINT HOSPITAL LLC (,AUH,"PLATINUM,G PLUS",NEAR ZAYED SPORTS CITY,02-4929576,HOSPITAL,24.418816,54.45282
CLEVELAND CLINIC ABU DHABI LLC,AUH,"PLATINUM,G PLUS","AL MAQAM TOWER,AL MARYAH ISLAND",02-6590200,HOSPITAL,24.4968,54.3891
MEDEOR 24X7 HOSPITAL LLC,AUH,"PLATINUM,G PLUS,GOLD,SILVER,BRONZE,ASASI","OPP EMPOST,MADINAT ZAYED,MUROOR",02-6900600,HOSPITAL,24.4803,54.3698
BAREEN INTERNATIONAL HOSPITAL (EXCLUDING DENTAL,AUH,"PLATINUM,G PLUS,GOLD,SILVER,BRONZE,BLUE","MOHAMMED BIN ZAYED CITY,",02-5545555,HOSPITAL,24.339732,54.554373
DANAT AL EMARAT HOSPITAL FOR WOMEN & CHILDREN LLC (EXCLUDING DENTAL AND  DR. TAHER BENHIDJEB LICENSE#GD12251),AUH,"PLATINUM,G PLUS,GOLD,SILVER,BRONZE,BLUE",ABU DHABI GATE CITY AREA,02-6149999,HOSPITAL,24.3964,54.5008
PHOENIX HOSPITAL LLC (EXCLUDING DR.MUSTAFA MOHAMED BASHIR  MOHAMEDBAKHIET -GD20073,AUH,"PLATINUM,G PLUS,GOLD,SILVER,BRONZE,BLUE","PLOT-1, SHABIA 10, MUSSAFAH,",02-6151515,HOSPITAL,24.332323,54.530804
SHEIKH SHAKBOUT MEDICAL CITY LLC,AUH,"PLATINUM,G PLUS,GOLD",SHEIKH MAKTOUM ROAD,02-5011111,HOSPITAL,24.32513,54.613673
BURJEEL MEDICAL CITY LLC,AUH,"PLATINUM,G PLUS,GOLD,SILVER","28TH STREET, MOHAMED BIN ZAYED CITY",02-5085555,HOSPITAL,24.354317,54.538929
REEM HOSPITAL L.L.C,AUH,"PLATINUM,G PLUS,GOLD,SILVER,BRONZE","OPPOSITE SORBONNE UNIVERSITY , REEM ISLAND",80-0007444,HOSPITAL,24.490902,54.412898
YAS CLINIC KHALIFA CITY - SOLE PROPRIETORSHIP L.L.C,AUH,"PLATINUM,G PLUS,GOLD,SILVER",KHALIFA CITY ABU DHABI,02-4945555,HOSPITAL,24.430314,54.582229
TARMEEM ORTHOPEDIC AND SPINE SPECIALTY HOSPITAL - L.L.C,AUH,"PLATINUM,G PLUS,GOLD,SILVER","SW 16, PLOT 1, KHALIFA CITY A , SECTOR 33",02-3013800,HOSPITAL,24.398021,54.554598
MILLENNIUM HOSPITAL L.L.C.,AUH,"PLATINUM,G PLUS,GOLD,SILVER,BRONZE,BLUE","MUSSAFAH C 175, ME 9,",02-6113333,HOSPITAL,24.341792,54.537435
GLOBAL CARE HOSPITAL - SOLE PROPRIETORSHIP LLC,AUH,"PLATINUM,G PLUS,GOLD,SILVER","WEST 14-1, BUILDING 419, HAZAA BIN ZAYED THE FIRST STREET,AL MANHAL AREA",02-4185100,HOSPITAL,24.46477,54.3475
OASIS HOSPITAL,ALAIN,"PLATINUM,G PLUS,GOLD,SILVER,BRONZE,HALA",AL MUTAWAA,03-7131159,HOSPITAL,24.206616,55.759712
EMIRATES INTERNATIONAL HOSPITAL,ALAIN,"PLATINUM,G PLUS,GOLD,SILVER,BRONZE,BLUE,HALA",OPPOSITE SAFEER SUPERMARKET,03-7637777,HOSPITAL,24.233988,55.722934
SPECIALIZED MEDICAL CARE HOSPITAL (,ALAIN,"PLATINUM,G PLUS,GOLD,SILVER,BRONZE,HALA",AL JAHILI,03-7552291,HOSPITAL,24.214816,55.757652
TAWAM HOSPITAL (EXCLUDING DR MUHAMMED  QAZAFI  MEMON GD22111,ALAIN,"PLATINUM,G PLUS,GOLD,SILVER,BRONZE,BLUE,ASASI",JIMMY AREA,03-7072337,HOSPITAL,24.195597,55.650405
NMC SPECIALITY HOSPITAL AL AIN,ALAIN,"PLATINUM,G PLUS,GOLD,SILVER,BRONZE,BLUE,HALA",AL JIMI,03-7020527,HOSPITAL,24.230451,55.742728
MEDICLINIC HOSPITAL LLC (AL AIN BRANCH HOSPITAL),ALAIN,"PLATINUM,G PLUS,GOLD,SILVER,BRONZE",AL MUTAWAA,03-7060269,HOSPITAL,24.224399,55.767717
AL WAGAN HOSPITAL (EXCLUDING DENTAL,ALAIN,"PLATINUM,G PLUS,GOLD,SILVER,BRONZE,BLUE,ASASI",AL WAGAN DISTRICT,03-7352222,HOSPITAL,23.616583,55.44335
AL AIN HOSPITAL (EXCLUDING DENTAL),ALAIN,"PLATINUM,G PLUS,GOLD,SILVER,BRONZE,BLUE,ASASI",AL JIMI,03-7022414,HOSPITAL,24.233034,55.732929
AIN AL KHALEEJ HOSPITAL,ALAIN,"PLATINUM,G PLUS,GOLD",BEHIND ALJIMI MALL,03-7133333,HOSPITAL,24.246319,55.724198
MEDICLINIC HOSPITALS L.L.C. ( AL JOWHARA HOSPITAL ),ALAIN,"PLATINUM,G PLUS,GOLD,SILVER",CIVIC CENTER,03-7051506,HOSPITAL,24.232547,55.724312
BURJEEL FARHA HOSPITAL LLC,ALAIN,"PLATINUM,G PLUS,GOLD,SILVER,BRONZE,ASASI","BIDA BIN AMMAR ST, ASHAREJ",03-7099000,HOSPITAL,24.206548,55.662652
BURJEEL ROYAL HOSPITAL LLC,ALAIN,"PLATINUM,G PLUS,GOLD,SILVER,ASASI","DOWN TOWN COM & RESCENTER, DOWN TOWN DISTRICT, QESAIDAH SECT OR",03-7991111,HOSPITAL,24.223943,55.758361
CZECH REHABILITATION HOSPITAL (EXCLUDING DR.MIODRAG MILENKOVIC - GD8771,ALAIN,"PLATINUM,G PLUS,GOLD,SILVER","AL JIMI, 31ST STREET, BESIDE UNIVERSAL HOSPITAL",03-7665544,HOSPITAL,24.245888,55.721647
DUBAI LONDON CLINIC & SPECIALTY HOSPITAL (EXCLUDING DENTAL),DXB,"PLATINUM,G PLUS,GOLD","JUMEIRAH,SHEIK SAEED VILLA",04-3782999,HOSPITAL,25.152993,55.201414
AMERICAN HOSPITAL-DUBAI (BR.OF MOHD&OBAID AL MULLA)(L.L.C.) (GOLD AND GOLD PLUS NETWORK ADDED EFFECTIVE FROM 01/12/2023),DXB,"PLATINUM,G PLUS,GOLD",OUD METHA ROAD,04-3776777,HOSPITAL,25.236253,55.313069
MEDICLINIC WELCARE HOSPITAL LLC,DXB,"PLATINUM,G PLUS,GOLD",AL GARHOUD,04-2827788,HOSPITAL,25.24687,55.340127
Aster Cedars Hospital Jebel Ali,DXB,"PLATINUM,G PLUS,GOLD,SILVER,BRONZE,BLUE,HALA,ASASI","JEBEL ALI,",04-8814000,HOSPITAL,25.01555,55.086853
EMIRATES HOSPITAL (EXCLUDING DENTAL),DXB,"PLATINUM,G PLUS,GOLD",JUMEIRA - 2,04-3496666,HOSPITAL,25.196926,55.237866
BELHOUL SPECIALITY HOSPITAL (LLC),DXB,"PLATINUM,G PLUS,GOLD,SILVER,BRONZE,HALA","AL-KHALEEJ STREE, NEAR JESCO MARKET",04-2733333,HOSPITAL,25.280577,55.313221
N.M.C SPECIALTY HOSPITAL LTD - DUBAI BRANCH,DXB,"PLATINUM,G PLUS,GOLD,SILVER,BRONZE,BLUE,HALA",AL NAHDA STREET,04-2679999,HOSPITAL,25.28996,55.369213
ZULEKHA HOSPITAL (L L C),DXB,"PLATINUM,G PLUS,GOLD,SILVER",AL HAMAD BIN SOUQAD,04-2678866,HOSPITAL,25.291257,55.38401
IRANIAN HOSPITAL,DXB,"PLATINUM,G PLUS,GOLD,SILVER,BRONZE,HALA",JUMEIRAH 1,04-3440250,HOSPITAL,25.230352,55.269059
MEDICLINIC CITY HOSPITAL FZ LLC,DXB,"PLATINUM,G PLUS,GOLD",DUBAI HEALTHCARE CITY,8001999,HOSPITAL,25.230129,55.322625
MEDCARE HOSPITAL,DXB,"PLATINUM,G PLUS,GOLD,SILVER",SAFA PARK,04-4079100,HOSPITAL,25.183311,55.242623
CANADIAN SPECIALIST HOSPITAL,DXB,"PLATINUM,G PLUS,GOLD,SILVER,BRONZE",DEIRA,04-7072709,HOSPITAL,25.277332,55.348598
BELHOUL EUROPEAN HOSPITAL (LLC),DXB,"PLATINUM,G PLUS,GOLD,SILVER,BRONZE,HALA",AL DIYAFA ROAD,04-3454000,HOSPITAL,25.236452,55.276153
INTERNATIONAL MODERN HOSPITAL (LLC),DXB,"PLATINUM,G PLUS,GOLD","SH.RASHID ST, AL RAFA,BUR DUBAI",04-4063273,HOSPITAL,25.248772,55.28353
AL GARHOUD PRIVATE HOSPITAL LLC,DXB,"PLATINUM,G PLUS,GOLD",GARHOUD AREA,04-4545000,HOSPITAL,25.251547,55.342509
SAUDI GERMAN HOSPITAL,DXB,"PLATINUM,G PLUS,GOLD",SHK ZAYED AL BARSHA,04-3890000,HOSPITAL,25.0973,55.18345
MEDCARE ORTHOPAEDIC & SPINE HOSPITAL,DXB,"PLATINUM,G PLUS,GOLD,SILVER","2ND INTERCHANGE, SHEIKH ZAYED ROAD",04-3768400,HOSPITAL,25.179243,55.247174
BURJEEL HOSPITAL FOR ADVANCED SURGERY (EXCLUDING DENTAL,DXB,"PLATINUM,G PLUS,GOLD,ASASI","SHEIKH ZAYED ST,NEXT TO NESTLE BLDG",04-2700424,HOSPITAL,25.146639,55.223488
AL ZAHRA (PVT) HOSPITAL DUBAI (LLC),DXB,"PLATINUM,G PLUS,GOLD,SILVER","SH.ZAYED ROAD,AL BARSHA",04-3786666,HOSPITAL,25.105937,55.180705
PRIME HOSPITAL LLC ((INCLUDING SILVER NETWORK EFFECTIVE FROM 15/06/2017)),DXB,"PLATINUM,G PLUS,GOLD,SILVER","CASABLANCA ST,AIRPORT ROAD,GARHOUD",04-2929777,HOSPITAL,25.249825,55.345568
N M C ROYAL HOSPITAL LTD,DXB,"PLATINUM,G PLUS,GOLD,SILVER,BRONZE,BLUE","PLOT 5981220, DUBAI INVESTMENT PARK",04-8108866,HOSPITAL,25.002982,55.153913
ASTER HOSPITAL (BR OF ASTER DM HEALTHCAR,DXB,"PLATINUM,G PLUS,GOLD,SILVER,BRONZE,HALA","KUWAIT STREET,MANKHOOL,SHARAF DG",04-3814800,HOSPITAL,25.252551,55.288874
MEDEOR 24X7 HOSPITAL LLC,DXB,"PLATINUM,G PLUS,GOLD,SILVER,ASASI","EMBASSY DISTRICT, UMM HURAIR ST",04-3500632,HOSPITAL,25.25734,55.306619
THUMBAY HOSPITAL LLC(DUBAI),DXB,"PLATINUM,G PLUS,GOLD,SILVER,BRONZE,BLUE","13 ST,AL QUSAIS 1,LULU SUPERMARKET",04-6030555,HOSPITAL,25.281456,55.365057
AL KUWAIT HOSPITAL DUBAI,DXB,"PLATINUM,G PLUS,GOLD,SILVER,BRONZE","AL KHALEEJ AL ARABI,DEIRA",04-6656113,HOSPITAL,25.282407,55.318268
DUBAI HEALTH AUTHORITY - RASHID HOSPITAL (OP SERVICES ADDED EFFECTIVE 15/04/2018),DXB,"PLATINUM,G PLUS,GOLD,SILVER,BRONZE,BLUE","OUD METHA,NEAR PAKISTAN EDU ACADEMY",04-2191000,HOSPITAL,25.244209,55.318134
MEDSTAR HEALTH CARE L.L.C.,DXB,"PLATINUM,G PLUS,GOLD,SILVER","OUD METHA,GULF TOWER, BESIDE DHCC",04-3879999,HOSPITAL,25.233371,55.342682
DUBAI HEALTH AUTHORITY - DUBAI HOSPITAL,DXB,"PLATINUM,G PLUS,GOLD,SILVER,BRONZE,BLUE","AL KHALEEJA ST, AL BARAHA",04-2195000,HOSPITAL,25.284613,55.321279
DUBAI HEALTH AUTHORITY LATIFA HOSPITAL,DXB,"PLATINUM,G PLUS,GOLD,SILVER,BRONZE,BLUE","OUD METHA, AL JADAF",04-3374000,HOSPITAL,25.222683,55.318327
DUBAI HEALTH AUTHORITY - HATTA HOSPITAL,DXB,"PLATINUM,G PLUS,GOLD,SILVER,BRONZE,BLUE",NEAR HATTA HILL PARK,04-8147000,HOSPITAL,24.800338,56.127684
MEDCARE WOMEN AND CHILDREN HOSPITAL (BR OF MEDCARE HOSPITAL (L.L.C.)),DXB,"PLATINUM,G PLUS,GOLD,SILVER","SH.ZAYED ST, NOOR ISLAMIC STATION,",800 633 2273,HOSPITAL,25.161139,55.230566
AL AMAL HOSPITAL,DXB,"PLATINUM,G PLUS,GOLD,SILVER,BRONZE",AL WASL ROAD,04-6656113,HOSPITAL,25.15442,55.513948
DR SULAIMAN AL HABIB HOSPITAL FZ LLC,DXB,"PLATINUM,G PLUS,GOLD","BUILDING 57,DUBAI HEALTHCARE CITY",04-4297777,HOSPITAL,25.232433,55.320952
EMIRATES SPECIALITY HOSPITAL FZ-LLC,DXB,"PLATINUM,G PLUS,GOLD","DUBAI HEALTHCARE CITY, BUILDING NO-62, OUD METHA,",04-2484500,HOSPITAL,25.232781,55.31862
AL JALILA CHILDREN'S SPECIALITY HOSPITAL FZ-LLC,DXB,"PLATINUM,G PLUS,GOLD","AL WASL ,PLOT 3260585",04-2811000,HOSPITAL,25.2256,55.319
ASTER HOSPITAL BR OF ASTER DM HEALTHCARE,DXB,"PLATINUM,G PLUS,GOLD,SILVER,BRONZE","9 A STREET, AL QUSAIS INDUSTRIAL AREA 2, AL QUSAIS",04-4546001,HOSPITAL,25.277436,55.39533
MEDICLINIC PARKVIEW HOSPITAL LLC,DXB,"PLATINUM,G PLUS,GOLD",AL BARSHA SOUTH THIRD,04-4168851,HOSPITAL,25.067077,55.249011
DUBAI LONDON CLINIC AND SPECIALITY HOSPITAL (BRANCH),DXB,"PLATINUM,G PLUS,GOLD","THE VILLA CENTRO MALL, NEXT TO SPINNEYS, WADI AL SAFA 5, ON DUBAI-ALAIN ROAD,",04-3782820,HOSPITAL,25.07929,55.289394
ADAM VITAL HOSPITAL L.L.C (EXCLUDING DR. MICHAEL WEBER),DXB,"PLATINUM,G PLUS,GOLD","AL WALEED BUILDING, 10TH STREET, AL GRAHOUD,",04-2068999,HOSPITAL,25.251149,55.343166
NOVOMED SPECIALIZED SURGICAL HOSPITAL L.L.C,DXB,"PLATINUM,G PLUS,GOLD","UM SUQAIM THIRD , GHEDAYERA OBAID MUBARAK BELJAFLA",8006686,HOSPITAL,25.135315,55.196554
KINGS COLLEGE HOSPITAL LONDON BR OF KCH HEALTHCARE LLC (EXCLUDING DENTAL,DXB,"PLATINUM,G PLUS,GOLD","AL MARABEA STEET, AL KHAIL ROAD",04-5199999,HOSPITAL,25.112571,55.254852
GARGASH HOSPITAL LLC,DXB,"PLATINUM,G PLUS,GOLD,SILVER","UMM AL SHEIF, UMM SUQEIM ROAD, DUBAI.",04-7030000,HOSPITAL,25.12772,55.194275
CLEMENCEAU MEDICAL CENTER FZ-LLC,DXB,"PLATINUM,G PLUS,GOLD","PLOT 22, DUBAI HEALTHCARE CITY PHASE 2, AL JADAF",04-2481111,HOSPITAL,25.21269,55.318102
FAKEEH UNIVERSITY HOSPITAL,DXB,PLATINUM,FAKEEH UNIVERSITY HOSPITAL BUILDING,04-4144444,HOSPITAL,25.12119,55.38701
MIRDIFF PRIVATE HOSPITAL,DXB,"PLATINUM,G PLUS,GOLD",MIRDIFF AREA,04-4545000,HOSPITAL,25.236258,55.426399
DUBAI LONDON HOSPITAL LLC,DXB,"PLATINUM,G PLUS,GOLD","JUMEIRAH BEACH ROAD, UMM SUQEIM 2",04-3782999,HOSPITAL,25.222879,55.352656
NEURO SPINAL HOSPITAL FZ-LLC (TEMPORARILY SUSPENDED FROM 27/06/2024),DXB,"PLATINUM,G PLUS,GOLD,SILVER","DUBAI SCIENCE PARK, AL BARSHA SOUTH",04-3153723,HOSPITAL,25.184236,55.227429
ASTER HOSPITAL SONAPUR,DXB,"PLATINUM,G PLUS,GOLD,SILVER,BRONZE,BLUE","SONAPUR, ALGERIA STREET, MUHAISNAH",04-4400500,HOSPITAL,25.264627,55.433619
COSMESURGE PLASTIC SURGERY HOSPITAL AND CLINICS L.L.C,DXB,"PLATINUM,G PLUS,GOLD",JUMEIRA-2,04-5200444,HOSPITAL,25.2272,55.2832
NMC SPECIALTY HOSPITAL DIP BR OF NMC ROYAL HOSPITAL LTD,DXB,"PLATINUM,G PLUS,GOLD,SILVER,BRONZE,BLUE,HALA","COMMUNITY ,NEAR EMICOOL HEAD",04-8019129,HOSPITAL,25.009615,55.158817
MEDCARE ROYAL SPECIALITY HOSPITAL BR OF MEDCARE HOSPITAL L.L.C,DXB,"PLATINUM,G PLUS,GOLD","AL QUSAIS SECOND,NAMAAH PREMISES,AL TWAR",56-9217258,HOSPITAL,25.164875,55.212083
BARRAQUER EYE HOSPITAL FZ-LLC,DXB,"PLATINUM,G PLUS,GOLD","DUBAI HEALTHCARE CITY - PHASE II, AL JADAF",04-5739999,HOSPITAL,25.209904,55.31993
NMC ROYAL HOSPITAL LTD - SHJ.BR,SHJ,"PLATINUM,G PLUS,GOLD",AL GHUWAIR,06-5619999,HOSPITAL,25.360392,55.394179
ZULEKHA HOSPITAL LLC - SHARJAH,SHJ,"PLATINUM,G PLUS,GOLD,SILVER,HALA",NEAR FIRE R/A,06-5658866,HOSPITAL,25.3688,55.404688
SHARJAH CORNICHE HOSPITAL L.L.C,SHJ,"PLATINUM,G PLUS,GOLD,SILVER,BRONZE,BLUE,ASASI",BUHAIRA CORNICHE STREET,06-5751222,HOSPITAL,25.340812,55.385979
CENTRAL ( PVT ) HOSPITAL LLC.,SHJ,"PLATINUM,G PLUS,GOLD,SILVER,BRONZE,HALA",SHEIKH ZAYED STREET,06-5639900,HOSPITAL,25.361032,55.398151
UNIVERSITY HOSPITAL SHARJAH,SHJ,"PLATINUM,G PLUS,GOLD",UNIVERSITY AIRPORT ROAD,06-5058555,HOSPITAL,25.299022,55.490234
ALQASSIMI HOSPITAL UAE (,SHJ,"PLATINUM,G PLUS,GOLD,SILVER,BRONZE","WASIT STREET,AL KHEZAMIA",04-6656113,HOSPITAL,25.341589,55.430934
AL KUWAIT HOSPITAL (,SHJ,"PLATINUM,G PLUS,GOLD,SILVER,BRONZE",SH RASHID BIN HAMEED STREET,04-6656113,HOSPITAL,25.370302,55.414797
MEDCARE HOSPITAL LLC - SHRAJAH - BR,SHJ,"PLATINUM,G PLUS,GOLD,SILVER",KING FAISAL STREET,52-5094006,HOSPITAL,25.34211,55.388407
KHORFAKKAN HOSPITAL,SHJ,"PLATINUM,G PLUS,GOLD,SILVER,BRONZE",KHORFAKKAN,04-6656113,HOSPITAL,25.336698,56.341123
KALBA HOSPITAL,SHJ,"PLATINUM,G PLUS,GOLD,SILVER,BRONZE","KHORFAKKAN ST,KALBA",04-6656113,HOSPITAL,25.036021,56.344144
AL DHAID HOSPITAL,SHJ,"PLATINUM,G PLUS,GOLD,SILVER,BRONZE","DHAID RD,NEAR DHAID PUBLIC LIBRARY",04-6656113,HOSPITAL,25.280046,55.891974
SAUDI GERMAN HOSPITAL SHJ.BR.,SHJ,"PLATINUM,G PLUS,GOLD,SILVER,BRONZE","36.60 STREET, SHEIKH MOHAMMAD BIN SAGER AL QASIMI",06-5569900,HOSPITAL,25.3774,55.400799
ALQASSIMI WOMENS & CHILDRENS HOSPITAL,SHJ,"PLATINUM,G PLUS,GOLD,SILVER,BRONZE","SULTAN AL QASSIMI STREET,",04-6656113,HOSPITAL,25.340643,55.433152
BURJEEL SPECIALITY HOSPITAL L.L.C,SHJ,"PLATINUM,G PLUS,GOLD,SILVER,ASASI","AL FAYHA, OPP LULU HYPER MARKE",06-5075073,HOSPITAL,25.3586,55.4063
ASTER HOSPITAL,SHJ,"PLATINUM,G PLUS,GOLD,SILVER,BRONZE,BLUE","BEHIND MEGA MALL, AL BU DANIQ",04-4400500,HOSPITAL,25.343858,55.40352
THUMBAY HOSPITAL LLC,AJM,"PLATINUM,G PLUS,GOLD,SILVER,BRONZE,BLUE",SHAIK ZAYED ROAD,06-7403494,HOSPITAL,25.381952,55.462393
AJMAN SPECIALTY HOSPITAL,AJM,"PLATINUM,G PLUS,GOLD,SILVER,BRONZE,BLUE",MAKTOUM STREET,06-7052200,HOSPITAL,25.392827,55.481769
AMINA HOSPITAL LLC,AJM,"PLATINUM,G PLUS,GOLD,SILVER,BRONZE,BLUE,ASASI","DREAMSEA DISCOUNT CENT,SH.RASHID ST",06-7114444,HOSPITAL,25.403734,55.447832
SHEIKH KHALIFA HOSPITAL AJMAN,AJM,"PLATINUM,G PLUS,GOLD,SILVER,BRONZE,BLUE","UNIVERSITY STREET, NEAR CITY CENTER AJMAN, AL JURF 1",06-7117777,HOSPITAL,25.415647,55.49711
SHEIKH KHALIFA HOSPITAL MASFOUT,AJM,"PLATINUM,G PLUS,GOLD,SILVER,BRONZE,BLUE","NEAR MASJID OBAID AL SHAALI, SAYH MUDAYRAH",04-8099999,HOSPITAL,24.828797,56.113782
SHEIKH KHALIFA MATERNITY AND PAEDIATRIC HOSPITAL,AJM,"PLATINUM,G PLUS,GOLD,SILVER,BRONZE,BLUE","UNIVERSITY STREET, NEAR CITY CENTER AJMAN, AL JURF 1",06-7118616,HOSPITAL,25.415659,55.497107
THUMBAY UNIVERSITY HOSPITAL COMPLEX - L.L.C,AJM,"PLATINUM,G PLUS,GOLD,SILVER,BRONZE,BLUE","UNIVERSITY STREET, AL JURF",06-7147555,HOSPITAL,25.310619,55.460203
SAUDI GERMAN HOSPITAL- AJMAN,AJM,"PLATINUM,G PLUS,GOLD,SILVER,BRONZE","SHEIKH AMMAR BIN HUMAID STREET (BESIDES CUCA CITY UNIVERSITY COLLEGE OF AJMAN),",04-3890110,HOSPITAL,25.368083,55.50959
RAK HOSPITAL,RAK,"PLATINUM,G PLUS,GOLD,SILVER,BRONZE,BLUE,HALA,ASASI",AL QUSAIDAT,07-2074444,HOSPITAL,25.768446,55.976521
SHEIKH KHALIFA SPECIALTY HOSPITAL (EXCLUDING DENTAL,RAK,"PLATINUM,G PLUS,GOLD,SILVER,BRONZE","AL SHOHADAA ROAD ,",07-2444444,HOSPITAL,25.623187,55.83966
SAQAR HOSPITAL (,RAK,"PLATINUM,G PLUS,GOLD,SILVER,BRONZE","AL JUWAIS AREA,",04-6656113,HOSPITAL,25.770249,55.976742
IBRAHIM BIN HAMAD OBAID ALLAH HOSPITAL,RAK,"PLATINUM,G PLUS,GOLD,SILVER,BRONZE",AL NAKHEEL,04-6656113,HOSPITAL,25.796603,55.982797
OBAIDALLAH GERIATRIC HOSPITAL,RAK,"PLATINUM,G PLUS,GOLD",AL ORAIBI,07-2223555,HOSPITAL,25.796612,55.982794
SHAM HOSPITAL,RAK,"PLATINUM,G PLUS,GOLD,SILVER,BRONZE","OPP CHOITHRAM SUPERMARKET,AL NAKHEE",04-6656113,HOSPITAL,26.020805,56.08775
ABDULLAH BIN OMRAN HOSPITAL FOR OBSTETRICS & GYNECOLOGY,RAK,"PLATINUM,G PLUS,GOLD,SILVER,BRONZE",AL DIGDAGA,04-6656113,HOSPITAL,25.646987,55.95758
THUMBAY HOSPITAL L.L.C FUJAIRAH BRANCH,FUJ,"PLATINUM,G PLUS,GOLD,SILVER,BRONZE,BLUE",NEAR AL FASEEL,09-2244233,HOSPITAL,25.131813,56.341334
ALSHARQ HOSPITAL,FUJ,"PLATINUM,G PLUS,GOLD,SILVER,BRONZE,BLUE,ASASI","AL FASEEL ROAD, BESIDE PREVENTIVE",09-2059748,HOSPITAL,25.151325,56.351182
DIBBA HOSPITAL,FUJ,"PLATINUM,G PLUS,GOLD,SILVER,BRONZE",DIBA AL FUJAIRAH,09-2446666,HOSPITAL,25.58838,56.266501
MASAFI HOSPITAL,FUJ,"PLATINUM,G PLUS,GOLD,SILVER,BRONZE",E88 IN FUJAIRAH,04-6656113,HOSPITAL,25.298768,56.165016
AL FUJAIRAH HOSPITAL,FUJ,"PLATINUM,G PLUS,GOLD,SILVER,BRONZE","SKH.KHALIFA BIN ZAYED ROAD, OPP FUJ",04-6656113,HOSPITAL,25.125352,56.313912
SHEIKH KHALIFA GENERAL HOSPITAL,UMQ,"PLATINUM,G PLUS,GOLD,SILVER","AL SALAMA,MINISTRY SOCIAL AFFAIRS",06-7061111,HOSPITAL,25.50114,55.59884
UMM  AL QUWAIN HOSPITAL,UMQ,"PLATINUM,G PLUS,GOLD,SILVER,BRONZE","KING FAISAL ROAD, AL RAAS",04-6656113,HOSPITAL,25.574291,55.558877
FREEDOM MEDICAL POLY CLINIC L.L.C (EXCLUDING DENTAL),AUH,"PLATINUM,G PLUS,GOLD,SILVER,BRONZE,BLUE",ZAYED THE 2ND,02-6336744,MEDICAL CENTER,24.488198,54.364669
NEW NATIONAL MEDICAL CENTRE,AUH,"PLATINUM,G PLUS,GOLD,SILVER,BRONZE,BLUE",MUSAFFAH,02-5520100,MEDICAL CENTER,24.337515,54.53219
ANSARI MEDICAL CENTRE - LLC,AUH,"PLATINUM,G PLUS,GOLD,SILVER,BRONZE,BLUE",AL NASER ST,02-6394139,MEDICAL CENTER,24.475842,54.321255
MAKKAH SPECIALISED MEDICAL CENTRE,AUH,"PLATINUM,G PLUS,GOLD,SILVER,BRONZE,BLUE",HAMDAN STREET,02-6223245,MEDICAL CENTER,24.4869,54.358028
IBN NAFEES MEDICAL CENTER,AUH,"PLATINUM,G PLUS,GOLD,SILVER,BRONZE,BLUE",NAJDA STREET,02-6324200,MEDICAL CENTER,24.491406,54.368548
TAHA MEDICAL CENTRE,AUH,"PLATINUM,G PLUS,GOLD,SILVER,BRONZE,BLUE",AL FALAH STREET,02-6343438,MEDICAL CENTER,24.480685,54.371536
AMWAJ MEDICAL CENTER,AUH,"PLATINUM,G PLUS,GOLD,SILVER,BRONZE",KHALIFA STREET,02-6273888,MEDICAL CENTER,24.491611,54.360029
AMERICAN CRESCENT HEALTH CARE CENTER,AUH,"PLATINUM,G PLUS,GOLD,SILVER,BRONZE,BLUE,ASASI",AL KHALIDYAH STREET CENTRAL AREA,02-6325000,MEDICAL CENTER,24.479435,54.355995
CORNICHE GATE MEDICAL CENTER- SOLE PROPRIETORSHIP L.L.C,AUH,"PLATINUM,G PLUS,GOLD,SILVER,BRONZE,BLUE","VILLA 110, VEN LOUTEYA AL NASR ST.",02-4488442,MEDICAL CENTER,24.48128,54.350851
AL AMAL MEDICAL CENTER,AUH,"PLATINUM,G PLUS,GOLD,SILVER,BRONZE",BANIYAS CITY,02-5832331,MEDICAL CENTER,24.282937,54.646916
GOLDEN SANDS MEDICAL CENTRE,AUH,"PLATINUM,G PLUS,GOLD,SILVER,BRONZE,BLUE",OLD PASSPORT ROAD,02-6427171,MEDICAL CENTER,24.480363,54.3727
"AMRITA MEDICAL CENTRE (PHYSIOTHERAPY SERVICES INCLUDED EFFECTIVE 14/02/2019, EXCLUDING MOSTAFA KAMAL ELEISHY- GD6773",AUH,"PLATINUM,G PLUS,GOLD,SILVER,BRONZE",SHERATON KHALIDIYA,02-6661555,MEDICAL CENTER,24.4767,54.348
CONSULTANTS MEDICAL CENTRE,AUH,"PLATINUM,G PLUS,GOLD,SILVER",SALAM STREET,02-6794100,MEDICAL CENTER,24.499082,54.375787
APOLLO MEDICAL CENTRE,AUH,"PLATINUM,G PLUS,GOLD,SILVER,BRONZE,BLUE,ASASI",BHS BUILDING,02-6397733,MEDICAL CENTER,24.487971,54.363538
AL HENDAWY MEDICAL CENTRE. (EXCLUDING DENTAL),AUH,"PLATINUM,G PLUS,GOLD,SILVER","MURROR ROAD,OPP MADINAT ZAYED SHOPPING CENTER",02-6213666,MEDICAL CENTER,24.470744,54.364801
"THE SPECIALIST DIABETES TREATMENT""&"" RESEARCH CENTRE (IMPERIAL COLLEGE LONDON DIABETES CENTRE) L.L.C (EXCLUDING DENTAL)",AUH,"PLATINUM,G PLUS",AL KHALEEJ AL ARABI STREET,02-4040951,MEDICAL CENTER,24.420337,54.428385
BANIYAS MEDICAL CLINICS,AUH,"PLATINUM,G PLUS,GOLD,SILVER,BRONZE",BANIYAS,02-5831116,MEDICAL CENTER,24.287183,54.64145
BLOOM PLUS MEDICAL CENTER - LLC,AUH,"PLATINUM,G PLUS,GOLD,SILVER,BRONZE","VILLA 711, AL ANWAR STREET,Z20, MBZ CITY",02-8865880,MEDICAL CENTER,24.4855,54.36225
COSMPOLITAN MEDICAL CENTRE - SOLE PROPRIETORSHIP L.L.C. (EXCLUDING DENTAL),AUH,"PLATINUM,G PLUS,GOLD,SILVER,BRONZE,BLUE,ASASI","201, FIRST FLOOR, HAMEEM MALL, AL DHAFRAH REGION",02-6314422,MEDICAL CENTER,24.488617,54.366633
AMERICAN EUROPEAN MEDICAL CENTER,AUH,"PLATINUM,G PLUS,GOLD,SILVER,BRONZE,BLUE",OLD AIRPORT ROAD,02-4455477,MEDICAL CENTER,24.461272,54.379743
"ADAM & EVE SPECIALIZED MEDICAL CENTER (EXCLUDING DENTAL,ALTERNATIVE TREATMENT SERVICES,GD20483-HODA MOHAMED,DR.PRATHIBA JOHNS-GD15495,DR.JISHA RACHEL GD17357,DR. JASEENA THIDIL GD19582,DR.SHINE SHERSHAD GA3501,DR.ATHIRA CHERAKKARA)",AUH,"PLATINUM,G PLUS,GOLD,SILVER,BRONZE,BLUE",NEAR ELDERADO CINEMA-ELECTRA STREET,02-6767366,MEDICAL CENTER,24.493143,54.372447
"MARIYAM MEDICAL CLINIC (EXCLUDING DENTAL, EXCLUDING DOCTOR SANOBER MUMTAZ ALI SANAULLAH-GD20667",AUH,"PLATINUM,G PLUS,GOLD,SILVER,BRONZE,BLUE",HAMDAN STREET,02-6214626,MEDICAL CENTER,24.290846,54.213696
AL AMEEN MEDICAL CENTRE,AUH,"PLATINUM,G PLUS,GOLD,SILVER,BRONZE,BLUE",ELECTRA STREET,02-6339722,MEDICAL CENTER,24.487351,54.366019
HOME HEALTH MEDICAL CENTRE,AUH,"PLATINUM,G PLUS,GOLD,SILVER,BRONZE,BLUE",MUSSAFAH,02-5530162,MEDICAL CENTER,24.327609,54.533018
ADVANCED CURE DIAGNOSTIC CENTER,AUH,"PLATINUM,G PLUS,GOLD,SILVER,BRONZE",AL BATEEN,02-4100900,MEDICAL CENTER,24.459255,54.349241
AL RAFA MEDICAL CENTRE AUH,AUH,"PLATINUM,G PLUS,GOLD,SILVER,BRONZE,BLUE","UNITED SQUARE BUILDING, BESIDE KHALIDIYA MALL",02-6266672,MEDICAL CENTER,24.490605,54.363787
AL MARIA MEDICAL CENTRE,AUH,"PLATINUM,G PLUS,GOLD,SILVER,BRONZE,BLUE","ZAYED 2 STREET, ELECTRA ROAD",02-6331330,MEDICAL CENTER,24.494359,54.367491
GULF INTERNATIONAL CANCER CENTER (EXCLUDING DENTAL,AUH,"PLATINUM,G PLUS,GOLD,SILVER,BRONZE,BLUE,ASASI","SHAHAMA,",02-5635558,MEDICAL CENTER,24.501833,54.652883
DELMA MEDICAL CENTER,AUH,"PLATINUM,G PLUS,GOLD,SILVER,BRONZE","DELMA ST.,AL NAHYAN CAMP",02-4481800,MEDICAL CENTER,24.469,54.383583
OXFORD MEDICAL CENTRE (EXCLUDIN GDR. MOHAMED ISMAIL AHMED HASSAN  GD23852,AUH,"PLATINUM,G PLUS,GOLD,SILVER,BRONZE,BLUE",MUROOR ROAD,02-4489666,MEDICAL CENTER,24.440546,54.24428
HEALTHPLUS WOMENS HEALTH CENTER LLC,AUH,"PLATINUM,G PLUS,GOLD",DEFENCE ROAD,02-6433494,MEDICAL CENTER,24.463601,54.364455
AL RAYYAN MEDICAL CLINIC,AUH,"PLATINUM,G PLUS,GOLD,SILVER,BRONZE",MUSAFFAH,02-5517190,MEDICAL CENTER,24.327096,54.534674
SHAHEEN MEDICAL CENTRE,AUH,"PLATINUM,G PLUS,GOLD,SILVER,BRONZE,BLUE",AL FALAH STREET,02-6411345,MEDICAL CENTER,24.476305,54.367035
"MY HEALTH MEDICAL CENTRE L.L.C. (EXCL-DR.MOHAMED FAHMY-GD5690,DR.MOHAMMED ABDUL RAHMAN-GD5785,AMAL TAJ-GD5985,NAHED AHMED-D4680)",AUH,"PLATINUM,G PLUS,GOLD,SILVER,BRONZE","60TH ST. BANIYAS EAST 3, ABU DHABI",02-6767873,MEDICAL CENTER,24.490908,54.370972
ALPHA MEDICAL CENTRE,AUH,"PLATINUM,G PLUS,GOLD,SILVER,BRONZE,BLUE","AL FIRDOUS CENTRE, SANAYA M3",02-5558383,MEDICAL CENTER,24.499377,54.372587
AMANA SPECIALIZED CLINIC (EXCLUDING DENTAL,AUH,"PLATINUM,G PLUS,GOLD,SILVER",CORNICHE ROAD,02-6228660,MEDICAL CENTER,24.483859,54.349139
NOVA DENT CENTER,AUH,"PLATINUM,G PLUS,GOLD,SILVER,BRONZE,BLUE",KHALIDIYA STREET,02-6657557,MEDICAL CENTER,24.448092,54.367113
EXETER MEDICAL CENTER (EXCLUDING DENTAL,AUH,"PLATINUM,G PLUS,GOLD,SILVER,BRONZE",AL BATEEN AREA,02-6354321,MEDICAL CENTER,24.446385,54.36251
HEALTHWAY MEDICAL CENTRE,AUH,"PLATINUM,G PLUS,GOLD,SILVER,BRONZE",BANIYAS CITY,02-5828989,MEDICAL CENTER,24.29905,54.63025
CENTRAL CLINIC L.L.C. (,AUH,"PLATINUM,G PLUS,GOLD,SILVER,BRONZE,BLUE",HAMDAN STREET,02-6323497,MEDICAL CENTER,24.487187,54.360202
AL BATEEN HEALTHCARE CENTER (EXCLUDING DENTAL,AUH,"PLATINUM,G PLUS,GOLD,SILVER,BRONZE,BLUE,ASASI","23 MUROOR ST, BATEEN",02-8114668,MEDICAL CENTER,24.46085,54.3418
AL ROWDA FAMILY MEDICINE CLINIC (EXCLUDING DENTAL),AUH,"PLATINUM,G PLUS,GOLD,SILVER,BRONZE,BLUE,ASASI",DELMA STREET,02-8191567,MEDICAL CENTER,24.4627,54.367817
ETTIHAD HEROES HEALTHCARE CENTER (EXCLUDING DENTAL,AUH,"PLATINUM,G PLUS,GOLD,SILVER,BRONZE,BLUE,ASASI","STREET 23,KAZAKHSTAN EMBASSY",02-8191250,MEDICAL CENTER,24.468835,54.353087
AL ZAFARANAH FAMILY MEDICINCE CLINIC (EXCLUDING DENTAL),AUH,"PLATINUM,G PLUS,GOLD,SILVER,BRONZE,BLUE,ASASI","STREET 29, AL MUROOR ROAD",02-4445202,MEDICAL CENTER,24.435033,54.433833
AL MADINA OCCUPATIONAL HEALTH CENTER (EXCLUDING DENTAL),AUH,"PLATINUM,G PLUS,GOLD,SILVER,BRONZE,BLUE,ASASI",NEAR MADINAT ZAYED SHOPPING CENTER,02-6341485,MEDICAL CENTER,24.483203,54.361811
BANIYAS HEALTH CENTER (AHS) (EXCLUDING DENTAL),AUH,"PLATINUM,G PLUS,GOLD,SILVER,BRONZE,BLUE,ASASI",BANIYAS AREA,02-7116313,MEDICAL CENTER,24.293879,54.657645
BEDA AL MUTAWA MEDICAL CENTER (DENTAL INCLUDED EFFECTIVE FROM 01/11/2018,AUH,"PLATINUM,G PLUS,GOLD,SILVER,BRONZE,BLUE,ASASI","WESTERN REGION, CLOSE TO GHAYTHI,",02-8839140,MEDICAL CENTER,23.788567,52.571777
ABU AL - ABYAD PHC (DENTAL INCLUDED EFFECTIVE FROM 01/11/2018),AUH,"PLATINUM,G PLUS,GOLD,SILVER,BRONZE,BLUE,ASASI",WESTERN REGION,02-8839140,MEDICAL CENTER,24.133717,53.273333
AL MAQTAA HEALTHCARE  CENTER (EXCLUDING DENTAL),AUH,"PLATINUM,G PLUS,GOLD,SILVER,BRONZE,BLUE,ASASI","BAIN AL JISREEN, MAFRAQ",02-5584611,MEDICAL CENTER,24.402217,54.504433
SAMHA HEALTH CENTER (EXCLUDING DENTAL,AUH,"PLATINUM,G PLUS,GOLD,SILVER,BRONZE,BLUE,ASASI","NEAR AL SAMHA MOSQUE,AL SAMHA",02-5620048,MEDICAL CENTER,24.6653,54.77275
AL KHATIM HEALTH CENTER (EXCLUDING DENTAL,AUH,"PLATINUM,G PLUS,GOLD,SILVER,BRONZE,BLUE,ASASI",AL KHATIM,02-5641192,MEDICAL CENTER,24.186466,54.996592
MADINAT KHALIFA HEALTHCARE CENTER (EXCLUDING DENTAL,AUH,"PLATINUM,G PLUS,GOLD,SILVER,BRONZE,BLUE,ASASI",KHALIFA CITY A,02-5561695,MEDICAL CENTER,24.427767,54.5649
AL BAHYA HEALTHCARE CENTER (EXCLUDING DENTAL,AUH,"PLATINUM,G PLUS,GOLD,SILVER,BRONZE,BLUE,ASASI",SHAHAMA,02-5632599,MEDICAL CENTER,24.297533,54.637717
AL KHAZNAH PRIMARY HEALTH CARE CENTER (EXCLUDING DENTAL,AUH,"PLATINUM,G PLUS,GOLD,SILVER,BRONZE,BLUE,ASASI",AL KHAZNA,02-5661350,MEDICAL CENTER,24.17085,55.113933
DISEASE PREVENTION AND SCREENING CENTER (EXCLUDING DENTAL,AUH,"PLATINUM,G PLUS,GOLD,SILVER,BRONZE,BLUE,ASASI","HAZZA BIN ZAYED ST,BEHIND SKMC,",02-6169499,MEDICAL CENTER,24.368933,54.502167
AL CORNICHE WOMEN'S HEALTH CENTER (EXCLUDING DENTAL,AUH,"PLATINUM,G PLUS,GOLD,SILVER,BRONZE,BLUE,ASASI",CORNICHE HOSPITAL - AB,02-6724900,MEDICAL CENTER,24.46177,54.364824
AL DHAFRA FAMILY MEDICINE CENTER (DENTAL INCLUDED EFFECTIVE FROM 01/11/2018,AUH,"PLATINUM,G PLUS,GOLD,SILVER,BRONZE,BLUE,ASASI",WESTERN REGION,02-8942000,MEDICAL CENTER,23.870283,52.81095
DISEASE PREVENTION & SCREENING CENTER-MD (EXCLUDING DENTAL,AUH,"PLATINUM,G PLUS,GOLD,SILVER,BRONZE,BLUE,ASASI",MADINAT ZAYED,02-8846223,MEDICAL CENTER,24.468983,54.367933
WESTERN MEDICAL CENTER,AUH,"PLATINUM,G PLUS,GOLD,SILVER,BRONZE","OPP YASMINA SCHOOL, KHALIFA CITY A",02-5565522,MEDICAL CENTER,24.422632,54.570952
PESHAWAR MEDICAL CENTRE L.L.C,AUH,"PLATINUM,G PLUS,GOLD,SILVER,BRONZE,BLUE","ME#40 IN FRONT OF ICAD CITY,MUSAFFA",02-5508987,MEDICAL CENTER,24.346017,54.489617
SHIFA AL AIN MEDICAL CENTER (EXCLUDING DENTAL,AUH,"PLATINUM,G PLUS,GOLD,SILVER,BRONZE,BLUE","MAIN STREET, NEAR CLOCK TOWER, AL AIN",03-7662172,MEDICAL CENTER,24.230461,55.742771
MEZYAD MEDICAL CENTER,AUH,"PLATINUM,G PLUS,GOLD,SILVER,BRONZE",MUSAFFAH,02-5519977,MEDICAL CENTER,24.3732,54.537567
PRIME CARE MEDICAL CENTER L.L.C,AUH,"PLATINUM,G PLUS,GOLD,SILVER,BRONZE,BLUE","NEAR EMIRATES ID AUTHORITY,MUSSAFAH",02-5538188,MEDICAL CENTER,24.36625,54.517433
LOTUS HOLISTIC ALTERNATIVE MEDICAL CENTER,AUH,"PLATINUM,G PLUS,GOLD,SILVER",KHALIFA CITY A,02-5579801,MEDICAL CENTER,24.427783,54.585433
HABSHAN MEDICAL CENTER,AUH,"PLATINUM,G PLUS,GOLD,SILVER,BRONZE,BLUE,ASASI",WESTERN REGION,02-6038331,MEDICAL CENTER,23.847283,53.6363
ASAB MEDICAL CENTER,AUH,"PLATINUM,G PLUS,GOLD,SILVER,BRONZE,BLUE,ASASI",WESTERN REGION,02-6034222,MEDICAL CENTER,23.296667,54.22395
BUHASA MEDICAL CENTER,AUH,"PLATINUM,G PLUS,GOLD,SILVER,BRONZE,BLUE,ASASI",WESTERN REGION,02-6035269,MEDICAL CENTER,23.54895,53.309867
HEALTH PLUS DIABETES & ENDOCRINOLOGY LLC,AUH,"PLATINUM,G PLUS,GOLD","32ND STREET, AL BATEEN AREA",02-6433494,MEDICAL CENTER,24.4453,54.361383
NMC ROYAL FAMILY MEDICAL CENTRE L.L.C,AUH,"PLATINUM,G PLUS,GOLD,SILVER,BRONZE,BLUE","STREET NO.79, NEAR CAPITAL MALL,MBZ",02-6911500,MEDICAL CENTER,24.37455,54.531717
SAHARA MEDICAL CENTER L.L.C,AUH,"PLATINUM,G PLUS,GOLD,SILVER,BRONZE,BLUE","M44, MUSAFFAH",02-5556393,MEDICAL CENTER,24.345915,54.482063
ADVANCED CURE DIAGNOSTIC CENTER BRANCH,AUH,"PLATINUM,G PLUS,GOLD,SILVER,BRONZE","32ND ST, AL BATEEN AREA, 4TH VILLA",02-4100915,MEDICAL CENTER,24.463124,54.344322
SEHA KIDNEY CARE CENTER - CENTRAL (EXCLUDING DENTAL,AUH,"PLATINUM,G PLUS,GOLD,SILVER,BRONZE,BLUE,ASASI","MAFRAQ AREA,",02-7117459,MEDICAL CENTER,24.326708,54.61588
SEHA DIALYSIS SERVICES - MADINAT ZAYED (EXCLUDING DENTAL,AUH,"PLATINUM,G PLUS,GOLD,SILVER,BRONZE,BLUE,ASASI","MADINAT ZAYED HOSP,WESTERN REGION",02-4102000,MEDICAL CENTER,23.657917,53.680861
LIWA MEDICAL POLYCLINICS (EXCLUDING DENTAL,AUH,"PLATINUM,G PLUS,GOLD,SILVER,BRONZE,BLUE","NEW BLDG, LIWA, WESTERN REGION",02-8822877,MEDICAL CENTER,23.14768,53.8071
MEDICAL SERVICES OF ADMIN-POLICE,AUH,"PLATINUM,G PLUS,GOLD,SILVER","AL MUROOR ROAD POLICE ACADEMY AREA,",02-5128014,MEDICAL CENTER,24.438675,54.424618
NEW NATIONAL MEDICAL CENTRE-LLC-BRANCH 1 (EXCLUDING DENTAL,AUH,"PLATINUM,G PLUS,GOLD,SILVER,BRONZE,BLUE","AL MASAWOOD VILLAGE (ICAD),",02-5520100,MEDICAL CENTER,24.337346,54.532287
UNIVERSAL SPECIALTY MEDICAL CENTER LLC,AUH,"PLATINUM,G PLUS,GOLD,SILVER,BRONZE","MUSAFFAH SECTOR 9,MBZ CITY",02-5524425,MEDICAL CENTER,24.341608,54.536771
STAR MEDICAL CENTER LLC (EXCLUDING DENTAL & EXCLUDING QASIM  MUHAMMAD -GD22130,AUH,"PLATINUM,G PLUS,GOLD,SILVER,BRONZE","ANARKALI PLAZA,NEAR ALAM MARKET",02-6333020,MEDICAL CENTER,24.486031,54.362093
MADINAT MOHAMED BIN ZAYED HEALTHCARE CEN (EXCLUDING DENTAL,AUH,"PLATINUM,G PLUS,GOLD,SILVER,BRONZE,BLUE,ASASI","MOHAMED BIN ZAYED CITY,",02-4102000,MEDICAL CENTER,24.332997,54.557409
BIO LIFE MEDICAL CENTER L.L.C.,AUH,"PLATINUM,G PLUS,GOLD,SILVER,BRONZE,BLUE","SHABIA ME7, MUSAFFA,",02-5559495,MEDICAL CENTER,24.340914,54.533087
CANADIAN MEDICAL & REHABILITATION CENTER,AUH,"PLATINUM,G PLUS,GOLD,SILVER,BRONZE",KHALIFA CITY -A,02-5571750,MEDICAL CENTER,24.422638,54.546433
FIRST GLOBAL CLINIC - SOLE PROPRIETORSHIP L.L.C (EXCLUDING DENTAL,AUH,"PLATINUM,G PLUS,GOLD,SILVER,BRONZE,BLUE","ZAYED THE 1ST STREET, KHALIDIYA",02-6650015,MEDICAL CENTER,24.465,54.33721
MEDLINE MEDICAL CENTRE LLC (EXCLUDING DENTAL,AUH,"PLATINUM,G PLUS,GOLD,SILVER,BRONZE,BLUE","M26, MUSAFFAH",02-5530577,MEDICAL CENTER,24.351175,54.520771
KOHAT MEDICAL CENTRE L.L.C (EXCLUDING DENTAL,AUH,"PLATINUM,G PLUS,GOLD,SILVER,BRONZE","MUSSAFA INDUSTRIAL, M40,GHAZAL TAXI",02-5511129,MEDICAL CENTER,24.352931,54.48674
EMIRATES JORDANIAN MEDICAL CENTER LLC,AUH,"PLATINUM,G PLUS,GOLD,SILVER,BRONZE,BLUE",BANIYAS NEAR BANIYAS COURT,02-5836999,MEDICAL CENTER,24.27769,54.64405
FAKIH MEDICAL CENTER LLC (EXCLUDING DENTAL,AUH,"PLATINUM,G PLUS,GOLD,SILVER","ST.11,HAZAA BIN ZAYED,THE FIRST ST",02-4414848,MEDICAL CENTER,24.466669,54.367418
YAS HEALTHCARE L.L.C,AUH,"PLATINUM,G PLUS,GOLD,SILVER","OFFICE TOWER,DUSIT THANI,MUROOR",02-3336999,MEDICAL CENTER,24.455042,54.394707
STAR MEDICAL CENTRE - BRANCH 1 (EXCLUDING DENTAL,AUH,"PLATINUM,G PLUS,GOLD,SILVER,BRONZE","M-26, SANAYA, MUSAFFAH",02-5558081,MEDICAL CENTER,24.486036,54.362072
KKT ORTHOPEDIC SPINE CENTER (EXCLUDING DENTAL,AUH,"PLATINUM,G PLUS,GOLD,SILVER,BRONZE","WEST 39,VILLA#5,BATEEN AREA",02-6815550,MEDICAL CENTER,24.46205,54.339243
MESK ALMADINA MEDICAL CENTER LLC (EXCLUDING DENTAL,AUH,"PLATINUM,G PLUS,GOLD,SILVER,BRONZE,BLUE",ICAD AREA M40 PLOT 96 MUSSAFAH,02-5504333,MEDICAL CENTER,24.451484,54.389161
ALL CARE MEDICAL CENTER L.L.C.,AUH,"PLATINUM,G PLUS,GOLD,SILVER,BRONZE","DELMA STREET, BETWEEN AIRPORT &",02-6660818,MEDICAL CENTER,24.46396,54.37938
DAAR AL MISBAH MEDICAL CENTER L.L.C. (EXCLUDING DENTAL,AUH,"PLATINUM,G PLUS,GOLD,SILVER,BRONZE,BLUE","MUSAFFAH, SANAYA, BUILDING NO: 01,",02-6213119,MEDICAL CENTER,24.359769,54.503872
TIME CURE MEDICAL CENTER (,AUH,"PLATINUM,G PLUS,GOLD,SILVER,BRONZE,BLUE",MUSSAFAH-ICAD,02-5508998,MEDICAL CENTER,24.344727,54.495178
HOLISTIC MEDICAL CENTER L.L.C (EXCLUDING DENTAL & DR.SHAHZAD  ABBAS-GD22384,AUH,"PLATINUM,G PLUS,GOLD,SILVER,BRONZE,BLUE",KHALIFA CITY - BESIDE AL FORSAN CLU,02-6661567,MEDICAL CENTER,24.406546,54.552153
OCCUMED CLINIC LLC (EXCLUDING DENTAL,AUH,"PLATINUM,G PLUS,GOLD,SILVER,BRONZE,ASASI","GLOBAL ASCENT BUSINESS CENTER, MUSSAFAH",02-8781358,MEDICAL CENTER,24.365828,54.521175
LLH MEDICAL CENTRE AL MUSAFFAH L.L.C. (EXCLUDING DENTAL,AUH,"PLATINUM,G PLUS,GOLD,SILVER,BRONZE,ASASI",MUSAFFAH,02-4116444,MEDICAL CENTER,24.341095,54.53749
GOLDEN HEALTH MEDICAL CENTER (EXCLUDING DENTAL,AUH,"PLATINUM,G PLUS,GOLD,SILVER,BRONZE,BLUE,ASASI",AL-SALAM LIVING CITY,02-5855552,MEDICAL CENTER,24.480323,54.372666
BURJEEL MEDICAL CENTRE ALZEINA L.L.C.,AUH,"PLATINUM,G PLUS,GOLD,SILVER,BRONZE,ASASI","AL RAHA BEACH ISLAND,ZEINA",02-2054323,MEDICAL CENTER,24.454819,54.614288
INTERCARE HEALTH CENTER L.L.C. (EXCLUDING DENTAL,AUH,"PLATINUM,G PLUS,GOLD,SILVER","VILLA 35-B, MARINA VILLAGE,",02-6390080,MEDICAL CENTER,24.473162,54.317451
PARAMOUNT DENTAL CLINICS L.L.C.,AUH,"PLATINUM,G PLUS,GOLD,SILVER,BRONZE",ALNADJA ST. OPPOSITE OF AL MARIAH M,02-6228724,MEDICAL CENTER,24.493409,54.366543
AL MUSHRIF CHILDREN'S SPECIALTY CENTRE (EXCLUDING DENTAL,AUH,"PLATINUM,G PLUS,GOLD,SILVER,BRONZE,BLUE,ASASI",KAZAKHASTAN EMBASSY,09-7180050,MEDICAL CENTER,24.435363,54.403212
HEALTH PLUS FERTILITY CENTER (EXCLUDING DENTAL,AUH,"PLATINUM,G PLUS,GOLD","11 ST,HAZA BIN ZAYED ST, AL KARAMA",02-6433494,MEDICAL CENTER,24.463606,54.364439
SAMA ALSHAMKHA MEDICAL CENTER,AUH,"PLATINUM,G PLUS,GOLD,SILVER,BRONZE,BLUE","ALSHAMKHA, NEAR ADNOC",02-5866020,MEDICAL CENTER,24.363471,54.689669
EASTERN AL AHILI MEDICAL CENTER BRANCH 1,AUH,"PLATINUM,G PLUS,GOLD,SILVER,BRONZE,BLUE","NEXT TO NBAD, MUSSAFAH",02-4442235,MEDICAL CENTER,24.377824,54.523639
MUBARAK MEDICAL CENTER - BRANCH 1,AUH,"PLATINUM,G PLUS,GOLD,SILVER,BRONZE,BLUE","BANIYAS,AL ESHOUSH VILLAGE,",02-5837772,MEDICAL CENTER,24.258915,54.63058
SIR BANIYAS CLINIC (DENTAL INCLUDED EFFECTIVE FROM 01/11/2018,AUH,"PLATINUM,G PLUS,GOLD,SILVER,BRONZE,BLUE,ASASI","AL GHARBIA HOSPITALS ADMIN BLD,",02-8070000,MEDICAL CENTER,24.277089,52.621871
SEHA DIALYSIS SERVICES AL WAGAN HOSPITAL (EXCLUDING DENTAL,AUH,"PLATINUM,G PLUS,GOLD,SILVER,BRONZE,BLUE,ASASI","ADMIN OFF BLG,NEAR MAFRAQ HOSPITAL",02-5012925,MEDICAL CENTER,23.636667,55.567167
SEHA DIALYSIS SERVICES - DELMA HOSPITAL (EXCLUDING DENTAL,AUH,"PLATINUM,G PLUS,GOLD,SILVER,BRONZE,BLUE,ASASI","ADMIN BLG,NEAR MAFRAQ HOSPITAL",02-5012925,MEDICAL CENTER,24.195833,55.650389
NMC ROYAL MEDICAL CENTRE L.L.C.,AUH,"PLATINUM,G PLUS,GOLD","SAMA TOWER,5TH FLOOR",02-4978466,MEDICAL CENTER,24.456248,54.340072
IBN AL NAFEES MEDICAL CENTER BRANCH 1,AUH,"PLATINUM,G PLUS,GOLD,SILVER,BRONZE,BLUE","VILLA 94,16TH STREET,KHALIFA CITY A",02-5553800,MEDICAL CENTER,24.423189,54.56607
FAKIH IVF FERTILITY CENTER LLC ((FOR IVF ONLY)),AUH,"PLATINUM,G PLUS,GOLD",HAZZA BIN ZAYED ST,02-4444107,MEDICAL CENTER,24.481522,54.3668
HOPE MEDICAL CENTER L.L.C,AUH,"PLATINUM,G PLUS,GOLD,SILVER,BRONZE,BLUE",AL MAFRAQ INDUSTRIAL AREA,02-5551430,MEDICAL CENTER,24.28521,54.60068
BURJEEL OASIS MEDICAL CENTER L.L.C,AUH,"PLATINUM,G PLUS,GOLD,SILVER,BRONZE,ASASI",BADA ZAYED( WESTERN REGION),02-8946666,MEDICAL CENTER,23.66706,53.698107
CELESTE MEDICAL CENTER,AUH,"PLATINUM,G PLUS,GOLD,SILVER,BRONZE,BLUE",ASHAREJ DISTRICT-BIDAA BIN AMMAR- S,03-7673298,MEDICAL CENTER,24.198655,55.663129
HARMONY MEDICAL CENTER (EXCLUDING GD15759-DR OUSSAMA BELRHITI ALAOUI EFFECTIVE FROM 06/11/2018),AUH,"PLATINUM,G PLUS,GOLD,SILVER,BRONZE","16TH STREET, KHALIFA CITY A,NEAR EMIRATES ISLAMIC BANK",02-5556244,MEDICAL CENTER,24.40713,54.57115
TAJMEEL KIDS PARK MEDICAL CENTRE L.L.C,AUH,"PLATINUM,G PLUS,GOLD","FUN ZONE EMIRATES , AL SHAHAMA",02-5646500,MEDICAL CENTER,24.46236,54.367956
ISHTAR MEDICAL CENTER,AUH,"PLATINUM,G PLUS,GOLD,SILVER,BRONZE,BLUE","AUH PLAZA CMPX, FATIMA BIN MUBARAK",02-6333886,MEDICAL CENTER,24.493427,54.366993
AL FALAH HEALTHCARE CENTRE,AUH,"PLATINUM,G PLUS,GOLD,SILVER,BRONZE,BLUE,ASASI",ABU DHABI,02-7115072,MEDICAL CENTER,24.45959,54.740979
"THE SPECIALIST DIABETES TREATMENT""&"" RESEARCH CENTRE (IMPERIAL COLLEGE LONDON DIABETES CENTRE) L.L.C- BRANCH 2",AUH,"PLATINUM,G PLUS",ZAYED SPORTS CITY  - HEALTH POINT HOSPITAL,02-4929818,MEDICAL CENTER,24.420248,54.428238
ADVANCED CURE DIAGNOSTIC CENTER L.C.C. -BRANCH 2,AUH,"PLATINUM,G PLUS,GOLD,SILVER,BRONZE",AL BATEEN,02-4100900,MEDICAL CENTER,24.45853,54.349832
AL TADAMON MEDICAL CENTRE,AUH,"PLATINUM,G PLUS,GOLD,SILVER,BRONZE,BLUE","MUSSAFA BUILDING NO.C299, STREET 47",02-5636799,MEDICAL CENTER,24.335257,54.53578
HEALTH TIME MEDICAL CENTRE,AUH,"PLATINUM,G PLUS,GOLD,SILVER,BRONZE,BLUE",BANIYAS WEST (CHINACAMP),02-6425247,MEDICAL CENTER,24.259715,54.629618
QUSAHWIRA MEDICAL CENTER,AUH,"PLATINUM,G PLUS,GOLD,SILVER,BRONZE,BLUE,ASASI",QUSAHWIRA,02-6023882,MEDICAL CENTER,24.466935,54.336101
CARE POINT CLINIC,AUH,"PLATINUM,G PLUS,GOLD,SILVER,BRONZE,BLUE","AL JABER LABOUR ACCOMODATION CAMP, MAFRAQ WORKERS CITY 1, BANIYAS WEST",02-6228383,MEDICAL CENTER,24.284159,54.607036
MAXIM MEDICAL CENTRE L.L.C,AUH,"PLATINUM,G PLUS,GOLD,SILVER,BRONZE,BLUE","ICAD - 3, MUSSAFAH, ABU DHABI",02-5500161,MEDICAL CENTER,24.31237,54.497297
GOLDEN CURE MEDICAL CENTRE LLC,AUH,"PLATINUM,G PLUS,GOLD,SILVER,BRONZE,BLUE","SHABIYA ME11/BULDING NO:5799,STREET 35,ZONE 206 MUSSAFAH",02-6790622,MEDICAL CENTER,24.32854,54.533356
EUPHORIA MEDICAL CENTER LLC,AUH,"PLATINUM,G PLUS,GOLD,SILVER,BRONZE","AL BATEEN EXECUTIVE AIRPORT AREA, VILLA NO 43",02-6424400,MEDICAL CENTER,24.431152,54.445366
LAKESHORE MEDICAL CENTER LLC,AUH,"PLATINUM,G PLUS,GOLD,SILVER,BRONZE,BLUE","NEAR SEDAR,TOURIST CLUB AREA,",02-6660351,MEDICAL CENTER,24.445818,54.403079
INDUS MEDICAL CENTRE,AUH,"PLATINUM,G PLUS,GOLD,SILVER,BRONZE,BLUE",WORKERS VILLAGE 2 MAFRAQ,02-4467700,MEDICAL CENTER,24.25935,54.629595
LLH MEDICAL CENTRE AL MUSAFFAH LLC-BRANCH 1,AUH,"PLATINUM,G PLUS,GOLD,SILVER,BRONZE,ASASI",SHABIA 9-MUSAFFAH,02-5856157,MEDICAL CENTER,24.340995,54.537566
LLH MEDICAL CENTRE,AUH,"PLATINUM,G PLUS,GOLD,SILVER,BRONZE,ASASI","MARINA PLAZA, OFFICE FLOOR 2",02-6282222,MEDICAL CENTER,24.341016,54.537582
EMERALD MEDICAL CENTRE L.L.C,AUH,"PLATINUM,G PLUS,GOLD,SILVER,BRONZE,BLUE","308,16 STREET,MUSSAFAH 37",02-5554164,MEDICAL CENTER,24.346058,54.495518
MEDSTAR ICAD MEDICAL CENTER LLC,AUH,"PLATINUM,G PLUS,GOLD,SILVER,BRONZE,BLUE,ASASI","MUSSAFAH,",02-4066809,MEDICAL CENTER,25.235409,55.317768
STAR AL AHALIA MEDICAL CENTER L.L.C,AUH,"PLATINUM,G PLUS,GOLD,SILVER,BRONZE,BLUE","NEAR GAYATHI MARKET, GAYATHI",02-8744677,MEDICAL CENTER,23.841208,52.811251
WESTERN TOWERS AL AHLIA MEDICAL CENTRE,AUH,"PLATINUM,G PLUS,GOLD,SILVER,BRONZE,BLUE","NEAR AL MAYA SUPER MARKET SANAYA, BEDA ZAYED",02-8840522,MEDICAL CENTER,23.662125,53.729315
CAREWELL CLINICS - SOLE PROPRIETORSHIP L.L.C.,AUH,"PLATINUM,G PLUS,GOLD,SILVER,BRONZE,BLUE",3RD LEVEL MUSHRIF MALL ABU DHABI,02-6333244,MEDICAL CENTER,24.433507,54.411878
NOOR ALAHLI MEDICAL CENTER - BRANCH 2,AUH,"PLATINUM,G PLUS,GOLD,SILVER,BRONZE,BLUE","NEAR SAFEER MALL,ME9, MUSSAFAH INDUSTRIAL AREA",02-5530368,MEDICAL CENTER,24.343474,54.530318
NOOR ALAHLI MEDICAL CENTER - BRANCH 4,AUH,"PLATINUM,G PLUS,GOLD,SILVER,BRONZE,BLUE","NOOR ALAHLI MEDICAL CENTER BLDG., BANIYAS WEST",02-5858529,MEDICAL CENTER,24.277283,54.643579
NOOR ALAHLI MEDICAL CENTER - BRANCH 6,AUH,"PLATINUM,G PLUS,GOLD,SILVER,BRONZE,BLUE","NEAR AHALIA HOSPITAL, HAMDAN STREET",02-4448685,MEDICAL CENTER,24.488098,54.360409
ROYAL INTERNATIONAL MEDICAL CENTER,AUH,"PLATINUM,G PLUS,GOLD,SILVER,BRONZE,BLUE","BANIYAS AL MAFRAQ INDUSTRIAL AREA, WORKERS CITY NO. 1,",02-8775522,MEDICAL CENTER,24.27607,54.580335
ROYAL STAR DENTAL CLINIC,AUH,"PLATINUM,G PLUS,GOLD,SILVER,BRONZE",,02-6667646,MEDICAL CENTER,24.467985,54.335009
PATTAYA MEDICAL CENTRE,AUH,"PLATINUM,G PLUS,GOLD,SILVER,BRONZE,BLUE",M37 NEAR ICAD,02-5530233,MEDICAL CENTER,24.347858,54.49291
HIGH LIFE MEDICAL CLINIC,AUH,"PLATINUM,G PLUS,GOLD,SILVER,BRONZE,BLUE",MAFRAQ INDUSTRIAL CITY,03-7681818,MEDICAL CENTER,24.21339,55.77692
IBN SINA MEDICAL CENTRE- BRANCH 1,AUH,"PLATINUM,G PLUS,GOLD,SILVER,BRONZE,BLUE","AL REEF DOWNTOWN, AL ADAED STREET",02-6739001,MEDICAL CENTER,24.457732,54.673381
LLH MEDICAL CENTRE AL MUSAFFAH L.L.C-BRANCH 3,AUH,"PLATINUM,G PLUS,GOLD,SILVER,BRONZE,BLUE,ASASI","M40, ICAD, KM TRADING BUILDING,  MUSAFFAH",02-4116450,MEDICAL CENTER,24.345661,54.486473
SMILE FACTORY MEDICAL CENTER L.L.C,AUH,"PLATINUM,G PLUS,GOLD,SILVER,BRONZE,BLUE","BANIYAS EAST 2,STREET # 17,VILLA # 54,",02-5840409,MEDICAL CENTER,24.3166,54.6257
BAB AL MADINA MEDICAL CENTER L.L.C.,AUH,"PLATINUM,G PLUS,GOLD,SILVER,BRONZE,BLUE","MUSAFFAH 26,",02-6422464,MEDICAL CENTER,24.350502,54.520577
CHARISMA MEDICAL CENTER LLC,AUH,"PLATINUM,G PLUS,GOLD,SILVER,BRONZE,BLUE",HAMDAN STREET - ZIANI AREA - BEHIND OF EMIRATES TOWER - NEAR RUSIAN EMBASSY,02-6775775,MEDICAL CENTER,24.497014,54.369796
NEWCASTLE MEDICAL CENTER - SOLE PROPRIETORSHIP L.L.C.,AUH,"PLATINUM,G PLUS,GOLD,SILVER,BRONZE","SHAKHBOUT CITY KHALIFA  B,",02-5511138,MEDICAL CENTER,24.347372,54.634528
HEALTH PLUS FAMILY HEALTH CENTER L.L.C- BRANCH 1,AUH,"PLATINUM,G PLUS,GOLD","KHALIF A CITY  AL FORSAN,12TH STREET,",02-6818877,MEDICAL CENTER,24.404,54.550197
PRIME CURE MEDICAL CENTER,AUH,"PLATINUM,G PLUS,GOLD,SILVER,BRONZE,BLUE",ALFALAH STREET NEAR WARE MART,02-6342424,MEDICAL CENTER,24.477143,54.367031
EMIRATES DERMATOLOGY AND COSMETOLOGY CENTER,AUH,"PLATINUM,G PLUS,GOLD,SILVER,BRONZE","BUILDING NO.836, STREET 30, ZONE 2, SECTOR 78, AL KHALEEJ AL ARABI STREET (NEW MAHARBAH AREA)",02-5555255,MEDICAL CENTER,24.44172,54.36882
AL QABAIL MEDICAL CENTRE L.L.C,AUH,"PLATINUM,G PLUS,GOLD,SILVER,BRONZE,BLUE",AL JIMI WORKERS VILLIAGE I CAD M -33,02-5575531,MEDICAL CENTER,24.347406,54.51171
DURI DENTAL CLINIC L.L.C,AUH,"PLATINUM,G PLUS,GOLD,SILVER,BRONZE",MUBARAK BIN MOHAMMED ST. W13_02 PLOT NUMBER 188 PROPERTY NUMBER PRP1807,02-6665551,MEDICAL CENTER,24.463911,54.358568
ADNOC ONSHORE MEDICAL CENTRE,AUH,"PLATINUM,G PLUS,GOLD,SILVER,BRONZE,BLUE","ADNOC HEAD QUARTERS BUILDING,CORNICHE ROAD,AL KHUBEIRAH",02-7070000,MEDICAL CENTER,24.467566,54.322406
DAS MEDICAL CENTRE,AUH,"PLATINUM,G PLUS,GOLD,SILVER,BRONZE,BLUE,ASASI","ADNOC HEAD QUARTERS BUILDING,CORNICHE ROAD,AL KHUBEIRAH",02-6023882,MEDICAL CENTER,24.467566,54.322406
ZIRKU MEDICAL CENTER,AUH,"PLATINUM,G PLUS,GOLD,SILVER,BRONZE,BLUE,ASASI","ADNOC  HEAD QUARTERS BUILDING,CORNICHE ROAD,AL KHUBEIRAH",02-6023882,MEDICAL CENTER,24.467566,54.322406
BARADA MEDICAL CENTER L.L.C,AUH,"PLATINUM,G PLUS,GOLD,SILVER,BRONZE,BLUE","AL JAHILI - NEAR POST OFFICE - NOOR BANK BUILDING - M2 FLOOR,AL AIN",03-7665766,MEDICAL CENTER,24.21797,55.758652
SUMMER LAND MEDICAL CENTRE.L.L.C,AUH,"PLATINUM,G PLUS,GOLD,SILVER,BRONZE",SHAKHBOUT CITY,02-5822888,MEDICAL CENTER,24.20223,54.37408
LEVANTINE MEDICAL CENTER L.L.C.,AUH,"PLATINUM,G PLUS,GOLD,SILVER,BRONZE","1ST FLOOR, SOUQ EXTRA, AL BATEEN,  AL AIN",03-7666339,MEDICAL CENTER,24.2176,55.6403
BLUE OCEAN MEDICAL CENTER,AUH,"PLATINUM,G PLUS,GOLD,SILVER,BRONZE",MUSAFFAH SHABIYA ME-10M,02-4481981,MEDICAL CENTER,24.335592,54.536664
AL HAITHAMI SPECIALIZED MEDICAL CENTRE,AUH,"PLATINUM,G PLUS,GOLD,SILVER,BRONZE","BANIYAS EAST 8,NEAR BY LULU HYPERMARKET ABU DHABI-UAE",02-5832233,MEDICAL CENTER,24.294417,54.638641
ROYAL HEALTH HEART CENTER L.L.C,AUH,"PLATINUM,G PLUS,GOLD,SILVER,BRONZE","JIMI AL AMRYA HAMDAN BIN ZAYED AL AWAL STREET, AL AIN",03-7665599,MEDICAL CENTER,24.248382,55.722701
AL FUAD MEDICAL CENTER LLC,AUH,"PLATINUM,G PLUS,GOLD,SILVER,BRONZE","H.E SHAIKH BIN BUTTI AL HAMED BUILDING, FATIMA BINT MUBARAK STREET",02-5599444,MEDICAL CENTER,24.489798,54.36959
ORTHOPLUS MEDICAL CENTER LLC,AUH,"PLATINUM,G PLUS,GOLD,SILVER,BRONZE","AL AIN CO OPERATIVE BUILDING, AL SALAMAT, TOWN CENTER",03-7800738,MEDICAL CENTER,24.203773,55.58461
AL FAISAL MEDICAL CENTER,AUH,"PLATINUM,G PLUS,GOLD,SILVER,BRONZE","VILLA NO. 17 OLD MANASIR, AL AIN",03-7548881,MEDICAL CENTER,24.205793,55.74223
MEDLINK MEDICAL CENTRE,AUH,"PLATINUM,G PLUS,GOLD,SILVER,BRONZE","MEZZANINE FLOOR, SAEED HAMED AL HAMILY BUILDING #59, AIRPORT ROAD",02-6584455,MEDICAL CENTER,24.452741,54.386082
NMC ROYAL MEDICAL CENTER LTD - BRANCH AL KARAMA,AUH,"PLATINUM,G PLUS,GOLD,SILVER,BRONZE","PLOT NO.: 11, AL FARIS STREET, AL KARAMA",02-6144900,MEDICAL CENTER,24.275722,54.212308
NMC ROYAL MEDICAL CENTRE LTD - BRANCH AL SHAHAMA,AUH,"PLATINUM,G PLUS,GOLD,SILVER,BRONZE","C 170, OPPOSITE DEERFIELDS MALL, SHAHAMA",02-8859400,MEDICAL CENTER,24.31116,54.40178
WHITE LILY MEDICAL CENTRE,AUH,"PLATINUM,G PLUS,GOLD,SILVER,BRONZE,BLUE",BAWABAT AL SHARQ MALL 1ST FLOOR BANIYAS,02-5556388,MEDICAL CENTER,24.309674,54.620473
ABU DHABI STEM CELLS CENTER,AUH,"PLATINUM,G PLUS,GOLD,SILVER","VILLA NO. 25, AL MISAHA STREET, ROWDHAT",02-2086000,MEDICAL CENTER,24.424342,54.456193
BELLA MEDICAL CENTRE L.L.C.,AUH,"PLATINUM,G PLUS,GOLD,SILVER,BRONZE",VILLA 15 MARFA AL BATEEN STREET AL BATEEN AREA ABU DHABI,02-6663676,MEDICAL CENTER,24.456513,54.334699
TOTAL CARE MEDICAL CENTER L.L.C,AUH,"PLATINUM,G PLUS,GOLD,SILVER,BRONZE","UAE - HAZZA BIN ZAYED STADIUM-PLOT 7 GROUND FLOOR OPPOSITE OF PARKING BUILDING AL AIN,",03-7660006,MEDICAL CENTER,24.247221,55.71534
LIFECARE MEDICAL CENTER L.L.C,AUH,"PLATINUM,G PLUS,GOLD,SILVER,BRONZE,ASASI","RAZEEN CAMP 1 , AL WATHBA ,",02-5826812,MEDICAL CENTER,24.215032,54.754626
AL ANDALUS MEDICAL CENTER,AUH,"PLATINUM,G PLUS,GOLD,SILVER,BRONZE,BLUE",OUD AL TOUBA  AL AIN,03-7554422,MEDICAL CENTER,24.2284,55.76197
"ADAM & EVE SPECIALIZED MEDICAL CENTRE L.L.C. - BRANCH (EXCLUDING DENTAL,ALTERNATIVE TREATMENT SERVICES,GD20483-HODA MOHAMED,DR.PRATHIBA JOHNS-GD15495,DR.JISHA RACHEL GD17357,DR. JASEENA THIDIL GD19582,DR.SHINE SHERSHAD GA3501,DR.ATHIRA CHERAKKARA)",AUH,"PLATINUM,G PLUS,GOLD,SILVER,BRONZE,BLUE","VILLA NO # 209, NEAR SHEIKH KHALIFA MEDICAL CITY, AL    KARAMAH STREET",02-6219996,MEDICAL CENTER,24.46553,54.36672
COSMESURGE CLINICS L.L.C - BRANCH OF ABU DHABI 1,AUH,"PLATINUM,G PLUS,GOLD,SILVER","BAWABAT AL SHARQ MALL, GROUND FLOOR, BANIYAS, ABU DHABI",02-5859024,MEDICAL CENTER,24.31253,54.62048
INFINITY HEALTH CARE MEDICAL CENTER LLC,AUH,"PLATINUM,G PLUS,GOLD,SILVER,BRONZE,BLUE","BUILDING NO. 5 HAMDAN BIN ZAYED AL AWWAL STREET AL KHARAIS AL JIMI, AL AIN",03-7618824,MEDICAL CENTER,24.24586,55.751209
DISEASE PREVENTION & CREENING CENTER- DELMA,AUH,"PLATINUM,G PLUS,GOLD,SILVER,BRONZE,BLUE,ASASI","WESTERN REGION, DELMA ISLAND,",02-8846419,MEDICAL CENTER,24.475656,52.30915
DISEASE PREVENTION & SCREENING CENTER-SILA,AUH,"PLATINUM,G PLUS,GOLD,SILVER,BRONZE,BLUE,ASASI","AL SILA HOSPITAL, WESTERN REGION",02-8721555,MEDICAL CENTER,24.069536,51.762187
SEHA KIDNEY CARE CENTER - ABU DHABI,AUH,"PLATINUM,G PLUS,GOLD,SILVER,BRONZE,BLUE,ASASI","KARAMA STREET, ABU DHABI CITY,",02-5012925,MEDICAL CENTER,24.28779,54.213299
MAX CARE MEDICAL CENTER,AUH,"PLATINUM,G PLUS,GOLD,SILVER,BRONZE,BLUE","BAIN AL JESSRAIN, RABDAN AREA",02-5555097,MEDICAL CENTER,24.403653,54.503753
STANFORD MEDICAL CENTER - SOLE PROPRIETORSHIP LLC,AUH,"PLATINUM,G PLUS,GOLD,SILVER,BRONZE",VILLA 438 AL KHALEEJ AL ARABI STREET 10 BUR AL YIRAB ST AL BATEEN,02-7775777,MEDICAL CENTER,24.460318,54.35051
AL KHAZNA HEALTH MEDICAL CENTER,AUH,"PLATINUM,G PLUS,GOLD,SILVER,BRONZE,BLUE","AL KHAZNA-01, AL AIN,",02-5584609,MEDICAL CENTER,24.170566,55.109817
AL MUKHTAR MEDICAL CENTER,AUH,"PLATINUM,G PLUS,GOLD,SILVER,BRONZE,BLUE","KHALIF ST135 ,AL AIN",03-7552333,MEDICAL CENTER,24.22385,55.7295
HEALTH PLUS FAMILY HEALTH CENTER L.L.C.- BRANCH 2,AUH,"PLATINUM,G PLUS,GOLD","JAWAHER, SDN1, SHATI AL SAADIYAT ST, SAADIYAT ISLAND",02-6266897,MEDICAL CENTER,24.534508,54.427853
EXCELLENCE MEDICAL CENTER FOR HEARING AND BALANCE,AUH,"PLATINUM,G PLUS,GOLD,SILVER,BRONZE","STREET-579, NASEEN AL BARR ROAD, SHAKHBOUT CITY,",02-5558683,MEDICAL CENTER,24.364267,54.61984
LLH CLINIC L.L.C. - BRANCH,AUH,"PLATINUM,G PLUS,GOLD,SILVER,BRONZE,BLUE,ASASI","LLH CLINIC BUILDING , GROUND FLOOR , HIGH LAND CAMP 2 , RUWAIS, NEAR LULU EXCHANGE",02-4148314,MEDICAL CENTER,24.01481,52.4531
BARADA MEDICAL CENTER L.L.C. - BRANCH 1,AUH,"PLATINUM,G PLUS,GOLD,SILVER,BRONZE,BLUE","ASHAREJ, AL AIN",03-7664066,MEDICAL CENTER,24.204342,55.676232
BRIGHT SMILE MEDICAL CENTER,AUH,"PLATINUM,G PLUS,GOLD,SILVER,BRONZE","BUILDING 86, 2ND STREET, AL MUTAREDAH, DEER ROUND ABOUT, AL AIN",03-7012000,MEDICAL CENTER,24.230498,55.746737
CALIFORNIA MEDICAL CENTER - LLC (EXCLUDING DENTAL,AUH,"PLATINUM,G PLUS,GOLD,SILVER","AL TUROUSH ST, SHAKHBOUT CITY, MFW-24",02-5530663,MEDICAL CENTER,24.471359,54.374018
AL FARHAN MEDICAL CENTRE - LLC,AUH,"PLATINUM,G PLUS,GOLD,SILVER,BRONZE,BLUE",BANIYAS,02-5833417,MEDICAL CENTER,24.28245,54.647798
EMIRATES INTERNATIONAL POLYCLINIC,ALAIN,"PLATINUM,G PLUS,GOLD,SILVER,BRONZE,BLUE,ASASI","2nd FLOOR, HAMAD MOHAMMED BALOOSHI",03-7669888,MEDICAL CENTER,24.2213,55.770933
MUBARAK MEDICAL CENTER,ALAIN,"PLATINUM,G PLUS,GOLD,SILVER,BRONZE,BLUE,ASASI",ZAYED BIN SULTAN STREET,03-7642978,MEDICAL CENTER,24.222947,55.765335
AL SULTAN ADVANCED MEDICAL CLINICS,ALAIN,"PLATINUM,G PLUS,GOLD,SILVER,BRONZE",FALAJ HAZA,03-7806111,MEDICAL CENTER,24.207516,55.74454
AL RANEEN MEDICAL CENTRE,ALAIN,"PLATINUM,G PLUS,GOLD,SILVER,BRONZE,BLUE,ASASI",LUCKY PLAZA BUILDING,03-7655602,MEDICAL CENTER,24.221633,55.772945
FINE CARE SPECIALIZED MEDICAL CENTRE,ALAIN,"PLATINUM,G PLUS,GOLD,SILVER,BRONZE",AL MUWAIJAEI,03-7544700,MEDICAL CENTER,24.223472,55.726829
AL-NOOR MEDICAL CENTRE (EXCLUDING DR. DR ARSHDEEP JAWANDA GD11398,ALAIN,"PLATINUM,G PLUS,GOLD,SILVER,BRONZE,BLUE","NEAR MURABBA ROUND ABOUT, MAIN ST",03-7662072,MEDICAL CENTER,24.220094,55.773902
AL ROUDHA MEDICAL CENTER,ALAIN,"PLATINUM,G PLUS,GOLD,SILVER,BRONZE,BLUE",SOUK AREA,03-7510810,MEDICAL CENTER,24.2196,55.775817
AL RA'AYA SPECIALIST MEDICAL CENTRE,ALAIN,"PLATINUM,G PLUS,GOLD,SILVER,BRONZE",AL YAHER NORTH,03-7815555,MEDICAL CENTER,24.219962,55.540869
NEIMA PRIMARY HEALTH CARE CENTER (EXCLUDING DENTAL,ALAIN,"PLATINUM,G PLUS,GOLD,SILVER,BRONZE,BLUE,ASASI",SHABIYAT AL MAQAM,03-7839444,MEDICAL CENTER,24.1049,55.57167
AL JAHLI MEDICAL CENTER (EXCLUDING DENTAL,ALAIN,"PLATINUM,G PLUS,GOLD,SILVER,BRONZE,BLUE,ASASI",AL JAHILI,03-7839444,MEDICAL CENTER,24.195499,55.650319
AL MASOUDI PRIMARY HEALTH CARE CENTER (EXCLUDING DENTAL),ALAIN,"PLATINUM,G PLUS,GOLD,SILVER,BRONZE,BLUE,ASASI",AL MASOUDI AREA,03-7635200,MEDICAL CENTER,24.266958,55.741366
OUD AL TOBA PRIMARY HEALTH CARE CENTER (EXCLUDING DENTAL,ALAIN,"PLATINUM,G PLUS,GOLD,SILVER,BRONZE,BLUE,ASASI",131ST SHAKHBOOT BIN SULTAN ST,03-7639339,MEDICAL CENTER,24.2421,55.7373
AL HILI PRIMARY HEALTH CARE CENTER (EXCLUDING DENTAL,ALAIN,"PLATINUM,G PLUS,GOLD,SILVER,BRONZE,BLUE,ASASI",AL HILI,03-7845328,MEDICAL CENTER,24.263417,55.767476
AL HAYER PRIMARY HEALTH CARE CENTER (EXCLUDING DENTAL,ALAIN,"PLATINUM,G PLUS,GOLD,SILVER,BRONZE,BLUE,ASASI",AL HAYER,03-7321511,MEDICAL CENTER,24.581283,55.7321
MEZYAD HEALTH CARE CENTER (EXCLUDING DENTAL,ALAIN,"PLATINUM,G PLUS,GOLD,SILVER,BRONZE,BLUE,ASASI","137TH ST., AL DHAHIR",03-7821918,MEDICAL CENTER,24.086067,55.83815
AL SHUEIB HEALTHCARE CENTER (EXCLUDING DENTAL),ALAIN,"PLATINUM,G PLUS,GOLD,SILVER,BRONZE,BLUE,ASASI","NEAR AL KHADER SC, SHWAIB AREA,",03-7323302,MEDICAL CENTER,24.746933,55.81275
AL MUWEIJI HEALTHCARE CENTER (EXCLUDING DENTAL),ALAIN,"PLATINUM,G PLUS,GOLD,SILVER,BRONZE,BLUE,ASASI",AL AIN,03-7678864,MEDICAL CENTER,24.206907,55.718938
AL NIYADAT PRIMARY HEALTH CARE CENTER (EXCLUDING DENTAL),ALAIN,"PLATINUM,G PLUS,GOLD,SILVER,BRONZE,BLUE,ASASI","SALAM STREET,",03-7678864,MEDICAL CENTER,24.221833,55.772017
REMAH HEALTHCARE CENTER (EXCLUDING DENTAL,ALAIN,"PLATINUM,G PLUS,GOLD,SILVER,BRONZE,BLUE,ASASI","E22, AL AIN HIGHWAY,",02-7111400,MEDICAL CENTER,24.1814,55.332583
SWEIHAN PRIMARY HEALTH CARE CENTER (EXCLUDING DENTAL,ALAIN,"PLATINUM,G PLUS,GOLD,SILVER,BRONZE,BLUE,ASASI","RURAL AREA,SWEIHAN,NEAR PRIM.SCHOOL",03-7347318,MEDICAL CENTER,24.464617,55.326733
ZAKHER PRIMARY HEALTH CARE CENTER (EXCLUDING DENTAL),ALAIN,"PLATINUM,G PLUS,GOLD,SILVER,BRONZE,BLUE,ASASI","GAFAT AL NAYYAR AREA,",03-7828042,MEDICAL CENTER,24.132933,55.6852
AL QUAA HEALTH CARE CENTER (EXCLUDING DENTAL),ALAIN,"PLATINUM,G PLUS,GOLD,SILVER,BRONZE,BLUE,ASASI","AL QUAA AREA, NEAR BIG MOSQUE",02-7111713,MEDICAL CENTER,23.397167,55.421633
AL YAHAR PRIMARY HEALTH CARE CENTER (EXCLUDING DENTAL),ALAIN,"PLATINUM,G PLUS,GOLD,SILVER,BRONZE,BLUE,ASASI","AL YAHAR,",03-7826772,MEDICAL CENTER,24.22805,55.5646
AL MAQAM PRIMARY HEALTH CARE CENTER (EXCLUDING DENTAL),ALAIN,"PLATINUM,G PLUS,GOLD,SILVER,BRONZE,BLUE,ASASI",AL MAQAM AREA,03-7684380,MEDICAL CENTER,24.185749,55.627368
DISEASE PREVENTION & SCREENING CENTER AA (EXCLUDING DENTAL,ALAIN,"PLATINUM,G PLUS,GOLD,SILVER,BRONZE,BLUE,ASASI","HAI AL WADI,",03-7627777,MEDICAL CENTER,24.233217,55.73185
ROYAL CARE MEDICAL CENTRE,ALAIN,"PLATINUM,G PLUS,GOLD,SILVER,BRONZE,BLUE,ASASI",FALAJ HAZZA,03-7666448,MEDICAL CENTER,24.223867,55.551017
ARABIC CANADIAN MEDICAL CENTER,ALAIN,"PLATINUM,G PLUS,GOLD,SILVER,BRONZE","AL MUTAREDH AREA, BLDG#8",03-7229660,MEDICAL CENTER,24.2114,55.7458
AL AIN SPECIALIZED MEDICAL CENTER,ALAIN,"PLATINUM,G PLUS,GOLD,SILVER,BRONZE",HILTON ST OPPOSITE OF LULU CENTER,03-7646788,MEDICAL CENTER,24.214757,55.757607
NOOR KASHMIR MEDICAL CENTER (,ALAIN,"PLATINUM,G PLUS,GOLD,SILVER,BRONZE","SANAIYA ST, OPP. AL AIN GIFT MARKET",03-7214977,MEDICAL CENTER,24.197033,55.762367
AL FAQA PRIMARY HEALTH CARE CENTER (EXCLUDING DENTAL,ALAIN,"PLATINUM,G PLUS,GOLD,SILVER,BRONZE,BLUE,ASASI","AL FAQA AREA,NEAR TO POLICE ST.",03-7331192,MEDICAL CENTER,24.720317,55.62105
HAFIT MEDICAL COMPLEX L.L.C (,ALAIN,"PLATINUM,G PLUS,GOLD,SILVER,BRONZE","CITY CENTRE, MAIN STREET",03-7641565,MEDICAL CENTER,24.2209,55.77093
SEHA DIALYSIS SERVICES - TAWAM HOSPITAL (EXCLUDING DENTAL,ALAIN,"PLATINUM,G PLUS,GOLD,SILVER,BRONZE,BLUE,ASASI","TAWAM HOSPITAL,",02-4102000,MEDICAL CENTER,24.195588,55.649447
AL TWOAILI PHYSIOTHERAPEUTICAL CENTER (EXCLUDING DENTAL,ALAIN,"PLATINUM,G PLUS,GOLD,SILVER,BRONZE,BLUE","AL MUTARAD AREA,",03-7551903,MEDICAL CENTER,24.221033,55.744024
BIN SULAIMAN MEDICAL CENTRE (EXCLUDING DENTAL,ALAIN,"PLATINUM,G PLUS,GOLD,SILVER,BRONZE,BLUE","NEAR OASIS HOSPITAL, SANAIYA",03-7221358,MEDICAL CENTER,24.208629,55.759979
ACCU CARE MEDICAL CENTER,ALAIN,"PLATINUM,G PLUS,GOLD,SILVER,BRONZE,BLUE","14 HAMDAN BIN MOHD ST,AL TOWAYYA",03-7227722,MEDICAL CENTER,24.243404,55.703291
AL MEENA MEDICAL CENTRE L.L.C,ALAIN,"PLATINUM,G PLUS,GOLD,SILVER,BRONZE,BLUE","ABOOBACKER SIDHEEK ROAD,MAIN STREET",03-7800762,MEDICAL CENTER,24.225952,55.762929
AL BASHEER MEDICAL CENTRE L.L.C. (EXCLUDING DENTAL,ALAIN,"PLATINUM,G PLUS,GOLD,SILVER,BRONZE,BLUE,ASASI","OPP STANDARD CHARTERED BANK,MAIN ST",03-7665561,MEDICAL CENTER,24.221863,55.772067
NEW MEDICAL CENTRE L.L.C - BRANCH OF ABU DHABI 2 (FACILITY IS CLOSED TEMPORARILY FROM 28/11/2020 TILL 30/04/2021),ALAIN,"PLATINUM,G PLUS,GOLD,SILVER,BRONZE,BLUE","PLOT 230,SHIEBAT AL SALAM,AL WADI",03-7044700,MEDICAL CENTER,24.202476,55.748072
THE HEART MEDICAL CENTER L.L.C. (EXCLUDING DENTAL,ALAIN,"PLATINUM,G PLUS,GOLD,SILVER","22C 12TH STREET, AL KHABISI",03-7511122,MEDICAL CENTER,24.24195,55.7167
NOVA MEDICAL CENTER (EXCLUDING DENTAL,ALAIN,"PLATINUM,G PLUS,GOLD,SILVER,BRONZE",AL MUWAIJI -AL NOOR COMPLEX,03-7674440,MEDICAL CENTER,24.225812,55.729699
AL AIN FERTILITY CENTER (EXCLUDING DENTAL,ALAIN,PLATINUM,"29TH STREET, AL JIMI , AL AIN",03-7024000,MEDICAL CENTER,24.245824,55.7225
ROYAL CARE MEDICAL CENTRE - BRANCH 1,ALAIN,"PLATINUM,G PLUS,GOLD,SILVER,BRONZE,BLUE,ASASI",AL YAHER AREA,03-7814455,MEDICAL CENTER,24.181125,55.73214
ULTRA MEDICAL CENTER,ALAIN,"PLATINUM,G PLUS,GOLD,SILVER,BRONZE","BESIDE JIMMI MALL, AL JIMMI AREA",50-6264480,MEDICAL CENTER,24.242862,55.727337
REAL HEALTH CENTER (EXCLUDING DENTAL,ALAIN,"PLATINUM,G PLUS,GOLD,SILVER,BRONZE,BLUE",AL MUTARAD NEAR ROTANA HOTEL STREET,03-7010111,MEDICAL CENTER,24.221933,55.750214
AL TOWAYYA CHILDREN'S SPECIALTY CENTER (EXCLUDING DENTAL,ALAIN,"PLATINUM,G PLUS,GOLD,SILVER,BRONZE,BLUE,ASASI",111TH ST. AL TOWAYYA,03-7462888,MEDICAL CENTER,24.261502,55.692907
PRIDE MEDICAL CENTER (EXCLUDING DENTAL,ALAIN,"PLATINUM,G PLUS,GOLD,SILVER,BRONZE,BLUE,ASASI",STREET NO.15 BATHA ALHAYER SANAIYA,03-7998920,MEDICAL CENTER,24.266681,55.771498
NOOR ALAHLI MEDICAL CENTER (EXCLUDING DENTAL,ALAIN,"PLATINUM,G PLUS,GOLD,SILVER,BRONZE,BLUE","HESSA BINT MOHAMMED ST,SANAIYA",03-7665852,MEDICAL CENTER,24.221256,55.763488
SULAIMAN MEDICAL CENTRE - BRANCH 1,ALAIN,"PLATINUM,G PLUS,GOLD,SILVER,BRONZE","AL  JIMI, NEAR AL JIMI K.G SCHOOL,",03-7850111,MEDICAL CENTER,24.257637,55.740802
BURJEEL MEDICAL CENTRE BARARI L.L.C. (,ALAIN,"PLATINUM,G PLUS,GOLD,SILVER,ASASI","BARARI OUTLET MALL , AL AIN",03-7991555,MEDICAL CENTER,24.082759,55.847736
DIAMOND MEDICAL CENTER LLC (EXCLUDING DENTAL,ALAIN,"PLATINUM,G PLUS,GOLD,SILVER,BRONZE,BLUE,ASASI","NEAR MADINA HYPERMARKET STREET NO 118, SANAIYA,",03-7844689,MEDICAL CENTER,24.222681,55.765307
URGENT CARE MEDICAL CENTER,ALAIN,"PLATINUM,G PLUS,GOLD,SILVER,BRONZE,BLUE,ASASI","ZAYED BIN SULTAN STREET,AL AIN",03-7811008,MEDICAL CENTER,24.221013,55.762111
AL MAMOON MEDICAL CENTRE,ALAIN,"PLATINUM,G PLUS,GOLD,SILVER,BRONZE,BLUE,ASASI","MUAIJI 2, STREET 2, VILLA 38",03-7666652,MEDICAL CENTER,24.221175,55.713693
EMIRATES CONFIDENTY MEDICAL CENTER,ALAIN,"PLATINUM,G PLUS,GOLD,SILVER,BRONZE,BLUE",ABU BAKER AL SIDDIQ STREET,03-7376491,MEDICAL CENTER,24.222297,55.770956
AMERICAN CENTER PSYCHIATRY AND NEUROLOGY - BRANCH 1,ALAIN,"PLATINUM,G PLUS,GOLD,SILVER",CLOSE TO AL JAHILI SCHOOL,03-7131700,MEDICAL CENTER,24.211905,55.745894
ORTHOPLUS BONE AND JOINT CENTER L.L.C.,ALAIN,"PLATINUM,G PLUS,GOLD,SILVER,BRONZE,BLUE,ASASI",AL AIN TOWN CENTER,03-7800378,MEDICAL CENTER,24.22213,55.770865
SHROUQ AL SABAH MEDICAL CENTER,ALAIN,"PLATINUM,G PLUS,GOLD,SILVER,BRONZE,BLUE",FLAT NO B6 BLDG 209 OPP AL JIMI KG BALADIYA STREET AL AMERIYA,03-7801233,MEDICAL CENTER,24.257833,55.739453
HEALING TOUCH MEDICAL CENTER,ALAIN,"PLATINUM,G PLUS,GOLD,SILVER,BRONZE,BLUE","1ST FLOOR, ABOVE AL MASHREQ SUPER MARKET, AL JIMI,",03-7850150,MEDICAL CENTER,24.256931,55.739001
ELEGANCE MEDICAL CENTER,ALAIN,"PLATINUM,G PLUS,GOLD,SILVER,BRONZE,BLUE,ASASI",BESIDE AL SAFEER MARKET AL JIMI,03-7227420,MEDICAL CENTER,24.241663,55.747364
KHYBER WAZIRISTAN MEDICAL CENTER,ALAIN,"PLATINUM,G PLUS,GOLD,SILVER,BRONZE,BLUE","NEAR ZAM ZAM PHARMACY ,INDUSTRIAL AREA, SANAIYA, AL AIN",03-7665173,MEDICAL CENTER,24.476206,54.374367
CLASSIC CARE MEDICAL CENTER,ALAIN,"PLATINUM,G PLUS,GOLD,SILVER,BRONZE,BLUE,ASASI","FLAT105,106,BUILDING#1535,P.O BOX:14112,NEAR FAB BANK SWEIHAN",03-7346454,MEDICAL CENTER,24.467648,55.329635
SUN MEDICAL CLINIC- BRANCH-1,ALAIN,"PLATINUM,G PLUS,GOLD,SILVER,BRONZE,BLUE","INDUSTRIAL AREA ,SANAIYA ,ALAIN",03-78031777,MEDICAL CENTER,24.190918,55.7616
ARABIAN SPECIALIST MEDICAL CENTER L.L.C,ALAIN,"PLATINUM,G PLUS,GOLD,SILVER,BRONZE",OUD BIN SAG-HAN CON 33RD ST .AL AIN,03-7663111,MEDICAL CENTER,24.209317,55.688495
AL MAGD MEDICAL CENTER - SOLE PROPRIETORSHIP L.L.C,ALAIN,"PLATINUM,G PLUS,GOLD,SILVER,BRONZE,BLUE","AL AIN , SANIYA , BEHIND AL MASOOD MOTORS, ST NO 5 BUILDING NUMBER 5",03-7216406,MEDICAL CENTER,24.187749,55.760261
MOON LIGHT MEDICAL CENTER L.L.C,ALAIN,"PLATINUM,G PLUS,GOLD,SILVER,BRONZE,BLUE","PLOT-37,ROAD-15,BATHA AL HAYER,SANAIYA,ALAIN",03-7519966,MEDICAL CENTER,24.177513,55.763398
CURE PLUS MEDICAL CENTER,ALAIN,"PLATINUM,G PLUS,GOLD,SILVER,BRONZE",SHAKHBOOT BIN SULTAN ST.AL KHABISY AL SEDRA AL AIN,03-7655511,MEDICAL CENTER,24.13095,55.4116
MUNICH MEDICAL& REHABILITION CENTER L.L.C,ALAIN,"PLATINUM,G PLUS,GOLD,SILVER,BRONZE","OPPOSITE FALAZ HAZZA POLICE STATION,FALAJ HAZZA,",03-7638001,MEDICAL CENTER,24.11593,55.43482
AL HILAL MEDICAL CENTRE LLC,ALAIN,"PLATINUM,G PLUS,GOLD,SILVER,BRONZE,BLUE","MAIN STREET ,AL AIN, NEAR TO FISH MARKET",03-7849290,MEDICAL CENTER,24.221241,55.771369
COPE MEDICAL CENTER,ALAIN,"PLATINUM,G PLUS,GOLD,SILVER,BRONZE","SANAIYA, AL-ARAS, MARYAM SALEM MOHAMMED BUILDING, ALAIN",03-7543634,MEDICAL CENTER,24.177,55.767329
COSMESURGE ZAKHER MEDICAL CENTER L.L.C,ALAIN,"PLATINUM,G PLUS,GOLD,SILVER","TWAM STREET NO.3, VILLA NO. 29A, AL SHUIBAH AREA,",03-7805793,MEDICAL CENTER,24.16706,55.66759
DISEASE PREVENTION & SCREENING CENTRE- AL MARFA,ALAIN,"PLATINUM,G PLUS,GOLD,SILVER,BRONZE,BLUE,ASASI","138TH ST. NEIMA DISTRICT, AL AIN",03-7461120,MEDICAL CENTER,24.084561,53.49736
DISEASE PREVENTION AND SCREENING CENTER- SWEIHAN,ALAIN,"PLATINUM,G PLUS,GOLD,SILVER,BRONZE,BLUE,ASASI","SWEIHAN, AL AIN",03-7461762,MEDICAL CENTER,24.465281,55.326683
MISSION MEDICAL CENTER,ALAIN,"PLATINUM,G PLUS,GOLD,SILVER,BRONZE,BLUE","GANATI CAR WASHM CEMENT FACTORY,SANAIYA",03-7224188,MEDICAL CENTER,24.18889,55.746737
THE SPECIALIST DIABETES TREATMENT & RESEARCH CENTRE (IMPERIAL COLLEGE DIABETIC CENTRE)  LLC- BRANCH (EXCLUDING DENTAL,ALAIN,"PLATINUM,G PLUS",NEXT TO TAWAM HOSPITAL,03-7464800,MEDICAL CENTER,24.192269,55.646972
MEDICAL SPECIALISTS CENTRE,DXB,"PLATINUM,G PLUS,GOLD,SILVER,BRONZE",AL MINA ROAD,04-3454040,MEDICAL CENTER,25.15005,55.211733
GETWELL MEDICAL CENTER,DXB,"PLATINUM,G PLUS,GOLD,SILVER,BRONZE,BLUE",BANK STREET:MEDIC BUILDING,04-3595935,MEDICAL CENTER,25.256336,55.300481
MAISSAN MEDICAL CLINIC (EXCLUDING DENTAL,DXB,"PLATINUM,G PLUS,GOLD,SILVER,BRONZE",MURAQABAT STREET,04-2977995,MEDICAL CENTER,24.262973,55.32583
MEDICLINIC AL SUFOUH,DXB,"PLATINUM,G PLUS,GOLD",DUBAI KNOWLEDGE VILLAGE (AL SUFOUH),04-3661030,MEDICAL CENTER,25.101269,55.160502
HARLEY INTERNATIONAL MEDICAL CLINIC,DXB,"PLATINUM,G PLUS,GOLD,SILVER,BRONZE","D-103, NASHWAN BUILDING,MANKHOOL",04-3986677,MEDICAL CENTER,25.249305,55.286796
ATLAS STAR MEDICAL CENTER,DXB,"PLATINUM,G PLUS,GOLD,SILVER,BRONZE",KHALID BIN WALEED ROAD,04-3596662,MEDICAL CENTER,25.259017,55.290617
NASSER MEDICAL CONSULTANT CENTRE (EXCLUDING ENT),DXB,"PLATINUM,G PLUS,GOLD",HAMARAIN CENTER,04-2698400,MEDICAL CENTER,25.267232,55.330018
AL SHIFA AL KHALEEJI MEDICAL CENTRE L.L.C,DXB,"PLATINUM,G PLUS,GOLD,SILVER,BRONZE",DEIRA AL ITTIHAD ROAD,04-2940786,MEDICAL CENTER,25.264491,55.311696
DR SULAIMAN AL HABIB HOSPITAL FZ LLC,DXB,"PLATINUM,G PLUS,GOLD",BUILDING NO 55 ST 26,04-4297777,MEDICAL CENTER,25.233477,55.32204
PRIMACARE SPECIALITY CLINICS LLC,DXB,"PLATINUM,G PLUS,GOLD,SILVER","AL MUSALLA TOWER,BUR DUBAI",04-3966123,MEDICAL CENTER,25.148866,55.246802
MEDICLINIC MIRDIFF CLINIC LLC,DXB,"PLATINUM,G PLUS,GOLD",MIRDIF,04-2881302,MEDICAL CENTER,25.225,55.425735
GERMAN MEDICAL CENTER FZ - LLC (EXCLUDING DENTAL,DXB,PLATINUM,HEALTHCARE CITY,04-3622929,MEDICAL CENTER,25.231567,55.326717
DR. SHANIL MEDICAL CENTRE L.L.C,DXB,"PLATINUM,G PLUS,GOLD",INTERNATIONAL CITY,04-4308384,MEDICAL CENTER,25.167902,55.414513
JUPITER AL QUSAIS POLY CLINIC LLC,DXB,"PLATINUM,G PLUS,GOLD,SILVER,BRONZE,BLUE",AL QUASIS,04-2630987,MEDICAL CENTER,25.269672,55.38002
AL KARAMA MEDICAL CENTER,DXB,"PLATINUM,G PLUS,GOLD,SILVER,BRONZE,BLUE,ASASI","ARIF AND BIN TOAK BUILDING, BEHIND KARAMA FISH MARKET",04-3535248,MEDICAL CENTER,25.236928,55.303281
KARAMA MEDICAL CENTRE-AL QUOZ BRANCH,DXB,"PLATINUM,G PLUS,GOLD,SILVER,BRONZE,BLUE,ASASI","GRAND CITY MALL,AL QOUZ",04-3413645,MEDICAL CENTER,25.128733,55.23225
ASTER MEDICAL CENTER,DXB,"PLATINUM,G PLUS,GOLD,SILVER,BRONZE,BLUE",AL QUSAIS,04-2576333,MEDICAL CENTER,25.269783,55.379783
PRIME MEDICAL CENTER BURDUBAI LLC,DXB,"PLATINUM,G PLUS,GOLD,SILVER","3RD FLOOR BURJUMAN CENTER  KHALID BIN AL WALEED ROAD, BUR DUBAI",04-3570033,MEDICAL CENTER,25.258033,55.307233
ELITE MEDICAL CENTRE,DXB,"PLATINUM,G PLUS,GOLD",JUMEIRAH BEACH ROAD,04-3495363,MEDICAL CENTER,25.228233,55.260233
HEALTH CALL FZ LLC (EXCLUDING DENTAL,DXB,PLATINUM,HEALTHCARE CITY,04-3635343,MEDICAL CENTER,25.230117,55.325
DR. HUDAH SHAHEEN MEDICAL CENTRE (EXCLUDING DENTAL,DXB,"PLATINUM,G PLUS,GOLD,SILVER","CITY BAY BUSINESS CENTRE,DEIRA",04-2628266,MEDICAL CENTER,25.271268,55.307192
MEDCARE MEDICAL CENTRE - JBR,DXB,"PLATINUM,G PLUS,GOLD,SILVER",JBR,04-4539450,MEDICAL CENTER,25.179183,55.247083
MEDCARE MEDICAL CENTER MIRDIFF CITY BR,DXB,"PLATINUM,G PLUS,GOLD,SILVER",MIRDIFF,04-2847199,MEDICAL CENTER,25.221467,55.434683
KIMS MEDICAL CENTRE,DXB,"PLATINUM,G PLUS,GOLD,SILVER,BRONZE","SALAHUDDIN ROAD , DEIRA",04-2624500,MEDICAL CENTER,25.271076,55.332405
EMIRATES HOSPITALS AND CLINICS LLC BRANCH,DXB,"PLATINUM,G PLUS,GOLD","JBR , HABTOOR TOWER,MARINA AREA,",04-4471555,MEDICAL CENTER,25.085365,55.141537
AL TAMAYOZ MEDICAL CENTER (EXCLUDING DENTAL,DXB,PLATINUM,"MAI TOWER BUILDING,AL NAHDA1,QUSAIS",04-2209900,MEDICAL CENTER,25.287783,55.3653
MEDLINE MEDICAL CENTER,DXB,PLATINUM,"FLR#1,JUMEIRAH TERRACE BLDG,JUMEIRA",04-3542777,MEDICAL CENTER,25.239267,55.2706
UNICARE MEDICAL CENTER BRANCH,DXB,"PLATINUM,G PLUS,GOLD,SILVER,BRONZE","MANKHOOL RD, AL HUDAIBA",04-3529292,MEDICAL CENTER,25.254083,55.303
WESTERN MEDICAL CENTRE (EXCLUDING DENTAL,DXB,PLATINUM,"VILLA NO.2 BU HUMAID VILLA, AL WASL",04-3855655,MEDICAL CENTER,25.213117,55.25825
ARMADA MEDICAL CENTRE ((EXCLUDING DR. THAER M SAID HAMAD (LICENSE NO DHA-P-79597897) FROM DIRECT BILLING AND REIMBURSEMENT EFFECTIVE 27/10/2022),DXB,PLATINUM,"P2 ARMADA TOWERS,AL SARAYAT ST",04-3990022,MEDICAL CENTER,25.074783,55.145417
COSMOPOLITAN MEDICAL CENTER (BRANCH),DXB,"PLATINUM,G PLUS,GOLD,SILVER,BRONZE","DAR AL WAHEIDA BLDG,DEIRA",04-2687272,MEDICAL CENTER,25.262,55.293633
ASTER JLT MEDICAL CENTER BR OF DM HEALTH,DXB,"PLATINUM,G PLUS,GOLD,SILVER,BRONZE,BLUE","RED DIAMOND BLDG, NEXT TO CARREFOUR",04-4204069,MEDICAL CENTER,25.076917,55.1542
NEW AL MUSALLA MEDICAL CENTRE (EXCLUDING DENTAL,DXB,"PLATINUM,G PLUS,GOLD,SILVER,BRONZE","AWQAF MASJID BUILDING,MUHAISNAH 2",04-2641449,MEDICAL CENTER,25.2584,55.298733
AMALA MEDICAL CENTER L.L.C.,DXB,"PLATINUM,G PLUS,GOLD,SILVER,BRONZE,BLUE","AL QUOZE, AL KHAIL MALL",04-3306727,MEDICAL CENTER,25.149,55.246567
ATLAS STAR MEDICAL CENTER (BRANCH),DXB,"PLATINUM,G PLUS,GOLD,SILVER,BRONZE","AL NAHDA2, QUSAIS",04-2588088,MEDICAL CENTER,25.288817,55.378067
ASTER JUBILEE MEDICAL COMPLEX (BR OF D M HEALTHCARE (LLC)),DXB,"PLATINUM,G PLUS,GOLD,SILVER,BRONZE,BLUE","AL FUTTAIM BLDG,KHALID BIN WALID ST",04-5090323,MEDICAL CENTER,25.259933,55.294233
KIDSHEART MEDICAL CENTER FZ-LLC (EXCLUDING DENTAL,DXB,"PLATINUM,G PLUS,GOLD,SILVER","BLDG.27,IBN SINAM BLOCK A,DHCC",04-4529970,MEDICAL CENTER,25.231417,55.326517
MUHAISNA SPECIALIST MEDICAL CENTRE L.L.C,DXB,"PLATINUM,G PLUS,GOLD,SILVER,BRONZE","SONAPOOR,NEAR GRAVE YEARD",04-3705080,MEDICAL CENTER,25.2615,55.424667
JUPITER SPECIALTY MEDICAL CENTER LLC,DXB,"PLATINUM,G PLUS,GOLD,SILVER,BRONZE,BLUE",KARAMA METRO STATION,04-3866330,MEDICAL CENTER,25.2452,55.297881
NEW HEALTH CALL DMCC (EXCLUDING DENTAL,DXB,PLATINUM,"UNIT NO. F107, RED DIAMOND BLG,JLT",04-5647498,MEDICAL CENTER,25.076259,55.178548
LIFELINE MEDICAL CENTRE- BUR DUBAI,DXB,"PLATINUM,G PLUS,GOLD","BAIT AL WALEED II-, BUR DUBAI",04-3273111,MEDICAL CENTER,25.259445,55.293887
LIFELINE DAYCARE SURGERY - MANKHOOL,DXB,"PLATINUM,G PLUS,GOLD","ADEL QAFFAN VILLA,MANKHOOL",04-3988890,MEDICAL CENTER,25.247266,55.2944
JOSEPHS QUSAIS POLYCLINIC (BR OF GULF HEALTH INTERNATIONAL (LLC)),DXB,"PLATINUM,G PLUS,GOLD,SILVER,BRONZE,BLUE","DAFZ METRO STATION, QUSAIS",04-2636767,MEDICAL CENTER,25.271078,55.376387
KARAMA MEDICAL CENTER(BR DIP),DXB,"PLATINUM,G PLUS,GOLD,SILVER,BRONZE,BLUE,ASASI","MEZZANINE FLOOR,PARK SHOPPING CENTR",04-8848368,MEDICAL CENTER,24.980583,55.156496
MEDICLINIC DEIRA CLINIC BR OF MEDICLINIC CLINICS INVESTMENT LLC,DXB,"PLATINUM,G PLUS,GOLD","DEIRA CITY CENTRE,NEXT TO PULLMAN,",04-6055999,MEDICAL CENTER,25.25082,55.335245
OCP MEDICAL CENTER LLC (EXCLUDING DENTAL,DXB,"PLATINUM,G PLUS,GOLD,SILVER",FAIRMONT DUBAI,04-3519933,MEDICAL CENTER,25.226404,55.284482
ADVANCED ORTHOSPINE HEALTH CENTER,DXB,"PLATINUM,G PLUS,GOLD,SILVER,BRONZE",OFF 209 AL SHAFAR 7 BLDG. AL WASL,04-3444828,MEDICAL CENTER,25.123565,55.258652
VASAN EYE CARE (EXCLUDING DENTAL,DXB,"PLATINUM,G PLUS,GOLD,SILVER","SHOP NO : 2,ZABEEL PLAZA, KARAMA",04-3579444,MEDICAL CENTER,25.239897,55.30531
SAMA SANTE MEDICAL CENTER L.L.C,DXB,"PLATINUM,G PLUS,GOLD,SILVER,BRONZE","UMM SUQEIM  2, AL WASL ROAD,",04-3881151,MEDICAL CENTER,25.15423,55.215138
GERMAN MEDICAL CENTER FZ.LLC (EXCLUDING DENTAL,DXB,PLATINUM,"OUD MAITHA ST,DHCC",04-4322989,MEDICAL CENTER,25.23166,55.326312
AL MASHAHER MEDICAL CENTRE (EXCLUDING DENTAL,DXB,"PLATINUM,G PLUS,GOLD,SILVER,BRONZE","SHEIKH KHALID BLDG,MUHAISNA,SONAPUR",04-2633309,MEDICAL CENTER,25.261829,55.42424
MAG HEALTH CLINIC LLC,DXB,"PLATINUM,G PLUS,GOLD,SILVER","API BUSINESS SUITE, AL BARSHA,SZRAPI BUSINESS SUITE,  SHEIKH ZAYED ROAD,",04-3794444,MEDICAL CENTER,25.107319,55.181823
ASTER MEDICAL CENTER ALQUSAISE BR OF DM,DXB,"PLATINUM,G PLUS,GOLD,SILVER,BRONZE","AQU BLDG,NEAR DUBAI AIRPORT,QUSAIS1",04-2632202,MEDICAL CENTER,25.269332,55.380889
ASTER MEDICAL CENTRE INTERNATIONAL CITY,DXB,"PLATINUM,G PLUS,GOLD,SILVER,BRONZE,BLUE","6,8 & 10 V-19 RUSSIA CLUSTER,",04-4312273,MEDICAL CENTER,25.01405,55.16145
XIE HE MEDICAL CENTER,DXB,"PLATINUM,G PLUS,GOLD,SILVER,BRONZE","A12 BUILDING, INTERNATIONAL CITY",04-4233055,MEDICAL CENTER,25.171517,55.414306
AMSA RENAL CARE FZ LLC (EXCLUDING DENTAL,DXB,"PLATINUM,G PLUS,GOLD","AL RAZI BUILDING NO. 64,DHCC",04-4542626,MEDICAL CENTER,25.23326,55.325616
AMERICAN EXCELLENCE MEDICAL AND DENTAL CENTER,DXB,"PLATINUM,G PLUS,GOLD",JUMEIRAH BEACH ROAD - JUMEIRAH 3,04-3955113,MEDICAL CENTER,25.180044,55.223946
AQUACARE MEDICAL CENTER,DXB,"PLATINUM,G PLUS,GOLD,SILVER,BRONZE,BLUE","AL WASEL ROAD, UMM SUQEIM",04-3477433,MEDICAL CENTER,25.208812,55.272255
MEDWIN MEDICAL CENTRE (EXCLUDING DENTAL,DXB,"PLATINUM,G PLUS,GOLD,SILVER,BRONZE","JUMIERA3 BEACH ROAD, VILLA 516",04-3955044,MEDICAL CENTER,25.181095,55.224446
MEDCARE MEDICAL CENTRE DISCOVERY GARDENS,DXB,"PLATINUM,G PLUS,GOLD,SILVER","DISCOVERY PAVILION BLD,GEANT MARKET",04-5530290,MEDICAL CENTER,25.035146,55.146954
DUBAI SPECIALIZED MEDICAL CENTER & MEDICAL RESEARCH LABS (EXCLUDING DENTAL,DXB,"PLATINUM,G PLUS,GOLD,SILVER,BRONZE","AL MEZER, BLDG 785",04-2646124,MEDICAL CENTER,25.251063,55.416765
GSM MEDICAL CENTRE,DXB,"PLATINUM,G PLUS,GOLD,SILVER,BRONZE","G29 EUROPEAN BUSINESS CENTER, DIP 1",04-8831002,MEDICAL CENTER,25.004134,55.151383
SHANGHAI MEDICAL CENTER LLC,DXB,"PLATINUM,G PLUS,GOLD,SILVER,BRONZE","INTERNATIONAL CITY, MOROCCO CLUSTER",04-3743338,MEDICAL CENTER,25.160321,55.419777
ACACIA MEDICAL CENTRE,DXB,"PLATINUM,G PLUS,GOLD,SILVER","SUITE 111,AL SHAFAR BLDG.7,AL WASL",04-3445515,MEDICAL CENTER,25.213415,55.258559
PRIME MEDICAL CENTER RTA LLC,DXB,"PLATINUM,G PLUS,GOLD,SILVER","HEADQUARTERS, UMMU RAMOOL, RASHIDIY",04-2720720,MEDICAL CENTER,25.233957,55.355955
PREMIER DIAGNOSTIC AND MEDICAL CENTER,DXB,"PLATINUM,G PLUS,GOLD,SILVER,BRONZE,BLUE","AL MUTEENA BLG,SALAHUDDIN ST,DEIRA",04-2730703,MEDICAL CENTER,25.270521,55.325557
AXON MEDICA MEDICAL CENTER LLC,DXB,"PLATINUM,G PLUS,GOLD,SILVER,BRONZE","GROUND FLOOR 8, DISCOVERY GARDEN",04-4599904,MEDICAL CENTER,25.045337,55.1319
ROYAL WING HEALTH CARE CENTER LLC,DXB,"PLATINUM,G PLUS,GOLD,SILVER,BRONZE",DHAHER REAL Eaddress4 NEAR TO RASHIDIY,04-2855479,MEDICAL CENTER,25.23086,55.388294
DR. ANAND SHENOY MEDICAL CLINIC.,DXB,"PLATINUM,G PLUS,GOLD,SILVER,BRONZE","UNIT 207, APEX, ATRIUM 1,MOTOR CITY",04-4226926,MEDICAL CENTER,25.235547,55.27741
APEX MEDICAL CLINICS LLC (EXCLUDING DENTAL,DXB,"PLATINUM,G PLUS,GOLD,SILVER,BRONZE","303-304 APEX ATRIUM BUILDING,MOTORC",04-3608881,MEDICAL CENTER,25.046225,55.235507
HOUSE HEALTH MEDICAL CENTRE,DXB,"PLATINUM,G PLUS,GOLD,SILVER,BRONZE","AL MAMZAR CENTER, HOR OFFICE NO.7",04-2526262,MEDICAL CENTER,25.279749,55.353554
ZULEKHA MEDICAL CENTRE BRANCH,DXB,"PLATINUM,G PLUS,GOLD,SILVER,BRONZE","SHEIKH RASHID BLDG,NASSER SQUARE,DE",04-2221919,MEDICAL CENTER,25.268324,55.378889
DOCTORS CLINIC DIAGNOSTIC CENTER FZ-LLC,DXB,"PLATINUM,G PLUS,GOLD,SILVER,BLUE",DUBAI HEALTHCARE CITY,04-4579111,MEDICAL CENTER,25.23425,55.318369
OXFORD MEDICAL CENTER,DXB,"PLATINUM,G PLUS,GOLD,SILVER,BRONZE,BLUE","RBURDUBAI , AL RAIS CENTER BUILDING",04-3511164,MEDICAL CENTER,25.256229,55.29502
ORTHOSPORTS MEDICAL CENTER (EXCLUDING DENTAL,DXB,"PLATINUM,G PLUS,GOLD,SILVER","BEACH ROAD, JUMEIRA",04-3450601,MEDICAL CENTER,25.23724,55.267675
DR. JOHNS MEDICAL CENTER,DXB,"PLATINUM,G PLUS,GOLD,SILVER,BRONZE",AL SATWA,04-3585666,MEDICAL CENTER,25.272731,55.371953
ASTER MEDICAL CENTRE AL QOUZ BR OF DM,DXB,"PLATINUM,G PLUS,GOLD,SILVER,BRONZE,BLUE","A.ASMAWI BLG,LATIFA HAMDAN ST,QUOZ",04-4400500,MEDICAL CENTER,25.148638,55.24642
CLINICARE SAMARI (BR OF IMARA HEALTHCARE,DXB,"PLATINUM,G PLUS,GOLD,SILVER,BRONZE","SAMARI RESIDENCE, RAS AL KHOR",04-3322682,MEDICAL CENTER,25.19562,55.3438
AL BARSHA HEALTH CENTER,DXB,"PLATINUM,G PLUS,GOLD,SILVER,BRONZE,BLUE",AL BARSHA 3,04-5021263,MEDICAL CENTER,25.097417,55.202619
KHAWANEEJ HEALTH CENTRE,DXB,"PLATINUM,G PLUS,GOLD,SILVER,BRONZE,BLUE","WADI AL ARMADI, KHAWANEEJ",04-5021263,MEDICAL CENTER,25.232071,55.514045
AL LUSSAILY HEALTH CENTER,DXB,"PLATINUM,G PLUS,GOLD,SILVER,BRONZE,BLUE",AL ETIHAD ST.,04-5021263,MEDICAL CENTER,24.931652,55.474284
AL MIZHER HEALTH CENTER,DXB,"PLATINUM,G PLUS,GOLD,SILVER,BRONZE,BLUE","42C STREET, AL MIZHAR1,MIZHAR MALL",04-5021263,MEDICAL CENTER,25.244826,55.450837
MANKHOOL HEALTH CENTRE,DXB,"PLATINUM,G PLUS,GOLD,SILVER,BRONZE,BLUE","AL MANKHOOL ROAD,BUR DUBAI",04-3374000,MEDICAL CENTER,25.24668,55.292678
MAMZAR HEALTH CENTRE,DXB,"PLATINUM,G PLUS,GOLD,SILVER,BRONZE,BLUE","CAIRO ST,NEAR AL ITTIHAD PVT SCHOOL",04-5021263,MEDICAL CENTER,25.297771,55.347053
NAD ALHAMAR HEALTH CENTER,DXB,"PLATINUM,G PLUS,GOLD,SILVER,BRONZE,BLUE",NEAR NAD AL HAMAR PARK1,04-5021263,MEDICAL CENTER,25.199354,55.378887
NAD AL SHIBA HEALTH CENTER,DXB,"PLATINUM,G PLUS,GOLD,SILVER,BRONZE,BLUE","NAD AL SHEBA ST,NAD AL SHEBA1,",04-5021263,MEDICAL CENTER,25.155597,55.323482
AL BADAE HEALTH CENTRE,DXB,"PLATINUM,G PLUS,GOLD,SILVER,BRONZE,BLUE",SHEIKH ZAYED ROAD 1,04-3374000,MEDICAL CENTER,25.212092,55.272275
SAFA HEALTH CENTRE,DXB,"PLATINUM,G PLUS,GOLD,SILVER,BRONZE,BLUE",AL WASL ROAD,04-5021263,MEDICAL CENTER,25.189616,55.238419
AL TOWAR HEALTH CENTER,DXB,"PLATINUM,G PLUS,GOLD,SILVER,BRONZE,BLUE","AL NAHDA ROAD, AL TAWAR 1",04-5021263,MEDICAL CENTER,25.27374,55.36438
GLOW MEDICAL AND DENTAL CENTER,DXB,"PLATINUM,G PLUS,GOLD,SILVER,BRONZE","OFFICEPARK BUILDING, BLOCK D, DUBAI INTERNET CITY",04-4564889,MEDICAL CENTER,25.091582,55.158885
ASTER SPECIALIST MEDICAL CENTER INTERNATIONAL CITY (BR OF D M HEAL,DXB,"PLATINUM,G PLUS,GOLD,SILVER,BRONZE,BLUE","THE PAVILION MALL,OPPOSITE TO KFC,F",04-4279554,MEDICAL CENTER,25.159505,55.404591
CLINICARE (BR OF IMARA HEALTH CARE L.L.C),DXB,"PLATINUM,G PLUS,GOLD,SILVER,BRONZE","AHMED PLAZA,OPP. TO AL FUTTAIM MASJ",04-2617175,MEDICAL CENTER,25.278847,55.330939
ZIA MEDICAL CENTER LLC,DXB,"PLATINUM,G PLUS,GOLD,SILVER","UM SUQUIEM1, JUMIERAH BEACH ROAD",04-3387878,MEDICAL CENTER,25.16549,55.212339
MEDCARE MEDICAL CENTRE MOTORCITY (BR OF MEDCARE HOSPITAL( LLC)),DXB,"PLATINUM,G PLUS,GOLD,SILVER","BUILDING 3, THE RIBBON MALL, M C",04-5147969,MEDICAL CENTER,25.045553,55.23841
MEDCARE MEDICAL CENTRE RASHIDIYA,DXB,"PLATINUM,G PLUS,GOLD,SILVER",AIR PORT ROAD - RASHIDIYA,04-2885881,MEDICAL CENTER,25.232273,55.386698
ZA'ABEEL HEALTH CENTER,DXB,"PLATINUM,G PLUS,GOLD,SILVER,BRONZE,BLUE",CLUN ROUNDABOUT,04-5021263,MEDICAL CENTER,25.201881,55.2844
PRIME MEDICAL CENTER REEF MALL LLC,DXB,"PLATINUM,G PLUS,GOLD,SILVER","SALAHUDDIN ROAD,DEIRA 3 FLOOR OF",04-6079928,MEDICAL CENTER,25.269628,55.322325
HARLEY INTERNATIONAL MEDICAL CLINIC BRANCH,DXB,"PLATINUM,G PLUS,GOLD,SILVER,BRONZE","NASHWAN BUILDING,AL MANKHOOL ROAD",04-3986677,MEDICAL CENTER,25.249073,55.286244
LA FAMILIA MEDICAL CENTER L.L.C,DXB,"PLATINUM,G PLUS,GOLD","I-RISE TOWER, OFFICE 10 E1, 10TH FLOOR, HESSA STREET",04-4430700,MEDICAL CENTER,25.097435,55.18108
HTK MEDICAL CENTRE L.L.C,DXB,"PLATINUM,G PLUS,GOLD,SILVER,BRONZE",GROUND FLOOR DOHA CENTRE AL MAKTOOM ROAD,04-2957776,MEDICAL CENTER,25.263977,55.316432
IMC MEDICAL CENTER LLC,DXB,"PLATINUM,G PLUS,GOLD,SILVER,BRONZE","1ST FLOOR, AL BARSHA MALL, AL BARSHA2",04-3320007,MEDICAL CENTER,25.212799,55.277125
FMC MEDICAL CENTER LLC,DXB,"PLATINUM,G PLUS,GOLD,SILVER,BRONZE","VILLA # 5, AL WASL ROAD, UM SUQEIM 2",04-3218288,MEDICAL CENTER,25.137981,55.203202
ANAYA MEDICAL CENTER L.L.C,DXB,"PLATINUM,G PLUS,GOLD,SILVER,BRONZE,BLUE","OFFICE NO-104,FARNEK BUILDING,BEHIND ALKHAIL MALL,AL QUOZ-3",04-3441615,MEDICAL CENTER,25.153807,55.245791
NAIF MEDICAL CENTER,DXB,"PLATINUM,G PLUS,GOLD,SILVER,BRONZE,BLUE",FLAT 104 ABDULLA HUSSAIN LOOTAH BUILDING. NAIF RD. DEIRA,04-2725527,MEDICAL CENTER,25.274814,55.30911
KHALIDHA MEDICAL CENTRE L.L.C.,DXB,"PLATINUM,G PLUS,GOLD,SILVER,BRONZE,BLUE","OFFICE: 103 & 104, FIRST FLOOR, SHEHAR KARACHI RESTAURANT",04-3381947,MEDICAL CENTER,25.151655,55.243095
MEDICA ZONE CLINIC,DXB,"PLATINUM,G PLUS,GOLD,SILVER,BRONZE","AL WASL ROAD UMM SUQEIM 2, VILLA 18",04-3383100,MEDICAL CENTER,25.144894,55.207797
PRIME MEDICAL CENTER MOTOR CITY (BR OF PRIME MEDICAL CENTER LLC).,DXB,"PLATINUM,G PLUS,GOLD,SILVER","FIRST FLOOR, FIRST AVENUE MALL, AL HEBAIAH FIRST AREA, MOTOR CITY",04-7070160,MEDICAL CENTER,25.048865,55.242601
GULF MEDICAL CENTRE LLC,DXB,"PLATINUM,G PLUS,GOLD,SILVER,BRONZE","L ITTIHAD ROAD, DEIRA, NEXT TO DNATA, OPPOSITE TO NISSAN SHOWROOM",04-2626000,MEDICAL CENTER,25.260713,55.33229
DHA DUBAI AIRPORT FREE ZONE AUTHORITY,DXB,"PLATINUM,G PLUS,GOLD,SILVER,BRONZE,BLUE",BELOW GATE 13 OF TERMINAL 1 (SHEIKH RASHID TERMINAL) OR FOX 7,04-2164953,MEDICAL CENTER,25.245621,55.359919
SULTAN AL OLAMA MEDICAL CENTER - AL QUOZ,DXB,"PLATINUM,G PLUS,GOLD,SILVER","SHOP 05 , ASWAAQ MALLS AL QUOZ, AL QOZE STREET, AL QOZE - 1,",04-3444427,MEDICAL CENTER,25.170577,55.150404
OXYGEN PLUS MEDICAL CENTER,DXB,"PLATINUM,G PLUS,GOLD,SILVER,BRONZE","1805 BURJ ELSALAM COMMERCIAL TOWER , TRADE CENTER 1 ,SHEIKH ZAYED ROAD",04-3887088,MEDICAL CENTER,25.309486,55.376459
ASTER MEDICAL CENTER RAS AL KHOR,DXB,"PLATINUM,G PLUS,GOLD,SILVER,BRONZE","RAS AL KHOR INDUSTRIAL AREA 3-MARHABA MALL (GROUND FLOOR,SHOP NO 16-17)",04-3425354,MEDICAL CENTER,25.182686,55.377205
ASTER MEDICAL CENTRE JABAL ALI 2( BR OF D M HEALTHCARE ) L L C.,DXB,"PLATINUM,G PLUS,GOLD,SILVER,BRONZE",JEBEEL ALI INDUSTRIAL-1,04-3425354,MEDICAL CENTER,25.006441,55.105303
MONROE MEDICAL CENTER LLC,DXB,"PLATINUM,G PLUS,GOLD,SILVER","2ND FLOOR, AL WADI BUILDING, SHEIKH ZAYD ROAD,",04-3380085,MEDICAL CENTER,25.200648,55.268777
DR SUZAN NOORI MEDICAL CENTER,DXB,"PLATINUM,G PLUS,GOLD,SILVER","ETIHAD MALL, UNION CO-OPERATIVE SOCIETY , 1ST FLOOR ,MUHAISNAH FIRST,     F-25",04-2649501,MEDICAL CENTER,25.2368,55.42146
ASTER MEDICAL CENTRE SPORTS CITY (BR OF D M HEALTHCAR,DXB,"PLATINUM,G PLUS,GOLD,SILVER,BRONZE,BLUE","SPANISH BUILDING -FLOOR G ,SHOP NO-3 ,AL HEBIAH FORTH ,DUBAI SPORT CITY",04-4577919,MEDICAL CENTER,25.03729,55.22268
NOVITAS CLINIC L.L.C,DXB,"PLATINUM,G PLUS,GOLD,SILVER,BRONZE,BLUE","PRIME RESIDENCY II, SHOP NO.4, INTERNATIONAL CITY",04-5693389,MEDICAL CENTER,25.16517,55.39745
MEDLITE MEDICAL CENTER,DXB,"PLATINUM,G PLUS,GOLD,SILVER,BRONZE,BLUE","CBD#20,RIVIERA DREAM BUILDING ,INTERNATIONAL CITY, DUBAI",04-4585859,MEDICAL CENTER,25.168107,55.406303
LIFE CLINIC 1 (BR OF LIFE CLINIC L.L.C,DXB,"PLATINUM,G PLUS,GOLD,SILVER","ZEN 4, DISCOVERY GARDENS",04-5610000,MEDICAL CENTER,25.055004,55.130345
LIFE CLINIC LLC,DXB,"PLATINUM,G PLUS,GOLD,SILVER","UNIT NO JV-TCM-AN-G075B, GROUND FLOOR, THE CIRCLE MALL, JVC,",04-5610000,MEDICAL CENTER,25.0708,55.2166
LIFE CLINIC LLC BRANCH,DXB,"PLATINUM,G PLUS,GOLD,SILVER","PLOT-21-001-PALACE TOWERS 1, DUBAI SILICON OASIS",04-5610000,MEDICAL CENTER,25.11646,55.39029
LIFE MEDICAL CENTRE 3 BR OF LIFE CLINIC LLC,DXB,"PLATINUM,G PLUS,GOLD,SILVER","RAJA AND SISTERS BANATH RASHID BUILDING, AL WARQA'A FIRST",04-5610000,MEDICAL CENTER,25.194606,55.406068
PHYSIOVEDA MEDICAL CENTER L.L.C,DXB,"PLATINUM,G PLUS,GOLD,SILVER,BRONZE,BLUE","VILLA NO. 181B, NEAR AL GAZAL MALL, AL WASL ROAD,",04-3328081,MEDICAL CENTER,25.236107,55.271293
HARLEY INTERNATIONAL MEDICAL CLINIC L.L.C BRANCH,DXB,"PLATINUM,G PLUS,GOLD,SILVER,BRONZE,BLUE","OFFICE NO. 202,BARSHA",04-3986677,MEDICAL CENTER,25.24818,55.286017
KINGS COLLEGE HOSPITAL LONDON MEDICAL AND AESTHETIC CENTRE (BR OF KCH HEALTHCARE LLC),DXB,"PLATINUM,G PLUS,GOLD","GROUD FLOOR, MARINA WALK MALL, DUBAI MARINA",04-5199791,MEDICAL CENTER,25.087783,55.148204
WINDSOR MEDICAL CENTER L.L.C,DXB,"PLATINUM,G PLUS,GOLD,SILVER","36 VILLA COMPLEX ,JUMEIRA,VILLA-24,AL SAFFA 2ND",04-3955540,MEDICAL CENTER,25.163729,55.22299
KINGS COLLEGE HOSPITAL LONDON MEDICAL AND DIABETES CENTRE ( BR OF KCH HEALTHCARE LLC),DXB,"PLATINUM,G PLUS,GOLD",VILLA NO 5 & 6 DUBAI HILLS ESTATE  AL BARSHA SOUTH DUBAI,04-4818 5666,MEDICAL CENTER,25.1129,55.2471
KINGS COLLEGE HOSPITAL LONDON MEDICAL AND PHYSIOTHERAPY CENTRE ( BR OF KCH HEALTHCARE LLC),DXB,"PLATINUM,G PLUS,GOLD",PH102 R02 DUBAI HILLS ESTATE  AL BARSHA SOUTH DUBAI,04-48185666,MEDICAL CENTER,25.1129,55.2471
LIFE MEDICAL CENTRE 5 BR OF LIFE CLINIC LLC,DXB,"PLATINUM,G PLUS,GOLD,SILVER","CHEZ MOI BUILDING - SHOP NO: 1,2,3,4, PLOT NO: 211 - INTERNATIONAL CITY PHASE(2) - WARSAN 4",04-5610000,MEDICAL CENTER,25.148298,55.40445
SMILE POINT MEDICAL CENTRE L.L.C,DXB,"PLATINUM,G PLUS,GOLD,SILVER,BRONZE,BLUE","ASWAAQ MALL BUILDING,SHOP NO-2,AL WARQAA-3",04-2324499,MEDICAL CENTER,25.1848,55.418042
LIFE MEDICAL CENTRE 6 (BR OF LIFE CLINIC L.L.C),DXB,"PLATINUM,G PLUS,GOLD,SILVER","NEXT TO FITNESS FIRST, DEIRA CITY CENTRE, DUBAI",04-5610000,MEDICAL CENTER,25.253724,55.330711
SYNERGY INTEGRATED MEDICAL CENTRE (EXCLUDING DENTAL,DXB,PLATINUM,"AL MANARA,",04-3485452,MEDICAL CENTER,25.142433,55.206733
MARINA MEDICAL CENTER,SHJ,"PLATINUM,G PLUS,GOLD,SILVER,BRONZE,BLUE","MEZZANINE FLOOR, AL SOOR BUILDING,AL SOOR AREA,AL MINA ROAD",06-5625234,MEDICAL CENTER,25.36185,55.39115
RIGHT MEDICAL CENTRE,SHJ,"PLATINUM,G PLUS,GOLD,SILVER,BRONZE,BLUE",KING FAISAL STREET,06-5551575,MEDICAL CENTER,25.333233,55.39435
MAMPILLY MEDICAL CENTRE (,SHJ,"PLATINUM,G PLUS,GOLD,SILVER,BRONZE","SHARJAH GOLD CENTRE (1ST FLOOR),",06-5616464,MEDICAL CENTER,25.356407,55.387889
SUNNY MEDICAL CENTRE L L C,SHJ,"PLATINUM,G PLUS,GOLD,SILVER,BRONZE,BLUE",SHABA,06-5388966,MEDICAL CENTER,25.338058,55.4278
DR. WAFA ABDUL MONEIM SHALABY (EXCLUDING DENTAL),SHJ,"PLATINUM,G PLUS,GOLD,SILVER",AL MAJAZ 3,06-5566855,MEDICAL CENTER,25.323752,55.382739
DR. SANJAY MEDICAL CENTRE,SHJ,"PLATINUM,G PLUS,GOLD,SILVER,BRONZE",AL NABAA,06-5626525,MEDICAL CENTER,25.364817,55.393683
DOCTORS MEDICAL CENTRE L.L.C,SHJ,"PLATINUM,G PLUS,GOLD,SILVER,BRONZE",2ND FLOOR ABOVE THOMAS COOK AL ROST,06-5632100,MEDICAL CENTER,25.354265,55.38651
CLASS MEDICAL CENTRE (EXCLUDING DENTAL),SHJ,"PLATINUM,G PLUS,GOLD,SILVER,BRONZE,ASASI",AL MAJARRAH - A,04-3335502,MEDICAL CENTER,25.362959,55.390518
PRIME MEDICAL HOSPITAL FOR ONE DAY SURG,SHJ,"PLATINUM,G PLUS,GOLD,SILVER","IMMIGRATION ROAD, NEAR MASHREQ BANK,KING ABDUL AZIZ ST, AL QASIMIA",06-5752200,MEDICAL CENTER,25.344633,55.393283
AL AHLIA REGIONAL MEDICAL CENTRE,SHJ,"PLATINUM,G PLUS,GOLD,SILVER,BRONZE",AL MUSALLAH STREET,06-5621700,MEDICAL CENTER,25.355503,55.400201
BHATIA CENTRE,SHJ,"PLATINUM,G PLUS,GOLD,SILVER,BRONZE",ROLLA STREET,06-5753888,MEDICAL CENTER,25.3607,55.387809
AL WAHDA MEDICAL CENTRE (SHARJAH),SHJ,"PLATINUM,G PLUS,GOLD,SILVER,BRONZE",AL NAHDA SHARJAH.,06-5259888,MEDICAL CENTER,25.300984,55.379012
SAMNAN MEDICAL CENTRE,SHJ,"PLATINUM,G PLUS,GOLD,SILVER,BRONZE",AL WASIT STREET,06-5663500,MEDICAL CENTER,25.346317,55.422617
AL MADAR MEDICAL CENTER SHARJAH,SHJ,"PLATINUM,G PLUS,GOLD,SILVER,BRONZE",CORNICHE BUHAIRA,06-5548558,MEDICAL CENTER,25.327139,55.378185
LIFEWAY SPECIALIZED MEDICAL CENTRE LLC,SHJ,"PLATINUM,G PLUS,GOLD,SILVER",AL MAMZAR AREA,06-5304900,MEDICAL CENTER,25.35752,55.391878
SABAH AL NOOR MEDICAL CENTRE,SHJ,"PLATINUM,G PLUS,GOLD,SILVER,BRONZE,BLUE","KING FAISAL ST,ABU SHAGARA",06-5558441,MEDICAL CENTER,25.334233,55.39215
ENJAB MEDICAL CENTRE LLC,SHJ,"PLATINUM,G PLUS,GOLD,SILVER,BRONZE",DURAR TOWER,06-5563433,MEDICAL CENTER,25.323839,55.383153
UNICARE MEDICAL CENTRE L.L.C,SHJ,"PLATINUM,G PLUS,GOLD,SILVER,BRONZE",ROLLA STREET OPP. AL ZAHRA HOS.,06-5630313,MEDICAL CENTER,25.361032,55.394171
THUMBAY MEDICAL & DENTAL SPECIALITY CENTER,SHJ,"PLATINUM,G PLUS,GOLD,SILVER,BRONZE,BLUE",SHARJAH COMMERCIAL MOOLIH,06-5358111,MEDICAL CENTER,24.105117,55.83025
EMIRATES MEDICAL CENTER L L C,SHJ,"PLATINUM,G PLUS,GOLD,SILVER,BRONZE",KING FAISAL STREET,06-5551666,MEDICAL CENTER,25.344724,55.393157
REEM MEDICAL DIAGNOSTIC CENTRE LLC,SHJ,"PLATINUM,G PLUS,GOLD,SILVER,BRONZE",AL NAHDA AREA,06-5620831,MEDICAL CENTER,25.30087,55.372636
REEM AL NAHDA MEDICAL DIAGNOSTIC CENTRE,SHJ,"PLATINUM,G PLUS,GOLD,SILVER,BRONZE","AL SHAIBA BUILDING , AL NAHDA",06-5304864,MEDICAL CENTER,25.30087,55.372636
SPECIALIZED MEDICAL CENTRE,SHJ,"PLATINUM,G PLUS,GOLD,SILVER,BRONZE","SALEM BUILDING, BUHAIRA CORNICHE",06-5736800,MEDICAL CENTER,25.325017,55.3804
BISSAN MEDICAL CENTRE,SHJ,"PLATINUM,G PLUS,GOLD",GOLDEN TOWER FLAT 103 FIRST FLOOR,06-5737005,MEDICAL CENTER,25.3414,55.385817
SALAMATY MEDICAL CENTER,SHJ,"PLATINUM,G PLUS,GOLD,SILVER,BRONZE","FALAJ RD.,HUSSEIN PARK,AL DHAID",06-8833226,MEDICAL CENTER,25.298617,55.87805
DR.FATIMA NOOH MEDICAL CENTER.LLC,SHJ,PLATINUM,"SAMNAN AREA, WASIT ST",06-5661777,MEDICAL CENTER,25.339267,55.4275
AL BANNA MEDICAL CENTRE (EXCLUDING DENTAL,SHJ,"PLATINUM,G PLUS,GOLD,SILVER,BRONZE",Industrial 3 -,06-5327228,MEDICAL CENTER,25.344705,55.39055
AL HASHMI MEDICAL CENTER,SHJ,"PLATINUM,G PLUS,GOLD,SILVER,BRONZE",KHORFAKKAN,09-2383448,MEDICAL CENTER,25.365046,55.389224
AJYAD MEDICAL CENTRE,SHJ,"PLATINUM,G PLUS,GOLD,SILVER",CORNICHE BUHAIRAH/AL FARDAN CENTER,06-5547745,MEDICAL CENTER,25.323696,55.382723
ARAB DOCTORS SPECIALIST CENTER,SHJ,"PLATINUM,G PLUS,GOLD,SILVER",AL TAOUWN STREET,52-2393055,MEDICAL CENTER,25.31775,55.375783
PRIME MEDICAL CENTRE AL NAHDA,SHJ,"PLATINUM,G PLUS,GOLD,SILVER","AL RODA TOWER 2,MALAKA STREET ,",06-5251800,MEDICAL CENTER,25.270867,55.32215
AL MALIHA MEDICAL CENTRE,SHJ,"PLATINUM,G PLUS,GOLD,SILVER,BRONZE",Salim Bin jersh,06-8823334,MEDICAL CENTER,25.281146,55.876287
SUNNY SPECIALITY MEDICAL CENTRE L.L.C. SHJ 3,SHJ,"PLATINUM,G PLUS,GOLD,SILVER,BRONZE,BLUE","HABIB BANK AG ZURICH, BANK STREET,",06-5688707,MEDICAL CENTER,25.357662,55.387125
AL ENWAN MEDICAL CENTRE,SHJ,"PLATINUM,G PLUS,GOLD,SILVER,BRONZE","SH.KHALED ST,BARDI,NEAR UNION BANK,",09-2383881,MEDICAL CENTER,25.341424,56.348987
AL SHIFA MEDICAL CENTRE (EXCLUDING PEDIATRICIAN DR AMIN BAKR D53520),SHJ,"PLATINUM,G PLUS,GOLD,SILVER,BRONZE","KHALID ST.OPP.OMAR MOSQUE,KHORFAKAN",09-2384288,MEDICAL CENTER,25.343,56.348916
SUNRISE MEDICAL CENTRE LLC,SHJ,"PLATINUM,G PLUS,GOLD,SILVER,BRONZE","MINA ROAD, MEZZANINE FLOOR,AL SOOR",06-5757003,MEDICAL CENTER,25.351756,55.386904
AREEJ MEDICAL CENTER LLC,SHJ,"PLATINUM,G PLUS,GOLD,SILVER,BRONZE","NEAR AL QASSIMI HOSPITAL,",06-5218612,MEDICAL CENTER,25.34556,55.431799
AL ZUMURUD MEDICAL CENTRE L.L.C,SHJ,"PLATINUM,G PLUS,GOLD,SILVER,BRONZE","SAMNAN,WASIT ROAD",06-5316697,MEDICAL CENTER,25.335734,55.424803
KKT INTERNATIONAL MEDICAL CENTER (EXCLUDING DENTAL,SHJ,"PLATINUM,G PLUS,GOLD,SILVER,BRONZE","17 FLOOR AL ALBATHA TOWER,CORNICHE",06-5658880,MEDICAL CENTER,25.334366,55.38917
AHLAN MEDICAL CENTER,SHJ,"PLATINUM,G PLUS,GOLD,SILVER,BRONZE","NBAD BLDG,OPP.SAHARA CENTRE,AL NAHD",06-5305882,MEDICAL CENTER,25.357582,55.391908
OXYGEN MEDICAL CENTER SHARJAH,SHJ,"PLATINUM,G PLUS,GOLD,SILVER,BRONZE","ALHELAL TOWER, ALWAHDA ST, ALKHAN",06-5544485,MEDICAL CENTER,25.309495,55.37644
PRIME SPECIALIST MEDICAL CENTRE,SHJ,"PLATINUM,G PLUS,GOLD,SILVER","KING FAISAL STREET, AL MAJAZ",06-5752200,MEDICAL CENTER,25.344602,55.393555
MADINAT AL AIN MEDICAL CENTER,SHJ,"PLATINUM,G PLUS,GOLD,SILVER,BRONZE","AL WASIT STREET, AL SHAHBAH AREA",06-5388235,MEDICAL CENTER,25.335038,55.425294
AL DALIL MEDICAL CENTER,SHJ,"PLATINUM,G PLUS,GOLD,SILVER,BRONZE",WASIT STREET SAMNAN,06-5236566,MEDICAL CENTER,25.33616,55.425304
AL SHIFA AL UROPI MEDICAL CENTER LLC.,SHJ,"PLATINUM,G PLUS,GOLD,SILVER,BRONZE","QADISSIYA BLDG, NEAR SAHARA CENTER,",06-5376969,MEDICAL CENTER,25.299605,55.379935
AL HELAL MEDICAL CENTRE,SHJ,"PLATINUM,G PLUS,GOLD,SILVER,BRONZE","OPPOSITE POST OFFICE, SH KHALID ST",09-2382688,MEDICAL CENTER,25.135625,56.354292
SHIFA AL JAZEERA MEDICAL CENTRE LLC,SHJ,"PLATINUM,G PLUS,GOLD,SILVER,BRONZE",AL ZAHRA STREET SHAIKH ABDULLAH ALI,06-5218889,MEDICAL CENTER,25.358324,55.394305
AL BISHARAH MEDICAL CENTRE,SHJ,"PLATINUM,G PLUS,GOLD,SILVER,BRONZE","SARH AL EMARAT TOWER,CORNICHE BUHAI",06-5544731,MEDICAL CENTER,25.33627,55.375599
AL AFYA MEDICAL CENTRE LLC,SHJ,"PLATINUM,G PLUS,GOLD,SILVER,BRONZE",RONA CARGO BUILDING ROLLA,06-5626060,MEDICAL CENTER,25.355434,55.391246
SAHARA MEDICAL CENTRE LLC.,SHJ,"PLATINUM,G PLUS,GOLD,SILVER,BRONZE","OPP LULU HYPER MARKET, AL NAHDA PAR",06 5318887,MEDICAL CENTER,25.301485,55.375094
SHIYAS & IFTHIKAR MEDICAL CENTRE,SHJ,"PLATINUM,G PLUS,GOLD,SILVER,BRONZE","ABOVE ATLAL ROASTERY,NEXT TO HALWAN",06-5668745,MEDICAL CENTER,25.346799,55.433252
AL YASMEEN MEDICAL CENTER,SHJ,"PLATINUM,G PLUS,GOLD,SILVER,BRONZE",ALNAHDA - ETIHAD ROAD,06-5750401,MEDICAL CENTER,25.302048,55.367594
GANIN MEDICAL CENTER,SHJ,"PLATINUM,G PLUS,GOLD,SILVER,BRONZE","BUHAIRA CORNICHE,",06-5315553,MEDICAL CENTER,25.336297,55.375106
NATIONAL CENTER OF MODERN MEDICINE (,SHJ,"PLATINUM,G PLUS,GOLD,SILVER,BRONZE","MALIK FATIMA, WASIT ST., AL FALAJ",06-5233300,MEDICAL CENTER,25.356598,55.440088
ASTER ABU TINA MEDICAL CENTRE,SHJ,"PLATINUM,G PLUS,GOLD,SILVER,BRONZE,BLUE",SH.MAJID BIN SAUD BIN KHALID BLDG,06-5619045,MEDICAL CENTER,25.375103,55.400563
ASTER ABU SHAGHARAH MEDICAL CENTER (EXCLUDING DENTAL,SHJ,"PLATINUM,G PLUS,GOLD,SILVER,BRONZE,BLUE","NEAR ABU SHAGARA PARK, ABU SHAGARA",06-5568225,MEDICAL CENTER,25.338684,55.394988
MEDCARE AL NAHDA MEDICAL CENTER,SHJ,"PLATINUM,G PLUS,GOLD,SILVER","AL TAAWUN STREET, SAME BUILDING OF",06-5257497,MEDICAL CENTER,25.311042,55.373793
ALFAIHA MEDICAL CENTER,SHJ,"PLATINUM,G PLUS,GOLD,SILVER,BRONZE",BUHAIRA CORNICHE AL DURRAH,06-5544420,MEDICAL CENTER,25.323679,55.382772
SUNNY SHARQAN MEDICAL CENTRE L.L.C,SHJ,"PLATINUM,G PLUS,GOLD,BLUE",AL SHARQAN - EXTENSION AL AROUBA ST,06-5667996,MEDICAL CENTER,25.38118,55.406274
ANEES ALI MEDICAL CENTRE LLC,SHJ,"PLATINUM,G PLUS,GOLD,SILVER,BRONZE","KAIRALI JEWLERS BLDG., ROLLA",06-5620181,MEDICAL CENTER,25.35604,55.388703
AL MOOSA PRIVATE MEDICAL CENTER LLC SHJ (EXCLUDING DENTAL,SHJ,"PLATINUM,G PLUS,GOLD","CRYSTAL PLAZA BLOCK C 4,  BUHAIRAH",06-5618178,MEDICAL CENTER,25.344986,55.38657
SANA HABIB MEDICAL CENTRE,SHJ,"PLATINUM,G PLUS,GOLD,SILVER,BRONZE",405/406-4TH FLOOR-KING FAISAL STREE,06-5396566,MEDICAL CENTER,25.344769,55.387467
AL NAHDA MEDICAL CENTER,SHJ,"PLATINUM,G PLUS,GOLD,SILVER,BRONZE",AL NAHDA,06-5384466,MEDICAL CENTER,25.303649,55.383601
MGM MEDICAL CENTRE LLC,SHJ,"PLATINUM,G PLUS,GOLD,SILVER,BRONZE,BLUE",KING FAIZAL ROAD,06-5741444,MEDICAL CENTER,25.33809,55.389521
AL MAJAZ MEDICAL CENTER,SHJ,"PLATINUM,G PLUS,GOLD,SILVER,BRONZE",JAMAL ABDUL NASSER ST,06-5560513,MEDICAL CENTER,25.317083,55.382158
BRISTOL MEDICAL CENTRE,SHJ,"PLATINUM,G PLUS,GOLD,SILVER,BRONZE","JUMA AL MAJID RESIDENTIAL COMPLEX,",06-5266615,MEDICAL CENTER,25.299582,55.373211
AL AMUMAH MEDICAL CENTER,SHJ,"PLATINUM,G PLUS,GOLD,SILVER,BRONZE,BLUE","NOOR BUILDING, AL SHARQ ST, AL NABA",06-5667661,MEDICAL CENTER,25.366864,55.394802
SAIFZONE MEDICAL CENTRE,SHJ,"PLATINUM,G PLUS,GOLD,SILVER,BRONZE,BLUE","F2-42 A P.O.BOX NO 7882,",06-5578471,MEDICAL CENTER,25.334642,55.489515
LIMAR MEDICAL CENTRE,SHJ,"PLATINUM,G PLUS,GOLD,SILVER,BRONZE,BLUE,ASASI",AL MAJAZ1,06-5744245,MEDICAL CENTER,25.33665,55.387267
AL SABAH MEDICAL CENTRE,SHJ,"PLATINUM,G PLUS,GOLD,SILVER,BRONZE","AL BHAKITH BULIDING,1ST FLOOR,MUWAILAH,NEAR SHARJAH NATIONAL PAINTS",06-5315001,MEDICAL CENTER,25.291388,55.44457
SUNNY HALWAN SPECIALITY MEDICAL CENTRE LLC,SHJ,"PLATINUM,G PLUS,GOLD,SILVER,BRONZE,BLUE","OPPOSITE AL QASMIA HOSPITAL,WASIT STREET SHAHBA",06-5061666,MEDICAL CENTER,25.341705,55.429108
SUNNY MAYSALOON SPECIALITY MEDICAL CENTRE LLC,SHJ,"PLATINUM,G PLUS,GOLD,SILVER,BRONZE,BLUE","NEAR LULU HYPERMARKET,MAYSALOON,KUWAIT STREET",06-5455966,MEDICAL CENTER,25.360901,55.406899
ASALA MEDICAL CENTER,SHJ,"PLATINUM,G PLUS,GOLD,SILVER,BRONZE","AL ZAHRA STREET, AL NABAA AREA",06-5688600,MEDICAL CENTER,25.364336,55.399228
AL MANARAH MEDICAL CENTER,SHJ,"PLATINUM,G PLUS,GOLD,SILVER,BRONZE",AL MAJAZ 3 NEAR HILTON SHARJAH,06-5266060,MEDICAL CENTER,25.334825,55.375927
AL ARIF HEART & CHILDRENS MEDICAL CENTRE LLC,SHJ,"PLATINUM,G PLUS,GOLD,SILVER,BRONZE","AL ANDALUS TOWER, NEAR MUJARAH PARK, OPP. MUBARAK CENTER, NEXT TO LULU CENTER, ROLLA-",06-7154999,MEDICAL CENTER,25.365894,55.393429
EMIRATES INTERNATIONAL MEDICAL CENTER,SHJ,"PLATINUM,G PLUS,GOLD,SILVER,BRONZE","AL SHARQ STREET, AL MIRGAB",06-5557040,MEDICAL CENTER,25.38955,55.419563
ISHAQ BIN OMRAN MEDICAL CENTER,SHJ,"PLATINUM,G PLUS,GOLD,SILVER","SHEIKH SALEM AL QASSIMI STREET, AL QARAYEN",06-5180800,MEDICAL CENTER,25.300456,55.538822
AL DHAID MEDICAL CENTRE,SHJ,"PLATINUM,G PLUS,GOLD,SILVER,BRONZE","BEHIND VEGETABLE MARKET,OLD HOSPITAL ROAD, AL DHAID",06-8823535,MEDICAL CENTER,25.289706,55.879317
HANNOVER MEDICAL CENTER,SHJ,"PLATINUM,G PLUS,GOLD,SILVER,BRONZE",ALBUHAIRA ALSARH BUILDING SAME BUILDING OF NOUR BANK,06-5433226,MEDICAL CENTER,25.336221,55.37553
STARCARE MEDICAL CENTER L.L.C,SHJ,"PLATINUM,G PLUS,GOLD,SILVER,BRONZE","FIRST FLOOR, MALABAR PLAZA, AL GHUWAIR, AL AROWBA 8TH STREET, OPP. ROLLA PARK",06-5611099,MEDICAL CENTER,25.35679,55.388504
ASTER AL NAHDA MEDICAL CENTER - 1,SHJ,"PLATINUM,G PLUS,GOLD,SILVER,BRONZE","AL SHAIBA BUILDING, GROUND FLOOR, OPP. CARREFOUR EXPRESS, AL NAHDA AREA",06-5958792,MEDICAL CENTER,25.301347,55.372799
ASTER MUWAILEH MEDICAL CENTER,SHJ,"PLATINUM,G PLUS,GOLD,SILVER,BRONZE","MUWAILEH - BH STREET SH.MOHAMED BIN ZAYED, BULDING - BIN THARYEM -8,GROUND FLOOR",06-5358027,MEDICAL CENTER,25.310408,55.451172
AL-SIDDIQ MEDICAL CENTER,SHJ,"PLATINUM,G PLUS,GOLD,SILVER,BRONZE","AL-DHAID SHARJAH, NEAR OLD POLICE STATION",06-8822046,MEDICAL CENTER,25.281889,55.877813
AL RABI MEDICAL CENTER,SHJ,"PLATINUM,G PLUS,GOLD,SILVER,BRONZE,BLUE",KHORFAKKAN - HEYAWA,09-2372222,MEDICAL CENTER,25.34682,56.357002
ASTER AL SUWAIHAT MEDICAL CENTER,SHJ,"PLATINUM,G PLUS,GOLD,SILVER,BRONZE,BLUE","SHARJAH CO OP BUILDING ,GROUND FLOOR,WASIT STREET",06-5210102,MEDICAL CENTER,25.349627,55.460913
COSMESURGE & EMIRATES CLINICS FOR ONE DAY SURGERY LLC . SHJ . BR,SHJ,"PLATINUM,G PLUS,GOLD,SILVER","CORNICHE ROAD, BETWEEN SHARJAH LADIES CLUB AND CORAL BEACH HOTE",06-5245444,MEDICAL CENTER,25.2272,55.2832
ASNANI WA SEHATI MEDICAL CENTER,SHJ,"PLATINUM,G PLUS,GOLD,SILVER,BRONZE,BLUE","M01,M08,M09,M10,M11, HAYAWA ,KHORFAKHAN,",09-2380008,MEDICAL CENTER,25.351661,56.350288
ZULEKHA MEDICAL CENTER AL KHAN LLC SOLE PROPRIETORSHIP,SHJ,"PLATINUM,G PLUS,GOLD,SILVER","1ST FLOOR, THE GATE TOWER BUILDING, AL KHAN",06-5060499,MEDICAL CENTER,25.31363,55.36918
ADVANCED MEDICAL CENTRE,AJM,"PLATINUM,G PLUS,GOLD,SILVER,BRONZE,BLUE,ASASI",AL KARAMA PLAZA,06-7459969,MEDICAL CENTER,25.410938,55.444028
EVE MEDICAL CENTER,AJM,"PLATINUM,G PLUS,GOLD,SILVER",OPPOSITE TO NEW AJMAN,06-7498042,MEDICAL CENTER,25.404166,55.507462
IBIN SINA MEDICAL CENTRE AJMAN,AJM,"PLATINUM,G PLUS,GOLD,SILVER,BRONZE","OPP. ARAB BANK,QUDS ST",06-7457755,MEDICAL CENTER,25.403982,55.441378
INTERNATIONAL SPECIALIST MEDICAL CENTRE,AJM,"PLATINUM,G PLUS,GOLD,SILVER,BRONZE","KUWAIT STREET, NAUIMIYA",06-7463400,MEDICAL CENTER,25.386129,55.455212
AJMAN MEDICAL CENTRE LLC,AJM,"PLATINUM,G PLUS,GOLD,SILVER,BRONZE",NEAR SANAYA POLICE STATION,06-7430088,MEDICAL CENTER,25.4014,55.444108
AL JURF MEDICAL CENTER,AJM,"PLATINUM,G PLUS,GOLD,SILVER,BRONZE","FLAT NO.105,  BESIDE MUROOR, JURF",06-7499766,MEDICAL CENTER,25.409714,55.50948
OXYGEN MEDICAL CENTER,AJM,"PLATINUM,G PLUS,GOLD,SILVER,BRONZE",KHALIFA ST 101 UNION INSURANCE BUIL,06-7406022,MEDICAL CENTER,25.39249,55.432483
SPECIALISTS MEDICAL CENTRE,AJM,"PLATINUM,G PLUS,GOLD,SILVER,BRONZE",SEIK NASSER BUILDING AL ITIHAD STRE,06-7442626,MEDICAL CENTER,25.405217,55.513643
AL ITTIHAD POLYCLINIC AND DIAGNOSTIC CENTRE,AJM,"PLATINUM,G PLUS,GOLD,SILVER,BRONZE","AL THURAS BLG, AL ITTIHAD STREET,",06-7441414,MEDICAL CENTER,25.40525,55.4444
AL DHUHA MEDICAL CENTER,AJM,"PLATINUM,G PLUS,GOLD,SILVER,BRONZE","AL SHURAFA 1, SHEIKH RASHID ROAD,",06-7405633,MEDICAL CENTER,25.396417,55.429754
DEAR HEALTH MEDICAL CENTRE (,AJM,"PLATINUM,G PLUS,GOLD,SILVER,BRONZE","1ST FLOOR, AL SWAN TOWER, SH.RASHID BIN HUMAID STREET",06-7796622,MEDICAL CENTER,25.390682,55.463447
CITY MEDICAL CENTRE LLC (EXCLUDING DENTAL,AJM,"PLATINUM,G PLUS,GOLD,SILVER,BRONZE",AL BUSTAN STREET OPP. POST OFF,06-7441882,MEDICAL CENTER,25.408203,55.445429
IBTESAM MEDICAL CENTRE (EXCLUDING DENTAL,AJM,"PLATINUM,G PLUS,GOLD,SILVER,BRONZE",NEAR STANBUL MARKET,06-7312929,MEDICAL CENTER,25.392983,55.434955
AL SULTAN MEDICAL CENTRE L.L.C.,AJM,"PLATINUM,G PLUS,GOLD,SILVER,BRONZE",MUSHAREEF NEAR AJMAN CITY CENTER,06-7444188,MEDICAL CENTER,25.408371,55.464676
AL AIN MEDICAL CENTER L.L.C,AJM,"PLATINUM,G PLUS,GOLD,SILVER,BRONZE,BLUE","ALAIN HYPER MARKET BUILDING,AL NUIM",06-7406661,MEDICAL CENTER,25.379967,55.45896
DR ASISH MEDICAL CENTER,AJM,"PLATINUM,G PLUS,GOLD,SILVER,BRONZE",OPPOSITE ETISALAT NEAR AJMAN CITY,06-7435070,MEDICAL CENTER,25.395359,55.47496
RASHID CENTER FOR DIABETES AND RESEARCH,AJM,"PLATINUM,G PLUS,GOLD,SILVER,BRONZE,BLUE","UNIVERSITY STREET, NEAR CITY CENTER AJMAN, AL JURF 1",06-7118616,MEDICAL CENTER,25.416468,55.49501
THUMBAY CLINICS LLC ALRASHIDIYAH 1,AJM,"PLATINUM,G PLUS,GOLD,SILVER,BRONZE,BLUE","AL-QUDS STREET,  RASHIDIYA-3",06-7119555,MEDICAL CENTER,25.402155,55.444401
AL NUAIMIA MEDICAL CENTRE,AJM,"PLATINUM,G PLUS,GOLD,SILVER,BRONZE,BLUE,ASASI","NEAR SUN CITY OPP SUNCITY SUPERMARKET,",06-7437633,MEDICAL CENTER,25.388713,55.460726
EMIRATES PRIVATE MEDICAL CENTER,AJM,"PLATINUM,G PLUS,GOLD,SILVER,BRONZE","NEW SANAIYA ROAD, INDUSTRIAL AREA",06-7490177,MEDICAL CENTER,25.4052,55.5136
MODERN MEDICAL CENTRE LLC,AJM,"PLATINUM,G PLUS,GOLD,SILVER,BRONZE,BLUE","TECTON PLAZA BUILDING,INDUSTRIAL AREA 3,NEAR CIVIL DEFENSE, AL JURF.",06-7469695,MEDICAL CENTER,25.388842,55.459469
AMINA MEDICAL CENTRE L.L.C,AJM,"PLATINUM,G PLUS,GOLD,SILVER,BRONZE","AMINA MEDICAL CENTRE BUILDING, BEHIND AJMAN UNIVERSITY, NEAR CITY LIFE MALL, AL JURF",06-7114444,MEDICAL CENTER,25.415877,55.504335
ASTER SPECIALIST MEDICAL CENTER (BR OF D M HEALTHCARE (L L C) ) - BRANCH 01,AJM,"PLATINUM,G PLUS,GOLD,SILVER,BRONZE,BLUE","AL MANAR TOWER, SHEIKH RASHID BIN HUMEED STREET, AL SWAN, RASHIDIA-3",06-5308057,MEDICAL CENTER,25.398178,55.432858
HALA MEDICAL CENTER,AJM,"PLATINUM,G PLUS,GOLD,SILVER,BRONZE",AJMAN INDUSTRIAL AREA 2 ALNAYFAH TOWER,06-7729000,MEDICAL CENTER,25.379331,55.462284
JABAL SINA MEDICAL CENTRE LLC,AJM,"PLATINUM,G PLUS,GOLD,SILVER,BRONZE","GROUND FLOOR, ESCAPE TOWER, SHEIKH RASHID BIN HUMAID STREET",06-7402255,MEDICAL CENTER,25.403039,55.439448
ELAJ MEDICAL CENTRE L.L.C - 01,AJM,"PLATINUM,G PLUS,GOLD,SILVER,BRONZE",37 COLLEGE STREET - AL NUAIMIYA 2,06-7488808,MEDICAL CENTER,25.231631,55.264513
AL MADAR MEDICAL CENTER,AJM,"PLATINUM,G PLUS,GOLD,SILVER,BRONZE,BLUE","AL GHUMLASI BUILDING, SHEIK KHALIFA ROAD, AL NUAMIYA 3",06-7412202,MEDICAL CENTER,25.403522,55.491047
NMC ROYAL MEDICAL CENTRE,RAK,"PLATINUM,G PLUS,GOLD,SILVER,BRONZE,BLUE",QAWASIM CORNICHE,07-2332832,MEDICAL CENTER,25.79055,55.944034
AL NOOR DENTAL CENTER,RAK,"PLATINUM,G PLUS,GOLD,SILVER,BRONZE","RAK, NAKHEEL , BEHIND RAK INSURANCE",07-2288451,MEDICAL CENTER,25.805613,55.97772
CORNICHE MEDICAL CENTRE,RAK,"PLATINUM,G PLUS,GOLD,SILVER,BRONZE","OMAN STREET, AL NAKHEEL",07-2228456,MEDICAL CENTER,25.797772,55.974732
SHIFA AL JAZEERA MEDICAL CENTRE LLC,RAK,"PLATINUM,G PLUS,GOLD,SILVER,BRONZE",OMAN ST. AL NAKHEEL,07-2211218,MEDICAL CENTER,25.798973,55.975862
RAS AL KHAIMAH MEDICAL CENTER AL HAMRA,RAK,"PLATINUM,G PLUS,GOLD,SILVER,BRONZE,BLUE","FIRST LEVEL,NEAR FOOD COURT,ALHAMRA MALL",07-2278308,MEDICAL CENTER,25.697841,55.782111
INTERNATIONAL MEDICAL CENTRE LLC,RAK,"PLATINUM,G PLUS,GOLD,SILVER,BRONZE,BLUE","AL WARQAA STREET, KHUZAM",07-2365366,MEDICAL CENTER,25.766909,55.94031
AL BARAKA MEDICAL CENTRE,RAK,"PLATINUM,G PLUS,GOLD,SILVER,BRONZE",AL NAKHEEL,07-2288542,MEDICAL CENTER,25.787168,55.968841
ALRAFIDAIN MEDICAL CENTER,RAK,"PLATINUM,G PLUS,GOLD,SILVER,BRONZE","AL KHARRAN RA,AL MUSAFIRI BUILDING",07-2335500,MEDICAL CENTER,25.712407,55.971419
RAS AL KHAIMAH MEDICAL CENTER GHALILLA,RAK,"PLATINUM,G PLUS,GOLD,SILVER,BRONZE,BLUE","AHMED LAHA BUILDING, GROUND FLOOR, BESIDE ADNOC PETROL STATION, GHALILAH",07-2279994,MEDICAL CENTER,25.697342,55.781478
NEXUS MEDICAL CLINIC LLC,RAK,"PLATINUM,G PLUS,GOLD,SILVER,BRONZE,BLUE","AL JAZEERA BUILDING,OPPOSTIE MABANI STEEL COMPANY, JAZEERA",07-2332134,MEDICAL CENTER,25.653581,55.786196
ALNEBRAS MEDICAL CENTER LLC,RAK,"PLATINUM,G PLUS,GOLD,SILVER,BRONZE",MANAL MALL - RAS AL KHAIMAH,07-2277007,MEDICAL CENTER,25.77685,55.967316
COSMESURGE CLINICS LLC - RAK BRANCH,RAK,"PLATINUM,G PLUS,GOLD,SILVER","FIRST FLOOR, AVENUE BUILDING, JULPHAR TOWERS, AL HISN ROAD, RAS AL KHAIMAH",04-5200468,MEDICAL CENTER,25.12312,56.32298
MEDCITY MEDICAL CENTER LLC,RAK,"PLATINUM,G PLUS,GOLD,SILVER,BRONZE","KHUZAM,ST 3,PO 55129-RAS AL KHAIMAH-UAE",07-2364555,MEDICAL CENTER,25.759421,55.931995
AL SHARQ MEDICAL CENTER - AL ETIHAD,FUJ,"PLATINUM,G PLUS,GOLD,SILVER,BRONZE","SAFEER MARKET,AL SHARQ STREET",09-2222444,MEDICAL CENTER,25.129538,56.334084
NATIONAL MEDICAL CENTRE,FUJ,"PLATINUM,G PLUS,GOLD,SILVER,BRONZE","GHURFAH STREET 4,",09-2232850,MEDICAL CENTER,25.127083,56.354967
ASTER MEDICAL CENTRE FUJAIRAH,FUJ,"PLATINUM,G PLUS,GOLD,SILVER,BRONZE,BLUE","OPP.CHOITHRAM,HAMAD BIN ABDULLA ST.",09-2234912,MEDICAL CENTER,25.121583,56.344283
EMIRATES MEDICAL CENTRE,FUJ,"PLATINUM,G PLUS,GOLD,SILVER,BRONZE","SH.ZAYED ST,OPP.AL ROWSTMANI,",09-2233199,MEDICAL CENTER,25.126329,56.34372
MERASHID MEDICAL CENTRE,FUJ,"PLATINUM,G PLUS,GOLD,SILVER,BRONZE,BLUE","FLAT NO 101, SAED BLDG,HAMDAN ROAD",09-2220883,MEDICAL CENTER,25.12156,56.3443
DIBBA MEDICAL CENTER,FUJ,"PLATINUM,G PLUS,GOLD,SILVER,BRONZE","ALSHEKH HAMAD BEN MOHAMMED,DIBBA",09-2447447,MEDICAL CENTER,25.5954,56.2734
NAZEEHA MEDICARE CENTER LLC,FUJ,"PLATINUM,G PLUS,GOLD,SILVER","AWTAD BUILDING, M1 FLOOR, OFFICE NO:105, HAMAD STREET AL JABIRI BUILDING",09-2223113,MEDICAL CENTER,25.797754,55.974754
FIRST ROYAL DENTAL CENTER,FUJ,"PLATINUM,G PLUS,GOLD,SILVER,BRONZE","NBAD BUILDING, 5TH FLOOR, FLAT 501",09-2431555,MEDICAL CENTER,25.599413,56.269503
WE CARE MEDICAL CENTRE,FUJ,"PLATINUM,G PLUS,GOLD,SILVER,BRONZE,BLUE,ASASI","MERASHID,",09-2229941,MEDICAL CENTER,25.120084,56.347411
AL AHLI MEDICAL CENTRE LLC,FUJ,"PLATINUM,G PLUS,GOLD,SILVER,BRONZE","1ST FLOOR ABOVE HSBC BANK (NEAR CHOITRAMS,BESIDE UAE EXCHANGE) HAMAD BIN ABDULLAH ROAD",54-9989839,MEDICAL CENTER,25.122363,56.344743
DR. SUNNY MEDICAL CENTRE LLC,UMQ,"PLATINUM,G PLUS,GOLD,SILVER,BRONZE,BLUE","KING FAISAL STREET,",06-7666933,MEDICAL CENTER,25.512055,55.569815
THUMBAY CLINIC L.L.C. (UAQ BRANCH),UMQ,"PLATINUM,G PLUS,GOLD,SILVER,BRONZE,BLUE,ASASI","KING FAISAL STREET, ALRAS, UAQ",06-7051533,MEDICAL CENTER,25.565729,55.552296
AESTHETICA MEDICAL CENTER,UMQ,"PLATINUM,G PLUS,GOLD,SILVER,BRONZE","EL-ETIHAD STREET, ALQAREEN 1AREA, ALSALAMAH",06-7666505,MEDICAL CENTER,25.505319,55.600036
ASTER MEDICAL CENTRE - BR OF (D M HEALTHCARE) LLC UMM AL QUWAIN BRANCH),UMQ,"PLATINUM,G PLUS,GOLD,SILVER,BRONZE,BLUE","GREEN BELT, KING FAISAL ROAD,",06-5770288,MEDICAL CENTER,25.518155,55.54421
AILABOUNY MEDICAL CENTER L.L.C,AUH,"PLATINUM,G PLUS,GOLD,SILVER,BLUE",AL SALAM STREET,02-6440125,POLYCLINIC,24.490695,54.380068
MEDICAL SPECIALITY CENTRE,AUH,"PLATINUM,G PLUS,GOLD,SILVER,BRONZE,BLUE","ZAYED AL AWAL ROAD, KHALIDIYA",02-6336325,POLYCLINIC,24.493817,54.37005
DAR AL MOUASAH DIAGNOSTIC CENTRE,AUH,"PLATINUM,G PLUS,GOLD,SILVER,BRONZE,BLUE",HAMDAN STREET,02-6260066,DIAGNOSTIC CENTER,24.492858,54.366896
IBN SINA MEDICAL CENTRE,AUH,"PLATINUM,G PLUS,GOLD,SILVER,BRONZE",ZAYED 2ND ST. KHALIDIYA,02-6816400,POLYCLINIC,24.469702,54.342506
RIDA SODAGAR CLINIC (EXCLUDING DENTAL,AUH,"PLATINUM,G PLUS,GOLD,SILVER,BLUE",ELECTRA STREET,02-6218005,POLYCLINIC,24.487168,54.365651
SWEDISH MEDICAL CENTRE W.L.L (EXCLUDING DENTAL),AUH,"PLATINUM,G PLUS,GOLD",KHALIDIYAH,02-6811122,POLYCLINIC,24.462742,54.338378
NORA MEDICAL POLYCLINICS,AUH,"PLATINUM,G PLUS,GOLD,SILVER,BRONZE,BLUE",AL DHAFRAH,02-6411121,POLYCLINIC,24.474445,54.367281
DR. WALAA FAKHR MEDICAL CENTRE (EXCLUDING DENTAL,AUH,"PLATINUM,G PLUS,GOLD,SILVER",NAJDA STREET,02-6336662,POLYCLINIC,24.485232,54.373537
AL AHLY SPECIALIST MEDICAL CENTRE,AUH,"PLATINUM,G PLUS,GOLD,SILVER,BRONZE",TRAFFIC ROAD,02-4487553,POLYCLINIC,24.447037,54.401807
WELLCARE MEDICAL CENTER (,AUH,"PLATINUM,G PLUS,GOLD,SILVER,BRONZE",ELECTRA STREET,02-6766000,POLYCLINIC,24.490766,54.370972
TALAT MEDICAL CENTRE,AUH,"PLATINUM,G PLUS,GOLD,SILVER,BRONZE,BLUE",OLD PASSPORT ROAD,02-6426545,POLYCLINIC,24.479503,54.371546
HALA MEDICAL CENTRE,AUH,"PLATINUM,G PLUS,GOLD,SILVER,BRONZE,BLUE,ASASI",GHAYTHI WESTERN REGION,02-8743247,POLYCLINIC,24.494854,54.371415
HEALTHLINE MEDICAL CENTER L.L.C.,AUH,"PLATINUM,G PLUS,GOLD,SILVER,BRONZE,BLUE",MADINAT RIYAD,02-6344424,POLYCLINIC,24.470725,54.373309
ITTIHAD MEDICAL CENTRE,AUH,"PLATINUM,G PLUS,GOLD,SILVER",HAMDAN STREET,02-6226611,POLYCLINIC,24.486162,54.357369
AL KAMAL MEDICAL CENTER,AUH,"PLATINUM,G PLUS,GOLD,SILVER,BRONZE,BLUE","JERNAIN MALL, KHALIDIYA STREET",02-6651464,POLYCLINIC,24.470627,54.373074
DAR AL SHIFA MEDICAL CENTER,AUH,"PLATINUM,G PLUS,GOLD,SILVER,BRONZE,BLUE",TOURIST CLUB AREA,02-6456100,POLYCLINIC,24.496275,54.379652
DR. ABDALLAH AZZAM PAEDIATRIC (EXCLUDING DENTAL),AUH,"PLATINUM,G PLUS,GOLD",ELECTRA,02-6344185,POLYCLINIC,24.479833,54.355283
RAHAT MEDICAL CENTRE,AUH,"PLATINUM,G PLUS,GOLD,SILVER,BRONZE,BLUE",ELECTRA STREET,02-6333924,POLYCLINIC,24.488618,54.364508
AL WAHDA MEDICAL CENTRE,AUH,"PLATINUM,G PLUS,GOLD,SILVER,BRONZE,BLUE",ABU SHAGARA,02-6418383,POLYCLINIC,24.470451,54.373244
DR. AHMED KAMEL CLINIC (EXCLUDING DENTAL,AUH,"PLATINUM,G PLUS,GOLD,SILVER","KHALIFA ST, BESIDE AL NOOR HOSPITAL",02-6260040,POLYCLINIC,24.49131,54.360818
DR. AHMED ABU SHARIA MEDICAL CENTRE,AUH,"PLATINUM,G PLUS,GOLD,SILVER",KHALIDAYA,02-6674882,POLYCLINIC,24.46799,54.351837
FIRST CITY MEDICAL CENTER LLC (EXCLUDING DENTAL),AUH,"PLATINUM,G PLUS,GOLD,SILVER,BRONZE,BLUE","ALFALAH STREET,",02-6417226,POLYCLINIC,24.4782,54.369767
ULTRA CARE MEDICAL CENTRE,AUH,"PLATINUM,G PLUS,GOLD,SILVER",AL KARAMAH,02-4481111,POLYCLINIC,24.462173,54.370155
AL SAQI MEDICAL CENTRE,AUH,"PLATINUM,G PLUS,GOLD,SILVER,BRONZE","HAMDAN STREET,BEHIND UAE EXCHANGE",02-6329451,POLYCLINIC,24.4861,54.35985
DR. SABAH AL ZAGBAN CLINIC (EXCLUDING DENTAL),AUH,"PLATINUM,G PLUS,GOLD,SILVER",NAJDA STREER,02-6330990,POLYCLINIC,24.4919,54.36795
CANADIAN MEDICAL CENTRE (EXCLUDING EMAD ABDUL KARIM FADHEL AL MOSAWI D3564,AUH,"PLATINUM,G PLUS,GOLD,SILVER","AIRPORT ROAD,DELMA CROSS",02-5559999,POLYCLINIC,24.463789,54.377558
ZIA MEDICAL CENTRE,AUH,"PLATINUM,G PLUS,GOLD,SILVER,BRONZE,BLUE",ME12 SHABIYAH MUSSAFAH,02-5522201,POLYCLINIC,24.337517,54.530336
TOP CARE MED. CENTRE,AUH,"PLATINUM,G PLUS,GOLD,SILVER,BRONZE,BLUE",ICAD RESIDENTIAL CITY,02-5500620,POLYCLINIC,24.34074,54.487794
AMERICAN CENTER FOR PSYCHIATRY & NEURO. (EXCLUDING DENTAL,AUH,"PLATINUM,G PLUS,GOLD,SILVER","AMERICAN CENTER FOR PSYCHIATRY AND NEUROLOGY, BHC COMPOUND NO.32, VILLA NO. 1-4, SHK. FATIMA BINT MU",02-6979999,POLYCLINIC,24.461106,54.362378
AL KARAMA MEDICAL CENTRE (EXCLUDING DENTAL,AUH,"PLATINUM,G PLUS,GOLD,SILVER,BRONZE,BLUE",BANIYAS,02-5834988,POLYCLINIC,24.296581,54.639005
ASTER PRIMARY CARE L.L.C.,AUH,"PLATINUM,G PLUS,GOLD,SILVER,BRONZE,BLUE",MUSSAFAH,02-6266672,POLYCLINIC,24.383004,54.513653
AL QADI MEDICAL CENTRE,AUH,"PLATINUM,G PLUS,GOLD,SILVER",AL KHALEEJ AL ARBI ST.,02-4437777,POLYCLINIC,24.441934,54.368717
ABU SALMAN MEDICAL CENTRE,AUH,"PLATINUM,G PLUS,GOLD,SILVER,BRONZE,BLUE",MUSSAFAH,02-5522549,POLYCLINIC,24.337461,54.534912
NATIONAL PETROLEUM CON. CO. MEDICAL CENT (EXCLUDING DENTAL,AUH,"PLATINUM,G PLUS,GOLD,SILVER,BRONZE",MUSSAFFAH,02-5549000,POLYCLINIC,24.338333,54.462617
AL BUSTAN MEDICAL CENTER AUH,AUH,"PLATINUM,G PLUS,GOLD,SILVER",KHALIFA CITY A,02-5560123,POLYCLINIC,24.407602,54.610317
SAMAYA SPECIALIZED CENTRE SSC- LASER&DAY,AUH,"PLATINUM,G PLUS,GOLD",BATEEN AREA,02-8853888,POLYCLINIC,24.435341,54.37229
FIRST MEDICAL CENTER,AUH,"PLATINUM,G PLUS,GOLD,SILVER,BRONZE",KHALIDIYA STREET,02-6666992,POLYCLINIC,24.464192,54.347368
DANA MEDICAL CENTER,AUH,"PLATINUM,G PLUS,GOLD,SILVER,BRONZE",BANIYAS / OLD MUNICIPALITY MARKET,02-6661551,POLYCLINIC,24.297498,54.637694
DR. ATIQUR RAHMAN POLYCLINIC LLC. (EXCLUDING DENTAL,AUH,"PLATINUM,G PLUS,GOLD,SILVER,BRONZE,BLUE",MADINA ZAYED / NEAR SHOEMART,02-6398331,POLYCLINIC,24.479313,54.366026
ABU DHABI BLOOD BANK (EXCLUDING DENTAL,AUH,"PLATINUM,G PLUS,GOLD,SILVER,BRONZE,BLUE,ASASI",KARAMA STREET,02-8191223,POLYCLINIC,24.468015,54.352025
BEHAVIORAL SCIENCES PAVILION (EXCLUDING DENTAL,AUH,"PLATINUM,G PLUS,GOLD,SILVER,BRONZE,BLUE,ASASI",KARAMA STREET,02-8190000,POLYCLINIC,24.472268,54.364876
DISEASE PREVENTION & SCREENING CENTER-MF (EXCLUDING DENTAL),AUH,"PLATINUM,G PLUS,GOLD,SILVER,BRONZE,BLUE,ASASI",MUSAFAH,02-5528371,POLYCLINIC,24.368967,54.502167
AL DHAFRA MOBILE MAMMOGRAPHY UNIT (DENTAL INCLUDED EFFECTIVE FROM 01/11/2018),AUH,"PLATINUM,G PLUS,GOLD,SILVER,BRONZE,BLUE,ASASI",NAJDA STREET,02-8942000,DIAGNOSTIC CENTER,23.937638,53.038357
AL RIYADH MEDICAL CENTRE L.L.C,AUH,"PLATINUM,G PLUS,GOLD,SILVER","SHAWAMEKH, MUNICIPILITY BUILDING",02-5829949,POLYCLINIC,24.347185,54.650146
HEALTH PLUS FAMILY HEALTH CENTER L.L.C,AUH,"PLATINUM,G PLUS,GOLD",AL RAHA BEACH,02-5571818,POLYCLINIC,24.450421,54.600569
SARHAD MEDICAL CLINIC (EXCLUDING DENTAL,AUH,"PLATINUM,G PLUS,GOLD,SILVER,BRONZE,BLUE",MUSSAFAH SANAYIA M-2,02-5544887,POLYCLINIC,24.376202,54.516461
AL JASRAIN MEDICAL CENTRE,AUH,"PLATINUM,G PLUS,GOLD,SILVER,BRONZE",UMM AL NAR BETWEEN TWO BRIDGES,02-4473711,POLYCLINIC,24.407281,54.505055
NEW SADD MAAREB MEDICAL CENTRE,AUH,"PLATINUM,G PLUS,GOLD,SILVER,BRONZE","SHAHAMA , NEAR EMIRATE TRANSPORT",02-5633073,POLYCLINIC,24.559612,54.694723
TABARAK MEDICAL POLYCLINIC L L C,AUH,"PLATINUM,G PLUS,GOLD,SILVER","SHAHAMA, NEXT TO ADCB",02-5632588,POLYCLINIC,24.318451,54.538903
LAHORE MEDICAL CENTRE (EXCLUDING DENTAL,AUH,"PLATINUM,G PLUS,GOLD,SILVER,BRONZE",ELECTRA ST BEHIND CASSTLE HOTEL APT,02-6217229,POLYCLINIC,24.485015,54.36258
DABBAYIA CLINIC,AUH,"PLATINUM,G PLUS,GOLD,SILVER,BRONZE,BLUE,ASASI",WESTERN REGION,02-6023882,POLYCLINIC,24.305983,54.113633
JABAL AL-DHANA CLINIC,AUH,"PLATINUM,G PLUS,GOLD,SILVER,BRONZE,BLUE,ASASI",WESTERN REGION,02-6042270,POLYCLINIC,24.055685,52.667429
SHAH GENERAL CLINIC,AUH,"PLATINUM,G PLUS,GOLD,SILVER,BRONZE,BLUE,ASASI",WESTERN REGION,02-6044200,POLYCLINIC,23.13545,53.9067
SAHEL CLINIC,AUH,"PLATINUM,G PLUS,GOLD,SILVER,BRONZE,BLUE,ASASI",WESTERN REGION,02-6049901,POLYCLINIC,24.468077,54.334891
INTRA - LASER MEDICAL CENTER,AUH,"PLATINUM,G PLUS,GOLD,SILVER,BRONZE",CROSS SECTION KARMA/DELMA STREET,02-4460008,POLYCLINIC,24.458337,54.370914
HEALTH AND STYLE MEDICAL CENTRE LLC (EXCLUDING DENTAL,AUH,"PLATINUM,G PLUS,GOLD,SILVER,BRONZE","MUJAREB OFF TOWER,BHS BLG,HAMDAN ST",02-6330515,POLYCLINIC,24.336567,54.5304
AL NASSEEM MEDICALCENTRE (EXCLUDING DENTAL,AUH,"PLATINUM,G PLUS,GOLD,SILVER,BRONZE,BLUE",HAMDAN STREET,02-6399090,POLYCLINIC,24.48714,54.361545
KHYBER MEDICAL CLINIC L.L.C (EXCLUDING DENTAL,AUH,"PLATINUM,G PLUS,GOLD,SILVER,BRONZE,BLUE",MADINAT ZAYED IDUSTRIAL AREA,02-8820808,POLYCLINIC,24.475962,54.374807
VISTA CARE SPECIALIZED CLINIC (EXCLUDING DENTAL,AUH,"PLATINUM,G PLUS,GOLD,SILVER,BRONZE,BLUE",ELECTRA ST.OPP SANDS HOTEL,02-6263649,POLYCLINIC,24.488778,54.366836
CARE FIRST MEDICAL CENTER,AUH,"PLATINUM,G PLUS,GOLD,SILVER,BRONZE,BLUE","MUBARAK BIN MOHAMMED ST, AL ROWDAH",02-4433374,POLYCLINIC,24.460352,54.363092
KARACHI MEDICAL POLY CLINIC (EXCLUDING DENTAL,AUH,"PLATINUM,G PLUS,GOLD,SILVER,BRONZE","M-40,OPPOSITE ICAD, MUSSAFAH",02-5500730,POLYCLINIC,24.345852,54.487993
BERLIN MEDICAL & NEUROLOGICAL REHABILITATION L.L.C.,AUH,"PLATINUM,G PLUS,GOLD,SILVER",MUROOR STREET,02-3057018,REHABILITATION CENTER,24.457941,54.371707
PROFICIENCY SPECIALIST LABORATORIES,AUH,"PLATINUM,G PLUS,GOLD,SILVER,BRONZE,BLUE",MOHAMED BIN ZAYED CITY,02-5533171,DIAGNOSTIC CENTER,24.320593,54.538188
CAMBRIDGE MEDICAL & REHABILITATION CENTRE L.L.C. - BRANCH 1,AUH,"PLATINUM,G PLUS,GOLD","SHAKHBOUT CITY KHALIFA CITY B,",02-5104104,REHABILITATION CENTER,24.350957,54.637225
GLITTER DRINGENDEN CLINICS,AUH,"PLATINUM,G PLUS,GOLD,SILVER,BRONZE,BLUE","DELMA STREET, AL NAHYAN AREA",02-6266675,POLYCLINIC,24.468814,54.383296
THE OPEN MRI CENTER LLC,AUH,"PLATINUM,G PLUS,GOLD,SILVER,BRONZE","DELMA STREET ,AL NAHYAN COMMERCIAL",02-4442246,DIAGNOSTIC CENTER,24.470477,54.386334
SHADI INTERNATIONAL PEDIATRIC DENTISTRY CENTER L.L.C.,AUH,"PLATINUM,G PLUS,GOLD,SILVER,BRONZE",AL  KHALEEJ AL ARABI ST,02-4445580,POLYCLINIC,24.2636,54.2202
SHADI INTERNATIONAL DENTAL & ORTHO BR3,AUH,"PLATINUM,G PLUS,GOLD,SILVER,BRONZE",KHALIFA  A CITY,02-5556675,POLYCLINIC,24.40133,54.55342
NOOR ALAHLI MEDICAL CENTER BRANCH-1,AUH,"PLATINUM,G PLUS,GOLD,SILVER,BRONZE,BLUE",MUSAFFAH ICAD RESIDENTIAL CITY,02-5575890,POLYCLINIC,24.339596,54.49819
OASIS MEDICAL CENTRE - BRANCH 1,AUH,"PLATINUM,G PLUS,GOLD,SILVER,BRONZE,BLUE","AL FALLAH STREET, MADINAT ZAYED AREA",02-6763282,POLYCLINIC,24.2859,54.2226
KIDS HEART MEDICAL CENTER LLC,AUH,"PLATINUM,G PLUS,GOLD,SILVER","AL KARAMAH STREET CORNER DELMA STREET VILLA #54,",02-4458881,POLYCLINIC,24.457637,54.37297
ARABIAN ISLAND MEDICAL CENTER,AUH,"PLATINUM,G PLUS,GOLD,SILVER,BRONZE,BLUE","MUSSAFAH SHABIYAH KHALIFA, SECTOR 10, BLDG NO. 209",02-5520250,POLYCLINIC,24.330712,54.534728
RIGHT CHOICE MEDICAL CENTER,AUH,"PLATINUM,G PLUS,GOLD,SILVER,BRONZE,BLUE","MUSSAFAH M-10, NEAR ALYA HYPERMARKET AND LAL MARKET,",02-4917600,POLYCLINIC,24.370807,54.504423
METRO INTERNATIONAL MEDICAL CENTER L.L.C,AUH,"PLATINUM,G PLUS,GOLD,SILVER,BRONZE,BLUE",AL RAHBA,03-7519944,POLYCLINIC,24.34355,54.41389
AL QUDWAH MEDICAL CENTER L.L.C,AUH,"PLATINUM,G PLUS,GOLD,SILVER,BRONZE,BLUE","FLAT # 101, AL SADAF FASHION BUILDING ELCTRA STREET NEAR HAMED CENTER",02-6214421,POLYCLINIC,24.484033,54.361467
NOOR AL SHIFA MEDICAL CENTER,AUH,"PLATINUM,G PLUS,GOLD,SILVER,BRONZE,BLUE","NEW SHAHAMA , DUBAI MAFREQ ROAD",02-5633380,POLYCLINIC,24.535446,54.692628
INFINTI MEDICAL CENTER LLC,AUH,"PLATINUM,G PLUS,GOLD,SILVER,BRONZE,BLUE","INDUSTRIAL AREA, MADINAT ZAYED, WESTERN REGION",02-8882622,POLYCLINIC,23.65853,53.727275
CANADIAN MEDICAL CENTER LLC BRANCH -2,AUH,"PLATINUM,G PLUS,GOLD,SILVER,BRONZE,BLUE","AL AIN ROAD, ABUDHABI UNIVERSITY",02-5551231,POLYCLINIC,24.422552,54.546481
GOLDEN CHOICE MEDICAL CENTER,AUH,"PLATINUM,G PLUS,GOLD,SILVER,BRONZE,BLUE","MUSAFFAH M-17, NEAR SHATI AL MADINA SUPERMARKET",02-4486266,POLYCLINIC,24.360438,54.485144
BURJEEL ORTHOPEDIC AND SPORTS MEDICINE CENTRE,AUH,"PLATINUM,G PLUS,GOLD,ASASI","AL REEM ISLAND, GATE AND ARC TOWER, FLAT NO: R1-O1 RG-O1",02-3079732,POLYCLINIC,24.49,54.41
NOOR ALAHLI MEDICAL CENTER - BRANCH 3,AUH,"PLATINUM,G PLUS,GOLD,SILVER,BRONZE,BLUE","BLDG. NO. C72, HAMDAN STREET",02-6811533,POLYCLINIC,24.487111,54.36156
DR.RASHED ALSHAEEL MEDICAL CENTER LLC,AUH,"PLATINUM,G PLUS,GOLD,SILVER,BRONZE",KHALIFA CITY-OPPOSITE OF AL FORSAN,02-4493733,POLYCLINIC,24.392528,54.451613
NEW FAMOUS MEDICAL CENTRE L.L.C,AUH,"PLATINUM,G PLUS,GOLD,SILVER,BRONZE,BLUE","M-34,OFFICE 16,MUSAFFAH",02-5538040,POLYCLINIC,24.349893,54.512678
MEDLUX MEDICAL CENTER LLC,AUH,"PLATINUM,G PLUS,GOLD,SILVER,BRONZE,BLUE,ASASI","PLOT NO. 6,  MAFRAQ INDUSTRIAL AREA-1",02-6229722,POLYCLINIC,24.290563,54.591508
EVER CARE MEDICAL CLINIC,AUH,"PLATINUM,G PLUS,GOLD,SILVER,BRONZE,BLUE","MUSSAFFAH, M-17- S60, SHOP NO.3UNIT, ESTABLISHMENT OF THE DESERT VESSEL CAR TRANSPORT",02-4457667,POLYCLINIC,24.214041,54.29657
SADIQ POLYCLINIC - OWNER BY ZAIN ALI SALEH - SOLE PROPRIETORSHIP LLC,AUH,"PLATINUM,G PLUS,GOLD,SILVER,BRONZE,BLUE","STREET 11, NEAR ICAD CITY MUSAFFAH INDUSTRIAL AREA 37,",02-8864000,POLYCLINIC,24.20569,54.29345
ADNOC TECHNICIAL INSTITUTE CLINIC-ATI,AUH,"PLATINUM,G PLUS,GOLD,SILVER,BRONZE,BLUE,ASASI","ADNOC HEAD QUARTERS BUILDING,CORNICHE ROAD,AL KHUBEIRAH",02-6023882,POLYCLINIC,24.467566,54.322406
SHEIKH KHALIFA ENERGY CLINIC-ADNOC - SKEC,AUH,"PLATINUM,G PLUS,GOLD,SILVER,BRONZE,BLUE,ASASI","ADNOC HEAD QUARTERS BUILDING,CORNICHE ROAD,AL KHUBEIRAH",02-7070000,POLYCLINIC,24.467566,54.322406
SAS AL NAKHL CLINIC,AUH,"PLATINUM,G PLUS,GOLD,SILVER,BRONZE,BLUE,ASASI","ADNOC HEAD QUARTERS BUILDING,CORNICHE ROAD,AL KHUBEIRAH",02-7070000,POLYCLINIC,24.467566,54.322406
UPPER ZAKUM CLINIC,AUH,"PLATINUM,G PLUS,GOLD,SILVER,BRONZE,BLUE","ADNOC HEAD QUARTERS BUILDING,CORNICHE ROAD,AL KHUBEIRAH",02-6023882,POLYCLINIC,24.467566,54.322406
ARZANAH CLINIC,AUH,"PLATINUM,G PLUS,GOLD,SILVER,BRONZE,BLUE","ADNOC HEAD QUARTERS BUILDING,CORNICHE ROAD,AL KHUBEIRAH",02-6023882,POLYCLINIC,24.467566,54.322406
UMM AL DAKH CLINIC,AUH,"PLATINUM,G PLUS,GOLD,SILVER,BRONZE,BLUE","ADNOC HEAD QUARTERS BUILDING,CORNICHE ROAD,AL KHUBEIRAH",02-7070000,POLYCLINIC,24.467566,54.322406
ALSSEIFIYA ISLAND CLINIC,AUH,"PLATINUM,G PLUS,GOLD,SILVER,BRONZE,BLUE","ADNOC HEAD QUARTERS BUILDING,CORNICHE ROAD,AL KHUBEIRAH",02-6023882,POLYCLINIC,24.467566,54.322406
NORTH ISLAND CLINIC,AUH,"PLATINUM,G PLUS,GOLD,SILVER,BRONZE,BLUE","ADNOC HEAD QUARTERS BUILDING,CORNICHE ROAD,AL KHUBEIRAH",02-6023882,POLYCLINIC,24.467566,54.322406
WEST ISLAND CLINIC,AUH,"PLATINUM,G PLUS,GOLD,SILVER,BRONZE,BLUE","ADNOC HEAD QUARTERS BUILDING,CORNICHE ROAD,AL KHUBEIRAH",02-7070000,POLYCLINIC,24.467566,54.322406
CENTRAL ISLAND CLINIC,AUH,"PLATINUM,G PLUS,GOLD,SILVER,BRONZE,BLUE","ADNOC HEAD QUARTERS BUILDING,CORNICHE ROAD,AL KHUBEIRAH",02-6023882,POLYCLINIC,24.467566,54.322406
NOVOMED CENTERS L.L.C- BRANCH OF ABUDHABI 1,AUH,"PLATINUM,G PLUS,GOLD,SILVER","VILLA 13,TOWAYYA AL RAGAYEB, MOHAMMED IBN ZAYED AL AWWAL STEET-AL AIN",03-7222230,POLYCLINIC,24.685999,55.187306
NOVOMED  CENTERS L.L.C - BRANCH OF ABU DHABI 2,AUH,"PLATINUM,G PLUS,GOLD,SILVER","KING ABDULLAH BIN ABDULAZIZ AL SAUD STREET, AL BATEEN",02-2222106,POLYCLINIC,25.076473,55.134292
LIFE MEDICAL CENTRE L.L.C,AUH,"PLATINUM,G PLUS,GOLD,SILVER,BRONZE,BLUE","FLAT NO. 101/102, MARINA PLAZA BLDG",02-6332300,DIAGNOSTIC CENTER,24.488616,54.364477
ASPEN DENTAL POLYCLINIC - L.L.C,AUH,"PLATINUM,G PLUS,GOLD,SILVER,BRONZE","101, AL ANSARI EXCHANGE BUILDING, KHALIFA STREET",02-6730013,POLYCLINIC,24.29268,54.21355
TRUE LIFE PRIMARY CARE CENTER L.L.C,AUH,"PLATINUM,G PLUS,GOLD,SILVER,BRONZE","KHALIFA BIN ZAYED THE FIRST STREET, BUILDING, MR. MUHAMMAD THALOUB SALEM HAMAD  AL AIN",03-7854443,POLYCLINIC,24.202737,55.748021
EXCELLENCY GHAYATHI POLY CLINICS - SOLE PROPRIETORSHIP L.L.C.,AUH,"PLATINUM,G PLUS,GOLD,SILVER,BRONZE","KHALIFA COMPLEX D&E 8 BLDG # 14, GHAYATHI",02-6777676,POLYCLINIC,23.841847,52.810303
TAJMEEL COSMO CLINIC LLC,AUH,"PLATINUM,G PLUS,GOLD","BARARI OUTLET MALL, AL DHAHER, AL AIN, UAE",02-6107887,POLYCLINIC,24.0861,55.8301
LIFECARE CLINIC L.L.C.,AUH,"PLATINUM,G PLUS,GOLD,SILVER,BRONZE,ASASI","BANIYAS WEST, MAGENTA PEARL VILLAGE , AL MAFRAQ CITY ,",02-5824916,POLYCLINIC,24.259833,54.632361
GERMAN ADVANCE MEDICAL CENTER LLC,AUH,"PLATINUM,G PLUS,GOLD,SILVER,BRONZE,BLUE",VILLA 17 BANIYAS EAST 8,24441529,POLYCLINIC,24.291304,54.635984
BIDA AL OSHANAH CLINIC,AUH,"PLATINUM,G PLUS,GOLD,SILVER,BRONZE,BLUE","BUHASA ROAD, HABSHAN",02-7073417,POLYCLINIC,23.739423,53.524532
ADNOC HQ CLINIC,AUH,"PLATINUM,G PLUS,GOLD,SILVER,BRONZE,BLUE","ADNOC BUILDING, CORNICHE STREET,",02-7073417,POLYCLINIC,24.462181,54.323348
TAMARA POLYCLINICS L.L.C,AUH,"PLATINUM,G PLUS,GOLD,SILVER","SAADIAYT NOON,3RD FLOOR,NYUAD AREA,SADDIYAT ISLAND",02 5558001,POLYCLINIC,24.522667,54.432429
PANORAMA MEDICAL CENTER - SOLE PROPRIETORSHIP L.L.C.,AUH,"PLATINUM,G PLUS,GOLD,SILVER,BRONZE,BLUE","AL DHAFRA REGION, MARFA,",02-8832220,POLYCLINIC,24.09935,53.49661
APEX MEDICAL CENTRE - L.L.C,AUH,"PLATINUM,G PLUS,GOLD,SILVER,BRONZE,BLUE","BIN ASHEER BUILDING, GHAYATHI NEW INDUSTRIAL AREA, WESTERN REGION",02-6500485,POLYCLINIC,23.937972,52.8185
BANIYAS AL AHLI MEDICAL CENTRE,AUH,"PLATINUM,G PLUS,GOLD,SILVER,BRONZE,BLUE",BANIYAS,02-5836634,POLYCLINIC,24.285492,54.640507
OASIS MEDICAL CENTRE,AUH,"PLATINUM,G PLUS,GOLD,SILVER,BRONZE,BLUE",PASSPORT ROAD,02-6763282,POLYCLINIC,24.481476,54.372445
EASTERN AL AHLI MEDICAL CENTER,AUH,"PLATINUM,G PLUS,GOLD,SILVER,BRONZE,BLUE","FALCON VILLAGE, MAFRAQ",02-5856005,POLYCLINIC,24.377851,54.52373
TALAT MEDICAL CENTRE NEW AL MUSSAFAH,AUH,"PLATINUM,G PLUS,GOLD,SILVER,BRONZE,BLUE",MUSAFFAH,02-5527100,POLYCLINIC,24.324263,54.53555
EMIRATES MEDICAL SERVICE CENTER CLINICS,ALAIN,"PLATINUM,G PLUS,GOLD,SILVER,BRONZE,BLUE",MAIN STREET,03-7644744,POLYCLINIC,24.218683,55.759517
MODERN CENTRE,ALAIN,"PLATINUM,G PLUS,GOLD,SILVER,BRONZE,BLUE,ASASI",SOUK AREA,03-7664764,POLYCLINIC,24.222597,55.770045
SULTAN MEDICAL CENTER,ALAIN,"PLATINUM,G PLUS,GOLD,SILVER,BRONZE",AL AIN SHEIK ZYED BIN SUL ST,03-7641525,POLYCLINIC,24.175702,55.708574
FATIMA MEDICAL CENTRE,ALAIN,"PLATINUM,G PLUS,GOLD,SILVER,BRONZE,BLUE",AL GABBA STREET,03-7513883,POLYCLINIC,24.2244,55.768917
AL WAQAR MEDICAL CENTRE,ALAIN,"PLATINUM,G PLUS,GOLD,SILVER,BRONZE,BLUE,ASASI","MAIN STREET,BEHIND AL FARDAN EXCHAN",03-7664521,POLYCLINIC,24.22213,55.770887
GEMS MEDICAL CLINIC,ALAIN,"PLATINUM,G PLUS,GOLD,SILVER,BRONZE,BLUE,ASASI",MAIN STREET,03-7855575,POLYCLINIC,24.221466,55.772131
AL AIN AL AHALIA MEDICAL CENTRE (AL AIN),ALAIN,"PLATINUM,G PLUS,GOLD,SILVER,BRONZE,BLUE",NEAR PLANNING ROUND ABOUT,03-7559990,POLYCLINIC,24.194716,55.644998
AL FARABI MEDICAL CLINIC (AL AIN),ALAIN,"PLATINUM,G PLUS,GOLD,SILVER,BRONZE,BLUE,ASASI",MAIN STREET,03-7515383,POLYCLINIC,24.207271,55.744709
UAE UNIVERSITY CLINICS - TAWAM CLINIC (EXCLUDING DENTAL,ALAIN,"PLATINUM,G PLUS,GOLD,SILVER,BRONZE",UAE UNIVERSITY,03-7134013,POLYCLINIC,24.198944,55.676004
MOHAMMED ALMAHMOOD ORTHO-SPINE (EXCLUDING DENTAL,ALAIN,"PLATINUM,G PLUS,GOLD,SILVER,BLUE,ASASI",AL HYATH CENTRE,03-7640361,POLYCLINIC,24.22125,55.77211
SUN MEDICAL CLINIC,ALAIN,"PLATINUM,G PLUS,GOLD,SILVER,BRONZE,BLUE",SANAYA STREET NO 4,03-7215434,POLYCLINIC,24.192742,55.757085
ROMA PAEDIATRIC CLINIC - LLC (EXCLUDING DENTAL,ALAIN,"PLATINUM,G PLUS,GOLD,SILVER",DOWNTOWN,03-7648727,POLYCLINIC,24.223093,55.770014
CITY DENTAL AND MEDICAL CENTER L.L.C.,ALAIN,"PLATINUM,G PLUS,GOLD,SILVER,BRONZE,BLUE",KHALIFAT STREET,03-7642252,POLYCLINIC,24.221457,55.76989
AL AAHED MEDICAL CENTRE - SOLE PROPERITORSHIP L.L.C (EXCLUDING DR ARSHDEEP JAWANDA (GD11398)),ALAIN,"PLATINUM,G PLUS,GOLD,SILVER,BRONZE,BLUE",HILTON STREET,03-7642791,POLYCLINIC,24.215183,55.7771
HAMDAN MEDICAL CENTRE LLC,ALAIN,"PLATINUM,G PLUS,GOLD,SILVER,BRONZE,BLUE",HILTON STREET,03-7654797,POLYCLINIC,24.218482,55.775023
AL JIMI MEDICAL POLYCLINICS,ALAIN,"PLATINUM,G PLUS,GOLD,SILVER,BRONZE,BLUE","MAIN STREET, ABOVE MOTHER PHARMACY",03-7656269,POLYCLINIC,24.224011,55.729375
COSMESURGE EMIRATES CLINICS FOR ONE DAY SURGERY LLC  BRANCH 2,ALAIN,"PLATINUM,G PLUS,GOLD,SILVER",AL JIMI,03-7620022,POLYCLINIC,24.207565,55.744434
BIOTECH DIAGNOSTIC CENTRE MEDICAL LABORATORY,ALAIN,"PLATINUM,G PLUS,GOLD,SILVER,BRONZE,BLUE","FLAT 103,NEXT TO AL ANSARI EXCHANGE",03-7516518,DIAGNOSTIC CENTER,24.207677,55.745116
NEW AL AIN MEDICAL CLINICS CENTER L L C,ALAIN,"PLATINUM,G PLUS,GOLD,SILVER,BRONZE,BLUE",OPPOSITE AL NOOR HOSPITAL,03-7641448,POLYCLINIC,24.2248,55.767833
TOUCH OF HEALTH MEDICAL POLYCLINIC,ALAIN,"PLATINUM,G PLUS,GOLD,SILVER,BRONZE,BLUE",KHALIFA STREET OPPSITE TO KFC,03-7661199,POLYCLINIC,24.330683,54.531767
AL MIRAJE MEDICAL CLINIC (EXCLUDING DENTAL,ALAIN,"PLATINUM,G PLUS,GOLD,SILVER,BRONZE,BLUE","AL AIN SPORT AND CULTURAL BUILDING,",03-7516774,POLYCLINIC,24.219243,55.759369
"INDEX MEDICAL CENTRE LLC (20 , EXCLUDING DENTAL",ALAIN,"PLATINUM,G PLUS,GOLD,SILVER,BRONZE","FLAT NO. 302 , 2ND FLOOR,AL REEM BUILDING, NEAR THIQA BUILDING, AUD AL THOBA, AL AIN",03-7513939,POLYCLINIC,24.22814,55.760131
AL ZHOOR MEDICAL CENTRE (EXCLUDING DENTAL,ALAIN,"PLATINUM,G PLUS,GOLD,SILVER,BRONZE","OUD ALTHOWBA STREET,NEAR AIR ARABIA",03-7650555,POLYCLINIC,24.228025,55.75922
CLINICS - MEDICLINIC HOSPITALS LLC BRANCH 10,ALAIN,"PLATINUM,G PLUS,GOLD,SILVER,BRONZE,BLUE","AL BAWADI MALL BUILDING,UNB BLDG",03-7667666,POLYCLINIC,24.16116,55.816523
CAMBRIDGE MEDICAL & REHABILITATION CENTRE L.L.C. (,ALAIN,"PLATINUM,G PLUS,GOLD",AL KHABISI STREET,03-7027500,REHABILITATION CENTER,24.287921,55.668317
MEDLIFE MEDICAL CENTRE LLC,ALAIN,"PLATINUM,G PLUS,GOLD,SILVER,BRONZE,BLUE","HILI AREA,SANAIIYA",03-7331033,POLYCLINIC,24.638233,54.677265
AL JIMI MEDICAL POLYCLINIC BRANCH 1,ALAIN,"PLATINUM,G PLUS,GOLD,SILVER,BRONZE,BLUE","MAIN STREET,M POST BUILDING,AL WAGAN,ALAIN",03-7350404,POLYCLINIC,24.222409,55.769682
MAQAM 1 HOSTEL CLINIC - UAE UNIVERSITY,ALAIN,"PLATINUM,G PLUS,GOLD,SILVER,BRONZE","UAE UINVERSITY ,KHALIFA STREET,ALAIN",03-7134013,POLYCLINIC,24.200598,55.676045
BOMBAY MEDICAL CENTER L.L.C,ALAIN,"PLATINUM,G PLUS,GOLD,SILVER,BRONZE,BLUE","NEAR TO AL AIN CO-OP SOCIETY,AL WAGAN,AL AIN",03-7350070,POLYCLINIC,23.3821,55.33537
NAZEK MEDICAL CENTER,ALAIN,"PLATINUM,G PLUS,GOLD,SILVER,BRONZE",VILLA 25 STEET NO 18 FRONT OF MARKHANIYA MALL,03-7550009,POLYCLINIC,24.210896,55.664302
SULAIMAN MEDICAL CENTRE,ALAIN,"PLATINUM,G PLUS,GOLD,SILVER,BRONZE,BLUE","ZAYED BIN SULTAN STREET, AL AIN",03-7641009,POLYCLINIC,24.2164,55.7764
THE HEALTH TEAM MEDICAL CENTER L.L.C,ALAIN,"PLATINUM,G PLUS,GOLD,SILVER,BRONZE,BLUE",AL AIN AL MOUTARDH ROAD 2 HAI ALJABAL VILLA NO.40,03-7372211,POLYCLINIC,24.221568,55.736569
SHIELD MEDICAL CENTER L.L.C,ALAIN,"PLATINUM,G PLUS,GOLD,SILVER,BRONZE,BLUE","103 NEHAL BUILDING FIRST FLOOR. TOWN CENTER AL SAROOJ, AL AIN",03-7377887,POLYCLINIC,24.216713,55.777777
PYRAMIDS DIALYSIS CENTER- L.L.C.,ALAIN,"PLATINUM,G PLUS,GOLD,SILVER,BRONZE","STREET NO. 24, VILLA NO 1, NEIMA",03-7627060,DIAGNOSTIC CENTER,24.126036,55.708369
DR. JOSEPH POLYCLINIC,DXB,"PLATINUM,G PLUS,GOLD,SILVER,BRONZE,BLUE",KARAMA STREET,04-3378828,POLYCLINIC,25.244769,55.300082
DR. FATHI EMARA MEDICAL POLYCLINIC,DXB,"PLATINUM,G PLUS,GOLD,SILVER","MIRDIF-35 MALL,SF OFFICE1-1.",04-2666775,POLYCLINIC,25.273953,55.327014
MEDICURE CENTER (EXCLUDING DENTAL),DXB,"PLATINUM,G PLUS,GOLD,SILVER,BRONZE","BUR DUBAI, MANKHOOL AREA",04-3984866,POLYCLINIC,25.116291,55.390006
THE POLYCLINIC- DR. ABDUL KARIM KHALLOUF & DR. AHMAD SULIEMAN NAYAF (EXCLUDING DENTAL),DXB,"PLATINUM,G PLUS,GOLD,SILVER","AL WAHDA BLDG, PORT SAEED, DEIRA",04-2950007,POLYCLINIC,25.271869,55.305462
DR ALI JAFAR CLINIC (EXCLUDING DENTAL),DXB,"PLATINUM,G PLUS,GOLD,SILVER",NEAR SATWA R/A,04-3985275,POLYCLINIC,25.236617,55.2771
UNICARE MEDICAL CENTER,DXB,"PLATINUM,G PLUS,GOLD,SILVER,BRONZE","SHEIKH KHALIFA BIN ZAYED,BURJUMAN",04-3529292,POLYCLINIC,25.254128,55.30297
MEDICAL DIAGNOSTIC&IMAGING CENTER -MEDIC,DXB,"PLATINUM,G PLUS,GOLD","HAMSAH BLDG,KHALID BIN WALEED ROAD",04-3885000,POLYCLINIC,25.256374,55.300465
AL RAFA POLYCLINIC - INTL CITY,DXB,"PLATINUM,G PLUS,GOLD,SILVER,BRONZE,BLUE",INTERNATIONAL CITY BR. V-20 RUSSIA,04-4227944,POLYCLINIC,25.163693,55.40594
PRIME MEDICAL CENTER- DEIRA,DXB,"PLATINUM,G PLUS,GOLD,SILVER",DEIRA,04-2720720,POLYCLINIC,25.270766,55.322197
THE MODERN MEDICAL CONSULTATION CENTER,DXB,"PLATINUM,G PLUS,GOLD,SILVER,BRONZE","DEIRA , REQQA ,105 AL MAKTOUM TOWER",04-2228772,POLYCLINIC,25.261619,55.318632
AL FATHIMA MEDICAL CENTER (EXCLUDING DENTAL),DXB,"PLATINUM,G PLUS,GOLD,SILVER,BRONZE",NAIF ROAD,04-2396363,POLYCLINIC,25.258955,55.297453
JANSONS STARS POLYCLINIC,DXB,"PLATINUM,G PLUS,GOLD,SILVER,BRONZE,BLUE,ASASI",ESSA SALEH AL GURG BUILDING,04-3933280,POLYCLINIC,25.259516,55.28916
UNION MEDICAL CENTRE,DXB,"PLATINUM,G PLUS,GOLD,SILVER,BRONZE,BLUE",IRANIAN SCHOOL ROAD. OPPOSITE WALL,04-3978828,POLYCLINIC,25.24727,55.302855
SUNRISE CARE MEDICAL CENTRE LLC,DXB,"PLATINUM,G PLUS,GOLD,SILVER,BRONZE",SHAIKH RASHID BUILDING,04-2217938,POLYCLINIC,25.266366,55.309148
ASH TREE CLINIC LLC,DXB,"PLATINUM,G PLUS,GOLD,SILVER,BRONZE,BLUE","SHOP NO 1&2, AL BALOOCH BUILDING, SOUQ AL KABEER AREA, BUR DUBAI",04-3337633,POLYCLINIC,25.2641,55.291861
COSMOPOLITAN MEDICAL CENTRE,DXB,"PLATINUM,G PLUS,GOLD,SILVER,BRONZE",BUR DUBAI,04-3257457,POLYCLINIC,25.262009,55.29369
MEDICLINIC AL QUSAIS CLINIC LLC,DXB,"PLATINUM,G PLUS,GOLD",QUSAIS,04-2586466,POLYCLINIC,25.277671,55.385609
AL NOOR POLYCLINIC L L C,DXB,"PLATINUM,G PLUS,GOLD,SILVER,BRONZE,BLUE",DEIRA,04-2233324,POLYCLINIC,25.232495,55.384038
ABBARA POLYCLINIC (THE ACCOUNT HAS BEEN LINKED  WITH OF A/C  ON 22 APR 2019,DXB,"PLATINUM,G PLUS,GOLD,SILVER",DEIRA,04-2685333,POLYCLINIC,25.262043,55.327325
IDEAL DIAGNOSTIC CENTRE (,DXB,"PLATINUM,G PLUS,GOLD,SILVER,BRONZE",KHALID AL ATTAR BUILDING,04-3979255,DIAGNOSTIC CENTER,25.255055,55.30525
GERMAN CLINIC (EXCLUDING DENTAL),DXB,PLATINUM,"DISTRICT 1, AL RAZI BUILDING 64,",04-4298346,POLYCLINIC,25.233492,55.317948
NEW MEDICAL CENTRE LLC,DXB,"PLATINUM,G PLUS,GOLD,SILVER,BRONZE,BLUE","ABU HAIL, AL HABTOUR BLG,DEIRA",04-2689800,POLYCLINIC,25.276757,55.346194
AL WAHA CLINIC (EXCLUDING DENTAL),DXB,"PLATINUM,G PLUS,GOLD,SILVER",BUR-DUBAI,04-3514150,POLYCLINIC,25.256037,55.301224
DUBAI LONDON CLINIC (BRANCH) (EXCLUDING DENTAL),DXB,"PLATINUM,G PLUS,GOLD",DUBAI FESTIVAL CITY MALL,04-2325751,POLYCLINIC,25.153049,55.201352
DR SIRAJUDDIN MEDICAL CENTRE,DXB,"PLATINUM,G PLUS,GOLD,SILVER,BRONZE",OPPOSITE KARAMA BUS STATION,04-3345955,POLYCLINIC,25.23718,55.30304
DR. MAGDI ISKANDER PHYSIOTHERAPY AND REHABILITAION CLINIC (,DXB,"PLATINUM,G PLUS,GOLD,SILVER,BRONZE",DEIRA,04-2686848,REHABILITATION CENTER,25.275488,55.345253
PRIME MEDICAL CENTER JUMEIRAH LLC,DXB,"PLATINUM,G PLUS,GOLD,SILVER",JUMEIRA BEACH ROAD,04-3494545,POLYCLINIC,25.229513,55.262168
PRIME MEDICAL CENTER (SHEIKH ZAYED ROAD),DXB,"PLATINUM,G PLUS,GOLD,SILVER",NISSAN SHOWROOM,04-3389389,POLYCLINIC,25.155805,55.228856
PRIME MEDICAL CENTER (BRANCH) LLC,DXB,"PLATINUM,G PLUS,GOLD,SILVER","AL MIZHAR,ARABIAN CENTER",04-2845522,POLYCLINIC,25.23536,55.436107
PRIMECORP MEDICAL CENTER LLC,DXB,"PLATINUM,G PLUS,GOLD,SILVER","6TH FLOOR OF GULF AIR BUILDING,ALAHUDDIN ROAD, DEIRA",04-3397548,POLYCLINIC,25.264413,55.311709
ADVANCED RADIOLOGY CENTRE AND CLINICAL LABORATORY (,DXB,"PLATINUM,G PLUS,GOLD","VILLA 687,UMM SUQEIM 2, JUMEIRAH BEACH ROAD,",55-3053594,DIAGNOSTIC CENTER,25.157638,55.206372
AL RASHIDIYAH PRIVATE POLY CLINIC,DXB,"PLATINUM,G PLUS,GOLD,SILVER,BRONZE","2ND FL,RTA MULTISTORY BLG,BUR DUBAI",04-3939383,POLYCLINIC,25.264277,55.311547
ASHOKAN MEDICAL CLINIC,DXB,"PLATINUM,G PLUS,GOLD,SILVER,BRONZE","NAIF ROAD,DEIRA",04-2730220,POLYCLINIC,25.275527,55.31018
ULTRA CARE MEDICAL GROUP,DXB,PLATINUM,"AL MAKTOUM STREET, DEIRA",04-5487001,POLYCLINIC,25.267496,55.308737
AL FAHIM MEDICAL CENTER (EXCLUDING DENTAL,DXB,"PLATINUM,G PLUS,GOLD,SILVER",DEIRA TOWER,04-2224722,POLYCLINIC,25.268117,55.307
DR. ABDUL RAHMAN SHIHABI CLINIC (EXCLUDING DENTAL,DXB,"PLATINUM,G PLUS,GOLD","AL AIN CENTRE,MANKHOOL ROAD",04-3521444,POLYCLINIC,25.25652,55.296812
AL SHIFA INTERNATIONAL CLINIC,DXB,"PLATINUM,G PLUS,GOLD,SILVER,BRONZE","AL MUSALLA ROAD,",04-3519199,POLYCLINIC,25.261612,55.30013
MED GATE CENTER,DXB,PLATINUM,JUMEIRAH BEACH ROAD,04-3952575,POLYCLINIC,25.165453,55.212824
ADAM MEDICAL CENTRE L.L.C,DXB,"PLATINUM,G PLUS,GOLD,SILVER,BRONZE,BLUE","OUD METHA ROAD , BUR DUBAI",04-3355011,POLYCLINIC,25.244791,55.315121
IBRAHIM ABBARA DERMATOLOGY & VENEROLOGY CLINIC (EXCLUDING DENTAL,DXB,"PLATINUM,G PLUS,GOLD,SILVER","NATL BANK OF DUBAI,AL DIYAFAH ROAD",04-3988853,POLYCLINIC,25.26775,55.300883
UPTODATE MEDICARE CENTRE LLC,DXB,"PLATINUM,G PLUS,GOLD","AL DIYAFA ROAD, FL 115-116",04-3986608,POLYCLINIC,25.239883,55.278474
SEVEN DENTAL CENTRE,DXB,"PLATINUM,G PLUS,GOLD,SILVER,BRONZE",JUMEIRAH ROAD,04-3952177,POLYCLINIC,25.241144,55.271462
MERCATO FAMILY CLINIC,DXB,"PLATINUM,G PLUS,GOLD",JUMEIRAH BEACH ROAD,04-3448844,POLYCLINIC,25.21724,55.253355
DR. ISMAIL POLYCLINIC,DXB,"PLATINUM,G PLUS,GOLD,SILVER,BRONZE",AL KARAMA STREET,04-3376808,POLYCLINIC,25.04915,55.130716
APOLLO MEDICAL DIAGNOSTIC CENTRE,DXB,"PLATINUM,G PLUS,GOLD,SILVER",AL MAKTOUM STREET,04-2270001,DIAGNOSTIC CENTER,25.266744,55.309754
AL MANSOOR MEDICAL CENTER,DXB,"PLATINUM,G PLUS,GOLD,SILVER,BRONZE","AL MUSALLA ROAD, BUR DUBAI",04-3554040,POLYCLINIC,25.260083,55.298599
CURE WELL DIAGNOSTIC CENTRE,DXB,"PLATINUM,G PLUS,GOLD,SILVER,BRONZE",BUR DUBAI,04-3555995,DIAGNOSTIC CENTER,25.25994,55.294074
JEHAD INTERNATIONAL MEDICAL CLINIC (EXCLUDING DENTAL,DXB,"PLATINUM,G PLUS,GOLD,SILVER,BRONZE,BLUE",HOLIDAY INN CROWNE PLAZA,04-3311773,POLYCLINIC,25.220812,55.280606
DR. RAJA ASFOUR CLINIC (EXCLUDING DENTAL),DXB,PLATINUM,SHEIKH ZAYED ROAD,04-3215504,POLYCLINIC,25.26443,55.32077
NET CARE CLINIC CENTER,DXB,"PLATINUM,G PLUS,GOLD","ABOVE IBN SINA PHARMACY, DIYAFA ST.",04-3988838,POLYCLINIC,25.236959,55.276586
AL TAIF MEDICAL CENTRE,DXB,"PLATINUM,G PLUS,GOLD,SILVER,BRONZE","NAIF ROAD,DEIRA",04-2222383,POLYCLINIC,25.264374,55.31146
GOOD HEALTH POLYCLINIC (EXCLUDING DENTAL,DXB,"PLATINUM,G PLUS,GOLD,SILVER,BRONZE",AL QUSAIS 1,04-2619969,POLYCLINIC,25.271178,55.379765
AXON MEDICA POLY CLINIC,DXB,"PLATINUM,G PLUS,GOLD,SILVER,BRONZE,BLUE","RASHIDIYA CENTRAL MARKET,",04-2859880,POLYCLINIC,25.228797,55.384062
DURAIYA KAMAL MEDICAL CLINIC (EXCLUDING DENTAL,DXB,"PLATINUM,G PLUS,GOLD,SILVER,BRONZE,BLUE","DEIRA,",04-2238612,POLYCLINIC,25.268207,55.305025
ILLINOIS POLYCLINIC,DXB,"PLATINUM,G PLUS,GOLD",JUMEIRAH BEACH ROAD,04-3499977,POLYCLINIC,25.218191,55.253275
DR. KOYA CLINIC,DXB,"PLATINUM,G PLUS,GOLD,SILVER,BRONZE,BLUE","NAIF ROAD, DEIRA",04-2225854,POLYCLINIC,25.209637,55.248339
AL AWEER MEDICAL CLINIC,DXB,"PLATINUM,G PLUS,GOLD,SILVER,BRONZE,BLUE",RAS AL KHOR MAIN ROAD,04-3333423,POLYCLINIC,25.184904,55.356318
AL WARQA MEDICAL CENTER,DXB,"PLATINUM,G PLUS,GOLD,SILVER,BRONZE,BLUE","MASS SUPERMARKET BUILDING,AL WARQA",04-2803890,POLYCLINIC,25.204645,55.411179
SALEEM POLYCLINIC,DXB,"PLATINUM,G PLUS,GOLD,SILVER,BRONZE,BLUE",SATWA,04-3495353,POLYCLINIC,25.232851,55.277369
AL SHAAB MEDICAL CENTRE - BR. OF (D M HEALTHCARE LLC),DXB,"PLATINUM,G PLUS,GOLD,SILVER,BRONZE,BLUE",HOR AL ANZ - 21 C STREET,04-2970870,POLYCLINIC,25.279422,55.336351
MARHABA MEDICAL CENTER,DXB,"PLATINUM,G PLUS,GOLD,SILVER,BRONZE,BLUE","BIN JARASH BLDG, FISH ROUND ABOUT",04-2224844,POLYCLINIC,25.269713,55.315808
MOOPEN AL QOUZ MEDICAL CENTER,DXB,"PLATINUM,G PLUS,GOLD,SILVER,BRONZE,BLUE",AL QOUZ,04-3387871,POLYCLINIC,25.145557,55.244072
AL BURJ MEDICAL CENTER,DXB,PLATINUM,"MAZAYA CENTER, SHEIKH ZAYED ROAD",04-3212220,POLYCLINIC,25.199405,55.265235
APPLE CLINIC LLC,DXB,"PLATINUM,G PLUS,GOLD,SILVER,BRONZE",INTERNATIONAL CITY,04-4227533,POLYCLINIC,25.161211,55.398661
VISTA HEALTH CARE CLINIC (EXCLUDING DENTAL,DXB,PLATINUM,OUD METHA,04-3344223,POLYCLINIC,25.233599,55.309284
BETTER LIFE CLINIC L.L.C,DXB,"PLATINUM,G PLUS,GOLD,SILVER,BRONZE",RAMADA HOTEL AL MANKOOL ROAD,04-3592255,POLYCLINIC,25.256088,55.296134
MEDICLINIC MEADOWS CLINIC,DXB,"PLATINUM,G PLUS,GOLD",MEADOWS COMMUNITY,04-4534040,POLYCLINIC,25.063894,55.155232
AMERICAN HEART CENTER (EXCLUDING DENTAL,DXB,PLATINUM,HEALTHCARE CITY,04-4370670,POLYCLINIC,25.246399,55.312438
ALI MEDICAL CENTER,DXB,"PLATINUM,G PLUS,GOLD,SILVER,BRONZE",NAIF ROAD DIERA,04-2246566,POLYCLINIC,25.264549,55.311653
NEW APOLLO POLYCLINIC,DXB,"PLATINUM,G PLUS,GOLD,SILVER,BRONZE",KARAMA CENTRE,04-3379040,POLYCLINIC,25.244929,55.303024
MEDEOR DOWNTOWN MEDICAL CENTER,DXB,"PLATINUM,G PLUS,GOLD,SILVER,ASASI",SOUK 23 (DUKKAN TAMARHIND) OLD TOWN,04-3638080,POLYCLINIC,25.066149,55.19227
AL RASHIDIYAH ALNOOR POLYCLINIC,DXB,"PLATINUM,G PLUS,GOLD,SILVER,BRONZE,BLUE","BIN SOUDH CENTRE, AL RASHIDIYA STRE",04-2862410,POLYCLINIC,25.232521,55.384022
ABEER AL NOOR POLY CLINIC,DXB,"PLATINUM,G PLUS,GOLD,SILVER,BRONZE,BLUE",AL QUSAIS,04-2612248,POLYCLINIC,25.183894,55.226187
DR. SANJAY MEDICAL CENTER,DXB,"PLATINUM,G PLUS,GOLD,SILVER,BRONZE,BLUE","AL QUOZ,",04-3285999,POLYCLINIC,25.149225,55.246127
MEDCARE MEDICAL CENTER UPTOWN,DXB,"PLATINUM,G PLUS,GOLD,SILVER",MIRDIFF CITY CENTER,04-2840722,POLYCLINIC,25.221493,55.434662
HEALTH FAMILY CLINIC,DXB,"PLATINUM,G PLUS,GOLD,SILVER,BRONZE",KARAMA STREET,04-3960034,POLYCLINIC,25.249643,55.302794
EMIRATES STAR MEDICAL CENTRE,DXB,"PLATINUM,G PLUS,GOLD,SILVER,BRONZE",AL QUOZ AREA,04-3468861,POLYCLINIC,25.140598,55.235582
GARDENS MEDICAL CENTRE,DXB,"PLATINUM,G PLUS,GOLD,SILVER,BRONZE,BLUE","BD NO.9,ZEN CLUSTER,DISCOVERY GARDEN,",04-4489151,POLYCLINIC,25.047386,55.130369
MEDICLINIC IBN BATTUTA CLINIC LLC,DXB,"PLATINUM,G PLUS,GOLD",IBN BATUTA,04-4409000,POLYCLINIC,25.047017,55.122355
BIOSYTECH MEDICAL LABORATROY LLC,DXB,"PLATINUM,G PLUS,GOLD,SILVER",MANKHOOL ROAD,04-3988567,DIAGNOSTIC CENTER,25.233383,55.280483
MEDICLINIC ARABIAN RANCHES LLC (BR OF MEDICLINIC CLINICS INVESTMENTS LLC),DXB,"PLATINUM,G PLUS,GOLD",ARABIAN RANCHES COMMUNITY,04-4534020,POLYCLINIC,25.056741,55.27043
AL AMAL POLYCLINIC,DXB,"PLATINUM,G PLUS,GOLD,SILVER,BRONZE",SATWA,04-3329833,POLYCLINIC,25.230253,55.276513
LAKESHORE MEDICAL CENTRE (EXCLUDING DENTAL,DXB,"PLATINUM,G PLUS,GOLD,SILVER,BRONZE",BUR DUBAI,04-3961335,POLYCLINIC,25.252464,55.307916
DR.RAJAN'S ORTHOPAEDIC SPECIALITY CLINIC (EXCLUDING DENTAL,DXB,"PLATINUM,G PLUS,GOLD,SILVER,BRONZE","NAIF ROAD, DEIRA",04-2294959,POLYCLINIC,25.273829,55.30797
HADI & HOFMANN MEDICAL CENTER,DXB,"PLATINUM,G PLUS,GOLD","BEACH CENTER, JUMEIRAH ROAD",04-3498484,POLYCLINIC,25.224796,55.258783
MODERN FAMILY CLINIC (EXCLUDING DENTAL,DXB,"PLATINUM,G PLUS,GOLD,SILVER,BRONZE","MODERN FAMILY CLINIC,UMM HURAIR BUILDING,SHOP NO 10,ZABEEL  ROAD,P.O BOX 30127,KARAMA, P.O BOX30127,",04-3343263,POLYCLINIC,25.247459,55.309381
ADVANCE HEARING AND BALANCE CENTER (EXCLUDING DENTAL,DXB,"PLATINUM,G PLUS,GOLD,SILVER","107,WAFI MALL,OUD METHA ST",04-3422422,POLYCLINIC,25.213262,55.258572
AL RAZI POLYCLINIC,DXB,"PLATINUM,G PLUS,GOLD,SILVER,BRONZE",AL RIQQA DEIRA,04-2282814,POLYCLINIC,25.265449,55.320003
HEARTFIRST MEDICAL CENTRE FZ-LLC (EXCLUDING DENTAL,DXB,PLATINUM,HEALTHCARE CITY,04-4298298,POLYCLINIC,25.231808,55.326901
DR. RACHIDA SABRANE CLINIC (EXCLUDING DENTAL,DXB,"PLATINUM,G PLUS,GOLD,SILVER",AL DIYAFAH ROAD,04-3587566,POLYCLINIC,25.237467,55.2758
BADR AL SAMAA MEDICAL CENTRE,DXB,"PLATINUM,G PLUS,GOLD,SILVER,BRONZE","NEAR BURJUMAN CENTER,BUR DUBAI",04-3578681,POLYCLINIC,25.2531,55.298983
PANACEA MEDICAL & WELLNESS CENTRE,DXB,"PLATINUM,G PLUS,GOLD,SILVER,BRONZE",TARIQ BIN ZAYED ROAD,04-3582020,POLYCLINIC,25.250892,55.310888
AL BIRAA ARTHRITIS & BONE CLINIC (EXCLUDING DENTAL,DXB,"PLATINUM,G PLUS,GOLD","AL WASL ROAD, AL MANARA",04-3485800,POLYCLINIC,25.143381,55.207532
GLOBEHEALTH GENERAL CLINIC L.L.C,DXB,"PLATINUM,G PLUS,GOLD,SILVER,BRONZE,BLUE",AL DIYAFA STREET,04-3464180,POLYCLINIC,25.23775,55.27555
NEW VISION EYE CENTER FZ-LLC (EXCLUDING DENTAL,DXB,"PLATINUM,G PLUS,GOLD",HEALTHCARE CITY,04-4519595,POLYCLINIC,25.233733,55.3182
AL TAIE CENTER FOR LAPA & OBES. SURGERY (EXCLUDING DENTAL,DXB,"PLATINUM,G PLUS,GOLD,SILVER",JUMEIRAH BEACH,04-3421999,POLYCLINIC,25.196932,55.237181
ZULEKHA MEDICAL CENTRE,DXB,"PLATINUM,G PLUS,GOLD,SILVER,BRONZE",AL QUSAIS,04-2613004,POLYCLINIC,25.268248,55.378874
DR. ISMAIL POLYCLINIC -BRANCH,DXB,"PLATINUM,G PLUS,GOLD,SILVER,BRONZE","JEBAL ALI, DISCOVERY GARDEN ZEN 3, CLUSTER BUILDINGS NO.12",04-4494087,POLYCLINIC,25.049398,55.13125
ABU DHABI SPINE CENTRE (LLC) (WOORIDUL) (EXCLUDING DENTAL,DXB,PLATINUM,SHEIKH ZAYED ROAD,04-3046767,POLYCLINIC,25.271253,55.307137
AMBER CLINICS-BR OF GHI,DXB,"PLATINUM,G PLUS,GOLD,SILVER,BRONZE,BLUE",AL RIGGA ROAD,04-2309125,POLYCLINIC,25.262633,55.324383
ASTER AL NAHDA MEDICAL CENTER (BR OF D M HEALTHCARE LLC),DXB,"PLATINUM,G PLUS,GOLD,SILVER,BRONZE,BLUE","AMMAN STREET,AL NAHDA",04-2399119,POLYCLINIC,25.292499,55.36915
ASTER JABAL ALI MEDICAL CENTER-(BR DM HE,DXB,"PLATINUM,G PLUS,GOLD,SILVER,BRONZE,BLUE","NESTO HYPERMARKET,JEBEL ALI",04-8841962,POLYCLINIC,25.006712,55.106922
DR MOOPENS MEDICAL CENTRE - KARAMA,DXB,"PLATINUM,G PLUS,GOLD,SILVER,BRONZE,BLUE",NEXT TO KARAMA PARK,04-3374767,POLYCLINIC,25.241552,55.305728
DR. MOOPEN POLYCLINIC,DXB,"PLATINUM,G PLUS,GOLD,SILVER,BRONZE,BLUE","MUTEENA,AL GHURAIR REAL EST BLDG",04-2979000,POLYCLINIC,25.275867,55.312704
AL RAFA POLYCLINIC BR. - TECOM,DXB,"PLATINUM,G PLUS,GOLD,SILVER,BRONZE,BLUE","TECOM, AL BARSHA",04-4534830,POLYCLINIC,25.097919,55.173988
AL MARIYA POLYCLINIC,DXB,"PLATINUM,G PLUS,GOLD,SILVER","FALCON TOWER,MAKTOUM ROAD, DEIRA",04-2500700,POLYCLINIC,25.26451,55.31173
LIFE MEDICAL CENTER DMCC,DXB,"PLATINUM,G PLUS,GOLD,SILVER",JUMEIRAH LAKES TOWERS,04-4539633,POLYCLINIC,25.077592,55.151227
NAJI ALDAKHIL MEDICAL CENTER L.L.C,DXB,"PLATINUM,G PLUS,GOLD,SILVER",AL WUHEIDA STREET,04-2387788,POLYCLINIC,25.28584,55.351537
ASTER MEDICAL CENTRE BUSINESS BAY,DXB,"PLATINUM,G PLUS,GOLD,SILVER,BRONZE",BUSINESS BAY (NEAR BURJ KHALIFA),04-4508896,POLYCLINIC,25.191853,55.266613
EBSAAR EYE SURGERY CENTER LLC (,DXB,"PLATINUM,G PLUS,GOLD,SILVER",JUMEIRAH 1,04-3440122,POLYCLINIC,25.232131,55.262075
KEERTHI MEDICAL CENTER,DXB,"PLATINUM,G PLUS,GOLD,SILVER",KARAMA STREET,04-3344256,POLYCLINIC,25.245239,55.302455
H.M.R.T MEDICAL CLINIC,DXB,"PLATINUM,G PLUS,GOLD","AL NAHDA 1 ,MAI TOWER",04-2655888,POLYCLINIC,25.290685,55.365749
NEW LOTUS MEDICAL CENTER L.L.C,DXB,"PLATINUM,G PLUS,GOLD,SILVER,BLUE","#201,DUBAI BUILDING COOPERATIVE SOC",04-2619795,POLYCLINIC,25.157524,55.247867
LOTUS MEDICAL CENTRE L.L.C,DXB,"PLATINUM,G PLUS,GOLD,SILVER,BRONZE,BLUE","AL ROSTAMANI BUILDING,AL QOUZ 3",04-3465380,POLYCLINIC,25.27292,55.38205
KAMILIA POLY CLINIC,DXB,"PLATINUM,G PLUS,GOLD,SILVER,BRONZE",TECOM DAMAC EXECUTIVE HEIGHTS BUILDING,04-4508900,POLYCLINIC,25.252406,55.334733
AL ALIAA POLYCLINIC,DXB,"PLATINUM,G PLUS,GOLD",JUMEIRAH 2 - BEACH ROAD,04-3493600,POLYCLINIC,25.202218,55.241274
MEDCARE MEDICAL CENTER JUMEIRAH - BR. OF MEDCARE HOSPITAL (L.L.C.),DXB,"PLATINUM,G PLUS,GOLD,SILVER",JUMEIRAH,04-3953115,POLYCLINIC,25.183467,55.242433
DOCTORS CLINIC L.L.C,DXB,"PLATINUM,G PLUS,GOLD,SILVER,BRONZE",AL NASSER SQUARE DEIRA,04-2246688,POLYCLINIC,25.269617,55.307883
PESHAWAR MEDICAL CENTER L.L.C,DXB,"PLATINUM,G PLUS,GOLD,SILVER,BRONZE","HOR AL ANZ , DEIRA",04-2974040,POLYCLINIC,25.238407,55.315238
GOOD LIVING MEDICAL CENTRE L.L.C.,DXB,PLATINUM,JUMERAH,04-3546060,POLYCLINIC,25.240411,55.273158
DR. NADA A. HAMZA CLINIC FOR OBS & GYNAE (,DXB,"PLATINUM,G PLUS,GOLD",BAGHDAD & OMAN STREET,04-2656611,POLYCLINIC,25.287911,55.365047
DR JOHNNY SAYEGH CLINIC (EXCLUDING DENTAL,DXB,"PLATINUM,G PLUS,GOLD",SHEIKH ZAYED ROAD,04-3806474,POLYCLINIC,25.231847,55.278917
DEIRA CITY MEDICAL DIAGNOSTIC CENTER,DXB,"PLATINUM,G PLUS,GOLD,SILVER",DEIRA CITY,04-2723555,DIAGNOSTIC CENTER,25.271634,55.316508
DR. JOHN CLINIC,DXB,"PLATINUM,G PLUS,GOLD,SILVER","AL NAHDA ROAD , QUSAIS - 1",04-2617176,POLYCLINIC,25.272714,55.371426
AL QUDRA MEDICAL CLINIC,DXB,PLATINUM,SHEIKH ZAYED ROAD,04-3319109,POLYCLINIC,25.264345,55.311622
ALQUOZ CITY STAR POLY CLINIC (EXCLUDING DENTAL,DXB,"PLATINUM,G PLUS,GOLD,SILVER,BRONZE",AL QUOZ CITY,04-3285130,POLYCLINIC,25.156147,55.246234
LASER MEDICAL CENTER LLC (EXCLUDING DENTAL,DXB,"PLATINUM,G PLUS,GOLD,SILVER","MAZAYA CENTER, SHEIKH ZAYED ROAD",04-3431744,POLYCLINIC,25.232691,55.323693
LASER EYE CARE & RESEARCH CENTER FZ-LLC (EXCLUDING DENTAL,DXB,"PLATINUM,G PLUS,GOLD,SILVER",HEALTHCARE CITY,04-3622955,POLYCLINIC,25.231512,55.326515
ARKADIA MEDICAL CENTRE L.L.C,DXB,"PLATINUM,G PLUS,GOLD,SILVER",JUMEIRAH CENTER,04-3445550,POLYCLINIC,25.230639,55.262882
DR TAZYEEN GYNAE & POLYCLINIC LLC (EXCLUDING DENTAL,DXB,PLATINUM,DETROIT HOUSE BLDG. OFF 806,04-3746922,POLYCLINIC,25.271312,55.307117
AL KHAIL MEDICAL CENTRE,DXB,"PLATINUM,G PLUS,GOLD,SILVER,BRONZE,BLUE",ALQOUZ INDUSTRIAL AREA 3,04-3306745,POLYCLINIC,25.159561,55.238189
DR MAZEN PEDIATRIC SPECIALTY CLINIC L.L.C. (EXCLUDING DENTAL,DXB,PLATINUM,DETROIT HOUSE BUILDING MOTOR CITY,04-3746862,POLYCLINIC,25.040461,55.239595
ALRUKHAIMI POLYCLINIC (EXCLUDING DENTAL,DXB,"PLATINUM,G PLUS,GOLD,SILVER,BRONZE",MAMZER,04-2209888,POLYCLINIC,25.318605,55.337602
AL RAHIF MEDICAL CLINIC,DXB,"PLATINUM,G PLUS,GOLD,SILVER,BRONZE","AL QUSAIS - 3 , NEAR ETISALAT METRO",04-2647886,POLYCLINIC,25.255389,55.301903
SHARIF EYE CENTERS FZ-LLC (EXCLUDING DENTAL,DXB,PLATINUM,DUBAI HEALTHCARE CITY,04-4233664,POLYCLINIC,25.231915,55.320613
THE DENTAL SPA,DXB,"PLATINUM,G PLUS,GOLD","JUMIERA BEACH ROAD, JUMIERA3",04-3952005,POLYCLINIC,25.180054,55.22428
AMERICAN CENTER FOR PSYCHIATRY & NEUROLOGY L.L.C (EXCLUDING DENTAL,DXB,PLATINUM,JUMEIRAH 3 - SUNSET MALL,04-3806667,POLYCLINIC,25.18386,55.22605
EXCEL HEALTHCARE LLC - BRANCH OASIS CENTER,DXB,"PLATINUM,G PLUS,GOLD,SILVER","OASIS CENTRE MALL, 2ND FLOOR",04-3847080,POLYCLINIC,25.169583,55.24125
EXCEL HEALTHCARE LLC-ICARE GARDEN BRANCH,DXB,"PLATINUM,G PLUS,GOLD,SILVER",DISCOVERY GARDENS,04-3847080,POLYCLINIC,25.035917,55.1503
DUBAI STAR POLYCLINIC,DXB,PLATINUM,"ARABIAN CENTER, AL KHAWANEEJ ROAD, AL MIZHAR 1, DUBAI, UAE",04-2844242,POLYCLINIC,25.259501,55.289109
JTS MEDICAL CENTRE LLC (EXCLUDING DENTAL,DXB,"PLATINUM,G PLUS,GOLD,SILVER",2ND DECEMBER STREET,04-3799954,POLYCLINIC,25.23931,55.270867
DOCIB CLINIC LLC,DXB,"PLATINUM,G PLUS,GOLD,SILVER,BRONZE,BLUE","544 LULU VILLAGE, AMMAN ST",04-2544123,POLYCLINIC,25.279217,55.36235
DR.KAMKAR MEDICAL & PHYSIOTHERAPY CENTER,DXB,PLATINUM,"SHOP 9, 1ST FLOOR, REMAL MALL,WADI AL SAFA3,MAJAN",04-2697171,POLYCLINIC,25.28615,55.335033
SYMBIOSIS MEDICAL CENTER FZCO,DXB,PLATINUM,DUBAI SILICON OASIS,04-3925577,POLYCLINIC,25.1276,55.39695
MONTREAL INTERNATIONAL CLINICS,DXB,PLATINUM,"VILLA 345, JUMEIRA BEACH RD",04-3441132,POLYCLINIC,25.200245,55.239788
MURANO POLY CLINIC L.L.C,DXB,"PLATINUM,G PLUS,GOLD,SILVER,BRONZE",AL-MAKTOOM STREET/DOHA CENTER,04-2980019,POLYCLINIC,25.263867,55.316483
BOSTON DIABETES AND ENDOCRINE CENTER (EXCLUDING DENTAL,DXB,PLATINUM,"SHEIKHZAYED RD, NEXT TO ALSAFA PARK",04-3805555,POLYCLINIC,25.1767,55.244867
DR KAMKAR CHILD WELLNESS CENTER,DXB,PLATINUM,"SHOP R6 UPTOWN, MIRDIF",04-2393131,POLYCLINIC,25.224583,55.423867
MEDICURE POLY CLINIC BRANCH (EXCLUDING DENTAL,DXB,"PLATINUM,G PLUS,GOLD,SILVER,BRONZE","SILICON OASIS PALACE TOWERS,OASIS",04-3984866,POLYCLINIC,25.1163,55.389867
AL DAS MEDICAL CLINIC (EXCLUDING DENTAL,DXB,PLATINUM,"AL DAS, PALM JUMEIRAH",04-4529998,POLYCLINIC,25.114272,55.141727
DR. REENA BEEGUM CLINIC,DXB,"PLATINUM,G PLUS,GOLD,SILVER,BRONZE",OMAR BIN AL KHATTAB RD,04-2240060,POLYCLINIC,25.2685,55.319233
ACCESS CLINIC DIP BR OF DM HEALTHCARE,DXB,"PLATINUM,G PLUS,GOLD,SILVER,BRONZE,BLUE","RAMLA MALL,  JEBEL ALI",04-8800408,POLYCLINIC,24.971198,55.171745
Liverpool Medical Clinic LLC (EXCLUDING DENTAL,DXB,"PLATINUM,G PLUS,GOLD,SILVER",MANKHOOL ROAD /  RAMADA HOTEL,04-3599066,POLYCLINIC,25.256464,55.296713
AL NOOR POLYCLINIC - AL SATWA,DXB,"PLATINUM,G PLUS,GOLD,SILVER,BRONZE,BLUE","AL OTTAIBA BLDG, SATWA",04-3498100,POLYCLINIC,25.229383,55.274383
EYE CONSULTANTS FZ LLC (EXCLUDING DENTAL,DXB,"PLATINUM,G PLUS,GOLD","1017 BLOCK C, AL RAZI BLDG, DHCC",04-4211299,POLYCLINIC,25.233867,55.3182
VITALITE HEALTH AND WELLNESS CENTER LLC.,DXB,PLATINUM,"SHOP NO: F20, MUDON COMMUNITY CENTRE, MUDON",04-5897110,REHABILITATION CENTER,25.198305,55.238705
ATLANTA VISION CLINIC LLC (EXCLUDING DENTAL,DXB,"PLATINUM,G PLUS,GOLD","VILLA 1185 B,AL WASL ROAD,JUMEIRAH",04-3486233,POLYCLINIC,25.129705,55.196493
"HEALTH BAY DAY SURGERY CENTRE LLC (TEMPORARILY SUSPENDED FROM 27/06/2024, EXCLUDING DENTAL,DR. GUSTAVO RYDBERG AND PHYSIOTHERAPY EXCEPT FOR IVANA STEFANOVIC)",DXB,PLATINUM,"VILLA 977,UMM SUQEIM 2,ALWASLST",04-3487140,POLYCLINIC,25.147841,55.210994
SEKHER MEDICAL CLINIC (THE ACCOUNT HAS BEEN LINKED  WITH OF A/C  ON 25 APR 2019),DXB,"PLATINUM,G PLUS,GOLD,SILVER,BRONZE,BLUE","FLAT 104,ARABIAN GULF BLDG, AL QUOZ",04-3387749,POLYCLINIC,25.154846,55.24737
ACCESS CLINIC JAFZA (BR OF DM HEALTHCARE (L.L.C.),DXB,"PLATINUM,G PLUS,GOLD,SILVER,BRONZE,BLUE","JAFZA FOODCOURT 3, FIRST FLOOR",04-8806577,POLYCLINIC,24.947522,55.082766
ACCESS CLINIC INTERNATIONAL CITY,DXB,"PLATINUM,G PLUS,GOLD,SILVER,BRONZE,BLUE","I -11 MORROCO CLUSTER,INTERNTL.CITY",04-3606587,POLYCLINIC,25.162324,55.41886
MEDCARE PAEDIATRIC SPECIALITY CLINIC (BR OF MEDCARE HOSPITAL (LLC)),DXB,"PLATINUM,G PLUS,GOLD,SILVER","JUMEIRAH-3,BEACH ST NEAR ARZ CAFE",04-3210430,POLYCLINIC,25.190597,55.231736
MEDCARE PHYSIOTHERAPY AND REHABILITATION CENTER ( BR OF MEDCARE HOSPITAL(LLC)),DXB,"PLATINUM,G PLUS,GOLD,SILVER","SH.ZAYED ROAD,SMJ 1 BLDG,JUMEIRAH",04-3240511,REHABILITATION CENTER,25.177201,55.245418
DR REENA BEEGUM CLINIC BRANCH (EXCLUDING DENTAL,DXB,"PLATINUM,G PLUS,GOLD,SILVER,BRONZE","NESTO HYPERMARKET, NEW WEST",04-8808856,POLYCLINIC,25.183171,55.225554
ACCESS CLINIC SONAPUR (BR OF D M HEALTH CARE (L.L.C.)),DXB,"PLATINUM,G PLUS,GOLD,SILVER,BRONZE,BLUE","24TH STREET, MUHAISANAH,SONAPUR",04-2510266,POLYCLINIC,25.267084,55.433046
DR. MAYSOON AL KAISI CLINIC (EXCLUDING DENTAL,DXB,"PLATINUM,G PLUS,GOLD","HAMARAIN CENTER,GATE 4, DEIRA",04-2662044,POLYCLINIC,25.162,55.1948
ASTER MEDICAL CENTER SILICON OASIS (BR OF D M HEALTHCARE (LLC)),DXB,"PLATINUM,G PLUS,GOLD,SILVER,BRONZE,BLUE","OPP. CHOITRAM, DUBAI SILICON OASIS,",04-3332122,POLYCLINIC,25.116904,55.391138
ASTER MEDICAL CENTER AL MUHAISNA (BR OF D M HEALTHCARE (L L C)),DXB,"PLATINUM,G PLUS,GOLD,SILVER,BRONZE,BLUE","MUHAISNAH PLAZA,MADEENA MALL",04-2592154,POLYCLINIC,25.252184,55.404231
COCOONA DAY SURGICAL CENTER,DXB,"PLATINUM,G PLUS,GOLD,SILVER","AL RAAJI STREET, AL WASL ROAD",04-3884589,POLYCLINIC,25.165854,55.22318
MEDICAL SPECIALIST CENTER(BRANCH),DXB,"PLATINUM,G PLUS,GOLD,SILVER,BRONZE","BESIDES HOLIDAY INN HOTEL,AL BARSHA",04-3409495,POLYCLINIC,25.115198,55.193975
FAKIH MEDICAL CENTER LLC (EXCLUDING DENTAL,DXB,"PLATINUM,G PLUS,GOLD,SILVER","AL WASL ROAD, JUMEIRA 1, AL SHAFAR",04-3442030,POLYCLINIC,25.213903,55.258947
MY PEDIACLINIC FZ LLC (EXCLUDING DENTAL,DXB,"PLATINUM,G PLUS,GOLD","1ST FLOOR,BLOCK B,AL RAZI,DHCC",04-4305926,POLYCLINIC,25.233982,55.31804
ADAM VITAL PHYSIOTHERAPY AND REHABILITATION L.L.C. (EXCLUDING DR. MICHAEL WEBER,DXB,PLATINUM,"WAHA COMMUNITY BLDG,NAD AL HAMMAR",04-2515000,REHABILITATION CENTER,25.208217,55.37562
MEDICLINIC WELCARE OUTPATIENT CENTRE,DXB,"PLATINUM,G PLUS,GOLD",2ND STREET AL GARHOUD,04-2827788,POLYCLINIC,25.246851,55.340079
PRIMACARE SPECIALITY CLINICS LLC BRANCH,DXB,"PLATINUM,G PLUS,GOLD,SILVER",6 TH FLOOR MUSALLA TOWER BANK ST,04-3966123,POLYCLINIC,25.258542,55.298225
ASTER MEDICAL CENTRE ASWAAQ MALL (BR OF,DXB,"PLATINUM,G PLUS,GOLD,SILVER,BRONZE",ASWAAQ  AL BARSHA SOUTH COMMUNITY,04-3471540,POLYCLINIC,25.089791,55.227669
ROYAL PALACE MEDICAL CENTRE,DXB,"PLATINUM,G PLUS,GOLD,SILVER,BRONZE","AL RIGGA ROAD,DEIRA",04-2692202,POLYCLINIC,25.396272,55.426307
ACCESS CLINIC BUR DUBAI (BR OF D M HEALTHCARE) L L C,DXB,"PLATINUM,G PLUS,GOLD,SILVER,BRONZE,BLUE","SOUQ AL KABEER BLDNG, OPP ETISALAT",04-3527300,POLYCLINIC,25.262535,55.287816
TRANSFORM SPECIALIST MEDICAL CENTER LLC (EXCLUDING DENTAL,DXB,"PLATINUM,G PLUS,GOLD","AL WASL ROAD, AL SHAFAR BUILDING 7",04-3449997,POLYCLINIC,25.21377,55.2589
PH DIAGNOSTICS LLC,DXB,"PLATINUM,G PLUS,GOLD,SILVER,BRONZE","AL ABBAS BUILDING 1,BUR DUBAI",04-3543350,DIAGNOSTIC CENTER,25.256205,55.30127
METROPOLITAN MEDICAL CENTER LLC,DXB,"PLATINUM,G PLUS,GOLD",OUD METHA GROUND FLOOR DESERT HOME,04-3795402,POLYCLINIC,25.244271,55.314258
DR. MAZEN MOHAMAD POLY CLINIC LLC (EXCLUDING DENTAL,DXB,PLATINUM,"SUNSET MALL, 2ND FL,JUMEIRAH",04-3216051,POLYCLINIC,25.183754,55.225816
VCARE POLYCLINIC LLC,DXB,"PLATINUM,G PLUS,GOLD,SILVER,BRONZE","NASMAH TOWER,AL ITTIHAD ROAD,NAHDA1",04-2654400,POLYCLINIC,25.294859,55.361661
ACCESS CLINIC SONAPURE 2 (BR OF DM HEALT,DXB,"PLATINUM,G PLUS,GOLD,SILVER,BRONZE,BLUE","DUBAI MUNCIPALITY BUILDING,SONAPUR",04-2637279,POLYCLINIC,25.267074,55.433068
ASTER MEDICAL CENTER DEIRA (BR OF DM HEA,DXB,"PLATINUM,G PLUS,GOLD,SILVER,BRONZE,BLUE","OPP AL FUTTAIM MOSQUE,NAIF ST.DEIRA",04-2945095,POLYCLINIC,25.266667,55.316667
ASTER MEDICAL CENTRE JVC (BR OF DM HEALTHCARE( LLC),DXB,"PLATINUM,G PLUS,GOLD,SILVER,BRONZE","SHOP NO: 1, AL WARQA,",04-2800899,POLYCLINIC,25.18909,55.40832
AMERICAN HOSPITAL CLINICS-DUBAI MEDIA CITY (,DXB,"PLATINUM,G PLUS,GOLD","BUSINESS CENTRAL TOWERS,AL SOFOUH",04-2741013,POLYCLINIC,25.10041,55.169481
FULL CARE MEDICAL CENTRE L.L.C.,DXB,"PLATINUM,G PLUS,GOLD,SILVER,BRONZE",AL WARQAA-NEAR FROM ASWAAQ CENTR,04-2885522,POLYCLINIC,25.189561,55.40717
ARABLE MEDICAL CENTER L.L.C (EXCLUDING DENTAL,DXB,"PLATINUM,G PLUS,GOLD,SILVER,BRONZE","BUSINESS BAY, SHEIKH ZAYED ROAD",04-3883004,POLYCLINIC,25.188179,55.258489
ICARE UP TOWN MIRDIFF(BR OF EXCEL HEALTHCARE L.L.C),DXB,"PLATINUM,G PLUS,GOLD,SILVER","KHWANEEJ,UPTOWN MIRDIFF OPEN MALL",04-2110000,POLYCLINIC,25.223782,55.424623
ICARE ALQUASIS (BRANCH OF EXCEL HEALTHCA,DXB,"PLATINUM,G PLUS,GOLD,SILVER","DAMASCUS ST,AL QUASIS INDUSTRIAL 1",04-2073636,POLYCLINIC,25.291237,55.393795
ICARE AL BARSHA (BRANCH OF EXCEL HEALTHC,DXB,"PLATINUM,G PLUS,GOLD,SILVER","AL BARSHA,RASIS DEVELOPERS AL SHAYA",04-3139111,POLYCLINIC,25.107491,55.198298
ICARE LAMCY (BR OF EXCEL HEALTHCARE L.L.C.),DXB,"PLATINUM,G PLUS,GOLD,SILVER",OUD METHA LAMCY PLAZA,04-7092900,POLYCLINIC,25.235616,55.308357
BLUE BELL MEDICAL CENTRE (EXCLUDING DENTAL),DXB,"PLATINUM,G PLUS,GOLD,SILVER,BRONZE","AL ATTAR BUSINESS CENTRE,KARAMA",04-3426565,POLYCLINIC,25.242194,55.297373
MEDCARE SPECIALTY CENTRE (BR OF MEDCARE HOSPITAL (LLC)),DXB,"PLATINUM,G PLUS,GOLD,SILVER","MIRDIFF,AL BARJEEL OASIS COMPLEX",04-2363593,POLYCLINIC,25.189873,55.231839
MEDCARE MEDICAL CENTRE MARINA (BR OF MEDCARE HOSPITAL (L.L.C)),DXB,"PLATINUM,G PLUS,GOLD,SILVER","AL EMREEF ST, MARINA SUKOON TOWER",04-5586467,POLYCLINIC,25.078967,55.143453
ASTER MEDICAL CENTRE ARABIAN RANCHES BR,DXB,"PLATINUM,G PLUS,GOLD,SILVER,BRONZE","ARABIAN RANCHES 2 SHOPPING MALL,",04-4560485,POLYCLINIC,25.035018,55.271991
ASTER MEDICAL CENTRE ABU HAIL(BR OF DM H,DXB,"PLATINUM,G PLUS,GOLD,SILVER,BRONZE,BLUE","SHK SUHAIL BLDG, HOR AL ANZ EAST",04-2692785,POLYCLINIC,25.280658,55.351921
ASTER SPECIALIST CENTRE FOR ORTHOPEDICS,DXB,"PLATINUM,G PLUS,GOLD,SILVER,BRONZE,BLUE","AL AHBABI BLG,DAMASCUS ST,QUSAIS2",04-3311006,POLYCLINIC,25.276941,55.385709
ASTER MEDICAL CENTRE AL BARSHA BR OF DM HEALTHCARE (LLC)),DXB,"PLATINUM,G PLUS,GOLD,SILVER,BRONZE,BLUE","ARENCO BLG,AL BARSHA 1",04-3472420,POLYCLINIC,25.110934,55.202201
MEDICLINIC MEAISEM,DXB,"PLATINUM,G PLUS,GOLD","ME'AISEM CITY CENTRE,SH.MOHD ROAD",04-2461301,POLYCLINIC,25.041478,55.197988
EXETER MEDICAL CENTER FOR BONE AND JOINT HEALTH L.L.C (EXCLUDING DENTAL,DXB,"PLATINUM,G PLUS,GOLD,SILVER",JUMEIRAH BEACH ROAD,04-3801015,POLYCLINIC,25.231399,55.261075
DUA CLINIC LLC (EXCLUDING DENTAL),DXB,"PLATINUM,G PLUS,GOLD,SILVER,BRONZE,BLUE","AL WARSAN FIRST, INTERNATIONAL CITY",04-2771102,POLYCLINIC,25.167326,55.404463
JUPITER AL NAHDA POLY CLINIC LLC,DXB,"PLATINUM,G PLUS,GOLD,SILVER,BRONZE,BLUE","AMMAN STREET, OPPOSITE BIG MART SUP",04-2344429,POLYCLINIC,25.295915,55.376154
DR. ANAND SHENOY MEDICAL CLINIC,DXB,"PLATINUM,G PLUS,GOLD,SILVER,BRONZE","AL DHIYAFA ROAD, SATWA",04-3454263,POLYCLINIC,25.235528,55.235528
APPLE INTERNATIONAL POLY CLINIC,DXB,"PLATINUM,G PLUS,GOLD,SILVER,BRONZE",AL WARSAN AREA,04-2776211,POLYCLINIC,25.154948,55.140839
DUA CLINIC BRANCH 1 (EXCLUDING DENTAL,DXB,"PLATINUM,G PLUS,GOLD,SILVER,BRONZE,BLUE",JEBEL ALI FREEZONE AREA (NEXT TO UA,04-8871890,POLYCLINIC,25.167336,55.404473
AL MASSA POLYCLINIC LLC,DXB,PLATINUM,"AL WASL ROAD UMM SUQEIM 2, JUMEIRAH",04-3282327,POLYCLINIC,25.152547,55.214144
VENOCARE VASCULAR SURGERY CLINIC LLC (EXCLUDING DENTAL,DXB,"PLATINUM,G PLUS,GOLD",JUMERIAH1,04-3551166,POLYCLINIC,25.239412,55.270689
DR. AZZAM AL ABDULRAZAQ CLINIC (EXCLUDING DENTAL,DXB,"PLATINUM,G PLUS,GOLD,SILVER",AHMED AL OTAIBAH BLDG. (DUBAI ISLAM,04-3988055,POLYCLINIC,25.23748,55.276125
ISLAMABAD MEDICAL CLINIC LLC,DXB,"PLATINUM,G PLUS,GOLD,SILVER,BRONZE","BUILDING RESIDENCE, SHOP # 4, HOR AL ANZ, DEIRA",04-2572477,POLYCLINIC,25.165239,55.397794
WE CARE MEDICAL CENTER LLC,DXB,"PLATINUM,G PLUS,GOLD,SILVER,BRONZE",AL KARAMA,04-2611061,POLYCLINIC,25.2515,55.3091
MEGA SCAN CENTRE,DXB,"PLATINUM,G PLUS,GOLD,SILVER","ATRIUM CENTRE, KHALED BIN WALEED ST",04-3585888,DIAGNOSTIC CENTER,25.25704,55.29973
COSMOCARE MEDICAL CENTER L.L.C. (EXCLUDING DENTAL,DXB,"PLATINUM,G PLUS,GOLD,SILVER,BRONZE","AL SATWA BLDG. 1ST FLR. RM. 08, 2ND",04-3798747,POLYCLINIC,25.235824,55.278143
AL BARSHA AL NOOR POLYCLINIC LLC,DXB,"PLATINUM,G PLUS,GOLD,SILVER,BRONZE","AL BARSHA-1, OPP. LULU HYPERMARKET",04-2218122,POLYCLINIC,25.116345,55.205938
ROYAL EUROPEAN PEDIATRIC SPECIALTY CLINI (EXCLUDING DENTAL,DXB,PLATINUM,"AL WASL ROAD, J3 MALL, JUMEIRA",04-3415005,POLYCLINIC,25.147159,55.210522
DR HUMEIRA BADSHA MEDICAL CENTER L.L.C (EXCLUDING DENTAL,DXB,"PLATINUM,G PLUS,GOLD","BEACH PARK PLAZA SHOP NO 08, JUMEIR",04-3856009,POLYCLINIC,25.198177,55.238368
MARINA MEDICAL CENTER LLC (,DXB,"PLATINUM,G PLUS,GOLD,SILVER","BOTANICA TOWER, G-FLOOR, RETAIL 2,",04-3999939,POLYCLINIC,25.085094,55.142348
CITY CENTRE CLINIC BR OF MAF NAD ALHAMAR (,DXB,"PLATINUM,G PLUS,GOLD,SILVER","AL REBATH STREET, NAD AL HAMMAR",04-2052775,POLYCLINIC,25.251037,55.334958
OPTIMUM DIAGNOSTIC CLINIC DMCC,DXB,"PLATINUM,G PLUS,GOLD,SILVER","JUMEIRAH LAKE TOWER,",04-3605222,POLYCLINIC,25.080799,55.15195
AL RAAS PRIVATE MEDICAL CLINIC,DXB,"PLATINUM,G PLUS,GOLD,SILVER,BRONZE",",B-BLOCK,KARAMA CENTRE",04-3354041,POLYCLINIC,25.245265,55.303037
AIRIS IMAGING AND DIAGNOSTIC CENTRE L.L.C,DXB,"PLATINUM,G PLUS,GOLD,SILVER,BRONZE",AL NAHDA 1 AMMAN STREET,04-8525916,DIAGNOSTIC CENTER,25.292,55.3655
FRONTLINE MEDICAL CENTER LLC,DXB,"PLATINUM,G PLUS,GOLD,SILVER,BRONZE","KARAMA,106, B BLOCK, AL ATTAR CENTE",04-3979702,POLYCLINIC,25.261299,55.299144
ASTER IMAGING CENTRE AL MUTEENA (BR OF D M HEALTHCARE LLC),DXB,"PLATINUM,G PLUS,GOLD,SILVER,BRONZE,BLUE","AL GHURAIR BLD, AL MUTENA ST, DEIRA",04-2532900,DIAGNOSTIC CENTER,25.27353,55.321346
THUMBAY CLINIC DUBAI,DXB,"PLATINUM,G PLUS,GOLD,SILVER,BRONZE,BLUE","AL MATEENA STREET,",04-2633133,POLYCLINIC,25.27401,55.326454
THUMBAY CLINIC LLC BRANCH RAS AL KHOR,DXB,"PLATINUM,G PLUS,GOLD,SILVER,BRONZE,BLUE",NEXT TO MARHABA MALL,04-3261666,POLYCLINIC,25.18269,55.37875
EMIRATES HOSPITALS AND CLINICS LLC BRANCH,DXB,"PLATINUM,G PLUS,GOLD","FLOOR 20,HABTOOR BUSINESS TOWER, OPP. HABTOOR,MARINA",04-4471555,POLYCLINIC,25.085409,55.141741
EMIRATES HOSPITALS CLINICS BUSINESS BAY L.L.C,DXB,"PLATINUM,G PLUS,GOLD","BUSINESS BAY AVENUE, BUSINESS BAY",04-3250034,POLYCLINIC,25.188941,55.264755
ORTHOCURE MEDICAL CENTER,DXB,"PLATINUM,G PLUS,GOLD,SILVER",AL GERIA STREET NEAR UPTOWN MIRDIF,04-2888812,POLYCLINIC,25.222075,55.434835
VIDA CLINICS L.L.C,DXB,"PLATINUM,G PLUS,GOLD,SILVER,BRONZE","M FLOOR,AL RAIS SHOPPING CENTER,BUR",04-3252525,POLYCLINIC,25.256607,55.294052
EAR CARE MEDICAL CENTER LLC,DXB,"PLATINUM,G PLUS,GOLD","3RD STREET, AL WASL ROAD, JUMEIRAH",04-3520040,POLYCLINIC,25.236001,55.270869
PRIME MEDICAL CENTER AL QUSAIS (BR OF PRIME MEDICAL CENTER L.L.C),DXB,"PLATINUM,G PLUS,GOLD,SILVER","GROUND FLOOR, AL QUSAIS PLAZA, DAMASCUS  STREET, AL QUSAIS",04-6079876,POLYCLINIC,25.281216,55.387887
SHEIKH MANAA BIN HASHER ALMAKTOUM POLYCLINIC LLC,DXB,"PLATINUM,G PLUS,GOLD","CLINIC 202-207, SECOND FLOOR AL SHAFAR BLDG. 7, AL WASL ROAD, JUMEIRA 1",04-3420642,POLYCLINIC,25.213794,55.258922
PARADISE PLUS POLYCLINIC,DXB,"PLATINUM,G PLUS,GOLD,SILVER,BRONZE","ABOVE ALMAYA SUPERMARKET, RITAJ COMMUINITY CENTER, DIP2",04-8848270,POLYCLINIC,24.986851,55.20289
PARCO HEALTH CARE LLC,DXB,"PLATINUM,G PLUS,GOLD,SILVER,BRONZE","NO. 201-211, HAMSAH BUILDING, KHALEED BIN AL WALEED ROAD",04-3375066,POLYCLINIC,25.252355,55.308395
FIRST MEDICAL CENTER L.L.C,DXB,"PLATINUM,G PLUS,GOLD,SILVER,BRONZE","LEVER 7, BU HALEEBA PLAZA, AL MURAQABAT STREET, DEIRA",04-2976868,POLYCLINIC,25.264663,55.328862
ANGEL WINGS MEDICAL CENTER LLC,DXB,"PLATINUM,G PLUS,GOLD,SILVER,BRONZE","6TH FLOOR, OFFICE 609, PINNACLE BUILDING, AL BARSHA 1, SHEIKH ZAYED ROAD",04-390318,POLYCLINIC,25.109561,55.184225
ABEER AL NOOR POLY CLINIC L.L.C.BRANCH,DXB,"PLATINUM,G PLUS,GOLD,SILVER,BRONZE,BLUE","ADJACENT TO ALGERIA STREET,STREET NO. 19,MUHAISNAH 2",04-2729966,POLYCLINIC,25.276856,55.373706
FIFA SPORT MEDICAL CENTER OF EXCELLENCE DUBAI LLC,DXB,"PLATINUM,G PLUS,GOLD","INSIDE AL SHABAB FOOTBALL CLUB, AL MAMZAR AREA",04-2245577,REHABILITATION CENTER,25.289535,55.348975
ADVANCED DIAGNOSTIC CENTER L.L.C,DXB,"PLATINUM,G PLUS,GOLD,SILVER,BRONZE,BLUE","HAMARAIN CENTER, ABU BAKER AL SADIQUE1ST FLOOR, DEIRA,",04-3203883,DIAGNOSTIC CENTER,25.266866,55.329867
ABRIS MEDICAL CENTRE,DXB,"PLATINUM,G PLUS,GOLD,SILVER,BRONZE,BLUE","SOUQ AL KABEER , AL FAHIDI STREET",04-3535356,POLYCLINIC,25.262104,55.296366
ABEER AL NOOR POLY CLINIC LLC BRANCH,DXB,"PLATINUM,G PLUS,GOLD,SILVER,BRONZE,BLUE","AFRA AL SHAIKH MIJRIN MOHAMMAD AL KENDI BEHIND AL FUTTAIM MASJID ,NEAR DELHI RESTAURANT",04-2343017,POLYCLINIC,25.275075,55.374636
GLOBAL HAWK IMAGING AND DIAGNOSTICS,DXB,"PLATINUM,G PLUS,GOLD,SILVER,BRONZE",UMM  SUQUEIM 1   JUMERIAH,52-9861192,DIAGNOSTIC CENTER,25.168988,55.214985
THE PRACTICE POLY CLINIC LLC,DXB,"PLATINUM,G PLUS,GOLD","2205 WESTBURRY TOWER, BURJ KHALIFA BOULEVARD",04-2434733,POLYCLINIC,25.185699,55.274915
UNIQUE SMILE CLINIC LLC,DXB,"PLATINUM,G PLUS,GOLD,SILVER,BRONZE,BLUE","DEIRA, PORTSAED, AL SERKAL BUILDING, OFFICE 902",04-2502471,POLYCLINIC,25.256839,55.336508
AL AZHAR CLINIC,DXB,"PLATINUM,G PLUS,GOLD,SILVER,BRONZE,BLUE,ASASI","BEHIND RAMLA SUPERMARKET,",04-8813666,POLYCLINIC,24.58198,55.10561
AL AZHAR CLINIC- BRANCH 2,DXB,"PLATINUM,G PLUS,GOLD,SILVER,BRONZE,BLUE,ASASI",EXT TO PARSONS SUPER MARKET BUILDING - DIP-2,04-8870370,POLYCLINIC,24.58209,55.10323
AL AZHAR CLINIC BRANCH,DXB,"PLATINUM,G PLUS,GOLD,SILVER,BRONZE,BLUE,ASASI","NEAR NESTO & PARCO SUPERMARKET, JEBEL ALI INDUSTRIAL AREA 1",04-8800545,POLYCLINIC,25.00244,55.06338
AL SANAIYA MEDICAL CLINIC- BR,DXB,"PLATINUM,G PLUS,GOLD,SILVER,BRONZE,BLUE,ASASI",AL QUOZ INDUSTRIAL AREA 4,04-3283345,POLYCLINIC,25.07266,55.1446
AL SANAIYA MEDICAL CLINIC,DXB,"PLATINUM,G PLUS,GOLD,SILVER,BRONZE,BLUE,ASASI","SHOP NO.1 & 2, BIN RASHID BUILDING, SONAPUR",04-2227515,POLYCLINIC,25.15529,55.24448
NEW SANAIYA CLINIC - BR HORALANZ,DXB,"PLATINUM,G PLUS,GOLD,SILVER,BRONZE,BLUE,ASASI","OPP. PESHAWAR RESTAURANT, HORLANZ,",04-2227535,POLYCLINIC,25.15541,55.26078
NEW SANAIYA CLINIC BRANCH,DXB,"PLATINUM,G PLUS,GOLD,SILVER,BRONZE,BLUE,ASASI",AL QUOZ,04-3791311,POLYCLINIC,25.15541,55.25331
NEW SANAIYA CLINIC,DXB,"PLATINUM,G PLUS,GOLD,SILVER,BRONZE,BLUE,ASASI",MADINA SUPERMARKET - SONAPUR,04-2227556,POLYCLINIC,25.15541,55.25308
RUBY CLINIC,DXB,"PLATINUM,G PLUS,GOLD,SILVER,BRONZE,BLUE,ASASI","CHINA CLUSTER H-6,INTERNATIONAL CITY",04-4226899,POLYCLINIC,25.09461,55.24576
EMIRATES HOSPITAL CLINICS LLC PALM BRANCH,DXB,"PLATINUM,G PLUS,GOLD","MEZZANINE, BUILDING 9, GOLDEN MILE GALLERIA",80-0444444,POLYCLINIC,25.196901,55.237398
GRAND INFINITY MEDICAL CENTRE L.L.C,DXB,"PLATINUM,G PLUS,GOLD,SILVER,BRONZE,BLUE","AL QASEER BUILDING, GROUND FLOOR",04-2515458,POLYCLINIC,25.286683,55.399809
MEDI CENTRES POLYCLINIC,DXB,"PLATINUM,G PLUS,GOLD","BLOCK F, UPTOWN MOTORCITY",04-3608866,POLYCLINIC,25.047027,55.244682
MEDI CENTRES POLYCLINIC JUMEIRAH BRANCH,DXB,"PLATINUM,G PLUS,GOLD","JPV-RTL-12, JUMEIRAH PARK PAVILION COMMUNITY CENTRE",04-5516311,POLYCLINIC,25.239569,55.270036
MEDI CENTRES POLYCLINIC LLC BRANCH,DXB,"PLATINUM,G PLUS,GOLD","AL FURJAN PAVILION SHOPPING MALL, FRJP - R25 & 26, AL FURJAN.",04-2432672,POLYCLINIC,25.220598,55.254226
R N S DIAGNOSTICS AND IMAGING,DXB,"PLATINUM,G PLUS,GOLD,SILVER,BRONZE","AL SHAYAA SHOWROM BLDG, AL ITTIHAD",04-2364477,DIAGNOSTIC CENTER,25.260555,55.333547
DR. HASSAN FAYEK POLYCLINIC,DXB,"PLATINUM,G PLUS,GOLD,SILVER,BRONZE","CENTURY 21 BUILDING, OFFICE 406 ABUBAKKER SIDDIQUE ROAD DEIRA",04-4325777,POLYCLINIC,25.232965,55.326129
LIVE CARE CLINIC LLC,DXB,"PLATINUM,G PLUS,GOLD,SILVER,BRONZE,BLUE","SHOPPERS MALL(AL MADINA HYPER5), FIRST FLOOR, JEBEL ALI, IND AREA 1.",04-8848848,POLYCLINIC,24.9857,55.0273
SOMERSET CLINIC FZ LLC,DXB,"PLATINUM,G PLUS,GOLD","7, BUILDING 47, GROUND FLOOR, DUBAI HEALTHCARE CITY",04-3612404,POLYCLINIC,25.229163,55.32193
DR. MANSOORI CLINIC,DXB,"PLATINUM,G PLUS,GOLD,SILVER,BRONZE,BLUE","103 1ST FLOOR, ZEENAH BLDG. PORT SAEED AREA, DEIRA,",04-2989995,POLYCLINIC,25.278847,55.330939
HOOR AL ALIAA POLYCLINIC LLC,DXB,"PLATINUM,G PLUS,GOLD","VILLA NO. 943, AL WASL ROAD, AL MANARA,UMM SUQUEIM 2",04-3214559,POLYCLINIC,25.15,55.2126
BELLA VITA MEDICAL CENTER LLC,DXB,"PLATINUM,G PLUS,GOLD,SILVER,BRONZE,BLUE","KHANSAHEB, MIRDIF 35, MRIDIF,",04-2613301,POLYCLINIC,25.232337,55.43083
AL KHAIL MEDICAL CENTRE BRANCH,DXB,"PLATINUM,G PLUS,GOLD,SILVER,BRONZE,BLUE",M.FLOOR SHOP NO-2 INSIDE FIDA AL MADINA HYPERMARKET DIP-2 JABEL ALI,04-8823131,POLYCLINIC,25.123481,55.223056
AL AMAN MEDICAL CENTER LLC,DXB,"PLATINUM,G PLUS,GOLD,SILVER,BRONZE,BLUE","OFFICE NO.301, ABOVE JESCO SUPERMARKET,PEARL BUILDING",04-2288490,POLYCLINIC,25.267861,55.305464
MID EAST POLYCLINIC,DXB,"PLATINUM,G PLUS,GOLD,SILVER,BRONZE,BLUE","M FLOOR,SAIF AL OTABIA BUILDING,AL RIGGA ROAD, NEXT TO AL MAYA SUPERMARKET.",04-2216888,POLYCLINIC,25.263657,55.322578
ANAYA MEDICAL CENTER LLC BRANCH,DXB,"PLATINUM,G PLUS,GOLD,SILVER,BRONZE,BLUE","SHOP NO-18 , CRYSTAL MALL , HILAL AL MADINA HYPER MARKET",04-2341479,POLYCLINIC,25.153847,55.245789
MEDCARE MEDICAL CENTRE AL BARSHA BR OF MEDCARE HOSPITAL LLC,DXB,"PLATINUM,G PLUS,GOLD,SILVER","AL BARSHA-1, 1ST STREET,TRIO BUILDING, NEAR GRANDIOSE STORES",04-3255015,POLYCLINIC,25.248685,55.479681
MEDCARE MEDICAL CENTRE AL KHAWANEEJ BR OF MEDCARE HOSPITAL LLC,DXB,"PLATINUM,G PLUS,GOLD,SILVER",DAKAKIN CENTER BESIDE AL KHAWANEEJ MOSQUE,04-2803954,POLYCLINIC,25.248685,55.479681
FERDOWS MEDICAL CENTER,DXB,"PLATINUM,G PLUS,GOLD,SILVER,BRONZE","CENTURION STAR BUILDING ,FLAT NO / FLOOR NO.: BLOCK B, 3RD FLOOR, FLAT 306",04-2945499,POLYCLINIC,25.253913,55.328754
DUBAI LONDON CLINIC AND SPECIALITY HOSPITAL BRANCH,DXB,"PLATINUM,G PLUS,GOLD",VILLA CENTRO MALL,04-3782990,POLYCLINIC,25.153027,55.201293
SULTAN AL OLAMA MEDICAL CENTER BRANCH,DXB,"PLATINUM,G PLUS,GOLD,SILVER","AL FURJAN, PAVILION,  RETAIL NO. 8",04-4362672,POLYCLINIC,25.025,55.1524
SULTAN AL OLAMA MEDICAL CENTER BARSHA,DXB,"PLATINUM,G PLUS,GOLD,SILVER","AL BARSHA, AL ASAYEL STREET, 24TH STREET, GATE NO.7, GROUND FLOOR",04-3244446,POLYCLINIC,25.09886,55.202509
SULTAN ALOLAMA MEDICAL CENTER - ICP,DXB,"PLATINUM,G PLUS,GOLD,SILVER","INTERNATIONAL CITY, PAVILION, RETAIL NO. 5",42-4452321,POLYCLINIC,25.1588,55.4045
SULTAN ALOLAMA MEDICAL CENTER BRANCH,DXB,"PLATINUM,G PLUS,GOLD,SILVER","F07, FIRST FLOOR, ALKHAWANEEJ ROAD, MUHAISANAH 1, SHOP ETIHAD MALL",04-4362672,POLYCLINIC,25.2367,55.4203
SULTAN AL OLAMA MEDICAL CENTER,DXB,"PLATINUM,G PLUS,GOLD,SILVER","CENTRAL BUILDING, 15 STREET, ALGERIA ROAD, MIRDIF",04-2845778,POLYCLINIC,25.2175,55.4182
SULTAN AL OLAMA MEDICAL CENTER- BR,DXB,"PLATINUM,G PLUS,GOLD,SILVER","OFFICE 2 FIRST FLOOR, INDIGO CENTRAL 7. OPPOSITE TIMES SQUARE MALL, EXIT 4, AL MANARA",04-3468686,POLYCLINIC,25.1398,55.2168
HOUSTON MEDICAL CLINIC LLC,DXB,"PLATINUM,G PLUS,GOLD,SILVER,BRONZE","OFFICE NO 102,ELITE BUSINESS CENTRE,NEAR MALL OF EMIRATES,OPP LULU HYPERMARKET,AL BARS",04-3850603,POLYCLINIC,25.116485,55.204802
MULTI CARE MEDICAL CENTRE LLC,DXB,"PLATINUM,G PLUS,GOLD,SILVER,BRONZE,BLUE","ALKHAIL GATE COMMUNITY CENTER ,AL QUOZ,",04-4245863,POLYCLINIC,25.142553,55.250259
HMC MEDICAL CENTER LLC,DXB,"PLATINUM,G PLUS,GOLD,SILVER,BRONZE","G03, DETROIT HOUSE, MOTOR CITY,",04-5668336,POLYCLINIC,25.04586,55.231592
PRIME MEDICAL CENTER BARSHA HEIGHTS (BR OF PRIME MEDICAL CENTER L.L.C),DXB,"PLATINUM,G PLUS,GOLD,SILVER","GROUND FLOOR, THE ONYX TOWER 1 LANDSCAPE LEOCORE, BESIDES COSTA COFFEE, THE GREENS (AL THANYAH THIRD",04-7070999,POLYCLINIC,25.097118,55.16818
DUBAI ALUMINUM COMPANY LTD. CLINIC,DXB,"PLATINUM,G PLUS,GOLD,SILVER,BRONZE","JEBEL ALI, EGA",04-8022344,POLYCLINIC,25.034963,55.09857
ACCESS CLINIC DIC BR DM HEALTHCARE LLC,DXB,"PLATINUM,G PLUS,GOLD,SILVER,BRONZE,BLUE","SAPPHIRE MALL, FIRST FLOOR, SHOP NO 39-41,",04-5896619,POLYCLINIC,24.844242,55.063255
BRIGHT MEDICAL CENTER LLC,DXB,"PLATINUM,G PLUS,GOLD,SILVER,BRONZE,BLUE",AL ROATAMANI STREET,04-3322288,POLYCLINIC,25.14729,55.2348
HEALTHHUB (BR OF ALFUTTAIM HEALTH CARE SINGLE PERSON COMPANY L.L.C),DXB,"PLATINUM,G PLUS,GOLD,SILVER,BRONZE","10A STREET,MANAZEL DEIRA,QUSAIS",04-2085940,POLYCLINIC,25.267401,55.381421
EMIRATES STAR MEDICAL CENTRE BRANCH LLC,DXB,"PLATINUM,G PLUS,GOLD,SILVER,BRONZE","JAFZA MEDICAL FITNESS CENTER BUILDING, JAFZA NORTH",04-8844446,POLYCLINIC,24.57263,55.03278
NOVOMED WELLNESS CENTER (BR OF INTELLIGENT HEALTH INVESTMENT L.L.C),DXB,"PLATINUM,G PLUS,GOLD","26TH STREET, VILL NO.40-3, AL WASL ROAD",04-3215223,POLYCLINIC,25.074973,55.140383
NOVOMED CENTERS L.L.C,DXB,"PLATINUM,G PLUS,GOLD","SHEIKH ZAYED ROAD, DUBAI MARINA PLAZA MARSA DUABI",04-2473153,POLYCLINIC,25.074963,55.140264
NOVOMED CENTERS FZ-LLC,DXB,"PLATINUM,G PLUS,GOLD","ONE, BUILDING TYPE, UNIT NUMBER : UNIT 3013",8006686,POLYCLINIC,25.074961,55.140222
RELEAF MEDICAL CENTRE LLC,DXB,"PLATINUM,G PLUS,GOLD,SILVER,BRONZE,BLUE","FAKHREE CENTRE LLC,PASONS HYPER MARKET BUILDING,1ST FLOOR-DIP 2ND",04-8814918,POLYCLINIC,24.97644,55.201445
AL AZHAR CLINIC BRANCH3,DXB,"PLATINUM,G PLUS,GOLD,SILVER,BRONZE,BLUE,ASASI","SHOP NO 12, VEGETABLE AND FRUIT MARKET, AL AWEER, RAS AL KHOR",04-3339656,POLYCLINIC,25.10277,55.23386
KINGS COLLEGE HOSPITAL LONDON MEDICAL CENTRE BR OF KCH HEALTHCARE LLC ( JUMEIRAH) (EXCLUDING DENTAL),DXB,"PLATINUM,G PLUS,GOLD","AL KHARBASH BUILDING 2ND FLOOR, BILLQETAIR STREET (37B STREET),",04-3789555,POLYCLINIC,25.162228,55.210505
"KINGS COLLEGE HOSPITAL LONDON, MEDICAL CENTRE BR OF KCH HEALTH CARE LLC (MARINA) (EXCLUDING DENTAL)",DXB,"PLATINUM,G PLUS,GOLD","THE RESIDENCES AT MARINA GATE 1, FLOOR 1, DUBAI MARINA",04-5813222,POLYCLINIC,25.086492,55.147321
HEALTHHUB (BR.ALFUTTAIM HEALTHCARE SINGLE PERSON COMPANY LLC),DXB,"PLATINUM,G PLUS,GOLD,SILVER,BRONZE","ZEN CLUSTER -3, GROUND FLOOR , JABEL ALI -1 , DISCOVERY GARDEN , BUILDING NO.6",04-2040499,POLYCLINIC,25.047343,55.130588
EMIRATES HOSPITAL AND CLINICS LLC BRANCH,DXB,"PLATINUM,G PLUS,GOLD","CONRAD OFFICE TOWER, SHEIKH ZAYED ROAD, WORLD TRADE CENTE",04-3728877,POLYCLINIC,25.226039,55.283354
HOUSTON MEDICAL CLINIC LLC (BRANCH),DXB,"PLATINUM,G PLUS,GOLD,SILVER,BRONZE","OFFICE NO. 101, RNA RESOURCE BUILDING, AL QUOZ 3,",04-3850603,POLYCLINIC,25.116619,55.205925
MUSTAFA ALQAYSI MEDICAL CENTER L.L.C,DXB,"PLATINUM,G PLUS,GOLD,SILVER,BRONZE","SHOP 10 GROUND FLOOR, MAI TOWER BLDG, AMMAN ST, AL NAHDA 1,",04-8868823,POLYCLINIC,25.287964,55.365225
MVR CANCER CENTRE LLC,DXB,"PLATINUM,G PLUS,GOLD,SILVER,BRONZE","AIRPORT ROAD,AL GARHOUD",04-2327111,POLYCLINIC,23.252435,55.340804
HEALTHHUB(BR.ALFUTTAIM HEALTHCARE SINGLE PERSON COMPANY LLC,DXB,"PLATINUM,G PLUS,GOLD,SILVER,BRONZE",DSOA-22-008LYNX  TOWER -G-G06,04-2085952,POLYCLINIC,25.109968,55.377502
SEVEN DIMENSIONS MEDICAL CENTER LLC,DXB,"PLATINUM,G PLUS,GOLD,SILVER,BRONZE,BLUE","DIAMOND BUSINESS CENTRE -A, AL BARSHA SOUTH 3 - ARJAN",04-2434777,POLYCLINIC,25.057314,55.241981
BELLA ROSE MEDICAL CENTER,DXB,"PLATINUM,G PLUS,GOLD,SILVER,BRONZE",OFFICE12 MOHAMMAD BIN RASHEED AL MAKTOUM HUMANITARIAN AND CHARITY EST.BLDG,04-2964442,POLYCLINIC,25.282637,55.344346
HEALTHHUB BR OF ALFUTTAIM HEALTHCARE SINGLE PERSON COMPANY LLC,DXB,"PLATINUM,G PLUS,GOLD,SILVER,BRONZE","WARSAN 77B- BUILDING ,WARSAN STREET 1, INTERNATIONAL CITY -SHOP NO - 4,5,6,7,8",04-3057640,POLYCLINIC,25.10059,55.23529
FAMILY CLINIC,DXB,"PLATINUM,G PLUS,GOLD,SILVER,BRONZE,BLUE","GROUND FLOOR, AL BADA , OASIS BLDG,AL HUDAIBA ROAD,SATWA",04-3451145,POLYCLINIC,25.231439,55.271024
DR ABDULLA'S CLINIC,DXB,"PLATINUM,G PLUS,GOLD,SILVER,BRONZE","MONA RESIDENCE,AMMAN STREET, AL QUSAIS IND AREA5",04-2388778,POLYCLINIC,25.285567,55.406745
ICARE AL REFFA BR OF EXCEL HEALTHCARE LLC,DXB,"PLATINUM,G PLUS,GOLD,SILVER","AL REFFA KHALIFA JUMA SAEED AL NABOODA, GROUND FLOOR SHOP 1, AL REFFA AREA MANKHOOL, BUR DUBAI",04-3872555,POLYCLINIC,25.252111,55.28806
ICARE KARAMA BR OF EXCEL HEALTHCARE L.L.C.,DXB,"PLATINUM,G PLUS,GOLD,SILVER","AL KARAMA,SHOP NO.5,WASL PROPERTIES BUILDING NO.R364",04-3872555,POLYCLINIC,25.24719,55.308818
RE LEAF MEDICAL CENTRE LLC BRANCH,DXB,"PLATINUM,G PLUS,GOLD,SILVER,BRONZE,BLUE","AL QOZE INDUSTRIAL -2,26 STREET 43,KHALFAN MOHAMMED BIN LAHEJ,GROUND FLOOR",04-3377977,POLYCLINIC,25.140699,55.259081
HEALTHHUB (BR.ALFUTTAIM HEALTHCARE SINGLE PERSON COMPANY LLC),DXB,"PLATINUM,G PLUS,GOLD,SILVER,BRONZE","ZEN CLUSTER -3, GROUND FLOOR , JABEL ALI -1 , DISCOVERY GARDEN , BUILDING NO.6",,POLYCLINIC,25.192167,55.405833
ICARE CLINIC BR OF EXCEL HEALTHCARE LLC,DXB,"PLATINUM,G PLUS,GOLD,SILVER","BUILDING NO. 4, ZEN CLUSTER, DISCOVERY GARDENS",04-5727544,POLYCLINIC,25.048687,55.129558
TOTAL CARE CLINIC BR. AL FUTTAIM HEALTHCARE SINGLE PERSON COMPANY LLC,DXB,"PLATINUM,G PLUS,GOLD,SILVER,BRONZE","SALMAN EBRAHIM BUILDING , SALMAN EBRAHIM STREET ,",04-2082127,POLYCLINIC,25.153609,55.243822
KIDS NEURO CLINIC AND REHAB CENTER FZ-LLC,DXB,"PLATINUM,G PLUS,GOLD,SILVER,BRONZE","DUBAI HEALTHCARE CITY, ALRAZI MEDICAL COMPLEX, COMPLEX",04-5570326,REHABILITATION CENTER,25.233886,55.318256
DUBAI LONDON CLINIC & SPECIALITY HOSPITAL (BRANCH),DXB,"PLATINUM,G PLUS,GOLD","NAKHEEL MALL, LOWER GROUND LEVEL I B-1001A, 02, 03A, PALM JUMEIRAH,",04-3782843,POLYCLINIC,25.114263,55.138746
ASTER MEDICAL CENTRE DUBAI LAND,DXB,"PLATINUM,G PLUS,GOLD,SILVER,BRONZE","SKYCOURTS  TOWER D, GROUND FLOOR, R 7B, WADI AL SAFA - 5, DUBAI LAND",04-3435645,POLYCLINIC,25.05306,55.23052
ASTER ORTHOPEDICS AND PHYSIOTHERAPY CENTRE BR OF DM HEALTHCARE LLC,DXB,"PLATINUM,G PLUS,GOLD,SILVER,BRONZE","HANBAL AL MADANI BUILDING, GROUND FLOOR, NEAR DUBAI LIBRARY, AL WARQA -1,",04-2831026,POLYCLINIC,25.18999,55.40743
DXBONE EXCELLENCE CENTER LLC,DXB,"PLATINUM,G PLUS,GOLD","ZAABEEL 2, DUBAI DESIGN DISTRICT, BUILDING 1A, FLOOR 2",04-2407204,POLYCLINIC,25.252172,55.33987
DXBONE EXCELLENCE CENTER LLC.,DXB,"PLATINUM,G PLUS,GOLD","AL GARHOUD, 61A STREET",04-8808311,POLYCLINIC,25.252201,55.339861
AMERICAN WELLNESS CENTER FZ-LLC,DXB,"PLATINUM,G PLUS,GOLD,SILVER","IBN SINA BUILDING NO 2, BLOCK C,SUITE 302, DUBAI HEALTHCARE CITY,",04-5144042,POLYCLINIC,25.230556,55.324273
AXON MEDICA POLYCLINIC LLC,DXB,"PLATINUM,G PLUS,GOLD,SILVER,BRONZE","LYNX TOWER APARTMENTS, NADD HESSA ST, DUBAI , UAE",04-3484992,POLYCLINIC,25.1099,55.3775
ASTER MEDICAL CENTRE SHIEKH ZAYED ROAD,DXB,"PLATINUM,G PLUS,GOLD,SILVER,BRONZE,BLUE","TRADE CENTER 1, AL MANAL TOWER,MEZZANINE FLOOR,",04-3200438,POLYCLINIC,25.218072,55.279067
MAGNUM FAMILY MEDICAL CENTER LLC,DXB,"PLATINUM,G PLUS,GOLD,SILVER,BRONZE,BLUE",ARCADIA TOWER BESIDE CART SUPER MARKET JMAIRA CERCLE VILLAGE (JVC) DUBAI,04-5682050,POLYCLINIC,25.053926,55.20184
HATON MEDICAL CENTRE L.L.C.,DXB,"PLATINUM,G PLUS,GOLD,SILVER,BRONZE","1601- WESTBURRY OFFICE TOWER, BUSINESS BAY",04-5657758,POLYCLINIC,25.18602,55.27462
PHYSIO PLUS PHYSIOTHERAPY AND REHABILITATION CENTER,DXB,"PLATINUM,G PLUS,GOLD,SILVER,BRONZE","UMM SUQEIM 2, AL WASL ROAD, VILLA 1086",04-2211119,REHABILITATION CENTER,25.152141,55.213611
PRIME MEDICAL CENTER DUBAI AIRPORT (BR OF PRIME MEDICAL CENTER LLC),DXB,"PLATINUM,G PLUS,GOLD,SILVER","DUBAI AIRPORT TERMIAL 1 ARRIVAL ,AL GARHOUD",04-7070999,POLYCLINIC,25.249536,55.350588
PRIME MEDICAL CENTER AL WARQA (BR OF PRIME MEDICAL CENTER LLC),DXB,"PLATINUM,G PLUS,GOLD,SILVER","GROUND FLOOR, AL WARQA CITY MALL, TIPOLI STREET, AL WARQA 3, DUBAI, UNITED ARAB EMIRATES",04-7070999,POLYCLINIC,25.20662,55.42544
PRIMECORP  MEDICAL CENTER ALQUSAIS (BR OF PRIMECORP MEDICAL CENTER LLC),DXB,"PLATINUM,G PLUS,GOLD,SILVER","AL QUSAIS PLAZA, GROUND FLOOR, AL QUSAIS INDUSTRIAL AREA 2 -",04-7070999,POLYCLINIC,25.281238,55.387957
PRIMECORP MEDICAL CENTER AL WARSAN (BR OF PRIMECORP MEDICAL CENTER L.L.C),DXB,"PLATINUM,G PLUS,GOLD,SILVER","DUBAI MUNCIPALITY LABOUR ACCOMODATION , AL WARSAN 3",04-7070999,POLYCLINIC,25.162453,55.470474
MEDZE CLINIC L.L.C,DXB,"PLATINUM,G PLUS,GOLD,SILVER,BRONZE,BLUE","CENTRE RESIDENCE, NEAR MURAQQABAT POLICE STATION",04-2380924,POLYCLINIC,25.2718,55.3297
CLOVER MEDICAL CENTRE L.L.C,DXB,"PLATINUM,G PLUS,GOLD,SILVER","AL THANYAH THIRD , WARSAN BUILDING , TECOM",04-368-8062,POLYCLINIC,25.10137,55.179
CLOVER MEDICAL CENTER LLC (BRANCH) (EFFECTIVE DATE FROM 15/09/2022),DXB,"PLATINUM,G PLUS,GOLD,SILVER","SAEED THANI KHALAF AL THANI BLGD , NEAR MEDIOR HOSPITAL ,",04-3852500,POLYCLINIC,25.25816,55.3071
CLOVER MEDICAL CENTER LLC ( BRANCH ) (EFFECTIVE DATE FROM 15/09/2022),DXB,"PLATINUM,G PLUS,GOLD,SILVER","MIRDIF HILLS AVENUE,SHOP NO 14 - NEXT TO CARRFOUR - MIRDIF - DUBAI",,POLYCLINIC,25.223,55.4416
CLOVER MEDICAL CENTER LLC (BRANCH) (EFFECTIVE DATE FROM 15/09/2022),DXB,"PLATINUM,G PLUS,GOLD,SILVER","AL NAHDA SECOND , NEAR CARREFOUR ,",04-2633655,POLYCLINIC,25.2975,55.3827
MEDI SENSE CLINIC,DXB,"PLATINUM,G PLUS,GOLD,SILVER","THE CURVE BUILDING, ENTRANCE C, LEVEL 1, SHEIKH ZAYED ROAD",04-3809803,POLYCLINIC,25.162996,55.23471
PRIME MEDICAL CENTER NADD AL HAMAR (BR OF PRIME MEDICAL CENTER LLC),DXB,"PLATINUM,G PLUS,GOLD,SILVER","GROUND FLOOR, UNION COOP, NADD AL HAMAR, DUBAI, UAE",04-7070999,POLYCLINIC,25.190809,55.392705
PRIME MEDICAL CENTER MAJAN (BR OF PRIME MEDICAL CENTER LLC),DXB,"PLATINUM,G PLUS,GOLD,SILVER","ANDALUSIA COURTYARD MALL, LIVING LEGENDS",04-7070999,POLYCLINIC,25.085839,55.302065
MEDICLINIC AL TAWAR DIALYSIS CENTRE BR OF MEDICLINIC CLINICS INVESTMENT LLC,DXB,"PLATINUM,G PLUS,GOLD","AL TWAR THIRD, AL TAWAR DIALYSIS CENTER DUBAI",04-5216444,POLYCLINIC,25.25148,55.396922
MEDICLINIC CREEK HARBOUR (BR OF MEDICLINIC CLINICS INVESTMENT LLC),DXB,"PLATINUM,G PLUS,GOLD","AL KHEERAN, FESTIVAL CITY",04-2125888,POLYCLINIC,25.20435,55.34445
MEDICLINIC SPRINGS CLINIC,DXB,"PLATINUM,G PLUS,GOLD","AL SOHOOL STREET, MEADOWS TOWN CENTRE",9715103222,POLYCLINIC,25.064152,55.155058
ASTER MEDICAL CENTER ARJAN (BR DM HEALTHCARE LLC),DXB,"PLATINUM,G PLUS,GOLD,SILVER,BRONZE,BLUE","AL SAYYAH RESIDENCE, GROUND FLOOR 13-16, BARSHA SOUTH 3RD, ARJAN (AL BARSHA SOUTH 3RD)",04-5643776,POLYCLINIC,25.06188,55.238927
ASTER MEDICAL CENTRE LIWAN BR OF DM HEALTHCARE LLC,DXB,"PLATINUM,G PLUS,GOLD,SILVER,BRONZE,BLUE","ASTER CLINIC LIWAN,BINGHATTI JEWELS BUILDING -GROUND FLOOR , LIWAN",04-4400500,POLYCLINIC,25.1115,55.3683
ASTER ROYAL CLINIC DOWNTOWN BR OF DM HEALTHCARE LLC,DXB,"PLATINUM,G PLUS,GOLD,SILVER,BRONZE,BLUE","THE RESIDENCES,TOWER 6,DOWNTOWN DUBAI,BURJ RESIDENCE PHASE 1 &11",04-5298194,POLYCLINIC,25.19287,55.274607
DUBAI DIABETES CENTER,DXB,"PLATINUM,G PLUS,GOLD,SILVER,BRONZE,BLUE","AL-HUDAIBA AWARDS BUILDINGS, BLOCK C FIRST FLOOR",04-5025103,POLYCLINIC,25.24036,55.272086
SENIOR HAPPINESS CENTER,DXB,"PLATINUM,G PLUS,GOLD,SILVER,BRONZE,BLUE",CAIRO ST - AL MAMZAR,04-5025103,POLYCLINIC,25.300609,55.346088
AIRPORT MEDICAL CENTER CONCOURSE B - PHC,DXB,"PLATINUM,G PLUS,GOLD,SILVER,BRONZE,BLUE","AL GARHOUD, DUBAI INTERNATIONAL AIRPORT 221 VILLA",45025103,POLYCLINIC,25.248396,55.360469
AIRPORT MEDICAL CENTER - CONCOURSE C - PHC,DXB,"PLATINUM,G PLUS,GOLD,SILVER,BRONZE,BLUE","AL GARHOUD, DUBAI INTERNATIONAL AIRPORT TERMINAL 1",04-5025103,POLYCLINIC,25.248394,55.360469
AIRPORT MEDICAL CENTER - CONCOURSE A - PHC,DXB,"PLATINUM,G PLUS,GOLD,SILVER,BRONZE,BLUE","AL GARHOUD, DUBAI INTERNATIONAL AIRPORT TERMINAL 3",04-5025103,POLYCLINIC,25.24839,55.360469
ASTER ROYAL CLINIC SPRINGS SOUK )BR OF D M HEALTHCARE(L L C),DXB,"PLATINUM,G PLUS,GOLD,SILVER,BRONZE,BLUE","ASTER ROYAL CLINIC SPRINGS SOUK BR , FIRST FLOOR, SHOP -FF 24 & FF-25, THE SPRING SOUK,",04-4400500,POLYCLINIC,25.03551,55.11338
SAUDI GERMAN CLINICS L.L.C,DXB,"PLATINUM,G PLUS,GOLD","the mall Ground Floor, Jumeirah Road, Umm Suqeim 3, Jumerah Beach",04-3890000,POLYCLINIC,25.14021,55.18941
SAUDI GERMAN CLINICS AKOYA  (BR OF SAUDI GERMAN CLINICS L.L.C),DXB,"PLATINUM,G PLUS,GOLD","Saudi German Clinic, D2 Communit Mall - Damac Hills 2, Dubai",04-3890000,POLYCLINIC,25.00113,55.382656
SAUDI GERMAN CLINICS DAMAC HILLS  (BR OF SAUDI GERMAN CLINICS L.L.C),DXB,"PLATINUM,G PLUS,GOLD","Saudi German Clinic, Artesia Tower - Damac Hills 2, Dubai",04-3890000,POLYCLINIC,25.02008,55.24579
SAUDI GERMAN CLINICS SOUTH VILLAGE (BR OF SAUDI GERMAN CLINICS L.L.C),DXB,"PLATINUM,G PLUS,GOLD",Emmar South Retail Center (South Village),04-3890000,POLYCLINIC,24.86945,55.1499
SAUDI GERMAN CLINICS SPORTS CITY (BR OF SAUDI GERMAN CLINICS L.L.C),DXB,"PLATINUM,G PLUS,GOLD","Plot No c1b-12 & C1B-13 Sports Corner, Al Hebiah Fourth, Dubai Sports City",04-3890000,POLYCLINIC,25.04707,55.21446
AL DIYAFA MODERN MEDICAL CENTRE (EXCLUDING DENTAL,DXB,"PLATINUM,G PLUS,GOLD,SILVER",DIYAFA ROAD,04-3454945,POLYCLINIC,25.264326,55.311461
TOP MEDICAL CENTER LLC (EXCLUDING DENTAL,DXB,PLATINUM,"GROSVENOR HOUSE,DUBAI MARINA,",04-3958584,POLYCLINIC,25.08555,55.143947
IDEAL MEDICAL CENTER (,SHJ,"PLATINUM,G PLUS,GOLD,SILVER,BRONZE",OUROBA STREET,06-5623844,POLYCLINIC,25.356141,55.387921
DR. HABIB E.N.T. CLINIC (EXCLUDING DENTAL,SHJ,"PLATINUM,G PLUS,GOLD,SILVER,BRONZE",CORNICHE PLAZA II FLAT 801,06-5727767,POLYCLINIC,25.341117,55.385867
DR. ASHOK MENON MEDICAL CLINIC,SHJ,"PLATINUM,G PLUS,GOLD,SILVER,BRONZE",ABU SHAGARA ROAD,06-5530557,POLYCLINIC,25.333864,55.393906
ANTONY MEDICAL CENTRE,SHJ,"PLATINUM,G PLUS,GOLD,SILVER,BRONZE",AL NABA STREET,06-5630555,POLYCLINIC,25.358065,55.388248
AL AMANAH MEDICAL CENTER (EXCLUDING DENTAL),SHJ,"PLATINUM,G PLUS,GOLD,SILVER,BRONZE",AL AROOBA ST.,06-5615545,POLYCLINIC,25.364704,55.393283
DR.ALI SALEM EL HINDI CLINIC.LLC (EXCLUDING DENTAL),SHJ,"PLATINUM,G PLUS,GOLD,SILVER,BRONZE",AL THURAYYA BUILDING,06-5746006,POLYCLINIC,25.342077,55.403703
AFIF MEDICAL CENTER,SHJ,"PLATINUM,G PLUS,GOLD,SILVER,BRONZE",KING FAISAL ST. BESIDE MCDONALD,06-5740091,POLYCLINIC,25.340094,55.388066
MEDIPLUS DIAGNOSTIC CENTRE,SHJ,"PLATINUM,G PLUS,GOLD,BLUE",ROLLA,06-5634347,DIAGNOSTIC CENTER,25.364796,55.393149
AL DEYAFA MEDICAL CENTRE (,SHJ,"PLATINUM,G PLUS,GOLD,SILVER,BRONZE",IRAN BUILDING,06-5301717,POLYCLINIC,25.300528,55.376069
SAM SPECIALIZED MEDICAL CENTRE,SHJ,"PLATINUM,G PLUS,GOLD,SILVER,BRONZE",CORNICHE BUHAIRA,06-5744664,POLYCLINIC,25.339444,55.386403
NEW MEDICAL CENTRE LLC,SHJ,"PLATINUM,G PLUS,GOLD,SILVER,BRONZE,BLUE",BUHAIRAH CORNICHE,06-5758000,POLYCLINIC,25.342797,55.385813
CLEVELAND MEDICAL CENTER,SHJ,"PLATINUM,G PLUS,GOLD,SILVER",AL QASSIMIYA,06-5720720,POLYCLINIC,25.357581,55.391776
RIAZ MEDICAL CENTRE,SHJ,"PLATINUM,G PLUS,GOLD,SILVER,BRONZE",AL WASIT STREET,06-5583351,POLYCLINIC,25.33815,55.427693
HEALERS MEDICAL CENTRE L.L.C.,SHJ,"PLATINUM,G PLUS,GOLD,SILVER","OPP.HOLIDAYINN HOTEL,ABU SHAGARA ST",06-5539851,POLYCLINIC,25.332957,55.394235
SIYAD SPECIALIST MEDICAL CENTRE,SHJ,"PLATINUM,G PLUS,GOLD,SILVER,BRONZE,BLUE","Ground Fl, Al W",06-5358305,POLYCLINIC,25.292467,55.442574
AL MAHER SPECIALITY MEDICAL CLINIC LLC (EXCLUDING DENTAL,SHJ,"PLATINUM,G PLUS,GOLD,SILVER,BRONZE","MODERN CLINIC BUILDING, ABUSHAGRA, KING FAISAL STREET",06-5420066,POLYCLINIC,25.347168,55.384738
NOBEL MEDICAL CENTRE (,SHJ,"PLATINUM,G PLUS,GOLD,SILVER","RUBY CARGO BLG,ROLLA SQUARE",06-5446500,POLYCLINIC,25.35557,55.390737
SHARJAH INTERNATIONAL HOLISTIC HEALTH CENTER LLC,SHJ,"PLATINUM,G PLUS,GOLD,SILVER,BRONZE",KING ABDUL AZIZ STREET,06-5720088,POLYCLINIC,25.346062,55.390794
SUNNY AL NAHDA MEDICAL CENTRE L L C,SHJ,"PLATINUM,G PLUS,GOLD,SILVER,BRONZE,BLUE",AL NAHDA PARK,06-5305252,POLYCLINIC,25.3012,55.372721
AL RASHA MEDICAL CENTRE,SHJ,"PLATINUM,G PLUS,GOLD,SILVER,BRONZE",AL ZAHRA ROAD,06-5627223,POLYCLINIC,25.364064,55.400238
MATHEW MEDICAL CENTRE,SHJ,"PLATINUM,G PLUS,GOLD,SILVER,BRONZE",ABU SHAGARA,06-5595594,POLYCLINIC,25.335782,55.391398
INTERNATIONAL RADIOLOGY & DIAGNOSTIC SERVICE CENTER L.L.C (,SHJ,PLATINUM,CRYSTAL PLAZA BUILDING AL QASSIMIYA,06-5738088,DIAGNOSTIC CENTER,25.344261,55.386092
AL RAHAH MEDICAL CENTRE LLC (EXCLUDING DENTAL,SHJ,"PLATINUM,G PLUS,GOLD,SILVER,BRONZE",OPP GEO ELEC INDUSTRIAL AREA NO.2,06-5425260,POLYCLINIC,25.33854,55.38661
DR. EYAD GABOUR SPEIALIST EYE CLINIC (EXCLUDING DENTAL,SHJ,"PLATINUM,G PLUS,GOLD,SILVER,BRONZE","BUHAIRA CORNICHE, CRYSTAL PLAZA, BLOCK C, FLAT 1002",06-5594002,POLYCLINIC,25.320409,55.385963
AL BUSTAN MEDICAL CENTRE LLC,SHJ,"PLATINUM,G PLUS,GOLD,SILVER,BRONZE","OPPOSITE VEGETABLE MARKET FALAJ AL MUALLA ROAD,AL DHAID, SHARJAH",06-8829924,POLYCLINIC,25.290304,55.881668
MODERN POLYCLINIC (EXCLUDING DENTAL,SHJ,"PLATINUM,G PLUS,GOLD,SILVER,BRONZE","OFF M4,CONCORD BLDG,AL NAKHEEL ST",07-2282678,POLYCLINIC,25.799613,55.974075
MIDDLE EAST MEDICAL CENTER LLC,SHJ,"PLATINUM,G PLUS,GOLD,SILVER",BUHAIRAH CORNICE AL NAKHEEL TOWER,06-5757323,POLYCLINIC,25.332317,55.390467
AL SALAM MEDICAL CENTRE (EXCLUDING DENTAL,SHJ,"PLATINUM,G PLUS,GOLD,SILVER,BRONZE",ROLLA STREET,06-5614262,POLYCLINIC,25.356833,55.388383
ABRAHAMS MEDICAL CENTER,SHJ,"PLATINUM,G PLUS,GOLD,SILVER,BRONZE",AL ZAHRA STREET,06-5612737,POLYCLINIC,25.356766,55.392355
PERFECT MEDICAL CENTRE (EXCLUDING DENTAL,SHJ,"PLATINUM,G PLUS,GOLD,SILVER,BRONZE",NEXT TO UAE EXCHANGE BUILDING,06-5630009,POLYCLINIC,25.359117,55.389667
LIFE CARE MEDICAL CENTER,SHJ,"PLATINUM,G PLUS,GOLD,SILVER,BRONZE,BLUE,ASASI",KING FAISAL ROAD,06-5480033,POLYCLINIC,25.334189,55.393179
MANCHESTER MEDICAL CENTRE,SHJ,"PLATINUM,G PLUS,GOLD,SILVER,BRONZE",ALTAAWON,06-5547373,POLYCLINIC,25.308499,55.369092
GOOD HEALTH SPECIALIZED MEDICAL CENTRE,SHJ,"PLATINUM,G PLUS,GOLD,SILVER,BRONZE","AL MANSOOR (TIGER BLDG).,1ST FLOOR -101,NEAR AL NADHA PARK",06-5541600,POLYCLINIC,25.333224,55.374502
DR.SAI GANESH PILLAI MEDICAL CENTRE,SHJ,"PLATINUM,G PLUS,GOLD,SILVER,BRONZE",ROLLA ROAD,06-5687831,POLYCLINIC,25.356616,55.387267
AL KADI MEDICAL CENTRE,SHJ,"PLATINUM,G PLUS,GOLD,SILVER",AL WAHDA STREET,06-5531133,POLYCLINIC,25.325728,55.391754
AL HAYAT MEDICAL CENTRE (EXCLUDING DENTAL,SHJ,"PLATINUM,G PLUS,GOLD,SILVER",BUHAIRAH CORNICHE,06-5549078,POLYCLINIC,25.367857,55.389887
SARA MEDICAL CENTER,SHJ,"PLATINUM,G PLUS,GOLD,SILVER",BUHARA CORNICHE,06-5568888,POLYCLINIC,25.329539,55.375835
LIBERTY MEDICAL CENTRE,SHJ,"PLATINUM,G PLUS,GOLD,SILVER,BRONZE","NAYELI-3 BUILDING, ABU SHAGHARA,KING ABDUL AZIZ ST.",06-5599379,POLYCLINIC,25.339585,55.402003
NEW ZULEKHA MEDICAL CENTER,SHJ,"PLATINUM,G PLUS,GOLD,SILVER,BRONZE",AL DHAID STREET,06-8828486,POLYCLINIC,25.288076,55.81139
AL BILAL MEDICAL CENTRE (,SHJ,"PLATINUM,G PLUS,GOLD,SILVER,BRONZE",JAMAL ABDUL NASIR STREET,06-5530100,POLYCLINIC,25.320136,55.385713
DR.SABAA MEDICAL CENTRE L.L.C,SHJ,"PLATINUM,G PLUS,GOLD,SILVER,BRONZE",JAMAL ABDUL NASER STREET,06-5530092,POLYCLINIC,25.323333,55.3886
SHARJAH AVIATION SERVICES LLC (,SHJ,"PLATINUM,G PLUS,GOLD,SILVER,BRONZE","SHARJAH AIRPORT, DEPARTURE AREA",06-5084949,POLYCLINIC,25.328181,55.512024
AL AMAL MEDICAL CENTER - SHARJAH,SHJ,"PLATINUM,G PLUS,GOLD,SILVER,BRONZE",AL ETIHAD ROAD,06-8258927,POLYCLINIC,25.309204,55.376455
AL MANSOUR MEDICAL CENTRE,SHJ,"PLATINUM,G PLUS,GOLD,SILVER,BRONZE,BLUE",BUHAIRAH CORNICHE,06-5372050,POLYCLINIC,25.35679,55.387302
METAWI MEDICAL CLINIC (EXCLUDING DENTAL,SHJ,"PLATINUM,G PLUS,GOLD,SILVER,BRONZE",AL WAHDA STREET,06-5742999,POLYCLINIC,25.341985,55.403751
AL - HIKMAH SPECIALIZED MEDICAL CENTRE (EXCLUDING DENTAL,SHJ,"PLATINUM,G PLUS,GOLD,SILVER",BUHAIRAH CORNICHE,06-5565660,POLYCLINIC,25.323992,55.380701
ASTER MEDICAL CENTER - SHARJAH,SHJ,"PLATINUM,G PLUS,GOLD,SILVER,BRONZE,BLUE","KING FAIZAL STREET 112, AL MAJAZ",06-5509006,POLYCLINIC,25.339394,55.388292
ZEENAT AL SHIFA MEDICAL CENTER,SHJ,"PLATINUM,G PLUS,GOLD,SILVER,BRONZE",OPPOSITE QUASIMIYA HOSPITAL,06-5668802,POLYCLINIC,25.338363,55.426877
VENNIYIL MEDICAL CENTRE,SHJ,"PLATINUM,G PLUS,GOLD,SILVER,BRONZE,BLUE",AL KHALEEJ STREET,06-5682258,POLYCLINIC,25.363119,55.387578
NEW SUNNY MEDICAL CENTRE LLC SHJ 2,SHJ,"PLATINUM,G PLUS,GOLD,SILVER,BRONZE,BLUE",OPP. ROLLA SQUARE,06-5639966,POLYCLINIC,25.356461,55.38912
SUNNY AL BUHAIRAH MEDICAL CENTRE L L C,SHJ,"PLATINUM,G PLUS,GOLD,SILVER,BRONZE,BLUE",AL ENTIFADHA STREET,06-5566689,POLYCLINIC,25.338077,55.427709
AL SHAMS MEDICAL CENTRE LLC,SHJ,"PLATINUM,G PLUS,GOLD,SILVER,BRONZE","CATERPILLAR AREA ROAD, AREA 3",06-5424255,POLYCLINIC,25.30345,55.400136
AL SHAMS MEDICAL & DIAGNOSTIC CENTRE LLC,SHJ,"PLATINUM,G PLUS,GOLD,SILVER,BRONZE",INDUSTRIAL AREA 15,06-5353581,POLYCLINIC,25.288357,55.446494
AL KANARY MEDICAL CENTRE,SHJ,"PLATINUM,G PLUS,GOLD,SILVER,BRONZE",EMIRATES ROAD,06-5344439,POLYCLINIC,25.298969,55.439285
AL SHAMS AL JADEED MEDICAL CENTRE LLC,SHJ,"PLATINUM,G PLUS,GOLD,SILVER,BRONZE",INDUSTRIAL AREA 5,06-5397539,POLYCLINIC,25.3313,55.409767
AL FAIEZ MEDICAL CENTRE LLC,SHJ,"PLATINUM,G PLUS,GOLD,SILVER,BRONZE",HATTA ROAD,06-8861202,POLYCLINIC,25.319274,55.380164
AL FURQAN MEDICAL CENTRE LLC,SHJ,"PLATINUM,G PLUS,GOLD,SILVER,BRONZE",AL JABRI BUILDING FLAT NO 105 BINLA,06-8861710,POLYCLINIC,24.914118,55.775289
AL WADI INTERNATIONAL MEDICAL CENTER,SHJ,"PLATINUM,G PLUS,GOLD,SILVER,BRONZE",AL FALAH CAMP,06-5443331,POLYCLINIC,25.30685,55.4663
AL KHALAYLEH MEDICAL CENTER (,SHJ,"PLATINUM,G PLUS,GOLD,SILVER","CORNICHE AMRO BIN  ST, KHORFAKAN",09-2385011,POLYCLINIC,25.363974,55.388924
COMMUNITY MEDICAL CENTER,SHJ,"PLATINUM,G PLUS,GOLD,SILVER,BRONZE","1104 Tower C, C",06-573 5733,POLYCLINIC,25.238117,55.27935
FRENCH MEDICAL CENTER (EXCLUDING DENTAL,SHJ,"PLATINUM,G PLUS,GOLD","201 AL BUHAIRA BUILDING,  CORNICHE",06-5744266,POLYCLINIC,25.340741,55.386004
MEDICAL HOUSE FOR DIAGNOSIS AND TREATMENT,SHJ,"PLATINUM,G PLUS,GOLD,SILVER,BRONZE",MAISALOON,06-5635663,POLYCLINIC,25.363967,55.400099
AL WAHA MEDICAL CENTRE,SHJ,"PLATINUM,G PLUS,GOLD,SILVER,BRONZE","OPP. BABY PARK CENTRE, AL MAJARRAH",06-5654542,POLYCLINIC,25.36785,55.39505
AL SARRAF MEDICAL CENTER,SHJ,"PLATINUM,G PLUS,GOLD,SILVER",AL MAJAZ NORTHERN PARK ST,06-5538787,POLYCLINIC,25.329167,55.391867
AL RABEE CLINIC (,SHJ,"PLATINUM,G PLUS,GOLD,SILVER,BRONZE","AL KHAN STREET,",06-5391222,POLYCLINIC,25.306624,55.392672
CENTRAL MEDICAL POLYCLINIC,SHJ,"PLATINUM,G PLUS,GOLD,SILVER,BRONZE,BLUE","CORNICHE AREA,KHORFAKKAN",09-2383937,POLYCLINIC,25.354041,56.35066
AL MINHA MEDICAL CENTRE,SHJ,"PLATINUM,G PLUS,GOLD,SILVER,BRONZE","IBN BATUTA BLDG,ABU SHAGARAH",06-5599541,POLYCLINIC,25.337638,55.393304
ASTER AL NAHDA MEDICAL CENTER,SHJ,"PLATINUM,G PLUS,GOLD,SILVER,BRONZE,BLUE","GOLDEN SANDS TOWER,GROUND FLOOR",06-5267111,POLYCLINIC,25.308249,55.377121
ACCESS AL ROLLA MEDICAL CENTRE,SHJ,"PLATINUM,G PLUS,GOLD,SILVER,BRONZE,BLUE","ADNIC TOWER,OPP UNION NATIONAL BANK",06-5612050,POLYCLINIC,25.352241,55.386151
ALDURRAH RADIOLOGY CENTER LLC,SHJ,"PLATINUM,G PLUS,GOLD,SILVER,BRONZE","AL DURRAH TOWER,AL BUHAIRA POLICE",06-5569888,DIAGNOSTIC CENTER,25.323696,55.382774
INTERNATIONAL RADIOLOGY & DIAGNOSTIC CENTREL.LC - BRANCH 1,SHJ,"PLATINUM,G PLUS,GOLD","AL TAAWUN STREET,AL MAJAZ",06-5566305,DIAGNOSTIC CENTER,25.344176,55.386532
THUMBAY CLINIC L.L.C.,SHJ,"PLATINUM,G PLUS,GOLD,SILVER,BRONZE,BLUE",NEAR CRICKET STADIUM,06-7438333,POLYCLINIC,25.336072,55.424066
ALAFDAL MEDICAL CENTRE,SHJ,"PLATINUM,G PLUS,GOLD,SILVER,BRONZE","Shop #3, Al Taw",06-5590007,POLYCLINIC,25.346395,55.392113
DAMAS MEDICAL CENTER,SHJ,"PLATINUM,G PLUS,GOLD,SILVER,BRONZE","CORNICH PLAZA 1 BLDG,BUHAIRA CORNIC",06-5566411,POLYCLINIC,25.340781,55.386073
THUMBAY MEDICAL & DENTAL SPECIALITY CENTRE MUWAILAH 1,SHJ,"PLATINUM,G PLUS,GOLD,SILVER,BRONZE,BLUE","NR NATIONAL PAINTS ROUND ABOUT, NXT TO FIRE STN & MUWAILAH BUS STN",06-5399931,POLYCLINIC,25.2976,55.44
DAR BASMAH MEDICAL CENTRE,SHJ,"PLATINUM,G PLUS,GOLD,SILVER,BRONZE",FLAT  4 FIRST FLOOR ABBAS MOHAMMED ABDULLAH BUILDING AL WAHDA STREET,06-5487001,POLYCLINIC,25.34943,55.38736
THUMBAY CLINIC LLC 1,SHJ,"PLATINUM,G PLUS,GOLD,SILVER,BRONZE,BLUE","AL WAHDA STREET, KALBA,",09-2773337,POLYCLINIC,25.050831,56.354156
SHAMAL AL AHALIA MEDICAL CENTRE,SHJ,"PLATINUM,G PLUS,GOLD,SILVER,BRONZE,BLUE","AL MUTAWA BUILDING, SHEIKH ZAYED STREET,NEAR CLOCK TOWER R/A, OPP.KALYAN SILKS",06-5744529,POLYCLINIC,25.36049,55.398646
AL LULU MEDICAL CENTER.,SHJ,"PLATINUM,G PLUS,GOLD,SILVER,BRONZE,BLUE","102, BUSINESS LINK BUILDING, AL MAJAZ 3, OPP SHJ COOPERATIVE SOCIETY, AL KHAN",06-5646252,POLYCLINIC,25.3351,55.3718
AL KHAJAH MEDICAL CENTER,SHJ,"PLATINUM,G PLUS,GOLD,SILVER,BRONZE","BUHAIRA CORNICHE, AL MAJAZ,",06-5562200,POLYCLINIC,25.323684,55.38209
THUMBAY CLINIC LLC 2,SHJ,"PLATINUM,G PLUS,GOLD,SILVER,BRONZE,BLUE","BEHIND CITY MAX HOTEL, ALWAHDA -1,ABU SHAGARA,",06-5250666,POLYCLINIC,25.25201,55.23451
AL ZEYARAT MEDICAL CENTRE LLC,SHJ,"PLATINUM,G PLUS,GOLD,SILVER,BRONZE","VILLA NO. 205, SHEIKH ZAYED STREET, SAMNAN,",06-5668966,POLYCLINIC,25.3423,55.425698
ABDUL GHANI MEDICAL CENTRE,SHJ,"PLATINUM,G PLUS,GOLD,SILVER,BRONZE","208-A, 2F FLOOR, AL FARDAN CENTRE, BUHAIRA CORNICHE",06-5562727,POLYCLINIC,25.32395,55.38133
AL AZHAR MEDICAL CLINIC,SHJ,"PLATINUM,G PLUS,GOLD,SILVER,BRONZE,BLUE,ASASI","COOPERATIVE SOCIETY BUILDING, SAJJA INDUSTRIAL AREA NO:1",06-5352323,POLYCLINIC,25.18203,55.37597
AL MUEED MEDICAL CENTRE LLC,SHJ,"PLATINUM,G PLUS,GOLD,SILVER,BRONZE","FIRST FLOOR SAIF AL MIDFA BUILDING, ARABIAN GULF STREET, AL NABAA",06-5631429,POLYCLINIC,25.361273,55.393592
JORY MEDICAL CENTRE,SHJ,"PLATINUM,G PLUS,GOLD,SILVER,BRONZE",AL KHAN CORNICH STREET ALBAKER 5 TOWER SL KHAN CORNICH STREET NEXT TO SHARJAH EXPO,06-5227676,POLYCLINIC,25.313624,55.372938
REGAL MEDICAL CENTRE,SHJ,"PLATINUM,G PLUS,GOLD,SILVER,BRONZE","FLAT NO 104, AL WADI BUILDING, NEAR NATIONAL PAINTS ROUNDABOUT",06-5354175,POLYCLINIC,25.291931,55.443187
ICARE MEDICAL CENTRE,SHJ,"PLATINUM,G PLUS,GOLD,SILVER,BRONZE","GROUND FLOOR , AL KHAN STREET, NEAR AL KHAN BRIDGE, ARABIAN GULF BUILDING, INDUS.AREA 1",06-5253338,POLYCLINIC,25.313919,55.383199
HEALTH MEDICAL CENTER,SHJ,"PLATINUM,G PLUS,GOLD,SILVER,BRONZE","KHUZAM, OPP. KHALID HURRIYAH RESTAURANT",07-2334041,POLYCLINIC,25.766751,55.931072
ASTER DIAGNOSTIC CENTER,SHJ,"PLATINUM,G PLUS,GOLD,SILVER,BRONZE","BEHIND MEGA MALL, ABU SHAGARA AREA,",06-5973300,DIAGNOSTIC CENTER,25.342188,55.401099
PRIME SPECIALIST MEDICAL CENTRE LLC - BRANCH 1,SHJ,"PLATINUM,G PLUS,GOLD,SILVER","GROUND FLOOR, ZERO 6 MALL, AL JURAINAH, UNIVERSITY CITY ROAD, SHARJAH",04-7070999,POLYCLINIC,25.29113,55.497338
METRO MEDICAL CENTRE (EXCLUDING DENTAL,AJM,"PLATINUM,G PLUS,GOLD,SILVER,BRONZE,BLUE",SHEIKH KHALIFA BIN ZAYED STREET,06-7469694,POLYCLINIC,25.388727,55.459617
AL SHROOQ POLY CLINIC,AJM,"PLATINUM,G PLUS,GOLD,SILVER,BRONZE","1ST FLOOR,KARAMA PLAZA BULDG",06-7455688,POLYCLINIC,25.410911,55.444027
AL GHARAFA MEDICAL CENTRE,AJM,"PLATINUM,G PLUS,GOLD,SILVER,BRONZE,BLUE",AL BUSTAN BULDG,06-7448322,POLYCLINIC,25.271207,55.307318
AALIYAH MEDICAL CENTER/L.L.C,AJM,"PLATINUM,G PLUS,GOLD,SILVER,BRONZE",OPP KUWAIT HOSPITAL,06-7475599,POLYCLINIC,25.399485,55.479593
FAMILY MEDICAL CENTRE L.L.C. (,AJM,"PLATINUM,G PLUS,GOLD,SILVER,BRONZE","NEW INDUSTRIAL AREA, AL ZAHRA",06-7434800,POLYCLINIC,25.399321,55.479019
MASFOOT MEDICAL CENTRE,AJM,"PLATINUM,G PLUS,GOLD,SILVER",NEAR AL MAYA SUPER MARKET RASHIYDIA,06-7452230,POLYCLINIC,25.401487,55.443929
ELAJ MEDICAL CENTRE LLC,AJM,"PLATINUM,G PLUS,GOLD,SILVER,BRONZE",MAIN STREET,06-7495039,POLYCLINIC,25.394232,55.427211
ASTER MEDICAL CENTRE - AJMAN,AJM,"PLATINUM,G PLUS,GOLD,SILVER,BRONZE,BLUE",SKEIKH KHALIFA STREET. OPP. ADNOC,06-7314799,POLYCLINIC,25.388538,55.460947
GOLDEN STAR CHILDREN'S CLINIC (EXCLUDING DENTAL,AJM,"PLATINUM,G PLUS,GOLD,SILVER,BRONZE",AL-NOOR BUILDING GROUNDFLOOR G2,06-7422730,POLYCLINIC,25.281648,55.362464
ACCESS MEDICAL CENTRE,AJM,"PLATINUM,G PLUS,GOLD,SILVER,BRONZE,BLUE","AL HAMRAIN SOUQ,NESTO HYPERMARKET",06-7404778,POLYCLINIC,25.381951,55.468229
AL RUKN MEDICAL CENTER,AJM,"PLATINUM,G PLUS,GOLD,SILVER,BRONZE","AL ZAHAR AREA,OPP AL HOOTH MARKET",06-7402209,POLYCLINIC,25.39648,55.49178
AL ZORA MEDICAL CENTRE L.L.C. (EXCLUDING DENTAL,AJM,"PLATINUM,G PLUS,GOLD,SILVER,BRONZE",SHEIKH RASHID BIN ABDUL AZIZ STREET,06-7423618,POLYCLINIC,25.40533,55.445411
NEWCARE MEDICAL CENTER,AJM,"PLATINUM,G PLUS,GOLD,SILVER,BRONZE",AL DEWAN BUILDING,06-7444353,POLYCLINIC,25.415,55.4425
AL NAHRAIN SPECIALTY MEDICAL CENTER (,AJM,"PLATINUM,G PLUS,GOLD,SILVER,BRONZE","SHK KHALIFA BIN ZAYED ROAD,",06-7449144,POLYCLINIC,25.389818,55.45131
THUMBAY CLINIC AJMAN,AJM,"PLATINUM,G PLUS,GOLD,SILVER,BRONZE,BLUE","HYTHAM BUILDING,NEAR HONDA SHOWROOM",06-7466661,POLYCLINIC,25.398651,55.431868
AL SHIFA MEDICAL SPECIALIST CENTRE-L.L.C.,AJM,"PLATINUM,G PLUS,GOLD,SILVER,BRONZE",AL BADER STREET AJMAN,07-449498,POLYCLINIC,25.404036,55.447659
PRIME MEDICAL CENTER AJM -LLC,AJM,"PLATINUM,G PLUS,GOLD,SILVER","GRAND MALL, SHEIKH KHALIFA BIN ZAYED STREET,",04-6079872,POLYCLINIC,25.3923,55.43906
ROYAL CLINIC,AJM,"PLATINUM,G PLUS,GOLD,SILVER,BRONZE,BLUE","ARY BUILDING, FIRST FLOOR, FLAT: 101 & 102, BESIDE AJMAN MUSEUM",06-7422210,POLYCLINIC,25.409761,55.447213
AL SANAIYA CLINIC,AJM,"PLATINUM,G PLUS,GOLD,SILVER,BRONZE,BLUE,ASASI","NEW INDUESTRIAL AREA, NEXT TO CHINA MALL, AL JURF",06-7484078,POLYCLINIC,25.24199,55.30237
NATIONAL CLINIC,AJM,"PLATINUM,G PLUS,GOLD,SILVER,BRONZE,BLUE,ASASI",OPP BLUE DIAMOND GARMENTS,06-7480780,POLYCLINIC,25.16202,55.19009
RIGHT HEALTH CLINIC JURF LLC,AJM,"PLATINUM,G PLUS,GOLD,SILVER,BRONZE,BLUE,ASASI",SHOP NO 1 JURF INDUSTRIAL ZONE 2,06-7494969,POLYCLINIC,25.26295,55.32467
HUDA AL ALOUSI SPECIALIZED MEDICAL CENTER L.L.C.,AJM,"PLATINUM,G PLUS,GOLD,SILVER,BRONZE","AL ZORAH, ETIHAD STREET, FLAMINGO VILLA NO.41",06-7487776,POLYCLINIC,25.419356,55.48904
NMC MEDICAL CENTRE AJMAN LLC,AJM,"PLATINUM,G PLUS,GOLD,SILVER,BRONZE,BLUE","NEAR SAFEER MARKET, SAMHA PLAZA, RASHIDIYA",06-7147666,POLYCLINIC,25.394008,55.456745
NORTHERN AL AHLIAH MEDICAL CENTRE,AJM,"PLATINUM,G PLUS,GOLD,SILVER,BRONZE,BLUE","BEHIND GENERAL POST OFFICE & NBAD, AL BUSTAN",06-7404941,POLYCLINIC,25.4083,55.44423
NEW IBINSINA MEDICAL CENTRE,AJM,"PLATINUM,G PLUS,GOLD,SILVER,BRONZE","1ST FLOOR,CANADIAN BUILDING,NEAR  AJMAN TRAFFIC&LICENCING DEPT,SHEIKH RASHID BIN HUMAID STREET,AL JU",06-7413330,POLYCLINIC,25.409656,55.50956
CLINICA MEDICAL CENTER LLC,AJM,"PLATINUM,G PLUS,GOLD,SILVER,BRONZE","FLAMINGO VILLA NO. 13, AL ZORA",06-5619607,POLYCLINIC,25.42034,55.489643
AL HELAL MEDICAL CENTRE,AJM,"PLATINUM,G PLUS,GOLD,SILVER,BRONZE,BLUE","FIRST FLOOR, HUMAID SAEED BUILDING, OTHMAN BIN AFFAN ST., NAKHEEL 1,",06-7410720,POLYCLINIC,25.411108,55.442526
RIGHT HEALTH CLINIC JURF2 LLC,AJM,"PLATINUM,G PLUS,GOLD,SILVER,BRONZE,BLUE,ASASI",SHOP NO 2 JURF INDUSTRIAL ZONE 2,06-7404141,POLYCLINIC,25.25562,55.34011
AHALIA MEDICAL CENTRE,AJM,"PLATINUM,G PLUS,GOLD,SILVER,BRONZE,BLUE","NEAR EMIRATES MARKET, ASYAD TOWER, AL ITTIHAD STREET",06-7497557,POLYCLINIC,25.387083,55.468754
AL HIRA MEDICAL CENTRE,AJM,"PLATINUM,G PLUS,GOLD,SILVER,BRONZE","DANAT BUILDING, MEZZANINE FLOOR, AMMAN STREET, NEW INDUSTRIAL AREA1",06-7444929,POLYCLINIC,25.388657,55.478607
AL TAJ ALTHAHABY PHYSIOTHERAPY LLC,AJM,"PLATINUM,G PLUS,GOLD,SILVER,BRONZE","SAIF SALEM VILLA NO.44,NR AJMAN RULERS PALACE,RASHIDIYA 2.",06-7443854,POLYCLINIC,25.394665,55.447236
SPECIALIST MEDICAL CENTRE,RAK,"PLATINUM,G PLUS,GOLD,SILVER,BRONZE",SHEIK MUHAMMAD BIN SALEM RD,07-2332255,POLYCLINIC,25.78322,55.937487
EUROPEAN MEDICAL CENTER LLC,RAK,"PLATINUM,G PLUS,GOLD,SILVER,BRONZE",CORNICHE AL QWASIM ST,07-2338832,POLYCLINIC,25.165979,55.213545
SMILE CARE MEDICAL CENTER LLC,RAK,"PLATINUM,G PLUS,GOLD,SILVER,BRONZE","MEZZANINE FLOOR, HAMAD TOWER - BIN DAHER STREET",07-2282080,POLYCLINIC,25.794405,55.970103
ARAFA MEDICAL CENTRE (,RAK,"PLATINUM,G PLUS,GOLD,SILVER,BRONZE",AL JISR BUILDING,07-2337898,POLYCLINIC,25.783228,55.937371
EMIRATES EYE CLINIC (EXCLUDING DENTAL,RAK,"PLATINUM,G PLUS,GOLD,SILVER,BRONZE",AL NAKHEEL STREET,07-2213366,POLYCLINIC,25.798329,55.975065
AL FARABI SPECIALIST CLINIC (EXCLUDING DENTAL,RAK,"PLATINUM,G PLUS,GOLD,SILVER","FLAT NO.402, AL NAKHEEL",07-2276699,POLYCLINIC,25.797298,55.971827
KHOZAM MEDICAL CENTER LLC (EXCLUDING DENTAL,RAK,"PLATINUM,G PLUS,GOLD,SILVER",AL NAKHEEL,07-2277666,POLYCLINIC,25.797117,55.97185
INTERNATIONAL RADIOLOGY CENTER,RAK,"PLATINUM,G PLUS,GOLD","MUNTASIR ST, AL NAKHEEL",07-2338088,DIAGNOSTIC CENTER,25.802009,55.974314
ASTER MEDICAL CENTRE - BRANCH D.M.HEALTH,RAK,"PLATINUM,G PLUS,GOLD,SILVER,BRONZE,BLUE","NEXT TO MALABAR GOLD,NAKHEEL",07-2338866,POLYCLINIC,25.798095,55.948541
AL SAFAA AL JADEEDA SPECIALSIT CLINIC (EXCLUDING DENTAL,RAK,"PLATINUM,G PLUS,GOLD,SILVER,BRONZE","3RD FLOOR, AL KHATRI BLDG",07-2280200,POLYCLINIC,25.813863,55.957328
RETAJ MEDICAL CENTER LLC,RAK,"PLATINUM,G PLUS,GOLD,SILVER,BRONZE,BLUE",SHEIKH MOHAMMED BIN SALEM RD.,07-2359818,POLYCLINIC,25.75402,55.9114
THUMBAY CLINIC LLC RAK BRANCH,RAK,"PLATINUM,G PLUS,GOLD,SILVER,BRONZE,BLUE",OPPOSITE RAK,07-2267464,POLYCLINIC,25.79603,55.969662
COSMESURGE & EMIRATES HOSPITAL CLINICS- RAK,RAK,"PLATINUM,G PLUS,GOLD,SILVER","JULPHAR TOWERS, AL HISN ROAD",07-2037777,POLYCLINIC,25.74147,55.943487
AL AHLIA MEDICAL CENTRE,RAK,"PLATINUM,G PLUS,GOLD,SILVER,BRONZE,BLUE","NEAR RAK GAS AND OPP. EXPO CENTRE, NAKHEEL",07-2331533,POLYCLINIC,25.79624,55.9661
RAS AL KHAIMAH MEDICAL CENTER AL JAZEERA,RAK,"PLATINUM,G PLUS,GOLD,SILVER,BRONZE,BLUE","AL JAZEERA AL HAMRA BEHIND RAK CERAMICS,",07-2432226,POLYCLINIC,25.697396,55.781434
MAXCARE MEDICAL CENTER,RAK,"PLATINUM,G PLUS,GOLD,SILVER,BRONZE,BLUE,ASASI","KULAIB BUILDING , OMAN STREET, AL RAM",07-2233434,POLYCLINIC,25.8648,56.0212
AL HIKMA SPECIALIZED CLINIC FOR REHABILITATION AND PHYSIOTHERAPY,RAK,"PLATINUM,G PLUS,GOLD,SILVER,BRONZE","NAEEM TOWER 3, BIN DAHER ST. OPP. NAEEM MALL",07-2212221,REHABILITATION CENTER,25.791707,55.968496
DR. SHERIF SPECIALITY MEDICAL CENTER,RAK,"PLATINUM,G PLUS,GOLD,SILVER,BRONZE",AL NAKHEEL-AL MONTASER-OXYGEN PHARMACY BUILDING NEXT TO MALABAR GOLD,07-2280800,POLYCLINIC,25.798289,55.972157
EMIRATES HOSPITALS AND CLINICS L L C RAS AL KHAIMAH 1,RAK,"PLATINUM,G PLUS,GOLD,SILVER,BRONZE,BLUE","I ST FLOOR, AVENUE BUILDING ,JULPHAR TOWERS ,AL HISN ROAD ,RAS AL KHAIMAH",07-2037777,POLYCLINIC,25.473082,55.57354
AL SHARQ MEDICAL CENTER - DIBBA,FUJ,"PLATINUM,G PLUS,GOLD,SILVER,BRONZE",DIBBA,09-2444711,POLYCLINIC,25.167693,56.351408
FUJAIRAH PORT MEDICAL CENTRE,FUJ,"PLATINUM,G PLUS,GOLD,SILVER,BRONZE",SEA PORT,09-2228678,POLYCLINIC,25.174553,56.354943
AL SHARQ MEDICAL CENTER - COSMOMED,FUJ,"PLATINUM,G PLUS,GOLD,SILVER,BRONZE",AL ZARKI ROAD,09-2249545,POLYCLINIC,25.129798,56.334301
INTERNATIONAL MEDICAL CENTRE LLC.,FUJ,"PLATINUM,G PLUS,GOLD,SILVER",AL GURFAH ROAD,09-2229585,POLYCLINIC,25.123331,56.355081
DR.EID SPECIALIST CLINIC (EXCLUDING DENTAL,FUJ,"PLATINUM,G PLUS,GOLD,SILVER","HAMED BIN ABDULLAH ST,MATAR TOWER,",09-2233311,POLYCLINIC,25.121688,56.34027
THUMBAY CLINIC LLC FUJAIRAH,FUJ,"PLATINUM,G PLUS,GOLD,SILVER,BRONZE,BLUE",OPP. FATIMA CENTRE,09-2227455,POLYCLINIC,25.123089,56.345888
COSMESURGE CLINICS LLC FUJAIRAH BRANCH,FUJ,"PLATINUM,G PLUS,GOLD,SILVER",SHEIKH HAMAD BIN ABDULLAH STREET,09-2230003,POLYCLINIC,25.122682,56.322082
NORTHERN AL AHLIAH MEDICAL CENTRE FUJAIRAH,FUJ,"PLATINUM,G PLUS,GOLD,SILVER,BRONZE,BLUE","NEAR ADNOC PETROL STATION AND FAB BANK, AL GURFA",09-2242515,POLYCLINIC,25.122539,56.348244
FATHIMA MEDICAL CENTRE,FUJ,"PLATINUM,G PLUS,GOLD,SILVER,BRONZE,BLUE","FLAT-103, FIRST FLOOR, FAHAD AL SHAEER BUILDING OPPOSITE FATHIMA SUPERMARKET, MERASHID - MADHAB ROAD",09-2239946,POLYCLINIC,25.122955,56.34599
ALFA CLINICAL LLC,FUJ,"PLATINUM,G PLUS,GOLD,SILVER,BRONZE","NEAR FUJAIRAH MONTESSORI NURSERY, AL FASEEL",09-2222932,POLYCLINIC,25.145169,56.351255
DR. RANA HUSSAIN SPECIALIST CLINIC. (EXCLUDING DENTAL),UMQ,"PLATINUM,G PLUS,GOLD,SILVER,BRONZE",AL BURJ ROAD,06-7666026,POLYCLINIC,25.563141,55.5528
AL KHALEEJ MEDICAL CENTRE- UAQ,UMQ,"PLATINUM,G PLUS,GOLD,SILVER,BRONZE",OPPOSITE EMIRATES AIRLINES,06-7651212,POLYCLINIC,25.513223,55.569061
NEW AL KHALEEJ MEDICAL CENTER,UMQ,"PLATINUM,G PLUS,GOLD,SILVER,BRONZE","AL SALAMA STREET,",06-7679989,POLYCLINIC,25.49742,55.57991
AL HAYAT MEDICAL CENTER,UMQ,"PLATINUM,G PLUS,GOLD,SILVER,BRONZE,BLUE","NEAR INDIAN ASSOCIATION , OPPO AL ABRAQ SCHOOL",06-7663233,POLYCLINIC,25.50334,55.573499
DR. KOUTHAR AL AWDIH CLINIC,AUH,"PLATINUM,G PLUS,GOLD,SILVER,BRONZE",ABU DHABI,02-6331150,DENTAL,24.486967,54.36435
Harmony Advanced Medical Center LLC,AUH,"PLATINUM,G PLUS,GOLD,SILVER,BRONZE",AL DHAFRA STREET,02-6417300,DENTAL,24.4774,54.370867
SCANDCARE,AUH,"PLATINUM,G PLUS,GOLD,SILVER,BRONZE",AL NASSER ST.,02-6215159,DENTAL,24.486582,54.354052
APPOLONIA PEDIATRIC DENTAL CENTER L.L.C,AUH,"PLATINUM,G PLUS,GOLD,SILVER,BRONZE",ZAYED THE 1ST,02-6660997,DENTAL,24.467346,54.366614
DR. IBRAHIM DAJANI CLINIC,AUH,"PLATINUM,G PLUS,GOLD,SILVER,BRONZE",AL NAJDA STREET,02-6316996,DENTAL,24.4918,54.375833
HADDAD MEDICAL & DENTAL CENTRE,AUH,"PLATINUM,G PLUS,GOLD,SILVER,BRONZE",HAMDAN STREET,02-6325096,DENTAL,24.489951,54.364202
ASMAT DENTAL MEDICAL CENTER,AUH,"PLATINUM,G PLUS,GOLD,SILVER,BRONZE","CORNICHE STREET, WEST",02-6216063,DENTAL,24.466662,54.366659
DENTACARE CENTER,AUH,"PLATINUM,G PLUS,GOLD,SILVER,BRONZE",HAMDAN STREET,02-6270527,DENTAL,24.466672,54.36666
DR.MUNIR SILWADI DENTAL CENTRE,AUH,"PLATINUM,G PLUS,GOLD,SILVER,BRONZE","CORNICHE STREET , WEST",02-6262042,DENTAL,24.466667,54.366662
MERHI DENTAL & ORTHODONTIC CENTER,AUH,"PLATINUM,G PLUS,GOLD,SILVER,BRONZE",AL SALAM STREET,02-6779600,DENTAL,24.499809,54.370289
ZENITH DENTAL CLINIC,AUH,"PLATINUM,G PLUS,GOLD,SILVER,BRONZE",BANIYAS STREET,02-6216016,DENTAL,24.486504,54.372764
AL THURAYA DENTAL IMPLANT CENTER,AUH,"PLATINUM,G PLUS,GOLD,SILVER,BRONZE",AIRPORT ROAD,02-4432209,DENTAL,24.461706,54.377324
HOLLYWOOD SMILE MEDICAL CENTER - L.L.C,AUH,"PLATINUM,G PLUS,GOLD,SILVER,BRONZE",KHALIFA STREET,02-6271371,DENTAL,24.466665,54.366657
AL SAFWA MEDICAL CENTER LLC,AUH,"PLATINUM,G PLUS,GOLD,SILVER,BRONZE,BLUE","6TH FLOOR, MARJAN PLAZA, HAMDAN ST,",02-6262989,DENTAL,24.489697,54.362293
HAKEEM DENTAL CENTER L.L.C,AUH,"PLATINUM,G PLUS,GOLD,SILVER,BRONZE",ALAM COR. KHALIFA ST.,02-6654200,DENTAL,24.495221,54.371654
MANCHESTER DENTAL CENTER,AUH,"PLATINUM,G PLUS,GOLD,SILVER,BRONZE",ZAYED THE 1ST STREET,02-6669411,DENTAL,24.471994,54.34665
FRENCH DENTAL AESTHETIC CENTRE L.L.C.,AUH,"PLATINUM,G PLUS,GOLD,SILVER,BRONZE","KARAMA STREET, DELMA STREET",02-4462333,DENTAL,24.403425,54.572835
AYMAN DENTAL CENTRE,AUH,"PLATINUM,G PLUS,GOLD,SILVER,BRONZE","KHALEEJ ARABI ROAD, IN FRONT OF",02-6275040,DENTAL,24.463987,54.348388
DR. FIRAS DENTAL AND ORTHODONTIC CENTER,AUH,"PLATINUM,G PLUS,GOLD,SILVER,BRONZE","MARINA OFFICE PARK, VILLA B-16",02-2222600,DENTAL,24.472673,54.318862
MARIBEL DENTAL CENTRE - SOLE PROPRIETORSHIP L.L.C.,AUH,"PLATINUM,G PLUS,GOLD,SILVER,BRONZE",AL FALAH STREET,02-6424942,DENTAL,24.466203,54.374973
Dr. Feras Joumma Specialized Dental Center - Sole Proprietorship LLC,AUH,"PLATINUM,G PLUS,GOLD,SILVER,BRONZE",KHALIFA STREET,02-6276644,DENTAL,24.466672,54.366654
INTERNATIONAL DENTAL CLINIC.,AUH,"PLATINUM,G PLUS,GOLD,SILVER,BRONZE","SHOP # 1, PLOT # C-20, OHK BLDG,SE-26_01, KHALIFA CITY A,",02-6333444,DENTAL,24.471718,54.368677
AL NUAMAN DENTAL MEDICAL CENTRE,AUH,"PLATINUM,G PLUS,GOLD,SILVER,BRONZE",NASR STREET,02-6348482,DENTAL,24.482635,54.353219
AL QUDS SPECIALIZED DENTAL CENTER,AUH,"PLATINUM,G PLUS,GOLD,SILVER,BRONZE",EST 8 BANIYAS,02-5832582,DENTAL,24.297798,54.637359
THOMAS DENTAL CENTRE,AUH,"PLATINUM,G PLUS,GOLD,SILVER,BRONZE",AL FALAH STREET,02-6414400,DENTAL,24.427951,54.585678
MAJESTIC DENTAL CENTER - LLC,AUH,"PLATINUM,G PLUS,GOLD,SILVER,BRONZE",AL MANHAL ST,02-6669161,DENTAL,24.464217,54.351833
AL MANAL DENTAL CENTER,AUH,"PLATINUM,G PLUS,GOLD,SILVER,BRONZE","CORNICHE RD, FIRST GULF BANK BLDG",02-6224006,DENTAL,24.49028,54.354901
IDEAL MEDICAL CENTRE LLC,AUH,"PLATINUM,G PLUS,GOLD,SILVER,BRONZE",KHALIFA STREET,02-6224611,DENTAL,24.488838,54.357487
DR. CHAWKY HADDAD DENTAL CLINIC,AUH,"PLATINUM,G PLUS,GOLD,SILVER,BRONZE",KHALEDIYA,02-6679792,DENTAL,24.476033,54.352017
BARBARA ORTHODONTIC & DENTAL POLYCLINIC,AUH,"PLATINUM,G PLUS,GOLD,SILVER,BRONZE",KHALIFA STREET,02-6269898,DENTAL,24.491315,54.360839
PALMIRA SPECIALIZED MEDICAL CENTRE,AUH,"PLATINUM,G PLUS,GOLD,SILVER,BRONZE",AL KHALIDIYAH,02-6673060,DENTAL,24.4719,54.3466
SAMA ALSHAM DENTAL AND MEDICALCENTER LLC,AUH,"PLATINUM,G PLUS,GOLD,SILVER,BRONZE","BLDG. NO.38, MAFRAQ ROAD, NEW SHAHAMA",02-6264334,DENTAL,24.489287,54.361859
AREEJ DENTAL CLINIC,AUH,"PLATINUM,G PLUS,GOLD,SILVER,BRONZE",KHALIFA CITY,02-5565882,DENTAL,24.42248,54.565047
MEDICAL LASER CENTER DENTAL,AUH,"PLATINUM,G PLUS,GOLD,SILVER,BRONZE",KHALIFA STREET.,02-6260360,DENTAL,24.490712,54.358645
DAVINCI DENTAL CENTRE L.L.C.,AUH,"PLATINUM,G PLUS,GOLD,SILVER,BRONZE",MARINA OFFICE PARK VILLA A27,02-2222616,DENTAL,24.474247,54.318573
AL HIKMA MEDICAL CENTRE,AUH,"PLATINUM,G PLUS,GOLD,SILVER,BRONZE",KHALEFA CITY A ALFORSAN STREET 12TH  VILA NO 147,02-6720482,DENTAL,24.49385,54.368383
HARMONY PLUS MEDICAL CENTER,AUH,"PLATINUM,G PLUS,GOLD,SILVER,BRONZE",KHALEEJ ALARABI ROAD,02-6582228,DENTAL,24.322579,54.521476
SHADI INTERNATIONAL DENTAL & ORTHODONTIC,AUH,"PLATINUM,G PLUS,GOLD,SILVER,BRONZE",MURROR ROAD,02-6228880,DENTAL,24.432293,54.436595
DR MUSA ABU ZAYED DENTAL CENTER,AUH,"PLATINUM,G PLUS,GOLD,SILVER,BRONZE","ALRUMAITHY BLDG , AL SALAM STREET",02-5500772,DENTAL,24.497215,54.372008
GULF PEARL DENTAL CENTER,AUH,"PLATINUM,G PLUS,GOLD,SILVER,BRONZE","AL NASR STREET , NEXT TO ALMASOOD",02-5031111,DENTAL,24.361103,54.715154
ABU DHABI DENTAL CLINIC.,AUH,"PLATINUM,G PLUS,GOLD,SILVER,BRONZE","ELECTRA ROAD, BEHIND CASSELLS HOTEL",02-6341327,DENTAL,24.484517,54.3635
BOSTON DENTAL CENTER L.L.C.,AUH,"PLATINUM,G PLUS,GOLD,SILVER,BRONZE","BEHIND KHALIDYA MALL,AL FALAH STREE",02-6667070,DENTAL,24.467595,54.353264
AESTHETIC DENTAL CENTER LLC,AUH,"PLATINUM,G PLUS,GOLD,SILVER,BRONZE","ELECTRA STREET, #104, ADCP TOWER B",02-6324455,DENTAL,24.490781,54.371504
SAFE CARE DENTAL CLINIC,AUH,"PLATINUM,G PLUS,GOLD,SILVER,BRONZE","SHAHEEN MARKET, NEAR DIB,BANIYAS",02-5868655,DENTAL,24.307768,54.61032
AL MUZAINA DENTAL CLINIC,AUH,"PLATINUM,G PLUS,GOLD,SILVER,BRONZE","MADINAT ZAYED, WESTERN REGION",02-8841155,DENTAL,23.652333,53.706267
SPECIALIZED DENTAL & ORTHODONTIC CENTER,AUH,"PLATINUM,G PLUS,GOLD,SILVER,BRONZE","AIRPORT ROAD,NEAR IMMIGRATION OFF",02-4439688,DENTAL,24.44876,54.38992
EASTMANS DENTAL CLINIC LLC,AUH,"PLATINUM,G PLUS,GOLD,SILVER,BRONZE","SHINING TOWERS,KHALIDIYA,MUBAREK B",02-6212828,DENTAL,24.473078,54.349798
INTERNATIONAL CENTER FOR DENTAL EXCELLENCE LLC,AUH,"PLATINUM,G PLUS,GOLD,SILVER,BRONZE","7TH FL CENTRO CAPITAL,KHALEEJ ST",02-4477752,DENTAL,24.417485,54.440281
AL DALEEL DENTAL CLINIC,AUH,"PLATINUM,G PLUS,GOLD,SILVER,BRONZE",DEFENSE ROAD,02-4455884,DENTAL,24.480437,54.386492
EMIRATES ROYAL ORTHODONTIC AND COSMETIC DENTISTRY CENTER L.L.C.,AUH,"PLATINUM,G PLUS,GOLD,SILVER,BRONZE","HAMDAN STREET,ARABIC BANK BLDG",02-6664454,DENTAL,24.483525,54.355224
DENTACARE CENTRE BRANCH 1,AUH,"PLATINUM,G PLUS,GOLD,SILVER,BRONZE","MURJAN TOWER,31ST ST,MUROOR",02-4432525,DENTAL,24.431619,54.437698
STYLE SMILE ADVANCED DENTAL CENTER LLC,AUH,"PLATINUM,G PLUS,GOLD,SILVER,BRONZE","3SAILS TOWER,CORNICHE",02-6674646,DENTAL,24.28176,54.340353
SKY DENTAL CENTER L.L.C,AUH,"PLATINUM,G PLUS,GOLD,SILVER,BRONZE","HAMDAN ST,MUBARAK ALOTAIBAH BLDG,",02-6268880,DENTAL,24.500134,54.366279
PERFECT SMILE DENTAL CENTRE L.L.C,AUH,"PLATINUM,G PLUS,GOLD,SILVER,BRONZE","HAMDAN STREET,DHABI TOWER,",02-6334660,DENTAL,24.492626,54.366604
VICTORY DENTAL MEDICAL CLINIC,AUH,"PLATINUM,G PLUS,GOLD,SILVER,BRONZE","KHALIFA STREET,OPPOSITE ADCB BANK",02-6262955,DENTAL,24.490192,54.358006
HALA DENTAL CLINIC L.L.C,AUH,"PLATINUM,G PLUS,GOLD,SILVER,BRONZE","NEAR AL SULTAN BAKERY, BANIYAS EAST",02-5830053,DENTAL,24.283099,54.646422
AL RAYASHI DENTAL CENTER,AUH,"PLATINUM,G PLUS,GOLD,SILVER,BRONZE",SKH KHALIFA STR,02-6792647,DENTAL,24.498179,54.367765
SMILE AL REEM DENTAL CENTER L.L.C,AUH,"PLATINUM,G PLUS,GOLD,SILVER,BRONZE",AL KHALIDIYA,02-6660922,DENTAL,24.473807,54.347424
TAJMEEL DENTAL CENTER L.L.C-BRANCH 1,AUH,"PLATINUM,G PLUS,GOLD","AL KARAMAH STREET, AL ROWDA",02-6107834,DENTAL,24.462292,54.367955
SKY DENTAL CENTER L.L.C.- BRANCH 1,AUH,"PLATINUM,G PLUS,GOLD,SILVER,BRONZE",SALAM ST. SALAM TOWER - PORSCHE CAR,02-6677448,DENTAL,24.499626,54.370651
YOUR DENTAL CENTER L.L.C (INCLUDING DENTAL SERVICES ONLY),AUH,"PLATINUM,G PLUS,GOLD,SILVER,BRONZE",KHALIFA CITY,02-5855999,DENTAL,24.407442,54.571617
OAISS BRACES CENTER L.L.C.,AUH,"PLATINUM,G PLUS,GOLD,SILVER,BRONZE","NAJDHA STREET,MOTHER CARE BUILDING",02-6344343,DENTAL,24.491846,54.367875
ALREEM DENTAL & COSMETIC CENTER L.L.C. (EXCLUDING DERMATOLOGY),AUH,"PLATINUM,G PLUS,GOLD,SILVER,BRONZE",NEAR AL KHALIDIYA PARK,02-6655357,DENTAL,24.465937,54.346806
AL RAZI CITY MEDICAL CENTER L.L.C.,AUH,"PLATINUM,G PLUS,GOLD,SILVER,BRONZE",ELECTRA ST.-OPPOSITE LLH HOSPITAL,02-6224431,DENTAL,24.487179,54.364601
VISION DENTAL CLINIC,AUH,"PLATINUM,G PLUS,GOLD,SILVER,BRONZE","KHALIFA STREET, AL ANSARI EXCHANGE",02-6224700,DENTAL,24.490698,54.359872
TAJMEEL SPECIALIZED MEDICAL CENTER LLC,AUH,"PLATINUM,G PLUS,GOLD","23RD FLOOR, AL DAR HEAD QUARTERS BU",02-3047999,DENTAL,24.462292,54.367934
SHADI INTERNATIONAL DENTAL & ORTHODONTIC CENTER LLC-BRANCH 1,AUH,"PLATINUM,G PLUS,GOLD,SILVER,BRONZE,BLUE",MADINAT ZAYED WESTERN REGION,02-8844451,DENTAL,23.62412,53.718582
CREATIVE DENTAL CENTER L.L.C,AUH,"PLATINUM,G PLUS,GOLD,SILVER,BRONZE","BUILDING NO : 1248, MUROOR STREET",02-4440458,DENTAL,24.437701,54.414944
PEARLY SMILE DENTAL CENTER LLC,AUH,"PLATINUM,G PLUS,GOLD,SILVER,BRONZE",NEW AWQAF BUILDING KHALIDIYA STREET,02-6393677,DENTAL,24.491366,54.368437
PEARLY SMILE DENTAL CENTER LLC- BRANCH,AUH,"PLATINUM,G PLUS,GOLD,SILVER,BRONZE",KHALIFA CITY A MUNICIPALITY BLDG,02-5566520,DENTAL,24.491376,54.368416
GENTLE DENTAL & MEDICAL CARE CENTRE,AUH,"PLATINUM,G PLUS,GOLD,SILVER,BRONZE","VILLA # 6, JUNCTION OF DELMA & AL BATEEN STREET",02-6764642,DENTAL,24.448669,54.358244
HARLEY STREET DENTAL CENTER,AUH,"PLATINUM,G PLUS,GOLD","KING ABDUL AZIZ ST, AL BATEEN TR C6",02-4916885,DENTAL,24.47319,54.3192
DR. FAWZIEA KHALFAN MEDICAL CENTER - SOLE PROPRIETORSHIP L.L.C,AUH,"PLATINUM,G PLUS,GOLD,SILVER,BRONZE","OPPOSITE AL MAQTA PARK, AL MAQTA AREA",02-5588867,DENTAL,24.409069,54.502716
SPARKLE DENTAL BOUTIQUE LLC,AUH,"PLATINUM,G PLUS,GOLD,SILVER,BRONZE","FLAT 102, CBI BUILDING, CORNICHE ROAD",02-6583434,DENTAL,24.471528,54.339324
SPARKLE DENTAL BOUTIQUE L.L.C -BRANCH 1,AUH,"PLATINUM,G PLUS,GOLD,SILVER,BRONZE","VILLA NO.6, CASABLANCA RESIDENCE, 3RD ST. KHALIFA CITY A",02-5566605,DENTAL,24.440075,54.597132
BOULEVARD MEDICAL CENTRE,AUH,"PLATINUM,G PLUS,GOLD,SILVER,BRONZE","DEERFILEDS MALL, AL BAHIA",02-5850858,DENTAL,24.525464,54.670457
ARIZONA MEDICAL DENTAL CENTRE LLC,AUH,"PLATINUM,G PLUS,GOLD,SILVER,BRONZE","MUBARAK BIN MOHAMMED STREET,VILLA 433",02-6663234,DENTAL,24.465613,54.358341
AL FAROOQ MEDICAL & DENTAL CENTER L.L.C,AUH,"PLATINUM,G PLUS,GOLD,SILVER,BRONZE,BLUE",KHALIDIYA,02-6667399,DENTAL,24.475485,54.351082
CLINICA SMILE DENTAL CENTER LLC,AUH,"PLATINUM,G PLUS,GOLD,SILVER,BRONZE,BLUE",BANIYAS EAST 3 (NEAR MAFRAQ TRAFFIC DEPARTMENT & ETISALAT),02-4447147,DENTAL,24.18379,54.36204
JUMAN PEARLS DENTAL CLINIC L.L.C,AUH,"PLATINUM,G PLUS,GOLD,SILVER,BRONZE",NO. 7 HEIDELBERG BLDG. AL MUROOR RD.,02-4484647,DENTAL,24.460698,54.387062
SMILE FIRST DENTAL CENTER,AUH,"PLATINUM,G PLUS,GOLD,SILVER,BRONZE","M01-ARZANAH TOWER,SALAM ST. CORNER ELECTRA ST",02-6226672,DENTAL,24.493888,54.376716
BEAUTICA DENTAL CENTER SOLE PROPRIETORSHIP L.L.C,AUH,"PLATINUM,G PLUS,GOLD,SILVER,BRONZE","302, HARDEES BUILDING, NEXT TO KFC BUILDING , HAMDAN STREET.",02-4465599,DENTAL,24.492719,54.366857
GREEN APPLE DENTAL CENTER L.L.C.,AUH,"PLATINUM,G PLUS,GOLD,SILVER,BRONZE","MUROOR ROAD, AL NAHYAN CAMP, 1003 UNIVERSITY BLDG.",02-4415536,DENTAL,24.465085,54.384731
GREEN APPLE DENTAL CENTER L.L.C.- BRANCH 1,AUH,"PLATINUM,G PLUS,GOLD,SILVER,BRONZE","MADINA ZAYED, EAST 8, VILLA NO.1, PLOT NO.130, WESTERN REGION",02-8882900,DENTAL,24.465097,54.384766
SEWAK AL EMARAT DENTAL CENTER L.L.C,AUH,"PLATINUM,G PLUS,GOLD,SILVER,BRONZE","VILLA # 7 ,STREET 66 SHAKHBOOT CITY",02-5552011,DENTAL,24.21175,54.365
PALERMO DENTAL CENTRE L.L.C.,AUH,"PLATINUM,G PLUS,GOLD,SILVER,BRONZE","VILLA 12, PLOT 239, SECTOR 48 MURROR ROAD",02-6774000,DENTAL,24.429022,54.447112
SUPER DENTAL CENTER,AUH,"PLATINUM,G PLUS,GOLD,SILVER,BRONZE","NEAR AL AIN CLOCK TOWER, FINE TRAVEL BUILDING, BUILDING NO : 136, 2ND FLOOR, FLAT NO : 403, 404, AL",03-7646610,DENTAL,24.22067,55.760011
SAMA TABRIZI DENTISTRY L.L.C. - BRANCH,AUH,"PLATINUM,G PLUS,GOLD,SILVER,BRONZE",ZONE 1 MINISTRIES COMPLEX KHALIFA PARK 1ST1ST FLOOR UNIT 104. LANDMARKSAME BUILDING OF CUPITAL CAFE.,02-5833328,DENTAL,24.20911,55.688443
32 SMILES DENTAL CENTER L.L.C,AUH,"PLATINUM,G PLUS,GOLD,SILVER,BRONZE","AL NAHYAN CAMP, AL MEEL STREET PLAZA 30 COMPLEX, UNIT 82",02-4454666,DENTAL,24.471104,54.385725
JEIROUDI ORTHODONTIC CENTRE,AUH,"PLATINUM,G PLUS,GOLD,SILVER,BRONZE,BLUE","AMANAH TOWER (PATCHI BUILDING), NEXT TO AJMAN BANK,KHALIDIYAH ST.",02-6654990,DENTAL,24.471395,54.346317
EUROPEAN GERMAN MEDICAL CENTER,ALAIN,"PLATINUM,G PLUS,GOLD,SILVER,BRONZE",SOUK AREA,03-7667077,DENTAL,24.220726,55.75996
HIGH CLASS MEDICAL CENTER,ALAIN,"PLATINUM,G PLUS,GOLD,SILVER,BRONZE","AL SHALLAH STREET, AL KHIBEESI",03-7666167,DENTAL,24.223959,55.729418
RANA MEDICAL CENTRE,ALAIN,"PLATINUM,G PLUS,GOLD,SILVER,BRONZE",AL SHEIKH MUBARAK ROUNDABOUT,03-7636308,DENTAL,24.248031,55.735551
AL MANARA DENTAL CLINIC - LLC,ALAIN,"PLATINUM,G PLUS,GOLD,SILVER,BRONZE",SOUK AREA,03-7665441,DENTAL,24.225456,55.760072
DR. TABRIZI DENTAL CLINIC,ALAIN,"PLATINUM,G PLUS,GOLD,SILVER,BRONZE",SOUK AREA,03-7662133,DENTAL,24.226327,55.763758
UPDATE MEDICAL DENTAL POLYCLINIC UMDC,ALAIN,"PLATINUM,G PLUS,GOLD,SILVER,BRONZE","OUD AL TOUBA ,ALI BIN ABI TALIB ST.",03-7849906,DENTAL,24.224889,55.760855
CANADIAN DENTAL CLINIC,ALAIN,"PLATINUM,G PLUS,GOLD,SILVER,BRONZE",KHALIFA STREET,03-7666696,DENTAL,24.225603,55.761382
IDEAL MEDICAL CENTER L.L.C - AL AIN BR.,ALAIN,"PLATINUM,G PLUS,GOLD,SILVER,BRONZE",HAMDAN BIN ZAYED AL AWWAL ST,03-7626046,DENTAL,24.247786,55.733049
NEW SALAM CENTRE ORTHODODONTICS & DENTAL,ALAIN,"PLATINUM,G PLUS,GOLD,SILVER,BRONZE",KHALIFA STREET,03-7661907,DENTAL,24.224217,55.76305
MODERN AL SALAM ORTHODONTIC & DENTAL CENTER,ALAIN,"PLATINUM,G PLUS,GOLD,SILVER,BRONZE",OUD AL THOBA STREET,03-7641818,DENTAL,24.227767,55.75745
NEW AL SALAM CENTRE FOR ORTHODONTICS & DENTAL/BRANCH,ALAIN,"PLATINUM,G PLUS,GOLD,SILVER,BRONZE","GOLD SOUQ, MAIN STREET",03-7646510,DENTAL,24.221333,55.76765
AL AIN AL SALAM ORTHODONTIC CENTER,ALAIN,"PLATINUM,G PLUS,GOLD,SILVER,BRONZE",ABDULLA STORES GOLD SOUQ,03-7667030,DENTAL,24.221034,55.769143
AL MALAK AESTHETIC CENTER L.L.C,ALAIN,"PLATINUM,G PLUS,GOLD,SILVER,BRONZE",MAIN STREET,03-7655582,DENTAL,24.22413,55.729002
AL DIWAN DENTAL CENTER,ALAIN,"PLATINUM,G PLUS,GOLD,SILVER,BRONZE",KHALIFA STREET,03-7666045,DENTAL,24.224788,55.761022
NEW DENTAL CLINIC L.L.C,ALAIN,"PLATINUM,G PLUS,GOLD,SILVER,BRONZE",MAIN STREET,03-7510245,DENTAL,24.1316,55.768917
MONALISA DENTAL CENTER,ALAIN,"PLATINUM,G PLUS,GOLD,SILVER,BRONZE",OUT AL TOUBA,03-7510099,DENTAL,24.207526,55.744681
AL BAHRI DENTAL & ORTHODONTIC CENTER L.L.C,ALAIN,"PLATINUM,G PLUS,GOLD,SILVER,BRONZE","MAIN STREE, SHEIKH ZAYED RD.",03-7643273,DENTAL,24.22118,55.759142
AL HASSAN DENTAL CENTER,ALAIN,"PLATINUM,G PLUS,GOLD,SILVER,BRONZE",OUD AL TOBAH,03-7646241,DENTAL,24.207496,55.744725
AL ATTAR DENTAL CLINIC,ALAIN,"PLATINUM,G PLUS,GOLD,SILVER,BRONZE",SALH AL DIN AL AYOBI STREET,03-7650990,DENTAL,24.21995,55.776533
AL AIN OASIS DENTAL CLINIC - L L C,ALAIN,"PLATINUM,G PLUS,GOLD,SILVER,BRONZE","GOLD SOUK , NEAR TO CO-OP SOCIETY",03-7666103,DENTAL,24.220951,55.769476
SCOTTISH DENTAL CENTER-AL AIN,ALAIN,"PLATINUM,G PLUS,GOLD,SILVER,BRONZE","KHALIFA STREET, ALMAWIJI, 1ST FLOOR",03-7674888,DENTAL,24.199367,55.68575
CEDARS MEDICAL CENTER L.L.C,ALAIN,"PLATINUM,G PLUS,GOLD,SILVER,BRONZE","AL SAROOJ, HILTON ROAD, MURABBAA RD",03-7648989,DENTAL,24.21885,55.775667
BAYNUNAH DENTAL CLINIC,ALAIN,"PLATINUM,G PLUS,GOLD,SILVER,BRONZE","MAIN ST., BUILDING NO. 232",03-7517701,DENTAL,24.221807,55.768446
NATIONAL DENTAL CLINIC,ALAIN,"PLATINUM,G PLUS,GOLD,SILVER,BRONZE",NEAR AL AIN COOP SOCIETY,03-7654071,DENTAL,24.221281,55.768307
JULFAR DENTAL CLINIC,ALAIN,"PLATINUM,G PLUS,GOLD,SILVER,BRONZE","AUD-TOBAH  ST,AL REEM  BLDG 150",03-7514646,DENTAL,24.22745,55.76435
LULU AL EMIRATE DENTAL CLINIC,ALAIN,"PLATINUM,G PLUS,GOLD,SILVER,BRONZE","MAIN STREET, GOLD SOUQ, LEVEL M2",03-7800542,DENTAL,24.221934,55.768871
SAMA TABRIZI DENTISTRY L.L.C.,ALAIN,"PLATINUM,G PLUS,GOLD,SILVER,BRONZE",CLOSE TO DIWAN R/A AL MUWAIJI,03-7661178,DENTAL,24.209214,55.688571
BRILLIANT SMILE DENTAL CLINIC,ALAIN,"PLATINUM,G PLUS,GOLD,SILVER,BRONZE",AL JIMI,03-7378605,DENTAL,24.243894,55.72469
OAISS BRACES CENTER L.L.C. -BRANCH 1,ALAIN,"PLATINUM,G PLUS,GOLD,SILVER,BRONZE","AL MUTARED AREA,OPPOSITE TO ALAIN H",03-7631022,DENTAL,24.23286,55.734738
ONE EIGHTY MEDICAL CENTER,ALAIN,"PLATINUM,G PLUS,GOLD,SILVER,BRONZE","BLDG 138 ADIB WOMEN'S BANKING,",03-7640001,DENTAL,24.22721,55.744226
CORAL DENTAL CLINIC,ALAIN,"PLATINUM,G PLUS,GOLD,SILVER,BRONZE","OPPOSITE AL AIN CO.OP,TOWN CENTRE ,",03-7370047,DENTAL,24.239446,55.704686
IVORY DENTAL MEDICAL CENTER,ALAIN,"PLATINUM,G PLUS,GOLD,SILVER,BRONZE","118TH STREET, NEAR LIBRARY",03-7376339,DENTAL,24.226697,55.756748
AL KHATEEB MEDICAL CENTER,ALAIN,"PLATINUM,G PLUS,GOLD,SILVER,BRONZE","OUD AL TOUBA, ALI BIN ABI TALEB STREET, THIRD FLOOR, AL AIN",03-7645909,DENTAL,24.227383,55.76038
HAPPY SMILE DENTAL CLINIC,ALAIN,"PLATINUM,G PLUS,GOLD,SILVER,BRONZE","FLAT NO.1, M2, LUCKY PLAZZA BUILDING, MAINSTREET,",03-7800799,DENTAL,24.221665,55.772774
AL SHAM DENTAL CLINIC,ALAIN,"PLATINUM,G PLUS,GOLD,SILVER,BRONZE,BLUE","OUD TOBA NEAR BANK DUBAI ISLAMIC, AL AIN",03-7663050,DENTAL,24.227188,55.765256
EMIRATES DENTAL CLINIC L.L.C,ALAIN,"PLATINUM,G PLUS,GOLD,SILVER,BRONZE","MAIN STREET, ABOVE ARABIAN OUD,",03-7663690,DENTAL,24.221803,55.76852
AL AIN ADVANCED DENTAL CENTRE.,ALAIN,"PLATINUM,G PLUS,GOLD,SILVER,BRONZE",BLDG.240 SALAMI & ALI BIN SALEH BLDG. MAIN ROAD. OPPOSITE RASASI0,03-7662059,DENTAL,24.221589,55.769886
ALREHAB MEDICAL CENTER -SOLE PROPRIETORSHIPL.L.C (EXCLUDING MEDICAL SERVICES),ALAIN,"PLATINUM,G PLUS,GOLD,SILVER,BRONZE","ZAYED THE FIRST STREET, FALAJ HAZZA AREA, OPPOSITE AL AIN TRAFFIC DEPARTMENT",03-7624004,DENTAL,24.192888,55.730148
ORIS DENTAL CENTER LLC,ALAIN,"PLATINUM,G PLUS,GOLD,SILVER,BRONZE","AL AIN-OUD ALTOBA,NEAR FIRST GULF BANK,ARABIC TAILOR BULDING,2ND F",03-7370017,DENTAL,24.227614,55.758548
MATHUR DENTAL & ORTHODONTIC CLINIC,DXB,"PLATINUM,G PLUS,GOLD,SILVER,BRONZE",KHALEED BIN WALEED ROAD,04-3552371,DENTAL,25.255103,55.30282
AL MURAQABAT DENTAL CENTRE,DXB,"PLATINUM,G PLUS,GOLD,SILVER,BRONZE",MURAQABAT STREET,04-2662843,DENTAL,25.264248,55.329224
TOWER CLINIC FZ-LLC (1),DXB,"PLATINUM,G PLUS,GOLD","DUBAI HEALTHCARE CITY, IBN SINA 27",04-3622939,DENTAL,25.2325,55.322067
DR. JACK DENTAL CLINIC,DXB,"PLATINUM,G PLUS,GOLD,SILVER,BRONZE",BANIYAS COMPLEX,04-2277588,DENTAL,25.264646,55.31161
ROTANA DENTAL CLINIC,DXB,"PLATINUM,G PLUS,GOLD,SILVER,BRONZE",BANIYAS COMPLEX,04-2296333,DENTAL,25.26486,55.310255
NORTH CAROLINA DENTAL PRACTICE,DXB,"PLATINUM,G PLUS,GOLD,SILVER,BRONZE",HEALTHCARE CITY,04-3635328,DENTAL,25.232583,55.32625
QUALITY CARE DENTAL CENTER,DXB,"PLATINUM,G PLUS,GOLD,SILVER,BRONZE","SHEIKH MARAWAN BLDG,SHK ZAYED ST,",04-3454441,DENTAL,25.177182,55.245493
DR. EHAB'S DENTAL CLINIC,DXB,"PLATINUM,G PLUS,GOLD,SILVER,BRONZE","VILLA 181 B, AL WASL ROAD",04-3461546,DENTAL,25.234868,55.274164
CENTRAL POLY CLINIC PVT,DXB,"PLATINUM,G PLUS,GOLD",AL GHURAIR CITY,04-2280009,DENTAL,25.26893,55.318181
ORIS DENTAL CENTER,DXB,"PLATINUM,G PLUS,GOLD,SILVER,BRONZE",MIRDIFF,04-2847774,DENTAL,25.225208,55.423039
PEARL MEDICAL CLINIC,DXB,"PLATINUM,G PLUS,GOLD",DEIRA,04-2249481,DENTAL,25.268236,55.306977
DR. ABURAS DENTAL CENTER LLC,DXB,"PLATINUM,G PLUS,GOLD,SILVER,BRONZE",AL MAKTOUM STREET,04-2980089,DENTAL,25.263991,55.316298
ARWA DENTAL CLINIC,DXB,"PLATINUM,G PLUS,GOLD,SILVER,BRONZE",PORT SAEED - OPP CITY CENTRE,04-2955200,DENTAL,25.255656,55.330128
DOCTOR MOHANNAD DENTAL CLINIC LLC,DXB,"PLATINUM,G PLUS,GOLD,SILVER,BRONZE",FESTIVAL CITY,04-2899441,DENTAL,25.264459,55.311642
SHAMS AL ASSIL POLYCLINIC,DXB,"PLATINUM,G PLUS,GOLD",DEIRA CITY CENTRE,04-2955881,DENTAL,25.252891,55.334132
GHODOUSI MEDICAL CENTER,DXB,"PLATINUM,G PLUS,GOLD",DEIRA,04-2211191,DENTAL,25.268093,55.308123
SHAMS MOOPEN DENTAL CLINIC LLC,DXB,"PLATINUM,G PLUS,GOLD,SILVER,BRONZE","ZEN TOWER, DUBAI MARINA",04-3997522,DENTAL,25.06836,55.131301
GERMAN DENTAL OASIS FZ-LLC,DXB,"PLATINUM,G PLUS,GOLD,SILVER,BRONZE","AL RAZI BLDG 64 BLOCK C 2014,DHCC",04-3635367,DENTAL,25.234028,55.318324
32 SMILE STONES DENTAL CARE CENTER L.L.C,DXB,"PLATINUM,G PLUS,GOLD,SILVER,BRONZE","AL NAHDA, AL MURJAN TOWER, FLAT#403",04-2577211,DENTAL,25.297793,55.381972
THE DENTAL HOUSE CENTER (BR OF DOCTOR MOHANNAD DENTAL CLINIC L.L.C),DXB,"PLATINUM,G PLUS,GOLD,SILVER,BRONZE","BLDG OF HILAL BANK, #203,AL QUSAIF",04-2345777,DENTAL,25.264947,55.38387
DENTAL HEALTH CLINIC,DXB,"PLATINUM,G PLUS,GOLD,SILVER",IBN BATTUTA GATE LEVEL 4,04-4478928,DENTAL,25.040616,55.116439
SMILE SPA DENTAL CLINIC,DXB,"PLATINUM,G PLUS,GOLD,SILVER,BRONZE",NAD AL HAMAR,04-2362337,DENTAL,25.221394,55.350289
PARK DENTAL CENTER,DXB,"PLATINUM,G PLUS,GOLD,SILVER,BRONZE","FLAT 106, AL MARDOOF BLDG, AL SAFA",04-3466111,DENTAL,25.176398,55.244619
SPECIALIZED MEDICAL AND DENTAL CENTER,DXB,"PLATINUM,G PLUS,GOLD,SILVER",AL MINA STREET OPPOSITE UNION FLAG,04-3278111,DENTAL,25.241233,55.27215
LA PERLA DENTAL CLINIC DMCC,DXB,"PLATINUM,G PLUS,GOLD,SILVER,BRONZE",JUMEIRAH LAKES TOWERS (JLT),04-4321732,DENTAL,25.077475,55.151227
THE DENTAL STUDIO PLUS L.L.C,DXB,"PLATINUM,G PLUS,GOLD,SILVER,BRONZE",SUITE 102 1ST FLOOR CAYAN BUSINESS CENTER BARSHA HEIGHTS,04-3687070,DENTAL,25.224699,55.25762
AL SOHOOL ORTHODONTIC & DENTAL CENTRE,DXB,"PLATINUM,G PLUS,GOLD,SILVER,BRONZE","AL RIQQA ROAD, DEIRA",04-2273774,DENTAL,25.26455,55.322117
WESTERN ORTHODONTIC & DENTAL CENTER,DXB,"PLATINUM,G PLUS,GOLD,SILVER,BRONZE",NEAR IRANIAN HOSPITAL,04-3454565,DENTAL,25.233169,55.270033
ALDEHYAFA SPECIALIZED ORTHODONTIC & DENT,DXB,"PLATINUM,G PLUS,GOLD,SILVER,BRONZE","2ND FLR AL FARDAN BLDG, 2ND DEC. ST",04-3434342,DENTAL,25.192683,55.259783
INTERNATIONAL DENTAL CLINIC,DXB,"PLATINUM,G PLUS,GOLD,SILVER,BRONZE","SHEIKH ZAYED ST, ALHAWI TOWER",04-3433360,DENTAL,25.220854,55.255298
DR SAI GANESH MEDICAL CENTRE LLC,DXB,"PLATINUM,G PLUS,GOLD,SILVER","SAPPHIRE TOWER,DEIRA,",04-2560866,DENTAL,25.260753,55.332499
AMERICAN MEDICAL AND DENTAL CENTER FZ-,DXB,"PLATINUM,G PLUS,GOLD,SILVER,BRONZE","AL RAZI BLDG 64 CLINIC 1002,DHCC",04-3748428,DENTAL,25.233365,55.317885
ACHIRA CLINICS,DXB,"PLATINUM,G PLUS,GOLD,SILVER,BRONZE","AL RIQQA BUSINESS CENTRE,IBIS HOTEL",04-2238513,DENTAL,25.265029,55.321711
PERFECT SMILE ORTHODONTIC AND COSMETIC DENTAL CENTER L.L.C,DXB,"PLATINUM,G PLUS,GOLD,SILVER,BRONZE","JUMEIRAH 1, AL WASL ROAD VILLA G1,",04-3856100,DENTAL,25.215801,55.259787
LIFELONG POLYCLINIC,DXB,"PLATINUM,G PLUS,GOLD,SILVER,BRONZE","ST 51 ,VILLA 13,JUMEIRAH 1",04-3443999,DENTAL,25.222173,55.259269
DR. MANJULAS DENTAL CLINIC,DXB,"PLATINUM,G PLUS,GOLD,SILVER,BRONZE","FLAT 206 ,NAHDA BLDG ,BAGHDAD ST,",04-2636060,DENTAL,25.287666,55.369493
DR. PAUL DENTAL CLINIC,DXB,PLATINUM,"OFF 101,102,AL NASR PLAZA,OUD METHA",04-3575783,DENTAL,25.243442,55.313876
AL BADIYA DENTAL CLINIC,DXB,"PLATINUM,G PLUS,GOLD,SILVER,BRONZE","BIN SOUGHAT BLDG., NAD AL HAMR RD",04-2830777,DENTAL,25.270087,55.325587
SMILE DESIGN CLINIC,DXB,"PLATINUM,G PLUS,GOLD,SILVER,BRONZE",ZALFA BUILDING NEAR JUMAIRAH CREAK,04-2395776,DENTAL,25.243456,55.339796
AL MARIFFA MEDICAL CENTER,DXB,"PLATINUM,G PLUS,GOLD,SILVER,BRONZE",NEXT TO TOYOTA SHOWROOM - NEW PORT,04-2522132,DENTAL,25.25692,55.333341
ROYAL CROWN DENTAL CLINIC,DXB,"PLATINUM,G PLUS,GOLD,SILVER,BRONZE","ALGARHOUD , SHEIKH RASHID ROAD",04-2958077,DENTAL,25.248833,55.337663
BRIGHT SMILE DENTAL AND ORTHODONTIC CENTER L.L.C,DXB,"PLATINUM,G PLUS,GOLD,SILVER,BRONZE","AL WASL ROAD, JUMEIRAH ONE",04-3449675,DENTAL,25.213461,55.258827
ALSHAM DENTAL CLINIC,DXB,"PLATINUM,G PLUS,GOLD,SILVER,BRONZE",SH. RASHID ROAD AL GARHOUD AL ITHRA,04-2948900,DENTAL,25.240029,55.35029
HELLENIC DENTAL CLINIC L.L.C,DXB,"PLATINUM,G PLUS,GOLD,SILVER,BRONZE","AL WASL ROAD,JUMEIRAH 1, VILLA G4",04-3490422,DENTAL,25.21767,55.261249
AKEELA DENTAL CLINIC,DXB,"PLATINUM,G PLUS,GOLD,SILVER,BRONZE","JEBEL ALI , BUILDING NO7,GARDENS",04-4229009,DENTAL,25.045667,55.131562
MAHBOUBI POLY DENTAL CLINIC,DXB,"PLATINUM,G PLUS,GOLD","VILLA 176, JUMEIRAH 1 , ALWASL ROAD",04-3458686,DENTAL,25.237078,55.27128
SMILE FIXERS DENTAL CLINIC,DXB,"PLATINUM,G PLUS,GOLD,SILVER,BRONZE","SHOP NO.2, BUILDING NO. F16, CHINA",04-4217089,DENTAL,25.163571,55.414158
SHINE & SMILE DENTAL CLINIC L.L.C,DXB,"PLATINUM,G PLUS,GOLD,SILVER,BRONZE","70, ELITE BUSINESS CENTER AL BARSHA",04-2242100,DENTAL,25.11663,55.206066
SCOTTISH DENTAL CENTER,DXB,"PLATINUM,G PLUS,GOLD,SILVER,BRONZE","SAFA FIRST UM AL SHEIF RD, SHEIKH Z",04-3284888,DENTAL,25.165514,55.234457
NOA DENTAL CLINIC,DXB,"PLATINUM,G PLUS,GOLD,SILVER,BRONZE","UNIT 109, AL HANA CENTER, MANKHOOL",04-3987075,DENTAL,25.23692,55.28008
BISSAN DENTAL CENTER LLC,DXB,"PLATINUM,G PLUS,GOLD,SILVER,BRONZE","NEAR EMIRATES NBD, SPOTLIGHT RESTAU",04-3743388,DENTAL,25.099243,55.176968
DR. DINA PEDIATRIC DENTISTRY CLINIC,DXB,"PLATINUM,G PLUS,GOLD,SILVER,BRONZE","VILLA 248A, JUMEIRAH 1, WASL ROAD, OPPOSITE IRANIAN HOSPITAL",04-3440055,DENTAL,25.228163,55.26709
LEVANTINE DENTAL CLINIC,DXB,"PLATINUM,G PLUS,GOLD,SILVER,BRONZE,BLUE","SMJ 1 BLDG OFFICE 106, AL SAFA 1, SHEIKH ZAYED ROAD",04-3385677,DENTAL,25.17742,55.24569
DENTAMAX MEDICAL CENTER L.L.C,DXB,"PLATINUM,G PLUS,GOLD,SILVER,BRONZE",AL QUSAIS 3,04-2636717,DENTAL,25.267222,55.380093
M M I DENTAL CENTER,DXB,"PLATINUM,G PLUS,GOLD,SILVER,BRONZE","OFFICE 202, AL WADI BUILDING, SHEIK SHAYED ROAD",04-3467677,DENTAL,25.200433,55.266852
MY SMILE DENTAL CLINIC,DXB,"PLATINUM,G PLUS,GOLD,SILVER,BRONZE,BLUE","SAJAYA PLAZA, HESSA STREET, AL BARSHA 3",04-3940771,DENTAL,25.092867,55.187784
SAI GANESH MEDICAL CENTRE LLC,DXB,"PLATINUM,G PLUS,GOLD,SILVER,BRONZE","ABDULLA AL FAHEDI BUILDING,DAMASCUS STREET,AL QUSAIS",04-2500017,DENTAL,25.2731,55.3815
ROYAL DENTISTS DMCC,DXB,"PLATINUM,G PLUS,GOLD,SILVER,BRONZE","FORTUNE TOWER AL THANYAH FIFTH, JUMEIRA LAKES TOWERS",04-4229930,DENTAL,25.069,55.1388
MINT DENTAL CARE LLC,DXB,"PLATINUM,G PLUS,GOLD,SILVER,BRONZE","TAMEEM HOUSE, AL THANYAH FIRST STREET, BARSHA HEIGHTS",04-5135722,DENTAL,25.099642,55.177279
DUBAI LONDON CLINIC BR (DENTAL CENTER),DXB,"PLATINUM,G PLUS,GOLD",DUBAI LONDON HOSPITAL BUILDING,04-3782921,DENTAL,25.202724,55.2504
SMILE ESSENTIALS DENTAL CLINIC LLC,DXB,"PLATINUM,G PLUS,GOLD,SILVER,BRONZE","AL ATTAR SHOPPING MALL, NEXT TO KARAMA CENTER",04-2979464,DENTAL,25.24554,55.302239
DUBAI DENTAL HOSPITAL,DXB,PLATINUM,"BUILDING 34- 1ST FLOOR, DUBAI HEALTHCARE CITY",04-3838904,DENTAL,25.231136,55.323456
DR. MOHAMED IMAD OSSAILI DENTAL CLINIC,DXB,"PLATINUM,G PLUS,GOLD,SILVER,BRONZE,BLUE","AL MUSALLA STREET DR. EMAD BUILDING, HATTA",050-4556400,DENTAL,24.806169,56.125385
BLACK DIAMOND DENTAL CLINIC,DXB,"PLATINUM,G PLUS,GOLD,SILVER,BRONZE",DUBAI MEDIA CITY - ALSAFOUH 2 ST. O 2706FFICE,04-3993311,DENTAL,25.0979,55.1564
KINGS MEDICAL CENTER LLC,DXB,"PLATINUM,G PLUS,GOLD,SILVER,BRONZE","AL REQA METRO STATION,IBIS HOTEL, COMMERCIAL TOWER",04-2552020,DENTAL,25.265301,55.32102
ITALIAN DENTAL CLINIC FZ LLC,DXB,"PLATINUM,G PLUS,GOLD,SILVER,BRONZE",26TH STREET BUILDING 33 UNTI 1 GROUND FLOOR DUBAI HEALTHCARE CITY,04-4580040,DENTAL,25.231082,55.324267
VIENNA DENTAL CLINIC FZ LLC,DXB,"PLATINUM,G PLUS,GOLD,SILVER,BRONZE","SHATHA TOWER, OFFICE 1 MEZZANINE FLOOR, DUBAI MEDIA CITY, SHEIKH ZAYED ROAD",04-5897990,DENTAL,25.08939,55.153189
SAHARA DENTAL CLINIC AND ORTHODONTIC CENTRE LLC,DXB,"PLATINUM,G PLUS,GOLD,SILVER,BRONZE","JUMEIRAH,UMM SUQEIM-1",04-3804666,DENTAL,25.164763,55.223268
FATTAN DENTAL CLINIC LLC,DXB,"PLATINUM,G PLUS,GOLD,SILVER,BRONZE","3501 ASPIN COMMERCIAL TOWER, SHEIKH ZAYED ROAD,",04-3550236,DENTAL,25.208954,55.272631
DR SARA GENERAL DENTAL CLINIC LLC,DXB,"PLATINUM,G PLUS,GOLD,SILVER,BRONZE","111 NO, DEIRAH , AL MURAQQABAT ST, MALIK SALIM AL BAKHIT CENTRE",04-2232255,DENTAL,25.26426,55.330103
ARAKS DENTAL CLINIC DMCC,DXB,"PLATINUM,G PLUS,GOLD,SILVER,BRONZE","3205, EMIRATES HILLS FIRST, CLUSTER F, INDIGO ICON TOWER",04-5655134,DENTAL,25.072236,55.143168
CREATIVE SMILE DENTRAL SURGERY CLINIC LLC (BRANCH),DXB,"PLATINUM,G PLUS,GOLD,SILVER,BRONZE","210, COMPUTER PLAZA BUILDING/ AL AIN CENTER, NEXT TO AL FAHIDI METRO STATION",04-2523599,DENTAL,25.09641,55.170699
CREATIVE SMILE DENTAL SURGERY CLINIC LLC,DXB,"PLATINUM,G PLUS,GOLD,SILVER,BRONZE","M01, E BLOCK - FATIMA AL OWAIS BUILDING, AL RIGGA ROAD",04-2950023,DENTAL,25.264238,55.320398
VENEERS DENTAL CENTER LLC,DXB,"PLATINUM,G PLUS,GOLD,SILVER,BRONZE","PORT SAEED, CENTURION STAR TOWER, BLOCK A, OFFICE 1105 OPPOSITE DEIRA CITY CENTER",04-42545024,DENTAL,25.254669,55.328839
QUEENS DENTAL CENTER,DXB,"PLATINUM,G PLUS,GOLD,SILVER,BRONZE","20B STREET, GROUND FLOOR, HAMDAN JUMA BUILDING, AL KARAMA",04-3984445,DENTAL,25.237404,55.304144
REVIVE DENTAL CLINIC FZ LLC,DXB,"PLATINUM,G PLUS,GOLD,SILVER,BRONZE","IBN SINA BUILDING #27, BLOCK C, OFFICE #303, DUBAI HEALTHCARE CITY",04-2764269,DENTAL,25.229926,55.325412
APPOLONIA PEDIATRIC DENTAL CENTER L.L.C - DUBAI BRANCH,DXB,"PLATINUM,G PLUS,GOLD,SILVER","VILLA NO 3, BUILDING NAME-JUMAA OBAID AWADH ALRAWAS, AL WASL, JUMEIRA,",8007600,DENTAL,25.142464,55.206748
DR. ABURAS DENTAL CENTER LLC BRANCH,DXB,"PLATINUM,G PLUS,GOLD,SILVER,BRONZE","JUMEIRAH, AL WASL ROAD",04-3952131,DENTAL,25.158393,55.2192
AL DURAR DENTAL CENTER,SHJ,"PLATINUM,G PLUS,GOLD,SILVER,BRONZE",KING FAISAL STREET,06-5598228,DENTAL,25.335659,55.391295
AL SHAMIL MEDICAL CENTER LLC,SHJ,"PLATINUM,G PLUS,GOLD,SILVER,BRONZE",SAMMAN AREA,06-5663343,DENTAL,25.340235,55.428127
SOLANKI DENTAL CENTER,SHJ,"PLATINUM,G PLUS,GOLD,SILVER,BRONZE","AL FALAJ AREA , VILLA NO 3",06-5616556,DENTAL,25.354895,55.430412
GERMAN MEDICAL OASIS,SHJ,"PLATINUM,G PLUS,GOLD,SILVER,BRONZE","8TH FL,AL DURRAH TOWER,AL BUHAIRA",06-5565564,DENTAL,25.32335,55.38155
GERMAN PEARL DENTAL CLINIC,SHJ,"PLATINUM,G PLUS,GOLD,SILVER,BRONZE","AL BUHAIRA CORNICHE , MAJAZ",06-5755114,DENTAL,25.342717,55.385883
SUNNY DENTAL CENTRE L L C,SHJ,"PLATINUM,G PLUS,GOLD,SILVER,BRONZE,BLUE",BUHAIRA CORNICHE,06-5738300,DENTAL,25.338092,55.427768
DUSSELDORF DENTAL CLINIC LLC,SHJ,"PLATINUM,G PLUS,GOLD,SILVER,BRONZE",AL QASBAA STREET - AL MAJAZ,06-5255004,DENTAL,25.30772,55.460749
UNIVERSITY DENTAL HOSPITAL SHARJAH,SHJ,"PLATINUM,G PLUS,GOLD,SILVER,BRONZE","MUWEILAH AREA, UNIVERSITY CITY",06-5057661,DENTAL,25.298659,55.488421
AL HISAN MEDICAL CENTER,SHJ,"PLATINUM,G PLUS,GOLD,SILVER,BRONZE",DIBBA AL HISAN,09-2440954,DENTAL,25.618676,56.274123
NEW CANADIAN DENTAL CLINIC,SHJ,"PLATINUM,G PLUS,GOLD,SILVER,BRONZE","CORNICHE ST,ALMAJAZ PARK",06-5590809,DENTAL,25.323682,55.385516
AL DHAMAN MEDICAL CENTRE,SHJ,"PLATINUM,G PLUS,GOLD,SILVER,BRONZE",NEAR SNTTA,06-5686814,DENTAL,25.354037,55.384957
AL MALIKY DENTAL CLINIC,SHJ,"PLATINUM,G PLUS,GOLD,SILVER,BRONZE","WASIT ROAD, AL SHAHBA AREA",06-5388205,DENTAL,25.338887,55.428548
AL ABQARI DENTAL CLINIC,SHJ,"PLATINUM,G PLUS,GOLD,SILVER,BRONZE","AL FARDAN CENTRE,BUHAIRAH CORNICHE",06-5650690,DENTAL,25.323892,55.381854
AL ENAYA AND AL JAMAL MEDICAL CENTER,SHJ,"PLATINUM,G PLUS,GOLD,SILVER,BRONZE","1ST TOWER BLDG,AL KHAN ST,AL QASBA",06-5252700,DENTAL,25.323743,55.378495
AL IBTESAMAH AL JATHABA DENTAL CLINIC,SHJ,"PLATINUM,G PLUS,GOLD,SILVER,BRONZE","UNIVERSITY CITY,MUWAILEH,RAZI BLDG",55-8090158,DENTAL,25.298034,55.44595
AL IBTISAMAH AL MALAKIYAH BEAUTY & DENTAL CLINIC,SHJ,"PLATINUM,G PLUS,GOLD,SILVER,BRONZE",BUHAIRAH CHORNICH - AJMAN BANK BLDG,06-5563213,DENTAL,25.334153,55.37571
EWAN MEDICAL CENTER,SHJ,"PLATINUM,G PLUS,GOLD,SILVER,BRONZE","AL KHAN ST., OPPOSITE SAFEER MARKET",06-5774166,DENTAL,25.324996,55.376823
FARAH SPECIALIST MEDICAL CENTRE,SHJ,"PLATINUM,G PLUS,GOLD,SILVER,BRONZE","OPP.SHARJAH EXPO,AL SHAM TOWER",06-5544344,DENTAL,25.309043,55.371649
SCOTTISH DENTAL CENTER-SHARJAH,SHJ,"PLATINUM,G PLUS,GOLD,SILVER,BRONZE","BUHAIRA CORNICHE ROAD, AL MAJAZ",06-5737888,DENTAL,25.345031,55.386485
EUROPEAN DENTAL CENTER,SHJ,"PLATINUM,G PLUS,GOLD,SILVER,BRONZE",BUHAIRAH CORNICHE-BUHAIRA PLAZA TR,06-5529366,DENTAL,25.332984,55.389864
DR. NEMAT AL MOSSALAMY MEDICAL CENTER,SHJ,"PLATINUM,G PLUS,GOLD,SILVER,BRONZE","AL WHADA ST. OPP GOLD CENTER, MASAFI PHARMACY, 305",06-5721052,DENTAL,25.343082,55.404255
NEWYORK MEDICAL CENTRE,SHJ,"PLATINUM,G PLUS,GOLD,SILVER,BRONZE","401, CORNICHE PLAZA 1, BUHAIRA CORNICHE",06-5223887,DENTAL,25.340494,55.385959
FLORIDA DENTAL CLINIC,SHJ,"PLATINUM,G PLUS,GOLD,SILVER,BRONZE","FARAJ MUBARAK BLDNG OPPO, ARCADIA HOTEL, AL KHAN RD ,SUIT NO. 101",06-5562966,DENTAL,25.329314,55.373425
CHINCHU DENTAL CLINIC LLC,SHJ,"PLATINUM,G PLUS,GOLD,SILVER,BRONZE,BLUE","AL NADA TOWER, FLAT#702, UAE EXCHANGE BUILDING, OPPOSITE AL NAHDA PARK",06-5376668,DENTAL,25.3018,55.374515
BASMAT AL HAYAT DENTAL CENTER,SHJ,"PLATINUM,G PLUS,GOLD,SILVER,BRONZE,BLUE","BUHAIRA CORNICHE,BUHAIRA CORNICHE",06-5655336,DENTAL,25.336288,55.375653
CALIFORNIA DENTAL CLINIC,SHJ,"PLATINUM,G PLUS,GOLD,SILVER,BRONZE","ALMAJAZ, BUHAIRA CORNICHE ROAD, CRYSTAL PLAZA, BLOCK C, 10TH FLOOR, OFFICE 1003",06-5224422,DENTAL,25.344204,55.386058
UGARIT DENTAL CENTER LLC,SHJ,"PLATINUM,G PLUS,GOLD,SILVER,BRONZE","CORNICHE STREET, AL BUHAIRAH BUILDING 101",06-5335055,DENTAL,25.33774,55.38678
NEW BHATIA MEDICAL CENTRE,SHJ,"PLATINUM,G PLUS,GOLD,SILVER,BRONZE","904, GOLDEN TOWER,OPPOSITE MARBELLA RESORT, BUHAIRA CORNICHE, AL MAJAZ 1,",06-5242550,DENTAL,25.3415,55.3849
TEHRAN CLINIC,SHJ,"PLATINUM,G PLUS,GOLD,SILVER,BRONZE","RM. 206, BANK SADERAT IRAN BLDG., AL AROOBA ST, AL ROLLA",06-5683322,DENTAL,25.356751,55.387413
AL NAWRAS DENTAL CENTRE,SHJ,"PLATINUM,G PLUS,GOLD,SILVER,BRONZE,BLUE",AL-DHAID- FALAJULMUALLA ROAD,06-8826400,DENTAL,25.293057,55.881553
AFDHAL IBTISAMAH DENTAL CLINIC,SHJ,"PLATINUM,G PLUS,GOLD,SILVER,BRONZE,BLUE","BEHIND AL HABTOOR BUILDING, AL NUD, AL QASIMIA",06-5243338,DENTAL,25.340729,55.390566
CRYSTAL DENTAL CLINIC,SHJ,"PLATINUM,G PLUS,GOLD,SILVER,BRONZE",BUHAIRA CORNISH - CRYSTAL PLAZA - BLOCK C - FLAT 603,06-4375113,DENTAL,25.344652,55.386119
IBTISAMAT AL MASHAHER MEDICAL CENTER,SHJ,"PLATINUM,G PLUS,GOLD,SILVER,BRONZE","KHORFFAKAN, CORNICHE STREET, DANAT AL CORNICHE BUILDING, FIRST FLOOR, FLAT 103",09-2343322,DENTAL,25.357391,56.349339
AL LULUAH AL BAIDHAA DENTAL CLINIC,SHJ,"PLATINUM,G PLUS,GOLD,SILVER,BRONZE",AL MAJAZ 3 - AL MUROOJ,06-5377889,DENTAL,25.32209,55.38092
RASLAN MEDICAL CENTER,SHJ,"PLATINUM,G PLUS,GOLD,SILVER,BRONZE","1ST FLOOR, ARWANI TOWER, AL JAMAZ 2, JAMAL ABDUL NASSER ST",06-544 5534,DENTAL,25.317649,55.381436
AL SAAD DENTAL CLINIC LLC,SHJ,"PLATINUM,G PLUS,GOLD,SILVER,BRONZE","AL KHAN AREA , AL TAWUN STREET , AL SAAD TOWER 1",06-5277255,DENTAL,25.312477,55.375157
DABLAN DENTAL CLINIC,SHJ,"PLATINUM,G PLUS,GOLD,SILVER,BRONZE","JAMAL ABDUL NASSER STREET,AL WAHDA",06-5592930,DENTAL,25.31742,55.385307
DR.ZAKIR HUSSAIN DENTAL CLINIC LLC,SHJ,"PLATINUM,G PLUS,GOLD,SILVER,BRONZE","MAJAZ PEARL BLDG,AL MAJAZ, CHORNICE BUHAIRA AREA",06-5599211,DENTAL,25.328616,55.391677
REAYAHT AL JAMAL MEDICAL CENTER,SHJ,"PLATINUM,G PLUS,GOLD,SILVER,BRONZE,BLUE","BESIDE BURGER KING, OPPOSITE OF HOLIDAY INTERNATIONAL HOTEL.AL NAKHEEL TOWER,AL MAJAZ 1,BUHAIRA CORN",06-5620260,DENTAL,25.339342,55.38634
SALIM MEDICAL CENTER LLC.,SHJ,"PLATINUM,G PLUS,GOLD,SILVER,BRONZE","KHUZAM RD, VILLA 12",07-2267738,DENTAL,25.767154,55.929919
MARIAM DENTAL CENTER,AJM,"PLATINUM,G PLUS,GOLD,SILVER,BRONZE",ABDULLA AMEEN  BUILDING,06-7445696,DENTAL,25.404714,55.441211
MUSHEIRIF MEDICAL CENTRE AJMAN,AJM,"PLATINUM,G PLUS,GOLD,SILVER,BRONZE","SHEIK NASSER BLG,AL ITTIHAD STREET",06-7444920,DENTAL,25.405217,55.513643
DENT CARE MEDICAL CENTER,AJM,"PLATINUM,G PLUS,GOLD,SILVER,BRONZE","SHIEKH KHALIFA ROAD , ALANDALUS 2",06-7478910,DENTAL,25.3926,55.436079
AL JAMIAA MEDICAL CENTRE SPECIALIST LLC,AJM,"PLATINUM,G PLUS,GOLD,SILVER,BRONZE,BLUE","UNIVERSITY ST,BEFORE TRAFFIC POLICE",06-7480255,DENTAL,25.409497,55.509371
AL DURRA DENTAL CLINIC,AJM,"PLATINUM,G PLUS,GOLD,SILVER,BRONZE","LEWRA 2 AREA , LEWARA BUILDING BLOCK A 105",06-7313544,DENTAL,25.405342,55.447851
HALA DENTAL CLINIC,AJM,"PLATINUM,G PLUS,GOLD,SILVER,BRONZE","ITIHAD ST, AJMAN GATE TOWER 1008",06-5423494,DENTAL,25.376451,55.458781
BAN DENTAL CLINIC LLC,AJM,"PLATINUM,G PLUS,GOLD,SILVER,BRONZE,BLUE","MOWAIHAT 2, SHEIKH AMMAR STREET,AL SHAMMARI 1 BUILDING, OFFICE 206",050-1411904,DENTAL,25.380126,55.507159
AL ALMAS DENTAL CLINIC,AJM,"PLATINUM,G PLUS,GOLD,SILVER,BRONZE,BLUE","HORIZON TOWER, D-407.",56-2031575,DENTAL,25.394091,55.454305
AL WAFA DENTAL CLINIC LLC,RAK,"PLATINUM,G PLUS,GOLD,SILVER,BRONZE","AL NAEEM TOWER 3,1003,BIN DHAHER RD",07-2288286,DENTAL,25.790801,55.970951
AL HUDA DENTAL CLINIC,RAK,"PLATINUM,G PLUS,GOLD",UNION NATIONAL BANK BUILDING,07-2260240,DENTAL,25.799633,55.972583
AL LULU DENTAL CLINIC,RAK,"PLATINUM,G PLUS,GOLD,SILVER,BRONZE","ENI,NAKHEEL TOWER, OPPOSITE RAK MALL ,FLAT 601",07-2269091,DENTAL,25.800309,55.976232
RAK SMILE DENTAL CLINIC,RAK,"PLATINUM,G PLUS,GOLD,SILVER,BRONZE","AL MONTASER ST, AL NAKHEEL",07-2260804,DENTAL,25.794366,55.970167
JULPHAR IMPLANT AND COSMETIC DENTAL CENTER,RAK,"PLATINUM,G PLUS,GOLD,SILVER,BRONZE","JULPHAR TOWERS, OFFICE NO. 2711",07-2271999,DENTAL,25.791343,55.960566
RAK DENTAL CARE & IMPLANT CENTRE,RAK,"PLATINUM,G PLUS,GOLD,SILVER,BRONZE","304 NS TR, AL QASSIMI ST., CORNCHE",07-2330443,DENTAL,25.78363,55.94276
AL REEF MEDICAL & ORTHDONTIC CLINIC L.L.C BRANCH 1,RAK,"PLATINUM,G PLUS,GOLD,SILVER,BRONZE","MUNTASIR ROAD, AL NAKHEEL",07-2288383,DENTAL,25.48028,55.58274
BRIGHT DENTAL CENTRE,RAK,"PLATINUM,G PLUS,GOLD,SILVER,BRONZE",ALNAKEEL,07-2282228,DENTAL,25.772429,55.966994
JULPHAR IMPLANT AND COSMETIC DENTAL CENTER BRANCH 1,RAK,"PLATINUM,G PLUS,GOLD,SILVER,BRONZE","GG002 GOLF APARTMENT, AL HAMRA AL JAZEERA,",07-2227700,DENTAL,25.684418,55.782757
AL TAMAYIZ DENTAL CENTRE,RAK,"PLATINUM,G PLUS,GOLD,SILVER,BRONZE","NAKHEEL, DUBAI ISLAMIC BANK BUILDING, 3RD FLOOR, OFFICE -301",07-2339020,DENTAL,25.28819,55.36523
HOLLYWOOD SMILE FOR DENTISTRY,FUJ,"PLATINUM,G PLUS,GOLD,SILVER,BRONZE",HAMAD BIN ABDULLA STREET,09-2238811,DENTAL,25.121614,56.348933
ROYAL DENTAL CLINIC,FUJ,"PLATINUM,G PLUS,GOLD",HAMAD BIN ABDULLAH ROAD,09-2244112,DENTAL,25.599479,56.26944
CITY SPECIALIST DENTAL CENTRE,FUJ,"PLATINUM,G PLUS,GOLD,SILVER,BRONZE","HAMAD BIN ABDULLA,ISLAMIC BANK BLG",09-2244614,DENTAL,25.12145,56.3505
AL RAWAD ORTHODONTIC CENTER,FUJ,"PLATINUM,G PLUS,GOLD,SILVER,BRONZE",HAMAD BIN ABDULLA ST.,09-2223849,DENTAL,25.122292,56.342453
MAJESTY MEDICAL CENTER,FUJ,"PLATINUM,G PLUS,GOLD,SILVER,BRONZE",HAMAD BIN ABDULLA ST.,09-2227888,DENTAL,25.12176,56.3374
AL BALSAM DENTAL CENTER,FUJ,"PLATINUM,G PLUS,GOLD,SILVER,BRONZE","HAMAD BIN ABDULLAH STREET, EMIRATES ISLAMIC BANK BLDG. FLAT 205",09-2234455,DENTAL,25.121749,56.337653
DR. IBRAHIM MAHGOUB DENTAL CLINIC,FUJ,"PLATINUM,G PLUS,GOLD,SILVER,BRONZE",HAMAD BIN ABDULLA ST. AL AWADI OFFICE TOWER (FEWA) 810,09-2283087,DENTAL,25.122769,56.322717
DR. FADI ALSHAFEE DENTAL CLINIC LLC,FUJ,"PLATINUM,G PLUS,GOLD,SILVER,BRONZE","AL FASEEL STREET (OPP. FORMER HILTON HOTEL), NEXT TO V HOTEL",09-2223036,DENTAL,25.136203,56.351983
DR. YASSER SEIF DENTAL CLINIC,FUJ,"PLATINUM,G PLUS,GOLD,SILVER,BRONZE","FLAT M- 02 ,AL YASMEEN TOWER, HAMAD BIN ABDULLAH STREET,",09-2222321,DENTAL,25.121813,56.350225
DR. SAMEEH ZEEN DENTAL CLINIC LLC,FUJ,"PLATINUM,G PLUS,GOLD,SILVER,BRONZE",HAMAD BIN ABDULLAH ROAD - AMON BUILDING - M04,09-2229969,DENTAL,25.12143,56.34995
AL NOOR CLINIC,UMQ,"PLATINUM,G PLUS,GOLD,SILVER","NEAR TO LULU,AL JAMIA STREET",06-7646373,DENTAL,25.565067,55.553383
UAQ MEDICAL CENTRE,UMQ,"PLATINUM,G PLUS,GOLD,SILVER",AL HAMRA STREET,06-7665119,DENTAL,25.570917,55.5529
DR ASISH DENTAL CENTRE,UMQ,"PLATINUM,G PLUS,GOLD,SILVER,BRONZE","ABOVE MIAMI GYM,NEXT TO NATIONAL BA",06-7641993,DENTAL,25.520687,55.542181
HOLLYWOOD SMILE DENTAL CLINIC,UMQ,"PLATINUM,G PLUS,GOLD,SILVER,BRONZE",CHARITY BEHIND ETISALAT,06-7647777,DENTAL,25.57686,55.56224
DR.ANMAR DENTAL CENTER,UMQ,"PLATINUM,G PLUS,GOLD,SILVER,BRONZE","FLAT 207,ALANDALUS BUILDING, KING FAISAL ROAD, AL RAS AREA",06-5452542,DENTAL,25.568944,55.554856
INTERNATIONAL PHARMACY,AUH,"PLATINUM,G PLUS,GOLD,SILVER,BRONZE,BLUE,ASASI",KHALIFA STREET,02-6275601,PHARMACY,24.491917,54.359583
ARABIAN HOME HEALTH CARE PHARMACY L.L.C.,AUH,"PLATINUM,G PLUS,GOLD,SILVER,BRONZE,BLUE,ASASI",AIRPORT ROAD,02-6333062,PHARMACY,24.468417,54.36275
CITY PHARMACY COMPANY - W L L,AUH,"PLATINUM,G PLUS,GOLD,SILVER,BRONZE,BLUE,ASASI",HAMDAN STREET,02-6277730,PHARMACY,24.489783,54.362717
AL MANARA PHARMACY,AUH,"PLATINUM,G PLUS,GOLD,SILVER,BRONZE,BLUE,ASASI",kornich alkhaim,04-3232 813,PHARMACY,24.49132,54.360864
AL HANAN PHARMACY,AUH,"PLATINUM,G PLUS,GOLD,SILVER,BRONZE,BLUE,ASASI","AL NAHYAN CAMP,OPP MAWAQIF OFF",02-6443732,PHARMACY,24.493456,54.381106
AL QASER ALAINY PHARMACY,AUH,"PLATINUM,G PLUS,GOLD,SILVER,BRONZE,BLUE,ASASI","LIWA ST., NEAR HASSAN AHMED CENTRE",02-6268802,PHARMACY,24.491525,54.35731
FUTURE PHARMACY,AUH,"PLATINUM,G PLUS,GOLD,SILVER,BRONZE,BLUE,ASASI","TOURIST CLUB AREA,NEAR SEDAR BLDG",02-6740090,PHARMACY,24.502262,54.377509
AL MULLA PHARMACY,AUH,"PLATINUM,G PLUS,GOLD,SILVER,BRONZE,BLUE,ASASI","MURROR ROAD,NEAR SH.KHALIFA SCHOOL",02-4487740,PHARMACY,24.445675,54.403164
AL THURAYA PHARMACY,AUH,"PLATINUM,G PLUS,GOLD,SILVER,BRONZE,BLUE,ASASI",HAMDAN STREET,02-6427827,PHARMACY,24.480094,54.378416
MEDICINA PHARMACY - BRANCH 15,AUH,"PLATINUM,G PLUS,GOLD,SILVER,BRONZE,BLUE,ASASI","AIRPORT ROAD,NEAR UPS COURIER",02-6785127,PHARMACY,24.467717,54.37225
KHALID BIN ALWALEED PHARMACY,AUH,"PLATINUM,G PLUS,GOLD,SILVER,BRONZE,BLUE,ASASI",ZAYED THE 2ND STREET,02-6744661,PHARMACY,24.490683,54.3726
BASSEM PHARMACY LLC,AUH,"PLATINUM,G PLUS,GOLD,SILVER,BRONZE,BLUE,ASASI",DHAFRA STREET,02-4466468,PHARMACY,24.463806,54.382058
LARA PHARMACY LLC,AUH,"PLATINUM,G PLUS,GOLD,SILVER,BRONZE,BLUE,ASASI",HAMDAN STREET,02-6392282,PHARMACY,24.490617,54.367883
NEW AMAREETA PHARMACY,AUH,"PLATINUM,G PLUS,GOLD,SILVER,BRONZE,BLUE,ASASI",ZAYED THE 1ST STREET,02-6668500,PHARMACY,24.474033,54.348117
MODERN DAR AL SHIFA PHARMACY,AUH,"PLATINUM,G PLUS,GOLD,SILVER,BRONZE,BLUE,ASASI",TOURIST CLUB AREA,02-6446100,PHARMACY,24.495817,54.378867
SAAD PHARMACY,AUH,"PLATINUM,G PLUS,GOLD,SILVER,BRONZE,BLUE,ASASI",HAMDAN STREET,02-6277332,PHARMACY,24.492083,54.365933
ADD CARE PHARMACY L.L.C (FACILITY IS CLOSED TEMPORARILY TILL 29/02/2024),AUH,"PLATINUM,G PLUS,GOLD,SILVER,BRONZE,BLUE,ASASI","GROUND FLOOR, AL RAHA HOSP,NAJDA ST",02-6669073,PHARMACY,24.47535,54.351133
AL DAMAN PHARMACY LLC,AUH,"PLATINUM,G PLUS,GOLD,SILVER,BRONZE,BLUE,ASASI","KHALIFA STREET, NEAR AL NOOR HOSP",02-6320909,PHARMACY,24.489287,54.368649
DREAM PHARMACY LLC,AUH,"PLATINUM,G PLUS,GOLD,SILVER,BRONZE,BLUE,ASASI",ZAYED THE 1ST STREET,02-6214400,PHARMACY,24.477253,54.354482
IBN RUSHD PHARMACY LLC,AUH,"PLATINUM,G PLUS,GOLD,SILVER,BRONZE,BLUE,ASASI",HAZZA BIN ZAYED ST,02-4457727,PHARMACY,24.461767,54.37935
BABIL PHARMACY L.L.C,AUH,"PLATINUM,G PLUS,GOLD,SILVER,BRONZE,BLUE,ASASI","HAMDAN STREET,NEXT TO RED TAG BLDG",02-6349500,PHARMACY,24.491479,54.368156
LAND MARK PLAZA  PHARMACY,AUH,"PLATINUM,G PLUS,GOLD,SILVER,BRONZE,BLUE,ASASI",TOURIST CLUB,02-6729400,PHARMACY,24.498933,54.3758
AL HAKEEM LAND PHARMACY,AUH,"PLATINUM,G PLUS,GOLD,SILVER,BRONZE,BLUE,ASASI","STREET 16,OPP.KHALIDIYA GARDEN,",02-6669665,PHARMACY,24.469301,54.346833
BAGHDAD PHARMACY LLC,AUH,"PLATINUM,G PLUS,GOLD,SILVER,BRONZE,BLUE,ASASI","MUSSAFFAH ME12, NEXT TO MILLENIUM",02-5523040,PHARMACY,24.324237,54.534136
EL YAZIYA PHARMACY,AUH,"PLATINUM,G PLUS,GOLD,SILVER,BRONZE,BLUE,ASASI",MUROOR ROAD,02-4493700,PHARMACY,24.434034,54.435684
NEW AL SHAM PHARMACY -LLC,AUH,"PLATINUM,G PLUS,GOLD,SILVER,BRONZE,BLUE,ASASI",NAJDA STREET,02-6262080,PHARMACY,24.47945,54.365867
AL BATEEN PHARMACY,AUH,"PLATINUM,G PLUS,GOLD,SILVER,BRONZE,BLUE,ASASI","ELECTRA ST, NEAR ELDORADO CINEMA.",02-6766610,PHARMACY,24.492865,54.372517
NEW AL DAMAN PHARMACY L L C,AUH,"PLATINUM,G PLUS,GOLD,SILVER,BRONZE,BLUE,ASASI",HAMDAN STREET,02-6216700,PHARMACY,24.487967,54.362933
ABU SHARIA PHARMACY L.L.C,AUH,"PLATINUM,G PLUS,GOLD,SILVER,BRONZE,BLUE,ASASI",KHALIDIYA STREET,02-6674882,PHARMACY,24.46771,54.352597
AL ABEER PHARMACY L.L.C,AUH,"PLATINUM,G PLUS,GOLD,SILVER,BRONZE,BLUE,ASASI",NAJDA STREET,02-6336198,PHARMACY,24.489428,54.369999
OXFORD PHARMACY LLC,AUH,"PLATINUM,G PLUS,GOLD,SILVER,BRONZE,BLUE,ASASI",MUROOR ROAD,02-4489191,PHARMACY,24.439967,54.412267
AL TAHANI PHARMACY L.L.C.,AUH,"PLATINUM,G PLUS,GOLD,SILVER,BRONZE,BLUE,ASASI",AL FALAH STREET,02-6343438,PHARMACY,24.48065,54.371333
NEW LAND MARK PHARMACY,AUH,"PLATINUM,G PLUS,GOLD,SILVER,BRONZE,BLUE,ASASI","DALMA CENTRE, HAMDAN",02-6783777,PHARMACY,24.485967,54.3618
NEW DAR NOURI PHARMACY,AUH,"PLATINUM,G PLUS,GOLD,SILVER,BRONZE,BLUE,ASASI",KHALIDIYA ST,02-6341436,PHARMACY,24.477017,54.355733
TOP CARE PHARMACY,AUH,"PLATINUM,G PLUS,GOLD,SILVER,BRONZE,BLUE,ASASI",MUSSAFAH,02-5500625,PHARMACY,24.3407,54.48785
CARE PHARMACY,AUH,"PLATINUM,G PLUS,GOLD,SILVER,BRONZE,BLUE,ASASI",NAJDA STREET,02-6393955,PHARMACY,24.491533,54.3682
AL WAHDA PHARMACY LLC - BRANCH,AUH,"PLATINUM,G PLUS,GOLD,SILVER,BRONZE,BLUE,ASASI",KHALIFA CITY,02-5568269,PHARMACY,24.418077,54.578983
COUNTRY PHARMACY,AUH,"PLATINUM,G PLUS,GOLD,SILVER,BRONZE,BLUE,ASASI",TOURIST CLUB AREA,02-6441840,PHARMACY,24.495057,54.379121
MODERN DAR AL SHIFA PH. LLC-MUSSAFAH BR.,AUH,"PLATINUM,G PLUS,GOLD,SILVER,BRONZE,BLUE,ASASI",MUSSFAH,02-5557939,PHARMACY,24.346483,54.481467
AMERICAN CENTER PHARMACY,AUH,"PLATINUM,G PLUS,GOLD,SILVER,BRONZE,BLUE,ASASI",KHALIDIYA STREET,02-4433114,PHARMACY,24.461062,54.362309
AL NADA PHARMACY,AUH,"PLATINUM,G PLUS,GOLD,SILVER,BRONZE,BLUE,ASASI","MURROR ROAD, STREET 2, VILLA 24",02-6790789,PHARMACY,24.485235,54.35607
AL QADI ADVANCED PHARMACY,AUH,"PLATINUM,G PLUS,GOLD,SILVER,BRONZE,BLUE,ASASI","AL KHALEEJ ST,NEW AL MAHARABAH AREA",02-4439955,PHARMACY,24.441902,54.36869
COSME SURGE & EMIRATES HOSPITAL-PHARMACY,AUH,"PLATINUM,G PLUS,GOLD,SILVER,BRONZE,BLUE,ASASI",INTERSECTION OF DELMA AND KARAMA,02-4460065,PHARMACY,24.459507,54.3737
SANDS PHARMACY,AUH,"PLATINUM,G PLUS,GOLD,SILVER,BRONZE,BLUE,ASASI",FALAH STREET,02-6425688,PHARMACY,24.480283,54.372717
AL AMAL PHARMACY - SOLE PROPRIETORSHIP L.L.C,AUH,"PLATINUM,G PLUS,GOLD,SILVER,BRONZE,BLUE,ASASI","BANI YAS AREA, NEAR SULTAN BAKERY",50-3338963,PHARMACY,24.282553,54.647315
SMART PHARMACY - LLC,AUH,"PLATINUM,G PLUS,GOLD,SILVER,BRONZE,BLUE,ASASI",MOH'D BIN ZAYED CITY,02-5592460,PHARMACY,24.3278,54.5335
BURJEEL PHARMACY L.L.C- BRANCH 2,AUH,"PLATINUM,G PLUS,GOLD,SILVER,BRONZE,BLUE,ASASI",MAZYAD MALL,02-5534847,PHARMACY,24.373233,54.537833
BURJEEL PHARMACY L.L.C. BRANCH 7,AUH,"PLATINUM,G PLUS,GOLD,SILVER,BRONZE,BLUE,ASASI",AL WAHDA MALL,02-4437788,PHARMACY,24.470267,54.372717
KHYBER PHARMACY LLC,AUH,"PLATINUM,G PLUS,GOLD,SILVER,BRONZE,BLUE,ASASI",BANIYAS,02-5836800,PHARMACY,24.282517,54.647883
BANGASH PHARMACY LLC,AUH,"PLATINUM,G PLUS,GOLD,SILVER,BRONZE,BLUE,ASASI",BANIYAS EAST,02-5834217,PHARMACY,24.282494,54.648103
GHIYATHI PHARMACY,AUH,"PLATINUM,G PLUS,GOLD,SILVER,BRONZE,BLUE,ASASI","GHIYATHI, AL RUWAIS",02-8741797,PHARMACY,23.8428,52.809783
AL NAJAH PHARMACY,AUH,"PLATINUM,G PLUS,GOLD,SILVER,BRONZE,BLUE,ASASI","AL NUAIMI TOWER,MINA STREET",02-6744832,PHARMACY,24.501728,54.37344
AL AMIR PHARMACY,AUH,"PLATINUM,G PLUS,GOLD,SILVER,BRONZE,BLUE,ASASI","BEHIND LULU CENTRE,AL WATHBA ST,",02-5836707,PHARMACY,24.297533,54.637017
DANA MEDICAL CENTER PHARMACY,AUH,"PLATINUM,G PLUS,GOLD,SILVER,BRONZE,BLUE,ASASI",BANIYAS,02-6661551,PHARMACY,24.297467,54.63775
ALRAI PHARMACY,AUH,"PLATINUM,G PLUS,GOLD,SILVER,BRONZE,BLUE,ASASI","BEHIND SUZUKI SHOWROOM,SALAAM ST.",02-6508661,PHARMACY,24.52875,54.37027
AL RIYADH PHARMACY L.L.C,AUH,"PLATINUM,G PLUS,GOLD,SILVER,BRONZE,BLUE,ASASI",AL SHAWAMEK AREA,02-5829930,PHARMACY,24.327967,54.644367
NEW NATIONAL MEDICAL CENTRE PHARMACY,AUH,"PLATINUM,G PLUS,GOLD,SILVER,BRONZE,BLUE,ASASI",MUSAFFAH,02-5520110,PHARMACY,24.490033,54.373067
CORNICHE HOSPITAL PHARMACY,AUH,"PLATINUM,G PLUS,GOLD,SILVER,BRONZE,BLUE,ASASI",CORNICHE HOSPITAL,02-6724900,PHARMACY,24.501391,54.369795
ALDHAFRA FAMILY MEDICINE CENTER PHARMACY,AUH,"PLATINUM,G PLUS,GOLD,SILVER,BRONZE,BLUE,ASASI","AL GHARBIA,",02-8822204,PHARMACY,23.640838,53.707858
GAYATHY HOSPITAL  PHARMACY,AUH,"PLATINUM,G PLUS,GOLD,SILVER,BRONZE,BLUE,ASASI",GHIATHY,02-8721555,PHARMACY,23.843454,52.808374
DELMA HOSPITAL PHARMACY,AUH,"PLATINUM,G PLUS,GOLD,SILVER,BRONZE,BLUE,ASASI",DELMA STREET,02-8839140,PHARMACY,24.468974,54.383609
MARFA HOSPITAL PHARMACY,AUH,"PLATINUM,G PLUS,GOLD,SILVER,BRONZE,BLUE,ASASI",MARFA,02-8741666,PHARMACY,24.085383,53.49815
LIWA HOSPITAL PHARMACY,AUH,"PLATINUM,G PLUS,GOLD,SILVER,BRONZE,BLUE,ASASI",LIWA,02-8835000,PHARMACY,23.147283,53.807417
MADINAT ZAYED HOSPITAL PHARMACY,AUH,"PLATINUM,G PLUS,GOLD,SILVER,BRONZE,BLUE,ASASI",MADINAT ZAYED,02-8071430,PHARMACY,24.483617,54.361033
SILA HOSPITAL PHARMACY,AUH,"PLATINUM,G PLUS,GOLD,SILVER,BRONZE,BLUE,ASASI",GOLD SOUK,02-8844444,PHARMACY,24.0688,51.762017
BEHAVIORAL SCIENCE PAVILION OP  PHARMACY,AUH,"PLATINUM,G PLUS,GOLD,SILVER,BRONZE,BLUE,ASASI",KARAMA STREET,02-8192678,PHARMACY,24.472478,54.364615
SHEIKH KHALIFA MC PHARMACY- DIABETIC,AUH,"PLATINUM,G PLUS,GOLD,SILVER,BRONZE,BLUE,ASASI",AIRPORT ROAD,02-8194065,PHARMACY,24.469683,54.366583
ALBATEEN FAMILY MEDICINE CLINIC PHARMACY,AUH,"PLATINUM,G PLUS,GOLD,SILVER,BRONZE,BLUE,ASASI",AL MANHAL STREET (9TH),02-8191339,PHARMACY,24.460486,54.341489
SHEIKH KHALIFA MEDICAL CITY PHARMACY - OUTPATIENT,AUH,"PLATINUM,G PLUS,GOLD,SILVER,BRONZE,BLUE,ASASI","KARAMA STREET, ABU DHABI CITY,",02-4170209,PHARMACY,24.469881,54.363636
SHEIKH KHALIFA MEDICAL CITY ER PHARMACY,AUH,"PLATINUM,G PLUS,GOLD,SILVER,BRONZE,BLUE,ASASI",KARAMA STREET,02-8192806,PHARMACY,24.469683,54.366583
AL ROWDA FAMILY MEDICINE CLINIC PHARMACY,AUH,"PLATINUM,G PLUS,GOLD,SILVER,BRONZE,BLUE,ASASI",DELAM STREET,02-8191166,PHARMACY,24.462744,54.367813
AL ZAFARANAH FAMILY MEDICINE CLINIC PHAR,AUH,"PLATINUM,G PLUS,GOLD,SILVER,BRONZE,BLUE,ASASI",KARAMA STREET,02-8191108,PHARMACY,24.434989,54.433938
AL MAQTAA  HEALTHCARE CENTER PHARMACY,AUH,"PLATINUM,G PLUS,GOLD,SILVER,BRONZE,BLUE,ASASI","BAIN AL JISREEN,MAFRAQ",02-5584611,PHARMACY,24.402111,54.504582
KHALIFA A HEALTH CENTER PHARMACY,AUH,"PLATINUM,G PLUS,GOLD,SILVER,BRONZE,BLUE,ASASI",KHALIFA A,02-5561695,PHARMACY,24.427733,54.565
AL BAHYA HEALTHCARE CENTER PHARMACY,AUH,"PLATINUM,G PLUS,GOLD,SILVER,BRONZE,BLUE,ASASI",SHAHAMA,02-5632599,PHARMACY,24.29755,54.637667
SAMHA HEALTH CENTER PHARMACY,AUH,"PLATINUM,G PLUS,GOLD,SILVER,BRONZE,BLUE,ASASI",AL SAMHA AREA,02-5620048,PHARMACY,24.665233,54.77275
AL RAHBA HOSPITAL PHARMACY - OUTPATIENT,AUH,"PLATINUM,G PLUS,GOLD,SILVER,BRONZE,BLUE,ASASI","SHAHAMA, AL RAHBA.",02-5064444,PHARMACY,24.572655,54.694667
BANIYAS HEALTH CENTER PHARMACY,AUH,"PLATINUM,G PLUS,GOLD,SILVER,BRONZE,BLUE,ASASI",BANIYAS EAST,02-5835599,PHARMACY,24.293799,54.657931
AL KHAZNA HEALTH CENTER PHARMACY,AUH,"PLATINUM,G PLUS,GOLD,SILVER,BRONZE,BLUE,ASASI","E22, AL AIN HIGH WAY,AL KHATIM,",02-5661350,PHARMACY,24.17085,55.113933
AL SHAM PHARMACY - LLC,AUH,"PLATINUM,G PLUS,GOLD,SILVER,BRONZE,BLUE,ASASI",MADINAT ZAYED STREET,02-6318929,PHARMACY,24.479462,54.365876
ASTER PHARMACY LLC,AUH,"PLATINUM,G PLUS,GOLD,SILVER,BRONZE,BLUE,ASASI","SAFEERMALL, MUSSAFAH",02-5529395,PHARMACY,24.342883,54.530217
BURJEEL PHARMACY L.L.C- BRANCH 4,AUH,"PLATINUM,G PLUS,GOLD,SILVER,BRONZE,BLUE,ASASI",MUSHRIF MALL,02-4470407,PHARMACY,24.434283,54.4126
ADVANCE CURE PHARMACY,AUH,"PLATINUM,G PLUS,GOLD,SILVER,BRONZE,BLUE,ASASI","NEAR AL BATEEN MALL, AL BATEEN AREA",02-4100934,PHARMACY,24.460554,54.380408
BURJEEL PHARMACY LLC-BRANCH 8,AUH,"PLATINUM,G PLUS,GOLD,SILVER,BRONZE,BLUE,ASASI",MADINAT ZAYED SHOPPING CENTER NEAR LULU HYPER MARKET,02-6588918,PHARMACY,24.483367,54.365483
BURJEEL HOSPITAL PHARMACY LLC,AUH,"PLATINUM,G PLUS,GOLD,SILVER,BRONZE,BLUE,ASASI",NAJDA STREET,02-2222332,PHARMACY,24.479208,54.381111
AL SENAEYA PHARMACY,AUH,"PLATINUM,G PLUS,GOLD,SILVER,BRONZE,BLUE,ASASI","BUILDING NO.268, MAIN STREET, TOWN CENTER, CENTRAL DISTRICT, NEAR AL ANSARI EXCHANGE, AL AIN",03-7657105,PHARMACY,24.220615,55.773293
TARGET PHARMACY,AUH,"PLATINUM,G PLUS,GOLD,SILVER,BRONZE,BLUE,ASASI",UMM AL NAR,02-5585133,PHARMACY,24.40755,54.504917
TABARAK PHARMACY,AUH,"PLATINUM,G PLUS,GOLD,SILVER,BRONZE,BLUE,ASASI",SHAHAMA,02-5632596,PHARMACY,24.318451,54.538903
TABARAK NEW PHARMACY,AUH,"PLATINUM,G PLUS,GOLD,SILVER,BRONZE,BLUE,ASASI",AL SHAHAMA,02-5633588,PHARMACY,24.318451,54.538903
HARLEY STREET PHARMACY LLC,AUH,"PLATINUM,G PLUS,GOLD,SILVER,BRONZE,BLUE,ASASI","MARINA VILLAGE , VILLA A20,21,22",02-6133803,PHARMACY,24.473567,54.319017
HEALTH FIRST PHARMACY - BRANCH 10,AUH,"PLATINUM,G PLUS,GOLD,SILVER,BRONZE,BLUE,ASASI","MUSSAFAH , SECTOR 15A",02-5549055,PHARMACY,24.338383,54.46255
LA ROCHE PHARMACY,AUH,"PLATINUM,G PLUS,GOLD,SILVER,BRONZE,BLUE,ASASI",TOURIST CLUB AREA,02-6455899,PHARMACY,24.496,54.381167
MEDICINA PHARAMCY BRANCH 13,AUH,"PLATINUM,G PLUS,GOLD,SILVER,BRONZE,BLUE,ASASI",AIRPORT ROAD,02-4419287,PHARMACY,24.468267,54.371667
STANDARD PHARMACY,AUH,"PLATINUM,G PLUS,GOLD,SILVER,BRONZE,BLUE,ASASI","MUSSAFFAH -37,SANAIYYA, BEHIND THE",02-5513394,PHARMACY,24.3518,54.497
ALIYA PHARMACY LLC,AUH,"PLATINUM,G PLUS,GOLD,SILVER,BRONZE,BLUE,ASASI",ELECTRA ST BEHIND CASSTLE HOTEL APT,02-6391232,PHARMACY,24.485403,54.360881
SKY COMMUNITY PHARMACY,AUH,"PLATINUM,G PLUS,GOLD,SILVER,BRONZE,BLUE,ASASI","SUN&SKY TOWER MALL, AL REEM ISLAND",02-6760880,PHARMACY,24.495833,54.407504
KHALIDIYA LULU PHARMACY-LLC,AUH,"PLATINUM,G PLUS,GOLD,SILVER,BRONZE,BLUE,ASASI",KHALIDIYAH MALL,02-6354440,PHARMACY,24.469867,54.351933
MARINA PHARMACY ALCORNICHE,AUH,"PLATINUM,G PLUS,GOLD,SILVER,BRONZE,BLUE,ASASI",HAMDAN BIN MOHAMMED ST,02-6399554,PHARMACY,24.489567,54.355517
AL ANQOOD PHARMACY,AUH,"PLATINUM,G PLUS,GOLD,SILVER,BRONZE,BLUE,ASASI","WESTERN REGION, MADINAT ZAYED",02-8845355,PHARMACY,23.650735,53.706137
RAINBOW CITY PHARMACY L.L.C.,AUH,"PLATINUM,G PLUS,GOLD,SILVER,BRONZE,BLUE,ASASI",MUSAFFAH-M4,02-5542322,PHARMACY,24.366333,54.518183
AL MANARA PHARMACY - KHALIFA CITY,AUH,"PLATINUM,G PLUS,GOLD,SILVER,BRONZE,BLUE,ASASI","KHALIFA CITY A,NEAR ONE STOP CENTRE",02-5562979,PHARMACY,24.400436,54.575394
AL DHANNAH HOSPITAL PHARMACY,AUH,"PLATINUM,G PLUS,GOLD,SILVER,BRONZE,BLUE,ASASI",WESTERN REGION,02-6020683,PHARMACY,24.1019,52.736267
BURJEEL PHARMACY L.L.C - BRANCH 11,AUH,"PLATINUM,G PLUS,GOLD,SILVER,BRONZE,BLUE,ASASI",KHALIFA CITY A,02-5562421,PHARMACY,24.42085,54.565517
BIN SINA AL KHALIDIYA PHARMACY,AUH,"PLATINUM,G PLUS,GOLD,SILVER,BRONZE,BLUE,ASASI",ZAYED 1ST STREE.AL AHLIA TOWER BLDG,02-6395246,PHARMACY,24.472819,54.346409
BURJEEL PHARMACY L.L.C. BRANCH 5,AUH,"PLATINUM,G PLUS,GOLD,SILVER,BRONZE,BLUE,ASASI","Y TOWER , AL NAHYAN CAMP AREA",02-6438330,PHARMACY,24.465333,54.38665
BURJEEL PHARMACY L.L.C. BRANCH 6,AUH,"PLATINUM,G PLUS,GOLD,SILVER,BRONZE,BLUE,ASASI",AL WEHDA MALL EXT. AL WEHDA STREET,02-4918787,PHARMACY,24.469967,54.371483
BURJEEL PHARMACY L.L.C.- BRANCH 3,AUH,"PLATINUM,G PLUS,GOLD,SILVER,BRONZE,BLUE,ASASI","EMPOST BUILDING, KHALIFA CITY A",02-5567933,PHARMACY,24.406467,54.5691
AL MANARA GLOBAL PHARMACY,AUH,"PLATINUM,G PLUS,GOLD,SILVER,BRONZE,BLUE,ASASI","MINA CENTER, MINA COOP, MINA AREA",02-6734777,PHARMACY,24.469709,54.342509
AL MANARA INTERNATIONAL PHARMACY L.LC-O.P.C,AUH,"PLATINUM,G PLUS,GOLD,SILVER,BRONZE,BLUE,ASASI","TOWER B,C66,MUROOR STREET,AL NAHYAN",02-6814644,PHARMACY,24.491142,54.360897
HAMEEM PHARMACY,AUH,"PLATINUM,G PLUS,GOLD,SILVER,BRONZE,BLUE,ASASI",SANAYYA:M14:MUSSAFAH,02-5535544,PHARMACY,24.490923,54.374897
HEALTH PLUS PHARMACY LLC,AUH,"PLATINUM,G PLUS,GOLD,SILVER,BRONZE,BLUE,ASASI","32ND ST, SHEIKH MUSALLAM VILLA 2,AL",02-6655422,PHARMACY,24.445383,54.361333
FIRST MEDICAL CENTRE PHARMACY LLC,AUH,"PLATINUM,G PLUS,GOLD,SILVER,BRONZE,BLUE,ASASI",AL KHALEEJ AL ARABI 30TH STREET,02-6666992,PHARMACY,24.46397,54.347023
BAREEN PHARMACY,AUH,"PLATINUM,G PLUS,GOLD,SILVER,BRONZE,BLUE,ASASI","MOHAMED BIN ZAYED CITY,",02-5545554,PHARMACY,24.3391,54.5545
ADVANCED CARE PHARMACY L.L.C.,AUH,"PLATINUM,G PLUS,GOLD,SILVER,BRONZE,BLUE,ASASI",AIRPORT ROAD,02-6336231,PHARMACY,24.471097,54.369156
JUNAID PHARMACY,AUH,"PLATINUM,G PLUS,GOLD,SILVER,BRONZE,BLUE,ASASI","LIWA, WESTERN REGION",02-8822844,PHARMACY,23.132717,53.799367
JUNAID PHARMACY BRANCH 1,AUH,"PLATINUM,G PLUS,GOLD,SILVER,BRONZE,BLUE,ASASI","MUSAFFAH SHABIYA KHALIFA SECTOR 10,",02-5529944,PHARMACY,24.337393,54.534753
HEALTH FIRST PHARMACY,AUH,"PLATINUM,G PLUS,GOLD,SILVER,BRONZE,BLUE,ASASI","CORNICHE,SHOP NO :4 -2A,GROUND FLOOR, AL MAJAZ 2, BUHAIRAH CORNICHE",,PHARMACY,24.537699,54.425255
MEDICINA INTERNATIONAL PHARMACY,AUH,"PLATINUM,G PLUS,GOLD,SILVER,BRONZE,BLUE,ASASI","GUNA HAMED AL ZAHABBI, MURROR RAOD",02-4496744,PHARMACY,24.434316,54.43283
MEDICINA GULF PHARMACY,AUH,"PLATINUM,G PLUS,GOLD,SILVER,BRONZE,BLUE,ASASI","SHOP NO-6, NASSER AH.BLG,MUROOR ST",02-4483454,PHARMACY,24.438738,54.415142
SMART HEALTH PHARMACY,AUH,"PLATINUM,G PLUS,GOLD,SILVER,BRONZE,BLUE,ASASI",AL MAFRAQ BANIYAS,02-5859567,PHARMACY,24.310265,54.606502
HEALTH LINE  PHARMACY,AUH,"PLATINUM,G PLUS,GOLD,SILVER,BRONZE,BLUE,ASASI","BANIYAS EAST 11 , VILLA 121",02-5668600,PHARMACY,24.308685,54.646596
VENUS PHARMACY,AUH,"PLATINUM,G PLUS,GOLD,SILVER,BRONZE,BLUE,ASASI","MOHAMED BIN ZAIED CITY, M9,MUSAFFAH",02-5526629,PHARMACY,24.379343,54.50575
APOLLO PHARMACY LLC,AUH,"PLATINUM,G PLUS,GOLD,SILVER,BRONZE,BLUE,ASASI","PLOT C-128,HAMDAN ST,",02-6344747,PHARMACY,24.489721,54.364102
AL SHAMKHA HEALTHCARE CENTER PHARMACY,AUH,"PLATINUM,G PLUS,GOLD,SILVER,BRONZE,BLUE,ASASI","NEAR BANIYAS FARMS,SHAMKHA AREA,",02-8116651,PHARMACY,24.382658,54.708345
LIFE CARE INTERNATIONAL PHARMACY LLC -BR,AUH,"PLATINUM,G PLUS,GOLD,SILVER,BRONZE,BLUE,ASASI","NEAR VILLAGE MALL,BEHIND ADNOC PUMP",02-5557747,PHARMACY,24.360793,54.52104
HEALTH PLUS PHARMACY LLC BRANCH 1,AUH,"PLATINUM,G PLUS,GOLD,SILVER,BRONZE,BLUE,ASASI",KARAMA STREET,02-4434450,PHARMACY,24.44545,54.361327
LOTUS PHARMACY LLC,AUH,"PLATINUM,G PLUS,GOLD,SILVER,BRONZE,BLUE,ASASI","PRESTIGE TOWER, NEAR CAPITAL MALL,",02-5552325,PHARMACY,24.374805,54.531424
LLH PHARMACY L.L.C,AUH,"PLATINUM,G PLUS,GOLD,SILVER,BRONZE,BLUE,ASASI","MARINA PLAZA,MUROOR ROAD",02-6263080,PHARMACY,24.466667,54.366666
VISAGE PHARMACY L L C,AUH,"PLATINUM,G PLUS,GOLD,SILVER,BRONZE,BLUE,ASASI","HANA TOWER,CORNICHE,KHALIDIYA",02-6815082,PHARMACY,24.471463,54.3398
BIN SINA PARAGON MALL PHARMACY,AUH,"PLATINUM,G PLUS,GOLD,SILVER,BRONZE,BLUE,ASASI",REEM ISLAND,02-6585203,PHARMACY,24.490343,54.393007
AL SILA PHARMACY,AUH,"PLATINUM,G PLUS,GOLD,SILVER,BRONZE,BLUE,ASASI","AL NASHEMI BLDG,NEAR UAE EXCHANGE",02-8722087,PHARMACY,24.070595,51.763768
MEDICAL SERVICES ADMIN OF ABU DHABI POLI,AUH,"PLATINUM,G PLUS,GOLD,SILVER,BRONZE,BLUE,ASASI",AL MUROOR ROAD POLICE ACADEMY AREA,02-5128001,PHARMACY,24.43863,54.424635
CORNICHE HOSPITAL PHARMACY-OUTPATIENT,AUH,"PLATINUM,G PLUS,GOLD,SILVER,BRONZE,BLUE,ASASI",NEXT TO SHERATON HOTEL,02-6724900,PHARMACY,24.501405,54.36973
BURJEEL PHARMACY LLC,AUH,"PLATINUM,G PLUS,GOLD,SILVER,BRONZE,BLUE,ASASI","BURJEEL MEDICAL CENTRE,BAHIA",02-5821555,PHARMACY,24.47925,54.380851
BAIN AL QASRAIN PHARMACY,AUH,"PLATINUM,G PLUS,GOLD,SILVER,BRONZE,BLUE,ASASI","ADNEC EXHIBITION CENTRE, AL JAZEERA",02-4469300,PHARMACY,24.405991,54.504574
AL AHLIA NATIONAL PHARMACY LLC,AUH,"PLATINUM,G PLUS,GOLD,SILVER,BRONZE,BLUE,ASASI","M-24, MUSAFFAH",02-8119119,PHARMACY,24.382578,54.498261
BRIGHT POINT PHARMACY LLC,AUH,"PLATINUM,G PLUS,GOLD,SILVER,BRONZE,BLUE,ASASI",AL JAZIRA SPORTS & CULTURE CLUB E22,02-5558825,PHARMACY,24.452462,54.3936
AL ASAALA PHARMACY L L C,AUH,"PLATINUM,G PLUS,GOLD,SILVER,BRONZE,BLUE,ASASI",MUSSAFAH EAST 9  MOHAMMAD BIN ZAYED,02-5595400,PHARMACY,24.344802,54.532493
MEDICINA AL MUNEERA PHARMACY,AUH,"PLATINUM,G PLUS,GOLD,SILVER,BRONZE,BLUE,ASASI",AL RAHA ST - AL RAHAH,02-5513004,PHARMACY,24.452112,54.604501
SUPER CARE AL SALAM PHARMACY,AUH,"PLATINUM,G PLUS,GOLD,SILVER,BRONZE,BLUE,ASASI","SHAABIYA 12, BEHIND JOTUN PAINTS",02-5528119,PHARMACY,24.318932,54.538204
AL MANARA AL BAHIA PHARMACY,AUH,"PLATINUM,G PLUS,GOLD,SILVER,BRONZE,BLUE,ASASI","DEERFIELD,AL BAHIA",02-5635059,PHARMACY,24.523873,54.6716
SAHARA PHARMACY LLC,AUH,"PLATINUM,G PLUS,GOLD,SILVER,BRONZE,BLUE,ASASI",MUSAFFAH M44,02-5556392,PHARMACY,25.271657,55.380962
KINGS CLINICS PHARMACY LLC,AUH,"PLATINUM,G PLUS,GOLD,SILVER,BRONZE,BLUE,ASASI","MUBARAK BIN MOHD ST,SHINING TOWERS",02-5014047,PHARMACY,24.47,54.35
HEALTH POINT HOSPITAL LLC OUTPATIENT PHARMACY,AUH,"PLATINUM,G PLUS,GOLD,SILVER,BRONZE,BLUE,ASASI","ZAYED SPORTS CITY,HEALTH POINT HOSP",02-4929115,PHARMACY,24.418957,54.453038
MEDICLINIC PHARMACY - AL MAMOURA,AUH,"PLATINUM,G PLUS,GOLD,SILVER,BRONZE,BLUE,ASASI",AL MAMOURA,02-6728229,PHARMACY,24.465397,54.385771
MEDLINE PHARMACY L.L.C,AUH,"PLATINUM,G PLUS,GOLD,SILVER,BRONZE,BLUE,ASASI","M26, MUSAFFAH",02-5530577,PHARMACY,24.35427,54.52258
PHARMACY BLUE MOON,AUH,"PLATINUM,G PLUS,GOLD,SILVER,BRONZE,BLUE,ASASI","ARADAH ST,NAHYAN CAMP",02-4412882,PHARMACY,24.475548,54.38041
EMIRATES JORDANIAN PHARMACY LLC,AUH,"PLATINUM,G PLUS,GOLD,SILVER,BRONZE,BLUE,ASASI",BANIYAS,02-5836999,PHARMACY,24.275677,54.645643
NIDHAM GHIYATHI PHARMACY,AUH,"PLATINUM,G PLUS,GOLD,SILVER,BRONZE,BLUE,ASASI",GHAYATHI,02-8741791,PHARMACY,23.843657,52.808455
ASTER PHARMACIES GROUP LLC - BRANCH OF ABUDHABI 3,AUH,"PLATINUM,G PLUS,GOLD,SILVER,BRONZE,BLUE,ASASI","HAMDAN STREET, NEAR LULU EXCHANGE",02-6229870,PHARMACY,24.474157,54.378089
ASTER PHARMACIES GROUP LLC - BRANCH OF ABU DHABI 1,AUH,"PLATINUM,G PLUS,GOLD,SILVER,BRONZE,BLUE,ASASI","AL FALAH STREET,BEHIND JUMBO ELECT",02-6437625,PHARMACY,24.478888,54.371361
ALDHAFRA FIELDS PHARMACY,AUH,"PLATINUM,G PLUS,GOLD,SILVER,BRONZE,BLUE,ASASI",BEDA ZAYED,02-8845273,PHARMACY,23.659103,53.725285
HEALTH FIRST PHARMACY BRANCH 12,AUH,"PLATINUM,G PLUS,GOLD,SILVER,BRONZE,BLUE,ASASI","G12,ALFALAH VILLAGE 1,ALFALAH CITY",02-6746989,PHARMACY,24.446481,54.71682
HEALTH FIRST PHARMACY - BRANCH 13,AUH,"PLATINUM,G PLUS,GOLD,SILVER,BRONZE,BLUE,ASASI","SHOP 417,AL BAHIA",02-5646364,PHARMACY,24.523347,54.6705
UNIQUE AL AHALIA PHARMACY,AUH,"PLATINUM,G PLUS,GOLD,SILVER,BRONZE,BLUE,ASASI","NEAR RED CRESCENT, SHABIYA, MUSAFFA",02-5595441,PHARMACY,24.487075,54.361533
ASTER PHARMACIES GROUP LLC - BRANCH OF ABU DHABI 2,AUH,"PLATINUM,G PLUS,GOLD,SILVER,BRONZE,BLUE,ASASI","DAR AL THALMIYA, KHALIDIYA",02-6280582,PHARMACY,24.488844,54.361145
MEDEOR 24X7 PHARMACY-LLC,AUH,"PLATINUM,G PLUS,GOLD,SILVER,BRONZE,BLUE,ASASI","OPP EMPOST, MADINAT ZAYED AREA,",02-6900500,PHARMACY,24.480285,54.369838
MEDICLINIC PHARMACY - MARAWAH,AUH,"PLATINUM,G PLUS,GOLD,SILVER,BRONZE,BLUE,ASASI","VILLAGE 1, BRAKA NUCLEAR POWER PLANT WESTERN REGION,MARAWAH",02-8944994,PHARMACY,23.967379,52.284218
CLEVELAND CLINIC ABU DHABI PHARMACY LLC,AUH,"PLATINUM,G PLUS,GOLD,SILVER,BRONZE,BLUE,ASASI","AL MAQAM TOWER, AL MARYAH ISLAND",02-5019000,PHARMACY,24.497373,54.389354
SUMER PHARMACY,AUH,"PLATINUM,G PLUS,GOLD,SILVER,BRONZE,BLUE,ASASI",ALRAHBA ALSHELELAH,02-5636309,PHARMACY,24.63811,54.677616
BURJEEL PHARMACY AL SHAMKHA LLC,AUH,"PLATINUM,G PLUS,GOLD,SILVER,BRONZE,BLUE,ASASI",AL SHAMKHA,02-2051302,PHARMACY,24.387249,54.722869
ASTER PHARMACIES GROUP LLC - BRANCH OF ABU DHABI 4,AUH,"PLATINUM,G PLUS,GOLD,SILVER,BRONZE,BLUE,ASASI","SHOP NO 7&8,DEFENCE ROAD",02-4478482,PHARMACY,24.495249,54.37577
AL HOSN PHARMACY LLC,AUH,"PLATINUM,G PLUS,GOLD,SILVER,BRONZE,BLUE,ASASI","ALHILAL BANK BUILDING, CORNICHE",02-6662739,PHARMACY,24.467276,54.334132
EXPRESS GHAYATHI PHARMACY,AUH,"PLATINUM,G PLUS,GOLD,SILVER,BRONZE,BLUE,ASASI","GHAYATHI,WESTERN",02-8740121,PHARMACY,23.915213,52.803928
KNIGHTS PHARMACY-LLC,AUH,"PLATINUM,G PLUS,GOLD,SILVER,BRONZE,BLUE,ASASI","MUTANABBI SHOP,MADINAT ZAYED",02-6767966,PHARMACY,24.480845,54.362888
SUPER CARE PHARMACY - BRANCH OF ABU DHABI 2,AUH,"PLATINUM,G PLUS,GOLD,SILVER,BRONZE,BLUE,ASASI","DELMA MALL, AL MUSSAFFA",02-6653350,PHARMACY,24.333146,54.523867
AL HENDAWY PHARMACY LLC,AUH,"PLATINUM,G PLUS,GOLD,SILVER,BRONZE,BLUE,ASASI",AL MURROR ROAD,02-6214666,PHARMACY,24.484174,54.367474
CANADIAN PHARMACY L.L.C (,AUH,"PLATINUM,G PLUS,GOLD,SILVER,BRONZE,BLUE,ASASI",DELMA ST. COR. AIRPORT ROAD,02-5559999,PHARMACY,24.462597,54.378311
ALFALAH LAND MARK PHARMACY,AUH,"PLATINUM,G PLUS,GOLD,SILVER,BRONZE,BLUE,ASASI","AL FALAH STREET, BEHIND ABU DHABI I",02-5621528,PHARMACY,24.428514,54.728892
ALTHIQA AL DOWALIAH PHARMACY LLC,AUH,"PLATINUM,G PLUS,GOLD,SILVER,BRONZE,BLUE,ASASI",MUROOR STREET,02-4419283,PHARMACY,24.47751,54.37109
PRESTIGE PHARMACY,AUH,"PLATINUM,G PLUS,GOLD,SILVER,BRONZE,BLUE,ASASI",BANI YAS WEST- KABRAT-,02-5858588,PHARMACY,24.476734,54.352168
AL TADAWI PHARMACY,AUH,"PLATINUM,G PLUS,GOLD,SILVER,BRONZE,BLUE,ASASI",NEW INDUSTRIAL AREA & MADINAT ZAYED,02-8846252,PHARMACY,23.659559,53.705198
DAWAKUM PHARMACY,AUH,"PLATINUM,G PLUS,GOLD,SILVER,BRONZE,BLUE,ASASI",NEW SHAHAMA,02-4479514,PHARMACY,24.536132,54.691826
DANAT AL EMARAT HOSPITAL PHARMACY LLC,AUH,"PLATINUM,G PLUS,GOLD,SILVER,BRONZE,BLUE,ASASI",ABU DHABI GATE CITY,02-6149905,PHARMACY,24.396962,54.500995
TIME CURE PHARMACY,AUH,"PLATINUM,G PLUS,GOLD,SILVER,BRONZE,BLUE,ASASI",36 M1 MUSSAFAH,02-5508998,PHARMACY,24.344281,54.496111
GOLDEN HEALTH PHARMACY,AUH,"PLATINUM,G PLUS,GOLD,SILVER,BRONZE,BLUE,ASASI",HAMEEM ROAD - AL SALAM LIVING CITY,02-5855550,PHARMACY,24.153813,54.428825
UNIQUE AL AHALIA PHARMACY - BRANCH 1,AUH,"PLATINUM,G PLUS,GOLD,SILVER,BRONZE,BLUE,ASASI","BEHIND LIWA CENTER,HAMDAN STREET",02-6352775,PHARMACY,24.487086,54.361563
PRIME LONDON PHARMACY LLC,AUH,"PLATINUM,G PLUS,GOLD,SILVER,BRONZE,BLUE,ASASI","KHALIFA BIN SHAKHBOUT, VILLA 253",02-4443034,PHARMACY,24.462214,54.355895
BURJEEL PHARMACY L.L.C. - BRANCH 13,AUH,"PLATINUM,G PLUS,GOLD,SILVER,BRONZE,BLUE,ASASI","LEVEL 1 51, YAS MALL, YAS ISLAND ,",02-2054505,PHARMACY,24.487473,54.611597
SALAMATK PHARMACY,AUH,"PLATINUM,G PLUS,GOLD,SILVER,BRONZE,BLUE,ASASI","SAS AL NAKHL VILLAGE, KHALIFA CITY",02-5588018,PHARMACY,24.407321,54.526507
GERMAN ADVANCE MEDICAL CENTRE PHARMACY - SOLE PROPRIETORSHIP L.L.C.,AUH,"PLATINUM,G PLUS,GOLD,SILVER,BRONZE,BLUE,ASASI","FRESH AND MORE MARKET, DELMA ST",02-5647006,PHARMACY,24.464608,54.382048
BURJEEL PHARMACY L.L.C- BRANCH 1,AUH,"PLATINUM,G PLUS,GOLD,SILVER,BRONZE,BLUE,ASASI","NEAR LLH MEDICAL CENTRE,MUSAFFAH",02-6412019,PHARMACY,24.40618,54.56917
BAIN AL JESRAIN PHARMACY,AUH,"PLATINUM,G PLUS,GOLD,SILVER,BRONZE,BLUE,ASASI","BUILDING 56, AL MAQTA,",02-5588842,PHARMACY,24.405976,54.504209
WELL CARE PHARMACY LLC,AUH,"PLATINUM,G PLUS,GOLD,SILVER,BRONZE,BLUE,ASASI","BEHIND HONDA SHOWROOM, ELECTRA STRE",02-6779888,PHARMACY,24.490058,54.372049
SAMA ALSHAMKHA PHARMACY LLC,AUH,"PLATINUM,G PLUS,GOLD,SILVER,BRONZE,BLUE,ASASI","ALSHAMKHA, NEAR ADNOC",02-5866019,PHARMACY,24.363534,54.689932
AL FAQA HEATLH CENTER PHARMACY,AUH,"PLATINUM,G PLUS,GOLD,SILVER,BRONZE,BLUE,ASASI",BESIDE AL FAQA POLICE STATION,02-7331122,PHARMACY,24.715468,55.620988
AL MUSHRIF CHILDREN'S SP. CENT PHARMACY,AUH,"PLATINUM,G PLUS,GOLD,SILVER,BRONZE,BLUE,ASASI","NEXT TO KAZAKHSTAN EMBASSY,MUSHRIF",02-6104000,PHARMACY,24.435475,54.403359
MADINAT MOHAMED BIN ZAYED HCC PHARMACY,AUH,"PLATINUM,G PLUS,GOLD,SILVER,BRONZE,BLUE,ASASI","ZONE 51 MBZ, NEAR EMIRATES SCHOOL",02-8005000,PHARMACY,24.333129,54.557719
SIR BANIYAS CLINIC PHARMACY,AUH,"PLATINUM,G PLUS,GOLD,SILVER,BRONZE,BLUE,ASASI","HOSPITAL BLG,MOHD KALAF ST,GHARBIA",02-8070000,PHARMACY,24.483393,54.361233
MUBARAK PHARMACY - BRANCH 1,AUH,"PLATINUM,G PLUS,GOLD,SILVER,BRONZE,BLUE,ASASI",BANIYAS,02-5837796,PHARMACY,24.258123,54.629883
NEW PHARMACY COMPANY WLL BRANCH 2,AUH,"PLATINUM,G PLUS,GOLD,SILVER,BRONZE,BLUE,ASASI","KHALIFA CITY - PLOT NO. P-1, SE-4,",02-6342877,PHARMACY,24.410898,54.570281
EXTRA CARE PHARMACY LLC,AUH,"PLATINUM,G PLUS,GOLD,SILVER,BRONZE,BLUE,ASASI","MOHAMMED AL MAZROUI BUILDING,SHOP 1",02-6716665,PHARMACY,24.48688,54.373198
MEDICAL PARK PHARMACY,AUH,"PLATINUM,G PLUS,GOLD,SILVER,BRONZE,BLUE,ASASI","AL BATEEN STREET, NEAR BNP PARIBAS",02-3048888,PHARMACY,24.462221,54.34364
BEDA AL MUTAWA MEDICAL CENTER PHARMACY,AUH,"PLATINUM,G PLUS,GOLD,SILVER,BRONZE,BLUE,ASASI","AL GHARBIA HOSPITALS ADMIN BLD,",02-8070000,PHARMACY,23.650813,53.675833
ABU AL ABYAD PHC PHARMACY,AUH,"PLATINUM,G PLUS,GOLD,SILVER,BRONZE,BLUE,ASASI","AL GHARBIA HOSPITALS ADMIN BLD,",02-8070000,PHARMACY,23.650208,53.675708
DISEASE PREVENTION & SCREENING CENTRE PH,AUH,"PLATINUM,G PLUS,GOLD,SILVER,BRONZE,BLUE,ASASI",DISEASE PREVENTION CENTRE,02-8190000,PHARMACY,23.658109,53.890077
MEDICINA AL FALAH PHARMACY,AUH,"PLATINUM,G PLUS,GOLD,SILVER,BRONZE,BLUE,ASASI","AL FALAH VILLAGE CENTRE 5, V5-VC ST",02-5846880,PHARMACY,24.434884,54.731653
MEDICINA PHARMACY - BRANCH 1,AUH,"PLATINUM,G PLUS,GOLD,SILVER,BRONZE,BLUE,ASASI","CAPITAL HOUSE BUILDING, AL KHALEEJ",02-4416232,PHARMACY,24.498474,54.385621
MEDICINA PHARMACY BRANCH 2,AUH,"PLATINUM,G PLUS,GOLD,SILVER,BRONZE,BLUE,ASASI",BANIYAS WEST,02-5501800,PHARMACY,24.301522,54.617795
DAR AL SHIFAA PHARMACY LLC - BRANCH 2,AUH,"PLATINUM,G PLUS,GOLD,SILVER,BRONZE,BLUE,ASASI","1ST FLR. DALMA MALL,MUSSAFAH",02-6900888,PHARMACY,24.33315,54.52409
BURJEEL PHARMACY L.L.C. - BRANCH 12,AUH,"PLATINUM,G PLUS,GOLD,SILVER,BRONZE,BLUE,ASASI","MEDEOR MC LLC,PRECINCT, AL ZEINA",02-2054306,PHARMACY,24.480375,54.369522
SUPERCARE PHARMACY-BRANCH OF ABU DHABI 3,AUH,"PLATINUM,G PLUS,GOLD,SILVER,BRONZE,BLUE,ASASI","REEF COMMUNITY, AL SHAHAMA,",02-5821044,PHARMACY,24.457248,54.674256
GOLDEN TULIP PHARMACY,AUH,"PLATINUM,G PLUS,GOLD,SILVER,BRONZE,BLUE,ASASI",M17 SHANIYA  MUSAFFAH INDUSTRIAL,02-5556608,PHARMACY,24.363064,54.491273
AL FURQAN PHARMACY,AUH,"PLATINUM,G PLUS,GOLD,SILVER,BRONZE,BLUE,ASASI",TOURIST CLUB AREA,02-6440077,PHARMACY,24.49001,54.384304
ALL CARE PHARMACY L.L.C,AUH,"PLATINUM,G PLUS,GOLD,SILVER,BRONZE,BLUE,ASASI",DELMA STREET,02-6722758,PHARMACY,24.464094,54.379811
ASTER PHARMACIES GROUP L.L.C-BRANCH OF ABU DHABI 5,AUH,"PLATINUM,G PLUS,GOLD,SILVER,BRONZE,BLUE,ASASI","BUILDING NO 7, ZAYED STREET, ELECTR",02-4489240,PHARMACY,24.490651,54.364822
MEDICLINIC PHARMACY - BANIYAS,AUH,"PLATINUM,G PLUS,GOLD,SILVER,BRONZE,BLUE,ASASI",BANIYAS EAST,02-5668800,PHARMACY,24.287901,54.64786
GREEN HILLS PHARMACY,AUH,"PLATINUM,G PLUS,GOLD,SILVER,BRONZE,BLUE,ASASI",MUSSAFAH,02-5549080,PHARMACY,24.322934,54.538402
HOPE PHARMACY L.L.C,AUH,"PLATINUM,G PLUS,GOLD,SILVER,BRONZE,BLUE,ASASI",AL MAFRAQ INDUSTRIAL AREA,02-5552687,PHARMACY,24.285272,54.600724
SARHAD PHARMACY,AUH,"PLATINUM,G PLUS,GOLD,SILVER,BRONZE,BLUE,ASASI",MUSAFFAH SANAIYA M2 NEAR ARAMAX,02-5551429,PHARMACY,24.377365,54.519116
NATURAL LIFE PHARMACY LLC,AUH,"PLATINUM,G PLUS,GOLD,SILVER,BRONZE,BLUE,ASASI","DALMA MALL, SECOND FLOOR,",02-5535548,PHARMACY,24.333369,54.524823
HEALTH POINT PHARMACY LLC,AUH,"PLATINUM,G PLUS,GOLD,SILVER,BRONZE,BLUE,ASASI","PLOT NO-11,BUILDING NO-3,SHOP NO-5,INDUSTRIAL AREA,MUSAFFAH",02-5590203,PHARMACY,24.36543,54.516766
TOP CARE PHARMACY BRANCH 1,AUH,"PLATINUM,G PLUS,GOLD,SILVER,BRONZE,BLUE,ASASI",ICAD RESIDENTIAL CITY,02-6665131,PHARMACY,24.338996,54.489732
MEDICLINIC PHARMACY - KHALIFA CITY,AUH,"PLATINUM,G PLUS,GOLD,SILVER,BRONZE,BLUE,ASASI","VILLA, NEAR POLICE STATION,KHALIFA",02-8856700,PHARMACY,24.439122,54.596517
BENEFICIAL PHARMACY L.L.C.,AUH,"PLATINUM,G PLUS,GOLD,SILVER,BRONZE,BLUE,ASASI","SANAYAH, MUSSAFAH",02-5466025,PHARMACY,24.347449,54.500804
AL MANARA AL RUWAIS PHARMACY,AUH,"PLATINUM,G PLUS,GOLD,SILVER,BRONZE,BLUE,ASASI","NEAR LULU HYPERMARKET, RUWAIS MAL",02-8760210,PHARMACY,24.075847,52.672255
AL MANARA PHARMACY AL SHAWAMEKH,AUH,"PLATINUM,G PLUS,GOLD,SILVER,BRONZE,BLUE,ASASI","MAKANI MALL, AL SHAMKAH,",02-5850131,PHARMACY,24.387844,54.722907
AL MANARA PHARMACY ALCORNICHE,AUH,"PLATINUM,G PLUS,GOLD,SILVER,BRONZE,BLUE,ASASI","NATION TOWER,  CORNICHED ROAD,",02-6675454,PHARMACY,24.464967,54.32896
AL MANARA PHARMACY BAWABAT ALSHARQ LLC - SOLE PROPRIETORSHIP L.L.C.,AUH,"PLATINUM,G PLUS,GOLD,SILVER,BRONZE,BLUE,ASASI",BAWABAT ALSHARQ MALL,50-8797823,PHARMACY,24.310652,54.620631
AL MANARA PHARMACY CAPITAL MALL,AUH,"PLATINUM,G PLUS,GOLD,SILVER,BRONZE,BLUE,ASASI","IN FRONT OF LULU HYPERMARKET, CAPIT",02-4447642,PHARMACY,24.376251,54.530205
AL MANARA PHARMACY - SOLE PROPRIETORSHIP L.L.C. - BRANCH,AUH,"PLATINUM,G PLUS,GOLD,SILVER,BRONZE,BLUE,ASASI",OPPOSITE LIWA PARK,02-8840497,PHARMACY,24.491351,54.360865
AL MANARA PHARMACY YAS MALL,AUH,"PLATINUM,G PLUS,GOLD,SILVER,BRONZE,BLUE,ASASI",YAS MALL,02-5650770,PHARMACY,24.488873,54.610052
"THE SPECIALIST DIABETES TREATMENT ""&"" RESEARCH CENTRE ( IMPERIAL COLLEGE LONDON DIABETES CENTRE ) L.L.C - OUTPATIENT PHARMACY - SOLE PROPRIETORSHIP L.L.C. - BRANCH 2",AUH,"PLATINUM,G PLUS,GOLD,SILVER,BRONZE,BLUE,ASASI",ZAYED SPORTS CITY- HEALTH POINT HOSPITAL,02-4929818,PHARMACY,24.42024,54.428313
PARAGON PHARMACY,AUH,"PLATINUM,G PLUS,GOLD,SILVER,BRONZE,BLUE,ASASI","SULTAN BIN ZAYED STREET, AL MUROOR, NEAR IPIC",02-4480525,PHARMACY,24.459114,54.38876
MEDICINA PHARMACY - BRANCH 4,AUH,"PLATINUM,G PLUS,GOLD,SILVER,BRONZE,BLUE,ASASI","AMAYA TOWERS, SHAMS ABU DHABI, AL REEM ISLAND",02-6500168,PHARMACY,24.511102,54.40589
MEDICINA PHARMACY - BRANCH 5,AUH,"PLATINUM,G PLUS,GOLD,SILVER,BRONZE,BLUE,ASASI","MADINAT ZAYED WEST 4, AL DHAFRA,AL DHAFRA SPORTS AND CULTURAL CLUB BUILDING",02-8835468,PHARMACY,24.405765,54.517648
MEDICINA PHARMACY - BRANCH 6,AUH,"PLATINUM,G PLUS,GOLD,SILVER,BRONZE,BLUE,ASASI","AL FALAH VILLAGE CENTRE 4, NEW AL FALAH",02-5844114,PHARMACY,24.443602,54.740134
MEDICINA PHARMACY - BRANCH 7,AUH,"PLATINUM,G PLUS,GOLD,SILVER,BRONZE,BLUE,ASASI","ARMED FORCES COOPERATIVE SOCIETY, ABU DHABI GATE CITY",02-8865844,PHARMACY,24.397793,54.498513
PHOENIX HOSPITAL PHARMACY L.L.C,AUH,"PLATINUM,G PLUS,GOLD,SILVER,BRONZE,BLUE,ASASI","PLOT-1, SHABIA 10, MUSSAFAH, ABU DHABI, UAE",02-6151525,PHARMACY,24.332543,54.530814
HEALTH TIME PHARMACY,AUH,"PLATINUM,G PLUS,GOLD,SILVER,BRONZE,BLUE,ASASI","BANIYAS WEST (CHINACAMP), BLDG. 08, PLOT F2C4-8, AL-MAFRAQ INDUSTRIAL 2",02-5554006,PHARMACY,24.259581,54.629669
MEDI CURE PHARMACY L.L.C,AUH,"PLATINUM,G PLUS,GOLD,SILVER,BRONZE,BLUE,ASASI","AL JABER LABOUR CAMP, MAFRAQ WORKERS CITY 1, BANIYAS WEST,",02-6228383,PHARMACY,24.284191,54.606845
ALPHA CARE PHARMACY L.L.C,AUH,"PLATINUM,G PLUS,GOLD,SILVER,BRONZE,BLUE,ASASI","AL FIRDOUS CENTRE, OPP. AL FAHIM,MUSAFFAH",02-5558383,PHARMACY,24.370816,54.577175
NOOR ALAHLI PHARMACY BRANCH-1,AUH,"PLATINUM,G PLUS,GOLD,SILVER,BRONZE,BLUE,ASASI","MUSAFFAH ICAD RESIDENTIAL CITY, MEZZANINE FLOOR, AL MADINA MALL",02-6146723,PHARMACY,24.339302,54.489707
NOOR ALAHLI PHARMACY - BRANCH 2,AUH,"PLATINUM,G PLUS,GOLD,SILVER,BRONZE,BLUE,ASASI","ABU SHAKRA BUILDING, ME-9 MUSSAFFAH,",02-5522309,PHARMACY,24.343457,54.530068
NOOR ALAHLI PHARMACY - BRANCH 4,AUH,"PLATINUM,G PLUS,GOLD,SILVER,BRONZE,BLUE,ASASI","ABU SHAKRA BUILDING, ME-9 MUSSAFFAH,",02-5522309,PHARMACY,24.277182,54.643632
WESTERN TOWERS AL AHALIA PHARMACY,AUH,"PLATINUM,G PLUS,GOLD,SILVER,BRONZE,BLUE,ASASI","MZE 19, PLOTE NO: 158, SHOPE NO:10, SANAYA MADINA ZAYED,",02-8841020,PHARMACY,23.662156,53.729111
NOOR ALAHLI PHARMACY - BRANCH 7,AUH,"PLATINUM,G PLUS,GOLD,SILVER,BRONZE,BLUE,ASASI","NEAR AHALIA HOSPITAL, HAMDAN ST,",02-5522309,PHARMACY,24.487944,54.360312
AL AHALIA NATIONAL PHARMACY LLC - BRANCH 1,AUH,"PLATINUM,G PLUS,GOLD,SILVER,BRONZE,BLUE,ASASI","SOUTH BLOCK AHALIA HOSPITAL BUILDING, TARIFF ROAD , M-24 MUSSAFAH,",02-5597090,PHARMACY,24.362246,54.524268
SWEDISH MEDICAL CENTRE PHARMACY LLC,AUH,"PLATINUM,G PLUS,GOLD,SILVER,BRONZE,BLUE,ASASI","VILLA # TT7-AST. 9 OPPOSITE OF SPINNEYS,KHALIDIYAH",02-6811122,PHARMACY,24.465927,54.335937
AL MANARA PHARMACY - SOLE PROPRIETORSHIP L.L.C. - BRANCH,AUH,"PLATINUM,G PLUS,GOLD,SILVER,BRONZE,BLUE,ASASI",QARYAT SOUQ AL BERI,02-6261403,PHARMACY,24.469676,54.342764
AL MANARA PHARMACY - SOLE PROPRIETORSHIP L.L.C. - BRANCH,AUH,"PLATINUM,G PLUS,GOLD,SILVER,BRONZE,BLUE,ASASI",DALMA MALL,02-4416010,PHARMACY,24.332606,54.523205
AL MANARA PHARMACY - SOLE PROPRIETORSHIP L.L.C. - BRANCH,AUH,"PLATINUM,G PLUS,GOLD,SILVER,BRONZE,BLUE,ASASI","CAPITAL CENTER DISTRICT, ADNEC",02-6814644,PHARMACY,24.419853,54.443097
AL MANARA PHARMACY - SOLE PROPRIETORSHIP L.L.C. - BRANCH,AUH,"PLATINUM,G PLUS,GOLD,SILVER,BRONZE,BLUE,ASASI","AL MUSHRIF COOPERATIVE SOCIETY, NEAR BENIN EMBASSY",02-6662144,PHARMACY,24.408928,54.491431
AL MANARA PHARMACY - SOLE PROPRIETORSHIP L.L.C. - BRANCH,AUH,"PLATINUM,G PLUS,GOLD,SILVER,BRONZE,BLUE,ASASI","NEW YORK UNIVERSITY, SAADIYAT MARINA DISTRICT",02-6664325,PHARMACY,24.469682,54.342775
ALMANARA ALRAEDA PHARMACY,AUH,"PLATINUM,G PLUS,GOLD,SILVER,BRONZE,BLUE,ASASI",SAADIYAT,02-6438811,PHARMACY,24.464625,54.386779
AL MANARA PHARMACY - SOLE PROPRIETORSHIP LL.C. - BRANCH,AUH,"PLATINUM,G PLUS,GOLD,SILVER,BRONZE,BLUE,ASASI",AL FORSAN VILLAGE TOWNS QUARE,02-4481850,PHARMACY,24.464619,54.386773
AL MANARA PHARMACY - SOLE  PROPRIETORSHIP L.L.C. - BRANCH,AUH,"PLATINUM,G PLUS,GOLD,SILVER,BRONZE,BLUE,ASASI",ABU DHABI MALL,02-6452112,PHARMACY,24.528884,54.371439
YATEEM PHARMACY,AUH,"PLATINUM,G PLUS,GOLD,SILVER,BRONZE,BLUE,ASASI",KHALIFA CITY A,02-6666571,PHARMACY,24.39825,54.560316
WELLNESS PHARMACY L.L.C.,AUH,"PLATINUM,G PLUS,GOLD,SILVER,BRONZE,BLUE,ASASI","VILLA NO: 111, 21 DIHAN STREET, OPP. SHEIKH KHALIFA PAK SCHOOL, MUROOR ROAD",02-6422424,PHARMACY,24.443236,54.398081
HEALTH FIRST PHARMACY BRANCH 15,AUH,"PLATINUM,G PLUS,GOLD,SILVER,BRONZE,BLUE,ASASI","SHOP NO 91,FIRST FLOOR,BAWABAT AL SHARQ MALL, BANIYAS EAST",02-5851992,PHARMACY,24.476586,54.353174
BURJEEL AL REEM PHARMACY LLC,AUH,"PLATINUM,G PLUS,GOLD,SILVER,BRONZE,BLUE,ASASI","GATE AND ARC TOWERS, AL REEM ISLAND,",02-3079999,PHARMACY,24.494789,54.408068
BURJEEL PHARMACY AL MARINA LLC,AUH,"PLATINUM,G PLUS,GOLD,SILVER,BRONZE,BLUE,ASASI","GROUND FLOOR MARINA MALL, BESIDE MERCEDES BENZ SHOWROOM",02-3338333,PHARMACY,24.476929,54.319435
EMERALD PHARMACY LLC,AUH,"PLATINUM,G PLUS,GOLD,SILVER,BRONZE,BLUE,ASASI","SHOP # 8,BUILDING # 308,16 STREET,MUSSAFAH 37",02-5554165,PHARMACY,24.361469,54.502527
MEDSTAR HAMDAN PHARMACY LLC,AUH,"PLATINUM,G PLUS,GOLD,SILVER,BRONZE,BLUE,ASASI","HAMDAN STREET,",02-6722117,PHARMACY,24.495262,54.371501
MEDSTAR PHARMACY ICAD RESIDINTIAL LLC,AUH,"PLATINUM,G PLUS,GOLD,SILVER,BRONZE,BLUE,ASASI","ICAD, MUSAFFAH",02-4066809,PHARMACY,24.339086,54.489875
STAR AL AHALIA PHARMACY,AUH,"PLATINUM,G PLUS,GOLD,SILVER,BRONZE,BLUE,ASASI","NEAR GAYATHI MARKET, GAYATHI",02-8744060,PHARMACY,23.843496,52.808406
ROYAL INTERNATIONAL PHARMACY,AUH,"PLATINUM,G PLUS,GOLD,SILVER,BRONZE,BLUE,ASASI",MAFRAQ SANAYA,02-5833735,PHARMACY,24.275991,54.580612
GOLDEN CURE PHARMACY LLC,AUH,"PLATINUM,G PLUS,GOLD,SILVER,BRONZE,BLUE,ASASI",MUSSAFAH,02-6790622,PHARMACY,24.328425,54.533283
ASTER PHARMACIES GROUP L.L.C- BRANCH OF ABU DHABI 6,AUH,"PLATINUM,G PLUS,GOLD,SILVER,BRONZE,BLUE,ASASI","SHABIYA#10, NEAR TO JOY ALUKAS JEWELRY, MUSAFFAH",02-5502429,PHARMACY,24.330007,54.53546
ASTER PHARMACIES GROUP L.L.C- BRANCH OF ABU DHABI 8,AUH,"PLATINUM,G PLUS,GOLD,SILVER,BRONZE,BLUE,ASASI","CANON BUIDING, ELECTRA STREET, NEXT TO CBI BANK BUILDING",02-6711831,PHARMACY,24.495275,54.3763
NOOR ALAHLI PHARMACY - BRANCH 6,AUH,"PLATINUM,G PLUS,GOLD,SILVER,BRONZE,BLUE,ASASI","NOOR ALAHLI MEDICAL CENTER BLDG., HAMDAN STREET",02-6210524,PHARMACY,24.488098,54.360409
POINT CARE PHARMACY,AUH,"PLATINUM,G PLUS,GOLD,SILVER,BRONZE,BLUE,ASASI","SHOP NO.:6, P-8, MR. CLEAN CAR WASH BUILDING, NEAR AL FALAHIYA AND AL SAMHA SCHOOL, AL SAMHA ESAT",02-5641927,PHARMACY,24.682123,54.779666
SELECT PHARMACY L.L.C,AUH,"PLATINUM,G PLUS,GOLD,SILVER,BRONZE,BLUE,ASASI","MUSSAFAH M-10, INDUSTRIAL AREA, GROUND FLOOR, PLOT NO 48, NEAR LAL MARKET",02-5467888,PHARMACY,24.371987,54.506461
BAB AL TEB PHARMACY,AUH,"PLATINUM,G PLUS,GOLD,SILVER,BRONZE,BLUE,ASASI",M.44 MUSAFFAH INDUSTRIAL AREA OPPOSITE GULVA COAT INDUSTRY,02-3094900,PHARMACY,24.34861,54.472986
LLH PHARMACY AL MUSAFFAH L.L.C,AUH,"PLATINUM,G PLUS,GOLD,SILVER,BRONZE,BLUE,ASASI","M40 , KM TRADING BUILDING , ICAD",02-4116451,PHARMACY,24.345661,54.486473
BAB AL MADINA PHARMACY,AUH,"PLATINUM,G PLUS,GOLD,SILVER,BRONZE,BLUE,ASASI","AJBAN PROPERTY BUILDING, PLOT NO. 32, M26, MUSAFFAH INDUSTRIAL AREA",02-6422464,PHARMACY,24.350502,54.520577
CHARISMA PHARMACY LLC,AUH,"PLATINUM,G PLUS,GOLD,SILVER,BRONZE,BLUE,ASASI",HAMDAN ST - ZIANI AREA - BEHIND OF EMIRATES TOWER - NEAR RUSSIAN EMBASSY,02-6443331,PHARMACY,24.497014,54.369796
AL BUROOJ PHARMACY L.L.C,AUH,"PLATINUM,G PLUS,GOLD,SILVER,BRONZE,BLUE,ASASI",MUSSFAH SENYIA- M37-BEHIND FRESH & MORE SUPERMARKET-PLOT 190/191,02-5545993,PHARMACY,24.347161,54.500526
MEDICINA PHARMACY (KHALIFA STREET),AUH,"PLATINUM,G PLUS,GOLD,SILVER,BRONZE,BLUE,ASASI","KHALIFA STREET, OPP: AL NOOR HOSPITAL",02-6589543,PHARMACY,24.491657,54.359861
MEDICINA PHARMACY -BRANCH 3,AUH,"PLATINUM,G PLUS,GOLD,SILVER,BRONZE,BLUE,ASASI",AL MURROR ST. AL FALAHI BUILDING,02-6440615,PHARMACY,24.432013,54.43425
MEDICINA PHARMACY - BRANCH 14,AUH,"PLATINUM,G PLUS,GOLD,SILVER,BRONZE,BLUE,ASASI","BLOOM MARINA, AL BATEEN",02-6711706,PHARMACY,24.451239,54.335522
MEDICINA PHARMACY - BRANCH 16,AUH,"PLATINUM,G PLUS,GOLD,SILVER,BRONZE,BLUE,ASASI","ROYAL GULF HYPERMARKET, KHALIFA CITY B",02-6736525,PHARMACY,24.374215,54.648269
MEDICINA PHARMACY - BRANCH 17,AUH,"PLATINUM,G PLUS,GOLD,SILVER,BRONZE,BLUE,ASASI","AL GHABAT, BANIYAS EAST",02-6736538,PHARMACY,24.310484,54.620581
MEDICINA PHARMACY - BRANCH 10,AUH,"PLATINUM,G PLUS,GOLD,SILVER,BRONZE,BLUE,ASASI","CENTRAL MALL, KHALIFA CITY ,",02-5571194,PHARMACY,24.411109,54.58999
MEDICINA PHARMACY - BRANCH 11,AUH,"PLATINUM,G PLUS,GOLD,SILVER,BRONZE,BLUE,ASASI","KHALIFA CITY A,",02-6415691,PHARMACY,24.403259,54.553289
AL MANARA PHARMACY - SOLE PROPRIETORSHIP L.L.C. - BRANCH,AUH,"PLATINUM,G PLUS,GOLD,SILVER,BRONZE,BLUE,ASASI",SHIKH KHALIFA HOSPITAL,02-6814644,PHARMACY,24.1332,55.45404
NEWCASTLE PHARMACY,AUH,"PLATINUM,G PLUS,GOLD,SILVER,BRONZE,BLUE,ASASI","STREET NO 15, SHAKHBOUT CITY KHALIFA B",02-5837123,PHARMACY,24.347249,54.634667
UNIQUE AL AHALIA PHARMACY- BRANCH 2,AUH,"PLATINUM,G PLUS,GOLD,SILVER,BRONZE,BLUE,ASASI","OLD AIR PORT ROAD, DELMA STREET,SECTOR 1-19, PLOT NO. 6,",02-6410039,PHARMACY,24.457094,54.370056
PRIME CURE PHARMACY,AUH,"PLATINUM,G PLUS,GOLD,SILVER,BRONZE,BLUE,ASASI",ALFALAH STREET NEAR WARE MART,02-6391214,PHARMACY,24.477397,54.366988
THE CHEMIST SHOP PHARMACY,AUH,"PLATINUM,G PLUS,GOLD,SILVER,BRONZE,BLUE,ASASI","BUILDING NO.836, STREET 30, ZONE 2, SECTOR 78, AL KHALEEJ AL ARABI STREET",02-5555255,PHARMACY,24.44172,54.36882
NOOR ALAHLI PHARMACY - BRANCH 3,AUH,"PLATINUM,G PLUS,GOLD,SILVER,BRONZE,BLUE,ASASI","GROUND FLOOR, AHMED MOHAMED HAROOL AL QUBAISI BLDG., SECTOR 6, HAMDAN STREET",02-6263305,PHARMACY,24.488039,54.360047
NOOR ALAHLI PHARMACY - BRANCH 5,AUH,"PLATINUM,G PLUS,GOLD,SILVER,BRONZE,BLUE,ASASI","BANIYAS WEST, NEAR DAR-AL-ULOOM SCHOOL,",02-5831929,PHARMACY,24.2855,54.64051
NOOR ALAHLI PHARMACY - BRANCH 8,AUH,"PLATINUM,G PLUS,GOLD,SILVER,BRONZE,BLUE,ASASI","OPP ABUSAEED MOSQUE,",02-6410170,PHARMACY,24.09855,53.492248
HEART BEAT PHARMACY L.L.C.,AUH,"PLATINUM,G PLUS,GOLD,SILVER,BRONZE,BLUE,ASASI","PLOT 103, MUSHRIF AREA, SHEIKH RASHID BIN SAEED ST",02-4449494,PHARMACY,24.6205,54.7165
ZANBAQ AL MADINA PHARMACY LLC,AUH,"PLATINUM,G PLUS,GOLD,SILVER,BRONZE,BLUE,ASASI","ICAD AREA M40, PLOT NO 96, PO 94100, MUSSAFAH,",02-5504333,PHARMACY,24.345748,54.488206
DOT COM PHARMACY,AUH,"PLATINUM,G PLUS,GOLD,SILVER,BRONZE,BLUE,ASASI","DELMA STREET OPOSITE TO TRANSMED OFFICE ,AL NAHYAN CAMP",02-6266675,PHARMACY,24.468975,54.383139
FIRST CURE PHARMACY,AUH,"PLATINUM,G PLUS,GOLD,SILVER,BRONZE,BLUE,ASASI","MOHAMMED BIN ZAYED CITY, SECTOR Z30, P2A, STORE#16",02-6661068,PHARMACY,24.1748,54.3347
FIRST CURE PHARMACY - BRANCH 1,AUH,"PLATINUM,G PLUS,GOLD,SILVER,BRONZE,BLUE,ASASI","KHALIDYA, SECTION 8-9, BLD. 4, STORE #4 (WAQF ZAYER TOWER)",02-6661068,PHARMACY,24.28366,54.21108
HEALTHWAY PHARMACY,AUH,"PLATINUM,G PLUS,GOLD,SILVER,BRONZE,BLUE,ASASI","BANIYAS EAST 5, SECTION 153, VILLA #1",02-6661068,PHARMACY,24.1751,54.3749
CLINIX PHARMACY SOLE PROPRIETORSHIP LLC,AUH,"PLATINUM,G PLUS,GOLD,SILVER,BRONZE,BLUE,ASASI","MUSAFFAH M 11, PLOT 34 SHOP 1",02-5500851,PHARMACY,24.21375,54.3036
SEA CITY  PHARMACY,AUH,"PLATINUM,G PLUS,GOLD,SILVER,BRONZE,BLUE,ASASI","MUSAFAH , SANAYYA AUH",02-5528801,PHARMACY,24.360546,54.485177
SEA CITY PHARMACY - MUSAFAH,AUH,"PLATINUM,G PLUS,GOLD,SILVER,BRONZE,BLUE,ASASI","NEW SHAHAMA ,NOOR AL SHIFA  MEDICAL CENTER BLD - NEW SHAHAMA",02-5528871,PHARMACY,24.533426,54.691819
GOLDEN CHOICE PHARMACY,AUH,"PLATINUM,G PLUS,GOLD,SILVER,BRONZE,BLUE,ASASI","RIGHT CHOICE   MEDICAL CENTER  BLD - MUSAFAH ,SANAYYA- M/10",02-5528871,PHARMACY,24.370788,54.504753
DAAR AL MISBAH PHARMACY,AUH,"PLATINUM,G PLUS,GOLD,SILVER,BRONZE,BLUE,ASASI","MUSAFAH ,SANAYYA- M/10",02-5689844,PHARMACY,24.370788,54.50475
AL CORNICHE WOMEN'S HEALTH CENTER PHARMACY,AUH,"PLATINUM,G PLUS,GOLD,SILVER,BRONZE,BLUE,ASASI",AL KARAMAH ROAD,02-6975888,PHARMACY,24.463601,54.364471
PHARMACY - MEDICLINIC HOSPITALS L.L.C,AUH,"PLATINUM,G PLUS,GOLD,SILVER,BRONZE,BLUE,ASASI","AL KHRAIR, AL AIN- BAWADI MALL (SAME BUILDING AS UNION NATIONAL BANK) ZAYED BIN SULTAN STREET (# 137",03-7053777,PHARMACY,24.224412,55.768334
AL TAWEELAH PHARMACY L.L.C.,AUH,"PLATINUM,G PLUS,GOLD,SILVER,BRONZE,BLUE,ASASI","AL TAWEELAH, KIZAD,",02-3082527,PHARMACY,24.782061,54.738243
TOWN LIFE PHARMACY L.L.C,AUH,"PLATINUM,G PLUS,GOLD,SILVER,BRONZE,BLUE,ASASI","ABU DHABI COOP, GROUND FLOOR, ABU DHABI MALL",04-5610000,PHARMACY,24.2966,55.7557
MEDLUX PHARMACY LLC.,AUH,"PLATINUM,G PLUS,GOLD,SILVER,BRONZE,BLUE,ASASI","PLOT NO. 6,  MAFRAQ INDUSTRIAL AREA-1",02-6229722,PHARMACY,24.290563,54.591508
REAL 7 PHARMACY DMCC (BRANCH),AUH,"PLATINUM,G PLUS,GOLD,SILVER,BRONZE,BLUE,ASASI","UNIT NO. M032, GROUND FLOOR, MY CITY CENTRE MASDAR, MASDAR CITY,",04-5610000,PHARMACY,24.429223,54.620612
AL THIQA AL ALMYIAH PHARMACY L.L.C,AUH,"PLATINUM,G PLUS,GOLD,SILVER,BRONZE,BLUE,ASASI","BESIDE LULU EXPRESS, ELECTRA STREET,",02-6338999,PHARMACY,24.502647,54.347499
IDEAL PHARMACY LLC,AUH,"PLATINUM,G PLUS,GOLD,SILVER,BRONZE,BLUE,ASASI","AL JIMI WORKERS VILLAGE BUILDING MUSAFFAH 33,",02-5511786,PHARMACY,24.347466,54.511728
ADNOC TECHNICAL INSTITUTE PHARMACY,AUH,"PLATINUM,G PLUS,GOLD,SILVER,BRONZE,BLUE,ASASI","ADNOC HEAD QUARTERS BUILDING,CORNICHE ROAD,AL KHUBEIRAH",02-6023882,PHARMACY,24.467566,54.322406
SAS AL NAKHL PHARMACY,AUH,"PLATINUM,G PLUS,GOLD,SILVER,BRONZE,BLUE,ASASI","ADNOC HEAD QUARTERS BUILDING,CORNICHE ROAD,AL KHUBEIRAH",02-7070000,PHARMACY,24.467566,54.322406
SHEIKH KHALIFA ENERGY CLINIC PHARMACY,AUH,"PLATINUM,G PLUS,GOLD,SILVER,BRONZE,BLUE,ASASI","ADNOC HEAD QUARTERS BUILDING,CORNICHE ROAD,AL KHUBEIRAH",02-6023882,PHARMACY,24.467566,54.322406
HABSHAN PHARMACY,AUH,"PLATINUM,G PLUS,GOLD,SILVER,BRONZE,BLUE,ASASI","ADNOC HEAD QUARTERS BUILDING,CORNICHE ROAD,AL KHUBEIRAH",02-6023882,PHARMACY,24.467566,54.322406
BU HASA PHARMACY,AUH,"PLATINUM,G PLUS,GOLD,SILVER,BRONZE,BLUE,ASASI","ADNOC HEAD QUARTERS BUILDING,CORNICHE ROAD,AL KHUBEIRAH",02-6023882,PHARMACY,24.467566,54.322406
DABBAYIA PHARMACY,AUH,"PLATINUM,G PLUS,GOLD,SILVER,BRONZE,BLUE,ASASI","ADNOC HEAD QUARTERS BUILDING,CORNICHE ROAD,AL KHUBEIRAH",02-6023882,PHARMACY,24.467566,54.322406
ASAB PHARMACY,AUH,"PLATINUM,G PLUS,GOLD,SILVER,BRONZE,BLUE,ASASI","ADNOC HEAD QUARTERS BUILDING,CORNICHE ROAD,AL KHUBEIRAH",02-7070000,PHARMACY,24.467566,54.322406
ADNOC ONSHORE MEDICAL CENTRE PHARMACY,AUH,"PLATINUM,G PLUS,GOLD,SILVER,BRONZE,BLUE,ASASI","ADNOC HEAD QUARTERS BUILDING,CORNICHE ROAD,AL KHUBEIRAH",02-7070000,PHARMACY,24.467566,54.322406
DAS MEDICAL CENTER PHARMACY,AUH,"PLATINUM,G PLUS,GOLD,SILVER,BRONZE,BLUE,ASASI","ADNOC HEAD QUARTERS BUILDING,CORNICHE ROAD,AL KHUBEIRAH",02-7070000,PHARMACY,24.467566,54.322406
ZIRKU PHARMACY,AUH,"PLATINUM,G PLUS,GOLD,SILVER,BRONZE,BLUE,ASASI","ADNOC HEAD QUARTERS BUILDING,CORNICHE ROAD,AL KHUBEIRAH",02-6023882,PHARMACY,24.467566,54.322406
THUMBAY PHARMACY LLC BRANCH 3,AUH,"PLATINUM,G PLUS,GOLD,SILVER,BRONZE,BLUE,ASASI","OLD FISH MARKET,STREET AL NASIR STREET ,",02-6289371,PHARMACY,24.485353,54.355976
MEDICINE PLUS PHARMACY L.L.C,AUH,"PLATINUM,G PLUS,GOLD,SILVER,BRONZE,BLUE,ASASI","KHALFA-A, ALRAYANA COMPLEX",02-6665356,PHARMACY,24.411763,54.536145
SHEIKH SHAKHBOUT MEDICAL CITY OUTPATIENT PHARMACY- FIRST FLOOR,AUH,"PLATINUM,G PLUS,GOLD,SILVER,BRONZE,BLUE,ASASI",SHEIKH MAKTOUM ROAD,02-5011111,PHARMACY,24.32513,54.613673
SHEIKH SHAKHBOUT MEDICAL CITY OUTPATIENT PHARMACY- GROUND FLOOR,AUH,"PLATINUM,G PLUS,GOLD,SILVER,BRONZE,BLUE,ASASI",SHEIKH MAKTOUM ROAD,02-5011111,PHARMACY,24.32513,54.61367
SUMMER LAND PHARMACY L.L.C,AUH,"PLATINUM,G PLUS,GOLD,SILVER,BRONZE,BLUE,ASASI",SHAKHBOUT CITY,02-5848733,PHARMACY,24.20223,54.37408
FALCON PHARMACY L.L.C.,AUH,"PLATINUM,G PLUS,GOLD,SILVER,BRONZE,BLUE,ASASI","INDUSTRIAL SECTOR 18, SANAIYA 2, GHAYATHI",02-874 3164,PHARMACY,23.914896,52.804451
GOLDEN LIFE PHARMACY L.L.C,AUH,"PLATINUM,G PLUS,GOLD,SILVER,BRONZE,BLUE,ASASI",INSIDE YAS MALL ABU DHABI,04-5610000,PHARMACY,24.48855,54.608715
LIFE PHARMACY LLC BRANCH 31 BRANCH OF 6 BRANCH OF ABU DHABI 12,AUH,"PLATINUM,G PLUS,GOLD,SILVER,BRONZE,BLUE,ASASI","UNIT NO. G124, MADINAT ZAYED SHOPPING CENTER, ABU DHABI,",04-5610000,PHARMACY,24.484078,54.365993
BLUE OCEAN PHARMACY,AUH,"PLATINUM,G PLUS,GOLD,SILVER,BRONZE,BLUE,ASASI",MUSAFFAH ME10-OPPOSITE KARAM AL ARAB RESTURANT,02-5532323,PHARMACY,24.335626,54.536652
ALAZZAM PHARMACY L.L.C,AUH,"PLATINUM,G PLUS,GOLD,SILVER,BRONZE,BLUE,ASASI","AL MIRFA CITY, AL WAJEHA, AL BAHRIA",02-8825522,PHARMACY,24.098775,53.496021
PUBLIC HEALTH PHARMACY L.L.C,AUH,"PLATINUM,G PLUS,GOLD,SILVER,BRONZE,BLUE,ASASI",SHOP NO.2A PLOT NO F2C4_1MAGENTA PEARL VILLAGE,02-6678668,PHARMACY,24.259331,54.63144
LIFE PHARMACY LLC - BRANCH OF ABU DHABI 33,AUH,"PLATINUM,G PLUS,GOLD,SILVER,BRONZE,BLUE,ASASI","SHOP NO. B08/09- BASEMENT FLOOR, OPPOSITE TO CARREFOUR HYPERMARKET,   MARINA MALL,",04-5610000,PHARMACY,24.476264,54.321482
BURJEEL MEDICAL CITY PHARMACY LLC,AUH,"PLATINUM,G PLUS,GOLD,SILVER,BRONZE,BLUE,ASASI",MOHAMED BIN ZAYED,02-7773333,PHARMACY,24.354317,54.538929
REEM PHARMACY L.L.C,AUH,"PLATINUM,G PLUS,GOLD,SILVER,BRONZE,BLUE,ASASI","REEM ISLAND, OPPOSITE TO SORBONE UNIVERSITY",02-8152037,PHARMACY,24.490902,54.412898
SUPERCARE PHARMACY - BRANCH OF ABU DHABI 5,AUH,"PLATINUM,G PLUS,GOLD,SILVER,BRONZE,BLUE,ASASI","AL WAHDA MALL, AL ASALAH STREET, ABU DHABI",04-3504500,PHARMACY,24.4699,54.3723
SUPERCARE PHARMACY LLC - BRANCH OF ABU DHABI 4,AUH,"PLATINUM,G PLUS,GOLD,SILVER,BRONZE,BLUE,ASASI","ABU DHABI MALL, AL ZAHIYAH, ABU DHABI",04-3504500,PHARMACY,24.4959,54.3832
PHARMACY EXCELLENCY GHAYATHI POLY CLINICS - SOLE PROPRIETORSHIP L.L.C.,AUH,"PLATINUM,G PLUS,GOLD,SILVER,BRONZE,BLUE,ASASI","KHALIFA COMPLEX D&E 8 BLDG # 14, GHAYATHI, UAE",02-6777676,PHARMACY,24.490809,54.360899
FANAR PHARMACY BRANCH,AUH,"PLATINUM,G PLUS,GOLD,SILVER,BRONZE,BLUE,ASASI",KHALI FA STREET,02-4441811,PHARMACY,24.492917,54.361608
NEW PHARMACY COMPANY WLL- BRANCH 7,AUH,"PLATINUM,G PLUS,GOLD,SILVER,BRONZE,BLUE,ASASI","NEAR- INTERNATIONAL COMMUNITY SCHOOL, KARAMA",02-6144900,PHARMACY,24.27573,54.21157
NEW PHARMACY COMPANY W L L  BRANCH  ALSHAHAMA,AUH,"PLATINUM,G PLUS,GOLD,SILVER,BRONZE,BLUE,ASASI","170,OPPOSITE - DEERFIELDS MALL",02-5988422,PHARMACY,24.31124,54.40109
SUPERCARE PHARMACY - BRANCH OF ABU DHABI 1,AUH,"PLATINUM,G PLUS,GOLD,SILVER,BRONZE,BLUE,ASASI","YAS MALL, AL SHAHAMA,",02-5651654,PHARMACY,24.4885,54.6088
AH CARE PHARMACY LLC,AUH,"PLATINUM,G PLUS,GOLD,SILVER,BRONZE,BLUE,ASASI",CLOCK TOWER BUILDING AL NAJDA STREET,02-5465599,PHARMACY,24.485747,54.374166
ADSCC PHARMACY - SOLE PROPRIETORSHIP L.L.C.,AUH,"PLATINUM,G PLUS,GOLD,SILVER,BRONZE,BLUE,ASASI","VILLA NO. 25, AL MISAHA STREET, ROWDHAT",02-2086000,PHARMACY,24.424342,54.456193
AL MARIA MEDICAL CENTRE PHARMACY,AUH,"PLATINUM,G PLUS,GOLD,SILVER,BRONZE,BLUE,ASASI",BANIYAS EAST 7  VILLA 17,02-5551154,PHARMACY,24.300596,54.636469
LIFE CARE INTERNATIONAL PHARMACY L.L.C. - BRANCH,AUH,"PLATINUM,G PLUS,GOLD,SILVER,BRONZE,BLUE,ASASI","RAZEEN CAMP 1 , AL WATHBA",56-4060318,PHARMACY,24.215032,54.754626
BURJEEL PHARMACY AL DHAFRA MALL L.L.C.,AUH,"PLATINUM,G PLUS,GOLD,SILVER,BRONZE,BLUE,ASASI","AL SARAY STREET AL DHAFRA MALL FLOOR UGF 27 AL DHAFRA REGION, WESTERN REGION OF ABU DHABI",02-8848989,PHARMACY,23.639597,53.70949
SAMAYA PHARMACY L.L.C. - BRANCH,AUH,"PLATINUM,G PLUS,GOLD,SILVER,BRONZE,BLUE,ASASI","VILLA NO.125, AL ASAYIL STREET, STREET NO. 15, KHALIFA CITY A,",02-8853888,PHARMACY,24.415726,54.573645
SAMAYA PHARMACY L.L.C.,AUH,"PLATINUM,G PLUS,GOLD,SILVER,BRONZE,BLUE,ASASI","VILLA NO. 2, ALBATEEN STREET, OPPSOITE OF INDONESIAN EMBASSY,",02-8853888,PHARMACY,24.434067,54.37097
SUPER CARE PHARMACY L.L.C - BRANCH OF ABU DHABI 6,AUH,"PLATINUM,G PLUS,GOLD,SILVER,BRONZE,BLUE,ASASI","SHOP# B-106, AL MUNEERA ISLAND, ABU DHABI",04-3504500,PHARMACY,24.4528,54.6045
SUPER CARE PHARMACY LLC - BRANCH OF ABU DHABI 7,AUH,"PLATINUM,G PLUS,GOLD,SILVER,BRONZE,BLUE,ASASI","SHOP# G-039, YAS MALL, YAS ISLAND, ABU DHABI",02-6220988,PHARMACY,24.4958,54.604
AL KHAZNA HEALTH PHARMACY,AUH,"PLATINUM,G PLUS,GOLD,SILVER,BRONZE,BLUE,ASASI","BUILDING NUMBER 13 ,AL KHAZNA 1, AL AIN",02-8869238,PHARMACY,24.170566,55.109817
DROPS PHARMACY,AUH,"PLATINUM,G PLUS,GOLD,SILVER,BRONZE,BLUE,ASASI",AL AIN CITY -AL AMERAH AREA,03-7532705,PHARMACY,24.22255,55.5486
DROPS PHARMACY BRANCH 2,AUH,"PLATINUM,G PLUS,GOLD,SILVER,BRONZE,BLUE,ASASI",MBZ 12-,02-8868599,PHARMACY,24.33296,54.56714
DROPS PHARMACY BRANCH 3,AUH,"PLATINUM,G PLUS,GOLD,SILVER,BRONZE,BLUE,ASASI",MBZ 3,02-6229899,PHARMACY,24.36373,54.55162
DROPS PHARMACY BRANCH 4,AUH,"PLATINUM,G PLUS,GOLD,SILVER,BRONZE,BLUE,ASASI",TIWAYAH - ALAIN,03-7544694,PHARMACY,24.25883,55.69356
MEDICINA PHARMACY - BRANCH 18,AUH,"PLATINUM,G PLUS,GOLD,SILVER,BRONZE,BLUE,ASASI","WEST YAS  PLAZA YAS ISLAND,",02-5651144,PHARMACY,24.49353,54.58692
NEXT HEALTH PHARMACY - SOLE PROPRIETORSHIP L.L.C.,AUH,"PLATINUM,G PLUS,GOLD,SILVER,BRONZE,BLUE,ASASI","205, FIRST FLOOR, HAMEEM MALL, AL DHAFRAH REGION,",02-8867332,PHARMACY,24.155699,54.424946
SEHA KIDNEY CARE CENTER - CENTRAL PHARAMCY,AUH,"PLATINUM,G PLUS,GOLD,SILVER,BRONZE,BLUE,ASASI","ADMINISTRATION OFFICES, 2ND FLOOR, CLOSE TO MAFRAQ HOSPITAL",02-5012925,PHARMACY,24.32675,54.615861
MAX PHARMACY,AUH,"PLATINUM,G PLUS,GOLD,SILVER,BRONZE,BLUE,ASASI","BAIN AL JESSRAIN, RABDAN AREA",02-5555097,PHARMACY,24.403653,54.503753
SEHA KIDNEY CARE CENTER - ABU DHABI PHARMACY,AUH,"PLATINUM,G PLUS,GOLD,SILVER,BRONZE,BLUE,ASASI",HAAZA BIN ZAYED THE 1ST STREET.,02-8197992,PHARMACY,24.46977,54.368429
LLH PHARMACY ALMUSAFFAH L.L.C. - BRANCH1,AUH,"PLATINUM,G PLUS,GOLD,SILVER,BRONZE,BLUE,ASASI","AL ANDALUS, NEAR MEGA BAZAR GHIYATHI, AL DHAFRA",54-9950709,PHARMACY,24.01497,52.45326
LULU RAHA PHARMACY - LLC - BRANCH 1,AUH,"PLATINUM,G PLUS,GOLD,SILVER,BRONZE,BLUE,ASASI","BANIYAS, BANIYAS EAST",02-5562607,PHARMACY,24.438699,54.576487
LULU AL AIN PHARMACY LLC BRANCH,AUH,"PLATINUM,G PLUS,GOLD,SILVER,BRONZE,BLUE,ASASI","LULU HYPER MARKET, KUWAITAT, AL AIN",04-5774762,PHARMACY,24.2325,55.77372
LULU RAHA PHARMACY LLC,AUH,"PLATINUM,G PLUS,GOLD,SILVER,BRONZE,BLUE,ASASI","AL RAHA MALL, ABU DHABI",04-5774762,PHARMACY,24.439402,54.574448
MILLENNIUM HOSPITAL PHARMACY L.L.C.,AUH,"PLATINUM,G PLUS,GOLD,SILVER,BRONZE,BLUE,ASASI","MUSAFFAH, C 175, ME 9,",02-5649409,PHARMACY,24.34179,54.537435
KHALIDIYA LULU PHARMACY L L C BRANCH,AUH,"PLATINUM,G PLUS,GOLD,SILVER,BRONZE,BLUE,ASASI",SAADIYAT ISLAND. ABU DHABI,02-5467085,PHARMACY,24.470088,54.356522
IHERB PHARMACY L.L.C,AUH,"PLATINUM,G PLUS,GOLD,SILVER,BRONZE,BLUE,ASASI",2ND STREET BUILDING 86 AL MUTAREEDH AL AIN,03-7012090,PHARMACY,24.19167,55.76056
MEDICLINIC PHARMACY - ALNOOR - BRANCH,AUH,"PLATINUM,G PLUS,GOLD,SILVER,BRONZE,BLUE,ASASI",AL REEM ISLAND,02-4126110,PHARMACY,24.48809,54.40033
ALMAQAM PHARMACY - SOLE PROPRIETORSHIP L.L.C,AUH,"PLATINUM,G PLUS,GOLD,SILVER,BRONZE,BLUE,ASASI","ZAYED BIN SULTAN ST, 137 TOWN CENTER, MOHAMED RASHID BUILDING SHOP 4, ALAIN",03-7681188,PHARMACY,24.221278,55.77353
IBN SINA PHARMACY-SOLE PROPRIETORSHIP L.L.C.-BRANCH GLOBAL CARE,AUH,"PLATINUM,G PLUS,GOLD,SILVER,BRONZE,BLUE,ASASI",AL ASHQAR 37 STREET - AL MANHAL,02-8870931,PHARMACY,24.464277,54.36495
IBN SINA PHARMACY - SOLE PROPRIETORSHIP L.L.C. - BRANCH 7,AUH,"PLATINUM,G PLUS,GOLD,SILVER,BRONZE,BLUE,ASASI",Mall - First Floor - Bawabat Al Sharq - Abu Dhabi,02-5868724,PHARMACY,24.314357,54.620075
IBN SINA PHARMACY L.L.C. - BRANCH 9,AUH,"PLATINUM,G PLUS,GOLD,SILVER,BRONZE,BLUE,ASASI","Al Falah St, The Galleria Level 2, R2 Parking - Abu Dhabi",02-4919745,PHARMACY,24.504268,54.388053
IBN SINA PHARMACY SOLE PROPRIETORSHIP L.L.C - BRANCH 26,AUH,"PLATINUM,G PLUS,GOLD,SILVER,BRONZE,BLUE,ASASI",Souq Al jami Sheikh Zayed Grand Mosque Rd - Al Khaleej Al Arabi St - Abu Dhabi,02-6724141,PHARMACY,24.408459,54.473895
SHAMSHAD PHARMACY,AUH,"PLATINUM,G PLUS,GOLD,SILVER,BRONZE,BLUE,ASASI","SAFRAH INDUSTRIAL ZONE,MR.ABDULLAH,AL AIN",03-7532398,PHARMACY,24.191173,55.764853
HEALTH SENSE ALREEF PHARMACY L.L.C - O.P.C,AUH,"PLATINUM,G PLUS,GOLD,SILVER,BRONZE,BLUE,ASASI",C3O ALREEF -AL ALREEF - C3O,02-5021000,PHARMACY,24.458027,54.67334
SUPERCARE PHARMACY L.L.C - BRANCH OF ABU DHABI 10,AUH,"PLATINUM,G PLUS,GOLD,SILVER,BRONZE,BLUE,ASASI","SHOP NO. GF-F-188, AL REEM MALL",04-3504500,PHARMACY,24.4884,54.4002
MEDICINA PHARMACY - L.L.C - O.P.C - BRANCH,AUH,"PLATINUM,G PLUS,GOLD,SILVER,BRONZE,BLUE,ASASI",AL WATHBA - AL-WATHBA SOUTH,02-6261608,PHARMACY,24.26878,54.646932
MEDICINA PHARMACY - BRANCH,AUH,"PLATINUM,G PLUS,GOLD,SILVER,BRONZE,BLUE,ASASI",SHAKHBOUT CITY - MFW-4 - ABU DHABI,02-6261608,PHARMACY,24.351717,54.627396
MEDICINA PHARMACY - BRANCH,AUH,"PLATINUM,G PLUS,GOLD,SILVER,BRONZE,BLUE,ASASI",DHAFRA MALL - MADINAT ZA'ID - ABU DHABI,02-6261608,PHARMACY,23.63867,53.70961
BLACK FALCON PHARMACY - L.L.C,AUH,"PLATINUM,G PLUS,GOLD,SILVER,BRONZE,BLUE,ASASI","BIN ASHEER BUILDING, GHAYATHI NEW INDUSTRIAL AREA, GHAYATHI",02-8762647,PHARMACY,23.937972,52.8185
NEW PHARMACY COMPANY WLL,AUH,"PLATINUM,G PLUS,GOLD,SILVER,BRONZE,BLUE,ASASI","ELECTRA ST,DERMATOLOGY BLG,",02-6322379,PHARMACY,24.485183,54.361733
NMC PHARMACY-BRANCH 1,AUH,"PLATINUM,G PLUS,GOLD,SILVER,BRONZE,BLUE,ASASI","MADINAT ZAYED,COMMUNITY PHARMACY",02-6179143,PHARMACY,24.483417,54.365633
N M C PHARMACY,AUH,"PLATINUM,G PLUS,GOLD,SILVER,BRONZE,BLUE,ASASI","ELECTRA STREET,TOWER BLG PHARMACY",02-6179820,PHARMACY,24.48445,54.36215
MEDICLINIC PHARMACY -ALNOOR,AUH,"PLATINUM,G PLUS,GOLD,SILVER,BRONZE,BLUE,ASASI",KHALIFA STREET,02-6139101,PHARMACY,24.491133,54.360917
MEDICLINIC PHARMACY - MADINAT ZAYED 2,AUH,"PLATINUM,G PLUS,GOLD,SILVER,BRONZE,BLUE,ASASI","MADINAT ZAYED AREA,BRANCH 2",02-8848276,PHARMACY,23.668316,53.697437
IBN SINA PHARMACY LLC - MARINA MALL,AUH,"PLATINUM,G PLUS,GOLD,SILVER,BRONZE,BLUE,ASASI",MARINA MALL,02-6815630,PHARMACY,24.475617,54.321733
IBN SINA DANA PLAZA PHARMACY,AUH,"PLATINUM,G PLUS,GOLD,SILVER,BRONZE,BLUE,ASASI",DANA PLAZA,02-6669240,PHARMACY,24.472733,54.34645
IBN SINA PHARMACY L.L.C. - BRANCH 4,AUH,"PLATINUM,G PLUS,GOLD,SILVER,BRONZE,BLUE,ASASI",AL MUROOR,02-4498140,PHARMACY,24.433883,54.439067
IBN SINA PHARMACY KHALIFA CITY,AUH,"PLATINUM,G PLUS,GOLD,SILVER,BRONZE,BLUE,ASASI",KHALIFA CITY,02-5562140,PHARMACY,24.41965,54.565933
BINSINA PHARMACY DELMA MALL GROUND FLOOR,AUH,"PLATINUM,G PLUS,GOLD,SILVER,BRONZE,BLUE,ASASI","DELMA MALL, MUSSAFAH",02-5512385,PHARMACY,24.332864,54.523739
AL MANARA PHARMACY MARINA  MALL - LL.C-0.P.C,AUH,"PLATINUM,G PLUS,GOLD,SILVER,BRONZE,BLUE,ASASI",MARINA MALL,02-6812544,PHARMACY,24.475939,54.320137
MADINA ZAYED AL AHLYYA PHARMACY,AUH,"PLATINUM,G PLUS,GOLD,SILVER,BRONZE,BLUE,ASASI",MADINA ZAYED,02-8847177,PHARMACY,23.671783,53.699067
NEW ABU DHABI PHARMACY LLC,AUH,"PLATINUM,G PLUS,GOLD,SILVER,BRONZE,BLUE,ASASI",AL FALAH STREET(PASSPORT ROAD),02-6777625,PHARMACY,24.478333,54.36815
EASTERN AL AHLIA PHARMACY,AUH,"PLATINUM,G PLUS,GOLD,SILVER,BRONZE,BLUE,ASASI","INSIDE CHINA CAMP,MAFRAQ- BANI YAS",02-5856008,PHARMACY,24.256727,54.628462
HIKMAT AL AIN PHARMACY,AUH,"PLATINUM,G PLUS,GOLD,SILVER,BRONZE,BLUE,ASASI","AL SEEF VILLAGE,KHALIFA PARK",02-6411225,PHARMACY,24.207117,55.7197
HEALTH SHIELD MEDICAL CENTER LLC PHARMACY,AUH,"PLATINUM,G PLUS,GOLD,SILVER,BRONZE,BLUE,ASASI","LOCATED IN HEALTH SHIELD MC,ZONE 1MINISTRIES COMPLEX, AL NUZHA ST,AL MUNTAZAH",02-5837002,PHARMACY,24.493036,54.360137
TAHA PHARMACY - LLC,AUH,"PLATINUM,G PLUS,GOLD,SILVER,BRONZE,BLUE,ASASI","OLD PASSPORT ROAD, OPPOSITE FATHIMA",02-6343447,PHARMACY,24.480683,54.371583
AL THAKHASYSIYA ALTHIQA PHARMACY L.L.C.,AUH,"PLATINUM,G PLUS,GOLD,SILVER,BRONZE,BLUE,ASASI","AL FALAH ST., OPPOSITE JUMBO ELECTR",02-6316477,PHARMACY,24.47975,54.370283
TALAT PHARMACY AL MUSAFFAH,AUH,"PLATINUM,G PLUS,GOLD,SILVER,BRONZE,BLUE,ASASI",MUSAFFAH,02-5526909,PHARMACY,24.32395,54.535567
BURJEEL PHARMACY L L C BRANCH 10,AUH,"PLATINUM,G PLUS,GOLD,SILVER,BRONZE,BLUE,ASASI","DEERFIELD, MEZZANINE FLOOR",02-6263443,PHARMACY,24.4769,54.379133
AL KAMAL PHARMACY,AUH,"PLATINUM,G PLUS,GOLD,SILVER,BRONZE,BLUE,ASASI",KHALIDIYA ST. NEAR SHERATON,02-6669281,PHARMACY,24.47579,54.35044
"THE SPECIALIST DIABETES TREATMENT ""&"" RESEARCH CENTRE ( IMPERIAL COLLEGE LONDON DIABETES CENTRE ) L.L.C - OUTPATIENT PHARMACY - SOLE PROPRIETORSHIP L.L.C.",AUH,"PLATINUM,G PLUS,GOLD,SILVER,BRONZE,BLUE,ASASI",AL KHALEEJ AL ARABI ROAD,02-4040800,PHARMACY,24.420433,54.428267
HEALTH FIRST PHARMACY - BRANCH 4,AUH,"PLATINUM,G PLUS,GOLD,SILVER,BRONZE,BLUE,ASASI",ZAYED THE 1ST,02-6666427,PHARMACY,24.474233,54.350967
HEALTH FIRST PHARMACY - BRANCH 2,AUH,"PLATINUM,G PLUS,GOLD,SILVER,BRONZE,BLUE,ASASI",BANI YAS,02-5833655,PHARMACY,24.286832,54.641811
HEALTH FIRST PHARMACY - BRANCH 7,AUH,"PLATINUM,G PLUS,GOLD,SILVER,BRONZE,BLUE,ASASI",AIRPORT ROAD,02-4494209,PHARMACY,24.423323,54.451959
HEALTH FIRST PHARMACY BR - 8,AUH,"PLATINUM,G PLUS,GOLD,SILVER,BRONZE,BLUE,ASASI","BANIYAS , EAST 9",02-5823656,PHARMACY,24.487867,54.372483
HEALTH FIRST PHARMACY BR-3,AUH,"PLATINUM,G PLUS,GOLD,SILVER,BRONZE,BLUE,ASASI","MUSSAFFAH , EAST 10",02-5527070,PHARMACY,24.471545,54.368676
HEALTH FIRST PHARMACY BR - 6,AUH,"PLATINUM,G PLUS,GOLD,SILVER,BRONZE,BLUE,ASASI",ZAYED THE 1ST STREET,02-6668798,PHARMACY,24.47565,54.353367
HEALTH FIRST PHARMACY - BRANCH 5,AUH,"PLATINUM,G PLUS,GOLD,SILVER,BRONZE,BLUE,ASASI","MUSSAFAH , EAST 11",02-5530036,PHARMACY,24.328538,54.53073
HEALTH FIRST PHARMACY- BRANCH 9,AUH,"PLATINUM,G PLUS,GOLD,SILVER,BRONZE,BLUE,ASASI","AL BANDAL BUILDING, AL RAHA BEACH",02-5577611,PHARMACY,24.450117,54.60095
MARIAM PHARMACY LLC,AUH,"PLATINUM,G PLUS,GOLD,SILVER,BRONZE,BLUE,ASASI",AIRPORT ROAD,02-6421043,PHARMACY,24.4711,54.371217
LLH HOSPITAL PHARMACY,AUH,"PLATINUM,G PLUS,GOLD,SILVER,BRONZE,BLUE,ASASI",ELECTRA STREET,02-6333340,PHARMACY,24.488617,54.364467
WAHEEDA PHARMACY,AUH,"PLATINUM,G PLUS,GOLD,SILVER,BRONZE,BLUE,ASASI",AIRPORT ROAD,02-6420708,PHARMACY,24.477283,54.368617
ULTRA CARE PHARMACY,AUH,"PLATINUM,G PLUS,GOLD,SILVER,BRONZE,BLUE,ASASI",KARAMA STREET,02-4481111,PHARMACY,24.473717,54.352583
AL MARINA PHARMACY LLC,AUH,"PLATINUM,G PLUS,GOLD,SILVER,BRONZE,BLUE,ASASI","ELECTRA ST,OPP. VOLVO SHOWROOM",02-6343454,PHARMACY,24.487317,54.366166
MEDICLINIC PHARMACY - ALNOOR - BRANCH 1,AUH,"PLATINUM,G PLUS,GOLD,SILVER,BRONZE,BLUE,ASASI","AIRPORT ROAD,NEAR AIRPORT PARK,",02-4944590,PHARMACY,24.417181,54.461779
MEDICLINIC PHARMACY - AL MUSAFFAH 2,AUH,"PLATINUM,G PLUS,GOLD,SILVER,BRONZE,BLUE,ASASI",MUROOR ROAD,02-4066868,PHARMACY,24.49091,54.360292
AL ZIA PHARMACY - L.L.C,AUH,"PLATINUM,G PLUS,GOLD,SILVER,BRONZE,BLUE,ASASI",ME#12 SHAHABIYA KHALIFA MUSAFFAH,02-5529220,PHARMACY,24.324114,54.531302
LAHORE PHARMACY L.L.C,AUH,"PLATINUM,G PLUS,GOLD,SILVER,BRONZE,BLUE,ASASI","ME#40 IN FRONT OF ICAD CITY,MUSAFFA",02-5508988,PHARMACY,24.373317,54.53015
MANSOUR PHARMACY,AUH,"PLATINUM,G PLUS,GOLD,SILVER,BRONZE,BLUE,ASASI",FALAH STREET,02-6422287,PHARMACY,24.476067,54.366833
THE AMERICAN SURGECENTER PHARMACY,AUH,"PLATINUM,G PLUS,GOLD,SILVER,BRONZE,BLUE,ASASI","STREET NO 26 , VILLA NO: 408",02-4430909,PHARMACY,24.459933,54.363433
LLH HOSPITAL PHARMACY AL MUSAFFAH,AUH,"PLATINUM,G PLUS,GOLD,SILVER,BRONZE,BLUE,ASASI",MUSSAFAH,02-4116074,PHARMACY,24.378683,54.51845
LIFECARE INTERNATIONAL PHARMACY,AUH,"PLATINUM,G PLUS,GOLD,SILVER,BRONZE,BLUE,ASASI",MAFRAQ,02-5856661,PHARMACY,24.482683,54.364017
COSMESURGE & EMIRATES HOSP PHARMACY -BR1,AUH,"PLATINUM,G PLUS,GOLD,SILVER,BRONZE,BLUE,ASASI","KHALIFA CITY A,LAND 17",02-6798892,PHARMACY,24.403367,54.572801
AL AIN PHARMACY LLC,ALAIN,"PLATINUM,G PLUS,GOLD,SILVER,BRONZE,BLUE,ASASI","KHALIFA ST,NEAR GOLDEN.S RESTAURANT",03-7655120,PHARMACY,24.225251,55.759147
AL NASR PHARMACY - LLC,ALAIN,"PLATINUM,G PLUS,GOLD,SILVER,BRONZE,BLUE,ASASI","AL AIN MAIN ST,NEAR HAYAT CENTRE",03-7655771,PHARMACY,24.221763,55.772349
AL KHALEEJ PHARMACY,ALAIN,"PLATINUM,G PLUS,GOLD,SILVER,BRONZE,BLUE,ASASI",SAROOJ AREA,03-7644842,PHARMACY,24.245866,55.724112
MOTHER PHARMACY,ALAIN,"PLATINUM,G PLUS,GOLD,SILVER,BRONZE,BLUE,ASASI","TOWN CENTER, MAIN STREET",03-7518522,PHARMACY,24.222383,55.76965
AL SHAAB PHARMACY,ALAIN,"PLATINUM,G PLUS,GOLD,SILVER,BRONZE,BLUE,ASASI","HILTON ROAD, SAROOJ AREA",03-7511546,PHARMACY,24.218818,55.775752
EMIRATES PHARMACY.,ALAIN,"PLATINUM,G PLUS,GOLD,SILVER,BRONZE,BLUE,ASASI",MAIN STREET,03-7642717,PHARMACY,24.222667,55.781733
AL JAHILI CLINIC PHARMACY,ALAIN,"PLATINUM,G PLUS,GOLD,SILVER,BRONZE,BLUE,ASASI","143 SULTAN ST,AL MARAYEGH AREA,",03-7072066,PHARMACY,24.212475,55.748722
NEIMA CLINIC PHARMACY,ALAIN,"PLATINUM,G PLUS,GOLD,SILVER,BRONZE,BLUE,ASASI",NEIMA DISTRICT,03-7017718,PHARMACY,24.184783,55.627483
AL KHATIM HEALTH CENTER PHARMACY,ALAIN,"PLATINUM,G PLUS,GOLD,SILVER,BRONZE,BLUE,ASASI","E22,AL AIN HIGHWAY",03-7845328,PHARMACY,24.186367,54.996533
ZAKHER PRIMARY HEALTH CARE CENT PHARMACY,ALAIN,"PLATINUM,G PLUS,GOLD,SILVER,BRONZE,BLUE,ASASI",GAFAT AL NAYYAR,03-7828042,PHARMACY,24.13295,55.685133
AL AIN HOSPITAL PHARMACY,ALAIN,"PLATINUM,G PLUS,GOLD,SILVER,BRONZE,BLUE,ASASI","KHALIFA STREET, AL AIN HOSP BLDG.",03-7022770,PHARMACY,24.230412,55.733335
OUTPATIENT PHARMACY - OUD AL TOBA FMC,ALAIN,"PLATINUM,G PLUS,GOLD,SILVER,BRONZE,BLUE,ASASI",OUD AL TOBA,03-7022770,PHARMACY,24.2421,55.7373
WEST POLYCLINIC ALAIN HOSPITAL PHARMACY,ALAIN,"PLATINUM,G PLUS,GOLD,SILVER,BRONZE,BLUE,ASASI",SHAKHBOOT BIN SULTAN STREET,03-7022770,PHARMACY,24.206767,55.759583
MEZYAD PRIMARY HEALTH CARE CENTER PH,ALAIN,"PLATINUM,G PLUS,GOLD,SILVER,BRONZE,BLUE,ASASI",AL DHAHIR,03-7821918,PHARMACY,24.086033,55.8376
AL YAHAR PRIMARY HEALTH CARE CENTER PH,ALAIN,"PLATINUM,G PLUS,GOLD,SILVER,BRONZE,BLUE,ASASI",AL YAHAR AREA,03-7826772,PHARMACY,24.22805,55.5646
AL MAQAM PRIMARY HEALTH CARE CENTER PHAR,ALAIN,"PLATINUM,G PLUS,GOLD,SILVER,BRONZE,BLUE,ASASI","AL MAQAM AREA 23RD ST,",03-7684380,PHARMACY,24.185666,55.627421
AL MUWEIJI PRIMARY HEALTH CARE CENTER PH,ALAIN,"PLATINUM,G PLUS,GOLD,SILVER,BRONZE,BLUE,ASASI","AL RUWAIKAH,NEAR ALAIN COOP,",03-7678864,PHARMACY,24.206958,55.718921
AL HILI PRIMARY HEALTH CARE CENTER PHARM,ALAIN,"PLATINUM,G PLUS,GOLD,SILVER,BRONZE,BLUE,ASASI","CLOSE TO HILI FUN CITY,HILI AREA,",03-7321511,PHARMACY,24.22805,55.5646
AL QUAA PRIMARY HEALTH CARE CENTER PH,ALAIN,"PLATINUM,G PLUS,GOLD,SILVER,BRONZE,BLUE,ASASI","AL QUAA AREA, NEAR BIG MOSQUE",03-7356115,PHARMACY,23.397083,55.421717
REMAH PRIMARY HEALTHCARE CENTER PHARMACY,ALAIN,"PLATINUM,G PLUS,GOLD,SILVER,BRONZE,BLUE,ASASI",REMAH,03-7372211,PHARMACY,24.1814,55.332583
SWEIHAN HEALTH CENTER PHARMACY,ALAIN,"PLATINUM,G PLUS,GOLD,SILVER,BRONZE,BLUE,ASASI",SWEIHAN,03-7347318,PHARMACY,24.464617,55.32675
SHOWAIB HEALTH CENTER PHARMACY,ALAIN,"PLATINUM,G PLUS,GOLD,SILVER,BRONZE,BLUE,ASASI",SHOWAIB,03-7323302,PHARMACY,24.521439,54.369659
AL HAYER HEALTH CENTER PHARMACY,ALAIN,"PLATINUM,G PLUS,GOLD,SILVER,BRONZE,BLUE,ASASI","EASTERN REGION,AL HAYER AREA,",03-7321511,PHARMACY,24.581283,55.7321
MECCA PHARMACY,ALAIN,"PLATINUM,G PLUS,GOLD,SILVER,BRONZE,BLUE,ASASI",AL AIN OUD TUBA STREET,03-7518779,PHARMACY,24.226817,55.7575
RAFA PHARMACY,ALAIN,"PLATINUM,G PLUS,GOLD,SILVER,BRONZE,BLUE,ASASI",KHALIFA ST,03-7657006,PHARMACY,24.225583,55.76075
MAJED PHARMACY,ALAIN,"PLATINUM,G PLUS,GOLD,SILVER,BRONZE,BLUE,ASASI",MASHARE'A AL GHABA,03-7641117,PHARMACY,24.222967,55.769983
AL MADAR MEDICAL CENTER PHARMACY,ALAIN,"PLATINUM,G PLUS,GOLD,SILVER,BRONZE,BLUE,ASASI","ST# 25,ALJIMI AL AMERIA,AL KHABISI",03-7621414,PHARMACY,24.244005,55.720424
LULU AL AIN PHARMACY-LLC,ALAIN,"PLATINUM,G PLUS,GOLD,SILVER,BRONZE,BLUE,ASASI",SANAIYA,03-7212330,PHARMACY,24.219233,55.77555
LULU ALFOAH PHARMACY.LLC,ALAIN,"PLATINUM,G PLUS,GOLD,SILVER,BRONZE,BLUE,ASASI","AL FOAH,  ALFOAH MALL",03-7843221,PHARMACY,24.344233,55.7924
AIN AL KHALEEJ HOSPITAL PHARMACY,ALAIN,"PLATINUM,G PLUS,GOLD,SILVER,BRONZE,BLUE,ASASI","NEAR JIMI MALL,AL JIMI LABOUR ROAD,",03-7133111,PHARMACY,24.2458,55.724167
OASIS PHARMACY L.L.C,ALAIN,"PLATINUM,G PLUS,GOLD,SILVER,BRONZE,BLUE,ASASI","SAROOJ STREET , HILTON ROAD",,PHARMACY,24.215183,55.7771
ZAMZAM PHARMACY,ALAIN,"PLATINUM,G PLUS,GOLD,SILVER,BRONZE,BLUE,ASASI",HILAL MOHD. HILAL AL KUWAITI BLDG,03-7215554,PHARMACY,24.19135,55.764533
NOVA PHARMACY,ALAIN,"PLATINUM,G PLUS,GOLD,SILVER,BRONZE,BLUE,ASASI","BLDG. A6, NOOR RESIDENCES",03-7550388,PHARMACY,24.225825,55.729698
HEALTH FIRST PHARMACY BRANCH 11,ALAIN,"PLATINUM,G PLUS,GOLD,SILVER,BRONZE,BLUE,ASASI","SOUQ EXTRA MALL,AL BATEEN",03-7804288,PHARMACY,24.13059,55.38268
CARE HOSPITAL PHARMACY,ALAIN,"PLATINUM,G PLUS,GOLD,SILVER,BRONZE,BLUE,ASASI","AL JAHILI AREA,",03-7552291,PHARMACY,24.214831,55.757662
NAHEL AL AIN PHARMACY LLC,ALAIN,"PLATINUM,G PLUS,GOLD,SILVER,BRONZE,BLUE,ASASI",KHALIFA ST,03-7654438,PHARMACY,24.207093,55.719852
AL RODA PHARMACY LLC,ALAIN,"PLATINUM,G PLUS,GOLD,SILVER,BRONZE,BLUE,ASASI",KHALIFA ST,03-7654438,PHARMACY,24.203104,55.761887
JAHILY PHARMACY - SOLE PROPRIETORSHIP L.L.C,ALAIN,"PLATINUM,G PLUS,GOLD,SILVER,BRONZE,BLUE,ASASI",AL JAHILY AREA- NEAR MEGA MART,03-7619455,PHARMACY,24.21289,55.756218
ULTRA MEDICAL CENTER PHARMACY.,ALAIN,"PLATINUM,G PLUS,GOLD,SILVER,BRONZE,BLUE,ASASI","VILLA:# 20, STREET:# 2 AL JIMMI AL",03-7625500,PHARMACY,24.242576,55.728483
MEDICLINIC PHARMACY - ALAIN - BRANCH 5,ALAIN,"PLATINUM,G PLUS,GOLD,SILVER,BRONZE,BLUE,ASASI",NEAR AL AIN PARADISE PARK,03-7375558,PHARMACY,24.244062,55.72024
PRIDE PHARMACY,ALAIN,"PLATINUM,G PLUS,GOLD,SILVER,BRONZE,BLUE,ASASI","STREET NO.06, HILI, SANAIYA",03-7998706,PHARMACY,24.225349,55.759108
NOOR ALAHLI PHARMACY,ALAIN,"PLATINUM,G PLUS,GOLD,SILVER,BRONZE,BLUE,ASASI","BUILDING NO 243 A,OLD POLICE ST",03-7673627,PHARMACY,24.487974,54.36035
AL WAGAN HOSPITAL PHARMACY,ALAIN,"PLATINUM,G PLUS,GOLD,SILVER,BRONZE,BLUE,ASASI",AL WAGAN HOSPITAL,03-7017811,PHARMACY,23.637172,55.566415
AL TOWAYYA CHILDREN'S SPECIALTY CENT PH,ALAIN,"PLATINUM,G PLUS,GOLD,SILVER,BRONZE,BLUE,ASASI","111TH ST, AL TOWAYYA",02-8113202,PHARMACY,24.261292,55.692347
TAWAM HOSPITAL OUTPATIENT PHARMACY,ALAIN,"PLATINUM,G PLUS,GOLD,SILVER,BRONZE,BLUE,ASASI",TAWAM HOSPITAL,03-7677444,PHARMACY,24.19594,55.649909
POLY CLINIC PHARMACY,ALAIN,"PLATINUM,G PLUS,GOLD,SILVER,BRONZE,BLUE,ASASI",POLY CLINIC,03-7677444,PHARMACY,24.222499,55.758553
DISEASE PREVENTION & SCREENING CENT PH,ALAIN,"PLATINUM,G PLUS,GOLD,SILVER,BRONZE,BLUE,ASASI",DISEASE PREVENTION & SCREENING CENT,03-7677444,PHARMACY,24.237431,55.778424
GHANTOOT PHARMACY,ALAIN,"PLATINUM,G PLUS,GOLD,SILVER,BRONZE,BLUE,ASASI","MEZYAD ROAD, AL DHAHER",03-7822300,PHARMACY,24.085197,55.833869
MEDICLINIC PHARMACY-ALAIN-BRANCH 3,ALAIN,"PLATINUM,G PLUS,GOLD,SILVER,BRONZE,BLUE,ASASI","CIVIC CENTER,AL AIN",03-7051781,PHARMACY,24.157911,55.820869
SULEIMAN MEDICAL CENTER PHARMACY,ALAIN,"PLATINUM,G PLUS,GOLD,SILVER,BRONZE,BLUE,ASASI","7TH STREET, MASOUDI ROAD",03-7618001,PHARMACY,24.217643,55.792841
BURJEEL FARHA PHARMACY LLC,ALAIN,"PLATINUM,G PLUS,GOLD,SILVER,BRONZE,BLUE,ASASI","BIDA BIN AMMAR ST, ASHAREJ",03-7099000,PHARMACY,24.200845,55.66031
HANADI PHARMACY,ALAIN,"PLATINUM,G PLUS,GOLD,SILVER,BRONZE,BLUE,ASASI","AL WAGAN, AL AIN",03-7351400,PHARMACY,23.639282,55.564901
AL MANARA PHARMACY - SOLE PROPRIETORSHIP L.L.C - BRANCH,ALAIN,"PLATINUM,G PLUS,GOLD,SILVER,BRONZE,BLUE,ASASI",ALAIN COPERATIVE SOCIETY ZAKHER,03-7853816,PHARMACY,24.224848,55.760748
AL MANARA PHARMACY BOUTIK MALL,ALAIN,"PLATINUM,G PLUS,GOLD,SILVER,BRONZE,BLUE,ASASI",BOUTIK MALL ABU DHABI,03-7644117,PHARMACY,24.222935,55.782221
AL MANARA PHARMACY-AL BAWADI MALL,ALAIN,"PLATINUM,G PLUS,GOLD,SILVER,BRONZE,BLUE,ASASI","AL BAWADI MALL,MAZYAD STREET,",03-7848802,PHARMACY,24.222987,55.782413
ALMANARA PHARMACY HILLI MALL,ALAIN,"PLATINUM,G PLUS,GOLD,SILVER,BRONZE,BLUE,ASASI",HILI AREA,03-7848802,PHARMACY,24.276846,55.763497
MEDICINA PHARMACY - BRANCH 8,ALAIN,"PLATINUM,G PLUS,GOLD,SILVER,BRONZE,BLUE,ASASI","ARMED FORCES COOPERATIVE SOCIETY, SHAB AL ASHKHAR",03-7664715,PHARMACY,24.152688,55.720307
HEALTH FIRST PHARMACY BRANCH 14,ALAIN,"PLATINUM,G PLUS,GOLD,SILVER,BRONZE,BLUE,ASASI","SHOP NO F14,ZAYED BIN SULTHAN STREET,BARARI OUTLET MALL AL AIN",03-7675176,PHARMACY,24.221327,55.762729
BURJEEL PHARMACY BARARI MALL LLC,ALAIN,"PLATINUM,G PLUS,GOLD,SILVER,BRONZE,BLUE,ASASI","BARARI OUTLET MALL,UPPER SECOND FLOOR ,SHOP NO 1",03-7991532,PHARMACY,24.086406,55.829962
MEDSTAR PHARMACY SANAIYA ALAIN LLC,ALAIN,"PLATINUM,G PLUS,GOLD,SILVER,BRONZE,BLUE,ASASI","SANAIYA,AL AIN",03-7060460,PHARMACY,24.220691,55.773234
BURJEEL ROYAL PHARMACY  L.L.C.,ALAIN,"PLATINUM,G PLUS,GOLD,SILVER,BRONZE,BLUE,ASASI","DOWN TOWN COMMERCIAL & RESIDENTIAL CENTER, QESAIDEH SECTOR",03-7991111,PHARMACY,24.223943,55.758361
CLASSIC CARE PHARMACY,ALAIN,"PLATINUM,G PLUS,GOLD,SILVER,BRONZE,BLUE,ASASI","PLOT 12, GROUND FLOOR CLASSIC CARE PHARMACY NEAR SWEIHAN POLICE STATION , SWEIHAN ALHAYER ROAD, SWEI",03-7346110,PHARMACY,24.089886,55.720098
MEDICINA PHARMACY - BRANCH 12,ALAIN,"PLATINUM,G PLUS,GOLD,SILVER,BRONZE,BLUE,ASASI",AL JIMI AREA,03-7555957,PHARMACY,24.22686,55.738748
IRVINE PHARMACY,ALAIN,"PLATINUM,G PLUS,GOLD,SILVER,BRONZE,BLUE,ASASI","SHAIKH SAEED BIN MOHAMMED AL NAHYAN BUILDING, MAIN STREET",03-7661516,PHARMACY,24.221791,55.758234
OASIS PHARMACY LLC,ALAIN,"PLATINUM,G PLUS,GOLD,SILVER,BRONZE,BLUE,ASASI","SAROOJ STREET , HILTON ROAD",,PHARMACY,25.223549,55.284807
ALMAGD CENTER PHARMACY-SOLE PROPRIETORSHIP LLC,ALAIN,"PLATINUM,G PLUS,GOLD,SILVER,BRONZE,BLUE,ASASI","SANIYA , BEHIND AL MASOOD MOTORS, ST N 5",03-7216406,PHARMACY,24.188351,55.76018
MOON LIGHT MEDICAL CENTER PHARMACY L.L.C.,ALAIN,"PLATINUM,G PLUS,GOLD,SILVER,BRONZE,BLUE,ASASI","PLOT 37, ROAD 15 BATHA AL HAYER,SANAIYA,ALAIN",03-7519966,PHARMACY,24.189607,55.75599
FAIZAN PHARMACY,ALAIN,"PLATINUM,G PLUS,GOLD,SILVER,BRONZE,BLUE,ASASI",HIRAJ ROUNDABOUT NEW SNAYEA ALAIN,03-7530336,PHARMACY,24.17718,55.767257
CURE PLUS PHARMACY,ALAIN,"PLATINUM,G PLUS,GOLD,SILVER,BRONZE,BLUE,ASASI","SHAKBOOT BIN SULTAN ST. AL SIDRAH, AL KHABISI, AL AIN",03-7655511,PHARMACY,24.1309,55.41169
THUMBAY PHARMACY LLC BRANCH 1,ALAIN,"PLATINUM,G PLUS,GOLD,SILVER,BRONZE,BLUE,ASASI","MAKANI ZAKHER MALL,NEXT TO NEIMA SCHOOL,AL GRAYYEH,AL AIN",03-7818000,PHARMACY,24.110126,55.702814
MUNICH MEDICAL CENTER PHARMACY L.L.C,ALAIN,"PLATINUM,G PLUS,GOLD,SILVER,BRONZE,BLUE,ASASI","OPPOSITE FALAJ HAZZA POLICE STATION,FALAJ HAZZA,",03-76368001,PHARMACY,24.1997,55.7299
EMIRATES INTERNATIONAL HOSPITAL PHARMACY,ALAIN,"PLATINUM,G PLUS,GOLD,SILVER,BRONZE,BLUE,ASASI","AL - KHABISI, 11TH STREET, OPPOSITE TO CONVENTIONAL CENTER,",03-7637777,PHARMACY,24.234003,55.722939
CZECH REHABILITATION PHARMACY SOLE PROPRIETORSHIP L L C - SOLE PROPRIETORSHIP L.L.C.,ALAIN,"PLATINUM,G PLUS,GOLD,SILVER,BRONZE,BLUE,ASASI",CZECH REHABILITATION HOSPITAL - 31 JIMI AREA - AL AIN,03-7195005,PHARMACY,24.246037,55.72163
GRACE PHARMACY,ALAIN,"PLATINUM,G PLUS,GOLD,SILVER,BRONZE,BLUE,ASASI","72 STREET, AL YAHAR AL AIN",03-7550227,PHARMACY,24.22319,55.549765
TRUE LIFE PHARMACY - SOLE PROPRIETORSHIP L.L.C.,ALAIN,"PLATINUM,G PLUS,GOLD,SILVER,BRONZE,BLUE,ASASI","INDUSTRIAL ZONE, SALAM DIVISION, 122: KHALIFA BIN ZAYED THE FIRST STREET, BUILDING, MR. MUHAMMAD THA",03-7854443,PHARMACY,24.202737,55.748021
ONCOLOGY OUTPATIENT PHARMACY,ALAIN,"PLATINUM,G PLUS,GOLD,SILVER,BRONZE,BLUE,ASASI","TAWAM CAMPUS, AL MAQAM AL AIN",03-7075942,PHARMACY,24.11447,55.38546
SEHA KIDNEY CARE CENTER - AL AIN PHARMACY,ALAIN,"PLATINUM,G PLUS,GOLD,SILVER,BRONZE,BLUE,ASASI","TAWAM, NEAR ABELA SUPERMARKET",03-7677444,PHARMACY,24.195769,55.65037
MEDICINA PHARMACY - L.L.C - O.P.C - BRANCH,ALAIN,"PLATINUM,G PLUS,GOLD,SILVER,BRONZE,BLUE,ASASI",ALSALAMAT,02-6261608,PHARMACY,24.20691,55.593057
MODERN IBN SINA PHARMACY,ALAIN,"PLATINUM,G PLUS,GOLD,SILVER,BRONZE,BLUE,ASASI",JIMI MALL,03-7620605,PHARMACY,24.244183,55.726617
AL AIN AL AHALIA PHARMACY,ALAIN,"PLATINUM,G PLUS,GOLD,SILVER,BRONZE,BLUE,ASASI",KHALIFA ST.OPP.TO SAHARA RESTAURANT,03-7557979,PHARMACY,24.225267,55.7564
TAIBAH ALAIN PHARMACY,ALAIN,"PLATINUM,G PLUS,GOLD,SILVER,BRONZE,BLUE,ASASI",JUMI STREET,03-7544088,PHARMACY,24.227817,55.7373
SOFITEL PHARMACY,ALAIN,"PLATINUM,G PLUS,GOLD,SILVER,BRONZE,BLUE,ASASI",AL MAQAM STREET,03-7676439,PHARMACY,24.19765,55.657517
NEW AL AIN PHARMACY,ALAIN,"PLATINUM,G PLUS,GOLD,SILVER,BRONZE,BLUE,ASASI",AL MUWAIJII STREET,03-7554440,PHARMACY,24.224033,55.731017
NATIONAL ALAIN PHARMACY,ALAIN,"PLATINUM,G PLUS,GOLD,SILVER,BRONZE,BLUE,ASASI",HILI STREET,03-7627116,PHARMACY,24.2768,55.76345
AL AIN MODERN PHARMACY,ALAIN,"PLATINUM,G PLUS,GOLD,SILVER,BRONZE,BLUE,ASASI","AL SAFA COMM.CENTRE,JIMI MALL,JIMI,",03-7655120,PHARMACY,24.242411,55.730466
COOPERATIVE PHARMACY (AL AIN),ALAIN,"PLATINUM,G PLUS,GOLD,SILVER,BRONZE,BLUE,ASASI",MANASEER STREET,03-7675093,PHARMACY,24.207178,55.719869
AL AIN PHARMACY BAWADI MALL,ALAIN,"PLATINUM,G PLUS,GOLD,SILVER,BRONZE,BLUE,ASASI","GRD. FLOOR BAWADI MALL,MAZYAD ST.",03-2690684,PHARMACY,24.159676,55.808335
ADVANCED AL AIN PHARMACY,ALAIN,"PLATINUM,G PLUS,GOLD,SILVER,BRONZE,BLUE,ASASI","AL SAROOJ-HILTON STREET,",03-7513960,PHARMACY,24.217232,55.775903
SPECIALIZED MEDICAL CARE  HOSPITAL PHARM,ALAIN,"PLATINUM,G PLUS,GOLD,SILVER,BRONZE,BLUE,ASASI",AL JAHLI,03-7552291,PHARMACY,24.214783,55.75765
"THE SPECIALIST DIABETES TREATMENT ""&"" RESEARCH CENTRE ( IMPERIAL COLLEGE LONDON DIABETES CENTRE ) L.L.C - OUTPATIENT PHARMACY -SOLE PROPRIETORSHIP L.L.C. - BRANCH 1",ALAIN,"PLATINUM,G PLUS,GOLD,SILVER,BRONZE,BLUE,ASASI",NEAR TAWAM HOSPITAL,03-7464800,PHARMACY,24.195783,55.647933
MUBARAK PHARMACY,ALAIN,"PLATINUM,G PLUS,GOLD,SILVER,BRONZE,BLUE,ASASI",ZAYED BIN SULTAN STREET,03-7515992,PHARMACY,24.222933,55.7654
HEALTH FIRST PHARMACY BRANCH 1,ALAIN,"PLATINUM,G PLUS,GOLD,SILVER,BRONZE,BLUE,ASASI",MAIN STREET,03-7662131,PHARMACY,24.276817,55.7635
NEW MEDICAL CENTRE PHARMACY - LLC AL AIN,ALAIN,"PLATINUM,G PLUS,GOLD,SILVER,BRONZE,BLUE,ASASI","OPP.POLICE HQ,NEAR ZAYED SCHOOL",03-7030322,PHARMACY,24.230167,55.7427
MEDICLINIC PHARMACY - ALAIN - BRANCH 4,ALAIN,"PLATINUM,G PLUS,GOLD,SILVER,BRONZE,BLUE,ASASI",KHALIFA STREET,03-7060104,PHARMACY,24.490908,54.360736
MEDICLINIC PHARMACY - ALAIN,ALAIN,"PLATINUM,G PLUS,GOLD,SILVER,BRONZE,BLUE,ASASI","KHALIFA ST, MIDTOWN AREA",03-7060405,PHARMACY,24.224424,55.767972
MEDICLINIC PHARMACY - ALAIN - BRANCH 1,ALAIN,"PLATINUM,G PLUS,GOLD,SILVER,BRONZE,BLUE,ASASI","HAMAD SAIF MOHD BLDG,AL YAHAR AREA",03-7816603,PHARMACY,24.249917,55.583267
JUMEIRA PHARMACY,DXB,"PLATINUM,G PLUS,GOLD,SILVER,BRONZE,BLUE,ASASI","AL DIYAFA STREET, SATWA",04-3459941,PHARMACY,25.236518,55.276092
MODERN PHARMACY (DUBAI),DXB,"PLATINUM,G PLUS,GOLD,SILVER,BRONZE,BLUE,ASASI",AL MAKTOUM ROAD SHEIKHA MARIAM BLDG,04-2824144,PHARMACY,25.23415,55.320333
COUNTRY PHARMACY (DUBAI),DXB,"PLATINUM,G PLUS,GOLD,SILVER,BRONZE,BLUE,ASASI",BUR DUBAI AL FAHIDI STREET,04-3536689,PHARMACY,25.262856,55.291735
SONDOS PHARMACY (LLC),DXB,"PLATINUM,G PLUS,GOLD,SILVER,BRONZE,BLUE,ASASI",AL DIYAFA STREET,04-3460660,PHARMACY,25.237533,55.2745
BADER PHARMACY,DXB,"PLATINUM,G PLUS,GOLD,SILVER,BRONZE,BLUE,ASASI","GROUND FLOOR,KIFAF 2 BUILDING,NEAR SUNRISE SUPERMARKET,OPPOSITE CITY CORNER,KARAMA",04-3348129,PHARMACY,25.245788,55.301296
UNION PHARMACY,DXB,"PLATINUM,G PLUS,GOLD,SILVER,BRONZE,BLUE,ASASI","BUR DUBAI, NEAR AL RAFA POLYCLINIC",04-3935619,PHARMACY,25.260233,55.289917
NEW AL QUOZ PHARMACY,DXB,"PLATINUM,G PLUS,GOLD,SILVER,BRONZE,BLUE,ASASI",NEAR NEW GRAND MALL - AL QOUZ,04-3385854,PHARMACY,25.145383,55.243967
AL SHIFA PHARMACY,DXB,"PLATINUM,G PLUS,GOLD,SILVER,BRONZE,BLUE,ASASI",AL KARAMA,04-3969469,PHARMACY,25.248701,55.303099
MEDI PRIME PHARMACY LLC,DXB,"PLATINUM,G PLUS,GOLD,SILVER,BRONZE,BLUE,ASASI","AL REEF MALL, SALHUDDING ROAD",04-2720720,PHARMACY,25.269567,55.3225
AL JUMA PHARMACY,DXB,"PLATINUM,G PLUS,GOLD,SILVER,BRONZE,BLUE,ASASI","OPP. LULU CENTRE, KARAMA",04-3348981,PHARMACY,25.245848,55.302815
SHINDAGHA PHARMACY,DXB,"PLATINUM,G PLUS,GOLD,SILVER,BRONZE,BLUE,ASASI","CARREFOUR HYPERMARKET,BUR DUBAI",04-3933889,PHARMACY,25.2521,55.330933
AREEJ PHARMACY,DXB,"PLATINUM,G PLUS,GOLD,SILVER,BRONZE,BLUE,ASASI","MUSALLA ROAD, BURDUBAI",04-3522299,PHARMACY,25.258364,55.298652
AL EHSAN PHARMACY,DXB,"PLATINUM,G PLUS,GOLD,SILVER,BRONZE,BLUE,ASASI","TALAL SUPERMARKET, AL SHAAB AREA",04-2975986,PHARMACY,25.27876,55.336726
AJMAL PHARMACY,DXB,"PLATINUM,G PLUS,GOLD,SILVER,BRONZE,BLUE,ASASI","OPP. TO FISH MARKET,KARAMA",04-3360801,PHARMACY,25.252178,55.301805
AL RAIS PHARMACY,DXB,"PLATINUM,G PLUS,GOLD,SILVER,BRONZE,BLUE,ASASI",AL MANKHOUL ROAD,04-3519581,PHARMACY,25.256355,55.294779
NEW AL SHIFA PHARMACY,DXB,"PLATINUM,G PLUS,GOLD,SILVER,BRONZE,BLUE,ASASI",INTERNATIONAL CITY,04-4227474,PHARMACY,25.168117,55.4032
IQRA PHARMACY,DXB,"PLATINUM,G PLUS,GOLD,SILVER,BRONZE,BLUE,ASASI","NAIF STREET, OPP.AL FUTTAIM MOSQUE",04-2289164,PHARMACY,25.273033,55.315583
MEDI PRIME AL MIZHAR PHARMACY LLC,DXB,"PLATINUM,G PLUS,GOLD,SILVER,BRONZE,BLUE,ASASI","ARABIAN CENTER,AL KHAWANEJ ROAD, AL",04-2845674,PHARMACY,25.235133,55.436
MODERN MEDI PRIME PHARMACY LLC,DXB,"PLATINUM,G PLUS,GOLD,SILVER,BRONZE,BLUE,ASASI","SHEIKH ZAYED ROAD, ADJACENT TO NISS",04-3387387,PHARMACY,25.15495,55.229667
MEDSHOP GARDEN PHARMACY,DXB,"PLATINUM,G PLUS,GOLD,SILVER,BRONZE,BLUE,ASASI",DISCOVERY GARDEN DUBAI,04-4329596,PHARMACY,25.047333,55.130583
MUSALLA TOWER PHARMACY,DXB,"PLATINUM,G PLUS,GOLD,SILVER,BRONZE,BLUE,ASASI",BUR DUBAI,04-3964118,PHARMACY,25.258383,55.29835
ASTER AL SHAFAR PHARMACY LLC,DXB,"PLATINUM,G PLUS,GOLD,SILVER,BRONZE,BLUE,ASASI",LAMCY PLAZA,04-3352727,PHARMACY,25.234183,55.307967
AL FAISAL PHARMACY,DXB,"PLATINUM,G PLUS,GOLD,SILVER,BRONZE,BLUE,ASASI","NEAR CHOITHRAM, UMM SUQUEIM ST.",04-3485102,PHARMACY,25.186739,55.238933
SARA PHARMACY,DXB,"PLATINUM,G PLUS,GOLD,SILVER,BRONZE,BLUE,ASASI","SPINNEYS, KARAMA STREET",04-3593330,PHARMACY,25.249317,55.29995
AL AWEER SOCIETY PHARMACY,DXB,"PLATINUM,G PLUS,GOLD,SILVER,BRONZE,BLUE,ASASI","UNION COOP,",04-3201900,PHARMACY,25.270337,55.371624
DRAGON PHARMACY FZE,DXB,"PLATINUM,G PLUS,GOLD,SILVER,BRONZE,BLUE,ASASI",DRAGON MARKET,04-3687409,PHARMACY,25.174019,55.4161
UP TOWN PHARMACY,DXB,"PLATINUM,G PLUS,GOLD,SILVER,BRONZE,BLUE,ASASI","UPTOWN COMPLEX , MIRDIFF",04-2888058,PHARMACY,25.223883,55.424417
DRAGON MART PHARMACY,DXB,"PLATINUM,G PLUS,GOLD,SILVER,BRONZE,BLUE,ASASI","DRAGON MART AREA,",04-3687450,PHARMACY,25.174019,55.4161
JABAL ALI GARDENS PHARMACY,DXB,"PLATINUM,G PLUS,GOLD,SILVER,BRONZE,BLUE,ASASI","ENOC STATION, INB BATOOTA MALL",04-8820828,PHARMACY,25.039367,55.11525
UM HURAIR PHARMACY,DXB,"PLATINUM,G PLUS,GOLD,SILVER,BRONZE,BLUE,ASASI","G5&G6 J3 MALL,AL MANARAH, JUMERAH,",04-3383766,PHARMACY,25.245767,55.306517
HIGH WAY PHARMACY,DXB,"PLATINUM,G PLUS,GOLD,SILVER,BRONZE,BLUE,ASASI","ENOC STATION, OPP. WASL HOSP.",04-3375552,PHARMACY,25.222633,55.318433
AL FARDOOS PHARMACY,DXB,"PLATINUM,G PLUS,GOLD,SILVER,BRONZE,BLUE,ASASI","MINI CO-OP, AL MAMZAR AREA,",04-3334133,PHARMACY,25.160296,55.401308
SUPERCARE JUMEIRAH PHARMACY,DXB,"PLATINUM,G PLUS,GOLD,SILVER,BRONZE,BLUE,ASASI","MAGRUDY'S SHOPPING MALL, JUMEIRAH B",04-3445246,PHARMACY,25.231033,55.2634
SUPERCARE PHARMACY (AL WASL),DXB,"PLATINUM,G PLUS,GOLD,SILVER,BRONZE,BLUE,ASASI","SAFA CENTER, AL WASL ROAD",04-3943595,PHARMACY,25.18915,55.240583
NEW SUPER CARE PHARMACY (MEDIA CITY),DXB,"PLATINUM,G PLUS,GOLD,SILVER,BRONZE,BLUE,ASASI","BUILDING # 7, DUBAI MEDIA CITY",04-3902445,PHARMACY,25.095383,55.157433
SUPERCARE PHARMACY (MANKHOOL),DXB,"PLATINUM,G PLUS,GOLD,SILVER,BRONZE,BLUE,ASASI","NASHWAN BUILDING,MANKHOOL ROAD",04-3989092,PHARMACY,25.248983,55.2866
SUPERCARE GARDENS PHARMACY,DXB,"PLATINUM,G PLUS,GOLD,SILVER,BRONZE,BLUE,ASASI",IBN BATTUTA MALL,04-3669800,PHARMACY,25.044983,55.120483
SUPER CARE EMIRATES PHARMACY,DXB,"PLATINUM,G PLUS,GOLD,SILVER,BRONZE,BLUE,ASASI","GROUND FLOOR, OPPOSITE FOOD COURT",04-3410871,PHARMACY,25.1181,55.2006
SUPERCARE PHARMACY (FESTIVAL CITY),DXB,"PLATINUM,G PLUS,GOLD,SILVER,BRONZE,BLUE,ASASI","DUBAI FESTIVAL CITY, BELOW IKEA",04-2325577,PHARMACY,25.221883,55.356083
SUPERCARE PHARMACY (BR) DUBAI MALL,DXB,"PLATINUM,G PLUS,GOLD,SILVER,BRONZE,BLUE,ASASI","LOWER GROUND LEVEL , DUBAI MALL",04-4341687,PHARMACY,25.19685,55.279433
SUPERCARE PHARMACY ARABIAN CENTER,DXB,"PLATINUM,G PLUS,GOLD,SILVER,BRONZE,BLUE,ASASI",ARABIAN CENTER MIRDIFF,04-2845540,PHARMACY,25.235517,55.43615
SUPERCARE PHARMACY OASIS CENTRE,DXB,"PLATINUM,G PLUS,GOLD,SILVER,BRONZE,BLUE,ASASI","GROUND FLOOR, OASIS CENTER",04-3397683,PHARMACY,25.169733,55.241333
AL MANKHOOL PHARMACY,DXB,"PLATINUM,G PLUS,GOLD,SILVER,BRONZE,BLUE,ASASI",SHOP NO 3 TRIO3 BUILDING AL NAHDA,04-3377329,PHARMACY,25.244662,55.299843
AL RAFAH PHARMACY,DXB,"PLATINUM,G PLUS,GOLD,SILVER,BRONZE,BLUE,ASASI","BEHIND PLAZA CINEMA,BUR DUBAI",04-3939402,PHARMACY,25.252386,55.286601
YARA PHARMACY (DUBAI),DXB,"PLATINUM,G PLUS,GOLD,SILVER,BRONZE,BLUE,ASASI","AL RIQQA ROAD NEAR KFC,DEIRA",04-2225593,PHARMACY,25.266083,55.319383
BETTER LIFE PHARMACY - DUBAI,DXB,"PLATINUM,G PLUS,GOLD,SILVER,BRONZE,BLUE,ASASI","GRAND MALL CITY,AL QUOZ",04-3423465,PHARMACY,25.06604,55.210523
NEW MEDI PRIME PHARMACY LLC,DXB,"PLATINUM,G PLUS,GOLD,SILVER,BRONZE,BLUE,ASASI","3RD FLOOR BURJUMAN CENTER  KHALID BIN AL WALEED ROAD, BUR DUBAI",04-3584979,PHARMACY,25.234533,55.435683
RELIEF PHARMACY LLC,DXB,"PLATINUM,G PLUS,GOLD,SILVER,BRONZE,BLUE,ASASI","AL MAKTOUM ST. DEIRA, NEAR AL FUTTAIM MOSQUE",04-2285462,PHARMACY,25.275883,55.31295
AHLAM PHARMACY (LLC),DXB,"PLATINUM,G PLUS,GOLD,SILVER,BRONZE,BLUE,ASASI","NAIF ROAD,FRIJZ MURAR AREA,",04-2720265,PHARMACY,25.277198,55.312678
EXPERTS PHARMACY (DUBAI),DXB,"PLATINUM,G PLUS,GOLD,SILVER,BRONZE,BLUE,ASASI","ALQUOZ, AL KHAIL MALL",04-3307808,PHARMACY,25.149145,55.246225
BINSINA 34 PHARMACY,DXB,"PLATINUM,G PLUS,GOLD,SILVER,BRONZE,BLUE,ASASI","UNIT 3,ASWAAQ, AL WARQA 2",04-2804340,PHARMACY,25.192697,55.40994
AL AMEEN PHARMACY (DUBAI),DXB,"PLATINUM,G PLUS,GOLD,SILVER,BRONZE,BLUE,ASASI","MAIF ROAD, DEIRA",04-2713695,PHARMACY,25.276538,55.307812
IBN AL AZWAR PHARMACY (DUBAI),DXB,"PLATINUM,G PLUS,GOLD,SILVER,BRONZE,BLUE,ASASI",AL AWEER ON THE DUBAI  OMAN HIGHWA,04-3331504,PHARMACY,25.184667,55.3434
GOLDEN SANDS PHARMACY,DXB,"PLATINUM,G PLUS,GOLD,SILVER,BRONZE,BLUE,ASASI","ALAIN CENTRE,BUR DUBAI",04-3511444,PHARMACY,25.256336,55.296764
AL MUSALLA PHARMACY (DUBAI),DXB,"PLATINUM,G PLUS,GOLD,SILVER,BRONZE,BLUE,ASASI","KHARBASH BUILDING, JUMERIAH ROAD, UMM SUQEIM 1,",04-3284548,PHARMACY,25.258378,55.298649
YACOUB PHARMACY,DXB,"PLATINUM,G PLUS,GOLD,SILVER,BRONZE,BLUE,ASASI",KHALID BIN WALEED RD - BUR DUBAI,04-3523332,PHARMACY,25.256367,55.300483
MED SAVE PHARMACY,DXB,"PLATINUM,G PLUS,GOLD,SILVER,BRONZE,BLUE,ASASI","NEAR UNION NATIONAL BANK, MIRDIFF",04-2847600,PHARMACY,25.22165,55.43435
ARABELLA PHARMACY,DXB,"PLATINUM,G PLUS,GOLD,SILVER,BRONZE,BLUE,ASASI",JUMEIRAH,04-3941519,PHARMACY,25.168494,55.227928
RASHID PHARMACY,DXB,"PLATINUM,G PLUS,GOLD,SILVER,BRONZE,BLUE,ASASI",RIGGA ROAD,04-2211739,PHARMACY,25.237633,55.3186
ALFA PHARMACY,DXB,"PLATINUM,G PLUS,GOLD,SILVER,BRONZE,BLUE,ASASI",QUSAIS,04-2806714,PHARMACY,25.732295,55.974974
MEDICINE SHOPPE MICRO PHARMACY,DXB,"PLATINUM,G PLUS,GOLD,SILVER,BRONZE,BLUE,ASASI",BARSHA,04-3237939,PHARMACY,25.115967,55.19425
BETA PHARMACY,DXB,"PLATINUM,G PLUS,GOLD,SILVER,BRONZE,BLUE,ASASI",CENTRAL GALLERIA MIRDIF CITY CENTRE,04-2840678,PHARMACY,25.215803,55.408085
AL RAWDHA PHARMACY,DXB,"PLATINUM,G PLUS,GOLD,SILVER,BRONZE,BLUE,ASASI","CLOCK TOWER, PORT SAEED,DEIRA",04-2940786,PHARMACY,25.259523,55.32733
AL ANBER PHARMACY (LLC),DXB,"PLATINUM,G PLUS,GOLD,SILVER,BRONZE,BLUE,ASASI","KHALID ST.,MUSALLA TOWER,BUR DUBAI,",04-3973396,PHARMACY,25.257789,55.298963
RAND PHARMACY,DXB,"PLATINUM,G PLUS,GOLD,SILVER,BRONZE,BLUE,ASASI",AL SAFA TOWER  SH. ZAYED ROAD,04-3315780,PHARMACY,25.217567,55.278533
FAITH PHARMACY (L.L.C.),DXB,"PLATINUM,G PLUS,GOLD,SILVER,BRONZE,BLUE,ASASI","NAIF ROAD,DEIRA",04-2724279,PHARMACY,25.276124,55.311811
LUQMAN PHARMACY,DXB,"PLATINUM,G PLUS,GOLD,SILVER,BRONZE,BLUE,ASASI",SATWA ROAD,04-3312654,PHARMACY,25.22915,55.275733
AL FEHAIDI PHARMACY,DXB,"PLATINUM,G PLUS,GOLD,SILVER,BRONZE,BLUE,ASASI","AL FEHAIDI ST., BUR DUBAI",04-3535335,PHARMACY,25.262082,55.292097
MEDICOM ( AL PHARABI ),DXB,"PLATINUM,G PLUS,GOLD,SILVER,BRONZE,BLUE,ASASI",GOLD SOUQ,04-2264844,PHARMACY,25.27375,55.299083
MEDICOM PHARMACY 1,DXB,"PLATINUM,G PLUS,GOLD,SILVER,BRONZE,BLUE,ASASI","UNION COOPERATIVE SOCIETY, AL TWR 1",04-2633677,PHARMACY,25.270433,55.371683
MEDICOM  PHARMACY 2,DXB,"PLATINUM,G PLUS,GOLD,SILVER,BRONZE,BLUE,ASASI","MERCATO CENTRE, JUMEIRAH BEACH",04-3448333,PHARMACY,25.216417,55.252883
MEDICOM PHARMACY-4,DXB,"PLATINUM,G PLUS,GOLD,SILVER,BRONZE,BLUE,ASASI","TOWN CENTRE, JUMEIRAH BEACH",04-3440077,PHARMACY,25.2149,55.251167
MEDICOM PHARMACY 5,DXB,"PLATINUM,G PLUS,GOLD,SILVER,BRONZE,BLUE,ASASI","EMIRATES COOPERATIVE SOCIETY, (EMIR",04-2649929,PHARMACY,25.258917,55.437967
MEDICOM PHARMACY 6,DXB,"PLATINUM,G PLUS,GOLD,SILVER,BRONZE,BLUE,ASASI","MAZAYA CENTRE, SH.ZAYED ROAD, (MAZA",04-3435522,PHARMACY,25.198967,55.265133
MEDICOM PHARMACY 7,DXB,"PLATINUM,G PLUS,GOLD,SILVER,BRONZE,BLUE,ASASI","AL MIZHAR MALL, (FLAME PHARMACY)",04-2876804,PHARMACY,25.245967,55.452867
MEDICOM PHARMACY 8,DXB,"PLATINUM,G PLUS,GOLD,SILVER,BRONZE,BLUE,ASASI","CENTURY MALL HAMRIYA, (CENTURY PHAR",04-2965040,PHARMACY,25.289983,55.346983
MEDICOM PHARMACY 9 (AL QEMMA PHARMACY),DXB,"PLATINUM,G PLUS,GOLD,SILVER,BRONZE,BLUE,ASASI","BEIRUT STREET, (AL QEMMA)",04-2640818,PHARMACY,25.26405,55.393667
MEDICOM PHARMACY 10,DXB,"PLATINUM,G PLUS,GOLD,SILVER,BRONZE,BLUE,ASASI","NEAR UP TOWN MALL, MIRDIF,(AL SABA",04-2885995,PHARMACY,25.224917,55.4276
MEDICOM PHARMACY 11,DXB,"PLATINUM,G PLUS,GOLD,SILVER,BRONZE,BLUE,ASASI","OPP. AL TOWAR CENTRE, AL QUSAIS,(NE",04-2611551,PHARMACY,25.263983,55.3936
MEDICOM PHARMACY 12,DXB,"PLATINUM,G PLUS,GOLD,SILVER,BRONZE,BLUE,ASASI",AL RASHIDIYA,04-2859110,PHARMACY,25.232483,55.3841
MEDICOM PHARMACY 13 (HOME PHARMACY),DXB,"PLATINUM,G PLUS,GOLD,SILVER,BRONZE,BLUE,ASASI","OPP. KARAMA CENTRE, KARAMA,",04-3977739,PHARMACY,25.2458,55.302767
MEDICOM PHARMACY 14,DXB,"PLATINUM,G PLUS,GOLD,SILVER,BRONZE,BLUE,ASASI","AL RASHIDIYA, UNION COOP.",04-2558733,PHARMACY,25.232573,55.384299
ASIA PHARMACY,DXB,"PLATINUM,G PLUS,GOLD,SILVER,BRONZE,BLUE,ASASI","AL FEHAIDI STREET, BUR DUBAI",04-3527183,PHARMACY,25.261006,55.296055
ZULEKHA PHARMACY,DXB,"PLATINUM,G PLUS,GOLD,SILVER,BRONZE,BLUE,ASASI","AL RAFA POLICE STATION,BUR DUBAI",04-3934757,PHARMACY,25.261834,55.290452
ASTER PHARMACY ( T COM ),DXB,"PLATINUM,G PLUS,GOLD,SILVER,BRONZE,BLUE,ASASI","BARSHA TECOM,",04-4534840,PHARMACY,25.097608,55.174061
UNICARE PHARMACY LLC,DXB,"PLATINUM,G PLUS,GOLD,SILVER,BRONZE,BLUE,ASASI","KHALID BIN WALEED , BURJUMAN CENTRE",04-3599523,PHARMACY,25.251833,55.301633
AL HAWI PHARMACY,DXB,"PLATINUM,G PLUS,GOLD,SILVER,BRONZE,BLUE,ASASI","NASSER SQUARE, DEIRA",04-2221445,PHARMACY,25.266366,55.309164
AL KANZ PHARMACY,DXB,"PLATINUM,G PLUS,GOLD,SILVER,BRONZE,BLUE,ASASI","ABU BAKER ASL SIDQ ROAD, DEIRA",04-2690684,PHARMACY,25.27705,55.327792
AL ZAHRA PHARMACY L.L.C,DXB,"PLATINUM,G PLUS,GOLD,SILVER,BRONZE,BLUE,ASASI","OPPOSITE UAE CITY EXCHANGE, KARAMA",04-3373045,PHARMACY,25.240678,55.303861
BIN SERAY PHARMACY (DUBAI),DXB,"PLATINUM,G PLUS,GOLD,SILVER,BRONZE,BLUE,ASASI","OUD MEHTA ROAD, NEAR LAMCY PLAZA,",04-3355446,PHARMACY,25.2355,55.3085
COOPERATIVE PHARMACY (DUBAI),DXB,"PLATINUM,G PLUS,GOLD,SILVER,BRONZE,BLUE,ASASI","AL SABKA ROAD, DEIRA",04-2269283,PHARMACY,25.271654,55.300047
DOHA PHARMACY,DXB,"PLATINUM,G PLUS,GOLD,SILVER,BRONZE,BLUE,ASASI","AL ATTAR TOWER, SHK.ZAYED ROAD",04-3430603,PHARMACY,25.213883,55.277967
DREAM PHARMACY (DUBAI),DXB,"PLATINUM,G PLUS,GOLD,SILVER,BRONZE,BLUE,ASASI","DREAM TOWER,NEAR AL MAYA SUPER MARK",04-4227844,PHARMACY,25.070347,55.13581
DUBAI LIFE PHARMACY,DXB,"PLATINUM,G PLUS,GOLD,SILVER,BRONZE,BLUE,ASASI","HALL NO.5, DUBAI WORLD TRADE CENTRE",04-3291162,PHARMACY,25.227492,55.288696
EXTRA LIFE PHARMACY,DXB,"PLATINUM,G PLUS,GOLD,SILVER,BRONZE,BLUE,ASASI","SOUQ EXTRA EWAN RESIDENCE,",04-8855122,PHARMACY,24.996006,55.179819
FAWAGEE PHARMACY L.L.C,DXB,"PLATINUM,G PLUS,GOLD,SILVER,BRONZE,BLUE,ASASI","NAD AL HAMAR, DUBAI",04-2894111,PHARMACY,25.196546,55.383802
FAWAGEE SCIENTIFIC PHARMACY L.L.C,DXB,"PLATINUM,G PLUS,GOLD,SILVER,BRONZE,BLUE,ASASI","26B STREET,MIRDIFF",04-2881800,PHARMACY,25.217298,55.419094
GOLDEN LIFE PHARMACY (DUBAI),DXB,"PLATINUM,G PLUS,GOLD,SILVER,BRONZE,BLUE,ASASI","MUROOJ COMPLEX, SHK. ZAYED ROAD",04-3430077,PHARMACY,25.202864,55.277526
GRAND LIFE PHARMACY,DXB,"PLATINUM,G PLUS,GOLD,SILVER,BRONZE,BLUE,ASASI","AL MUTEENA ST., DEIRA",04-2726496,PHARMACY,25.273433,55.3235
GRAND ROYAL PHARMACY,DXB,"PLATINUM,G PLUS,GOLD,SILVER,BRONZE,BLUE,ASASI","OPP. IBRAHIM KHALIL MASJID,AL ROLLA",04-3593445,PHARMACY,25.256883,55.290467
MOTHER PHARMACY (LLC),DXB,"PLATINUM,G PLUS,GOLD,SILVER,BRONZE,BLUE,ASASI",ABU BAKER AL SIDDIQUE ROAD,04-2974329,PHARMACY,25.27315,55.330233
AL RAFEA PHARMACY,DXB,"PLATINUM,G PLUS,GOLD,SILVER,BRONZE,BLUE,ASASI","AL QUSAIS SIGNAL,AL QUSAIS AREA",04-2630521,PHARMACY,25.268151,55.378848
WEST HILL PHARMACY LLC,DXB,"PLATINUM,G PLUS,GOLD,SILVER,BRONZE,BLUE,ASASI",BUR DUBAI,04-3377131,PHARMACY,25.23895,55.301617
HAFSA PHARMACY,DXB,"PLATINUM,G PLUS,GOLD,SILVER,BRONZE,BLUE,ASASI",JEBEL ALI (MIDWEST HOTEL),04-4377548,PHARMACY,25.049333,55.13145
ASMA PHARMACY,DXB,"PLATINUM,G PLUS,GOLD,SILVER,BRONZE,BLUE,ASASI",BEHIND NAIF POLICE STATION - DEIRA,04-2222786,PHARMACY,25.271845,55.306326
AL QUOZ PHARMACY,DXB,"PLATINUM,G PLUS,GOLD,SILVER,BRONZE,BLUE,ASASI",NEAR KHALIFA SUPER MARKET - AL QOUZ,04-3384401,PHARMACY,25.172733,55.254047
AL WARQA PHARMACY,DXB,"PLATINUM,G PLUS,GOLD,SILVER,BRONZE,BLUE,ASASI",NEAR MASS SUPER MARKET - WARQA,04-2801691,PHARMACY,25.204645,55.411179
AL RAHA PHARMACY (DUBAI),DXB,"PLATINUM,G PLUS,GOLD,SILVER,BRONZE,BLUE,ASASI","KHALID BIN WALEED RD, BUR DUBAI",04-3523383,PHARMACY,25.259065,55.296482
IBN SINA SCIENTIFIC PHARMACY,DXB,"PLATINUM,G PLUS,GOLD,SILVER,BRONZE,BLUE,ASASI",BURSAEED ALWAHDA BLD,04-2958820,PHARMACY,25.255583,55.3299
IBN SINA 25 PHARMACY,DXB,"PLATINUM,G PLUS,GOLD,SILVER,BRONZE,BLUE,ASASI","JUMEIRAH BEACH ROAD, JBR",04-3940934,PHARMACY,25.26425,55.320217
IBN SINA GRAND PHARMACY,DXB,"PLATINUM,G PLUS,GOLD,SILVER,BRONZE,BLUE,ASASI",AL OWAIS BUILDING AL RIGGA,04-2247650,PHARMACY,25.232617,55.316383
BADR AL SAMAA PHARMACY,DXB,"PLATINUM,G PLUS,GOLD,SILVER,BRONZE,BLUE,ASASI","NEAR BURJUMAN,BANK SREET",04-3578681,PHARMACY,25.25702,55.300776
MODERN IBN SINA PHARMACY (DUBAI),DXB,"PLATINUM,G PLUS,GOLD,SILVER,BRONZE,BLUE,ASASI",DIYAFA STREET NEXT TO DUBAI ISLAMIC,04-3986026,PHARMACY,25.23675,55.277067
BIN SINA PHARMACY,DXB,"PLATINUM,G PLUS,GOLD,SILVER,BRONZE,BLUE,ASASI","BLDG.55,DR. SULAIMAN AL HABIB BLDG,DUBAI HEALTHCARE CITY",04-4298242,PHARMACY,25.233972,55.318295
IBN SINA EMIRATES PHARMACY - DUBAI,DXB,"PLATINUM,G PLUS,GOLD,SILVER,BRONZE,BLUE,ASASI",EMIRATES MALL,04-3410345,PHARMACY,25.118467,55.200533
BIN SINA 32 PHARMACY (DUBAI IBN BATUTTA),DXB,"PLATINUM,G PLUS,GOLD,SILVER,BRONZE,BLUE,ASASI",IBN BATUTTA MALL,04-4233895,PHARMACY,25.04482,55.120529
ASTER JEBEL ALI PHARMACY - DXB,DXB,"PLATINUM,G PLUS,GOLD,SILVER,BRONZE,BLUE,ASASI",INSIDE NESTO HYPER MARKET,04-8840237,PHARMACY,25.006736,55.10692
IBN ROSHD PHARMACY,DXB,"PLATINUM,G PLUS,GOLD,SILVER,BRONZE,BLUE,ASASI",DUBAI REAL Eaddress4 BLDG,04-3454518,PHARMACY,25.26005,55.298633
IBN ROSHD MODERN PHARMACY,DXB,"PLATINUM,G PLUS,GOLD,SILVER,BRONZE,BLUE,ASASI",AL BARSHA 1,04-3408786,PHARMACY,25.115083,55.1941
VILLAGE PHARMACY,DXB,"PLATINUM,G PLUS,GOLD,SILVER,BRONZE,BLUE,ASASI","VILLAGE HYPERMARKET,NEAR WEST CAMP",04-8839904,PHARMACY,24.956196,55.059431
SUPERCARE PHARMACY DMCC,DXB,"PLATINUM,G PLUS,GOLD,SILVER,BRONZE,BLUE,ASASI","SHK. ZAYED ROAD, AL SHERA TOWER358",04-4541157,PHARMACY,25.071417,55.141783
SUPER CARE PHARMACY MIRDIF,DXB,"PLATINUM,G PLUS,GOLD,SILVER,BRONZE,BLUE,ASASI","EMIRATES STREET, MIRDIF CITY CENTER",04-2839171,PHARMACY,25.215883,55.40785
SUPERCARE PHARMACY DCC,DXB,"PLATINUM,G PLUS,GOLD,SILVER,BRONZE,BLUE,ASASI",PORT SAEED,04-2501211,PHARMACY,25.252783,55.335467
SUPERCARE PHARMACY SILICON BRANCH,DXB,"PLATINUM,G PLUS,GOLD,SILVER,BRONZE,BLUE,ASASI",ACADEMIC CITY ROAD,04-3423307,PHARMACY,25.126867,55.396983
SUPERCARE PHARMACY ASWAAQ UMM SUQEIM,DXB,"PLATINUM,G PLUS,GOLD,SILVER,BRONZE,BLUE,ASASI",UMM SUQEIM 3,04-3306643,PHARMACY,25.137317,55.207183
SUPERCARE PHARMACY UMM SUQEIM,DXB,"PLATINUM,G PLUS,GOLD,SILVER,BRONZE,BLUE,ASASI",JUMEIRA BEACH ROAD,04-3306144,PHARMACY,25.15305,55.201283
KIMS PHARMACY,DXB,"PLATINUM,G PLUS,GOLD,SILVER,BRONZE,BLUE,ASASI",SALAHUDIN ROAD. DEIRA,04-2209434,PHARMACY,25.271333,55.3325
MEDCARE HOSPITAL PHARMACY,DXB,"PLATINUM,G PLUS,GOLD,SILVER,BRONZE,BLUE,ASASI","JUMEIRAH, OPP SAFA PARK GATE NO.1",04-4079174,PHARMACY,25.183333,55.24255
ASTER JBR PHARMACY LLC,DXB,"PLATINUM,G PLUS,GOLD,SILVER,BRONZE,BLUE,ASASI","P-42 JUMERAH BEACH RESIDENCE,",04-4471127,PHARMACY,25.080223,55.137779
IBN SINA 40 PHARMACY,DXB,"PLATINUM,G PLUS,GOLD,SILVER,BRONZE,BLUE,ASASI","DUBAI MALL , 2ND FLOOR",04-3253410,PHARMACY,25.1968,55.279383
EMIRATES PHARMACY LLC,DXB,"PLATINUM,G PLUS,GOLD,SILVER,BRONZE,BLUE,ASASI","BOTANICA TOWER,GRAND HABTOOR HOTEL",04-3792136,PHARMACY,25.085169,55.142287
LULU CENTER PHARMACY (LLC),DXB,"PLATINUM,G PLUS,GOLD,SILVER,BRONZE,BLUE,ASASI","LULU HYPERMARKET, AL QUSAIS",04-2988771,PHARMACY,25.279,55.3623
AMAAN PHARMACY (L.L.C.),DXB,"PLATINUM,G PLUS,GOLD,SILVER,BRONZE,BLUE,ASASI","LULU VILLAGE, MUHAISNAH-4",04-2647264,PHARMACY,25.281479,55.409731
LULU BARSHA PHARMACY (LLC),DXB,"PLATINUM,G PLUS,GOLD,SILVER,BRONZE,BLUE,ASASI","LULU HYPERMARKET, AL BARSHA",04-3418828,PHARMACY,25.1135,55.205867
LULU KARAMA PHARMACY (LLC),DXB,"PLATINUM,G PLUS,GOLD,SILVER,BRONZE,BLUE,ASASI","LULU HYPERMARKET, KARAMA",04-3369970,PHARMACY,25.23855,55.29885
AL RAZI PHARMACY,DXB,"PLATINUM,G PLUS,GOLD,SILVER,BRONZE,BLUE,ASASI","AL NAHDA-1, BAGHDAD ST,MAI TOWER",04-2208503,PHARMACY,25.287685,55.365369
SUPER CARE PHARMACY MARSA,DXB,"PLATINUM,G PLUS,GOLD,SILVER,BRONZE,BLUE,ASASI",DUBAI MARINA,04-4232850,PHARMACY,25.0751,55.138167
SUPERCARE PHARMACY WASL SQUARE,DXB,"PLATINUM,G PLUS,GOLD,SILVER,BRONZE,BLUE,ASASI","SPINNEY¿S, DUBAI LAND",04-3884060,PHARMACY,25.262017,55.29525
ASTER GRAND PHARMACY,DXB,"PLATINUM,G PLUS,GOLD,SILVER,BRONZE,BLUE,ASASI","AL NAHDA,OPPOSITE KARACHI DARBAR",04-2505712,PHARMACY,25.291551,55.3681
ASTER PHARMACY 1 (BR OF ASTER PHARMACIES GROUP LLC),DXB,"PLATINUM,G PLUS,GOLD,SILVER,BRONZE,BLUE,ASASI","ASTER BLG,ALRAFA POLICE ST,BURDUBAI",04-3863800,PHARMACY,25.259846,55.294028
UNICARE STAR PHARMACY LLC,DXB,"PLATINUM,G PLUS,GOLD,SILVER,BRONZE,BLUE,ASASI","MANKHOOL , SATWA",04-3868811,PHARMACY,25.23365,55.27935
MODERN FAMILY PHARMACY LLC,DXB,"PLATINUM,G PLUS,GOLD,SILVER,BRONZE,BLUE,ASASI","11 UMMHURAIR BUILDING, KARAMA",04-3885633,PHARMACY,25.24725,55.309183
FAITH WAY PHARMACY,DXB,"PLATINUM,G PLUS,GOLD,SILVER,BRONZE,BLUE,ASASI","JUMEIRA-1,J.T.S MEDICAL CENTRE BLD",04-3798953,PHARMACY,25.239329,55.270899
HEALTH FIRST PHARMACY 5,DXB,"PLATINUM,G PLUS,GOLD,SILVER,BRONZE,BLUE,ASASI","SKY COURT, TOWER D,KHAIL ST",04-3620858,PHARMACY,25.05256,55.23078
HEALTH FIRST PHARMACY 24,DXB,"PLATINUM,G PLUS,GOLD,SILVER,BRONZE,BLUE,ASASI",NEAR BURJ KHALIFA,04-4329158,PHARMACY,25.18665,55.278433
EMIRATES HOSPITAL PHARMACY,DXB,"PLATINUM,G PLUS,GOLD,SILVER,BRONZE,BLUE,ASASI","JUMEIRAH BEACH ROAD, OPP JUMEIRAH",04-3496666,PHARMACY,25.197282,55.237766
FAMILY HEALTH PHARMACY,DXB,"PLATINUM,G PLUS,GOLD,SILVER,BRONZE,BLUE,ASASI","AL GARHOUD, OPP TO WELCARE HOSP",04-2517434,PHARMACY,25.247622,55.338445
AL MANARA PHARMACY- DHCC,DXB,"PLATINUM,G PLUS,GOLD,SILVER,BRONZE,BLUE,ASASI","BLDG#49,SHOP NO.1,13TH STREET, DHCC",02-6814644,PHARMACY,25.229789,55.322164
AL MANARA SUNSET L.L.C,DXB,"PLATINUM,G PLUS,GOLD,SILVER,BRONZE,BLUE,ASASI","SUNSET MALL, JUMEIRAH 3",04-3881820,PHARMACY,25.183894,55.226133
BELHOUL EUROPEAN HOSPITAL PHARMACY,DXB,"PLATINUM,G PLUS,GOLD,SILVER,BRONZE,BLUE,ASASI","1228 DOUN CENTER, AL DIYAFAH",04-3457500,PHARMACY,25.23644,55.276081
MIRDIF PHARMACY,DXB,"PLATINUM,G PLUS,GOLD,SILVER,BRONZE,BLUE,ASASI","AL KHAJAH BUILDING, NEAR ABAYA MALL, MIRDIF",04-2885481,PHARMACY,25.2166,55.4065
AL NASEEM PHARMACY (LLC),DXB,"PLATINUM,G PLUS,GOLD,SILVER,BRONZE,BLUE,ASASI","AL QUSAIS,1ST STREET,",04-2635277,PHARMACY,25.271428,55.376479
CANADIAN SPECIALIST HOSPITAL PHARMACY,DXB,"PLATINUM,G PLUS,GOLD,SILVER,BRONZE,BLUE,ASASI",BUR DUBAI,04-7072709,PHARMACY,25.277171,55.348665
MUSALLA SONAPOOR PHARMACY,DXB,"PLATINUM,G PLUS,GOLD,SILVER,BRONZE,BLUE,ASASI",SONAPOOR LABOUR CAMP,04-396418,PHARMACY,25.274567,55.421783
MUSALLA AL QUOZE PHARMACY,DXB,"PLATINUM,G PLUS,GOLD,SILVER,BRONZE,BLUE,ASASI",AL QUOZE,04-3285928,PHARMACY,25.148883,55.24665
MOORFIELDS EYE HOSPITAL PHARMACY,DXB,"PLATINUM,G PLUS,GOLD,SILVER,BRONZE,BLUE,ASASI",DUBAI HEALTHCARE CITY,04-4297819,PHARMACY,25.2329,55.319583
MEDICLINIC WELCARE HOSPITAL PHARMACY,DXB,"PLATINUM,G PLUS,GOLD,SILVER,BRONZE,BLUE,ASASI",GARHOUD,04-2827788,PHARMACY,25.246817,55.340083
NMC SPECIALITY HOSPITAL PHARMACY,DXB,"PLATINUM,G PLUS,GOLD,SILVER,BRONZE,BLUE,ASASI",AL NAHDA STREET,04-2679999,PHARMACY,25.289883,55.369417
MEDICLINIC AL SUFOUH PHARMACY,DXB,"PLATINUM,G PLUS,GOLD,SILVER,BRONZE,BLUE,ASASI",DUBAI KNOWLEDGE VILLAGE (AL SUFOUH),04-3661030,PHARMACY,25.103467,55.16285
ZULEKHA HOSPITAL PHARMACY,DXB,"PLATINUM,G PLUS,GOLD,SILVER,BRONZE,BLUE,ASASI",AL NAHDA,04-2678866,PHARMACY,25.29145,55.38385
INTERNATIONAL MODERN HOSPITAL PHARMACY,DXB,"PLATINUM,G PLUS,GOLD,SILVER,BRONZE,BLUE,ASASI",BUR DUBAI,04-3988888,PHARMACY,25.248883,55.2833
BELHOUL SPECIALITY HOSPITAL PHARMACY,DXB,"PLATINUM,G PLUS,GOLD,SILVER,BRONZE,BLUE,ASASI","AL-KHALEEJ STREE, NEAR JESCO MARKET",04-2733333,PHARMACY,25.280538,55.313182
SAUDI GERMAN HOSPITAL PHARMACY,DXB,"PLATINUM,G PLUS,GOLD,SILVER,BRONZE,BLUE,ASASI",SHK ZAYED AL BARSHA,04-3890583,PHARMACY,25.097167,55.183783
AMERICAN HOSPITAL PHARMACY,DXB,"PLATINUM,G PLUS,GOLD,SILVER,BRONZE,BLUE,ASASI",OUD METHA ROAD,04-3776867,PHARMACY,25.235651,55.313307
AL GARHOUD PRIVATE HOSPITAL PHARMACY,DXB,"PLATINUM,G PLUS,GOLD,SILVER,BRONZE,BLUE,ASASI",GARHOUD AREA,04-4545160,PHARMACY,25.250863,55.34252
NOOR AL SATWA PHARMACY (LLC),DXB,"PLATINUM,G PLUS,GOLD,SILVER,BRONZE,BLUE,ASASI","NEAR TO AL SATWA BUS STATION,",04-3443229,PHARMACY,25.229383,55.275
AL KHAIR COMMUNITY PHARMACY,DXB,"PLATINUM,G PLUS,GOLD,SILVER,BRONZE,BLUE,ASASI","CITY BAY BLDG,ABU HAIL,OPP CAN.HOSP",04-2505768,PHARMACY,25.253109,55.281276
MANCHESTER COMMUNITY PHARMACY,DXB,"PLATINUM,G PLUS,GOLD,SILVER,BRONZE,BLUE,ASASI","SHOP NO. 2, MANCHESTER TOWER 1",04-8991254,PHARMACY,25.068204,55.132137
HEALTH FIRST PHARMACY 25,DXB,"PLATINUM,G PLUS,GOLD,SILVER,BRONZE,BLUE,ASASI","SOUQ EXTRA SHOPPING CENTER,BARSHA",04-3992116,PHARMACY,25.05409,55.12505
CENTRAL MARKET PHARMACY,DXB,"PLATINUM,G PLUS,GOLD,SILVER,BRONZE,BLUE,ASASI","SH.COLONY,BESIDE DUBAI AIR PORT FZ",04-2613451,PHARMACY,25.270385,55.374605
ASTER PHARMACY 98,DXB,"PLATINUM,G PLUS,GOLD,SILVER,BRONZE,BLUE,ASASI","MUHAISINAH 2ND, UNIT #8,SONAPUR",04-2521711,PHARMACY,25.260313,55.423365
ASTER PHARMACY 3,DXB,"PLATINUM,G PLUS,GOLD,SILVER,BRONZE,BLUE,ASASI","G-32 GROUND FLOOR, DUBAI OUTLET MAL",04-4437250,PHARMACY,25.72655,55.400834
AL KAUSAR PHARMACY L.L.C,DXB,"PLATINUM,G PLUS,GOLD,SILVER,BRONZE,BLUE,ASASI","KHALID BIN WALEED ST,BUR DUBAI",04-3938485,PHARMACY,25.259212,55.287699
NEW MEDICINA PHARMACY,DXB,"PLATINUM,G PLUS,GOLD,SILVER,BRONZE,BLUE,ASASI","API 1000, AL WASL ROAD,",04-3853313,PHARMACY,25.246771,55.307904
NEW ASTER PHARMACY JLT,DXB,"PLATINUM,G PLUS,GOLD,SILVER,BRONZE,BLUE,ASASI","SHOP NO.G011-B, RED DIAMOND BLDG",04-3697728,PHARMACY,25.077253,55.154643
SUPER CARE PHARMACY SHEIKH ZAYED ROAD,DXB,"PLATINUM,G PLUS,GOLD,SILVER,BRONZE,BLUE,ASASI","SHEIKH ZAYED ROAD,NEAR DIFC,",04-3798802,PHARMACY,25.177462,55.233907
NAEEM PHARMACY LLC,DXB,"PLATINUM,G PLUS,GOLD,SILVER,BRONZE,BLUE,ASASI","NAKHEEL  STREET, DEIRA",04-2212310,PHARMACY,25.273605,55.310806
ALZAHRA HOSPITAL PHARMACY,DXB,"PLATINUM,G PLUS,GOLD,SILVER,BRONZE,BLUE,ASASI","SHEIKH ZAYED ROAD, AL BARSHA 1",04-3786666,PHARMACY,25.217789,55.27886
MEDICURE PHARMACY OWNED BY REYA AKRAM ONE PERSON COMPANY LLC,DXB,"PLATINUM,G PLUS,GOLD,SILVER,BRONZE,BLUE,ASASI","PALACE TOWER ,DUBAI SILICON OASIS",04-3926268,PHARMACY,25.115943,55.390496
GRAND AL KAUSAR PHARMACY,DXB,"PLATINUM,G PLUS,GOLD,SILVER,BRONZE,BLUE,ASASI","KHALID BIN WALEED ST,BUR DUBAI",04-3511406,PHARMACY,25.258628,55.2964
MADINAT AL KAUSAR PHARMACY,DXB,"PLATINUM,G PLUS,GOLD,SILVER,BRONZE,BLUE,ASASI","SH.ZAYED ROAD,BUR DUBAI",04-3473654,PHARMACY,25.259223,55.287692
ASTER PHARMACY 2 BR OF ASTER PHARMACIES,DXB,"PLATINUM,G PLUS,GOLD,SILVER,BRONZE,BLUE,ASASI","CARREFOUR CENTRE, DUBAI INVESTMENT",04-8858044,PHARMACY,24.997926,55.175626
ASTER PHARMACY 5 BR OF ASTER PHARMACIES,DXB,"PLATINUM,G PLUS,GOLD,SILVER,BRONZE,BLUE,ASASI","AL WARSAN 1ST, INTERNATIONAL CITY",04-4473169,PHARMACY,24.970825,55.172044
NOOR ALQUSAIS PHARMACY LLC,DXB,"PLATINUM,G PLUS,GOLD,SILVER,BRONZE,BLUE,ASASI","LOOTA BLDG,DAMASCUS ST,AL QUSAIS",04-2633868,PHARMACY,25.272266,55.381726
SUPERCARE PHARMACY 28,DXB,"PLATINUM,G PLUS,GOLD,SILVER,BRONZE,BLUE,ASASI","BADIA AREA,OUD METHA STREET",04-2591134,PHARMACY,25.244095,55.311775
SUPER CARE PHARMACY AL THANYA,DXB,"PLATINUM,G PLUS,GOLD,SILVER,BRONZE,BLUE,ASASI","UMM SUQEIM,WAITROSE SUPERMARKET,",04-3388195,PHARMACY,25.13767,55.207272
SUPER CARE PHARMACY 26,DXB,"PLATINUM,G PLUS,GOLD,SILVER,BRONZE,BLUE,ASASI",DUBAI MARINA MALL,04-4302731,PHARMACY,25.19128,55.270192
SUPER CARE PHARMACY DIP,DXB,"PLATINUM,G PLUS,GOLD,SILVER,BRONZE,BLUE,ASASI",DUBAI INVESTMENT PARK,04-8852826,PHARMACY,25.011813,55.160155
SUPER CARE PHARMACY MIRDIF 2,DXB,"PLATINUM,G PLUS,GOLD,SILVER,BRONZE,BLUE,ASASI","SPINNEYS COMMUNITY CENTER,MIRDIF",04-2858222,PHARMACY,25.222711,55.434999
IBN SINA PHARMACY 44,DXB,"PLATINUM,G PLUS,GOLD,SILVER,BRONZE,BLUE,ASASI","SH. ZAYED RD, ZAROOB RESTAURANT",04-3513249,PHARMACY,25.213683,55.277797
IBN SINA PHARMACY 43,DXB,"PLATINUM,G PLUS,GOLD,SILVER,BRONZE,BLUE,ASASI","AL BARSHA BOUTIQUE BLDG,BEHIND MALL",04-3950305,PHARMACY,25.10761,55.197876
BURJEEL HOSPITAL PH  ADVANCED SURGERY,DXB,"PLATINUM,G PLUS,GOLD,SILVER,BRONZE,BLUE,ASASI",SHEIKH ZAYED ROAD,04-4070121,PHARMACY,25.14666,55.223538
MEDICLINIC DEIRA PHARMACY,DXB,"PLATINUM,G PLUS,GOLD,SILVER,BRONZE,BLUE,ASASI","MAF TOWER 1,DEIRA CITY CENTRE",04-6055999,PHARMACY,25.250802,55.33524
ASTER PHARMACY 100,DXB,"PLATINUM,G PLUS,GOLD,SILVER,BRONZE,BLUE,ASASI","AL RAZI BUILDING 64,BLOCK D,DHCC",04-4343922,PHARMACY,25.269371,55.380953
ASTER DIP PHARMACY,DXB,"PLATINUM,G PLUS,GOLD,SILVER,BRONZE,BLUE,ASASI","RAMLA HYPERMARKET,DUBAI INVEST.PARK",04-8800966,PHARMACY,24.970811,55.172012
AVENUE PHARMACY,DXB,"PLATINUM,G PLUS,GOLD,SILVER,BRONZE,BLUE,ASASI","ASPECT TOWERS,BUSINESS BAY AVENUE",04-4357450,PHARMACY,25.191748,55.26668
WECARE E R X PHARMACY LLC,DXB,"PLATINUM,G PLUS,GOLD,SILVER,BRONZE,BLUE,ASASI","ANSAR GALLERY,HAMSAH BLDG,KARAMA",04-8804179,PHARMACY,25.252331,55.308756
ASTER PHARMACY 6 (BR OF ASTER PHARMACIES,DXB,"PLATINUM,G PLUS,GOLD,SILVER,BRONZE,BLUE,ASASI","GATE 1, SILICON OASIS,OPP CHOITHRAM",04-3262600,PHARMACY,25.116944,55.391194
ASTER PHARMACY101(BR OF ASTER PHARMACIES,DXB,"PLATINUM,G PLUS,GOLD,SILVER,BRONZE,BLUE,ASASI","AL QUSAIS1, SHEIKH COLONY,",04-2382342,PHARMACY,25.270385,55.379407
PANACEA PHARMACY MADINAT (BR OF ASTER PH,DXB,"PLATINUM,G PLUS,GOLD,SILVER,BRONZE,BLUE,ASASI","JUMERIAH BEACH , NEAR BURJ AL ARAB",04-3686123,PHARMACY,25.13355,55.185698
ASTER PHARMACY110 (BR OF ASTER PHARMACIE,DXB,"PLATINUM,G PLUS,GOLD,SILVER,BRONZE,BLUE,ASASI","OUD MEHTHA, ST.13A,LAMCY PLAZA",04-3963158,PHARMACY,25.233692,55.318091
ONYX PHARMACY,DXB,"PLATINUM,G PLUS,GOLD,SILVER,BRONZE,BLUE,ASASI","MAYFARE TOWER,BUSINESS BAY",04-4564583,PHARMACY,25.169121,55.407489
PEOPLES PHARMACY,DXB,"PLATINUM,G PLUS,GOLD,SILVER,BRONZE,BLUE,ASASI","SHOP NO.3 ,NEXT TO THE CAREEFOUR,",04-4475425,PHARMACY,25.096436,55.176056
ALPHA PEOPLES PHARMACY LLC,DXB,"PLATINUM,G PLUS,GOLD,SILVER,BRONZE,BLUE,ASASI","DEIRA CITY CENTRE,CARREFOUR",04-2567787,PHARMACY,25.214272,55.259094
AL DORRA PHARMACY (BR OF ASTER AL SHAFAR,DXB,"PLATINUM,G PLUS,GOLD,SILVER,BRONZE,BLUE,ASASI","VILLA 351, BEACH PARK,",04-3478481,PHARMACY,25.188929,55.231172
MEDICLINIC DUBAI MALL PHARMACY,DXB,"PLATINUM,G PLUS,GOLD,SILVER,BRONZE,BLUE,ASASI",DUBAI MALL,04-4495111,PHARMACY,25.198948,55.276723
MEDICLINIC IBN BATTUTA CLINIC LLC PHARMA,DXB,"PLATINUM,G PLUS,GOLD,SILVER,BRONZE,BLUE,ASASI","SHOP 142,CHINA COURT,IBN BATTUTA",04-4409000,PHARMACY,25.042795,55.118051
ASTER PHARMACY111 (BR OF ASTER PHARMACIE,DXB,"PLATINUM,G PLUS,GOLD,SILVER,BRONZE,BLUE,ASASI","MUHAISINAH PLAZA BUILDING,SHOP NO6.",04-2593195,PHARMACY,25.282423,55.40393
PRIME HOSPITAL PHARMACY LLC,DXB,"PLATINUM,G PLUS,GOLD,SILVER,BRONZE,BLUE,ASASI","CASABLANCA STREET, AIRPORT ROAD",04-2929777,PHARMACY,25.249205,55.345624
NMC ROYAL HOSPITAL PHARMACY,DXB,"PLATINUM,G PLUS,GOLD,SILVER,BRONZE,BLUE,ASASI","PLOT NO. 5981220, DIP 1",04-8108866,PHARMACY,25.002836,55.15391
SANDS COMMUNITY PHARMACY,DXB,"PLATINUM,G PLUS,GOLD,SILVER,BRONZE,BLUE,ASASI","SHOP NO. G 07, REMRAAM COMMUNITY CENTRE, AL HEBIAH FIFTH, HESSA STREET, DUBAILAND",04-5576093,PHARMACY,25.089871,55.147978
ONYX PHARMACY II,DXB,"PLATINUM,G PLUS,GOLD,SILVER,BRONZE,BLUE,ASASI",INTERNATIONAL CITY,04-4564583,PHARMACY,25.169121,55.407486
GHAZAL AL JABAL PHARMACY,DXB,"PLATINUM,G PLUS,GOLD,SILVER,BRONZE,BLUE,ASASI",EXPRESS MADINA MARKET BLD MUHAISNA2,04-2540460,PHARMACY,25.257707,55.424556
VASAN EYE CARE PHARMACY,DXB,"PLATINUM,G PLUS,GOLD,SILVER,BRONZE,BLUE,ASASI","ZABEEL ROAD, KARAMA",04-3579444,PHARMACY,25.239904,55.305266
ASTER PHARMACY 118,DXB,"PLATINUM,G PLUS,GOLD,SILVER,BRONZE,BLUE,ASASI","GROUND FLOOR,NEAR NMC HOSP,QUSAIS",04-2393397,PHARMACY,25.16806,55.403541
ASTER PHARMACY 116,DXB,"PLATINUM,G PLUS,GOLD,SILVER,BRONZE,BLUE,ASASI","MIRDIF COMMERCIAL COMPLEX,WEST ZONE",04-2884190,PHARMACY,25.231288,55.418365
ASTER PHARMACY 105,DXB,"PLATINUM,G PLUS,GOLD,SILVER,BRONZE,BLUE,ASASI","SHOP2,MOROCCO CLUSTER,WARSAN",04-2275972,PHARMACY,25.162542,55.419331
ASTER PHARMACY 103,DXB,"PLATINUM,G PLUS,GOLD,SILVER,BRONZE,BLUE,ASASI","S04 AL WARSAN FIRST,PERSIA CLUSTER",04-2765802,PHARMACY,25.159499,55.408495
HEALTH FIRST PHARMACY 27,DXB,"PLATINUM,G PLUS,GOLD,SILVER,BRONZE,BLUE,ASASI","THE CRESCENT B BUILDING,IMPZ",04-4253020,PHARMACY,25.01595,55.12083
ASTER PHARMACY 112,DXB,"PLATINUM,G PLUS,GOLD,SILVER,BRONZE,BLUE,ASASI","AL KHALAFI BUILDING,BUR DUBAI",04-3252920,PHARMACY,25.259123,55.29768
ACCES PHARMACY,DXB,"PLATINUM,G PLUS,GOLD,SILVER,BRONZE,BLUE,ASASI","AL ARIF BUILDING, GF-1, AL QOUZ-3",04-3807218,PHARMACY,25.147594,55.246202
AL ENAYA AL FAEQA PHARMACY LLC,DXB,"PLATINUM,G PLUS,GOLD,SILVER,BRONZE,BLUE,ASASI",AL QUOZ 3,04-3213151,PHARMACY,25.170813,55.406864
NICE LIFE PHARMACY (BR OF ASTER PHARMACIES GROUP LLC),DXB,"PLATINUM,G PLUS,GOLD,SILVER,BRONZE,BLUE,ASASI","SHOP NO:4,SPANISH BLD,CANAL RESIDENCE WEST, AL HEBIAH FORTH,SPORTS CITY",04-3092900,PHARMACY,25.241374,55.271708
APEX ATRIUM PHARMACY,DXB,"PLATINUM,G PLUS,GOLD,SILVER,BRONZE,BLUE,ASASI","AMBER BUILDING, SHOP # FB03, WASL PROPERTIES, ADJACENT TO GENERAL POST OFFICE, KARAMA",04-3707614,PHARMACY,25.245466,55.309983
HEALTH FIRST PHARMACY 30,DXB,"PLATINUM,G PLUS,GOLD,SILVER,BRONZE,BLUE,ASASI",AKOYA COMMUNITY CENTRE SHOP NO-03,04-2523591,PHARMACY,25.14519,55.18016
ASTER PHARMACY 113 (BR OF ASTER PHARMACIES GROUP LLC),DXB,"PLATINUM,G PLUS,GOLD,SILVER,BRONZE,BLUE,ASASI","MIRDIF MALL, UPTOWN MIRDIF",04-2839542,PHARMACY,25.231343,55.418424
ASTER PHARMACY 123,DXB,"PLATINUM,G PLUS,GOLD,SILVER,BRONZE,BLUE,ASASI","SHOP 3, AL GHURAIR REAL EST,DEIRA",04-2731282,PHARMACY,25.226351,55.296711
MEDCARE ORTHO & SPINE HOSPITAL PHARMACY (EXCLUDING DR MARC SINCLAIR),DXB,"PLATINUM,G PLUS,GOLD,SILVER,BRONZE,BLUE,ASASI","2ND INTERCHANGE, SHEIKH ZAYED ROAD",04-3768400,PHARMACY,25.179229,55.247166
ASTER PHARMACY 117,DXB,"PLATINUM,G PLUS,GOLD,SILVER,BRONZE,BLUE,ASASI","AL-SOUQ ALKABEER,MANKHOOL,BUR DUBAI",04-3252882,PHARMACY,25.253065,55.288743
ASTER PHARMACY 114,DXB,"PLATINUM,G PLUS,GOLD,SILVER,BRONZE,BLUE,ASASI","SHOP 13,ASWAQ  MALL, AL BARSHA",04-3851455,PHARMACY,25.089868,55.227955
AL NEEM PHARMACY,DXB,"PLATINUM,G PLUS,GOLD,SILVER,BRONZE,BLUE,ASASI","RIVERA DREAMS,INTERNATIONAL CITY",04-3697130,PHARMACY,25.168173,55.406368
ACCESS PHARMACY 2,DXB,"PLATINUM,G PLUS,GOLD,SILVER,BRONZE,BLUE,ASASI","ACCESS CLINIC BLDG,AL MUHAISINA",04-2672946,PHARMACY,25.266276,55.433794
AL TADAWI PHARMACY (DUBAI),DXB,"PLATINUM,G PLUS,GOLD,SILVER,BRONZE,BLUE,ASASI","AL MASOOD TOWER 2,DEIRA",04-2999626,PHARMACY,25.256908,55.333486
ASTER HOSPITAL PHARMACY,DXB,"PLATINUM,G PLUS,GOLD,SILVER,BRONZE,BLUE,ASASI","ASTER HOSPITAL BLG,AL RAFA STREET",04-3814943,PHARMACY,25.260245,55.28977
ASTER PHARMACY 120,DXB,"PLATINUM,G PLUS,GOLD,SILVER,BRONZE,BLUE,ASASI","AL WARQA, NEAR ASWAQ MALL",04-2803995,PHARMACY,25.204634,55.411232
ASTER PHARMACY 124,DXB,"PLATINUM,G PLUS,GOLD,SILVER,BRONZE,BLUE,ASASI","SUKOON TOWER, MARINA,",04-5546282,PHARMACY,25.081966,55.147641
ASTER PHARMACY 126,DXB,"PLATINUM,G PLUS,GOLD,SILVER,BRONZE,BLUE,ASASI","JUMERIAH, UMSUQUIM 1, NEAR MEDCARE",04-3952213,PHARMACY,25.247544,55.303086
ASTER PHARMACY 129,DXB,"PLATINUM,G PLUS,GOLD,SILVER,BRONZE,BLUE,ASASI","MARJANA PLAZA BUILDING, AL BADA",04-3590530,PHARMACY,25.233563,55.278031
ASTER PHARMACY 115,DXB,"PLATINUM,G PLUS,GOLD,SILVER,BRONZE,BLUE,ASASI","DISCOVERY PAVILION,STREET 7,",04-2672946,PHARMACY,25.047346,55.130407
ASTER PHARMACY 119,DXB,"PLATINUM,G PLUS,GOLD,SILVER,BRONZE,BLUE,ASASI","MEADOWS, EMIRATES HILLS 3",04-5546797,PHARMACY,25.064235,55.154723
HEALTH FIRST PHARMACY 33,DXB,"PLATINUM,G PLUS,GOLD,SILVER,BRONZE,BLUE,ASASI","AL KIFAF RESIDENTIAL BLDG,KARAMA",04-3963068,PHARMACY,25.15061,55.18121
HEALTH FIRST PHARMACY 7,DXB,"PLATINUM,G PLUS,GOLD,SILVER,BRONZE,BLUE,ASASI","AL SEEF 2 TOWER,JLT,JUMEIRAH",04-5520732,PHARMACY,25.04449,55.09063
HEALTH FIRST PHARMACY 9,DXB,"PLATINUM,G PLUS,GOLD,SILVER,BRONZE,BLUE,ASASI","R07 SUMMER 2,BARSHA SOUTH,JUMEIRAH",04-4233733,PHARMACY,25.0338,55.12062
ASTER PHARMACY 127,DXB,"PLATINUM,G PLUS,GOLD,SILVER,BRONZE,BLUE,ASASI","SHOPNO 1,ROYAL OCEANIC BUILDING",04-5547096,PHARMACY,25.08453,55.14221
SEHA PHARMACY LLC,DXB,"PLATINUM,G PLUS,GOLD,SILVER,BRONZE,BLUE,ASASI","SHOP NO.9, AL WASL,ONYX BUILDING",04-3977769,PHARMACY,25.249233,55.310585
ALPHA STAR PHARMACY LLC,DXB,"PLATINUM,G PLUS,GOLD,SILVER,BRONZE,BLUE,ASASI","AMBER BLG,NEAR POST OFF,KARAMA",04-3707614,PHARMACY,25.24258,55.309462
HEALTH FIRST PHARMACY 34,DXB,"PLATINUM,G PLUS,GOLD,SILVER,BRONZE,BLUE,ASASI","AL HAMRIYA,MUSALLA ROAD,BURDUBAI",04-3852791,PHARMACY,25.15371,55.17569
MEDEOR 24X7 PHARMACY,DXB,"PLATINUM,G PLUS,GOLD,SILVER,BRONZE,BLUE,ASASI","EMBASSY DISTRICT, UMM HURAIR1,",04-3500600,PHARMACY,25.257402,55.30662
HEALTH CARE PHARMACY L.L.C,DXB,"PLATINUM,G PLUS,GOLD,SILVER,BRONZE,BLUE,ASASI","DUBAI SHOPPING CENTRE,PORT SAEED",04-2955568,PHARMACY,25.253306,55.333082
STAR MIRDIF PHARMACY L.L.C,DXB,"PLATINUM,G PLUS,GOLD,SILVER,BRONZE,BLUE,ASASI",71 STREAT ASWAAG MALL DIERA,04-2845352,PHARMACY,25.228907,55.43228
HEALTH FIRST PHARMACY 41,DXB,"PLATINUM,G PLUS,GOLD,SILVER,BRONZE,BLUE,ASASI","SHOP NO : 6,UPTOWN MIRDIFF MALL,",04-2882296,PHARMACY,25.13293,55.25312
DOCIB PHARMACY.L.L.C,DXB,"PLATINUM,G PLUS,GOLD,SILVER,BRONZE,BLUE,ASASI",OUD METHA,04-3962270,PHARMACY,25.24425,55.314531
VCARE PHARMACY LLC,DXB,"PLATINUM,G PLUS,GOLD,SILVER,BRONZE,BLUE,ASASI","NASMAH TOWER,NAHDA1",04-2389492,PHARMACY,25.294617,55.361747
HEALTH FIRST PHARMACY 38,DXB,"PLATINUM,G PLUS,GOLD,SILVER,BRONZE,BLUE,ASASI","BIN LAHEJ BUILDING 338,OUD METHA",04-3960695,PHARMACY,25.14082,55.18266
WELLFAST PHARMACY LLC,DXB,"PLATINUM,G PLUS,GOLD,SILVER,BRONZE,BLUE,ASASI","TARGET BUILDING,KUWAIT ST AL KARAMA",04-3977386,PHARMACY,25.245778,55.306392
HEALTH FIRST PHARMACY 35,DXB,"PLATINUM,G PLUS,GOLD,SILVER,BRONZE,BLUE,ASASI","BIN KALAIB BUILDING, AL BARSHA",04-3471980,PHARMACY,25.063838,55.12085
HEALTH FIRST PHARMACY 42,DXB,"PLATINUM,G PLUS,GOLD,SILVER,BRONZE,BLUE,ASASI","AL SHEEBANI BLD,MARSA,MARINA",04-5546350,PHARMACY,25.04099,55.07467
ALPHA PEOPLES PHARMACY LLC BRANCH,DXB,"PLATINUM,G PLUS,GOLD,SILVER,BRONZE,BLUE,ASASI","SHOP 6,SHK.MOHD BIN ZAYED ST",04-3237293,PHARMACY,25.214277,55.259087
ASTER PHARMACY 128 (BR OF ASTER PHARMACI,DXB,"PLATINUM,G PLUS,GOLD,SILVER,BRONZE,BLUE,ASASI","SHOP # 1, NEW ENOC, UMM SUQEIM ST, AL BARSHA,",04-4405945,PHARMACY,25.282709,55.334662
BIN SINA 52 PHARMACY,DXB,"PLATINUM,G PLUS,GOLD,SILVER,BRONZE,BLUE,ASASI","THANYA5,JUMEIRAH PAVILION COMMUNI",04-4264738,PHARMACY,25.161316,55.209255
BIN SINA 50 PHARMACY,DXB,"PLATINUM,G PLUS,GOLD,SILVER,BRONZE,BLUE,ASASI","AL WASL BLDG,AL MURAQABAT",04-2500496,PHARMACY,25.263513,55.32816
BIN SINA 54 PHARMACY,DXB,"PLATINUM,G PLUS,GOLD,SILVER,BRONZE,BLUE,ASASI","EMIRATES TOWERS,TRADE CENTRE",04-3523073,PHARMACY,25.088632,55.14662
PANACEA PHARMACY REEF,DXB,"PLATINUM,G PLUS,GOLD,SILVER,BRONZE,BLUE,ASASI","GROUND FL,REEF MALL,SALAH AL DIN ST",04-2239805,PHARMACY,25.269676,55.32262
ACCESS PHARMAY 3 (BR OF ASTER PHARMACIES,DXB,"PLATINUM,G PLUS,GOLD,SILVER,BRONZE,BLUE,ASASI",NEAR TO ACCESS CLINIC DIP,04-8833862,PHARMACY,24.971116,55.171738
ASTER PHARMACY 130 (BR OF ASTER PHARMACI,DXB,"PLATINUM,G PLUS,GOLD,SILVER,BRONZE,BLUE,ASASI","GROUND FLOOR, DUJA TOWER, TRADE CENTER, SH.ZAYED ROAD",04-3866768,PHARMACY,25.082,55.147226
ASTER PHARMACY 102  (BR OF ASTER PHARMAC,DXB,"PLATINUM,G PLUS,GOLD,SILVER,BRONZE,BLUE,ASASI","AL AHBABI BLDG,AL QUSAIS SECOND",04-2610833,PHARMACY,25.232189,55.315117
ASTER PHARMACY 132 (BR OF ASTER PHARMACI,DXB,"PLATINUM,G PLUS,GOLD,SILVER,BRONZE,BLUE,ASASI","HOR AL ANZ EAST, PLOT #133,ABU HAIL",04-2692835,PHARMACY,25.289929,55.346952
ASTER PHARMACY 135 (BR OF ASTER PHARMACI,DXB,"PLATINUM,G PLUS,GOLD,SILVER,BRONZE,BLUE,ASASI","SHOP4 RUSSIA V19,INTERNATIONAL CITY",04-4511674,PHARMACY,25.167946,55.403531
RX PHARMACY BR OF IMARA HEALTHCARE LLC,DXB,"PLATINUM,G PLUS,GOLD,SILVER,BRONZE,BLUE,ASASI","AL RAFA STREET, GHUBAIBA BUS STATIO",04-3555129,PHARMACY,25.177591,55.376187
CARE WELL PHARMACY LLC,DXB,"PLATINUM,G PLUS,GOLD,SILVER,BRONZE,BLUE,ASASI","AL QOUZ MALL, SHOP NO.20",04-3419008,PHARMACY,25.122808,55.222439
BAB AL HAYAT PHARMACY LLC,DXB,"PLATINUM,G PLUS,GOLD,SILVER,BRONZE,BLUE,ASASI","MADEENA SUPERMARKET BUILDING DIP 2,",04-8831644,PHARMACY,24.98493,55.19646
DR. RAMI HAMED CENTER PHARMACY,DXB,"PLATINUM,G PLUS,GOLD,SILVER,BRONZE,BLUE,ASASI","BLDG(AL BIRUNI),DUBAI HEALTHCARE",04-2798251,PHARMACY,25.232538,55.321678
MEDIPRIME PHARMACY RTA,DXB,"PLATINUM,G PLUS,GOLD,SILVER,BRONZE,BLUE,ASASI","RTA,UMMU RAMOOL,RASHIDIYA",04-2720720,PHARMACY,25.235141,55.436045
BAIT AL MAQDES PHARMACY LLC,DXB,"PLATINUM,G PLUS,GOLD,SILVER,BRONZE,BLUE,ASASI","ARABILLA BLDG. 15C ST., HOR AL ANZ",04-2667211,PHARMACY,25.283048,55.351658
PHARMA ONE PHARMACY LLC,DXB,"PLATINUM,G PLUS,GOLD,SILVER,BRONZE,BLUE,ASASI",FATIMA BLDG. BEIRUT ST.MADINA MALL,04-2631107,PHARMACY,25.281925,55.39739
AL TAMIMI NEW PHARMACY,DXB,"PLATINUM,G PLUS,GOLD,SILVER,BRONZE,BLUE,ASASI","NAJMA BUILDING, BEHIND OASIS CENTRE",04-3381913,PHARMACY,25.167756,55.250499
AL TAMIMI PHARMACY L.L.C,DXB,"PLATINUM,G PLUS,GOLD,SILVER,BRONZE,BLUE,ASASI",MOHAMED AHMED AL RAEES BUILDING,04-3381455,PHARMACY,25.171063,55.253525
MASHREQ PHARMACY L.L.C,DXB,"PLATINUM,G PLUS,GOLD,SILVER,BRONZE,BLUE,ASASI","BIN HINDI BUILDING, OPP. DUBAI GRAN",04-2634081,PHARMACY,25.272572,55.382599
MURIAT PHARMACY L.L.C,DXB,"PLATINUM,G PLUS,GOLD,SILVER,BRONZE,BLUE,ASASI",HAMAD RASHID HAMAD GHEYDER ALKTBI B,04-3796771,PHARMACY,25.23259,55.314027
NAD AL HAMAR PHARMACY L.L.C,DXB,"PLATINUM,G PLUS,GOLD,SILVER,BRONZE,BLUE,ASASI","AL QUOZ OFFICE BLOCK, NEXT TO AL KH",04-3284298,PHARMACY,25.152132,55.242484
QALB AL IMAN PHARMACY L.L.C,DXB,"PLATINUM,G PLUS,GOLD,SILVER,BRONZE,BLUE,ASASI",DR. HASAN IBRAHIM AL MARZOOKI BUILD,04-2723240,PHARMACY,25.275231,55.309253
ROKN AL MEZHER PHARMACY L.L.C,DXB,"PLATINUM,G PLUS,GOLD,SILVER,BRONZE,BLUE,ASASI","NASSER LOUTAH BUILDING, NEXT TO AIR",04-2635469,PHARMACY,25.267814,55.376359
RAS AL KHOR PHARMACY,DXB,"PLATINUM,G PLUS,GOLD,SILVER,BRONZE,BLUE,ASASI","UNIT NO: 03, AL RAS, DEIRA",04-2262276,PHARMACY,25.266438,55.295744
WE CARE PHARMACY LLC- JUMEIRAH,DXB,"PLATINUM,G PLUS,GOLD,SILVER,BRONZE,BLUE,ASASI","JUMEIRAH THIRD, SHOP 5-3",04-3954448,PHARMACY,25.180195,55.223224
HEALTH FIRST PHARMACY 4,DXB,"PLATINUM,G PLUS,GOLD,SILVER,BRONZE,BLUE,ASASI","ROKAN AL KHALEEJ LLC, SH ZAYED ST",04-4587004,PHARMACY,25.115861,55.206559
ASTER PHARMACY 134,DXB,"PLATINUM,G PLUS,GOLD,SILVER,BRONZE,BLUE,ASASI","AL BARSHA 1ST,GOLDEN SANDS, BARSHA",04-3271483,PHARMACY,25.110945,55.202194
ASTER PHARMACY 109,DXB,"PLATINUM,G PLUS,GOLD,SILVER,BRONZE,BLUE,ASASI","NEAR DUBAI GEANT MARKET,MIRDIFF",04-4582727,PHARMACY,25.211682,55.416584
ASTER PHARMACY 136 (BR OF ASTER PHARMACIES GROUP L.L.C),DXB,"PLATINUM,G PLUS,GOLD,SILVER,BRONZE,BLUE,ASASI","OPPOSITE GRAND MALL, ALQOUZ",04-3808539,PHARMACY,25.158858,55.404862
MARINA PHARMACY BORJ STATION L.L.C.,DXB,"PLATINUM,G PLUS,GOLD,SILVER,BRONZE,BLUE,ASASI",BURJ KHALIFA METRO STATION,04-3809663,PHARMACY,25.194262,55.276369
MARINA CENTER PHARMACY,DXB,"PLATINUM,G PLUS,GOLD,SILVER,BRONZE,BLUE,ASASI",AHMED ABDUL RASHEED AHMED RAMADAN,04-3637434,PHARMACY,25.27435,55.321293
MARINA PHARMACY CITY CENTRE STATION L.L.C,DXB,"PLATINUM,G PLUS,GOLD,SILVER,BRONZE,BLUE,ASASI","DEIRA CITY CENTER METRO STATION,",04-2500682,PHARMACY,25.274359,55.321293
MARINA PHARMACY GATE (BRANCH OF MARINA PHARMACY OLD TOWN LLC),DXB,"PLATINUM,G PLUS,GOLD,SILVER,BRONZE,BLUE,ASASI","THE GATE BLDG.,, AL SHAIBA TOWERS,",04-4227914,PHARMACY,25.097107,55.170988
MARINA GREENS PHARMACY LLC,DXB,"PLATINUM,G PLUS,GOLD,SILVER,BRONZE,BLUE,ASASI","THE GREENS SHOPPING CENTRE, BESIDE",04-3663130,PHARMACY,25.094106,55.167965
MARINA JUMAIRAH PHARMACY (BRANCH OF MARINA PHARMACY LLC),DXB,"PLATINUM,G PLUS,GOLD,SILVER,BRONZE,BLUE,ASASI",NEAR EMIRATES COOPERATIVE SOCIETY B,04-3486710,PHARMACY,25.112479,55.173761
MARINA PHARMACY OLD TOWN (L.L.C),DXB,"PLATINUM,G PLUS,GOLD,SILVER,BRONZE,BLUE,ASASI","AL BAHAR, STORE NO FF 052, GROUND F",04-4201172,PHARMACY,25.195039,55.276423
MARINA PHARMACY PALM FZCO,DXB,"PLATINUM,G PLUS,GOLD,SILVER,BRONZE,BLUE,ASASI",PALM JUMEIRAH SHORELINE,04-4355963,PHARMACY,25.109726,55.147184
800 PHARMACY LLC BRANCH,DXB,"PLATINUM,G PLUS,GOLD,SILVER,BRONZE,BLUE,ASASI","NEAR MOSQUE, BESIDE ASWAQ MARKET, K",04-4486054,PHARMACY,25.105091,55.168365
MARINA PHARMACY (LLC),DXB,"PLATINUM,G PLUS,GOLD,SILVER,BRONZE,BLUE,ASASI","PALOMA BLDG., JUMEIRAH BEACH RESIDE",04-4470955,PHARMACY,25.075206,55.134453
800 PHARMACY LLC,DXB,"PLATINUM,G PLUS,GOLD,SILVER,BRONZE,BLUE,ASASI","INTERCHANGE # 5, MARINA TOWERS, MAR",04-3663410,PHARMACY,25.084059,55.14474
MARINA PHARMACY GOLDEN MILE ONE (BR OF MARINA PHARMACY (L.L.C) ),DXB,"PLATINUM,G PLUS,GOLD,SILVER,BRONZE,BLUE,ASASI","GOLDEN MILE SOUQ, PALM JUMEIRA,",04-3466998,PHARMACY,25.109747,55.147187
MARINA CARE PHARMACY L.L.C,DXB,"PLATINUM,G PLUS,GOLD,SILVER,BRONZE,BLUE,ASASI","IRANIAN HOSPITAL, SATWA,",04-3436020,PHARMACY,25.213947,55.281961
APPLE CARE PHARMACY L L C,DXB,"PLATINUM,G PLUS,GOLD,SILVER,BRONZE,BLUE,ASASI","FRANCE P-01, INTERNATIONALCITY",04-4322568,PHARMACY,25.160836,55.404702
APPLECARE PHARMACY LLC BRANCH,DXB,"PLATINUM,G PLUS,GOLD,SILVER,BRONZE,BLUE,ASASI","GREECE K-14, INTERNATIONALCITY",04-2776210,PHARMACY,25.155156,55.410735
AL OMARAA PHARMACY LLC,DXB,"PLATINUM,G PLUS,GOLD,SILVER,BRONZE,BLUE,ASASI","PYRAMIDS BLDG,KARAMA.BESIDES PIZZA",04-3969221,PHARMACY,25.2501,55.3032
SUPER CARE PHARMACY 29,DXB,"PLATINUM,G PLUS,GOLD,SILVER,BRONZE,BLUE,ASASI",THE VILLA SPINNEYS,04-4561672,PHARMACY,25.081651,55.351467
HEALTH FIRST PHARMACY 45,DXB,"PLATINUM,G PLUS,GOLD,SILVER,BRONZE,BLUE,ASASI","AL RAWBA BLG,HALIM STREET,AL BARSHA",04-3965891,PHARMACY,25.252256,55.33471
HEALTH FIRST PHARMACY 37,DXB,"PLATINUM,G PLUS,GOLD,SILVER,BRONZE,BLUE,ASASI","HESSA STREET,DUBAI SPORTS CITY",04-3606023,PHARMACY,25.036805,55.222379
ASTER PHARMACY 144 (BR OF ASTER PHARMACI,DXB,"PLATINUM,G PLUS,GOLD,SILVER,BRONZE,BLUE,ASASI","AL SHAB,TALAL MARKET,HOR AL ANZ",04-2212250,PHARMACY,25.273666,55.32159
ASTER PHARMACY 147 (BR OF ASTER PHARMACIES GROUP LLC,DXB,"PLATINUM,G PLUS,GOLD,SILVER,BRONZE,BLUE,ASASI","ASTER JUBILEE COMPLEX,FAHIDI METRO",04-3254026,PHARMACY,25.260068,55.29406
ARABELLA PHARMACY (LLC) ( BRANCH),DXB,"PLATINUM,G PLUS,GOLD,SILVER,BRONZE,BLUE,ASASI","SPINNEYS, JUMEIRA 1",04-3430188,PHARMACY,25.168595,55.228092
SUPER CARE PHARMACY 31,DXB,"PLATINUM,G PLUS,GOLD,SILVER,BRONZE,BLUE,ASASI","BURJ AL NAJOOM, DOWN TOWN",04-4305839,PHARMACY,25.194224,55.273547
SUPERCARE PHARMACY 34,DXB,"PLATINUM,G PLUS,GOLD,SILVER,BRONZE,BLUE,ASASI",BUILDING# 4 BAY SQUARE,04-5513080,PHARMACY,25.185239,55.280392
SUPER CARE PHARMACY 33 DMCC,DXB,"PLATINUM,G PLUS,GOLD,SILVER,BRONZE,BLUE,ASASI","CLUSTER C,GOLD CREST EXC, JL TOWERS",04-4539683,PHARMACY,25.068573,55.139385
ASTER PHARMACY 138,DXB,"PLATINUM,G PLUS,GOLD,SILVER,BRONZE,BLUE,ASASI","GROUND FLOOR, AL JABAR BUILDING, KARAMA",04-3377329,PHARMACY,25.244481,55.299878
SUPER CARE PHARMACY DMCC.,DXB,"PLATINUM,G PLUS,GOLD,SILVER,BRONZE,BLUE,ASASI","EMIRATES HILL, CLUSTER-T, JLT",04-3504500,PHARMACY,25.079435,55.149516
MEDI GREEN PHARMACY LLC,DXB,"PLATINUM,G PLUS,GOLD,SILVER,BRONZE,BLUE,ASASI","DOHA STREET , AL QUSAIS-1",04-2652535,PHARMACY,25.274729,55.374319
HEALTH FIRST PHARMACY 11,DXB,"PLATINUM,G PLUS,GOLD,SILVER,BRONZE,BLUE,ASASI","SHOP 8,BAY SQUARE,BUSINESS BAY",04-7181486,PHARMACY,25.22221,55.40818
SUPERCARE PHARMACY 39,DXB,"PLATINUM,G PLUS,GOLD,SILVER,BRONZE,BLUE,ASASI","LE GRANDE COMMUNITY MALL,",04-3504500,PHARMACY,25.152773,55.203443
UPTOWN COMMUNITY PHARMACY,DXB,"PLATINUM,G PLUS,GOLD,SILVER,BRONZE,BLUE,ASASI","GEANT COMMUNITY CENTRE, REMRAAM DUB",04-5135160,PHARMACY,25.004549,55.24996
ASTER PHARMACY 137 (BR OF ASTER PHARMACI,DXB,"PLATINUM,G PLUS,GOLD,SILVER,BRONZE,BLUE,ASASI","THE PAVILION MALL, FRANCE CLUSTER,",04-2672946,PHARMACY,25.256131,55.405087
ASTER PHARMACY 149(BR OF ASTER PHARMACIE,DXB,"PLATINUM,G PLUS,GOLD,SILVER,BRONZE,BLUE,ASASI","BEHIND LULU HYPERMARKET, KARAMA, BU",04-3092888,PHARMACY,25.270158,55.371531
ASTER PHARMACY 142,DXB,"PLATINUM,G PLUS,GOLD,SILVER,BRONZE,BLUE,ASASI","AL FATTAN BUILDING, AL QUSAIS",04-2205966,PHARMACY,25.269381,55.381474
ASTER PHARMACY 145,DXB,"PLATINUM,G PLUS,GOLD,SILVER,BRONZE,BLUE,ASASI","AL WALEED BLG,OPP UNION MC,KARAMA",04-3547745,PHARMACY,25.191743,55.266727
ASTER PHARMACY 146,DXB,"PLATINUM,G PLUS,GOLD,SILVER,BRONZE,BLUE,ASASI","SOUK AL KABEER,GUBAIBA BUS STATION",04-3271059,PHARMACY,25.269217,55.384062
ASTER PHARMACY 200,DXB,"PLATINUM,G PLUS,GOLD,SILVER,BRONZE,BLUE,ASASI","241-487, AL NAHDA SECOND, AL QUSAIS",04-2362839,PHARMACY,25.281867,55.393812
ASTER HEALTHCARE HYPERMARKET PHARMACY,DXB,"PLATINUM,G PLUS,GOLD,SILVER,BRONZE,BLUE,ASASI","AL RAFFA BLG,OPP ASTER HOSPIAL",04-3399523,PHARMACY,25.252503,55.288927
ASTER PHARMACY 141,DXB,"PLATINUM,G PLUS,GOLD,SILVER,BRONZE,BLUE,ASASI","GROUND FL, DUBAI FESTIVAL CITY MALL",04-2365418,PHARMACY,25.223465,55.35599
AXON PHARMA LLC.,DXB,"PLATINUM,G PLUS,GOLD,SILVER,BRONZE,BLUE,ASASI","RASHIDIYA  MARKET,UNION CORPORATION",04-2859880,PHARMACY,25.22883,55.384502
MEDICINA BEACH ROAD PHARMACY,DXB,"PLATINUM,G PLUS,GOLD,SILVER,BRONZE,BLUE,ASASI",NESTO HYPERMARKET NADD AL HAMAR,04-2239282,PHARMACY,25.20082,55.37739
MARINA PHARMACY GOLDEN MILE TWO (BR OF MARINA PHARMACY (L.L.C.)),DXB,"PLATINUM,G PLUS,GOLD,SILVER,BRONZE,BLUE,ASASI","GOLDEN MILE TWO BLDG., GOIDEN MILE",04-3466889,PHARMACY,25.107719,55.146453
MARINA PHARMACY CARE TWO (BR OF MARINA PHARMACY (L.L.C.)),DXB,"PLATINUM,G PLUS,GOLD,SILVER,BRONZE,BLUE,ASASI","IRANIAN HOSPITAL NEW BLDG., SATWA,",04-3436020,PHARMACY,25.230231,55.269117
MARINA PHARMACY ALMUSTAQBAL (BR OF MARINA PHARMACY (L.L.C) ),DXB,"PLATINUM,G PLUS,GOLD,SILVER,BRONZE,BLUE,ASASI","B# 5, VALEANT CLINIC, BYR DUBAI, AL",04-3466889,PHARMACY,25.201144,55.262764
MARINA PHARMACY SHOROOQ (BR OF MARINA PHARMACY (L.L.C.)),DXB,"PLATINUM,G PLUS,GOLD,SILVER,BRONZE,BLUE,ASASI","SHOP #: G07, MIRDIFF",04-3466889,PHARMACY,25.222293,55.372182
MEDCARE WOMEN AND CHILDRENS HOSPITAL PHA,DXB,"PLATINUM,G PLUS,GOLD,SILVER,BRONZE,BLUE,ASASI","SHEIKH ZAYED ST,AL MANARA CENTER",04-3010888,PHARMACY,25.161139,55.231106
ASTER PHARMACY 201 (BR OF ASTER PHARMACI,DXB,"PLATINUM,G PLUS,GOLD,SILVER,BRONZE,BLUE,ASASI","AL MANAL TOWER, NEXT TO CROWN PLAZA",04-3209481,PHARMACY,24.998486,55.203314
ASTER PHARMACY 148(BR OF ASTER PHARMACIE,DXB,"PLATINUM,G PLUS,GOLD,SILVER,BRONZE,BLUE,ASASI","JAMAL OMAR BIN HYDER BUILDING, 4B S",04-3404005,PHARMACY,25.259966,55.324919
ASTER PHARMACY 202 (BR OF ASTER PHARMACI,DXB,"PLATINUM,G PLUS,GOLD,SILVER,BRONZE,BLUE,ASASI","BIN SOUGAT CENTER, AIRPORT ROAD, AL",04-2540474,PHARMACY,25.232756,55.384753
SUPERCARE PHARMACY 43,DXB,"PLATINUM,G PLUS,GOLD,SILVER,BRONZE,BLUE,ASASI","BURJUMAN MALL,",04-3256464,PHARMACY,25.2548,55.3043
SUPERCARE PHARMACY 44,DXB,"PLATINUM,G PLUS,GOLD,SILVER,BRONZE,BLUE,ASASI",MOTOR CITY,04-3504500,PHARMACY,25.045,55.2397
AL AFDHAL PHARMACY 1 .LLC,DXB,"PLATINUM,G PLUS,GOLD,SILVER,BRONZE,BLUE,ASASI","NEAR BANIYAS METRO STATION,",04-2283357,PHARMACY,25.26924,55.307241
AL PLAZA PHARMACY (DUBAI),DXB,"PLATINUM,G PLUS,GOLD,SILVER,BRONZE,BLUE,ASASI",AL PLAZA CENTRE OPPOSITE VILLAGE CE,04-3445711,PHARMACY,25.229525,55.262151
AL SHOHOB PHARMACY LLC,DXB,"PLATINUM,G PLUS,GOLD,SILVER,BRONZE,BLUE,ASASI","AL SOOR ROAD,BEHIND GOLD LAND,DEIRA",04-2255556,PHARMACY,25.272822,55.29953
GHAZAL JUMAIRAH PHARMACY,DXB,"PLATINUM,G PLUS,GOLD,SILVER,BRONZE,BLUE,ASASI",NEAR GRAND SATWA MOSQUE,04-3494882,PHARMACY,25.232924,55.277128
NEW COSMOPOLITAN PHARMACY LLC,DXB,"PLATINUM,G PLUS,GOLD,SILVER,BRONZE,BLUE,ASASI","AL NAKHAL ROAD,NEAR HAJI NASSER MAS",04-2293561,PHARMACY,25.271167,55.308929
AL SAFA AL QOUZ PHARMACY LLC,DXB,"PLATINUM,G PLUS,GOLD,SILVER,BRONZE,BLUE,ASASI",BEHIND ALQOUZ BOWLING CENTER,04-3808824,PHARMACY,25.174114,55.255518
GRAND MURIATH PHARMACY,DXB,"PLATINUM,G PLUS,GOLD,SILVER,BRONZE,BLUE,ASASI","BEHIND AL HAMRIYA POST OFF, DIERA",04-2639986,PHARMACY,25.25653,55.300562
NEW AL KANZ PHARMACY BR JLT,DXB,"PLATINUM,G PLUS,GOLD,SILVER,BRONZE,BLUE,ASASI","LAKESHORE TOWER ( BOJWANI), JLT",04-5521682,PHARMACY,25.078365,55.153164
BARSHA ROSE GARDENS PHARMACY LLC,DXB,"PLATINUM,G PLUS,GOLD,SILVER,BRONZE,BLUE,ASASI","SHOP1, ROSE GARDENS HOTEL, ALBARSHA",04-3792990,PHARMACY,25.113755,55.192875
BAY SQUARE PHARMACY L.L.C,DXB,"PLATINUM,G PLUS,GOLD,SILVER,BRONZE,BLUE,ASASI","UNIT G-03,BB11,BAYSQUARE,BUSINESBAY",04-5515404,PHARMACY,25.185191,55.281364
CITY LIFE PHARMACY L.L.C,DXB,"PLATINUM,G PLUS,GOLD,SILVER,BRONZE,BLUE,ASASI","SHOP2CITY OWER1,NR CROWN PLAZA",04-347986,PHARMACY,25.218917,55.279619
DEIRA LIFE PHARMACY L.L.C,DXB,"PLATINUM,G PLUS,GOLD,SILVER,BRONZE,BLUE,ASASI","SHOP- 2, RIGGA",04-2381995,PHARMACY,25.264306,55.329346
DIAMOND 3 PHARMACY L.L.C,DXB,"PLATINUM,G PLUS,GOLD,SILVER,BRONZE,BLUE,ASASI",NR TO MARINA METRO STN DUBAI MARINA,04-4537216,PHARMACY,25.082012,55.142039
HALA PHARMACY 13 LLC,DXB,"PLATINUM,G PLUS,GOLD,SILVER,BRONZE,BLUE,ASASI","S-6 BLDNG, SPAIN CLSTR,INTL CITY",04-4310076,PHARMACY,25.165651,55.40284
HALA PHARMACY 14 LLC,DXB,"PLATINUM,G PLUS,GOLD,SILVER,BRONZE,BLUE,ASASI","SHP1, MARINA DIAMOND 5 A DXB MARINA",04-4605648,PHARMACY,25.081114,55.146362
HALA PHARMACY 15 LLC,DXB,"PLATINUM,G PLUS,GOLD,SILVER,BRONZE,BLUE,ASASI","SHP 5,6 PLOT NO169,DISCOVERY GRADEN",04-2766418,PHARMACY,25.048494,55.13155
HALA PHARMACY 16 LLC,DXB,"PLATINUM,G PLUS,GOLD,SILVER,BRONZE,BLUE,ASASI","SHP S01  PERSIA CLSTR, NTERNL CITY",04-4306947,PHARMACY,25.236175,55.277723
HAMRIYA LIFE PHARMACY L L C,DXB,"PLATINUM,G PLUS,GOLD,SILVER,BRONZE,BLUE,ASASI","HAMRIYA SHOPIN CENT,DEIRA HOR AL",04-3202449,PHARMACY,25.282831,55.340897
JBR BAHAR PHARMACY EST.,DXB,"PLATINUM,G PLUS,GOLD,SILVER,BRONZE,BLUE,ASASI","BAHAR TWR 4 NR AL MAYA SPR MKT, JBR",04-3659920,PHARMACY,25.078232,55.135327
JBR MURJAN PHARMACY EST,DXB,"PLATINUM,G PLUS,GOLD,SILVER,BRONZE,BLUE,ASASI","MURJAN TOWER - 2 , JBR",04-3612474,PHARMACY,25.082066,55.139999
JBR SADAF PHARMACY EST.,DXB,"PLATINUM,G PLUS,GOLD,SILVER,BRONZE,BLUE,ASASI","P32,SADAF TOWER - 2 JBR",04-3659925,PHARMACY,25.080068,55.137619
JBR SHAMS PHARMACY LLC,DXB,"PLATINUM,G PLUS,GOLD,SILVER,BRONZE,BLUE,ASASI","SHAMS TWR-1, NR AL MAYA SUPRMKT,JBR",04-4253592,PHARMACY,25.073185,55.130388
THUMBAY PHARMACY DUBAI,DXB,"PLATINUM,G PLUS,GOLD,SILVER,BRONZE,BLUE,ASASI","AL MUTEENA STREET, DEIRA",04-2512929,PHARMACY,25.274781,55.326872
JVC LIFE PHARMACY LLC,DXB,"PLATINUM,G PLUS,GOLD,SILVER,BRONZE,BLUE,ASASI","EMIRATES GARDEN II- MULBERRY, JVC",04-5578841,PHARMACY,25.050787,55.203532
JVT LIFE PHARMACY LLC,DXB,"PLATINUM,G PLUS,GOLD,SILVER,BRONZE,BLUE,ASASI","IMPERIAL RESIDENCE TOWER, JVT,",04-5511914,PHARMACY,25.047857,55.195546
KARAMA ONE PHARMACY L.L.C,DXB,"PLATINUM,G PLUS,GOLD,SILVER,BRONZE,BLUE,ASASI","SHOP# 2 N 3,KARAMA",04-3796632,PHARMACY,25.238793,55.30236
LIFE ABU HAIL PHARMACY LLC,DXB,"PLATINUM,G PLUS,GOLD,SILVER,BRONZE,BLUE,ASASI","LIFE ABU HAIL PHARMACY,",04-3345553,PHARMACY,25.278716,55.347404
LIFE AL BADAA PHARMACY L.L.C,DXB,"PLATINUM,G PLUS,GOLD,SILVER,BRONZE,BLUE,ASASI","AL BADAA BLDG,P 78 AL BADAA,",04-3596837,PHARMACY,25.236883,55.271615
LIFE AL NAHDA PHARMACY L.L.C,DXB,"PLATINUM,G PLUS,GOLD,SILVER,BRONZE,BLUE,ASASI","TWIN TOWER, PLOT -241-555, AL NAHDA",04-2636919,PHARMACY,25.296527,55.376523
LIFE AL SHAB PHARMACY L.L.C,DXB,"PLATINUM,G PLUS,GOLD,SILVER,BRONZE,BLUE,ASASI","MALIK BUIL, AL SHAB CLNY, HOR ALANZ",04-3205629,PHARMACY,25.276751,55.337237
LIFE AL QUSAIS PHARMACY LLC,DXB,"PLATINUM,G PLUS,GOLD,SILVER,BRONZE,BLUE,ASASI","AL HURAIZ BUILDING, DAMASCUS STREET",04-2633318,PHARMACY,25.282524,55.38849
LIFE AL RIQQA PHARMACY L.L.C,DXB,"PLATINUM,G PLUS,GOLD,SILVER,BRONZE,BLUE,ASASI","AL GHURAIR CENTRE, AL RIQQA,",04-2522421,PHARMACY,25.268102,55.31712
LIFE AL WARQA PHARMACY LLC,DXB,"PLATINUM,G PLUS,GOLD,SILVER,BRONZE,BLUE,ASASI","SHOP1&2, AL KENDI , BLDG , AL WARQA",04-2865244,PHARMACY,25.191105,55.407578
LIFE DIP PHARMACY LLC,DXB,"PLATINUM,G PLUS,GOLD,SILVER,BRONZE,BLUE,ASASI","NEAR CHOITHRAMS,MARKET MALL, DIP",04-8851933,PHARMACY,25.00501,55.16494
LIFE MAYFAIR PHARMACY L.L.C,DXB,"PLATINUM,G PLUS,GOLD,SILVER,BRONZE,BLUE,ASASI","S-02, MAYFAIR RESTWR, BUSINSESS BAY",04-5516840,PHARMACY,25.207547,55.273882
LIFE MURAQABAT PHARMACY LLC,DXB,"PLATINUM,G PLUS,GOLD,SILVER,BRONZE,BLUE,ASASI","WASL TRIO BLOCK A,AL MURAQABAT RD",04-2979201,PHARMACY,25.262812,55.327243
LIFE PEARL PHARMACY,DXB,"PLATINUM,G PLUS,GOLD,SILVER,BRONZE,BLUE,ASASI","MARINA PEARL BULDG,DUBAI MARINA",04-5516770,PHARMACY,25.069476,55.133783
LIFE PHARMACY 3 LLC,DXB,"PLATINUM,G PLUS,GOLD,SILVER,BRONZE,BLUE,ASASI","DRAGON MART 2, INTERNATIONAL CITY,",04-5135355,PHARMACY,25.104702,55.193672
LIFE PHARMACY 3 LLC BRANCH,DXB,"PLATINUM,G PLUS,GOLD,SILVER,BRONZE,BLUE,ASASI","NXT TO FITNES FIRST, DEIRA CITY CEN",04-2366021,PHARMACY,25.17298,55.422453
LIFE PHARMACY 4 LLC,DXB,"PLATINUM,G PLUS,GOLD,SILVER,BRONZE,BLUE,ASASI","SHOP LF15, METRO LINK, IBN BATTUTA,",04-2779199,PHARMACY,25.100916,55.172701
LIFE PHARMACY 5 LLC,DXB,"PLATINUM,G PLUS,GOLD,SILVER,BRONZE,BLUE,ASASI","FIRST FLOOR,DUBAI FESTIVAL CITY MAL",04-5610000,PHARMACY,25.222116,55.353109
LIFE PHARMACY 7 LLC,DXB,"PLATINUM,G PLUS,GOLD,SILVER,BRONZE,BLUE,ASASI",AL FURJAN SOUTH-UNIT # FRJP-R-24,04-4566737,PHARMACY,25.096398,55.171846
LIFE PHARMACY L L C BRANCH,DXB,"PLATINUM,G PLUS,GOLD,SILVER,BRONZE,BLUE,ASASI","NXT TO I CRE CLIN,GRD FLR LAMCYPLZA",04-5521392,PHARMACY,25.234203,55.308093
LIFE PHARMACY LLC (BRANCH),DXB,"PLATINUM,G PLUS,GOLD,SILVER,BRONZE,BLUE,ASASI","CLOVER BAY TOWER, BUSINESS BAY,",04-5531094,PHARMACY,25.188916,55.269605
LIFE ROSE PHARMACY LLC,DXB,"PLATINUM,G PLUS,GOLD,SILVER,BRONZE,BLUE,ASASI","PLT NO 67, CHINA CLSTR, INTL CITY",04-5521395,PHARMACY,25.096382,55.171831
LIFE TRIDENT PHARMACY L.L.C,DXB,"PLATINUM,G PLUS,GOLD,SILVER,BRONZE,BLUE,ASASI","MARINA SCAPE TOWER, DUBAI MARINA",04-5531092,PHARMACY,25.082304,55.146781
LIFE TWO PHARMACY L.L.C,DXB,"PLATINUM,G PLUS,GOLD,SILVER,BRONZE,BLUE,ASASI","1ST INTERCHANGE,SHEIKH ZAYED ROAD,",04-3550057,PHARMACY,25.207541,55.273875
MEDI PRIME PHARMCY REEF MALL LLC,DXB,"PLATINUM,G PLUS,GOLD,SILVER,BRONZE,BLUE,ASASI","SALAHUDDIN ROAD,DEIRA",04-6079928,PHARMACY,25.269652,55.322596
LIFE VISION PHARMACY LLC,DXB,"PLATINUM,G PLUS,GOLD,SILVER,BRONZE,BLUE,ASASI","SHOP G1,VISION TOWR,BUSINESS BAY",04-5543244,PHARMACY,25.183165,55.272887
MANSION PHARMACY L.L.C,DXB,"PLATINUM,G PLUS,GOLD,SILVER,BRONZE,BLUE,ASASI","NEXT TO MARINA MALL , DUBAI MARINA",04-4537262,PHARMACY,25.073716,55.138014
MARINA VIEW PHARMACY LLC,DXB,"PLATINUM,G PLUS,GOLD,SILVER,BRONZE,BLUE,ASASI","DUBAI MARINA,MARINA HEIGHTS BUILDIN",04-4479780,PHARMACY,25.086739,55.147941
MARSA LIFE PHARMACY L.L.C,DXB,"PLATINUM,G PLUS,GOLD,SILVER,BRONZE,BLUE,ASASI","SHOP#7, MAG 218,DUBAI MARINA, DUBAI",04-4298431,PHARMACY,25.087931,55.148925
MEDILIFE PHARMACY LLC,DXB,"PLATINUM,G PLUS,GOLD,SILVER,BRONZE,BLUE,ASASI","PLOT B/1416, OPP SAFA PARK, AL WASL",04-3237223,PHARMACY,25.208427,55.263849
NEW AL KANZ PHARMACY BR,DXB,"PLATINUM,G PLUS,GOLD,SILVER,BRONZE,BLUE,ASASI","SHOP MAG 214 , JLT,DUBAI  CLUSTER R",04-3791557,PHARMACY,25.067884,55.14131
NEW AL KANZ PHARMACY BRANCH,DXB,"PLATINUM,G PLUS,GOLD,SILVER,BRONZE,BLUE,ASASI","J2 TOWER, CLUSTER J -JLT,",04-3929669,PHARMACY,25.067704,55.141376
NEW ALHADIQA PHARMCY L.L.C,DXB,"PLATINUM,G PLUS,GOLD,SILVER,BRONZE,BLUE,ASASI","JUMEIRAH, WASL SQUARE, JUMEIRAH",04-3791553,PHARMACY,25.18593,55.240278
NEW GRAND ONE PHARMACY,DXB,"PLATINUM,G PLUS,GOLD,SILVER,BRONZE,BLUE,ASASI","KHALID BIN WALID ROAD, DUBAI",04-3518474,PHARMACY,25.256539,55.300551
NEW GRAND MURQABAT PHARMACY L.L.C,DXB,"PLATINUM,G PLUS,GOLD,SILVER,BRONZE,BLUE,ASASI","SHOP# 5,MURQABAT",04-2552275,PHARMACY,25.265122,55.326528
NEW MAMZAR PHARMACY LLC,DXB,"PLATINUM,G PLUS,GOLD,SILVER,BRONZE,BLUE,ASASI","CENTURY MALL SHOPPING MALL, DEIRA,",04-2967710,PHARMACY,25.289771,55.347278
NEW MAZAYA PHARMACY EST.,DXB,"PLATINUM,G PLUS,GOLD,SILVER,BRONZE,BLUE,ASASI","G06, MAZAYA SHOPPING CENTRE",04-3211433,PHARMACY,25.199075,55.26557
NEW MOTOR CITY PHARMACY L.L.C,DXB,"PLATINUM,G PLUS,GOLD,SILVER,BRONZE,BLUE,ASASI","NEAR SPINNEYS, UPTOWN COMMUNITY",04-4474022,PHARMACY,25.046034,55.241945
NEW SALAHALDIN PHARMACY FZE,DXB,"PLATINUM,G PLUS,GOLD,SILVER,BRONZE,BLUE,ASASI","AL WAHA MOSQUE-RS, DUBAI SILICON OA",04-4474022,PHARMACY,25.108738,55.380532
NOOR AL IMAN PHARMACY,DXB,"PLATINUM,G PLUS,GOLD,SILVER,BRONZE,BLUE,ASASI","SHOP 1, PLOT # 356-257, JUMEIRAH 3",04-3790110,PHARMACY,25.165313,55.212517
NOOR AL MAMZAR PHARMACY,DXB,"PLATINUM,G PLUS,GOLD,SILVER,BRONZE,BLUE,ASASI","AB PLAZA 1,NEAR CANADIAN SPECIALIST",04-2669299,PHARMACY,25.278721,55.349637
NOOR AL SHEFAA PHARMACY LLC,DXB,"PLATINUM,G PLUS,GOLD,SILVER,BRONZE,BLUE,ASASI","OPP.NAIF PARK,  NAIF ROAD, DEIRA",04-2396897,PHARMACY,25.274141,55.30736
PALMSTRIPS PHARMACY L L C,DXB,"PLATINUM,G PLUS,GOLD,SILVER,BRONZE,BLUE,ASASI",PALMSTRIP MALL BUL JUMEIRAH BEACH,04-3862335,PHARMACY,25.232857,55.264274
PRISTINE PHARMACY L.L.C,DXB,"PLATINUM,G PLUS,GOLD,SILVER,BRONZE,BLUE,ASASI","11A,11B NILE REGION,WAFI MALL,",04-3852248,PHARMACY,25.23,55.319545
REAL 10 PHARMACY LLC,DXB,"PLATINUM,G PLUS,GOLD,SILVER,BRONZE,BLUE,ASASI","OPP. LULU HYPER MARKET, AL BARSHA,",04-3479744,PHARMACY,25.116447,55.206158
REAL 3 PHARMACY L.L.C,DXB,"PLATINUM,G PLUS,GOLD,SILVER,BRONZE,BLUE,ASASI","EMART SUPERMARKET, UMM HURAIR",04-3575446,PHARMACY,25.257592,55.306814
REAL 4 PHARMACY L.L.C,DXB,"PLATINUM,G PLUS,GOLD,SILVER,BRONZE,BLUE,ASASI","SHOP NO 3, ESCAPER TOWER , NEAR BUS",04-3881558,PHARMACY,25.191935,55.261741
REAL 5 PHARAMACY LLC,DXB,"PLATINUM,G PLUS,GOLD,SILVER,BRONZE,BLUE,ASASI","CARREFOUR EXPRESS,AMAN ROAD,AL NADH",04-2577545,PHARMACY,25.048517,55.131547
REAL 6 PHARMACY L.L.C,DXB,"PLATINUM,G PLUS,GOLD,SILVER,BRONZE,BLUE,ASASI","AL SALAAM TOWER, SHEIK ZAYED ROAD,C",04-3529988,PHARMACY,25.072328,55.141492
REAL 7 PHARMACY DMCC,DXB,"PLATINUM,G PLUS,GOLD,SILVER,BRONZE,BLUE,ASASI","E3 , SABAH TOWR 1, JUMEIRAH LKE TOW",04-4391776,PHARMACY,25.070257,55.141097
REAL 7 PHARMACY DMCC,DXB,"PLATINUM,G PLUS,GOLD,SILVER,BRONZE,BLUE,ASASI","GS03, PLOT# JLT - PH1- A3, LAKE SID",04-5516506,PHARMACY,25.070248,55.141073
REAL ONE PHARMACY L.L.C,DXB,"PLATINUM,G PLUS,GOLD,SILVER,BRONZE,BLUE,ASASI","AL BALOOCH BLDG, NR ALRAFA POLCE",04-3887704,PHARMACY,25.260441,55.289937
REAL PHARMACY,DXB,"PLATINUM,G PLUS,GOLD,SILVER,BRONZE,BLUE,ASASI","BELSELAH BUILDING, NEXT TO MARINA F",04-3413745,PHARMACY,25.23001,55.319524
RIVIERA LIFE PHARMACY LLC,DXB,"PLATINUM,G PLUS,GOLD,SILVER,BRONZE,BLUE,ASASI","CBD CLUSTER,NEXT TO PAPA JOHN PIZZA",04-4564220,PHARMACY,25.168125,55.406323
ROYAL MARINA PHARMACY,DXB,"PLATINUM,G PLUS,GOLD,SILVER,BRONZE,BLUE,ASASI","AL BARSHA, OPP ABIDOS HOTEL,DUBAI",04-3475991,PHARMACY,25.104727,55.193636
SUSTAINABLE LIFE PHARMACY LLC,DXB,"PLATINUM,G PLUS,GOLD,SILVER,BRONZE,BLUE,ASASI","THE SUSTAINABLE CITY,AL WADI AL SAF",04-5610000,PHARMACY,25.027764,55.274379
TRAM LIFE PHARMACY L.L.C,DXB,"PLATINUM,G PLUS,GOLD,SILVER,BRONZE,BLUE,ASASI","AL SEEF TOWER 1, BEHIND TAMANI HOTE",04-5586744,PHARMACY,25.090615,55.150093
YASSAT LIFE PHARMACY LLC,DXB,"PLATINUM,G PLUS,GOLD,SILVER,BRONZE,BLUE,ASASI","SHOP 1, YASSAT GLORIA HOTEL , TECOM",04-3792799,PHARMACY,25.101024,55.172648
ASTER PHARMACY 143 (BR OF ASTER PHARMACIES GROUP LLC),DXB,"PLATINUM,G PLUS,GOLD,SILVER,BRONZE,BLUE,ASASI","RIBBON BUILDING 2, AL HEBIAH FIRST",04-4430474,PHARMACY,25.045702,55.239313
ASTER PHARMACY 157(BR OF ASTER PHARMACIES GROUP LLC),DXB,"PLATINUM,G PLUS,GOLD,SILVER,BRONZE,BLUE,ASASI","A, DAR AL WASL BUILDING, AL WASL RO",04-3867820,PHARMACY,25.19524,55.246406
ASTER PHARMACY 205 (BR OF ASTER PHARMACIES GROUP LLC),DXB,"PLATINUM,G PLUS,GOLD,SILVER,BRONZE,BLUE,ASASI","PALM VIEWS EAST BUILDING, PALM JUME",04-4221521,PHARMACY,25.116806,55.136628
ASTER AL HAYAT PHARMACY (BR OF ASTER PHARMACIES GROUP LLC),DXB,"PLATINUM,G PLUS,GOLD,SILVER,BRONZE,BLUE,ASASI","AL ROLLA ST, AL RAFA AREA",04-3552633,PHARMACY,25.256979,55.288502
ASTER PHARMACY 152(BR OF ASTER PHARMACIES GROUP LLC),DXB,"PLATINUM,G PLUS,GOLD,SILVER,BRONZE,BLUE,ASASI","COMMERCIAL CENTER, JEBEL ALI FREE Z",04-8809102,PHARMACY,25.006812,55.107045
ASTER PHARMACY 158(BR OF ASTER PHARMACIES GROUP LLC),DXB,"PLATINUM,G PLUS,GOLD,SILVER,BRONZE,BLUE,ASASI","CHURCHIL TOWER, AL AAMAL STREET,",04-2438618,PHARMACY,25.181656,55.263258
ASTER PHARMACY 204(BR OF ASTER PHARMACIES GROUP LLC),DXB,"PLATINUM,G PLUS,GOLD,SILVER,BRONZE,BLUE,ASASI","AL QUSAIS BUILDING, DAMASCUSS STREE",04-2203889,PHARMACY,25.271482,55.380055
LIFE ISLAND PHARMACY 3 LLC _BRANCH OF LIFE PHARMACY 3LLC,DXB,"PLATINUM,G PLUS,GOLD,SILVER,BRONZE,BLUE,ASASI","JUMERIAH, PAVILION MASTER COMMUNITY",04-5610000,PHARMACY,25.173321,55.421779
HALA PHARMACY 19,DXB,"PLATINUM,G PLUS,GOLD,SILVER,BRONZE,BLUE,ASASI","BUILDING , FRANCE CLUSTER, INTERNAT",04-4307323,PHARMACY,25.161253,55.399043
LIFE AL YALAYIS 1 (BR OF LIFE PHARMACY 3 L.L.C),DXB,"PLATINUM,G PLUS,GOLD,SILVER,BRONZE,BLUE,ASASI","AL QUDRA STREET, AL REEM TOWER",04-3683426,PHARMACY,25.004991,55.164944
RAK PHARMACY,DXB,"PLATINUM,G PLUS,GOLD,SILVER,BRONZE,BLUE,ASASI","UMM AL SHEIF,AL WASL ROAD,JUMEIRAH",04-3805080,PHARMACY,25.131352,55.198282
SUPER CARE PHARMACY 41,DXB,"PLATINUM,G PLUS,GOLD,SILVER,BRONZE,BLUE,ASASI","WATER FRONT MARKET, CORNICHE DEIRA,",04-2248640,PHARMACY,25.046307,55.243151
MEDICINA PHARMACY 8,DXB,"PLATINUM,G PLUS,GOLD,SILVER,BRONZE,BLUE,ASASI","NEAR MASS SUPERMARKET, AL WARQAA 1",04-2800674,PHARMACY,25.079854,55.246205
MEDICINA PHARMACY 9,DXB,"PLATINUM,G PLUS,GOLD,SILVER,BRONZE,BLUE,ASASI","AL WASL SPORTS CLUB, OUD METHA ROAD",04-2280566,PHARMACY,25.219053,55.316325
MEDICINA PHARMACY 10,DXB,"PLATINUM,G PLUS,GOLD,SILVER,BRONZE,BLUE,ASASI","MAISAN RESIDENCE BUILDING, DUBAI SCIENCE PARK, AL BARSHA SOUTH",04-4285505,PHARMACY,25.07984,55.245602
MEDICINA PHARMACY 12,DXB,"PLATINUM,G PLUS,GOLD,SILVER,BRONZE,BLUE,ASASI","ALL DAY SHOPPING CENTRE, DUBAI INTERNATIONAL ACADEMIC CITY",04-4583123,PHARMACY,25.1234,55.414113
MEDICINA PHARMACY 13,DXB,"PLATINUM,G PLUS,GOLD,SILVER,BRONZE,BLUE,ASASI","MIRDIF 35, AL KHAWANEEJ ROAD",04-2280566,PHARMACY,25.227208,55.437569
MEDICINA PHARMACY 14,DXB,"PLATINUM,G PLUS,GOLD,SILVER,BRONZE,BLUE,ASASI","REGAL TOWER, AL SA'ADA STREET, BUSINESS BAY",04-4425538,PHARMACY,25.186843,55.260913
MEDICINA PHARMACY 15,DXB,"PLATINUM,G PLUS,GOLD,SILVER,BRONZE,BLUE,ASASI","HESSA RD., ALBARSHA 1",04 8875072,PHARMACY,25.093366,55.185439
HEALTH FIRST PHARMACY 36,DXB,"PLATINUM,G PLUS,GOLD,SILVER,BRONZE,BLUE,ASASI","TUSCAN RESIDENCES-JVC,GROUND FLOOR, AREZZO 2,JUMERIAH VILLAGE 2",04-4559313,PHARMACY,25.061271,55.207817
HEALTH FIRST PHARMACY 48,DXB,"PLATINUM,G PLUS,GOLD,SILVER,BRONZE,BLUE,ASASI","SHOP NO 5,JUMEIRAH ROAD,OPPOSITE TO SPINNEYS,JUMEIRAH 1",04-3430616,PHARMACY,25.231411,55.262786
HEALTH FIRST PHARMACY 52,DXB,"PLATINUM,G PLUS,GOLD,SILVER,BRONZE,BLUE,ASASI","WHITE CROWN TOWER BUILDING, GROUND FLOOR,34 SHEIKH ZAYED RD",04-3253056,PHARMACY,25.223027,55.282261
LIFE AL BARSHA SOUTH FOURTH BR OF LIFE PHARMACY L L C,DXB,"PLATINUM,G PLUS,GOLD,SILVER,BRONZE,BLUE,ASASI","SHOP NO. G01-B, MANHATTAN BUILDING, NEAR CHOITHRAM , JVC VILLAGE,  AL BARSHA SOUTH FOURTH COMMUNITY,",04-2417418,PHARMACY,25.068718,55.207821
BANIYAS LIFE PHARMACY BR OF LIFE PHARMACY LLC,DXB,"PLATINUM,G PLUS,GOLD,SILVER,BRONZE,BLUE,ASASI","AL ASHRFIAH BUILDING, NEAR CLOCK TOWER, DEIRA,",04-2550173,PHARMACY,25.261288,55.322476
LIFE AL MIZHAR FIRST BR OF LIFE PHARMACY,DXB,"PLATINUM,G PLUS,GOLD,SILVER,BRONZE,BLUE,ASASI","UNIT NO. 2630, ARABIAN CENTER, AL MIZHAR",04-2360046,PHARMACY,25.23513,55.436123
LIFE AL HAMRIYA BR OF LIFE PHARMACY LLC,DXB,"PLATINUM,G PLUS,GOLD,SILVER,BRONZE,BLUE,ASASI","UNIT A, GROUND FLOOR, FATHIMA HYPERMARKET, KHALID BIN AL WALEED RD., BUR DUBAI",04-3571148,PHARMACY,25.256631,55.301314
LIFE TWO PHARMACY LLC BRANCH,DXB,"PLATINUM,G PLUS,GOLD,SILVER,BRONZE,BLUE,ASASI","SHOP # G84 & G85,BAY AVENUE- BUSINESS BAY,NEXT TO WHSMITH",04-520750,PHARMACY,25.207547,55.273881
KARAMA LIFE PHARMACY BR OF LIFE PHARMACY L L C,DXB,"PLATINUM,G PLUS,GOLD,SILVER,BRONZE,BLUE,ASASI","SHOP NO. 1 & 2 , AL KARAMA BUILDING , KARAMA ,",04-3450875,PHARMACY,25.247911,55.300491
MEDI PRIME PHARMACY AL QUSAIS (BR OF MEDI PRIME PHARMACY (LLC)),DXB,"PLATINUM,G PLUS,GOLD,SILVER,BRONZE,BLUE,ASASI","GROUND FLOOR, AL QUSAIS PLAZA, DAMASCUS  STREET, AL QUSAIS",04-6079876,PHARMACY,25.281216,55.387887
FAJR AL MADINA PHARMACY LLC,DXB,"PLATINUM,G PLUS,GOLD,SILVER,BRONZE,BLUE,ASASI","OFFICE NO-104,BEHIND KHAIL MALL",04-3410401,PHARMACY,25.122706,55.236314
AL SEHA AL KURBA PHARMACY LLC,DXB,"PLATINUM,G PLUS,GOLD,SILVER,BRONZE,BLUE,ASASI","2ND FLOOR,AL KHAIL MALL,ALQUOZ",04-3219926,PHARMACY,25.149168,55.246164
REAL 7 PHARMACY DMCC BRANCH,DXB,"PLATINUM,G PLUS,GOLD,SILVER,BRONZE,BLUE,ASASI","SHOP PL-7, LAKE TERRACE, CLUSTER D, JUMEIRAH LAKES TOWERS",04-2428798,PHARMACY,25.070265,55.141105
NEW SILICON PHARMACY BR OF LIFE PHARMACY,DXB,"PLATINUM,G PLUS,GOLD,SILVER,BRONZE,BLUE,ASASI","RETAIL 01, LE PRESIDIUM TOWER, DUBAI SILICON OASIS",04-3204410,PHARMACY,25.110883,55.376892
PARADISE PLUS PHARMACY L.LC,DXB,"PLATINUM,G PLUS,GOLD,SILVER,BRONZE,BLUE,ASASI",ABOVE AL MAYA SUPERMARKET,04-8848270,PHARMACY,24.986822,55.202815
KHALIDHA PHARMACY L.L.C,DXB,"PLATINUM,G PLUS,GOLD,SILVER,BRONZE,BLUE,ASASI","OFFICE: 103 & 104, FIRST FLOOR, SHEHAR KARACHI RESTAURANT BUILDING, NEAR AL KHAIL MALL / ENOC PETROL",04-3952885,PHARMACY,25.151571,55.243105
MEDICA ZONE PHARMACY,DXB,"PLATINUM,G PLUS,GOLD,SILVER,BRONZE,BLUE,ASASI","AL WASL ROAD UMM SUQEIM 2, VILLA 18",04-3383080,PHARMACY,25.144662,55.207701
PREMIER PHARMACY LLC,DXB,"PLATINUM,G PLUS,GOLD,SILVER,BRONZE,BLUE,ASASI","SHOP # 2, KINGS COLLEGE HOSPITAL BUILDING, UMM SUQUIM FIRST, JUMEIRAH",04-3411429,PHARMACY,25.162388,55.210311
GOLD LIFE PHARMACY BR OF LIFE PHARMACY LLC,DXB,"PLATINUM,G PLUS,GOLD,SILVER,BRONZE,BLUE,ASASI","UNIT NO. GDP-5-G-R5-004, GOLD AND DIAMOND PARK",04-3410243,PHARMACY,25.126688,55.207775
AL FARAH PHARMACY LLC,DXB,"PLATINUM,G PLUS,GOLD,SILVER,BRONZE,BLUE,ASASI","AL QAMZI BUILDING, BEHIND SAHARA CENTRE, AL NAHDA 1",04-2507306,PHARMACY,25.298446,55.373009
HTK PHARMACY L.L.C,DXB,"PLATINUM,G PLUS,GOLD,SILVER,BRONZE,BLUE,ASASI",GROUND FLOOR DOHA CENTRE AL MAKTOOM ROAD,04-2957776,PHARMACY,25.263988,55.31645
EMIRATES SPECIALITY HOSPITAL PHARMACY FZ-LLC,DXB,"PLATINUM,G PLUS,GOLD,SILVER,BRONZE,BLUE,ASASI","DUBAI HEALTHCARE CITY, BUILDING NO-62, DUBAI, U A E",04-2484500,PHARMACY,25.232671,55.31821
NEW MANKHOOL PHARMACY LLC,DXB,"PLATINUM,G PLUS,GOLD,SILVER,BRONZE,BLUE,ASASI","VILLA NO.108, NEXT TO EXIT 2 OF ADCB METRO STATION, AL KARAMA, MANKHOOL AREA, DUBAI",04-3858580,PHARMACY,25.24505,55.297992
SAHARA AL MANKHOOL PHARMACY LLC,DXB,"PLATINUM,G PLUS,GOLD,SILVER,BRONZE,BLUE,ASASI","TRIO 3 BUILDING, SHOP NO.2, AMAN STREET, AL NAHDA 2",04-2554427,PHARMACY,25.29599,55.375805
ASTER PHARMACY 131(BR OF ASTER PHARMACIES GROUP LLC),DXB,"PLATINUM,G PLUS,GOLD,SILVER,BRONZE,BLUE,ASASI","SHOP NO 17, TRIO BUILDING, AL BARSHA FIRST, AL BARSHA,",04-3475733,PHARMACY,25.006845,55.107021
AL KHAWANEEJ PHARMACY LLC,DXB,"PLATINUM,G PLUS,GOLD,SILVER,BRONZE,BLUE,ASASI","KHALAF MATAR BUILDING,SHOP NO.9,AL KHAWANEEJ ,DEIRA,",04-2892210,PHARMACY,25.223231,55.505372
ABRIS PHARMACY L.L.C,DXB,"PLATINUM,G PLUS,GOLD,SILVER,BRONZE,BLUE,ASASI","SOUQ AL KABEER , AL FAHIDI STREET",04-3535357,PHARMACY,25.262116,55.296359
AL SHIHHE PHARMACY LLC,DXB,"PLATINUM,G PLUS,GOLD,SILVER,BRONZE,BLUE,ASASI","AL RASHEED ROAD, NEAR TO J-MART SUPERMARKET, DEIRA",04-2726899,PHARMACY,25.277569,55.32241
SBN PHARMACY LLC,DXB,"PLATINUM,G PLUS,GOLD,SILVER,BRONZE,BLUE,ASASI","SHOP NO. 1, AL SABAH BUILDING, BETWEEN DEIRA TWIN TOWERS AND RADISSON BLU HOTEL. BANIYAS ROAD DEIRA",04-2955319,PHARMACY,25.26559,55.309323
SBN 2 PHARMACY LLC,DXB,"PLATINUM,G PLUS,GOLD,SILVER,BRONZE,BLUE,ASASI","OPP. DUBAI EXCHANGE, NEAR NAIF POLICE STATION, SHOP NO. 5 OLD DELHI DARBAR BUILDING, DEIRA",04-2714040,PHARMACY,25.26559,55.309323
AL MURAGGABAT PHARMACY,DXB,"PLATINUM,G PLUS,GOLD,SILVER,BRONZE,BLUE,ASASI","ABU BAKER SIDDIQ ROAD, NEAR MOVENPICK HOTEL, DEIRA",04-2396425,PHARMACY,25.269508,55.329866
MEDI PRIME PHARMACY MOTOR CITY (BR OF MEDI PRIME PHARMACY (LLC),DXB,"PLATINUM,G PLUS,GOLD,SILVER,BRONZE,BLUE,ASASI","FIRST FLOOR, FIRST AVENUE MALL, AL HEBAIAH FIRST AREA, MOTOR CITY",04-7070157,PHARMACY,25.048865,55.242601
LIFE AL BARSHA FOURTH 2 BR OF LIFE PHARMACY LLC,DXB,"PLATINUM,G PLUS,GOLD,SILVER,BRONZE,BLUE,ASASI","SHOP NO. 1, PRIME BUSINESS CENTER A, AL BARSHA SOUTH FOURTH (",04-5610000,PHARMACY,25.068955,55.207352
LIFE PHARMACY DIP 2 BR OF LIFE PHARMACY L L C,DXB,"PLATINUM,G PLUS,GOLD,SILVER,BRONZE,BLUE,ASASI","UNIT NO.6,RAMLA MALL, DIP,",04-5610000,PHARMACY,25.002506,55.151511
LIFE PHARMACY LLC DMCC BR,DXB,"PLATINUM,G PLUS,GOLD,SILVER,BRONZE,BLUE,ASASI","G11, DUBAI GATE 1, JUMEIRAH LAKES TOWERS",04-5610000,PHARMACY,25.237014,55.271644
ASTER PHARMACY 150 (BR OF ASTER PHARMACIES GROUP LLC),DXB,"PLATINUM,G PLUS,GOLD,SILVER,BRONZE,BLUE,ASASI","SHOP NO: 6, PINNACLE TOWER, MARINA, MARSA,",04-3794306,PHARMACY,25.289868,55.346899
BAB AL NOOR PHARMACY L.L.C,DXB,"PLATINUM,G PLUS,GOLD,SILVER,BRONZE,BLUE,ASASI","19TH ALGERIA STREET, MUSTHAFA MALL, MUHAISNAH 2ND (SONAPUR),DEIRA",04-3444293,PHARMACY,25.262677,55.430361
GULF MEDICAL CENTRE PHARMACY,DXB,"PLATINUM,G PLUS,GOLD,SILVER,BRONZE,BLUE,ASASI","AL ITTIHAD ROAD, DEIRA, NEXT TO DNATA, OPPOSITE TO NISSAN SHOWROOM",04-2626000,PHARMACY,25.260713,55.33229
MERCATO FAMILY PHARMACY LLC,DXB,"PLATINUM,G PLUS,GOLD,SILVER,BRONZE,BLUE,ASASI",JUMEIRAH 1 ST 69 A VILLA 3,04-3854401,PHARMACY,25.217306,55.253354
ASTER DCC PHARMACY LLC,DXB,"PLATINUM,G PLUS,GOLD,SILVER,BRONZE,BLUE,ASASI","SHOP NO. M-020, 1ST FLOOR, DEIRA CITY CENTER, DEIRA, OPPOSITE CARREFOUR HYPERMARKET, DUBAI, UAE",04-2210732,PHARMACY,25.252024,55.332803
AL JALILA CHILDREN SPECIALTY HOSPITAL- PHARMACY,DXB,"PLATINUM,G PLUS,GOLD,SILVER,BRONZE,BLUE,ASASI","AL WASL ,PLOT 3260585",04-2811561,PHARMACY,25.2256,55.319
GRAND INFINITY PHARMACY LLC,DXB,"PLATINUM,G PLUS,GOLD,SILVER,BRONZE,BLUE,ASASI","AL QASSER BUILDING , ROOM NO:5, GROUND FLOOR, NEAR MADINA MALL, MUHAISNA-4",04-2515458,PHARMACY,25.277983,55.410043
BURJUMAN PHARMACY LLC,DXB,"PLATINUM,G PLUS,GOLD,SILVER,BRONZE,BLUE,ASASI","GROUND FLOOR,KHALID BIN AL WALID STREET, INSIDE BURJUMAN CENTER, BUR DUBAI",04-5610000,PHARMACY,25.25312,55.302197
LIFE PHARMACY 8 BR OF LIFE PHARMACY LLC,DXB,"PLATINUM,G PLUS,GOLD,SILVER,BRONZE,BLUE,ASASI","UNIT NO. F11H, FIRST FLOOR, MALL OF EMIRATES,",04-5610000,PHARMACY,25.118107,55.200608
NEW SPRING PHARMACY BR OF LIFE PHARMACY LLC,DXB,"PLATINUM,G PLUS,GOLD,SILVER,BRONZE,BLUE,ASASI","UNIT NO. NSPV-FF-26, THE NEW SPRING VILLAGE,",04-5610000,PHARMACY,25.066227,55.192047
MARINA PHARMACY SOUTH BR OF MARINA PHARMACY LLC,DXB,"PLATINUM,G PLUS,GOLD,SILVER,BRONZE,BLUE,ASASI","AL BARSHA, SOUTH MY CITY CENTER OM SOUQIEM ROAD. B005",04-3466889,PHARMACY,25.069479,55.241758
MARINA PHARMACY CITY WALK-BR OF MARINA PHARMACY,DXB,"PLATINUM,G PLUS,GOLD,SILVER,BRONZE,BLUE,ASASI",AL ALBAANY ST. NEXT TO SH ZAID ROAD CITY WALK PHASE 2,04-3466889,PHARMACY,25.203081,55.262978
MARINA PHARMACY CARE1-BR OF MARINA PHARMACY LLC,DXB,"PLATINUM,G PLUS,GOLD,SILVER,BRONZE,BLUE,ASASI",AL WASL ROAD DUBAI IRANIAN HOSPITAL,04-3466889,PHARMACY,25.230419,55.268938
MARINA PHARMACY CARE 5 BR OF MARINA PHARMACY LLC,DXB,"PLATINUM,G PLUS,GOLD,SILVER,BRONZE,BLUE,ASASI",AL ASAYEL ST IRANIAN CLINIC (SAFA CLINIC),04-3466889,PHARMACY,25.167791,55.257252
MARINA PHARMACY CARE 3 BR OF MARINA PHARMACY LLC,DXB,"PLATINUM,G PLUS,GOLD,SILVER,BRONZE,BLUE,ASASI",AL WASL ROAD IRANIAN HOSPITAL POLYCLINIC,04-3466889,PHARMACY,25.231229,55.268442
EMIRATES HOSPITAL DAY SURGERY & MEDICAL CENTRE PHARMACY,DXB,"PLATINUM,G PLUS,GOLD,SILVER,BRONZE,BLUE,ASASI","HONSHO STREET, OPP TO KARTDROME MOTOR CITY",04-8716900,PHARMACY,25.044791,55.241424
GLOBEHEALTH PHARMACY LLC,DXB,"PLATINUM,G PLUS,GOLD,SILVER,BRONZE,BLUE,ASASI","BUILDING RESIDENCE, SHOP # 4, HOR AL ANZ, DEIRA",04-2572477,PHARMACY,25.165267,55.397333
THUMBAY PHARMACY 2 BR. OF THUMBAY PHARMACY L.L.C,DXB,"PLATINUM,G PLUS,GOLD,SILVER,BRONZE,BLUE,ASASI","AL QUSAIS,DAMASCUS STREET",04-2676705,PHARMACY,25.288391,55.391546
THUMBAY PHARMACY 6 BR. OF THUMBAY PHARMACY L.L.C,DXB,"PLATINUM,G PLUS,GOLD,SILVER,BRONZE,BLUE,ASASI","COMMUNITY NO. 373 STREET NO.38,DESERT CHARM BUILDING",04-3994694,PHARMACY,25.112568,55.189669
ROYAL RUBY PHARMACY,DXB,"PLATINUM,G PLUS,GOLD,SILVER,BRONZE,BLUE,ASASI","SHOP #8 INSIDE AK MART,DUBAI INVESTMENT PARK -1",04-3791311,PHARMACY,25.1554,55.25331
RUBY PHARMACY,DXB,"PLATINUM,G PLUS,GOLD,SILVER,BRONZE,BLUE,ASASI","SHOP NO: 5 CHINA CLUSTER,INTERNATIONAL CITY",04-4226899,PHARMACY,25.09464,55.24586
AL SANAIYA PHARMACY,DXB,"PLATINUM,G PLUS,GOLD,SILVER,BRONZE,BLUE,ASASI",NEAR BALADIA LABOUR CAMP -SONAPUR- LABOUR CAMP AREA,04-2227515,PHARMACY,25.22101,55.2904
AL AZHAR AL JADEEDA PHARMACY,DXB,"PLATINUM,G PLUS,GOLD,SILVER,BRONZE,BLUE,ASASI","NEAR NESTO & PARCO SUPERMARKET, JEBEL ALI INDUSTRIAL AREA 1",04-8800703,PHARMACY,25.007234,55.106339
AL MADINA AL SANAIYA PHARMACY,DXB,"PLATINUM,G PLUS,GOLD,SILVER,BRONZE,BLUE,ASASI","AL QUOZ INDUSTRIAL AREA 4,NEAR AL MADINA SUPERMARKET.",04-3406761,PHARMACY,25.07217,55.14122
ALMANZIL PHARMACY,DXB,"PLATINUM,G PLUS,GOLD,SILVER,BRONZE,BLUE,ASASI",NEXT TO PARSONS SUPER MARKET BUILDING - DIP-2,04-8841441,PHARMACY,24.59175,55.11489
NEW SANAIYA PHARMACY,DXB,"PLATINUM,G PLUS,GOLD,SILVER,BRONZE,BLUE,ASASI",MADINA SUPERMARKET - SONAPUR,04-2648202,PHARMACY,25.15542,55.25308
AL AHRAM PHARMACY,DXB,"PLATINUM,G PLUS,GOLD,SILVER,BRONZE,BLUE,ASASI","OPPOSITE SATWA BUS STATION, AL SATWA STREET, SATWA",04-3318060,PHARMACY,25.227027,55.272075
AL KHAN PHARMACY,DXB,"PLATINUM,G PLUS,GOLD,SILVER,BRONZE,BLUE,ASASI","HALA BUILDING DAMASCUS STREET, OPP. EMIRATES NBD, AL QUSAIS 2,",04-2634347,PHARMACY,25.274013,55.380479
AL TAMIMI NEW PHARMACY BRANCH,DXB,"PLATINUM,G PLUS,GOLD,SILVER,BRONZE,BLUE,ASASI","AHMED SAEED BUILDING NEXT TO UAE EXCHANGE AL SATWA,",04-3249218,PHARMACY,25.230356,55.276489
LOTUS PHARMACY LLC (DUBAI),DXB,"PLATINUM,G PLUS,GOLD,SILVER,BRONZE,BLUE,ASASI",SAIF ALI RASHED SUWAILEM BUILDING DAMASCUS ST. AL QUSAIS 1,04-3433134,PHARMACY,25.27527,55.382703
MEDICINA 1 PHARMACY,DXB,"PLATINUM,G PLUS,GOLD,SILVER,BRONZE,BLUE,ASASI","SOUQ AL WASL DISTRICT, AL MAKTOUM HOSPITAL ROAD",04-2943248,PHARMACY,25.270166,55.314737
MEDICINA 2 PHARMACY,DXB,"PLATINUM,G PLUS,GOLD,SILVER,BRONZE,BLUE,ASASI","NAH MALL, NAD AL HAMAR,",04-2898201,PHARMACY,25.189374,55.383186
MEDICINA 3 PHARMACY,DXB,"PLATINUM,G PLUS,GOLD,SILVER,BRONZE,BLUE,ASASI","THE MALL , JUMEIRAH ROAD",04-3219943,PHARMACY,25.140558,55.191799
MEDICINA AL FAHIDI PHARMACY,DXB,"PLATINUM,G PLUS,GOLD,SILVER,BRONZE,BLUE,ASASI","AL FAHIDI SOUQ, NEXT TO AL ANSARI EXCHANGE, BUR DUBAI",04-3550552,PHARMACY,25.108306,55.223052
MEDICINA FIRST PHARMACY,DXB,"PLATINUM,G PLUS,GOLD,SILVER,BRONZE,BLUE,ASASI","BEACH ROAD,JUMEIRAH-3, OPP. MAX BURGER-NEAR BARRACUDA REST",04-3471266,PHARMACY,25.179425,55.222115
MEDICINA PHARMACY (BARSHA DUBAI),DXB,"PLATINUM,G PLUS,GOLD,SILVER,BRONZE,BLUE,ASASI","AL BARSHA 2 ,INTERNATIONAL HOUSE BUILDING #93,SHOP NO. 2,OPP. OF MARINA HOME",04-3237202,PHARMACY,25.108306,55.223052
MEDICINA PHARMACY BRANCH 17,DXB,"PLATINUM,G PLUS,GOLD,SILVER,BRONZE,BLUE,ASASI","NEXT TO CAREFOUR, SILICON OASIS,",04-3450503,PHARMACY,25.110924,55.376545
MEDICINA 4 PHARMACY,DXB,"PLATINUM,G PLUS,GOLD,SILVER,BRONZE,BLUE,ASASI","AL MAJARAH TOWER, DUBAI MARINA WALK",04-4563304,PHARMACY,25.108306,55.223052
MEDICINA PHARMACY 5,DXB,"PLATINUM,G PLUS,GOLD,SILVER,BRONZE,BLUE,ASASI","GRAND MIDWEST VIEW HOTEL APRTMENT BUILDING, SHEIKH ZAYED ROAD, ALBARSHA 1",04-3794954,PHARMACY,25.11176,55.187163
MEDICINA PHARMACY 6,DXB,"PLATINUM,G PLUS,GOLD,SILVER,BRONZE,BLUE,ASASI","AL ATTAR BUSINESS CENTRE, AL BARSHA 1, NEAR TO IBIS HOTEL,",04-3993370,PHARMACY,25.108344,55.183896
MEDICINA PHARMACY 7,DXB,"PLATINUM,G PLUS,GOLD,SILVER,BRONZE,BLUE,ASASI","AL KHALEEJ CENTRE, AL MANKHOOL ROAD, BURDUBAI",04-3526633,PHARMACY,25.25713,55.295674
MEDICINA PHARMACY 11,DXB,"PLATINUM,G PLUS,GOLD,SILVER,BRONZE,BLUE,ASASI","SHOP NO. 2 GROUND BARRAQUER EYE HOSPITAL, DUBAI HEALTH CARE CITY,",04-4547696,PHARMACY,25.230292,55.324863
ALMANARA PHARMACY ALSUFOUH,DXB,"PLATINUM,G PLUS,GOLD,SILVER,BRONZE,BLUE,ASASI","ELITE RESIDENCE, SUFOUH STREET",04-2779361,PHARMACY,25.090448,55.147926
AL MANARA PHARMACY REMAL MALL,DXB,"PLATINUM,G PLUS,GOLD,SILVER,BRONZE,BLUE,ASASI",REMAL MALL,04-3337146,PHARMACY,24.12186,55.45435
AL MANARA PHARMACY BRANCH,DXB,"PLATINUM,G PLUS,GOLD,SILVER,BRONZE,BLUE,ASASI",SILICON OASIS,04-3330554,PHARMACY,25.313002,55.384006
AL MANARA PHARMACY 1 BRANCH,DXB,"PLATINUM,G PLUS,GOLD,SILVER,BRONZE,BLUE,ASASI","DAFZA PLAZA, ALQODOS ST",04-2232304,PHARMACY,25.090448,55.147926
BLUE BELL INTERNATIONAL PHARMACY LLC,DXB,"PLATINUM,G PLUS,GOLD,SILVER,BRONZE,BLUE,ASASI","AL ATTAR BUSINESS CENTRE,GROUND FLOOR, NEXT TO ADCB METRO STATION",04-3231366,PHARMACY,25.248926,55.30605
LIFE AL RIQQA2 BR OF LIFE PHARMACY LLC,DXB,"PLATINUM,G PLUS,GOLD,SILVER,BRONZE,BLUE,ASASI","SHOP NO. AGC 30, GROUND FLOOR, AL GHURAIR CENTRE",04-5610000,PHARMACY,25.267317,55.317646
LIFE PHARMACY 10 BR OF LIFE PHARMACY LLC,DXB,"PLATINUM,G PLUS,GOLD,SILVER,BRONZE,BLUE,ASASI","SHOP NO:6, GROUND FLOOR,  AL FATTAN SHOPPING CENTRE, JBR WALK",04-5610000,PHARMACY,25.079383,55.136161
MEDICLINIC PARKVIEW HOSPITAL LLC PHARMACY,DXB,"PLATINUM,G PLUS,GOLD,SILVER,BRONZE,BLUE,ASASI",AL BARSHA SOUTH THIRD,04-4168851,PHARMACY,25.067082,55.248989
FAJR AL MADINA PHARMACY L.L.C BRANCH,DXB,"PLATINUM,G PLUS,GOLD,SILVER,BRONZE,BLUE,ASASI","SHOP NO - 06 , CRYSTAL MALL , JABEL ALI",04-2974494,PHARMACY,24.9857,55.0273
HATTA PHARMACY,DXB,"PLATINUM,G PLUS,GOLD,SILVER,BRONZE,BLUE,ASASI","CO-OPERATIVE SOCIETY,NEAR HATTA FORT HOTEL,OPPOSITE EMIRATES NBD BANK,OMAN ROAD, HATTA",04-8521794,PHARMACY,24.816616,56.132839
ASTER HOSPITAL PHARMACY BR OF ASTER DM HEALTHCARE,DXB,"PLATINUM,G PLUS,GOLD,SILVER,BRONZE,BLUE,ASASI","9 A STREET, AL QUSAIS INDUSTRIAL AREA 2, AL QUSAIS",04-4546001,PHARMACY,25.277436,55.395336
MULTI CARE PHARMACY LLC,DXB,"PLATINUM,G PLUS,GOLD,SILVER,BRONZE,BLUE,ASASI","ALKHAIL GATE COMMUNITY CENTER ,AL QUOZ,",04-4245863,PHARMACY,25.142553,55.250259
PHARMACHOICE PHARMACY OWNED BY DR. SULAIMAN AL HABIB  HOSPITAL ONE PERSON LLC,DXB,"PLATINUM,G PLUS,GOLD,SILVER,BRONZE,BLUE,ASASI","INDIGO TOWERS, PLOT # 357-0709, AL SAFA 2 , SHEIKH ZAYED ROAD,NR NOOR BANK METRO STN)",04-5813340,PHARMACY,24.620494,54.716523
ASTER PHARMACY 155 (BR OF ASTER PHARMACIES GROUP LLC),DXB,"PLATINUM,G PLUS,GOLD,SILVER,BRONZE,BLUE,ASASI","GROUND FLOOR, BUSINESS CENTRE, IBIS HOTEL, AL RIGGA, DEIRA,",04-2280204,PHARMACY,25.265471,55.321177
JADAF LIFE PHARMACY BR OF LIFE PHARMACY LLC,DXB,"PLATINUM,G PLUS,GOLD,SILVER,BRONZE,BLUE,ASASI","RETAIL#1, RIAH TOWERS, CULTURE VILLAGE, AL JEDDAF",04-5610000,PHARMACY,25.224214,55.339698
THE POINTE LIFE PHARMACY BR OF LIFE PHARMACY  LLC,DXB,"PLATINUM,G PLUS,GOLD,SILVER,BRONZE,BLUE,ASASI","NEXT TO REEL CINEMAS , THE POINTE , PALM JUMEIRAH,",04-5610000,PHARMACY,25.126916,55.123169
LA RIVIERA LIFE PHARMACY BR OF LIFE PHARMACY LLC,DXB,"PLATINUM,G PLUS,GOLD,SILVER,BRONZE,BLUE,ASASI","UNIT S02 IN LA RIVIERA TOWER, DUBAI MARINA,",04-5610000,PHARMACY,25.073081,55.138471
AL BARAKA PHARMACY,DXB,"PLATINUM,G PLUS,GOLD,SILVER,BRONZE,BLUE,ASASI","BEHIND OLD AL MAKTOUM HOSPITA,AL NAKHEEL ROAD,YOUSEK BAKER ROAD,DEIRA",04-2230500,PHARMACY,25.270217,55.31289
AL JAMEYA AL TAAWENYA PHARMACY,DXB,"PLATINUM,G PLUS,GOLD,SILVER,BRONZE,BLUE,ASASI","GROUND FLOOR,UNION CO-OP SOCIETY,30TH STREET,MANKHOOL, KARAMA",04-3986302,PHARMACY,25.256349,55.2967
AL SHAWAB PHARMACY,DXB,"PLATINUM,G PLUS,GOLD,SILVER,BRONZE,BLUE,ASASI","MARIYAM AL SAIF BUILDING,AL NAKHEEL ROAD,NEAR AL NAKHEEL CENTER- DEIRA FISH ROUNDABOUT, DEIRA",04-2277603,PHARMACY,25.27324,55.31553
CARE AND CURE PHARMACY,DXB,"PLATINUM,G PLUS,GOLD,SILVER,BRONZE,BLUE,ASASI","DISCOVERY GARDENS, STREET 1,JABEL ALI-1",04-4390384,PHARMACY,25.049324,55.135392
AL CORNICHE PHARMACY,DXB,"PLATINUM,G PLUS,GOLD,SILVER,BRONZE,BLUE,ASASI","GROUND FLOOR,JUMEIRAH BEACH CENTRE COMPLEX, JUMEIRAH-1",04-3447220,PHARMACY,25.224861,55.261126
HORIZON HEALTH CARE PHARMCY,DXB,"PLATINUM,G PLUS,GOLD,SILVER,BRONZE,BLUE,ASASI","GROUND FLOOR,AL THURAYA TOWER,OPP TIME HOTEL, BARSHA HEIGHTS/TECOM,",04-4541225,PHARMACY,25.096638,55.17373
SANA PHARMACY,DXB,"PLATINUM,G PLUS,GOLD,SILVER,BRONZE,BLUE,ASASI","NEAR KARAMA SIGNAL,KARAMA 4 BUILDING, 46B STREET, KARAMA",04-3377028,PHARMACY,25.239549,55.297692
NAJMA AL MUSALLAH PHARMACY L.L.C,DXB,"PLATINUM,G PLUS,GOLD,SILVER,BRONZE,BLUE,ASASI","SHOP NO: 1, OBEROI BUILDING, AL QUOZ IND AREA",04-3381967,PHARMACY,25.140833,55.292477
MEDI PRIME PHARMACY BARSHA HEIGHTS  (BR OF MEDI PRIME PHARMACY (L.L.C),DXB,"PLATINUM,G PLUS,GOLD,SILVER,BRONZE,BLUE,ASASI","GROUND FLOOR, THE ONYX TOWER 1 LANDSCAPE LEOCORE, BESIDES COSTA COFFEE, THE GREENS (AL THANYAH THIRD",04-7070999,PHARMACY,25.097118,55.16818
DUBAL PHARMACY,DXB,"PLATINUM,G PLUS,GOLD,SILVER,BRONZE,BLUE,ASASI","JEBEL ALI, EGA",04-8021215,PHARMACY,25.034963,55.09857
ASTER PHARMACY 156 (BR OF ASTER PHARMACIES GROUP LLC),DXB,"PLATINUM,G PLUS,GOLD,SILVER,BRONZE,BLUE,ASASI","SHOP NO. 6, SAPPHIRE MALL, DUBAI INDUSTRIAL CITY, NEAR TO AL MAKTOUM INTERNATIONAL AIRPORT",04-5877191,PHARMACY,25.134053,55.253555
MEDI PRIME PHARMACY JUMEIRAH BRANCH L.L.C,DXB,"PLATINUM,G PLUS,GOLD,SILVER,BRONZE,BLUE,ASASI","GROUND FLOOR, AL FERDOUS 1, AL WASL ROAD, AL SAFA",04-7070999,PHARMACY,25.182598,55.237406
HEALTHHUB PHARMACY BR OF ALFUTTAIM HEALTHCARE SINGLE PERSON COMPANY LLC,DXB,"PLATINUM,G PLUS,GOLD,SILVER,BRONZE,BLUE,ASASI","GROUND FLOOR , MANAZEL DEIRA BUILDING  , QUSAIS -1",04-2040454,PHARMACY,25.267401,55.381421
DAR ALNASEEM PHARMACY(L.L.C),DXB,"PLATINUM,G PLUS,GOLD,SILVER,BRONZE,BLUE,ASASI","MUHAISINAH-4,BUILDING  ALBAYAN PLAZA",04-2576266,PHARMACY,25.286785,55.399895
ADAM VITAL ORTUS HOSPITAL PHARMACY,DXB,"PLATINUM,G PLUS,GOLD,SILVER,BRONZE,BLUE,ASASI","AL WALEED BUILDING, 10TH STREET, AL GRAHOUD,",04-2068999,PHARMACY,25.251149,55.343166
ARDH AL NASEEM PHARMACY,DXB,"PLATINUM,G PLUS,GOLD,SILVER,BRONZE,BLUE,ASASI","AMMAN STREET AL NAHDA-2,BUILDING AL MAGRUDY RESIDENCE",04-2809242,PHARMACY,25.297483,55.383329
ZABEEL PHARMACY LLC,DXB,"PLATINUM,G PLUS,GOLD,SILVER,BRONZE,BLUE,ASASI","SHOP NO:2, MARASI DRIVE STREET, BLUE BAY TOWER, BUSINESS BAY",04-5897129,PHARMACY,25.188274,55.271221
C C S LIFE PHARMACY BR OF LIFE PHARMACY,DXB,"PLATINUM,G PLUS,GOLD,SILVER,BRONZE,BLUE,ASASI","UNIT NO. 2, GROUND FLOOR, SHINDAGHA CITY CENTRE, BUR DUBAI,",04-5610000,PHARMACY,25.2646,55.28822
JBR LIFE PHARMACY 2 BR OF LIFE PHARMACY LLC,DXB,"PLATINUM,G PLUS,GOLD,SILVER,BRONZE,BLUE,ASASI","SHOP NO 2406, GROUND FLOOR, THE BEACH - JBR ,",04-5610000,PHARMACY,25.076231,55.131253
LIFE PHARMACY DAMASCUS BR OF LIFE PHARMACY LLC,DXB,"PLATINUM,G PLUS,GOLD,SILVER,BRONZE,BLUE,ASASI","SHOP NO.1, NEXT TO AL KABAYL CENTER ,AL QUSAIS 2 BLDNG., DAMASCUS STREET,  AL QUSAIS,",04-5610000,PHARMACY,25.27373,55.38223
TOWN SQUARE LIFE PHARMACY BR OF LIFE PHARMACY LLC,DXB,"PLATINUM,G PLUS,GOLD,SILVER,BRONZE,BLUE,ASASI","UNIT NO. 4, GROUND FLOOR, TOWN SQUARE DEVELOPMENT ZAHRA APARTMENTS,",04-5610000,PHARMACY,25.008023,55.29321
LIFE PHARMACY JVT 2 BR OF LIFE PHARMACY LLC,DXB,"PLATINUM,G PLUS,GOLD,SILVER,BRONZE,BLUE,ASASI","SHOP NO. R01, NEXT TO TRIANGLE SUPERMARKET, GREEN PARK BUILDING, JVT,",04-5610000,PHARMACY,25.042817,55.188856
TOWN COMMUNITY PHARMACY,DXB,"PLATINUM,G PLUS,GOLD,SILVER,BRONZE,BLUE,ASASI","WAFI MALL - PHASE 8 -SHEIKH RASHID ROAD,",04-3547374,PHARMACY,25.2295,55.3186
ABEER AL NOOR PHARMACY LLC,DXB,"PLATINUM,G PLUS,GOLD,SILVER,BRONZE,BLUE,ASASI","RASHIDIYAT MAHALAT BUILDING,PLOT NO.348-0, SHOP NO. 11 & 12, BEHIND SOUGAT CENTRE, RASHIDIYA,",04-2362305,PHARMACY,25.232598,55.383863
FAITHWAY PHARMACY LLC BRANCH,DXB,"PLATINUM,G PLUS,GOLD,SILVER,BRONZE,BLUE,ASASI","CENTER RESIDENCE BESIDE WESTZONE SUPERMARKET AL MUTEENA,",04-3327827,PHARMACY,25.27179,55.327454
NOVOMED PHARMACY LLC,DXB,"PLATINUM,G PLUS,GOLD,SILVER,BRONZE,BLUE,ASASI","AL YAHOOM STREET, GROUND FLOOR MARINA PLAZA",04-5576235,PHARMACY,25.74955,55.140259
MEDX PHARMACY L.L.C,DXB,"PLATINUM,G PLUS,GOLD,SILVER,BRONZE,BLUE,ASASI","BEL REMAITHA CLUB BUILDING, AL REBAAT STREET",04-2854641,PHARMACY,25.214115,55.379644
GERMAN MEDICAL CENTER FZ-LLC ( PHARMACY ),DXB,"PLATINUM,G PLUS,GOLD,SILVER,BRONZE,BLUE,ASASI","DUBAI HEALTHCARE CITY, IBN SINA BLD. 27, BLOCK-B, CLINIC 302 / 404",04-4322989,PHARMACY,25.231678,55.326309
LIFE AL WARQA 2 BR OF LIFE PHARMACY LLC,DXB,"PLATINUM,G PLUS,GOLD,SILVER,BRONZE,BLUE,ASASI","SHOP NO. 5, GROUND FLOOR, AL JABRI BUILDING, AL WARQA FIRST",04-5610000,PHARMACY,25.204373,55.403102
S Z R LIFE PHARMACY BR OF LIFE PHARMACY LLC,DXB,"PLATINUM,G PLUS,GOLD,SILVER,BRONZE,BLUE,ASASI","SHOWROOM NO. 2, AL KAWAKEB (D BLOCK), SHEIKH ZAYED ROAD",04-5610000,PHARMACY,25.11782,55.36481
LIFE PHARMACY DFC BR OF LIFE PHARMACY LLC,DXB,"PLATINUM,G PLUS,GOLD,SILVER,BRONZE,BLUE,ASASI","UNIT NO. - RC-021, FIRST FLOOR, DUBAI FESTIVAL CITY,",04-5610000,PHARMACY,25.237205,55.289785
LIFE PHARMACY DUSSELDORF BR OF LIFE PHARMACY LLC,DXB,"PLATINUM,G PLUS,GOLD,SILVER,BRONZE,BLUE,ASASI","SHOP NO. 4, DUSSELDORF BUSINESS POINT, AL BARSHA-1,",04-5610000,PHARMACY,25.114815,55.204888
NEO PHARMACY LLC,DXB,"PLATINUM,G PLUS,GOLD,SILVER,BRONZE,BLUE,ASASI","FAKHREE CENTRE LLC,PASONS HYPER MARKET BUILDING,GROUND FLOOR-DIP 2ND ,",04-8814919,PHARMACY,25.233625,55.309006
ALMANZIL AL JADEED PHARMACY LLC,DXB,"PLATINUM,G PLUS,GOLD,SILVER,BRONZE,BLUE,ASASI","SHOP NO 13, VEGETABLE AND FRUIT MARKET, AL AWEER, RAS AL KHOR",04-3339656,PHARMACY,25.10277,55.23386
MARINA PHARMACY ATLANTIS (BR OF MARINA PHARMACY L.L.C),DXB,"PLATINUM,G PLUS,GOLD,SILVER,BRONZE,BLUE,ASASI",CRESENT ROAD PALM JUMAIRAH ATLANTIS,04-3466889,PHARMACY,25.129913,55.116391
EMIRATES PHARMACY LLC BRANCH,DXB,"PLATINUM,G PLUS,GOLD,SILVER,BRONZE,BLUE,ASASI","BUILDING 18 GROUND FLOOR STREET 1, ZEN CLUSTER DISCOVERY GARDENS DUBAI UAE",04-4329111,PHARMACY,25.196926,55.237866
CITY LAND LIFE PHARMACY BR OF LIFE PHARMACY LLC,DXB,"PLATINUM,G PLUS,GOLD,SILVER,BRONZE,BLUE,ASASI","UNIT NO. 260, CITY LAND THE MALL, WADI AL SAFA,",04-5610000,PHARMACY,25.067133,55.299719
LIFE PHARMACY BARSHA HEIGHTS BR OF LIFE PHARMACY LLC,DXB,"PLATINUM,G PLUS,GOLD,SILVER,BRONZE,BLUE,ASASI","AL THANYAH,AL SHAIBA TOWER",04-5610000,PHARMACY,25.078292,55.140428
LIFE PHARMACY MARINA WALK BR OF LIFE PHARMACY LLC,DXB,"PLATINUM,G PLUS,GOLD,SILVER,BRONZE,BLUE,ASASI","UNIT NO. GA2, GROUND FLOOR, DUBAI MARINA TOWERS RETAIL, MARINA WALK",04-5610000,PHARMACY,25.078292,55.140428
KINGS COLLEGE HOSPITAL LONDON PHARMACY BR OF KCH HEALTHCARE LLC,DXB,"PLATINUM,G PLUS,GOLD,SILVER,BRONZE,BLUE,ASASI","AL MARABEA STEET, AL KHAIL ROAD",04-5199999,PHARMACY,25.112571,55.254852
STAY WELL PHARMACY BR OF UNITED MEDICAL SUPPLIES UNIMED LLC,DXB,"PLATINUM,G PLUS,GOLD,SILVER,BRONZE,BLUE,ASASI","GALLERIA MALL, 1ST FLOOR, ALBARSHA 2",04-5261228,PHARMACY,25.099307,55.20053
ASTER PHARMACY 104 (BR OF ASTER PHARMACIES GROUP LLC),DXB,"PLATINUM,G PLUS,GOLD,SILVER,BRONZE,BLUE,ASASI","SHOP NO.1, HANBAL SHAFIE AL MADANI BUILDING, AL WARQA-1, NEAR ASTER ORTHO CLINIC,  AL WARQA",04-2829440,PHARMACY,25.189884,55.407364
ASTER PHARMACY 160 (BR OF ASTER PHARMACIES GROUP LLC),DXB,"PLATINUM,G PLUS,GOLD,SILVER,BRONZE,BLUE,ASASI","UNIT NO:M11, JABAL ALI SHOPPING CENTER, NEAR TO RAMLA MARKET, 86 STREET, DUBAI INVESTMENTS PARK 1, D",04-8847176,PHARMACY,24.970982,55.171989
LIFE PHARMACY DWTC (BR OF LIFE PHARMACY LLC),DXB,"PLATINUM,G PLUS,GOLD,SILVER,BRONZE,BLUE,ASASI","SHOP NO: R021.02, CONCOURSE 1, DUBAI WORLD TRADE CENTRE",04-5610000,PHARMACY,25.22827,55.2881
LIFE PHARMACY VILLAGE MALL (BR OF LIFE PHARMACY LLC),DXB,"PLATINUM,G PLUS,GOLD,SILVER,BRONZE,BLUE,ASASI","SHOP NO: 24 & 25, THE VILLAGE MALL, JUMEIRAH FIRST",04-5610000,PHARMACY,25.23028,55.261875
VIVA PHARMACY LLC,DXB,"PLATINUM,G PLUS,GOLD,SILVER,BRONZE,BLUE,ASASI","VILLA NO:117B,AL WASL ROAD JUMEIRAH 1ST",04-3231317,PHARMACY,25.224309,55.257622
NAD SHAMMA PHARMACY LLC,DXB,"PLATINUM,G PLUS,GOLD,SILVER,BRONZE,BLUE,ASASI","SHOP NO:3,OLD KADOOLI BUILDING,NEAR FIRE STATION,AL RASHIDIYA",04-2514107,PHARMACY,25.224357,55.377884
HEALTHHUB PHARMACY BR.OF ALFUTTAIM HEALTHCARE SINGLE PERSON COMPANY LLC,DXB,"PLATINUM,G PLUS,GOLD,SILVER,BRONZE,BLUE,ASASI","ZEN CLUSTER -3 DISCOVERY GARDEN , GROUND FLOOR , BUILDING NO.6",04-2080469,PHARMACY,25.047343,55.130588
AMBER CLINIC LLC COMMUNITY (OUTPATIENT) PHARMACY,DXB,"PLATINUM,G PLUS,GOLD,SILVER,BRONZE,BLUE,ASASI","BUSINESS CENTER,2ND FLOOR,26 B STREET,AL RIGGA, NEAR IBIS HOTEL,DEIRA,",04-2325342,PHARMACY,25.26554,55.321361
MVR PHARMACY,DXB,"PLATINUM,G PLUS,GOLD,SILVER,BRONZE,BLUE,ASASI","AIRPORT ROAD, AL GARHOUD",04-2327111,PHARMACY,23.25243,55.340804
EMIRATES PHARMACY LLC BRANCH,DXB,"PLATINUM,G PLUS,GOLD,SILVER,BRONZE,BLUE,ASASI",NADAL SHEBA AREA MOTOR CITY,04-5549370,PHARMACY,24.044789,55.241452
GOLF COMMUNITY PHARMACY,DXB,"PLATINUM,G PLUS,GOLD,SILVER,BRONZE,BLUE,ASASI","THE FAIRWAY COMMUNITY CENTRE, JUMEIRAH GOLF Eaddress4",04-2771814,PHARMACY,25.01474,55.193
HEALTHHUB PHARMACY (BR.AL FUTTAIM HEALTCARE SINGLE PERSON COMPANY LLC,DXB,"PLATINUM,G PLUS,GOLD,SILVER,BRONZE,BLUE,ASASI",DSOA-22-008-LYNX TOWER -G-G06,04-3057333,PHARMACY,25.109968,55.377502
LIFE PHARMACY MARINA BR OF LIFE PHARMACY LLC,DXB,"PLATINUM,G PLUS,GOLD,SILVER,BRONZE,BLUE,ASASI","GROUND FLOOR, DEC DUBAI MARINA TOWER 2, CHOITRAMS - MARINA,",04-5610000,PHARMACY,25.068707,55.129641
LIFE PHARMACY 26 BR OF LIFE PHARMACY LLC,DXB,"PLATINUM,G PLUS,GOLD,SILVER,BRONZE,BLUE,ASASI","SHOP NUMBER R VCC A8, ARABIAN RANCHES I,",04-5610000,PHARMACY,25.079968,55.157293
LIFE PHARMACY C C M (BR OF LIFE PHARMACY L.L.C),DXB,"PLATINUM,G PLUS,GOLD,SILVER,BRONZE,BLUE,ASASI","UNIT NO. D006A, GROUND FLOOR, MIDRIFF CITY CENTRE",04-5610000,PHARMACY,25.216406,55.407784
LIFE PHARMACY FZ-LLC,DXB,"PLATINUM,G PLUS,GOLD,SILVER,BRONZE,BLUE,ASASI","UNIT NO. 09RI, BUILD. NO. 64, DISTRICT 1, BLOCK D, GROUND FLOOR, DHCC",04-5610000,PHARMACY,25.234007,55.318194
GARGASH HOSPITAL PHARMACY LLC,DXB,"PLATINUM,G PLUS,GOLD,SILVER,BRONZE,BLUE,ASASI","UMM AL SHEIF, UMM SUQEIM ROAD,",04-7030000,PHARMACY,25.12772,55.194275
EMIRATES PHARMACY L.L.C. ( BRANCH),DXB,"PLATINUM,G PLUS,GOLD,SILVER,BRONZE,BLUE,ASASI","AL KARAMA, WASL PROPERTIES BUILDING NO. R364, SHOP NO.5",04-3872555,PHARMACY,25.247245,55.309013
HEALTHHUB PHARMACY BR OF ALFUTTAIM HEALTHCARE SINGLE PERSON COMPANY LLC,DXB,"PLATINUM,G PLUS,GOLD,SILVER,BRONZE,BLUE,ASASI","WARSAN -1, WARSAN  BUILDING 77 B - SHOP NO - 2 & 3 , INTERNATIONAL CITY",04-3057640,PHARMACY,25.10059,55.23529
LIFE PHARMACY 11 BR OF LIFE PHARMACY LLC,DXB,"PLATINUM,G PLUS,GOLD,SILVER,BRONZE,BLUE,ASASI","SHOP NO.2, NEAR CREATIVE MINDS SHOP,   BARSHA, UMM SUQEIM ROAD,",04-5610000,PHARMACY,25.11991,55.20554
LIFE PHARMACY I B M 2 BR OF LIFE PHARMACY LLC,DXB,"PLATINUM,G PLUS,GOLD,SILVER,BRONZE,BLUE,ASASI","UNIT NO.IBS-GF-54 & IBS-GF-54A, COURT-S, IBN BATTUTA MALL,",04-5610000,PHARMACY,25.04176,55.118493
CREEK LIFE PHARMACY BR OF LIFE PHARMACY LLC,DXB,"PLATINUM,G PLUS,GOLD,SILVER,BRONZE,BLUE,ASASI","UNIT NO. DCR-A001-GFR-04, GROUND FLOOR, DUBAI CREEK RESIDENCE,",04-5610000,PHARMACY,25.282056,55.398299
LIFE PHARMACY 12 BR OF LIFE PHARMACY LLC,DXB,"PLATINUM,G PLUS,GOLD,SILVER,BRONZE,BLUE,ASASI","SHOP 1, THE TOWER, FINANCIAL CENTRE, SHEIKH ZAYED ROAD",04-5610000,PHARMACY,25.217067,55.279938
LIFE PHARMACY 15 BR OF LIFE PHARMACY LLC,DXB,"PLATINUM,G PLUS,GOLD,SILVER,BRONZE,BLUE,ASASI","SHOP NO.13, BAYAT COMPLEX, HOR AL ANZ EAST,",04-5610000,PHARMACY,25.217067,55.279938
LIFE PHARMACY N K MALL BR OF LIFE PHARMACY LLC,DXB,"PLATINUM,G PLUS,GOLD,SILVER,BRONZE,BLUE,ASASI","SHOP NO. NKM- B- 1010 & B-1011 , NAKHEEL MALL , PALM JUMEIRAH,",04-5610000,PHARMACY,25.114342,55.138558
NEO PHARAMCY LLC BRANCH,DXB,"PLATINUM,G PLUS,GOLD,SILVER,BRONZE,BLUE,ASASI","AL QUOZE ,INDUSTRIAL-2,KHALFAN MOHAMMED BIN LAHEJ BUILDING",04-3320266,PHARMACY,25.140699,55.25908
MEDICOM PHARMACY 15,DXB,"PLATINUM,G PLUS,GOLD,SILVER,BRONZE,BLUE,ASASI","AL RIGGA STREET, AL MURAQQABAT,",04-2297670,PHARMACY,25.264504,55.318635
MEDICOM PHARMACY 16,DXB,"PLATINUM,G PLUS,GOLD,SILVER,BRONZE,BLUE,ASASI","SABKHA BUS STATION, AL SABKHA, DUBAI",04-2263614,PHARMACY,25.269445,55.303256
MEDICOM PHARMACY 33 LLC,DXB,"PLATINUM,G PLUS,GOLD,SILVER,BRONZE,BLUE,ASASI","FRIJ MURAR, DEIRA",04-2733237,PHARMACY,25.275916,55.308873
MEDICOM PHARMACY 34 LLC,DXB,"PLATINUM,G PLUS,GOLD,SILVER,BRONZE,BLUE,ASASI","NEAR AL NAHDA METRO STATION, AL QUSAIS",04-2544001,PHARMACY,25.274068,55.371762
MEDICOM PHARMACY 35 LLC,DXB,"PLATINUM,G PLUS,GOLD,SILVER,BRONZE,BLUE,ASASI","BANIYAS TOWER, BANIYAS SQUARE, DEIRA",04-3455920,PHARMACY,25.268677,55.306191
HEALTHHUB PHARMACY BR OF ALFUTTAIM HEALTHCARE SINGLE PERSON COMPANY LLC,DXB,"PLATINUM,G PLUS,GOLD,SILVER,BRONZE,BLUE,ASASI","MASHROOM BUILDING 3 , GROUND FLOOR , AL WARQA -1 , AL WARQA STREET",04-2186276,PHARMACY,25.192167,55.405833
LIFE PHARMACY 18 BR OF LIFE PHARMACY LLC,DXB,"PLATINUM,G PLUS,GOLD,SILVER,BRONZE,BLUE,ASASI","SHOP NO. 6, GROUND FLOOR - CITY WALK 1,",04-5610000,PHARMACY,25.207108,55.265113
FESTIVAL LIFE PHARMACY BR OF LIFE PHARMACY LLC,DXB,"PLATINUM,G PLUS,GOLD,SILVER,BRONZE,BLUE,ASASI","UNIT NO. - SU108 & SU109, GROUND FLOOR, FESTIVAL PLAZA,",04-5610000,PHARMACY,25.029289,55.108003
DR.JOSEPH POLYCLINIC COMMUNITY (OUTPATIENT ) PHARMACY,DXB,"PLATINUM,G PLUS,GOLD,SILVER,BRONZE,BLUE,ASASI","AL JABER BUILDING,1ST FLOOR, NEXT TO AL KIFAF APARTMENTS, NEAR SUNRISE SUPERMARKET, AL KARAMA",04-3541664,PHARMACY,25.244659,55.299883
MEDICURE PHARMACY BRANCH,DXB,"PLATINUM,G PLUS,GOLD,SILVER,BRONZE,BLUE,ASASI","VILLA NO. 5B, STREET 2A, MNAKHOOL",04-3984866,PHARMACY,25.39366,55.2832
HEALTHHUB PHARMACY BR OF ALFUTTAIM HEALTHCARE SINGLE PERSON COMPANY LLC,DXB,"PLATINUM,G PLUS,GOLD,SILVER,BRONZE,BLUE,ASASI","FESTIVAL PLAZA MALL , FESTIVAL PLAZA - JABEL ALI -1",04-2082127,PHARMACY,25.029266,55.108028
LIFE PHARMACY 19 BR OF LIFE PHARMACY LLC,DXB,"PLATINUM,G PLUS,GOLD,SILVER,BRONZE,BLUE,ASASI","INSIDE CARREFOUR, MIRDIFF CITY CENTRE,",04-5610000,PHARMACY,25.216412,55.407808
LIFE PHARMACY 20 BR OF LIFE PHARMACY LLC,DXB,"PLATINUM,G PLUS,GOLD,SILVER,BRONZE,BLUE,ASASI","INSIDE CARREFOUR, DEIRA CITY CENTRE,",04-5610000,PHARMACY,25.254172,55.333515
LIFE PHARMACY 22 BR OF LIFE PHARMACY LLC,DXB,"PLATINUM,G PLUS,GOLD,SILVER,BRONZE,BLUE,ASASI","INSIDE CARREFOUR, MALL OF THE EMIRATES, DUBAI",04-5610000,PHARMACY,25.11776,55.203096
LIFE PHARMACY 13 BR OF LIFE PHARMACY LLC,DXB,"PLATINUM,G PLUS,GOLD,SILVER,BRONZE,BLUE,ASASI","SHOP NO.1, CARREFOUR, AL HUDAIBA, DUBAI",04-5610000,PHARMACY,25.23229,55.26636
LIFE PHARMACY 16 BR OF LIFE PHARMACY LLC,DXB,"PLATINUM,G PLUS,GOLD,SILVER,BRONZE,BLUE,ASASI","UNIT NO. R-18, GROUND FLOOR - BLUEWATERS RESIDENCES 8, MARSA,",04-5610000,PHARMACY,25.18489,55.22937
LIFE PHARMACY 25 BR OF LIFE PHARMACY LLC,DXB,"PLATINUM,G PLUS,GOLD,SILVER,BRONZE,BLUE,ASASI","UNIT  6 TO 12, AJSM INVESTMENT BUILDING, (OLD FAMILY SUPERMARKET),  KARAMA",04-5610000,PHARMACY,25.188894,55.260078
HEALTH POINT PHARMACY LLC,DXB,"PLATINUM,G PLUS,GOLD,SILVER,BRONZE,BLUE,ASASI","UNIT NO. 2 & 3, CHAIMAA PREMIERE, JVC, AL BARSHA SOUTH FOURTH,",04-5610000,PHARMACY,25.060837,55.201052
LIFE PHARMACY 21 BR OF LIFE PHARMACY LLC,DXB,"PLATINUM,G PLUS,GOLD,SILVER,BRONZE,BLUE,ASASI","LOWER GROUND FLOOR, WAITROSE ENTRANCE , THE DUBAI MALL",04-5610000,PHARMACY,25.11435,55.1381
LIFE PHARMACY 29 BR OF LIFE PHARMACY LLC,DXB,"PLATINUM,G PLUS,GOLD,SILVER,BRONZE,BLUE,ASASI","UNIT NO. G 030, GROUND FLOOR, CITY CENTRE MEAISEM,",04-5610000,PHARMACY,25.04034,55.196943
LIFE PHARMACY 17 BR OF LIFE PHARMACY LLC,DXB,"PLATINUM,G PLUS,GOLD,SILVER,BRONZE,BLUE,ASASI","UNIT NO NC 03, GROUND FLOOR, AL KHAWANEEJ MALL DUBAI",04-5610000,PHARMACY,25.22963,55.48105
LIFE PHARMACY 24 BR OF LIFE PHARMACY LLC,DXB,"PLATINUM,G PLUS,GOLD,SILVER,BRONZE,BLUE,ASASI","UNIT NO. G-D-14, DRAGONMART COMPLEX 2, DUBAI",04-5610000,PHARMACY,25.173418,55.423531
LIFE PHARMACY 27 BR OF LIFE PHARMACY LLC,DXB,"PLATINUM,G PLUS,GOLD,SILVER,BRONZE,BLUE,ASASI","UNIT NO. FF01-1, FIRST FLOOR, ARABIAN RANCHES II ,",04-5610000,PHARMACY,25.05136,55.2672
LIFE PHARMACY 46 BR OF LIFE PHARMACY LLC,DXB,"PLATINUM,G PLUS,GOLD,SILVER,BRONZE,BLUE,ASASI","SHOP NO: 2, TALAL TOWER, PLOT 231-326, AL NAHDA,",04-5610000,PHARMACY,25.097497,55.170907
LIFE PHARMACY 48 BR OF LIFE PHARMACY LLC,DXB,"PLATINUM,G PLUS,GOLD,SILVER,BRONZE,BLUE,ASASI","UNIT NO. 1410, GROUND FLOOR, ARABIAN CENTRE, AL MIZHAR",04-5610000,PHARMACY,25.234551,55.436045
LIFE PHARMACY 51 BR OF LIFE PHARMACY LLC,DXB,"PLATINUM,G PLUS,GOLD,SILVER,BRONZE,BLUE,ASASI","UNIT NO. GM2-B-7-RT-23 B, GOLDEN MILE GALLERIA,",04-5610000,PHARMACY,25.106912,55.147254
LIFE PHARMACY I B M BR OF LIFE PHARMACY LLC,DXB,"PLATINUM,G PLUS,GOLD,SILVER,BRONZE,BLUE,ASASI","UNIT NO. IBS-GF-078, PERSIA COURT, IBN BATTUTA MALL,",04-5610000,PHARMACY,25.045081,55.120143
WARSAN LIFE PHARMACY BR OF LIFE PHARMACY LLC,DXB,"PLATINUM,G PLUS,GOLD,SILVER,BRONZE,BLUE,ASASI","BUILDING 28, SHOP NO 11,13,14,15,16, FRANCE CLUSTER, INTERNATIONAL CITY,",04-5610000,PHARMACY,25.15184,55.40441
PHARMACHOICE PHARMACY OWNED BY DR. SULAIMAN AL HABIB HOSPITAL FZ LLC ONE PERSON COMPANY LLC,DXB,"PLATINUM,G PLUS,GOLD,SILVER,BRONZE,BLUE,ASASI","BUILDING NO. 57, DR. SULAIMAN AL HABIB HOSPITAL, GROUND FLOOR, DHCC",04-4297777,PHARMACY,25.2327,55.32318
APOTEC PHARMACY LLC,DXB,"PLATINUM,G PLUS,GOLD,SILVER,BRONZE,BLUE,ASASI","ABDHULLA AL ROMATHI BUILDING, SHOP NO :1, NEAR BELHASA DRIVING CENTER,AL JADDAF, AL JADDAF,",04-2340411,PHARMACY,25.24987,55.29253
AXON MEDICA PHARMACY,DXB,"PLATINUM,G PLUS,GOLD,SILVER,BRONZE,BLUE,ASASI","LYNX TOWER APARTMENTS, NADD HESSA ST, DUBAI , UAE",04-3484992,PHARMACY,25.110087,55.377524
LIFE PHARMACY 23 BR OF LIFE,DXB,"PLATINUM,G PLUS,GOLD,SILVER,BRONZE,BLUE,ASASI","SHOP NO. 13 & 14, WATER'S EDGE, BUSINESS BAY,",04-5610000,PHARMACY,25.18794,55.26999
LIFE PHARMACY 45 BR OF LIFE PHARMACY LLC,DXB,"PLATINUM,G PLUS,GOLD,SILVER,BRONZE,BLUE,ASASI","SHOP 4 TO 8, RAJA & SISTER BUILDING, PLOT 421-688, OPPOSITE TO AL KABAYAL, AL WARQA,",04-5610000,PHARMACY,25.193982,55.406571
LIFE PHARMACY 53 BR OF LIFE PHARMACY LLC,DXB,"PLATINUM,G PLUS,GOLD,SILVER,BRONZE,BLUE,ASASI","PRIME RESIDENCE 1, AL WARSAN FIRST,",04-5610000,PHARMACY,25.166076,55.398105
LIFE PHARMACY 54 BR OF LIFE PHARMACY LLC,DXB,"PLATINUM,G PLUS,GOLD,SILVER,BRONZE,BLUE,ASASI","GFR04, GROUND FLOOR, DUBAI CREEK RESIDENCE SOUTH PODIUM,",04-5610000,PHARMACY,25.20665,55.42582
MEADOWS LIFE PHARMACY BR OF LIFE PHARMACY LLC,DXB,"PLATINUM,G PLUS,GOLD,SILVER,BRONZE,BLUE,ASASI","UNIT NO. GF-32, NEW MEADOWS VILLAGE,",04-5610000,PHARMACY,25.063982,55.157279
HALA PHARMACY BR OF LIFE PHARMACY,DXB,"PLATINUM,G PLUS,GOLD,SILVER,BRONZE,BLUE,ASASI","SHOP NO. 13 & 14, WATER'S EDGE, BUSINESS BAY,",04-5610000,PHARMACY,25.18794,55.26999
LIFE PHARMACY 69 BR OF LIFE PHARMCY LLC,DXB,"PLATINUM,G PLUS,GOLD,SILVER,BRONZE,BLUE,ASASI","SHOP 4-8, R&S BUILDING, AL WARQA,",04-5610000,PHARMACY,25.19366,55.40608
LIFE PHARMACY 57 BR OF LIFE PHARMACY LLC,DXB,"PLATINUM,G PLUS,GOLD,SILVER,BRONZE,BLUE,ASASI","SHOP # 24 /   RETAIL #23 FIRST AVENUE MALL, MOTOR CITY, DUBAI, UAE TO FIRST AVENUE MALL",04-5610000,PHARMACY,25.047268,55.243584
LIFE SILICON PHARMACY LLC,DXB,"PLATINUM,G PLUS,GOLD,SILVER,BRONZE,BLUE,ASASI","SHOWROOM  G01, PALACE TOWER T1 , OPPOSITE CHOITHRAM SUPERMARKET , DUBAI SILICON OASIS,",04-5610000,PHARMACY,25.116514,55.390373
MARINA ALKHAWANEEEJ PHARMACY (BR MARINA PHARMACY LLC),DXB,"PLATINUM,G PLUS,GOLD,SILVER,BRONZE,BLUE,ASASI",AL MEZHAR-1 32 STREET 4 ETHIHAD MALL 22,04-3466889,PHARMACY,25.237042,55.420456
MARINA PHARMACY AVENUE (BR OF MARINA PHARMACY L.L.C),DXB,"PLATINUM,G PLUS,GOLD,SILVER,BRONZE,BLUE,ASASI",UNIT 66 LEVEL GF GATE AVENUE DUBAI INTERNATIONAL FINANCE CENTRE,04-3466889,PHARMACY,25.210777,55.278641
MARINA PHARMACY BRIDGE BR OF MARINA PHARMACY LLC,DXB,"PLATINUM,G PLUS,GOLD,SILVER,BRONZE,BLUE,ASASI",ZAABEEL-1 FINANCIAL CENTER ROAD 121 ZABEEL EXPANSION TDMZESF014,04-3466889,PHARMACY,25.19978,55.282363
MARINA PHARMACY NAD ALSHIBA BR OF MARINA PHARMACY L.L.C,DXB,"PLATINUM,G PLUS,GOLD,SILVER,BRONZE,BLUE,ASASI",REET NAME: NAD ALSHIBA 2 APARTMENT/VILLA NUMBER: G05 /BUILDING NAME: UNION COOP -NAD ALSHIBA 2 BRANC,04-3466889,PHARMACY,25.145028,55.349149
MARINA PHARMACY ONE CENTRAL BR OF MARINA PHARMACY LLC,DXB,"PLATINUM,G PLUS,GOLD,SILVER,BRONZE,BLUE,ASASI",TRADE CENTER 2 THE OFFICE 3 TO3FLRGRO11ID,04-3466889,PHARMACY,25.221006,55.285362
ASTER MEDICAL CENTER PHARMACY AL MUHAISNA BR OF DM HEALTHCARE LLC,DXB,"PLATINUM,G PLUS,GOLD,SILVER,BRONZE,BLUE,ASASI","SHOP NO1, ZARAA RESIDENCE 1, MUHAISNAH 4, LULU VILLAGE, BEHIND ST.MARY'S CATHOLIC HIGH SCHOOL",04-5479070,PHARMACY,25.279595,55.405493
ASTER PHARMACY 161 (BR OF ASTER PHARMACIES GROUP LLC),DXB,"PLATINUM,G PLUS,GOLD,SILVER,BRONZE,BLUE,ASASI","MN36500 86125, MARHABA MALL, SAMARI RESIDENCE, RAS AL KHOR ROAD, AWEER, DUBAI",04-3424262,PHARMACY,25.182436,55.37723
ASTER PHARMACY 164 (BR OF ASTER PHARMACIES GROUP LLC),DXB,"PLATINUM,G PLUS,GOLD,SILVER,BRONZE,BLUE,ASASI","SHOP NO. R-7B, TOWER-D, SKY COURTS, DUBAI AL AIN ROAD, DUBAI LAND,",04-3208941,PHARMACY,25.091848,55.38443
ASTER PHARMACY 206 (BR OF ASTER PHARMACIES GROUP LLC),DXB,"PLATINUM,G PLUS,GOLD,SILVER,BRONZE,BLUE,ASASI","SHAIKH MOHAMMED BIN RASHID BOULEVARD, DUBAI FOUNTAIN VIEW, NEXT TO ADDRESS FOUNTAIN VIEW HOTEL. SHOP",04-547 5036,PHARMACY,25.1138,55.1657
SUPERCARE PHARMACY LLC BRANCH,DXB,"PLATINUM,G PLUS,GOLD,SILVER,BRONZE,BLUE,ASASI","SHOP# 14, SERENA MARKET, SERENA COMMUNITY, WADI AL SAFA 7",,PHARMACY,25.1886,55.4095
SUPER CARE PHARMACY LLC BRANCH,DXB,"PLATINUM,G PLUS,GOLD,SILVER,BRONZE,BLUE,ASASI","SHOP# 2, LIV RESIDENCE BUILDING, DUBAI MARINA, DUBAI",04-5661780,PHARMACY,25.19228,55.27301
SUPERCARE PHARMACY LLC BRANCH,DXB,"PLATINUM,G PLUS,GOLD,SILVER,BRONZE,BLUE,ASASI","SHOP# 14, SERENA MARKET, SERENA COMMUNITY, WADI AL SAFA 7",,PHARMACY,25.2568,55.3092
SUPERCARE PHARMACY LLC BRANCH,DXB,"PLATINUM,G PLUS,GOLD,SILVER,BRONZE,BLUE,ASASI","SHOP# 14, SERENA MARKET, SERENA COMMUNITY, WADI AL SAFA 7",,PHARMACY,25.2583,55.298
SUPER CARE PHARMACY 38,DXB,"PLATINUM,G PLUS,GOLD,SILVER,BRONZE,BLUE,ASASI","UNIT# G-1, ALGERIA STREET, SPINNEY'S, UPTOWN MIRDIFF",04-2883143,PHARMACY,25.2237,55.4247
SUPERCARE PHARMACY LLC BRANCH,DXB,"PLATINUM,G PLUS,GOLD,SILVER,BRONZE,BLUE,ASASI","SHOP# 14, SERENA MARKET, SERENA COMMUNITY, WADI AL SAFA 7",04-5488819,PHARMACY,25.0365,55.283
SUPERCARE PHARMACY LLC - BRANCH,DXB,"PLATINUM,G PLUS,GOLD,SILVER,BRONZE,BLUE,ASASI","SHOP# R7-R8, INSIDE SPINNEY'S, MEYDAN HEIGHTS, NAD AL SHIBA 1, DUBAI",04-3588358,PHARMACY,25.1575,55.3019
SUPERCARE PHARMACY LLC BRANCH,DXB,"PLATINUM,G PLUS,GOLD,SILVER,BRONZE,BLUE,ASASI","SHOP# 14, SERENA MARKET, SERENA COMMUNITY, WADI AL SAFA 7",,PHARMACY,25.085,55.1998
SUPERCARE PHARMACY LLC (BRANCH),DXB,"PLATINUM,G PLUS,GOLD,SILVER,BRONZE,BLUE,ASASI","SHOP# 112, GROUND FLOOR, FESTIVAL PLAZA, DUBAI",04-8806991,PHARMACY,25.2171,55.3614
SUPERCARE PHARMACY LLC,DXB,"PLATINUM,G PLUS,GOLD,SILVER,BRONZE,BLUE,ASASI","SHOP# 5, INSIDE WAITROSE, MOTOR CITY, DUBAI",04-5466383,PHARMACY,25.2674,55.2927
SUPERCARE PHARMACY LLC BRANCH,DXB,"PLATINUM,G PLUS,GOLD,SILVER,BRONZE,BLUE,ASASI","SHOP# 14, SERENA MARKET, SERENA COMMUNITY, WADI AL SAFA 7",,PHARMACY,25.0808,55.1459
SUPERCARE PHARMACY LLC BRANCH,DXB,"PLATINUM,G PLUS,GOLD,SILVER,BRONZE,BLUE,ASASI","SHOP# 14, SERENA MARKET, SERENA COMMUNITY, WADI AL SAFA 7",,PHARMACY,25.2869,55.3237
SUPERCARE PHARMACY LLC BRANCH,DXB,"PLATINUM,G PLUS,GOLD,SILVER,BRONZE,BLUE,ASASI","SHOP# 14, SERENA MARKET, SERENA COMMUNITY, WADI AL SAFA 7",,PHARMACY,25.1607,55.3703
SUPERCARE PHARMACY LLC BRANCH,DXB,"PLATINUM,G PLUS,GOLD,SILVER,BRONZE,BLUE,ASASI","SHOP# 14, SERENA MARKET, SERENA COMMUNITY, WADI AL SAFA 7",,PHARMACY,25.217,55.2765
SUPERCARE PHARMACY LLC ME'AISEM,DXB,"PLATINUM,G PLUS,GOLD,SILVER,BRONZE,BLUE,ASASI","UNIT# G-024, GROUND FLOOR OPPOSITE CARREFOUR, ME'AISEM CITY CENTER,",04-5897079,PHARMACY,25.0287,55.1891
800 PHARMACY FZ-LLC,DXB,"PLATINUM,G PLUS,GOLD,SILVER,BRONZE,BLUE,ASASI","DHCC BUILDING NUMBER: 72, FLOOR: GROUND FLOOR, NUMBER 01",04-3466889,PHARMACY,25.365904,55.40293
FAKEEH UNIVERSITY HOSPITAL PHARMACY,DXB,"PLATINUM,G PLUS,GOLD,SILVER,BRONZE,BLUE,ASASI","FAKEEH UNIVERSITY HOSPITAL BUILDING,",04-4144808,PHARMACY,25.121196,55.387016
MIRDIF PRIVATE HOSPITAL PHARMACY,DXB,"PLATINUM,G PLUS,GOLD,SILVER,BRONZE,BLUE,ASASI",AL MIZHAR,800467,PHARMACY,25.236258,55.426399
PRIMECORP MEDICAL CENTER AL WARSAN PHARMACY BR OF PRIMECORP MEDICAL CENTER,DXB,"PLATINUM,G PLUS,GOLD,SILVER,BRONZE,BLUE,ASASI","DUBAI MUNCIPALITY LABOUR ACCOMODATION , AL WARSAN 3",04-7070999,PHARMACY,25.162453,55.470474
MEDI PRIME PHARMACY AL WARQA (BR OF MEDI PRIME PHARMACY (LLC) ),DXB,"PLATINUM,G PLUS,GOLD,SILVER,BRONZE,BLUE,ASASI","GROUND FLOOR, AL WARQA CITY MALL, TIPOLI STREET, AL WARQA 3, DUBAI, UNITED ARAB EMIRATES",04-7070999,PHARMACY,25.206621,55.425442
ARABELLA PHARMACY LLC BRANCH,DXB,"PLATINUM,G PLUS,GOLD,SILVER,BRONZE,BLUE,ASASI","LOWER GROUND FLOOR, OPPOSITE WAITROSE SUPERMARKET, DUBAI MALL",04-5915141,PHARMACY,25.2004,55.2724
SUPERCARE PHARMACY LLC BRANCH,DXB,"PLATINUM,G PLUS,GOLD,SILVER,BRONZE,BLUE,ASASI","SHOP# 14, SERENA MARKET, SERENA COMMUNITY, WADI AL SAFA 7",,PHARMACY,25.0996,55.2038
SUPERCARE PHARMACY LLC BRANCH,DXB,"PLATINUM,G PLUS,GOLD,SILVER,BRONZE,BLUE,ASASI","SHOP# 14, SERENA MARKET, SERENA COMMUNITY, WADI AL SAFA 7",,PHARMACY,25.2149,55.2812
SUPERCARE PHARMACY LLC BRANCH,DXB,"PLATINUM,G PLUS,GOLD,SILVER,BRONZE,BLUE,ASASI","SHOP# 14, SERENA MARKET, SERENA COMMUNITY, WADI AL SAFA 7",,PHARMACY,25.237,55.4213
SUPERCARE PHARMACY LLC BRANCH,DXB,"PLATINUM,G PLUS,GOLD,SILVER,BRONZE,BLUE,ASASI","SHOP# 14, SERENA MARKET, SERENA COMMUNITY, WADI AL SAFA 7",,PHARMACY,25.2378,55.3153
SUPERCARE PHARMACY LLC BRANCH,DXB,"PLATINUM,G PLUS,GOLD,SILVER,BRONZE,BLUE,ASASI","SHOP# 14, SERENA MARKET, SERENA COMMUNITY, WADI AL SAFA 7",,PHARMACY,25.0953,55.1955
SUPERCARE PHARMACY LLC BRANCH,DXB,"PLATINUM,G PLUS,GOLD,SILVER,BRONZE,BLUE,ASASI","SHOP# 14, SERENA MARKET, SERENA COMMUNITY, WADI AL SAFA 7",,PHARMACY,25.1529,55.2015
SUPERCARE PHARMACY LLC BRANCH,DXB,"PLATINUM,G PLUS,GOLD,SILVER,BRONZE,BLUE,ASASI","SHOP# 14, SERENA MARKET, SERENA COMMUNITY, WADI AL SAFA 7",,PHARMACY,25.044,55.2898
SUPERCARE PHARMACY LLC BRANCH,DXB,"PLATINUM,G PLUS,GOLD,SILVER,BRONZE,BLUE,ASASI","SHOP# 14, SERENA MARKET, SERENA COMMUNITY, WADI AL SAFA 7",,PHARMACY,25.1017,55.2399
SUPERCARE PHARMACY LLC (DMCC BRANCH),DXB,"PLATINUM,G PLUS,GOLD,SILVER,BRONZE,BLUE,ASASI","SHOP S-01, O2 RESIDENCES, AL THANYA FIFTH, JLT,",04-3504500,PHARMACY,25.0739,55.1441
ASTER HOSPITAL PHARMACY,DXB,"PLATINUM,G PLUS,GOLD,SILVER,BRONZE,BLUE,ASASI","ASTER HOSPITAL BLG,AL RAFA STREET",,PHARMACY,25.34385,55.4035
ASTER HOSPITAL PHARMACY SONAPUR,DXB,"PLATINUM,G PLUS,GOLD,SILVER,BRONZE,BLUE,ASASI","SONAPUR, ALGERIA STREET, MUHAISNAH",04-4400500,PHARMACY,25.264627,55.433619
SOUKARE PHARMACY L.L.C,DXB,"PLATINUM,G PLUS,GOLD,SILVER,BRONZE,BLUE,ASASI","SHOP R2, DAMAC XL TOWER. MARASI DRIVE, BUSINESS BAY",04-5750835,PHARMACY,25.18065,55.26771
DROPS PHARMACY BRANCH 5,DXB,"PLATINUM,G PLUS,GOLD,SILVER,BRONZE,BLUE,ASASI",BARSHA 1,04-3206500,PHARMACY,25.11048,55.19704
SHAJARAT AL NEEM PHARMACY LLC,DXB,"PLATINUM,G PLUS,GOLD,SILVER,BRONZE,BLUE,ASASI","SALEM MALL, JEBAL ALI INDUSTRIAL AREA 1,",48876875,PHARMACY,24.98276,55.1373
LIFE PHARMACY LLC BR,DXB,"PLATINUM,G PLUS,GOLD,SILVER,BRONZE,BLUE,ASASI","UNIT A005, GROUND FLOOR, LULU HYPERMARKET, SILICON OASIS CENTRAL MALL, DUBAI SILICON OASIS",04-5610000,PHARMACY,25.11219,55.37541
UNITED PHARMACY(BR OF UNITED PHARMACY INVESTMENT LLC),DXB,"PLATINUM,G PLUS,GOLD,SILVER,BRONZE,BLUE,ASASI","SHOP: K02, MALL OF THE EMIRATES,K AL BARSHA FIRST",04-5610000,PHARMACY,25.12433,55.20113
CENTRAL UNITED PHARMACY(BR OF UNITED PHARMACY INVESTMENT LLC),DXB,"PLATINUM,G PLUS,GOLD,SILVER,BRONZE,BLUE,ASASI","SHOP NO: 001, MIRDIF CITY CENTER, DEIRA",04-5610000,PHARMACY,25.21832,55.40784
UNITED PHARMACY 2(BR OF UNITED PHARMACY INVESTMENT LLC),DXB,"PLATINUM,G PLUS,GOLD,SILVER,BRONZE,BLUE,ASASI","SHOP NO: G20, AL BARSHA MALL, AL BARSHA",04-5610000,PHARMACY,25.09936,55.20058
GALLERIA UNITED PHARMACY(BR OF UNITED PHARMACY INVESTMENT LLC),DXB,"PLATINUM,G PLUS,GOLD,SILVER,BRONZE,BLUE,ASASI","SHOP NO: 13, (SHEIKHA HIND BIN MAKTOUM BIN JUMA AL MAKTOUM) GALLERIA MALL, NEXT TO JUMEIRAH POST OFF",04-5610000,PHARMACY,25.2086,55.25323
VITA UNITED PHARMACY(BR OF UNITED PHARMACY INVESTMENT LLC),DXB,"PLATINUM,G PLUS,GOLD,SILVER,BRONZE,BLUE,ASASI","SHOP NO# 54, OPPOSITE CARREFOUR, WASL VITA MALL, AL WASL ROAD, JUMEIRAH 1, WASL REAL ESTATE",04-5610000,PHARMACY,25.2096,55.25509
LIFE PHARMACY 58 BR OF LIFE PHARMACY LLC,DXB,"PLATINUM,G PLUS,GOLD,SILVER,BRONZE,BLUE,ASASI","UNIT NO-SH-F31  &  SH-F32, GROUND FLOOR, WATERFRONT MARKET,",04-5610000,PHARMACY,25.29209,55.32379
LIFE PHARMACY 56 BR OF LIFE PHARMACY LLC,DXB,"PLATINUM,G PLUS,GOLD,SILVER,BRONZE,BLUE,ASASI","UNIT NO. B1-S1, GROUND FLOOR, AL SAFA PARK COMPLEX",04-5610000,PHARMACY,25.17962,55.24284
LIFE PHARMACY 47 BR OF LIFE PHARMACY LLC,DXB,"PLATINUM,G PLUS,GOLD,SILVER,BRONZE,BLUE,ASASI","UNIT 2 &3, NSHAMA COMMUNITY CENTRE, TOWN SQUARE",04-5610000,PHARMACY,25.010653,55.28978
LIFE PHARMACY 59 BR OF LIFE PHARMACY LLC,DXB,"PLATINUM,G PLUS,GOLD,SILVER,BRONZE,BLUE,ASASI","G075B, THE CIRCLE MALL, JVC",04-5610000,PHARMACY,25.06573,55.21584
LIFE PHARMACY 68 BR OF LIFE PHARAMCY LLC,DXB,"PLATINUM,G PLUS,GOLD,SILVER,BRONZE,BLUE,ASASI","SHOP 02, NESTO HYPERMARKET, BURJ NAHAR MALL, DEIRA,",04-5610000,PHARMACY,25.27455,55.31598
LIFE PHARMACY 70 BR OF LIFE PHARMACY LLC,DXB,"PLATINUM,G PLUS,GOLD,SILVER,BRONZE,BLUE,ASASI","SHOP NO: 06 & 07, GROUND FLOOR, GMM TOWER, JUMEIRAH VILLAGE CIRCLE",04-5610000,PHARMACY,25.180938,55.224484
MAS LIFE PHARMACY BR OF LIFE PHARMACY LLC,DXB,"PLATINUM,G PLUS,GOLD,SILVER,BRONZE,BLUE,ASASI","UNIT NO. P1-08-1, MARSA AL SEEF,",04-5610000,PHARMACY,25.257799,55.311497
LIFE PHARMACY 78 BR OF LIFE PHARMACY LLC,DXB,"PLATINUM,G PLUS,GOLD,SILVER,BRONZE,BLUE,ASASI","SHOP NO: 1, SOUK AL KABEER BUILDING, PLOT NO: 312-1040, NEXT TO BUR DUBAI BUS STATION,",04-5610000,PHARMACY,25.26829,55.301958
LIFE PHARMACY 79 BR OF LIFE PHARMACY LLC,DXB,"PLATINUM,G PLUS,GOLD,SILVER,BRONZE,BLUE,ASASI","SHOP 3, AL ZAROONI BUILDING ,OPPOSITE TO BURJUMAN CENTER, AL KARAMA",04 5610000,PHARMACY,25.25177,55.29641
LIFE PHARMACY 65 BR OF LIFE PHARMACY LLC,DXB,"PLATINUM,G PLUS,GOLD,SILVER,BRONZE,BLUE,ASASI","SHOP NO: 04, GROUND FLOOR, LIWAN MALL, DUBAI",04-5610000,PHARMACY,25.098537,55.174297
LIFE PHARMACY 73 BR OF LIFE PHARMACY LLC,DXB,"PLATINUM,G PLUS,GOLD,SILVER,BRONZE,BLUE,ASASI","SHOP NO. 5, PRINCESS TOWER, (DUBAI MARINA) MARSA,",04-5610000,PHARMACY,25.08895,55.14691
LIFE PHARMACY 71 BR OF LIFE PHARMACY LLC,DXB,"PLATINUM,G PLUS,GOLD,SILVER,BRONZE,BLUE,ASASI","UNIT NO: R 02 IN MILANO GIOVANNI BOUTIQUE SUITES, AL BARSHA SOUTH FOURTH ,",04-5610000,PHARMACY,25.06397,55.19841
LIFE PHARMACY 77 BR OF LIFE PHARMACY LL,DXB,"PLATINUM,G PLUS,GOLD,SILVER,BRONZE,BLUE,ASASI","SHOP NO: 03, 04, & 05, PLOT NO: 333-396,MANILA MALL, BELJAFLA, SATWA",04-5610000,PHARMACY,25.23044,55.27239
LIFE PHARMACY 94 BR OF LIFE PHARMACY LLC,DXB,"PLATINUM,G PLUS,GOLD,SILVER,BRONZE,BLUE,ASASI","MOHAMED SAEED RASHED AL TAYER BUILDING, JBR, UMM SEQUIM 2ND",04 5610000,PHARMACY,25.20666,55.26877
LIFE PHARMACY 81 BR OF LIFE PHARMACY LLC,DXB,"PLATINUM,G PLUS,GOLD,SILVER,BRONZE,BLUE,ASASI","SHOP R30 (EX FAB BANK), PLOT NO: 11, FOX HILL 5, NEW MOTOR CITY",04-5610000,PHARMACY,25.0465,55.2436
LIFE PHARMACY 86 BR OF LIFE PHARMACY LLC,DXB,"PLATINUM,G PLUS,GOLD,SILVER,BRONZE,BLUE,ASASI","SHOP NO: 1, NESTO HYPER MARKET, AL NAHDA 2,",04-5610000,PHARMACY,25.29527,55.37503
LIFE PHARMACY 95 BR OF LIFE PHARMACY LLC,DXB,"PLATINUM,G PLUS,GOLD,SILVER,BRONZE,BLUE,ASASI","SHOP NO: 9 & 10, PLOT NO: 648-9145, TURTLE AVENUE, DUBAI LAND RESIDENTIAL COMPLEX",04-5610000,PHARMACY,25.09969,55.37721
LIFE PHARMACY 97 BR OF LIFE PHARMACY LLC,DXB,"PLATINUM,G PLUS,GOLD,SILVER,BRONZE,BLUE,ASASI","SHOP NO 13, WATER EDGE, BUSINESS BAY DUBAI",04-5610000,PHARMACY,25.18572,55.25505
LIFE PHARMACY 72 BR  OF LIFE PHARMACY LLC,DXB,"PLATINUM,G PLUS,GOLD,SILVER,BRONZE,BLUE,ASASI","UNITS- G24,25,30 LOCATION:- AVENUE MALL - NAD AL SHIBA",04-5610000,PHARMACY,25.14538,55.34721
LIFE PHARMACY 87 (BR OF LIFE PHARMACY L.L.C),DXB,"PLATINUM,G PLUS,GOLD,SILVER,BRONZE,BLUE,ASASI","GROUND CAFE NO. 01, PLOT 616-5116, THE ARCH MALL, NAD AL SHIBA 3,",04 5610000,PHARMACY,25.148,55.37434
LIFE PHARMACY 84 BR OF LIFE PHARMACY LLC,DXB,"PLATINUM,G PLUS,GOLD,SILVER,BRONZE,BLUE,ASASI","UNIT NO: 02, PLOT NO: 1, BUILDING 1 (OSHA 1), DEIRA ENRICHMENT PROJECT,",04-5610000,PHARMACY,25.2751,55.30143
LIFE PHARMACY 83 BR OF LIFE PHARMACY LLC,DXB,"PLATINUM,G PLUS,GOLD,SILVER,BRONZE,BLUE,ASASI","UNIT NO: RETAIL 01& 02, PLOT NO: 4,BUILDING 1ONE DEIRA 1 DEIRA ENRICHMENT PROJECT,",04-5610000,PHARMACY,25.27504,55.30144
LIFE PHARMACY 85 BR OF LIFE PHARMACY,DXB,"PLATINUM,G PLUS,GOLD,SILVER,BRONZE,BLUE,ASASI","UNIT NO#02,AMSA2,AL ALBARSHA SOUTH4,JVC",04-5610000,PHARMACY,25.0664,55.20977
LIFE PHARMACY 98(BR OF LIFE PHARMACY L.L.C),DXB,"PLATINUM,G PLUS,GOLD,SILVER,BRONZE,BLUE,ASASI","AL BUKHASH BLDG,ROLLA STREET",04-5610000,PHARMACY,25.25727,55.28821
LIFE PHARMACY 88 BR OF LIFE PHARMACY LLC,DXB,"PLATINUM,G PLUS,GOLD,SILVER,BRONZE,BLUE,ASASI","ANDALUSIA MALL,MAJAN",04-5610000,PHARMACY,25.085,55.30132
AL NEEM GREEN PHARMACY L.L.C,DXB,"PLATINUM,G PLUS,GOLD,SILVER,BRONZE,BLUE,ASASI","BRIGHT MEDICAL CENTER BLDG, NEAR AL KHAIL MALL, NEAR AL KHAIL MALL, ALQUOZ 3,",04-3355557,PHARMACY,25.153498,55.243742
LIWAN PHARMACY LLC,DXB,"PLATINUM,G PLUS,GOLD,SILVER,BRONZE,BLUE,ASASI","Shop No 1, MHA",,PHARMACY,25.10599,55.37291
KINGS COLLEGE HOSPITAL LONDON MEDICAL AND DIABETES CENTER PHARMACY,DXB,"PLATINUM,G PLUS,GOLD,SILVER,BRONZE,BLUE,ASASI",VILLA NO R05 & R06 DUBAI HILLS ESTATE  AL BARSHA SOUTH DUBAI,04-48185666,PHARMACY,25.1129,55.2471
EMIARTES HOSPITAL AND CLINICS PHARMACY,DXB,"PLATINUM,G PLUS,GOLD,SILVER,BRONZE,BLUE,ASASI","18TH FLOOR, CONRAD BUSINESS TOWERS, SHEIKH ZAYED ROAD",04-3728877,PHARMACY,25.225818,55.284186
MEDI PRIME PHARMACY MAJAN (BR OF MEDI PRIME PHARMACY (LLC)),DXB,"PLATINUM,G PLUS,GOLD,SILVER,BRONZE,BLUE,ASASI","ANDALUSIA COURTYARD MALL, LIVING LEGENDS",04-7070999,PHARMACY,25.085839,55.302065
STAY WELL PHARMACY - DUBAI HILLS (BR OF UNITED MEDICAL SUPPLIES (UNIMED) (L.L.C),DXB,"PLATINUM,G PLUS,GOLD,SILVER,BRONZE,BLUE,ASASI","DUBAI HILLS MALL, DUBAI HILLS ESTATE,",04-3773975,PHARMACY,25.315058,55.369663
STAY WELL PHARMACY NAD AL SHEBA BR OF UNITED MEDICAL SUPPLIES UNIMED LLC,DXB,"PLATINUM,G PLUS,GOLD,SILVER,BRONZE,BLUE,ASASI",NADD AL SHIBA SECOND,04-3773975,PHARMACY,25.15364,55.356413
NMC SPECIALTY HOSPITAL PHARMACY DIP BR OF NMC ROYAL HOSPITAL LTD,DXB,"PLATINUM,G PLUS,GOLD,SILVER,BRONZE,BLUE,HALA,ASASI","PLOT NO 598-639, IN FRONT OF GREEN COMMUNITY ,NEAR EMICOOL HEAD",04-8019129,PHARMACY,25.009615,55.158817
MEDICLINIC DUBAI HILLS PHARMACY (BR OF MEDICLINIC CLINICS INVESTMENT L.L.C),DXB,"PLATINUM,G PLUS,GOLD,SILVER,BRONZE,BLUE,ASASI","FIRST FLOOR, DUBAI HILLS MALL HADAEQ SHEIKH MOHAMMAD BIN RASHID STREET",509216919,PHARMACY,25.101505,55.2389
BIN SINA 29 PHARMACY (DUBAI MALL),DXB,"PLATINUM,G PLUS,GOLD,SILVER,BRONZE,BLUE,ASASI",DUBAI MALL,04-3398918,PHARMACY,25.197,55.279328
BINSINA 30 PHARMACY,DXB,"PLATINUM,G PLUS,GOLD,SILVER,BRONZE,BLUE,ASASI",NAD AL HAMMAR,04-2845066,PHARMACY,25.194714,55.383155
BINSINA 31 PHARMACY,DXB,"PLATINUM,G PLUS,GOLD,SILVER,BRONZE,BLUE,ASASI",AL MIZHAR,04-2845875,PHARMACY,25.246103,55.452857
BIN SINA 38 PHARMACY(DUBAI MIRDIFFCITY),DXB,"PLATINUM,G PLUS,GOLD,SILVER,BRONZE,BLUE,ASASI",MIRDIFF CITY CENTER,04-2843057,PHARMACY,25.21565,55.407867
NEW BIN SINA PHARMACY DUBAI,DXB,"PLATINUM,G PLUS,GOLD,SILVER,BRONZE,BLUE,ASASI",DIERA CITY CENTRE,04-2954367,PHARMACY,25.252083,55.335333
IBN SINA PHARMACY,DXB,"PLATINUM,G PLUS,GOLD,SILVER,BRONZE,BLUE,ASASI",island Hamra is,04-8105952,PHARMACY,25.265383,55.31385
EURO HEALTH PHARMACY LLC (DUBAI),DXB,"PLATINUM,G PLUS,GOLD,SILVER,BRONZE,BLUE,ASASI",LOCATION - OUD METHA STREET,04-3342333,PHARMACY,25.141157,55.203486
ASTER CEDARS HOSPITAL PHARMACY JEBEL ALI,DXB,"PLATINUM,G PLUS,GOLD,SILVER,BRONZE,BLUE,ASASI",JEBEL ALI,04-8814000,PHARMACY,25.015559,55.0869
HEALTH FIRST PHARMACY 1,DXB,"PLATINUM,G PLUS,GOLD,SILVER,BRONZE,BLUE,ASASI",TECOM AREA,04-4377533,PHARMACY,25.099564,55.177398
HEALTH FIRST PHARMACY 2,DXB,"PLATINUM,G PLUS,GOLD,SILVER,BRONZE,BLUE,ASASI",AL MAKTOUM ST.,04-2287027,PHARMACY,25.260605,55.322094
HEALTH FIRST PHARMACY 23,DXB,"PLATINUM,G PLUS,GOLD,SILVER,BRONZE,BLUE,ASASI",HAMARAIN CENTRE,04-2693618,PHARMACY,25.267372,55.33009
HEALTH FIRST PHARMACY 3,DXB,"PLATINUM,G PLUS,GOLD,SILVER,BRONZE,BLUE,ASASI","DUBAI MARINA, AL FATTAN TOWER",04-5464618,PHARMACY,25.079763,55.136047
BAIT AL SHIFAA PHARMACY (LLC),DXB,"PLATINUM,G PLUS,GOLD,SILVER,BRONZE,BLUE,ASASI",DEIRA,04-2666464,PHARMACY,25.276679,55.346055
CITY HOSPITAL PHARMACY,DXB,"PLATINUM,G PLUS,GOLD,SILVER,BRONZE,BLUE,ASASI","BUILDING NO.37,DHCC",04-4359723,PHARMACY,25.230267,55.322543
MURSHID PHARMACY,DXB,"PLATINUM,G PLUS,GOLD,SILVER,BRONZE,BLUE,ASASI","MURSHID BAZAR, DEIRA",04-2252774,PHARMACY,25.267933,55.300783
J.B.R LIFE PHARMACY,DXB,"PLATINUM,G PLUS,GOLD,SILVER,BRONZE,BLUE,ASASI","JUMEIRAH BEACH RESIDENCE TOWER,SHOP",04-4281432,PHARMACY,25.073917,55.131083
LIFE AL BARSHA PHARMACY,DXB,"PLATINUM,G PLUS,GOLD,SILVER,BRONZE,BLUE,ASASI","SHOP G01 & G02, GROUND FLOOR ,ETIHA",04-3473451,PHARMACY,25.112983,55.204833
LIFE EXPRESS PHARMACY,DXB,"PLATINUM,G PLUS,GOLD,SILVER,BRONZE,BLUE,ASASI","NEAR WELCARE HOSPITAL, GARHOUD, DEI",04-2833422,PHARMACY,25.245817,55.34045
LIFE HOME HEALTHCARE FZ  L.L.C,DXB,"PLATINUM,G PLUS,GOLD,SILVER,BRONZE,BLUE,ASASI","NEAR GRAND HAYAT HOTEL,(ATTACHED WE",04-3624802,PHARMACY,25.2322,55.32225
LIFE PLUS PHARMACY,DXB,"PLATINUM,G PLUS,GOLD,SILVER,BRONZE,BLUE,ASASI","BEHIND BUR JUMAN, NEAR FAMILIES SUP",04-3513334,PHARMACY,25.255333,55.301917
LIWA PHARMACY,DXB,"PLATINUM,G PLUS,GOLD,SILVER,BRONZE,BLUE,ASASI","VICTORIA RESIDENCE,AL MANKOUL,BUR D",04-3558898,PHARMACY,25.255133,55.29555
LIFE AL KARAMA PHARMACY,DXB,"PLATINUM,G PLUS,GOLD,SILVER,BRONZE,BLUE,ASASI","SHOP NO.5, AL ATTAR CENTRE, KARAMA",04-3969774,PHARMACY,25.245467,55.3019
MARINA LIFE PHARMACY,DXB,"PLATINUM,G PLUS,GOLD,SILVER,BRONZE,BLUE,ASASI","NEAR TO CITY BANK,MARINA HEIGHT  TO",04-4202447,PHARMACY,25.087083,55.148467
MEZHAR LIFE PHARMACY,DXB,"PLATINUM,G PLUS,GOLD,SILVER,BRONZE,BLUE,ASASI","MEZHAR II, EMIRATES CO-OPERATIVE SO",04-2571177,PHARMACY,25.261617,55.44095
MODERN LIFE PHARMACY,DXB,"PLATINUM,G PLUS,GOLD,SILVER,BRONZE,BLUE,ASASI","VEGETABLES & FRUITS MARKET, AL AVEE",04-3332996,PHARMACY,25.179067,55.391433
NATURE'S LIFE PHARMACY,DXB,"PLATINUM,G PLUS,GOLD,SILVER,BRONZE,BLUE,ASASI","AL WASL ROAD,JUMEIRAH,DUBAI",04-3441122,PHARMACY,25.2122,55.257633
LIFE PHARMACY,DXB,"PLATINUM,G PLUS,GOLD,SILVER,BRONZE,BLUE,ASASI","SHEIK ZAYD ROAD,NEAR CROWN PLAZA",04-3328385,PHARMACY,25.2149,55.278967
OASIS LIFE PHARMACY,DXB,"PLATINUM,G PLUS,GOLD,SILVER,BRONZE,BLUE,ASASI",DUBAI RESIDENTIAL OASIS,04-2586774,PHARMACY,25.2826,55.389683
RAMADA LIFE PHARMACY,DXB,"PLATINUM,G PLUS,GOLD,SILVER,BRONZE,BLUE,ASASI","NEAR HOTEL RAMADA, BUR DUBAI",04-3528104,PHARMACY,25.255967,55.295817
ROYAL GRAND PHARMACY,DXB,"PLATINUM,G PLUS,GOLD,SILVER,BRONZE,BLUE,ASASI",INTERNATIONAL CITY.,04-4474078,PHARMACY,25.16055,55.4058
ROYAL LIFE PHARMACY,DXB,"PLATINUM,G PLUS,GOLD,SILVER,BRONZE,BLUE,ASASI","MANKHOOL TOWERS, MANKHOOL, BUR DUBA",04-3529229,PHARMACY,25.25345,55.293533
ROYAL MAMZAR PHARMACY,DXB,"PLATINUM,G PLUS,GOLD,SILVER,BRONZE,BLUE,ASASI","MAMZAR AREA,AL MAMZAR CENTRE",04-2659552,PHARMACY,25.27995,55.353383
ROYAL PHARMACY (DUBAI),DXB,"PLATINUM,G PLUS,GOLD,SILVER,BRONZE,BLUE,ASASI","KHALID BIN WALID WALID ROAD,",04-3522426,PHARMACY,25.259667,55.291483
SAFA SOCIETY PHARMACY L.L.C,DXB,"PLATINUM,G PLUS,GOLD,SILVER,BRONZE,BLUE,ASASI","UNION CO-OPERATIVE BUILDING,",04-3946618,PHARMACY,25.1875,55.239067
SAMER PHARMACY,DXB,"PLATINUM,G PLUS,GOLD,SILVER,BRONZE,BLUE,ASASI","SHEIK HAMDAN COLONY,KARAMA",04-3971909,PHARMACY,25.247767,55.304883
SUPER LIFE PHARMACY LLC,DXB,"PLATINUM,G PLUS,GOLD,SILVER,BRONZE,BLUE,ASASI","NEAR SPINNEYS, MEADOWS COMMUNITY.",04-3608800,PHARMACY,25.217517,55.253017
LIFE PHARMACY LLC DUBAI BRANCH,DXB,"PLATINUM,G PLUS,GOLD,SILVER,BRONZE,BLUE,ASASI","TAJ PALACE HOTEL,DEIRA",04-5610000,PHARMACY,25.262083,55.322167
TARIQ PHARMACY,DXB,"PLATINUM,G PLUS,GOLD,SILVER,BRONZE,BLUE,ASASI","AL BUSTAN CENTRE, AL QUSAIS",04-2635020,PHARMACY,25.2751,55.367867
TOWN LIFE PHARMACY,DXB,"PLATINUM,G PLUS,GOLD,SILVER,BRONZE,BLUE,ASASI","NEAR WELCARE CLINIC,UP TOWN MIRDIFF",04-2848355,PHARMACY,25.22385,55.42385
ZAYD PHARMACY,DXB,"PLATINUM,G PLUS,GOLD,SILVER,BRONZE,BLUE,ASASI","SHEIK ZAYED ROAD, TRADE CENTER 1",04-3291325,PHARMACY,25.215117,55.276783
NEW AL NAHDA PHARMACY,DXB,"PLATINUM,G PLUS,GOLD,SILVER,BRONZE,BLUE,ASASI","SHOP NO 1, AL NAHDA 3 BUILDING,BEFO",04-2672855,PHARMACY,25.2875,55.3693
HILLS COMMUNITY PHARMACY,DXB,"PLATINUM,G PLUS,GOLD,SILVER,BRONZE,BLUE,ASASI","THE TOWN CENTRE, EMIRATES HILLS",04-3617575,PHARMACY,25.05425,55.170717
GREEN COMMUNITY PHARMACY,DXB,"PLATINUM,G PLUS,GOLD,SILVER,BRONZE,BLUE,ASASI",THE MARKET CENTRE,04-8853636,PHARMACY,25.0048,55.165133
TRACKS COMMUNITY PHARMACY,DXB,"PLATINUM,G PLUS,GOLD,SILVER,BRONZE,BLUE,ASASI",UPTOWN MOTOR CITY,04-4475828,PHARMACY,25.045633,55.247233
MOTOR COMMUNITY PHARMACY,DXB,"PLATINUM,G PLUS,GOLD,SILVER,BRONZE,BLUE,ASASI",GREEN COMMUNITY MOTOR CITY,04-4541527,PHARMACY,25.041383,55.234417
AL WASEL COMMUNITY PHARMACY,DXB,"PLATINUM,G PLUS,GOLD,SILVER,BRONZE,BLUE,ASASI",AL WASEL UNION COOP,04-3212062,PHARMACY,25.210312,55.270637
HUSSAIN PHARMACY,SHJ,"PLATINUM,G PLUS,GOLD,SILVER,BRONZE,BLUE,ASASI","KING FAISAL ROAD, ABU SHAGARA",06-5551804,PHARMACY,25.332083,55.394633
DOCTORS PHARMACY (SHARJAH),SHJ,"PLATINUM,G PLUS,GOLD,SILVER,BRONZE,BLUE,ASASI","OPP. ROTANA HOTEL, ARABIAN GULF ST",06-5614813,PHARMACY,25.361815,55.391441
AL MANSOOR PHARMACY (SHARJAH),SHJ,"PLATINUM,G PLUS,GOLD,SILVER,BRONZE,BLUE,ASASI","AL WAHDA ST,OPP.SHARJAH CITY CENTRE",06-5591700,PHARMACY,25.325561,55.392031
SHARJAH PHARMACY L.L.C,SHJ,"PLATINUM,G PLUS,GOLD,SILVER,BRONZE,BLUE,ASASI",AL GHUWAIR ROAD,06-5623850,PHARMACY,25.35905,55.3905
BAIT AL MAQDES PHARMACY,SHJ,"PLATINUM,G PLUS,GOLD,SILVER,BRONZE,BLUE,ASASI","AL WAHDA STREET. NEAR PIZZA HUT,",06-5534363,PHARMACY,25.322239,55.38896
MILLENNIUM PHARMACY,SHJ,"PLATINUM,G PLUS,GOLD,SILVER,BRONZE,BLUE,ASASI",ROLLA,06-5689416,PHARMACY,25.356133,55.386767
AL MASHREQ PHARMACY,SHJ,"PLATINUM,G PLUS,GOLD,SILVER,BRONZE,BLUE,ASASI","KING FAISAL STREET,AL MAJID BLG",06-5592500,PHARMACY,25.33143,55.392835
AL FAJR PHARMACY,SHJ,"PLATINUM,G PLUS,GOLD,SILVER,BRONZE,BLUE,ASASI","KING ABDUL AZIZ ROAD,",06-5735233,PHARMACY,25.346532,55.391508
MAJID PHARMACY (SHARJAH),SHJ,"PLATINUM,G PLUS,GOLD,SILVER,BRONZE,BLUE,ASASI","BANK STREET , ROLLA",06-5683422,PHARMACY,25.358917,55.388067
AL ITEKAL PHARMACY LLC,SHJ,"PLATINUM,G PLUS,GOLD,SILVER,BRONZE,BLUE,ASASI","SHOP#2,AL SALAM BLDG,ABU SHAGARA",06-5531141,PHARMACY,25.334111,55.393718
AL BUSTAN PHARMACY LLC,SHJ,"PLATINUM,G PLUS,GOLD,SILVER,BRONZE,BLUE,ASASI","CARREFOUR EXPRESS BLG, ANSAR MALL",06-5309963,PHARMACY,25.320724,55.387546
SUPER CARE PHARMACY (SHARJAH),SHJ,"PLATINUM,G PLUS,GOLD,SILVER,BRONZE,BLUE,ASASI",SHARJAH CITY CENTER,06-5396211,PHARMACY,25.324783,55.3933
IBN KHALDOON PHARMACY,SHJ,"PLATINUM,G PLUS,GOLD,SILVER,BRONZE,BLUE,ASASI",BEHIND MEGA MALL,06-5752423,PHARMACY,25.3419,55.39115
RASHA PHARMACY LLC,SHJ,"PLATINUM,G PLUS,GOLD,SILVER,BRONZE,BLUE,ASASI","AL GUWAIR MARKET, ROLLA",06-5625889,PHARMACY,25.359683,55.3911
ASIA PHARMACY LLC,SHJ,"PLATINUM,G PLUS,GOLD,SILVER,BRONZE,BLUE,ASASI","INDUSTIRAL AREA NO: 2,SEDANA SIGNAL",06-5335970,PHARMACY,25.317572,55.400753
AL MEENA PHARMACY L.L.C,SHJ,"PLATINUM,G PLUS,GOLD,SILVER,BRONZE,BLUE,ASASI","MINA ROAD, SATA BLDG,",06-5625055,PHARMACY,25.352261,55.387295
NASEEF PHARMACY,SHJ,"PLATINUM,G PLUS,GOLD,SILVER,BRONZE,BLUE,ASASI",AL NABAAHA - AL AROOBA ST.,06-5626780,PHARMACY,25.364633,55.394967
BAIT AL MAQDES AL JADEEDAH PHARMACY,SHJ,"PLATINUM,G PLUS,GOLD,SILVER,BRONZE,BLUE,ASASI",ABU SHAGARA AREA,06-5486100,PHARMACY,25.336649,55.395526
AL RIYADH PHARMACY,SHJ,"PLATINUM,G PLUS,GOLD,SILVER,BRONZE,BLUE,ASASI","AL WASIT STREET, AL SHAHBA AREA",06-5583351,PHARMACY,25.337738,55.427447
AL SALAMAH PHARMACY (SHARJAH),SHJ,"PLATINUM,G PLUS,GOLD,SILVER,BRONZE,BLUE,ASASI","KALBA MALIHA ROAD, INDUSTRIAL AREA",06-5357255,PHARMACY,25.293595,55.441141
MEDICOM PHARMACY 17,SHJ,"PLATINUM,G PLUS,GOLD,SILVER,BRONZE,BLUE,ASASI","AL NAHDA ROAD, (AL ANSAR)",06-5313256,PHARMACY,25.302667,55.3695
ASTER PHARMACY (SHARJAH),SHJ,"PLATINUM,G PLUS,GOLD,SILVER,BRONZE,BLUE,ASASI","BESIDE NAHDA PARK,OPP.CARREFOUR",06-5253663,PHARMACY,25.339338,55.388332
AL TAJ PHARMACY,SHJ,"PLATINUM,G PLUS,GOLD,SILVER,BRONZE,BLUE,ASASI",BUHAIRA CORNICHE ROAD,06-5444322,PHARMACY,25.328521,55.392717
GOLDEN LIFE PHARMACY (SHARJAH),SHJ,"PLATINUM,G PLUS,GOLD,SILVER,BRONZE,BLUE,ASASI","BIN JALAWI CENTRE, NEXT TO AL YOUSU",06-5775501,PHARMACY,25.317334,55.376715
AL FARES PHARMACY,SHJ,"PLATINUM,G PLUS,GOLD,SILVER,BRONZE,BLUE,ASASI","ZAKHIR TOWER, AL TAAWUN RD,",06-5304212,PHARMACY,25.316633,55.3853
LIFE LINE PHARMACY LLC,SHJ,"PLATINUM,G PLUS,GOLD,SILVER,BRONZE,BLUE,ASASI","AL SOOR BLD, AL MINA ROAD",06-5659407,PHARMACY,25.339997,55.428002
MODERN BAIT AL MAQDES PHARMACY LLC,SHJ,"PLATINUM,G PLUS,GOLD,SILVER,BRONZE,BLUE,ASASI",AL WAHDA ST.,06-5552070,PHARMACY,25.316683,55.383683
AL HARAMAIN PHARMACY,SHJ,"PLATINUM,G PLUS,GOLD,SILVER,BRONZE,BLUE,ASASI","AL NAHDA TOWER, AL NAHDA",06-5316779,PHARMACY,25.303086,55.36929
AL WASEEM PHARMACY,SHJ,"PLATINUM,G PLUS,GOLD,SILVER,BRONZE,BLUE,ASASI","DAFCO BUILDING, TAAWUN AREA",06-5770930,PHARMACY,25.310826,55.375384
EXPERTS PHARMACY (SHARJAH),SHJ,"PLATINUM,G PLUS,GOLD,SILVER,BRONZE,BLUE,ASASI","FIRE STATION ROUND ABOUT,BUHAIRA",06-5654635,PHARMACY,25.372231,55.406571
SALIM PHARMACY,SHJ,"PLATINUM,G PLUS,GOLD,SILVER,BRONZE,BLUE,ASASI","NEAR SMADI SWEETS, AL BUHAIRAH",06-5736262,PHARMACY,25.337817,55.386783
AL MANARAH PHARMACY (SHARJAH),SHJ,"PLATINUM,G PLUS,GOLD,SILVER,BRONZE,BLUE,ASASI","OPP. TAAWUN MALL, TAAWUN AREA",06-5774665,PHARMACY,25.336002,55.387733
AL MAWADAH PHARMACY,SHJ,"PLATINUM,G PLUS,GOLD,SILVER,BRONZE,BLUE,ASASI",IMMIGRATION ROAD,06-5744878,PHARMACY,25.347073,55.388589
IBN SINA PHARMACY-SHJ. LLC,SHJ,"PLATINUM,G PLUS,GOLD,SILVER,BRONZE,BLUE,ASASI",BUHAIRA CORNICHE,06-5726885,PHARMACY,25.340969,55.38591
CENTRAL BIN SINA PHARMACY,SHJ,"PLATINUM,G PLUS,GOLD,SILVER,BRONZE,BLUE,ASASI","AL MAJAZ AREA,KING FAISAL STREET",06-5748448,PHARMACY,25.342767,55.3871
AL MAJAZ PHARMACY,SHJ,"PLATINUM,G PLUS,GOLD,SILVER,BRONZE,BLUE,ASASI",JAMAL ABDUL NASIR ST. MAJAZ,06-5599799,PHARMACY,25.328883,55.392783
DELMON PHARMACY,SHJ,"PLATINUM,G PLUS,GOLD,SILVER,BRONZE,BLUE,ASASI","AL FARIS TOWER,CORNICHE ROAD",06-5504331,PHARMACY,25.341311,55.386376
SALSABEEL PHARMACY,SHJ,"PLATINUM,G PLUS,GOLD,SILVER,BRONZE,BLUE,ASASI","AL  NAHDA PARK , BUKHARA STREET",06-5368988,PHARMACY,25.299833,55.37885
AL SAIF PHARMACY,SHJ,"PLATINUM,G PLUS,GOLD,SILVER,BRONZE,BLUE,ASASI",AL WAHDA STREET,06-5533811,PHARMACY,25.339646,55.401941
HAMAD PHARMACY,SHJ,"PLATINUM,G PLUS,GOLD,SILVER,BRONZE,BLUE,ASASI",WAZIT STREET,06-5582800,PHARMACY,25.339133,55.428517
GRAND HAMAD PHARMACY LLC,SHJ,"PLATINUM,G PLUS,GOLD,SILVER,BRONZE,BLUE,ASASI","AL ITHIHAD STREET, AL NAHDA",06-5544050,PHARMACY,25.301217,55.374133
AL FURQAN PHARMACY SHARJAH,SHJ,"PLATINUM,G PLUS,GOLD,SILVER,BRONZE,BLUE,ASASI","OPP.POLICE STATION .AL MADAM AREA,",06-8861030,PHARMACY,24.914098,55.775353
COOPERATIVE PHARMACY (SHARJAH),SHJ,"PLATINUM,G PLUS,GOLD,SILVER,BRONZE,BLUE,ASASI","NEAR ALZAHRA HOSPITAL, ZAHRA STREET",06-5613392,PHARMACY,25.358943,55.393994
AL MUBARAK CENTER PHARMACY,SHJ,"PLATINUM,G PLUS,GOLD,SILVER,BRONZE,BLUE,ASASI","AL MUBARAK BUILDING, AL NAABA AREA",06-5638034,PHARMACY,25.364556,55.393197
MEDI PRIME AL QASIMIAH PHARMACY,SHJ,"PLATINUM,G PLUS,GOLD,SILVER,BRONZE,BLUE,ASASI","OPP SHARJAH IMIGRATION,KING ABDULAZ",06-5752200,PHARMACY,25.3438,55.3949
LAMIA PHARMACY,SHJ,"PLATINUM,G PLUS,GOLD,SILVER,BRONZE,BLUE,ASASI",CORNICHE POST OFFICE,06-5680781,PHARMACY,25.361933,55.388417
AL HIKMA PHARMACY - SHARJAH,SHJ,"PLATINUM,G PLUS,GOLD,SILVER,BRONZE,BLUE,ASASI","AL ZAHRA STREET, MATAFI ROUNDABOUT",06-5542071,PHARMACY,25.36655,55.401217
RAWABINA PHARMACY,SHJ,"PLATINUM,G PLUS,GOLD,SILVER,BRONZE,BLUE,ASASI","AL KHAN STREET, AL KHALIDIYA",06-5519654,PHARMACY,25.34275,55.390283
AL WASHAH PHARMACY,SHJ,"PLATINUM,G PLUS,GOLD,SILVER,BRONZE,BLUE,ASASI","FALAJ AL MUALLA ROAD,AL DHAID",06-8833240,PHARMACY,25.290267,55.8817
LULU AL NAHDA PHARMACY - LLC,SHJ,"PLATINUM,G PLUS,GOLD,SILVER,BRONZE,BLUE,ASASI","LULU HYPERMARKET, AL NAHDA",06-5454611,PHARMACY,25.303233,55.374083
LULU AL FALAH PHARMACY LLC,SHJ,"PLATINUM,G PLUS,GOLD,SILVER,BRONZE,BLUE,ASASI","LULU HYPERMARKET, AL WAHDA STREET",06-5362225,PHARMACY,25.332433,55.39915
SHARJAH AHALIA PHARMACY,SHJ,"PLATINUM,G PLUS,GOLD,SILVER,BRONZE,BLUE,ASASI","IBRAHIM AL MEDFA STREET,AL MUSALLA",06-5621600,PHARMACY,25.35555,55.400283
BORJ SARAH PHARMACY,SHJ,"PLATINUM,G PLUS,GOLD,SILVER,BRONZE,BLUE,ASASI",AL QASBA ST.AL MAJAZ 3 SARA TOWER,06-5564651,PHARMACY,25.329532,55.375835
OASIS PHARMACY,SHJ,"PLATINUM,G PLUS,GOLD,SILVER,BRONZE,BLUE,ASASI",BEHIND AL KHALEEJ NEWSPAPER,06-5771873,PHARMACY,25.313967,55.377183
DAR AL DAWAA PHARMACY LLC,SHJ,"PLATINUM,G PLUS,GOLD,SILVER,BRONZE,BLUE,ASASI","BEHIND E-MAX, ABU SHAGARA",06-5449544,PHARMACY,25.332405,55.394433
THUMBAY PHARMACY LLC BRANCH 3,SHJ,"PLATINUM,G PLUS,GOLD,SILVER,BRONZE,BLUE,ASASI",NEAR NATIONAL PAINTS,06-5356497,PHARMACY,25.38201,55.462384
AL HASHMI PHARMACY,SHJ,"PLATINUM,G PLUS,GOLD,SILVER,BRONZE,BLUE,ASASI","AL HAMIDI BLDG. OPP ETISALT,",09-2386508,PHARMACY,25.335367,56.348632
ZAMZAM PHARMACY (SHARJAH),SHJ,"PLATINUM,G PLUS,GOLD,SILVER,BRONZE,BLUE,ASASI",INDUSTRIAL AREA NO:15,06-5357141,PHARMACY,25.292067,55.442017
ZULEKHA HOSPITAL PHARMACY,SHJ,"PLATINUM,G PLUS,GOLD,SILVER,BRONZE,BLUE,ASASI",AL NASSERYA,06-5658866,PHARMACY,25.368733,55.404667
NMC ROYAL  HOSPITAL SHARJAH PHARMACY,SHJ,"PLATINUM,G PLUS,GOLD,SILVER,BRONZE,BLUE,ASASI",AL GHUWAIR AREA,06-5168836,PHARMACY,25.360295,55.394005
ASTER AL BUHAIRAH PHARMACY,SHJ,"PLATINUM,G PLUS,GOLD,SILVER,BRONZE,BLUE,ASASI",AL BUHAIRAH CORNICHE,06-5444542,PHARMACY,25.334516,55.388458
AL AROUBA PHARMACY,SHJ,"PLATINUM,G PLUS,GOLD,SILVER,BRONZE,BLUE,ASASI","AROUBA ST,OPP KFC,ROLLA AREA",06-5623355,PHARMACY,25.354298,55.386425
NOORA PHARMACY LLC,SHJ,"PLATINUM,G PLUS,GOLD,SILVER,BRONZE,BLUE,ASASI","MABROOKAH BLDG,NEAR INVEST BANK,",06-5422188,PHARMACY,25.302767,55.399467
NOORA AL JADEEDA PHARMACY,SHJ,"PLATINUM,G PLUS,GOLD,SILVER,BRONZE,BLUE,ASASI","UNIVERSITY ROAD, INDUSTRIAL AREA 1",06-5427878,PHARMACY,25.284144,55.452622
AL WAFA PHARMACY,SHJ,"PLATINUM,G PLUS,GOLD,SILVER,BRONZE,BLUE,ASASI","NEAR LACNOR DIARY, DOUBLE COLA ROAD",06-5331139,PHARMACY,25.344111,55.401007
YASMIN PHARMACY (SHARJAH),SHJ,"PLATINUM,G PLUS,GOLD,SILVER,BRONZE,BLUE,ASASI","SHOP NO.1,YASMIN BUILDING 4,",06-5584662,PHARMACY,25.331979,55.423227
AL MUSTAQBAL PHARMACY,SHJ,"PLATINUM,G PLUS,GOLD,SILVER,BRONZE,BLUE,ASASI",INDUSTRIAL AREA 11(OPP ST. LADEN),06-5349500,PHARMACY,25.293203,55.420284
NEW AL WAFA PHARMACY,SHJ,"PLATINUM,G PLUS,GOLD,SILVER,BRONZE,BLUE,ASASI","SH.FAISAL AL QASSEMI BLDG, KALBA ST",06-5353580,PHARMACY,25.288432,55.446524
AL DARARY PHARMACY,SHJ,"PLATINUM,G PLUS,GOLD,SILVER,BRONZE,BLUE,ASASI","KHAN SAHEB BUILDING,1ST IND.AREA,",06-5397282,PHARMACY,25.32072,55.396737
AL MALIHA PHARMACY,SHJ,"PLATINUM,G PLUS,GOLD,SILVER,BRONZE,BLUE,ASASI","OPP. ETISALAT,SALEM BIN JARSH BLDG",06-8826855,PHARMACY,25.281218,55.876332
GARDEN PHARMACY L.L.C,SHJ,"PLATINUM,G PLUS,GOLD,SILVER,BRONZE,BLUE,ASASI","AL AHKIA MONEY EXCHANGE BLG,ROLLA",06-5211727,PHARMACY,25.346259,55.420932
CRISTAL PHARMACY,SHJ,"PLATINUM,G PLUS,GOLD,SILVER,BRONZE,BLUE,ASASI","AL SHAMSI BLG,SHOP 4, AL TAWOON",06-5773100,PHARMACY,25.368988,55.484264
ORIANA PHARMACY,SHJ,"PLATINUM,G PLUS,GOLD,SILVER,BRONZE,BLUE,ASASI","MANAZIL TOWER 2, AL TAAWUN STREET,",06-5525770,PHARMACY,25.312729,55.376025
NEW CENTRAL PHARMACY,SHJ,"PLATINUM,G PLUS,GOLD,SILVER,BRONZE,BLUE,ASASI","CENTRAL SOUK,CORNICHE ST,KHORFAKKAN",09-2386277,PHARMACY,25.354286,56.350997
AL NASR PHARMACY,SHJ,"PLATINUM,G PLUS,GOLD,SILVER,BRONZE,BLUE,ASASI","SHAIKH KHALID RAOD, OPP.OMAR MOSQUE",09-2384188,PHARMACY,25.343061,56.348775
AL SHIFA PHARMACY.,SHJ,"PLATINUM,G PLUS,GOLD,SILVER,BRONZE,BLUE,ASASI","AL MAJAZ AREA, JAMAL ABDUL NASER ST",06-5553913,PHARMACY,25.299165,55.37963
MEDICINA PHARMACY 25,SHJ,"PLATINUM,G PLUS,GOLD,SILVER,BRONZE,BLUE,ASASI","NOVEM CENTRE, AL WASEET STREET,",06-5660741,PHARMACY,25.332654,55.392229
MODERN AL RIQQA PHARMACY,SHJ,"PLATINUM,G PLUS,GOLD,SILVER,BRONZE,BLUE,ASASI","SHARJAH COOPERATIVE SOCIETY,RIQQA",06-5243214,PHARMACY,25.370329,55.426709
AL SEHA AL KUBRA PHARMACY LLC,SHJ,"PLATINUM,G PLUS,GOLD,SILVER,BRONZE,BLUE,ASASI","SHAHBA AREA, AL",06 572 1213,PHARMACY,25.338383,55.4278
ASTER PHARMACY 107,SHJ,"PLATINUM,G PLUS,GOLD,SILVER,BRONZE,BLUE,ASASI","HASSAN BABA HASSAN BUILDING,",04-2382342,PHARMACY,25.338445,55.388977
AL NAHDA PHARMACY,SHJ,"PLATINUM,G PLUS,GOLD,SILVER,BRONZE,BLUE,ASASI",OPPOSITE SHARJAH OLD EXPO CENTER,06-7043882,PHARMACY,25.320967,55.380428
AL TAMIMI PHARMACY LLC,SHJ,"PLATINUM,G PLUS,GOLD,SILVER,BRONZE,BLUE,ASASI","AL MAHMOUD BLDG,NEAR KM TDG",06-5624990,PHARMACY,25.355108,55.389306
ATLAS PHARMACY,SHJ,"PLATINUM,G PLUS,GOLD,SILVER,BRONZE,BLUE,ASASI",GULF MART BLDG.,06-5235676,PHARMACY,25.36379,55.391913
IBN BATUTA PHARMACY LLC.,SHJ,"PLATINUM,G PLUS,GOLD,SILVER,BRONZE,BLUE,ASASI",BEHIND SARAH EMIRATE TOWER BUHAIRA,06-5561544,PHARMACY,25.33628,55.375045
ZAHRAT AL RABIE PHARMACY,SHJ,"PLATINUM,G PLUS,GOLD,SILVER,BRONZE,BLUE,ASASI","AL KHAN AREA, SHARJAH",06-5546800,PHARMACY,25.332624,55.370546
DEIRA PHARMACY LLC,SHJ,"PLATINUM,G PLUS,GOLD,SILVER,BRONZE,BLUE,ASASI","1ST FLOOR, AL MUBARAK CENTER",06-5631359,PHARMACY,25.366149,55.394309
AL WAAD PHARMACY,SHJ,"PLATINUM,G PLUS,GOLD,SILVER,BRONZE,BLUE,ASASI",KHORFAKKAN,09-2370070,PHARMACY,25.33824,56.3488
ASTER PHARMACY 106,SHJ,"PLATINUM,G PLUS,GOLD,SILVER,BRONZE,BLUE,ASASI","GOLDENSANDS BLDG,AL ITTIHAD ROAD",06-5749669,PHARMACY,25.289436,55.368525
ASTER PHARMACIES GROUP LLC RAK BRANCH,SHJ,"PLATINUM,G PLUS,GOLD,SILVER,BRONZE,BLUE,ASASI","GROUND SAFEER MALL,AIR PORT ROAD",07-2352213,PHARMACY,25.748801,55.925068
ASTER PHARMACY 121,SHJ,"PLATINUM,G PLUS,GOLD,SILVER,BRONZE,BLUE,ASASI","SILVER SAND BLG,JUMA MAJID,ALNAHDA",06-5544504,PHARMACY,25.299353,55.373632
AL NAHAR PHARMACY,SHJ,"PLATINUM,G PLUS,GOLD,SILVER,BRONZE,BLUE,ASASI","AL NAHDA STREET, AL SHYBA BUILDING",06-5545882,PHARMACY,25.300994,55.372691
AL ZAMAN PHARMACY LLC,SHJ,"PLATINUM,G PLUS,GOLD,SILVER,BRONZE,BLUE,ASASI","NEAR AL WAHDA POST OFFICE, AL WAHDA",06-5771990,PHARMACY,25.323605,55.388444
BAIT AL DAWAA PHARMACY,SHJ,"PLATINUM,G PLUS,GOLD,SILVER,BRONZE,BLUE,ASASI","AL KHAN AREA ,AL TAAWAN STREET",06-5772511,PHARMACY,25.312517,55.37409
AL MOAALAJ PHARMACY LLC,SHJ,"PLATINUM,G PLUS,GOLD,SILVER,BRONZE,BLUE,ASASI","BEHIND EMAX ELECTRONICS,ABU SHAGARA",06-5214865,PHARMACY,25.332605,55.394891
AL SHIFA ALAFIAH PHARMACY LLC,SHJ,"PLATINUM,G PLUS,GOLD,SILVER,BRONZE,BLUE,ASASI",JAMAL ABDUL NASER ST,06-5506551,PHARMACY,25.327416,55.392303
ASTER PHARMACY 108,SHJ,"PLATINUM,G PLUS,GOLD,SILVER,BRONZE,BLUE,ASASI","AL MEDFAA STREET,NEXT TO SATA,ROLLA",06-5610012,PHARMACY,25.33966,55.388366
ASTER PHARMACY 125,SHJ,"PLATINUM,G PLUS,GOLD,SILVER,BRONZE,BLUE,ASASI","AL DEYAR BUIDING, NEAR TAWOUN R/A",06-5303016,PHARMACY,25.311654,55.374152
MEDI PRIME PHARMACY,SHJ,"PLATINUM,G PLUS,GOLD,SILVER,BRONZE,BLUE,ASASI","SAFEER MARKET,KING FAISAL ST",06-5044044,PHARMACY,25.344656,55.39342
MUHAMMAD AYAZ PHARMACY,SHJ,"PLATINUM,G PLUS,GOLD,SILVER,BRONZE,BLUE,ASASI","AL WASIT STREET, AL SHAHBAH AREA",06-5526224,PHARMACY,25.317064,55.375978
ABWAB BAIT AL MAQDES PHARMACY LLC,SHJ,"PLATINUM,G PLUS,GOLD,SILVER,BRONZE,BLUE,ASASI",AL KHAN ST. OPPOSITE ARCADIA HOTEL,06-5565363,PHARMACY,25.32923,55.373305
AKNAF BAIT AL MAQDES PHARMACY LLC,SHJ,"PLATINUM,G PLUS,GOLD,SILVER,BRONZE,BLUE,ASASI",AL EZZ BIN ABDUL SALAM ST. AL MAJAZ,06-5500602,PHARMACY,25.335049,55.389939
AL ELAJ PHARMACY LLC SHARJAH,SHJ,"PLATINUM,G PLUS,GOLD,SILVER,BRONZE,BLUE,ASASI","AL SHAHBA PLAZA, WASIT ST.",06-5583058,PHARMACY,25.336531,55.426735
AL TAQWA PHARMACY LLC,SHJ,"PLATINUM,G PLUS,GOLD,SILVER,BRONZE,BLUE,ASASI",ABDUL AZIZ AL MAJED BLDG. AL NAHDA,06-5319211,PHARMACY,25.300588,55.37999
ANWAR BAIT AL MAQDES PHARMACY LLC,SHJ,"PLATINUM,G PLUS,GOLD,SILVER,BRONZE,BLUE,ASASI","EWAN BLDG, BACK SIDE OF UNIVERSITY",06-5426300,PHARMACY,25.307742,55.45714
BAB AL SHIFA PHARMACY LLC,SHJ,"PLATINUM,G PLUS,GOLD,SILVER,BRONZE,BLUE,ASASI",MUBARAK AL SAYER SHOP NO : 3,06-5750060,PHARMACY,25.342803,55.386033
MEDICARE PHARMACY,SHJ,"PLATINUM,G PLUS,GOLD,SILVER,BRONZE,BLUE,ASASI",AL OROUBA STREET,06-5242555,PHARMACY,25.356835,55.38829
AL AQSA PHARMACY L.L.C,SHJ,"PLATINUM,G PLUS,GOLD,SILVER,BRONZE,BLUE,ASASI","AL TAWOON BUILDING, BEHIND W.WILSON",06-5774704,PHARMACY,25.310307,55.374422
AL FAROOQ PHARMACY LLC,SHJ,"PLATINUM,G PLUS,GOLD,SILVER,BRONZE,BLUE,ASASI",NEAR TO REEM AL NAHDA MEDICAL CENTR,06-5315343,PHARMACY,25.299748,55.37361
AL MUSALLA PHARMACY- SHARJAH,SHJ,"PLATINUM,G PLUS,GOLD,SILVER,BRONZE,BLUE,ASASI","AL ZAHRA ROAD, KHAIR MEDICAL CENTER",06-5616136,PHARMACY,25.358315,55.39431
AL AHLIAH PHARMACY,SHJ,"PLATINUM,G PLUS,GOLD,SILVER,BRONZE,BLUE,ASASI","KHANSHAEB BULIDING, INDUSTRIAL AREA",06-5388956,PHARMACY,25.304504,55.416857
ASTER PHARMACY 122,SHJ,"PLATINUM,G PLUS,GOLD,SILVER,BRONZE,BLUE,ASASI","NEAR ASTER CLINIC, ABU SHAGARA PARK",06-5570996,PHARMACY,25.338,55.394444
ASTER PHARMACY 133,SHJ,"PLATINUM,G PLUS,GOLD,SILVER,BRONZE,BLUE,ASASI","AL SHARQ ST,NEAR FINE FAIR,",06-5619322,PHARMACY,25.346648,55.389901
MEDICINE WORLD PHARMACY LLC,SHJ,"PLATINUM,G PLUS,GOLD,SILVER,BRONZE,BLUE,ASASI",ALMAJAZ 2 OPP BUHAIRA POLICE STATIO,06-5447792,PHARMACY,25.320559,55.382141
ASTER PHARMACY 139,SHJ,"PLATINUM,G PLUS,GOLD,SILVER,BRONZE,BLUE,ASASI",KHORFAKKAN POLICE ST. ROUND ABOUT,09-2371301,PHARMACY,25.31161,55.374115
AL RAYAN PHARMACY LLC,SHJ,"PLATINUM,G PLUS,GOLD,SILVER,BRONZE,BLUE,ASASI","ABU SHAGARA,OPP. AL MINHA MEDICAL C",06-5509475,PHARMACY,25.337644,55.393686
KHALID PHARMACY,SHJ,"PLATINUM,G PLUS,GOLD,SILVER,BRONZE,BLUE,ASASI",AL DHAID,06-8822677,PHARMACY,25.287728,55.881125
ASTER PHARMACY 151,SHJ,"PLATINUM,G PLUS,GOLD,SILVER,BRONZE,BLUE,ASASI","SHARJAH PALACE HOTEL, TAWUN STREET,",06-5453109,PHARMACY,25.346811,55.389515
MEDICINA 22 PHARMACY,SHJ,"PLATINUM,G PLUS,GOLD,SILVER,BRONZE,BLUE,ASASI","SAFEER MARKET,NEXT TO KALBA HEALTH",09-2770371,PHARMACY,25.075958,56.388032
MEDICINA 23 PHARMACY,SHJ,"PLATINUM,G PLUS,GOLD,SILVER,BRONZE,BLUE,ASASI","CENTRAL SHARJAH SHOP #02, SHEIKH RASHID BIN SAQR ALQASIMI STREET, HALWAN SUBURB, SAMNAN",06-5303980,PHARMACY,25.325565,55.377504
ASTER PHARMACY 140,SHJ,"PLATINUM,G PLUS,GOLD,SILVER,BRONZE,BLUE,ASASI","SULTACO, AL MAJAZ",06-5445001,PHARMACY,25.337481,55.389578
AL SHIFA UROPI PHARMACY LLC,SHJ,"PLATINUM,G PLUS,GOLD,SILVER,BRONZE,BLUE,ASASI","BLOCK, QADISSIYA (TIGER)BUILDING, A",06-5394609,PHARMACY,25.300652,55.382517
AL AFDHAL PHARMACY L L C,SHJ,"PLATINUM,G PLUS,GOLD,SILVER,BRONZE,BLUE,ASASI","DURAT AL GAWAS BUILDING,AL AROUBA",06-5217622,PHARMACY,25.360608,55.390415
AL BASSAM PHARMACY,SHJ,"PLATINUM,G PLUS,GOLD,SILVER,BRONZE,BLUE,ASASI","BUHAIRA CORNICHE, MAJAZ-3,AL MAJAZ",06-5379446,PHARMACY,25.327163,55.37873
AL FARAH PHARMACY,SHJ,"PLATINUM,G PLUS,GOLD,SILVER,BRONZE,BLUE,ASASI","NASSER AL SHEEBA BUILDING, AL NAHDA",06-5363707,PHARMACY,25.300409,55.37048
AL RAZY PHARMACY,SHJ,"PLATINUM,G PLUS,GOLD,SILVER,BRONZE,BLUE,ASASI","ALZARONI BLDG,BEH ASZAR MAL ALNAHDA",06-5377844,PHARMACY,25.30188,55.368124
NAWAIEM PHARMACY,SHJ,"PLATINUM,G PLUS,GOLD,SILVER,BRONZE,BLUE,ASASI","NEAR PRIME MEDICAL CENT, AL NAHDA",06-5565195,PHARMACY,25.299615,55.369825
MEDCARE HOSPITAL LLC - SHJ BR PHARMACY,SHJ,"PLATINUM,G PLUS,GOLD,SILVER,BRONZE,BLUE,ASASI",KING FAISAL STREET,06-5949922,PHARMACY,25.342225,55.388303
FAMILY CARE PHARMACY LLC,SHJ,"PLATINUM,G PLUS,GOLD,SILVER,BRONZE,BLUE,ASASI","BUTEENA ,OLD MUROOR ROAD NEAR ANJAD",06-5658008,PHARMACY,25.375469,55.4038
AL FARDAN CENTRE PHARMACY LLC,SHJ,"PLATINUM,G PLUS,GOLD,SILVER,BRONZE,BLUE,ASASI","INSIDE AL FARDAN CENTRE,BUHAIRA COR",06-5752890,PHARMACY,25.323891,55.381938
AL TAIF PHARMACY,SHJ,"PLATINUM,G PLUS,GOLD,SILVER,BRONZE,BLUE,ASASI","NESTO HUPERMARKET LLC-BRANCH 1, MUW",06-5505411,PHARMACY,25.296284,55.44
ALBARSHA PHARMACY,SHJ,"PLATINUM,G PLUS,GOLD,SILVER,BRONZE,BLUE,ASASI","AL MANAMA CENTRE,NEXT TO FIRE STATI",06-5754046,PHARMACY,25.113199,55.204803
ALNAJIM ALAZRAQ PHARMACY,SHJ,"PLATINUM,G PLUS,GOLD,SILVER,BRONZE,BLUE,ASASI","AL NAHDA AREA,NEXT TO ANSAR MALL",06-5288851,PHARMACY,25.30377,55.370978
HALA PHARMACY LLC,SHJ,"PLATINUM,G PLUS,GOLD,SILVER,BRONZE,BLUE,ASASI","OPPOSITE TO MEGA MART, AL QASSIMIA",06-5515213,PHARMACY,25.342572,55.390375
HALA PHARMACY LLC-BRANCH 10,SHJ,"PLATINUM,G PLUS,GOLD,SILVER,BRONZE,BLUE,ASASI","SHOWROOM NO 1, BDNG NO 997, AL NASS",06-5239833,PHARMACY,25.370515,55.405731
HALA PHARMACY LLC-BRANCH 11,SHJ,"PLATINUM,G PLUS,GOLD,SILVER,BRONZE,BLUE,ASASI",", BUF YEAR 222 BLD, PLOT AL QASIMIA",06-5454123,PHARMACY,25.308997,55.37783
HALA PHARMACY LLC-BRANCH 18,SHJ,"PLATINUM,G PLUS,GOLD,SILVER,BRONZE,BLUE,ASASI","NEAR UNITED ARAB BANK,OPPT TO AL NO",06-5561718,PHARMACY,25.335763,55.387767
HALA PHARMACY LLC-BRANCH 19,SHJ,"PLATINUM,G PLUS,GOLD,SILVER,BRONZE,BLUE,ASASI","AL ALAMI CENTRE, SHOP NO.4 & 5, AL",06-5560640,PHARMACY,25.342308,55.38755
HALA PHARMACY LLC-BRANCH 2,SHJ,"PLATINUM,G PLUS,GOLD,SILVER,BRONZE,BLUE,ASASI",NEAR TO ABU SHAGARA PARK,06-5759287,PHARMACY,25.336767,55.395313
HALA PHARMACY LLC-BRANCH 3,SHJ,"PLATINUM,G PLUS,GOLD,SILVER,BRONZE,BLUE,ASASI","NEAR AL BUSTAN HOTEL,AL QASSIMIYA",06-5501340,PHARMACY,25.340549,55.393107
HALA PHARMACY LLC-BRANCH 4,SHJ,"PLATINUM,G PLUS,GOLD,SILVER,BRONZE,BLUE,ASASI","AL KHALEEJ BLD, NEAR SHARJAH ROTANA",06-5627134,PHARMACY,25.361675,55.392956
HALA PHARMACY LLC-BRANCH 5,SHJ,"PLATINUM,G PLUS,GOLD,SILVER,BRONZE,BLUE,ASASI","SHOP NO 1,2 ROLLA BUILDING, ROLLA",06-5218352,PHARMACY,25.358991,55.389352
HALA PHARMACY LLC-BRANCH 6,SHJ,"PLATINUM,G PLUS,GOLD,SILVER,BRONZE,BLUE,ASASI","CORNICHE B BUILDG, BUHAIRA CORNICHE",06-5372768,PHARMACY,25.328725,55.377496
HALA PHARMACY LLC-BRANCH 9,SHJ,"PLATINUM,G PLUS,GOLD,SILVER,BRONZE,BLUE,ASASI",AL AROUBA STREET,06-5519865,PHARMACY,25.354912,55.386314
SAHARA LIFE PHARMACY LLC,SHJ,"PLATINUM,G PLUS,GOLD,SILVER,BRONZE,BLUE,ASASI","NEXT TO SPINNEYS, SAHARA CENTRE",06-5570786,PHARMACY,25.297735,55.372307
WAJEAT AL KHOOR PHARMACY LLC,SHJ,"PLATINUM,G PLUS,GOLD,SILVER,BRONZE,BLUE,ASASI","BUHAIRA CORNICHE ,RIVIERA TOWER",06-5373884,PHARMACY,25.331192,55.375993
THUMBAY PHARMACY LLC SHARJAH,SHJ,"PLATINUM,G PLUS,GOLD,SILVER,BRONZE,BLUE,ASASI",AL QASIMI STREET,06-7487812,PHARMACY,25.333682,55.390539
ASTER PHARMACY 203,SHJ,"PLATINUM,G PLUS,GOLD,SILVER,BRONZE,BLUE,ASASI","SHOP NO.1, ARAB DOCTOR BUILDING,",06-5396955,PHARMACY,25.317771,55.376107
ASTER PHARMACY 153,SHJ,"PLATINUM,G PLUS,GOLD,SILVER,BRONZE,BLUE,ASASI","SUROOR BUILDING, AL NAHDA PARK AREA",06-5543020,PHARMACY,25.270396,55.374629
HALA PHARMACY LLC-BRANCH 1,SHJ,"PLATINUM,G PLUS,GOLD,SILVER,BRONZE,BLUE,ASASI","TRADING SHOPPING CENTRE, ABU SHAGHA",06-5485950,PHARMACY,25.311887,55.374959
HALA PHARMACY LLC-BRANCH 12,SHJ,"PLATINUM,G PLUS,GOLD,SILVER,BRONZE,BLUE,ASASI","MANAZIL TOWER 1, PLOT NO 89, AL QAS",06-5519934,PHARMACY,25.345108,55.391095
HALA PHARMACY LLC-BRANCH 7,SHJ,"PLATINUM,G PLUS,GOLD,SILVER,BRONZE,BLUE,ASASI",JAMAL ABDUL NASSAR STREET,06-5506073,PHARMACY,25.320094,55.385086
AL SAHA PHARMACY LLC,SHJ,"PLATINUM,G PLUS,GOLD,SILVER,BRONZE,BLUE,ASASI",AL MUWAILAH FIRE STATION ROAD,06-5426632,PHARMACY,25.308052,55.464507
SAIFZONE PHARMACY,SHJ,"PLATINUM,G PLUS,GOLD,SILVER,BRONZE,BLUE,ASASI",F2-42 A,06-5578560,PHARMACY,25.327211,55.495863
AL SAMA AL ZARQA PHARMACY,SHJ,"PLATINUM,G PLUS,GOLD,SILVER,BRONZE,BLUE,ASASI","NEAR SHARJAH CEMENT FACTORY, SAJJA",06-5311873,PHARMACY,25.306008,55.628157
SHARQAN PHARMACY,SHJ,"PLATINUM,G PLUS,GOLD,SILVER,BRONZE,BLUE,ASASI","SAFAT BLD SHP#2&3 , AL BUTHEENA",06-5613505,PHARMACY,25.378865,55.462879
MEDICINA PHARMACY 30,SHJ,"PLATINUM,G PLUS,GOLD,SILVER,BRONZE,BLUE,ASASI","I MALL, AL ITTIHAD ROAD",06-5248013,PHARMACY,25.325932,55.377145
MEDICINA PHARMACY 31,SHJ,"PLATINUM,G PLUS,GOLD,SILVER,BRONZE,BLUE,ASASI","CITY CENTRE SHARJAH, AL WAHDA ROAD",06-5246525,PHARMACY,25.325408,55.393232
HEALTH FIRST PHARMACY BR 6,SHJ,"PLATINUM,G PLUS,GOLD,SILVER,BRONZE,BLUE,ASASI","SHOP NO 1,AL SHARQ STREET,SHARJAH CO-OPERATIVE SOCIETY",06-5650415,PHARMACY,25.373766,55.399603
HEALTH FIRST PHARMACY,SHJ,"PLATINUM,G PLUS,GOLD,SILVER,BRONZE,BLUE,ASASI","CORNICHE,SHOP NO :4 -2A,GROUND FLOOR, AL MAJAZ 2, BUHAIRAH CORNICHE",06-5643275,PHARMACY,25.352374,55.452095
HALA PHARMACY LLC-BRANCH 26,SHJ,"PLATINUM,G PLUS,GOLD,SILVER,BRONZE,BLUE,ASASI","G09 & G10, MY CITY CENTRE, AL NASSERIYA,",06-5220367,PHARMACY,25.366024,55.403047
PHARMACY ONE LLC,SHJ,"PLATINUM,G PLUS,GOLD,SILVER,BRONZE,BLUE,ASASI","AL SHARQ STREET, AL REFAA/ VILLA 966 OPPOSITE OF KFC",06-5557040,PHARMACY,25.285556,55.398983
DAR AL FARAH PHARMACY LLC,SHJ,"PLATINUM,G PLUS,GOLD,SILVER,BRONZE,BLUE,ASASI","AHMED TARIAM BUILDING, OPP. AL QASIMI HOSPITAL, AL KHEZAMMIA AREA",06-5743825,PHARMACY,25.342914,55.429946
DELTA AL DHAID PHARMACY,SHJ,"PLATINUM,G PLUS,GOLD,SILVER,BRONZE,BLUE,ASASI","SHARJAH CO-OPERATIVE SOCIETY BUILDING, SHARJAH CO-OPERATIVE SOCIETY - AL DHAID, FUJAIRAH ROAD",06-8828636,PHARMACY,25.280633,55.873061
DELTA AL MAMZAR PHARMACY,SHJ,"PLATINUM,G PLUS,GOLD,SILVER,BRONZE,BLUE,ASASI","KHAN OASIS BUILDING, OPP. SAFEER MALL",06-5771703,PHARMACY,25.309604,55.377018
DELTA MODERN PHARMACY,SHJ,"PLATINUM,G PLUS,GOLD,SILVER,BRONZE,BLUE,ASASI","AWAD AHMAD JAZAIRI BUILDING, JAMAL ABDUL NAZAR STREET, NEAR BRANDS FOR LESS SHOW ROOM",06-5554490,PHARMACY,25.321914,55.385284
DELTA PHARMACY,SHJ,"PLATINUM,G PLUS,GOLD,SILVER,BRONZE,BLUE,ASASI","SHARJAH CO-OPERATIVE SOCIETY BUILDING, SHARJAH CO-OPERATIVE - SWEIHAT BRANCH",06-5382770,PHARMACY,25.348279,55.461126
THUMBAY PHARMACY LLC - SHJ BR.- BRANCH 1,SHJ,"PLATINUM,G PLUS,GOLD,SILVER,BRONZE,BLUE,ASASI","NEXT TO JESCO SUPERMARKET, YARMOUK",06 5668375,PHARMACY,25.354767,55.406836
THUMBAY PHARMACY LLC - SHJ BR- BRANCH 4,SHJ,"PLATINUM,G PLUS,GOLD,SILVER,BRONZE,BLUE,ASASI","DELMA HOUSE BUILDING, KING FAISAL ROAD SHJ",06 5518509,PHARMACY,25.334538,55.390716
THUMBAY PHARMACY LLC -SHJ BR- BRANCH 6,SHJ,"PLATINUM,G PLUS,GOLD,SILVER,BRONZE,BLUE,ASASI","NEXT TO ADNOC PETROL STATION, UNIVERSITY CITY ROAD",06 5356789,PHARMACY,25.288472,55.391827
AL BADR AL KAMIL PHARMACY LLC,SHJ,"PLATINUM,G PLUS,GOLD,SILVER,BRONZE,BLUE,ASASI","MUWAILEH, BEHIND LULU, SULTAN BUTI BUILDING SHOP NO. 3",06-5376115,PHARMACY,25.304295,55.449314
AL USRAH MODERN PHARMACY LLC,SHJ,"PLATINUM,G PLUS,GOLD,SILVER,BRONZE,BLUE,ASASI",AL ZAHRA STREET,06-5656105,PHARMACY,25.369908,55.404517
AL SUNDOS PHARMACY LLC,SHJ,"PLATINUM,G PLUS,GOLD,SILVER,BRONZE,BLUE,ASASI","AL MEENA STREET . AL MARIJAH AREA , NEAR BIRD MARKET",06-5650905,PHARMACY,25.35594,55.381325
HALA PHARMACY LLC BRANCH 27,SHJ,"PLATINUM,G PLUS,GOLD,SILVER,BRONZE,BLUE,ASASI","UNIT NO. J-040, GROUND FLOOR, MATAJER AL JURAINA,",06-5526718,PHARMACY,25.342655,55.390265
HAMAD AL IHTERAFEYA PHARMACY LLC,SHJ,"PLATINUM,G PLUS,GOLD,SILVER,BRONZE,BLUE,ASASI",NEAR LULU HYPERMARKET- MAYSLOON,06-5014700,PHARMACY,25.33924,55.428355
HAMAD AL OULA PHARMACY LLC,SHJ,"PLATINUM,G PLUS,GOLD,SILVER,BRONZE,BLUE,ASASI",OPP AL QASSIMI HOSPITAL- SHAHBA AREA,06-5061600,PHARMACY,25.341697,55.429338
HAMAD AL MUMAYAZAH PHARMACY LLC,SHJ,"PLATINUM,G PLUS,GOLD,SILVER,BRONZE,BLUE,ASASI",AL SHARQAN EXTENSION- TOWARDS AJMAN,06-5238054,PHARMACY,25.305791,55.442708
ABAQ AL NADA PHARMACY LLC,SHJ,"PLATINUM,G PLUS,GOLD,SILVER,BRONZE,BLUE,ASASI","KAIRALI BUILDING, AL GHUWAIR STREET,GROUND FLOOR, SHOP NO 21,",06-5541077,PHARMACY,25.35646,55.38843
MEDI PRIME AL NAHDA PHARMACY LLC,SHJ,"PLATINUM,G PLUS,GOLD,SILVER,BRONZE,BLUE,ASASI","AL RODA TOWER 2. OPPOSITE CARREFOUR EXPRESS, AL ETIHAD STREET, MALAKA STREET, AL NAHDA,",04-7070373,PHARMACY,25.302489,55.370298
BOORJ AL ROLLA PHARMACY,SHJ,"PLATINUM,G PLUS,GOLD,SILVER,BRONZE,BLUE,ASASI","SHOP NO: 29 & 30, ROLLA TOWER BUILDING, OPPOSITE ROLLA PARK, ROLLA",06-5217190,PHARMACY,25.358569,55.389538
EMIRATES EUROPEAN HOSPITAL PHARMACY,SHJ,"PLATINUM,G PLUS,GOLD,SILVER,BRONZE,BLUE,ASASI","AL QULAYA, AL ROUBA ST., ROLLA , BESIDE SHJ CO-OP SOCIETY, SHARJAH",06-5619444,PHARMACY,25.373318,55.399424
SAUDI GERMAN HOSPITAL PHARMACY - SHARJAH,SHJ,"PLATINUM,G PLUS,GOLD,SILVER,BRONZE,BLUE,ASASI","SH. MOHAMMAD BIN SAGR AL QASIMI, NEAR SHARJAH LADIES CLUB",800744823,PHARMACY,25.37729,55.4008
HALA PHARMACY LLC-BRANCH 20,SHJ,"PLATINUM,G PLUS,GOLD,SILVER,BRONZE,BLUE,ASASI","UNIT B051, SHARJAH CITY CENTRE ,",06-5226348,PHARMACY,25.340868,55.38652
THUMBAY PHARMACY LLC BRANCH 10 - SHARJAH,SHJ,"PLATINUM,G PLUS,GOLD,SILVER,BRONZE,BLUE,ASASI","AL BARAHA,AL WAHDA STREET",09-2774070,PHARMACY,25.050679,56.354336
AL AZHAR PHARMACY,SHJ,"PLATINUM,G PLUS,GOLD,SILVER,BRONZE,BLUE,ASASI","SHARJAH COOPERATIVE SOCIETY BUILDING, SAJJA INDUSTRIAL AREA NO:1",,PHARMACY,24.97198,55.170577
AL HADHAR PHARMACY L.L.C,SHJ,"PLATINUM,G PLUS,GOLD,SILVER,BRONZE,BLUE,ASASI",AL SALAM BUILDING NEAR AMBER AL MADINA SUPERMARKET AL KHAN ROAD,06-5545487,PHARMACY,25.329538,55.371895
NASSEEM AL BATAEH PHARMACY LLC (MOH1744),SHJ,"PLATINUM,G PLUS,GOLD,SILVER,BRONZE,BLUE,ASASI","SHARJA CO-OPERATIVE SOCIETY BUILDING SHARJA CO-OPERATIVE SOCIETY BUILDING, AL BATAEH",06-8833352,PHARMACY,25.330355,55.599355
MEDICINA 33 PHARMACY,SHJ,"PLATINUM,G PLUS,GOLD,SILVER,BRONZE,BLUE,ASASI",EMIRATES NATIONAL SCHOOL,06-7448476,PHARMACY,25.363172,55.571835
AL KINDI PHARMACY,SHJ,"PLATINUM,G PLUS,GOLD,SILVER,BRONZE,BLUE,ASASI",KING ABDUL AZIZ ST,06-5733177,PHARMACY,25.325892,55.43506
DUAA PHARMACY LLC,SHJ,"PLATINUM,G PLUS,GOLD,SILVER,BRONZE,BLUE,ASASI","BEHIND VEGETABLE MARKET,OLD HOSPITAL ROAD, AL DHAID",06-8822525,PHARMACY,25.289706,55.879317
THUMBAY PHARMACY LLC BRANCH 11 - SHARJAH,SHJ,"PLATINUM,G PLUS,GOLD,SILVER,BRONZE,BLUE,ASASI","ABU SHAGARA ,STREET : S116-AL WIHDA STREET",06-5356497,PHARMACY,25.339097,55.398682
RUKN AL YASMEEN PHARMACY,SHJ,"PLATINUM,G PLUS,GOLD,SILVER,BRONZE,BLUE,ASASI","GROUND FLOOR, ROLLA MALL, ROLLA",06-5238080,PHARMACY,25.358601,55.3896
AL SAMA PHARMACY LLC,SHJ,"PLATINUM,G PLUS,GOLD,SILVER,BRONZE,BLUE,ASASI","NEAR CITY BANK,ANAS BIN MUATAH STREET,GROUND FLOOR,AL QASSEMIYA,",06-5508820,PHARMACY,25.346918,55.392183
AL SANA PHARMACY,SHJ,"PLATINUM,G PLUS,GOLD,SILVER,BRONZE,BLUE,ASASI","SYED PLAZA BUILDING,AL QASSIMIYA STREET,AL MAHATTA AREA,OPP. MEGA",06-5731610,PHARMACY,25.345643,55.397371
AL TAMAM PHARMACY,SHJ,"PLATINUM,G PLUS,GOLD,SILVER,BRONZE,BLUE,ASASI","MARYAM PLAZA BUILDING,NEAR BIG BAZAR HYPER MARKET, ABUSHAGARA",06-5505995,PHARMACY,25.336481,55.400715
HEALTHCARE PHARMACY,SHJ,"PLATINUM,G PLUS,GOLD,SILVER,BRONZE,BLUE,ASASI","SHARJAH COOPERATIVE SOCIETY BUILDING,SHARAH ABOOBACKER STREET,KALBAH INDUSTRIAL AREA,",09-2772394,PHARMACY,25.096921,55.173491
NAJMAT  MUWEILAH  PHARMACY LLC,SHJ,"PLATINUM,G PLUS,GOLD,SILVER,BRONZE,BLUE,ASASI","AL WATANYAH REAL Eaddress4,MUWAILEH",06-5220260,PHARMACY,25.240583,55.307134
ISHAQ BIN OMRAN PHARMACY LLC,SHJ,"PLATINUM,G PLUS,GOLD,SILVER,BRONZE,BLUE,ASASI",SHEIKH SALEM AL QASSIMI ST. AL QARAYEN AREA,06-5180875,PHARMACY,25.300456,55.538822
HALA PHARMACY LLC BRANCH 33,SHJ,"PLATINUM,G PLUS,GOLD,SILVER,BRONZE,BLUE,ASASI","SHOP UNIT NO. 1 & 2, GOLDEN TOWER, BUHEIRAH CORNICHE",04-5610000,PHARMACY,25.341675,55.385805
HALA PHARMACY LLC BRANCH 35,SHJ,"PLATINUM,G PLUS,GOLD,SILVER,BRONZE,BLUE,ASASI","SHOP NO.1, ARAB DOCTORS SPECIALIST CENTER BUILDING, AL TAAWUN RD",04-5610000,PHARMACY,25.308839,55.37162
THUMBAY PHARMACY LLC BRANCH 12 - SHARJAH,SHJ,"PLATINUM,G PLUS,GOLD,SILVER,BRONZE,BLUE,ASASI","303 AL SHARQ STREET,OPPOSITE ADNOC PETROL PUMP-NEAR TO NMC MEDICAL CENTRE",06-5622749,PHARMACY,25.2345,55.24324
NEW MEDICAL CENTER PHARMACY LLC BRANCH 1,SHJ,"PLATINUM,G PLUS,GOLD,SILVER,BRONZE,BLUE,ASASI","KAKOOLI TOWER, NEAR BUHAIRAH STATION, AL MAJAZ",06-7410907,PHARMACY,25.320873,55.380511
AL AZHAR PHARMACY,SHJ,"PLATINUM,G PLUS,GOLD,SILVER,BRONZE,BLUE,ASASI","SHARJAH COOPERATIVE SOCIETY BUILDING, SAJJA INDUSTRIAL AREA NO:1",06-5352323,PHARMACY,25.18203,55.37597
BURJEEL SPECIALTY HOSPITAL PHARMACY,SHJ,"PLATINUM,G PLUS,GOLD,SILVER,BRONZE,BLUE,ASASI","AL FAYHA, OPP LULU HYPER MARKET",06-5075000,PHARMACY,25.3586,55.4063
HELAL KALBA PHARMACY LLC,SHJ,"PLATINUM,G PLUS,GOLD,SILVER,BRONZE,BLUE,ASASI","OPPOSITE / NEARBY- SHARJAH COOPERATIVE  SOCIETY,",09-2348668,PHARMACY,25.386726,55.463787
HALA PHARMACY LLC - BRANCH 42,SHJ,"PLATINUM,G PLUS,GOLD,SILVER,BRONZE,BLUE,ASASI","UNIT # 14 & 15, GROUND FLOOR, NESTO HYPERMARKET, BUTINA",04-5610000,PHARMACY,25.370629,55.405018
BAWABAT AL ENWAN PHARMACY LLC,SHJ,"PLATINUM,G PLUS,GOLD,SILVER,BRONZE,BLUE,ASASI","SHEIKH KHALID STREET, NEAR UNION NATIONAL BANK, KHORFAKKAN,",09-2370808,PHARMACY,25.358371,56.35008
HALA PHARMACY LLC - BRANCH 44,SHJ,"PLATINUM,G PLUS,GOLD,SILVER,BRONZE,BLUE,ASASI","UNIT 162, GROUND FLOOR, SAHARA CENTRE,",04-5610000,PHARMACY,25.298297,55.373608
HALA PHARMACY LLC - BRANCH 46,SHJ,"PLATINUM,G PLUS,GOLD,SILVER,BRONZE,BLUE,ASASI","SHOP NO. 3 , AL SHAAM TOWER, AL TAAWUN ROUNDABOUT",04-5610000,PHARMACY,25.310064,55.378929
AL ENWAN PHARMACY,SHJ,"PLATINUM,G PLUS,GOLD,SILVER,BRONZE,BLUE,ASASI","RAK BANK BUILDING BEHIND RAK BANK MEENA ROAD, DOWN MARIJAH MEDICAL CENTER, AL MARIJA ST.",06-5559111,PHARMACY,25.35444,55.383412
AL TAWAR PHARMACY,SHJ,"PLATINUM,G PLUS,GOLD,SILVER,BRONZE,BLUE,ASASI","NEXT AL AFDAL MEDICAL CENTER KING ABDUL AZIZ STREET,QASIMIYA",06-5334111,PHARMACY,25.34605,55.391983
AL ITIHAD PHARMACY,SHJ,"PLATINUM,G PLUS,GOLD,SILVER,BRONZE,BLUE,ASASI","JAMAL ABDUL NASSER STREET, AL MAJAS",06-5594767,PHARMACY,25.320778,55.385956
HALA PHARMACY LLC-BRANCH 8,SHJ,"PLATINUM,G PLUS,GOLD,SILVER,BRONZE,BLUE,ASASI","UNIT NO. MM15, GROUND FLOOR, MATAJER AL MUSALLA,",04-5610000,PHARMACY,25.34156,56.34624
HALA PHARMACY LLC - BRANCH 28,SHJ,"PLATINUM,G PLUS,GOLD,SILVER,BRONZE,BLUE,ASASI","SHOP 1, UNIT NO. 1006, OASIS MALLS",04-5610000,PHARMACY,25.349127,55.409076
HALA PHARMACY LLC - BRANCH 51,SHJ,"PLATINUM,G PLUS,GOLD,SILVER,BRONZE,BLUE,ASASI","SHOWROOM NO: 1 PLOT 236-236, AL BUHAIRA INSURANCE TOWER",04-5610000,PHARMACY,25.334226,55.388945
CITY LIFE PHARMACY LLC BRANCH SHARJAH,SHJ,"PLATINUM,G PLUS,GOLD,SILVER,BRONZE,BLUE,ASASI","SHOP 04, AL MAMZER TOWER, AL TAAWUN",04-5610000,PHARMACY,25.30516,55.36418
AL COURNICHE PHARMACY LLC,SHJ,"PLATINUM,G PLUS,GOLD,SILVER,BRONZE,BLUE,ASASI","COURNICHE PLAZA -11, OPPOSITE MARBELLA RESPORT, BOHAIRA CORNICHE,",06-5592299,PHARMACY,25.341194,55.385786
SUPER CARE PHARMACY LLC - SHJ BR - BRANCH 3,SHJ,"PLATINUM,G PLUS,GOLD,SILVER,BRONZE,BLUE,ASASI","GROUND FLOOR, ENTRANCE B, CITY CENTER AL ZAHIA, SHARJAH",06-5463247,PHARMACY,25.3173,55.4589
SUPERCARE PHARMACY SHARJAH 1,SHJ,"PLATINUM,G PLUS,GOLD,SILVER,BRONZE,BLUE,ASASI","SAHARA CENTER, AL NAHDA, SHARJAH",06-5320383,PHARMACY,25.3223,55.5136
MEDI PRIME AL MAJAZ PHARMACY LLC - BRANCH 1,SHJ,"PLATINUM,G PLUS,GOLD,SILVER,BRONZE,BLUE,ASASI","GROUND FLOOR, ZERO 6 MALL, AL JURAINAH, UNIVERSITY CITY ROAD, SHARJAH UAE",04-7070999,PHARMACY,25.290073,55.497482
SUPER CARE PHARMACY LLC - SHJ BR - BRANCH 2,SHJ,"PLATINUM,G PLUS,GOLD,SILVER,BRONZE,BLUE,ASASI","SHOP# 05, SARH AL EMARAT TOWER, AL MAJAZ 1, CORNICHE BUHAIRA STREET",06-7676696,PHARMACY,25.3363,55.3756
ALEXIS PHARMACY,SHJ,"PLATINUM,G PLUS,GOLD,SILVER,BRONZE,BLUE,ASASI","SHOP # 1,2,3, BACK SIDE OF SHARJAH UNIVERSITY STREET, MUWEILAH",06-5060397,PHARMACY,25.311968,55.446135
ALEXIS ZULEKHA PHARMACY,SHJ,"PLATINUM,G PLUS,GOLD,SILVER,BRONZE,BLUE,ASASI","NEAR ZULEKHA HOSPITAL SHARJAH, NASSERYA",06-5060197,PHARMACY,25.367394,55.401265
ZULEKHA PHARMACY LLC - SOLE PROPRIETORSHIP,SHJ,"PLATINUM,G PLUS,GOLD,SILVER,BRONZE,BLUE,ASASI","GROUND FLOOR, THE GATE TOWER BUILDING, AL KHAN",06-5060498,PHARMACY,25.313631,55.369182
NEW BIN SINA PHARMACY (SHARJAH),SHJ,"PLATINUM,G PLUS,GOLD,SILVER,BRONZE,BLUE,ASASI",MEGA MALL,06-5744066,PHARMACY,25.3451,55.398783
GRAND BIN SINA PHARMACY,SHJ,"PLATINUM,G PLUS,GOLD,SILVER,BRONZE,BLUE,ASASI",BUHAIRA CORNICHE,06-5567662,PHARMACY,25.340617,55.386
HEALTH FIRST PHARMACY BR-3,SHJ,"PLATINUM,G PLUS,GOLD,SILVER,BRONZE,BLUE,ASASI","AL MAHA BLDG,AL TAWUN ST",06-5627020,PHARMACY,25.338116,55.388817
MASAFI PHARMACY,SHJ,"PLATINUM,G PLUS,GOLD,SILVER,BRONZE,BLUE,ASASI",AL WAHDA STREET,06-5732221,PHARMACY,25.343083,55.404317
HEALTH FIRST PHARMACY BR 2,SHJ,"PLATINUM,G PLUS,GOLD,SILVER,BRONZE,BLUE,ASASI",AL WAHDA STREET,06-5336128,PHARMACY,25.317233,55.385433
HEALTH FIRST PHARMACY BRANCH 4,SHJ,"PLATINUM,G PLUS,GOLD,SILVER,BRONZE,BLUE,ASASI",MATAJER MALL,06-5534225,PHARMACY,25.296783,55.48965
NEW MEDICAL CENTRE PHARMACY NMC SHARJAH,SHJ,"PLATINUM,G PLUS,GOLD,SILVER,BRONZE,BLUE,ASASI",BUHAIRA CORNICHE,06-5974180,PHARMACY,25.342783,55.385817
CENTRAL PRIVATE HOSPITAL PHARMACY,SHJ,"PLATINUM,G PLUS,GOLD,SILVER,BRONZE,BLUE,ASASI","CLOCK TOWER, SHEIKH ZAYED STREET",06 5639900,PHARMACY,25.361071,55.398162
AL NUZHA  PHARMACY,SHJ,"PLATINUM,G PLUS,GOLD,SILVER,BRONZE,BLUE,ASASI",CORNICHE AL BUHAIRA,06-5454282,PHARMACY,25.333867,55.37555
UNIVERSITY HOSPITAL SHARJAH PHARMACY,SHJ,"PLATINUM,G PLUS,GOLD,SILVER,BRONZE,BLUE,ASASI",UNIVERSITY AIRPORT ROAD,06-5058555,PHARMACY,25.299533,55.489617
AL MUSSALA PHARMACY,AJM,"PLATINUM,G PLUS,GOLD,SILVER,BRONZE,BLUE,ASASI","AL BUSTAN,AL MUSALLA SOUQ,",06-7421271,PHARMACY,25.410945,55.444414
METRO MEDS PHARMACY-LLC,AJM,"PLATINUM,G PLUS,GOLD,SILVER,BRONZE,BLUE,ASASI",AL NUAIMIA,06-7469692,PHARMACY,25.3895,55.462333
AJMAN SPECIALTY HOSPITAL PHARMACY,AJM,"PLATINUM,G PLUS,GOLD,SILVER,BRONZE,BLUE,ASASI","AL HAMIDYEA ST,INDUSTRIAL AREA,",06-7052256,PHARMACY,25.392965,55.481785
AL BUSTAN PHARMACY (AJMAN),AJM,"PLATINUM,G PLUS,GOLD,SILVER,BRONZE,BLUE,ASASI","OPP MADINA POLICE STATION,AL BUSTAN",06-7447969,PHARMACY,25.409414,55.447058
AL SHIFA PHARMACY (AJMAN),AJM,"PLATINUM,G PLUS,GOLD,SILVER,BRONZE,BLUE,ASASI",NEW INDUSTRIAL AREA AL ZAHRA,06-7481477,PHARMACY,25.398938,55.442515
EMIRATES PHARMACY,AJM,"PLATINUM,G PLUS,GOLD,SILVER,BRONZE,BLUE,ASASI",OPP KUWAIT HOSPITAL,06-7474900,PHARMACY,25.407924,55.443711
AL KHALEEJ PHARMACY (AJMAN),AJM,"PLATINUM,G PLUS,GOLD,SILVER,BRONZE,BLUE,ASASI","ST#13,AL QUDS ROAD,AL SAWAN,",06-7444189,PHARMACY,25.403331,55.442091
AL BUSTAN PHARMACY,AJM,"PLATINUM,G PLUS,GOLD,SILVER,BRONZE,BLUE,ASASI",Near Lucky Cent,06-7447969,PHARMACY,24.406483,54.601918
ALAM PHARMACY MEDICOM - 18,AJM,"PLATINUM,G PLUS,GOLD,SILVER,BRONZE,BLUE,ASASI",SAFEER  MALL,06-7464665,PHARMACY,25.390074,55.444905
ASTER PHARMACY (AJMAN),AJM,"PLATINUM,G PLUS,GOLD,SILVER,BRONZE,BLUE,ASASI","RASHIDIYA, AJMAN CO-OP",06-7496363,PHARMACY,25.393813,55.45492
GRAND PHARMACY,AJM,"PLATINUM,G PLUS,GOLD,SILVER,BRONZE,BLUE,ASASI",DANA PLAZA COMPLEX,06-7444840,PHARMACY,25.394467,55.427583
NEW GRAND PHARMACY,AJM,"PLATINUM,G PLUS,GOLD,SILVER,BRONZE,BLUE,ASASI","AL NUAIMIYAH, KING FAISAL ROAD",06-7412588,PHARMACY,25.410633,55.50285
AL MAMOORA PHARMACY ((CLOSED TEMPORARILY UNTIL FURTHER NOTICE DUE TO OWNERSHIP CHANGE _15072024)),AJM,"PLATINUM,G PLUS,GOLD,SILVER,BRONZE,BLUE,ASASI","RASHID BIN HUMAID ST,OPP.ZAIN MART",06-7426383,PHARMACY,25.403551,55.439758
FIRST CARE PHARMACY,AJM,"PLATINUM,G PLUS,GOLD,SILVER,BRONZE,BLUE,ASASI",NEAR AL NUAIMIA POLICE STATION,06-7469831,PHARMACY,25.402424,55.492605
MEDICOM PHARMACY 27,AJM,"PLATINUM,G PLUS,GOLD,SILVER,BRONZE,BLUE,ASASI","SHEIKH KHALEEFA STREET,SHOP NO.1, A",06-7412013,PHARMACY,25.38845,55.4613
LULU PHARMACY L.L.C,AJM,"PLATINUM,G PLUS,GOLD,SILVER,BRONZE,BLUE,ASASI",AL BUSTAN,06-7457771,PHARMACY,25.406983,55.4441
SUPERCARE PHARMACY AJMAN,AJM,"PLATINUM,G PLUS,GOLD,SILVER,BRONZE,BLUE,ASASI",AL JURF,06-7497255,PHARMACY,25.3994,55.502667
AL HEKMAH PHARMACY LLC,AJM,"PLATINUM,G PLUS,GOLD,SILVER,BRONZE,BLUE,ASASI","KUWAIT ST, ALONG NUAIMIYA TOWER",06-7466689,PHARMACY,25.367917,55.413967
LAMYA PHARMACY,AJM,"PLATINUM,G PLUS,GOLD,SILVER,BRONZE,BLUE,ASASI",RASHIDIYA  NEAR  LADIES PARK,06-7452230,PHARMACY,25.3936,55.440033
MODERN PHARMACY(AJMAN),AJM,"PLATINUM,G PLUS,GOLD,SILVER,BRONZE,BLUE,ASASI",AJMAN CITY CENTRE,06-7480066,PHARMACY,25.399723,55.47861
AL EMAN PHARMACY AJMAN,AJM,"PLATINUM,G PLUS,GOLD,SILVER,BRONZE,BLUE,ASASI","SHEIK KHALIFABIN ZAYED ST,NUAIMIYAH",06-7466407,PHARMACY,25.392168,55.433363
AL SAQER PHARMACY,AJM,"PLATINUM,G PLUS,GOLD,SILVER,BRONZE,BLUE,ASASI",AL MUSALLA BLDG,06-7488329,PHARMACY,25.410946,55.444395
ACCESS PHARMACY - AJMAN,AJM,"PLATINUM,G PLUS,GOLD,SILVER,BRONZE,BLUE,ASASI",HARAMAIN SOUQ NEW INDUSTIAL AREA,06-7462011,PHARMACY,25.381998,55.468424
DAJLA PHARMACY,AJM,"PLATINUM,G PLUS,GOLD,SILVER,BRONZE,BLUE,ASASI","AL NASSER BUILDING, OPP. SHARJAH CO",06-7466704,PHARMACY,25.388752,55.436168
AMINA HOSPITAL PHARAMCY LLC,AJM,"PLATINUM,G PLUS,GOLD,SILVER,BRONZE,BLUE,ASASI","SHAIK RASHID BIN HUMEED ST, AL QUD",06-7114493,PHARMACY,25.403987,55.441535
THUMBAY HOSPITAL PHARMACY,AJM,"PLATINUM,G PLUS,GOLD,SILVER,BRONZE,BLUE,ASASI",SHEIKH ZAYED ROAD,06-7403494,PHARMACY,25.382639,55.462325
DEAR HEALTH PHARMACY,AJM,"PLATINUM,G PLUS,GOLD,SILVER,BRONZE,BLUE,ASASI","BEHIND RAMADA HOTEL,BLACK SQUARE",06-7471335,PHARMACY,25.390518,55.463497
OZONE PHARMACY LLC,AJM,"PLATINUM,G PLUS,GOLD,SILVER,BRONZE,BLUE,ASASI","VILLA NO7,AL RUMAILA -3,AL RUMAILA",06-7410112,PHARMACY,25.395734,55.426374
29 MEDICINA PHARMACY,AJM,"PLATINUM,G PLUS,GOLD,SILVER,BRONZE,BLUE,ASASI","AJMAN UNION CO-OP, AL RUMAILAH",06-7472207,PHARMACY,25.400345,55.435073
MEDICINA PHARMACY AJMAN,AJM,"PLATINUM,G PLUS,GOLD,SILVER,BRONZE,BLUE,ASASI","NUAIMIA TOWERS, KUWAIT STREET,",06-7313042,PHARMACY,25.38614,55.46199
THUMBAY PHARMACY 4,AJM,"PLATINUM,G PLUS,GOLD,SILVER,BRONZE,BLUE,ASASI",E11 - AL ETTEHAD STREET,06-7463333,PHARMACY,25.399191,55.451996
AL ELAJ PHARMACY LLC,AJM,"PLATINUM,G PLUS,GOLD,SILVER,BRONZE,BLUE,ASASI","UNION BANK BUILDING , RUMAILAH - 3",06-7472601,PHARMACY,25.394567,55.472408
AL NAHRAIN PHARMACY,AJM,"PLATINUM,G PLUS,GOLD,SILVER,BRONZE,BLUE,ASASI","SKY TOWER SHOP #2,SHEIK KHALIFA STR",06-7449144,PHARMACY,25.38995,55.451343
AL AFDHAL PHARMACY,AJM,"PLATINUM,G PLUS,GOLD,SILVER,BRONZE,BLUE,ASASI","AJMAN CO-OPERATIVE SOCIETY,JURF",06-7311318,PHARMACY,25.360647,55.390426
THUMBAY PHARMACY 1,AJM,"PLATINUM,G PLUS,GOLD,SILVER,BRONZE,BLUE,ASASI","AL ITTIHAD STREET,",06-7453771,PHARMACY,25.399204,55.450853
LIFE PHARMACY,AJM,"PLATINUM,G PLUS,GOLD,SILVER,BRONZE,BLUE,ASASI","AL MANAMA HYPERMARKETS,AL RAMILA RO",06-7444331,PHARMACY,25.40657,55.442412
THUMBAY PHARMACY 2,AJM,"PLATINUM,G PLUS,GOLD,SILVER,BRONZE,BLUE,ASASI",SHARA SHEIKH SAYEED ROAD,06-7051594,PHARMACY,25.385649,55.46604
THUMBAY PHARMACY 15,AJM,"PLATINUM,G PLUS,GOLD,SILVER,BRONZE,BLUE,ASASI",SHEIKH MAKTOUM BIN RASHID ST,06-7450762,PHARMACY,25.393403,55.432604
THUMBAY PHARMACY,AJM,"PLATINUM,G PLUS,GOLD,SILVER,BRONZE,BLUE,ASASI",AL NAKHEEL AREA-NEAR CHAMBER OF COM,06-7470701,PHARMACY,25.384283,55.461662
AL RAHA PHARMACY,AJM,"PLATINUM,G PLUS,GOLD,SILVER,BRONZE,BLUE,ASASI","NUAIMIYA , NEW INDUSTRIAL AREA",06-7407560,PHARMACY,25.37896,55.4577
ZIYAN PHARMACY,AJM,"PLATINUM,G PLUS,GOLD,SILVER,BRONZE,BLUE,ASASI","BIN HAMOODAH BUILDING, AL BADR STREET BESIDE ADCB BANK",06-7477388,PHARMACY,25.411607,55.442309
MEDI PRIME PHARMACY AJM -LLC,AJM,"PLATINUM,G PLUS,GOLD,SILVER,BRONZE,BLUE,ASASI","GRAND MALL, SHEIKH KHALIFA BIN ZAYED STREET,",04-6079874,PHARMACY,25.392307,55.43906
AL TAYEB PHARMACY,AJM,"PLATINUM,G PLUS,GOLD,SILVER,BRONZE,BLUE,ASASI","OLD TRADE CENTRE BUILDING , RASHID BIN HUMAID STREET",06-7449330,PHARMACY,25.410853,55.443617
NORTHERN AL AHLIAH PHARMACY,AJM,"PLATINUM,G PLUS,GOLD,SILVER,BRONZE,BLUE,ASASI","BEHIND GENERAL POST OFFICE, AL BUSTAN,",06-7401876,PHARMACY,25.408389,55.444148
AL ZORA PHARMACY,AJM,"PLATINUM,G PLUS,GOLD,SILVER,BRONZE,BLUE,ASASI","SHEIKH RASHID BIN ABDUL AZIZ STREET ,",06-7423654,PHARMACY,25.405422,55.445038
DR. ALI PHARMACY,AJM,"PLATINUM,G PLUS,GOLD,SILVER,BRONZE,BLUE,ASASI",SHEIKH RASHID BIN ABDUL AZIZ STREET,06-7403530,PHARMACY,25.441102,55.548148
THUMBAY PHARMACY - 5,AJM,"PLATINUM,G PLUS,GOLD,SILVER,BRONZE,BLUE,ASASI",AL ITTIHAD BUILDING(PREVIOUSLY HUMAN APPEAL BUILDING) BADER ST.,06-7454883,PHARMACY,25.393524,55.432598
THUMBAY PHARMACY 14,AJM,"PLATINUM,G PLUS,GOLD,SILVER,BRONZE,BLUE,ASASI","BADER STREET, NEAR LADIES PARK, RASHIDIYA-2",06 7475091,PHARMACY,25.402215,55.44379
ALAIN PHARMACY CENTREL.L.C,AJM,"PLATINUM,G PLUS,GOLD,SILVER,BRONZE,BLUE,ASASI","HYPERMARKET BUILDING,AL NUIMIA",06-7442542,PHARMACY,25.379971,55.458774
ALYA PHARMACY LLC,AJM,"PLATINUM,G PLUS,GOLD,SILVER,BRONZE,BLUE,ASASI","SULTAN BUILDING,RAWDHA-3,GROUND FLOOR, SHOP-5,",06-7317878,PHARMACY,25.38987,55.50571
AL SEHA PHARMACY LLC,AJM,"PLATINUM,G PLUS,GOLD,SILVER,BRONZE,BLUE,ASASI","IBRAHIM KHALIFA BUILDING,AL QUDS STREET, GROUND FLOOR",06-7457887,PHARMACY,25.404972,55.441208
BIN BAKHEET PHARMACY,AJM,"PLATINUM,G PLUS,GOLD,SILVER,BRONZE,BLUE,ASASI",SHOP 3 DANAT BUILDING,06-7314111,PHARMACY,25.388496,55.478673
MEDICINE HOME PHARMACY LLC,AJM,"PLATINUM,G PLUS,GOLD,SILVER,BRONZE,BLUE,ASASI","SHOP NO.06 AL ZAHHRA BUILDING, NEW INDUSTRIAL AREA",06-7485290,PHARMACY,25.382411,55.495214
AL OMAIR PHARMACY LLC,AJM,"PLATINUM,G PLUS,GOLD,SILVER,BRONZE,BLUE,ASASI","TURAS BUILDING,RASHDIYA-3,AJMAN",06-7651477,PHARMACY,25.405429,55.44443
SHAMS PHARMACY,AJM,"PLATINUM,G PLUS,GOLD,SILVER,BRONZE,BLUE,ASASI","NEW INDUSTRIAL AREA, SANAIYA ROAD",06-7484437,PHARMACY,25.3759,55.475
ARABIAN PHARMACY - AJMAN,AJM,"PLATINUM,G PLUS,GOLD,SILVER,BRONZE,BLUE,ASASI","SHEIKH AMMAR BIN HUMAID ST.NEAR TRAFIC & LICENEC DEPARTMENT , AL JURUF",06-7417887,PHARMACY,25.397,55.5228
GRAND EMIRATES PHARMACY -AJMAN,AJM,"PLATINUM,G PLUS,GOLD,SILVER,BRONZE,BLUE,ASASI",M/S MAJELAN AL MADEENA HYPER MARKET,06-7479715,PHARMACY,25.412256,55.908106
RIGHT HEALTH PHARMACY JURF LLC,AJM,"PLATINUM,G PLUS,GOLD,SILVER,BRONZE,BLUE,ASASI",JURF INDUSTRIAL ZONE 2,06-7494969,PHARMACY,25.26241,55.32463
NEW SANAIYA PHARMACY,AJM,"PLATINUM,G PLUS,GOLD,SILVER,BRONZE,BLUE,ASASI","NEW SANAIYA INDUSTRIAL AREA, NEAR SUN CITY SUPERMARKET",06-7434034,PHARMACY,25.22431,55.28211
AL NAJEM PHARMACY,AJM,"PLATINUM,G PLUS,GOLD,SILVER,BRONZE,BLUE,ASASI",EXHIBITION - SHOWROOM NO: 9 AJMAN NEW INDUSTRIAL AREA 2,06-7468070,PHARMACY,25.375262,55.465924
KHALIDHA PHARMACY-L.L.C,AJM,"PLATINUM,G PLUS,GOLD,SILVER,BRONZE,BLUE,ASASI","KHALID BUILDING,OPP: AJMAN ACADEMY, AL MOWAIHAT-2",06-5442661,PHARMACY,25.151626,55.243159
METRO PHARMACY,AJM,"PLATINUM,G PLUS,GOLD,SILVER,BRONZE,BLUE,ASASI","TECTON PLAZA BUILDING,INDUSTRIAL AREA 3,NEAR CIVIL DEFENSE, AL JURF.",06-7469664,PHARMACY,25.388842,55.459469
NEW MEDICAL CENTRE PHARMACY BR,AJM,"PLATINUM,G PLUS,GOLD,SILVER,BRONZE,BLUE,ASASI","NMC MEDICAL CENTRE BLDG., NEAR SAFEER MARKET, SAMHA PLAZA, RASHIDIYA,",06-7147600,PHARMACY,25.392563,55.458635
THUMBAY PHARMACY -13,AJM,"PLATINUM,G PLUS,GOLD,SILVER,BRONZE,BLUE,ASASI","NAUMIYEAH-1, BEHIND OLD SOUQ AL MARKAZI,KUWAIT STREET",06-7319494,PHARMACY,25.387316,55.469343
THUMBAY PHARMACY 18,AJM,"PLATINUM,G PLUS,GOLD,SILVER,BRONZE,BLUE,ASASI","THUMBAY MEDICITY , AL JURF 1,RASHID AL KHADAR ST /UNIVERSITY ST",06-7119111,PHARMACY,25.418633,55.501217
SANA PHARMACY LLC (AJMAN),AJM,"PLATINUM,G PLUS,GOLD,SILVER,BRONZE,BLUE,ASASI","SQUARE BUILDING, NEAR BLACK RAMADA HOTEL,BELOW MINISTRY OF HEALTH,SHEIK RASHID BIN SYED STREET,RASHI",06-7316973,PHARMACY,25.350016,55.395585
AL FATAH PHARMACY LLC,AJM,"PLATINUM,G PLUS,GOLD,SILVER,BRONZE,BLUE,ASASI",RAWDHA-3 MOWEIHAT SHEIKH AMMAR STREET NEAR OXYGEN BURGER,06-7467975,PHARMACY,25.386481,55.507839
RIGHT HEALTH PHARMACY JURF2,AJM,"PLATINUM,G PLUS,GOLD,SILVER,BRONZE,BLUE,ASASI",SHOP NO 2 JURF INDUSTRIAL ZONE 2,06-7404141,PHARMACY,25.24591,55.29031
SAUDI GERMAN HOSPITAL PHARMACY - AJMAN,AJM,"PLATINUM,G PLUS,GOLD,SILVER,BRONZE,BLUE,ASASI","SHEIKH AMMAR BIN HUMAID STREET BESIDES CUCA CITY UNIVERSITY COLLEGE OF, AL T",800744823,PHARMACY,25.367704,55.509595
PHARMACY AHALIA,AJM,"PLATINUM,G PLUS,GOLD,SILVER,BRONZE,BLUE,ASASI","NEAR EMIRATES MARKET, ASYAD TOWER, AL ITTIHAD STREET",06-7679587,PHARMACY,25.387083,55.468754
HALA PHARMACY LLC - BRANCH 01,AJM,"PLATINUM,G PLUS,GOLD,SILVER,BRONZE,BLUE,ASASI","UNIT NO:58, GROUND FLOOR, ENTRANCE D, AJMAN CITY CENTRE,",04-5610000,PHARMACY,25.400085,55.479774
THUMBAY UNIVERSITY HOSPITAL COMPLEX PHARMACY,AJM,"PLATINUM,G PLUS,GOLD,SILVER,BRONZE,BLUE,ASASI","THUMBAY MEDICITY, BEHIND SHEIKH KHALIFA HOSPITAL, AL JURF",06-7030555,PHARMACY,25.4175,55.4997
RASHID CENTER FOR DIABETES AND RESEARCH PHARMACY,AJM,"PLATINUM,G PLUS,GOLD,SILVER,BRONZE,BLUE,ASASI","UNIVERSITY STREET, NEAR CITY CENTER AJMAN, AL JURF 1",06-7117553,PHARMACY,25.416661,55.494999
SHEIKH KHALIFA HOSPITAL PHARMACY,AJM,"PLATINUM,G PLUS,GOLD,SILVER,BRONZE,BLUE,ASASI","UNIVERSITY STREET, NEAR CITY CENTER AJMAN, AL JURF 1",06-7117777,PHARMACY,25.414422,55.497797
SHEIKH KHALIFA HOSPITAL MASFOUT PHARMACY,AJM,"PLATINUM,G PLUS,GOLD,SILVER,BRONZE,BLUE,ASASI","NEAR MASJID OBAID AL SHAALI, SAYH MUDAYRAH",06-7117777,PHARMACY,24.821207,56.074132
SHEIKH KHALIFA MATERNITY AND PEDIATRIC HOSPITAL PHARMACY,AJM,"PLATINUM,G PLUS,GOLD,SILVER,BRONZE,BLUE,ASASI","UNIVERSITY STREET, NEAR CITY CENTER AJMAN, AL JURF 1",06-7117553,PHARMACY,25.417422,55.496079
ASTER PHARMACY 154 (BR OF ASTER PHARMACIES GROUP LLC),AJM,"PLATINUM,G PLUS,GOLD,SILVER,BRONZE,BLUE,ASASI","AL AQAR TOWER 3, SHOP NO -27, RUMAILA-3, AJMAN CORNICHE,",06-7314840,PHARMACY,25.404793,55.430275
AL ISRA PHARMACY L.L.C,AJM,"PLATINUM,G PLUS,GOLD,SILVER,BRONZE,BLUE,ASASI","AL SALAM ST, RAWDHA 3",06-7673557,PHARMACY,25.23164,55.29442
ELAJ MEDICAL CENTRE PHARMACY LLC,AJM,"PLATINUM,G PLUS,GOLD,SILVER,BRONZE,BLUE,ASASI","RUMAILAH3,SHAIKH RASHID BIN HUMAID ROAD,OPPOSITE AJMAN ONE TOWER,",06-7466300,PHARMACY,25.395848,55.429006
HALA PHARMACY LLC - BRANCH 49,AJM,"PLATINUM,G PLUS,GOLD,SILVER,BRONZE,BLUE,ASASI","SHOP NO. 3, RUMAILA, AL SHORAFA TOWER 2,",04-5610000,PHARMACY,25.40433,55.43508
JABAL SINA PHARMACY LLC,AJM,"PLATINUM,G PLUS,GOLD,SILVER,BRONZE,BLUE,ASASI","GROUND FLOOR, ESCAPE TOWER, SHEIKH RASHID BIN HUMAID STREET",06-7402255,PHARMACY,25.403039,55.439448
AL ADIL PHARMACY LLC,AJM,"PLATINUM,G PLUS,GOLD,SILVER,BRONZE,BLUE,ASASI","SHOP NO.4, AL JURF, BESIDE AJMAN MUROOR, NEAR AJMAN UNIVERSITY,AL JURF",06-7450755,PHARMACY,25.403,55.4918
HALA PHARMACY LLC- BRANCH 50,AJM,"PLATINUM,G PLUS,GOLD,SILVER,BRONZE,BLUE,ASASI","PLOT NO: 1133, MARWA BUILDING, RAWDA 2, SOUTHERN SECTOR, AL ZAHRA AREA",04-5610000,PHARMACY,25.39099,55.51152
LIFE PHARMACY LLC BRANCH 62,AJM,"PLATINUM,G PLUS,GOLD,SILVER,BRONZE,BLUE,ASASI","SHOP NO:1, 2 & 4, AL ARYAM TOWER, PLOT NO: 0191, NUEIMIA",04-5610000,PHARMACY,25.38604,55.44994
ASTER PHARMACY 159 BR OF ASTER PHARMACIES GROUP LLC,AJM,"PLATINUM,G PLUS,GOLD,SILVER,BRONZE,BLUE,ASASI","SHOP NO.5, AL MANAR TOWER, OPPOSITE HYUNDAI SHOWROOM, CORNICHE ROAD, RASHIDIYA 3",06-7453226,PHARMACY,25.398493,55.432556
ASTER PHARMACY 163 BR OF ASTER PHARMACIES GROUP LLC,AJM,"PLATINUM,G PLUS,GOLD,SILVER,BRONZE,BLUE,ASASI","SHOP NO.7, NESTO HYPERMARKET, AL IMAM AL SHAFEE STREET, HAMIDIYA 1, HAMIDIYA,",06-5461822,PHARMACY,25.410512,55.51793
SUPERCARE PHARMACY LLC BRANCH 1,AJM,"PLATINUM,G PLUS,GOLD,SILVER,BRONZE,BLUE,ASASI","SHOP# A11A, GROUND FLOOR, OPPOSITE CARREFOUR, AJMAN CITY CENTER,",06-7408410,PHARMACY,25.3667,55.578
MAWJOOD PHARMACY L.L.C,AJM,"PLATINUM,G PLUS,GOLD,SILVER,BRONZE,BLUE,ASASI","AYISHA MAHMOOD BUILDING, OPP. AMINA HOSPITAL, AL QUDS ROAD",06-7429030,PHARMACY,25.4041,55.439417
AL NEEM PHARMACY L.L.C,AJM,"PLATINUM,G PLUS,GOLD,SILVER,BRONZE,BLUE,ASASI","NEAR SUBWAY RESTAURANT, AL ZAHRA STREET,",06-7488207,PHARMACY,25.387985,55.50635
LIFE PHARMACY 28 BR OF LIFE PHARMACY LLC,AJM,"PLATINUM,G PLUS,GOLD,SILVER,BRONZE,BLUE,ASASI","SHOP NO. 1 & 2, SHAMEKHA BUILDING, PLOT NO. 0024, NUAIMEYA 3",04-5610000,PHARMACY,25.38902,55.43571
LIFE PHARMACY 32 BR OF LIFE PHARMACY LLC,AJM,"PLATINUM,G PLUS,GOLD,SILVER,BRONZE,BLUE,ASASI","SHOP GF 5&6, NESTO HYPERMARKET, AL TALLAH,",04-5610000,PHARMACY,25.37677,55.51233
HALA PHARMACY BR 54,AJM,"PLATINUM,G PLUS,GOLD,SILVER,BRONZE,BLUE,ASASI","SHOP NO: 4 & 5, EMARATS MARKET",04-5610000,PHARMACY,25.34807,55.45322
ELAJ MEDICAL CENTRE PHARMACY L.L.C - 01,AJM,"PLATINUM,G PLUS,GOLD,SILVER,BRONZE,BLUE,ASASI",AL NAUMIA 37 COLLEGE STREET 372164,06-5460005,PHARMACY,25.231631,55.264513
AL ZAHRAWI PHARMACY,RAK,"PLATINUM,G PLUS,GOLD,SILVER,BRONZE,BLUE,ASASI","OMAN ROAD, SHEIKH SAUD BUILDING",07-2289544,PHARMACY,25.799548,55.975194
AL NAKHEEL PHARMACY,RAK,"PLATINUM,G PLUS,GOLD,SILVER,BRONZE,BLUE,ASASI",AL NAKHEEL MARKET,07-2226821,PHARMACY,25.797194,55.974448
INDIAN PHARMACY,RAK,"PLATINUM,G PLUS,GOLD,SILVER,BRONZE,BLUE,ASASI",SALEM AL QUASMI ROAD,07-2333951,PHARMACY,25.791667,55.946967
MEDICAL CENTRE PHARMACY,RAK,"PLATINUM,G PLUS,GOLD,SILVER,BRONZE,BLUE,ASASI",MOHD. BIN SALEM STREET,07-2337544,PHARMACY,25.783167,55.93745
AL SUWAIDI PHARMACY,RAK,"PLATINUM,G PLUS,GOLD,SILVER,BRONZE,BLUE,ASASI",NAKHEEL MARKET,07-2228111,PHARMACY,25.7885,55.970933
NMC ROYAL PHARMACY,RAK,"PLATINUM,G PLUS,GOLD,SILVER,BRONZE,BLUE,ASASI",QAWASIM CORNICHE ROAD,07-2332831,PHARMACY,25.790642,55.450389
AL JISR PHARMACY,RAK,"PLATINUM,G PLUS,GOLD,SILVER,BRONZE,BLUE,ASASI","NEAR RED CRESCENT BULDING,SIDROH",07-2236213,PHARMACY,25.792492,55.949321
AL LULU RAK PHARMACY LLC,RAK,"PLATINUM,G PLUS,GOLD,SILVER,BRONZE,BLUE,ASASI","LULU HYPERMARKET,",07-2264393,PHARMACY,25.772047,55.959696
AL HSAYAT PHARMACY,RAK,"PLATINUM,G PLUS,GOLD,SILVER,BRONZE,BLUE,ASASI",AL MUNTASSER ST. AL NAKHEEL,07-2277002,PHARMACY,25.785053,55.965704
AL MANARA PHARMACY,RAK,"PLATINUM,G PLUS,GOLD,SILVER,BRONZE,BLUE,ASASI",kornich alkhaim,04-3232 813,PHARMACY,25.783882,55.943219
RAK HOSPITAL PHARMACY,RAK,"PLATINUM,G PLUS,GOLD,SILVER,BRONZE,BLUE,ASASI",AL- QUSAIDAT,07-2074444,PHARMACY,25.768517,55.976233
NOORA PHARMACY,RAK,"PLATINUM,G PLUS,GOLD,SILVER,BRONZE,BLUE,ASASI","OPPOSITE TO CARREFOUR, AL MUNTASIR",07-2338869,PHARMACY,25.777724,55.967329
AL HUDA PHARMACY,RAK,"PLATINUM,G PLUS,GOLD,SILVER,BRONZE,BLUE,ASASI","AL MUNTASIR RD,AL NAKHEEL",07-2276161,PHARMACY,25.797434,55.971819
EMIRATES PHARMACY,RAK,"PLATINUM,G PLUS,GOLD,SILVER,BRONZE,BLUE,ASASI","OPP DIB, AL NAKHEEL",07-2283363,PHARMACY,25.796486,55.972303
AL IMAN PHARMACY LLC,RAK,"PLATINUM,G PLUS,GOLD,SILVER,BRONZE,BLUE,ASASI","NEAR AL KHARAN ROUNDABOUT,AIRPORT R",07-2441204,PHARMACY,25.713114,55.972374
AHLAN PHARMACY,RAK,"PLATINUM,G PLUS,GOLD,SILVER,BRONZE,BLUE,ASASI",OPP. INDIAN ASSOCIATION,07-2288857,PHARMACY,25.810151,55.9793
SHIFA AL JAZEERA PHARMACY,RAK,"PLATINUM,G PLUS,GOLD,SILVER,BRONZE,BLUE,ASASI","AL NAKHEEL ,OMAN ST",07-2211126,PHARMACY,25.799,55.97616
SHEIKH KHALIFA SPECIALTY HOSPITAL PHARMACY,RAK,"PLATINUM,G PLUS,GOLD,SILVER,BRONZE,BLUE,ASASI",AL SHOHADAA ROAD,07-2444444,PHARMACY,25.62396,55.84113
HEALTH FIRST PHARMACY 50,RAK,"PLATINUM,G PLUS,GOLD,SILVER,BRONZE,BLUE,ASASI","SH.AHMED SAGAR BLG,NADIYA,RAK BANK",07-2358018,PHARMACY,25.760733,55.915805
ASTER PHARMACIES GROUP LLC- BRANCH 1,RAK,"PLATINUM,G PLUS,GOLD,SILVER,BRONZE,BLUE,ASASI","AL MATAF ROAD, JULAN,",07-2681224,PHARMACY,25.725369,55.972977
MEDICINA PHARMACY 27,RAK,"PLATINUM,G PLUS,GOLD,SILVER,BRONZE,BLUE,ASASI","SAFEER MARKET, AL QAWASIM CORNICHE,",07-2332580,PHARMACY,25.778407,55.937973
HALA PHARMACY21,RAK,"PLATINUM,G PLUS,GOLD,SILVER,BRONZE,BLUE,ASASI","SHEIKH MUHAMMAD BIN SALEM ROAD,AL N",07-2276443,PHARMACY,25.760543,55.915573
HALA PHARMACY22 (RAK),RAK,"PLATINUM,G PLUS,GOLD,SILVER,BRONZE,BLUE,ASASI","SHEIKH RASHID BIN SAEED ROAD ,AL KH",07-2439402,PHARMACY,25.731853,55.95456
THUMBAY PHARMACY 7,RAK,"PLATINUM,G PLUS,GOLD,SILVER,BRONZE,BLUE,ASASI","AL JAZA STREET ,  AL NAKHEEL",07-2267190,PHARMACY,25.795933,55.969429
THUMBAY PHARMACY 11,RAK,"PLATINUM,G PLUS,GOLD,SILVER,BRONZE,BLUE,ASASI",AL MUNTASIR STREET AL NAKHEEL,07-2339440,PHARMACY,25.790538,55.97011
HEALTH FIRST PHARMACY 53,RAK,"PLATINUM,G PLUS,GOLD,SILVER,BRONZE,BLUE,ASASI","BAB AL BAHAR,YAKOUT BUILDING,OPPOSITE",07-2435406,PHARMACY,25.875478,56.028589
RETAJ PHARMACY LLC,RAK,"PLATINUM,G PLUS,GOLD,SILVER,BRONZE,BLUE,ASASI","NEAR KFC, SHEIKH MOHAMMED BIN SALEM RD., AL DHAIT SOUTH,",07-2277726,PHARMACY,25.754111,55.911204
AL MANARA PHARMACY,RAK,"PLATINUM,G PLUS,GOLD,SILVER,BRONZE,BLUE,ASASI",kornich alkhaim,04-3232813,PHARMACY,24.491345,54.360859
EMIRATES DUBAI PHARMACY LLC - RAK BRANCH,RAK,"PLATINUM,G PLUS,GOLD,SILVER,BRONZE,BLUE,ASASI","JULPHAR BUSINESS TOWER - 1ST FLOOR, AL HINS ROAD, RAS AL KHAIMA",07-2037744,PHARMACY,25.79151,55.95986
HALA PHARMACY 23,RAK,"PLATINUM,G PLUS,GOLD,SILVER,BRONZE,BLUE,ASASI","UNIT B11, MY CITY CENTRE, AL DHAID,",07-2355984,PHARMACY,25.728575,55.920194
RAS AL KHAIMAH GHALILA PHARMACY,RAK,"PLATINUM,G PLUS,GOLD,SILVER,BRONZE,BLUE,ASASI","AHMED LAHA BUILDING GROUND FLOOR, BESIDE RAK MEDICAL CENTER GHALILLA",07-2334950,PHARMACY,25.974059,56.076639
RAS AL KHAIMAH AL JAZIRA AL HAMRA PHARMACY,RAK,"PLATINUM,G PLUS,GOLD,SILVER,BRONZE,BLUE,ASASI","B1 GF,BEHIND RAK CERMICS, AL JAZEERA AL HAMRA",07-2432249,PHARMACY,25.697809,55.781945
HALA PHARMACY 25,RAK,"PLATINUM,G PLUS,GOLD,SILVER,BRONZE,BLUE,ASASI","UNIT NO. 123, GROUND FLOOR, MANAR MALL,",04-5610000,PHARMACY,25.785146,55.965638
AL MANARA PHARMACY,RAK,"PLATINUM,G PLUS,GOLD,SILVER,BRONZE,BLUE,ASASI",kornich alkhaim,04-3232 813,PHARMACY,25.210746,55.279353
NEXUS PHARMACY LLC,RAK,"PLATINUM,G PLUS,GOLD,SILVER,BRONZE,BLUE,ASASI","SHOP NO: 16, AL JAZEERA BUILDING, BESIDE MADINA SUPER MARKET, OPPOSTIE MABANI STEEL COMPANY",07-2447348,PHARMACY,25.653581,55.786196
OXYGEN PHARMACY LLC,RAK,"PLATINUM,G PLUS,GOLD,SILVER,BRONZE,BLUE,ASASI",NEAR GULF HYPER MARKET,07-2238998,PHARMACY,25.798178,55.972276
HALA PHARMACY 34 LLC,RAK,"PLATINUM,G PLUS,GOLD,SILVER,BRONZE,BLUE,ASASI","MANAR MALL , AL NAKHEEL AREA",04-5610000,PHARMACY,25.80903,55.98073
HALA PHARMACY 36 LLC,RAK,"PLATINUM,G PLUS,GOLD,SILVER,BRONZE,BLUE,ASASI","SHOP NO.5,  BLOCK 6, ON PLOT NO. AL KHARAIN AREA",04-5610000,PHARMACY,25.726803,55.958997
SUPER CARE PHARMACY LLC - RAK BRANCH,RAK,"PLATINUM,G PLUS,GOLD,SILVER,BRONZE,BLUE,ASASI","SHOP# 87, GROUND FLOOR, MANAR MALL,",07-2082728,PHARMACY,25.7848,55.966
ZAHRAT NOOR AL SHEFAA PHARMACY,RAK,"PLATINUM,G PLUS,GOLD,SILVER,BRONZE,BLUE,ASASI","NEAR AL MAYA SUPERMARKET, AL JAZEERA,RAS AL KHAIMA",MUHAMED SHOUKKA,PHARMACY,25.694718,55.797951
AL MANARA PHARMACY,RAK,"PLATINUM,G PLUS,GOLD,SILVER,BRONZE,BLUE,ASASI",kornich alkhaim,04-3232 813,PHARMACY,25.260081,55.321215
HEALTH FIRST PHARMACY 14,RAK,"PLATINUM,G PLUS,GOLD,SILVER,BRONZE,BLUE,ASASI","BESIDE POLICE STATION, AL RAMS ST",07-2662295,PHARMACY,25.87307,56.024391
HEALTH FIRST PHARMACY 22,RAK,"PLATINUM,G PLUS,GOLD,SILVER,BRONZE,BLUE,ASASI","MANAR MALL,AL MUNTASIR ST ALNAKHEEL",07-2274848,PHARMACY,25.784667,55.96564
AL SHARQ MODERN PHARMACY,FUJ,"PLATINUM,G PLUS,GOLD,SILVER,BRONZE,BLUE,ASASI",AL FASEEL 1,09-2231442,PHARMACY,25.143183,56.3546
THAIBA PHARMACY BRANCH OF ASTER PHARMACIES GROUP LLC FUJAIRAH BRANCH,FUJ,"PLATINUM,G PLUS,GOLD,SILVER,BRONZE,BLUE,ASASI",OPP. UAE EXCHANGE(MASAFI),09-2564749,PHARMACY,25.323467,56.168767
AL SHARQ FAMILY PHARMACY (FUJAIRAH),FUJ,"PLATINUM,G PLUS,GOLD,SILVER,BRONZE,BLUE,ASASI","AL SHARKI STREET,NEAR FAMILY MC",09-2227490,PHARMACY,25.121633,56.345
AL SHARQ PHARMACY,FUJ,"PLATINUM,G PLUS,GOLD,SILVER,BRONZE,BLUE,ASASI","AL SHARQI ROAD,DIBBA",09-2443040,PHARMACY,25.151131,56.351279
LULU DIBBA PHARMACY LLC,FUJ,"PLATINUM,G PLUS,GOLD,SILVER,BRONZE,BLUE,ASASI","LULU HYPERMARKET, DIBBA",09-2431399,PHARMACY,25.5889,56.27285
NATIONAL MEDICAL CENTRE PHARMACY,FUJ,"PLATINUM,G PLUS,GOLD,SILVER,BRONZE,BLUE,ASASI",AL GURFA 4,09-2222850,PHARMACY,25.1271,56.3549
HEALTH FIRST PHARMACY 21-FUJAIRAH BRANCH,FUJ,"PLATINUM,G PLUS,GOLD,SILVER,BRONZE,BLUE,ASASI",AL WAHDA ROAD,09-2234518,PHARMACY,25.131538,56.329843
CITY PHARMACY FUJAIRAH,FUJ,"PLATINUM,G PLUS,GOLD,SILVER,BRONZE,BLUE,ASASI",GHURFA STREET,09-2225988,PHARMACY,25.12163,56.35431
HEALTH FIRST PHARMACY 26-FUJAIRAH BRANCH,FUJ,"PLATINUM,G PLUS,GOLD,SILVER,BRONZE,BLUE,ASASI","SOUQ EXTRA,MIRBAH MADHA STREET",09-2373985,PHARMACY,25.16574,56.21248
ASTER PHARMACY FUJAIRAH,FUJ,"PLATINUM,G PLUS,GOLD,SILVER,BRONZE,BLUE,ASASI","EMIRATES SPRING BLDG,HAMAD ST",09-2238322,PHARMACY,25.121547,56.343616
ASTER PHARMACY 8,FUJ,"PLATINUM,G PLUS,GOLD,SILVER,BRONZE,BLUE,ASASI","CENTURY MALL,FASEEL ST,BEACH MOTEL",09-2230701,PHARMACY,25.157374,56.350045
AL ZAYTOON PHARMACY,FUJ,"PLATINUM,G PLUS,GOLD,SILVER,BRONZE,BLUE,ASASI",HAMAD BIN ABDULLAH STREET,09-2235445,PHARMACY,25.12159,56.35427
MEDICINA PHARMACY 20 FUJAIRAH BRANCH,FUJ,"PLATINUM,G PLUS,GOLD,SILVER,BRONZE,BLUE,ASASI",SHEIKH HAMAD BIN ABDULLA STREET,09-2235894,PHARMACY,25.599948,56.269043
THUMBAY PHARMACY LLC BR 6,FUJ,"PLATINUM,G PLUS,GOLD,SILVER,BRONZE,BLUE,ASASI",THUMBAY HOSPITAL BLDG-OLD BLOCK,09-2244380,PHARMACY,25.131644,56.340824
HEALTH FIRST PHARMACY 10 FUJAIRAH,FUJ,"PLATINUM,G PLUS,GOLD,SILVER,BRONZE,BLUE,ASASI","GROUND FLOOR,SHEIKH KHALIFA BIN ZAYED ROAD,FUJAIRAH MALL",09-2234490,PHARMACY,25.123052,56.316118
FUJAIRAH PORT PHARMACY,FUJ,"PLATINUM,G PLUS,GOLD,SILVER,BRONZE,BLUE,ASASI","PORT ROAD, FUJAIRAH SEA PORT",09-2228007,PHARMACY,25.174798,56.354674
EAST COAST AHALIA PHARMACY,FUJ,"PLATINUM,G PLUS,GOLD,SILVER,BRONZE,BLUE,ASASI","NEAR ADNOC PETROL STATION AND FAB BANK, AL GURFA",09-2235744,PHARMACY,25.122539,56.348244
MEDICINA PHARMACY 28,FUJ,"PLATINUM,G PLUS,GOLD,SILVER,BRONZE,BLUE,ASASI","SAFEER MARKET, NEXT TO NBAD BANK, DIBBA",09-2441604,PHARMACY,25.599987,56.268803
WE CARE PHARMACY,FUJ,"PLATINUM,G PLUS,GOLD,SILVER,BRONZE,BLUE,ASASI","MERASHID,",09-2229941,PHARMACY,25.120084,56.34741
LIFE PHARMACY LLC FUJAIRAH BR 1,FUJ,"PLATINUM,G PLUS,GOLD,SILVER,BRONZE,BLUE,ASASI","HALEEFATH,",04-5610000,PHARMACY,25.08006,55.14466
HEALTH FIRST PHARMACY 19,FUJ,"PLATINUM,G PLUS,GOLD,SILVER,BRONZE,BLUE,ASASI","OPP: DIBBA MUNICIPALITY,HAMAD ST.",09-2444376,PHARMACY,25.597045,56.271795
HEALTH FIRST PHARMACY 16,FUJ,"PLATINUM,G PLUS,GOLD,SILVER,BRONZE,BLUE,ASASI",SHAIKH HAMAD BIN ABDULLAH ST.,09-2229295,PHARMACY,25.122267,56.355805
HEALTH FIRST PHARMACY 17,FUJ,"PLATINUM,G PLUS,GOLD,SILVER,BRONZE,BLUE,ASASI",FUJAIRAH TRADE CENT,09-2230340,PHARMACY,25.121267,56.331233
HEALTH FIRST PHARMACY 20,FUJ,"PLATINUM,G PLUS,GOLD,SILVER,BRONZE,BLUE,ASASI","MUHALLAB ST., DIBBA",09-2447364,PHARMACY,25.599217,56.2751
HEALTH FIRST PHARMACY 18,FUJ,"PLATINUM,G PLUS,GOLD,SILVER,BRONZE,BLUE,ASASI",SHK. HAMAD STREET,09-2231540,PHARMACY,25.12625,56.343667
THUMBAY HOSPITAL PHARMACY,FUJ,"PLATINUM,G PLUS,GOLD,SILVER,BRONZE,BLUE,ASASI",AL FASEEL STREET,09-2244233,PHARMACY,25.131784,56.341344
AL SHARQ HOSPITAL PHARMACY,FUJ,"PLATINUM,G PLUS,GOLD,SILVER,BRONZE,BLUE,ASASI","AL FASEEL ROAD,PREVENTIVE MC",09-2059952,PHARMACY,25.151206,56.351218
MEDICOM PHARMACY-26,UMQ,"PLATINUM,G PLUS,GOLD,SILVER,BRONZE,BLUE,ASASI",AL MANAMA MALL,06-7649734,PHARMACY,25.50285,55.550433
AL SALMA PHARMACY,UMQ,"PLATINUM,G PLUS,GOLD,SILVER,BRONZE,BLUE,ASASI",AL SALAMA AREA,06-7671162,PHARMACY,25.500182,55.57573
DANA PHARMACY,UMQ,"PLATINUM,G PLUS,GOLD,SILVER,BRONZE,BLUE,ASASI",SALAH ALDEEN STREET  VILLA 33/7,06-7663606,PHARMACY,25.559727,55.546526
TAJERAN PHARMACY,UMQ,"PLATINUM,G PLUS,GOLD,SILVER,BRONZE,BLUE,ASASI",KING FAISAL ST/ NEAR UAQ HOSPITAL,06-7652291,PHARMACY,25.5697,55.555333
ROUA PHARMACY LLC,UMQ,"PLATINUM,G PLUS,GOLD,SILVER,BRONZE,BLUE,ASASI","DR. RANA HUSSAIN CLINIC BLDG,AL RAS",06-7660688,PHARMACY,25.563054,55.552889
SHEIKH KHALIFA GENERAL HOSPITAL PHARMACY,UMQ,"PLATINUM,G PLUS,GOLD,SILVER,BRONZE,BLUE,ASASI","AL SALAMA,MINISTRY OF SOCIAL AFFAIR",06-7061111,PHARMACY,25.501284,55.599403
THUMBAY PHARMACY 8,UMQ,"PLATINUM,G PLUS,GOLD,SILVER,BRONZE,BLUE,ASASI",KING FAISAL ROAD,06-7051544,PHARMACY,25.565859,55.552362
LIFE PHARMACY,UMQ,"PLATINUM,G PLUS,GOLD,SILVER,BRONZE,BLUE,ASASI",AL MULLA,06-7647364,PHARMACY,25.547824,55.54468
HEALTH FIRST PHARMACY 28,UMQ,"PLATINUM,G PLUS,GOLD,SILVER,BRONZE,BLUE,ASASI","SAEED MUHAMED AL MASAFRI,GROUND FLOOR,KING FAISAL STREET, OLD SOUK, POPULAR TYPING CENTRE",06-7656180,PHARMACY,25.588018,55.570232
IBN BATUTA PHARMACY LLC,UMQ,"PLATINUM,G PLUS,GOLD,SILVER,BRONZE,BLUE,ASASI","CHARITY BUILDING, OPPOSITE TO UMM AL QUWAIN MALL",06-5231577,PHARMACY,25.54426,55.5508
AL NEEM PHARMACY LLC,UMQ,"PLATINUM,G PLUS,GOLD,SILVER,BRONZE,BLUE,ASASI","DR. SUNNY MEDICAL CENTRE BUILDING, KING FAISAL ROAD",67675263,PHARMACY,25.49857,55.55195
HEALTH FIRST PHARMACY 12,UMQ,"PLATINUM,G PLUS,GOLD,SILVER,BRONZE,BLUE,ASASI",KING FAISAL STREET,06-7641156,PHARMACY,25.50295,55.550717
NATIONAL AMBULANCE LLC,AUH,"PLATINUM,G PLUS,GOLD,SILVER,BRONZE","TOWER 3, LEVEL 7,ETIHAD TOWERS",02-5968600,AMBULANCE,24.458976,54.321653
AMBULANCE AND PUBLIC SAFETY DEPARTMENT,AUH,"PLATINUM,G PLUS,GOLD,SILVER,BRONZE,BLUE","EMERGENCY AND PUBLIC SAFETY DIRECTORATE BUILDING , BANYIAS EAST",02-5968600,AMBULANCE,24.305656,54.619675
DUBAI CORPORATION FOR AMBULANCE SERVICES,DXB,"PLATINUM,G PLUS,GOLD,SILVER,BRONZE,BLUE",WARSAN AREA - MAIN BUILDING,04-2922222,AMBULANCE,25.164933,55.471264
EL MAGHRABY EYE CENTER (EXCLUDING DENTAL),AUH,"PLATINUM,G PLUS,GOLD,SILVER,BRONZE",NAJDA ST.,02-6345000,ONE DAY SURGERY CENTER,24.4912,54.368483
HEALTH SHIELD MEDICAL CENTER LLC,AUH,"PLATINUM,G PLUS,GOLD,SILVER,BRONZE",CORNICHE,02-6989999,ONE DAY SURGERY CENTER,24.43029,54.46753
AL HOSN ONE DAY SURGERY CENTER LLC,AUH,"PLATINUM,G PLUS,GOLD,SILVER","AL SAHEL TOWERS,MEZZ FLOOR ,A BLOCK",02-6665557,ONE DAY SURGERY CENTER,24.470744,54.372619
COSMESURGE EMIRATES HOSPITAL,AUH,"PLATINUM,G PLUS,GOLD,SILVER,BRONZE","STREET 13, DELMA & KARAMA",02-4466422,ONE DAY SURGERY CENTER,24.4596,54.373833
COSMESURGE & EMIRATES CLINICS FOR ONE DAY SURGERY LLC BRANCH 1,AUH,"PLATINUM,G PLUS,GOLD,SILVER","KHALIFA CITY A , VILLA 103",02-6798892,ONE DAY SURGERY CENTER,24.403406,54.572838
HARLEY STREET MEDICAL CENTRE (EXCLUDING DENTAL,AUH,"PLATINUM,G PLUS,GOLD",MARINA VILLAGE NEAR MARINA MALL,02-6133999,ONE DAY SURGERY CENTER,24.4736,54.318933
ADVANCED CENTER FOR DAYCARE SURGERY LLC,AUH,"PLATINUM,G PLUS,GOLD,SILVER,BRONZE,BLUE",AIRPORT ROAD NEXT RAK BANK,02-6227700,ONE DAY SURGERY CENTER,24.4343,54.412817
HEALTH LINE MEDICAL CENTRE L.L.C.,AUH,"PLATINUM,G PLUS,GOLD,SILVER,BRONZE","BANIYAS,SECTOR 11,VILLA 121",02-5668600,ONE DAY SURGERY CENTER,24.30866,54.6466
BURJEEL DAY SURGERY CENTRE SHAHAMA - L.L.C,AUH,"PLATINUM,G PLUS,GOLD,SILVER,ASASI","DEERFIELDS TOWNSQUARE,AL BAHIA",02-5085500,ONE DAY SURGERY CENTER,24.521844,54.670013
KINGS COLLEGE HOSPITAL CLINICS L.L.C (EXCLUDING DENTAL,AUH,"PLATINUM,G PLUS,GOLD,SILVER,BRONZE","MUBARAK BIN MOHD.ST,SHINING TOWERS",02-5014000,ONE DAY SURGERY CENTER,24.473312,54.349773
AL DHAFRA MODERN CLINIC (EXCLUDING DENTAL,AUH,"PLATINUM,G PLUS,GOLD,SILVER,BRONZE,BLUE,ASASI",BEDA ZAYED,02-8846651,DOCTOR'S CLINIC,23.640594,53.70808
MARINA HEALTH PROMOTION CENTER L.L.C. (,AUH,"PLATINUM,G PLUS,GOLD,ASASI","MARINA MALL, ABU DHABI",50-0000000,ONE DAY SURGERY CENTER,24.476068,54.321503
WELLNESS ONE DAY SURGERY CENTRE LLC (EXCLUDING GD15311-DR RASHID MINHAS EFFECTIVE 23/01/2023,AUH,"PLATINUM,G PLUS,GOLD,SILVER,BRONZE,BLUE","111, 21 DIHAN STREET, MUROOR",02-6422424,ONE DAY SURGERY CENTER,24.44331,54.398139
DR GUPTA MEDICAL CENTER L.L.C. (EXCLUDING DENTAL,AUH,"PLATINUM,G PLUS,GOLD,SILVER,BRONZE,BLUE","ELECTRA STREET,NEXT TO MASHREQ BANK",02-6337357,DOCTOR'S CLINIC,24.485884,54.364195
BURJEEL MEDICAL CENTER AL SHAMKHA LLC (EXCLUDING DENTAL),AUH,"PLATINUM,G PLUS,GOLD,SILVER,BRONZE,ASASI","1ST FLOOR, MAKANI MALL, AL SHAMKHA",02-5085511,ONE DAY SURGERY CENTER,24.387284,54.722868
Yas Clinic One Day Surgery - Sole Prorietorship L.L.C.,AUH,"PLATINUM,G PLUS,GOLD,SILVER,BRONZE,BLUE","INSIDE DALMA MALL,MUSAFFAH",02-2086200,ONE DAY SURGERY CENTER,24.333147,54.523867
EXPRESS GHAYATHI CLINIC (EXCLUDING DENTAL,AUH,"PLATINUM,G PLUS,GOLD,SILVER,BRONZE,BLUE,ASASI","GHAYATHI,SANAYYA",02-8744430,DOCTOR'S CLINIC,23.914599,52.804657
MEDICAL PARK CONSULTANTS ONE DAY SURGERY CENTER (EXCLUDING DENTAL,AUH,"PLATINUM,G PLUS,GOLD,SILVER,BRONZE","AL BATEEN STREET,",02-3028888,ONE DAY SURGERY CENTER,24.462377,54.344897
MOORFIELDS EYE HOSPITAL CENTRE L.L.C. (EXCLUDING DENTAL,AUH,"PLATINUM,G PLUS,GOLD","MARINA VILLAGE VILLA ,MARINA MALL",02-6356161,ONE DAY SURGERY CENTER,24.472045,54.322839
BEVERLY HILLS MEDICAL CENTER L.L.C (EXCLUDING DR.NARESH TRIKAM LAL RAI D1712),AUH,"PLATINUM,G PLUS,GOLD,SILVER,BRONZE,BLUE","15 ST,MOHD BIN KHALIFA,CHOUEIFAT,VILLA NO.669",02-2222494,ONE DAY SURGERY CENTER,24.457322,54.380961
RAHMATH SILA CLINIC,AUH,"PLATINUM,G PLUS,GOLD,SILVER,BRONZE,BLUE,ASASI","UAE EXCHANGE BUILDING,SILA WESTERN",02-8724999,DOCTOR'S CLINIC,24.126867,51.610021
YATEEM EYE CENTER & DAY CARE SURGERY,AUH,"PLATINUM,G PLUS,GOLD,SILVER,BRONZE,BLUE","INT AIRPORT RD , KHALIFA CITY-A",02-6666167,ONE DAY SURGERY CENTER,24.398249,54.560301
BURJEEL DAY SURGERY CENTER L.L.C,AUH,"PLATINUM,G PLUS,GOLD,SILVER,ASASI","GATE AND ARC TOWERS,AL REEM ISLAND",02-3079999,ONE DAY SURGERY CENTER,24.495096,54.408704
FAMOUS MEDICAL CENTRE L.L.C,AUH,"PLATINUM,G PLUS,GOLD,SILVER,BRONZE,BLUE","MUSSAFAH M-10, INDUSTRIAL AREA, GROUND FLOOR, PLOT NO 48, NEAR LAL MARKET",02-5551866,DOCTOR'S CLINIC,24.361687,54.521797
BAB AL TEB MEDICAL CENTRE,AUH,"PLATINUM,G PLUS,GOLD,SILVER,BRONZE,BLUE",M.44 MUSAFFAH INDUSTRIAL AREA OPPOSITE GULVA COAT INDUSTRY,02-3094980,DOCTOR'S CLINIC,24.34861,54.472986
EXCELLENT MEDICAL CENTRE L.L.C.,AUH,"PLATINUM,G PLUS,GOLD,SILVER,BRONZE,BLUE","SAWAEED RESIDENTIAL COMPOUND, WORKER CITY 2 AL-MAFRAQ",02-5544469,DOCTOR'S CLINIC,24.256512,54.623852
UNIQUE ALAHALIA OPHTHALMOLOGY ONE DAY SURGERY MEDICAL CENTER,AUH,"PLATINUM,G PLUS,GOLD,SILVER,BRONZE,BLUE","OLD AIR PORT ROAD, DELMA STREET,SECTOR 1-19, PLOT NO. 6,",02-4439777,ONE DAY SURGERY CENTER,24.457094,54.370056
AL ANAMEL MEDICAL CENTER,AUH,"PLATINUM,G PLUS,GOLD,SILVER,BRONZE","AL KHALEEJ AL ARABI STREET,",02-6662858,ONE DAY SURGERY CENTER,24.464333,54.347757
AL TAWEELAH MEDICAL CENTER L.L.C,AUH,"PLATINUM,G PLUS,GOLD,SILVER,BRONZE","AL TAWEELAH, KIZAD",02-5093145,DOCTOR'S CLINIC,24.782061,54.738243
SAMAYA SPECIAILZED CENTER-SSC-LASER AND DAY CARE SURGERY L.L.C. - BRANCH,AUH,"PLATINUM,G PLUS,GOLD","VILLA NO.125, AL ASAYIL STREET, STREET NO. 15, KHALIFA CITY A, ABU DHABI, UAE",02-8853888,ONE DAY SURGERY CENTER,24.415726,54.573645
MAGRHABI EYE & EAR CENTER - DAYCARE SURGERIES - BRANCH 1 (EXCLUDING DENTAL,AUH,"PLATINUM,G PLUS,GOLD,SILVER,BRONZE",KHALEEJ AL ARABI STREET,50-4390824,ONE DAY SURGERY CENTER,24.488733,54.3717
TAWAM MOLECULAR IMAGING CENTER -L.L.C - O.P.C,ALAIN,PLATINUM,"AL MAQAM, TAWAM HOSPITAL CAMPUS , AL AIN",03-7041777,ONE DAY SURGERY CENTER,24.194843,55.645096
MAGRABI EYE CENTER - DAY CARE SURGERY - LLC (EXCLUDING DENTAL,ALAIN,"PLATINUM,G PLUS,GOLD,SILVER,BRONZE",ALMARKHANIA,03-7612424,ONE DAY SURGERY CENTER,24.229812,55.680951
AL DAWWA MEDICAL CENTER LLC,ALAIN,"PLATINUM,G PLUS,GOLD,SILVER,BRONZE,BLUE","M-1 AJMAN BANK BLDG,KHALIFA ST",03-7800182,DOCTOR'S CLINIC,24.225296,55.758429
UAE UNIVERSITY CLINIC- BRANCH 1 (EXCLUDING DENTAL,ALAIN,"PLATINUM,G PLUS,GOLD,SILVER,BRONZE","UAE UINVERSITY, KHALIFA STREET",03-7134013,DOCTOR'S CLINIC,24.242472,55.686797
MEDSTAR CLINICS SANAIYA ALAINLLC,ALAIN,"PLATINUM,G PLUS,GOLD,SILVER,BRONZE,BLUE",AL AIN -INDUSTRIAL AREA,03-7060460,DOCTOR'S CLINIC,24.495037,54.408697
DR.YAMINA DEHIMI CLINIC L.L.C,ALAIN,"PLATINUM,G PLUS,GOLD,SILVER,BRONZE,BLUE",NEAR CLOCK TOWER ABOVE ADDIDAS SHOWROOM 1ST FLOOR_ AL AIN,03-7800507,DOCTOR'S CLINIC,24.492619,54.366685
AL MOUSA DAY SURGERY CENTER (EXCLUDING DR RASHA ADNAN HASHIM EFFECTIVE FROM 12/06/2018),DXB,"PLATINUM,G PLUS,GOLD,SILVER","AL WASL ROAD, JUMEIRAH",04-3452999,ONE DAY SURGERY CENTER,25.23537,55.27051
MAGRABI EYE HOSPITAL-OPD SURGERY CENTER (EXCLUDING DENTAL,DXB,"PLATINUM,G PLUS,GOLD,SILVER,BRONZE",HEALTHCARE CITY,04-4370606,ONE DAY SURGERY CENTER,25.234072,55.318372
MEDICLINIC DUBAI MALL MEDICAL CENTER,DXB,"PLATINUM,G PLUS,GOLD","DUBAI MALL,",04-4495111,ONE DAY SURGERY CENTER,25.281818,55.389095
FAKIH IVF LLC (IVF CENTRE ONLY),DXB,"PLATINUM,G PLUS,GOLD","VILLA#37,65B ST/32B ST,AL WASL ROAD",04-3497600,ONE DAY SURGERY CENTER,25.215772,55.258862
AMERICAN SPINE CENTER FZ LLC (EXCLUDING DENTAL,DXB,"PLATINUM,G PLUS,GOLD,SILVER","HEALTHCARE CITY BLDG 27,BLOCK C-301",04-4541131,ONE DAY SURGERY CENTER,25.233616,55.318184
YUGEN CARE BY DR GEHAD,DXB,"PLATINUM,G PLUS,GOLD","YUGEN CARE BY DR GEHAD, JUMERIAH BEACH ROAD, JUMERIAH 3, OPPOSITE SUNSET MALL",04-3498000,ONE DAY SURGERY CENTER,25.184895,55.228038
IMPERIAL HEALTHCARE INSTITUTE FZ-LLC (EXCLUDING DENTAL,DXB,"PLATINUM,G PLUS,GOLD,SILVER",HEALTHCARE CITY,04-4393737,ONE DAY SURGERY CENTER,25.231869,55.32652
ALLIANCE MEDICAL CENTER.,DXB,PLATINUM,HH SHEIKH HAMDAN AWARD COMPLEX,04-3863366,ONE DAY SURGERY CENTER,25.241086,55.271634
"NORTHWEST CLINIC DAY SURGICAL LLC (EXCLUDING DR MUHAMMAD TAHIR(PSYCHIATRY), DR EJAZ WASEEM RAJA(PAEDIATRICIAN-COMMUNITY DOCTOR))",DXB,"PLATINUM,G PLUS,GOLD,SILVER",935 AL WASL ROAD JUMEIRAH,04-3307117,ONE DAY SURGERY CENTER,25.134431,55.200789
DR. RADHI AL HILOU E.N.T.CLINIC (EXCLUDING DENTAL,DXB,PLATINUM,"141, SH RASHID ZABEEL RD,KARAMA",04-3370333,DOCTOR'S CLINIC,25.238291,55.299837
MOORFIELDS EYE HOSPITAL (EXCLUDING DENTAL,DXB,PLATINUM,DUBAI HEALTHCARE CITY,04-4297888,ONE DAY SURGERY CENTER,25.233919,55.318863
NORTH AMERICAN LASIK AND EYE SURGERY CENTER L.L.C (EXCLUDING DENTAL,DXB,"PLATINUM,G PLUS,GOLD","JUMEIRAH 1,AL WASL ROAD,VILLA1",04-3447766,ONE DAY SURGERY CENTER,25.225391,55.265646
INTERNATIONAL SPECIALITY MEDICAL CENTER DAY CARE SURGERY L.L.C,DXB,"PLATINUM,G PLUS,GOLD,SILVER","JUMEIRAH, BEACH ROAD",04-3441142,ONE DAY SURGERY CENTER,25.217845,55.252147
IBN AL NAFEES MEDICAL CLINIC (EXCLUDING DENTAL,DXB,"PLATINUM,G PLUS,GOLD","NAD AL HAMMAR,AL RABAT STREET",04-2899621,DOCTOR'S CLINIC,25.213464,55.380431
AL TADAWI MEDICAL CENTRE,DXB,"PLATINUM,G PLUS,GOLD,SILVER,ASASI","AL MASOOD BLG,PORT SAEED,AIRPORT ST",04-2038888,ONE DAY SURGERY CENTER,25.256631,55.333513
GARDENS SPECIALITY CLINIC(BRANCH OF DM H,DXB,"PLATINUM,G PLUS,GOLD,SILVER,BRONZE","ZEN CLUSTER, BUILDING NO-4,",04-2767512,DOCTOR'S CLINIC,25.048764,55.129747
ACCESS CLINIC PERSIAN ZONE,DXB,"PLATINUM,G PLUS,GOLD,SILVER,BRONZE,BLUE","SHOP NO-10,INTERNATIONAL CITY",04-5520139,DOCTOR'S CLINIC,25.159402,55.408473
ACCESS CLINIC AL QUOZ (BR OF D M HEALTH CARE (LLC)),DXB,"PLATINUM,G PLUS,GOLD,SILVER,BRONZE,BLUE","AL ARIF BUILDING, NEAR UAE EXCHANGE",04-3217544,DOCTOR'S CLINIC,25.158017,55.248493
DR RAMI HAMED CENTER FZ LLC,DXB,"PLATINUM,G PLUS,GOLD","BUILDING NO. 52 (AL BIRUNI),DHCC",04-2798251,ONE DAY SURGERY CENTER,25.232523,55.32164
ACCESS CLINIC DIP 2 BR OF DM HEALTHCARE,DXB,"PLATINUM,G PLUS,GOLD,SILVER,BRONZE,BLUE","KADRIS MALL,DIP2",04-8833028,DOCTOR'S CLINIC,24.974107,55.205316
MEDCARE EYE CENTRE (BR OF MEDCARE HOSPITAL (L.L.C)),DXB,"PLATINUM,G PLUS,GOLD,SILVER","MATHLOOB BLG,BLOCK F,SH.ZAYED ST",04-3807333,ONE DAY SURGERY CENTER,25.178799,55.246889
INTEGRATED RHEUMATOLOGY AND ARTHRITIS CENTER FZ-LLC (EXCLUDING DENTAL AND DR SUJATA SAWHNEY,DXB,PLATINUM,"105, BUILDING 47, DUBAI HEALTHCARE",04-4568538,DOCTOR'S CLINIC,25.229292,55.322386
HBG Medical Centre FZ LLC (EXCLUDING DENTAL,DXB,PLATINUM,"AL RAZI COMPLEX,DHCC",04-5520496,DOCTOR'S CLINIC,25.234025,55.318248
VEIN CARE AND SURGERY CENTER FZ-LLC (EXCLUDING DENTAL,DXB,"PLATINUM,G PLUS,GOLD","AL RAZI BUILDING 64, BLOCK F, DHCC",04-4343000,DOCTOR'S CLINIC,25.234365,55.319628
DR. KAYASSEH MEDICAL CLINIC (EXCLUDING DENTAL,DXB,"PLATINUM,G PLUS,GOLD","2ND DECEMBER STREET-JUMEIRAH, AL OT",04-3985010,DOCTOR'S CLINIC,25.237464,55.276655
CITY CENTRE CLINIC AL BARSHA,DXB,"PLATINUM,G PLUS,GOLD,SILVER","GROUND FL,MY CITY CENTRE AL BARSHA",04-2052773,DOCTOR'S CLINIC,25.06936,55.241601
CITY CENTRE CLINIC BR IBN BATTUTA MALL,DXB,"PLATINUM,G PLUS,GOLD,SILVER","IBN BATTUTA MALL METROLINK ,ZAYED R",04-2052774,DOCTOR'S CLINIC,25.044545,55.120286
EUROPEAN VASCULAR CLINIC DMCC,DXB,"PLATINUM,G PLUS,GOLD","GOLD CREST EXECUTIVE TOWER,AL SARAYAT STREET, CLUSTER C, JLT,",04-5547361,DOCTOR'S CLINIC,25.068832,55.13994
SHAMMA CLINIC LLC,DXB,"PLATINUM,G PLUS,GOLD","10C STREET VILLA 41, JUMEIRA 1",04-3498800,ONE DAY SURGERY CENTER,25.228584,55.262005
FIRST MED DAY SURGERY CENTER,DXB,"PLATINUM,G PLUS,GOLD,SILVER,BRONZE","HAMARAIN CENTER GATE 7, SECON FLOOR",04-2288805,ONE DAY SURGERY CENTER,25.266938,55.329982
ADVANCED CARE ONCOLOGY CENTER LLC,DXB,"PLATINUM,G PLUS,GOLD,SILVER,BRONZE","AL FURJAN, JABEL ALI 1,",04-5656300,ONE DAY SURGERY CENTER,25.02091,55.148638
QUIRONSALUD BARCELONA OPHTHALMOLOGICAL INSTITUTE,DXB,"PLATINUM,G PLUS,GOLD","VILLA 1187, 304 AL WASL ROAD, UMM AL SHEIF DISTRICT",04-3422228,ONE DAY SURGERY CENTER,25.128744,55.195882
AL MAJID CLINIC L.LC,DXB,"PLATINUM,G PLUS,GOLD,SILVER,BRONZE,BLUE","OPP: AL FUTTAIM MOSQUE, BESIDE DULF HOTEL, NAIF ROAD, DEIRA",04-2292030,DOCTOR'S CLINIC,25.276028,55.312972
EMIRATES INTEGRA MEDICAL & SURGERY CENTER FZ LLC,DXB,"PLATINUM,G PLUS,GOLD","ROOM 09R6,09R7 GRND FLOOR , 1027 1ST FLOOR BLOCK F AL RAZI MEDICAL COMPLEX BUILDING 64 DHCC",04-4343966,ONE DAY SURGERY CENTER,25.234517,55.319493
ASTER DAY SURGERY CENTRE LLC,DXB,"PLATINUM,G PLUS,GOLD,SILVER,BRONZE","AL RAFFA,BUR DUBAI",04-3814987,ONE DAY SURGERY CENTER,25.252423,55.286708
EMIRATES HOSPITAL DAY SURGERY & MEDICAL CENTRE L.L.C,DXB,"PLATINUM,G PLUS,GOLD","HONSHO STR OPP. TO DUBAI KARTDROME, MOTOR CITY",04-8716900,ONE DAY SURGERY CENTER,25.0255,55.141
DR ISMAIL DAY SURGICAL CENTRE,DXB,"PLATINUM,G PLUS,GOLD,SILVER,BRONZE","AL WASL HUB BLDG NO 2, SHOP NO 2-11, REAR AREA,LULU MARKET",04-3378585,ONE DAY SURGERY CENTER,25.240533,55.300423
MY HEALTH DAY SURGICAL CENTER L.L.C,DXB,"PLATINUM,G PLUS,GOLD,SILVER,BRONZE,BLUE","3RD FLOOR AL GHURAIR TOWER 2, AL RIGGA, DEIRA",04-2522100,ONE DAY SURGERY CENTER,25.267083,55.317387
DR. SULAIMAN AL HABIB MEDICAL CENTER BR,DXB,"PLATINUM,G PLUS,GOLD","INDIGO CENTRAL 1, PLOT # 357-0709, AL SAFA 2 , SHEIKH ZAYED ROAD",04-5813333,ONE DAY SURGERY CENTER,24.620494,54.716523
ARMADA ONE DAY SURGICAL CENTER JLT,DXB,"PLATINUM,G PLUS,GOLD,SILVER,BRONZE,BLUE",ARMADA TOWER 2 CLUSTER JLT DUBAI,04-3990022,ONE DAY SURGERY CENTER,25.074891,55.14557
AMERICAN HOSPITAL CLINICS DUBAI AL BARSHA,DXB,"PLATINUM,G PLUS,GOLD","GALLERIA MALL ,AL BARSHA 2",04-5261200,ONE DAY SURGERY CENTER,25.09933,55.2004
MERRIMAC DIALYSIS CENTER FZ-LLC,DXB,"PLATINUM,G PLUS,GOLD,SILVER,BRONZE","2022-23, BLOCK C, BUILDING 64 AL RAZI MEDICAL COMPLEX, DHCC,",04-2408521,DOCTOR'S CLINIC,25.23398,55.31933
ULTRALASIK EYE CENTER FZ-LLC,DXB,"PLATINUM,G PLUS,GOLD,SILVER,BRONZE","PRIVATE LEASING, BUILDING NO: 27, FLOOR: 6, UNIT NO: 604A,DHCC",04-5572472,ONE DAY SURGERY CENTER,25.23253,55.32794
MUBADALA HEALTH MEDICAL AND SURGICAL LLC,DXB,"PLATINUM,G PLUS,GOLD","KITE BEACH, JUMEIRAH 3",56-1464000,ONE DAY SURGERY CENTER,25.184291,55.226078
LIFE 119 PHARMACY EXPRESS CLINIC,DXB,"PLATINUM,G PLUS,GOLD,SILVER,BRONZE,BLUE","SOBHA HARTLAND, THE TERRACE RESIDENCE - SHOP NO - 02 - NAD AL SHEBA 1",04-5610000,DOCTOR'S CLINIC,25.17753,55.31154
LIFE PHARMACY 125 EXPRESS CLINIC,DXB,"PLATINUM,G PLUS,GOLD,SILVER,BRONZE,BLUE","DAR MIRA RESIDENCE, AL MEYDAN RD, NAD AL SHEBA 1,",04 -610000,DOCTOR'S CLINIC,25.154277,55.29124
LIFE PHARMACY 44 EXPRESS CLINIC,DXB,"PLATINUM,G PLUS,GOLD,SILVER,BRONZE,BLUE","OASIS MALL - GROUND FLOOR, SHOP NO. 109 - AL QUOZ 1",04-5610000,DOCTOR'S CLINIC,25.16968,55.24172
ORIANA HOSPITAL FOR ONE DAY SURGERY,SHJ,"PLATINUM,G PLUS,GOLD,SILVER,BRONZE","MANAZIL TOWER 2, AL TAAWUN STREET -",06-5251000,ONE DAY SURGERY CENTER,25.310029,55.372432
DAR ELOYOUN HOSPITAL FOR ONE DAY SURGERY LLC (EXCLUDING DENTAL,SHJ,"PLATINUM,G PLUS,GOLD,SILVER,BRONZE",AL BUHAIRA CORNICHE STREET,06-5750015,ONE DAY SURGERY CENTER,25.344517,55.386417
ACCESS CLINIC MUWAILAH,SHJ,"PLATINUM,G PLUS,GOLD,SILVER,BRONZE,BLUE",OPP OLD SHARJAH DEFENSE FORCE,06-5359933,DOCTOR'S CLINIC,25.307633,55.465117
EMIRATES INTERNATIONAL HOSPITAL LLC,SHJ,"PLATINUM,G PLUS,GOLD,SILVER,BRONZE",AL MUNTZAH STREET,06-5222961,ONE DAY SURGERY CENTER,25.39203,55.419331
MAHMOUD ZEIN ELABDIN MEDICAL CENTER (EXCLUDING DENTAL,SHJ,"PLATINUM,G PLUS,GOLD",ABDUL AZIZ AL MAJID BUILDING BLOCK,06-5366477,DOCTOR'S CLINIC,25.328686,55.377276
THUMBAY HOSPITAL DAYCARE,SHJ,"PLATINUM,G PLUS,GOLD,SILVER,BRONZE,BLUE","OPP AL KABAEL CENT,NEAR ROLLA MALL",06-5440555,ONE DAY SURGERY CENTER,25.360043,55.390343
THUMBAY HOSPITAL DAY CARE - MUWAILAH 1,SHJ,"PLATINUM,G PLUS,GOLD,SILVER,BRONZE,BLUE","UNIVERSITY CITY ROAD, SHARJAH",06-5449444,ONE DAY SURGERY CENTER,25.310588,55.460296
AL SAHA WA AL SHIFAA ONE DAY SURGERY HOSPITAL,SHJ,"PLATINUM,G PLUS,GOLD,SILVER,BRONZE,BLUE","AL GHUWAIR,ROLLA",06-5632618,ONE DAY SURGERY CENTER,25.358607,55.389616
EMIRATES EUROPEAN HOSPITAL,SHJ,"PLATINUM,G PLUS,GOLD,SILVER,BRONZE",NORTHERN,06-5619444,ONE DAY SURGERY CENTER,25.373318,55.399424
DR ZAINAB SALIM AL AZZAWI CLINIC,SHJ,"PLATINUM,G PLUS,GOLD,SILVER,BRONZE","CORNICH AL BUHAIRA ,NEXT TO AL FARDAN CENTER",06-5565568,DOCTOR'S CLINIC,25.3236,55.382704
AL SOOR SPECIALITY CLINIC,SHJ,"PLATINUM,G PLUS,GOLD,SILVER,BRONZE","503, SHK KHALID ABDULAZIZ BIN MOHD BUILDING, MINA ROAD(OPPOSITE SATA), AL SOOR AREA",06-5512913,DOCTOR'S CLINIC,25.351694,55.386744
DR. SAMIA KHEDR MEDICAL CLINIC,SHJ,"PLATINUM,G PLUS,GOLD,SILVER,BRONZE","AL BUHAIRA CORNICHE BESIDE HILLTON HOTEL, ABDUL AZIZ AL MAJID BUILDING MEZZANINE 2",06-5565589,DOCTOR'S CLINIC,25.32733,55.378451
HELAL KALBA MEDICAL CENTRE,SHJ,"PLATINUM,G PLUS,GOLD,SILVER,BRONZE","OPPOSITE / NEARBY- SHARJAH COOPERATIVE  SOCIETY,KALBA",09-2776886,DOCTOR'S CLINIC,25.386726,55.463787
ADVANCED EYES CLINIC,SHJ,"PLATINUM,G PLUS,GOLD,SILVER,BRONZE","2F, BLOCK A, FLAT 207, ALFARDAN CENTER, BUHAIRA CORNICHE",06-5561220,DOCTOR'S CLINIC,25.323933,55.382098
GAELAN MEDICAL CARE ONE DAY SURGERY HOSPITAL LLC,SHJ,"PLATINUM,G PLUS,GOLD,SILVER,BRONZE","AL MAHA TOWER , AL TAWOUN STREET, AL KHAN",06-5942200,ONE DAY SURGERY CENTER,25.31328,55.374643
ALENAYA MEDICAL CLINIC (EXCLUDING DENTAL,AJM,"PLATINUM,G PLUS,GOLD,SILVER,BRONZE","BEHIND FEAST PRAYER,GOLD MARKET",06-7449666,DOCTOR'S CLINIC,25.412215,55.444245
ABDUL AZIZ MEDICAL CENTER,AJM,"PLATINUM,G PLUS,GOLD,SILVER,BRONZE,BLUE","SHEIKH MAKTOUM BIN RASHID STREET, NEAR AL HAMIDIYA POLICE STATION",06-7310722,DOCTOR'S CLINIC,25.395713,55.522279
AL ORAIBI HOSPITAL,RAK,"PLATINUM,G PLUS,GOLD,SILVER,BRONZE,HALA","AL MUNTASAR STREET, AL NAKHEEL",07-2288511,ONE DAY SURGERY CENTER,25.351836,55.453287
AL HANAN MEDICAL CENTRE,RAK,"PLATINUM,G PLUS,GOLD,SILVER,BRONZE","AL QUARAM BDG, NEAR CITY HOTEL",07-2260911,DOCTOR'S CLINIC,25.777773,55.967417
DR. SINAN EYECLINIC (EXCLUDING DENTAL,UMQ,"PLATINUM,G PLUS,GOLD,SILVER,BRONZE","FLAT 208,AL RAS BLG,KING FAISAL ST",06-7641221,DOCTOR'S CLINIC,25.569039,55.555086
SHAMS ALWAHA MEDICAL CENTRE,AUH,"PLATINUM,G PLUS,GOLD,SILVER,BRONZE","NEW NO 23, M1 FLOOR, 137 STREET, MURABBA, TOWN CENTRE, AL AIN",03-7331818,PRIMARY HEALTHCARE CENTRE,24.2168,55.77603
YAS HEALTH CARE L.L.C. - BRANCH 1,AUH,"PLATINUM,G PLUS,GOLD,SILVER","GROUND FLOOR RETAIL-A, AL FALAHI TOWER, MUSTARHIM ST, MUROOR ROAD,",02-3336999,PRIMARY HEALTHCARE CENTRE,24.432091,54.43441
RAYHAN PRIMARY HEALTHCARE CENTRE - SOLE PROPRIETORSHIP L.L.C.,ALAIN,"PLATINUM,G PLUS,GOLD,SILVER,BRONZE,BLUE","BUILDING 8. YASEER STREET, AL MURUBBA AREA, CENTRAL DISTRICT",03-7510043,PRIMARY HEALTHCARE CENTRE,24.22231,55.773648
UMM SUQEIM HEALTH CENTER,DXB,"PLATINUM,G PLUS,GOLD,SILVER,BRONZE,BLUE",77 6 D ST -  JUMEIRAH 3,04-2198888,PRIMARY HEALTHCARE CENTRE,25.157523,55.218493
AL QUSAIS MEDICAL CENTER,DXB,"PLATINUM,G PLUS,GOLD,SILVER,BRONZE,BLUE","AL QUSAIS HEALTH CENTER DEIRA, AL QUSAIS INDUSTRIAL 1",04-2316400,PRIMARY HEALTHCARE CENTRE,25.27282,55.37444
UNILABS DIAGNOSTICS L.L.C.,AUH,"PLATINUM,G PLUS,GOLD,SILVER,BRONZE,BLUE",KHALIFA STREET,02-6274767,LABORATORY,24.491381,54.360801
AL BORG DIAGNOSTIC CENTER FOR LAB & RADI,AUH,"PLATINUM,G PLUS,GOLD,SILVER,BLUE",NAJDA STREET,02-6767855,LABORATORY,24.485191,54.375023
PROFICIENCY HEALTHCARE DIAGNOSTIC LABORATORIES,AUH,"PLATINUM,G PLUS,GOLD,SILVER,BRONZE,BLUE",ELECTRA STREET,02-4919300,LABORATORY,24.490864,54.371745
IDEAL CLINICAL LABORATORIES,AUH,"PLATINUM,G PLUS,GOLD,SILVER,BRONZE,BLUE","MUSAFFAH,C-44, M1&M4 ,SABIYAH-10",02-5558448,LABORATORY,24.33607,54.531739
MENA LABS MEDICAL LABORATORY LLC,AUH,"PLATINUM,G PLUS,GOLD,SILVER,BRONZE,BLUE",NAJDA STREET NEAR ABU DHABI MUNCIPA,02-4483699,LABORATORY,24.485343,54.374632
ACCURACY PLUS MEDICAL LABORATORY,AUH,"PLATINUM,G PLUS,GOLD,SILVER,BRONZE,BLUE","M 02, ASTER PHARMACY BUILDING",02-6333923,LABORATORY,24.488408,54.36087
ADVANCED MEDICAL CENTER,ALAIN,"PLATINUM,G PLUS,GOLD,SILVER,BRONZE,BLUE",AL MUWAIJI,03-7641441,LABORATORY,24.197975,55.681273
AL TAJ MEDICAL LABORATORY,ALAIN,"PLATINUM,G PLUS,GOLD,SILVER,BRONZE,BLUE",CLOCK TOWER,03-7666082,LABORATORY,24.197965,55.686483
PROFICIENCY HEALTHCARE DIAGNOSTIC LABORATORIES LLC.-BRANCH 1,ALAIN,"PLATINUM,G PLUS,GOLD,SILVER,BRONZE,BLUE","M2 ETIHAD BLDG. ZAYED BIN SULTAN ST. (MAIN STREET), BESIDE ADNOC STATION, NEAR THE CLOCK TOWER JUNCT",03-7660992,LABORATORY,24.2215,55.76182
MEDINOVA DIAGNOSTIC CENTER BR (DM HEALTHCARE LLC),DXB,"PLATINUM,G PLUS,GOLD,SILVER,BRONZE,BLUE","RAFFA STREET , UNION PHARMACY BLD ,",04-3936396,LABORATORY,25.259906,55.294109
FREIBURG MEDICAL LABORATORY MIDDLE EAST (L.L.C),DXB,"PLATINUM,G PLUS,GOLD,SILVER",AVENUE BUILDING,04-3962227,LABORATORY,25.247986,55.300717
MINERVA DIAGNOSTIC LABORATORY (,DXB,"PLATINUM,G PLUS,GOLD,SILVER,BRONZE","UMM HURAIR, KARAMA",04-3343727,LABORATORY,25.241819,55.301045
SRL DIAGNOSTICS FZ-LLC (,DXB,"PLATINUM,G PLUS,GOLD,SILVER,BRONZE",IBN SINA BUILDING,04-4483100,LABORATORY,25.271198,55.307302
DUBAI MODERN LABORATORY,DXB,"PLATINUM,G PLUS,GOLD,SILVER,BRONZE",PORT SAED DEIRA,04-2951119,LABORATORY,25.255554,55.329927
MEDLAB ANALYTIK DUBAI FZ-LLC,DXB,"PLATINUM,G PLUS,GOLD,SILVER",HEALTHCARE CITY,04-3622960,LABORATORY,25.231301,55.322323
AL ETIHAD DIAGNOSTIC CENTER,DXB,"PLATINUM,G PLUS,GOLD,SILVER",AL WASL ROAD,04-3952231,LABORATORY,25.164698,55.214227
TRUST MEDICAL LABORATORY,DXB,"PLATINUM,G PLUS,GOLD,SILVER,BRONZE",AL WAHDA STREET,04-2398766,LABORATORY,25.286101,55.351137
UNILABS MIDDLE EAST LLC,DXB,"PLATINUM,G PLUS,GOLD,SILVER",SHEIKH HAMDAN AWARDS COMPLEX,04-3586606,LABORATORY,25.241008,55.271732
GLOBAL HAWK IMAGING & DIAGNOSTICS(L.L.C) (,DXB,PLATINUM,PORT SAEED,04-2364477,LABORATORY,25.260697,55.333923
EMIRATES SPECIALIZED LABORATORY,DXB,PLATINUM,"AL WASL, 784 PVT VILLA",04-3486645,LABORATORY,25.141788,55.206231
YORK DIAGNOSTIC LABORATORIES,DXB,"PLATINUM,G PLUS,GOLD,SILVER,BRONZE","JUMEIRAH LAKES TOWERS, CLUSTER D",04-4327470,LABORATORY,25.07557,55.14536
EASTERN CLINICAL LABORATORIES (,DXB,"PLATINUM,G PLUS,GOLD,SILVER,BRONZE","ELITE BUSSINESS CENTRE, 105,BARSHA1",04-3255730,LABORATORY,25.116701,55.205823
CPS CLINICAL PATHOLOGY SERVICES,DXB,"PLATINUM,G PLUS,GOLD,SILVER,BRONZE,BLUE","AL QUOZ,APEX CONCRETE,UMM SUQEIM",04-3883660,LABORATORY,25.252114,55.289386
MEDSOL AL ABBAR LABORATORIES FOR RESEARCH & MEDICAL ANALYSIS L.L.C. (,DXB,"PLATINUM,G PLUS,GOLD,BLUE","OFF 501,UBL BANK BLDG,BUR DUBAI",04-4298519,LABORATORY,25.255525,55.301985
MEDSOL DUBAI MEDICAL LABORATORY (,DXB,"PLATINUM,G PLUS,GOLD,BLUE","L2 RIGGA CENTER,RIGGA ROAD,DEIRA",04-2309200,LABORATORY,25.265201,55.321338
HISTO PATHOLOGY & SPECIALTY LABORATORY (,DXB,"PLATINUM,G PLUS,GOLD,BLUE","RIGGA ROAD, DEIRA, DUBAI",04-4298519,LABORATORY,25.241254,55.274342
STAR METROPOLIS CLINICAL LABORATORIES & HEALTH SERVICES MIDDLE EAST LLC (,DXB,"PLATINUM,G PLUS,GOLD,SILVER,BRONZE",212 MARDOOF BUILDING AL SAFA 1ST DU,04-3465268,LABORATORY,25.17598,55.245424
NATIONAL REFERENCE LABORATORY LLC,DXB,"PLATINUM,G PLUS,GOLD,SILVER",DUBAI BIOTECHNOLOGY AND RESEARCH PA,04-4402400,LABORATORY,25.076479,55.242546
ALPHA MEDICAL LABORATORY,DXB,"PLATINUM,G PLUS,GOLD,SILVER,BRONZE,BLUE","AL AMERI TOWER,OFFICE NO: 103, 1ST FLOOR,  BARSHA HEIGHTS- SHEIKH ZAYED ROAD ,",04-5143255,LABORATORY,25.103162,55.176303
ADVANCED DIAGNOSTIC CENTER LLC BR,DXB,"PLATINUM,G PLUS,GOLD,SILVER,BRONZE,BLUE","HAMARAIN CENTER, ABU BAKER AL SADIQUE, GATE 7, 1ST FLOOR, DEIRA,",04-3203883,LABORATORY,25.266819,55.329863
MICRO HEALTH MEDICAL LAB,DXB,"PLATINUM,G PLUS,GOLD,SILVER,BRONZE,BLUE","#10 ROCKY BUILDING, ZABEEL STREET (NEAR CIVIL DEFENSE OFFICE),",04-2627574,LABORATORY,25.267291,55.330022
AL BORJ LABORATORY,DXB,"PLATINUM,G PLUS,GOLD,SILVER,BRONZE,BLUE","OFFICE# 104, 1ST FOR., CENTURY 21 BLDG. ABU BAKER SIDDIQUE RD. DEIRA",04-2977780,LABORATORY,25.26569,55.329865
EMIRATES MEDICAL LABORATORY,SHJ,"PLATINUM,G PLUS,GOLD,SILVER",BUHAIRA CORNICHE,06-5736866,LABORATORY,25.366694,55.383364
MENA LABS MEDICAL LABORATORY LLC,SHJ,"PLATINUM,G PLUS,GOLD,SILVER,BLUE","BELRESHEED, AL BUHAIRA,CORNICHE ST.",06-5754979,LABORATORY,25.343066,55.385827
AL BURJ MEDICAL LAB,SHJ,"PLATINUM,G PLUS,GOLD","MAJAZ, CORNICHE AL BUHAIRAH",06-5752100,LABORATORY,25.366626,55.383334
TEXAS MEDICAL LAB,SHJ,"PLATINUM,G PLUS,GOLD,SILVER","OPP.AL QASSIMI HOSP,AL WASIT ROAD,",06-5622988,LABORATORY,25.34156,55.432624
AL ENAIAH MEDICAL LAB,SHJ,"PLATINUM,G PLUS,GOLD,SILVER,BRONZE","SARH AL EMARAT BUILDING,CORNICHE ST",06-5566086,LABORATORY,25.336398,55.375417
DAR AL HIKMAH MEDICAL LABORATORY,SHJ,"PLATINUM,G PLUS,GOLD,SILVER,BRONZE","AL BUHAIRAH CORNICHE ST., AL MAJAZ, UNION NATIONAL BANK BUILDING, FLAT 203",06-5519916,LABORATORY,25.339324,55.386324
AL SARH MEDICAL LAB,SHJ,"PLATINUM,G PLUS,GOLD,SILVER,BRONZE",AL NAD AREA - KING FAISAL STREET AL MARZOUQI TOWERS - CG MALL BLOCK C OFFICE 502,06-5509991,LABORATORY,25.345295,55.387316
AL DURRAH MEDICAL LAB,SHJ,"PLATINUM,G PLUS,GOLD,SILVER,BRONZE","703, AL DURRAH TOWER, BUHAIRA CORNICHE,",06-5568600,LABORATORY,25.323469,55.382959
GULF DIAGNOSTIC MEDICAL CENTER,FUJ,"PLATINUM,G PLUS,GOLD,SILVER,BRONZE",SHEIKH HAMAD BIN ABDULLA ROAD,09-2248080,LABORATORY,25.12881,56.326605
EXCELLENCY PHYSIOTHERAPY CENTER LLC,DXB,"PLATINUM,G PLUS,GOLD","AL SAAHA OFFICES, BLOCK D, OFFICE W406",04-4533377,PHYSIOTHERAPY,25.192705,55.276536
CURE MEDICAL CENTER PHYSIOTHERAPY LLC,SHJ,"PLATINUM,G PLUS,GOLD,SILVER,BRONZE","ASAS TOWER, OFFICE ENTRANCE, 2ND FLOOR, 202",06-5303999,PHYSIOTHERAPY,25.318179,55.374675
AL FAJR PHYSIOTHERAPY AND REHABILITATION CENTRE LLC,RAK,"PLATINUM,G PLUS,GOLD,SILVER,BRONZE",M2- AL SAFA 3  BUILDING AL NAKHEEL,07-2446068,PHYSIOTHERAPY,25.798266,55.971585
AMERICAN UPRIGHT MRI,DXB,"PLATINUM,G PLUS,GOLD","RDK-1,DUBAI INVESTMENT PARK-1",04-8853838,RADIOLOGY,25.001128,55.168837
AL SAFWA RADIOLOGY CENTER,SHJ,"PLATINUM,G PLUS,GOLD,SILVER,BRONZE","3RD FLOOR, CG MALL, KING FAISAL STR",06-5563969,RADIOLOGY,25.344764,55.387369
DRONCALL LTD,AUH,"PLATINUM,G PLUS,GOLD,SILVER","14TH FLOOR, ALMARYAH ISLAND",60-0566119,TELE-MEDICINE,24.50185,54.38882
NEW MEDICAL CENTRE,AUH,"PLATINUM,G PLUS,GOLD,SILVER,BRONZE,BLUE,HALA",SH ZAYED II STREET,02-6332255,HOSPITAL,24.484644,54.362132
WAZIRUSTAN CLINIC LLC,AUH,"PLATINUM,G PLUS,GOLD,SILVER,BRONZE,BLUE",GAYATHI,02-8741400,MEDICAL CENTER,23.843993,52.808354
"SEHA EMIRATES HOSPITAL LLC(TEMPORARILY CLOSED FOR 6 MONTHS, EFFECTIVE 30/06/2025,WITH THE EXCEPTION OF ORTHOPEDIC AND RADIOLOGY DEPT.)",AUH,"PLATINUM,G PLUS,GOLD,SILVER,BRONZE,BLUE",DELMA ST  NEAR AL NAHYAN CAMP,02-4438999,HOSPITAL,24.470933,54.383033
"SEHA EMIRATES PHARMACY L.LC(TEMPORARILY CLOSED FOR 6 MONTHS, EFFECTIVE 30/06/2025,WITH THE EXCEPTION OF ORTHOPEDIC AND RADIOLOGY DEPT.)",AUH,"PLATINUM,G PLUS,GOLD,SILVER,BRONZE,BLUE,ASASI","NAHYAN CAMP AREA, NAJDA STREET",02-4451669,PHARMACY,24.47095,54.383017
AL SANABEL MEDICAL CENTER (DIRECT BILLING IS TEMPORARILY SUSPENDED),SHJ,"PLATINUM,G PLUS,GOLD,SILVER,BRONZE,BLUE","GLDEN TWR,BUHIRAH CORNICH,AL MAJAZ",06-5486662,POLYCLINIC,25.34114,55.385678
HEART BEAT MEDICAL CENTER & ONE DAY SURGERY L.L.C.,AUH,"PLATINUM,G PLUS,GOLD,SILVER,BRONZE","AIRPORT ROAD ,MUSHRIF AREA",02-4449494,ONE DAY SURGERY CENTER,24.443659,54.394413
AL QADI PHARMACY & ESTABLISHMENT LLC (TEMPORARILY CLOSED FROM 1ST NOVEMBER 2025 TILL 1ST FEBRUARY 2026),AUH,"PLATINUM,G PLUS,GOLD,SILVER,BRONZE,BLUE,ASASI","YATEEM OPTICS BLDG.,KHALIDIYAH",02-6341122,PHARMACY,24.493883,54.370071
ALPHA DENTAL CLINIC (AL GARHOUD) DUBAI- (DIRECT BILLING IS TEMPORARILY SUSPENDED),DXB,"PLATINUM,G PLUS,GOLD,SILVER,BRONZE","S-G17 AL GARHOUD BUSINESS CENTRE, AL GARHOUD",04-5753025,"PLATINUM,G PLUS,GOLD,SILVER,BRONZE",25.250843,55.339573
FAMILY DENTAL CLINIC FZC,DXB,"PLATINUM,G PLUS,GOLD,SILVER,BRONZE",25 SILICON HEIGHTS 1 BEHIND SOUQ EXTRA  DUBAI SILICON OASIS,508967497,"PLATINUM,G PLUS,GOLD,SILVER,BRONZE",25.120294,55.397677
GULF CARE DIAGNOSTIC CENTER L.L.C,DXB,"PLATINUM,G PLUS,GOLD,SILVER,BRONZE,BLUE","SHOP NO.1, GROUND FLOOR, BAIT AL WALEED 2 BUILDING,  KHALID BIN WALEED STREET -BURDUBAI",04-3278811,"PLATINUM,G PLUS,GOLD,SILVER,BRONZE,BLUE",25.25977,55.29426
DR JOJI SPECIALISED DENTAL IMPLANTOLOGY CENTER L.L.C,DXB,"PLATINUM,G PLUS,GOLD,SILVER,BRONZE","1 ST FLOOR, FALT NO:12, AL HILAL BUILDING ,2ND DECEMBER STREET - AL DIYAFAH STREET - AL SATWA",508967497,"PLATINUM,G PLUS,GOLD,SILVER,BRONZE",25.237221,55.277293
GLAMSMILE DENTAL CENTER - L.L.C - S.P.C,AUH,"PLATINUM,G PLUS,GOLD,SILVER,BRONZE","AL WATHBA SOUTH, BUILDING P32 NEXT TO AL WATHBA MALL, AL WATHBA, ABU DHABI",02 5837009,"PLATINUM,G PLUS,GOLD,SILVER,BRONZE",24.274177,54.654382
MARIGOLD DENTAL & ORTHODONTIC CLINIC L.L.C.,AUH,"PLATINUM,G PLUS,GOLD,SILVER,BRONZE","AL INSHIRAH STREET, DANAT TOWER B, BUILDING NO. 23,",02-6414020,"PLATINUM,G PLUS,GOLD,SILVER,BRONZE",24.429497,54.434025
DR MOHAMED MUNIR DENTAL CENTRE - L.L.C,AUH,"PLATINUM,G PLUS,GOLD,SILVER,BRONZE",LEVEL 1 AL RAHA MALL - AL RAHA - ABU DHABI,97126662408,"PLATINUM,G PLUS,GOLD,SILVER,BRONZE",24.439036,54.574511
SMILE ART DENTAL AND ORTHODONTIC L.L.C.,AUH,"PLATINUM,G PLUS,GOLD,SILVER,BRONZE","ZAYED THE FIRST STREET, TAWJEEH BUILDING, MEZZ FLOOR",25631116,"PLATINUM,G PLUS,GOLD,SILVER,BRONZE",24.487988,54.366472
DR SHIYAS DENTAL CENTER,SHJ,"PLATINUM,G PLUS,GOLD,SILVER,BRONZE","AL MARZOOQI BUILDING, FLOOR NO 1 - WASIT ST - AL ABAR - HALWAN -SHARJAH",65580418,"PLATINUM,G PLUS,GOLD,SILVER,BRONZE",25.34619,55.432427
TARABICHI STAMMBERGER DAY SURGICAL CENTER L.L.C,DXB,"PLATINUM,GOLD,G PLUS","142 UMM SUQEIM STREET, UMM AL SHEIF",04-4131000,"PLATINUM,GOLD,G PLUS",25.128196,55.195645
BERLIN HEALTH CARE L.L.C,DXB,"PLATINUM,GOLD,G PLUS,SILVER,BRONZE,BLUE","BEL REMAITHA REBAT STREET 38, NADD AL HAMAR",04-3999488,"PLATINUM,GOLD,G PLUS,SILVER,BRONZE,BLUE",25.213815,55.379755
DUO PRIME CARE MEDICAL CENTER SOLE PROPRIETORSHIP LLC,AUH,"PLATINUM,G PLUS,GOLD,SILVER,BRONZE,BLUE","MUSAFFAH M4,FIRST FLOOR,NEAR WORKERS VILLAGE,ABUDHABI",50-2981072,"PLATINUM,G PLUS,GOLD,SILVER,BRONZE,BLUE",24.476014,54.353503
PYRAMIDS HEALTH SERVICES L.L.C.,AUH,"PLATINUM,G PLUS,GOLD,SILVER,BRONZE,BLUE","TOWER, NO. 1103 - 4 AL HUDOU-A ST - AL FALAH - ZONE 1",26346431,"PLATINUM,G PLUS,GOLD,SILVER,BRONZE,BLUE",24.47896,54.37113
ADRIA MEDICAL CENTER - L.L.C,AUH,"PLATINUM,GOLD,G PLUS,SILVER,BRONZE,BLUE","VILLA NO. 79, MOHAMED BIN ZAYED, ABU DHABI, UNITED ARAB EMIRATES",25551551,"PLATINUM,GOLD,G PLUS,SILVER,BRONZE,BLUE",24.3656,54.5403
DAS HOSPITAL,AUH,"PLATINUM,GOLD,G PLUS,SILVER,BRONZE,BLUE,ASASI",DAS ISLAND,02-8090317,"PLATINUM,GOLD,G PLUS,SILVER,BRONZE,BLUE,ASASI",25.1547,52.8768
KINGS COLLEGE HOSPITAL LONDON MEDICAL CENTRE (BR OF KCH HEALTHCARE L.L.C),DXB,"PLATINUM,GOLD,G PLUS",MUDON COMMUNITY CENTER - FIRST FLOOR - MUDON,04-5199770,"PLATINUM,GOLD,G PLUS",25.027434,55.26817
DR. NASSER MEDICAL CENTER - SOLE PROPRIETORSHP LLC,AUH,"PLATINUM,G PLUS,GOLD,SILVER,BRONZE,BLUE",17 AL 'AYID ST - AL SHAMKHAH - SH18 - ABU DHABI,02-5758999,"PLATINUM,G PLUS,GOLD,SILVER,BRONZE,BLUE",24.377774,54.693671
GRAND INFINITY MEDICAL CENTER L.L.C,DXB,"PLATINUM,G PLUS,GOLD,SILVER,BRONZE,BLUE","NEXT TO GRAND EXCELSIOR HOTEL, MUTEENA STREET, SHOP NO- 4, DIERA,",04 336 1055,"PLATINUM,G PLUS,GOLD,SILVER,BRONZE,BLUE",24.925416,54.972087
MACANI MEDICAL CENTER LLC,AUH,"PLATINUM,G PLUS,GOLD,SILVER","AL MUNTAZAH TOWER, KHALIDYA, KHALIDY A AREA,",97126662655,"PLATINUM,G PLUS,GOLD,SILVER",24.4685,54.34089
DUO PRIME CARE PHARMACY LLC SPC,AUH,"PLATINUM,G PLUS,GOLD,SILVER,BRONZE,BLUE,ASASI","PLOT NO: P5, AL JAMMALAH 1 STREET, 11, M-24,MUSAFFAH,",26674779,"PLATINUM,G PLUS,GOLD,SILVER,BRONZE,BLUE,ASASI",24.36429,54.5231
CWH PHARMACY L.L.C (BRANCH),DXB,"PLATINUM,G PLUS,GOLD,SILVER,BRONZE,BLUE,ASASI","SHOP G1002, KHALID BIN AL WALEED ROAD, BURJUMAN CENTRE",04-3865376,"PLATINUM,G PLUS,GOLD,SILVER,BRONZE,BLUE,ASASI",25.25221,55.30961
WHITEY SMILE MEDICAL CENTER LLC OPC,SHJ,"PLATINUM,G PLUS,GOLD,SILVER,BRONZE","SHIEKH ABDULLAH BIN MHMD AL QASIMI STREET, RAK,UAE",72587656,"PLATINUM,G PLUS,GOLD,SILVER,BRONZE",25.455,55.5821
CWH PHARMACY L.L.C,DXB,"PLATINUM,GOLD,G PLUS,SILVER,BRONZE,BLUE,ASASI","SHOP NO F39, FIRST FLOOR, AL GHURAIR CENTRE, AL MURAQQABAT,",04-3865376,"PLATINUM,GOLD,G PLUS,SILVER,BRONZE,BLUE,ASASI",25.21846,55.279171
DR.NASSER PHARMACY - SOLE PROPRIETORSHIP L.L.C,AUH,"PLATINUM,G PLUS,GOLD,SILVER,BRONZE,BLUE,ASASI",AL AYID ST - AL SHAMKHAH - SH18 - ABU DHABI,25758999,"PLATINUM,G PLUS,GOLD,SILVER,BRONZE,BLUE,ASASI",24.377687,54.693562
GRAND INFINITY PHARMACY L.L.C,DXB,"PLATINUM,G PLUS,GOLD,SILVER,BRONZE,BLUE,ASASI","NEXT TO GRAND EXCELSIOR HOTEL, MUTEENA STREET, SHOP NO- 4, DIERA,",04 3361148,"PLATINUM,G PLUS,GOLD,SILVER,BRONZE,BLUE,ASASI",24.925416,54.972087
HEALTH LINE PHARMACY L.L.C. - BRANCH,AUH,"PLATINUM,GOLD,G PLUS,SILVER,BRONZE,BLUE,ASASI","AL RIADH, AL SHAMKHA SOUTH, ABU DHABI",25668600,"PLATINUM,GOLD,G PLUS,SILVER,BRONZE,BLUE,ASASI",24.36816,54.74065
OXFORD PHARMACY L.L.C,DXB,"PLATINUM,G PLUS,GOLD,SILVER,BRONZE,BLUE,ASASI","GROUND FLOOR, AL SHARAFI BUIDING, BUR DUBAI",43925070,"PLATINUM,G PLUS,GOLD,SILVER,BRONZE,BLUE,ASASI",25.25739,55.2876
ROYAL PHOENIX CLINIC L.L.C - PHARMACY,DXB,"PLATINUM,GOLD,G PLUS,SILVER,BRONZE,BLUE,ASASI","1ST FLOOR, WASL VILLAGE RETAIL, AL QUASIS INDUSTRIAL AREA 5,",04-2576155,"PLATINUM,GOLD,G PLUS,SILVER,BRONZE,BLUE,ASASI",25.28838,55.41272
PANORAMA PHARMACY - SOLE PROPRIETORSHIP L.L.C.,AUH,"PLATINUM,GOLD,G PLUS,SILVER,BRONZE,BLUE,ASASI","ALMARFA CITY, AL DHAFRA REGION",02-5655620,"PLATINUM,GOLD,G PLUS,SILVER,BRONZE,BLUE,ASASI",24.09942,53.49664
RIGHT CHOICE HEALTH PHARMACY,AUH,"PLATINUM,GOLD,G PLUS,SILVER,BRONZE,BLUE,ASASI","BUILDING 43, SHOP 32, MUSAFFAH-10, INDUSTRIAL AREA, ABU DHABI",24917599,"PLATINUM,GOLD,G PLUS,SILVER,BRONZE,BLUE,ASASI",24.22158,54.30171
SUPER CARE PHARMACY L.L.C,DXB,"PLATINUM,G PLUS,GOLD,SILVER,BRONZE,BLUE,ASASI","UNIT 03, JOUD BOULEVARD CENTRE, MOTOR CITY, DUBAI",04-3504500,"PLATINUM,G PLUS,GOLD,SILVER,BRONZE,BLUE,ASASI",25.043,55.2302
SUPERCARE PHARMACY L.L.C - BRANCH OF ABU DHABI 11,AUH,"PLATINUM,G PLUS,GOLD,SILVER,BRONZE,BLUE,ASASI","RA-017, ETIHAD TOWERS AVENUE, AL BATEEN, ABU DHABI",43504500,"PLATINUM,G PLUS,GOLD,SILVER,BRONZE,BLUE,ASASI",24.4587,54.3218
SUPER CARE PHARMACY LLC - SHJ BR - BRANCH 4,SHJ,"PLATINUM,G PLUS,GOLD,SILVER,BRONZE,BLUE,ASASI","SHOP 545, SAHARA CENTER, AL NAHDA, SHARJAH",04-3504500,"PLATINUM,G PLUS,GOLD,SILVER,BRONZE,BLUE,ASASI",25.3223,55.5136
SUPER CARE PHARMACY L.L.C,DXB,"PLATINUM,G PLUS,GOLD,SILVER,BRONZE,BLUE,ASASI","UNIT RETAIL-04, GREEN AVENUE BUILDING, AL BARSHA HEIGHTS, DUBAI",04-3504500,"PLATINUM,G PLUS,GOLD,SILVER,BRONZE,BLUE,ASASI",25.0965,55.1767
SUPER CARE PHARMACY L.L.C,DXB,"PLATINUM,G PLUS,GOLD,SILVER,BRONZE,BLUE,ASASI","SHOP R1, MARINASCAPE MALL, DUBAI MARINA, DUBAI",04-3504500,"PLATINUM,G PLUS,GOLD,SILVER,BRONZE,BLUE,ASASI",25.0828,55.1463
WISH CARE PHARMACY - L.L.C - S.P.C,AUH,"PLATINUM,G PLUS,GOLD,SILVER,BRONZE,BLUE,ASASI","8,INDUSTRIAL AREA, AL SAFRAH,ALAIN",37227544,"PLATINUM,G PLUS,GOLD,SILVER,BRONZE,BLUE,ASASI",24.196203,55.764983
SUPERCARE PHARMACY LLC BRANCH,DXB,"PLATINUM,G PLUS,GOLD,SILVER,BRONZE,BLUE,ASASI","SHOP 9, ASWAAQ MALL - AL MIZHAR, AL MIZHAR 1,",04-3504500,"PLATINUM,G PLUS,GOLD,SILVER,BRONZE,BLUE,ASASI",25.2395,55.448
SUPERCARE PHARMACY LLC BRANCH,DXB,"PLATINUM,G PLUS,GOLD,SILVER,BRONZE,BLUE,ASASI","SHOP 3, ASWAAQ MALL - AL WARQA, AL WARQA 2,",04-3504500,"PLATINUM,G PLUS,GOLD,SILVER,BRONZE,BLUE,ASASI",25.1841,55.418
VALIANT HEALTHCARE PHARMACY LLC,DXB,"PLATINUM,G PLUS,GOLD,SILVER,BRONZE,BLUE,ASASI","13 STREET, CITYWALK",800548248,"PLATINUM,G PLUS,GOLD,SILVER,BRONZE,BLUE,ASASI",25.2009,55.263
MEDI CENTRES POLYCLINIC L.L.C (BRANCH)- FAKEEH SMART CLINIC BY FAKEEH HEALTH,DXB,"PLATINUM,GOLD,G PLUS","AL TAWAR SECOND, DUBAI AIRPORT FREE ZONE, UNIT 2W G05",04-4144444,"PLATINUM,GOLD,G PLUS",25.26236,55.369567
GRAVITY DENTAL POLY CLINIC L.L.C,DXB,"PLATINUM,G PLUS,GOLD,SILVER,BRONZE","403,AL MURJAN TOWER, AL NADA 2 DUBAI",04-3431318,"PLATINUM,G PLUS,GOLD,SILVER,BRONZE",25.29805,55.3815
MEDI CENTRES POLYCLINIC L.L.C (BRANCH),DXB,"PLATINUM,GOLD,G PLUS","ZABEEL, THE DUBAI MALL, SF 30",04-4144444,"PLATINUM,GOLD,G PLUS",25.261,55.3731
AMAN LILAFIA CLINIC L.L.C,DXB,"PLATINUM,GOLD,G PLUS,SILVER","7TH FLOOR, M SQUARE, AL MANKHOOL,",04-3169999,"PLATINUM,GOLD,G PLUS,SILVER",25.2498,55.3005
ROYAL PHOENIX CLINIC L.L.C,DXB,"PLATINUM,GOLD,G PLUS,SILVER,BRONZE,BLUE","1ST FLOOR, WASL VILLAGE RETAIL,AL QUASIS INDUSTRIAL AREA 5,",04-2576155,"PLATINUM,GOLD,G PLUS,SILVER,BRONZE,BLUE",25.28838,55.41272
THUMBAY CLINIC (S.P.S - L.L.C),AJM,"PLATINUM,GOLD,G PLUS,SILVER,BRONZE,BLUE","THUMBAY MEDICITY,AL JURF,",06 7705555,"PLATINUM,GOLD,G PLUS,SILVER,BRONZE,BLUE",25.419848,55.49972
VALIANT HEALTHCARE L.L.C,DXB,"PLATINUM,GOLD,G PLUS","CITY WALK 13TH STREET,",800548248,"PLATINUM,GOLD,G PLUS",25.2009,55.263
DR. TALAL ASKARI MEDICAL CENTER (EXCLUDING MOHD4802-DR TALAL ASKARI_EFFECTIVE 28/05/2025),SHJ,"PLATINUM,G PLUS,GOLD,SILVER,BRONZE",SUNDOS BLDG. HC 02 AL MAMZAR CORNICHE ROAD,06-5266099,DENTAL,25.31982,55.364625
AL AHLI HOSPITAL COMPANY LLC BRANCH-1,AUH,"PLATINUM,G PLUS,GOLD,SILVER,BRONZE,BLUE","LIWA ROAD, M-24 MUSAFFAH",02-8119119,HOSPITAL,24.362921,54.52439
MEDICLINIC HOSPITALS LLC (AIRPORT ROAD HOSPITAL),AUH,"PLATINUM,G PLUS,GOLD,SILVER",AIRPORT ROAD,8002000,HOSPITAL,24.465693,54.385457
N M C ROYAL HOSPITAL LTD,AUH,"PLATINUM,G PLUS,GOLD,SILVER,BRONZE",KHALIFA CITY,02-2035339,HOSPITAL,24.411706,54.571096
MEDICLINIC HOSPITALS - ALMUSAFAH SPECIALITY,AUH,"PLATINUM,G PLUS,GOLD,SILVER,BRONZE",AL MUSSAFAH,02-4066900,MEDICAL CENTER,24.330683,54.531717
MEDICLINIC AL MAMORA LLC,AUH,"PLATINUM,G PLUS,GOLD,SILVER,BRONZE",AL MAMURA-MUROOR ROAD,02-4126106,MEDICAL CENTER,24.465461,54.385719
MEDICLINIC HOSPITALS - MADINAT ZAYED SPECIALITY CLINICS,AUH,"PLATINUM,G PLUS,GOLD,SILVER,BRONZE",MADINAT ZAYED,02-8848883,POLYCLINIC,23.668326,53.697349
CLINICS - MEDICLINIC HOSPITALS L.L.C. BRANCH 5,ALAIN,"PLATINUM,G PLUS,GOLD,SILVER,BRONZE","AL JIMI , NEAR CAREFOURE",03-7628899,MEDICAL CENTER,24.244003,55.720462
CLINICS - MEDICLINIC HOSPITALS L.L.C.  (AL YAHAR),ALAIN,"PLATINUM,G PLUS,GOLD,SILVER,BRONZE","SHEIKH SALEM AL AMRI BLDG, AL YAHAR",03-7133401,POLYCLINIC,24.226287,55.551993
CLINICS-MEDICLINIC HOSPITALS L.L.C- BRANCH 6,ALAIN,"PLATINUM,G PLUS,GOLD,SILVER,BRONZE","3RD STREET SHABIYAT, AL MAQAM",03-7628899,MEDICAL CENTER,24.243912,55.720455
MEDICLINIC HOSPITALS L.L.C ( CLINICS ) - BRANCH,AUH,"PLATINUM,G PLUS,GOLD,SILVER,BRONZE","ALZAWIYAH ST, AL REEM ISLAND",02-4126110,POLYCLINIC,24.488,54.40033
MEDICLINIC HOSPITALS - BANIYAS CLINICS (EXCLUDING DENTAL,AUH,"PLATINUM,G PLUS,GOLD,SILVER,BRONZE",BANIYAS,02-8858000,MEDICAL CENTER,24.287857,54.647206
MEDICLINIC - KHALIFA CITY LLC,AUH,"PLATINUM,G PLUS,GOLD,SILVER,BRONZE","284 VILLA, NEAR POLICE STATION",02-8856700,POLYCLINIC,24.4395,54.596852
HEALTHBAY POLYCLINIC BR MOTOR CITY (TEMPORARILY SUSPENDED FROM DIRECT BILLING_EXCLUDING DENTAL & DR. GUSTAVO RYDBERG,DXB,PLATINUM,"DETROIT BUILDING, MOTOR CITY",04-4516808,POLYCLINIC,25.046311,55.230926
GREENCITY PHARMACY L.L.C L.L.C,AUH,"PLATINUM,G PLUS,GOLD,SILVER,BRONZE,BLUE,ASASI","TOWN CENTRE- MURABAA DISTRICT , ZAYED BIN SULTAN 137 TH STREET.  AL AIN",37515888,PHARMACY,24.22182,55.771619
APPOLONIA PLUS PEDIATRIC DENTAL CENTER L.L.C.,ALAIN,"PLATINUM,G PLUS,GOLD,SILVER,BRONZE,BLUE","AL MAHHAR STREET, MARKHANIYYAH, AL AIN",8007600,DENTAL,24.22696,55.6605
SYNERGY DENTAL CENTER L.L.C.,AUH,"PLATINUM,G PLUS,GOLD,SILVER,BRONZE,BLUE",VILLA 2 - PLOT 8 NASEEM AL BARR ST - SHAKHBOUT CITY - MFW-8 - ABU DHABI,8007600,DENTAL,24.226,55.6605
RETAJ MEDICAL CENTER L.L.C.,AUH,"PLATINUM,G PLUS,GOLD,SILVER,BRONZE","355, NASEEM AL BARR STREET, SHAKHBOUT CITY, MFW 24, ABU DHABI",02-6655644,MEDICAL CENTER,24.378301,54.64064
APPOLONIA ADVANCED PEDIATRIC DENTAL CENTER LLC,AUH,"PLATINUM,G PLUS,GOLD,SILVER,BRONZE,BLUE","BUILDING 88, SECTOR SE5, AL SALAMAH STREET,NEXT TO LE CHOCOLA - KHALIFA CITY - SE-5 - ABU DHABI",02-8007600,DENTAL,24.413,54.584
STAY WELL PHARMACY - JUMEIRAH (BR OF UNITED MEDICAL SUPPLIES (UNIMED) (L.L.C),DXB,"PLATINUM,G PLUS,GOLD,SILVER,BRONZE,BLUE,ASASI","GALLERIA MALL,AL WASL ROAD, JUMEIRAH 1",04-3773976,PHARMACY,,
COSMESURGE CLINICS L.L.C,DXB,"PLATINUM,G PLUS,GOLD,SILVER",SHEIKH ZAYED ROAD,04-6058300,MEDICAL CENTER,,
LIFE CLINIC 2 BR OF LIFE CLINIC LLC,DXB,"PLATINUM,G PLUS,GOLD,SILVER","BIN DHAHI BUIDLING, GROUND FLOOR DAMASCUS STREET, AL QUSAIS",04-5610000,MEDICAL CENTER,,
