PROVIDER NAME,EMIRATE,PROVIDER TYPE,AREA,ADDRESS,TELEPHONE,lat,lon
ABU SHARIA PHARMACY,AUH,PHARMACY,KHALIDIYA STREET,OPPOSITE BLOOD BANK BEHIND KHALIDIYA MALL,02-6670181,24.4679,54.3524
ABU AL-ABYAD CLINIC O.P. PH-SEHA,AUH,PHARMACY,WESTERN REGION,WESTERN REGION,02-8839140,24.1925,53.7738
ABU AL ABYAD ISLAND CLINIC-SEHA,AUH,CLINIC,WESTERN REGION,WESTERN REGION,02-8839140,24.1925,53.7752
ADRIA MEDICAL CENTER,AUH,CLINIC,,"ZONE 5,VILLA 79 NEAR MAZYAD MALL MOHAMMEDBINZAYED",02-5551551,24.3656,54.5403
ACCURACY PLUS MEDICAL LABORATORY,AUH,DIAGNOSTIC CENTER,HAMDAN STREET,ASTER PHARMACY BLDG.  M02 HAMDAN STREET AL DANAH,02-6333923,24.4899,54.3611
ADVANCED CENTER FOR DAY CARE SURGERY,AUH,DAY CARE,SHEIKH RASHID BIN SAEED STREET,JASMINE TOWER NEAR RAK BANK ABU DHABU,02-6227717,24.4722,54.3696
BU HASA PHARMACY (OUT-PATIENT),AUH,PHARMACY,,WESTERN REGION AL DHAFRAH ABUDHABI,02-6023882,23.5756,53.3155
BUHASA CLINIC (ADNOC) Y-252,AUH,CLINIC,,BUHASA,02-6035272/71,24.4721,54.3423
ARZANAH CLINIC,AUH,CLINIC,,"UMM AL NAR, NEAR AL MAQTA BRID ABU DHABI",02-6023882,24.4209,54.4861
ASAB CLINIC (ADNOC) Y-253,AUH,CLINIC,ASAB STREET,ASAB ADCO SITE,02-6034222,23.2881,54.2295
ASAB PHARMACY (OUT-PATIENT),AUH,PHARMACY,,"WESTERN REGION, AL DHAFRAH ABUDHABI",02-6023882,23.2887,54.2299
ADNOC TECHNICIAL INSTITUTE CLINIC-ATI,AUH,CLINIC,,AL SHAWAMEKH NEAR SCHLUMBERGE ABUDHABI,02-6023882,24.3787,54.6878
CENTRAL ISLAND CLINIC,AUH,CLINIC,,CENTRAL ISLAND CLINIC  CENTRAL ISLAND CLINIC,02-6023882,24.4854,54.3579
SHAH CLINIC (ADNOC),AUH,CLINIC,,68 KM S/WEST OF ASAB 165 KMS FROM ABU DHABI,02-6044248,23.1454,53.914
SHEIKH KHALIFA ENERGY CLINIC-ADNOC-SKEC,AUH,CLINIC,,SHEIKH KHALIFA ENERGY COMPLEX  ABUDHABI,02-6023882,24.498,54.3665
ADNOC TECHNICAL INSTITUTE PHARMACY,AUH,PHARMACY,,"AL SHAWAMEKH, NEAR SCHLUMBERGE ABUDHABI",02-6023882,24.3651,54.6597
DABBIYA CLINIC (ADNOC) Y-255,AUH,CLINIC,DABBIYA,AL DABBIYA ABT 50 KMS FRM ABU DHABI,02-6046789,24.3086,54.1153
DAS MEDICAL CENTER PHARMACY,AUH,PHARMACY,,DAS ISLAND  DAS ISLAND,02-6023882,25.1577,52.8765
HABSHAN CLINIC (ADNOC) Y-251,AUH,CLINIC,HABSHAN STREET,NEAR HABSHAN GASCO REFINERY,02-6038331,24.4612,54.3624
HABSHAN PHARMACY (OUT-PATIENT),AUH,PHARMACY,,"WESTERN REGION, AL DHAFRAH ABUDHABI",02-6023882,23.8651,53.6243
SAHIL CLINIC /SARDAR ALI (ADNOC),AUH,CLINIC,HAMAM ROAD,LIWA STREET,02-6049742,24.4755,54.3457
ZIRKU PHARMACY,AUH,PHARMACY,,ZIRKU ISLAND  ZIRKU ISLAND,02-6023882,24.883,53.0725
ADVANCE CURE DIAGNOSTIC CENTER LLC - BR2,AUH,CLINIC,,BACK SIDE OF ADNOC PATROL STAT AL BATEEN STREET ABU DHABI CITY,02-4100900,24.4593,54.3492
ADVANCED CURE DIAGNOSTICS CENTRE BRANCH1,AUH,CLINIC,32ND STREET,AL BATEEN VILLA NEAR BNP,02-410-0900,24.4594,54.3492
ADVANCE CURE PHARMACY,AUH,PHARMACY,32ND STREET,ADVANCED CURE DIAGNOSTIC BLDG. NBAD BANK,02-4100934,24.4596,54.3492
ADVANCED CURE DIAGNOSTIC CENTER,AUH,CLINIC,31ST STREET,OPP POST OFFICE NEAR AL BATEEN MALL,02-6675050,24.4595,54.3492
AHALIA HOSPITAL (AHALIA GROUP),AUH,HOSPITAL,HAMDAN STREET,SAME LINE OF LULU CENTRE OPPOSITE TO LIWA CENTRE,02-6262666,24.4906,54.36
AH CARE PHARMACY,AUH,PHARMACY,,NEAR DOHA BANK AL NAJDA STREET AL NAJDA,02-5465599,25.2854,51.531
AL AHLI HOSP COMPANY LLC-BR 1 (AHALIA),AUH,HOSPITAL,MUSSAFAH,AFTER THE BMW SHOWROOM TARIFF ROAD,02-8119119,24.3607,54.5215
AL AHLIA NATIONAL PHARMACY LLC (AHALIA),AUH,PHARMACY,TARIFF ROAD,AFTER THE BMW SHOWROOM,02-8119119,24.3636,54.5243
AL AFDAL MEDICAL CENTER LLC,AUH,CLINIC,M4 MINA ST,BUILDING 982  OFFICE,02-635532,24.5026,54.3733
AL AIN PHARMACY - AL DANAH,AUH,PHARMACY,ADNOC 999 SERVICE STN,na,02-6260650,24.4849,54.367
ALAIN PHARMACY - AL NAHYAN,AUH,PHARMACY,PLAZA 30 BUILDING,na,02-6260090,24.4716,54.3855
ALAIN PHARMACY - AL RIYAD CITY,AUH,PHARMACY,THE COURTYARD MALL OPP LULU HYPERMARKET,na,02-6671980,24.3271,54.7508
AL AIN PHARMACY - AL SA'ADAH,AUH,PHARMACY,TOWER B DANAT SQUARE,na,02-6453444,24.4291,54.4346
ALAIN PHARMACY - AL ZEINA,AUH,PHARMACY,AL ZEINA,na,02-5517772,24.4543,54.6143
ALAIN PHARMACY - KHALIFA CITY,AUH,PHARMACY,ETIHAD PLAZA BLDG,na,02-6216663,24.4437,54.6097
ALAIN PHARMACY - KHALIFA CITY 2,AUH,PHARMACY,AL MADINA FRESHMART BLDG,na,02-3094547,24.4302,54.561
ALAIN PHARMACY - MADINAT ZAYED,AUH,PHARMACY,AL DHAFRA WALK BLDG MADINAT ZAYED,na,02-6353356,23.6281,53.7141
ALAIN PHARMACY - RABDAN,AUH,PHARMACY,FORMER AD ISLAMIC BANK,na,02-6216664,24.4073,54.5059
ALAIN PHARMACY - RAWDHAT,AUH,PHARMACY,AL NEEM RESIDENCE,na,02-6282054,24.421,54.4637
ALAIN PHARMACY - AL RUWAIS,AUH,PHARMACY,OPPOSITE EMIRATES POST BESIDE ADCB BANK,na,02-4416115,24.0886,52.6484
ALAIN PHARMACY - YAS ISLAND,AUH,PHARMACY,NOYA PLAZA BLDG,na,02-6351770,24.4641,54.5967
AL MARINA PHARMACY LLC,AUH,PHARMACY,NAJDA STREET,NAJDA STREET,02-6343454,24.4915,54.3671
AL MARINA PHARMACY LLC BRANCH 1,AUH,PHARMACY,MUSAFFAH 37,NEAR OLD FRESH BANGLA SUPERMARKET MUSAFFAH 37 INDUSTRIAL AREA,02-5503115,24.4887,54.3574
PHOENIX HOSPITAL,AUH,HOSPITAL,MUSSAFAH,AL BUSTAN HOSPITAL BUILDING AL AIN -TARIFF ROAD SHABIAMUSAFFAH,02-6151515,24.3328,54.5308
PHOENIX HOSPITAL PHARMACY L.L.C,AUH,PHARMACY,MUSSAFAH,AL BUSTAN HOSPITAL BUILDING AL AIN -TARIFF ROAD SHABIAMUSAFFAH,02-6151515,24.3328,54.5308
AL CORNICHE HOSPITAL-SEHA,AUH,HOSPITAL,E. CORNICHE,E. CORNICHE,02-6724900,24.5008,54.3702
AL CORNICHE WOMEN HEALTH CTR-SEHA,AUH,CLINIC,Corniche Road,Beside Sheraton Hotel,02-6724900,24.5009,54.3684
ALFALAH LAND MARK PHARMACY,AUH,PHARMACY,AL FALAH STREET,AL FALAH STREET AL HAYER ROAD  SWEIHAN,02-6783777,24.4576,54.7402
AL FARHAN MEDICAL LABORATORY LLC,AUH,LABORATORY,,HAMAD MUBARAK HAMAD AL KHAILI NEAR BY FURTURE INTERNATIONAL BANIYAS EAST,02-5833883,24.287,54.6389
AL FARHAN MEDICAL CENTER,AUH,CLINIC,,ABDULLAH MISBAH AL AMERI OLD TAXI STAND AND ZENITH SUPE BANIYAS WEST,02-5832998,24.2876,54.6388
AL FUAD MEDICAL CENTRE L.L.C.,AUH,CLINIC,,H.E. SHAIKH ABDULLA BIN BUTTI FATIMA BIND STREET ABUDHABI CITY,02-5599444,24.4899,54.3695
AL FURQAN PHARMACY,AUH,PHARMACY,,MAFRAQ CENTRE NEAR EMIRATES GENERAL MARKET AL MAFRAQ WORKERS CITY 2,02-6316831,24.3174,54.6173
AL HANEEN PHARMACY -YAS GRP,AUH,PHARMACY,,CWRC- AL RAYAN AL MAFRAQ WORKERS CITY,02-5463531,24.2578,54.6287
AL JABER OPTICAL CENTRE LLC BRANCH-ABU D,AUH,OPTICS,,"UNIT NO. B84, , LEVEL 1, ABUDHABI MALL",02-645-6111,24.5103,54.3794
AL KHAJA MEDICAL CENTER,AUH,CLINIC,,AL SEERI BLDG. RM 1 AL DURRI ST. AL DANAH,02-6720048,24.5427,54.61
AL KHAZNA HEALTH MEDICAL CENTER,AUH,CLINIC,AL AIN,AL KHAZNA 1 BUILDING # 03,02-5584609,24.1706,55.1098
AL KHAZNA HEALTH PHARMACY,AUH,PHARMACY,AL AIN,AL KHAZNA 1 BUILDING # 03,028-869238,24.1706,55.1098
AL MAARED PHARMACY,AUH,PHARMACY,,GRND FLOOR MUSAFFAHINDUSTRIAL MUSSAFAH,02-5558810,24.348,54.493
ALMA HEALTH CARE,AUH,CLINIC,,AL KHATEM TOWER 14TH FLOOR AL MARYAH ISLAND,02-5465599,24.4984,54.3891
AL MAMOON MEDICAL CENTRE,AUH,CLINIC,SHEIK KHALIFA ST.,VILLA 38 BESIDE MARRIAGE FUND SHEIKH KHALIFA STREET OUD BIN SAG-HAN,03-7666652,24.2219,55.7143
AL MAQAM PHARMACY,AUH,PHARMACY,,GF HAMAD SUHAIL CREAK OUTLET ZAYED BIN SULTAN STREET TOWN CENTRE,03-7681188,24.4539,54.3773
ALPHA CARE PHARMACY,AUH,PHARMACY,,AL FIRDOUS CENTER GROUND FLOORSANAYYA M3 17TH STREET SANIAYA MUSSAFAH,02-5558383,24.437,54.5003
ALPHA MEDICAL CENTER,AUH,CLINIC,,AL FIRDOUS CENTER GROUND FLOORSANAYYA M3 17TH STREET SANIAYA MUSSAFAH,02-5558383,24.3704,54.517
ALPHA PHARMACY (AUH),AUH,PHARMACY,SALAM STREET,TOURIST CLUB AREA OPPOSITE CITY TERMINAL AL SALAM ST.,02-6440044,24.4918,54.383
AL QABAIL MEDICAL CENTRE L.L.C,AUH,CLINIC,,AL JIMI WORKERS VILLAGE  GROUND FLOOR MUSAFFAH,02-5575531,24.3476,54.5117
ALQATIA ISLAND CLINIC (SARAB NORTH),AUH,CLINIC,,DAS ISLAND  DAS ISLAND,02-6024518,25.1473,52.8794
AL RAZI CITY MEDICAL CENTER LLC,AUH,CLINIC,,MEZZANINE 01 AWFAW BUILDING ELEKTRA ST. KHALIDIYA,02-6224431,24.5255,54.3474
AL REEM HOSPITAL (BLUE APPLE),AUH,HOSPITAL,,OPP SORBONE UNIVERSITY JAZEERATH REEM ISLAND,02-8152000,24.4926,54.4131
AL SILA PHARMACY,AUH,PHARMACY,,UAE EXCHANGE BLDG. AL SILA  WESTERN REGION,028722087,24.0709,51.7638
AL TADAWI PHARMACY-AUH,AUH,PHARMACY,,KHYBER CLINIC BUILDING LIWA STREETNEAR OF KMH SUPER MARK AL DHAFRA,02-8844222,25.257,53.7275
AMERICAN CENTER PHARMACY LLC BRANCH,AUH,PHARMACY,AL AIN,VILLA NO 92 AL SHALLAH ST,03-7051099,24.219,55.6869
AL AMEEN MEDICAL CENTER LLC,AUH,CLINIC,NAJDA STREET,"M FLOOR, BLDG NO 3 NAJDA STREET BTWN AL MAHA & WEARMART",02-6339724,24.3559,54.5013
AL AMEEN MEDICAL CENTER,AUH,CLINIC,ELECTRA STREET,"OFFICE # 103, 1ST FLOOR, NASSE ELECTRA STREET ELECTRA STREET",02-6339722,24.4937,54.3675
AMERICAN CENTER PHARMACY,AUH,PHARMACY,INTERSECTION OF 11TH AND 26TH STREET,AMERICAN CENTER PSY&NEURO BLDG MUBARAK BIN MOHAMED,02-4433114,24.4587,54.3717
AMERICAN CENTER FOR PSYCHIATRY & NEURO,AUH,CLINIC,INTERSECTION OF 11TH AND 26TH STREET,KHALIDIYA AREA NEXT TO KHALIDIYA MALL KHALIDIYA ST,02-6664866,24.4612,54.3624
NEW AMRITA PHARMACY,AUH,PHARMACY,ZAYED STREET,AL NASER STREET VILLA NO 4 CORNICHE GARDEN,02-6661555,24.4751,54.3495
AMWAJ MEDICAL CENTER,AUH,CLINIC,,BLDG 1729 2ND FLOOR RASHID BIN BUTTY BISH KHALIFA STREET,02-6273888,24.4916,54.3602
ANNAB LABORATORIES,AUH,LABORATORY,,OFFICE # 804 8TH FLOOR AL ETIHAD TOWER NEAR AL NOOR HOSPITAL,02-6274767,24.417,54.4626
APOLLO PHARMACY LLC,AUH,PHARMACY,HAMDAN STREET,PLOT C-128,02-6344747,24.4899,54.365
APOTEKE PHARMACY,AUH,PHARMACY,NEAR KHALIFA SQUARE,na,02-8846622,24.4257,54.5633
ARAFAT PHARMACY W LL - BRANCH,AUH,PHARMACY,ELECTRA STREET,GRND FLRHAMAD CNTR ELECTRA STREET  ELECTRA,02-5506906,24.3693,54.507
FIRST GLOBAL CLINIC,AUH,CLINIC,6TH STREET,VILLA#6 OPP BMW SHOWROOM,02-6650015,24.4655,54.3476
ASPEN DENTAL POLYCLINIC LLC,AUH,CLINIC,,101 AL ANSARI EXCHANGE BLDG KHALIFA STREET ABU DHABI,02-6730013,24.4539,54.3773
ASTER PHARMACY BR OF ABUDHABI 19,AUH,PHARMACY,ST NEW  SHAHAMA,SHOP NO 2 BUILDING 4968,02-5837390,24.5292,54.6553
ASTER PHARMACY BR OF ABUDHABI 18,AUH,PHARMACY,SOUTHEAST KHALIFACITY,SHOP NO 1 BUILDING C54,02-5845609,24.4445,54.6122
ASTER PHARMACY ABUDHABI BR 20,AUH,PHARMACY,AL TATUF ST BANIYAS,SHOP NO 1 THIBAN BUILDING,02-6355490,24.3064,54.6121
ASTER PHARMACY BR OF ABUDHABI 21,AUH,PHARMACY,AL RAHA,G-01 BUILDING P 2629,02-8846576,24.4432,54.5794
ASTER PHARMACIES GRP - BR OF AUH 1,AUH,PHARMACY,AL FALAH ST,GRND FLR AL HAMED BLDG. BEHIND JUMBO ELECTRONICS,02-6437625,24.4826,54.3718
ASTER PHARMACIES GRP - BR OF AUH 2,AUH,PHARMACY,DAR AL THALMIYA,SHOP2 GRND FLR UNT 259081 BEHIND AL MUHAIRY CENTRE,02-6280582,24.4785,54.3569
ASTER PHARMACIES GRP - BR OF AUH 3,AUH,PHARMACY,HAMDAN ST,GRND FLR BLDG NO. EC-C-19 NEAR TO LULU INT'L EXCHANGE,02-6229870,24.4788,54.371
ASTER PHARMACIES GROUP LLC - BR OF AUH 4,AUH,PHARMACY,,GRND FLR BODEBIS BLDG DEYYAR,02-4478482,24.4742,54.3781
ASTER PHARMACY BR AUH 5,AUH,PHARMACY,ZAYED STREET,BUILDING NO 7,02-4489240 04-2672946,24.4896,54.3671
ASTER PHARMACY BR AUH 6,AUH,PHARMACY,,NEAR TO JOY ALUKAS JEWELRY,02-5502429 04-2672946,24.3374,54.5366
ASTER PHARMACY BR AUH 8,AUH,PHARMACY,ELECTRA STREET,CANON BUILDING NEXT TO CBI BANK,02-6711831,24.4893,54.3672
ASTER PHARMACIES BR ABU DHABI 10,AUH,PHARMACY,,HEIRS OF DARWISH BIN AHMED BLD ZAYED 1ST ELECTRA STREET,02-8868770,24.4944,54.3583
ASTER PHARMACIES AUH BR 11,AUH,PHARMACY,,SHOP 2 BLDG 193 SECTOR E18 01 NEXT TO ADNOC PETROL STN AIRPORT ROAD,02-6274688,24.4775,54.3609
ASTER PHARMACIES  AUH BR 9,AUH,PHARMACY,,SGOP 2 BLDG. 139 AL WATHIQ ST. SULTAN BIN ZAYED MUROOR ROAD,02-8869464,24.4379,54.4451
ASTER PHARMACIES GROUP L.L.C- BRANCH OF,AUH,PHARMACY,,AL SHAHEEN COMPLEX NEAR CHOTHRAM SUPER MARKET KHALIDIYA,02-6395140,24.4844,54.3365
ASTER PHARMACY AUH 3 AL DANAH,AUH,PHARMACY,AL FALA STREET,SHOP 3 C57 DARWISH BLDG AL FALA ST AL DANA EAST,02-5858396,24.4953,54.3708
ASTER PHARMACY AUH 14,AUH,PHARMACY,HAMDAN BIN MOHAMED STREET,721 MERAIKI TRADING BLDG. HAMDAN BIN MOHAMMED ST AL DANAH,02-6350204,24.4959,54.3709
ASTER PHARMACY GROUP BR OF ABU DHABI 16,AUH,PHARMACY,AL AIN,105 G FLOOR SALAHUDDEEN AL AYOUBI ST,03-7342126,24.2233,55.7647
ASTER PHARMACY GROUP BR OF ABU DHABI 17,AUH,PHARMACY,ICAD,G FLOOR FF 123 DALMA MALL AL WAZN ST,02-5620147,24.3331,54.5214
BAB AL MADINA MEDICAL CENTRE,AUH,CLINIC,,"GROUND FLR,  MOOSA AL AJBAN BUILDING MUSSAFAH 26",02-6422464,24.3507,54.5206
BAB AL MADINA PHARMACY,AUH,PHARMACY,,"GROUND FLR,  MOOSA AL AJBAN BUILDING MUSSAFAH 26",02-6422464,24.3507,54.5206
IBN NAFEES MEDICAL CENTER PHARMACY,AUH,PHARMACY,NAJDA STREET,BIN SAQAR BUILDING NEAR OMAN BANK,02-6349500,24.4917,54.3682
MEDICINA PHARMACY,AUH,PHARMACY,KHALIFA STREET,OPP AL NOOR HOSPITAL,"02-6264041 / 
02-6589543",24.4908,54.5769
PLANET PHARMACY-BANDAR MALL-JULPHAR,AUH,PHARMACY,RAHA BEACH ROAD,BANDAR MALL,02-5577611,24.4578,54.5984
BANGASH PHARMACY,AUH,PHARMACY,,HAMAD MUBARAK HAMAD AL KHAILI NEAR FURTURE INTERNATIONAL SCH BANIYAS EAST,02-5834217,24.2826,54.6478
BANIYAS AHALIA MED CTR (AHALIA GROUP),AUH,CLINIC,ABU DHABI-AIN ROAD,OPP BANIYAS KABARATNEAR DAR AL ULOOM SCHOOL,02-5836634,24.2855,54.6405
BANIYAS HEALTH CTR-SEHA,AUH,CLINIC,BANIYAS,BANIYAS,02-5835599 / 5097111,24.2941,54.6579
BANIYAS HEALTH CENTER PH-SEHA,AUH,PHARMACY,BANIYAS,BANIYAS,02-5835599 / 5097111,24.2939,54.6577
BAREEN INTERNATIONAL HOSPITAL,AUH,HOSPITAL,MOHAMMAD BIN ZAYED ROAD,OPP FATIMA BENT MUBARAK MOSQUE,02-5545555 ext 715,24.3388,54.5543
BAREEN PHARMACY,AUH,PHARMACY,MOHAMMAD BIN ZAYED ROAD,OPP FATIMA BENT MUBARAK MOSQUE,02-5545555 ext 715,24.3392,54.554
BASMAT AL HAYAT MEDICAL CENTER,AUH,CLINIC,BUHAIRAH CORNICHE ST,FLAT NO 1102-1107 SARH AL EMARAT TOWER,06-5597444,25.3396,55.3751
BASCOM PALMER AUG MEDICAL EYE INSTITUTE,AUH,DAY CARE,MOHAMED BIN ZAYED CITY,ME 07 PLOT C1 1ST FLR,02-6767975,24.3525,54.5367
BASCOM PALMER PHARMACY - L.L.C,AUH,PHARMACY,MUSSAFAH,ME07 PLOT C1,02-6767975,24.3523,54.5366
AL BATEEN FAMILY MEDICINE CLINIC-SEHA,AUH,CLINIC,AL BATEEN,AL BATEEN,02-8191850,24.4605,54.3415
BATEEN FAMILY MEDICINE CLINIC PH-SEHA,AUH,PHARMACY,BATEEN DISTRICT,BATEEN DISTRICT,02-8191866,24.4613,54.342
AL BATEEN PHARMACY (LANDMARK),AUH,PHARMACY,ELECTRA STREET,PINK BUILDING NEAR ELDORADO CINEMA,02-6766610,24.4952,54.3724
BAYTI HOME HEALTHCARE LLC,AUH,CLINIC,,AMANA BUILDING OPPOSITE ABU DHABI MUNICIPALIT AL SALAM STREET,02-6280888,24.4992,54.37
BEHAVIOURAL SCIENCE PAVILON-SEHA,AUH,HOSPITAL,KARAMA STREET,KARAMA STREET,02-8190000,24.4725,54.3652
BENEFICIAL PHARMACY,AUH,PHARMACY,,FLAT NUMBER 25 GROUND OPRA REAL ESTATE BUILDING AFRICAN EASTERN M 37 KM TRADING  K.M TRADING STREET MUSAFFAH SANAIYA,02-5513334,24.3474,54.5008
BEST HEALTH CARE PHARMACY L.L.C.,AUH,PHARMACY,,AL-SARAB BUILDING NEAR UBL BANK MUSSAFFAH MUSSAFFAH,02-5755333,24.3752,54.4989
BETTER LIFE PHARMACY LLC-BR 1(AHALIA),AUH,PHARMACY,,AL SHEREIF TOWER NEAR UNION NATIONAL BANK CORNICHE ROAD,02-81119119,24.4889,54.3528
BIDA MUTAWA CLINIC O.P. PH-SEHA,AUH,PHARMACY,WESTERN REGION,WESTERN REGION,02-8777175,23.7888,52.5718
BIDA MUTAWA PRIMARY HEALTH CARE CTR-SEHA,AUH,CLINIC,WESTERN REGION,WESTERN REGION,02-8839140 / 80050,24.5309,54.5162
BIN SINA DANA PLAZA (ALPHAMED),AUH,PHARMACY,,DANA PLAZA,02-6669240,24.4739,54.3467
NEW BIN SINA PHARMACY (ALPHAMED),AUH,PHARMACY,,NEAR MEXICAN CITY,02-5562140,24.4812,54.5619
BIN SINA PHARMACY-MARINA MALL (ALPHAMED),AUH,PHARMACY,MARINA MALL,MARINA MALL,02-6815630,24.4761,54.3224
BINSINA PHARMACY AL FALAH,AUH,PHARMACY,AL FALAH ST,THE GALLERIA LEVEL 2 R2 PARKING,02-4919745,24.5016,54.3897
BIN SINA PHARMACY,AUH,PHARMACY,HAMOUDA BIN ALI AL DHAHERI ST,AREA 107,02-8870931,24.5015,54.3896
BIN SINA AL MUROOR PH (ALPHAMED),AUH,PHARMACY,MUROOR ROAD,UNIT NO. 4 NEAR ABU DHABI COOP,02-4498140,24.4343,54.4394
BLUE OCEAN MEDICAL CENTER,AUH,CLINIC,,HAMED GHANIM BIN HAMOODAH BUIL OPP KARAM ALARAB REST MUSSAFFAH,02-4481981,24.3358,54.5367
BLUE OCEAN PHARMACY,AUH,PHARMACY,,GROUND FLOOR C 344  MOHAMMED BIN ZAYED STREET ME10 MUSSAFFAH,02-5532323,24.3356,54.5367
AL BORG DIAGONOSTIC CENTRE FOR LAB,AUH,LABORATORY,NAJDA STREET,F-1 BEN ARAR BUILDING,02-6761221,24.4846,54.3752
NMC ROYAL WOMENS HOSPITAL LLC,AUH,HOSPITAL,PLOT 36,COMMERCIAL TOWER B JAZIRA SPORTS & CULTURE CLUB,800 7676/02-5082000,24.457,54.3921
BRIGHT POINT PHARMACY LLC - NMC,AUH,PHARMACY,PLOT NO 36,COMMERCIAL TOWER B JAZIRA SPORTS & CULTURE CLUB,02-5558825,24.4527,54.3934
BRIGHT & SHINE PHARMACY LLC,AUH,PHARMACY,,PLOT NO: S3  GROUND FR BANIYAS EAST MAFREQ  BANIYAS EAST,02-6426212,24.3103,54.6067
BRITISH NEUROLOGY PSYCHIATRY CENTER LLC,AUH,CLINIC,,VILLA 2 OPP-MERCBENZ SR AIRPORT ROAD,02-4442285,24.4265,54.449
BSP PHARMACY-OUTPATIENT-SEHA,AUH,PHARMACY,AIRPORT ROAD,BEHIND SKMC,02-8194189,24.4723,54.3648
BURJEEL HOSPITAL (VPS),AUH,HOSPITAL,AL NAJDA STREET,NEAR SHABIA POLICE STATION,02-2222332,24.4797,54.3811
BURJEEL MEDICAL CENTRE (VPS),AUH,DAY CARE,ABU DHABI-SHAHAMA RD,GROUND FLR DEERFIELDS MALL,02-5821555,24.5302,54.6716
BURJEEL MEDICAL CENTER AL SHAMKHA -VPS,AUH,DAY CARE,31ST STREET,1ST FLR MAKANI MALL,02-5085511,24.3885,54.7232
BURJEEL PHARMACY (VPS),AUH,PHARMACY,ABU DHABI-SHAHAMA RD,GROUND FLR DEERFIELDS MALL,02-5821555,24.5223,54.6706
BURJEEL PHARMACY L.L.C - BRANCH 1,AUH,PHARMACY,,SHABIA-9  NEAR LLH MC MUSAFFAH,02-2051433,24.3422,54.5375
BURJEEL PHARMACY L.L.C - BRANCH 3,AUH,PHARMACY,,EMPOST BUILDING NR SUPER MAR KHALIFA CITY,02- 2051433,24.515,54.5449
BURJEEL PHARMACY L.L.C - BRANCH 6,AUH,PHARMACY,,"AL WAHDA MALL- EXT. BUILDING, NEAR ABU DHABI BUS STATION",02- 2051433,24.4817,54.3744
BURJEEL PHARMACY AL MARINA LLC,AUH,PHARMACY,,MARINA MALL WEST ENTRANCE CORNICHE ROAD,02-3338340,24.4776,54.3195
BURJEEL AL REEM PHARMACY LLC,AUH,PHARMACY,,GATE AND ARE TOWER SHAMS BOUTIK REEM ISLAND,02-3079998,24.495,54.4081
BURJEEL PHARMACY AL SHAMKHA LLC (VPS),AUH,PHARMACY,31ST STREET,1ST FLR MAKANI MALL,02-2051303,24.3878,54.7233
BURJEEL DAY SURGERY CENTER L.L.C,AUH,CLINIC,,AL REEM ISLAND AL REEM ISLAND AL REEM ISLAND,02-3079999,24.4952,54.4088
BURJEEL MEDICAL CITY LLC,AUH,HOSPITAL,,28TH STREET MOHAMED BIN ZAYED CITY MUSAFFAH,02-7773333,24.3545,54.5396
BURJEEL OASIS MEDICAL CENTRE L.L.C,AUH,CLINIC,,BLOCK B AL DHAFRA CLUB BLDG MADINA ZAYED ST AL DHAFRA AREA MADINA ZAYED,02-8946666,23.6701,53.6978
BURJEEL PHARMACY AL DHAFRA MALL,AUH,PHARMACY,,AL SARA ST. UGF AL DHAFRA MALL AL DHAFRA WEST REGION,02-8848989,23.6978,53.8219
BU SIKEEN ISLAND CLINIC (SARAB SOUTH),AUH,CLINIC,,DAS ISLAND  DAS ISLAND,02-6024518,25.1473,52.8774
CANADIAN MEDICAL& REHABILATION CENTER,AUH,CLINIC,12TH STREET,A VILLA 9 12TH  STREET KHALIFA CITY,02-5558888,24.4511,54.5411
CLEVELAND CLINIC ABU DHABI LLC,AUH,HOSPITAL,AL FALAH ST,13FLR AL MAQAM TOWER,02-5019000 800 82223,24.4975,54.388
CENTRAL CLINIC LLC,AUH,CLINIC,,204 LEVEL 2 EMI TOWER HAMDAN SBIN MOHAMMAD ST. AL DAHNA,02-6323497,24.4857,54.3579
CLINIX PHARMACY,AUH,PHARMACY,,LAZAT REST STREET 1 MUSSAFAH,02-5530240,24.3606,54.5105
CANADIAN MEDICAL CENTER LLC,AUH,CLINIC,AL MAKTOUM STREET,BLDG 1791 VILLA NUMBER 1 BESIDE UNIVERSAL HOSPITAL,02-4469006,24.4621,54.3771
CONSULTANTS MEDICAL CENTRE EXCL.ENT&CARD,AUH,CLINIC,HAMDAN STREET,LANDMARK PLAZA BUILDING,02-6794100,24.4992,54.3759
CORAL DENTAL CLINIC,AUH,DENTAL,,1ST FLR GOLD SOUQ TOWN CENTRE  OPPOSITE AL AIN COOPERATIVE TOWN CENTER,03-7370047,24.2939,55.7759
COSMOPOLITAN MEDICAL CENTER,AUH,CLINIC,,"201, 1ST FLOOR, HAMEEM MALL AL SALAM CITY AREA AL DHAFRA REGION",02-5555328,24.1576,54.4248
DAAR AL MISBAH MEDICAL CENTER,AUH,CLINIC,,BUILDING NO 1 PLOT 20. 1ST FLOOR NEAR BANGALI MOSQUE 12TH STREET  MUSAFFAH SANAIYA,02-6213119,24.3605,54.5038
DAAR AL MISBAH PHARMACY,AUH,PHARMACY,,DAAR AL MISBAH MEDICAL CENTER BLDG.GROUND FLOORNEARBY BENGALI MASJID,02-5522399,24.3604,54.5035
DABBAYIA PHARMACY (OUT-PATIENT),AUH,PHARMACY,,WESTERN REGION AL DAFRA ABU DHABI,02-6023882,24.2517,54.1784
AL DAMAN PHARMACY,AUH,PHARMACY,NAJDA ST,ONAID HUMID AL MAZROUI BUILDING,02-6320909,24.4913,54.3607
DANA MEDICAL CENTER LLC,AUH,CLINIC,,SHAKBOOT CITY FLAT NO / FLOOR NO: 1 SHAKBOOT,02-6661551,24.3748,54.6455
DANA MEDICAL CENTER PHARMACY LLC,AUH,PHARMACY,,FLAT NUM1 SHAKBOOT CITY SHAKBOOT,02-6661551,24.3748,54.6455
DANAT AL EMARAT HOSP FOR WOMEN&CHILDREN,AUH,HOSPITAL,,3RD STREET ABU DHABI GATE CITY ABU DHABI,02-6149999,24.397,54.5009
DAS HOSPITAL,AUH,HOSPITAL,DAS ISLAND,na,02-7071271,25.147,52.8791
DAWN PHARMACY (AHALIA GRP),AUH,PHARMACY,SHITALTA STREET,MOUZAFAT ELAMMPI FLATS,02-5831929,24.2821,54.6415
DEEP OCEAN PHARMACY,AUH,PHARMACY,AL ZAHIYA ST,SHOP 8 AL WAHDA CLUB,02-6455089,24.4905,54.3801
DELMA HOSPITAL-SEHA,AUH,HOSPITAL,WESTERN REGION,WESTERN REGION,02-8942000,24.4767,52.3091
DELMA MEDICAL CENTER,AUH,CLINIC,,VILLA NO. 71 BESIDE AL KHAZNA INSURANCE/ OPPOSITE TRANS-AD OFFICE DELMA STREET  AL NAHYAN CAMP,02-4481800,24.4695,54.3841
DENTACARE CENTRE,AUH,DENTAL,HAMDAN STREET,OFFICE # 202 2ND FLOOR BIN MOSSA TOWER,02-6270527,24.4886,54.3609
DENTCARE CENTRE BRANCH 1,AUH,DENTAL,,AL MURJAN TOWER OFF. 9 M FLR 31ST DHAFEER ST. MURROR,02-4432525,24.4377,54.4379
AL DHARFA FAMILY MEDICINE CTR-SEHA,AUH,CLINIC,WESTERN REGION,WESTERN REGION,02-8741666,23.6412,53.7078
AL DHARFA FAMILY MEDICINE CENTER PH-SEHA,AUH,PHARMACY,WESTERN REGION,WESTERN REGION,02-8822204,23.6412,53.7077
DIABETIC CLINIC PH-SEHA,AUH,PHARMACY,OLD PASSPORT ROAD,SKMC CENTER FOR DIABETES & ENDOCRINOLOGY,02-8190722,24.4662,54.3542
DISEASE PREV & SCREENING CTR-SEHA,AUH,CLINIC,NEAR AL GHARBIA HOSPITAL ADMIN,NEAR AL GHARBIA HOSPITAL ADMIN,02-8941153,23.6513,53.6757
DISEASE PREVENTION SCREENING CTR-SEHA,AUH,CLINIC,SCREENING CENTER- ABU DHABI,SCREENING CENTER- ABU DHABI,80050,24.502,54.3586
DISEASE PREV & SCREENING CTR DELMA-SEHA,AUH,CLINIC,,DELMA,80050,24.4753,52.3091
DISEASE PREV & SCREENING CTR GAITHY-SEHA,AUH,CLINIC,,GAITHY,80050,23.8197,52.8083
DISEASE PREV & SCREENING CTR MARFA-SEHA,AUH,CLINIC,,AL MARFA,80050,24.198,53.5147
DISEASE PREV & SCREENING CTR MUS-SEHA,AUH,CLINIC,,MUSSAFAH,80050,24.3653,54.5211
DPSC PHARMACY ABU DHABI,AUH,PHARMACY,AL KARAMAH STREET,AL KARAMAH STREET    ABU DHABI,02 711 4000,24.4542,54.3773
DISEASE PREV & SCREENING CTR SILA-SEHA,AUH,CLINIC,,SILA,80050,24.0701,51.7614
DISEASE PREV&SCREENING CTR SWEIHAN-SEHA,AUH,CLINIC,,SWEIHAN,80050,24.4852,55.3293
DR. ATIQUR RAHMAN POLYCLINIC LLC,AUH,CLINIC,,SAEED AL KHALIL BLDG 101 1ST FLOOR NEAR EMKE SUPERMARKET BAL UROUQ ST. AL MURROR,02-6398331,24.4795,54.366
DR. MUBARAK SHAIKH CLINIC (ZIA),AUH,CLINIC,,ALYA PHARMACY BUILDING FIRST FLOOR ELECTRA STREET  AL DANAH,02 6213435,24.4854,54.3609
DR RASHED AL SHAEEL MEDICAL CENTER L.L.C,AUH,CLINIC,,VILLA NO 2  AL FURSAN VILLAGE,02-4493733,24.4048,54.5502
DUO PRIME CARE MEDICAL CENTER,AUH,CLINIC,MUSAFFAH M/4 NEAR WORKER VILL,BUILDING NO 9 FLR 1,02-5828139,24.3658,54.518
DUO PRIME CARE PHARMACY,AUH,PHARMACY,M-24 MUSAFFAH,PLOT NO 5 GROUND FLOOR,02-5828139,24.3658,54.518
EASTERN AL AHLIA MEDICAL CTR(AHALIA),AUH,CLINIC,BANIYAS STREET,WORKERS CITY 2-CHINA BANIYAS WEST,02-5856005,24.2635,54.6315
EASTERN AL AHLIA PHARMACY(AHALIA),AUH,PHARMACY,BANIYAS STREET,WORKERS CITY 2-CHINA BANIYAS WEST,02-5856008,24.2536,54.632
ELAJ MEDICAL CENTRE - ABU DHABI,AUH,CLINIC,NAJDA STREET,BUILDING 14BIN ARAR CENTER  SHARK 11,02-6762444,24.4908,54.3695
ELITE MODERN PHARMACY- JULPHAR GRP OF PH,AUH,PHARMACY,SH RASHID BIN SAEED MAKTOOM STREET,AL SAGER BUILDING NR. CARREFOUR,02-4494209,24.4236,54.4529
ELYAZIA PHARMACY (LANDMARK),AUH,PHARMACY,MUROOR ROAD,MARIAM SALAM BUILDING NEAR ALAM SUPERMARKET,02-4493700,24.435,54.4357
ELYZEE HOSPITAL LLC,AUH,HOSPITAL,AL KHALEEJ AL ARABI ST,na,02-5664222,24.4582,54.3362
EMERALD MEDICAL CENTRE,AUH,CLINIC,,SHOP NO. 5678 M37 16TH STREET INDUSTRIAL CITY OF ABU DHABI,02-5554164,24.3462,54.4956
EMERALD PHARMACY,AUH,PHARMACY,,SHOP NO. 5678 M37 16TH STREET INDUSTRIAL CITY OF ABU DHABI,02-5554164,24.4554,54.4799
EMIRATES JORDANIAN PHARMACY,AUH,PHARMACY,,GROUND TO 2 NEAR BANIYAS COURT EXIT 40 BANIYAS WEST,02-5836999,24.278,54.6442
EMIRATES JORDANIAN MEDICAL CENTER,AUH,CLINIC,,GROUND TO 2 EXIT 40 BANIYAS WEST BANIYAS,02-5836999,24.2781,54.6443
EMIRATES DERMATOLOGY & COSMETOLOGY CENTE,AUH,CLINIC,AL ARABI STREET,BL NO.836STRET 30 AL KHALEEJ AL ARABI STREET NEW MARHABA,02-5555255,24.464,54.387
EASTERN AL AHILI MEDICAL CENTRE-BRANCH1,AUH,CLINIC,,SAL AL AMRI BUILDING NEAR NBD AL AIN ROAD MUSAFFAH 2,02-8119119,24.3918,54.5211
EVER CARE MEDICAL CLINIC,AUH,CLINIC,MUSSAFAH,59  5 ST. M17 MUSSAFAH,02- 8731973,24.362,54.4851
EXCELLENT MEDICAL CENTER LLC,AUH,CLINIC,,SAWAEED RESIDENTIAL COMPOUNDGROUND FLOOR  AL MAFRAQWORKER CITY 2,02-5544469,24.2576,54.6241
EXETER MC FOR BONE & JOINT HEALTH-AUH,AUH,CLINIC,AL KHALEEJ AL ARABI STREET,VILLA 10BEHIND GULF DIAG HOSP,02-6354321,24.4467,54.3627
EXPERT MEDICAL CLINIC,AUH,CLINIC,HAMEEM ROAD,MOJUMAAT WORKERSS CITY HAMEEM ROAD HAMEEM,02-6225566,24.264,54.4347
EXPRESS GHAYATHI CLINIC,AUH,CLINIC,,1ST FLOOR NEAR UAE EXCAHANGE SANAYYA,02-8744430,23.9153,52.8039
EXTRA CARE MEDICAL CENTRE LLC,AUH,CLINIC,,AL NAHIL TOWER SAME BLDG OF NBO,02-6344922,24.5384,54.3841
EXTRA CARE PHARMACY,AUH,PHARMACY,FATIMA BINT MUBARAK ST,SHOP#10 MOHD AL MAZROUI BLDG BESIDE NAT'L BANK OF OMAN,02-6716665  02-6344922,24.6221,54.3734
AL FALAH HEALTHCARE CENTER PHARMACY-SEHA,AUH,PHARMACY,SWEIHAN ROAD,"SWEIHAN ROAD, FA8",02-7115072,24.4016,54.5773
HOLLYWOOD SMILE MEDICAL CENTER,AUH,DENTAL,SOUK KHALIFA STREET,31F-3GREEN TOWER BUILDING,02-6271371,24.4907,54.3585
FANAR PHARMACY - BRANCH,AUH,PHARMACY,,NEAR MAZJOUB OPTICS KHALIFA STREET ABU DHABI,02-4441811,24.4166,54.4976
FARMACIA HOME HEALTHCARE PH (ASTER),AUH,PHARMACY,,SAFEER CENTER,02-5529395,24.3428,54.5303
FIRAS PHARMACY LLC,AUH,PHARMACY,,MAJEEN MOHAMMED TAMER AL MANSOURI BLDG  TOURIST CLUB,02-5551626,24.4897,54.498
HEALTH SHIELD MEDICAL CENTER,AUH,DAY CARE,,"AL SALAM STREET, MINISTER COMP LEX",02 698 9999,24.4304,54.4675
FREEDOM MEDICAL POLYCLINIC,AUH,CLINIC,MUSAFFAH M-4,BUILDING 4,02-6336744,24.3653,54.5168
FUTURE PHARMACY,AUH,PHARMACY,OLD MAZDA ROAD,NEAR TOURIST CLUB AREA FUTURE PHARMACY BUILDING,02-6740090,24.5024,54.3775
GENET MEDICAL CENTER,AUH,CLINIC,,JUNAIBI TOWER 2ND FLOOR OPPOSITE EMIRATES DISCOUNT MARKET AL DHAFRA,02-6669945,24.4758,54.3742
AL ABEER PHARMACY,AUH,PHARMACY,,HYPERMARKET BUILDING NAJDA STREET NAJDA STREET,02-6314400,24.4894,54.3699
GHIATHY HOSPITAL-SEHA,AUH,HOSPITAL,WESTERN REGION,WESTERN REGION,02-8721555,23.8708,52.811
STANFORD MEDICAL CENTER,AUH,CLINIC,,KUWAITI BLDG FLR 101 AL MARKAZIYAH AL MARKAZIYAH,02-6331870,24.4853,54.3605
AL GHARBIA MOBILE MAMMOGHRAPHY UNIT-SEHA,AUH,DIAGNOSTIC CENTER,WESTERN REGION,WESTERN REGION,02-8942000,23.654,53.7078
GHIATHY PHARMACY,AUH,PHARMACY,,OPPOSITE ADC BANK NR RAHMA MED CNTR,02-8741797,23.843,52.8083
MEDICAL SERVICES ADMIN AUH POLICE GHQ,AUH,CLINIC,27TH STREET,AL MUROOR ROAD,02-5128043,24.452,54.3946
MEDICAL SERVICES ADMIN AUH POLICE GHQ PH,AUH,PHARMACY,AL SAADA STREET,AL MUROOR ROAD,02-5128043,24.4511,54.3949
GIANT PHARMACY L.L.C.,AUH,PHARMACY,,AUH INDUSTRIAL AREA M-17 MUSAFFAH,02-5517211,24.361,54.4846
GULF INTERNATIONAL CANCER CENTER,AUH,CLINIC,ABU DHABI - DUBAI ROAD,NEAR DEERFIELDS MALL & AL BAHIA PARK,02-5635558,24.5027,54.6521
GOLDENCARE MEDICAL CENTER,AUH,CLINIC,,BUILDING 94GROUND FLOOR  14TH STREET,24499881,24.3545,54.499
GOLDEN CARE PHARMACY,AUH,PHARMACY,,FLAT NO8 GRDFLR CORNER 13TH STREET AND 14 STREET MUSSAFAH,02-4499886,24.3538,54.4988
GOLDEN CHOICE MEDICAL CENTER,AUH,CLINIC,,FIRST FLOOR M17 MUSAFAH ?SANYYA  MUSAFAH SANAYYA,02-4486266,24.3614,54.4848
GOLDEN HEALTH MEDICAL CENTER,AUH,CLINIC,HAMEEM ROAD,HAMEEM WORKER CITY,02-5855552,24.373,54.4801
GOLDEN HEALTH PHARMACY,AUH,PHARMACY,HAMEEM ROAD,HAMEEM WORKER CITY,02-5855550,24.1538,54.4288
GREEN CARE PHARMACY LLC ? SOLE PROPRITOR,AUH,PHARMACY,,GROUND FLOOR NEARAL MADINA HYPER MARKET  SHABIYA,02-26670 852,24.3365,54.5343
GREEN CITY PHARMACY,AUH,PHARMACY,,GROUND FLOOR OPPO. PARCO SUPERMARKET OLD PASSPORT ROAD,02-6279184,24.2712,55.7592
GREEN HILLS PHARMACY,AUH,PHARMACY,28TH ST,#5 BLDG 187 FRESH & MORE SUPER MARKET,02-5549080 050-5422031,24.3229,54.5383
GROW & GLOW MEDCLINIC LLC,AUH,CLINIC,NEW SHAHAMA,HAMOOD AL YASI BLDG NO 26,02-6398331,24.5316,54.6806
GULF PEARL DENTAL CENTER,AUH,DENTAL,AL NASSER ST. 5TH STREET,SAGAR AL MUHAIRBI BLDG; BIN SALEH TRAVEL,02-6345680,24.3613,54.7155
DR. GUPTA MEDICAL CLINIC,AUH,CLINIC,,110; F-1 NASSER TOWER ELECTRA STREET ELECTRA STREET,6337357,24.4539,54.3773
HAMEEM PHARMACY,AUH,PHARMACY,,ADCP BUILDING BEHIND SUZUKI SHOWROOM AL SALAM STREET,02-5535544,24.3743,54.5117
HARLEY STREET MEDICAL CENTRE,AUH,DAY CARE,18TH STREET,MARINA MALL 18TH STREET BREAK WATER CORNICHE STREET,02-6133868,24.4539,54.3773
HARLEY STREET PHARMACY,AUH,PHARMACY,18TH STREET,"NEXT TO MARINA MALL, VILLA NO. 18TH STREET BREAK WATER CORNICHE STREET",02-6133999,24.4539,54.3773
HEALTH FIRST PHARMACY AUH-JULPHAR,AUH,PHARMACY,,R-G-LS-07,02-6277883,24.5646,54.4169
HEALTH FIRST PHARMACY BR 10 AUH-JULPHAR,AUH,PHARMACY,MUSSAFAH ST,NPCC BLDG SECTION NO.15 A,02-5588006,24.3315,54.6285
HEALTH FIRST PHARMACY BR 12-JULPHAR,AUH,PHARMACY,,SHOP # G12,02-6793939,24.4482,54.7167
HEALTH FIRST PHARMACY BR 13-JULPHAR,AUH,PHARMACY,ALBAHIA ST,SHOP # 417 DEERFIELD MALL,02-5631801,24.5508,54.6673
HEALTH FIRST PHARMACY BR 18-JULPHAR,AUH,PHARMACY,,AL RAHBA HOSPITAL GROUND FLOOR,02-5643948,24.5742,54.6948
HEALTH FIRST PHARMACY LLC-BR 15,AUH,PHARMACY,"BANIYAS EAST, 5TH ST",1ST FLR SHOP 91,02-5851992,24.313,54.6205
HEALTH CLEAR MEDICAL CENTER LLC,AUH,CLINIC,,AHMED HAMD HAMEED ALSUWAIDI BL 10TH STREET MUSAFFAH INDUSTRIAL AREA,02-5538383,24.3699,54.4961
HEALTH PLUS DIABETES AND ENDOCRINOLOGY,AUH,CLINIC,SHK AL SULTAN BIN ZAYED,SHEIKH SULTAN BINSAYED AL KHALEEJ,02-6433494,24.4462,54.3612
HEALTH PLUS FAMILY HEALTH CENTER LLC,AUH,CLINIC,AL RAHA,AL RAHA  ABU DHABI,02-6433494,24.5126,54.5944
HEALTHLINE DAY CARE SURGERY L.L.C.,AUH,DAY CARE,,26TH STREET BANIYAS EAST 11 BANIYAS,02-5668600,24.3088,54.647
HEALTHLINE MEDICAL CENTER,AUH,CLINIC,SHAMKA,FL 1 & 2 AL RIADH,02-5668600,24.3682,54.7407
HEALTH LINE PHARMACY,AUH,PHARMACY,,FLAT NUM 579 BANIYAS EAST BANIYAS,02-5668600,24.3106,54.6486
HEALTHLINE PH MADINAT ALRIYADH BR,AUH,PHARMACY,SHAMKA,FL NO 1 & 2 AL RIADH,02-5668600,24.3682,54.7407
DANAT AL EMARAT CLINIC FOR WOMEN & CHILD,AUH,CLINIC,,AL BATEEN  ABU DHABI,02-658 2221,24.4031,54.5006
HEALTHLINE PRIMARY HEALTH CARE,AUH,CLINIC,BANIYAS,na,02-5668600,24.2925,54.6353
UNMIYA WOMEN'S HEALTH CENTER,AUH,CLINIC,AL KARAMA ST.,HAZAA BIN ZAYED  THE FIRST ST  AL KARAMA,02-6433494,24.4672,54.3645
UNMIYA IVF AND TREATMENT OF INFERTILITY,AUH,CLINIC,AL KARAMA ST.,HAZAA BIN ZAYED  THE FIRST ST  AL KARAMA,02-6433494,24.4672,54.3645
HEALTH POINT HOSPITAL LLC,AUH,HOSPITAL,SAIF GHUBASH STREET,OPP ZAYED STADIUM INSIDE ZAYED SPORTS,02-4929000,24.4192,54.453
HEALTH POINT PHARMACY,AUH,PHARMACY,SHABIYA ST.,SHOP 1 GROUD FLOOR C-25 SADIAQA (NEAR BASKIN ROBIN BLDG) SHABIYA STREET ME 9 MUSSAFFAH,02-5590203,24.3662,54.517
HEALTH PLUS PHARMACY L L C,AUH,PHARMACY,,SHEIKH SULTAN BIN ZAYED STRT ABU DHABI,02-665 5422,24.4455,54.3613
UNMIYA PHARMACY LLC,AUH,PHARMACY,Hazaa bin Zayed St,HAZA BINZAYED  AL KARAMA,02-443 4450,24.4461,54.3614
HEALTH TIME PHARMACY,AUH,PHARMACY,,BLDG. 08 PLOT F2C4-8 1ST FLO AL-MAFRAQ INDUSTRIAL 2 BANIYAS WEST,02-5554006,24.2927,54.6295
HEART BEAT MC & ONE DAY SURG(CONSULTANT),AUH,DAY CARE,AIRPORT RD,MRS.MARIAM KHALIFA AL YOUSEF 5+6/PLOT 103,02-4449494 02-6794100,24.4439,54.3946
HEART BEAT PHARMACY LLC,AUH,PHARMACY,,"5+6/PLOT 103,  SHEIKH RASHID BIN SAEE MUSHRIF AREA",02-4449494,24.4439,54.3952
AL HENDAWY MEDICAL CENTRE,AUH,CLINIC,,401 ABU DHABI COMM. BANK BUILD MUROOR ROAD ELEKTRA STREET,02-6213666,24.4844,54.3675
HKMAT ALAIN PHARMACY,AUH,PHARMACY,AL SEEF VILLAGE,na,02-6411225,24.4201,54.7433
HOLISTIC MEDICAL CENTRE-BR,AUH,CLINIC,,AL DHAFRA MADINAT ZAYED CITY ABU DHBI,02-6660388,23.6618,53.7333
HOLISTIC MEDICAL CENTRE- SOLE PROPREITOR,AUH,CLINIC,,VILLA#141 OPPO ALFORSAN HTL KHALIFA CITY A,02-6661567,24.4127,54.5512
HOPE MEDICAL CENTER,AUH,CLINIC,,GCC NEW OFFFICE GF NEAR AL JABER LABOR CAMP MAFRAQ WORKER CITY 1,02-5551430,24.7253,54.5028
HOPE PHARMACY,AUH,PHARMACY,,GCC NEW OFFICE BUILDINGGROUND FLOOR  BANIYAS,02-5552687,24.2858,54.6007
AL HOSN ONE DAY SURGERY CENTER (AL HOSN),AUH,DAY CARE,NASR STREET,MEZZANINE FLOOR OBAID GABER BUILDINGOPPOSITE AL MASUOD TRAVEL AGENCY,02-6215159,24.4891,54.3571
IBN NAFEES MEDICAL CENTER (DUBLIN),AUH,CLINIC,NAJDA STREET,401-402BIN SAGAR TOWER,02-6324200,24.4914,54.3685
IBN RUSHID PHARMACY,AUH,PHARMACY,AIRPORT ROAD,NR AMERICAN EURP MC MOHAMAD NADER AL QUBAISI BDLG,02-4457727,24.4625,54.3793
IBN SINA MEDICAL CENTRE,AUH,CLINIC,,AL KHALIDIYA ROTANA MEZANINE FLR NEAR AL MANARA PH,02-6816400,24.4751,54.3421
IBN SINA MEDICAL CENTRE- BRANCH 1,AUH,CLINIC,,AL REEF DOWNTOWN BLOCK F2 NEAR AL MANARA PH,02-6816400,24.4632,54.6748
IBN SINA PHARMACY L.L.C. - BRANCH 10,AUH,PHARMACY,16TH ST,GROUND FLOOR,02-5539092,24.3755,54.5306
IBN SINA PHARMACY L.L.C. - BRANCH 18,AUH,PHARMACY,,SECTOR C SHOP - G12,050-6347492,24.4548,54.724
IBN SINA PHARMACY L.L.C. - BRANCH 20,AUH,PHARMACY,CORNICHE ROAD,WEST - STREET NUMBER 7,02-6724141,24.489,54.3507
IBN SINA PHARMACY L.L.C. - BRANCH 21,AUH,PHARMACY,AL KHALEEJ AL ARABI ST,SOUQ AL JAMI SHEIKH ZAYED GRAND MOSQUE RD,050-1200732,24.4131,54.4751
IBN SINA PHARMACY L.L.C. - BRANCH 27,AUH,PHARMACY,AL MAHA STREET,YAS MALL,050-4864457,24.489,54.6086
IBN SINA PHARMACY -AL DANAH,AUH,PHARMACY,,SILVER TOWER ZONE 1,02-4480650,24.4927,54.3588
IBN SINA PHARMACY - AL MANHAL,AUH,PHARMACY,,na,03-7327308,24.4718,54.3687
IBN SINA PHARMACY L.L.C. - BRANCH 7,AUH,PHARMACY,,1ST FLOOR,02-5864016,24.3123,54.6196
IBN SINA PHARMACY - SOLE PROPRIETORSHIP,AUH,PHARMACY,AL QANA STREET,na,02-6438780,24.4021,54.497
IBN SINA PHARMACY - AL TIWAYYA,AUH,PHARMACY,2ND STREET,AL AIN SQUARE BUILDING 16,02-6768324,24.2445,55.7138
MEDSTAR PHARMACY ICAD RESIDINTAL L.L.C,AUH,PHARMACY,,MUSAFFAH MUSAFFAH MUSAFFAH,02-4066809,24.3408,54.4843
IDEAL CLINICAL LABORATORIES,AUH,LABORATORY,,C44MEZANINE FLOOR STREET56 SHABIYA,02-5558448,24.3362,54.5317
IDEAL PHARMACY,AUH,PHARMACY,,GROUND FLOOR AL JIMI WORKERS VILLAGE APOLLO MEDICAL CENTREMUSAFFAH,,24.3724,54.5131
THE SPECIALIST DIABETESTREATMENT BR2,AUH,CLINIC,AL GOBASH ST.,HEALTHPOINT HOSPITALZAYED SPORTS CITYSAIF GHOBASH STREET,02 4040 800,24.4202,54.4261
IMPERIAL COLLEGE LONDON DIABETES CENTRE,AUH,CLINIC,KHALEEJ ARABI STREET,29TH STREET AL SAFARAT,02-4040881 / 02-4040800,24.4203,54.4283
THE SPECIALIST DIABETES TREATMENT & RESE,AUH,PHARMACY,,NEAR ZAYED MILITARY HOSPITAL KHALEEJ ARABI ROAD KHALEEJ ARABI ROAD,02-4040800,24.4205,54.4283
PHARMACY THE SPECIALIST DIABETES,AUH,PHARMACY,,HEALTHPOINT HOSPITALZAYED SPORTS CITYSAIF GHOBASH STREET,02 4040 800,24.419,54.4531
INFINTI MEDICAL CENTER,AUH,CLINIC,,FLAT 198 GF AL WADI BLDG. AL DHAFRA ROAD SANAIYA INDUSTRIAL AREA,02-8882622,25.2029,51.4349
INTERCARE HEALTH CENTER LLC,AUH,CLINIC,,35B MARINA VILLAGE MIRAGE RESTO MARINA MALL,02-6390080,24.474,54.3171
IRVINE PHARMACY,AUH,PHARMACY,,SHAIKH SAEED BIN MOHAMMED AL NAHYAN BUILDING MAIN STREET (BEHIND) TOWN CENTER,03-7661516,24.2219,55.7603
ISHTAR MEDICAL CENTRE,AUH,CLINIC,FATIMA BINT MUBARAK STREET,OPPSITE AL AMRIAH CINEMA NEAR HAMDAN KFC,02-633 3886,24.4936,54.3668
ARABIAN ISLAND MEDICAL CENTRE,AUH,CLINIC,MAROOR ROAD,MUSSAFAH SHABIYA KHALIFA  MUSSAFAH MAROOR ROAD,02-5520250,24.3299,54.5356
ARAB AL JAZEERA PHARMACY -(JULPHAR GRP ),AUH,PHARMACY,MAIN SHABIYA STREET,AMAN HUSSAIN ALI KHURI  BUILDING,02-5527070,24.3315,54.5353
JOURN YAFOUR MED CTR-SEHA,AUH,CLINIC,BANIYAS,BANIYAS,02-5853349,24.269,54.6218
JUDY PHARMACY (JULPHAR GROUP),AUH,PHARMACY,KHALIDIYA STREET,BHND LEBANESE RST DAERAT AL MIYAH NEAR ROYAL SPEC MED CNTR,02-6668798,24.4761,54.3532
JUNAID PHARMACY,AUH,PHARMACY,,PLOT C313 ME 10 MUSSAFFAH  SHABIYA,02-5529944,24.3375,54.5349
AL KAMAL MEDICAL CENTER,AUH,CLINIC,ELECTRA STREET,NEAR SHERATON HOTEL NEAR GRAND STORES,02-6651464,24.4762,54.3505
AL KAMAL PHARMACY,AUH,PHARMACY,KHALIDIA STREET,JERMAIM TOWER,02-6669281,24.476,54.3503
KARACHI MEDICAL POLYCLINIC,AUH,CLINIC,,"M-37, OPPOSITE  AL-MIRAJ SUPERMARKET MUSSAFFAH",02-5500730,24.3507,54.4981
KHALID BIN AL WALEED PHARMACY -AUH,AUH,PHARMACY,ELECTRA STREET,BEHIND HONDA SHOWRM MOHAMED RASHID AL RUMAITY BUILDING,02-6744661,24.4913,54.3725
KHALIFA A HEALTH CENTER-SEHA,AUH,CLINIC,16TH STREET,KHALIFA CITY,02-5561695,24.4454,54.5616
KHALIFA A HEALTH CTR PH-SEHA,AUH,PHARMACY,,KHALIFA A KHALIFA A KHALIFA A,02-5561695,24.4292,54.5647
AL KHATIM HEALTH CENTER-SEHA,AUH,CLINIC,AL KHATIM,AL KHATIM,02-5641192,24.1865,54.9965
AL KHAZNAH PRIMARY HEALTH CARE CTR-SEHA,AUH,CLINIC,AL KHAZNAH,AL KHAZNAH,02-5661350,24.1726,55.1161
AL KHAZNA PRIMARY HEALTHCARE CTR PH-SEHA,AUH,PHARMACY,AL KHAZNAH,AL KHAZNAH,02-5661350,24.1709,55.114
KHYBER MEDICAL CENTER,AUH,CLINIC,,ANJAZ BUILDING 1ST FLOOR EMIRATES TRANSPORT STREET MADINAT ZAYED,02-8847654,24.4765,54.3745
KHYBER PHARMACY,AUH,PHARMACY,,DEPARTMENT OF TRANSPORT BIULDI NEARBY : OLD TAXI STAND BANIYAS WEST,02-5836800,24.2871,54.6387
KIDS HEART MEDICAL CENTER LLC,AUH,CLINIC,,"FLAT 54,   KARAMAH STREET LIWA",02-445-8881,25.2318,55.3266
EHG EMIRATES HOSPITAL DAY SURGERY LLC,AUH,DAY CARE,MUBARAK BIN MOHAMMED,PODIUM 2SHINING TOWER,02-5014000,24.4731,54.3497
EHG EMIRATES PHARMACY LLC,AUH,PHARMACY,MUBARAK BIN MOHAMMED,PODIUM 2SHINING TOWER,02-5014000,24.473,54.3496
KNIGHTS PHARMACY LLC (ADAM AND EVE),AUH,PHARMACY,ELECTRA STREET,PINK BLDG NEAR ROYAL ROSE HOTEL,02-6767366,24.4938,54.3723
KOHAT MEDICAL CENTRE LLC,AUH,CLINIC,,7 AND 8 SHOP NEAR ALGHAZA MUSSAFFAH,02-5511129,24.3529,54.4884
KOHAT PHARMACY,AUH,PHARMACY,,110INDUSTRAIL AREA MAIN STREET: - 110INDUSTRAIL A MUSSAFAH,02-5531924,24.3531,54.4885
KOHAT  PHARMACY BRANCH 1,AUH,PHARMACY,,STREET NO.10 INDUSTRIAL AREA MUSAFFAH,02-5620488,24.367,54.4882
KOHAT VALLEY MEDICAL CENTRE L.L.C,AUH,CLINIC,,STREET NO.10 SHOP NO.23 AGRICUKTURE BUILDING MUSAFFAH,02-5533083,24.3669,54.4881
LAHORE PHARMACY (ZIA),AUH,PHARMACY,,MADEENA BUILDING GROUND FLOOR (NEAR BY PATHAN TAXI STAND ) 28 STREET SANIAYA MUSSAFAH,02-5508987,24.3741,54.5302
LANDMARK PLAZA PHARMACY,AUH,PHARMACY,HAMDAN STREET,NEXT TO SALAMA HOSP,02-6783777,24.5002,54.3755
LARA PHARMACY,AUH,PHARMACY,BET HAMDAN ROAD,NEAR NEXT TOWER,02-6392282,24.4897,54.3666
LIFECARE HOSPITAL MUSAFFAH-BRANCH 1(VPS),AUH,HOSPITAL,12TH STREET,VILLAGE MALL NEAR ADNOC PETROL STATION,02-5557747,24.3609,54.5209
LIFE PHARMACY LLC - BRANCH OF ABU DHABI 122,AUH,PHARMACY,,"1ST FLOOR,MADINAT ZAYED SHOPPING CENTRE & GOLD CENTRE",04-3441122,24.4827,54.3656
LIFE PHARMACY LLC - BRANCH OF ABU DHABI 124,AUH,PHARMACY,SAEED BIN AHMED AL OTAIBA STREET (NAJDA STREET),"PLOT NO: P2, SHOP NO: M24, MEZZANINE FLOOR",04-3441122,24.4943,54.3675
LIFE PHARMACY LLC - BRANCH OF ABU DHABI 127,AUH,PHARMACY,,"SHOP NO#7, AL FALAH STREET",04-3441122,24.4844,54.378
LIFE PHARMACY L.L.C - BRANCH OF ABU DHABI 130,AUH,PHARMACY,,"SHOP NO #1, AL SHAHAMAH, ABU DHABI",04-3441122,24.5324,54.6804
LIFE PHARMACY L.L.C - BRANCH OF ABU DHABI 133,AUH,PHARMACY,,"PLOT NO#C99,SHOP NO#2,AL MUNTAZAH,GARDENIA BUILDING",04-3441122,24.4204,54.4671
LIFE PHARMACY L.L.C - BRANCH OF ABU DHABI 134,AUH,PHARMACY,,"SHOP NO#1,C50 BUILDING,MUSSAFAH ME10",04-3441122,24.3345,54.5311
LIFE PHARMACY L.L.C - BRANCH OF ABU DHABI 135,AUH,PHARMACY,,"UNIT NO: 2 IN FATIMA BIN DARWISH BUILDING, AL HISN",04-3441122,24.4771,54.3563
LIFE PHARMACY L.L.C - BRANCH OF ABU DHABI 136,AUH,PHARMACY,,"ADNOC 165, ADNOC SERVICE STATION, AL RAHBA, ABU DHABI, UAE",04-3441122,24.5826,54.6857
LIFE PHARMACY LLC BRANCH 141 - BRANCH OF ABU DHABI 140,AUH,PHARMACY,,"C 41 BUILDING ,ADCP P1751,AL MAWAKIB,TOURIST CLUB",04-3441122,24.4945,54.3804
LIFE PHARMACY L.L.C - BRANCH OF ABU DHABI 148,AUH,PHARMACY,,"SHOP NO#1,AYA BUILDING,AL NAHYAN,AL HAFIZ STREET",04-3441122,24.4648,54.3854
LIFE PHARMACY L.L.C - BRANCH OF ABU DHABI 150,AUH,PHARMACY,,"MUSHRIF MALL, ABU DHABI",04-3441122,24.4343,54.4136
LIFE PHARMACY L.L.C - BRANCH OF ABU DHABI 155,AUH,PHARMACY,,"SHOP NO#2,AL AIN TOWER",04-3441122,24.496,54.3722
LIFE PHARMACY L.L.C - BRANCH OF ABU DHABI 156,AUH,PHARMACY,,"UNIT NO#L1-0005,WORLD TRADE CENTRE MALL,AL DANAH,ABU DHABI,UAE",04-3441122,24.4881,54.3626
LIFE PHARMACY L.L.C - BRANCH OF ABU DHABI 164,AUH,PHARMACY,,"G03-R03, BUILDING C11, RT3, SIGMA TOWER,CITY OF LIGHTS, REEM ISLAND, ABU DHABI,UAE",04-3441122,24.4995,54.4044
LIFE PHARMACY LLC  -  BRANCH OF ABU DHABI 172,AUH,PHARMACY,,"SHOP NO 1,AL HADH STREET,HADBAT AL ZAFRANAH,ABU DHABI,UAE",04-3441122,24.4492,54.4004
LIFE PHARMACY L.L.C - BRANCH OF ABU DHABI 173,AUH,PHARMACY,,"PLOT NO: C4, SECTOR: SDW4, SHOP 3, GROUND FLOOR, LAFFAN STREET, AL SAADIYAT ISLAND, ABUDHABI,UAE",04-3441122,24.5202,24.5202
LIFE PHARMACY LLC - BRANCH OF ABU DHABI 17,AUH,PHARMACY,,"UNIT NO: 3 IN P/704 BUILDING, MUSSAFAH ME 10",04-3441122,24.342,54.5375
LIFE PHARMACY L.L.C - BRANCH OF ABU DHABI 187,AUH,PHARMACY,,"SHOP NO1,GROUND FLOOR,HANGING GARDENS TOWER,AL DANAH,ABU DHABI,UAE",04-3441122,24.4859,54.3582
LIFE PHARMACY L.L.C - BRANCH OF ABU DHABI 189,AUH,PHARMACY,,"SECTOR W4, SHOP NO#1, AL HISN, AL YAHAR STREET, ABU DHABI, UAE",04-3441122,24.4761,54.353
LIFE PHARMACY L.L.C - BRANCH OF ABU DHABI 18,AUH,PHARMACY,,"UNIT NO#G055,CENTRAL MARKET SOUK,WORLD TRADE CENTRE",04-3441122,24.4956,54.368
LIFE PHARMACY LLC - BRANCH OF ABU DHABI 19,AUH,PHARMACY,,"SHOP NO#1,GROUND FLOOR,AL RAHA BEACH,ABU DHABI,UAE",04-3441122,24.4408,54.5799
LIFE PHARMACY L.L.C - BRANCH OF ABU DHABI 214,AUH,PHARMACY,,"MUZOON TOWER UNIT NO 1 IN MUZOON TOWER, AL RAHA BEACH - ABU DHABI,UAE",04-3441122,24.4435,54.5892
LIFE PHARMACY LLC BRANCH 22 BRANCH OF ABUDHABI 69,AUH,PHARMACY,,"SHOP NO: 01, CITY TOWER, C-20, E-05, KHALIFA BIN ZAYED THE FIRST STREET, AL DANAH",04-3441122,24.4917,54.3603
LIFE PHARMACY LLC BRANCH 55 - BRANCH OF ABUDHABI 111,AUH,PHARMACY,,"SHOP NO#2,C23 BUILDING,AL MULLA TOWER",04-3441122,24.4899,54.3691
LIFE PHARMACY LLC BRANCH 62 - BRANCH OF ABUDHABI 119,AUH,PHARMACY,,"SHOP NO#2,C57,HAZZA AL MANSOORI BUILDING,AL DANAH",04-3441122,24.4916,54.3669
LIFE PHARMACY LLC AL REEM,AUH,PHARMACY,,"SHOP NO#1,GROUND FLOOR,NAJMAT,AL REEM ISLAND,ABU DHABI,UAE",04-3441122,24.4848,54.4049
LIFE PHARMACY  BR 50,AUH,PHARMACY,RABDAN MALL,IST FL C1 SHOP 7 MQ8,04-5615624,24.4075,54.5063
LIFE PHARMACY  BR 54,AUH,PHARMACY,AL AIN,BUILDING NO 16 AL AMEERAH,04-8365819,24.4343,54.4137
LIFECARE CLINIC  L.L.C. - BRANCH,AUH,CLINIC,,MOUNTAIN GATE PROPERTY INVESTM AL MAFRAQ WORKERS CITY BANIYAS,02-5833277,24.2578,54.6287
LIFECARE CLINIC BR 3,AUH,CLINIC,,BLOCK G  GF 19A TASAMEEM WORKERS CITY MUSSAFAH WEST 5,02-5503034,54.4719,24.3182
LIFECARE CLINIC L.L.C,AUH,CLINIC,,MAGENTA PEARL VILLAGE AL MAFRAQ WORKERS CITY 2 AL MAFRAQ,02-5824916,24.2529,54.6264
LIFECARE HOSPITAL LLC (VPS) (LLH BRAND),AUH,HOSPITAL,GATE 6,AL RAHA WORKER VILLAGE NEAR AL MADINA HYPERMARKET,02-5856333,24.2679,54.6282
LIFECARE MEDICAL CENTER L.L.C.,AUH,CLINIC,,GRND FLOOR RAZEEN CAMP AL WATBA-AL MAFRAQ,02-5826812,24.2154,54.7544
LIFECARE INTL PHARMACY (LLH-EMKE GR)(VPS,AUH,PHARMACY,RAHA WORKER VILLAGE,LIFECARE HOSPITAL BUILDING  AL WATHBA GATE 6 AL RAHA WORKER VILLAGE,02-5557611,24.2571,54.6248
LIFE CARE INTERNATIONAL PHARMACY LLC.BR,AUH,PHARMACY,,"WORKERS CITY, RAZEEN RAZEEN AL WATBA",02-5826812,24.2526,54.6264
LIFE CARE INTL PHARMACY LLC - BR 1 (VPS),AUH,PHARMACY,12TH STREET,VILLAGE MALL INDUSTRIAL AREA,02-5557747,24.2702,54.6248
LIFE MEDICAL DIAGNOSTICS LLC,AUH,LABORATORY,,"101-102,F-1, MARINA PLAZA LULU STREET LULU STREET",02-6332300,24.4888,54.3645
LIFE PHARMACY L.L.C - BRANCH OF ABU DHABI KHALIDIYA,AUH,PHARMACY,,"AL KHALIDIYA, WEST BUILDING",04-3441122,24.4703,54.3517
LLH HOSPITAL AL MUSAFFAH (LLH-EMKE)(VPS),AUH,HOSPITAL,16TH STREET,NEAR MUSAFFAH POLICE STATION 43MI BUILDING,02-5557711,24.3896,54.5221
LIFELINE HOSPITAL(LLH-EMKE GR)(VPS),AUH,HOSPITAL,ELECTRA STREET,NEAR MADINAT ZAYED SHOPPING CENTER,02-6335522,24.4886,54.3672
LIFELINE PH ALMUSAFFAH (LLH-EMKE GR)(VPS,AUH,PHARMACY,16TH STREET,NEAR MUSAFFAH POLICE STATION 43MI BUILDING,02-5557611,24.3785,54.5175
LIFELINE PHARMACY(LLH-EMKE GR)(VPS),AUH,PHARMACY,13TH STREET,OSCAR BUILDING,02-6335522,24.4609,54.3787
LIFE PHARMACY LLC - BRANCH 33,AUH,PHARMACY,,"SHOP NO. B08/09 BASEMENT FLR, OPP TO CARREFOUR MARINA MALL",04-3441122,24.4539,54.3773
LIFE PHRMACY BR 6,AUH,PHARMACY,KHALIFA CITY,634 C1 BLDG,04-3441122,24.4056,54.5624
LIFE PHARMACY BR 16,AUH,PHARMACY,AL NAHYAN ST.,ADCB BUILDING,04-5615691,24.4736,54.3819
LIFE PHARMACY BR 10,AUH,PHARMACY,,S2 P C22 DARWISH BIN AHMED BLD ELECTRA STREET,04-3441122,24.4904,54.3717
LIFE PHARMACY BR 17 AL JIMI,AUH,PHARMACY,,GF SHOP 1 PLOT C29-C42 AL JIMI AVENUE AL BATEEN,04-3441122,24.4705,54.3417
LIFE PHARMACY LLC BRANCH 42,AUH,PHARMACY,,"SHOP 2, ADNOC SERVICE STN OFFICER CITY 950 RABDAN",04-3441122,24.3964,54.5082
LIFE PHARMACY BR 44 AL ZAHIYAH,AUH,PHARMACY,,SHOP 1 PLOT C12 BLDG. 266 AL ZAHIYAH,04-3441122,24.5018,54.3777
LIFE PHARMACY BR ABU DHABI 9,AUH,PHARMACY,,SHEIKHA SALAMA BLDG.SHOP 1 NEAR DISCOUNT AL DANAH,04-3441122,24.477,54.3781
LIFE PHARMACY AL FALAH VILLAGE,AUH,PHARMACY,,SHOP V3 AL FALAH VILLAGE NEIGHBOURHOD CENTER,04-3441122,24.454,54.7499
LIFE PHARMACY BR ABU DHABI 5,AUH,PHARMACY,,SHOP NO. 2 G02 W 14-2 BLDG. NEAR EMIRATES DISCOUNT MARKET AL DANAH,04-3441122,24.4687,54.3789
LIFE PHARMACY AIRPORT ROAD,AUH,PHARMACY,,GF-SH5 AL HAMRA BLDG. AIRPORT ROAD,04-3441122,24.4651,54.3813
LIFE PHARMACY LLC,AUH,PHARMACY,,UNIT NO 2 IN RESIDENCE CENTRAL PARK TOWER- REEM ISLAND - ABU DHABI - UAE,04-3441122,24.5063,54.4073
LIWA HOSPITAL-SEHA,AUH,HOSPITAL,WESTERN REGION,WESTERN REGION,02-8777175,23.1491,53.8105
LIWA MEDICAL CENTRE L.L.C,AUH,CLINIC,,"FLAT NO-6, BUILDING NO-1 MEZIARAH AL DHAFRA",02-8822877,23.1525,53.8079
LLH MEDICAL CENTRE AL MUSAFFAH(VPS),AUH,CLINIC,28TH STREET,PLOT C-173 NR AL NAJAH PVT SCHOOL,02-5531414,24.3422,54.5373
LLH MEDICAL CENTRE L.L.C.,AUH,CLINIC,MUROOR ROAD,BLDG C55 MUSSAFAH SHABIYA,02-6282222,24.3291,54.5309
LLH MEDICAL CENTER AL MUSAFFAH BRANCH 1,AUH,CLINIC,,LABOTIL CAMP CL-1-9-BG-002 BANIYAS,02-5865333,24.2588,54.6265
LLH MEDICAL CENTER AL MUSAFFAH BRANCH 3,AUH,CLINIC,,KM TRADING  16 STREET  MUSAFFAH,02-4116450,24.3457,54.4865
BURJEEL RETAIL PHARMACY HAMDAN ST,AUH,PHARMACY,ELECTRA STREET,MARINA PLAZA,02-6263080,24.2188,54.8479
LLH PHARMACY ALMUSAFFAH L.L.C,AUH,PHARMACY,,GROUND FLR KM TRADING 16 STREET MUSSAFAH SANAIYA,02-4116450,24.3577,54.4913
LOTUS PHARMACY LLC NMC,AUH,PHARMACY,79 STREET,PRESTIGE TOWER NEAR CAPITAL  MALL,02-5552325,24.3749,54.5314
LULU AL AIN PHARMACY LLC(DOCIB GRP),AUH,PHARMACY,,"LULU HYPERMARKET, GROUND  FLOOR SANAIYAH",03-7212330,24.2094,55.7615
LULU ALFOAH PHARMACY LLC (DOCIB GRP),AUH,PHARMACY,,GROUND FLR LULU HYPERMARKET AL FOAH,,24.3891,55.7834
LULU RAHA PHARMACY LLC (DOCIB GRP),AUH,PHARMACY,,GRND FLR CHANNEL STRET AL RAHA AREA,02-5562607,24.4395,54.5743
M 26 MEDICAL CENTER,AUH,CLINIC,,PLOT 94 KADA REST STREET 1 MUSSAFAH,02-8867789,24.3476,54.5186
M 26 PHARMACY,AUH,PHARMACY,,PLOT 94 KADA REST. STREET 1 MUSSAFAH,02-8867789,24.3476,54.5186
M37 PHARMACY,AUH,PHARMACY,,ALI HASSAN SUPER MARKET M37 MUSAFFAH MUSSAFAH,02-2465436,24.353,54.4954
MADINA ZAYED AL AHLIA PHARMACY (AHALIA),AUH,PHARMACY,,SALAMA AALI SALAM BUILDING NEAR TO OLD MARKET,02-8847177,23.6629,53.7292
MADINAT ZAYED HOS OP-SEHA,AUH,PHARMACY,WESTERN REGION,MADINAT ZAYED HOSP,02-8942296 / 02 807 0000,23.6765,53.7302
AL MADINA URGENT CARE CTR-SEHA,AUH,CLINIC,WESTERN REGION,WESTERN REGION,02-8191806,24.4832,54.3618
MADINAT ZAYAED HOSPITAL-SEHA,AUH,HOSPITAL,WESTERN REGION,MADINAT ZAYED HOSP,02-8781888 / 02 807 0000,23.6952,53.6667
MAFRAQ DIALYSIS CENTRE -SEHA,AUH,CLINIC,,NEXT TO MAFRAQ HOSPITAL,02-5011853,24.3267,54.6158
MAFRAQ NEW DIALYSIS CENTER PHARAMCY-SEHA,AUH,PHARMACY,AL MAFRAQ,ACROSS FROM MAFRAQ HOSPITAL,02-5011111,24.332,54.6119
MAGRABI OPTICAL  BR OF ABUDHABI 7,AUH,OPTICS,DALMA MALL,SHOP 167 1,02-5583780,24.3329,54.5246
MAGRHABI EYE & EAR CENTER (DAYCARE SURG),AUH,DAY CARE,BANIYAS STREET,F-4AL-NAKHEEL TOWERSANAA BLDG,04-4370606/02-6345000,24.4913,54.3686
MAGRHABI EYE & EAR CENTER BRANCH,AUH,DAY CARE,KHALEEJ ARABI STREET,KHALEEJ ARABI STREET,02-4446565,24.4266,54.406
MAGHRIBI OPTICAL - AUH MALL (MAGRABI),AUH,OPTICS,10TH STREET,UNIT # D25 3RD FLOOR ABU DHABI MALL,02-6444403,24.4959,54.3833
MAGRABI OPTICAL - AUH MARINA (MAGRABI),AUH,OPTICS,ABU DHABI MARINA MALL,GROUND FLOOR,02-6816961,24.4752,54.3225
MAGRABI OPTICAL - BAWBAT (MAGRABI),AUH,OPTICS,BAWABAT AL SHARQ,1ST FLOOR UNIT R A 041 BAWBAT AL SHAREQ BANYAS,02-5864339,24.536,54.3568
MAGRABI OPTICAL - DALMA (MAGRABI),AUH,OPTICS,18TH STREET,UNIT# 167 1ST FLOOR DALMA MALL,02-5583780,24.3332,54.5244
MAGRABI OPTICAL - DEERFIELD (MAGRABI),AUH,OPTICS,DEERFIELD TOWNSQUARE MALL,UNIT# 238 2ND FLOOR,02-5635240,24.5232,54.6712
MAGRABI OPTICAL - GALLERIA (MAGRABI),AUH,OPTICS,ZAYED THE FIRST ST,STORE# SU-224 LEVEL 2 SOWWAH SQUARE,02-6711961,24.5019,54.3898
MAGRABI OPTICAL - WTC (MAGRABI),AUH,OPTICS,ZAYED THE FIRST ST,STORE# 07 LEVEL LG ABU DHABI WORLD TRADE CENTER,02-6344267,24.4873,54.3575
MAKEEN PHARMACY,AUH,PHARMACY,MUSSAFAH INDUSTRIAL AREA,AL MAHAM SCAFFOLDING LLC BLDG,02-5827696,24.3572,54.5095
AL MANARA GLOBAL PHARMACY,AUH,PHARMACY,MINA STREET,MINA MALL,02-6734777,24.5194,54.3716
MANSOUR PHARMACY,AUH,PHARMACY,,AHMED SULTAN MARTA AL HALAMI 1ST FLOOR MADINA ZAYED,02-6411345,24.482,54.3643
MANSOUR PHARMACY BR 1,AUH,PHARMACY,,M-37 OPPOSITE  AL-MIRAJ SUPERMARKET MUSSAFFAH,02-5500753,24.3544,54.4993
AL MAQTAA HEALTH CTR PH-SEHA,AUH,PHARMACY,AL MAQTAA,AL MAQTAA,02-5584611,24.4023,54.5043
AL MAQTAA FAMILY MEDICINE CTR-SEHA,AUH,CLINIC,AL MAQTAA,AL MAQTAA,02-5584611,24.4067,54.5115
MARDAN MEDICAL CENTER-AUH,AUH,CLINIC,,BUILDING 1 NEAR WORKERS VILLAGE ROUND ABO MUSAFFAH SANAYA 32/2,24411413,24.3593,54.5154
MARFA HOSPITAL-SEHA,AUH,HOSPITAL,WESTERN REGION,WESTERN REGION,02-8835000,24.0858,53.4988
800 PHARMACY- MARINA,AUH,PHARMACY,KHALEEFA ST.,GROUND FLR ENTRAL MARKET (THE SOUK) KHALEEFA STREET,04-3466889,24.4906,54.3559
MARIAM MEDICAL CLINIC,AUH,CLINIC,ELECTRA STREET,REHANNA TEXTILE BLDG. RM 103 1ST FLOOR ELEKTRA,02-6214626,24.3182,54.6616
MARIAM PHARMACY (AL WAHDA),AUH,PHARMACY,HAZZA BIN ZAYED STREET,AL WAHDA MALL,02-6421043,24.4715,54.3712
BURJEEL MEDICAL CENTRE AL MARINA,AUH,DAY CARE,,MARINA MALL NEXT TO MERCEDES SHOWROOM,02-3338333,24.4771,54.3194
AL MANARA PHARMACY-MARINA MALL(NEW EXT),AUH,PHARMACY,MARINA MALL,NEW EXTENSION NEAR PARIS GALLERY,02-6817977,24.4763,54.3219
MARQAB PHARMACY,AUH,PHARMACY,,GROUND FLOOR M26 MUSAFFAH SANAYYA,02-5552291,24.3537,54.5186
MAYO CARE ONE PHARMACY,AUH,PHARMACY,BANI YAS,FL 1 & 2 275,02-5668600,24.2834,54.6464
AL MAZROUI MED MED CTR DAY SURGERY,AUH,DAY CARE,NAJDA STREET PASSPORT ROAD,NEXT TO NISSAN SHOWROOM OPPOSITE ABUDHABI ISLAMIC BANK,02-6723232,24.4854,54.3746
AL MAZROUI PHARMACY,AUH,PHARMACY,NAJDA STREET,AL MAZROUI HOSPITALCLOCK TOWERSANA FASHIONS BLD,02-6714006,24.4861,54.3746
MED CARE PHARMACY,AUH,PHARMACY,,AL DHAFRA WORKERS VILLAGE MUSAFFAH SOUTH ICAD 3-S 29,02-26225566,24.313,54.4976
MEDEOR 24X7 HOSPITAL - AUH (VPS),AUH,HOSPITAL,4TH STREET,OPP: AUH CENTRAL POST OFFICE,02-6900600,24.4803,54.3698
MEDEOR 24X7 PHARMACY - AUH (VPS),AUH,PHARMACY,4TH STREET,OPP: AUH CENTRAL POST OFFICE,02-6900500,24.4805,54.3694
BURJEEL MEDICAL CENTER - AL ZEINA (VPS),AUH,CLINIC,AL RAHA BLVD,RETAIL B1 AL ZEINA BLDG NEAR NANDOS RESTO,02-6900600 02-2054555,24.4551,54.6138
MEDEOR PHARMACY LLC (VPS),AUH,PHARMACY,,RETAIL B1 AL ZEINA BLDG BESIDE NANDOS RESTO,02-6900600,24.4548,54.6139
MEDSTAR ICAD MEDICAL CENTER L.L.C.,AUH,CLINIC,,SANAYA NEAR MUSAFFAH,02-4066809,24.3407,54.4842
MEDICAL PARK PHARMACY,AUH,PHARMACY,,FLAT 140 W11 MEDICAL PARK ONE DAY SURGERY CENTER AL BATEEN STREET AL BATEEN,02-3048899,24.4626,54.3447
BAIN AL QASRAIN PHARMACY-MEDICINA,AUH,PHARMACY,KHALIFA BIN SHAKBOUT,NEAR KHALIDIYA POLICE STN,02-4469301,24.4191,54.4383
MEDICINA GULF PHARMACY,AUH,PHARMACY,4TH STREET,NEAR EMKE TRADING,02-4483454,24.439,54.415
AL HOSN PHARMACY-MEDICINA,AUH,PHARMACY,6TH STREET,AL HOSN MEDICAL CENTRE AL HILAL BANK BLDG,02-6662739,24.4674,54.3342
MEDICINA INTERNATIONAL PHARMACY,AUH,PHARMACY,4TH STREET,NEAR ALAM SUPERMARKET,02-4496744,24.4341,54.4346
MEDICINA AL FALAH PHARMACY,AUH,PHARMACY,VC STREET,AL FALAH VILLAGE CENTRE5 V5,02-5846880,24.4369,54.7314
MEDICINA AL MUNEERA PHARMACY,AUH,PHARMACY,,AL RAHA BEACH,02-5513004,24.4523,54.6043
MEDICINA PHARMACY-BR( ALFALAH AREA ),AUH,PHARMACY,,SHOP NO. 8 FA5 AL KHAYR ST. AL ABU DHABI,02-4441715,24.4361,54.7126
MEDICINA PHARMACY - BRANCH ( GHAYATHI),AUH,PHARMACY,,ARADA GHAYATHI RUWAIS RD GHIYATHI GHAYATHI HOUSING PROJ ABU DHABI,02-309 1688,24.0117,52.798
MEDICINA PHARMACY BRANCH 13,AUH,PHARMACY,,SHOP NO. 1 SARI HELAL AHMED EI AIRPORT ROAD AIRPORT ROAD,02-678 3216,24.4762,54.372
MEDICINA PHARMACY BRANCH 14,AUH,PHARMACY,,GROUND FLOOR RETAIL 14 BLOOM M AL BATEEN AL BATEEN,02-671 1706,24.4761,54.3468
MEDICINA PHARMACY BRANCH 16,AUH,PHARMACY,,ROYAL GULF HYPERMARKET KHALIFA CITY B KHALIFA CITY B,02-673 6525,24.4408,54.6071
MEDICINA PHARMACY - BRANCH 9,AUH,PHARMACY,,ARIZONA MEDICAL DENTAL CENTRE AL ZAAB AREA AL ZAAB AREA,02-681 5025,24.4704,54.357
MEDICINA PHARMACY BRANCH 18,AUH,PHARMACY,,SHOP NO. 16 WEST YAS PLAZA YAS ISLAND YAS ISLAND,02-565 1144,24.4942,54.5865
MEDICINA PHARMACY BRANCH 19,AUH,PHARMACY,,WR-04 AL GHADEER WAHA 1 BUILDI SEIH AL SEDEIRAH 4 AL JARF,02-5837989,24.8438,55.0235
WELL CARE PHARMACY-MEDICINA,AUH,PHARMACY,ELECTRA STREET,BEHIND HONDA SHOW ROOM,02-6779888,24.4916,54.372
MEDICINA PHARMACY BRANCH 1,AUH,PHARMACY,AL KHALEEJ AL ARABI ST,CAPITAL HOUSE BLDG,02-4416232,24.4205,54.4422
MEDICINA PHARMACY BRANCH 10,AUH,PHARMACY,23RD STREET,CENTRAL MALL,02-5571195,24.4112,54.5899
MEDICINA PHARMACY BRANCH 11,AUH,PHARMACY,12TH STREET,KHALIFA CITY A,02 641 5691,24.4014,54.5535
MEDICINA PHARMACY BRANCH 2,AUH,PHARMACY,10TH STREET,IMALL,02-5501800,24.3009,54.6184
MEDICINA PHARMACY BRANCH 3,AUH,PHARMACY,AL MUROOR.STREET,AL FALAHI BUILDING,02-6440615,24.4321,54.4342
MEDICINA PHARMACY BRANCH 4,AUH,PHARMACY,,IMALL BUILDING  AMAYA TOWER,02-6500168,24.5108,54.4059
MEDICINA PHARMACY BRANCH 5,AUH,PHARMACY,,NEAR MAJED SHAIKH HAMDAN BAIN,02-5840477,25.1166,55.1962
MEDICINA PHARMACY BRANCH 6,AUH,PHARMACY,AL FALAH DRIVE STREET,VILLEGE CENTRE 4,02-584414,24.5029,54.7486
MEDICINA PHARMACY BRANCH 7,AUH,PHARMACY,2ND STREET,ARMED FORCE COOP SOCIETY BLDG,02-6678701,24.4666,54.4986
BURJEEL PHARMACY L.L.C- BRANCH 2,AUH,PHARMACY,,MAZYAD MALL SHOP 13 MUSSAFFAH,02-5534848,24.4008,54.5343
MEDICINE SHOPPE AL WAHDA MALL(LLH)(VPS),AUH,PHARMACY,AIRPORT ROAD,AL WAHDA MALL,02-4437788,24.4695,54.3734
MEDICLINIC HOSPITAL CLINIC- REEM MALL,AUH,CLINIC,AL REEM,ALZAWIYAH ST,02-4126110,24.4881,54.4003
MEDICLINIC ALNOOR  PHARMACY REEM MALL,AUH,PHARMACY,AL REEM,ALZAWIYAH ST,02-4126110,24.4881,54.4003
MEDICAL SPECIALITY  CENTER LLC,AUH,CLINIC,,JASIM AHMED AL HINDI BUILDING ZAYED 1ST STREET KHALIDHIYA,02-6336325,24.4783,54.3544
MEDI LIFE PHARMACY,AUH,PHARMACY,BINSAED STREET,GROUND FLOOR BINSAED STRT AIRORT ROAD,02-4455668,24.449,54.3912
MEDICINE MART PHARMACY LLC,AUH,PHARMACY,,GROUND FLOOR OPP. ARMENIAN CHURCH MUSAFFAH,02-5541847,24.3476,54.5213
MEDICINE SHOPPE AL MURUR PHARMACY (VPS),AUH,PHARMACY,MURUR ROAD,YTOWER BUILDING,02-6438330,24.4393,54.4151
MEDICINE SHOPPE MUSHRIF MALL PH (VPS),AUH,PHARMACY,MUSHRIF MALL,AIRPORT RD.,02-4470407,24.4397,54.4109
ALTHIQA ELITE PHARMACY,AUH,PHARMACY,,NO. C-35 MEZAR SALEM BUILDING FALAH STREET FALAH STREET,02-6342424,24.4773,54.3671
MEDLINE MEDICAL CENTRE,AUH,CLINIC,,MEDLINE MEDICAL CENTRE BUILDING OPP. VILLAGE MALL MUSAFFAH INDUSTRIAL AREA,02-5530577,24.3544,54.5227
MEDLINE PHARMACY,AUH,PHARMACY,,BUILD 16 INDUSTRIAL AREA MUSSAFFAH,02-5530577,24.3542,54.5226
MEDLUX MEDICAL CENTER L.L.C.,AUH,CLINIC,,"AL BADI KOHLER ROAD PLOT NO 6, SHOP NO 02 MAFRAQ INDUSTRIAL AREA ZONE 1",02-5467355,32.3417,36.202
MEDLUX PHARMACY LLC,AUH,PHARMACY,,NEAR MEDLUX MEDICAL CENTRE  MAFRAQ INDUTRIAL AREA ZONE,02-6229722,24.2692,54.604
MEDMAX PHARMACY LLC,AUH,PHARMACY,,GROUND FLOOR AL DHAFRA WORKERS VILLAGE  I CAD 3,02-4469386,24.3339,54.5313
MEDICINE SHOPPE MADEENA ZAYED PH (VPS),AUH,PHARMACY,ELECTRA STREET,MADEENA ZAYED SHOPPING CENTER,02-6588918,23.6674,53.6983
MENA LABS MEDICAL LABORATORY - AUH,AUH,LABORATORY,NAJDA STREET,AL MAZROUI BLDG.  2ND FLOOR NAJDA STREET AL DANAH,02-6723232,24.4853,54.3746
MEZYAD MEDICAL CENTER,AUH,CLINIC,Street # 79,TOWER 3 MEZYAD MALL MOHAMMED BIN ZAYED CITY,02-5519977,24.3745,54.5385
MILLENNIUM HOSPITAL LLC,AUH,HOSPITAL,MUSSAFAH,C 175 ME 9 SHABIA 9,02-6113333,24.3419,54.5374
MILLENNIUM HOSPITAL PHARMACY,AUH,PHARMACY,MUSSAFAH,C 175 ME 9 SHABIA 9,02-5649409,24.3419,54.5374
MADINAT MOH BIN ZAYED HLTH CARE CTR-SEHA,AUH,CLINIC,MAQTA'A,MMBZ,050-6738070,24.4293,54.4655
MADINAT MOH BIN ZAYED HEALTHCARE PH-SEHA,AUH,PHARMACY,MMBZ ABU DHABI,MADINAT ZAYED HOSP,80050 / 050-6738070,24.3342,54.5574
SEHA MOBILE CLINIC 1-SEHA,AUH,CLINIC,AL SALAM ST.,TDIC BLDG BEHIND MINISTRY OF LABOR NEXT TO KHALIFA PARK,02-8113811,24.4258,54.4666
SEHA MOBILE CLINIC 2-SEHA,AUH,CLINIC,,ABU DHABI,02-8113811,24.4874,54.3426
MODERN PHARMACY (AUH),AUH,PHARMACY,AIRPORT ROAD,NR.BANK SADERAT IRAN,02-6226646,24.4901,54.3644
MODERN DAR AL SHIFA PHARMACY MUS (ASTER),AUH,PHARMACY,INDUSTRIAREA 9,MOOPENS POLYCLINIC BUILDING  NR SIGNAL,02-5557939/02-5538408,24.3743,54.5105
MODERN DAR AL SHIFA PHARMACY (ASTER),AUH,PHARMACY,ZAYED 2ND STREET,BEHIND DANA HOTEL,02-6446100,24.496,54.3789
ASTER PRIMARY CARE L.L.C.(ASTER),AUH,CLINIC,SANNAYAH STREET,NEARBY EMIRATES DRIVING SCHOOL,02-5557078,24.3826,54.5137
MOORFIELDS EYE HOSPITAL CENTRE L.L.C,AUH,HOSPITAL,,MARINE BSDMIREANE CORNICHE,02-6433494,24.5357,54.3008
DAR AL MOUASAH CLINICAL LABS.,AUH,LABORATORY,HAMDAN STREET,MEZZANINE FLOOR PLAZA TOWER,02-6260066,24.4928,54.3669
MUBARAK MEDICAL CENTER-BRANCH 1,AUH,CLINIC,,NEAR AL ESHOUSH GYM AL ESHOUSH VILLAGE BANIYAS AL MAFRAQ WORKERS CITY-2,03-7642978,24.259,54.6304
MUBARAK PHARMACY - BRANCH 1,AUH,PHARMACY,,MMC BRANCH 1 BLDG AL ESHOUSH VILLAGE BANIYAS AL MAFRAQ WORKERS CITY-2,03-7642914,24.2579,54.6296
AL-MUSHRIF CLINIC-SEHA,AUH,CLINIC,,AL MUSHRIF CHILDREN'S SPEC CTR,80050,24.4363,54.4029
NAHDI PHARMACY DALMA MALL,AUH,PHARMACY,,SHOP 70 DALMA MALL MUSSAFAH,050-1273314,24.3332,54.5239
NAHDI PHARMACY YAS MALL,AUH,PHARMACY,,SHOP 108 GF YAS MALL YAS ISLAND,050-1062070,24.4884,54.6092
NATIONAL REFERENCE LABORATORY LLC,AUH,DIAGNOSTIC CENTER,,BUISNESS HUB  MUSAFFAH,02-4930400,24.321,54.5203
NATIONAL HOSPITAL (AVIVO),AUH,HOSPITAL,ABDULLA BIN HUMAID AL RUMAITHI ST,BUILDING 16,02-6711000,24.4654,54.3649
AL AHALIA NATIONAL PHARMACY LLC  BRANCH1,AUH,PHARMACY,,AHALIA HOSPITAL BUILDING NEAR TO BMW SHOWROOM ABU DHABI-AL AIN ROADMUSAFFA,02-81119119,24.3646,54.524
NATION PHARMACY LLC,AUH,PHARMACY,,SHEIKH KHALIFA MEDICAL CITY HASSABINZAYED ALKARAMAH,02-2011807,24.4704,54.3665
NATURAL LIFE PHARMACY LLC-LIFE,AUH,PHARMACY,,SECOND FLOOR DALMA MALL,02-5535528,24.3324,54.5244
NEW ABU DHABI PHARMACY (AHALIA GRP),AUH,PHARMACY,FALAH STREET,APCO BUILDINGNEARBY ADNOC PETROL BUNK,02-6777625,24.4913,54.3756
NEW FAMOUS MEDICAL CENTER LLC,AUH,CLINIC,,SALEM HAMEES MUSAFFAH 34 :MUSAFFAH,02-5538040,24.3501,54.5127
MEDICINA PHBAIN AL JASRAIN-SOLE PROP,AUH,PHARMACY,,6TH STREET AL MAQTA BAIN AL JAZRAIN NEAR NAHYAN MOSQUE,02-584 0477,24.4125,54.5055
NEW LAND MARK PHARMACY,AUH,PHARMACY,HAMDAN ROAD,DALMA CENTER BUILDING NR UAE EXHANGE CTR,02-6316886,24.4871,54.3594
NEW PHARMACY COMPANY WLL BRANCH 2,AUH,PHARMACY,,NMC ROYAL HOSPITAL - MAIN ENTR 16TH STREET KHALIFA CITY,02-2035021,24.412,54.5711
NEW PHARMACY COMPANY W L L- BRANCH 8,AUH,PHARMACY,,NMC ROYAL MC BLDG OPP. DEERFIELDS MALL SHAMAMAH,02-8859403,24.5209,54.669
NEW PHARMACY CO. WLL (NMC),AUH,PHARMACY,ELECTRA STREET,NMC TOWER,02-6322379,24.4847,54.3622
NEW PHARMACY COMPANY WLL- BRANCH 7,AUH,PHARMACY,,NEAR INTERNATIONAL COMMUNITY S NMC ROYAL MEDICAL CENTRE BLDG AL KARAMA,02-6144951,24.4268,54.5683
NEXTHEALTH PHARMACY,AUH,PHARMACY,,"205, F FLOOR, HAMEEM MALL AL SALAM CITY AREA AL DHAFRA REGION",02-5555369,24.201,54.4231
NEW HEALTHLINE MEDICAL CENTER,AUH,CLINIC,SHAHAMA,FLR 1 59,02-5668600,24.5598,54.6945
NIDHAM GHAYATHY PHARMACY,AUH,PHARMACY,,GROUD FLOOR P 74 MAIN STREET AL GHAYAHTHI,02-8741791,24.5294,52.8085
NMC SPECIALITY HOSPITAL - AUH (NMC),AUH,HOSPITAL,ELECTRA STREET,16 TH STREET NMC BUILDING,02-6332255/6179722,24.4865,54.3618
NMC PHARMACY (NMC),AUH,PHARMACY,AIRPORT ROAD,NMC SPECIALITY HOSPITAL BUILDING,02-6324488/02-6179820,24.5603,54.3629
N M C PHARMACY - BRANCH 1,AUH,PHARMACY,ELECTRA STREET,NMC HOSPITAL,02-6179143,24.4118,54.5704
NMC ROYAL FAMILY MEDICAL CENTRE L.L.C.,AUH,HOSPITAL,16TH STREET,PRESTIGE TOWER NEAR CAPITAL MALL,02-6911500,24.375,54.5317
MESK ALMADINA MEDICAL CENTRE L.L.C,AUH,CLINIC,,OPPO. ICAD RESIDENTIAL 2 ICAD AREA M40 MUSSAFAH,02-5504333,24.3795,54.4889
NMC ROYAL HOSPITAL LLC,AUH,HOSPITAL,16TH STREET,NEAR INTL SCHOOL OF CHOUEIFAT,02-2035000,24.4142,54.5712
NMC ROYAL MEDICAL CENTRE LLC,AUH,CLINIC,AL SAUD ST,KING ABDULAH BIN ABDDULAZIZ,02-5133111,24.5373,54.358
NMC ROYAL MEDICAL CENTRE LLC BR SHAHAMA,AUH,CLINIC,,OPP. DEERFIELDS MALL C170 SHAHAMA,02-8859400,24.5203,54.6719
NMC ROYAL MEDICAL CENTER -AL KARAMA BR,AUH,CLINIC,,NEAR INTERNATIONAL COMMUNITY S AL FARIS STREET AL KARAMA,02-6144900,24.4712,54.3563
NEW NATIONAL MEDICAL CENTRE (AVIVO),AUH,CLINIC,,"SECTOR ME10 ,NEAR UAE EXCHANGE SHABIYAH KHALIFA SHABIYAH",5520100,24.3316,54.5399
NEW NATIONAL MEDICAL CENTRE LLC BRANCH 1,AUH,CLINIC,,"NASER ABDULLAH AL YATEEM, 27 NO 27, AL MADEENAH AS SINA'IYA 2ND STREET SECTOR M36, PLOT138",02-6330244,24.3437,54.5011
NEW NATIONAL MEDICAL CENTER PH (AVIVO),AUH,PHARMACY,,BUILDING NO 37 SECTOR 10 MUSAFFAH,02-5520100,24.3306,54.5396
MEDICLINIC PHARMACY - AL MAMOURA,AUH,PHARMACY,DELMA ST,AL MAMOURA MAMOURA AREA,02-6728229,24.4952,54.3712
MEDICLINIC HOSPITALS (AIRPORT ROAD HOSP),AUH,HOSPITAL,AIRPORT ROAD,NEAR CARREFOUR,02-4446655,24.4174,54.4614
MEDICLINIC PHARMACY - ALNOOR - BRANCH 1,AUH,PHARMACY,AIRPORT ROAD,NEAR CARREFOUR AL NOOR HOSP BUILDING,02-4944590,24.4173,54.4621
NOOR ALAHLI PHARMACY - BRANCH 2,AUH,PHARMACY,,"M-9, SHABIYA NEAR SAFEER MALL, MUSAFFAH",02-5530368,24.3429,54.5303
NOOR ALAHLI PHARMACY - BRANCH 3,AUH,PHARMACY,,"GROUND FLR  NEAR AHALIA HOSPITAL, SECTOR 6 ABU DHABI",02-5530368,24.363,54.5243
NOOR ALAHLI PHARMACY - BRANCH 4,AUH,PHARMACY,,"NOOR ALAHLIMC NEAR BANIYAS COURT, BANIYAS WEST",02-5530368,24.2776,54.6436
NOOR ALAHLI PHARMACY - BRANCH 5,AUH,PHARMACY,,"BANIYAS WEST  NEAR DAR-AL-ULOOM SCHOOL,  BANIYAS,",02-5530368,24.2905,54.6309
NOOR ALAHLI PHARMACY - BRANCH 6,AUH,PHARMACY,HAMDAN STREET,"NOOR ALAHLI MC OPPOSITE HOME CENTER,  HAMDAN ST",02-5530368,24.4885,54.3599
NOOR ALAHLI PHARMACY - BRANCH 7,AUH,PHARMACY,HAMDAN STREET,"GROUND FLOOR HAMDAN STREET,  ABU DHABI",02-5530368,24.4888,54.3619
NOOR ALAHLI MEDICAL CENTER - BRANCH 2,AUH,CLINIC,,"M-9, SHABIYA  NEAR SAFEER MALL, MUSAFFAH",02-5530368,24.3437,54.5301
NOOR ALAHLI MEDICAL CENTER - BRANCH 4,AUH,CLINIC,,NOOR ALAHLI MC NEAR BANIYAS COURT BANIYAS WEST,02-5530368,24.2815,54.6419
NOOR ALAHLI MEDICAL CENTER - BRANCH 6,AUH,CLINIC,HAMDAN STREET,"MARFA SOUQ, OPP ABU SAEED MOSQUE MIRFA",02-8833020,24.1245,53.5065
MEDICLINIC HOSPITALS - BANIYAS CLINICS,AUH,CLINIC,SECTOR 9 20TH STREET,BANIYAS RESIDENTIAL AREA,02-5668800,24.2881,54.647
MEDICLINIC AL MAMORA L.L.C.,AUH,CLINIC,AL SAAD STREET / SULTAN BIN ZAYED,BEFORE MAIN BUS TERMINAL FRONT OF RED CRESCENT NEAR LULU MAIN BLDG AND AL NAHYAN CAMP,02-6723400,24.4657,54.3857
MEDICLINIC - KHALIFA CITY LLC,AUH,CLINIC,,284 NEAR KHALIFA CITY POLICE STATION,02-8856700,24.4402,54.5968
MEDICLINIC PHARMACY- AL MUSAFFAH 2,AUH,PHARMACY,WESTREN R 10,BILAL MUSTAFA AL KHALED BUILDING,02-4496140,24.3387,54.5313
MEDICLINIC HOSPITALS-ALMUSAFAHSPECCLINIC,AUH,CLINIC,,"ME-10, SHABIYA BIN MASJID SHAB SHABIYAH 10 SHABIYAH 10",02-4066874,24.3326,54.5314
MEDICLINIC PHARMACY - MADINAT ZAYED 2,AUH,PHARMACY,WESTERN REGION,AL DHAFRA BUILDING,02-8848276,23.6679,53.6979
MEDICLINIC HOSPITALS-MADINAT ZAYED SPEC,AUH,CLINIC,E45 STREET DHAFRA,NEAR AL DHAFRA SPORT CLUB,02-8848833,23.7016,53.698
NOOR ALAHLI PHARMACY BRANCH1(AHALIA GRP,AUH,PHARMACY,,MADINA MALL ICAD RESCIDENTIAL CITY MUSAFFAH,02-8119119,24.3396,54.4893
NOOR ALAHLI MEDICAL CENTER  BRANCH-1,AUH,CLINIC,,MADINA MALL ICAD RESIDENTIAL CITY ICADMUSAFFAH,02-81119119,24.3403,54.4894
NOOR AL SHIFA PHARMACY,AUH,PHARMACY,,SECTOR 41 PLOT NO C57GROUND FLOOR MUROOR ROAD,507317103,25.8003,55.9762
NEW AL WATHBA PHARMACY (JULPHAR GRP),AUH,PHARMACY,BANIYAS STREET,BESIDE COMMERCIAL BANK OF ABU DHABI,02-5823656,24.4847,54.375
NEW AL DAMAN PHARMACY,AUH,PHARMACY,HAMDAN ROAD,HAMDAN CENTRE,02-6216700,24.4882,54.3629
OASIS MEDICAL CENTRE - BRANCH 1 (AHALIA),AUH,CLINIC,AL FALAH STREET,MOHD ALI ALMUHAIRBI BUILDING NEAR TO TAHA MEDICAL CENTRE AL FALAH STREET,02-8119119,24.4977,54.3748
OAISS BRACES CENTRE L.L.C.,AUH,DENTAL,,H&M BUILDING 3RD FLOOR NAJDHA AL MARKAZIA,02-6344343,24.4884,54.3949
OASIS MEDICAL CENTRE (AHALIA GROUP),AUH,CLINIC,FALAH STREET,MOHAMMED ALI AL MUBARBI BUILDING NEARBY ADNOC PERTOL BUMP,02-6763282,24.4827,54.3739
OCCU MED CLINIC (VPS),AUH,CLINIC,,GLOBAL ASCENT BUSINESS CNTR,02-5134000,24.3661,54.5213
OLIVE PHARMACY,AUH,PHARMACY,AL DHAFEER ST.,BEHIND DUBAI ISLAMIC BANK AL DHAFEER ST,02 6664008,24.4357,54.4376
MEDICAL PARK CONSULTANTS ONE DAY SURGERY,AUH,DAY CARE,AL FALAH STREET,140 W11 BESIDE BNP PARIBAS AL BATEEN ST.,02-3028888,24.4625,54.3446
PATTAYA MEDICAL CENTRE,AUH,CLINIC,,RASHID KHADM AL MUHAYRI  B3 MUSSAFAH 37,02-5530233,24.348,54.493
PATTAYA PHARMACY,AUH,PHARMACY,,RASHID KHADM AL MUHAYRI  ICAD MUSSAFA INDUSTRIAL AREA MUSSAFAH 37,02-5551335,24.3597,54.5217
PRIDE PHARMACY,AUH,PHARMACY,,GROUND FLOORUBAID THANI GUMMA NEAR K M TRADINGSTREET NO. 6 SANAIYA,03-7998706,24.1912,55.7557
PRIME CARE MEDICAL CENTER LLC,AUH,CLINIC,,NEARBY EMIRATES IDENTITY AUTHO M/4,02-5538188,24.3394,54.5351
PRIME CURE MEDICAL CENTER (AUH),AUH,CLINIC,FALAH STREET,MEZER SALEM BUILDING NEXT TO G FALAH STREET FALAH STREET,02-6342424,24.4791,54.3669
PRIME LONDON PHARMACY,AUH,CLINIC,AL KHALIDIYAH,VILLA 253,02-6261661,24.4626,54.3562
BURJEEL PHARMACY L.L.C. - BRANCH 10,AUH,PHARMACY,HAZZA BIN ZAYED ST,BAKHIT AL MANSOURI BLDG,02-6415533,24.4769,54.3791
BURJEEL PHARMACY L.L.C - BRANCH 11,AUH,PHARMACY,MAIN ROAD,GRND FLR KHALIFA CITY COOP SOCIETY,02-5562421,24.4208,54.5657
BURJEEL HOME CARE SERVICES LLC,AUH,DAY CARE,HAZZA BIN ZAYED ST,BAKHIT AL MANSOURI BLDG,02-6415533,24.4789,54.3812
PROFICIENCY MEDICAL CLINIC,AUH,CLINIC,,BUILDING NUMBER C199 SHABIA 12NEAR TO MODEL SCHOOL MUSSAFFAH,,24.321,54.5383
PROFICIENCY SPECIALIST LABORATORIES,AUH,LABORATORY,,BUILDING NUMBER C199 SHABIA 12NEAR TO MODEL SCHOOL MUSSAFFAH,02-3355171,24.3207,54.538
PUBLIC HEALTH PHARMACY L.L.C,AUH,PHARMACY,,HOP NO 2B PLOT NO F2C4_1 MAGENTA PEARL VILLAGE AL MAFRAQ INDUSTRIAL 2 CHINACP,02-6678668,32.3417,36.202
QUALITY CARE MEDICAL CENTER LLC,AUH,CLINIC,,"STAR TOWER BLDG. 1ST FLR,LULU STREET ABUDHABI",02-6260600,24.4915,54.3568
QUSAHWIRA MEDICAL CENTER,AUH,CLINIC,,"WESTERN REGION, AL DHAFRAH ABUDHABI",02-6023882,22.7139,54.787
AL RAFA MEDICAL CENTRE LLC (ASTER),AUH,CLINIC,AL KHALIDIYA,UNITED SQUARE BLDG.,02-6266672,24.4719,54.3505
AL ABEER MEDICAL CENTER DAY SURGERY UNIT,AUH,DAY CARE,,200; F-2; HYPERMARKET BUILDING NAJDA STREET NAJDA STREET,02-6330440,24.4894,54.3699
RAHAT MEDICAL CENTER,AUH,CLINIC,,"MARINA PLAZA TOWER, ABOVE QATA LULU STREET MARKAZIYA",02-6333924,24.4888,54.3645
HALA MEDICAL CENTRE,AUH,CLINIC,,NEAR UAE EXCHANGE,02-8742437,23.842,52.8116
RAHMATH SILA CLINIC,AUH,CLINIC,,BUILDING 457 1ST FLOOR NEAR UAE EXCHAGE BLDG SILA WESTERN REGION,02-8424999,24.0711,51.7637
RAINBOW CITY PHARMACY,AUH,PHARMACY,,SECTOR M4 PLOT P11  SECTOR M4,02-5542322,24.3651,54.5177
MAXIM MEDICAL CENTRE LLC,AUH,CLINIC,12TH STREET,WORKERS VILLAGE BLDG NEAR MUSSAFAH MALL,02-5500161,24.3126,54.4973
AL RAZI PHARMACY CO.,AUH,PHARMACY,KHALEEJ ARABI STREET,GDC HOSPITAL BUILDING,02-6675938,24.4907,54.3627
REAL 7 PHARMACY DMCC (BRANCH),AUH,PHARMACY,,UNIT NO. M032 GROUNDFLOOR  MASDAR CITY,04-3441122,24.4481,54.6076
REEM HOSPITAL LLC INPATIENT PHARMACY,AUH,PHARMACY,OPP SORBONNE UNIVERSITY,ST FLR REEM HOSPITAL,02-8152000,24.4925,54.4126
REEM NEUROSCIENCE CENTER LLC,AUH,CLINIC,AL NAHYAN NEAR TO DELMA PARK,VILLA109 REEM NEUROSCIENCE CT,02-6651777,24.4728,54.3885
REEM NEUROSCIENCE PHARMACY,AUH,PHARMACY,AL NAHYAN,VILLA 109 NEUROSCIENCE CENTRE,02-6651777,24.4728,54.3885
RIGHT CHOICE HEALTH PHARMACY,AUH,PHARMACY,INDUSTRIAL AREA MUSAFFAH 10,FL NO 32 BUILDING 43,02-4917599,24.3713,54.5048
RIGHT CHOICE MEDICAL CENTER,AUH,CLINIC,,IGHT CHOICE MEDICAL CENTRE BDN MUSAFFAH SANAYA 10 NEAR ALYA SUPERMARKET,24917600,24.3718,54.5053
RIGHT HEALTH PHARMACY SOLE PROP,AUH,PHARMACY,HABSHAN CAMP,PARCEL T 29,04-3335502,23.7454,53.5079
RIVOLI EYE ZONE (BRANCH OF ABU DHABI),AUH,OPTICS,FORSAN CENTRAL MALL,"G 04, GROUND FLOOR",02-3097254,24.4097,54.5658
RIVOLI EYEZONE GALLERIA MALL,AUH,OPTICS,AL MARYAH ISLAND,"11135, FIRST FLOOR GALLERIA MALL",02-6260121,24.5003,54.3907
RIVOLI EYEZONE ABU DHABI MALL,AUH,OPTICS,,B71 FIRST FLOOR MAIN ENTRANCE TOURIST CLUB,02-6410017,24.5042,54.3831
RIVOLI AVANTI -YAS MALL,AUH,OPTICS,,G 170A OPPOSITE RIVOLI WATCHES FASHION ENTRANCE,02-5650440,24.4961,54.6084
AL ROWDHA CLINIC FAMILY MEDICINE-SEHA,AUH,CLINIC,AL KARAMA STREET,AL KARAMA STREET,02-8191550,24.4628,54.3677
AL ROWDHA FAMILY MEDICINE CLINIC PH-SEHA,AUH,PHARMACY,AL KARAMA ROAD,AL KARAMA ROAD,02-8191567/1568,24.4627,54.3678
ROYAL PHARMACY - AUH (JULPHAR GRP OF PHY,AUH,PHARMACY,ZAYED EL AWSTREET,BHD.CHOITHRAM,02-6666427,24.474,54.3506
PROVIDENCE INTERNATIONAL MED&COSMETIC CT,AUH,CLINIC,EL AWAL STREET,F-MEZZ ZAYED EL AWAL ST; KHALDIYA BHD.CHOITHRAM,02-6661197,24.3559,54.4957
ROYAL INTERNATIONAL MEDICAL CENTER,AUH,CLINIC,,ELENCO BUILDING BESIDE LULU EXCHANGE MAFRAQ,02-8775522,24.4539,54.3773
ROYAL INTERNATIONAL PHARMACY,AUH,PHARMACY,,ELENCO BUILDING BESIDE LULU EXCHANGE AL MAFRAQ,02-5833735,32.3417,36.202
RUWAIS HOSPITAL CODE H-242 (ADNOC),AUH,HOSPITAL,RUWAIS HOUSING COMPLEX,CODE H-242 NEAR RUWAIS MALLRUWAIS HOUSING COMPLEX,02-6020575/6020535,24.6306,52.5914
AL SAADA PHARMACY,AUH,PHARMACY,,SHOP NO 4 AL AKKAVI BLDG NEAR LULU EXCHANGE,02-6278313,24.4939,54.3698
SAAD PHARMACY-AUH,AUH,PHARMACY,HAMDAN STREET,AL YOUSUF CENTRE PIZZA HUT BUILDING,02-6277332,24.4926,54.3659
SABA MEDICAL CENTER,AUH,CLINIC,,14TH ST M37 INDUSTRIAL AREA MUSSAFAH,02-5523300,24.3536,54.5007
AL SADIQ PHARMACY (JULPHAR GRP OF PHY),AUH,PHARMACY,MAIN MUSSAFAH BRIDGE,BUILDING 54 NR AL NOOR HOSPNMC SPEC HOSP,02-5530036,24.3266,54.5308
AL SAFWA MEDICAL CENTER L.L.C.,AUH,DENTAL,HAMDAN STREET,OFFICE # 603 6TH FLOOR MARJAN PLAZA BUILDING OPP.HAMDAN CENTER,02-6262989,24.2962,54.6393
SAHARA MEDICAL CENTER LLC,AUH,CLINIC,M44,M44 MUSAFFAH INDUSTRIAL AREA,02-5556394,24.4485,54.4709
SAHARA PHARMACY LLC,AUH,PHARMACY,M44,M44 MUSAFFAH INDUSTRIAL AREA,02-5556394,24.3405,54.5325
SAMA ALSHAMKHA MEDICAL CENTRE,AUH,CLINIC,,4243 FLOOR NEAR AL QIMA SCHOOL AL SHAMKHA,02-5866020,24.3636,54.6894
SAMA AL SHAMKHA PHARMACY,AUH,PHARMACY,,4243 FLOOR NEAR AL QIMA SCHOOL AL SHAMKHA,02-5866020,24.364,54.6894
SAMA TABRIZI DENTISTRY BR AUH,AUH,DENTAL,,104 EMIRATES RED CRESCENT MINISTRY COMPLEX KHALIFA PARK,02-5833328,24.4312,54.4672
AL SAMHA HEALTH CTR PH-SEHA,AUH,PHARMACY,AL SAMHA,AL SAMHA,02-5620048,24.6655,54.7729
SANDS PHARMACY - AUH,AUH,PHARMACY,FALAH STREET,GOLDEN SANDS CTR BUILDING,02-6425688,24.4774,54.3671
SARHAD PHARMACY,AUH,PHARMACY,,SHEIKH HAMDAN BUILDING SHOP NO # 21 GROUDNF FLOOR 17 STREET SANIAYA MUSSAFAH,02-5551429,24.3842,54.5186
SEA CITY PHARMACY - MUSAFAH,AUH,PHARMACY,,NOOR AL SHIFA MEDICAL CENTER BLDG. DUBAI - MAFRAQ ROAD NEW  NEW SHAHAMA,02-5528801,24.5334,54.4845
SEA CITY PHARMACY,AUH,PHARMACY,,GOLDEN CHOICE MEDICAL BUILDING M/17 MUSAFAH SANAYYA SANAYYA,557217122,24.366,54.4845
AIRPORT CLINIC -1- SEHA,AUH,CLINIC,,ABU DHABI INTERNATIONAL AIRPORT   ABU DHABI,02 575 7875,24.4419,54.6501
AL FALAH HEALTHCARE CENTER- SEHA,AUH,CLINIC,,ABU DHABI - UNITED ARAB EMIRATES  AUH,02-7115072,24.4599,54.741
DISEASE PREVENTION & SCREENING CNTR-SEHA,AUH,CLINIC,AL SALAM STREET,SEHA,+971 2 410 2720,24.3572,54.5219
ABU DHABI BLOOD BANK- SEHA,AUH,CLINIC,,BUDHABI SEHA ABUDHABI,02 8192037,24.2334,55.7308
AL CORNICE HOSPITAL IVF CENTER- SEHA,AUH,HOSPITAL,CORNICHE ROAD,CORNICHE ROAD BESIDE SHERATON HOTEL  ABUDHABI,02-6724900,24.5016,54.3697
SEHA DIALYSIS - DELMA-SEHA,AUH,CLINIC,WESTERN REGION,WESTERN REGION,02-5012929,24.4757,52.3092
SEHA DIALYSIS - GHAITHY-SEHA,AUH,CLINIC,WESTERN REGION,WESTERN REGION,02-5012929,24.3267,54.6159
SEHA DIALYSIS - MIRFA-SEHA,AUH,CLINIC,WESTERN REGION,WESTERN REGION,02-5012929,24.0851,53.4977
SEHA DIALYSIS - MADINET ZAYED-SEHA,AUH,CLINIC,WESTERN REGION,WESTERN REGION,02-5012929,23.6585,53.6804
SEHA DIALYSIS - SILA-SEHA,AUH,CLINIC,WESTERN REGION,WESTERN REGION,02-5012929,24.0692,51.7621
SEHA DIALYSIS - SKMC-SEHA,AUH,CLINIC,AL KARAMA ST,NEAR MOSQUE MASJID,02-5012929,24.4682,54.3645
SEHA DIALYSIS - TAWAM-SEHA,AUH,CLINIC,TAWAM CAMPUS,TAWAM CAMPUS,02-5012929,24.1956,55.6504
SHEIKH KHALIFA MEDICAL CITY DIALYSIS,AUH,CLINIC,,KARAMA STREET  ABU DHABI CITY,02-5012925,24.4697,54.3685
SEHA DIALYSIS SERVICES - AL MAFRAQ H,AUH,CLINIC,,AL MAFRAQ  ABUDHABI,02-4102900,24.3267,54.6159
SEHA MOBILE CLINIC 3,AUH,CLINIC,,ABU DHABI ISLAND  AUH,02-6419733,24.4277,54.5651
SEHA EMIRATES HOSPITAL L.L.C (DUBLIN),AUH,HOSPITAL,EMIRATES SCHOOL DELMA STREET,VILLA 123BLOCK NO 37EAST,02-4451669,24.4711,54.383
SEHA EMIRATES PHARMACY (DUBLIN),AUH,PHARMACY,EMIRATES SCHOOL DELMA STREET,VILLA 123BLOCK NO 37EAST,02-6397800,24.471,54.383
SIR BANIYAS CLINIC - SEHA,AUH,CLINIC,,BANI YAS   ABU DHABI,02-8070000,24.2767,52.6213
SIR BANIYAS CLINIC PHARMACY,AUH,PHARMACY,,BANIYAS  ABU DHABI,02-8070000,24.3114,52.5959
ETIHAD VISA SCREENING CENTER- SEHA,AUH,CLINIC,,ABUDHABI SEHA ABUDHABI,+971 2 410 2720,24.4442,54.6088
SEHA DIALYSIS SERVICES - AL WAGAN,AUH,CLINIC,OMAN STREET,(ADMINISTRATION OFFICES   2ND FLOOR,02-5012925,23.6372,55.5662
SELECT PHARMACY,AUH,PHARMACY,,NEAR LAL MARKET ZONE M10 MUSSAFAH  INDUSTRIAL AREA,02-5540446,24.3708,54.5068
SHAH AL HOSN PLQ,AUH,CLINIC,,ONSHORE  ONSHORE,02-6024518,22.9461,54.0796
SHAHAMA HEALTH CENTER-SEHA,AUH,CLINIC,SHAHAMA,SHAHAMA,02-5632599,24.5495,54.6833
SHAHAMA  HEALTH CTR PH-SEHA,AUH,PHARMACY,SHAHAMA,SHAHAMA,02-5632599,24.181,55.3325
SHAHEEN MEDICAL CENTER,AUH,CLINIC,,AHMED SULTAN MARTA AL HALAMI 1ST FLOOR MADINA ZAYED,02-6411345,24.4767,54.367
AL SHAMKHA HEALTHCARE CENTER-SEHA,AUH,CLINIC,AL SHAMKHA,AL SHAMKHA,02-8113811,24.3831,54.7081
AL SHAMKHA HEALTHCARE CTR PHARMACY-SEHA,AUH,PHARMACY,AL SHAMKHA,AL SHAMKHA,80050,24.3831,54.7081
DR. AHMED ABU SHARIA MEDICAL CENTER,AUH,CLINIC,26TH STREET,OPPOSITE BLOOD BANK,02-6674882,24.4652,54.3634
DAR AL SHIFAA PHARMACY BR2,AUH,PHARMACY,TARIF HIGHWAY,DALMA MALL,02-6900816/055-1038229,24.3332,54.5238
DAR AL SHIFA MEDICAL C (AUH)(ASTER),AUH,CLINIC,ELECTRA STREET,TOURIST CLUB AREA OFFICE # 137 MEZZANINE FLOOR AL NUWAIS BUILDING,02-6456100,24.4975,54.3795
SHROUQ AL SABAH MEDICAL CENTER,AUH,CLINIC,,209 BALADIYA STREET  AL AMERIYA,03-7801233,24.2579,55.7395
SILA HOSPITAL-SEHA,AUH,HOSPITAL,WESTERN REGION,WESTERN REGION,02-8835000,24.0455,51.7604
SKY COMMUNITY PHARMACY (CHS),AUH,PHARMACY,,GROUND FLR SUN &SKY TOWER BOUTIK MALL,02-6760880,24.4964,54.4075
SMART HEALTH PHARMACY,AUH,PHARMACY,,G03 NEAR PARCO HYPER MARKET LABOR CAMP 2 MAFRAQ  BANIYAS WEST,02-5851800,24.2594,54.6298
SMART PHARMACY,AUH,PHARMACY,,GF C31 55TH STREET MUSSAFAH,02-5592460,24.3405,54.5345
AL SAMHA HEALTH CENTER-SEHA,AUH,CLINIC,AL SAMHA,AL SAMHA,02-5620048,24.6809,54.7616
SMILE FACTORY DENTAL CENTRE LLC,AUH,DENTAL,17TH STREET,VILLA #54 BEHIND AL SHARQ MALL,02-5840409,24.3175,54.6255
SPANISH CENTER PHARMACY,AUH,PHARMACY,SPANISH MEDICAL CENTER,na,02-5460666,24.4618,54.3486
SPRUCE SUNGLASSES TRADING BR ABUDHABI,AUH,OPTICS,AL BAHYA OLD AL BAHYAH,EYEWA DEERFIELDS MALL 990AL RUBBAN ST AL BAHYA OLD AL BAHYAH,02-6673811,24.5245,54.6712
SPRUCE SUNGLASSES TRADING BR ABUDHABI 1,AUH,OPTICS,YAS ISLAND YSI,GRD FLR OPP WAITROSE EYEWA,02-4915756,24.488,54.6071
SPRUCE SUNGLASSES TRADING BR ABUDHABI 2,AUH,OPTICS,AL ZAHIYAH,LEVEL 2 OF ABU DHABI MALL,02-6328630,24.5135,54.3856
SPRUCE SUNGLASSES TRADING BR ABUDHABI 3,AUH,OPTICS,NDUSTRIAL CITY,FIRST FLR DALMA MALL,02-3097172,24.333,54.524
SPRUCE SUNGLASSES TRADING BR AD 4,AUH,OPTICS,BANI YAS,BAWABAT AL SHARQ ST,02-6276948,24.3122,54.6201
SPRUCE SUNGLASSES TRADING BR ABUDHABI 5,AUH,OPTICS,AL WAHDA MALL,UNIT # E 101 1ST LEVEL OLD,03-7615646,24.4703,54.3727
SPRUCE SUNGLASSES TRADING BR,AUH,OPTICS,MASDAR CITY CENTRE,MASDAR CITY CENTRE,02-6225826,24.4292,54.6201
STAR AL AHALIA MEDICAL CENTER (AHALIA),AUH,CLINIC,,BUILD. NO:- C76 NEAR TO GAYATHI MARKET TARIFF ROADGAYATHI,02-8119119,23.8483,52.8118
STAR AL AHALIA PHARMACY,AUH,PHARMACY,,BUILD. NO:- C76 NEAR TO GAYATHI MARKET TARIFF ROADGAYATHI,02-8119119,24.3772,52.8106
STAR MEDICAL CENTER LLC BRANCH- 1,AUH,CLINIC,,MUHAMMAD ALI SAMAD BLDG 26 MUSAFFAH SANAYYA NEAR MARQAB PH,02-5558081,24.3629,54.5236
SUPER CARE AL SALAM PHARMACY,AUH,PHARMACY,,C 231 MUSSAFFAH COMMERCIAL EAST  MUSSAFFAH,02-5528119,24.3188,54.538
SUPERCARE PHARMACY BR ABU DHABI 5,AUH,PHARMACY,,AL WAHDA MALL AL WAHDA MALL AREA AL ASALAH STREET,04-3504500,24.5265,54.3758
SUPERCARE PHARMACY-BRANCH OF ABU DHABI 2,AUH,PHARMACY,,DALMA MALL,02-6653350,24.3356,54.5243
SUPERCARE PHARMACY-BRANCH OF ABU DHABI 3,AUH,PHARMACY,,AL REEF COMMUNITY,02-5821044,24.4697,54.6755
SUPERCARE PHARMACY AL MUNEERA,AUH,PHARMACY,,SHOP-B106 AL RAHAH ST. AL MUNEERA ISLAND,04-3504500,24.4523,54.605
SUPERCARE PHARMACY YAS MALL,AUH,PHARMACY,,SHOP G039 YAS MALL AL ATAHRI ST YAS ISLAND,02-6220988,24.4891,54.6096
SWAT MEDICAL POLY CLINIC,AUH,CLINIC,,SWAT PHARMACY BLDG NEAR GULF GARDEN RESTAURANT SANAIYA,02-5550038,24.4539,54.3773
SWAT PHARMACY,AUH,PHARMACY,,NEAR GULF GARDEN M40 SANAIYA,02-5546799,24.4206,54.5321
SWEDISH MEDICAL CENTER PHARMACY LLC,AUH,PHARMACY,,VILLA # 1 OP KHALIDIA KHALID,02-6811122,24.4668,54.3358
TABIBAK MEDICAL CLINIC (GOLDEN HEALTH),AUH,CLINIC,Dhafra Area,na,02-6225566,23.7459,53.5079
AL TADAMON MEDICAL CENTRE,AUH,CLINIC,,ICAD RESIDENTIAL CITY OPPOSITE TO AL FARDAN EXCHANGE MUSSAFAH,02-5636799,24.3391,54.4892
TAHA PHARMACY,AUH,PHARMACY,ALFALAH STREET,FATIMA SUPERMARKET CENTRAL,02-6343447,24.4814,54.3721
TAJMEEL DENTAL CENTER LLC -BRANCH1(VPS),AUH,DENTAL,AL KARAMA MAIN ST,NEAR AL ROWDAH FAMILY CLINIC,02-6107897 / 800 825,24.4726,54.3688
TAJMEEL KIDS PARK MEDICAL CENTRE L.L.C.,AUH,CLINIC,,G FLOOR FUN ZONE EMIRATES PARK NEAR EMIRATES PARK ZOO AL SHAHAMA,02-5646500,24.5465,54.6741
TAJMEEL SPECIALIZED MEDICAL CENTER LLC,AUH,CLINIC,SHAHAMA ROAD,AL DAR HQ BUILDING,02-3047999,24.5603,54.6707
TAWAM REHABILITATION CENTER- SEHA,AUH,CLINIC,KHALIFA STREE,EASTERN  AL AIN REGION    CORNOR OF KHALIFA STREET,02-7642075,24.1958,55.6478
THE CHEMIST SHOP PHARMACY- SOLE PROPRIETORSHIP L.L.C.,AUH,PHARMACY,,VILLA836 OPP EMBASY CHINA ALMAHARBAH,02-4430440,24.4412,54.3712
AL THURAYYA PHARMACY (LANDMARK GRP),AUH,PHARMACY,NAJDA STREET,OPPOSITE SHABIYA POLICE STATIO JUMA SAAED HAREB BUILDING,02-6427827,24.4862,54.378
TOP CARE MEDICAL CENTRE,AUH,CLINIC,INDUSTRIAL CITY,NEAR FRESH & MORE HYPERMARKET,02-5500620/5500625,24.3394,54.4896
TOP CARE PHARMACY,AUH,PHARMACY,INDUSTTRICITY,BLOCK 13NEARBY TOPCARE MEDICAL CENTER,02-5500625,24.3395,54.4881
TOP CARE PHARMACY BRANCH 1,AUH,PHARMACY,,AL MADINA HYPERMARKET BLDG,02-5500620 02-6665131,24.3439,54.4908
SSMC TOWER PHARMACY,AUH,PHARMACY,AL MAFRAQ,GF SHEIK SHAKHBOUT,02-3146230,24.325,54.6135
TOWN LIFE PHARMACY LLC,AUH,PHARMACY,,UNIT NO RA18  OPP. ABU DHABI COOP,04-3441122,24.4969,54.3827
ULTRA CARE PHARMACY,AUH,PHARMACY,KARAMA STREET,NEAR KHALIFA HOSPITAL,02-4434700,24.4628,54.3701
UMM SHAIF SUPER COMPLEX (USSC)/ UMM SHAI,AUH,CLINIC,,DAS ISLAND  DAS ISLAND,02-6024518,25.1492,52.8782
UNIQUE ALAHALIA OPHTHALMOLOGY ONE DAY SU,AUH,DAY CARE,,DELMA STREET  AIRPORT ROAD,02-6262666,24.4639,54.3779
UNIQUE HEALTH CARE CLINIC L.L.C.,AUH,CLINIC,,AL-SARAB BUILDING NEAR UBL BANK MUSSAFFAH MUSSAFFAH,02-5755333,24.375,54.499
UNIQUE CARE PHARMACY,AUH,PHARMACY,,AHMED HAMD HAMEED ALSUWAIDI BLDG GROUND FLOOR 10 STREET (M13) MUSSAFFAH INDUSTRIAL AREA,02-5535582,24.3691,54.4966
UNIQUE AL AHALIA PHARMACY - BRANCH 2,AUH,PHARMACY,,DELMA STREET  AIRPORT ROAD,02-6410039,24.3349,54.5304
UNIVERSAL SPECIALTY MEDICAL CENTER L.L.C,AUH,CLINIC,,GF BLDG C150 SHABIYA MOHAMMED BIN ZAYED CITY ABU DHABI,02-5524425,24.3224,54.538
UNIVERSE PHARMACY LLC,AUH,PHARMACY,,C54 NEAR RICH AND FRESH MARKET,02-6327992,24.3209,54.537
UNIQUE AL AHALIA PHARMACY,AUH,PHARMACY,,SALAH ALAMRI BUILDING NEAR TO RED CRESENT ME-10MUSAFFAH,02-81119119,24.49,54.3594
UNIQUE AL AHALIA PHARMACY - BRANCH 1,AUH,PHARMACY,,RASHID AL HAMILI BUILDING NEAR TO RED CRESENT HAMDAN STREET,02 81119119,24.4791,54.3607
MEDICINA PHARMACY BRANCH 15,AUH,PHARMACY,,NEAR SKMC HOSPITAL AIRPORT ROAD AIRPORT ROAD,02-678 5127,24.4724,54.3723
UPPER ZAKUM CLINIC,AUH,CLINIC,,ABU DHABI,02-6023882,24.4982,54.3661
VENUS PHARMACY,AUH,PHARMACY,,GF BLDG C150 SHABIYA MOHAMMED BIN ZAYED CITY ABU DHABI,02-5524425,24.3205,54.5355
VISTA CARE SPECIALIZED CLINIC,AUH,CLINIC,,NEAR MADINATZAYD  AL DANAH,02-6263649,24.4894,54.367
VIVID PHARMACY LLC,AUH,PHARMACY,28TH ST,SHK FATIMA BINT MUBARAK SHOP 4,02-5546259,24.3405,54.5364
AL WAHDA MEDICAL CENTER,AUH,CLINIC,,MARYAM PHARMACY BUILDING HAZAA BIN ZAYED STREETDEFENCE DEFENCE ROAD,02-6418383,24.4712,54.371
AL WATHBA PHARMACY (JULPHAR GRP OF PHY),AUH,PHARMACY,BANIYAS STREET,BESIDE COOP SOCIETY,02-5831368,24.2875,54.6408
WAZIRUSTAN CLINIC LLC,AUH,CLINIC,,3RD FLOOR` MARKET AREA GHAYATHI,02-8741400,23.8423,52.8116
WELL CARE MEDICAL CENTER,AUH,CLINIC,ELECTRA STREET,ELECTRA STREET AL HAMRA PLAZA BLK A-01,6766000,24.4905,54.3718
WELL HEALTH MEDICAL CENTER,AUH,CLINIC,,AL NAHYAN CAMP VILLA MOHD AL MINHAL DEFENSE ROAD,02-6429393,24.4756,54.3839
WELLNESS PHARMACY LLC,AUH,PHARMACY,,BULIDING 111 DIHAN STREETMUROOR NEAR SHEIKH KHALIFAARABPAKSCL,02 642 2424,24.4432,54.3981
WELLNESS ONE DAY SURGERY CENTRE LLC,AUH,DAY CARE,,BUILDING111DIHAN STREET NEAR SHEIKHKHALIFAARABPAKSCHL MUROOR,02 6422424,24.4435,54.3981
WESTERN TOWERS AL AHLIA MEDICAL CENTRE,AUH,CLINIC,,SHOP NO 10 NEAR AL MAYA SUPER MARKET MZE19SANAYAMADINATH ZAYED,02-8119119,23.6629,53.7293
WHITE PHARMACY,AUH,PHARMACY,,AL SHURK MOSQUE AL QUNOUT 2 ST M16 MUSSAFFAH,02-5464365,24.4183,54.488
WESTERN TOWERS AL AHALIA PHARMACY,AUH,PHARMACY,,SHOP NO 10 TARIF LIVA ROAD MADINA ZAYED,02-81119119,23.6621,53.7269
YAS HEALTHCARE L.L.C,AUH,CLINIC,MUROOR STREET,FLR 2 DUSIT THANI COMPLEX OPP: AL JAZIRA STADIUM,02-3336907,24.4566,54.3956
YATEEM OPTICIAN,AUH,OPTICS,,CRYSTAL TOWER SHOWROOM IS SITUATED ON THE BA HAMDAN ROAD,02-6776222,24.4888,54.3619
YATEEM OPTICS BRANCH 1,AUH,OPTICS,,"UNIT NO. G-3, SW16, PARALLEL AVENUE TO 29TH STREET KHALIFA CITY A AIRPORT ROAD",02-6666402,24.398,54.5602
YATEEM OPTICIAN BRANCH 10,AUH,OPTICS,,SHOP NO. 21 LOCATED ON 1ST FLOOR SHANGRILLA - QARYAT AL BERRY,02-5581660,24.409,54.491
YATEEM OPTICIAN BRANCH-11,AUH,OPTICS,,SHOP LOCATED ON 1ST FLOOR SHOP NO. FF023 DALMA MALL,02-5516202,24.3328,54.524
YATEEM OPTICIAN BRANCH 13,AUH,OPTICS,,"UNIT NO. RA 063+062 GROUND FLOOR, BAWABAT AL SHARQ BANIYAS",02-5858786,24.3108,54.6206
YATEEM OPTICIAN- BRANCH 17,AUH,OPTICS,,"SHOP NO. 29 1ST FLOOR,RUWAIS MALL RUWAIS",02-8766622,24.0757,52.6718
YATEEM OPTICIAN BRANCH-3,AUH,OPTICS,KHALIFA ST.,AT GROUND FLOOR ATTIQ AL MAZROUI BLDG AL MANARA PH. KHALIFA STREET,02-6277022,24.4988,54.3606
YATEEM OPTICIAN BRANCH-5,AUH,OPTICS,,SHOP NO. B-51 ABU DHABI MALL TOURIST CLUB AREA,02-6451566,24.4961,54.3831
YATEEM OPTICIAN BRANCH-6,AUH,OPTICS,,SHOP LOCATED ON 1ST FLOOR END OF CORNICHE ROAD MARINA MALL,02-6818170,24.4767,54.3224
YATEEM OPTICALS - BRANCH 9,AUH,OPTICS,,SHOWROOM SITUATED IN UNIT 255 1ST FLOOR KHALIDIA MALL,02-6354999,24.4701,54.3517
YATEEM OPTICS BRANCH DALMA MALL,AUH,OPTICS,,OCCHIALI OPTICIAN SHOP NO. FF040 LOCATED ON 1ST DALMA MALL,02-5508633,24.3331,54.5239
YATEEM OPTICIAN BRANCH THE GALLERIA MALL,AUH,OPTICS,,11310 ( SU ) THE GALLERIA ALMARIYA ISLAND ABUDHABI GLOBAL MARKET SQUARE,02-6776447,24.5019,54.3908
YATEEM OPTICIAN BRANCH AL MUSHRIF MALL,AUH,OPTICS,,MUSHRIF MALL AIRPORT ROAD AL MUSHRIF AREA,02-8823228,24.434,54.4123
YATEEM OPTICS,AUH,OPTICS,,"MAYBACH SHOP NO. G-091 & G-092 YAS MALL,YAS ISLAND",02-5651444,24.4882,54.6071
YATEEM OPTICIAN- BRANCH,AUH,OPTICS,,SHOP IS SITUATED ON 1ST FLOOR FF 258 AL WAHDA MALL,02-4437460,24.4699,54.372
UMM AL DALKH CLINIC (ZADCO),AUH,CLINIC,,OFF SHORE  UMM AL DAKH OILFIELD,(+971) 2 70 71271,24.5584,54.3379
ZIRKU CLINIC (ZADCO),AUH,CLINIC,,OFF SHORE  ZIRKU ISLAND,02-6023882,24.9471,53.0607
AL ZAFARANAH FAMILY MEDICINE CLINIC-SEHA,AUH,CLINIC,AL KARAMA STREET,AL KARAMA STREET,02-7113790,24.4354,54.434
ZAFARANAH FAMILY MEDICINE CLINIC PH-SEHA,AUH,PHARMACY,AL KARAMA ROAD,AL KARAMA ROAD,02-7113790,24.4355,54.434
ZAKUM WEST SUPER COMPLEX CLINIC,AUH,CLINIC,,DAS ISLAND  DAS ISLAND,02-6024518,25.1484,52.8785
ZANBAQ AL MADINA PHARMACY L.L.C(NMCAUH),AUH,PHARMACY,,OPP ICAD RESIDENTIAL2 ICAD AREA40 MUSSAFAH,02-5504333,24.3461,54.4878
ZEST WELLNESS PHARMACY L.L.C-AUH,AUH,PHARMACY,AL RAWDA BUILDING,SHOP NO G 5,02-5823626,24.4657,54.3345
ZEST WELLNESS PH BR OF ABUDHABI 1,AUH,PHARMACY,THEYAB BIN EISSA ST,UNIT 07 & 08 WAITROSE CENTRE,02-5653462,24.4162,54.5661
ZIA MEDICAL CENTRE (ZIA),AUH,CLINIC,SHABIYA KHALIFA,ABOVE UAE EXCHANGE SECTOR ME12,02-5522201,24.324,54.531
ZIA PHARMACY (ZIA),AUH,PHARMACY,,OPP. SHABIA KHALIFA BRIDGE NEA SHABIYA KHALIFA SHABIYAH,02-5529220,24.3252,54.5313
AALIYAH MEDICAL CENTER (AAH),AJM,CLINIC,SHEIKH RASHID BIN HUMAID NUAIMI STREET,SHOP # 209-210 2ND FLOOR CITY MART BUILDING,06-7475599 / 7457755,25.4076,55.4436
ABDUL AZIZ MEDICAL CENTRE,AJM,CLINIC,,AL SALAM BUILDING  F BLOCK AL HAMIDIYA,06-7310722,25.396,55.5222
ACCESS PHARMACY - AJMAN (ASTER),AJM,PHARMACY,SHEIKH KHALIFA BIN ZAYED STREET,HARAMAIN SOUK NEAR TO EMIRATES GAS,06-7462102,25.3826,55.468
ACCESS MEDICAL CENTRE (ASTER),AJM,CLINIC,SHEIKH KHALIFA BIN ZAYED STREET,NEAR NESTO HYPERMARKET AL HAMRAIN SOUQ,06-7404771,25.3893,55.4607
ADVANCED MEDICAL CENTRE - AJMAN-KMC,AJM,CLINIC,SHEIKH RASHID BIN HUMAID STREET,FLAT # 2022ND FCITYMART BUILDING,06-7459969,25.4076,55.4436
AJMAN MEDICAL CENTRE LLC,AJM,CLINIC,,"AL ZAHRA BLDG 1ST FLOOR, NEW INDUSTRIAL 1 AR AJMAN",06-7430088,25.3834,55.4951
AJMAN SPECIALTY HOSPITAL,AJM,HOSPITAL,SHEIKH MAKTOUM BIN RASHID MAKTOUM STREET,NEAR NEW VEG AND FRUIT MARKET,06-7484999; 06-7052244,25.3924,55.4817
AL SANAIYA CLINIC (SANAIYA),AJM,CLINIC,HASSAN BIN HAITHAM ST,ABOVE METRO RESTAURANT,06-7484078,25.4343,55.5295
NEW SANAIYA PHARMACY AJMAN (SANAIYA),AJM,PHARMACY,,NXT BAGDAD SUPERMARKET,06-7434034,25.3792,55.4725
AL ADIL PHARMACY LLC,AJM,PHARMACY,,GROUND FLOOR BESIDE AJMAN MUROOR AL JURF,06-7450755,25.41,55.5097
ALAIN MEDICAL CENTER,AJM,CLINIC,,ALAINSUPERMARKETBUILDING AL NUIMIA AL NUIMIA,06-746661,25.3807,55.4589
ALAIN PHARMACY CENTER -LLC,AJM,PHARMACY,,ALAINSUPERMARKETBUILDING AL NUIMIA AL NUIMIA,06-7442542,25.3802,55.4588
AL BIRUNI PHARMACY LLC,AJM,PHARMACY,,GRAND MALL SHEIKH KHALIFA BIN ZAYED STRT RASHIDIYA 3,06-7432133,25.393,55.4386
AL BUSTAN MEDICAL CLINIC,AJM,CLINIC,,UAEEXCHANGEBUILDING NEAR CHINA MALL JURF,06-748822,25.4337,55.5271
AL DHUHA MEDICAL CENTRE,AJM,CLINIC,,NEARBY NISSAN SHOWROOM OPPOSITE AJMAN ONE TOWERS  SHAIKH RASHID BIN HUMAID ST RUMAILAH,06-740-5633,25.3966,55.4297
AL DURRA DENTAL CLINIC,AJM,DENTAL,,LEWARA BLDG. BLOCK A ROOM 105 1ST FLOOR AL BUSTAN,06-7313544,25.4125,55.4485
AL HEMAYA GENERAL CLINIC L.L.C,AJM,CLINIC,,1ST FLOOR AL HEMAYA GENERAL CL NEAR LULU EXCHANGE AL JURF,06-7498811,25.4339,55.5272
AL HEMAYA PHARMACY,AJM,PHARMACY,,1ST FLOOR AL HEMAYA GENERAL CL NEAR LULU EXCHANGE AL JURF,06-7498811,25.434,55.5269
ALIYA PHARMACY,AJM,PHARMACY,,SULTAN BUILDING  RAWDHA-3 RAWDHA,06-7317878,25.3767,55.4806
AL JABER OPTICAL CENTRE LLC BRANCH-AJMAN,AJM,OPTICS,,"SHOP NO. A23, GROUND FLOOR AJMAN CITY CENTRE",06-7432614,25.442,55.4694
AL JURF MEDICAL CENTER,AJM,CLINIC,,JURF 3 BLDG. 105 & 106 BESIDE MUROOR OPP. AJMAN UNIV AL JURF,06-7499766,25.41,55.5096
AL NUAIMIA PHARMACY,AJM,PHARMACY,,GROUNDFLOOR AL NUAIMIA STREET AL NUAIMIA,06-7467849,25.3856,55.4449
AL RAFI CLINIC,AJM,CLINIC,,DANEMCOMPLEX NEAR MUFLEHA SUPERMARKET JURF INDUSTRIAL AREA 2,06-7432844,25.4396,55.5494
AL RAFI PHARMACY,AJM,PHARMACY,,DANEMCOMPLEX NEAR MUFLEHA SUPERMARKET JURF INDUSTRIAL AREA 2,06-7432844,25.4397,55.5495
AL RAHA PHARMACY AJMAN,AJM,PHARMACY,,ALDURAHBUILDING NEW INDUSTRIAL AREA NUAIMA,06-74756,25.3792,55.4628
AL RUKN MEDICAL CENTER,AJM,CLINIC,AL ZAHEER STREET,"AJMAN BANK BLDG. , AL RASHIDIYA 3 ROOM 101-106 AL ZAHEER STREET AL RASHEDIYA3",06-748 2005,25.3997,55.4407
AL SAQER PHARMACY,AJM,PHARMACY,,MUSALLASOUQ  AL BUSTAN,06-7488329,25.4112,55.4446
AL SHIFA PHARMACY (AAH),AJM,PHARMACY,AL ZAHRA STREET,202/203 SHEIK FAIZAL BLDG AL HARAMAIN PERFUMES FACTORY,06-7481477 06-7457755,25.3989,55.4425
AL TALAL PHARMACY (S.P.S - LLC),AJM,PHARMACY,JURF,FLOOR #04,06-7417450,25.4309,55.5329
EVE PHARMACY,AJM,PHARMACY,,"PP. IMMIGRATION OFFIEC BACKSID SEAFLASH,JURF 2 JURF",06-7498042,25.4005,55.5037
AMINA HOSPITAL LLC (AAH),AJM,HOSPITAL,AL QUDS RD,BEHIND DREAMSEA DISCOUNT CENTR,06-7114444;7114433,25.4041,55.4413
AMINA MEDICAL CENTER LLC,AJM,CLINIC,,AMINA MEDICAL CENTRE BLGD BEHIND AJMAN UNIVERSITY AL JURF 1,06-7033778,25.4162,55.5043
ARABIAN PHARMACY (AAH),AJM,PHARMACY,SHEIKH AMMAR BIN HUMAID STREET,101 NEAR TRAFFIC&LICENCE DEPT,06-7417887 06-7457755,25.4291,55.5201
ASTER PH - AJMAN - ASTER(MOOPENS),AJM,PHARMACY,RASHIDIYA,COOPERATIVE SOCIETY SHOP NO 1,06-7496363,25.3951,55.454
ASTER MEDICAL CENTER( MOOPENS) AJMAN,AJM,CLINIC,SHEIKH KHALIFA BIN ZAYED STREET,OPP ADNOC PETROL STATION,06-7314799,25.3894,55.4611
ASTER PHARMACY 154,AJM,PHARMACY,,"AL AQAR TOWER 3 SHOP NO -27, RUMAILA-3 AJMAN CORNICHE",06-7314840,25.4093,55.4304
ASTER PHARMACY 159,AJM,PHARMACY,,"SHOP NO.5, AL MANAR TOWER, OPPOSITE HYUNDAI SHOWROOM CORNICHE ROAD,RASHEDIYA",06-7453226,25.3971,55.433
ASTER PHARMACY163 BR OF ASTER PHARMACIES,AJM,PHARMACY,,"SHOP NO.7, NESTO HYPERMARKET AL IMAM AL SHAFEE STREET HAMIDIYA 1",06-5461822,25.411,55.518
ASTER SPECIALIST MEDICAL CENTER,AJM,CLINIC,,"AL MANAR TOWER SHEIKH RASHID BIN HUMEED STRT AL SWAN, RASHIDIA-3, AJMAN",06-5308057,25.3986,55.4328
AURA MEDICAL CENTER L.L.C,AJM,CLINIC,,BEHIND AJMAN JURF JAIL JURF 2 INDUSTRAIL AREA AJMAN JURF,06-5265455,25.4428,55.5419
AURA PHARMACY LLC,AJM,PHARMACY,,BLDG. 1ST BEHIND AJMAN JURF JAIL AL JURF 2 INDUSTRIAL JURF,06-5265455,25.4566,55.5467
BAIT AL MAQDES PHARMACY LLC BRANCH 1,AJM,PHARMACY,,OASIS TOWER SHEIKH RASHID BIN SAEED STREET AL RASHIDIYA 1,06-5462162,25.3921,55.4596
BIN BAKHEET PHARMACY,AJM,PHARMACY,,SHOP NUM3DANAT BUILDING NEAR FEWA NEW INDUSTRIAL AREA,06-7314111,25.3887,55.4786
AL BUSTAN PHARMACY AJMAN (GHARAFA),AJM,PHARMACY,SHK RASHID STREET,AL BUSTAN BUILDING OPPOSITE MADINA POLICE STN,06-7447969,25.4094,55.4459
CITY MEDICAL CENTRE,AJM,CLINIC,RASHID BIN HUMAID ST,1060AL MADEENA TOWER,06-7441882,25.406,55.4418
CLINICA MEDICAL CENTER LLC,AJM,CLINIC,Al Ittihad St,13 FLAMINGO VILLAS AL EHIHAD ROAD AL ZORA,06-5619607,25.4245,55.4956
DENT CARE MEDICAL CENTER,AJM,CLINIC,,AL ANDALUS BLDG 2 5TH FLOOR SHEIK KHALIFA STREET AL RASHIDYA 3,06-7478910,25.3931,55.4369
ELAJ MEDICAL CENTRE,AJM,CLINIC,SHEIKH RASHID BIN HUMAID STREET,AJMAN FORT BUILDING,06-7418880,25.3955,55.4288
EMIRATES PHARMACY - AJMAN (AAH),AJM,PHARMACY,SH. RASHID NUAIMI STREET,AL SHAAB BUILDINGOPP KUWAITI HOSP,06-7474900,25.4086,55.4438
EMIRATES PRIVATE MEDICAL CENTER,AJM,CLINIC,,NUIMIYA BUILDINGEMIRATES GAS ROADNEW INDUSTRIAL AREAAJMAN,06-7486177,25.3793,55.4722
EVE MEDICAL CENTER L.L.C,AJM,CLINIC,,JASMIN BUILDING OPP NEW IMMIGRATION OFFICE AL JURF,06-7498042,25.4041,55.5073
FAMILY MEDICAL CLINIC (AAH),AJM,CLINIC,MUCTAM STREET HAMIDIYA MAIN ROAD,OFFICE # 04 & 05 GROUND FLOOR AL HUSSAINI BUILDING,06-7434800,25.3922,55.4942
FAMMED MEDICAL CENTER,AJM,CLINIC,,2ND FLR NESTO HYPERMARKET AL RASHIDIYA,06-7422127,25.3968,55.4529
ALFATAH PHAMACY-L.L.C.,AJM,PHARMACY,BURGER SHEI.,RAWDHA BLDG. 3 NEAR OXYGEN BURGER SHEIKH AMMAR STREET,06-746 7975,25.3866,55.5061
FIRST CARE PHARMACY,AJM,PHARMACY,USAMA BIN ZAID STREET,USAMA BIN ZAID STREET,06-7469831,25.2867,55.3256
GALAXY PHARMACY LLC,AJM,PHARMACY,,SHOP NO.3 - HORIZON TOWER D SHEIKH RASHID BIN ABDUL AZIZ S RASHEDIYA,06-7441886,25.3942,55.4543
AL GHARAFA MEDICAL CENTRE,AJM,CLINIC,SHEIKH ABDULLAH BIN RASHID NUAIMI STREET,3RD FLOORAL KARAMA PLAZ ABANK OF UMM AL QUWAIN BUILDING,06-7448322,25.4104,55.4438
THUMBAY HOSPITAL - AJMAN,AJM,HOSPITAL,AL NUAMIYA1,NEAR UNITED ARAB BANK SHEIKH JABER,06-7463333,25.3833,55.4626
THUMBAY HOSPITAL PHARMACY,AJM,PHARMACY,E11 AL NUAMIYA,THUMBAY HOSPITAL BLDG,06-7468319,25.3828,55.4624
GOLDEN STAR MEDICAL CENTER,AJM,CLINIC,,NOOR BUILDING BESIDE AJMAN ONE TOWER RASHEDIYA 3,06-5544468,25.3934,55.4483
GRAND PHARMACY - AJMAN (ASTER),AJM,PHARMACY,AJMAN STREET,DANA PLAZA,06-7444840,25.3951,55.4279
GRAND EMIRATES PHARMACY (AAH),AJM,PHARMACY,COLLEGE STREET,101 MAJELAN AL MADEENA HYPER MARKET,06-7479711 06-7457755,25.4086,55.4436
HALA PHARMACY LLC - BRANCH 01,AJM,PHARMACY,,UNIT NO:58 GROUNDFLOOR  ENTRANCE D,04-3441122,25.4278,55.4857
HALA MEDICAL CENTER,AJM,CLINIC,,ALNAYFAH TOWER P5 AL ITTHIHAD INDUSTRIAL AREA 2,06-7709000,25.3795,55.4623
HALA PHARMACY LLC - BRANCH 50,AJM,PHARMACY,,"PLOT NO: 1133 MARWA BUILDING, RAWDA 2 SOUTHERN SECTOR, AL ZAHRA",04-3441122,25.3774,55.4618
HALA PHARMACY 54-LIFE,AJM,PHARMACY,,SHOP NO: 4 & 5 EMARATS MARKET,04-3441122,25.3774,55.4618
AL HEKMAH PHARMACY,AJM,PHARMACY,KUWAIT ROAD,SHAFIQ MOHAMMED BUILDING,06-7466689,25.3869,55.4557
AL HELAL POLYCLINIC,AJM,CLINIC,USMAN BIN ALFAN ROAD,FLAT # 5 & 61ST FLOOR HAMID BUILDING,06-7446359,25.3837,55.4719
HEALTH FIRST PHARMACY SOLE PROPRIE BR1,AJM,PHARMACY,RASHIDEYA 1,SHOP 19 & 20 INSIDE NESTO HYPERMARKET,06-7653695,25.3969,55.4529
IBN SINA MEDICAL CENTRE (AAH),AJM,CLINIC,QUDS STREET,NATIONAL BANK OF DUBAI BUILDING,06-7457755,25.4103,55.441
NEW IBIN SINA MEDICAL CENTRE (AAH),AJM,CLINIC,SHEIKH AMMAR BIN HUMAID STREET,2ND FLR NEAR TRAFFIC&LICENSING  DEPT,06-7413330,25.4287,55.5204
INTERNATIONAL SPECIALISTS MEDICAL CENTRE,AJM,CLINIC,KUWAIT STREET,SHAFIQ BUILDING,06-7463400,25.3865,55.4554
AL JAWHARA DENTAL CLINIC,AJM,CLINIC,AL NUAMIAYA,308 JAWHARA BLDG,06-7460166,25.3923,55.4375
AL KHALEEJ PHARMACY AJMAN (AAH),AJM,PHARMACY,QOUZ STREET,FAYAZ HAMID EYAD BUILDING NEAR IBN SINA MEDICAL CENTER,06-7444189,25.4046,55.4412
KHALIDA PHARMACY,AJM,PHARMACY,,KHALIDBUILDING SHAIK AMMAR STREET AL MOWAIHAT - 2,06-5442661,25.3735,55.5009
KHALID  LALA  PHARMACY  LLC,AJM,PHARMACY,,CAMP SALAM JEDDAH STREET JURF,06-7403227,25.4472,55.5518
KHALID LALA MEDICAL CLINIC LLC,AJM,DENTAL,,CAMP SALAM GROUND JEDDAH STREET JURF,06-7483485,25.4397,55.5522
KHALID MEDICAL CLINIC (KHALID GENERAL),AJM,CLINIC,,RAWABI 2 BLDG SHK KFA BIN ZA NUAIMIA 3,06-5556303,25.3951,55.4322
LIFE PHARMACY L.L.C - BRANCH 36,AJM,PHARMACY,,"UNIT NO 01,ETIHAD TOWER,AJMAN,UAE",04-3441122,25.4183,55.4401
LIFE PHARMACY L.L.C - BRANCH 37,AJM,PHARMACY,,"UNIT#G20,AL JURF MALL,AJMAN COOPERATIVE SOCIETY, AJMAN UAE",04-3441122,25.4265,55.5016
LIFE PHARMACY L.L.C - BRANCH 38,AJM,PHARMACY,,"UNIT 03, PLOT 0840, AL RASHIDYA 1, SRS TOWER  , SHEIKH KHALIFA BIN ZAYED STREET , AJMAN UAE",04-3441122,25.3902,55.4557
LIFE PHARMACY L.L.C - BRANCH 29,AJM,PHARMACY,,"ENOC SITE 1204, UNIT 2 (REST 2), AL TALLAH 2 (UNIT NEXT TO ENOC STATION),",04-3441122,25.3712,55.5094
LIFE PHARMACY L.L.C - BRANCH 33,AJM,PHARMACY,,"KENZ HYPERMARKET, SHEIKH MAKTOUM BIN RASHID ST, AL HAMIDIYA 1",04-3441122,25.3982,55.5198
LIFE PHARMACY LLC BR 34,AJM,PHARMACY,,"SHOP NO#G07,GROUND FLOOR,RUMAILA BRANCH,AJMAN COOP,AJMAN,UAE",04-3441122,25.4006,55.4335
LIFE MEDICAL CENTER -01-0AJMAN,AJM,CLINIC,AJMAN CITY CENTRE,UNIT B59,04-3441122,25.395,55.4327
LIFE PHARMACY-LIFE,AJM,PHARMACY,,AL MANAMA HYPERMARKET AJMAN SHOP# 108,04-3441122,25.4066,55.4424
LIFE PHARMACY 28,AJM,PHARMACY,,SHOP NO. 1 & 2 SHAMEKHA BLDG. PLOT NO. 0024 AL NUAIMEYA 3,04-3441122,25.3915,55.4315
LIFE PHARMACY 32,AJM,PHARMACY,,SHOP GF 5&6 NESTO HYPERMARKET AL TALLAH,04-3441122,25.3766,55.5124
LIFE PHARMACY LLC BRANCH 62,AJM,PHARMACY,,"SHOP NO; 1, 2 & 4, AL ARYAM TOWER PLOT NO: 0191, NUEIMIA",04-3441122,25.4052,55.5136
LIFE PHARMACY L.L.C - BRANCH 31,AJM,PHARMACY,,"PLOT# 2378, SHOP NO: 02,03,04,05",04-3441122,25.3809,55.5069
LULU PHARMACY (AJMAN)(LULU),AJM,PHARMACY,BUSTAN,LULU HYPERMARKET,06-7457771,25.4066,55.4439
MAPLE MEDICAL CENTER LLC,AJM,CLINIC,,AL SALAM STREET  RAWDA-3,06-7481778,25.388,55.4954
MAPLE PHARMACY LLC,AJM,PHARMACY,,AL JURF IND.AREA-3  BAHIYA,06-5955921,25.438,55.5389
MARIAM DENTAL CENTER,AJM,CLINIC,QUDS STREET,9; F-2 ABDUL AMIN BUILDING,06-7445696,25.4107,55.4411
MEDICARE PHARMACY L.L.C,AJM,PHARMACY,,AIN AL MADINA BUILDING HASN BIN HAITM ST NEW INDUSTRIAL AREA,06-7646539,25.3766,55.4758
MEDICINA 29 PHARMACY,AJM,PHARMACY,SHEIKH RASHID BIN HUMEED STREET,GRND FLR AJMAN UNION COOP,06-7472207,25.4,55.4332
MEDICINE HOME PHARMACY LLC,AJM,PHARMACY,,AL ZAHRA BLDG. SHOP NO. 6 GF INDUSTRIAL AREA MOHWIYAT ROUND ABOUT,06-7485290,25.3826,55.4952
MEDICOM PH 18 (AL ALAM PHAR)(ASTER),AJM,PHARMACY,,SAFEER MALL,06-7461356,25.3915,55.4453
MEDICOM PHARMACY27 (ASTER),AJM,PHARMACY,SHEIK KALEEFA STREET,ABDULLAH ABU SHIHAB BUILDING,06-7412013,25.3906,55.4592
METRO MEDICAL CENTRE AJMAN,AJM,CLINIC,SHAIK KHALIFA BIN ZAYED,FLAT 2.3&4 BADAR BUILDING,06-7469694,25.3886,55.4606
METRO MEDS PHARMACY,AJM,PHARMACY,SH. KHALIFA BIN ZAYED STREET,BELOW METRO MEDICAL CENTRE,06-7469692,25.3891,55.4596
MODERN PHARMACY (AJMAN),AJM,PHARMACY,,AJMAN CITY CENTER,06-7480066,25.5174,55.4797
AL MUSALLA PHARMACY AJMAN (SHROOQ),AJM,PHARMACY,MUSALLA SOUQ,NEAR MASHREQ BANK,06-7421271,25.4163,55.4439
AL NAHRAIN MEDICAL CENTER 1,AJM,CLINIC,SHEIKH MAKTOUM BIN RASHID ST,U SHOP SHEIK MAKTOUM BIN RASH ST AL HELIO 2,06-7484778,25.4053,55.5944
AL NAHRAIN PHARMACY,AJM,PHARMACY,SHK KHALIFA BIN ZAYED,601-605 SKY TOWER BLDG SHK KHALIFA BIN ZAYED RD NUAIMIYA,06-744-9144,25.3151,55.3763
AL NAHRAIN SPECIALTY MEDICAL CENTER,AJM,CLINIC,SHK KHALIFA BIN ZAYED,601-605 SKY TOWER BUILDING SHEIKH KHALIFA BIN ZAYED ROAD NUAIMIYA,06-744-9144,25.3901,55.4514
NATIONAL CLINIC (SANAIYA),AJM,CLINIC,,LUCKY MART BLDG,06-7480780,25.4183,55.5014
NEW GRAND PHARMACY (ASTER),AJM,PHARMACY,KING FAISROAD,NEAR AJMAN UNIVERSITY OF SCIENCE & TECHNOLOGY,06-7412588,25.3892,55.4507
NMC MEDICAL CENTRE AJMAN LLC(NMC),AJM,CLINIC,,"NEAR SAFEER HYPERMARKET SAMHA PLAZA OPP AL KHOR TOWER, RASHIDIYA",06-7147666,25.3928,55.4587
NEW MEDICAL CENTRE PHARMACY BR,AJM,PHARMACY,,"NMC MEDICAL CENTRE AJMAN BLDG NEAR SAFEER HYPERMARKET SAMHA PLAZA, OPP AL KHOR TOWE",06-5639966,25.3956,55.4582
NOOR AL SHIFA MEDICAL CENTER LLC,AJM,CLINIC,NEAR AL TALAL SUPER MARKET,METRO BUILDING,06 5234870,25.4316,55.5333
NORTHERN AL AHLIAH MEDICAL CENTRE - AJMA,AJM,CLINIC,,AL WAKF BUILDING GF AL BUSTAN STREET AL BUSTAN AREA,28119119,25.4093,55.4442
NORTHERN AL AHLIAH PHARMACY-AJMAN,AJM,PHARMACY,,GROUND FLOOR AL WAKF BUILDING BEHIND AJMAN GENERAL POST OFFICE & NBAD AL BUSTAN,02-81191119,25.4089,55.4444
AL NUAIMIA MEDICAL CENTER (SANAIYA),AJM,CLINIC,,ABOVE BAGHDAD SUPERMARKET,06-7432292,25.3795,55.4725
ORIANA MEDICAL CENTER,AJM,CLINIC,AL JURF,DATES OF ARABIC,06-5918889,25.4348,55.5196
ORIANA PHARMACY BR 3,AJM,PHARMACY,AL JURF,DATES OF ARABIC,06-5918889,25.4348,55.5196
PRIME MEDICAL CENTER AJMAN,AJM,CLINIC,SHEIKH KHALIFA BIN ZAYED ST,GRAND MALL,046079928 046079872,25.3926,55.4391
MEDI PRIME PHARMACY AJMAN,AJM,PHARMACY,SHEIKH KHALIFA BIN ZAYED ST,GRAND MALL,046079876 046079928,25.3961,55.4396
PRISTINE PHARMACY LLC,AJM,PHARMACY,,AJMAN BANK PROPERTY BUILDING AL BADER STREET RASHIDIYA 3,06-7497547,25.3965,55.4367
DOCTOR SALIM PHARMACY,AJM,PHARMACY,MASFOOT STREET,BIN LADIN BUILDING NEXT TO AJMAN MUNICIPALITY,06-7474588,25.4064,55.4418
RED MAPLE MEDICAL CENTER LLC,AJM,CLINIC,,AL JURF IND.AREA-3  BAHIYA,06-7481778,25.4235,55.5727
RIGHT HEALTH PHARMACY JURF LLC,AJM,PHARMACY,,EXTTOALROAYAHALNAQYAHGENERALTR  JURF,06-7494969,25.44,55.5459
RIGHT HEALTH CLINIC JURF LLC,AJM,CLINIC,,SHOPNO1 EXT TO AL ROAYAH AL NAQYAH GEN JURF INDUSTRIAL ZONE 2,06-7494969,25.4398,55.3894
RIGHT HEALTH CLINIC JURF2 LLC,AJM,CLINIC,,SHOP NO 2 JURF INDUSTRIAL ZONE 2 AJMAN,06-7404141,25.4416,55.5645
RIGHT HEALTH PHARMACY JURF2,AJM,PHARMACY,,SHOP NO 5,06-7404141,25.4399,55.5459
AL SANAIYA PHARMACY,AJM,PHARMACY,,"SHOP NO 8 & 9, GROUND FLOOR SHEIKH AMMAR BIN HUMAID STREET JURF",04-3335502,25.4052,55.5136
SANA PHARMACY LLC (AJMAN),AJM,PHARMACY,,SHOP NO:10 GROUNDFLOOR BLACK SQUARE,06-7316973,25.3898,55.4625
SEHA MEDICAL CENTER,AJM,CLINIC,,EMIRATE BLDG 101-103 AL ITTIHAD STREET AL NUAMIYA 1,067-404045,25.4197,55.7536
SAUDI GERMAN HOSPITAL AJMAN,AJM,HOSPITAL,,"BESIDES CUCA CITY UNIVERSITY C, SHEIKH AMMAR BIN HUMAID STREET",04-3890000,25.3682,55.5094
SHAMS PHARMACY,AJM,PHARMACY,,NUIMIYA BUILDINGEMIRATES GAS ROADNEW INDUSTRIAL AREAAJMAN,06-7486177,25.3805,55.4723
SHIFA AL JAZEERAH MEDICAL CENTRE LLC,AJM,CLINIC,,MUHDDA NEAR NESTO HYPER MARKET NEW SANAYA,06-7444830,25.7987,55.9761
SHIFA AL JAZEERAH CENTRE PHARMACY,AJM,PHARMACY,,MUHDDA NEAR NESTO HYPER MARKET NEW SANAYA,06-7444830,25.7987,55.9761
AL SHROOQ POLYCLINIC,AJM,CLINIC,SHEIKH RASHID BIN HUMAID NUAIMI STREET,AL KARAMA PLAZAFLOOR 1FLAT 104,06-7455688,25.4106,55.4442
SKIN AND TEETH MEDICAL CENTER LLC,AJM,CLINIC,,FLAMINGO VILLA OPP SHK ZD MSQ AL - ZORAH,06-7444560,25.4203,55.4896
SHEIKH KHALIFA GENERAL HOSPITAL,AJM,HOSPITAL,,SHEIKH KHALIFA MEDICAL CITY UNIVERSITY STREET AL JURF,06-7117777,25.4332,55.496
SHEIKH KHALIFA HOSPITAL MASFOOT,AJM,HOSPITAL,,SHEIK KHALIFA MEDICAL CITY  UNIVERSITY STREET,06-7117777,24.8214,56.0741
RASHID CENTER FOR DIABETES AND RESEARCH,AJM,CLINIC,,SHEIKH KHALIFA MEDICAL CITY  UNIVERSITY STREET,06-7117777,25.4167,55.495
SHEIKH KHALIFA HOSPITAL - WOMEN AND CH,AJM,HOSPITAL,,SHEIKH KHALIFA MEDICAL CITY  AL JURF,06-7117777,25.4332,55.496
SUPERCARE PHARMACY LLC BRANCH 1,AJM,PHARMACY,,AJMAN CITY CENTRE  AJMAN,06-7408410,25.3994,55.4783
THUMBAY CLINIC SPS LLC,AJM,CLINIC,AL JURF AJMAN,na,06-7705555,25.4198,55.4997
THUMBAY PHARMACY 4,AJM,PHARMACY,AL NUAIMIYAH,THUMBAY HOSPITAL BUILDING,06-7466039,25.3827,55.4623
THUMBAY UNIVERSITY HOSPITAL COMPLEX,AJM,HOSPITAL,AL JURF,THUMBAY MEDICAL CITY UNIVERSITY ST. AL JURF,06-770555,25.4205,55.4999
THUMBAY UNIVERSITY HOSPITAL COMPLEX PHAR,AJM,PHARMACY,AL JURF,BEHIND SHEIK KHALIFA HOSPITAL,06-7030555,25.4219,55.4995
THUMBAY PHARMACY 14,AJM,PHARMACY,BADER STREET,NEAR LADIES PARK THUMBAY CLINIC BUILDING,06-7475091,25.4078,55.4449
THUMBAY PHARMACY 18 AJMAN,AJM,PHARMACY,AL KHADAR ST,THUMBAY DENTAL HOSPITAL BUILDI,06-7119111,25.4185,55.5008
THUMBAY CLINIC AL RASHIDEYA 1,AJM,CLINIC,RASHIDIYA 1,THUMBAY CLINIC BLDG,06-7119555,25.4027,55.4444
YATEEM OPTICIAN AJMAN CITY CENTRE,AJM,OPTICS,,"AL JURF, ITTIHAD CITY CENTRE",06-5750838,25.3992,55.4784
YATEEM OPTICIAN AJMAN,AJM,OPTICS,,SHOP IS SITUATED ON THE GROUND LULU HYPERMARKET BLDG NEAR AJMAN MUNICIPALITY,06-7447658,25.4074,55.4438
AIN AL KHALEEJ HOSPITAL,ALAIN,HOSPITAL,HAMDAN STREET,BEHIND AL JIMI MALL,03-7133334 / 80/81/84,24.2463,55.7243
ABDULLAH PHARMACY,ALAIN,PHARMACY,STREET # 7,ABDULLA BUILDING,03-7216444,24.1913,55.7556
ADVANCED AL AIN PHARMACY (AINP),ALAIN,PHARMACY,HILTON STREET,AMNA AND AYSHA SALEM AL DHAHERI BLDG,03-7513960,24.2173,55.7764
ADVANCED MEDICAL CENTER,ALAIN,LABORATORY,MAIN STRET,ABOVE GENERAL A/C SHOWROOM CL AIN MAIN STREET RUBAINAH,07-641441,24.2322,55.7676
ARABIAN SPECIALIST MC PHARMACY,ALAIN,PHARMACY,TWAM STREET,na,03 -7631151,24.2092,55.6888
AL AIN CENTRAL PHARMACY LLC (AINP),ALAIN,PHARMACY,BANIYAS ST,OBAID SAIF MOHAMMED ZAITOUN MNASZEW BUILDING,03-7227515,24.2706,55.7463
ALAIN PHARMACY- UMM GHAFAH,ALAIN,PHARMACY,AL AIN COOP,na,03-7809345,24.1079,55.8565
THE HEART MEDICAL CENTER PHARMACY,ALAIN,PHARMACY,OPP AL AIN HOSPITAL,na,03-7511122,24.2328,55.7357
ALAIN PHARMACY - AL  KHALIDIYA,ALAIN,PHARMACY,AL AIN COOP,na,03 -7531107,24.1735,55.6661
ALAIN PHARMACY - MAKANI MALL,ALAIN,PHARMACY,MAIN ENTRANCE MAKANI MALL,na,03-7669918,24.1101,55.702
AL AIN MODERN PHARMACY LLC (AINP),ALAIN,PHARMACY,HAMDAN BIN MOHAMMED STREET,OPP. OF IMIGRATION DEP¨T; NEAR JIMI MALL  BESIDE AL SAFA SUPERMARKET,03-7628919,24.2441,55.7304
AL AIN PHARMACY LLC (AINP),ALAIN,PHARMACY,KHALIFA STREET,NEAR AL NOOR AL AIN,03-7655120,24.2257,55.7308
ALAIN PHARMACY - BRANCH 1,ALAIN,PHARMACY,SHABAHAT PLAZA BLDG,na,03-7656506,24.1912,55.7769
ALAIN PHARMACY - BRANCH 2,ALAIN,PHARMACY,ALIAH MALL,na,03-7669884,24.213,55.5446
ALAIN PHARMACY - FALAJ,ALAIN,PHARMACY,AL SAFA SUPERMARKET BUILDING,na,03-7620871,24.1781,55.7159
ALAIN PHARMACY - SALAMAT,ALAIN,PHARMACY,AL SAFA SUPERMARKET OPP SALAMAT CIVIL DEFENCE,na,03-7544877,24.2051,55.5943
ALAIN PHARMACY ZAKHER,ALAIN,PHARMACY,AL AIN COOP,na,03-7807767,24.1981,55.6018
ALAIN PHARMACY - SHIAAB AL ASKHAR,ALAIN,PHARMACY,AL AIN COOP BLDG  SHIAAB,na,03-7622655,24.1505,55.7287
AL AIN HOSPITAL-SEHA,ALAIN,HOSPITAL,SHAKBOOT BIN SULTAN STREET,SHAKBOOT BIN SULTAN STREET,03-7022704,24.2322,55.7329
ALAIN PHARMACY - BR 10,ALAIN,PHARMACY,HAMDAN BIN MOHAMMAD ST,ALAIN OUTLET MALL,02-4477065,24.2202,55.6408
ALAIN PHARMACY - BR 13,ALAIN,PHARMACY,HOME ROYAL HYPERMARKET BLDG,na,03-7669220,24.1833,55.73
ALAIN PHARMACY - BR 3,ALAIN,PHARMACY,CITY CENTER SUPERMARKET,na,03-7669788,24.3063,55.7602
ALAIN PHARMACY - BR4,ALAIN,PHARMACY,WAHAT AL AIN MARKETS BUILDING,na,03 7664430,24.2017,55.7362
ALAIN PHARMACY - BR 6,ALAIN,PHARMACY,NEAR TO SOUQ EXTRA,na,03-7669770,24.2187,55.6415
ALAIN PHARMACY - BR 8,ALAIN,PHARMACY,GRAND MART BUILDING,na,03-7558655,24.2805,55.7315
ALAIN PHARMACY -BR 9,ALAIN,PHARMACY,AL TIWAYYA SQ,na,03-7663301,24.2441,55.7005
ALAIN PHARMACY - BR 15,ALAIN,PHARMACY,44TH ST. AL GHAF WALK,na,03-7228208,24.1322,55.7023
ALAIN PHARMACY - BR 7,ALAIN,PHARMACY,TWAM STREET,na,03-7669772,24.2007,55.6604
ALAIN PHARMACY - 11,ALAIN,PHARMACY,OPP CARREFOUR AL AIN MALL,na,03-7661511,24.2225,55.7818
ALAIN PHARMACY - AL FOAH,ALAIN,PHARMACY,ADNOC SERVICE STATION,na,03-753 0455,24.339,55.8081
ALAIN PHARMACY - AL JIMI MALL,ALAIN,PHARMACY,LG JIMI MALL NEW EXTENSION,na,03-7666599,24.2441,55.7256
ALAIN PHARMACY - AL JIMI,ALAIN,PHARMACY,BESIDE AL JIMI MAL,na,03-7344490,24.2468,55.7288
ALAIN PHARMACY - AL NOUD,ALAIN,PHARMACY,SAFA SUPERMARKET,na,03-7532833,24.2441,55.7256
ALAIN PHARMACY - SHEIBAT AL WATAH 2,ALAIN,PHARMACY,JABEL HADBAT AL MAYDOUR ST. SHEIBAT,na,03 -7666132,24.118,55.7271
AL AIN SPECIALIZED MEDICAL CENTER- L L C,ALAIN,CLINIC,,MUBARAK NASSER AL MANSOORI OPPOSITE TO LULU CENTER AL SAROOJ AREA,03-7646788,24.2177,55.7755
AL ANDALUS MEDICAL CENTER,ALAIN,CLINIC,,1ST FLOOR AND 3RD FLOOR BESIDE ADIB LADIES BANK OUD CENTRAL DISTRICT AL AIN,03-7554422,24.2284,55.762
AL BASHEER MEDICAL CENTER LLC,ALAIN,CLINIC,MAIN ST,HAYAT CENTRE BUILDING M1 & M2 ABOVE HAYAT CENTRE MAIN STREET  CENTRAL DISTRICT,03-7665561,24.2219,55.7721
AL HILAL MEDICAL CLINIC,ALAIN,CLINIC,,BUILDING NO.252 ABOVE LULU EXCHANGE  TOWN CENTRE,03-7849290,24.2215,55.7714
AL JIMI MEDICAL POLYCLINICS BRANCH 1,ALAIN,CLINIC,,M POST BUILDING  NEAR AL RAYYAN PHARMACYMAIN STREET AL WAGAN,03-7350404,24.2232,55.7696
AL JIMI MEDICAL POLYCLINIC,ALAIN,CLINIC,,TOENCENTRE CENTRAL DISTRICT ALAIN,03-7656269,24.2227,55.7698
ALMAGD MEDICAL CENTER SOLE PROP,ALAIN,CLINIC,NAHYAN ST.,BEHINDALMAHOOD NAHYAN STRT LITTAQ,502127301,24.188,55.7602
AL MAGD CENTER PHARMACY L.L.C - SOLE PROPRIETORSHIP L.L.C.,ALAIN,PHARMACY,AL NAHYAN ST.,BEHINDALMASOOD NAHYAN STRT SANIY,03-7216406,24.1884,55.7602
AL MUKHTAR MEDICAL CENTER,ALAIN,CLINIC,,AL MUKHTAR MC BLDG. KHALIFA BIN ZAYED ST. AL MUWAIJI,03-7552333,24.5135,56.1336
CLINICS- MEDICLINIC HOSPITALS(AL YAHAR),ALAIN,CLINIC,ABU DHABI-AL AIN RD,SHEIK SALEM AL AMRI BLDG,03-7133401,24.2276,55.5518
AL NOORAIN PHARMACY,ALAIN,PHARMACY,,NEAR TO AL TAJ MEDICAL LAB  AL MURABBA TOWN CENTER,03-7650909,24.2222,55.7716
MOONLIGHT MEDICAL CENTER LLC,ALAIN,CLINIC,,ROAD 15 BATHA AL HAYER  SANAIYA,588642299,24.1896,55.7561
ALPINE MEDICAL CENTRE,ALAIN,CLINIC,,OFFICE 2FIRST FLOOR HAYAT TOWN CENTER ZAYED BIN SULTAN STREET  CENTRAL DISTRICT,03-7857537,24.2099,55.6873
AL RANEEN MEDICAL CENTER,ALAIN,CLINIC,,LUCKY PLAZA BUILDING M2 FLOOR   TOWN CENTER,03-7655602,24.2216,55.7731
AL SHIFA MEDICAL CLINIC,ALAIN,CLINIC,,AL OTAIBA BUILDING NEAR ADNOC PETROL TOWN CENTRE CLOCK TOWER,03-7662172,24.5334,54.6918
AL SULTAN ADVANCED POLYCLINIC,ALAIN,CLINIC,KHALIFA BIN ZAYED STREET,AL MOHAMMED SULTAN BALYAZIA AL NEYADI BUILDING NEAR ADNOC PETROL STATION,03-7806111,24.1782,55.7082
AL TAJ MEDICAL LABORATORY -AL AIN,ALAIN,DIAGNOSTIC CENTER,,AL FARDAN BUILDING TOWN CENTER TOWN CENTER,03-7666082,24.2619,55.7937
AL TOWAYYA CHILDREN'S SPEC CENTER-SEHA,ALAIN,CLINIC,,111TH ST. AL TOWAYYA,03-7462888,24.263,55.6921
AL WAQAR MEDICAL CENTRE,ALAIN,CLINIC,,MOHDSHERIFALKHURIBLDG BEHIND OMEIR TRAVELS  MURRABA,03-7662955,24.2226,55.7717
AL ZHOOR MEDICAL CENTER,ALAIN,CLINIC,ALTHOBA ST.,ALNEYADIBUILDINGALAINUAE  AUD ALTHOBA STREET,03-7857365 569158919,24.2281,55.7593
AMAZON PHARMACY,ALAIN,PHARMACY,,GROUND FLOOR BATHA AL HAYAR SANAYA 1,03-7544886,24.4937,54.3695
AMERICAN CENTER FOR PSYCHIATRY AND NEURO,ALAIN,CLINIC,,VILLA 1 AMERICAN CENTRE BLDG KHALIFA BIN ZAYED THE FIRST MOATARED AREA,03-713 1700,25.1839,55.2261
ASTER PHARMACY 12 CENTRAL DISTRIC,ALAIN,PHARMACY,ABU BKER AL SIDDQ CENTRAL DISTRICT,SHOP 118 AL MAZROOU BLDG. ABU BAKER AL SIDDIQ CENTRAL DISTRICT,03-7620142,24.2234,55.7698
AL BAHRI DENTAL & ORTHODONTIC CENTER LLC,ALAIN,DENTAL,SHEIKH ZAYED STREET,SHK AHMED BIN SUROOR BLDG BESIDE ADIB,03-7643273,24.2215,55.7592
AL AIN PHARMACY BAWADI MALL LLC (AINP),ALAIN,PHARMACY,137TH ST ZAYED BIN SULTAN,BAWADI MALL,03-7840410,24.1597,55.8084
BIN SINA PHARMACY-ALAIN (ALPHAMED),ALAIN,PHARMACY,JIMMY MALL,JIMMY MALL,03-7620605,24.2435,55.727
Bin Sulmeian Medical Center,ALAIN,CLINIC,,BINSULAIMANMEDICALCENTRE NEAR OASIS HOSPITAL  SANAIYA ROAD,03-7221358,24.3573,55.741
BIOTECH DIAGNOSTIC CENTRE MEDICAL LAB,ALAIN,DIAGNOSTIC CENTER,,KHAJA STORES BLDG. 103  NEAR AL ANSARI EXCHANGE AL MURABBAH,03-7516518,24.2212,55.7733
BURJEEL PHARMACY - BARARI MALL LLC (VPS),ALAIN,PHARMACY,,USF-01.02 BARARI OUTLET MALL,03-7991555,24.0861,55.8301
BURJEEL MEDICAL CENTRE BARARI LLC (VPS),ALAIN,CLINIC,137TH STREET,USF-01.02 BARARI OUTLET MALL,03-7991551  02-5085763,24.1183,55.8375
BURJEEL ROYAL HOSPITAL,ALAIN,HOSPITAL,,BURJEEL ROYAL HOSPITAL AL FALAH PLAZA KHALEEFA ST TOWN CENTRE,03-7991111,24.224,55.7588
BURJEEL ROYAL PHARMACY L.L.C.,ALAIN,PHARMACY,,BURJEEL ROYAL HOSPITAL NEAR AL FALAH PLAZA KHALEEFA ST TOWN CENTRE,03-7991111,24.224,55.7584
CITY LIGHT PHARMACY,ALAIN,PHARMACY,,FLAT 06 SHEIKH SULTAN AL ZAHIR OPPOSITE MUBARAK HYPER MARKET  MUSAFFAH SANAIYA,03-7803929,24.1911,55.7629
CLASSIC CARE MEDICAL CENTRE,ALAIN,CLINIC,AL SAAD STREET,1535 BUILDINGFLAT 10506 SWEIHAN AL HAYER ROAD AL SAAD STREETNEAR FAB BANK,03-7345454,24.4685,55.3297
CLASSIC CARE PHARMACY,ALAIN,PHARMACY,,BUILDNG 12GROUND FLOOR ABU DHABI SWEIHAN ALHAYER ROAD NEAR SWEIHAN POLICESTATION,03-7346110,24.4679,55.331
COOPERATIVE AL AIN PHARMACY CO LLC(AINP),ALAIN,PHARMACY,KHALID BIN SULTAN ST,AL MUWAIJI CLINIC,03-7675073,24.2072,55.719
CURE PLUS MEDICAL CENTER,ALAIN,CLINIC,131st St,STATION AL MHARKA ADNOC PETROL AL KHABISI,03-765 5511,24.2193,55.688
CURE PLUS PHARMACY,ALAIN,PHARMACY,,NEARADNOC PETROL STATION SHAKHBOOT BIN SULTAN ST. AL KHABISI,03 765 5511,24.2194,55.688
DIAMOND MEDICAL CENTER,ALAIN,CLINIC,KHALIFA ST.,BLDG 160 MOHD RASOL KHORI NEAR HARDEES,03-7844689,24.3031,55.7269
DISEASE PREV & SCREENING CTR AL AIN-SEHA,ALAIN,CLINIC,AND SCREENING CENTER-ALAIN,SHAKHBOOT BIN SULTAN STREET (#131) OPPOSITE AL AIN HOSPITAL,80050,24.234,55.7317
DPSC PHARMACY AL-AIN,ALAIN,PHARMACY,SHAKHBOOT BIN SULTAN STREE,SHAKHBOOT BIN SULTAN STREET (#131)   OPPOSITE AL AIN HOSPITAL,03- 7627777,24.1995,55.6387
ELEGANCE MEDICAL CENTER PHARMACY,ALAIN,PHARMACY,NEAR SAFEER MARKET,na,03-7666312,24.2415,55.7473
EMIRATES INTERNATIONAL POLYCLINIC,ALAIN,CLINIC,MAIN STREET,MAHMOUD AL BLOUSHI BUILDING AL AIN COOPERATIVE SOCIETY,03-7669888,24.2213,55.771
EMIRATES INTERNATIONAL HOSPITAL,ALAIN,HOSPITAL,HAMDAN BIN MOHD STREET,BEHIND JIMI MALL,03-7637777,24.3156,55.7398
AL AIN AL AHALIA PHARMACY (AHALIA GRP),ALAIN,PHARMACY,2ND STREET,AL QAFR CENTRAL OPP HSBC BANK,03-7557979,24.2265,55.7569
AL AIN AHILI MEDICAL CENTRE (AHALIA GRP),ALAIN,CLINIC,SHEIKH KHALIFA STREET,VILLAOPPOSITE AL SAHIR CAFETERIA,03-7559990,24.2257,55.7569
AL FAQA PRIMARY HEALTH CARE CTR-SEHA,ALAIN,CLINIC,AL FAQA,AL FAQA,03-7331122,24.7314,55.647
AL FAQA PRIMARY HEALTH CARE CTR PH-SEHA,ALAIN,PHARMACY,AL FAQA,AL FAQA,03-7331122,24.7157,55.6209
AL FARABI MEDICAL CENTER LLC,ALAIN,CLINIC,OMEIR MAIN STREET,OFFICE # 03 1ST FLOOR OMEIR MAIN STREET INDUSTRIAL,03-7515383,24.2695,55.7558
FARAH PHARMACY,ALAIN,PHARMACY,SANAIYA RD,AL GEMI MASSA HOTEL,03-7630120,24.243,55.7394
FATIMA MEDICAL CENTRE,ALAIN,CLINIC,JABA STREET,2ND FLOOR HIMAT HELAL JEWELLERY BUILDING OPPOSITE OMIER TRAVEL AGENCY BUILDING,03-7513883,24.2239,55.77
GEMS MEDICAL CLINIC-LLC,ALAIN,CLINIC,,FLAT NO.8 SHK MOHD AL SHAMSI MURABBAH,03-7641852,24.2222,55.7721
GOLDEN LIFE PHARMACY-LIFE,ALAIN,PHARMACY,OTHMAN BIN AFFAN ST,SHOP G578 GROUND FLOOR AL AIN MALL,03-7221676,24.223,55.7823
HANADI CLINIC,ALAIN,CLINIC,,"VILLA 4  1ST STREET, AL SAFRA 1ST, AL SANAIYA",03-7615100,24.1911,55.7629
AL HAYER PRIMARY HEALTH CARE CENTER-SEHA,ALAIN,CLINIC,AL HAYER,AL HAYER,03-7321511,24.6134,55.7358
AL HAYER PRIMARY HALTH CARE CTR PH-SEHA,ALAIN,PHARMACY,AL HAYER,AL HAYER,03-7321511,24.5802,55.7346
HEALTH & BEAUTY POLYCLINIC LLC,ALAIN,CLINIC,,NEAR AL AIN HOSPITAL SAEED BIN TAHNOON AL AWWAL ST. AL MOWAIJI,03-7551130,24.2278,55.7318
HEALTH FIRST PHARMACY BR 11-JULPHAR,ALAIN,PHARMACY,,PREMISES 10 GROUND FLOOR SOUQ EXTRA,03-7820779,24.218,56.3298
HEALTH FIRST PHARMACY BR 14-JULPHAR,ALAIN,PHARMACY,ZAYED BIN SULTAN ST,SHOP # F14 1ST FLOOR BARARI OUTLET MALL,03-7611163,24.0861,55.8301
HEALTH MART PHARMACY,ALAIN,PHARMACY,,FLAT NO: 5 ATEEQ SULTAN ABDULLAH AFREET AL KUWAITI AL SALAM STREET ZAYED BIN SULTAN STREET NIYADAT,03-7648362,24.213,55.7793
HEALING TOUCH MEDICAL CENTER,ALAIN,CLINIC,,ABOVE AATI LAUNDRY BALADIYA STREET AL JIMI,03-7850100,24.257,55.7392
HIGH LIFE MEDICAL CENTER,ALAIN,CLINIC,,ABDULLAHBINBLDG FLAT NO. 202  NIYADAT,03-76681818,24.2172,55.7792
AL HILI PRIMARY HEALTH CARE CTR-SEHA,ALAIN,CLINIC,AL HILI,AL HILI,03-7845328,24.2884,55.7637
AL HILI PRIMARY HEALTH CARE CTR PH-SEHA,ALAIN,PHARMACY,AL HILI,AL HILI,03-7321511,24.2892,55.7637
IMPERIAL COLLEGE DIABETES CENTRE LLC BR,ALAIN,CLINIC,KHALIFA BIN ZAYED ST,BESIDE TAWAM HOSPITAL,03-7464800,24.4206,54.4283
IMPERIAL COLLEGE DIABETES CENTRE PH BR,ALAIN,PHARMACY,KHALIFA BIN ZAYED ST,BESIDE TAWAM HOSPITAL,03-7464800,24.225,55.6472
INFINITY HEALTH CARE MEDICAL CENTER,ALAIN,CLINIC,,BLDG. NO. 5 HAMDAN BIN ZAYED AL AWWAL ST. AL KHARAIS AL JIMI,03-7618824,24.3,55.7642
AL JAHILI PH-SEHA,ALAIN,PHARMACY,AL JAHIL,AL JAHIL,03-7553201,24.2133,55.7564
AL JAHLI MEDICAL CTR-SEHA,ALAIN,CLINIC,AL JAHIL,AL JAHIL,03-7631900,24.2127,55.7496
AL KHATIM HEALTH CARE CTR PH-SEHA,ALAIN,PHARMACY,AL KHATIM,AL KHATIM,03-7845328,24.1864,54.9965
KHYBERWAZIRISTAN MEDICAL CLINIC,ALAIN,CLINIC,SANAIYA ST.,ABDULLA ALI HAMID1ST FLOOR SANAIYA STREET SANAIYA INDUSTRIAL AREA,03-7665173,25.3033,55.4094
LA FAMI MEDICAL COMPLEX,ALAIN,CLINIC,AL AIN,80 AL KAWAKOB 7 ST,03-7221136,24.1406,55.8176
LA FAMI PHARMACY,ALAIN,PHARMACY,AL AIN,80 AL KAWAKOB 7 ST,03-7221136,24.1406,55.8176
LIFE PHARMACY LLC - BRANCH OF ABU DHABI 123,ALAIN,PHARMACY,,"SHOWROOM 01, PLOT NO: 64, NEAR AL YAHAR MALL, AL AAMERAH ST., AL AIN, ABU DHABI",04-3441122,24.2207,55.543
LIFE PHARMACY L.L.C - BRANCH OF ABU DHABI 163,ALAIN,PHARMACY,,"SHOP NO#4,GHAFAT AL SHQAIHI,ROAD2,AL BATEEN,AL AIN,UAE",04-3441122,24.2182,55.6409
LIFE PHARMACY L.L.C - BRANCH OF ABU DHABI 194,ALAIN,PHARMACY,,"SHOP NO#6, AL AMERIYA, AL AIN COOP, AL JIMI, AL AIN, ABU DHABI, UAE",04-3441122,24.254,55.7376
LIFE PHARMACY L.L.C - BRANCH OF ABU DHABI 212,ALAIN,PHARMACY,,"AL FALAH PLAZA COMPANY ,LULU CENTER,AL AIN SHOP # GF S1",04-3441122,24.2243,55.7621
LIFE PHARMACY L.L.C - BRANCH OF ABU DHABI,ALAIN,PHARMACY,,"KHALIFA INDUSTRIAL CITY - STATION 662, UNIT, ADNOC , AL AIN, UAE",04-3441122,24.6846,54.8628
LULU AL AIN PHARMACY LLC BRANCH (DOCIB G,ALAIN,PHARMACY,,"LULU HYPERMARKET,BLD NEAR BRAINI BORDER KUWAITAT AREA",03-7640677,24.2332,55.7738
CLINICS-MEDICLINIC HOSPITALS-(AL MADAR),ALAIN,CLINIC,,NEAR DUBAI ISLAMIC BANK VIMI AMERIA STREET VIMI AMERIA STREET,03-7227090,24.244,55.7204
CLINICS-MEDICLINIC HOSPITALSC(ZAKHER),ALAIN,CLINIC,,AL AIN AL AIN,03-7375558,24.1593,55.709
AL MADAR MEDICAL CENTER PHARMACY L.L.C,ALAIN,PHARMACY,130TH STREET,NEAR DUBAI ISLAMIC BANK,03-7621414,24.4849,54.3674
MEDICLINIC PHARMACY - ALAIN - BRANCH 5,ALAIN,PHARMACY,KHABISI STREET,NEAR JOHARA DUBAI ISLAMIC BANK,03-7621414,24.2439,55.7202
MAGRABI EYE CENTER AL AIN,ALAIN,DAY CARE,HAZAA BIN SULTAN STREET AIRPORT ROAD,MAGRABI EYE CENTER BLDG,03-7612424,24.23,55.6812
MAGRABI OPTICAL - BAWADI (MAGRABI),ALAIN,OPTICS,AL BAWADI MAL,"GF-105, GROUND FLOOR",03-7840020,24.1601,55.8068
MAGRABI OPTICAL - JIMI (MAGRABI),ALAIN,OPTICS,130TH STREET,GROUND FLOOR UNIT# EGF 03  AL JIMI MALL,03-7630680,24.2442,55.7267
MAHBOOB MEDICAL CENTER,ALAIN,CLINIC,,OFFICE 7 MOHAMMED AL BALOUSI BLDG. PLOT 218  AL MUTAWAA,03-7654631,24.2215,55.771
MAJID PHARMACY,ALAIN,PHARMACY,DABAT STREET,MEENA BAZAR BUILDING,03-7641117,24.2228,55.77
MAPLE PHARMACY LLC,ALAIN,PHARMACY,SAEED BIN MOHD BIN KHALIFA SIHAM 4TH ST,INDUSTRIAL AREA LITAQ,03-7344538,24.1878,55.7601
AL MAQAM PRIMARY HEALTH CARE CTR-SEHA,ALAIN,CLINIC,AL MAQAM,AL MAQAM,03-7684380,24.1884,55.6275
AL MAQAM PRIMARY HEALTH CARE CTR PH-SEHA,ALAIN,PHARMACY,AL MAQAM,AL MAQAM,03-7684380,24.2136,55.6247
MARBELLA MEDICAL CENTER,ALAIN,CLINIC,,VILLA 2-10 10TH STREET (NEAR FATIMA HM) AL QATTARA,03-7639000,24.2456,55.7523
MARJAN MEDICAL CENTER PHARMACY BRANCH,ALAIN,PHARMACY,,QALA SHAHEEN BLDG. AK KHAIR WADI 40 SHERIKAT,03-7530110,24.2381,55.745
MARJAN MEDICAL CENTER,ALAIN,CLINIC,,OFFICE 1-6 QALA SHAHEEN BLDG 40 SHERIKAT AL KHAIR WADI AL AIN,03-7530110,24.1506,55.8254
MEDSTAR PHARMACY SANAIYA ALAIN L.L.C,ALAIN,PHARMACY,,AL AIN TOWER AL AIN,03-7060460,24.495,54.3715
SPECIALIZED MEDICAL CARE HOSPITAL (SMCH),ALAIN,HOSPITAL,MOHD IBN KHALIFA STREET (132ND STREET),NEAR MEGAMART,03-7552291,24.2327,55.7602
SPECIALIZED MEDICAL CARE H PHARMACY(SMCH,ALAIN,PHARMACY,SULTAN BIN ZAYED AL AWWAL ST,SPEC. MED. CARE HOSPITAL BLDG NR.PRIVATE DEPT & PUBLIC PARK AND EMPOST,03-7552291,24.2147,55.7577
BURJEEL FARHA HOSPITAL,ALAIN,HOSPITAL,SHAKBOOT BIN SULTAN STREET,ASHAREJ COMMERCIAL & RESIDENTIAL NEAR AL AIN COOPERATIVE SOCIETY,03-7099000,24.2383,55.7688
BURJEEL FARHA PHARMACY,ALAIN,PHARMACY,SHAKBOOT BIN SULTAN STREET,ASHAREJ COMMERCIAL&RESIDENTIAL ASHAREJ AREA BIDA BIN AMMAR,03-7099000,24.2065,55.6624
MEDICINA PHARMACY-BR( ( GHANIMA AREA)),ALAIN,PHARMACY,,GHANIMA  GHANIMA,03-7612770,24.2367,55.5605
MEDICINA PHARMACY BRANCH 20,ALAIN,PHARMACY,,SHOP NO. 4 ROAD 28 AL MNAIZLAH FALAJ HAZZAA DISTRICT AL AIN,03-766 8913,24.2441,55.7332
MEDICINA PHARMACY BRANCH 12,ALAIN,PHARMACY,HEZZA IBN SULTAN STREET,AL JIMI,03-7555957,25.2303,54.3721
MEDICINA PHARMACY BRANCH 8,ALAIN,PHARMACY,HEZZA IBN SULTAN STREET,ARMED FORCE COOP SOCIETY BLDG,03-7664715,24.1543,55.7198
MEDSTAR CLINICS SANAIYA ALAIN LLC,ALAIN,CLINIC,,AL AIN TOWER STRT AL AIN,03-7060460,24.1969,55.7577
MED SCOPE MEDICAL CENTER LLC,ALAIN,CLINIC,,FLAT 101 MEDSCOPE MEDICAL CENTER BLDG. AL MUTARAD,04-37210242,24.2237,55.7421
MEZYAD PRIMARY HEALTH CARE CENTER-SEHA,ALAIN,CLINIC,MEZYAD ST,MEZYAD ST,03-7821918 / 80050,24.1026,55.8644
MEZYAD  AMBULATORY HEALTHCARE PH-SEHA,ALAIN,PHARMACY,MEZYAD ST,MEZYAD,03-7821918,24.0862,55.8376
MODERN CENTRE,ALAIN,CLINIC,,NEAR MEENA BAZARABOVE ATLAS JE MEENA ROAD MEENA ROAD,03-7664764,24.2228,55.7699
MODERN AL SALAM ORTHO & DENTAL CENTRE,ALAIN,DENTAL,AL THOUBA STREET,FLAT 202203204 AL JAZEERA DISCOUNT MARKET,03-7668688;03-7641818,24.2272,55.7598
MUBARAK MEDICAL CENTRE,ALAIN,CLINIC,ZAYED BIN SULTAN STREET,NEAR K.M. TRADING,03-7642978,24.2588,54.6304
MUBARAK PHARMACY,ALAIN,PHARMACY,MAIN STREET,AL MUBARAK BUILDING,03-7642978,24.2249,55.7645
MUNICH MEDICAL AND REHABILITATION CENTER,ALAIN,CLINIC,,"PLOT NO 43,ROAD NO 35 OPPOSITE FALAJ HAZZA POLICE ST AL MNAIZLAH",03-763 8001,24.1998,55.7384
MUNICH MEDICAL CENTER PHARMACY LLC,ALAIN,PHARMACY,,"PLOT NO 43,ROAD NO 35 OPP. FALAJ HAZZA POLICE STREET AL MNAIZLAH",03-763 8001,24.1998,55.7384
AL MUWEIJI PRIMARY HEALTH CARE CTR-SEHA,ALAIN,CLINIC,AL MUWEJI,AL MUWEJI,03-7678864,24.2103,55.7186
AL MUWEIJI PRIMARY HEALTHCARE PH-SEHA,ALAIN,PHARMACY,AL MUWEIJI,AL MUWEIJI,03-7678864,24.2105,55.7188
NAHEL AL AIN PHARMACY LLC (AINP),ALAIN,PHARMACY,ABU DHABI - SWEIHAN ROAD 53RD ST.,BESIDE COOPERATIVE SOCIETY; NEAR NAHEL PARK,03-7340488,24.517,55.5088
AL NASAR PHARMACY,ALAIN,PHARMACY,MAIN STREET,NR. HYATT CTR DEPT NEAR MURABA POLICE STATION,03-7655771,24.2218,55.7723
NATIONAL AL AIN PHARMACY-LLC (AINP),ALAIN,PHARMACY,13TH STREET,AL SAFA COMMERCIAL CENTER,03-7627116,24.2769,55.7635
NAYL AL SHEFA MEDICAL CLINICS,ALAIN,CLINIC,,MUHAMMAD SULTAN DARMAKI BUILDING NEAR OLD POLICE STATION INDUSTRIAL AREA,03-7213226,24.1919,55.7629
NEIMA CLINIC PH-SEHA,ALAIN,PHARMACY,NEIMA DISTRICT,NEIMA DISTRICT,03-7096669,24.1126,55.7161
NEIMA PRIMARY HEALTH CARE CTR-SEHA,ALAIN,CLINIC,NEIMA DISTRICT,NEIMA DISTRICT,03-7556775,24.105,55.7165
NEW AL AIN PHARMACY-LLC (AINP),ALAIN,PHARMACY,135TH ST SHEIKH KHALIFA BIN ZAYED,AL SAFA COMMERCIAL CENTER; NEAR AL KHAWARZMI INST AND CITY SEASON'S HOTEL,03-7554440,24.2241,55.7308
NEW ALAIN PHARMACY - AAMERAH,ALAIN,PHARMACY,NEAR AL AIN CITY CENTER,na,03-7531533,24.222,55.5453
NEW ALAIN PHARMACY - AL DHAHER,ALAIN,PHARMACY,BESIDE MEZYAD MC,na,03-7516675,24.0869,55.841
NEW DENTAL CENTER L.L.C,ALAIN,DENTAL,,GOULD SOUK AREA TOWN CENTER,03-7510245,24.2555,55.7729
AL NIYADAT PRIMARY HEALTH CARE CTR-SEHA,ALAIN,CLINIC,AL SALAM ST,AL NIYADAT,03-7686050,24.2147,55.7915
NEW MEDICAL CENTRE SPEC H (NMC),ALAIN,HOSPITAL,MATER STREET,NMC BUILDING OPPOSITE BALADIYA PARK,03-7030345,24.2805,55.7465
NEW MEDICAL CENTER PH AL AIN (NMC),ALAIN,PHARMACY,,INSIDE NMC HOSPITAL AL AIN,03-7555999,24.2314,55.7428
NOOR ALAHLI MEDICAL CENTER (AHALIA),ALAIN,CLINIC,,BUILDING 243 NEAR OLD POLICE STATION SANAYA,02-81119119,24.0943,53.4935
MEDICLINIC HOSPITALS(AL AIN BRANCH HOSP),ALAIN,HOSPITAL,,NEXT TO CHOITRAM SUPERMARKET KHALIFA STREET KHALIFA STREET,"03-7667666,",24.2254,55.7682
MEDICLINIC PHARMACY - ALAIN - BRANCH 4,ALAIN,PHARMACY,KHALIFA STREET,AL MADA COMPLEX,03-7655111,24.2157,55.8013
CLINICS-MEDICLINIC HOSPITALS(AL BAWADI),ALAIN,CLINIC,ZAYED BIN SULTAN ST STREET 137,GROUND AL BAWADI MALL BLDG.,03-7667666,24.1964,55.8009
MEDICLINIC HOSPITALS - AL JOWHARA,ALAIN,HOSPITAL,,CIVIC CENTER,03-7051591,24.2332,55.7247
MEDICLINIC PHARMACY - ALAIN,ALAIN,PHARMACY,MAIN STREET,AL AIN AL MASSA HOTEL BUILDING,03-7514370,24.2329,55.7684
MEDICLINIC PHARMACY  - ALAIN - BRANCH 3,ALAIN,PHARMACY,,CIVIC CENTER,03-7051781,24.2327,55.7246
MEDICLINIC PHARMACY  - ALAIN  - BRANCH 1,ALAIN,PHARMACY,ST NO 92,HAMAD SAIF MOHD AL AMRI BUILDING,03-7819060,24.2276,55.5522
NOOR ALAHLI PHARMACY,ALAIN,PHARMACY,,BUILDING 243GROUND FLOOR NEAR TO OLD POLICE STN SANAYA,02-81119119,24.1871,55.7624
KANAD HOSPITAL,ALAIN,HOSPITAL,HAZAH STREET,OASIS HOSPITAL BUILDING BEFORE NEW BUILDING OF ETISALAT,03-7221251,24.2068,55.7597
ORTHOPLUS BONE AND JOINT CENTER,ALAIN,CLINIC,MAIN ST,ALFARDANBUILDING SAME BUILDING OF AL FARDAN EXCHANGE  CENTRAL DISTRICT,04-378378,24.2222,55.7708
OUD AL TOBA PHARMACY -SEHA,ALAIN,PHARMACY,HAMDAN BIN MOHAMMED STREET,HAMDAN BIN MOHAMMED STREET,03-7023137,24.2291,55.7527
OUD AL TOBA PRIMARY HEALTH CARE CTR-SEHA,ALAIN,CLINIC,HAMDAN BIN MOHAMMED STREET,HAMDAN BIN MOHAMMED STREET,03-7023159,24.2324,55.7649
PRIDE MEDICAL CENTER,ALAIN,CLINIC,KHALIFA BIN ZAYED ST.,AL SAID MOHAMMAD BL ABIDFLAT1 TO 6 NEAR ABDULLAH PHARMACY STREET 15 TH,03-7998920,24.2137,55.7524
AL QUAA PRIMARY HEALTH CARE CTR-SEHA,ALAIN,CLINIC,AL QUAA,AL QUAA,03-7356115,23.4065,55.4537
AL QUAA  AMBULATORY HEALTH CARE PH-SEHA,ALAIN,PHARMACY,AL QUAA,AL QUAA,03-7356115,23.5107,55.4217
AL RAFA PHARMACY - AL AIN (ASTER),ALAIN,PHARMACY,KHALIFA STREET,RAFA BUILDING NR.HARDESS & GOLDEN FORK HOTEL,03-7657006,24.2258,55.7608
REMAH PRIMARY HEALTH CARE CTR-SEHA,ALAIN,CLINIC,REMAH,REMAH,03-7372211 / 80050,24.1812,55.3325
REMAH AMBULATORY HEALTH CARE CTR PH-SEHA,ALAIN,PHARMACY,REMAH,REMAH,03-7372211,24.2328,55.3322
AL RODA PHARMACY LLC (AINP),ALAIN,PHARMACY,MOHAMMED BIN KHALIFA ST,AL AIN KHREIS BUILDING; BESIDE AL NOUR BAKERY,03-7633770,24.2453,55.753
SAMA AL AIN PHARMACY LLC (AINP),ALAIN,PHARMACY,KHALIFA BIN ZAYED ST.,AYLA HOTEL BLDG OPP UAE UNIVERSITY,03-7619858,24.2293,55.7427
SAMA TABRIZI DENTISTRY L.L.C.,ALAIN,CLINIC,,"VILLA 5 OUD BIN SAGHAN STREET BUILDING 320,AL MUWAIJI",03-7661178,24.2144,55.694
AL AIN DENTAL CENTER- SEHA,ALAIN,DENTAL,,TAWAM HOSPITAL  AIN,03-7070700,24.2329,55.7295
TAWAM IVF CENTER - SEHA,ALAIN,CLINIC,,TAWAM ROUNDABOUT   AL AIN,03-7075313,24.1962,55.6508
SHAMSHAD PHARMACY,ALAIN,PHARMACY,,GROUND FLOOR ASH SHALLAL,03-7532398,24.1914,55.7649
AL SHUEIB PRIMARY HEALTH CARE CTR-SEHA,ALAIN,CLINIC,AL SHWAIB,NEAR OSAMA BIN ZAID MOSQUE,03-7323302,24.7714,55.8676
SOFITEL PHARMACY LLC (AINP),ALAIN,PHARMACY,135TH ST SHEIKH KHALIFA BIN ZAYED,ABELA SUPERMARKET BUILDING NEAR TAWAM HOSPITAL,03-7676439,24.1977,55.6575
SPECTRUM MEDICAL CENTER BRANCH 1,ALAIN,CLINIC,MAIN ST,1ST FLOOR SHOBRA BUILDING ETIHAD AIWAYS OFFICE MAIN STREET TOWN CENTER,03-7800778,24.2222,55.763
SPRUCE SUNGLASSES TRADING BR AD1 JIMI ML,ALAIN,OPTICS,UGDAT AL AMERIYA AL JIMI ALAIN,AL JIMI MALL 180,02-5507489,24.2439,55.7264
SUN MEDICAL CLINIC BR 1 (SUN MEDICAL GRP,ALAIN,CLINIC,,GULF SUN HYPER MARKET BUILDING STREET 7 AL AIN INDUSTRIAL AREA,071 3 7803177,24.1911,55.7616
SUN MEDICAL CLINIC(SUN MEDICAL GROUP),ALAIN,CLINIC,,MAHMOUD AL BALOUSHI BUILDING END OF STREET4 AL AIN INDUSTRAIL AREA,37215434,24.1927,55.7573
SWEIHAN PRIMARY HEALTH CARE CTR-SEHA,ALAIN,CLINIC,SWEIHAN,SWEIHAN,03-7347318,24.4656,55.3299
TAIBAH ALAIN PHARMACY,ALAIN,PHARMACY,AL BUROUJ ST,na,03-753 0200,24.1917,55.6365
DR. TABRIZI DENTAL CLINIC,ALAIN,DENTAL,,NEAR PIZZA HUT KHALIFA BIN ZAYED STREET CENTRDISTRICT,03-7662133,24.1302,55.8023
TAIBAH AL AIN PHARMACY-LLC (AINP),ALAIN,PHARMACY,124TH STREET,NEAR AL AIN HOSPITAL; ABELA SUPERMARKET BUILDING,03-7544088,24.228,55.7374
TAJMEEL COSMO CLINIC L.L.C,ALAIN,CLINIC,,BARARI OUTLET MALL  AL DHAHER,02-6107809,24.0863,55.8302
TAWAM  DIALYSIS CENTER PH- SEHA,ALAIN,PHARMACY,,TAWAM NEAR ABELA SUPERMARKET,03-7677444,24.1955,55.6444
THE HEART MEDICAL CENTER LLC,ALAIN,CLINIC,,BLDG. 26 2ND STREET OPP. AL AIN HOSPITAL AL MUTAREDH,03-7511122,24.2337,55.7357
AL TOWAYYA PHARMACY-SEHA,ALAIN,PHARMACY,111TH STREET,AL TOWAYYA,80050,24.2612,55.6929
ULTRA MEDICAL CENTER,ALAIN,CLINIC,,BLDG 20 JIMI MALL,03-7625552,24.2833,55.7411
ULTRA MEDICAL CENTER PHARMACY,ALAIN,PHARMACY,,BLDG 20 JIMI MALL,03-7625552,24.2426,55.7285
URGENT CARE MEDICAL CENTER,ALAIN,CLINIC,ZAYED BIN SULTAN STREET.,FINE TRAVEL BLDG NEAR CLOCKTOWER ROUNDABOUT  ZAYED BIN SULTAN STREET.,03-7811008,24.6004,54.3259
AL WAGAN HOS-SEHA,ALAIN,HOSPITAL,AL WAGAN,AL WAGAN,03-7352222,23.6377,55.5662
AL WAGAN OUTPATIENT PH-SEHA,ALAIN,PHARMACY,AL WAGAN,AL WAGAN,03-7017718,23.7572,55.57
WATANIA PHARMACY - AL AIN (JULPHAR GRP),ALAIN,PHARMACY,MAIN STREET,NEAR SNOW WHITE,03-7662131,24.2215,55.7628
WEST POLYCLINICS PHARMACY-SEHA,ALAIN,PHARMACY,,AL AIN HOSP POLYCLINIC 2,03-7023752,24.4709,55.6386
WISH CARE PHARMACY - L.L.C,ALAIN,PHARMACY,IND AREA SAFRA 11 ELEVENTH BUILDING UBAID HAMAD SAEED SUBAIH,11 BUILDING,03-7227544,24.1948,55.764
AL YAHAR PRIMARY HEALTH CARE CTR-SEHA,ALAIN,CLINIC,AL YAHAR,AL YAHAR,03-7826772,24.2166,55.5213
AL YAHAR  AMBULATORY HEALTHCARE PH-SEHA,ALAIN,PHARMACY,AL YAHAR,AL YAHAR,03-7826772,24.2158,55.5201
YATEEM OPTICIAN BRANCH-2,ALAIN,OPTICS,MAIN ST.,GROUND & MEZZ. FLOOR BLDG SITUATED NEAR OVER BRIDGE AL AIN,03-7663432,24.2223,55.7676
YATEEM OPTICIAN ? BRANCH 7,ALAIN,OPTICS,,"SHOP NO.F-37,  AL AIN MALL",03-751 0025,24.2221,55.7818
ZAKHER PRIMARY HEALTH CARE CTR-SEHA,ALAIN,CLINIC,ZAKHER,ZAKHER,03-7828042,24.1333,55.6864
ZAKHER  AMBULATORY HEALTHCARE PH-SEHA,ALAIN,PHARMACY,ZAKHER,ZAKHER,03-7828042,24.1329,55.6852
ZAM ZAM PHARMACY,ALAIN,PHARMACY,,HELAL MUHAMMAD HILAL AL KUWAITY SANAIYA ZAYED THE FIRST STREET SANIAYA MUSSAFAH,03-7215554,24.1916,55.7645
800 PHARMACY LLC (MARINA PH),DXB,PHARMACY,,MARINA WALK DUBAI MARINA DUBAI,04-3663430; 04-3604070,25.0824,55.1456
ABEER AL NOOR POLYCLINIC PHARMACY,DXB,PHARMACY,MUHAISNA 2,UN 31 ABEER AL NOOR POLYCLINIC,04-3298661,25.2628,55.4304
AL BARSHA ALNOOR POLYCLINIC PHARMACY,DXB,PHARMACY,AL BARSHA 1,3RD FLR,04-3315197,25.1165,55.2062
AL ABBAR LABORATORIES (MEDSOL-GHI),DXB,LABORATORY,BANK STREET,NEAR CITY BANK KHALID BIN AL WALEED,04-3592641,25.2556,55.302
ABEER AL NOOR POLY CLINIC LLC-DEIRA,DXB,CLINIC,,AFRA AL SHAIKH MAJREN BUILDING BEHIND AL FUTTAIM MASJID DEIRA,04-2343017,25.2764,55.31
ABEER AL NOOR POLY CLINIC LLC-MUHAISINA,DXB,CLINIC,,"MUSTHAFA MALL ,SUITE NO.6 & 31 SAME BUILDING OF GRAND HYPERMA MUHAISNAH -2",04-2729966,25.2629,55.4305
ABEER AL NOOR PHARMACY LLC,DXB,PHARMACY,12th St,SHOP NO. 11 & 12 GROUND FLOOR RASHIDIYAT MAHALA AL RASHIDIYA,04-2362053/04-2362318,25.236,55.3838
ABEER PHARMACY,DXB,PHARMACY,NAKHEEL STREET,OPPOSITE TELAL SUPERMARKET,04-2273411,25.2801,55.306
ABEER  AL NOOR POLYCLINIC,DXB,CLINIC,DOHA ROAD,BUHUSSAIN REAL ESTATE BUILDING,04-2612248,25.2804,55.3683
ABRIS MEDICAL CENTER L.L.C.,DXB,CLINIC,50B STREET,MEENA BAZAAR BUILDING 29 50B STREET BUR DUBAI,04-3535356,25.2622,55.2964
ABRIS PHARMACY LLC,DXB,PHARMACY,,SOUQ AL KABEER BUILDINGCOSMOS LANE 50 B STREET AL FAHIDI,97143535357,25.262,55.2955
ABSOLUTE WELLNESS MEDICAL CENTRE,DXB,CLINIC,,SALMAN IBRAHIM BLDG. LATIFA BIN HAMDAN ST. AL QOUZ 4,04-3368101,25.1552,55.2436
ABUHAMMOUR GASTRO SAME DAY SURGERY CTR,DXB,CLINIC,OUD METHA,BLDG 39 FIRST FLR UNIT,04-3635353,25.2305,55.324
DR. ABURAS DENTAL CENTER LLC BR,DXB,DENTAL,AL WASL ROAD,VILLA 833A DR. ABURAS BLDG,04-3952131,25.1586,55.2191
ACCESS CLINIC BUR DUBAI (ASTER),DXB,CLINIC,SOUQ AL KABEER,NEXT TO AL GHUBAIBA BUS STATION,04-3527300,25.2625,55.2875
ACCESS CLINIC - DIP (ASTER),DXB,CLINIC,RAMLA STREET,MEZANNINE FLOOR UNIT NO 2 & 3. RAMLA MALL,04-8800408,24.9805,55.2024
ACCESS CLINIC AL QUOZ BR. (ASTER),DXB,CLINIC,NEAR ARMOUR FITNESS GYM,GROUND FLR AL ARIF BLDG NEAR UAE EXCHANGE AL KHAIL MALL,04-3217545,25.1521,55.2997
ACCESS CLINIC PERSIA CLUSTER (ASTER),DXB,CLINIC,INTERNATIONAL CITY,SHOP 10 GROUND PERSIA N04 INTERNATIONAL CITY,04-5520158,25.1597,55.4084
ACCESS CLINIC SONAPUR 2 (ASTER),DXB,CLINIC,1325 B STREET,1ST FL SHOP4DXB MUNICIPALITY NEAR AL QUSAIS BUS STN,04-2631809,25.2656,55.4331
ACCESS CLINIC SONAPUR (ASTER),DXB,CLINIC,24TH STREET,SAMEYA KHALIFA MOHD ALFUQAEI,04-2510266,25.2605,55.4236
ACCESS CLINIC DIC BR DM HEALTHCARE LLC,DXB,CLINIC,,"FIRST FLOOR, SHOP # 39 -42, SAIH SHUAIB 2, AL MADEENA HYPE SAPPHIRE MALL,DXB INDUST PARK",04-5896619,24.859,55.0586
ACCESS CLINIC DIP 2 (ASTER),DXB,CLINIC,,SHOP 7 GRND FLR KADRIS MALL MAJELAN AL MADENA SUPERMARKET,04-8833028,24.971,55.1713
ACCESS CLINIC INTERNATIONAL CITY (ASTER),DXB,CLINIC,MORROCO CLUSTER,I -11,04-3606587,25.1624,55.4189
ACCESS CLINIC JAFZA (ASTER),DXB,CLINIC,JAFZA,FOOD COURT 3,04-8806577,24.9487,55.0831
ACCESS PHARMACY (ASTER),DXB,PHARMACY,318TH ROAD,AL ARIF BLDG NEAR CREDENCE HIGH SCHOOL,04-3808219,25.1579,55.2493
ACCESS PHARMACY 2 (ASTER),DXB,PHARMACY,STREET 24,ACCESS CLINIC BLDG NEAR TO BUS STATION,04-2672948,25.2663,55.4342
ACCESS PHARMACY 3 (ASTER),DXB,PHARMACY,,SHOP 8 GRND FLR 550 SQFT RAMLA HYPERMARKET,04-8833862,24.9713,55.1722
ADAM VITAL HOSPITAL LLC,DXB,HOSPITAL,,AL WALEED BUILDING GGICO METRO STATION AL GARHOUD,04-42068999,25.2515,55.343
ADVANCED CARE MEDICAL CENTER LLC BRANCH,DXB,CLINIC,DAMASCUS  STREET,SHOP NO 3,04-3709357,25.2794,55.3953
ADVANCED CARE MED CTR BR(ADVANCED GRP),DXB,CLINIC,DIP PHASE 2,DIP PHASE 2,04-8850788,24.9952,55.2038
ADVANCED CARE MED CTR (ADVANCED GRP),DXB,CLINIC,INDUSTRIAL AREA 3,NEAR BY AL AHALIA EXCHANGE,04-3397664,25.1659,55.2478
ADVANCEDCARE PLUS PHARMACY(ADVANCED GRP),DXB,PHARMACY,DIP,AWQAF & MINORS BUILDING,04-8829700,25.0331,55.0937
ADVANCED CARE MEDICAL CENTE JEBEL A,DXB,CLINIC,,CROWN MALL GROUND FLOOR SHOP NO 30 JEBAL ALI INDUSTRIAL AREA 1,04-3807807,24.9971,55.1411
ADVANCED CARE MEDICAL CENTER BRANCH,DXB,CLINIC,,SHAKLAN HYPERMARKET 2 MUHAISNAH 2 SONAPUR,04-3807807,25.2653,55.4327
ADVANCED STAR PHARMACY(ADVANCED GRP),DXB,PHARMACY,DIP PHASE 2,DIP PHASE 2,04-8850788,24.9568,55.056
ADVANCED CARE MEDICAL CENTER DIP,DXB,CLINIC,,ALICO AL MADINA HYPERMARKET STREET 44 DUBAI INVESTMENT PARK 1,04-3463099,24.9802,55.1621
ADVANCED CARE ONCOLOGY CENTER LLC,DXB,DAY CARE,,AL FURJAN JEBAL ALI JEBAL ALI1,04-5656300,25.021,55.1486
ADVANCED CARE PHARMACY(ADVANCED GRP),DXB,PHARMACY,QOUZ 3,OPP. KHALEEJ TIMES NEAR AL AHALIA EXCHANGE,04-3307120,25.1529,55.238
ADVANCED DIAGNOSTIC CENTER LLC,DXB,DIAGNOSTIC CENTER,MURAQABAT STREET,GATE 9HAMARAIN CENTRE AL MURAQQABAT DEIRA,04-3203883,25.2676,55.3299
ADVANCED RADIOLOGY CENTRE,DXB,DIAGNOSTIC CENTER,AL WASL ROAD,AL MOUSA MEDICAL CENTRE BUILDING,04-3455030,25.158,55.2062
KIDSHEART MEDICAL CENTER FZ-LLC,DXB,CLINIC,RIYADH RD,BUILDING # 27NEAR SUBWAY,04-4529970,25.2342,55.3182
AMERICAN HOSPITAL CLINICS ALKHAWANEEJ BR,DXB,CLINIC,,LAST EXIT  AL KHAWANEEJ,04-5261200,25.2392,55.4714
AMERICAN HOSPITAL CLINICS PH ALKHAWNEEJ,DXB,PHARMACY,,LAST EXIT  AL KHAWANEEJ,04-2741013,25.2342,55.4729
AMERICAN HOSPITAL CLINICS PHARMACY DUBAI,DXB,PHARMACY,,DUBAI KNOWLEDGE PARK AL SUFOUH 2 DUBAI MEDIA CITY,04-2741018,25.1009,55.1696
AMERICAN HOSPITAL CLINICS DUBAI HILLS,DXB,CLINIC,,DUBAI HILLS MALL DUBAI HILLS UMM SUQEIM 1,04-3775937,25.103,55.2378
AMERICAN HOSPITAL CLINICS NAD AL SHEBA,DXB,CLINIC,,GF AVENUE MALL NAD AL SHEBA NAD AL SHEBA 2,04-3774010,25.1443,55.3476
ALAIN PHARMACY -DAMAC HILLS,DXB,PHARMACY,DAMAC BUILDING,na,04-2221334,25.188,55.3967
ALAIN PHARMACY - DUBAI SILICON,DXB,PHARMACY,SOUQ EXTRA MALL,na,04-3342333,25.1194,55.3931
ALAIN PHARMACY - WORLD TRADE CENTER,DXB,PHARMACY,AL ROSTAMANI BLDG,TWIN TOWER BLDG,04-5477177,25.2147,55.274
AIRIS IMAGING AND DIAGNOSTIC CENTER LLC,DXB,DIAGNOSTIC CENTER,7A STREET,AL SHAMSI BLDG. OPP NMC HOSPITAL,04-8525916,25.2923,55.369
AJMAL PHARMACY,DXB,PHARMACY,KARAMA MAIN STREET,KARAMA BUS STATION,04-3360801,25.2375,55.3031
AL AFDHAL PHARMACY,DXB,PHARMACY,,OPPOSSITE BANIYAS METRO STN AL MAKTOUM STREET BANIYAS,04-2283357,25.2694,55.3071
AL AMAL POLYCLINIC,DXB,CLINIC,,AL SHAMSI OPP.EMIRATES NBD BANK  SATWA,04-3329833,25.23,55.2761
AL AMAN MEDICAL CENTRE,DXB,CLINIC,,201 KANOO GRP BLDG NEXT TO ADCB METRO,04-2288490,25.244,55.2984
AL ANQOOD PHARMACY,DXB,PHARMACY,INDUSTRIAL AREA,AL WAHDI BLDG,02-8845355,25.2048,55.2708
AL AZHAR CLINIC BRANCH3,DXB,CLINIC,,SHOP NO 12 NEARVEGETABLE AND FRUIT MARKET RAS AL KHOR,04-2230244,25.1746,55.3929
AL AZHAR CLINIC 4 (BR OF AL AZHAR CLINIC,DXB,CLINIC,,XPO MALL NEAR MADINAT HYPERMARKET JABEL ALI INDUSTRIAL-3,06-7432292,24.9917,55.141
AL BAIROONI PHARMACY,DXB,PHARMACY,,SHOP 3 GROUND FLOOR BIN HIMAIDAN BLDG  AL KARAMA STREET AL KARAMA,04-3709179,25.2609,55.304
AL CORNICHE PHARMACY-SANA GRP,DXB,PHARMACY,JUMEIRAH BEACH ROAD,BEACH CENTRE COMPLEX,04-3447220,25.2731,55.2532
ALEXIS PHARMACY QUSAIS DUBAI (ZULEKHA),DXB,PHARMACY,,BIN SOUGAT  AL QUSAIS 2,04-2630521,25.2687,55.3789
ALFA PHARMACY (ASTER),DXB,PHARMACY,11TH STREET,AL FATTAN BUILDING SHOP NO A9,04-2806714,25.2698,55.3806
AL FEHAIDI PHARMACY,DXB,PHARMACY,,OPPOSITE NOVO HOTEL AL FAHIDI STREET  BUR DUBAI,04-3535335,25.2629,55.296
ALHANA MODREN MEDICAL CENTER,DXB,CLINIC,,INSIDE AL HANA CENTE NEAR SATWA R/A AL JAFILIYA,04-3244034,25.2375,55.28
AL HAWI PHARMACY L.L.C -LIFE,DXB,PHARMACY,,NASER SQUARE,04-2221445,25.2684,55.3085
ALICO ADVANCED CAREPHARMACY,DXB,PHARMACY,,ALICO AL MADINA HYPERMARKET STREET 44 DUBAI INVESTMENT PARK 1,06-5333553,24.9795,55.161
AL JABER OPTICAL CENTRE LLC BRANCH-DUBAI,DXB,OPTICS,,"UNIT NO. FF-050, FIRST FLOOR DUBAI MARINA MALL",04-3997733,25.0768,55.1404
AL JABER OPTICAL CENTRE LLC BRANCH-THE R,DXB,OPTICS,,"SHOP. NO. GF-03, GROUND FLOOR THE RANCHES SOUK ARABIAN RAN2",04-4324736,25.0566,55.2706
AL JABER OPTICAL CENTRE LLC BR-ARABIAN C,DXB,OPTICS,,SHOP NO. 1624 GROUND FLOOR ARABIAN CENTER,04-2845051,25.2399,55.4361
AL JABER OPTICAL CENTRE LLC BRANCH-GALLE,DXB,OPTICS,,"UNIT NO. 14, GROUND FLOOR GALLERIA MALL-ALBARSHA",,25.1189,55.2009
AL JABER OPTICAL CENTRE LLC BRANCH-IBN B,DXB,OPTICS,,SHOP NO. 55 TUNISIA COURT IBN BATTUTA,04-8823750,25.0424,55.1179
AL JABER OPTICAL CENTRE LLC BRANCH-CITYW,DXB,OPTICS,,"UNIT. NO 51, AL SAFA ROAD CITY WALK",04-3448633,25.2144,55.2582
AL JABER OPTICAL CENTRE LLC BRANCH-DEIRA,DXB,OPTICS,,"UNIT NO. B68, SECOND FLOOR DEIRA CITY CENTRE",04-2954400,25.2525,55.3319
AL JABER OPTICAL CENTRE LLC BRANCHDFC2,DXB,OPTICS,,UNIT NO. SC108 GROUD FLOOR DUBAI FESTIVAL CITY - BRANCH,04-3510016,25.0299,55.1075
AL JABER OPTICAL CENTRE LLC BRANCH-MALL,DXB,OPTICS,,UNIT NO. D-17 GROUND FLOOR MALL OF THE EMIRATES,04-3411322,25.1184,55.2004
AL JABER OPTICAL CENTRE LLC BRANCH-JUMEI,DXB,OPTICS,,"SHOP NO. 15, GROUND FLOOR JUMEIRAH TOWN CENTER",04-3429933,25.2324,55.2598
AL JABER OPTICAL CENTRE LLC BRANCH-SHEIK,DXB,OPTICS,,"GROUND FLOOR AL MANAL TOWER SHEIKH ZAYED ROAD1,  AL MANAL",04-3311955,25.2243,55.2766
AL JABER OPTICAL CENTRE LLC BRANCH-MIRDI,DXB,OPTICS,,"SHOP NO. F-050 FIRST FLOOR, MIRDIF CITY CENTRE",04-2843771,25.2167,55.4079
AL JABER OPTICAL CENTRE LLC-ASWAAQ -  MI,DXB,OPTICS,,SHOP NO. 16 GROUND FLOOR ASWAAQ -  MIZHAR,04-2845054,25.2529,55.4537
OPTX TWENTY TWENTY LLC BRANCH-OPTX 2020,DXB,OPTICS,,"UNIT NO. SU135 GROUND FLOOR, OPTX 2020 - DUBAI FESTIVAL PLA",04-2228208,25.0293,55.1058
AL JABER OPTICAL CENTRE LLC BRANCH-NAKHE,DXB,OPTICS,,"SHOP NO. P044 GROUND FLOOR, NAKHEEL MALL",04-2225254,25.1145,55.1387
AL JABER OPTICAL CENTRE LLC BRANCH-BIN S,DXB,OPTICS,,"GE-01,GROUND FLOOR AT SPINNEYS BIN SOUGAT",04-2861180,25.2329,55.385
AL JAZEERAH PHARMACY,DXB,PHARMACY,,GRAND AL KHALEEJ SHOP 5  BANIYAS,04-2272089,25.2683,55.3218
AL KANZ PHARMACY BR-LIFE,DXB,PHARMACY,,LAKESHORE TOWER (BOJWANI) DUBAI,04-3441122,25.0794,55.1462
AL KANZ PHARMACY L.L.C-LIFE,DXB,PHARMACY,ABU BAKER SIDQ ROAD,NEAR UNITED HYPERMARKET,04-2690684,25.2774,55.3276
AL KHAWANEEJ PHARMACY,DXB,PHARMACY,AL KHAWANEEJ ST.,KHALAF ALWAN SHOP NO. 9  AL KHAWANEEJ STREET AL KHAWANEEJ 2,04-2892210,25.2272,55.5055
ALLIANCE MEDICAL CENTER,DXB,CLINIC,JUMEIRAH BEACH RD.,201 AL HUDAIBA AWARDS BLDG. JUMEIRAH BIG FLAG,04-3863366,25.2412,55.2721
AL MALAK PHARMACY,DXB,PHARMACY,,NOOR MASJID  DOHA ROAD AL QUSAIS,04-263889,25.2747,55.3732
AL MANZIL AL JADEED PHARMACY LLC,DXB,PHARMACY,,GRND FLOOR NEAR VEGITABLE MARKET AL AWEER,04-2230244,25.1743,55.3927
AL MOOSA DAY SURGERY CENTER PHARMACY,DXB,PHARMACY,,"VILLA 34 , NEAR IRANIAN HOSPIT 5 B STREET WASL STREET,BUR DUBAI",04-3450745,25.2357,55.2704
AL NEEM STAR PHARMACY LLC(AL NEEM),DXB,PHARMACY,,AL AMEED MALL 318 STREET AL QUOZE 4,04-3282121,25.2071,55.2715
AL BARSHAALNOOR POLYCLINIC L.L.C,DXB,CLINIC,,ELITE BUSINESS CENTER FLOOR INFRONT OF LULU CENTRE AL BARSHA,04-2218122,25.118,55.2064
AL NOOR POLYCLINIC LLC BRANCH,DXB,CLINIC,DEIRA,AL GHURAIR BUILDING NO1084 SHOP NO 3 GROUND FLR,04-5526101,25.2741,55.3234
ALOKA EYE CLINIC LLC,DXB,CLINIC,AL MANKHOOL,3A GRD FLR AL RAFAA C BUILDING,04-5466379,25.252,55.2883
AL OMARA PHARMACY LLC (NOVO),DXB,PHARMACY,,PYRAMID BUILDINGGROUND FLOOR NEARARCHIES BOOKSHOP,06-524 4660,25.2501,55.3033
ALPHA MEDICAL LABORATORY,DXB,LABORATORY,,"101-103 AL AMERI BLDG, BARSHA HEIGHTS",04-5143255,25.1034,55.1763
AL QOZE PHARMACY (ASTER),DXB,PHARMACY,NAJMA STREET,NR KHALEEFA SUPERMRKT UBAID BIN GUSAIBA BUILDING,04-3384401,25.1726,55.254
ALQUOZ ADVANCED CARE PHARMACY L.L.C,DXB,PHARMACY,,PASONS BUILDING 1ST FLOOR ALQUOZ 2,04-2355222,25.1373,55.2381
WELLCARE ADVANCED POLYCLINIC L.L.C,DXB,CLINIC,,"AL ROSTAMANI BUILDING 1ST FLOOR, FLAT NO.105 AL QUOZ",04-3285130,25.1528,55.2422
AL RASHEED  PHARMACY  LLC,DXB,PHARMACY,,"SHOP # 7-8, GROUND FLOOR AL MAKTOUM BUILDING AL BARAHA",04-2721108,25.2699,55.3124
AL SHIFA INTERNATIONAL CLINIC,DXB,CLINIC,,AL SHAMALI BUILDING AL FAHEEDI  STREET BUR DUBAI,04-351 9199,25.2629,55.2948
AL TADAWI PHARMACY - AL BARSHA,DXB,PHARMACY,AL BARSHA,MALL GRD FLR 24TH ST,04-2309999,25.0988,55.2037
AL TADAWI MEDICAL CENTRE AL BARSHA,DXB,CLINIC,AL BARSHA,MALL GRD FLR 24TH ST,04-2309999,25.0988,55.2037
AL TADAWI MEDICAL CENTRE,DXB,CLINIC,,AL MASAOOD BUILDING PORT SAEED ROAD DEIRA,04-2038888,25.2571,55.3334
AL TADAWI MEDICAL CENTRE BRANCH,DXB,CLINIC,,RESIDENCY AND FIREIGN AFFAIRS 36TH STREET JAFFLYA,04-2038888,25.2346,55.291
AL TADAWI PHARMACY,DXB,PHARMACY,,AL MASAOOD BUILDING PORT SAEED ROAD DEIRA,04-2943266,25.257,55.3335
AL TADAWI HOSPITAL PHARMACY,DXB,PHARMACY,AL GARHOUD,NEAR RTA HQ,04-2309999,25.2332,55.3541
AL TADAWI SPECIALITY HOSPITAL,DXB,HOSPITAL,AL GARHOUD,NEAR RTA HQ,04-2309999,25.2332,55.3541
AL WAFI PHARMACY LLC,DXB,PHARMACY,,AL NO G04 AJMAL SARAH TOWER WADI AL SAFA 5 DUBAI LAND,04-3635353,25.0996,55.3743
AL WASEL COMMUNITY PHARMACY (CHS),DXB,PHARMACY,SHEIKH ZAYED ROAD,BEHIND SHANGRILA HOTEL AL WASEL BRANCH,04-3212062,25.2101,55.2715
AL ZAHRA PHARMACY-LIFE,DXB,PHARMACY,KARAMA,OPPOSITE UAE CITY EXCHANGE,04-3373045,25.2408,55.3037
AMAAN PHARMACY (LULU),DXB,PHARMACY,AMMAN ROAD,AMMAN ROAD,04-2647264,25.289,55.4138
ASHTREE CLINIC LLC,DXB,CLINIC,FAHIDI STREET,208; F-2; A.REHMAN M.SH BUILDING,04-3533414,25.2628,55.2927
AMALA MEDICAL CENTER LLC,DXB,CLINIC,LATIFA BINT HAMDAN ROAD,2ND FLOOR AL KHAIL MALL MOH BINT LATHEEFA ROAD,04-3306515,25.1514,55.2508
AMBER CLINIC LLC COMMUNITY (OUTPATIENT),DXB,PHARMACY,,"2ND FLOOR, AMBER CLINIC AL RIGGA BUSINESS CENTER AL RIGGA",04-2325109,25.2676,55.313
AMBER PHARMACY LLC,DXB,PHARMACY,AL QUSAIS 1,"SHOP5A, QUSAIS MANZIL BLDG",04-3558458,25.2713,55.3764
AMBER PHARMACY LLC BR,DXB,PHARMACY,"AL MUTEENA ST,DEIRA",BLDG 1084,04-2692307,25.2737,55.3243
AMERICAN CENTER PHARMACY,DXB,PHARMACY,,OFFICE 39 2ND FLOOR SUNSET MALL JUMEIRAH 3,04-2379100,25.1844,55.2258
AL AMEEN PHARMACY,DXB,PHARMACY,FRIJ MURAR STREET,SACA ACCESORIES,04-2713695,25.2766,55.3077
AMERICAN HOSP CLINICS DUBAI MEDIA CITY,DXB,CLINIC,ABDULLAH OMRAN TARYAM ST,BUSINESS CENTRAL TOWERS,04-3776394; 04-2741013,25.101,55.1696
AMERICAN HOSPITAL,DXB,HOSPITAL,OUD METHA ROAD,NEAR LAMCY ENOC.,04-3367777,25.3361,55.2926
AMERICAN HOSPITAL CLINICS MIRA,DXB,CLINIC,,AL YALAYIS 1 MIRA TOWN CENTRE MIRA OAISIS 1,04-3776024,25.0074,55.301
AMERICAN CENTER FOR PSYCHIATRY & NEURO,DXB,CLINIC,,SUNSET MALLL  OFFICE S01 & S02 2ND FLOOR JUMEIRAH,04-3141000,25.1846,55.2258
AMERICAN SPINE CENTER,DXB,DENTAL,,"BUILDING NO 64, BLOCK E/F SUITE 1020 TO 1026 DUBAI HEALTHCARE CITY",04-5520496,25.2317,55.324
AMERICAN UPRIGHT MRI,DXB,DIAGNOSTIC CENTER,,RDK1 BLDG.  GROUND FLOOR GRANITE STREET DIP1,04-8853838,25.0012,55.1688
AMERICAN WELLNESS CENTRE FZ LLC,DXB,CLINIC,,AL FARIS BUILDING 39 GROUND FLOOR UNITS,04-5144042,25.2303,55.3243
AMERICAN HOSPITAL CLINICS DUBAI ALBARSHA,DXB,CLINIC,329th Rd,GALLERIA MALL UNIT 8 AL BARSHA MALL,04-5261201,25.0991,55.2007
AMERICAN HOSPITAL CLINICS-JUMEIRAH,DXB,CLINIC,,GALLERIA MALL AL WASL RD JUMERIAH-1,04-3776835,25.2081,55.2551
AMERICAN HOSPITAL CLINICS MIRA PHARMACY,DXB,PHARMACY,AL QUDRA ROAD,na,04-3775935,25.0073,55.3008
AMERICAN HSP DUBAI SC PARK PH,DXB,PHARMACY,UMM SUQIEM ST,DUBAI SCIENCE PARK,04-3775935,25.0759,55.2475
AMERICAN HOSPITAL DUBAI SCIENCE PARK,DXB,HOSPITAL,UMM SUQIEM ST,DUBAI SCIENCE PARK,04-3775935,25.0759,55.2475
GLOBEHEALTH GENERAL CLINIC LLC(GHG),DXB,CLINIC,ALBADA STREET,AMERICAN HOSPITAL NEAR LAMCY,04-3446484 04-3464180,25.2381,55.2755
AMSA PHARMACY,DXB,PHARMACY,,G06 6A BUSINESS AVENUE BLDG 29A ST. PORT SAEED,04-2325161,25.2668,55.3367
AMERICAN WELLNESS CENTER PHARMACY,DXB,PHARMACY,DUBAI HEALTHCARE CITY,GR FLOOR BUILDING 39,04-8184900,25.2411,55.3247
ANAYA MEDICAL CENTER,DXB,CLINIC,,LATIFA BINT HAMDAN ST FLAT 104 FARNEK BLDG BEHIND ALKHAIL MALL,04-3441615,25.1572,55.2466
ANAYA MEDICAL CENTER L.L.C (BRANCH),DXB,CLINIC,,CRYSTAL MALL JABEL ALI JABEL ALI INDUSTRIAL AREA 1,04-2341479,24.9831,55.1357
A P L PHARMACY,DXB,PHARMACY,AL KARAMA,GRD FLOOR AL ARTI BUILDING,05-42896804,25.2467,55.3078
NEW APOLLO POLYCLINIC,DXB,CLINIC,KUWAIT STREET,OFFICE # 101 1ST FLOOR KARAMA CENTER BUILDING,04-3379040,25.2449,55.3028
APOLLO CLINIC LLC,DXB,CLINIC,AL KARAMA,GRD FLOOR AL ARTI BUILDING,05-42896804,25.2467,55.3078
SUNRISE CARE MEDICAL DIAGNOSTIC (IMH),DXB,LABORATORY,BANIYAS SQUARE,302 BANIYAS CTR; OPP. CITI BANK BANIYAS CENTRE,04-2270001,25.2672,55.3094
APOTEC HUDAIBA PHARMACY,DXB,PHARMACY,,SHOP 6AL HUDAIBAH MALL AL MINA ST,04-5476981,25.2436,55.2768
APOTEC GRAND PHARMACY MUTEENA,DXB,PHARMACY,,NEAR J MART SUPERMARKET AL RASHEED ROAD,04-2227786,25.2779,55.3227
APOTEC PHARMACY BR 1 OUD METHA,DXB,PHARMACY,,REEM 4 BLDG.10TH ST NEAR AL NASR CLUB,04-5476981,25.2385,55.3096
APOTEC PHARMACY LLC,DXB,PHARMACY,,ABDULLA AL ROMATHI BLDG AL JADDAF NEAR BELHASA DRIVING BESIDE MOSQUE JADDAF,04-2340411,25.2183,55.3219
APPLE CLINIC FZCO,DXB,CLINIC,FRANCE CLUSTER,SHOP NO S6/S8,04-4227533,25.1612,55.4048
APPLE INTERNATIONAL POLYCLINIC LLC,DXB,CLINIC,,"BLDG-K14, G-FLOOR, GREECE CLUSTER INTERNATIONAL CITY",04-277 6211,25.1551,55.4108
APPLE CARE PHARMACY,DXB,PHARMACY,,FRANCE CLUSTER P04 NEAR APPLE CLINIC,04-2463063,25.1616,55.4048
APPLE CARE PHARMACY LLC BRANCH,DXB,PHARMACY,,"BLDG-K14, G-FLOOR GREECE CLUSTER INTERNATIONAL CITY",04-4322568,25.1616,55.4047
ARABELLA PHARMACY- (SUPER CARE GRP),DXB,PHARMACY,UMM SEQUIM,SPINNEY'S,04-3941519,25.1689,55.2281
ARABELLA PHARMACY LLC BR,DXB,PHARMACY,,LOWER GROUND FLOOR OPPOSITE WAITROSE SUPERMARKET DUBAI MALL,04-5915141,25.1972,55.2797
MEDICLINIC ARABIAN RANCHES LLC,DXB,CLINIC,ARABIAN RANCHES,ARABIAN RANCHES COMMUNITY CENTER,04-4495111,25.0561,55.2702
ARAKS DENTAL CLINIC DMCC,DXB,DENTAL,,3205  INDIGO ICON TOWER CLUSTER F JUMEIRAH LAKE TOWER,04-5655134,25.0727,55.1429
ARDH AL NASEEM PHARMACY LLC,DXB,PHARMACY,,SHOP 2 FLOOR GROUND FLOOR  AL MAGRUDY RESIDENCE CARREFOR EXPRESS AMMAN STREET  AL NAHDA 2,04-2809240,25.2981,55.3834
ARIFA PHARMACY LLC,DXB,PHARMACY,,AL AHLI BUILDING NEAR SHAIKHA CAFETERIA HOR AL ANZ EAST,04-2389696,25.2815,55.3494
ARMADA ONE DAY SURGICAL CENTER JLT,DXB,DAY CARE,AL SARAYAT,ARMADA TOWER 2 OPP DUBAI MARINA MALL,04-3990022,25.0748,55.1455
ASTER MC SILICON OASIS PHARMACY,DXB,PHARMACY,SILICON GATE 1,FS 101 B,04-3758428,25.1174,55.3908
AL ASHEERA PHARMACY,DXB,PHARMACY,MATEENA ROAD,FATHI EMARA BUILDING; OPP.SHERATON,04-2681115,25.2743,55.3265
ASHOKAN MEDICAL CLINIC,DXB,CLINIC,NAIF ROAD,302 AL LOOTHA BLDG,04-2730220,25.2751,55.3089
ASTER MEDICAL CENTRE AL JADDAF,DXB,CLINIC,LILAC RESIDENCE,GF FLOOR,04-4400500,25.216,55.3225
ASMA MEDICAL CLNIC (DURRAIYA),DXB,CLINIC,BANIYAS SQUARE,206 AL GAZ BLD 2ND FLOOR NEXT TO BANIYAS METRO STATION,04-2285838,25.2685,55.3054
ASMA PHARMACY (ASTER),DXB,PHARMACY,NAIF ROAD,OPP SOUQ AL WASL GATE NUMBER 8,04-2222786,25.272,55.3061
ASTER PHARMACY 100,DXB,PHARMACY,20TH STREET,AL RAZI BUILDING NO 64,04-4343922,25.2377,55.3199
ASTER PHARMACY 101,DXB,PHARMACY,SHEIKH COLONY ST.,AQU BLDG NEAR DAFZA METRO STATION,04-2382342,25.2695,55.377
ASTER PHARMACY 102 (MOOPENS),DXB,PHARMACY,,GRND FLR SAEED HAMAD MUSLEH JAMHOUR AL AHBABI BLDG,04-2610833,25.2773,55.3856
ASTER PHARMACY 103,DXB,PHARMACY,PERSIA CLUSTER,BUILDING N4,04-2765802,25.1595,55.4084
ASTER 104 PHARMACY,DXB,PHARMACY,L-11,GREECE CLUSTER,04-2775973,25.1578,55.4088
ASTER PHARMACY 105,DXB,PHARMACY,MOROCCO CLUSTER,BUILDING I 11,04-2275972,25.1628,55.4193
ASTER PHARMACY 109,DXB,PHARMACY,AL GHUROOB,GRND FLR GHUROOB COMMUNITY NEAR TO DUBAI GEANT SUPERMARKT,04-4582727,25.2117,55.4163
ASTER PHARMACY 110,DXB,PHARMACY,STREET 13A,MANDARIN BLDG NEAR LAMCY PLAZA,04-3963158,25.2375,55.3064
ASTER 111 PHARMACY,DXB,PHARMACY,MUHAISANAH 4,MUHAISINAH PLAZA BUILDING,04-2593195,25.2829,55.4041
ASTER PHARMACY 112 (MOOPENS),DXB,PHARMACY,22B STREET AL RAFFA,NEAR RAINTREE HOTEL MOHAMED KHALIFA AL KHALAFI BLDG ROLLA STREET,04-3252919,25.2574,55.2925
ASTER PHARMACY 113 (MOOPENS),DXB,PHARMACY,47TH STREET,MIRDIF MALL NEAR TO MEDCARE CLINIC,04-2839981,25.2221,55.4338
ASTER PHARMACY 114 (MOOPENS),DXB,PHARMACY,STREET 220 UMM SUQEEM EAST AL BARSHA SOUTH,ASWAQ MALL ASWAQ MALL BARSHA SOUTH 1,04-3851450,25.0899,55.2278
ASTER PHARMACY 115 (MOOPENS),DXB,PHARMACY,STREET 7 DISCOVERY GARDENS,DISCOVERY PAVILION STREET 7,04-2672948,25.0349,55.147
ASTER PHARMACY 116,DXB,PHARMACY,MIRDIF COMMERCIAL COMPLEX,NEAR WESTZONE SUPER MARKET,04-2884190,25.2315,55.4183
ASTER PHARMACY 117 (MOOPENS),DXB,PHARMACY,AL MINA,AL MELAHEYAH PLAZA BUILDING,04-7187004,25.2449,55.2767
ASTER PHARMACY 118 (MOOPENS),DXB,PHARMACY,AMMAN STREET,OBS BLDG NEAR TO NMC HOSPITAL,04-2382245,25.2896,55.3687
ASTER PHARMACY 119 (MOOPENS),DXB,PHARMACY,IST ROAD,ENOC 1086 SHOP NO. 7 MEADOWS,04-2672948,25.0644,55.1548
ASTER PHARMACY 120 (MOOPENS),DXB,PHARMACY,7TH STREET,ABDUL RAOUF MOH. ALAVI BLDG NEAR ASWAQ MALL,04-2803997,25.1895,55.4084
ASTER PHARMACY 123 (MOOPENS),DXB,PHARMACY,AL MUTEENA STREET,AL GHURAIR REAL ESTATE BLDG NEAR DUBAI PALM HOTEL,04-2731363,25.2737,55.3215
ASTER PHARMACY 124 (MOOPENS),DXB,PHARMACY,AL MARSA STREET,SUKOON TOWER MARINA,04-2672948,25.0792,55.1439
ASTER PHARMACY 126 (MOOPENS),DXB,PHARMACY,6A STREET IRANIAN SCHOOL ROAD,MOHAMMED&RASHED KHALIFA BLDG OPP WALL STREET EXCHANGE,04-3967100,25.2476,55.303
ASTER PHARMACY 127 (MOOPENS),DXB,PHARMACY,AL MARSA STREET,ROYAL OCEANIC 1 NEAR LE MERIDIEN MARSA DUBAI,04-2672948,25.0845,55.1416
ASTER PHARMACY 128 (MOOPENS),DXB,PHARMACY,,ABU HAIL BLDG PLOT NO. 2130 (126-449),04-2672946,25.2817,55.3345
ASTER PHARMACY 129 (MOOPENS),DXB,PHARMACY,8 A STREET,MARJANA PLAZA BLDG AL BADA,04-2672948,25.2332,55.2774
ASTER PHARMACY 130 (MOOPENS),DXB,PHARMACY,,GROUND FLR BUNYAN TOWER BEHIND DAMAC PROP METRO STN OPP TRIDENT BLDG,04-5586175,25.082,55.1473
ASTER PHARMACY 132 (MOOPENS),DXB,PHARMACY,,SHEIKH SUHAIL BLDG MAMZAR CENTRE,04-2692835,25.2808,55.3517
ASTER PHARMACY 134 (MOOPENS),DXB,PHARMACY,,GRND FLR GOLDEN SANDS BLDG.NEAR TO LULU BARSHA 1ST,04-3271483,25.113,55.201
ASTER PHARMACY 135 (MOOPENS),DXB,PHARMACY,RUSSIA CLUSTER ST,GROUND FLR RUSHIA V19,04-4511674,25.1684,55.403
ASTER PHARMACY 136,DXB,PHARMACY,,ABDULLA AL ASMAWI BLDG.OPP GRAND MALL,04-3808539,25.1497,55.2461
ASTER PHARMACY 137 (ASTER),DXB,PHARMACY,FRANCE CLUSTER,GROUND FLR NAKHEEL MALL,04-2672946,25.1588,55.4052
ASTER PHARMACY 138 (ASTER),DXB,PHARMACY,KUWAIT ROAD,SHOP NO.1 GROUND FLR MOHD HUSSEIN YATEEM BLDG.,04-3315297,25.2448,55.2998
ASTER PHARMACY 141 (ASTER),DXB,PHARMACY,CRESCENT DR,SHOP NO 021 GRND FLOOR DUBAI FESTIVAL CITY MALL,04-2365418,25.2228,55.3552
ASTER PHARMACY 142 (ASTER),DXB,PHARMACY,11TH STREET,SHOP NO. 4 GROUND FLOOR AL FATTAN BLDG.,04-2205966,25.2694,55.3804
ASTER PHARMACY 143,DXB,PHARMACY,,THE RIBBON BUILDING 2,04-4430474,25.0462,55.2384
ASTER PHARMACY 144,DXB,PHARMACY,AL SHAB ST,GRND FLR AL MAALIK BLDG NEAR TALAL SUPERMARKET,04-2212250,25.277,55.3373
ASTER PHARMACY 147,DXB,PHARMACY,KHALID BIN AL WALEED ST,ASTER JUBILEE MED COMP BLDG.NEAR AL FAHIDI METRO STN,04-3254026,25.2607,55.2938
ASTER PHARMACY 148,DXB,PHARMACY,4B STREET SHEIKH KHALIFA BIN ZAYED RD,SHOP# 5 JAMAL OMAR BIN HYDER BLDG,04-3404005,25.2979,55.3791
ASTER PHARMACY 149,DXB,PHARMACY,20 B STREET,AL WASL BUILDING BEHIND LULU HYPERMARKET,04-3969469 04-2672946,25.2415,55.3056
ASTER PHARMACY 152,DXB,PHARMACY,,COMMERCIAL CENTER NEAR ACCESS CLINIC JAFZA,04-8809102 04-2672946,24.9478,55.0828
ASTER PHARMACY 157,DXB,PHARMACY,AL WASL ROAD,DAR AL WASL BUILDING NEAR SAFA,04-3867820 04-2672946,25.1926,55.2476
ASTER PHARMACY 158,DXB,PHARMACY,,IST FLOOR TALAL SUPERMARKET BLDG DUBAI INVESTMENT PARK,"04-2438618, 04-8800282",24.9793,55.2026
ASTER PHARMACY 1,DXB,PHARMACY,KHALID BIN WALEED ROAD,ASTER COMPLEX BUILDING NEAR AL MUSALLA BUILDING,04-3863800,25.2601,55.2938
ASTER PHARMACY 2 BR,DXB,PHARMACY,MINA STREET,RAMLA HYPERMARKET UNIT NO 4&5 GROUND FLOOR,04-8858044,24.9717,55.1718
ASTER PHARMACY 200 (ASTER),DXB,PHARMACY,AMMAN STREET,BLDG NO. 241-487 GRND FLOOR OPP LED WORLD,04-2362839,25.2894,55.3686
ASTER PHARMACY 201,DXB,PHARMACY,,SHOP NO3 AL MANAL TOWER NEXT TO CROWN PLAZA HOTEL,04-3209481,25.2185,55.279
ASTER PHARMACY 202,DXB,PHARMACY,,BIN SOUGAT CENTER NEAR METRO STATION,04-2540474,25.2325,55.3865
ASTER PHARMACY 204,DXB,PHARMACY,DAMASCUS STREET,AL QUSAIS BUILDING NEAR GRAND HOTEL,04-2203889 04-2672946,25.2716,55.3801
ASTER PHARMACY 205,DXB,PHARMACY,,PVE-G-02 PALM VIEWS EAST BLDG,04-4221521,25.0564,55.1935
ASTER PHARMACY 3,DXB,PHARMACY,ROUTE 66,DUBAI OUTLET MALL,04-4437250,25.0724,55.0563
ASTER PHARMACY 5 BR,DXB,PHARMACY,TUNIS RD,SHOP NO 02 CBD 29,04-4473169,25.2588,55.4381
ASTER PHARMACY 6,DXB,PHARMACY,SHEIKH ZAYED RD,GATE 1 - BUILDING,04-3262600,25.117,55.3913
ASTER PHARMACY 98 -ASTER PHARMACY,DXB,PHARMACY,SONAPUR STREET,SAMEYA KAHALIFA BUILDING SONAPUR,04-2521711,25.2606,55.4231
ASTER MEDICAL CENTRE ASWAAQ MALL A+,DXB,CLINIC,AL KHAIL ROAD,GROUND ASWAAQ ASWAAQ AL BARSHA SOUTH COMMUNITY CENTRE,04-3471674,25.16,55.4038
ASTER MEDICAL CENTRE JVC,DXB,CLINIC,,"108 G FLR DAMAC TOWERS LAZUWARD SW ST. BARSHA SOUTH, JVC",04-2800899,25.0539,55.1976
ASTER MEDICAL CENTRE AL BARSHA,DXB,CLINIC,23 STREET,AL BARSHA ROAD GOLDEN SANDS BUILDINGGROUND FLOOR OPP AL NOOR TRAINING CENTRE,04-3472420,25.116,55.2004
ASTER MEDICAL CTR ARABIAN RANCHES (PREM),DXB,CLINIC,,1ST FLR ARABIAN RANCHES 2 MALL,04-4560485,25.0294,55.2705
ASTER MEDICAL CENTER ARJAN,DXB,CLINIC,,AL SAYYAH RES. GF 13-16 ARJAN AL BARSHA SOUTH 3,04-5643776,25.0619,55.2389
ASTER CEDARS HOSPITAL JEBEL ALI,DXB,HOSPITAL,,"DUGAS ROAD, JEBEEL ALI - 1 DUGAS ROAD, JEBEEL ALI - 1 JEBAL ALI",04-8814000,25.028,55.0936
ASTER ROYAL CLINIC DOWNTOWN,DXB,CLINIC,DOWNTOWN DUBAI,THE RESIDENCES TOWER 6,04-5298194,25.1923,55.2744
ASTER PHARMACY 180 EXPRESS CLINIC,DXB,CLINIC,JBR MARSA,FLAT NO 173 NEXT TO CARREFOUR,04-5756596,25.0767,55.1344
ASTER MEDICAL CENTER LIWAN,DXB,CLINIC,LIWAN,BINGHATTI JEWELS BUILDING,04-4400500,25.1157,55.3649
ASTER DAY SURGERY CENTRE,DXB,HOSPITAL,,"AL RAFFA, KUWAIT STREET KUWAIT STREET BUR DUBAI",04-3814948,25.2525,55.2866
ASTER DIP PHARMACY,DXB,PHARMACY,RAMALA HYPER MARKET,EMIRATES ROAD,04-8800966,24.9718,55.1721
ASTER PHARMACIES GROUP LLC (DMCC BR),DXB,PHARMACY,CLUSTER L JUMEIRAH LAKES TOWERS,SHOP #5,04-5917109,25.0648,55.1399
ASTER MEDICAL CENTRE DUBAI LAND,DXB,CLINIC,,"SKYCOURTS  TOWER D GROUND FLOOR, R 7B WADI AL SAFA - 5, DUBAI LAND",04-3435645,25.0921,55.3847
ASTER PHARMACY 157 (CLINIC),DXB,CLINIC,,EXPO VILLAGE RESIDENCES 4 EXPO VILLAGE MADINAT AL MATAR,04-5477218,24.9762,55.1406
ASTER GRAND PH - ASTER(MOOPENS),DXB,PHARMACY,AMAN ST. AB PLAZA BLDG 9 GROUND FLOOR,OPP. NMC HOSPITAL,04-2505712,25.3061,55.372
ASTER HOSPITAL- MANKHOOL,DXB,HOSPITAL,16 A STREET,BUR DUBAI AL MANKHOOL,04-4546001,25.2522,55.2887
ASTER MEDICAL CENTRE ABU HAIL,DXB,CLINIC,24 STREET,GROUND FLOOR SHOP NO: 2 NEAR CHOITHRAM SUPERMARKET SHEIKH SUHAIL BUILDING,04-2692785,25.2807,55.3518
ASTER AL HAYAT PHARMACY,DXB,PHARMACY,ROLLA STREET,EASA SALEH AL GURG BUILDING NEAR ADIL SUPERMARKET,04-3552633 04-3019615,25.2572,55.2885
ASTER HOMECARE,DXB,CLINIC,,AL ASMAWI  BLDG VILLA 119  UMM AL SHEIF,04-3853750,25.133,55.2054
ASTER HOSPITAL - AL QUSAIS,DXB,HOSPITAL,,OPP MADINA MALL 9A STREET ALQUSAIS,04-3766818,25.278,55.3956
ASTER SPECIALIST MEDICAL CNTRE INT'LCITY,DXB,CLINIC,FRANCE CLUSTER,GRND FLR THE PAVILION MALL OPP TO KFC,04-4279554,25.1596,55.4045
ASTER JABAL ALI MC(BR MD) (MOOPENS),DXB,CLINIC,JEBEL ALI INDUSTRIAL AREA,NEAR NESTO SUPERMARKET,04-8841161,25.0071,55.1059
ASTER JBR PH-ASTER(MOOPENS),DXB,PHARMACY,THE WALK JUMIRAH BEACH,P42 SADAF4 NEAR MOVENPICK,04-4471127,25.0805,55.1381
ASTER JEBELALI PH - ASTER(MOOPENS),DXB,PHARMACY,JA INDUSTRIAL AREA 1,NESTO HYPERMARKET,04-8840237,25.0068,55.1071
ASTER MEDICAL CENTER JLT A+(MOOPENS),DXB,CLINIC,STREET NO.5,NEAR CARREFOUR EXPRESS AND DAMASSHOP NO: 5611. RED DIAMOND BUILDING,04-4204069,25.0775,55.1545
ASTER JLT PHARMACY,DXB,PHARMACY,SARYAT STREET,RED DIAMOND BUILDING,04-3697728,25.0791,55.1547
ASTER MEDICAL CENTER (MOOPENS) (QUSAIS),DXB,CLINIC,DAMASCUS STREET,AL FATTAN BUILDING,04-2573333,25.2722,55.3805
ASTER MEDICAL CENTRE OUD METHA,DXB,CLINIC,OUD METHA,GROUND FLOOR,04-2945095,25.2778,55.3126
ASTER MEDICAL CENTRE INTERNATIONAL CITY,DXB,CLINIC,SHEIKH ZAYED ROAD,V-19,04-4312273,25.1591,55.4044
ASTER MEDICAL CENTRE DIP,DXB,CLINIC,DUBAI INVESTMENT PARK 1,DARWISH AHMED & SONS BUILDING G FLR,04-8800629,24.9993,55.1704
ASTER MEDICAL CENTER AL MUHAISNA,DXB,CLINIC,BEIRUT ST.,MUHAISNAH PLAZA NEAR AL MADEENA MALL,04-2592154,25.2798,55.4056
ASTER MEDICAL CENTER ALQUSAIS,DXB,CLINIC,DAMASCUS STREET 5TH ST,NEAR DUBAI AIRPORT FZ METRO ST,04-2632202,25.2699,55.3805
ASTER MEDICAL CENTRE SILICON OASIS A+,DXB,CLINIC,SILICON OASIS,NEAR DUBAI SILICON OASIS SILICON GATE 1 OPP. CHOITRAM,04-3332177,25.1172,55.3912
MEDCARE MEDICAL CENTRE PHARMACY BARSHA,DXB,PHARMACY,AL BARSHA SOUTH,UNIT 15 UNION COOP AL BASHA SOUTH MALL 58 TH AL BARSHA SOUTH,04-3254383,25.0863,55.2419
ASTER AL NAHDA MEDICAL CENTER (MOOPENS),DXB,CLINIC,AMMAN STREET,OPPOSITE NMC SPECIALTY HOSPITAL,04-2399119,25.2929,55.3691
ASTER SPECIALIST CENTRE FOR ORTHO&PHYSIO,DXB,CLINIC,DAMASCUS STREET,GRND FLR AL AHBABI BLDG,04-3311006,25.2771,55.3855
ASTER ORTHOPEDICS AND PHYSIOTHERAPY CENT,DXB,CLINIC,,HANBAL AL MADANI BUILDING GROUND FLOORNEAR DUBAI LIBRARY AL WARQA-1,04-2831026,25.19,55.4076
ASTER PHARMACY 162,DXB,PHARMACY,,SHOP 6 MASJID BLDG. DISTRICT 10 JUMEIRAH VILLAGE CIRCLE,04-4580678,25.0683,55.236
ASTER PHARMACY 165,DXB,PHARMACY,,SWAY RES. SHOP 3 HADAEQ SHEIK MOHAMED BIN RASHID DUBAI HILLS,04-7187190,25.1124,55.2523
ASTER PHARMACY 167 THE DUBAI MALL,DXB,PHARMACY,,SHOP 041 2N FLR METRO BAY LINK THE DUBAI MALL,04-3341829,25.1989,55.2773
ASTER PHARMACY 170,DXB,PHARMACY,,SHOP GF BLDG 1 SHOBHA HEARTLAND AL MERKADH GREENS,04-2588717,25.1765,55.3109
ASTER PHARMACY 173 AL SAFA,DXB,PHARMACY,,SHOP NO. 9 UNION COOP SOCIETY AL SAFA JUMEIRAH 3,04-3325595,25.2044,55.1905
ASTER PHARMACY 190,DXB,PHARMACY,BINGHATII ORCHID KAHRABA ROAD,SHOP NO 1,04-5527027,25.0608,55.2031
ASTER PHARMACY 197,DXB,PHARMACY,AIKO MALL,SHOP NO MO5,04-2528870,24.9712,55.1722
ASTER PHARMACY 198,DXB,PHARMACY,CIG NESTO MALL AL WASL VILLAGE,SHOP M06,052-9035007,25.2898,55.4084
ASTER PHARMACY 199,DXB,PHARMACY,GEMZ BY DANUBE AL ASAYEL ST,SHOP NO 7,04-3971206,25.0189,55.1405
ASTER PHARMACY 207,DXB,PHARMACY,LILAC RESIDENCE,SHOP NO SH-A1,04-3968831,25.2159,55.3225
ASTER PHARMACY 209,DXB,PHARMACY,GROVE MALL COMMUNITY CENTER,SHOP NO SO2,04-5843414,25.0733,55.1323
ASTER PHARMACY 210,DXB,PHARMACY,ART PARK VIEW AL BARSHA SOUTH,RETAIL 1,04-8816085,25.0623,55.2371
ASTER PHARMACY 212,DXB,PHARMACY,JUMEIRAH GARDEN CITY,SHOP-4 BQ RESIDENCE,04-5853391,25.2232,55.2778
ASTER PHARMACY 213,DXB,PHARMACY,MEERA TOWER AL HABTOUR BOULEVARD,SHOP RG16,04-5573179,25.1837,55.2555
ASTER PHARMACY 214,DXB,PHARMACY,AZIZI RIVIERA 65,RETAIL 11,04-2354366,25.1729,55.3137
ASTER PHARMACY 215,DXB,PHARMACY,BAY AVENUE,SHOP G-13,04-5772518,25.1916,55.2673
ASTER PHARMACY 216,DXB,PHARMACY,SOBHA HARTLAND THE CREST TOWER PODIUM,RETAIL 05,04-3759337,25.1777,55.3148
ASTER PHARMACY 218,DXB,PHARMACY,JEWEL OF THE CREEK F1F2 OFFICE PORT SAEED,SHOP NO- SO4,052-9035007,25.2514,55.3278
ASTER PHARMACY 219,DXB,PHARMACY,LIV MARINA  MARSA,RETAIL-01,04-5587637,25.0847,55.144
ASTER PHARMACY 104 (BR OF ASTER PHARMACI,DXB,PHARMACY,,"SHOP NO.1 , HANBAL SHAFIE AL M NEAR ASTER ORTHO CLINIC AL WARQA",04-2829440,25.1914,55.4075
ASTER PHARMACY 131 BROF ASTER PHARMACIES,DXB,PHARMACY,,SHOP NO 17 TRIO BUILDING AL BARSHA FIRST,04-3475733,25.1109,55.1954
ASTER PHARMACY 145,DXB,PHARMACY,IRANIAN SCHOOL ROAD,SHOP 1 AL WALEED BLDG UNION MEDICAL CENTER,04-3547745,25.2481,55.3026
ASTER PHARMACY 146 (ASTER),DXB,PHARMACY,AL GHUBAIBA ROAD,SHOP 32 SOUK AL KABEER BLDG NR GHUBAIBA BUS STATION,04-3271059,25.2623,55.2878
ASTER PHARMACY 150 BROF ASTER PHARMACIES,DXB,PHARMACY,,"GRND FLR, PINNACLE TOWER MARSA",04-3019616,25.0922,55.1486
ASTER PHARMACY 155 BROF ASTER PHARMACIES,DXB,PHARMACY,,GRND FLOR BUISNESS CENTRE AL RIGGA,04-3019616,25.2661,55.3214
ASTER PHARMACY 156 (BR OF ASTER PHARMACI,DXB,PHARMACY,,"SHOP NO. 6, SAPPHIRE MALL DUBAI INDUSTRIAL CITY NEAR AL MAKTM IT AIRPORT",04-5877191,24.8523,55.0582
ASTER PHARMACY 160 (BR OF ASTER PHARMACI,DXB,PHARMACY,,"UNIT NO:M11, JABAL ALI SHOPPIN NEAR TO RAMLA MARKET, 86 STRET DIP",04-8847176,25.2794,55.3127
ASTER PHARMACY 161 (BR OF ASTER PHARMACI,DXB,PHARMACY,,MARHABA MALL SAMARI RESIDENCE RAS AL KHOR AL AWEER,04-3424262,25.1887,55.3755
ASTER PHARMACY 166,DXB,PHARMACY,AL JADDAF,SHOP #5,04-2272851,25.2215,55.3248
ASTER PHARMACY 171,DXB,PHARMACY,DUBAI INVESTMENT PARK FIRST,SHOP #B6,04-2516452,24.9986,55.1702
ASTER PHARMACY 174,DXB,PHARMACY,DUBAI SPORTS CITY,G 03,04-4486271,25.0268,55.2196
ASTER PHARMACY 177,DXB,PHARMACY,DXB LAND RESIDENCE COM,SHOP # 6 & 7,04-2575216,25.0909,55.3856
ASTER PHARMACY 178,DXB,PHARMACY,MARSA,SHOP # R02 WEST AVE,04-2950979,25.074,55.1391
ASTER PHARMACY 179,DXB,PHARMACY,AL QUSAIS INDUS AREA 5,S07,04-2207653,25.2881,55.4128
ASTER PHARMACY 181,DXB,PHARMACY,DUBAI HILLS,R04,04-2632594,25.1143,55.2463
ASTER PHARMACY 182,DXB,PHARMACY,AL FAIHAA WARSAN 4,SHOP2,04-5545907,25.1499,55.4044
ASTER PHARMACY 183,DXB,PHARMACY,AL THANYAH 1ST BARSHA HEIGHTS,SHOP #2,04-2679073,25.0987,55.1769
ASTER PHARMACY 184,DXB,PHARMACY,BUSINESS BAY,RETAIL 01,04-4490062,25.1846,55.2617
ASTER PHARMACY 185,DXB,PHARMACY,AL JADDAF,SHOP #1,04-2665280,25.2135,55.319
ASTER PHARMACY 186,DXB,PHARMACY,,SHOP #1,04-2688710,25.1122,55.1386
ASTER PHARMACY 187,DXB,PHARMACY,DISCOVERY GARDENS JABAL ALI FIRST,SHOP #8,04-5519467,25.0487,55.1287
ASTER PHARMACY 188,DXB,PHARMACY,DUBAI SILICON OASIS,RETAIL 06,04-3497028,25.1088,55.3786
ASTER PHARMACY 189,DXB,PHARMACY,DUBAI SILICON OASIS,SHOP #6,04-8324564,25.122,55.3754
ASTER PHARMACY 191,DXB,PHARMACY,SCHOOL ST BURJ KHALIFA DOWNTOWN,SHOP #1,04-5700402,25.1863,55.2782
ASTER PHARMACY 192,DXB,PHARMACY,DOWNTOWN,SHOP #3 TOWER #1  NUMBER ONE SUIT BLDG,04-2584482,25.2104,55.2737
ASTER PHARMACY 194,DXB,PHARMACY,AL MERKADH NAD AL SHEBA 1,SHOP#1,04-5750742,25.1793,55.3056
ASTER PHARMACY 195,DXB,PHARMACY,THE GARDENS,SHOP #3 PINK BLDG 7,04-5725507,25.0457,55.1316
ASTER PHARMACY 196,DXB,PHARMACY,AL MERKADH NAD AL SHEBA 1,RETAIL 20,04-5702313,25.1775,55.3042
ASTER PHARMACY 208,DXB,PHARMACY,AL BARSHA SOUTH THIRD,SHOP #6,04-3578436,25.0664,55.2353
ASTER PHARMACY 211,DXB,PHARMACY,AL MERKADH NAD AL SHEBA 1,SHOP #11,04-3530973,25.1725,55.3092
ASTER DCC PHARMACY LLC,DXB,PHARMACY,,GRND FLR OPPOSITE CARREFOUR HYPERMARKET DEIRA,04-2672946,25.2514,55.3313
ASTER PHARMACY-DUBAL,DXB,PHARMACY,INSIDE DUBALFACTORY,NEAR IBN BATTUTA,04-8022684,25.0328,55.0962
ASTER HEALTHCARE HYPER MARKET (ASTER),DXB,PHARMACY,MANKHOOL ROAD,GRND FLR AL RAFFA BLDG OPP ASTER HOSPITAL,04-3399523,25.2518,55.2881
ASTER PHARMACY 164 (BR OF ASTER PHARMACI,DXB,PHARMACY,,SHOP NO. E-7B GF SKY COURTS TOWER D SKY COUR AL AIN ROAD DUBAI LAND,04-3263688,25.1003,55.3877
ASTER MEDICAL CENTER PHARMACY AL MUHAISN,DXB,PHARMACY,,"SHOP NO1, ZARAA RESIDENCE 1 MUHAISNAH 4 LULU VILLAGE",04-5479070,25.2803,55.4054
ASTER MEDICAL CENTRE AL QUOZ,DXB,CLINIC,LATIFA BINT HAMDAN ST.,GRND FLR ABDULLA ASMAWI BLDG,04-4400500,25.1476,55.2461
ASTER MEDICAL CENTER - RAS AL KHOR,DXB,CLINIC,,SHOP NO. 16-17 GF MARHABA MALL RAS AL KHOR INDUSTRIAL AREA 3,04-3425354,25.1826,55.3774
ASTER ROYAL CLINIC SPRINGS SOUK PHARMACY,DXB,PHARMACY,AL THANYAH FOURTH,SHOP FF 24 & FF25,04-3288352,25.0546,55.1705
ASTER HOSPITAL SONAPUR LLC,DXB,HOSPITAL,,NEAR TO ACCESS CLINIC ALGERIA STREET MUHAISNAH,04-4400500,25.2528,55.4303
ASTER MEDICAL CENTRE SPORTS CITY,DXB,CLINIC,,SPANISH BLDG. SHOP 3 AL HEBIAH 4TH DUBAI SPORTS CITY,04-3092888,25.0367,55.2239
ASTER MEDICAL CENTRE SHIEKH ZAYED ROAD,DXB,CLINIC,,AL MANAL TOWER TRADE CENTER 1,04-3200438,25.2296,55.2868
ASTER PH TECOM (ASTER)(MOOPENS),DXB,PHARMACY,TECOM,TECOM ICON TOWER,04-453454004 4534840,25.0988,55.1739
ASTER MC PHARMACY ARABIAN RACHES,DXB,PHARMACY,ARABIAN RANCHES 2,EMAR MALL 1ST FLOOR THE RANCHES SOUK ARABIAN RANCHES 2,04-3092900,25.0522,55.2706
ASTER PHARMACY AUH 15,DXB,PHARMACY,AL RAWNAQ ST,MUFLEH AAYD HAMED BLDG. 37 AL RAWNAQ ST AL NAHYAN,02-6431619,24.4637,54.3866
DRAGON PHARMACY (ASTER),DXB,PHARMACY,JEBEL ALI 1ST,SHOP 9 AZIZI FARISTA BLDG. NEAR GREEN BRIDGE JEBEL ALI 1ST,04-5693614,25.0239,55.1392
ASTER PHARMACY 176,DXB,PHARMACY,WADI AL SAFA 2,G-02 GROUND FLOOR,04-3092900,25.1159,55.3647
ASTER PHARMACY 180,DXB,PHARMACY,THE WALK MARSA,GROUND FLOOR P 19 RIMAL 1 DUBAI MARINA,04-3092900,25.0767,55.1343
ASTER PHARMACY 168,DXB,PHARMACY,IBN BATUTA MALL,IBS GF TUNISIAN COURT IBN BATUTA MALL JEBEL ALI 1ST,04-5543519,25.0427,55.1187
ASTER PHARMACY 169,DXB,PHARMACY,19A STREET,NEXT TO HEALTHCBAT WOMEN'S 19A STREET AL WASL ROAD UMM AL SHEIF,04-3250365,25.1314,55.1981
ASTER PHARMACY 172,DXB,PHARMACY,AL BARSHA SOUTH 2,SHOP 12 AS SAYYAH RES. C ARJAN DUBAILAND AL BARSHA SOUTH 2,04-5786364,25.0625,55.2377
ASTER PHARMACY 175,DXB,PHARMACY,JUMEIRAH VILLAGE CIRCLE,SHOP 11 DAMAC TOWERS 108 JUMEIRAH VILLAGE CIRCLE AL BARSHA SOUTH,04-5579564,25.0538,55.1979
ASTER PHARMACY DMCC,DXB,PHARMACY,AL THANYA,UNIT G1 ARMADA TOWER 3 AL THANYAH 5TH JUMEIRAH LAKE TOWERS,04-3092900,25.0756,55.1452
ASTER ROYAL CLINIC DOWNTOWN PHARMACY,DXB,PHARMACY,DOWN TOWN BURJ KHALIFA,G FLOOR BD RESI 1 RETAIL G ER6,04-3092900,25.1958,55.2815
ASTER ROYAL CLINIC SPRINGS SOUK,DXB,CLINIC,SPRING SOUK,FF-24 FF-25,04-4400500,25.065,55.1928
ATLANTA VISION CLINIC,DXB,CLINIC,AL WASL ROAD,NEXT TO UMM SUQEIM RD. OPP DUBAI POLICE 1185B,04-3486233,25.129,55.1962
AVANTI DIFC,DXB,OPTICS,DIFC,UNIT G0RT,05-04732578,25.2131,55.2802
DOCTOR M DEIRA CITY CENTRE,DXB,OPTICS,DEIRA CITY CENTRE,M044C 1ST FLOOR,05-02696312,25.2512,55.3329
AVANTI MIRDIFF CITY CENTRE,DXB,OPTICS,MIRDIF CITY CENTRE,B102 GROUND FLOOR OPPOSITE ADIDAS MAIN ENTRANCE,05-64188169,25.2153,55.409
AVENUE PHARMACY - ASTER(MOOPENS),DXB,PHARMACY,BUSINESS BAY STREET,BAY AVENUE ASPECT TOWERS,04-4357450,25.1948,55.2621
ASTER MEDICAL CENTER-REMRAAM,DXB,CLINIC,INDUSTRIAL AREA 2 KHAIL ROAD,GROUND FLOOR P-122 NEAR EPPCO STATION AL AWEER,04-3333423,25.0023,55.2531
AWEER SOCIETY PHARMACY-ASTER GRP,DXB,PHARMACY,RAS AL KHOR,UNION CO-OP BUILDING NEAR FRUIT & VEG MARKET AWEER,04-3201900,25.1758,55.3871
AXIS DENTAL CLINIC LLC,DXB,DENTAL,,"405,4TH FLOOR ABOVE DIVA SALOO 2ND STREET SATWA",04-3984350,25.2366,55.2773
AXON PHARMA LLC,DXB,PHARMACY,,RASHIDIYA CENTRAL MARKET BLDG UNION COOPERATIVE SOCIETY RASHIDIYA,04-2975462,25.2316,55.3848
AXON MEDICA POLYCLINIC BR OF AMLED INV,DXB,CLINIC,,RASHIDIYA CENTRAL MARKET BLDG UNION COOPERATIVE SOCIETY RASHIDIYA,04-2859880 - 04-2975462,25.2289,55.3843
AL AZHAR CLINIC (SANAIYA),DXB,CLINIC,DUBAI INVESTMENT PARK,NR MADINA SUPERMARKET,04-8859596,24.9724,55.1706
AL AZHAR CLINIC - BRANCH (SANAIYA),DXB,CLINIC,JEBEL ALI,NR PARCO SUPERMARKET,04-8800545,25.0001,55.0892
AL AZHAR CLINIC - BRANCH 2 (SANAIYA),DXB,CLINIC,DUBAI INVESTMENT PARK,NR MADINA SUPERMARKET,04-8895306,24.9887,55.1967
AL AZHAR AL JADEEDA PHARMACY (SANAIYA),DXB,PHARMACY,JEBEL ALI,NR PARCO SUPERMARKET,04-8800703,25.0072,55.1063
AL AZHAR PHARMACY (SANAIYA),DXB,PHARMACY,BEHIND REMCO HYPERMARKET,GRD FLR ALI MESMAR COMPLEX,04-8859598,24.9724,55.1685
DR.AZZAM ABDULRAZZAK CLINIC,DXB,CLINIC,DHIYAFA ROAD,OFFICE # 2062ND FLOORDUBAI ISLAMIC BANK BUILDING,04-3988055,25.2376,55.2759
BAB AL HAYAT PHARMACY (AL KHAIL),DXB,PHARMACY,,MADEENA SUPERMARKET BUILDING,04-3966123,24.9923,55.1968
BADER PHARMACY,DXB,PHARMACY,Kuwait St,"KIFAF BUILDING KUWAIT STREET KARAMA,BUR DUBAI",3348129,25.246,55.3011
BADR AL SAMAA MEDICAL CENTER,DXB,CLINIC,BANK STREET,NEAR BURJUMANORIENTAL HOUSE 2,04-3578681,25.2579,55.298
BADR AL SAMAA PHARMACY,DXB,PHARMACY,ABU BAKER SIDDIQUE STREET BANK STREET,NEAR BARCLAYS BANK,04-3578681,25.2579,55.2981
BAIT AL SHIFA PHARMACY BR DUBAI,DXB,PHARMACY,,GROUND FLOOR DP WORLD CLINIC JEBAL ALI FREEZONE,04-8896399,25.2927,55.4428
BAIT AL MAQDES PHARMACY LLC (BRANCH),DXB,PHARMACY,,OPPOSITE GARHOUD PRIVATE HSPTL CASABLANCA STREET AL GHARHOUD,04-2381514,25.2467,55.3445
BALSAM AL HADEETHA PHARMACY,DXB,PHARMACY,JUMEIRAH BEACH ROAD,FARAJ BIN BUTTI ALMUHAIRBI BLD,04-3488507,25.162,55.2043
BALSAM AL JADEEDA PHARMACY,DXB,PHARMACY,JUMEIRAH BEACH ROAD,MOHD ALAMRI MOSQUE BUILDING,04-3491669,25.2049,55.2465
BA NAFEA PHARMACY CARE,DXB,PHARMACY,,FLAT 5 GROUND BULDING S04 MADINA SUPERMARKET  SPAIN CLUSTER INTERNATIONAL CITY,04-4508350,25.1642,55.4018
AL BARAKA PHARMACY-SANA GRP,DXB,PHARMACY,,BEHIND AL MAKTOM HOSPITAL,04-2230500,25.2719,55.313
BARRAQUER EYE HOSPITAL,DXB,HOSPITAL,AL JADAF,DUBAI HEALTHCARE CITY,04-5739999,25.2098,55.3199
BARSHA ROSE GARDENS PHARMACY-LIFE,DXB,PHARMACY,17 A ST,SHOP#1 ROSE GARDENS HOTEL APARTMENT BLDG,04-3792990,25.1139,55.1929
AL BAYAN MEDICAL CENTRE,DXB,CLINIC,NAIF ROAD,58 B STREET OPPOSITE WHITE HOUSE CARPET STORE & KHALIFA MAJID,04-2719008,25.2788,55.3097
BAYTI HOME HEALTH CARE CENTER L.L.C,DXB,CLINIC,,"BEHIND MALL OF EMIRATES SUITE NO. 904, 9TH FLOOR AL BARSHA 1,",04-4574433,25.1408,55.1968
PRIME MEDICAL CENTER BUR DUBAI,DXB,CLINIC,SHAIK KHALIFA BIN ZAYED STREET,KHALID BIN AL WALEED UMM HURA G/F SAEED BIN THANI BUILDING,04-3570033,25.2521,55.3017
BELLA VITA MEDICAL CENTER,DXB,CLINIC,,MIRDIFF 35 MALL OP-ARABIAN CENTER MIRDIFF,04-2613301,25.2323,55.4329
BETA PHARMACY (ASTER)(MOOPENS),DXB,PHARMACY,MIRDIF CITY CENTER,MIRDIF CITY CENTER,04-2840678,25.2166,55.4079
BETTER LIFE CLINIC L.L.C.,DXB,CLINIC,MAKHOOL ROAD,AL TAWHEEDI BUILDING 2 FLOOR 2 APT 203,04-3592255,25.2623,55.2993
BETTER LIFE PHARMACY-KMC,DXB,PHARMACY,INDUSTREAL IIV,SHOP NO. 8 GROUND FLOOR GRAND CITY MALL,04-3414626,25.1285,55.2321
BIN SERAY PHARMACY L.L.C-LIFE,DXB,PHARMACY,OUD MEHTA ROAD,NEAR LAMCY PLAZA,04-3355446,25.238,55.3078
BIN SINA TWENTY FIVE PHARMACY (ALPHAMED),DXB,PHARMACY,JUMEIRA BEACH ROAD,OPP UMM SEQUIM MEDICAL CENTER,04-3940934,25.1552,55.2112
BIN SINA 29 PHARMACY (ALPHAMED),DXB,PHARMACY,DOHA STREET,DUBAI MALL,04-3398918,25.197,55.2784
BINSINA - ASQAQ LQOUZ,DXB,PHARMACY,,AL KHAIL ST. ASWAAQ SUPERMARKET AL QOUZ,556961300,25.1593,55.2696
BINSINA-AMWAJ JBR2,DXB,PHARMACY,,AMWAJ WALK  AMWAJ WALK,556961300,25.0772,55.1324
BINSINA - DISCOVERY PARK PAVILION,DXB,PHARMACY,,BIN SINA PHARMACY  DISCOVERY PAVILIONS.,556961300,25.0351,55.1467
BIN SINA (DUBAI TOWER) (ALPHAMED),DXB,PHARMACY,JAMABDUL NASSER STREET,DUBAI TOWER,04-2221071,25.2683,55.3071
BINSINA-EMAAR SQUARE,DXB,PHARMACY,,EMAAR SQUARE BUILDING 1 SHOP NUMBER G-R4 BURJKHALIFA,556961300,25.2016,55.2728
BINSINA-EMIRATES TOWER,DXB,PHARMACY,,"SHOP 52, FIRST FLOOR,  TRADE CENTER 2",556961300,25.2137,55.2778
BINSINA-I-RISE TOWER,DXB,PHARMACY,,"SHOP NO. 2 I- RISE TOWER, AL BARSHA HEIGHTS",556961300,25.0969,55.1811
BINSINA-JUMEIRAH PARK PAVILION,DXB,PHARMACY,,SHOP NUMBER 4  JUMEIRAH PARK PAVILLION,556961300,25.0429,55.1597
BINSINA- WESTZONE - MIZHAR,DXB,PHARMACY,,SHOP 13 WEST ZONE MALL MIZHER 1,556961300,25.2499,55.4537
BINSINA-FIRST AVENUE MALL MOTOR CITY,DXB,PHARMACY,,FIRST AVENUE MALL  AL HEBIAH FIRST,556961300,25.0468,55.2404
BINSINA-MUDON COMMUNITY CENTRE,DXB,PHARMACY,,AL SALAM TOWN CENTER  DUBAI LAND-MUDON,556961300,25.0274,55.2674
BINSINA-ARABIAN RANCHES,DXB,PHARMACY,,AL QUDRA STREET -ARABIAN RANCHES 2 RANCHES SOUK,556961300,25.0322,55.2657
BINSINA-NEW SPRING VILLAGE,DXB,PHARMACY,,AL THANYAH FOURTH  THE NEW SPRINGS,556961300,25.0662,55.1914
BINSINA-UNION COOP (UM SUQAIM),DXB,PHARMACY,,UNION COOP AL WASL STREET   UMM SUQEIM 2,556961300,25.1435,55.2062
BINSINA- MATRIX TOWER,DXB,PHARMACY,,MATRIX TOWER   SPORT CITY,556961300,25.0395,55.2206
BIOHEALTH DIAGNOSTIC CENTRE,DXB,DIAGNOSTIC CENTER,,ZABEEL BUILDING ENTRANCE 3 ROOM 107 BEHIND KARAMA POST OFFICE,04-3885828,25.2384,55.3048
BIOSYTECH MEDICAL LABORATORY LLC (UMC),DXB,LABORATORY,MANKHOOL ROAD,NEXT TO BURJUMAN,04-3988567,25.2436,55.2798
BLUEBELL MEDICAL CENTER,DXB,CLINIC,,AL ATTAR BUSINESS CENTRE OPP.UNION CO-OPERATIVE SOCIETY KARAMA,04-3426565,25.2433,55.2976
BLUBELL  PHARMACY LLC (BHATIA),DXB,PHARMACY,,CRYSTAL BUSINESS CENTRE BLDG ADCB METRO STN KARAMA,04-3231366,25.2491,55.306
BLUE LIFE PHARMACY IT CENTER,DXB,PHARMACY,,IT CENTER BLDG AL RAFFA STREET AL FAHIDI,8007257,25.2624,55.2904
BLUE LIFE PHARMACY BR MEENA,DXB,PHARMACY,AL FAHIDI ST,MEENA BLDG AL FAHIDI STREET AL FAHIDI,04-2639995,25.2605,55.298
BOOSTER MEDICAL CENTRE,DXB,CLINIC,,SHOP 2 OUD METHA METRO EXT 1 AL NASR SPORTS CLUB OUD METHA,04-2683331,25.2435,55.3151
BOOSTER CLINIC PHARMACY,DXB,PHARMACY,,SHOP 2 OUD METHA METRO EXT AL NASR SPORTS CLUB OUD METHA,04-2683331,25.2435,55.3151
AL BORG LABORATORIES - DXB (AL BORG),DXB,LABORATORY,ABU BAKER SIDDIQUE STREET,RASHED BEN MAGED BUILDING G FLOOR,04-2977780,25.2687,55.3288
BOSTON DIABETES &ENDOCRINE CENTER,DXB,CLINIC,SHEIKH ZAYED ROAD 2ND INTERCHANGE SAFA 1 STREET,115 MARDOOF BUILDING OPPOSITE BMW SHOWROOM,04-3805555,25.2374,55.2676
BRIGHT LIFE MEDICAL CENTER LLC,DXB,CLINIC,,ZABEEL CATERING SERVICES BUILD ABOVE LANDMARK RESTAURANT DIP2,04-8833000,24.9752,55.2051
BRIGHT SMILE DENTAL & ORTHODONTIC CENTER,DXB,DENTAL,AL WASL RD 1,AL SHAFAR BUILDING 7 SHOP 105 BESIDE ASWAQ,04-3449675,25.2224,55.2604
BAY SQUARE PHARMACY LLC-LIFE,DXB,PHARMACY,,UNIT G-03 BLDG # BB11 NEXT TO CHOITRAM SUPERMARKET,04-5515344,25.186,55.2817
BURJEEL AL HAYYAT PHARMACY,DXB,PHARMACY,,WATER FRONT OMRAN ORANGE CAMP JABELALI,04-3519199,25.003,55.127
BURJEEL HOSPITAL FOR ADVANCED SURGERY,DXB,HOSPITAL,,NEAR TIMES SQUARE,04-4070100,25.1471,55.2236
BURJUMAN PHARMACY,DXB,PHARMACY,,BURJUMAN CENTRE BURJUMAN BUR DUBAI,04-2944116,25.2554,55.3029
CANADIAN SPECIALIST HOSPITAL-DEIRA,DXB,HOSPITAL,STREET # 24,ABU HAIL AREABEHIND ABJAR GRAND HOTEL,04-7072222,25.2775,55.3487
CANADIAN SPECIALIST HOSPITAL CLINICS LLC,DXB,CLINIC,AL RIGGA ROAD DEIRA,2ND FLOOR,04-7072222,25.2676,55.3175
CANADIAN SPECIALIST HOSPITAL PHARMACY,DXB,PHARMACY,DEIRA,2ND FLOOR AL GHURAIR CENTRE,04-7072222,55.3189,25.2678
CARE AND CURE MEDICAL CENTER L.L.C,DXB,CLINIC,,"OPPOSITE BELHASA DRIVING SCHOO NEAR AL KHAIL MALL AL WAHA STREET, AL QOUZ 3",04-3399162,25.1559,55.2485
CARE BLUE CLINIC FZCO,DXB,CLINIC,JAFZA,NEAR GATE NUMBER - 7,04- 2830080,24.9573,55.0577
CARE & CURE PHARMACY-SANA GRP,DXB,PHARMACY,DISCOVERY GARDENS,CLUSTER ZEN 02 BUILDING 15,04-4390384,25.0496,55.1333
CARE ONE POLYCLINIC,DXB,CLINIC,,AL RAMLA HYPER MARKET BLDG. GROUND FLOOR  DUBAI INVESTMENT PARK 1,04-8836656,24.9708,55.1717
CARE PLUS MED CTR (ADVANCED GRP),DXB,CLINIC,INDUSTRIAL AREA 1,AWQAF BUILDING ABOVE UAE EXCHANGE,04-8829333,25.0263,55.104
C C S LIFE PHARMACY BR OF LIFE PHARMACY,DXB,PHARMACY,,"UNIT NO. 2  SHINDAGHA CITY CENTRE BUR DUBAI,",04 5610000,25.2642,55.2869
CENTRAL POLYCLINIC,DXB,CLINIC,RIGGA STREET,641A; F-6; AL GHURAIR CENTER,04-2280009,25.2685,55.3222
CENTRAL UNITED PHARMACY,DXB,PHARMACY,,SHOP 1 MIRDIF CITY CENTER,04-3441122,25.2588,55.335
MEDICLINIC DEIRA CLINIC BR OF MEDICLINIC,DXB,DAY CARE,,"DEIRA CITY CENTRE GND &3RD FLR CITYCENTRE OFFICE NEAR PULLMAN HOTEL, DEIRA",04-2052777; 04-2052881,25.252,55.3328
MEDICLINIC MEAISEM,DXB,CLINIC,MEAISEM,G044 ME'AISEM CITY CENTRE INTL MEDIA PRODUCTION ZONE SHEIKH MOHD BIN ZAYED RD,04-2052770 04-2052894,25.0409,55.1958
MEDICLINIC DEIRA CLINIC PHARMACY,DXB,PHARMACY,,DEIRA CITY CENTRE GND &3RD FLR CITYCENTRE OFFICE NEAR PULLMAN HOTEL DEIRA,04-2052777; 04-2052881,25.2526,55.3352
CITY LIFE PHARMACY LLC-LIFE,DXB,PHARMACY,10TH STREET,SHOP #2 CITY TOWER 1 NEAR TO CROWN PLAZA,04-3410072,25.2228,55.279
CITY PHARMACY DUBAI,DXB,PHARMACY,,SHOP NO. 1  SAIF AL OTAIBA BLDG AL RIGGA,04 2240566,25.2665,55.323
CITY RELIEF PHARMACY,DXB,PHARMACY,,AHMED PLAZA BUILDINGNAIF ROADDEIRA DUBAI,04-2242951,25.2755,55.3102
CLEMENCEAU MEDICAL CENTER,DXB,HOSPITAL,,PLOT 22 AL JADAF STREET DUBAI HEALTHCARE CITY,04-2481111,25.2129,55.3181
CLINICARE (IMARA),DXB,CLINIC,NAIF ROAD,AHMED PLAZA BUILDING OPPOSITE TO AL FUTTAIM MOSQUE,04-2617175,25.2817,55.3095
CENTRAL MARKET PHARMACY- ASTER,DXB,PHARMACY,DUBAI FREEZONE,SHEIKH COLONY BUILDING,04-2613451,25.273,55.3759
COMMUNITY HEALTHCARE LLC,DXB,CLINIC,,NUZUL ACCOMMODATION 839 PARCO HYPERMARKET INDUSTRIAL AREA 1 JEBEL ALI,04-88 6111,25.0026,55.1051
COMMUNITY MEDICAL CENTER,DXB,CLINIC,,174 VILLA MANKHOOL STREET SATWA,04-3985328,25.2393,55.2802
CO-OPERATIVE PHARMACY-LIFE,DXB,PHARMACY,SOOR STREET,MURSHID BAZAR MARKET,04-2269283,25.2751,55.2997
COSMOPOLITAN MEDICAL CENTER,DXB,CLINIC,FAHIDI STREET,ABDUKKA AL FAHLANI BUILDING M F OPP. SHRAF DG NEXT TO ASTORIA HOTEL,04-3257457,25.2622,55.2937
COUNTRY PHARMACY (DXB),DXB,PHARMACY,SOUQ KABEER,MOHEBI AVIATION BUILDING NEAR ASTORIA HOTEL,04-3536689,25.263,55.2916
CPS CLINICAL PATHOLOGY SERVICES,DXB,LABORATORY,AL KHAIL ROAD,NR APEX CONCRETE BLOCK FACTORY,04-3883660,25.1069,55.2297
CREEK LIFE PHARMACY BR OF LIFE PHARMACY,DXB,PHARMACY,1-24 FIRST FLOOR,UNIT NO 1-21,04-3441122,25.282,55.3983
CREEK LINE PHARMACY LLC,DXB,PHARMACY,,SHOP 3/4/5 GROUND FLOOR AL MUL BANIYAS ROAD CREEK BANIYAS,04-2288740,25.2658,55.3095
CRYSTAL SMILE MEDICAL CENTER,DXB,CLINIC,,CITY BAY BUSINESS 3RD FLOOR/NO.313 ABU HAIL,04-2977566,25.2859,55.3282
CUREWELL DIAGNOSTIC CENTRE,DXB,LABORATORY,KHALID BIN WALEED ROAD,701 KHOORY BUILDING,04-3555995,25.2564,55.3006
CARE WELL PHARMACY (AL KHAIL),DXB,PHARMACY,22 STREET,AL QUOZ MALL,04-3419008,25.1229,55.2228
DAR AL NOOR PHARMACY LLC,DXB,PHARMACY,,"SHOP NO 1,2 - SHAIBAN BUILDING -NAIF DEIRA",04-2322080,25.2764,55.3096
DAR AL WAFAA PHARMACY LLC,DXB,PHARMACY,,8TH STREET FRIJ MURAR DEIRA DUBAI  FRIJ MURAR,04-2971844,25.2783,55.311
DOCTORS CLINIC & DIAGNOSTIC CENTRE,DXB,CLINIC,20TH STREET,03R1-R3 GROUND FLOOR 64 AL RAZI BLDG,04-4579111,25.2335,55.318
HEALTH FIRST PHARMACY 5-JULPHAR,DXB,PHARMACY,,NEAR DEIRA TAXI STATION,04-2280102,25.1063,55.1765
DEIRA LIFE PHARMACY LLC-LIFE,DXB,PHARMACY,MURAQABAT STREET,SHOP #2 STATE 1 BLDG OLD THE TRAVEL MARKET BUILDING,04-2380116,25.2672,55.3306
DENTAL CLUB CLINIC,DXB,DENTAL,KHALTOOM STREET,ASWAQ MALL,04-2524343,25.2505,55.4539
DENTIST DIRECT DENTAL STUDIO CLINIC,DXB,CLINIC,BARSHA HEIGHTS,SHOP G 23 I-RISE TOWER,04 455 9398,25.1009,55.1819
HATTA HOSPITAL (DHA),DXB,HOSPITAL,,HATTA CITY CENTERNEW SHA'BIAHHATTA,04-2193000,24.8006,56.1277
DIAMOND 3 PHARMACY-LIFE,DXB,PHARMACY,DIAMOND 3,NEAR MARINA METRO  STATION,04-4537217,25.0818,55.1469
HBG MEDICAL CENTRE FZ LLC,DXB,CLINIC,,AL RAZI MEDICAL COMPLEX BLDG NO. 64 SUITE 2012 DUBAI HEALTHCARE CITY,04-5520496,25.2317,55.324
DIGITAL POLYCLINIC,DXB,CLINIC,,OFFICECOURTBUILDING SUITE 11 FIRST FLOOR OUD METHA,04-335511,25.2468,55.3154
DR.DINA PEDIATRIC DENTISTRY CLINIC,DXB,DENTAL,AL WASL ROAD,VILLA 248NEAR BY IRANIAN HOSPITAL,04-3440055,25.2284,55.267
AL DIYAFA MODERN MED CENTRE,DXB,CLINIC,AL WASL ROAD,196-B FIRST FLOOR VILLA,04-3454945,25.2346,55.27
AL DIYAFA MEDICAL DIAGNOSTIC CENTRE,DXB,LABORATORY,2ND DECEMBER STREET,205 SHEIKRASHID BIN KHALIFA AL MAKTOUM BUILDING,04-3457100,25.238,55.2741
DOCIB PHARMACY LLC (DOCIB GRP),DXB,PHARMACY,,GROUND  FLOOR NR OUD MEHTHA METRO STATION OUD MEHTHA,565018164,25.2455,55.3143
DOCTOR M BURJUMAN MALL,DXB,OPTICS,BUR DUBAI,SHOP L1 NO D019 FIRST FLOOR,05-21602746,25.2548,55.3035
DOCTOR M MALL OF THE EMIRATES,DXB,OPTICS,MALL OF THE EMIRATES,F11 F FLOOR,05-01069587,25.1194,55.2011
DOCTORS CLINIC (AVIVO),DXB,CLINIC,BANIYAS ROAD,OFFICE # 2062ND FLOOR AL OWAIS BUILDING,04-2246688,25.269,55.3049
DOHA PHARMACY L.L.C-LIFE,DXB,PHARMACY,SHEIKH ZAYED ROAD,AL ATTAR TOWER,04-3430603,25.2143,55.2775
AL DORRA PHARMACY (ASTER),DXB,PHARMACY,JUMEIRAH BEACH ROAD,BSD.TAHIR SHAHEEN CLINIC,04-3952212,25.178,55.2458
EUROFINS BIOMNIS MIDDLE EAST,DXB,LABORATORY,DHCC,IBN SINA BLOCK A 27A DUBAI HEALTHCARE CITY,04-5149449,25.2137,55.2584
DR ABDULLA S PHARMACY,DXB,PHARMACY,,MOHA RESIDENCE AMMAN STREET AL QUSAIS INDUSTRIAL AREA 5,04-2388778,25.2863,55.4067
DRAGON MART PHARMACY-ASTER GRP,DXB,PHARMACY,AL AWEER ROAD,DRAGON MART,04-3687450,25.1754,55.4126
DRAGON PHARMACY - ASTER GRP,DXB,PHARMACY,INSIDE DRAGON MART BAN 05-06,DRAGON MART,04-3687409,25.1884,55.4091
DREAM PHARMACY-LIFE,DXB,PHARMACY,DREAM TOWER AL MAYA SUPERMARKET,NR. JLT METRO STATION,04-4227844,25.0706,55.1358
DR ISMAIL DAY SURGICAL CENTRE,DXB,CLINIC,,"41 A STREET,  KARAMA",04-3378585,25.2408,55.3005
DR. JOY DENTAL CLINIC BURJUMAN,DXB,DENTAL,,RM 1002-1003 10TH FLOOR BURJUMAN BUSINESS CENTER AL MANKHOOL,04-3555358,25.2514,55.3012
DR. JOHN CLINIC (IMARA),DXB,CLINIC,DOHA STREET,MOZNA BUILDING NEAR AL NAHDA STATION,04-2617176 04-2617175,25.2729,55.3715
DR.JOSEPH POLYCLINIC BR OF GULF HEALTHCA,DXB,PHARMACY,,INSIDE JOSEPH CLINIC NEAR SUNRISE SUPERMARKET AL KARAMA,04-3541663,25.2459,55.3001
DR. JOY DENTAL CLINIC DSO,DXB,DENTAL,,UNIT 13 AND 14TH SOUK EXTRA II DUBAI SILICON OASIS,04-3201307,25.1393,55.3941
DR. K MEDICAL CENTER DMCC,DXB,CLINIC,,UNIT 101 THE DOME TOWER CLUSTER JLT,04-3949877,25.063,55.1376
DR MAJDI EL HALIK PEDIATRIC,DXB,CLINIC,,"BLDG 64, GROUND FLOOR BLOCK E DUBAI HEALTHCARE CITY",04-4392339,25.2345,55.3191
DR. MANSOORI CLINIC,DXB,CLINIC,PORT SAEED,ZEENA BUILDING  PORT SAEED PORT SAEED AREA,04-2989995,25.2531,55.3342
DR SAI GANESH MEDICAL CENTRE LLC,DXB,CLINIC,,ABDULLA AL FAHEDI BUILDING ABOVE LIITLE HUT RESTAURANT  AL QUSAIS,04-2500017,25.2847,55.3834
DR SAI GANESH MEDICAL CENTRE,DXB,CLINIC,,SAPPHIRE TOWER NEAR DNATA DEIRA,04-2560866,25.2643,55.3324
DR.SANJAY MEDICAL CENTER,DXB,CLINIC,LATIFA BINT HAMDAN ROAD,AL KHAIL MALL,04-3285999050-8635061,25.3751,55.3889
DRS. NICOLAS & ASP CENTRE,DXB,CLINIC,AL KAHAWER ST.,VILLA 446 NEXT TO JUMEIRAH BEACH PARK,04-3947777,25.2361,55.2599
DRS. NICOLAS & ASP CENTRE (BR MIRDIF),DXB,CLINIC,,F3 UPTOWN MIRDIF NEXT TO STARBUCKS COFFEE SHOP,04-2884411,25.2242,55.425
DRS. NICOLAS & ASP CENTRE (REMAL BR),DXB,CLINIC,,NSPV-FF-27 THE NEW SPRINGS VILLAGE EMIRATES HILLS,04-5572949,25.0778,55.1351
DR SULAIMAN AL HABIB MEDICAL CENTER,DXB,CLINIC,Sheikh Zayed Rd,"INDIGO CENTRAL 1 PLOT 357-0709 AL SAFA 2, SHEIKH ZAYED ROAD",04 4297777,25.1573,55.2261
DR SUNNY MEDICAL CENTRE,DXB,CLINIC,,SALEM MALL NEAR ETISALAT TOWER JEBEL ALI INDUSTRIAL AREA,04-2529966,24.9825,55.1373
DUBAI LIFE PHARMACY L.L.C-LIFE,DXB,PHARMACY,DUBAI WORLD TRADE CENTRE,DUBAI WORLD TRADE CENTRE HALL NO.5,04-3291162,25.2229,55.288
DUBAI LONDON CLINIC AND SPECIALITY HOSPI,DXB,CLINIC,,"LOWER GROUND LEVEL B-1001A, 02, 03A,NAKHEEL MALL PALM JUMEIRAH",04-3782843,25.1157,55.1387
MEDICLINIC DUBAI MALL MED CTR,DXB,CLINIC,PARKING 3,LEVEL 2,04-4495111,25.199,55.2774
MEDICLINIC DUBAI MALL PHARMACY,DXB,PHARMACY,DOHA STREET,DUBAI MALL LEVEL 2 PARKING 3,04-4495162,25.1984,55.2764
DUBAI MEDICAL LABORATORY (MEDSOL-GHI),DXB,LABORATORY,MAKTOUM STREET,FLAT 209 DUBAI TOWER,04-2213166,25.2693,55.3068
DURAIYA KAMAL MEDICAL CLINIC PHARMACY,DXB,PHARMACY,AL MAKTOUM,"1ST FLR 105, AL GAZ BLDG",04-2272289,25.2681,25.2681
DULSCO MEDICAL CLINIC BRANCH,DXB,CLINIC,,SOUQNO4GATENO2 LABOR VILLAGE NO 1 DUBAI INDUSTRIAL CITY,4-4219354,24.8534,55.0568
DULSCO MEDICAL SERVICES,DXB,CLINIC,QUOZ INDESTRIAREA 4,DULSCO VILLAGE PREMISES,04-3232442,25.1265,55.2334
DULSCO PHARMACY LLC,DXB,PHARMACY,,BACKSIDENEWGRANDCITYMALL DULSCO VILLAGE AL QUOZ INDUSTRIAL AREA 4,4-4219354,25.1268,55.2333
DULSCO PHARMACY BR OF DULSCO LLC,DXB,PHARMACY,,BACKSIDENEWGRANDCITYMALL DULSCO VILLAGE AL QUOZ INDUSTRIAL AREA 4,4-4219354,24.8653,55.0549
DUBAI MEDICAL UNIVERSITY HOSPITAL,DXB,HOSPITAL,56 33RD STREET,na,04-2120000,25.2692,55.3081
DUBAI MEDICAL UNIVERSITY HOSP PHARMACY,DXB,PHARMACY,56 33RD STREET,na,04-2120000,25.2692,55.3081
DURRAIYA KAMAL MEDICAL CLINIC,DXB,CLINIC,AL MAKTOUM HOSPITAL ROAD,AL GHAZ BUILDING APT 105 NEAR GIFT VILLAGE,04-2238612,25.2684,55.3052
DUBAI LONDON SPECIALITY HOSPITAL (24X7),DXB,HOSPITAL,JUMEIRAH BEACH ROAD,DUBAI LONDON SPECIALITY HOSPITAL VILLA,04-3782921,25.155,55.203
DUBAI LONDON CLINIC - DENTAL CENTER,DXB,CLINIC,Al Wasl Rd,VILLA 440A AL WASL ROAD JUMEIRAH 2,04 -3782921;04-3782916,25.2029,55.2504
DUBAI LONDON CLINIC- GARHOUD BRANCH,DXB,CLINIC,GARHOUD ROAD,DUBAI FESTIVAL CITY MALL GROUND FLOOR POWER CITY BUILDING,04-2325751,25.2242,55.3565
DUBAI LONDON HOSPITAL,DXB,HOSPITAL,JUMEIRAH ST,DUBAI LONDON HOSPITAL BLDG,04-3782999,25.1549,55.203
DUBAI LONDON CLINIC & SPECIALTY HOSPITAL,DXB,CLINIC,Jumeirah St,Jumeirah St - Umm Suqeim - Jumeirah 3 -  Dubai,04-3782814;04-3782916,25.1532,55.2015
DUBAI LONDON CLINIC - THE VILLA,DXB,CLINIC,Dubai - Al Ain Road,THE VILLA CENTRO MALL NEAR SPINNYS WADI AL SAFA 5,04-3782821;971-4-3782916,25.092,55.3692
DX BONE BONE AND JOINT EXCELLENCE -BR,DXB,DAY CARE,,"BUILDING 1A, FLOOR 2  DUBAI DESIGN DISTRICT",04-2407204,25.1874,55.3021
DXBONE EXCELLENCE CENTER LLC,DXB,CLINIC,,61 A STREET  AL GHARHOUD,800-392663,25.2583,55.3376
EAST HILL PHARMACY (DR.ISMAIL),DXB,PHARMACY,318TH ROAD,NEAR GRAND MINI MALL AWQAF BUILDING,04-8877752,25.0029,55.1086
EBSAAR EYE SURGERY CENTER,DXB,CLINIC,Jumeirah Beach Road,VILLA 32 A BEHIND VILLAGE MALL JUMEIRAH BEACH ROAD,04-3440122,25.2305,55.2613
AL EHSAN PHARMACY (ASTER),DXB,PHARMACY,SALAH EL DEEN ROAD,AL SHAB COLONY,04-42975986,25.279,55.3367
ELAJ PHARMACY-LIFE,DXB,PHARMACY,ABU BAKER SIDDIQUE STREET,CENTURY 21 BUILDING,04-2683377,25.2657,55.33
HEALTH FIRST PHARMACY 1 (JULPHAR),DXB,PHARMACY,,TAMIM HOUSE BLDG,04-4377533,25.1253,55.1759
EMIRATES HOSPITALS AND CLINICS LLC BRANC,DXB,CLINIC,SUFOUH,27TH FLOOR AL HABTOOR BUSINES SUFOUH ROAD DUBAI MARINA,04-4471777,25.0886,55.1419
NANOM HEALTHCARE L.L.C (EMIRATES),DXB,CLINIC,,NAKHLAT JUMEIRA 381 DUBAI PALM DUBAI,04 - 2428663,25.1127,55.1409
EMIRATES HOSPITALS CLINICS BUSINESS BAY,DXB,CLINIC,,BUSINESS BAY AVENUE SHOP: F54 BUSINESS BAY,04-325-0034,25.1895,55.265
EMIRATES CONFIDENTY MEDICAL CENTRE,DXB,CLINIC,ABU BAKER SIDDIQUE STREET BANK STREET,M1 AND M2NEXT TO BABY MART ABU BAKER AL SADIQ AL MURABAA,03-7545959,24.2289,55.77
EMIRATES HOSPITALS &CLINICS LLC -CONRAD,DXB,CLINIC,,CONRAD BUSINESS TOWERS SHAIKH ZAYED ROAD SHAIKH ZAYED,04 3855333,25.2261,55.2838
EMIRATES HOSPITAL DAY SURGERY & MEDICAL,DXB,DAY CARE,,HONSHO STREET OPP. TO DUBAI KARTDROME MOTOR CITY,04-8716900,25.0459,55.2414
EMIRATES HOSPITAL,DXB,HOSPITAL,,OPP. JUMEIRAH BEACH PARK JUMEIRAH BEACH ROAD JBRBUR DUBAI,04-3496666 04-3492848,25.197,55.2369
EMIRATES HOSPITALS AND CLINICS LLC PALM,DXB,CLINIC,,"MEZZANINE, BUILDING 9 GOLDEN MILE GALLERIA, PALM JUMEIRAH",04-2428663,25.1119,55.1407
EMIRATES SPECIALITY HOSPITAL,DXB,HOSPITAL,,DHCC OPP-AL RAZI MEDICAL COMPLEXAL DUBAI HEALTH CARE CITY,04-8716900,25.2323,55.3175
EMIRATES STAR MEDICAL CENTER BRANCH,DXB,CLINIC,,JAFZA MEDICAL NEXT TO VILLAGE HYPERMARKET JAFZANRTH,04-8844446,25.1383,55.2582
EMIRATES HOSPITALS & CLINICS LLC BRANCH,DXB,CLINIC,,20TH FLOOR AL HABTOURBUSINESS DUBAI MARINA,04-5200500,25.0859,55.1416
EMIRATES PHARMACY L.L.C (DISCOVERY GARDE,DXB,PHARMACY,,BUILDING 18- GROUND FLOOR STREET ONE ZEN CLUSTER DISCOVERY GARDEN,04-5573905,25.0502,55.1329
EMIRATES PHARMACY L.L.C (MOTOR CITY),DXB,PHARMACY,,EMIRATES HOSPITAL CLINIC BL NADAL SHEBA AREA MOTOR CITY,04-8716900,25.1296,55.3634
AL ETIHAD DIAGNOSTIC CENTER,DXB,DIAGNOSTIC CENTER,AL WASL RD.,VILLA 875 AL ETIHAD BLDG. AL MANARA JUNCTION,04-3952231,25.162,55.2175
EURO HEALTH PHARMACY (L.L.C) (AINP),DXB,PHARMACY,OUD METHA ROAD,KM TRADING CENTRE,04-3342333,25.2376,55.3242
ICARE OASIS BRANCH OF EXCEL HEALTHCARE,DXB,CLINIC,OASIS CENTRE,FL NO 206-207,04-5185666,25.1698,55.2417
ICARE GARDEN BRANCH OF EXCEL HEALTHCARE,DXB,CLINIC,DISCOVERY GARDENS,GROUND FLOOR,05-64306350,25.05,55.1328
EXETER MC FOR BONE & JOINT HEALTH-DXB,DXB,CLINIC,STREET 4 A,VILLA # 30 BEHIND VILLAGE MALL,04-3801015,25.2309,55.2613
EXPERT PHARMACY,DXB,PHARMACY,,GROUND FLOOR AL KHAIL MALL AL QUOZ,04-3307808,25.2492,55.2737
EXPERTS PHARMACY,DXB,PHARMACY,,GROUND FLOOR AL KHAIL MALL LATIFA BIN HAMDAN ST. AL QOUZ,04-3307808,25.1662,55.2504
EXTRA LIFE PHARMACY LLC-LIFE,DXB,PHARMACY,EWAN RESIDENCE EXTRA SOUQ SHOP #2,NR. CHOITHRAM AND CARREFOUR,04-8855122,24.9958,55.1797
EYE CONSULTANTS,DXB,CLINIC,,1017 AL RAZI BLDG. BLOCK C DUBAI HEALTHCARE CITY,04-4211299,25.4572,55.2721
AL FAISAL PHARMACY-ASTER GRP,DXB,PHARMACY,WASL ROAD,CHOITRAM COMPLEX,04-3485102,25.147,55.2091
FAJAR MIRDIF PHARMACY,DXB,PHARMACY,DEIRA,SHOP NO. 5  GROUND FLOOR DEIRA,04-3437636,25.2748,55.3192
FAJAR ALSATWA PHARMACY (NMC),DXB,PHARMACY,,BLDG 96 AL BADA OASIS OPP. AL HUDAIBAH ST. (IRANIAN HOSP) AL SATWA,04-2981526,25.2314,55.2711
FAJR AL MADINA PHARMACY L.L.C (BRANCH),DXB,PHARMACY,,CRYSTAL MALL JEBAL ALI JEBAL ALI INDUSTRIAL AREA1,04-2974494,24.98,55.1372
FAJR AL MADINA PHARMACY LLC,DXB,PHARMACY,,FLAT 7 FARNEK BLDG. BEHIND ALKHAIL MALL,04-3410401,25.1539,55.2459
FAKEEH UNIVERSITY HOSPITAL,DXB,HOSPITAL,,FAKEEH HOSPITAL BLDG. FLAT 15006. DUBAI SILICON OASIS,04-4144444,25.1211,55.387
AL FALAH MEDICAL CLINIC,DXB,CLINIC,,ABBASY BUILDING,04-2717223,25.2746,55.3061
FALCON MEDICAL CLINIC,DXB,CLINIC,,ALRUSTAMANIBUILDING NEAR  QWALITY COMPUTERKHALID B BURDUBAI,4-3554352,25.2601,55.2931
FAMILY DENTAL CLINIC,DXB,CLINIC,DUBAI SILICON OASIS,G-25 SILICON HEIGHTS 1,052-4047766,25.1226,55.4002
FAMILY CLINIC (NMC),DXB,CLINIC,,ALBADAOASISBUILDING AL HUDEIBA STREET AL BADA SATWA,4-3451145,25.2325,55.2707
NOVO PHARMACY LLC(NOVO),DXB,PHARMACY,WELCARE HOSPITSTREET,NEXT TO PARTY CENTER,04-2517434,25.2469,55.3389
AL FARDOOS PHARMACY-ASTER GRP,DXB,PHARMACY,FRANCE CLUSTER,Q4,04-4410590,25.1738,55.4003
MEDI FAMILY POLYCLINIC FZE,DXB,CLINIC,,115 FLR SIT TOWER NADD HESSA ST FREE ZONE AREA DUBAI SILICON OASIS,04-3922267,25.118,55.3905
FARMAX PHARMACY,DXB,PHARMACY,,"SIAH SHUAIB 3 KANOO ENGINERRING,  DUBAI INDUSTRIAL CITY",04-8748355,24.8393,55.07
BEST HEALTH MEDICAL CENTRE (FMC),DXB,CLINIC,NAIF ROAD,2ND FLOOR TASTY RESTAURANT BUILDINGNEXT TO WEST HOTEL,04-2396363,25.2768,55.308
FAWAGEE PHARMACY-LIFE,DXB,PHARMACY,24B STREET,NEAR FATIMA MOSQUE,04-2894111,25.1998,55.3841
FAWAGEE SCIENTIFIC PHARMACY -LIFE,DXB,PHARMACY,26 B STREET,NEAR JADEED BAKERY,04-2881800,25.2181,55.4198
FIRST MEDICAL CENTRE,DXB,CLINIC,AL MURAQQABAT,BU HALEEBA BLDG. ABOVE DOMINOS PIZZA AL MURAQQABAT,04-2976868,25.2655,55.3287
FIRST RESPONSE CLINIC,DXB,CLINIC,,FLAT 109 REEM EMAAR BLDG AL BARSHA SOUTH 3RD STREET NORD ANGLIA SCHOOL,04-5836887,25.0094,55.3001
FIT FOR LIFE PHARMACY,DXB,PHARMACY,,JEBAL ALI,04-8836865,24.9711,55.1721
PHARMACY FOR LESS (BR OF LIFE PHARMACY L.L.C),DXB,PHARMACY,,"UNIT NO SG 229,GROUND FLOOR,DUBAI OUTLET MALL PHASE 2,DUBAI,UAE",04-3441122,25.0705,55.4007
FREIBURG MEDICAL LAB,DXB,LABORATORY,TRADE CENTRE ROAD,204 F-2 JUMA AL MAJED BUILDING OPPOSITE TO BURJUMAN CENTER,04-3962227,25.2525,55.3032
GAELAN PHARMACY,DXB,PHARMACY,,AL HEBIAH FOURTH,04-8876231,25.0582,55.2131
GALINUS CENTER FOR PHYSIOTHERAPY AND REH,DXB,CLINIC,AL MURRAQABAT ST,GATE81STFLOORHAMARAINCENTER NEAR AL MURRAQABAT POLICE STAT ABU BAKER AL SIDDIQUE ROAD,04-2277700,25.2564,55.4124
GALLERIA UNITED PHARMACY,DXB,PHARMACY,,SHOP 13 GALLERIA MALL AL WASL ROAD,04-3441122,25.2092,55.2555
GARDENS MEDICAL CENTRE (ASTER)A+,DXB,CLINIC,NO.9 G FLOORBEHIND CHELSEA HO,NO.9 G FLOORBEHIND CHELSEA HO,04-4489151,25.0525,55.1324
GARDENS SPECIALITY CLINIC (ASTER)A+,DXB,CLINIC,NEAR STREET 2,GROUND FLR ZEN CLUSTER NEAR SUNRISE SUPERMARKET,04-5516189,25.0486,55.1303
TRELLIS HOSPITAL LLC,DXB,HOSPITAL,,GARGASH HOSPITAL BLDG UMM SUQEIM ST UMM AL SHEIF,04-7030000,25.1275,55.1965
AL GARHOUD PRIVATE HOSPITAL (LLC),DXB,HOSPITAL,,"NEAR DHL OFFICES, NEAR MILLENIUM AIRPORT HOTEL AL GARHOUD","04-4545000, 04-4553315",25.2595,55.3418
BALSAM AL GARHOUD PHARMACY,DXB,PHARMACY,GARHOOD,CHOITHRAM S/M BUILDING,04-2827288,25.244,55.3476
GARDENS MEDICAL CENTRE PHARMACY,DXB,PHARMACY,DISCOVERY GARDEN,SHOP 4 6 9 ZEN 9,04-3758446,25.0473,55.1307
GATE BETTER LIFE PHARMACY,DXB,PHARMACY,,NEW WEST ZONE MALL AL KHAIL GATE AL QUOZ,04-5586281,25.1392,55.253
GENERAL MEDICAL CENTRE (GMC),DXB,CLINIC,JUMEIRAH BEACH ROAD,MAGRUDY'S MALL 1ST FLOOR,04-3494880/04-3442773,25.2417,55.2647
GENERAL MEDICAL CENTRE BRANCH (GMC),DXB,CLINIC,,1ST FLOOR APPTS - BLOCK A,04-3313544,25.2237,55.2848
GENERAL MEDICAL CENTRE TECOM (GMC ),DXB,CLINIC,,JUMEIRAH BEACH ROAD,04-5676808,25.2395,55.2643
GETWELL MEDICAL CENTRE,DXB,CLINIC,KHALID BIN WALEED ROAD,GETWELL BUILDING F-2 203,04-3595935,25.2565,55.3006
GHALEELAH PHARMACY(JULPHAR GRP OF PHY),DXB,PHARMACY,ABU BAKER SIDEEQ ROAD,HAMARAIN CENTRE,04-2693618,25.2672,55.33
GHAZAL JUMAIRAH PHARMACY,DXB,PHARMACY,,NEAR GRAND SATWA MOSQUE AL SATWA ROAD AL SATWA,04-3494882,25.2393,55.2783
GHAZAL AL JABAL PHARMACY,DXB,PHARMACY,,JIWIN BLDG SONAPUR AL QUASIS,04-2540460,25.2579,55.4241
GHODOUSI MEDICAL CENTER - DIERA BR.,DXB,DENTAL,BANIYAS SQUARE,NEAR CHOITRAM SUPERMARKET BANIYAS,04-2211191,25.2684,55.3082
AL GHUBAIBA PHARMACY,DXB,PHARMACY,AL GHUBAIBA BUS STATION,ICE FACTORY BLDG,04-3266042,25.2617,55.2885
GLOBEHEALTH PHARMACY LLC,DXB,PHARMACY,,PRIME RESIDENCY-2 SPAIN CLUSTER INTERNATIONAL CITY,04-8747450,25.1652,55.3981
GMC PHARMACY LLC,DXB,PHARMACY,,SHOWRM 10 NAJOUM BLDG OPP NISSAN SHOWROOM PORT SAEED DEIRA,02-5999555,25.2606,55.332
ISLAMABAD MEDICAL CLINIC L.L.C,DXB,CLINIC,,PRIMERESIDENCY-2 WARSANSPAIN CLUSTER INTERNATIONAL CITY,055-3358623,25.1653,55.3976
GOLDEN HEART MEDICAL SERVICES LLC,DXB,CLINIC,,UNIT 1405 PRIME TOWER BUILDING BUSINESS BAY,04-3447004,25.1886,55.2715
GOLDEN LIFE PHARMACY L.L.C-LIFE,DXB,PHARMACY,SHK.ZAYED ROAD,MUROOJ COMPLEX,04-3430077,25.2035,55.2752
GOLD LIFE PHARMACY BR OF LIFE PHARMACY,DXB,PHARMACY,,UNIT NO. GDP-5-G-R5-004 GOLD AND,04-3410243,25.1257,55.209
GOLF COMMUNITY PHARMACY(CHS),DXB,PHARMACY,,THE MARKET PLACE JUMEIRAH GOF ESTATE JUMEIRAH GOF ESTATE,04-2771814,25.0231,55.1941
GOODHEALTH POLYCLINIC,DXB,CLINIC,DAMASCUS STREET,OFFICE # 102 & 102 1ST FLOOR BIN DAHI BUILDING,04-2612000 & 04-2619969,25.2713,55.3798
GOOD LIVING MEDICAL CENTRE,DXB,CLINIC,AL MINA ROAD,SHEIKH HAMDAN AWARD COMPLEX B,04-3546060,25.2413,55.2725
GOODWILL CLINIC LLC,DXB,CLINIC,,AL BATEEL MALL TALAAL PLAZA HYPERMARKET JEBAL ALI 1,04-8848777,24.9963,55.1418
GOODWILL PHARMACY LLC,DXB,PHARMACY,,AL BATEEL MALL TALAAL PLAZA HYPERMARKET JEBAL ALI 1,04-8805790,24.9963,55.1418
GRAND ADVANCED CARE PHARMACY,DXB,PHARMACY,DAMASCUS  STREET,SHOP NO 3,04-3709357,25.2794,55.3953
GRAND INFINITY MEDICAL CENTER LLC BRANCH,DXB,CLINIC,,Jebel Ali,04-2621791,25.2867,55.4002
GRAND INFINITY MEDICAL CENTER,DXB,CLINIC,,ALQASSERBUILDING MADINA MALL MUHAISINA-4,04-2515458,25.2868,55.4001
GRAND INFINITY PHARMACY,DXB,PHARMACY,,ALQASSERBUILDING MADINA MALL MUHAISINA-4,04-2515458,25.2866,55.4001
GRAND INFINITY PHARMACY LLC BRANCH,DXB,PHARMACY,,Shop 4 Next To Excelsior Hotel Muteena St Deira,04-2621791,25.2867,55.4
GRAND LIFE PHARMACY L.L.C-LIFE,DXB,PHARMACY,MUTEENA STREET,LULU HYPERMARKET BUILDING,050-4513790,25.274,55.3235
GRAND ROYAL PHARMACY-LIFE,DXB,PHARMACY,ROLLA STREET,AL JAMAL BUILDINGOPP. IBRAHIM KHALIL MASJID,04-3593445,25.2582,55.2907
GRAND UNITED PHARMACY,DXB,PHARMACY,,GF01 NEAR FASHION PARKING THE DUBAI MALL,04-3441122,25.2063,55.2934
GREEN COMMUNITY (GMC HEALTHCARE LLC),DXB,CLINIC,,1ST FLR GREEN COMM,04-8853225/04-8853226,25.0045,55.1648
GREEN COMMUNITY PHARMACY (CHS),DXB,PHARMACY,EMIRATES ROAD,GREEN COMMUNITY SHOPPING CTR SHOP # 28 GROUND FLOOR THE MARKET,04-8853636,25.0076,55.1647
GSM MEDICAL CENTER,DXB,CLINIC,AL SATWA,AL BADA AL MUADED BUILDING,04-8831002,25.2365,55.2783
GULF MEDICAL CENTRE (LLC),DXB,CLINIC,AL ITTIHAD ST,SHOP 5AL ROUHANI BUILDING AL ITTIHAD ROAD DEIRA,04-2626000,25.2604,55.3324
HAFSA PHARMACY,DXB,PHARMACY,DISCOVERY GARDENS,06-07ZEN CLUSTER 3,04-4377548,25.0495,55.1313
HAJI PHARMACY,DXB,PHARMACY,,NEAR AL BADEA MOSQUE AL SATWA STREET  AL SATWA,04-3319192,25.2253,55.2727
HAKEEM PHARMACY-DSO,DXB,PHARMACY,SILICON OASIS,MAIN STREET,04-2591709,25.1337,55.3993
HALA PHARMACY 19-LIFE,DXB,PHARMACY,MANAMA ST,S-16 P 17 BLDG,04-4307323,25.1621,55.4043
LIFE CLINIC INTERNATIONAL CITY SPAIN CLUSTER,DXB,CLINIC,,SHOP 22-24 S6 BLDG. SPAIN CLUSTER INTERNATIONAL CITY,04-3441122,25.1659,55.4029
HALA PHARMACY BR 13-LIFE,DXB,PHARMACY,,S-6 BUILDING,04-3441122,25.1659,55.4028
HALA PHARMACY 14-LIFE,DXB,PHARMACY,,SHOP #1,04-4305460,25.0815,55.1461
HALA PHARMACY 15-LIFE,DXB,PHARMACY,GARDEN CROSS RD,FLAT 5-6 ZEN 2,04-2766318,25.0487,55.114
HALA PHARMACY BR 16-LIFE,DXB,PHARMACY,,BLDG # N07,04-3441122,25.1586,55.4072
HALA PHARMACY BR OF LIFE PHARMACY,DXB,PHARMACY,,SHOP NO. 13 & 14 WATER?S EDGE BUSINESS BAY,04-3441122,25.1832,55.2729
HAMRIYA LIFE PHARMACY LLC-LIFE,DXB,PHARMACY,ABU HAIL ROAD,GROUND FLOOR UNION COOP HAMRIYA SHOPPING CENTER,04-3205128,25.2861,55.3409
HAPPY  LIFE PHARMACY LLC,DXB,PHARMACY,,"SHOP NO 2, AL FAYROUZ BUILDING REQQA EAST ,OPP AL MAKTOM HOSP DEIRA",04-2271781,25.2788,55.3309
HARLEY INTERNATIONAL MEDICAL CLINIC,DXB,CLINIC,SATWA ROAD,NASWAN BIDG NEXT TO MAXIM SUPERMARKET,04-398998804-3982271,25.2581,55.2864
HARLEY INTERNATIONAL MEDICAL CLINIC BRAN,DXB,CLINIC,,NASHWAN BUILDING NEAR DUBAI PUBLIC LIBRARY AL MANKHOOL BURDUBAI,04-3986677,25.2486,55.2862
HARLEY INTERNATIONAL MEDICAL CLINIC LLC,DXB,CLINIC,,"2ND FLOOR - 202, AL ATTAR BUSINEES CENTRE AL BARSHA","04 -3986677,04-3989988",25.114,55.1817
HARLEY INTERNATIONAL CLINIC PHARMACY,DXB,PHARMACY,MANKHOOL,3RD FLOOR D BLOCK,04-3989011,25.249,55.286
HATTA PHARMACY-VIVA PH GROUP,DXB,PHARMACY,DUBAI-HATTA ROAD,OPP.EMIRATES CO.BUILDING,04-8521794,25.1546,55.524
HEALTH CONNECT CLINIC,DXB,CLINIC,,G05 VILLANOVA COMMUNITY MALL WADI AL SAFA 5,04-5547335,55.3672,25.0741
HEALTH HUB PH-KARAMA,DXB,PHARMACY,,"AL KIFAF MANISON BUILDING GROUND FLOOR 11TH STREET ,KARAMA",04-2085945,25.2474,55.3017
HEALTH FIRST PHARMACY 11 (JULPHAR),DXB,PHARMACY,AL ASAYEL STREET,BLDG 3 BAY SQUARE,04-4560100; 04-7016000,25.1858,55.2792
HEALTH FIRST PHARMACY 2,DXB,PHARMACY,RAS AL KHOR,SHOP 5 & 6,04-3264234,25.1435,55.3627
HEALTH FIRST PHARMACY 25-JULPHAR,DXB,PHARMACY,,SHOP # S6 GROUND FLOOR SOUQ EXTRA BARSHA NEXT TO BARSHA PARK 3,04-7016008,25.0947,56.3298
HEALTH FIRST PHARMACY 27 (JULPHAR),DXB,PHARMACY,,THE CRESCENT TOWER B BLDG,04-4253020; 04-7016000,25.0349,55.2025
HEALTH FIRST PHARMACY 30,DXB,PHARMACY,UMM NAHAD FIRST,SHOP 30,04-2523591,24.9973,55.383
HEALTH FIRST PHARMACY 33 (JULPHAR),DXB,PHARMACY,,SHOP G/A7 AL KIFAF RESIDENTIAL BLDG,04-3963068; 04-7016000,25.2439,55.2995
HEALTH FIRST PHARMACY 34-JULPHAR,DXB,PHARMACY,MUSALLA ROAD,SHOP # 3 GROUND FLOOR IBRAHIM BIN ABDULRAHIM QASSEM BLDG,04-7016004,25.2664,55.2974
HEALTH FIRST PHARMACY 37 (JULPHAR),DXB,PHARMACY,WEST HESSA ST,MEDITERRANEAN BLDG CANAL RESIDENCE,04-3606023; 04-7016000,25.0374,55.2223
HEALTH FIRST PHARMACY 38 (JULPHAR),DXB,PHARMACY,4TH STREET,SHOP NO:4&5 SALEH BEN LAHEJ NEAR LAMCY PLAZA OUD METHA,04-3960695,25.2357,55.3075
HEALTH FIRST PHARMACY 41 (JULPHAR),DXB,PHARMACY,ALGERIA STREET,SHOP NO:6 UPTOWN MIRDIFF MALL NEAR NINGXIA CHINESE RESTAURAN ALGERIA STREET,04-2882296,25.225,55.4255
HEALTH FIRST PHARMACY 45 (JULPHAR),DXB,PHARMACY,HALIM STREET,SHOP 4 AL RAWBA BLDG OPP: LULU,04-3965891; 04-7016000,25.1674,55.1994
HEALTH FIRST PHARMACY 48 (JULPHAR),DXB,PHARMACY,,SHOP 5 OPP: SPINNEY'S,04-3430616; 04-7016000,25.2346,55.2625
HEALTH FIRST PHARMACY 52 (JULPHAR),DXB,PHARMACY,SHEIKH ZAYED STREET 34,WHITE CROWN BLDG NEAR KFC,04-3253056; 04-7016000,25.2232,55.2824
HEALTH FIRST PHARMACY 55,DXB,PHARMACY,DUBAI HEALTHCARE CITY,"G03-B, BLK B",04-5776210,25.2316,55.3266
HEALTH FIRST PHARMACY 57,DXB,PHARMACY,MARINA,"UNIT 6,SHERATON JUMEIRAH BEACH RESORT",04-5468891,25.0732,55.1289
HEALTH FIRST PHARMACY 58,DXB,PHARMACY,MIRDIFF,UNIT 08,04-5913880,25.223,55.4411
HEALTH FIRST PHARMACY 60,DXB,PHARMACY,DEIRA,11A 2ND FLR,04-7187442,25.2418,25.2418
HEALTH FIRST PHARMACY 61,DXB,PHARMACY,DAMAC HILLS 2,RETAIL #06,04-2286011,24.9841,55.3922
HEALTH FIRST PHARMACY 64,DXB,PHARMACY,AL GARHOUD,SHOP #8,04-3805045,25.241,55.3593
HEALTH FIRST PHARMACY BR 65,DXB,PHARMACY,SHOP NO. 3 MADEIRA BLDG.,SHOP NO. 3,04-2986105,25.2145,55.326
HEALTH FIRST PHARMACY 9 (JULPHAR),DXB,PHARMACY,,SUMMER 2 JUMEIRAH VILLAGE,04-4233733; 04-7016000,25.0701,55.2053
HEALTH CALL FZ LLC,DXB,CLINIC,OUD METHA ROAD,502 IBN SINA BUILDING DUBAI,04-3635343,25.2318,55.3265
HEALTH EXPERT PHARMACY,DXB,PHARMACY,,SHOP NO 8  APRICOT TOWER DUBAI SILICON,04-3925158,25.1683,55.4002
HEALTHHUB JVC,DXB,CLINIC,ARSHA SOUTH FOURTH JVC,BINGHATTI AMBER BIJADA BLVD,04-5967125,25.0626,55.2096
HEALTH HUB-AL QUSAIS 1,DXB,DAY CARE,,MANAZEL DEIRA BLDG. GF NEXT TO FORTUNE HOTEL AL QUISAIS 1,04-2085940,25.2679,55.3814
HEALTH HUB-DISCOVERY GARDEN,DXB,CLINIC,,ZEN CLUSTR DISCOVRYGARDN JABALALI,04-2040499,25.0502,55.131
HEALTHHUB CLINIC FESTIVAL PLAZA MALL,DXB,CLINIC,,FESTIVAL PLAZA MALL JEBEL ALI 1ST JEBEL ALI,04-5967350,25.043,55.1304
HEALTHHUB PHARMACY JVC,DXB,PHARMACY,ARSHA SOUTH FOURTH JVC,BINGHATTI AMBER BIJADA BLVD,04-5967125,25.0626,55.2096
HEALTHHUB AL MIZHAR PHARMACY,DXB,PHARMACY,ARABIAN CTR MALL AL MIZHAR,1301 1302 AL KHAWANEEJ ST,04-5967371,25.2363,55.4363
HEALTH HUB PH-AL QUSAIS,DXB,PHARMACY,,MANAZEL DEIRA BLDG. GF NEXT TO FORTUNE HOTEL AL QUISAIS 1,04-2085940,25.2684,55.3811
HEALTH HUB PH-DISCOVERY GARDEN,DXB,PHARMACY,,ZEN CLUSTR DISCOVRYGARDN JABALALI,8002344,25.0502,55.131
HEALTHHUB PHARMACY-FESTIVAL PLAZA MALL,DXB,PHARMACY,,FESTIVAL PLAZA MEZZANINE FLOOR JEBAL ALI,04-2085952,25.0287,55.1073
HEALTHHUB PLUS,DXB,CLINIC,ARABIAN CTR MALL AL MIZHAR,1301 1302 AL KHAWANEEJ ST,04-5967371,25.2363,55.4363
HEALTHHUB PHARMACY-TECOM,DXB,PHARMACY,,AL THANAYAH 1ST ART HEIGHTS 4-6 AL BARSHA HEIGHTS TECOM,04-5963080;04-2082927,25.0988,55.1721
HEALTHUB PH-AL WARQA,DXB,PHARMACY,,MASHROOM BUILDING NO-3 AL WARQA-1 AL WARQA STREET,04-2186276,25.1925,55.4058
HEALTH HUB-SILICON OASIS,DXB,CLINIC,,LYNX TOWER NEAR GREEN PARL SUPERMARKET SILICON OASIS,04-2085952,25.1099,55.3777
HEALTHHUB-TECOM,DXB,CLINIC,,AL THANAYAH 1ST ART HEIGHTS 4-6 AL BARSHA HEIGHTS TECOM,04-5963080;04-2082927,25.0988,55.1721
HEALTH HUB-INTERNATIONAL CITY,DXB,CLINIC,,WARSAN 77 NEAR TO DRAGON MART INTERNATIONAL CITY,04-3057640,25.1684,55.3975
HEALTH HUB-AL WARQA,DXB,CLINIC,,MASHROOM BUILDING NO-3 AL WARQA STREET AL WARQA 1,04-2186222,25.1924,55.4057
HEALTH FAMILY CLINIC,DXB,CLINIC,KHALID BIN WALEED ROAD,FLAT 3093RD FLOORAVENUE SHOWROOM BUILDINGOPPOSITE NEW BURJUMAN CENTRE,04-3960034,25.3598,55.3065
HEALTH  SIGN  PHARMACY  LLC,DXB,PHARMACY,,AL WASL RUBY BUILDING BEHIND HOTEL RAMEE ROYAL KARAMA,04-3300301,25.2489,55.3124
HEALTH HUB -BR 6 KARAMA,DXB,CLINIC,,AL KIFAF MANSION BUILDING GROUND FLOOR KARAMA,04-2085945,25.2506,55.3033
HEALTHHUB DAY CARE DFC MALL,DXB,DAY CARE,,GF DFC MALL  DUBAI FESTIVAL CITY,04-5967350,25.2951,55.3581
HEALTHHUB PHARMACY DFC MALL,DXB,PHARMACY,,GF DFC MALL  DUBAI FESTIVAL CITY,04-5967100,25.2777,55.4048
HEALTH HUB CLINIC-AL NAHDA 2,DXB,CLINIC,,ESSA SALEH AL GURG AMMAN STREET AL NAHDA2,04-5967355,25.2684,55.3818
HEALTH HUB PHARMACY NAHDA 2,DXB,PHARMACY,,ESSA SALEH AL GURG AMMAN STREET AL NAHDA 2,04-5967358,25.2985,55.3796
HEALTH HUB PH-SILICON OASIS,DXB,PHARMACY,,LYNX TOWER NEAR GREEN PARK SUPERMARKET SILICON OASIS,04-3057333,25.1099,55.3774
HEALTH HUB PH-INTERNATIONAL CITY,DXB,PHARMACY,,WARSAN 77 NEAR TO DRAGON MART INTERNATIONAL CITY,04-3057655,25.1683,55.3975
HEALTHY LIFE PHARMACY-LIFE,DXB,PHARMACY,ABOBACKER SIDIQUE MOSQUE STREET,NEAR ABOBACKER SIDIQUE MOSQUE,04-3416801,25.1087,55.2098
HEART FIRST MEDICAL CENTRE DHCC,DXB,CLINIC,OUD METHA ROAD,FLAT 206 2ND FLOOR IBN SINA BUILDING NEAR GRAND HYATT HOTEL,04-4298298,25.2319,55.3269
HELLENIC DENTAL CLINIC LLC,DXB,CLINIC,,VILLA G4U1  AL WASL ROAD JUMEIRAH 1,04-3490422,25.2186,55.2611
HILL LIFE PHARMACY L L C,DXB,PHARMACY,,41 A STREET  KARAMA,04-3378585,25.2409,55.3006
HILLS COMMUNITY PHARMACY (CHS),DXB,PHARMACY,SPRINGS 14 SPRINGS TOWN CENTER,MEADOWS 6 EMIRATES HILLS,04-3617575,25.082,55.1716
HISTOPATHOLOGY&SPECIALTY LAB(MEDSOL-GHI),DXB,LABORATORY,MINA STREET,DUBAI REAL ESTATE CENTER,04-230927504-2309276,25.2655,55.3212
HMC MEDICAL CENTER LLC,DXB,CLINIC,,DETROIT HOUSE DETROIT STREET MOTOR CITY,04-5668336,25.0506,55.2326
LIFE HOME HEALTHCARE FZ  L.L.C-LIFE,DXB,PHARMACY,,BLD 27 BLOCK D OUD METHA ROAD DHCC,04-3624802,25.2671,55.421
HORIZON PHARMACY LLC,DXB,PHARMACY,,GROUND FLOOR ALTHURAYATOWR OPP TIME HOTEL,04-4541225,25.097,55.1732
HOUSTON MEDICAL CLINIC L.L.C BRANCH,DXB,CLINIC,,"NO.101, 1ST FLOOR RNA RESOURSE BLDG AL QUOZ 3",04-3887456,25.1167,55.2059
HOUSTON MEDICAL CLINIC LLC,DXB,CLINIC,,OPP .LULU AL BARSHA NEAR MALL OF EMIRATES AL BARSHA,04-3850603,25.1168,55.2059
HOUSTON PHARMACY LLC,DXB,PHARMACY,AL BARSHA 1,SHOP NO 101 &102 ELITE BUSINESS CENTER,04-3850603,25.1176,55.2057
HTK PHARMACY,DXB,PHARMACY,,DOHA CENTER HTK MEDICAL CTR NEAR DEIRA ETISALAT & NBD MURAQQABAT AL MAKTOUM,04-2957776,25.265,55.3164
HIGH WAY PHARMACY-ASTER GRP,DXB,PHARMACY,OUD MEHTHA ROAD,ENOC STATION,04-3375552,25.2209,55.3129
IBRAHIM ABBARA CLINIC,DXB,CLINIC,2ND DECEMBER STREET,OFFICE # 212 2ND FLOOR IBN SINA PHARMACY BUILDING,04-3988853,25.2374,55.2801
IBN AL AZWAR PHARMACY (ASTER),DXB,PHARMACY,RAS AL KHOR 1,RASHID SALIM MAGDY BULD NEAR EPPCO FILLING STATION,04-393303304-3331504,25.3181,55.4687
IBN SINA 30 PHARMACY (ALPHAMED),DXB,PHARMACY,,ASWAAQ BUILDING NEAR FATMA MOSQUE,04-2845165,25.1946,55.3832
IBN SINA 31 PHARMACY (ALPHAMED),DXB,PHARMACY,KARTOUM STREET,ASWAQ MALL SHOP 14,04-2845875,25.2502,55.4537
IBN SINA 38 PH BR GR LLC (ALPHAMED),DXB,PHARMACY,MIRDIF CITY CENTRE,MIRDIF CITY CENTRE,04-2843057,25.2171,55.407
NEW IBN SINA PHARMACY (ALPHAMED),DXB,PHARMACY,BANIYAS STREET,DEIRA CITY CENTER,04-8105493,25.2522,55.3328
ICARE AL REFFA BR OF EXCEL HEALTHCARE,DXB,CLINIC,C MANKOOL,GROUND FLOOR,04-3872555,25.2521,55.2881
IKIGAI MEDICAL CENTRE( BR OF LIFE CLINIC,DXB,CLINIC,DUBAI MALL,TDM-LG-212,04 5610000,25.1976,55.2808
IMC MEDICAL CENTER LLC,DXB,CLINIC,23RD STREET,FLAT F43  AL BARSHA MALL,04-3320007,25.2897,55.3238
INNOVATION FAMILY PHARMACY LLC,DXB,PHARMACY,UMM SUQEIM JUMERIAH 3,"632B, 632A VILLA",04-3417924,25.167,55.2133
INTERNATIONAL MODERN HOSPITAL (IMH),DXB,HOSPITAL,SHEIK RASHID STREET,"OPPOSITE EMIRATES PETROL STN NEXT TO CHELSEA HOTEL, SHEIK RASHID STREET",04-398888804-4063618,25.2491,55.2834
IQRA PHARMACY LLC (ASTER),DXB,PHARMACY,NAIF ROAD,MOOPENS POLYCLINIC BUILDING OPP AL FUTTAIM MOSQUE,04-2289164,25.2768,55.313
DR.ISMAIL POLYCLINIC,DXB,CLINIC,LULU HYBER MARKET STREET,OPP. NEW SINDH PUNJAB RESTAURANT,04-3378585,25.2407,55.3009
"DR.ISMAIL POLYCLINIC-BRANCH, JEBAL ALI",DXB,CLINIC,AREA 1,AWQAF BUILDING NEAR GRAND MINI MALL,04-8877750,25.0027,55.1087
DR.ISMAIL MEDICAL CENTER JEBEL ALI,DXB,CLINIC,DISCOVERY GARDENSZEN CLUSTER3,06-07-DISCOVERY GRAND 12 BUILDING,04-4494087,25.0028,55.1088
DR ISMAIL POLYCLINIC GATE MALL BRANCH,DXB,CLINIC,INDUSTRIAL 1,SHOP 22 M JEBEL ALI GATE MALL JEBEL ALI INDUSTRIAL 1,04-3474537,24.9786,55.1374
DR.ISMAIL MEDICAL CENTER AL QSAIS,DXB,CLINIC,SONAPUR STREET,AL AWQAF BUILDING 1,04-2646529,25.2883,55.4277
DR.ISMAIL MEDICAL CENTER AL QOUZ,DXB,CLINIC,AL KHAIL GATE,AWQAF BUILDING 1,04-3381550,25.133,55.2532
IVY LINE PHARMACY L.L.C,DXB,PHARMACY,,G10 GROUND FLOOR  THE MARKET GREEN COMMUNITY DUBAI INVESTMENT PARK,04-882090,25.006,55.166
JABAL ALI GARDENS PHARMACY-ASTER GRP,DXB,PHARMACY,DISCOVERY GARDENS,NEAR IBN BATUTA MALL ENOC STN BUILDING,04-8820808,25.0446,55.1157
AL JABER OPTICAL CENTRE LLC BRANCH-SPRIN,DXB,OPTICS,,"SHOP NO. NSPV GF 04, GROUND FLOOR SPRINGS SOUK",04-4250668,25.0698,55.1918
AL JAMEIYA AL TAWANIYA PHARMACY-SANA GRP,DXB,PHARMACY,TRADE CENTER ROAD OPPOSITE ADCB,UNION CO-OP BUILDING,04-3986302,25.2563,55.2967
JANSON MEDICAL CENTER,DXB,CLINIC,RAFA ROAD,MEZANINE FLOOR KASSIM MOHD. BHAI BUILDING,04-3939011,25.2627,55.2897
JANSONS PHARMACY MUSALLA GRP,DXB,PHARMACY,AL RAFFAH POLICE STATION,KHYBER BLDG,04-3514118,25.2619,55.2942
JUMEIRA BETTER LIFE PHARMACY-KMC,DXB,PHARMACY,JUMEIRAH BEACH ROAD,ATLANTIS STAFF ACCOMODATION AMSA BUILDING,04-4472086,25.0699,55.2098
JBR BAHAR PHARMACY-LIFE,DXB,PHARMACY,JUMEIRAH BEACH ROAD,SHOP P25BAHAR TOWER4 NEAR TO AL MAYA SUPERMARKETBAHAR CLUSTER,04-3659920,25.0784,55.1354
J.B.R LIFE PHARMACY LLC-LIFE,DXB,PHARMACY,JUMEIRAH BEACH ROAD,JUMEIRAH BEACH RESIDENCE TOWER SHOP NO.14,04-4281432,25.0739,55.1305
JBR LIFE PHARMACY 2 BR OF LIFE PHARMACY,DXB,PHARMACY,,SHOP NO 2406 GROUND FLOOR  THE BEACH ? JBR,04 5610000,25.0774,55.1325
JBR MURJAN PHARMACY-LIFE,DXB,PHARMACY,JUMEIRAH BEACH ROAD,SHOP P57MURJAN TOWER 2,04-4517202,25.0823,55.1396
JBR SEDAF PHARMACY-LIFE,DXB,PHARMACY,JUMEIRAH BEACH ROAD,SADAF CLUSTERSHOP P32SADAF TOWER 2 NEAR TO AL MAYA SUPERMARKET,04-3659925,25.0823,55.1368
JBR SHAMS PHARMACY-LIFE,DXB,PHARMACY,JUMEIRAH BEACH ROAD,SHAMS CLUSTERSHOP P24SHAMS TOWER 1 NEAR AL MAYA SUPER MARKET,04-4253592,25.0734,55.1303
JEBEL ALI EMERGENCY AND TRAUMA CENTER,DXB,HOSPITAL,JEBEL ALI,na,80060,24.9012,55.0712
DR. JOSEPH'S POLYCLINIC(GHI) (EX DENTAL),DXB,CLINIC,SHAIK KHALIFA BIN ZAYED STREET,NEAR AL KARAMA METRO STATIONABV.ALMANKHOOL PHARMACY,04-3378828,25.2483,55.3002
DR.JOSEPH'S QUSAIS POLYCLINIC(AMBER-GHI),DXB,CLINIC,STREET # 32A,CLINIC # 3 & 4GROUND FLOORQUSAIS MANZIL BUILDINGNEAR AL NASEEM PHARMACY NEW TALAL SUPERMARKET,04-2636767,25.2714,55.3764
DR. JOY DENTAL CLINIC-MIRDIFF,DXB,DENTAL,MIRDIFF SHOPPING MALL,MIRDIFF G/F,04-2845722,25.2223,55.4082
GO DENTAL CLINIC LLC,DXB,DENTAL,AL MANKHOOL,UNIT M04 & M05 M FLOOR MANAZIL,04-3979522,25.2556,55.2938
JUMEIRA PRIME MEDICAL CENTER,DXB,CLINIC,JUMEIRAH BEACH ROAD,AL FERDOUS 1 AL WASL ROAD AL WASL,04-3494545,25.1863,55.2372
SUPERCARE JUMEIRAH (KHAYYAM)PHARMACY,DXB,PHARMACY,JUMEIRAH BEACH ROAD,MAGRUDY'S SHOPPING MALL,04-3445246,25.2313,55.2631
JTS MEDICAL CENTRE LLC,DXB,CLINIC,2ND DECEMBER STREET,FLAT 107 FIRST FLOOR JUMERIA TERRACE,04-3799954;052-9801431,25.2396,55.2703
ASTER JUBILEE MEDICAL COMPLEX (MOOPENS),DXB,CLINIC,KHALID BIN WALEED ROAD,AL FUTTAM BUILDING NEAR AL FAHIDI METRO STATION,04-5090300,25.26,55.2936
AL JUMA PHARMACY (ASTER),DXB,PHARMACY,OPP. OLD LULU SUPERMARKET,NR. GOLDEN FORK REST NR. AL RAZOUKI EXCHANGE,04-3348981,25.2419,55.3057
JUPITER AL QUSAIS POLYCLINIC PHARMACY,DXB,PHARMACY,AL QUSAIS,207 SECOND FLOOR AL MAZOON BUILDING,055-7950795,25.2702,55.3798
JUPITER AL NAHDA POLYCLINIC,DXB,CLINIC,AMMAN ROAD,GROUND FLOOR THE TRIO BUILDING OPPOSITE SAHARA CENTRE,04-2344429,25.2962,55.376
JUPITER AL QUSAIS POLYCLINIC LLC,DXB,CLINIC,,#207 AL MAZOON BUILDING OPP: GRAND HOTEL AL QUSAIS,04-2630987,25.2701,55.3799
JUPITER SPECIALTY MEDICAL CENTER,DXB,CLINIC,KARAMA METRO FOOTBRIDGE,NEXT TO AL KARAMA METRO STATION?S EXIT #2 TO MANKHOOL,04-3866330,25.2452,55.2979
JVC LIFE PHARMACY LLC-LIFE,DXB,PHARMACY,,SHOP# GS3OPPOSITE TO BLUEMART SUPERMARKET,04-5578841,25.0513,55.2054
LIFE PHARMACY JVT 2 BR OF LIFE PHARMACY,DXB,PHARMACY,,SHOP NO. R01 NXT TRIANGLE SUPERMARKET JVT,04 5610000,25.0432,55.1543
NEW AL KANZ PHARMACY BR J-LIFE,DXB,PHARMACY,,J2 TOWER CLUSTER J,04-3441122,25.0679,55.1414
KARAMA MEDICAL CLINIC-KMC,DXB,CLINIC,OPP. FISH MARKET,306; F-3; IBRAHIM KHALIFA BUILDING,04-3366889,25.2684,55.3053
KARAMA MEDICAL CENTER (DIP)-KMC,DXB,CLINIC,DIP,1ST FLOOR THE PARKS SHOPPING CENTREOPPOSITE MACLEAN METAL INDUSTRIES,04-8848368,24.9998,55.1687
KARAMA MEDICAL CENTRE BR. JUMEIRAH-KMC,DXB,CLINIC,JUMEIRAH BEACH ROAD,ATLANTIS STAFF ACCOMODATION AMSA BUILDING,04-4229867,25.0663,55.2103
DR. MOOPENS M C KARAMA (ASTER),DXB,CLINIC,ZABEEL ROAD,GROUND FLOOR AL SHOROUQ BUILDING,04-3374767,25.2419,55.3056
KARAMA MEDICAL CENTRE MUHAISNAH BR,DXB,CLINIC,,BLK 19 JIWIN STAFF ACCOM BLDG SONAPUR MUHAISNA 2,04-2630341,25.2578,55.424
KARAMA ONE PHARMACY-LIFE,DXB,PHARMACY,KARAMA BUS STATION STREET,SHOP 2-3 SHEIKH MOHAMMED BUILDIN,04-3796632,25.2393,55.3023
KARAMA MEDICAL CENTRE BR.ALQUOZ MALL-KMC,DXB,CLINIC,AL MARABEA RD,AL QUOZ MALL,04-3388227,25.1226,55.2232
KARAMA MEDICAL CENTER (AL QOUZ)-KMC,DXB,CLINIC,MARABEA ROAD,1ST FLOOR GRAND CITY MALLNEAR AL RAZOUKI INTERNATIONAL EXCHANGE COMPANY LLC,04-3413645,25.1358,55.2291
KARAMA MEDICAL CENTRE BR.AL KHAIL GATE,DXB,CLINIC,,NEW WEST ZONE MALL AL KHAIL GATE AL QUOZ,04-4533584,25.1398,55.2525
KINGS COLLEGE AESTHETIC CENTER,DXB,CLINIC,,GF NEAR SPINNEY'S DUBAI MARINA WALK DUBAI MARINA,04-5199791,25.0914,55.1481
KINGS COLLEGE HOSPITAL LONDON,DXB,HOSPITAL,AL KHAIL ROAD,AL MARABEA STREET AL KHAIL ROAD DUBAI HILLS,04-5199999,25.1135,55.2547
KINGS COLLEGE DIABETES CENTRE,DXB,CLINIC,DUBAI SOUTH,PARK HEIGHTS 2,04-48185666,25.1129,55.2471
KINGS COLLEGE DIABETES CENTER PHARMACY,DXB,PHARMACY,DUBAI SOUTH,PARK HEIGHTS 2,04-48185666,25.1129,55.2471
KINGS COLLEGE PHYSIOTHERAPY CENTER,DXB,CLINIC,DUBAI SOUTH,PARK HEIGHTS 2,04-48185666,25.1129,55.2471
KINGS COLLEGE HOSPITAL JUMEIRAH PHARMACY,DXB,PHARMACY,JUMEIRAH,2ND FLOOR BILLQETAIR STREET,04-3789555,25.1622,55.2105
KCH MARINA PHARMACY,DXB,PHARMACY,DUBAI MARINA,FIRST FLOOR THE RESIDENCES,04-5813222,25.0865,25.0865
KINGS COLLEGE HOSPITAL LONDON MC,DXB,CLINIC,BILLQETAIR STREET,AL KHARBASH BUILDING2ND FLOOR,04-3789555,25.1651,55.2127
KINGS COLLEGE HOSPITAL LONDON MC MUDON,DXB,CLINIC,MUDON,FIRST FLR AL SALAM TOWN CENTER,04-5199770,25.0274,55.2682
KEERTHI MEDICAL CENTER,DXB,CLINIC,KUWAIT STREET,NEXT TO KARAMA CTR,04-3344256,25.2457,55.3023
AL KHAIL MEDICAL CENTER,DXB,CLINIC,ALQOUZ MALL STREET,GROUND FLOOR ALQOUZ MALL,04-3306745,25.1308,55.2219
AL KHAIL MEDICAL CENTER - DIP,DXB,CLINIC,,FIDA AL MADINA BUILDING,04-3306745,24.9853,55.1957
AL KHAIR COMMUNITY PHARMACY (CHS),DXB,PHARMACY,28TH ST,UNIT 14 CITY BAY BUSINESS CNTR NEAR CANADIAN HOSPITAL,04-2505768,25.2265,55.3365
KHALIDHA MEDICAL CENTRE LLC,DXB,CLINIC,318TH ROAD,103&104 1ST KARACHI RESTO BLDG AL KHAIL MALLLATIFA HAMDAN ST AL QUOZ 3,04-3381947,25.1514,55.2433
KHALIDHA PHARMACY LLC,DXB,PHARMACY,318TH ROAD,SHOP 1 KARACHI RESTO BLDG AL KHAIL MALLLATIFA HAMDAN ST AL QUOZ 3,04-3952885,25.1493,55.2462
KIDS NEURO CLINIC & REHAB CENTER,DXB,CLINIC,DUBAI HEALTHCARE CITY,6TH FLOOR UNIT 6004 OUD METHA ROAD DHCC,04-5570326,25.2342,55.3183
KIMS MEDICAL CENTRE,DXB,CLINIC,SALAH AL DIN STREET,AL DOSSARI BUILDINGG&IST FLRNEXT TO ABU BAKER AL SIDDIQUE METRO STATION,04 -2624500,25.2714,55.3324
KIMS PHARMACY LLC,DXB,PHARMACY,SALAH AL DIN STREET,AL DOSSARI BUILDINGG&IST FLRNEXT TO ABU BAKER AL SIDDIQUE METRO STATION,04 -220 9434,25.2711,55.3323
KINGS MEDICAL CENTER LLC,DXB,CLINIC,Al Rigga Rd,4TH FLOOR  AL RIGGA BUSINESS CENTER  AL RIQQA,04-2552020,25.2655,55.321
KARAMA MEDICAL CENTRE BR BURJUMAN,DXB,CLINIC,,AL YATEEM BUILDING NEAR BURJUMAN METRO STATION KARAMA,04-3533008,25.2385,55.3047
DR. KOYAS CLINIC-ASTER,DXB,CLINIC,NAIF,BEHIND NAIF POLICE STATION,04-2225854,25.2724,55.3063
AL SEHA AL KUBRA PHARMACY DXB (NMC),DXB,PHARMACY,,"NR SANJAY CLINIC,AL KHAIL MALL AL QUOZ 4, AL QUOZ DUBAI",04-3219926,25.1494,55.2461
LAFAMILIA MEDICAL CENTER LLC,DXB,CLINIC,HESSA ST.,10TH FLRI RISE TOWER E1CORNER HESSA STREET AL KHAIL,04-4430700,25.083,55.203
LAKESHORE MEDICAL CENTER,DXB,CLINIC,,"GROUND FLOOR AL BUSTAN CENTER, AL QUSAIS",04-3961335,25.2753,55.3679
LAMCY PHARMACY-ASTER,DXB,PHARMACY,LAMCY PLAZA,GROUND FLOOR,04-3352727,25.2376,55.3064
LAVIE CLINIC L.L.C.,DXB,CLINIC,Al Wasl Rd,VILLA NO 1027 AL WASL ROAD  JUMEIRAH 3,04-3947190,25.1441,55.208
LIFE PHARMACY 113 BR OF LIFE PHARMACY LLC,DXB,PHARMACY,,"SHOP#6,DUBAI PRODUCTION CITY,DUBAI,UAE",04-3441122,25.0246,55.1836
LIFE PHARMACY 119 BR OF LIFE PHARMACY LLC,DXB,PHARMACY,,"SHOP NO#2, THE TERRACE RESIDENCE, SHOBA HARTLAND",04-3441122,25.1775,55.3115
LIFE PHARMACY 112 BR OF LIFE PHY LLC,DXB,PHARMACY,,"UNIT NO. TDM-LG-212, THE DUBAI MALL, DUBAI, UAE",04-3441122,25.1978,55.2798
LIFE PHARMACY 123 BR OF LIFE PHARMACY LLC,DXB,PHARMACY,,"SHOP NO#1&2,MARINA WHARF2,MARSA,DUBAI UAE",04-3441122,25.0725,55.1324
LIFE PHARMACY 124 (BR. OF LIFE PHARMACY LLC),DXB,PHARMACY,,"SHOP NO#1,2,3&4,CHEZ MOI BUILDING,PHASE 2,SHAKLAN",04-3441122,25.1484,55.4044
LIFE PHARMACY 125 BR. OF LIFE PHARMACY LLC,DXB,PHARMACY,,"DAR MIRA RESIDENCE, AL MEYDAN RD, NAD AL SHEBA 1, DUBAI, UAE",04-3441122,25.1542,55.2912
LIFE PHARMACY 126 BR OF LIFE PHARMACY LLC,DXB,PHARMACY,,"SHOP NO#2,W-1104 BUILDING,TOWER A,SOUTH HEIGHTS",04-3441122,25.2138,55.2733
LIFE PHARMACY 127 BR OF LIFE PHARMACY LLC,DXB,PHARMACY,,"UNIT NO#AFWP-RT-05,AL FURJAN WEST PAVILION",04-3441122,25.0223,55.1302
LIFE PHARMACY 128 BR OF LIFE PHARMACY LLC,DXB,PHARMACY,,"SHOP NO#102,GROUND FLOOR,LULU CENTER",04-3441122,25.2744,55.3276
LIFE PHARMACY 129 (BR OF LIFE PHARMACY LLC),DXB,PHARMACY,,"PLOT NO: 6727805, SHOP NO: 3, BELLA ROSE BLDG, AL BARSHA SOUTH SECOND, DUBAI, UAE",04-3441122,25.0705,55.2449
LIFE PHARMACY 130 (BR OF LIFE PHARMACY L.L.C),DXB,PHARMACY,,"SHOP NO#1,DAR AL AMAN 12 BLDG, SALAH AL DIN STREET",04-3441122,25.2702,55.3197
LIFE PHARMACY 131 (BR OF LIFE PHARMACY L.L.C),DXB,PHARMACY,,"SHOP NO G5 & G6, GHALA PRIME BUILDING,AL WARQA 1, DUBAI,UAE",04-3441122,25.1921,55.3998
LIFE PHARMACY 132 BR OF LIFE PHARMACY LLC,DXB,PHARMACY,,"SHOP NO#4, GROSVENOR BUSINESS TOWER, TECOM",04-3441122,25.0992,55.1776
LIFE PHARMACY 133 (BR OF LIFE PHARMACY L.L.C),DXB,PHARMACY,,"SHOP NO#S06, WASL GREEN PARK, RAS AL KHOOR, DUBAI, UAE",04-3441122,25.1837,55.3731
LIFE PHARMACY 134 (BR OF LIFE PHARMACY L.L.C),DXB,PHARMACY,,"SHOP NO 5&6,OUD METHA, DUBAI, UAE",04-3441122,25.2357,55.3097
LIFE PHARMACY 135 BR OF LIFE PHARMACY LLC,DXB,PHARMACY,,"UNIT NO: 01, GEEPAS COMMERCIAL CENTRE , NESTO `HYPERMARKET",04-3441122,25.2068,55.438
LIFE PHARMACY 136(BR OF LIFE PHARMACY LLC),DXB,PHARMACY,,"SHOP NO#9,LAWNZ BY DANUBE,INTERNATIONAL CITY PHASE 1,DUBAI,UAE",04-3441122,25.1532,55.4099
LIFE PHARMACY 138 BR OF LIFE PHARMACY LLC,DXB,PHARMACY,,"RETAIL 1, 2, 3, PLOT NO: 1198, (BARARI HILLS) WADI AL SAFA 3, MAJAN,DUBAI,UAE",04-3441122,25.0923,55.3164
LIFE PHARMACY 139 BR OF LIFE PHARMACY LLC,DXB,PHARMACY,,"PLOT NO: 3756462, RETAIL - 4, SAJAYA PLAZA, HESSA STREET, AL BARSHA THIRD, DUBAI, UAE",04-3441122,25.0931,55.1858
LIFE PHARMACY 141 (BR OF LIFE PHARMACY LLC),DXB,PHARMACY,,"PLOT NO#3360301,UNIT NO#APTA-FLRSG-SB01,02,03,04&05,THE APARTMENTS BLOCK A,",04-3441122,25.2249,55.2853
LIFE PHARMACY 142 BR OF LIFE PHARMACY LLC,DXB,PHARMACY,,"SHOP NO#4,BIN MESHAR BLDG,HESSA STREET,AL BARSHA THIRD,DUBAI,UAE",04-3441122,25.0849,55.2027
LIFE PHARMACY 143 (BR OF LIFE PHARMACY L.L.C),DXB,PHARMACY,,"SHOP NO#2, HEMSAM BUILDING, AL NAHDA, DUBAI, UAE",04-3441122,25.2887,55.3683
LIFE PHARMACY 144 (BR OF LIFE PHARMACY L.L.C),DXB,PHARMACY,,"SHOP NO 4, MIRDIF MALL BUILDING, MIRDIF, DUBAI, UAE",04-3441122,25.2225,55.4339
LIFE PHARMACY 145 BR OF LIFE PHARMACY LLC,DXB,PHARMACY,,"SHOP NO#2, MOVENPICK HOTEL APARTMENT, AL BARSHA SOUTH FIFTH, JVT, DUBAI, UAE",04-3441122,25.042,55.1881
LIFE PHARMACY 146 (BR OF LIFE PHARMACY L.L.C),DXB,PHARMACY,,"SHOP NO#1,2,3&4, NAAD AL HAMMAR, DUBAI, UAE",04-3441122,25.1868,55.3924
LIFE PHARMACY 147 (BR OF LIFE PHARMACY L.L.C),DXB,PHARMACY,,"JPV RTL 05, JUMEIRAH PARK PAVILION, AL THANYAH FIFTH, DUBAI UAE",04-3441122,25.0431,55.1599
LIFE PHARMACY 148 (BR OF LIFE PHARMACY L.L.C),DXB,PHARMACY,,"SHOP# ICP-RT-07, NAKHEEL INTERNATIONAL CITY PAVILION, INTERNATIONAL CITY, DUBAI",04-3441122,25.1589,55.4048
LIFE PHARMACY 149 (BR OF LIFE PHARMACY L.L.C),DXB,PHARMACY,,"ADNOC SERVICE STATION 216, WADI AL AMARADI EAST, DUBAI,UAE",04-3441122,25.1892,55.5131
LIFE PHARMACY 152 (BR OF LIFE PHARMACY L.L.C),DXB,PHARMACY,,"PLOT NO: 3739368, SHOP NO 4, THE GRID TOWER, AL BARSHA, DUBAI, UAE",04-3441122,25.1115,55.1925
LIFE PHARMACY 153 (BR OF LIFE PHARMACY L.L.C),DXB,PHARMACY,,"COMMUNITY CENTRE, AL BARSHA SOUTH, 3RD, DUBAI UAE",04-3441122,25.0995,55.2029
LIFE PHARMACY 154 (BR OF LIFE PHARMACY L.L.C),DXB,PHARMACY,,"SHOP 0590 & 0592, GROUND FLOOR, LULU HYPERMARKET, SOUK WARSAN, DUBAI, UAE",04-3441122,25.1588,55.3958
LIFE PHARMACY 155 (BR OF LIFE PHARMACY L.L.C),DXB,PHARMACY,,"SHOP 2, PLOT NO: 334-1244, WAQF MOSQUE QURTOBA, AL SATWA, DUBAI, UAE",04-3441122,25.2163,55.2665
LIFE PHARMACY 156 (BR OF LIFE PHARMACY L.L.C),DXB,PHARMACY,,"RETAIL 5,THE BLUE REEF BUILDING,JUMEIRAH,BEACH ROAD ,UMM SUQUEM SECOND,DUBAI,UAE",04-3441122,25.1535,55.2027
LIFE PHARMACY 158 (BR OF LIFE PHARMACY L.L.C),DXB,PHARMACY,,"G FLOOR, G-03, UNION COOP, AL WASAL ROAD, DUBAI, UAE",04-3441122,25.2107,55.2711
LIFE PHARMACY 159 (BR OF LIFE PHARMACY L.L.C),DXB,PHARMACY,,"PLOT NO: 1358, SHOP G01 & G02, BINGHATTI NOVA BLDG, AL BARSHA SOUTH FOURTH, DUBAI,UAE",04-3441122,25.052,55.2191
LIFE PHARMACY 160 (BR OF LIFE PHARMACY L.L.C),DXB,PHARMACY,,"PLOT NO: 1414, SHOP NO: 3 & 4, GROUND FLOOR, 180 DEGREES, WADI AL SAFA 2, LIWAN, DUBAI.",04-3441122,25.1111,55.3683
LIFE PHARMACY 161 (BR OF LIFE PHARMACY L.L.C),DXB,PHARMACY,,"PLOT NO: 1190220, RETAIL NO. G08, TWIN TOWERS, BANIYAS ROAD, DEIRA, DUBAI,UAE",04-3441122,25.2665,55.3084
LIFE PHARMACY 162 (BR OF LIFE PHARMACY L.L.C),DXB,PHARMACY,,"AZIZI RIVIERA 34, DUBAI, UAE",04-3441122,25.1718,55.3056
LIFE PHARMACY 163 (BR OF LIFE PHARMACY L.L.C),DXB,PHARMACY,,"SHOP NO G02,AL TELAL 11 BUILDING, AL BARSHA,DUBAI,UAE",04-3441122,25.1066,55.199
LIFE PHARMACY 164 (BR OF LIFE PHARMACY L.L.C),DXB,PHARMACY,,"PLOT NO 1732(684-9787),RETAIL 1,SILVER LINING BLDG,JVT,AL BARSHA SOUTH FIFTH,DUBAI,UAE",04-3441122,25.0557,55.1934
LIFE PHARMACY 165 (BR OF LIFE PHARMACY L.L.C),DXB,PHARMACY,,"UNIT NO 08,EXPO VILLAGE RESIDENCE 2,DUBAI,UAE",04-3441122,24.9641,55.1431
LIFE PHARMACY 167 (BR OF LIFE PHARMACY L.L.C),DXB,PHARMACY,,"SHOP NO 2 & 3, BURJ AL NAHAR BUILDING, NAIF, DUBAI, UAE",04-3441122,25.276,55.3131
LIFE PHARMACY 172 (BR OF LIFE PHARMACY L.L.C),DXB,PHARMACY,,"SHOP NO 02-SOLAIRE 17 BUILDING, JUMEIRAH GARDEN, SATWA, DUBAI, UAE",04-3441122,25.2297,55.2812
LIFE PHARMACY 175 (BR OF LIFE PHARMACY L.L.C),DXB,PHARMACY,,"SHOP NO: 09 AL TWAR CENTER (PLOT NO:2330712), AL QUSAIS, DUBAI, UAE",04-3441122,25.2647,55.3861
LIFE PHARMACY 176 ( BR OF LIFE PHARMACY LLC),DXB,PHARMACY,,"SHOP 21, AMAYA PLAZA BULDING , NADD AL HAMAR , DUBAI , UAE",04-3441122,25.1894,55.3856
LIFE PHARMACY 177 (BR OF LIFE PHARMACY L.L.C),DXB,PHARMACY,,"SHOP NO 04 (EX TEA CLUB), MELHOOF 6 BUILDING (PLOT NO: 421-0594), AL WARQA 1, DUBAI",04-3441122,25.1848,55.4056
LIFE PHARMACY 179 (BR OF LIFE PHARMACY L.L.C),DXB,PHARMACY,,"UNIT NO ZDV11,GROUND FLOOR,ZABEEL 2,DOWNTOWN VIEWS 2,DUBAI, UAE",04-3441122,25.2027,55.281
LIFE PHARMACY 180 (BR OF LIFE PHARMACY L.L.C),DXB,PHARMACY,,"SHOP NO 17,AL DIYAFA CENTRE,AL BADAA DUBAI,UAE",04-3441122,25.2355,55.278
LIFE PHARMACY 196 (BR OF LIFE PHARMACY L.L.C),DXB,PHARMACY,,G01 AL BARSHA OUTH BUILDING AL BARSHA SOUTH THIRD,04-3441122,25.0664,55.2441
LIFE PHARMACY 3 LLC-LIFE,DXB,PHARMACY,,SHOP FA-19,04-5135355,25.1733,55.4218
LIFE PHARMACY 5 LLC-LIFE,DXB,PHARMACY,,SHOP #AT040A 1ST FLOOR,04-2366623,25.223,55.3536
LIFE PHARMACY 7 LLC-LIFE,DXB,PHARMACY,,AL FURJAN SOUTH PAVILION UNIT # FRJP-R-24,04-3441122,25.0295,55.151
LIFE ABU HAIL PHARMACY-LIFE,DXB,PHARMACY,,ABU HAIL RESIDENCE BLDG,04-3441122,25.2783,55.3472
LIFE AL BARSHA PHARMACY L.L.C-LIFE,DXB,PHARMACY,ETIHAD MALL,ETIHAD MALL,04-2840898,25.2367,55.4205
LIFE AL BADAA PHARMACY-LIFE,DXB,PHARMACY,7A STREET,SHOP#1 AL BADAA BLDG P78 NEXT TO AL GHAZAL MALL,04-3596837,25.244,55.2697
BANIYAS LIFE PHARMACY BR-LIFE,DXB,PHARMACY,42 A STREET,AL ASHRFIAH BUILDING,04-3441122,25.2607,55.3221
LIFE AL BARSHA FOURTH 2 BR OF LIFE,DXB,PHARMACY,,SHOP NO. 1  A FOURTHPLT240,04-3441122,25.0496,55.2149
LIFE AL BARSHA SOUTH FOURTH BR-LIFE,DXB,PHARMACY,AL BARSHA SOUTH,G01-B MANHATTAN BUILDING NEAR CHOITHRAM,04-3441122,25.0689,55.2074
LIFE PHARMACY 3 BR LLC-LIFE,DXB,PHARMACY,AL ITTIHAD ST,LG01A NEXT TO FITNESS FIRST,04-2366021,25.2824,55.3355
LIFE PHARMACY LLC BRANCH-LIFE,DXB,PHARMACY,AL ABRAJ STREET,SHOP # 1 CLOVER BAY TOWER,04-3441122,25.2035,55.2747
LIFE MEDICAL CENTER AL WARQA,DXB,CLINIC,AL WARQA STREET,RAJA AND SISTER BLDG. AL WARQA STREET AL WARQA 1,04-3441122,25.1971,55.406
LIFE MEDICAL CENTER AL QUSAIS,DXB,CLINIC,DAMASCUS STREET,GF BIN DHAHI BLDG. DAMASCUS STREET AL QUSAIS,04-3441122,25.2725,55.3796
LIFE MEDICAL CENTER DISCOVERY GARDENS,DXB,CLINIC,1A STREET,ZEN 4 1A STREET DISCOVERY GARDENS,04-3441122,25.0559,55.1287
CITY LAND LIFE PHARMACY BR OF LIFE PHARMACY LLC,DXB,PHARMACY,,UNIT NO. 260 CITYLANDTHEMA  WADI AL SAFA,04-3441122,25.0671,55.2997
LIFE MEDICAL CENTER JUMEIRAH VILLAGE CIRCLE,DXB,CLINIC,HESSA ST,GF THE CIRCLE MALL HESSA ST JUMEIRAH VILLAGE CIRCLE,04-3441122,25.0716,55.2147
LIFE MEDICAL CENTER SILICON OASIS,DXB,CLINIC,MAIN ROAD,PALACE TOWER 1 DSO MAIN ROAD DUBAI SILICON OASIS,04-3441122,25.1198,55.3892
LIFE CLINIC BUR DUBAI,DXB,CLINIC,KHALID BIN WALEED ROAD,NEAR TO RAMADA HOTEL KHALID BIN WALEED RD 7 ST AL MANKOOL,04-3441122,25.2567,55.2956
LIFE PHARMACY DAMASCUS BR OF LIFE PHARMACY LLC,DXB,PHARMACY,Damascus Street,SHOP NO.1 ALKABAYLCENTR AL QUSAIS 2 BLDNG.,04-3441122,25.2888,55.3915
LIFE DIP PHARMACY-LIFE,DXB,PHARMACY,,NEAR CHOITHRAMS SUPERMARKET MARKET MALL,04-3441122,25.0056,55.165
LIFE PHARMACY LLC DMCC BR,DXB,PHARMACY,,G11 DUBAI GATE 1,04-3441122,25.0782,55.1359
LIFE PHARMACY DUSSELDORF BR OF LIFE PHARMACY LLC,DXB,PHARMACY,,SHOP NO. 4 DUSSELDORFBSP  AL BARSHA-1,04-3441122,25.1169,55.2056
LIFE CLINIC SATWA,DXB,CLINIC,,MANILA BLDG. AL HUDAIBAH ROAD AL BADAA,04-3441122,25.2305,55.2725
LIFE CLINIC AL JADDAF,DXB,CLINIC,,RETAIL 1 RIAH TOWER CULTURE VILLAGE AL JADAF,04-3441122,25.2246,55.3399
LIFE PHARMACY 173 CLINIC,DXB,CLINIC,AL QUOZ,TIMES SQUARE CENTER,04-3441122,25.1427,55.2189
LIFE PHARMACY 180 EXPRESS CLINIC,DXB,CLINIC,AL BADAA AL SATWA,AL DIYAFA SHOPPING CENTER,04-3441122,25.2355,55.278
LIFE CLINIC BLUE WATERS,DXB,CLINIC,BLUEWATERS RESIDENCE 8,UNIT R 18 GROUND FLOOR,04-3441122,25.1849,55.2294
LIFE CLINIC DUBAI MARINA,DXB,CLINIC,DUBAI MARINA,SHOP NO 3 ELITE RESIDENCE DUBAI MARINA,04-3441122,25.0898,55.1478
LIFE CLINIC AL BARSHA,DXB,CLINIC,AL BARSHA SOUTH,THE MANHATTAN AL BARSHA SOUTH,04-3441122,25.0689,55.2074
LIFE CLINIC MARINA,DXB,CLINIC,DUBAI MARINA,SHOP NO 9 MARINA PEARL BLDG DUBAI MARINA,04-3441122,25.0694,55.1337
LIFE PHARMACY AND EXPRESS CLINIC FZ LLC,DXB,PHARMACY,,"RETAIL SHOP G01,AL RAZI BUILDING NO 59,DHCC,DUBAI,UAE",04-3441122,25.232,55.3203
LIFE CLINIC AL QUSAIS,DXB,CLINIC,DAMASCUS STREET,AL HURAIZ BUILDING NEAR ICARE CLINIC DAMASCUS STREET,04-3441122,25.2918,55.394
LIFE EXPRESS PHARMACY LLC-LIFE,DXB,PHARMACY,BESIDE WCH,NEAR WELCARE HOSPITAL,04-2833422,25.2474,55.3398
LIFE CLINIC AL WARQA,DXB,CLINIC,AL WARQA STREET,UNIT 1 OLD HOME NEEDS SM AL WARQA DUBAI,04-3441122,25.1889,55.4056
LIFE MAYFAIR PHARMACY LLC-LIFE,DXB,PHARMACY,AL ABRAJ STREET,SHOP #02 MAYFAIR RESIDENCE TOWER,04-5516840,25.1865,55.2787
LIFE GUARD PHARMACY L.L.C.,DXB,PHARMACY,,EIFFEL ACCOMMODATION-2 BELHASA DRIVING CENTER AL QUOZ-3,04-3333785,25.1561,55.2485
LIFE AL HAMRIYA BR-LIFE,DXB,PHARMACY,KHALID BIN AL WALEED,UNIT A FATHIMA HYPERMARKET,04-3441122,25.2612,55.2987
LIFE HEALTH AND WELLNESS TRADING - FZE,DXB,PHARMACY,,"SHOP NO 15 TO 17 ,DSO,SPINNEYS,CEDRE VILLAS,DUBAI,UAE",04-3441122,25.1273,55.3972
LIFE PHARMACY 26 BR OF LIFE PHARMACY LLC,DXB,PHARMACY,,UNIT NO. TH-GF-R29 GROUND FLOOR THE HILLS,04 5610000,25.0888,55.158
JADAF LIFE PHARMACY BR OF LIFE PHARMACY,DXB,PHARMACY,,RETAIL#1  RIAH TOWERS CULTURE VILLAGE  AL JEDDAF,04 5610000,25.2249,55.3393
JVT LIFE PHARMACY-LIFE,DXB,PHARMACY,AL KHAIL ROAD,NEAR MILESTONE SUPERMARKET IMPERIAL RESIDENCE TOWER,04-3441122,25.0478,55.1961
LIFE AL KARAMA PHARMACY LLC-LIFE,DXB,PHARMACY,ATTAR CENTRE,SHOP NO.5 AL ATTAR CENTRE,04-3969774,25.2543,55.3009
KARAMA LIFE PHARMACY BR-LIFE,DXB,PHARMACY,AL KARAMA ROAD,SHOP NO. 1 & 2 AL KARAMA BUILDING,04-3441122,25.2391,55.3022
LIFE PHARMACY BR LAMCY-LIFE,DXB,PHARMACY,,UNIT 134 NEXT TO ICARE CLINIC,04-3441122,25.2391,55.3088
LA RIVIERA LIFE PHARMACY BR OF LIFE PHAR,DXB,PHARMACY,,UNIT S02 IN LA RIVIERA TOWER  DUBAI MARINA DUBAI,04 5610000,25.0799,55.136
PHARMACY FOR LESS 1 (BR OF PHARMACY FOR LESS L.L.C),DXB,PHARMACY,,F 24 FIRST FLOOR NEXT TO STAR CINEMA AL GHURAIR CENTRE,04-3441122,25.0664,55.2441
LIFE PHARMACY MARINA BR OF LIFE PHARMACY,DXB,PHARMACY,,"GROUND FLOOR DEC DUBAI MARINA TOWER 2, CHOITRAMS",04-3441122,25.0698,55.1295
LIFE PHARMACY MARINA WALK BR OF LIFE PHARMACY LLC,DXB,PHARMACY,,UNIT NO. GA2 GROUNDFLOOR  DUBAI MARINA TOWERS RETAIL,04-3441122,25.0862,55.1483
"LIFE CLINIC SHEIKH ZAYED ROAD, DOHA PHARMACY",DXB,CLINIC,,AL ATTAR TOWER SHEIKH ZAYED ROAD,04-3441122,25.2138,55.2785
LIFE MEDICAL CENTRE 5 WARSAN,DXB,CLINIC,INT CITY PH 2 WARSAN 4,"SHOP NO 1,2,3,4 PLOT NO 211",04-3441122,25.1485,55.4047
LIFE MEDICAL CENTRE 7 WORLD TRADE CENTRE,DXB,CLINIC,WORLD TRADE CENTRE,"01-06 , THE APARTMENTS",04-3441122,25.2244,55.2852
LIFE MEDICAL CENTER 6 BR DEIRA,DXB,CLINIC,DEIRA CITY CENTRE,NEXT TO FITNESS FIRST,04-8365759,25.2537,55.3307
LIFE CLINIC DEIRA,DXB,CLINIC,,SHOP 1 WASL TRIO BLDG. BLOCK A AL MURAQQABAT,04-3441122,25.2818,55.3273
"LIFE CLINIC SHEIKH ZAYED ROAD , NEW DOHA PHARMACY",DXB,CLINIC,,MEZZ. FLR WHITE SWAN BLDG.TRADE CENTER SZR,04-3441122,25.2235,55.2837
LIFE AL MIZHAR FIRST BR-LIFE,DXB,PHARMACY,11 A STREET,UNIT NO. 2630 ARABIAN CENTER,04-3441122,25.2651,55.4413
LIFE MORE PHARMACY L.L.C-LIFE,DXB,PHARMACY,83 STREET,NEAR BELAL MOSQUE,04-2882044,25.2314,55.4188
LIFE MURAQABAT PHARMACY-LIFE,DXB,PHARMACY,AL MURAQABAT RD,R471 BUILDING WASL TRIO BLOCK A,04-3441122,25.2628,55.3272
LIFE AL NAHDA PHARMACY LLC-LIFE,DXB,PHARMACY,AMMAN STREET,TWIN TOWER BLDG,04-2636919,25.2967,55.3763
LIFENITY INTERNATIONAL ADVANCED-BARSHA,DXB,CLINIC,,ELITE BUSINESS CENTER SHOP 5 OPP. LULU AL BARSHA AL BARSHA 1,04-3216964,25.1236,55.2071
LIFENITY INTERNATIONAL ADVANCED-AL NAHDA,DXB,CLINIC,,JMS BLDG. SHOP 2 19A ST. AL NAHDA 2,04-3216964,25.2924,55.3815
LIFE PHARMACY N K MALL BR OF LIFE PHARMA,DXB,PHARMACY,,UNIT NO. NKM-B-1010 NKM-B-1011 NAKHEEL MALL,04 5610000,25.1138,55.1381
LIFE OPTICAL LLC,DXB,OPTICS,,SHOP 4-8 RAJA & SISTER BLDG PLOT 421-688 OPP. AL KABAYAL AL WARQA,04-3441122,25.1875,55.4056
LIFE PEARL PHARMACY-LIFE,DXB,PHARMACY,AL SEBA STREET,#9 MARINA PEARL BLDG,04-3441122,25.0698,55.1341
LIFE PHARMACY 10 BR OF LIFE PHARMACY LLC,DXB,PHARMACY,,SHOP NO:6  GROUND FLOORAL FATTAN SHOPPING CENTRE  JBR WALK,04 5610000,25.0795,55.1305
LIFE 119 PHARMACY EXPRESS CLINIC,DXB,CLINIC,NAD AL SHEBA 1,"SHOP 02, SOBHA HARTLAND",04-3441122,25.1775,55.3115
LIFE PHARMACY 11 BR OF LIFE PHARMACY LLC,DXB,PHARMACY,,SHOP NO.2 NEAR CREATIVE MINDS SHOP BARSHA,04-3441122,25.1159,55.2123
LIFE PHARMACY 125 EXPRESS CLINIC,DXB,CLINIC,NAD AL SHEBA 1,DAR MIRA RESIDENCE,04-3441122,25.1543,55.2912
LIFE PHARMACY 23 BR OF LIFE PHARMCY LLC,DXB,PHARMACY,,"RETAIL UNIT NO. C-02 GROUND FLOOR, MARINA DIAMOND A DUBAI MARINA",04-3441122,25.0805,55.1403
LIFE PHARMACY 4-LIFE,DXB,PHARMACY,,SHOP LF15 METRO LINK,04-3441122,25.0464,55.1181
LIFE PHARMACY 44 BR OF LIFE PHARMACY LLC,DXB,PHARMACY,,GROUND FLOOR UNIT NO. 1009 OASIS CENTER,04-3441122,25.1348,55.237
LIFE PHARMACY 44 EXPRESS CLINIC,DXB,CLINIC,AL QUOZ 1,SHOP # 109,04-3441122,25.1697,55.2417
LIFE PHARMACY 47 BR OF LIFE PHARMACY LLC,DXB,PHARMACY,,"UNIT 2 &3, NSHAMA COMMUNITY CENTRE TOWN SQUARE",04-3441122,25.2048,55.2708
LIFE PHARMACY 56 BR OF LIFE PHARMACY LLC,DXB,PHARMACY,,UNIT NO. B1-S1 GROUND FLOOR AL SAFA PARK COMPLEX,04-3441122,25.2048,55.2708
LIFE PHARMACY 58 BR OF LIFE PHARMACY LLC,DXB,PHARMACY,,UNIT NO. 29 VIDA THE HILLS PODIUM AL THANYAH THIRD,04-3441122,25.2048,55.2708
LIFE PHARMACY 8 BR OF LIFE PHARMACY LLC,DXB,PHARMACY,,UNIT NO. F11H  FIRST FLOOR  MALL OF EMIRATES,04 5610000,25.1204,55.2009
LIFE PHARMACY BR 86,DXB,PHARMACY,,SHOP 1 NESTO HYPERMARKET AL NAHDA 2,04-3441122,25.3026,55.3743
LIFE PHARMACY SILICON CENTRAL,DXB,PHARMACY,,UNIT A0005 SILICON OASIS CENTRAL MALL,04-3441122,25.1124,55.3755
LIFE PHARMACY LLC DMCC,DXB,PHARMACY,,GR02 FORTUNE TOWER,04-3441122,25.0692,55.1391
LIFE PHARMACY HILLS-LIFE,DXB,PHARMACY,,UNIT NO.R29 GF THE HILLS THE HILLS,04-3441122,25.0775,55.1599
LIFE PHARMACY 59,DXB,PHARMACY,,"G075B, THE CIRCLE MALL JUMEIRAH VILLAGE CIRCLE JUMEIRAH",04-3441122,25.0661,55.2161
LIFE PHARMACY 70,DXB,PHARMACY,,"SHOP NO: 06 & 07, GROUND FLOOR GROUND FLOOR, GMM TOWER JUMEIRAH VILLAGE CIRCLE",04-3441122,25.0537,55.2119
LIFE PHARMACY 76,DXB,PHARMACY,,"SHOP GF 05, PLOT 124-523 AL FARAA BUILDING AL RIGGA",04-3441122,25.264,55.322
LIFE PHARMACY 78,DXB,PHARMACY,,SHOP 1 SOUK AL KABEER BLDG PLOT NO: 312-1040 AL FAHIDI,04-3441122,25.2626,55.2918
MAS LIFE PHARMACY-LIFE,DXB,PHARMACY,,SHOP 5 DOLPHIN HOTEL APT. KHALID BIN WALEED RD,04-3441122,25.2611,55.2918
LIFE PHARMACY 65,DXB,PHARMACY,,SHOP NO: 04 GF LIWAN MALL LIWAN,04-3441122,25.1078,55.3717
LIFE PHARMACY 71,DXB,PHARMACY,,RM 02 MILANO GIOVANNI BOUTIQUE SUITE AL BARSHA SOUTH FOURTH,04-3441122,25.032,55.2229
LIFE PHARMACY 73,DXB,PHARMACY,,SHOP 5 PRINCESS TOWER,04-3441122,25.089,55.1468
LIFE PHARMACY 74,DXB,PHARMACY,,SHOP NO. 3 ELITE RESIDENCE,04-3441122,25.0904,55.1486
LIFE PHARMACY 79,DXB,PHARMACY,,"SHOP 3, AL ZAROONI BLDG. OPPOSITE BURJUMAN CENTER AL KARAMA",04-3441122,25.2531,55.3022
LIFE PHARMACY 95,DXB,PHARMACY,,SHOP 9-10 TURTLE AVENUE,04-3441122,25.1052,55.3784
LIFE PHARMACY 97,DXB,PHARMACY,,SHOP NO. 13 WATER EDGE,04-3441122,25.281,55.4107
LIFE PHARMACY BARSHA HEIGHTS BR OF LIFE PHARMACY LLC,DXB,PHARMACY,,SHOP NO :8  ALSHAIBATOWER  BARSHA HEIGHTS ( TECOM),04-3441122,25.0978,55.1708
LIFE PHARMACY 54 BR OF LIFE PHARMACY LLC,DXB,PHARMACY,AL WARQA,SHOP NO F10-12,04-5718012,25.2073,55.426
LIFE PHARMACY 68 BR OF LIFE PHARAMCY LLC,DXB,PHARMACY,,"SHOP 02, NESTO HYPERMARKET BURJ NAHAR MALL DEIRA",04-4566737,25.2737,55.3161
LIFE PHARMACY 69 BR OF LIFE PHARMACY LLC,DXB,PHARMACY,,SHOP 4-8 R&S BUILDING AL WARQA,04-3441122,25.1891,55.4056
LIFE PHARMACY 72,DXB,PHARMACY,,"SHOP 29, 30 & 31 AVENUE MALL NAD AL SHIBA",04-3441122,25.1466,55.3493
LIFE PHARMACY 82,DXB,PHARMACY,,10C BLDG. STREET 4 DISTRICT 18 JUMEIRAH VILLAGE CIRCLE,04-3441122,25.0643,55.1682
LIFE PHARMACY 83,DXB,PHARMACY,,UNIT1&2 PLOT 4 ONE DEIRA PLAZA DEIRA ENRICHMENT PROJECT AL KHALEEJ ST.,04-3441122,25.2787,55.3184
LIFE PHARMACY 84,DXB,PHARMACY,,UNIT 2 PLOT 1 OSHA BLDG 1 DEIRA ENRICHMENT PROJECT DEIRA AL SABKHA,04-3441122,25.2781,55.303
LIFE PHARMACY 85,DXB,PHARMACY,,UNIT 02 AMSA 2 JUMEIRAH VILLAGE CIRCLE AL BASHA SOUTH 4,04-3441122,25.059,55.217
LIFE PHARMACY 87,DXB,PHARMACY,,GF CAFE 1 THE ARCH MALL NAD AL SHIBA 3,04-3441122,25.1626,55.333
LIFE PHARMACY 88,DXB,PHARMACY,,ANDALUSIA MALL MARJAN MARJAN,04-3441122,25.0916,55.3029
LIFE PHARMACY 96,DXB,PHARMACY,,"SHOP 29, 30 &31 GEEPAS COMMERCIAL CENTER AL WARSAN",04-3441122,25.1817,55.4443
LIFE PHARMACY 98,DXB,PHARMACY,,AL BUKHASH BLDG ROLLA STREET AL RAFFA,04-3441122,25.2573,55.2891
C C M LIFE PHARMACY BR OF LIFE PHARMACY,DXB,PHARMACY,,UNIT NO. D006A GROUND FLOOR MIDRIFF CITY CENTRE,04 5610000,25.2192,55.408
LIFE PHARMACY DFC BR OF LIFE PHARMACY LLC,DXB,PHARMACY,,UNIT NO. - RC-021 FIRSTFLOOR  DUBAI FESTIVAL CITY,04-3441122,25.2227,55.3528
LIFE PHARMACY DIP 2 BR OF LIFE PHARMACY,DXB,PHARMACY,,UNIT NO.6 RAMLA MALL,04-3441122,24.9709,55.1424
LIFE PHARMACY DWTC BR OF LIFE PHARMACY LLC,DXB,PHARMACY,,SHOP NO: R021.02 CONCOURSE1  DUBAI WORLD TRADE CENTRE,04-3441122,25.2229,55.288
LIFE PHARMACY FZ-LLC,DXB,PHARMACY,,"UNIT NO. 09RI, BUILD. NO. 64 DISTRICT 1, BLOCK D, GROUND FL DHCC",04 5610000,25.2346,55.3186
LIFE PHARMACY VILLAGE MALL BR OF LIFE PHARMACY LLC,DXB,PHARMACY,,SHOP NO: 24 & 25 THEVILLAGEMAL  JUMEIRAH FIRST,04-3441122,25.2333,55.2626
WARSAN LIFE PHARMACY BR OF LIFE PHARMACY,DXB,PHARMACY,DEIRA CITY CENTER,SHOP NO M-018,04-55812463,25.2524,55.3337
LIFE PLUS PHARMACY L.L.C-LIFE,DXB,PHARMACY,BANK STREET,BEHIND BURJUMAN NEAR FAMILIES SUPER MARKET,04-3513334,25.2521,55.3008
LIFE AL QUSAIS PHARMACY LLC-LIFE,DXB,PHARMACY,DAMASCUS ST,AL HURAIZ BLDG,04-2633318,25.2929,55.3941
LIFE AL RIQQA2 BR OF LIFE PHARMACY LLC,DXB,PHARMACY,,SHOP NO. AGC 30  GROUND FLOOR  AL GHURAIR CENTRE,04 5610000,25.2747,55.3162
LIFE AL RIQQA PHARMACY-LIFE,DXB,PHARMACY,,SHOP# F67 OPP: CARREFOUR AL GHURAIR CENTER,04-3441122,25.27,55.3172
LIFE ROSE PHARMACY-LIFE,DXB,PHARMACY,,SHOP 10 E07 BLDG PLOT 67 CHINA CLUSTER,04-3441122,25.0968,55.1718
NEW SALAHALDIN PHARMACY-LIFE,DXB,PHARMACY,,SHOP# G-3 AL WAHA MOSQUE-RS,04-3441122,25.1087,55.3805
LIFE AL SHAB PHARMACY-LIFE,DXB,PHARMACY,AL SHAAB COLONY,SHOP 1 & 2 MALIK BUILDING PLOT # 127-0422,04-3441122,25.2808,55.3362
LIFE SILICON PHARMACY LLC,DXB,PHARMACY,,SHOWROOM G01 PALACE TOWER T1OPPOSITE CHOITH DUBAI SILICON OASIS,04-3441122,25.1162,55.3902
PANACEA PHARMACY ASTER,DXB,PHARMACY,UMM SUQEIM,JUMEIRAH BEACH ROAD,04-3686123,25.1394,55.1807
THE POINTE LIFE PHARMACY BR OF LIFE PHAR,DXB,PHARMACY,,NEXT TO REEL CINEMAS   THE POINTE   PALM JUMEIRAH,04 5610000,25.1276,55.1236
LIFE TRIDENT PHARMACY-LIFE,DXB,PHARMACY,,SHOP # R01 NEAR MARINA HOTEL APARTMENT NEXT TO BLUE MART SUPERMARKET,04-5531092,25.0825,55.1468
LIFE TWO PHARMACY LLC BR-LIFE,DXB,PHARMACY,AL A'AMAL STREET,SHOP # G84 & G85 NEXT TO WH SMITH BUSINESS BAY,04-3441122,25.1904,55.2661
LIFE TWO PHARMACY LLC-LIFE,DXB,PHARMACY,SHEIKH ZAYED ROAD,AL KAWAKEB BLDG A LAKESIDE RESIDENCE TOWER NEXT TO AL SAFADI RESTAURANT 1ST INTERCHANGE,04-3550057,25.2138,55.2741
LIFE TWO PHARMACY L.L.C,DXB,PHARMACY,,"RETAIL 7,PLAZA RESIDENCE 2,JVC,AL BARSHA SOUTH FOURTH,DUBAI,UAE",04-3441122,25.0529,55.2074
LIFE VISION PHARMACY LLC-LIFE,DXB,PHARMACY,AL KHALEEJ AL THEJARI 1ST STREET,SHOP G+1 VISION TOWER,04-5543244,25.1883,55.2642
LIFE AL WARQA 2 BR OF LIFE PHARMACY LLC,DXB,PHARMACY,,SHOP NO. 5 GROUNDFLOOR  AL JABRI BUILDING,04-3441122,25.1985,55.4035
LIFE AL WARQA PHARMACY LLC-LIFE,DXB,PHARMACY,,SHOP# 1 & 2 AL KENDI BLDG,04-2865244,25.1914,55.4074
LIFEWORKS HOLISTIC COUNSELLING CENTRE,DXB,CLINIC,,VILLA 1230 BAHWAN VILLAS AL WASL ROAD UMM SEQUIM2,04-2245736,25.1424,55.2056
LIFE AL YALAYIS 1 BR LLC-LIFE,DXB,PHARMACY,AL QUDRA ROAD,UNIT # MIRA - GF-005 MIRA TOWN CENTRE,04-3683426,25.007,55.3007
LIFE ISLAND PHARMACY BR 3 LLC-LIFE,DXB,PHARMACY,,UNIT #JI-B5-RI-05 D NEXT TO CHOITHRAM SUPERMARKET,04-2434106,25.0649,55.1471
LIVE CARE CLINIC,DXB,CLINIC,,SHOPPERS MALL  NEW MINI PARCO-SHOPPERS MALL 13TH STREET,04-8848848,25.0075,55.1108
LIVE CARE PHARMACY,DXB,PHARMACY,,GROUND FLOORSHOPPERS 13TH STREET FREE RIGHT TURN BEFORE PARCO R,04-8845562,25.0185,55.1012
LIVERPOOL MEDICAL CLINIC,DXB,CLINIC,KHALID BIN WALEED ROAD,MOHAMMED AMIN FALAKNAZ BUILDIN MEZ FLOOR KHALID BIN WALEED ROAD,04-3599066,25.2565,55.2964
LIVERPOOL PHARMACY,DXB,PHARMACY,KHALID BIN WALEED ROAD,AMIN FALAKNAZ BLDG KHALID BIN WALEED RD AL RAFFA,04-3379541,25.2594,55.2876
LIWA PHARMACY L.L.C -LIFE,DXB,PHARMACY,,VICTORIA RESIDENCE,04-3558898,25.2788,55.3029
LOTUS MEDICAL CENTER LLC,DXB,CLINIC,LATIFA BIN HAMDAN ROAD,AL ROSTAMANI BLDG,04-3465380,25.1524,55.2424
LOTUS DENTAL CLINIC LLC,DXB,DENTAL,BAGHDAD STREET,106 1ST FLR PLATINUM BUSINESS CTR,04-3971667,25.2878,55.3689
LOTUS PHARMACY LLC,DXB,PHARMACY,,SAIF ALI RASHID BULDG NEAR KAMAT RESTURANTDAMASCUSS AL QUSAIS 1,04-3433134,25.2757,55.3829
AL LUBNANI MEDICAL CENTRE LLC- DUBAI BR,DXB,CLINIC,AL GARHOUD,DUBAI 5TH ST,04-2288766,25.2402,55.3468
LULU BARSHA PHARMACY LLC,DXB,PHARMACY,,MALL OF EMIRATES LULU HYPERMARKET AL BARSHA,565018178,25.1231,55.2063
LULU KARAMA PHARMACY LLC (DOCIB GRP),DXB,PHARMACY,,LULU HYPERMARKET BLDG KARAMA AL KARAMA,04-3369971,25.2398,55.3003
LULU CENTRE PHARMACY (LULU),DXB,PHARMACY,,LULU HYPERMARKET,04-2988616,25.2801,55.3614
LUQMAN PHARMACY,DXB,PHARMACY,SATWA MAIN ROAD,NR.EMIRATES BANK,04-3312654,25.2289,55.276
MADINAT AL QOUZ  PHARMACY  LLC,DXB,PHARMACY,,FARNEK BULDING SHOP NO : 3- BACK OF AL KHAILM AL QOUZ INDUSTRIAL AREA,04-3388522,25.1539,55.2459
MAGRABI DUBAI FESTIVAL CITY,DXB,OPTICS,DUBAI FESTIVAL CITY,FIRST FLOOR,05-64084468,25.2223,55.3521
MAGRABI EYE HOSPITAL - OUTPATIENT SURG,DXB,DAY CARE,20TH STREET,AL RAZI BUILDING # 64 BLOCK E,04-4370606,25.2345,55.3188
MAGRABI DUBAI HILLS MALL,DXB,OPTICS,DUBAI HILLS MALL,FIRST FLOOR,05-02635708,24.9558,55.5003
MAGRABI OPTICAL - ARABIAN CTR (MAGRABI),DXB,OPTICS,AL MIZHAR 1,SHOP #  GF - 1622,05-64084332,25.2352,55.4361
MAGRABI OPTICAL - DXB MALL (MAGRABI),DXB,OPTICS,DUBAI MALL,SHOP # GF 197,05-64084779,25.1974,55.2804
MAGRABI OPTICAL - IBN (MAGRABI),DXB,OPTICS,IBN BATTUTA MALL,UNIT # 147 A,05-64085007,25.047,55.1225
MAGRABI OPTICAL - JUMEIRAH (MAGRABI),DXB,OPTICS,JUMEIRAH,SHOP # 1,05-64085047,25.23,55.2614
MAGRABI OPTICAL - MOE (MAGRABI),DXB,OPTICS,MALL OF THE EMIRATES,UNIT # E-09 FIRST LEVEL,05-64084490,25.1193,55.1999
MAGRABI NAD AL SHEBA MALL,DXB,OPTICS,NAD AL SHEBA 3,SHOP L2ZA1023  2ND FLOOR,05-55901638,25.1572,55.3464
MAGRABI THE SPRINGS SOUK,DXB,OPTICS,SPRINGS COMMUNITY,G FLOOR,05-64085286,25.0659,55.1917
MAISSAN MEDICAL CLINIC,DXB,CLINIC,AL KHAWANEEJ,IST FLOOR MIRDIF 35,04-2977995,25.2327,55.4328
AL MAJID CLINIC,DXB,CLINIC,,NEXT TO TARA HOTEL NAD FURNIT AL MAKTOUM ROAD BANIYAS SQUARE,04-2292030,25.2762,55.3131
AL MANARA GARDEN PHARMACY- BATUTA MALL,DXB,PHARMACY,IBN BATUTA MALL,IBN BATUTA MALL TUNISSIAN COURRT,04-3669940,25.0441,55.1184
MANCHESTER COMMUNITY PHARMACY (CHS),DXB,PHARMACY,AL SEBA STREET,SHOP NO.2 OPPOSITE TO AL RAHIM MOSQUE,04-3957205,25.0685,55.1317
AL MANKHOOL PHARMACY (JUPITER),DXB,PHARMACY,SHEIKH KHALIFA BIN ZAYED ROAD (TRADE CENTRE ROAD),NEAR AL KARAMA METRO STATION ALATTAR APARTMENTS,04-3377329,25.2885,55.3914
SUPERCARE MANKHOOL PHARMACY,DXB,PHARMACY,MANKHOOL ROAD,NASHWAN BUILDING,04-3989092,25.2486,55.2862
MANSION PHARMACY-LIFE,DXB,PHARMACY,DUBAI MARINA,MARINA MANSION TOWERNEXT TO MARINA MALL,04-4537262,25.0815,55.1371
MANZIL HOME HEALTH SERVICES LLC- DUBAI B,DXB,CLINIC,,EMPIRE HEIGHTS TOWER A OFFICE MARASI DRIVE BUSINESS BAY,04-5573360,25.1865,55.2603
AL MANZIL PHARMACY (SANAIYA),DXB,PHARMACY,,NXT TO ROYAL PARCO SUPERMARKET,04-8841441,25.014,55.1965
BAIT AL MAQDES PHARMACY DXB,DXB,PHARMACY,15 C ST.,ARABILLA BLDG.,04-2667211,25.283,55.3517
MARINA GREENS PHARMACY,DXB,PHARMACY,,CHOITRAM SUPERMARKET,04-3663150; 3663535,25.1904,55.2358
MARHABA MEDICAL CENTRE,DXB,CLINIC,AL MAKTOUM HOSPITAL ROAD,MEZZANINE FLOOR BIN JASH BUILDING NEAR BIRDS HOUSE & AL SHAMSI TRAVELS,04-2224844,25.2773,55.3137
MARINA PHARMACY ALMUSTAQBAL (MARINA PH),DXB,PHARMACY,,B# 5 VALEANT CLINIC AL WASL STREET,04-3466889,25.182,55.2362
MARINA PHARMACY BORJ STATION L.L.C,DXB,PHARMACY,,BURJ KHALIFA METRO STATION,04-3466889,25.2014,55.2695
MARINA PHARMACY CARE1 (MARINA),DXB,PHARMACY,,AL WASL ROAD NEAR IRANIAN HSPTL,04-3466889,25.2379,55.2698
MARINA PHARMACY CARE TWO(MARINA),DXB,PHARMACY,,IRANIAN HOSPITAL NEW BLDG  SATWA,04-3466889,25.1506,55.2432
MARINA PHARMACY CARE 3(MARINA),DXB,PHARMACY,AL WASL ST,AL WASL ROAD  NEAR TO IRANIAN HOSP,04-3466889,25.2368,55.2696
MARINA PHARMACY CARE 5(MARINAPH),DXB,PHARMACY,,AL ASAYEL ST NEAR IRANIAN HSPTL,04-3466889,25.2424,55.2688
MARINA CARE PHARMACY L.L.C,DXB,PHARMACY,,IRANIAN HOSPITAL OLD BLDG  SATWA,04-3466889,25.2306,55.2693
MARINA PHARMACY CITY CENTER STATION LLC,DXB,PHARMACY,,DEIRA CITY CENTER METRO STATIO,04-3466889,25.2542,55.3304
MARINA PHARMACY CITY WALK(MARINAPH),DXB,PHARMACY,AL ALBAANY ST.,AL ALBAANY ST NEXT TO SH ZAID ROAD CITY WALK PHASE 2,04-3466889,25.2032,55.263
MARINA PHARMACY GATE (BRANCH OF MARINA P,DXB,PHARMACY,,THE GATE BLDG AL SHAIBA TOWERS SHOP NO. 15 AL BARSHA,04-3466889,25.0975,55.1707
MARINA PHARMACY GOLDEN MILE ONE,DXB,PHARMACY,,GOLDEN MILE ONE BLDG GOIDEN MILE SOUQ PALM JUMEIRAH,04-3466889,25.1106,55.1429
MARINA PHARMACY GOLDEN MILE TWO(MARINA),DXB,PHARMACY,,GOLDEN MILE TWO BLDG GOIDEN MILE SOUQ PALM JUMEIRAH,04-3466889,25.1116,55.1423
MARINA AL JUMAIRA PHARMACY,DXB,PHARMACY,,EMIRATES CO-OPNEAR CHOUEIFAT UMM SEQUIM JUMERIAHBUR DUBAI,04-3486700; 04-3486710,25.1111,55.1723
MARINA LIFE PHARMACY L.L.C-LIFE,DXB,PHARMACY,DUBAI MARINA,MARINA HEIGHT TOWER NEAR TO CITY BANK,04-4202447,25.0872,55.1483
MARINA MEDICAL CENTER,DXB,CLINIC,AL SEYAHI STREET,SHOP 1 BOTANICA TOWER BLDG BEHIND AL HABTOOR HOTEL,04-3999030,25.0852,55.1424
MARINA PHARMACY OLD TOWN (L.L.C),DXB,PHARMACY,,SOUK AL BAHAR STORE NO FF 052 GROUND FLOOR OLD TOWN DOWN TOWN,04-3466889,25.1953,55.2764
MARINA PHARMACY  PALM FZCO,DXB,PHARMACY,,PJSB CLUBHOUSE 03 G02 GROUND FLOOR PALM JUMEIRAH SHORELINE,04-3466889,25.1115,55.1472
MARINA PHARMACY (L.L.C),DXB,PHARMACY,,PALOMA BLDG.  JUMEIRAH BEACH RESIDENCE,04-3466889,25.0754,55.1344
MARINA PHARMACY (L.L.C) MARINA PH SOUTH,DXB,PHARMACY,,OM SOUQIEM ROAD. B005 SOUTH MY CITY CENTER AL BARSHA,04-3466889,25.0702,55.2421
MARINA CENTER PHARMACY,DXB,PHARMACY,,DIFC THE GATE BUILDING DIFC,04-3466889,25.2189,55.2843
MARINA VIEW PHARMACY LLC-LIFE,DXB,PHARMACY,,MARINA HEIGHTS BLDG OPP SPINNEYS,04-4479780,25.0938,55.1492
MARINA PHARMACY SHOROOQ(MARINAPH),DXB,PHARMACY,,SHOP #: G07  MIRDIFF,04-3466889,25.2146,55.4288
MARSA LIFE PHARMACY LLC-LIFE,DXB,PHARMACY,ALKHAYAY ST,SHOP #7 MAG 218 NEXT TO SAB SUPERMARKET,04-4298431,25.0938,55.1493
LIFE PHARMACY 80,DXB,PHARMACY,Khalid Bin Waleed Road,Khalid Bin Waleed Road - Al Ghubaiba Rd - Bur Dubai - Al Fahidi - Dubai,04-3441122,25.26,55.2947
MATHUR DENTAL & ORTHODONTIC CLINIC,DXB,DENTAL,KHALID BIN WALEED ROAD,OFFICE # 103 1ST FLOOR MEDIC BUILDING NEAR ROYAL BANK OF SCOTLAND,04-3552371,25.2566,55.3005
ENHANCE BY MEDICLINIC,DXB,CLINIC,,FASHION PARKING LEVEL 7 DUBAI MALL DOWNTOWN,04-4495137,25.199,55.2769
MEDICLINIC MEADOWS CLINIC,DXB,CLINIC,MEADOWS STREET,MEADOWS COMMUNITY CENTRENEAR SPINNEYS SUPERMARKET,04-4328292,25.0692,55.1542
MEADOWS LIFE PHARMACY BR OF LIFE PHARMAC,DXB,PHARMACY,,"SHOP NO. 5&6 BLDG NO: ZEN 2-020, PLOT 169 DISCOVERY GARDENS",04-3441122,25.2557,55.3299
MEDCARE MEDICAL CENTRE AL BARSHA (BR OF,DXB,CLINIC,,TRIO BUILDING NEAR GRANDIOSE STORES AL BARSHA,04-3255015,25.1125,55.1952
ASTER MEDICAL CENTRE BUSINESS BAY BR OF,DXB,CLINIC,BUSNIESS BAY,BUSNIESS BAY AVENUE EMPOWER PLANT TOWER D,04-4508896,25.1917,55.2658
MEDCARE MED CENTRE JUMEIRAH-DAYSURG,DXB,DAY CARE,JUMEIRAH BEACH ROAD,UMM SUQEIM 1 G FLOOR,04-43953115,25.1648,55.2123
MEDCARE MEDICAL CENTER - BR MIRDIF,DXB,CLINIC,ALGERIA STREET,AL BARAJEEL OASIS BUILDING,04-2847199,25.2223,55.4344
MEDCARE MEDICAL CENTER MAF CITY CENTER,DXB,CLINIC,MIRDIFF SHOPPING MALL,INSIDE MIRDIF CITY CENTER 1ST FLOOR,04-2840722,25.2232,55.4006
MEDCARE HOSPITAL,DXB,HOSPITAL,HADIQA STREET,OPP SAFA PARK GATE NO. 1,04-4079100,25.1922,55.2392
MEDCARE MEDICAL CENTER DISCOVERY GARDENS,DXB,CLINIC,ROAD 7,DISCOVERY PAVILLION BLDG BESIDE GEANT SUPERMARKET,04-4079220,25.0351,55.1473
MEDCARE DR SAEED AL SHAIKH GASTRO OBES,DXB,CLINIC,,AL MATLOUB BLDG  AL SAFA 1ST,04-44079175,25.1769,55.2453
MEDCARE MEDICAL CENTRE JBR,DXB,CLINIC,JUMEIRHA BEACH ROAD,SADAF CLUSTER PLAZA LEVEL SHOP P41,04-4539450,25.0805,55.1375
MEDCARE MEDICAL CENTRE AL KHAWANEEJ,DXB,CLINIC,,DAKAKIN CENTRE NEAR AL KHAWANEEJ MOSQUE AL KHAWANEEJ,04-2803954,25.2583,55.4783
MEDCARE MEDICAL CENTER - MARINA BR,DXB,CLINIC,AL EMREEF STREET,SUKOON TOWERS,04-5586467,25.0835,55.1437
MEDCARE SPECIALTY CENTRE MIRDIFF,DXB,CLINIC,47 STREET,AL BARJEEL OASIS COMPLEX,04-4079200,25.2226,55.4341
MEDCARE MEDICAL CENTRE MOTOR CITY BR,DXB,CLINIC,,FLAT 3 THE RIBBON MALL,04-5147969,25.0462,55.2391
MEDCARE MEDICAL CENTRE TOWN SQUARE,DXB,CLINIC,,TOWN SQUARE ZAHRA BREEZE 4A TOWN SQUARE,04-44079175,25.0102,55.29
MEDCARE ORTHOPAEDICS & SPINE HOSPITAL,DXB,HOSPITAL,SHEIKH ZAYED ROAD,OPP. PEPSI,04-3768400; 043768433,25.1794,55.2473
MEDCARE SPECIALIST PEDIATRIC CLINIC,DXB,CLINIC,JUMEIRAH BEACH ROAD,NEAR JUMEIRA BEACH PARK AND HARVEST HOME,04-3136666,25.1779,55.2458
MEDCARE MEDICAL CENTER AL FURJAN WEST,DXB,CLINIC,AIRPORT ROAD,BIN SOUGAT CENTRE,04-2885881,25.2397,55.3859
MEDCARE WOMEN & CHILDREN HOSPITAL,DXB,HOSPITAL,,"BESIDE MANARA SERVICES CENTER, SHEIKH ZAYED ROAD",04-3010888,25.1614,55.2312
MEDCARE EYE CENTRE,DXB,DAY CARE,22A STREET,103 MATLOOB BUILDING NEXT TO MOSH HOSPITAL,04-4079104; 04-3807333,25.179,55.2469
MEDICLINIC DUBAI HILLS PHARMACY,DXB,PHARMACY,SHEIKH MOHAMMAD BIN RASHID ST,FIRST FLOOR,04-3816555,25.1017,55.2414
MEDCARE PHYSIO & REHAB CENTER,DXB,CLINIC,22A STREET,SMJ 1 BUILDING,04-3240511,25.1773,55.2455
"MEDEOR 24X7 HOSPITAL LLC,DXB (VPS)",DXB,HOSPITAL,EMBASSY DISTRICT,BURJUMAN CENTER,04-3500600; 04-3500757,25.2574,55.3066
MEDSHOP GARDEN PHARMACY (ASTER),DXB,PHARMACY,DISCOVERY GARDENS,ZEN BUILDING NEAR CHELSEA GARDEN HOTEL,04-4329596,25.0484,55.1303
MEDIPRIME PHARMACY BARSHA HEIGHTS BR,DXB,PHARMACY,SHEIKH ZAYED ROAD,THE ONYX TOWER 1 GROUND FLOOR SHEIKH ZAYED ROAD,04-7070999,25.1028,55.1692
MEDICLINIC AL BARSHA DIALYSIS CENTRE,DXB,CLINIC,,MEDICLINIC DIALYSIS BLDG.  AL BARSHA SOUTH 1,04-5216301,25.0817,55.2142
MEDI CENTRES POLYCLINIC - DSO,DXB,CLINIC,NADD HESSA,SHOP 16 1ST  FLOOR,04-3266641,25.1249,55.4027
MEDI CENTRES POLYCLINIC  LLC BRANCH,DXB,CLINIC,FURJAN,SHOP 16  - R25 & 26 FURJAN PAVILLION SHOPPING CENT,04-3266641,25.1249,55.4027
MEDICINA AL FAHIDI PHARMACY,DXB,PHARMACY,THE 77 VALLEY SHEIKH ZAYED BIN HAMDAN,RETAIL 2,04-3550552,25.1999,55.464
MEDICLINIC IBN BATTUTA PHARMACY,DXB,PHARMACY,IBN BATUTA MALL,CHINA COURTG F142 SHOP,04-4409000,25.048,55.1218
MEDICINA 1 PHARMACY,DXB,PHARMACY,AL MAKTOUM HOSPITAL ROAD,SOUQ AL WASL DISTRICT,04-2943248,25.2605,55.2971
MEDICINA PHARMACY 10,DXB,PHARMACY,UMM SEQUIM STREET,MAISAN RESIDENCE BUILDINGDUBAI SCIENCE PARK,04-4285505,25.0798,55.2462
MEDICINA PHARMACY 11,DXB,PHARMACY,26TH STREET,BUILDING 40,04-4547696,25.2302,55.3248
MEDICINA PHARMACY 12,DXB,PHARMACY,AL MUSTAQA STREET,DUBAI INTERNATIONAL ACADEMIC C ALL DAY SHOPING CENTRE,04-4543123,25.2034,55.3249
MEDICINA PHARMACY 13,DXB,PHARMACY,AL KHAWANEEJ ROAD,MIRDIFF,04-3214347,25.2326,55.4329
MEDICINA PHARMACY 14,DXB,PHARMACY,SAADA STREET,REGAL TOWER,04-4425538,25.2354,55.2775
MEDICINA PHARMACY 15,DXB,PHARMACY,HESSA ROAD,HESSA ROAD AL BARSHA1 AL BARSHA,04-8875072,25.1072,55.1876
MEDICINA PHARMACY 16,DXB,PHARMACY,,PARK CENTRE,04-3456556,25.2469,55.433
MEDICINA PHARMACY 2,DXB,PHARMACY,9TH STREET,NAD AL HAMAR AVENUES NAD MALL,04-2898201,25.1906,55.3823
MEDICINA PHARMACY 3,DXB,PHARMACY,12 A STREET,THE MALL,04-3219943,25.1445,55.1899
MEDICINA PHARMACY 4,DXB,PHARMACY,AL GHARBI  STREET,AL MAJARAH TOWER,04-4563304,25.0807,55.1369
MEDICINA PHARMACY 5,DXB,PHARMACY,1ST STREET,GRAND MIDWEST VIEW HOTEL APARTMENTS SHEIKH ZAYED ROAD,04-3794954,25.1404,55.1871
MEDICINA 6 PHARMACY,DXB,PHARMACY,Al TWAR,"ENOC, DUBAI INTERNATIONAL AIRPORT",04-3993370,25.2716,55.3639
MEDICINA PHARMACY 7,DXB,PHARMACY,AL MANKHOOL ROAD,AL KHALEEJ CENTRE,04-3526633,25.2572,55.2957
MEDICINA PHARMACY 8,DXB,PHARMACY,414STREET,NEAR MASS SUPERMARKET,04-3794954,25.1942,55.4063
MEDICINA PHARMACY 9,DXB,PHARMACY,49 STREET,WASL STADIUM,04-3313152,25.2147,55.2783
MEDICINA PHARMACY-DXB,DXB,PHARMACY,HESSA ROAD,INTERNATIONAL HOUSE OPPOSITE MARINA HOME,04-3237202,25.0891,55.1917
MEDICINA FIRST PHARMACY,DXB,PHARMACY,SOUL AL THANAYAH 4TH,SHOP MTC GF 25-4,04-3471266,25.1782,55.2218
MEDICINA PHARMACY 18,DXB,PHARMACY,,SHOP G1 WARQA MALL AL WARQA SOURT AL WARQA,04-271 0587,25.1916,55.4195
MEDICINA PHARMACY 19,DXB,PHARMACY,,LEVEL 14 THE GATE BUILDING  DIFC,04-578 6945,25.2196,55.2773
MEDICINA PHARMACY 39,DXB,PHARMACY,,SHOP NO. R5 UPTOWN MIRDIF RETA MIRDIFF,04-288 3898,25.2353,55.4248
MEDICINA BEACH ROAD PHARMACY,DXB,PHARMACY,BEACH ROAD,SURF CAFE BUILDING,04-3214347,25.1483,55.1974
NEW MEDICINA PHARMACY,DXB,PHARMACY,ZABEEL ROAD,WEST SUPERMARKET BLDG OPP KARAMA POST OFFICE,04-3853313,25.2449,55.3077
MEDI CENTRES POLYCLINIC JUMEIRAH BRANCH,DXB,CLINIC,JUMEIRAH VILLAGE,"JPV-RTL-12, GROUND FLOOR JUMEIRAH PARK",04-3266641,25.0427,55.1596
MEDICLINIC DUBAI HILLS,DXB,CLINIC,SHEIKH MOHAMMAD BIN RASHID ST,FIRST FLOOR,04-3816555,25.1017,55.2414
MEDICLINIC CREEK HARBOUR,DXB,CLINIC,DUBAI CREEK,CREEKSIDE 18 PODIUM,04-2125888,25.2038,55.3444
MEDICOM PH 10 (AL SABA PHAR)(ASTER),DXB,PHARMACY,AL KHAJA REAL ESTATE,NEAR UPTOWN MALL,04-2885995,25.2945,55.445
MEDICOM PH 11 (NEW FLAME PHAR)(ASTER),DXB,PHARMACY,TUWAR STREET,NEARBY EPPCO PETROL PUMP OPPOSITE AL TOWAR CENTRE,04-2611551,25.2689,55.3835
MEDICOM PH 12 (DUBAI CENTURY)(ASTER),DXB,PHARMACY,,BEHIND BIN SOUQAT CENTRE,04-2859110,25.2412,55.3855
MEDICOM PH 13 (HOME PHAR)(ASTER),DXB,PHARMACY,OPP. AL ATTAR SHOPPING MALL,OPP. KARAMA CENTRE,04-3977739,25.2456,55.3025
MEDICOM14 (NEW HOME PH) (ASTER)(MOOPENS),DXB,PHARMACY,MADINA MALL,MADINA MALL,04-2558733,25.295,55.3973
MEDICOM PHARMACY 1 (JAMEYA PHAR)(ASTER),DXB,PHARMACY,TUWAR STREET,NR.CO-OP SOCIETY,04-2633677,25.2636,55.392
MEDICOM PH 2 (AL WASL PHAR)(ASTER),DXB,PHARMACY,JUMEIRAH BEACH ROAD,MERCATO CENTRE,04-3448333,25.2173,55.2531
MEDICOM PHARMACY 4 (TOWN PHAR)(ASTER),DXB,PHARMACY,JUMEIRAH BEACH ROAD,TOWN CENTRE,04-3440077,25.2148,55.2514
MEDICOM 5(EMIRATES COOP PHAR)(ASTER),DXB,PHARMACY,TUWAR STREET,EMIRATES CO-OP SOCIETY,04-2649929,25.2456,55.3026
MEDICOM PH 6 (MAZAYA PHAR)(ASTER),DXB,PHARMACY,MAZAYA CENTRE,MAZAYA CENTRE,04-3435522,25.1993,55.2652
MEDICOM PH7 (AL SHOALA -FLAME )(ASTER),DXB,PHARMACY,,AL MIZHAR MALL GROUND FLOOR BESIDE ASWAAQ MALL,04-2876804,25.2462,55.4531
MEDICOM PH 8 (CENTURY MALL)(ASTER),DXB,PHARMACY,WUHEIDA STREET,CENTURY MALL,04-2965040,25.2914,55.348
MEDICOM PH 9 (QEMMA PHAR)(ASTER),DXB,PHARMACY,,OPP.AL QUSAI POLICE STAION,04-2640818,25.2651,55.3912
MEDICOM PHARMACY (PHARABI PHAR)(ASTER),DXB,PHARMACY,GOLD MARKET,ZARWANI BUILDING,04-2264844,25.2692,55.3031
MEDICOM PHARMACY 16,DXB,PHARMACY,,NEAR SABKHA BUS STATION  AL BUTEENA,04-2263614,25.2697,55.3031
MEDICOM  PHARMACY 33 LLC,DXB,PHARMACY,,NEAR AL SAQA PLAZA SUPERMARKET,04-2733237,25.276,55.3097
MEDICOM PHARMACY 34,DXB,PHARMACY,,CLOUD 8 BLDG NEAR AL NAHDA METRO STATION,4397956,25.2756,55.372
MEDICOM PHARMACY 15,DXB,PHARMACY,,AL FAHAD PLAZA BUILDING RIGGA STREET SABKHA,04-2297670,25.2669,55.3192
MEDICOM PHARMACY 1,DXB,PHARMACY,MADINAT HIND 1,SG 162,04-5721034,25.0727,55.4009
MEDICORP GULF MEDICAL CLINIC,DXB,CLINIC,AL WASL ROAD,ROOM 101  1ST FLOOR AL SHAFAR BUILDING 7 AL WASL ROAD AL BADAA,04-3121000,25.214,55.2586
MEDICLINIC PARKVIEW HOSPITAL LLC,DXB,HOSPITAL,,MEDICLINIC PARKVIEW BLDG. AL BARSHA SOUTH AL BARSHA 3,04-4168851,25.0711,55.2482
MEDICAL DIAGNOSTIC IMAGING CENTRE MEDIC,DXB,DIAGNOSTIC CENTER,KARAMA,2ND FLOOR HAMSAH BUILDING,04-3885000,25.2524,55.3087
MEDICLINIC AL SUFOUH PHARMACY,DXB,PHARMACY,SUFOUH ROAD,BLOCK 10NEXT TO WELCARE HOSPITAL,04-3661030,25.1021,55.1611
MEDICLINIC SPRINGS CLINIC,DXB,CLINIC,,"MEADOWS AL SOHOOL,MEADOWN TOWN MEADOWS",04- 5122910,25.0548,55.1705
MEDI CENTRES POLYCLINIC DAFZA BRANCH,DXB,CLINIC,AL TWAR SECOND,2W-G05,04-4144170,25.2624,55.3696
MEDI CENTRES POLYCLINIC PHARMACY,DXB,PHARMACY,UPTOWN MOTORCITY,VILLA NO R21-R23,04-2988888,25.0468,55.2447
MEDI CENTRES POLYCLINIC BRANCH,DXB,CLINIC,DOWNTOWN,SF 30 ZAABEEL,04-4144150,25.2007,55.2821
FAKEEH MEDI CENTRES PHARMACY FZCO,DXB,PHARMACY,DUBAI SILICON OASIS,HOP NO 16 IST FLOOR NADD HESSA,04-3266641,25.1249,55.4027
MEDICURE POLYCLINIC,DXB,CLINIC,MANKHOOL STREET,NEXT TO MINA PLAZA HOTEL VILLA # 5 B BUILDINGBEHIND EPPCO PETROL STATION,04-3984866,25.2496,55.29
MEDICURE POLY CLINIC BRANCH (DSO),DXB,CLINIC,,PALACE TOWERS DUBAI SILICON OASIS DUBAI SILICON OASIS,04-3793931,25.1167,55.3902
MEDICURE PHARMACY (DSO),DXB,PHARMACY,,GRND FLOOR NEAR CHOITRAM DUBAI SILICON OASIS,04-3793931,25.1173,55.3903
MEDICURE POLYCLINIC-UM SUQEIM,DXB,CLINIC,,"VILLA 1166 OPP J3 MALL, AL WASL RD JUMEIRAH",04-3984866,25.1532,55.2079
MEDICURE PHARMACY-BRANCH (QUSAIS),DXB,PHARMACY,,GROUND FLOOR DAMASCUS STREET QUSAIS,04-2216595,25.2691,55.3804
AQUA MEDICAL CENTER L.L.C,DXB,CLINIC,,AL FATTABN BUILDING STREET 6 AL QUSAIS 2,04-2204005,25.269,55.3806
MEDILIFE PHARMACY-LIFE,DXB,PHARMACY,,SHOP #1 CHOITHRAM BLDG PLOT B/1416 OPP: SAFA PARK,04-3441122,25.1887,55.2391
MEDILIFE POLYCLINIC,DXB,CLINIC,,ALAMEEDPLAZA 318 STREET AL QUOZ,04-4321955,25.1514,55.2504
MEDI LINK PHARMACY,DXB,PHARMACY,,SHOP B14 GR FLR VILLAGE COMMUNIY CENTRE ARABIAN RANCHES,04-3618218,25.0569,55.2706
MEDILOVE PHARMACY DWC,DXB,PHARMACY,,R 7-8 SAKAY RETAILS DUBAI LOGISTICS CITY DUBAI SOUTH,052-5011365,24.888,55.1228
MEDI CENTERS POLYCLINIC,DXB,CLINIC,DUBAI MOTOR CITY,FOX HILL 6 VILLA NO R21-R23,04-2988888,25.0468,55.2447
MEDINOVA DIAGNOSTIC CENTRE(ASTER),DXB,LABORATORY,RAFFA STREET,203-205 UNION PHARMACY BUILDING,04-3936396,25.2612,55.2938
MEDI PRIME PHARMACY JUMEIRAH BRANCH L.L.,DXB,PHARMACY,,AL FERDOUS 1 AL WASL ROAD AL SAFA,04-7070999,25.1871,55.237
MEDI PRIME PHARMACY,DXB,PHARMACY,SALAHUDDIN ROAD,SHEIK SAUD BUILDING OPPOSITE REEF MALL,04-2720720,25.2774,55.3221
MEDI PRIME AL MIZHAR PHARMACY,DXB,PHARMACY,MIRDIF CITY CENTRE,MIRDIF CITY CENTRE,04-2845522,25.2345,55.4356
MEDI PRIME PHARMACY MAJAN,DXB,PHARMACY,LIVING LEGENDS,ANDALUSIA,04-7070999,25.0858,55.3021
MEDI SENSE CLINIC,DXB,CLINIC,,THE CURVE BLDG. LEVEL 1 SHEIK ZAYED ROAD AL QOUZ 3,04-3809803,25.1629,55.2355
MEDICLINIC AL TAWAR DIALYSIS CENTRE,DXB,CLINIC,,MEDICLINIC DIALYSIS CENTER BLD  AL TAWAR 3,04-5216444,25.2588,55.3964
MEDCARE MED JVC PHARMACY,DXB,PHARMACY,THE CIRCLE MALL JVC,JV-TCM-RT-1061,8006332273,25.066,55.2162
MEDLAB ANALYTIK DUBAI,DXB,LABORATORY,OUD METHA ROAD,701 BLOCK A BUILDING,04-3622960,25.2323,55.327
MEDICURE PHARMACY BRANCH-MANKHOOL,DXB,PHARMACY,,GRND FLOOR STREET 2 MANKHOOL,,25.116,55.3905
MED SAVE PHARMACY (ASTER),DXB,PHARMACY,47TH STREET,AL BARAJEEL COMPLEXUNION BANK BUILDING,04-2847600,25.222,55.4338
MEDICINE SHOPPE MICRO PHARMACY (ASTER),DXB,PHARMACY,SARATOGA BLDG SHOP #15,BESIDE MALL OF EMIRATES BEHIND IBIS HOTEL,04-3237939,25.1158,55.1953
MEDICAL SPECIALISTS CENTRE (MSC),DXB,CLINIC,,"1ST FLOOR, DUBAI REAL ESTATE C MINA ROAD MINA",3454040; 3933391,25.2413,55.2743
MEDICAL SPECIALIST'S CTR-AL BARSHA(MSC),DXB,CLINIC,,"NEAR HOLIDAY INN HOTEL, MOHAMM SHEIKH ZAYED ROAD, 4TH INTERCH BARSHA,BUR DUBAI",3409495,25.1154,55.1941
MEDSTAR HEALTHCARE LLC,DXB,CLINIC,OUD METHA RD,GRND FLR GULF TOWER BLDG.,04-3577877,25.2352,55.3181
MED X PHARMACY,DXB,PHARMACY,,AL REBAT STREET NAD AL HAMAR  NAD AL HAMAR,04-2854641,25.2139,55.38
MEDZE CLINIC (BR OF MEDZE HEALTHCARE L.L.C),DXB,CLINIC,,SHOP NO 1 AND 2  AL MULLA BUILDING DEIRA,04-2663393,25.2749,55.3296
MEDZE PHARMACY (BR OF MEDZE HEALTHCARE L,DXB,PHARMACY,,SUNSHINE 2 BLDG GR FLR AL GHURAIR CENTER. OMA DEIRA,04-2223393,25.2731,55.3162
MEDZE STARMED POLY CLINIC LLC,DXB,CLINIC,AL MURAQABBAT,K5 BUILDING FLAT NO 104  AL MURAQABAT ST AL MURAQABAT,04-2620660,25.2664,55.3278
MEGA SCAN CENTRE,DXB,LABORATORY,,"ATRIUM CENTRE,MEZZANINE FLOOR KHALID BIN WALEED STREET BURDUBAI",04-3585888,25.2594,55.2914
MERCATO FAMILY PHARMACY,DXB,PHARMACY,,MERCATO SHOPINGMALL JUMEIRAHROAD JUMEIRAH,04-3584401,25.2175,55.2534
MEZHAR LIFE PHARMACY LLC-LIFE,DXB,PHARMACY,,EMIRATES CO-OPERATIVE SOCIETY,04-2571177,25.2615,55.4411
MID EAST POLYCLINIC (BHATIA),DXB,CLINIC,,M FLOOR OTAIBA BLDG NEXT TO AL MAYA SUPERMARKET AL RIGGA DEIRA,04-2216888,25.2635,55.3224
NEUBERG DIAGNOSTICS MIDDLE EAST LLC,DXB,LABORATORY,ZABEEL ROAD,MEZZAININE FLOOR UMM QURIRER BUILDING,04-3343727,25.2412,55.3086
MINI VM POLYCLINIC,DXB,CLINIC,DAMASCUS STREET,OFFICE # 2021 2ND FLOOR SUNRISE SUPERMARKET BUILDING,04-2639995,25.2733,55.3819
MIRACURE MEDICAL CENTER,DXB,CLINIC,,RASHID BUSET BUILDING OPPOSITE DUBAI HARBOR PROJECT RAS AL KHOR,04-3202500,25.1852,55.355
MIRDIF PHARMACY,DXB,PHARMACY,ALGERIA STREET,NR. ABU HANIFA MOSQUE,04-2885481,25.2298,55.4173
MIRDIF PRIVATE HOSPITAL PHARMACY,DXB,PHARMACY,AL MIZHAR,na,04-4553278,25.2374,55.4272
MEDCARE MEDICAL CENTRE ARABIAN RANCHES 3,DXB,PHARMACY,WADI AL SAFA5,"AR3 GF37, ARABIAN RANCHES 3",04-2578939,25.0696,55.3236
MEDCARE MEDICAL CENTRE AL FURJAN WEST PH,DXB,PHARMACY,AL FURJAN WEST PAVILION,SHOP #1,04-5513796,25.0221,55.1302
MEDCARE MEDICAL CENTRE NAD AL SHEBA PH,DXB,PHARMACY,NAD AL SHEBA,SHOP #G-013,04-3092900,25.1596,55.3691
MEDCARE MEDICAL CENTRE THE VALLEY PHAR,DXB,PHARMACY,AL AIN RD AL YUFRAH 1,SHOP # 11 & 12,04-3291310,25.0154,55.4545
MODERN PHARMACY (DXB),DXB,PHARMACY,MAKTOUM STREET,AL MAKTOUM STREET,04-2223879,25.2752,55.3065
MODERN LIFE PHARMACY-LIFE,DXB,PHARMACY,INSIDE VEGETABLES AND FRUITS MARKET,BEHIND UAE EXCHANGE,050-5589967,25.1751,55.3908
MODERN FAMILY CLINIC,DXB,CLINIC,ZABEEL ROAD,UMM HURAIR BUILDINGOPP TO CIVIL DEFENSE,04-334326304-3574621,25.2473,55.3087
MODERN FAMILY PHARMACY,DXB,PHARMACY,ZAABEEL ROAD,UMM HURAIR BUILDING OPP TO CIVIL DEFENSE,04-3885633,25.2442,55.3089
MODERN MEDI PRIME PHARMACY,DXB,PHARMACY,AL QUOZ 1,SHOP NO 1206 2ND FLR OASIS MALL,04-3387387,25.1698,55.2422
MODERN BIN SINA PHARMACY (ALPHAMED),DXB,PHARMACY,2ND DECEMBER STREET,AL DIYAFA BUILDING,04-3986026,25.2376,55.2773
MONROE MEDICAL CENTER,DXB,CLINIC,,AL WADI BLDG. LEVEL 2 SHEIKH ZAYED COLLECTOR RD AL WASL,04-338085,25.2039,55.2667
DR. MOOPEN'S POLYCLINIC (ASTER),DXB,CLINIC,NAIF ROAD,BUILDING 203; F-2; OPP.ALFUTTAIM MOSQUE,04-2289169,25.2762,55.3127
DR. MOOPEN'S AL QOUZ MEDICAL CTR (ASTER),DXB,CLINIC,GRAND MALL,GRAND MALL,04-3387871,25.1476,55.2462
MOORFIELDS EYE HOSPITAL DUBAI,DXB,HOSPITAL,OUD METHA ROAD,AL RAZI MEDICAL COMPLEX BUILDING,04-4297888,25.2344,55.3192
MOTHER PHARMACY,DXB,PHARMACY,ABU BAKEIR SIDDIQUE ROAD,ABU BAKEIR SIDDIQUE ROAD,04-2974329,25.2732,55.3302
MOTOR COMMUNITY PHARMACY (CHS),DXB,PHARMACY,DETROIT ROAD,AL ARAB RESTO MOTOR CITY GROUND FLOOR,04-4541527,25.0417,55.2346
DR. MANAL HARB MEDICAL CENTER LLC,DXB,DENTAL,TRADE CENTRE 2 ROAD,30TH FLOOR AL ATTAR TOWERNEAR EMIRATES TOWERS METRO STATION,04-3251222,25.2128,55.2775
AL MOUSA DAY SURGERY CENTER,DXB,DAY CARE,5 B STREET,VILLA 34  NEAR IRANIAN HOSPITAL,04-3450745,25.2355,55.2704
MOVE FREELY PHYSIOTHERAPY CENTRE,DXB,CLINIC,,GROUND FLOOR AT THE AVIATION CLUB AL GARHOUD,04-2821004,25.2423,55.3414
AL MADINA AL SANAIYA PHARMACY (SANAIYA),DXB,PHARMACY,NXT TO SAHAT AL MADINA SUPRMKT,GEMZI COMPLEX,04-3406761,25.1229,55.2363
MUBADALA HEALTH MEDICAL AND SURGICAL,DXB,CLINIC,JUMEIRAH,1ST FLOOR SUNSET MALL KITE BEACH,02-3116000,25.1846,55.2291
MUBADALA HEALTH MEDICAL PHARMACY,DXB,PHARMACY,JUMEIRAH 3,1ST FLOOR SUNSET MALL KITE BEACH,02-3116000,25.1846,55.2291
DOCIB CLINIC LLC (LULU),DXB,CLINIC,AMMAN STREET,LULU VILLAGE BUILDING 13-20,04-2544123,25.2848,55.4106
MUHAISNA SPECIALIST MEDICAL CTR (AVIVO),DXB,CLINIC,AMMAN ROAD 24TH ST,AL BARSHA CLINIC NEAR ANSARI EXCHANGE,04-2644034,25.2617,55.4247
MUHAISNA STAR PHARMACY (AVIVO),DXB,PHARMACY,AMMAN ROAD 24TH ST,AL BARSHA CLINIC NEAR ANSARI EXCHANGE,04-2644034,25.2612,55.4246
MULTI CARE MEDICAL CENTER LLC,DXB,CLINIC,,ALHGHAILGATE COMMUNITY LATIFABINSTREET AL QUOZ RESIDENTIAL,04-4245863,25.1491,55.2488
MULTI CARE PHARMACY LLC,DXB,PHARMACY,,ALHGHAILGATE COMMUNITY LATIFABINSTREET AL QUOZ RESIDENTIAL,04-424 5863,25.1475,55.2501
MUMTAZ AL NOOR EXPRESS PHARMACY LLC,DXB,PHARMACY,AL BARAHA,SULTHAN BLDG PLOT # 463-0,04-2579576,25.2801,55.3149
AL MUNIRA CLINIC,DXB,CLINIC,AL SOUK,ROYAL PHARMACY BUILDINGOPPOSITE ASCOT HOTEL,04-3522813,25.26,55.2917
MURAQABAT DENTAL CENTRE,DXB,DENTAL,MURAQABAT STREET,OFFICE # 304-306 3RD FLOOR TRAVEL MARKET BUILDING OPPOSITE AL BAKHIT CENTRE,04-2662843,25.2648,55.3295
AL MURJAN MEDICAL CENTER,DXB,CLINIC,3RD INTERCHANGE,102 BRASHY BUILDING NEAR SCANIA AL SHIRAWI ENT,04-3395575,25.2095,55.2727
MURSHID PHARMACY -LIFE,DXB,PHARMACY,,SHOP G9 G10 & G11 SAWAN BUILDING,04-8365843,25.2683,55.3008
PRIMACARE SPECIALITY CLINICS LLC (AVIVO),DXB,CLINIC,MUSALLA ROAD,MUSALLA TOWER AND MALL,04-3966123,25.2586,55.2984
AL MUSALLA MEDICAL CENTRE BR (AVIVO),DXB,CLINIC,BANK STREET; KHALID BIN AL WALEED RD,M FLOORMUSALLA TOWR KHALID BIN ALWALEED ROAD BUR DUBAI,04-3966123,25.2585,55.2989
AL MUSALLA PHARMACY - DXB (ASTER),DXB,PHARMACY,MUSALLA ROAD,NEAR VOLGA REST,04-3971291,25.2585,55.2982
MUSALLA TOWER PHARMACY (MUSALLA),DXB,PHARMACY,MUSALLA ROAD,MUSALLA TOWER MALL,04-3964118,25.2587,55.2986
MUSALLA SONAPUR PHARMACY (MUSALLA),DXB,PHARMACY,MUHAISNA-2 ST.,SHAKLAN SUPERMARKET BUILDING,04-2544461,25.2818,55.4202
MUSTAFA ALQAYSU MEDICAL CENTRE,DXB,CLINIC,AMMAN ST.,MAI TOWER  GROUND FLOOR .AMMAN STREET AL QUSAIS,04-8868823,25.288,55.3654
MVR CANCER CENTRE,DXB,CLINIC,,"FLORA INN HOTEL BLDG SHOP # 1, GROUND FLOOR AL GARHOUD",04-2327111,25.2436,55.3474
MY HEALTH DAY SURGERY CENTER LLC(ALSALAM,DXB,CLINIC,AL RIGGA ST.,336 AL GHURAIR TOWER 2,04-2522100,25.2744,55.316
NAHDI PHARMACY BR 3,DXB,PHARMACY,,SHOP 161 DUBAI HILLS MALL DUBAI HILLS ESTATE,050-1988079,25.1029,55.2382
NAD SHAMMA PHARMACY LLC,DXB,PHARMACY,2A St,SHOP NO:3 OLDKADOOLIBLG NEAR FIRE STATION,04-2514107,25.2245,55.3779
NAEEM PHARMACY,DXB,PHARMACY,NAKHEEL STREET,RAJADHANI REST,04-2212310,25.2738,55.3108
NAGEM DENTAL DIET & LASER CENTER LLC,DXB,CLINIC,,CBD E05 SHOP 1  OPPOSITE CHICK BAIT RESTAURANT INTERNATIONAL CITY,04-4564090,25.1691,55.407
NAGEM DENTAL CENTER LLC BRANCH,DXB,CLINIC,,BUSINESS CENTER BUILDING ROOM 506 17 A STREET AL BARSHA,04-3991115,25.1206,55.195
NAHDA  AL NASEEM  PHARMACY LLC,DXB,PHARMACY,,"GROUND FLOOR AL NAHDA BUILDING, BAGHADAD ST AL NAHDA",04-3859219,25.2925,55.3724
NAHDI PHARMACY BR 1 DUBAI HILLS,DXB,PHARMACY,,PARK HEIGHTS 2 DUBAI HILLS ESTATE DUBAI HILLS,050-4548628,25.1191,55.2461
NAHDI PHARMACY BR 2,DXB,PHARMACY,,GHALIA TOWER SHOP 16 AL BARSHA SOUTH AL BARSHA 4,050-2825807,25.0533,55.1989
NAHDI PHARMACY LLC,DXB,PHARMACY,,SHOP E35 2ND FLOOR NAKHEEL MALL PALM JUMEIRAH,04-3368400,25.118,55.1389
NAHDI PHARMACY- AL WASL,DXB,PHARMACY,,UNION COOP AL WASL ROAD JUMEIRAH 1,054-9961652,25.2284,55.2656
NAIF MEDICAL CENTER,DXB,CLINIC,,AL LOOTAH BUILDINGNEAR RASHID NAIF ROAD NAIF,04-2716224,25.2752,55.3089
DR. KHALID AL NAJAR CLINIC,DXB,DENTAL,MAKTOUM STREET,AL REEM TOWER FLAT 505 5TH FLOOR,04-327919104-2221009,25.2613,55.3212
NAJMA AL MUSALLAH PHARMACY L L C,DXB,PHARMACY,AL WAHA ST,"OBEROI PROPERTIES  SHOP NO. 1 GROUND FLOOR, AL WAHA STREET AL QOUZ 3",04-3381967,25.1585,55.251
NAJMAT AL SHAMS PHARMACY LLC,DXB,PHARMACY,,GRND FLR NEAR ABIDOS HOTEL APARTMENT DU DUBAI LAND,04-2544123,25.0901,55.3795
NAKHEEL PHARMACY FZ-LLC,DXB,PHARMACY,OUD METHA ROAD,NO.26 AL BAKER BUILDING NEXT TO MASHREQ BANK,04-4370530,25.2327,55.3264
NEW AL HADIGA PHARMACY-LIFE,DXB,PHARMACY,HADIQA STREET,WASL SQUARE BUILDING,04-3791553,25.1859,55.2404
MURANO POLY CLINIC,DXB,DENTAL,MAKTOUM STREET,OLD DOHA CENTER 2ND F 202 NEAR QATAR AIRW,04-2980019,25.1863,55.2729
LIFE CLINIC JUMEIRAH,DXB,CLINIC,,20 D AL WASL AL WASL ROAD,04-3441122,25.216,55.2509
NATURE'S LIFE PHARMACY L.L.C-LIFE,DXB,PHARMACY,AL WASL ROAD,OPP. EMIRATES NBD,04-3441122,25.2124,55.2578
NEW BETTER LIFE PHARMACY-KMC,DXB,PHARMACY,INDUSTRIAL AREA 3,NEXT AL KARMA MEDICAL CENTER,04-3466097,25.1314,55.2211
NEW EMIRATES MEDICAL CENTRE,DXB,CLINIC,RIGGA STREET,202; F-2; ALHAWAI BUILDING NR.AUTOMATIC REST,04-2283555,25.2642,55.3234
NETCARE CLINIC,DXB,CLINIC,DHIYAFA ROAD,OFFICE # 107 1ST FLOOR DUBAI ISLAMIC BANK BUILDING,04-3988838,25.2378,55.2762
NEUROPEDIA CHILDRENS NEUROSCIENCE CENTER,DXB,CLINIC,BEACH RD,VILLA 24 OPP DUBAI OLD ZOO,04-3431113,25.2221,55.2554
NEW ADVANCED CARE PHARMACY LLC,DXB,PHARMACY,,SEIHSHOWEB 4 LABOUR CITY 2 DUBAI INDUSTRAIL AREA,04-3807807,24.8287,55.0814
NEW AL NAHDA PHARMACY-LIFE,DXB,PHARMACY,BAGHDAD STREET,LOOTHA BLD,04-2672855,25.2887,55.3683
NEW AL QOUZ PHARMACY (ASTER),DXB,PHARMACY,QOUZ 1,OLD GRAND MALL BUILDING NR. DR. MOOPENS MEDICAL CENTER,04-3385854,25.1485,55.2461
NEW AL SUWAIDI PHARMACY LLC,DXB,PHARMACY,,NAEMA ALI BUAMIM BUILDING NEAR AL SATWA ROUND  ABOUT SATWA,04-3859219,25.2194,55.2729
NEW COSMOPOLITAN PHARMACY,DXB,PHARMACY,,NEAR NASSER MASJID AL NAKHAL ROAD DEIRA,04-2293561,25.2712,55.3089
NEW DOHA PHARMACY LLC-LIFE,DXB,PHARMACY,SHEIKH ZAYED ROAD,NEAR CROWN PLAZA NBD BUILDING,04- 3328385,25.2236,55.2817
NEW GRAND MURQABAT PHARMACY-LIFE,DXB,PHARMACY,MURAQABAT STREET,AL MURAQABAT BUILDING,04- 255 2275,25.2653,55.3266
NEW GRAND 1 PHARMACY-LIFE,DXB,PHARMACY,KHALID BIN WALID ST,MANKHOOL BLDG,04-3518474,25.2567,55.3005
NEW HEALTH SIGN PHARMACY L.L.C,DXB,PHARMACY,,"SHOP #2, BOOKASH BUILDING NEAR ASTORIA HOTEL BURDUBAI",04-3208755,25.246,55.2951
NEW AL KANZ PHARMACY BR R-LIFE,DXB,PHARMACY,FIRST AL KHAIL ST,SHOP MAG 214 MOHAMMED IBRAHIM TOWER,04-5521830,25.0769,55.1469
"LIFE CLINIC JLT, J CLUSTER",DXB,CLINIC,,J2 TOWER CLUSTER J JUMEIRAH LAKE TOWERS,04-3441122,25.0777,55.1472
NEW MAMZAR PHARMACY -LIFE,DXB,PHARMACY,CENTURY SHOPPING MALL BLDG,NR. AL MAHAB SCHOOL,04-2967710,25.2909,55.3466
NEW MAZAYA PHARMACY-LIFE,DXB,PHARMACY,,MAZAYA CENTER,04-3284862,25.1996,55.2657
NEW MEDILIFE MEDICAL CENTER LLC,DXB,CLINIC,,BUILDING MATERIAL MARKET AL WARSAN GRND FLOOR RAS AL KHOR,04-2888315,25.1624,55.462
NEW MEDILIFE PHARMACY LLC,DXB,PHARMACY,,BUILDING MATERIAL MARKET AL WARSAN GRND FLOOR RAS AL KHOR,04-2888315,25.1623,55.4622
NEW MOTOR CITY PHARMACY-LIFE,DXB,PHARMACY,,BLOCK B,04-4474022,25.0464,55.2416
GREEN CITY MEDICAL CENTER  LLC,DXB,CLINIC,,OBROY BUILDING FIRSTFLOORALQUOZ INDUSTRIAL AREA4,04-3333 450,25.1653,55.2494
NEW RASHED PHARMACY,DXB,PHARMACY,,RASHID HOSPITAL  SHOP NO. 5 OUD MEDHA DUBAI  OUD MEDHA,04-3338796,25.244,55.3181
NEW SANAIYA CLINIC - BR,DXB,CLINIC,,2INSIDEAKMARTDUBAIINVESTMENTPA  DIP,800-7400,24.9797,55.1592
NEW AL SHIFA PHARMACY (ASTER),DXB,PHARMACY,INTERNATION CITY,NR DRAGON MAR BUILDING NO. V-20 SHOP NO 10,04-4227474,25.1829,55.4071
NEW SILICON PHARMACY BR OF LIFE PHARMACY,DXB,PHARMACY,,RETAIL 01 LE PRESIDIUM TOWER,04-320 4410,25.1108,55.3767
NEW SPRING PHARMACY (BR OF LIFE PHARMACY,DXB,PHARMACY,,UNIT NO. NSPV-FF-26  THE NEW SPRING VILLAGE,04 5610000,26.4116,54.9895
NEW VISION EYE CENTER FZ-LLC,DXB,CLINIC,OUD METHA RD,AL RAZI 64 3008 3RD FLR NEAR EMIRATES NBD,04-4519595,25.234,55.3182
MAG CLINIC,DXB,CLINIC,SHEIKH ZAYED ROAD,NEAR IBIS HOTEL SHEIKH ZAYED ROAD SHEIKH ZAYED ROAD,04-3794444,25.1146,55.1834
NICE LIFE PHARMACY(BR OF ASTER PHARMAC,DXB,PHARMACY,,"GROUND FLOOR, SHOP NO:AG 12, AL HUDAIBA AWAR JUMEIRAH 1",04-5467076,25.2321,55.2619
NIGHTINGALE HEALTH SERVICES CO,DXB,CLINIC,,1801 AL AMERI TOWER  18TH FLR SHEIKH ZAYED ROAD AL BARSHA HEIGHTS,04-3203847,25.1034,55.1773
NILE PHARMACY LLC,DXB,PHARMACY,HOR AL ANZ STREET,AL SHAAB COLONYBESIDE AL SHAAB SUPERMARKET  HOR AL ANZ,04-2660132,25.2835,55.3398
NEW LOTUS MEDICAL CENTER,DXB,CLINIC,DAMASCUS STREET,201 DUBAI COOP SOCIETY BUILDING ABOVE SUNRISE SUPERMARKET,04-2619795,25.2754,55.3826
NEW MANKHOOL PHARMACY (JUPITER),DXB,PHARMACY,KHALID BIN WALID STREET,VILLA 108,04-3858580,25.2451,55.298
NMC ROYAL HOSPITAL-DIP,DXB,HOSPITAL,SHEIKH ZAYED RD OAKWOOD ROAD,NEAR HAPPY VALLEY OPPOSITE FALCON HOUSE,04-8108715,25.003,55.1539
NMC DIC CLINIC AND PHARMACY WARSAN,DXB,CLINIC,,SHOP NO 11820 CHINA CLUSTER WARSAN,04-8108808,25.1664,55.4167
NEW MEDICAL CENTRE LLC,DXB,CLINIC,ABU HAIL ROAD,MEZZANINE FLOOR NEW SAFIYA BUILDING,04-268980004-2683131,25.2805,55.3454
NMC SPECIALTY HOSPITAL DIP,DXB,HOSPITAL,,AL ZAROUNI BLDG. WEST GATE 1 GREEN COMM. VILL.,04-8108715,25.0101,55.1588
NMC DIC CLINIC AN PHARMACY BR-AL WARSAN,DXB,PHARMACY,,GROUND FLOOR CHINA CLUSTER AL WARSAN,04-8108808,25.1984,55.4159
NMC POLYCLINICS (DP WORLD),DXB,CLINIC,,DP WORLD CLINIC DP WORLD PORT JEBAL ALI FREEZONE,04 889 6399,24.9828,55.0722
NMC SPECIALTY HOSPITAL - DUBAI(NMC),DXB,HOSPITAL,7 A STREET,BEHIND AL MULLA PLAZA NAHDA,04-2679999,25.3028,55.3673
NEW AL- MUSALLA MEDICAL CENTRE- MUSALLA,DXB,CLINIC,MUHAISNA-2 ST.,SHAKLAN SUPERMARKET BUILDING,04-2641449,25.2802,55.4196
NOOF PHARMACY (MADINAH),DXB,PHARMACY,,MUSHAIRAH HOWAIDAN BLDG BELOW SARA CLINIC,04-8522988,24.8461,56.0404
NOOM MEDICAL CLINIC LLC,DXB,CLINIC,TALAL HYPERMARKET,SHOP NO 1,04-5693338,24.837,55.0963
NOOM PHARMACY LLC,DXB,PHARMACY,TALAL HYPERMARKET,SHOP NO 2,04-5693338,24.837,55.0963
NOORA POLYCLINIC,DXB,CLINIC,,FLAT NO. 5 BUILDING NO. 14 OPP MAKTOUM HOSPIT STREET DEIRA,04-2246364,25.263,55.2904
NOOR  AL AHALIA PHARMACY,DXB,PHARMACY,AL ITTIHAD ST,G-01 GROUND FLOOR / AL LITTIHAD ROAD AL MULLA PLAZA SIGNAL MAMZAR CENTRE,04-2526880,25.2858,55.3417
NOOR AL IMAN PHARMACY-LIFE,DXB,PHARMACY,,SHEIKH ESSA TOWER,04-3861263,25.1654,55.2126
NOOR ALMADINA PHARMACY L.L.C,DXB,PHARMACY,,"FNC CAMP BUILDING NO: 101, GROUND FLOOR AL QUOZ 3",04-3306606,25.1544,55.2441
NOOR AL SHEFA CLINIC BRANCH 4,DXB,CLINIC,,MEENA RETAIL BUILDING  JAFZA WEST,04-8844666,24.9575,55.0589
AL NOOR POLYCLINIC (AMBER-GHI),DXB,CLINIC,NAIF ROAD,F-1; SAIF CENTER OPP. ALFUTTAIM MOSQUE,04-2233324,25.292,55.3132
NOOR AL MAMZAR PHARMACY-LIFE,DXB,PHARMACY,AL DOHA STREET,SHOP # 18 AB PLAZA 1 NEAR CANADIAN SPECIALIST HOSP,04-2669299,25.2788,55.3497
AL RASHIDIYA AL NOOR POLYCLINIC 24 HRS AVAILABILITY,DXB,CLINIC,BIN SOUGATH CENTRE STREET,AL NOOR POLYCLINIC BUILDING BEHIND BIN SOUGATH CENTRE,04-2862410,25.2327,55.3841
AMBER CLINICS (AMBER-GHI),DXB,CLINIC,RIGGA STREET,AL RIGGA BUSNIESS CENTER,04-2309100,25.2654,55.3214
AL NOOR POLYCLINIC-SATWA (AMBER-GHI),DXB,CLINIC,HUDAIBA STREET,AL BAKHITA BUILDING OPP LAL'S SUPERMARKET,04-3498100,25.2296,55.2739
NEW MEDICAL CENTRE,DXB,CLINIC,,"1ST FLOOR NESTO HYPERMARKET, N NEW WEST ACCOMMODATION JAFZA",04-8808856,24.956,55.0571
AL NOOR VILLAGE PHARMACY LLC,DXB,PHARMACY,GF MANGO HYPERMARKET,SHOP NO 21,04-3246295,25.28,55.392
NOOR AL SHEFA CLINIC,DXB,CLINIC,ZAYED IBN SULTAN STREET,1ST FLOOR JEBEL ALI MALL INDUSTRIAL AREA 1,04-8878155,25.0054,55.1039
NORTH AMERICAN LASIK AND EYE SURGERY CEN,DXB,DAY CARE,,"VILLA NO :1 NEAR TO IRANIAN HOSPITAL AL WASL ROAD,JUMEIRA 1",04-3447766,25.2255,55.2656
NORTHWEST CLINIC DAY SURGICAL PHARMACY,DXB,PHARMACY,UMM SUQEIM 2 AL WASL ROAD,VILLA 935 G+1,04-3842000,55.213,25.1505
NORTHWEST CLINIC FOR DAY SURGICAL LLC,DXB,CLINIC,AL WASL ROAD,VILLA 935 G+1 NEAR J3 MALL,04-3307117,25.1528,55.2109
NOVA ADVANCED CARE PHARMACY LLC,DXB,PHARMACY,BLDNG 32A STREET M.,SHAKLAN HYPERMARKET BLDNG 32A STREET MUHAISNAH 2,04-3807807,25.2688,55.4344
NOVOMED CENTERS PHARMACY,DXB,PHARMACY,,RM 3006 30TH FLOR MARINA PLAZA DUBAI MARINA,8006686,25.0779,55.1397
NOVO PHARMACY BRANCH,DXB,PHARMACY,,"GALLARIA SHOPING MALL, HAYAT DEIRA",971 4 220 411,25.2891,55.3035
NOVOMED PHARMACY LLC,DXB,PHARMACY,,AL YAHOOM STREET GROUND GLOOR MARINA PLAZA,04-5576235,25.0751,55.14
NOVO PHARMACY LLC MURRAQABAT,DXB,PHARMACY,,"AL BAFTA GRAND DEIRA, G-FLOOR,AL MURAQABAT DEIRA",04-5474214,25.2666,55.3222
NOVOMED SPECIALIZED SURGICAL HOSPITAL,DXB,HOSPITAL,,UMMSEQUIEM  UMM SUQEIM,04-5542121,25.1353,55.1968
NEW PLANET PHARMACY SOUTH RIDGE-JULPHAR,DXB,PHARMACY,SOUTH RIDGE TOWER 1,NEAR BURJ KHALIFA AND DUBAI MALL,04-4329158,25.1971,55.2707
NEW SANAIYA CLINIC-BR HORALANZ (SANAIYA),DXB,CLINIC,HOR AL ANZ,HOR AL ANZ ALI MESMAR BLDG NR EMIRATES DRIVING INST,04-2681333,25.2767,55.3316
NEW SANAIYA CLINIC (SANAIYA),DXB,CLINIC,NXT TO MADINA SUPERMARKET,GND FLR AL ABAAR COMPLEX,04-2648101,25.273,55.4282
NEW SANAIYA PHARMACY (SANAIYA),DXB,PHARMACY,NXT TO MADINA SUPERMARKET,AL ABBAR COMPLEX,04-2648202,25.2982,55.4257
NEW SUPERCARE PHARMACY- MEDIA CITY,DXB,PHARMACY,CNBC BLDG #7,NR. NAKHEEL METRO STATION AND HSBC,04-3902445,25.1083,55.1631
NOOR AL SHEFA CLINIC 3,DXB,CLINIC,,JAFZA MALL,04-8817530,24.9522,55.0833
NOOR AL SHEFA CLINIC AWEER,DXB,CLINIC,RAS AL KHOR,UNION CO-OP SOCIETY,04-3886601,25.1757,55.3869
NOOR AL SHEFA CLINIC AL QUOZ BRANCH,DXB,CLINIC,AL WAHA STREET,107 AL GHURAIR INTL EXCHANGE,04-3807636,25.16,55.2508
NEW SMILE PHARMACY AL QOUZ,DXB,PHARMACY,KHAIL GATE,ALAWQAF BUILDING 1,04-3381330,25.1329,55.2535
NUCLEUS CLINIC L.L.C,DXB,CLINIC,,AL FATTAN MARINE TOWER OPPOSITE RIXOS HOTEL JBR WALK,04-3437900,25.0797,55.136
NEW FATHIMA MEDICAL CENTER (FMC),DXB,CLINIC,MUSALLA ROAD,OFFICE # 101 1ST FLOOR AL SHARAFA BUILDING NEAR AL MUSALLA TOWER,04-3528428,25.2589,55.2976
NEW MEDI PRIME PHARMACY,DXB,PHARMACY,UMM HURAIR STREET,HAMRIYA PALACE 2,04-3979636,25.2477,55.3133
"NEW BIN SINA PH, DHCC (ALPHAMED)",DXB,PHARMACY,OUD METHA ROAD,HMC BUILDING # C/P 55,04-4298242,25.2328,55.321
OASIS LIFE PHARMACY-LIFE,DXB,PHARMACY,DUBAI RESIDENTIOASIS,DUBAI RESIDENTIAL OASIS ATTACHED WELCARE,04-2586774,25.2821,55.3895
OASIS PHARMACY LLC,DXB,PHARMACY,Sheikh Zayed Rd,BLOCK -A WORLDTRHOTEL OPPOSITE  METRO STATION,04-3313391,25.2267,55.2855
OCCHIALI OPTICS(L.L.C EMIRATES MALL),DXB,OPTICS,,"MALL OF EMIRATES LEVEL G, STORE 217 SHEIKH ZAYED ROAD, AL BARSHAA",04-3414020,25.119,55.2022
OCCHIALI VISION INTERNATIONAL(L.L.C DUBA,DXB,OPTICS,,"SHOP NO 164 L02 LEVEL,  THE DUBAI MALL",04-4341303,25.2043,55.2813
OCCHIALI VISION INTERNATIONAL LLC BRANCH,DXB,OPTICS,,UNIT NO. BJC/GF/0009B NEAR CARREFOUR BURJUMAN CENTRE,04-3200686,25.2586,55.3007
OCCHIALI OPTICS(MIRDIF CITY CENTER),DXB,OPTICS,,SHOP NO.H018 FLOOR NO.1ST FLOOR MIRDIFF CITY CENTRE,04-2845905,25.2167,55.4086
OKARE PHYSIOTHERAPY CENTER,DXB,CLINIC,,UPTOWN MIRDIFF MIRDIFF UPTOWN,04-2323332,25.2237,55.4243
OMAN PHARMACY,DXB,PHARMACY,,AL BUDOOR BLDNG BANIYAS SQUARE  BANIYAS,04-2222071,25.269,55.3044
OPEN MINDS PSYCHIATRY COUNSELLING AND NE,DXB,CLINIC,,"THE ONE TOWER SUITE 904, 905 9TH FLOOR TECOM,AL BARSHA",04-8761444,25.1037,55.1739
OPEN MINDS PSY COUNSELLING NEUROSC CENTR,DXB,CLINIC,DUBAI SILICON OASIS,SILICON CENTRAL B1 E007-009,04-3984992,25.1214,55.3753
OPENMINDS PSYCHIATRY CENTER PHARMACY,DXB,PHARMACY,AL BARSHA,THE ONE TOWER FLAT NO 902-905 9TH FLOOR,04-87614444,25.1126,55.1935
OPTIMUM DIAGNOSTIC CLINIC DMCC,DXB,CLINIC,SHEIKH ZAYED ROAD,FLAT806/807 X3 TOWER NEAR DAMAC METRO STN,04-3605222,25.081,55.1519
ORBIT  STAR PHARMACY  LLC,DXB,PHARMACY,,SHOP ? 5 -AL ATTAR BUSINESS AV NEAR MUHAISNAH MADINA MAL AL BARSHA,04-2348918,25.1089,55.1837
ORTHOCURE MEDICAL CENTER,DXB,CLINIC,47TH STREET,9002-A GROUND AL BARAJEEL UPTOWN MIRDIF ALGERIA,04-2888812,25.233,55.4322
OUR CARE AND CURE MEDICAL CENTER LLC,DXB,CLINIC,,SUHAIL SALEEM SAED BUILDING SHOP NUM-8 JEBAL ALI INDUSTRIAL AREA,056-1619127,25.1558,55.2485
OXFORD MEDICAL CENTER,DXB,CLINIC,,ROOM 603 6TH FLOOR AL RAIS CENTER BLDG AL RAFFA,04-2850185,25.3175,55.2889
PALACE PHARMACY (LUQMAN GRP),DXB,PHARMACY,,ABU HAIL STREET HOR AL ANZ HADEER SUPERMARKET DEIRAH,04-2690606,25.2829,55.3367
PALM STRIP PHARMACY - JUMEIRAH -LIFE,DXB,PHARMACY,JUMEIRAH BEACH ROAD,DUBAI PALM STRIP MALL GROUND FLOOR,04-3862335,25.2345,55.2647
PANACEA MEDICAL & WELLNESS CENTER,DXB,CLINIC,TARIQ BIN ZIYAD ROAD,TARIQ BIN ZIYAD ROAD,04-3582020,25.251,55.3109
PANACEA PHARMACY REEF (ASTER),DXB,PHARMACY,SALAHUDDIN ROAD,REEF MALL NR TO ANSAR GALLERY,04-2239805,25.2698,55.3227
PANORAMA RX PHARMACY (IMARA),DXB,PHARMACY,JEBEL ALI RACE COURSE ROAD,PANORAMA BUILDING NEXT TO REGENT INTL SCHOOL,04-4557256; 04-2617175,25.1233,55.1708
PARADISE PLUS POLY CLINIC,DXB,CLINIC,,RITAJ COMMUNITY CENTRE 1ST F ALYALAIS STREET DUBIA INVESTMENT PARK 2,04-8848270,24.9869,55.2028
PARADISE PLUS PHARMACY LLC,DXB,PHARMACY,,RITAJ COMMUNITY CENTRE 1ST F ALYALAIS STREET DUBIA INVESTMENT PARK 2,04-8848270,24.987,55.2029
PARK DENTAL CLINIC,DXB,DENTAL,,MARDOOF BUILDING SHEIKH ZAYED ROAD AL SAFA 1,04-3466111,25.1765,55.2447
PARK BETTER LIFE PHARMACY-KMC,DXB,PHARMACY,RTA BUS TERMINALS STREET,PARK SHOPPING CENTER,04-8858574,24.9759,55.2017
PEARL MEDICAL CLINIC,DXB,DENTAL,BANIYAS ROAD,FLAT 103 104 1ST FLOOR ABOVE JESCO SUPERMARKET,04-2249481,25.268,55.3055
PEARLS POLYCLINIC,DXB,CLINIC,WUHEIDA ROAD,AL KHALAFY BUILDING NEAR TELECOMMUNICATIONS REGULATORY AUTHORITY,04-2387788,25.2862,55.3517
MY PEDIA CLINIC FZ-LLC,DXB,CLINIC,,FLAT 1011 AL RAZI BLDG 64,04-4305926,25.234,55.318
PH DIAGNOSTICS LLC,DXB,DIAGNOSTIC CENTER,BANK STREET AL MANKHOOL,OPP NBQ NEAR BURJUMAN METRO,04-3543350,25.2561,55.3011
PHARMA ONE PHARMACY DXB (BAIT AL MAQDES),DXB,PHARMACY,BEIRUT ST.,FATHIMA BLDG. CLOSE TO EPPCO PETROL STN,04-2631107,25.2638,55.3431
PHARMACHOICE PHARMACY -BR SULAIMAN HABIB,DXB,PHARMACY,,BUILDING NO. 57 DR. SULAIMAN AL HABIB HOSPITA DUBAI HEALTHCARE CITY,04-4297777,25.2316,55.3208
PHARMA CHOICE PHARMACY BR2,DXB,PHARMACY,,BUILDING 55 SULAIMAN HOSPITAL DHCC,04-4297777,25.2339,55.3182
PHARMACHOICE PHARMACY OWNED BY DR SULAIM,DXB,PHARMACY,,"INDIGO CENTRAL 1 PLOT 357-0709 AL SAFA 2,SHEIKH ZAYED ROAD",04 581 3333,25.2319,55.3206
PHARMA ZONE PHARMACY DIP L L C,DXB,PHARMACY,,SOUQ EXTRA MALL OPP. AL MAYA SUPERMARKET DIP,04-8800001,24.9991,55.1811
PHYSIOVEDA MEDICAL CENTER LLC KARAMA,DXB,CLINIC,KARAMA,FLAT NO 201 KANOO GROUP,04-3215520,25.2591,55.2882
PHYSIOVEDA MEDICAL CENTER,DXB,CLINIC,,VILLA 181B NEAR AL GHAZAL MALL AL WASL ROAD,04-3328081,25.2371,55.2714
PIC PAX NEU PHARMACY,DXB,PHARMACY,NAIF,NAIF ARCADE,04-2889955,25.272,55.3098
PIC PAX PHARMACY L.L.C,DXB,PHARMACY,,AL GHURAIR CENTRE AL RIGGA ROAD DEIRA,04-4197225,25.2676,55.313
PREMIER DIAGNOSTIC CENTER LLC,DXB,CLINIC,SALAHUDDIN ROAD,OPP. REEF MALL,04-2208899,25.2708,55.3235
PREMIER PHARMACY-LIFE,DXB,PHARMACY,HAMARAIN CENTER,HAMARAIN CENTER,04-2699215,25.2672,55.33
PRIMACARE PHARMACY (PRIMACARE),DXB,PHARMACY,BANK ST,MUSALLA TOWER KHALID BIN AL WALID,04-3705080,25.2607,55.298
PRIME MEDICAL CENTER DUBAI AIRPORT,DXB,CLINIC,,DUBAI INTERNATIONAL AIRPORT TERMINAL 1 ARRIVAL,04-7070999,25.2493,55.3507
PRIME MEDICAL CENTER BARSHA HEIGHTS BR,DXB,CLINIC,SHEIKH ZAYED ROAD,THE ONYX TOWER 1 GROUND FLOOR SHEIKH ZAYED ROAD,04-7070999,25.0977,55.169
PRIME MEDICAL CENTRE,DXB,CLINIC,,REEF MALL 2ND FLOOR SALAHUDDIN STREET DEIRA,04-2720720,25.2708,55.3222
PRIMECORP MEDICAL CENTER AL QOUZ,DXB,CLINIC,,MEZZANINE FLR OF IBRI HOUSE SHEIKH ZAYED ROAD AL QOUZ INDUSTRIAL AREA 1,04-7070999,25.2296,55.2868
PRIMECORP MEDICAL CENTER LLC JABAL ALI B,DXB,CLINIC,,ALEC CAMP 12 JABAL ALI INDUSTRIAL  FIRST G0 JABAL ALI,04-7070999,25.0102,55.1071
PRIMECORP MEDICAL CENTER AL QUSAIS,DXB,CLINIC,,AL QUSAIS INDUSTRIAL AREA 2,04-7070999,25.2812,55.3879
PRIMECORP MEDICAL CENTER AL WARSAN PH,DXB,PHARMACY,,DUBAI MUNCIPALITY LABOUR ACCOMADATION AL WARSAN 3,04-7070999,25.1589,55.4638
PRIMECORP MEDICAL CENTER AL WARSAN,DXB,CLINIC,,DUBAI MUNCIPALITY LABOUR ACCOMADATION AL WARSAN,04-7070999,25.148,55.3889
PRIMECORP MEDICAL CENTER DIP - BR,DXB,CLINIC,,BLDG33 AL FUTTAIM ACCOMODATION,04-7070999,24.9721,55.1989
PRIMECORP MEDICAL CENTER DIP PHARMACY,DXB,PHARMACY,JEBEL ALI SECOND,DEWA BUILDING,04-7070999,25.0593,55.1183
PRIMECORP MEDICAL CENTER DWC,DXB,CLINIC,,DUBAI AVIATION ENGR PROJECT AL MAKTOUM INT'L AIRPORT,04-7070999,24.8977,55.1431
PRIME HOSPITAL LLC -PRIME GROUP,DXB,HOSPITAL,CASABLANCA ST,OPP MILLENIUM AIRPORT HOTEL,04-2929777,25.2638,55.3447
PRIME MEDICAL CENTER MAJAN,DXB,CLINIC,NADD AL HAMAR,GROUND FLOOR UNION COOP,04-7070999,25.0858,55.3021
PRIME MEDICAL CENTER (MIZHAR BRANCH),DXB,CLINIC,KHAWANEEJ ROAD,ARABIAN CENTER BUILDING,04-2845522,25.2345,55.4354
PRIME MEDICAL CENTER MOTOR CITY(PRIME),DXB,DENTAL,,MOTORCITY,,25.0469,55.2404
PRIME MEDICAL CENTER NADD AL HAMAR,DXB,CLINIC,NADD AL HAMAR,UNION COOP,04-7070999,25.1921,55.3928
MEDI PRIME PHARMACY NADD AL HAMAR,DXB,PHARMACY,NADD AL HAMAR,UNION COOP BLDG,04-7070999,25.1921,55.3928
PREMIER DIAGNOSTIC CENTER ALMIZHAR,DXB,CLINIC,AL MIZHAR 1,BASEMENT ARABIAN CENTER,04-7070999,25.2343,55.4356
MEDI PRIME PHARMACY AL QUSAIS,DXB,PHARMACY,DAMASCUS STREET,INSIDE AL QUSAIS PLAZA,04-6079876; 04-6079928,25.2814,55.3879
PRIME MEDICAL CENTER - RTA,DXB,CLINIC,,BLOCK C GROUND FLOOR RTA HEADQUARTERS,04-7070999,25.2343,55.3563
MEDIPRIME PHARMACY RTA,DXB,PHARMACY,,BLOCK C GROUND FLOOR RTA HEADQUARTERS,04-2720720,25.2343,55.2613
PRIME MEDICAL CENTER AL WARQA,DXB,CLINIC,,AL WARQA CITY MALL TIPOLI STREET AL WARQA,04-7070999,25.2066,55.4265
MEDI PRIME PHARMACY MOTOR CITY LLC,DXB,PHARMACY,,MOTOR CITY,,25.047,55.2405
PRIME MEDICAL CENTER (SHEIKH ZAYED ROAD),DXB,CLINIC,SHEIKH ZAYED ROAD,SHOP NO 1205A 2ND FLR OASIS MALL,04-3389389,25.1698,55.2422
PRISTINE PHARMACY-LIFE,DXB,PHARMACY,WAFI MALL GROUND FLOOR,NR. MEDICLINIC CITY HOSPITAL AND DHCC METRO STATION,04-3852248,25.2293,55.3182
PROFESSOR SAKLA SPANISH EYE CLINIC L.L.C,DXB,DAY CARE,Sheikh Zayed Rd,OFFICE NO. 119 SHEIKH ZAYED STREET UMM ALSHEIF,04-3243244,25.1317,55.2116
AL QASAIS STAR POLYCLINIC,DXB,CLINIC,DAMASCUS STREET,ABDUALLAH AL SAED BUILDINGFIRST FLOOR#132,04-2580411,25.2717,55.4232
PRIMECORP MEDICAL CENTER DEIRA,DXB,CLINIC,AL ROSTAMANI AREA,"SHK SAUD AL QASSIMI BLDG M FLR, OPP REEF MALL",04-3397548,25.2696,55.3221
MUSALAH AL QUOZE PHARMACY (AL KHAIL),DXB,PHARMACY,318TH ROAD,AL KHAIL MALL,04-3285928,25.1498,55.2454
DR. RADHAKRISHNAN  MEDICAL CENTRE,DXB,CLINIC,ABU BAKER AL SIDDIQUE ROAD,FLAT NO.1 M/F 123,04-2659270,25.2733,55.3301
DR. RADHI AL-HILOU ENT CLINIC,DXB,CLINIC,UMM HURAIR ROAD,ZABEEL BUILDING 1ST FLOOR FLAT 141,04-3370333,25.2409,55.307
AL RAFAH PHARMACY,DXB,PHARMACY,AL FALAH STREET,RTA MULTISTORY CAR PARKING BLD,04-3939402 04-3939383,25.2641,55.2909
AL RAFA POLYCLINIC - INTL CITY (ASTER),DXB,CLINIC,RUSSIAN CLUSTER,V-20 RUSSIAN CLUSTER BUILDING,04-4227944,25.1684,55.4033
AL RAFA POLYC BR  HEALTHCARE (ASTER)A+,DXB,CLINIC,TECOM,G/F ICON TOWER NEAR BYBLOS HOTEL,04-4534830,25.0979,55.174
AL RAHA MEDICAL CLINIC,DXB,CLINIC,KHALID BIN WALEED ROAD,AL ABBAS BUILDING # 1 NEXT TO CITY BANK,04-3517272,25.2578,55.3006
AL RAHA PHARMACY (ASTER),DXB,PHARMACY,KHALID BIN WALEED ROAD,NEAR YORK INTERNATIONAL HOTEL,04-3253383,25.2591,55.2967
RAHEQ ALAZHAR PHARMACY L.L.C,DXB,PHARMACY,,XPO MALL MADINAT HYPERMARKET APT 10 MALL JEBEL ALI INDUSTRIAL AREA,06-7432292,24.9953,55.121
AL RAIS PHARMACY,DXB,PHARMACY,MANKHOOL ROAD,AL RAIS SHOPPING CENTRE NEAR CHOITHRAMS,04-3519581,25.256,55.2944
RAK PHARMACY LLC,DXB,PHARMACY,AL WASL RD,VILLA 1165 RAK PHARMACY BLDG NEXT TO ENOC PETROL STN,04-3805080,25.2392,55.2716
RALS PHARMACY,DXB,PHARMACY,,BIN SHABIB MALL GF OPP MOHRE BAGHDAD STREET AL QUSAIS 1,04-2102900,25.2812,55.3803
RAMADA LIFE PHARMACY  LLC-LIFE,DXB,PHARMACY,FAHIDI STREET,NEAR HOTEL RAMADA,04-3528104,25.2591,55.2961
RAMADA PHARMACY,DXB,PHARMACY,,HOR AL NAZ NO.4 ABUHAIL HOR AL ANZ EAST,04-2661842,25.2778,55.3481
RAND PHARMACY (ZAHRA DXB),DXB,PHARMACY,SHEIKH ZAYED ROAD,AL SAFAA TOWER NEAR AL MOOSA TOWER,04-3315780,25.2168,55.2776
AL RASHIDIYA PRIVATE POLYCLINIC,DXB,CLINIC,AL FALAH STREET,RTA PARKING BLDG OPP: AMBASSADOR HOTEL,04-3939383,25.2639,55.2909
RASHID PHARMACY - ASTER(MOOPENS),DXB,PHARMACY,RIGGA ROAD,NEAR GUEST LINE HOTEL,04-2211739,25.2645,55.322
AL RAYAN PHARMACY-KMC,DXB,PHARMACY,BUS STAND,STAR OF KARAMA BUILDING,04-3347476,25.2432,55.3046
REAL 10 PHARMACY-LIFE,DXB,PHARMACY,,SHOP 1 ELITE BLDG OPP: LULU HYPERMARKET,04-3441122,25.1167,55.2062
REAL 3 PHARMACY-LIFE,DXB,PHARMACY,SHEIKH ZAYED ROAD,HAMARIAH PALACE 2,04-3575446,25.2651,55.3068
REAL 4 PHARMACY-LIFE,DXB,PHARMACY,,483 SHOP 3 ESCAPE TOWER NEAR BUSINESS BAY METRO,04-3441122,25.198,55.2627
REAL 5 PHARMACY-LIFE,DXB,PHARMACY,AMMAN STREET,RASHID BAKIT BUILDING NEXT TO CARREFOUR EXPRESS,04-3441122,25.2981,55.3825
REAL 6 PHARMACY-LIFE,DXB,PHARMACY,,SHOP # 1 AL SALAAM TOWER,04-3441122,25.2114,55.2742
REAL 7 PHARMACY JLT BR-LIFE,DXB,PHARMACY,,UNIT # GS03 PLOT # JLT PHASE 1-A3,04-5516506,25.0725,55.1415
REAL 7 PHARMACY DMCC BRANCH(LIFE),DXB,PHARMACY,,LAKE TERRACE CLUSTER D,04-3441122,25.0708,55.1403
REAL 7 PHARMACY-LIFE,DXB,PHARMACY,FIRST AL KHAIL ST,GROUND FLOOR E3,04-4391776,25.08,55.1398
REAL ONE PHARMACY-LIFE,DXB,PHARMACY,RAFAH STREET,AL BALOOCH BUILDING,04-3887704,25.2614,55.2918
OUTLET BY LIFE PHARMACY LLC,DXB,PHARMACY,AL KHAIL MALL,SHOP NO R1 & 12,04-3413745,25.1082,55.2257
DR.REENA BEEGUM CLINIC,DXB,CLINIC,OMAR BIN KHATAB STREET,OMAR BIN AL KHATAB BLD,04-2240060,24.9845,55.059
RELIEF PHARMACY,DXB,PHARMACY,NAIF ROAD,OPP FUTTAIM MOSQ HAJ MURAR,04-2285462,25.2756,55.3114
RESONANCE IMAGING AND DIAGNOSTIC CENTER,DXB,LABORATORY,,"VILLA NO 1204 UNION COOP AL WASL ROAD,UMM SEQUIM 2",04-3447766,25.144,55.207
REVIVE DENTAL CLINIC,DXB,DENTAL,,IBN SINA BUILDING 27 BLOCK C DUBAI HEALTHCARE CITY,04-2764269,25.2316,55.3261
RIGHT HEALTH PHARMACY,DXB,PHARMACY,,SHOP NO. 1 & 2 BACK OF BONANZA NEAR BURJUMAN METRO STN,04-3488818,25.2532,55.305
RIGHT HEALTH PHARMACY LLC,DXB,PHARMACY,,BLDG BLOCK 19 PLOT NO 54 SHOP NO 2 & 3,050-7754630,25.2591,55.4235
RIVOLI EYEZONE ARABIAN RANCHES,DXB,OPTICS,ARABIAN RANCHES 3,SOUK SHOP #3,05-27496834,25.062,55.3201
RIVOLI EYEZONE DUBAI CREEK HARBOUR,DXB,OPTICS,RAS AL KHOR,HV 06  HARBOUR VIEWS TOWER,05-62167147,55.3448,25.2052
RIVOLI EYEZONE DUBAI HILLS,DXB,OPTICS,DUBAI HILLS MALL,FF295 FIRST FLOOR ENTRANCE 2,05-02808260,25.1017,55.2389
RIVOLI EYEZONE DUBAI MARINA MALL,DXB,OPTICS,MARINA,GROUND FLOOR,05-66826519,25.0764,55.1404
RIVOLI EYEZONE OUTLET MALL 2,DXB,OPTICS,DUBAI OUTLET MALL,SHG95 RIVOLI EYEZONE EXT G FLOOR,05-05352976,25.0709,55.4009
RIVOLI EYEZONE OUTLET VILLAGE,DXB,OPTICS,OUTLET VILLAGE MALL,SHOP N14 GATE 7 G FLOOR,05-64143469,24.9112,55.0113
RIVIERA LIFE PHARMACY-LIFE,DXB,PHARMACY,,RIVIERA DREAMS BLDG,04-3441122,25.1851,55.4055
AVANTI MALL OF THE EMIRATES,DXB,OPTICS,MALL OF THE EMIRATES,J032B FIRST FLOOR NEAR HUGO BOSS CARREFOUR ENTRANCE,05-62057136,25.1179,55.1998
RIVOLI EYEZONE DEIRA CITY CENTRE,DXB,OPTICS,DEIRA CITY CENTRE,M004 FIRST FLOOR,05-66822863,25.2521,55.3318
RIVOLI EYEZONE DUBAI FESTIVAL CITY,DXB,OPTICS,DUBAI FESTIVAL CITY,SC084 GROUND FLOOR,05-02114828,25.2228,55.3519
RIVOLI EYEZONE DUBAI FESTIVAL PLAZA,DXB,OPTICS,FESTIVAL PLAZA,SU116 GROUND FLOOR,05-62057065,25.029,55.1079
RIVOLI EYEZONE DUBAI MALL [ FF ],DXB,OPTICS,THE DUBAI MALL,FF 135 FIRST FLOOR,05-64179374,25.1985,55.2786
AVANTI DUBAI MALL,DXB,OPTICS,THE DUBAI MALL,SF267 2ND FLOOR,05-61776547,25.198,55.276
RIVOLI EYEZONE DUBAI MALL,DXB,OPTICS,THE DUBAI MALL,TDMS 204 SECOND FLOOR,05-65347549,25.1969,55.2805
RIVOLI EYEZONE DUBAI MALL LOWER GROUND,DXB,OPTICS,THE DUBAI MALL,TDMLG188 WAITROSE ENTRANCE,05-02174365,25.1975,55.2764
RIVOLI EYEZONE AL GHURAIR,DXB,OPTICS,AL GHURAIR MALL,GB21 GROUND FLOOR,05-49905720,25.2691,55.3172
RIVOLI EYEZONE IBN BATTUTA,DXB,OPTICS,IBN BATTUTA,LBSGF185 GROUND FLOOR,05-65499153,25.0484,55.1233
RIVOLI EYEZONE MERCATO,DXB,OPTICS,MERCATO MALL,UNIT NO.08 FIRST FLOOR,05-07528003,25.2164,55.2527
RIVOLI EYEZONE MIRDIF CITY CENTRE,DXB,OPTICS,MIRDIF CITY CENTRE,G005 FIRST FLOOR OPPOSITE ANTLER STORE,05-01898038,25.2164,55.4071
RIVOLI EYEZONE WAITROSE MOTORCITY,DXB,OPTICS,MOTORCITY,R04 GROUND FLOOR,05-61880467,25.0417,55.2292
RIVOLI EYEZONENAKHEEL MALL,DXB,OPTICS,AKHEEL MALL,NKMF059A FIRST FLOO,05-49930103,25.1143,55.1389
DOCTOR M OASIS CENTRE,DXB,OPTICS,OASIS CENTRE,1012 GROUND FLOOR,05-01079705,25.1695,55.2418
RIVOLI EYEZONE OUTLET MALL,DXB,OPTICS,OUTLET MALL,G52 GROUND FLOOR,05-01895017,25.0729,55.3998
ROCK STAR PHARMACY (NOOR PHY),DXB,PHARMACY,,FLAT 10&11 YA CREEK HOTEL NEAR RTA PARKING,04-2348277,25.2726,55.3139
ROKEN ALKHALEJ PHARMACY-JULPHAR,DXB,PHARMACY,,EXECUTIVE TOWER,04-4587004,25.1905,55.2642
IBN ROSHD PHARMACY - DXB (MSC),DXB,PHARMACY,,REAL ESTATE BUILDING MEENA ROAD BUR DUBAI,3454518,25.2412,55.2745
IBN ROSHD MODERN PHARMACY (MSC),DXB,PHARMACY,,OPPOSITE EMIRATES MALL SHEIKH ZAYED ROAD BARSHA,04-3408786,25.1154,55.1942
ROTANA PHARMACY LLC,DXB,PHARMACY,,GROUND FLR AL MURR SAEED HOR AL ANZ,04-2387546,25.2834,55.3316
ROYAL GRAND PHARMACY-LIFE,DXB,PHARMACY,FRANCE CLUSTER,SHOP NO10 BLOCK P 13,04-4474078,25.1892,55.4111
ROYAL LIFE PHARMACY L.L.C-LIFE,DXB,PHARMACY,MANKHOOL STREET,MANKHOOL TOWERS,04-3529229,25.2613,55.2913
ROYAL MARINA PHARMACY-LIFE,DXB,PHARMACY,DUBAI MARINA,OPP LE ROYAL MERIDIEN HOTEL,04-4579134,25.0838,55.141
ROYAL MEMZAR PHARMACY LLC-LIFE,DXB,PHARMACY,OPP. AL MULLAH PLAZA,AL MAMZAR CENTER GROUND FLOOR,04-2659552,25.2802,55.3537
ROYAL PHARMACY L.L.C-LIFE,DXB,PHARMACY,KHALID BIN WALEED ROAD,OPP. HOTEL ASCOT,04-3522426,25.2735,55.2917
ROYAL RUBY PHARMACY,DXB,PHARMACY,,INSIDEAKMART  DIP,4-3791311,24.9798,55.1593
ROYAL SABA MEDICAL CLINIC,DXB,CLINIC,,SHOP 10 GF GREECE CLUSTER L02 INTERNATIONAL CITY,04-5807092,25.1578,55.4066
ROYAL SABA PHARMACY,DXB,PHARMACY,INTERNATIONAL CITY,SHOP 10,04-5830527,25.1578,55.4066
DR. SALAH AL RUBAIE CLINIC,DXB,CLINIC,MURRAKKABAT STREET,206 F-2 ABV.ALIA PHARMACY,04-2977716,25.2647,55.3292
RUBY CLINIC (SANAIYA),DXB,CLINIC,CHINA CLUSTER,GRND FLR DRAGON MART H6,04-4226899,25.163,55.416
RUBY PHARMACY (SANAIYA),DXB,PHARMACY,CHINA CLUSTER H6,GRND FLR DRAGONMART,04-4226899,25.1531,55.4257
RXNOW PHARMACY,DXB,PHARMACY,,SHOP 12 1ST FLOOR THE WINGS BLDG. AL BARSHA SOUTH 3RD ARJAN,04-5820999,25.0601,55.2413
RX PHARMACY (IMARA),DXB,PHARMACY,AL RAFFA STREET,ABDUL WAHEED FIKREE BUILDING AL GHUBAIBA BUS STATION,04-3555129; 04-2617175,25.2616,55.3762
SAFA SOCIETY PHARMACY L.L.C-LIFE,DXB,PHARMACY,WASL ROAD,UNION CO-OP BUILDING,04-3946618,25.1874,55.2395
SAFE WAY PHARMACY,DXB,PHARMACY,,AL KHALIL STREET JUMEIRAH VILLAGE CIRCLE DUBAI  JUMEIRAH VILLAGE CIRCLE,04-3638598,25.0546,55.2124
SAHARA STAR PHARMACY (NOVO),DXB,PHARMACY,,HAMRIYA SHOPPING CENTRE GROUND FLOOR ABU HAIL ROAD,06-5244660,25.2843,55.3409
SALAH ALDIN PHARMACY L.L.C-LIFE,DXB,PHARMACY,SALAH DIN ROAD,ABU HAIL,04-2728233,25.1139,55.3812
SALEEM POLYCLINIC (ASTER),DXB,CLINIC,SATWA ROAD,AL MORJANA PLAZA1121ST FLOOR,04-3495353,25.233,55.2773
CLINICARE SAMARI (IMARA),DXB,CLINIC,OMAN/HATTA ROAD,SAMARI RETAIL MALL NEXT TO SAMARI RESIDENCE,04-3322682; 04-2617175,25.1774,55.3762
SAMARY PHARMACY,DXB,PHARMACY,,JEBAL ALI INDUSTRIAL AREA NEAR TO JEBAL ALI MALL JEBAL ALI,04-8878011,25.0058,55.1036
SAMARY PHARMACY BRANCH LLC,DXB,PHARMACY,,"JAFZA MALL  JAFZA MALL,JEBAL ALI",04-44817530,25.006,55.1036
SAMER PHARMACY L.L.C-LIFE,DXB,PHARMACY,,SHEIK HAMDAN COLONY BUILDING,04-3971909,25.2479,55.3049
SHEFAA AL MADEENA PHARMACY,DXB,PHARMACY,AL TELAL 11,SHOP 2 NEAR MALL OF EMIRATES,04-3475988,25.1067,55.1991
SAMARI RX PHARMACY (IMARA),DXB,PHARMACY,OMAN/HATTA ROAD,SAMARI RETAIL MALL NEXT TO SAMARI RESIDENCE,04-3330538; 04-2617175,25.1774,55.3763
AL SANAIYA MEDICAL CLINIC - BR (SANAIYA),DXB,CLINIC,,AL GEMZI BLDG; ABOVE SAHAT AL MADINA SUPRMRKT,04-3407548,25.1231,55.2364
AL SANAIYA MEDICAL CLINIC (SANAIYA),DXB,CLINIC,NEAR MEDICAL FITNESS CENTR,GRND FLR BEL RASHEED BLDG,04-2543500,25.2661,55.4255
AL SANAIYA PHARMACY (SANAIYA),DXB,PHARMACY,ALGERIA STREET,BIN RASHID BLDG NEAR MEDICAL FITNESS CENTR,04-2543500,25.2668,55.4248
SANDS COMMUNITY PHARMACY (CHS),DXB,PHARMACY,AL SHARTA ST,EMIRATES CROWN TOWER 1 NEAR MARRIOT HOTEL,04-4243520,25.0883,55.1468
GOLDEN SANDS PHARMACY (ASTER),DXB,PHARMACY,MANKHOOL ROAD,AL AIN CENTRE BUILDING OPP AL KHALEEJ CENTRE,04-3511444,25.3082,55.3769
SANJEEVANI PHARMACY,DXB,PHARMACY,,FLAT 5 GF MEENA BLDG MUSSALLA ROAD  AL FAHIDI,04-3862999,25.2619,55.292
SARA PHARMACY-ASTER GRP,DXB,PHARMACY,TRADE CENTRE ROAD,NR.SPINNEYS,04-3593330,25.2489,55.3001
SUPERCARE PHARMACY ARABIAN PLAZA,DXB,PHARMACY,KHAWANEEJ STREET,ARABIAN PLAZA MALL,04-2845540,25.2358,55.4369
SUPERCARE PHARMACY ASWAAQ UMM SUQEIM,DXB,PHARMACY,UMM SUQEIM 3,ASWAAQ BUILDING,04-3306643,25.1371,55.197
SUPERCARE PHARMACY DCC (SUPERCARE GR),DXB,PHARMACY,BANIYAS STREET,DEIRA CITY CENTER,04-2501211,25.2522,55.3326
SUPERCARE PHARMACY FESTIVAL CITY,DXB,PHARMACY,DUBAI FESTIVAL CITY BLDG GROUND FLOOR,BELOW IKEA,04-2325577,25.2226,55.3556
SUPERCARE GARDENS PHARMACY,DXB,PHARMACY,DISCOVERY GARDENS,IBN BATUTA MALL PERSIAN COURT,04-3669800,25.0449,55.1205
SUPERCARE PHARMACY JLT,DXB,PHARMACY,SARYAT ROAD,AL SHERAA TOWER,04-4541157,25.0785,55.142
SUPERCARE PHARMACY DUBAI MALL,DXB,PHARMACY,DOHA STREET,DUBAI MALL,04-4341687,25.201,55.2792
SUPER CARE PHARMACY MIRDIF,DXB,PHARMACY,MIRDIF CITY CENTER,MIRDIF CITY CENTER,04-2839171,25.2168,55.4072
SUPERCARE EMIRATES PHARMACY,DXB,PHARMACY,SHEIKH ZAYED ROAD,MALL OF EMIRATES,04-3410871,25.1315,55.1999
SUPERCARE PHARMACY OASIS CENTRE,DXB,PHARMACY,SHAIKH ZAYED ROAD,OASIS CENTRE,04-3397683,25.1719,55.2413
SUPERCARE PHARMACY,DXB,PHARMACY,WASL ROAD,SAFA CENTRE NEXT TO PARK N SHOP,04-3943595,25.181,55.2351
SUPERCARE PHARMACY SHEIKH ZAYED ROAD,DXB,PHARMACY,SHAIKH ZAYED ROAD,OASIS CENTRE,04-3798802,25.1714,55.2414
SUPERCARE PHARMACY UMM SUQEIM,DXB,PHARMACY,UMM SUQEIM,DUBAI LONDON CLINIC BUILDING,04-3306144,25.1535,55.2012
SCIENTIFIC PHARMACY (JULPHAR GRP OF PHY),DXB,PHARMACY,DUBAI MARINA,OASIS HOTEL,04-3999020,25.0797,55.1361
SEHA PHARMACY LLC,DXB,PHARMACY,AL DOHA STREET,#9 WASL ONYX BLDGNEAR OPTIONS FURNITURE CENTER,04-3977769,25.2493,55.3106
SEKHER MEDICAL CLINIC,DXB,CLINIC,MADINA ROAD,NEAR OLD GRAND MALL FLAT NO-104 1ST FLOORAL QUOUZ NEAR LABOUR CAMP,04-3387749,25.1555,55.2476
SAUDI GERMAN CLINICS AKOYA,DXB,CLINIC,,D2 COMMUNITY MALL DAMAC HILLS 2 DAMAC HILLS,04-3890045,25.0049,55.3828
SAUDI GERMAN CLINICS,DXB,CLINIC,,THE MALL OPP JUMEIRAH BEACH RESORT UMM SUQEIM 3,04-3890000,25.1403,55.1915
SAUDI GERMAN CLINICS DAMAC HILLS 2,DXB,CLINIC,,GF ARTESIA TOWER AKOYA COMMUNITY,04-3890000,25.0273,55.2628
SAUDI GERMAN HOSPITAL,DXB,HOSPITAL,HESSA STREET,331OFF EXIT 36 3OPP AMERICAN SCHOOL,04-3890000,25.0974,55.1835
AL SHAAB MEDICAL CENTRE (ASTER),DXB,CLINIC,21 C STREET,NEARBY TALAL SUPERMARKET AL SHAAB COLONY,04-2970870,25.2768,55.3371
MEDLITE MEDICAL CENTRE,DXB,CLINIC,,GROUNDFLOOR CBD-2 INTERNATIONAL CITY,04-4585859,25.1679,55.4062
BETTERCARE MEDICAL CENTER LLC,DXB,CLINIC,,GROUNDFLOOR MORROCO CLUSTER J7 S1S2S3& INTERNATIONAL CITY,04-3743338,25.1606,55.4199
DR. SHANIL MEDICAL CENTER L.L.C,DXB,CLINIC,CHINA CLUSTER,C-12SHP.1 G/F,04-4308384,25.1682,55.4148
SUNRISE CARE MEDICAL CENTRE LLC (IMH),DXB,CLINIC,MAKTOUM STREET,208-209; F-2; SH.RASHID BUILDING NR.ALNASR SQ,04-2222271,25.2678,55.3092
SHARE AND CARE MEDICAL CENTER LLC,DXB,CLINIC,DUBAI SILICON OASIS,SILICON CENTRAL MALL BASEMENT 1,04-2802088,25.1123,55.3744
SHARIF EYE CENTER,DXB,CLINIC,,IBN SINA BLDG 27 BLOCK D UNIT 1 DUBAI HEALTHCARE CITY,04-4233664,25.2312,55.3261
NOOR AL SHEFAA PHARMACY-LIFE,DXB,PHARMACY,NAIF ROAD,OPP: NAIF PARK,04-3441122,25.2743,55.3073
BAIT AL SHIFAA NEW PHARMACY (NMC),DXB,PHARMACY,SALAHUDDIN STREET,NEW AL SAFIYA BUILDING OPP.ABU HAIL CENTRE,04-2666464,25.2794,55.3462
AL NOOR SOUTH POLYCLINIC DWC LLC,DXB,CLINIC,,B3 THE PULSE RES. PARK PODIUM DUBAI WORLD TRADE CENTER DUBAI SOUTH,04-4759111,24.9564,55.2236
AL SHIFA PHARMACY (ASTER),DXB,PHARMACY,WALL STREET,IRANIAN SCHOOL,04-3969469,25.2486,55.3035
AL SHIFA UROPI PHARMACY DWC,DXB,PHARMACY,,B3 THE PULSE RES. PODIUM GF DUBAI WORLD TRADE CENTER DUBAI SOUTH,04-4759111,24.9564,55.2236
AL SHIFA UROPI PHARMACY AL NAHDA,DXB,PHARMACY,,ANANAS BLDG. GF SHOP NO. 8 204TH STREET AL NAHDA 2,04-8529529,25.3026,55.3798
AL SHINDAGHA PHARMACY (ASTER),DXB,PHARMACY,SHINDAGHA ROAD,CARRERFOUR,04-3933889,25.2656,55.2874
SHEIKH MANAA BIN HASHER ALMAKTOUM PC,DXB,CLINIC,,AL SHAFAR BUILDING 7 AL WASL ROAD AL SAFA OPP EMIRATES PETROL STATION,04-3420642,25.2142,55.2596
SHOHOB PHARMACY,DXB,PHARMACY,,AL SOOR ROAD AL SOOR STREET AL RAS,04-2255556,25.273,55.2995
IBN SINA 32 PHARMACY (ALPHAMED),DXB,PHARMACY,DISCOVERY GARDENS,IBN BATUTA MALL,04-4233895,25.0447,55.1203
IBN SINA 34 AL WARQAA (ALPHAMED),DXB,PHARMACY,,ASWAAQ AL WARQAA BUILDING,04-2804340,25.1926,55.4102
IBN SINA 40 DUBAI MALL (ALPHAMED),DXB,PHARMACY,DOHA STREET,DUBAI MALL,04-3253410,25.1971,55.2792
BINSINA 43 PHARMACY (ALPHAMED),DXB,PHARMACY,BASRHA 1 BESIDE AZAYA BLDG,AL BARSHA BOUTIQUE BUILDING,04-3950305,25.1066,55.1992
BIN SINA 44 PHARMACY (ALPHAMED),DXB,PHARMACY,SHAIKH ZAYED ROAD,JUMEIRA TOWER NR.ZAROOB RESTURANT JUMEIRAH EMIRATES TOWERS,04-3513249,25.2179,55.2821
BIN SINA 21 PHARMACY (DUBAI) (ALPHAMED),DXB,PHARMACY,UMM RAMOOL,DUBAI FESTIVAL CITY,04-2329757,25.2216,55.3531
BIN SINA EMIRATES PHARMACY (ALPHAMED),DXB,PHARMACY,SHEIKH ZAYED ROAD,MALL OF EMIRATES,04-3410345,25.1473,55.1937
SIRAJUDEEN MEDICAL CENTRE,DXB,CLINIC,STREET # 20B,FIRST FLR JUMBO BUILDINGOPP VEG AND FISH MARKET,04-3345955,25.2376,55.303
SMILE PHARMACY (DR. ISMAIL),DXB,PHARMACY,SONAPUR STREET,ALAWQAF BUILDING 1,04-2646529,25.2737,55.4273
MEDICA ZONE CLINIC,DXB,CLINIC,AL WASL RD.,VILLA NO. 18 AL WASL RD. AL WASL RD.,04-3383100,25.1504,55.2069
MEDICA ZONE PHARMACY,DXB,PHARMACY,AL WASL RD.,VILLA NO. 18 AL WASL RD. AL WASL RD.,04-3383100,25.1502,55.2076
SOUKARE PHARMACY LLC,DXB,PHARMACY,,R2 GF DAMAC XL TOWER UBORA TOWERS MARASI DRIVE BUSINESS BAY,04-5750835,25.1808,55.2677
SPANISH CENTRE LASIK & EYES & COSMETIC L,DXB,CLINIC,,VILLA NO 262 JUMERIAH BEACH ROAD JUMIERAH,04-3434634,25.2088,55.2451
SPECIALIZED MEDICAL AND DENTAL CENTER,DXB,CLINIC,,"AL HUDAIBA AWARDS BUILDING 118, FIRST FLOOR JUMEIRAH",04-3278111,25.3346,55.3757
SPRUCE SUNGLASSES AL GHURAIR,DXB,OPTICS,AL MURAQQABAT DEIRA,AL RIGGA ROAD,04-4220961,25.2682,55.3171
SUNGLASSES TRADING IBN BATUTA MALL,DXB,OPTICS,JEBEL ALI VILLAGE,IBN BATUTA MALL,04-4220961,25.0443,55.1198
SPRUCE SUNGLASSES TRADING FESTIVAL CITY,DXB,OPTICS,OPP ZARA AL KHEERAN,GRD FLR DUBAI FESTIVAL CITY,04-4220961,25.2219,55.3528
SPRUCE SUNGLASSES TRADING MIRDIF CC,DXB,OPTICS,MIRDIF CITY CENTRE,GRD FLR NEAR PARKING P2 SHEIKH MOHAMMED BIN ZAYED ROAD MIRDIF CITY CENTRE,04-4220961,25.2168,55.4079
SPRUCE SUNGLASSES TRADING MOE,DXB,OPTICS,AL BARSHA FIRST,GRD FLR MALL OF EMIRATES,04-4220961,25.1183,55.1998
SPRUCE SUNGLASSES  DUBAI OUTLET MALL,DXB,OPTICS,DUBAI OUTLET MALL,ROUTE 66 ALAIN DUBAI ROAD,04-4220961,25.0706,55.4005
STAR METROPOLIS CLINICAL LABORATORIES &,DXB,LABORATORY,WASL ROAD,OFFICE # 212 2ND FLOOR MARDOOF BUILDING,04-3465268,25.2587,55.2985
STARS PHARMACY,DXB,PHARMACY,SOMALI MASJID STREET,MUSHABA AHMED AL KAHIJI BUILDING,04-2727223,25.2753,55.3137
STAY WELL PHARMACY ( BR OF UNITED MEDICA,DXB,PHARMACY,,1ST FLOOR GALLERIA MALL AL BARSHA 2,04-5261228,25.099,55.2006
STAYWELL PHARMACY SOUK ALKABEER,DXB,PHARMACY,,AL MULLA BUILDING 2 SOUK AL KABEER MEENA BAZAR,04-3273122,25.2719,55.2938
STAYWELL PHARMACY JUMEIRAH,DXB,PHARMACY,,"AMERICAN HOSP CLINIC GALLERIA MALL, AL WASL JUMEIRAH",04-3773869,25.2145,55.2562
DR. SULAIMAN AL HABIB HOSPITAL FZ-LLC,DXB,HOSPITAL,OUD METHA ROAD,BUILDING NO. 55BEHIND WAFI CITY,04-4297777,25.2362,55.3207
SULTAN AL OLAMA MEDICAL CENTER L.L.C (BR,DXB,CLINIC,Al Meydan Road,ASWAAQ MALL FIRST FLOOR AL QOZE,04-3464446,25.159,55.2695
SULTAN AL OLAMA MEDICAL CENTER BARSHA,DXB,CLINIC,,BARSHA MALL AL ASAYEL STREET AL BARSHA SECOND,04 3244446,25.1039,55.2043
SULTAN AL OLAMA MEDICAL CENTER BRANCH,DXB,CLINIC,,THE PAVILION RETAIL NO.8 AL FURJAN,04-4362672,25.0354,55.1541
SULTAN ALOLAMA MEDICAL CENTER BRANCH ICP,DXB,CLINIC,,THE PAVILION INTERNATIONAL CITY FRANCE CLUSTER,04-24452321,25.1683,55.4068
SULTAN AL OLAMA MEDICAL CENTER,DXB,CLINIC,,"MIRDIF CENTRAL BLDG., SHOWROOM1 BEHIND RAK BANK",04-2845778,25.2176,55.4179
SULTAN AL OLAMA MEDICAL CENTER- BR,DXB,CLINIC,,INDIGO CENTRAL 7 OPPOSITE TIMES SQUARE MALL AL MANARA,04-3468686,25.1422,55.2171
SUPERCARE PHARMACY DIP,DXB,PHARMACY,DIP 1 ST,DIP 1 ST,04-8854323,25.0137,55.1602
SUPERCARE PHARMACY 26,DXB,PHARMACY,,EMAAR BOULEVARD,04-4302731,25.1912,55.2702
SUPERCARE PHARMACY 28,DXB,PHARMACY,CRESCENT DR,AL BADIA GOLF CLUB,04-2591134,25.2205,55.3657
SUPERCARE PHARMACY 29,DXB,PHARMACY,,SPINNEYS,04-4561672,25.0826,55.3518
SUPERCARE PHARMACY 31,DXB,PHARMACY,,BURJ AL NUJOOM,04-4305839,25.1912,55.2818
SUPERCARE PHARMACY 38,DXB,PHARMACY,53RD STREET,NEAR SPINNEY'S,04-3504500 Ext.940,25.2227,55.435
SUPERCARE PHARMACY 39,DXB,PHARMACY,,LE GRANDE MALL,04-4218806,25.088,55.1392
SUPERCARE PHARMACY 43,DXB,PHARMACY,KHALID BIN AL WALEED ROAD,BURJUMAN MALL,04-3504500 Ext.618,25.249,55.2859
SUPERCARE PHARMACY 44,DXB,PHARMACY,,MOTOR CITY,04-3504500 Ext.618,25.0467,55.2435
ARABELLA PHARMACY BR-SUPERCARE,DXB,PHARMACY,,SPINNEY'S BLDG,04-3430188,25.1701,55.2284
SUPER CARE PHARMACY ABU HAIL,DXB,PHARMACY,,"SHOP# 04, GROUND FLOOR UNION COOP ABU HAIL",04-3504500,25.2869,55.3237
SUPER CARE PHARMACY LLC BRANCH,DXB,PHARMACY,,Q1 MALL AL WARQA 1 AL WARQA,04-5463325,25.1875,55.4056
SUPERCARE PHARMACY LLC FESTIVAL CITY,DXB,PHARMACY,,"SHOP# 112, GROUND FLOOR FESTIVAL CITY",04-3504679,25.2171,55.3614
SUPER CARE PHARMACY JBR,DXB,PHARMACY,,"SHOP# 3102B, M3-B1 MARSA JUMEIRAH BEACH RESIDENCE",04-3504500,25.0811,55.1406
SUPERCARE PHARMACY LLC ME?AISEM,DXB,PHARMACY,,MEAISEM,04-5897079,25.0408,55.1976
SUPERCARE PHARMACY ARJAN,DXB,PHARMACY,,SHOP 20 THE WINGS PODIUM BLDG. UMM SUQUEM ROAD AL BARSHA SOUTH 3,04-5911650,25.1161,55.3237
SUPERCARE PHARMACY LLC-MOTORCITY,DXB,PHARMACY,,"SHOP# 5, INSIDE WAITROSE, MOTORCITY",04-3504679,25.0412,55.2291
SUPERCARE PHARMACY DUBAI HILLS,DXB,PHARMACY,,SHOP G-074  DUBAI HILLS MALL DUBAI HILLS ESTATE DUBAI HILLS,04-2523639,25.1015,55.2412
SUPERCARE PHARMACY LLC DIFC,DXB,PHARMACY,,SHOP 7 GATE PRECINCT BLDG. 5 ZAABEEL 2 DIFC,04-2358003,25.2142,55.2804
SUPERCARE PHARMACY DMCC,DXB,PHARMACY,,EMIRATES HILL FORTUNE EXECUTIVE TOWER CLUSTER T,04-5525603,25.0795,55.1495
SUPERCARE PHARMACY BR ETIHAD MALL,DXB,PHARMACY,,SHOP 25 ETIHAD MALL AL KHAWANEEJ ST AL MUHAISNAH 1ST,04-2636186,25.2375,55.424
SUPERCARE PHARMACY BR JVC,DXB,PHARMACY,,SHOP 2  SPICA RES. JUMEIRAH VILLAGE CIRCLE AL BARSHA SOUTH 4,04-4581233,25.0656,55.203
SUPERCARE PHARMACY MARSA,DXB,PHARMACY,SHAIKH ZAYED ROAD,SILVERENE MARINA DUBAI MARINA MALL,04-4232850,25.0757,55.1381
SUPERCARE PHARMACY MIRDIF 2,DXB,PHARMACY,53RD STREET,SPINNEYS MIRDIF COMMUNITY CENTER,04-2858222,25.2312,55.4082
SUPERCARE PHARMACY SILICON BRANCH,DXB,PHARMACY,SILICON OASIS,SPINNEYS CEDRE SHOPPING CENTRE,04-3423307,25.1283,55.3967
SUPERCARE PHARMACY UMM SUQEIM 2,DXB,PHARMACY,,DUBAI LONDON SPECIALITY CLINIC JUMEIRAH BEACH ROAD UMM SUQEIM 2,04-2618802,25.1529,55.2015
SUPERCARE PHARMACY WASL SQ,DXB,PHARMACY,WASL ROAD,OPP/UNION COOPERATIVE SOCIETY,04-3884060,25.1795,55.2348
SUPER LIFE PHARMACY L.L.C-LIFE,DXB,PHARMACY,MEADOWS,UNIT NO. GF 32 NEW MEADOWS VILLAGE THE MEADOWS,04-3608800,25.0676,55.1571
SUPER CARE PHARMACY LLC DUBAI MARINA,DXB,PHARMACY,,"SHOP# 2, LIV RESIDENCE BUILDING DUBAI MARINA",04-3504679,25.0811,55.1407
SUPERCARE PHARMACY BR RTA,DXB,PHARMACY,,SHOP 2 RTA BLDG. UMM HURAIR ST. OUD METHA,04-5911617,25.2378,55.3153
SUPER CARE PHARMACY WADI AL SAFA,DXB,PHARMACY,,"SHOP# 14, SERENA MARKET SERENA COMMUNITY WADI AL SAFA 7",04-5488819,25.2106,55.2572
SUSTAINABLE LIFE PHARMACY LLC-LIFE,DXB,PHARMACY,,B-1 THE SUSTAINABLE CITY,04-3441122,25.0305,55.2742
SYED SADIQ GENERAL PRACTITIONER CLINIC,DXB,CLINIC,,AL ROSTAMANI BUILDING LATTIFA BINHAMDAN STRT ALQOUZ IND 3,04-3306781,25.1523,55.2422
SYMBIOSIS MEDICAL CENTRE,DXB,CLINIC,,GF UNIT 31-36 CEDRE VILLAS DUBAI SILICON OASIS,04-3925577 EXT 714,25.1279,55.3968
S Z R LIFE PHARMACY BR OF LIFE PHARMACY,DXB,PHARMACY,,SHOWROOM NO. 2 AL KAWAKEB  SHEIKH ZAYED ROAD,04 5610000,25.2098,55.2753
AL TAIF MEDICAL CENTRE,DXB,CLINIC,NAIF ROAD,#104 HAJI MOHAMMAD MUBARAK BL OPP: WEST HOTEL,04-2222383,25.2741,55.3081
TAJMEEL ROYAL PHARMACY LLC,DXB,PHARMACY,,NEAR TO METROPOLITAN HOTEL UMM AL SHEIF SHEIKH ZAYED ROAD,04-5091020,25.133,55.2128
TAJMEEL ROYAL CLINIC LLC,DXB,CLINIC,,NEAR METROPOLITAN HOTEL UMM AL SHEIF SHEIKH ZAYED ROAD,04-5091010,25.1317,55.2118
TAJ PHARMACY-LIFE,DXB,PHARMACY,DUBAI CREEK RESIDENCE,UNIT NO A001,04-3550552,25.2146,55.3465
DENTAL STUDIO PLUS LLC,DXB,DENTAL,TECOM 1,1ST FLR CAYAN BUSINESS CENTER SAME BLDG WITH SUBWAY TECOM 1,04-3492220,25.0999,55.1756
TARIQ PHARMACY-LIFE,DXB,PHARMACY,,AL BUSTAN CENTRE,04-2635020,25.2746,55.3678
MEDICLINIC CITY HOSPITAL,DXB,HOSPITAL,OUD METHA ROAD,BUILDING 37,04-4359790,25.2306,55.3227
THE CLINIC BY MEDCARE,DXB,CLINIC,,THE MEADOWS VILLAGE AL THANAYAH 4 THE MEADOWS,04-44079175,25.2135,55.2833
THUMBAY PHARMACY DEIRA,DXB,PHARMACY,AL MUTEENA STREET,AL GHURAIR BUILDING,04-3201400,25.2749,55.3265
THYROCARE LABORATORIES,DXB,LABORATORY,,SHOP NO. 6 GF BLOCK D SARAYA AVENUE AL GARHOUD,04-2982155,25.2436,55.3474
TOP MEDICAL CENTER LLC,DXB,CLINIC,,GROSVENOR HOUSE GF TOWER 1 DUBAI MARINA,04-3485452,25.0856,55.1437
TORONTO MEDICAL CENTER LLC,DXB,CLINIC,LATIFA BINT HAMDAN ROAD,FLAT 101 AL ADEEM BLDG. AL KHAIL MALL,055-4693469; 058-9620194,25.1514,55.2432
TOWER CLINIC FZ- LLC,DXB,DENTAL,OUD METHA ROAD,UNIT 104 BLOCK D IBN SINA MEDICAL COMPLEX BUILDING #27,04-3622939;3694990,25.231,55.3257
TOWN COMMUNITY PHARMACY,DXB,PHARMACY,,OPP. CARREFOUR SM WAFI MALL WAFI MALL,04-3547374,25.2453,55.3159
TOWN LIFE PHARMACY LLC-LIFE,DXB,PHARMACY,UPTOWN MIRDIF CENTER,NEAR WELCARE CLINIC AND SPINNEY'S,04-2848355,25.2226,55.4217
TOWN SQUARE LIFE PHARMACY BR OF LIFE PHA,DXB,PHARMACY,,"UNIT NO. 4, GROUND FLOOR TOWN SQUARE",04 5610000,25.0105,55.2894
TRACKS COMMUNITY PHARMACY (CHS),DXB,PHARMACY,UPTOWN APARTMENTS,NEAR SPINNEYS,04-4475828,25.0466,55.2442
TRAM LIFE PHARMACY LLC-LIFE,DXB,PHARMACY,AL NASEEM ST,AL SEEF TOWER 1 BEHIND TAMANI HOTEL,04-5586744,25.0931,55.1495
TRANSFORM SPECIALIST MEDICAL CENTRE LLC,DXB,CLINIC,AL WASL ROAD,218 AL SHAFAR BLDG 7,04-3449997,25.2139,55.2585
BEIJIN TONG REN TANG GULF FZ-LLC,DXB,CLINIC,OUD METHA ROAD,OFFICE #9 GROUND FLOOR BUILDING # 49 IN DISTRICT 8 NEAR DUBAI HEALTHCARE CITY METRO STATION/CITY HOSPITAL,04-4356905,25.2329,55.3222
TRUST MEDICAL LABORATORY,DXB,LABORATORY,,AL KHALAFI BUILDING ROOM M01 AL WAHIDA,04-2398766,25.2859,55.3514
ULTRA CARE MEDICAL GROUP LLC,DXB,CLINIC,MAKTOUM STREET,307308; 3RD FLOORSHEIKHA MARIAM BUILDING OPPOSITE STANDARD CHARTERED BANK,04-2230033,25.2675,55.3086
ULTRALASIK EYE CENTER,DXB,CLINIC,,BLDG. 27 ROOM 602-604 DUBAI HEALTHCARE CITY,04-5572472,25.2317,55.324
UMM HURAIR PHARMACY-ASTER,DXB,PHARMACY,ZABEEL ROAD,UMM HURAIR BUILDING,04-3343206,25.2226,55.2981
UNICARE MEDICAL CENTRE (UMC),DXB,CLINIC,BURJUMAN CENTRE,BURJUMAN CENTRE GROUND LEVEL NORTH WING NEXT TO DOME CAFE,04-3529292,25.2657,55.3029
UNICARE MEDICAL CENTER-MANKHOOL BR (UMC),DXB,CLINIC,MANKHOOL STREET,VILLA 172,04-3980880,25.2406,55.28
UNICARE PHARMACY LLC (UMC),DXB,PHARMACY,KHALID BIN WALEED ROAD,BURJUMAN CENTRE,04-3599523,25.2521,55.3015
UNICARE STAR PHARMACY (UMC),DXB,PHARMACY,MANKHOOL ROAD,WASL PROPERTIES,04-3868811,25.239,55.2797
UNION MEDICAL CENTRE (ASTER),DXB,CLINIC,IRANIAN SCHO0L ROAD,WALL STREET EXCHANGE CENTER,04-3978828,25.2459,55.3075
UNION PHARMACY (ASTER),DXB,PHARMACY,ALRIFA ROAD,MOHD. NOOR YOUNIS KHADIR BUILDING N.GRAPHIC INT'L CTR,04-3935619,25.2603,55.29
UNIQUE CARE PHARMACY LLC,DXB,PHARMACY,,"SHOP NO-S14, X20 ENGLAND CLUSTER INTERNATIONAL CITY",04-5808675,25.1737,55.4049
UNITED PHARMACY 2,DXB,PHARMACY,,SHOP NO. 2 AL BARSHA MALL,04-3441122,25.1121,55.2098
UNITED PHARMACY,DXB,PHARMACY,,SHOP K 2 MALL OF THE EMIRATES,04-3441122,25.1329,55.2187
UPTODATE MEDICARE CENTRE,DXB,CLINIC,DHIYAFAH ROAD,FLAT # 116 1ST FLOOR AHMED AL OTAIBA BUILDINGOPPOSITE DUNE CENTRE,04-3986608,25.2377,55.2758
UPTOWN COMMUNITY PHARMACY (CHS),DXB,PHARMACY,,GRND FLR GEANT COMM. CENTRE,04-5135160,25.0087,55.1669
UPTOWN PHARMACY-ASTER GRP,DXB,PHARMACY,MIRDIFF UPTOWN CENTRE,MIRDIFF UPTOWN CENTRE,04-2888058,25.2418,55.4329
VASAN EYE CARE LLC,DXB,CLINIC,KARAMA,ZABEEL PLAZA BUILDING,04-3579444,25.24,55.3057
VCARE POLYCLINIC LLC,DXB,CLINIC,AL ITTIHAD ROAD,NASMAH TOWER,04-2654400,25.2948,55.3614
VCARE PHARMACY LLC,DXB,PHARMACY,AL ITTIHAD ROAD,NASMAH TOWER,04-2654400,25.0906,55.1492
VIDA CLINICS L.L.C (BRANCH),DXB,CLINIC,,"AL MADINA HYPERMARKET BLDG 6A ,STREET 10 MUHAISANAH/1",04-3283333,25.2821,55.3983
VIDA CLINICS LLC,DXB,CLINIC,AL MANKHOOL ROAD,AL RAIS SHOPPING CENTRE39 B M MEZZANINE FLOOR NEARBY KHALEEJ CENTRE,04-3252525,25.2566,55.2943
VIENNA DENTAL CLINIC LLC,DXB,DENTAL,AL WASL,MAZAYA CENTER NEAR DUBAI MALL METRO STATION AL WASL,04 -321 4714,25.0896,55.1529
VILLAGE PHARMACY NOOR AL SHEFA GRP,DXB,PHARMACY,JAFZA,VILLAGE HYPERMARKET BUILDING NEAR WEST CAMP GATE NO:7,04-88339904,24.9626,55.0809
VITA CARE PHARMACY,DXB,PHARMACY,,AL NOOR POLYCLINIC BLDG AL HUDHAIBA STREET SATWA,04-3425556,25.2295,55.2741
VITA UNITED PHARMACY,DXB,PHARMACY,,SHOP 54 WASL VITA MALL AL WASL ROAD,04-3441122,25.2104,55.2561
VIVA PHARMACY LLC,DXB,PHARMACY,,VILLA NO:117B ALWASLROAD AL WASL,04-3231317,25.2028,55.2458
WADI AL SAFA MEDICAL CENTER LLC,DXB,CLINIC,DUBAI LAND,AL NO G04 AJMAL SARAH TOWER,04-5769394,25.0996,55.3743
AL WADI PHARMACY LLC,DXB,PHARMACY,DIP,RAMLA MALL,04-8849363,24.9711,55.1722
AL WAHA CLINIC BUR DUBAI,DXB,CLINIC,KHALID BIN WALEED ROAD,FLAT NO. 104 & 105 NEXT TO ROYAL PHARMACY OPPOSITE ASCOT HOTEL,04-3514150,25.26,55.2919
AL WARQA MEDICAL CENTRE (ASTER),DXB,CLINIC,MASS SUPER MARKET STREET,MASS SUPERMARKET BUILDING,04-2800899,25.1884,55.4088
AL WARQA PHARMACY (ASTER),DXB,PHARMACY,WARQA 2,NEXT TO MARS SUPERMARKET,04-2801691,25.1935,55.4069
WECARE ERX PHARMACY LLC,DXB,PHARMACY,,S15 GROUND FLOOR HAMSAH A NEAR ANSAR GALLERY KHALID BIN WALLED ROAD KARAMA,04-8804179,25.2514,55.3091
WE CARE MEDICAL CENTER LLC,DXB,CLINIC,KHALID BIN WALEED ROAD,HAMSAH BUILDINGGROUND FLOOR KARAMA ANSAR GALLERY,04-2611061,25.2658,55.3092
MEDICLINIC AL SUFOUH,DXB,CLINIC,SUFOUH ROAD,BLOCK 10NEXT TO WELCARE HOSPITAL,04-3661030,25.1014,55.161
MEDICLINIC WELCARE HOSPITAL,DXB,HOSPITAL,SHEIK RASHID STREET,WELCARE HOSPITAL NR.INDIAN HIGH SCHOOL,04-2827788,25.2468,55.3399
MEDICLINIC WELCARE OUTPATIENT CTR,DXB,CLINIC,SHEIK RASHID STREET,2ND STREET AL GARHOUD BLOCK F QARHOUD BUILD APRT,04-2827788,25.2472,55.3408
MEDICLINIC MIRDIF,DXB,CLINIC,ALGERIA STREET,UPTOWN MIRDIF G F SHOP 13,04-2881302,25.2253,55.4257
MEDICLINIC AL QUSAIS,DXB,CLINIC,DAMASCUS STREET,DUBAI RESIDENTIAL OASIS NEAR DUBAI ABATTOIR,04-2586466,25.2823,55.3887
MEDICLINIC IBN BATTUTA,DXB,CLINIC,IBN BATUTA MALL,CHINA COURTG F142 SHOP,04-4409000,25.048,55.1219
WEST HILL PHARMACY,DXB,PHARMACY,JEBEL ALI,JEBEL ALI MALL,04-3377131,24.9797,55.1373
AL WOQAYA PHARMACY,DXB,PHARMACY,KUWAIT STREET,KARAMA CENTRE,04-3348348,25.2504,55.3028
XIE HE MEDICAL CENTER,DXB,CLINIC,CHINA CLUSTER,A12 AWIR ROAD,04-4233055,25.1718,55.4143
XIE HE PHARMACY,DXB,PHARMACY,AL AWIR ROAD,A12 BUILDING,04-4233055,25.1718,55.4143
YACOUB PHARMACY (ASTER),DXB,PHARMACY,KHALID BIN WALEED ROAD,ALAIN CTR COMPUTER PLAZA,04-3523332,25.2565,55.3007
YARA PHARMACY L.L.C-LIFE,DXB,PHARMACY,RIGGA ROAD,NEAR KFC,04-2225503,25.2662,55.3195
YASSAT LIFE PHARMACY LLC-LIFE,DXB,PHARMACY,SHEIKH ZAYED ROAD,SHOP 1 YASSAT GLORIA HOTEL,04-3792799,25.1016,55.1727
YASSAT LIFE PHARMACY (LIFE),DXB,PHARMACY,CALIBER PLAZA,SHOP NO. 7 & 8 GROUND FLOOR,04-3441122,25.108,55.1741
YATEEM OPTICIAN - AL GHURAIR BRANCH,DXB,OPTICS,AL GHURAIR CITY CENTRE,UNIT NO. G 52,04-2281787,25.2676,55.3175
YATEEM OPTICIAN - AL RIGA BRANCH,DXB,OPTICS,RIGGA,GROUND FLOOR AL OWAIS BLDGAL RIQQA STREET DEIRA,04-2222265,25.2656,55.3204
YATEEM OPTICS ARABIAN PLAZA BR),DXB,OPTICS,,UNIT NO. 2733 FIRST FLOOR ARABIAN CENTRE,04-2845505,25.2342,55.4361
YATEEM OPTICIAN - BR,DXB,OPTICS,,"SHOWROOM NO.11,  ATLANTIS PALM HOTEL",04-4579440,25.1322,55.1183
YATEEM OPTICIAN(BR.DUBAI MALL),DXB,OPTICS,,YATEEM OPTICIAN SHOWROOM SHOP NO. LG143 DUBAI MALL,04-4340266,25.1972,55.2769
YATEEM OPTICIAN - BURJUMAN CENTER,DXB,OPTICS,,SHOP NO. L1/0009  BURJUMAN CENTRE,04-3522067,25.2539,55.303
YATEEM OPTIC - AL DAYAFAH ROAD,DXB,OPTICS,,SHOP NO.2 GROUND FLOOR DIYAFAH STREET,04-3453405,25.2376,55.2748
YATEEM OPTICS DXB MALL,DXB,OPTICS,,DUBAI MALL SECOND FLOOR SHOP NO. TDM SF /116,04-3253669,25.1972,55.2802
YATEEM OPTICS EMIRATES MALL(B.R),DXB,OPTICS,,"UNIT NO.D28B GROUND FLOOR,MALL OF EMIRATES AL BARSHA",04-3414010,25.1191,55.2012
YATEEM OPTICIAN - EMIRATES TOWER BRANCH,DXB,OPTICS,,"RETAIL UNIT NO.50 UPPER LEVEL EMIRATES TOWER BOULEVARD, SHK ZAYED ROAD",43303301,25.2178,55.2828
YATEEM OPTICIAN LLC-GALLERIA BRANCH,DXB,OPTICS,WASEL ST.,"SHOP NO. 15A GALLERIA MALL, ,WASEL STREET, NEAR POST OFFIC",04-3431355,25.2232,55.2534
YATEEM OPTICIAN - SOUK MADINAT JUMEIRAH,DXB,OPTICS,,SHOWROOM IN UNIT NO. 15  MADINAT JUMEIRAH,04-3686512,25.1333,55.1852
YATEEM OPTICIAN(BR. MIRDIF CITY CENTER),DXB,OPTICS,,UNIT NO.C61 GROUND FLOOR MIRDIFF CITY CENTRE,04-2840660,25.2166,55.4086
SUN EYE OPTICAL,DXB,OPTICS,,DUBAI MARNA JUMEIRAH BEACH JUMEIRAH,04-4250866,25.0774,55.1327
YATEEM OPTICIAN LLC BRANCH,DXB,OPTICS,WASL ST.,"BRANCH SHOP NO S 50 BUILDING R 532 AT THE AL WASL AL WASL STREET,",04-3436406,25.2105,55.2558
YORK DIAGNOSTIC LABORATORIES JLT,DXB,DIAGNOSTIC CENTER,,CLUSTER DINDIGO TOWER BEHIND ALMAS TOWER JUMEIRAH LAKES TOWER,04-4327470,25.0703,55.1403
YUGEN CARE BY DR GEHAD,DXB,CLINIC,,FULL 2 STORY BLDG. OPP. SUNSET MALL JUMEIRAH ROAD JUMEIRAH 3,04-349 8000,25.1851,55.2287
ZABEEL PHARMACY-ASTER GRP,DXB,PHARMACY,,ZABEEL BUILDING,04-3377770,25.188,55.2706
ZABEEL PHARMACY LLC,DXB,PHARMACY,,BLUE BAY TOWER  BUSINESS BAY,04-5897129,25.1947,55.2702
AL ZAHRA HOSPITAL DUBAI (ZAHRA DXB),DXB,HOSPITAL,SHEIK ZAYED ROAD,BEHIND SHARAF DG. METRO STATION,04-3786666;04-3786787,25.1061,55.1806
ZAHRAT AL SHEFA MEDICAL CENTRE,DXB,CLINIC,,AL GHAITH BUILDING NEAR JUBILY SUPERMARKET MUHAISNAH,04-2646218,25.2597,55.4237
ZAHRAT AL NOOR PHARMACY LLC,DXB,PHARMACY,,ZABEEL CATERING SERVIE BUILDIN NEAR LANDMARK REST DIP-2,04-8814111,24.9753,55.2051
ZAHRAT AL SHEFA PHARMACY L.L.C,DXB,PHARMACY,28th St,AL GAITH BUILDING NEAR GOLDEN JUBILEE BULDG MUHAISINA2,04-378888,25.2831,55.4224
ZAMZAM PHARMACY,DXB,PHARMACY,SHAIKH ZAYED ROAD,BEHIND NATIONAL CEMENT FACTORY,04-3394395,25.1772,55.2595
ZAYD PHARMACY LLC-LIFE,DXB,PHARMACY,SHAIKH ZAYED ROAD,AL ROSTAMANI TOWER B,04-3291325,25.2222,55.2761
ZEST PHARMACY 3,DXB,PHARMACY,GROVE MALL  COMMUNITY CENTER,UNIT GF 02,04-3705493,25.0988,55.2015
ZEST PHARMACY 1,DXB,PHARMACY,AL THANYA ST UMM AL SHEIF,SHOP #9,04-8246485,25.1372,55.2068
ZEST WELLNESS PHARMACY LLC. DWC-BRANCH,DXB,PHARMACY,PULSE BEACH FRONT DUBAI SOUTH RESIDENTIAL DIST,RETAIL 2,04-3428372,24.9368,55.2225
DR. ZUHAIR SIKAFI CLINIC,DXB,CLINIC,MANKHOOL ROAD,AL AIN CENTRE SUITE 115,04-3522331,25.2566,55.297
ZULEKHA MEDICAL CENTRE BR,DXB,CLINIC,,105 SHEIK RASHID BLDG BANIYAS (NEAR METRO STN),04-221919,25.2726,55.305
ZULEKHA HOSPITAL-DUBAI,DXB,HOSPITAL,,NEARBY AL MULLA PLAZA,042678866 065060183,25.2812,55.3573
ZULEKHA PHARMACY,DXB,PHARMACY,RAFA STREET,AL RAFA POLICE STATION,04-3934757,25.2664,55.2878
ZULEKHA MEDICAL CENTER,DXB,CLINIC,,163 HAMMAD BIN SOUGATH 149 DAMASCUS ST.,04-2613004,25.2706,55.3786
ZEISS VISION CENTER DUBAI HILLS,DXB,OPTICS,DUBAI HILLS MALL,UNIT FF028 FIRST FLOOR,05-65038428,25.1018,55.2379
ALAHLI MEDICAL CENTRE LLC,FUJ,CLINIC,,HSBC BANK BUILDING ALL 1ST FLOOR HAMAD BIN ABDULL FUJAIRAH,09-2220228,25.1253,56.3444
ALFA CLINICAL LLC,FUJ,CLINIC,,HM BEAUTY CENTER BLDG AL BASARA ROAD NEAR FUJAIRAH AL FASEEL,09-2222932,25.1499,56.3506
AL HAYL MEDICAL CENTRE,FUJ,CLINIC,,AL HAYL MEDICAL CENTRE BUILDING  OPPOSITE FUJAIRAH PLASTIC FACTORY AL HAYL,09-2221920,25.0988,56.2718
AL KHAN PHARMACY,FUJ,PHARMACY,EID MUSALLA RD,BARKAT BUILDING OPP. MASJID OMAR AL KHATAB & EID MUSALLA / BEHIND ADNOC PETROL STATION  EID MUSSALLA RD,09 2242154,25.1236,56.3389
AL SHARQ MEDICAL CENTRE COSMO MED,FUJ,CLINIC,,AL FASEEL,09-2059756;09-2059748,25.1431,56.3544
ASTER PHARMACIES GROUP LLC FUJAIRAH BR 2,FUJ,PHARMACY,MRAISHEED RD MRAISHEED,SHOP # R-02,09-2348765,25.1212,56.3444
ASTER PHARMACY 8 (MOOPENS),FUJ,PHARMACY,KHORFAKAN ROAD,CENTURY MALL NEAR BEACH MOTEL,09-2230706,25.1571,56.3496
ASTER MEDICAL CENTER FUJAIRAH BRANCH,FUJ,CLINIC,HAMAD BIN ABDULLAH STREET,HAMAD BIN ABDULLAH STREET,09-2234912,25.1224,56.3433
ASTER PHARMACY FUJAIRAH,FUJ,PHARMACY,HAMAD BIN ABDULLA STREET,EMIRATES SPRING BUILDING,09 2238322,25.1217,56.3437
BETTER LIFE PHARMACY,FUJ,PHARMACY,HAMED BIN ABDULLA ROAD,76  HAMED BIN ABDULLA ROAD HAMED BIN ABDULLAH,09-2227299,25.1219,56.3379
HEALTH FIRST PHARMACY 19-JULPHAR,FUJ,PHARMACY,HAMAD BIN ABDULLA STREET,HAMAD BIN ABDULLA STREET,09-2444376,25.1207,56.3486
DR. FADI ALSHAFEE DENTAL CLINIC LLC,FUJ,DENTAL,,THE COAST BUILDING OPPOSITE EAGLE HILLS AL FUJAIRAH,09-2223036,25.1363,56.3541
EAST COAST AHALIA PHARMACY,FUJ,PHARMACY,,NORTHERN AL AHLIAH MEDICAL COMPLEX GROUND FLOOR / FATHIMA ROUND ABOUT E89 (HAMAD BIN ABDULLAH ROAD) NEAR ADNOC PETROL STATION AND FAB BANK  AL GURFA,02-81191119,25.1237,56.3483
EMIRATES MEDICAL CENTRE,FUJ,CLINIC,SHEIKH ZAYED BIN SULTAN ROAD,NASSER ALI KHAMMAS BUILDING OPPOSITE AL ROSTAMANI INTERNATIONAL EXCHANGE,09-2233199,25.1258,56.3441
AL SHARQ MEDICAL CENTER - AL ETIHAD,FUJ,CLINIC,SHARQI STREET,NEAR SAFEER SUPERMARKET,09-2222444,25.1294,56.3342
AL SHARQ FAMILY PHARMACY (AL SHARQ),FUJ,PHARMACY,SHARQI ROAD,SAFEER MARKET ROUND ABOUT,09-2227490,25.1282,56.3352
FUJAIRAH PHARMACY (JULPHAR GRP OF PHY),FUJ,PHARMACY,AHMED BIN ABDULLA STREET,OPP.OLD TRAFFIC STATION,09-2229295,25.1226,56.3555
FUJAIRAH PORT MEDICAL CENTER,FUJ,CLINIC,,FUJAIRAH PORT,09-2059756;09-2059748,25.1749,56.355
FUJAIRAH PORT PHARMACY,FUJ,PHARMACY,,FUJAIRAH PORT,09-2059756;09-205 9748,25.175,56.3551
THUMBAY HOSPITAL FUJAIRAH,FUJ,HOSPITAL,,NEXT TO FUJAIRAH STADIUM FOOTBALL CLUB,09-2244233,25.1321,56.3413
THUMBAY HOSPITAL PHARMACY FUJ BR,FUJ,PHARMACY,NEAR AL AHLI CLUB,THUMBAY HOSPITAL BLDG OPD,09-2053872,25.1296,56.3265
HEALTH FIRST PHARMACY 21-JULPHAR,FUJ,PHARMACY,AL MADHAB STREET,SHOP # 1  GROUND FLOOR DANA PLAZA CINEMA,04-7016008,25.1316,56.3298
HEALTH FIRST PHARMACY 26-JULPHAR,FUJ,PHARMACY,,SHOP # 3 GROUND FLOOR SOUQ EXTRA MIRBAH NEXT TO MIRBAH LADIES CENTER,04-7016008,25.2828,56.3568
HEALTH FIRST PHARMACY 59 FUJAIRAH BR,FUJ,PHARMACY,MOHAMMED BIN ZAYED CITY,UNIT 3 & 4,09-2385714,25.077,56.3045
AL SHARQ MODERN PHARMACY,FUJ,PHARMACY,FASEEL ROAD,AFTER HILTON HOTEL-FUJAIRAH,09-2231442,25.1388,56.3543
LIFE PHARMACY L.L.C - DIBBA BR 2,FUJ,PHARMACY,,"SHOP NO 3 & 4, AL MATROSHY, FUJAIRAH, UAE",04-3441122,25.5886,56.2689
LIFE PHARMACY LLC - SPC FUJAIRAH BRANCH 8,FUJ,PHARMACY,,"SHOP NO 1 & 2,MURBEH BUILDING,FUJAIRAH,UAE",04-3441122,25.2785,56.3608
LIFE PHARMACY LLC FUJAIRAH BRANCH 5,FUJ,PHARMACY,,"UNIT NO. G014, GROUND FLOOR, FUJAIRAH CITY CENTRE",04-3441122,25.1256,56.3022
LIFECARE MEDICAL CENTER,FUJ,CLINIC,,NEAR FEDERAL AUTHORITY IDENTITY AND CITIZENSHIP GURFA DIBBA,09-2445722,25.6303,56.2776
LIFECARE PHARMACY,FUJ,PHARMACY,,NEAR FEDERAL AUTHORITY IDENTITY AND CITIZENSHIP GURFA DIBBA,09-2445722,25.5979,56.2833
LIFE CARE MEDICAL CLINIC LLC,FUJ,CLINIC,,AL HAIL BLDG. ROOM101 KALBA INDUSTRIAL AREA AL GURFA,09-2283336,25.1228,56.3462
LIFE PHARMACY LLC DIBBA BR,FUJ,PHARMACY,,"SHOP NO: 1A, PLOT NO: 2401024, SAIF AL DHABI BUILDING, AL QIAAN",04-3441122,25.6032,56.2731
LIFE PHARMACY L.L.C FUJAIRA BRANCH 4,FUJ,PHARMACY,,"SHOP G2,MADHAB BLOCK,GREEN HOUSE TRADING,SAJITHA HYPERMARKET ,FUJAIRAH,UAE",04-3441122,25.1303,56.3281
LIFE PHARMACY L.L.C FUJAIRA BRANCH 6,FUJ,PHARMACY,,"PLOT 2059,CORNER UNIT,KHAMIS MATTAR 3 BUILDING,HAMAD BIN ABDULLA ROAD,FUJAIRAH,UAE",04-3441122,25.1224,56.3369
LIFE PHARMACY LLC FUJAIRAH BR 1,FUJ,PHARMACY,,UNIT NO. G 078 GROUND FLOOR CITY CENTRE FUJAIRAH,04-3441122,25.1288,56.3265
LULU DIBBA PHARMACY LLC (DOCIB GRP),FUJ,PHARMACY,,GRND FLR LULU HYPER MARKET DIBBA,565018178,25.5947,56.2719
MAKKAH MEDICAL CENTER,FUJ,CLINIC,,BARAKT BUILDING EID MUSALLAH : MAHHATA,92225051,25.1304,56.3387
MEDICINA PHARMACY 20 FUJ BRANCH,FUJ,PHARMACY,SHEIKH HAMAD BIN ABDULLA STREET,SHEIKH HAMAD BIN ABDULLA STREET,09-2235894,25.1225,56.3208
MEDICINA PHARMACY 22,FUJ,PHARMACY,ATTA BIN YASAR STREET,NEXT TO KALBA HEALTH COMPLEX KALBA,09 277 0371,25.0683,56.3539
MEDICINA PHARMACY 28,FUJ,PHARMACY,,NEXT TO NBAD BANK DIBBA,09 244 1604,25.6004,56.2689
NATIONAL MEDICAL CENTRE (NATFUJ),FUJ,CLINIC,,SAEED SAMSOON BUILDINGNEAR FORTUNE ROYAL HOTEL,09-2232850,25.1246,56.3549
NATIONAL MED CENTRE PHARMACY (NATFUJ),FUJ,PHARMACY,GURFA STREET,MR.SAEED SAMSOOM BUILDING,09-2232555,25.9073,56.3763
AL SHARQ MEDICAL CENTER - DIBBA,FUJ,CLINIC,AL NAHDAH,SHEIKH ZAYED BIN SULTAN AL NAHYAN ROAD,09-2059554,25.595,56.2732
NORTHERN AL AHLIAH MEDICAL CENTRE - FUJA,FUJ,CLINIC,,NORTHERN AL AHLIAH MEDICAL COM HAMAD BIN ABDULLAH ROAD AL GURFA,28119119,25.4084,55.4442
HEALTH FIRST PHARMACY 20-JULPHAR,FUJ,PHARMACY,,DIBBA MARKET,09-2447364,25.5971,56.2718
AL SHARQ HOSPITAL DIBBA PHARMACY,FUJ,PHARMACY,DIBBA,SHK ZAYED BIN SULTAN AL NAHYAN ROAD,09-2059748,25.577,56.2575
AL SHARQ HOSPITAL DIBBA,FUJ,HOSPITAL,DIBBA,SHK ZAYED BIN SULTAN AL NAHYAN ROAD,09-2773200,25.577,56.2575
AL SHARQ HOSPITAL,FUJ,HOSPITAL,AL FASEEL ROAD,AL FASEEL ROAD,09-2059999,25.1513,56.3511
AL SHARQ PHARMACY,FUJ,PHARMACY,SHARQI ROAD,AL SHARQ MEDICAL CENTER BUILDING,09 2059568/ 092443040,25.1295,56.3343
HEALTH FIRST PHARMACY 18-JULPHAR,FUJ,PHARMACY,SH. ZAYED ROAD,TRADE CENTRE BUILDING,06-5394466 EXT: 117,25.1214,56.3312
SHEIKH KHALIFA HOSPITAL FUJAIRAH,FUJ,HOSPITAL,AL FASEEL,67A,09-2097777,25.1496,56.3531
SHEIKH KHALIFA HSP FUJAIRAH PHARMACY,FUJ,PHARMACY,AL FASEEL ST,na,09-2097777,25.1496,56.3531
SPRUCE SUNGLASSES TRADING LLC,FUJ,OPTICS,MASAF RD AL HLAIFAT,CITY CENTRE FUJAIRAH,09-2562874,25.1253,56.3019
SUHA PHARMACY AL HAYL,FUJ,PHARMACY,AL HAYL,61 ALI MUSABAH ALI MUHANNA,09-2282466,25.0809,56.3
SUHA MEDICAL CENTER AL BIDYA,FUJ,CLINIC,BIDYA,GROUND FLOOR,09-2233360,25.4218,56.35
SUHA PHARMACY BIDYA,FUJ,PHARMACY,BIDYA,BLDG SALEH MOFLEH ALI ASYOUD,09-2233370,25.4218,56.35
SUHA MEDICAL CENTER AL HAYL,FUJ,CLINIC,AL HAYL,GROUND FLOOR,09-2282466,25.0809,56.3
THAYBA PHARMACY (ASTER),FUJ,PHARMACY,,NEAR MASAFI FACTORY,09-2564749,25.3002,56.1616
THUMBAY PHARMACY 6,FUJ,PHARMACY,SHEIKH ZAYED ROAD,THUMBAY HOSPITAL BUILDING,09-2244380,25.3424,55.423
HEALTH FIRST PHARMACY 17-JULPHAR,FUJ,PHARMACY,MAIN STREET,TRADE CENTRE BUILDING,09-2223979,25.1214,56.3312
YATEEM OPTICIAN FUJ,FUJ,OPTICS,,SHOP IN TRADE CENTRE  FUJAIRAH,09-2222068,25.1221,56.3314
AL AHLIA PHARMACY RAK BRANCH,RAK,PHARMACY,,GROUND FLOORCREEK PLAZA OPP EXPO CENTRE AND NEAR GASAL JAZAH ROAD RAS AL KHAIMAH,02-81191119,25.7965,55.9662
AL AHLIA MEDICAL CENTRE_RAK,RAK,CLINIC,,CREEK PLAZA BUILDING AL JAZAH ROAD,28119119,25.7979,55.966
AL ALIYA PHARMACY,RAK,PHARMACY,,SHOP 5 GF MUNTASIR BLDG.MUNSTANSIR ST.,07-2274566,25.8199,55.9515
AL AMAN  PHARMACY,RAK,PHARMACY,,AL KHALIFA BUILDING BEHIND BANK OF BARODA OMAN STREET - AL NAKHEEL,07-2261139,25.7133,55.9724
AL GHAIL PHARMACY,RAK,PHARMACY,,AYAHATH ALI SAIF BLDG AL GHAIL MAIN ROAD AL GHAIL,055-8384141,25.4099,55.9928
AL JABER OPTICAL CENTRE LLC BRANCH-MANAR,RAK,OPTICS,,SHOP NO. 82 GROUND FLOOR MANAR MALL,07-2276761,25.7933,55.962
OPTX TWENTY TWENTY LLC BRANCH-OPTX 2020,RAK,OPTICS,,"SHOP NO. J034, GROUND FLOOR OPTX 2020 - MANAR MALL - RAK",07-2336792,25.7837,55.9654
AL NOOR  PHARMACY,RAK,PHARMACY,,"AL HUDAIBAH BUILDING GROUND FLOOR, OMAN STREE AL NAKHEEL",07-2333729,25.7976,55.974
AL RAFIDAIN MEDICAL CENTER LLC,RAK,CLINIC,Al Manama - Ras Al Khaimah Rd,AL MUSAFRI BUILDING GROUND FLOOR AL KHARRAN 1,07-23355500,25.7124,55.9715
AL SHAMS PHARMACY(SHAMS),RAK,PHARMACY,,AL GHAIL SHOPPING CENTRE MOHD.SHAAMS RASHID ALMAZROOI B,07-2584244,25.4101,55.9925
AL SHIFA GENERAL MEDICAL CLINIC,RAK,CLINIC,,AYAHATH ALI SAIF BLDG AL GHAIL MAIN ROAD AL GHAIN MAIN ROAD,055-9931007,25.4171,55.992
ALYA MEDICAL CENTER,RAK,CLINIC,,ADIL AL NUAMI PROP LAMP R/A AL QASIMI ST. AL QUISAIDAT,07-2441235,25.7634,55.97
ALYA PHARMACY,RAK,PHARMACY,,ADIL ALNUAMI PROP. LAMP R/A AL QASIMI ST. AL QUISAIDAT,07-2441235,25.8032,55.94
AL AMAL SPECIALIST CLINIC,RAK,CLINIC,OMAN STREET,OFFICE # 02 1ST FLOOR SHEIKH ABDUL MALIK BUILDING OPPOSITE UAE EXCHANGE,07-2228366,25.799,55.975
ARAFA MEDICAL CENTER,RAK,CLINIC,,OFFICE # 105 1ST FLOOR AL JISR PHARMACY BUILDING NEAR CARREFOUR,07-2337898,25.7927,55.9493
ASTER MEDICAL CENTRE RAK BR. (MOOPENS),RAK,CLINIC,,GROUN FLR MUNTASIR BLDG MUNTASIR ROAD,07-2338838,25.8006,55.9739
ASTER PHARMACIES GRP LLC RAK BR 1(ASTER),RAK,PHARMACY,AL MATAF ROAD,AL KHALEEJ SUPERMARKET NEAR AL ADAF ROUNDABOUT,07-2681224,25.834,55.9936
ASTER PHARMACIES GROUP LLC - RAK BR,RAK,PHARMACY,AIR PORT ROAD SAFEER MALL BUILDING,SAFEER MALL AIRPORT ROAD,07-2352214,25.752,55.9256
ASTER PHARMACY BR RAK 2,RAK,PHARMACY,,ALI SULTAN ALI OTHMAN BLDG OPP: BIRLA INSTITUTE OF TECH,07-2361664 04-2672946,25.7255,55.9611
AL OLA PHARMACY (ASTER),RAK,PHARMACY,Al MUNTANSIR RD,SHOP 1 BLDG 0040 AL MUNTASIR RD AL NAKHEEL,07-2357563,25.8285,55.9703
BALSAM PHARMCY (RAK),RAK,PHARMACY,OMAN STREET,OPP. ARAB BANK; NR.CHOITRAM,04-2222868,25.7987,55.9751
BASMAT AL HAYAT MEDICAL CENTER RAK,RAK,CLINIC,KHALIFA BIN ZAYED CITY,M FLOOR 11A,07-2222256,25.7227,55.8688
CARE POINT MEDICAL CENTER,RAK,CLINIC,,"BLK 2, GROUND FLR OPPOSITE NAEEM MALL AL NAKHEEL",07-2333370,25.8755,55.9567
CARE POINT PHARMACY,RAK,PHARMACY,,"BLK 2, GROUND FLOOR OPPOSITE NAEEM MALL AL NAKHEEL",07-2333370,25.8161,55.9672
CENTRAL PHARMACY,RAK,PHARMACY,DIGDAQAH,GULF PHARMACEUTICAL INDUSTRIES,07-2440528,25.6618,55.9664
CORNICHE MEDICAL CENTRE,RAK,CLINIC,OMAN STREET,MINISTRY OF INFORMATION BUILDING NEAR AL NAKHEEL PHARMACY,07-2228456; 2227193,25.7984,55.9747
COSMETIC DERMATOLOGY CLINIC,RAK,CLINIC,MUNTASER STREET,OFFICE # 102 1ST FLOOR INTERNATIONAL PHARMACY BUILDING OPPOSITE Q RAK BILLIARDS & GAMES CENTRE,07-2280004,25.7989,55.9749
CROWN MEDICAL CENTER L.L.C,RAK,CLINIC,,NEAR NAEEM CENTER SHEIKH RASHED BIN SAED ROAD AL DHAIT,07-2359722,25.7516,55.9194
EMIRATES CARDIOLOGY CLINIC,RAK,CLINIC,,NS TOWER 303  NEAR MANGROVE HOTEL DAFAN,07-2222649,25.2306,55.3241
EMIRATES DUBAI PHARMACY LLC,RAK,PHARMACY,Al Hisn Rd,AVENUE BUILDING JULPHAR TOWERS RAS AL KHAIMAH,07-2037777,25.7916,55.96
EMIRATES HOSPITALS AND CLINICS-RAK,RAK,CLINIC,,JULPHAR TOWERS NEAR TO CBI BANK ALNAKHEEL,07-20377777,25.7916,55.9601
AL FARABI SPECIALIST CLINIC,RAK,CLINIC,MUNTASER STREET,OFFICE # 402 4TH FLOOR DUBAI ISLAMIC BANK BUILDING NEAR SANA FASHION,07-2276699,25.7974,55.9719
RAS AL KHAIMAH GHALILA PHARMACY,RAK,PHARMACY,,GHALILA,07-2432115,25.984,56.0758
HALA 37 PHARMACY LLC OPC BRANCH 1,RAK,PHARMACY,,"UNIT NO 5 & 6, GROUND FLOOR, LAGOON WALK, MINA AL ARAB, RAK, UAE",04-3441122,25.0431,55.1599
HALA 37 PHARMACY LLC OPC - BRANCH 2,RAK,PHARMACY,,"EXHIBITION NO 1, AL QAWASIM CORNICHE, RAK, UAE",04-3441122,25.7829,55.9428
HALA 37 PHARMACY LLC OPC -BRANCH 3,RAK,PHARMACY,,"UNIT NO. GF - 09-10 , AL NAEEM CITY CENTER, RAK, UAE",04-3441122,25.749,55.9251
HALA 37 PHARMACY LLC OPC,RAK,PHARMACY,,"UNIT NO 3 ,FLOOR G+M,JULFAR RAS AL KHAIMAH,UAE",04-3441122,25.8254,55.9888
HALA PHARMACY 21 LLC BRANCH,RAK,PHARMACY,,"SHOP 1, 2, 3, PLOT 314020416, AL RAMS, RAK, UAE",04-3441122,25.8827,56.0478
HALA PHARMACY 22-LIFE,RAK,PHARMACY,SHEIKH RASHID BIN SAEED ROAD,"SHEIKH RASHID BIN SAEED ROAD, AL KHARRAN,",07-2433432,25.732,55.9547
HALA PHARMACY 23(LIFE),RAK,PHARMACY,,UNIT B11 MY CITY CENTRE,06-5220367,25.8091,55.9712
HALA PHARMACY 25,RAK,PHARMACY,KING ANDUL AZIZ ST,SHOP NO 1,04-3441122,25.7864,55.9659
HALA PHARMACY 34 LLC,RAK,PHARMACY,,(OPP) MANAR MALL  ALNAKHEELAREA  RAS AL KHAIMAH,04-3441122,25.7832,55.9676
HALA PHARMACY 36 LLC,RAK,PHARMACY,,SHOP NO.5  BLOCK6  ON PLOT NO. 406060029,04-3441122,25.7274,55.9585
HEALTH FIRST PHARMACY 50 (JULPHAR),RAK,PHARMACY,SHEIKH MOHAMMAD BIN SALEM ROAD,AHMED BEN SAGAR BLDG OPP: RAK BANK,07-2358018 04-7016000,25.7619,55.9164
HEALTH FIRST PHARMACY 53,RAK,PHARMACY,TOWARDS UMM AL QUWAIN,"BAB AL BAHAR, YAKOUT BLDG",07-2435406,25.6641,55.7468
HEALTH FIRST PHARMACY 63,RAK,PHARMACY,"AL DHAIT ST,KHALIFA BIN ZAYED",RETAIL # 10B & 11B,07-2081966,25.6957,55.9201
HEALTH MEDICAL CENTER,RAK,CLINIC,,VILLA NUMBER 7 GROUND FLOOR KHUZAM,07-2334041,25.769,55.9318
AL HSAYAT PHARMACY (ORAIBI),RAK,PHARMACY,AL MUNTASSER ST,OPPOSITE HOME CENTRE,07-2277002,25.7914,55.9698
HUDAIBAH MEDICAL CENTRE,RAK,CLINIC,SHEIKH SAQR BIN MOHAMMED QASSIMI ROAD (E 18 ROAD),1ST FLOOR AL HUDAIBAH BUILDING NEXT TO AL NAKHEEL PHARMACY NEAR CHOITHRAM SUPERMARKET,07-2222188,25.7978,55.9748
INDIAN PHARMACY,RAK,PHARMACY,RAS KHAIMAH ROAD,SH.OMER BIN SAQR ALQASIMI BUILDING,07-2333951,25.7918,55.9469
INTERNATIONAL MEDICAL CENTER RAK,RAK,CLINIC,,VILLA 5 (OPP. RAK HOTEL) AL WARQAA AL KHUZAM,07-2365366,25.7667,55.9402
INTERNATIONAL RADIOLOGY CENTRE AND DIAGN,RAK,DIAGNOSTIC CENTER,,GOLDSOUQ AL MUTASIR STREET AL NAKHEEL,07-2338388,25.802,55.9744
I SMILE DENTAL CENTER,RAK,DENTAL,,JULPHAR OFFICE TOWER 23 FLOOR RM 2310 AL HISN SUHAIM,07-2222207,25.7899,55.9588
AL JAZEERAH MEDICAL CENTRE,RAK,CLINIC,,BUILDING # 92 AL JAZEERAH AL HAMRA NEXT TO AL JAZEERAH PHARMACY,07-2446899,25.7049,55.8051
AL JISR PHARAMCY (INDIAN),RAK,PHARMACY,SABA STREET,SALEM SAEED AL KHATHRI BUILDING,07-2337271,25.7976,55.9493
LIFE PHARMACY RAK,RAK,PHARMACY,,"SHOP 5 & 6, NESTO HYPERMARKET SHEIKH ABDULLA BIN MOHAMMED RD AL QUSAIDAT",04-3441122,25.7889,55.966
AL MANAR PHARMACY(JULPHAR GRP OF PHY),RAK,PHARMACY,RAS KHAIMAH ROAD,AL MANAR SHOPPING MALL,07-2274848,25.785,55.966
MARHABA MEDICAL CENTER,RAK,CLINIC,,GF 02 NAKHEEL BLDG. NEAR AL HOOTH SUPERMARKET AL NAKHEEL,07-2364667,25.8292,56.0645
MEDICAL CENTRE PHARMACY,RAK,PHARMACY,FAISAL STREET,OPP.SHOP & SAVE,07-2337544,25.7832,55.9373
MEDICINA PHARMACY 27,RAK,PHARMACY,,SAFEER MARKET,07-2332580,25.6824,55.9635
MEDICINA PHARMACY 32,RAK,PHARMACY,,ARMED FORCES COOPERATIVE SOCIE AL HAMHAM AL HAMHAM,07-258 5587,25.7432,55.9806
MEDICINA PHARMACY 34,RAK,PHARMACY,,EMIRATES NATIONAL SCHOOL AL DHAIT SOUTH AL DHAIT SOUTH,07-228 4785,25.715,55.8945
MEDICINA PHARMACY 35,RAK,PHARMACY,,RAMEZ HYPER MALL AL DHAIT SOUTH NORTHERN RAK,07-221 8376,25.7202,55.9168
MEDICOM - 23 (AL ENAYA PH) (ASTER),RAK,PHARMACY,KHARRAN ROAD,OPP. BIN DAHER SCHOOL,07-2441433,25.7255,55.9612
METRO DENTAL SPECIALIST CLINIC,RAK,DENTAL,MUNTASER STREET,OFFICE 102 1ST FLOOR AL JABER BUILDING NEAR LULU CENTRE,07-2271818,25.8149,55.9703
DR. MURTADA CLINIC,RAK,CLINIC,MUNTASIR ROAD,OFFICE # 3 2ND FLOOR SHEIKH ZAGIR BIN KHALID BUILDING NEAR AL NAKHEEL HOTEL,07-2289655,25.8173,55.969
AL NAKHEEL PHARMACY (RAK),RAK,PHARMACY,NAKHEEL STREET,SH. SALEM BIN SULTAN AL QASIMI BUILDING NEAR CHOITHRAM,07-2226821,25.7975,55.9744
NATIONAL MEDICAL CLINIC (RAK),RAK,CLINIC,,1ST FLOOR IBN SINA PHARMACY BUILDING,07-2334232,25.7836,55.9378
AL NEBRAS DENTAL CLINIC,RAK,DENTAL,AL JUWAIS,RAK AL JUWAIS NEAR ADIB BANK GOLF2TOWER M FLOOR,07-2336660,25.7765,55.9674
NEW ROYAL PHARMACY,RAK,PHARMACY,DAFAN,FLAT NO 114,07-2012050,25.7721,55.9367
NEW ROYAL MEDICAL AND DENTAL CENTER,RAK,CLINIC,DAFAN,FLAT NO 114,07-2012050,25.7721,55.9367
NEXUS MEDICAL CENTER,RAK,CLINIC,,AL JAZEERA BLDG. SHOP 131415 AL JAZEERA AL HAMRA STREET AL JAZEERA AL HAMRA AREA,97172332134,25.7558,55.7886
NEXUS PHARMACY,RAK,PHARMACY,,SHOP NO: 16 AL JAZEERA BUILDING BESIDE MADINA SUPER MARKET JAZEERA AL HAMRA,97172447348,25.6775,55.7833
NMC ROYAL PHARMACY(NMC),RAK,PHARMACY,,SULTAN FADEL BLDG QAWASIM CORNICHE,07-2332832,25.7909,55.9504
AL ORAIBI HOSPITAL,RAK,HOSPITAL,MUNTASER STREET,HOSPITAL BUILDING,07-2288511,25.7882,55.9697
RAS AL KHAIMAH MEDICAL CENTRE AL HAMRA,RAK,CLINIC,AL HAMRA MALL,FIRST LEVEL,07-2432226,25.6981,55.7821
RAK MEDICAL CENTRE,RAK,CLINIC,,GROUND FLOOR G+11 B-01 BACKSIDE RAK CERAMICS,07-2432226,25.6841,55.7833
RAK COLLEGE OF DENTAL SCIENCE FZ LLC,RAK,DENTAL,,GF RAK COLLEGE BUILDING OF DEN LDG. RAKEZ RAK DENTAL ST. RAS AL KHAIMAH,07-2222593,25.7583,55.9808
RAK AL JAZIRA AL HAMRA PHARMACY,RAK,PHARMACY,,JAZEERA HAMRA STREET JAZEERA HAMRA STREET JAZEERA HAMRA,07-2432249,25.7042,55.7789
RAS AL KHAIMAH HOSPITAL,RAK,HOSPITAL,,AL QUSAIDAT,07-2074234(INS),25.7684,55.9764
RAS AL KHAIMAH PHARMACY AL HAMRA,RAK,PHARMACY,,AL JAZEERA AL HAMRA,07-2273637,25.683,55.7809
RAK MEDICAL CENTER GALILAH,RAK,CLINIC,AL RAMS ROAD,AHMED LAHA BLDG NEAR GULF CEMENT FACTORY PETRON STATION,07-2279994,26.0175,56.0849
RAK SMILE DENTAL CLINIC,RAK,DENTAL,,CONCORDE BLDG. MEZANINE FLOOR M03 AL NAKHEEL RAS AL KHAIMAH,07-2260804,25.7986,55.9705
HEALTH FIRST PHARMACY 14-JULPHAR,RAK,PHARMACY,RAMS STREET,BESIDE POLICE STATION,07-2662295,25.8753,56.0245
AL RAZI PHARMACY,RAK,PHARMACY,SHEIK MOHD BIN SALEM ROAD,DAHAN BUILDING OPP EMIRATES POST,07-2331919,25.7833,55.9334
RETAJ MEDICAL CENTRE LLC,RAK,CLINIC,,UNITED INSURANCE BUILDING SHEIKH MOHAMMED BIN SALEM RD AL DHAIT,07-2359818,25.754,55.9114
RETAJ PHARMACY L.L.C,RAK,PHARMACY,,GRND FLOORUNITED INSURANCE OPPOSIT TO KFC AL DHAITH,07-2277776,25.7541,55.9113
RIVOLI EYEZONE AL HAMRA MALL,RAK,OPTICS,AL HAMRA,E11 SHK MOHAMED BIN SALEM RD,05-06239270,25.6894,55.7875
ROSE DENTAL CENTER,RAK,CLINIC,,DUBAI ISLAMIC BANK BLDG RM 104 AL MUNTASIR ROAD NAKHEEL,07-2287711,25.9184,55.9553
NMC ROYAL MEDICAL CENTER,RAK,CLINIC,QAWASIM CORNICHE ROAD,GROUND FLOOR SULTAN FADEL BUILDING NEAR NBAD,07-2332832,25.7907,55.9504
AL GHAIL MEDICAL CENTRE(SHAMS),RAK,CLINIC,,AL GHAIL SHOPPING CENTRE MOHD.SHAAMS RASHID ALMAZROOI B,07-2589464,25.4098,55.9927
SHIFA AL JAZEERAH MEDICAL CENTRE RAK,RAK,CLINIC,,FATHIMA SUPERMARKET BUILDINGM OMAN STREET AL NAKHEEL,0 7 2211218,25.7987,55.9762
SHEIKH KHALIFA SPECIALTY HOSPITAL,RAK,HOSPITAL,AL SHOHADAA ROAD,119 EXIT,07-2010370,25.6294,55.8391
SMILE CARE MEDICAL CENTER,RAK,DENTAL,JAZZAH ROAD,RAK AL JAZZAH AL KHATRI BUILDING OPPOSITE HILTON HOTEL,07-2282080,25.7943,55.9694
SPECIALIST'S MEDICAL CENTRE,RAK,CLINIC,SHEIKH MOHAMMED BIN SALEM ROAD,SHEIKH MOHAMMED BIN SALEM ROAD,07-2332255,25.783,55.9372
SPRUCE SUNGLASSES TRADING LLC RAK BR1,RAK,OPTICS,AL DHAIT SOUTH,CITY CENTRE AL DHAIT,07-2682761,25.7286,55.9197
SUPERCARE PHARMACY MANAR MALL,RAK,PHARMACY,,SHOP 87 GF MANAR MALL AL MUNTASIR ROAD RAS AL KHAIMAH,07-2082728,25.785,55.9667
AL SUWAIDI PHARMACY,RAK,PHARMACY,OMAN STREET,SULTHAN MATAR BUILDING,07-2228111,25.7962,55.9738
THE AMERICAN MEDICAL CLINIC RAK,RAK,CLINIC,AL RIFFA,BLDG. 6 LAGOON WALK MINA AL ARAB AL RIFFA,07-2359818,25.7146,55.8348
THUMBAY PHARMACY 7,RAK,PHARMACY,AL JAZA STREET,THUMBAY CLINIC BLDG,07-2267190,25.7961,55.9695
THUMBAY CLINIC LLC RAK BRANCH,RAK,CLINIC,AL NAKHEEL,THUMBAY CLINIC BLDG.,07-2267464,25.7962,55.9696
UNION MEDICAL AND DENTAL CENTER LLC,RAK,CLINIC,,ABOVE VIDEO RAFA BEHIND SONY BLDG,07-2272402,25.7968,55.9736
U M D C PHARMACY,RAK,PHARMACY,,FLAT 198 GF AL WADI BLDG AL DHAFRA ROAD SANAIYA INDUSTRIAL AREA,07-2272757,25.2029,51.4349
AL WAFA DENTAL CLINIC - RAK,RAK,DENTAL,MUNTASER STREET,OFFICE # 104 1ST FLOOR SHEIKH JAMAL BIN SAQR BUILDING NEAR ETISALAT OFFICE,07-2288286,25.7905,55.968
AL ZAHRAWI HOSPITAL,RAK,HOSPITAL,RAMS ROAD,GROUND FLOOR GULF CONCRETE BUILDING OPPOSITE CHOITHRAM SUPERMARKET,07-2288544 EXT 244,25.7998,55.9752
ABRAHAMS MEDICAL CENTRE,SHJ,CLINIC,AL ZAHRA STREET,ROLLA TOWER NEAR ROLLA SQUARE PARK,06-5612737,25.3589,55.3925
ABWAB BAIT AL MAQDES PHARMACY,SHJ,PHARMACY,AL KHAN ST.,ALI SALIM AL TAMIMI OPPOSITE ARCADIA HOTEL SUITE,06-5565363,25.3294,55.3734
ACCESS CLINIC MUWAILIAH (ASTER),SHJ,CLINIC,UNIVERSITY ROAD,MUBARAK BUILDING,06-5359933,25.3081,55.4645
ACCESS AL ROLLA MEDICAL CENTER (ASTER),SHJ,CLINIC,,FLAT 123 ADNIC TOWER IBRAHIM MOHAMAD,06-5612050,25.3524,55.3862
ACCESS AL SAJAA CLINIC,SHJ,CLINIC,,SHOP 25-26 AL SAJAA MALL AL SAJAH INDUSTRIAL AREA AL SAJAA,06-7678795,25.3011,55.6298
ADVANCED MEDICAL CENTER,SHJ,CLINIC,,AL FARDAN CENTER BLOCK A 207 NEXT TO BUHAIRAH POLICE STATION,06-5561220,25.3241,55.382
DR. AFIF MEDICAL CENTER,SHJ,CLINIC,KING FAISSAL STREET,UNITED BANK BUILDING 2ND FLOOR,06-5740091,25.3449,55.3886
AL AHALIA REGIONAL MEDICAL CENTRE,SHJ,CLINIC,IBRAHIM MOHAMMED AL MADFA STREET,OPP. ETISALAT BUILDING NEAR KUWAIT ROUNDABOUT,06-5621700,25.3624,55.4006
AHLAN MEDICAL CENTER,SHJ,CLINIC,,114 AL JABRI BLDG. OPPOSITE SAHARA CENTRE S115,06-5305882,25.3576,55.3919
AKNAF BAIT AL MAQDES PHARMACY,SHJ,PHARMACY,CORNICHE STREET,AL BAKER 5 TOWER,06-5500602,25.3136,55.3728
AL AFDAL MEDICAL CENTER,SHJ,CLINIC,,SHOP NO 2&3 AL TAWOOS BUILDING AL MAHATTAH,"06-5455501, 04-2617175",25.3463,55.3919
AL AHSAN PHARMACY,SHJ,PHARMACY,,KHALID BOOTI BUILDING MUWALIH STREET MUWAILIH,06-5449393,25.3089,55.4636
AL CORNICHE PHARMACY (ANGLO ARAB,SHJ,PHARMACY,,GROUND FLOOR CORNICHE PLAZA I BUHAIRA CORNICHE STREET BUHAIRA CORNICHE,06-5751222,25.2577,55.2631
AL AZHAR MEDICAL CLINIC,SHJ,CLINIC,,SAJJAH INDUSTRIAL AREA  SHARJAH,04-3791311,25.3718,55.6424
AL AZHAR PHARMACY,SHJ,PHARMACY,,SHARJAH COOPERATIVE SOCIETY BUILDING SAJJA INDUSTRIAL AREA 1,06-5352323,25.3118,55.6353
AL BASHAR PHARMACY LLC,SHJ,PHARMACY,,SHOP NO 2 GROUND AL SHAMSI BLDG  OPPOSITE PANOOR REST MUWAILAH,06-5561596,25.2952,55.4414
AL BASSAM PHARMACY,SHJ,PHARMACY,,GROUND FLOOR BASSAM TOWER CORNICHE STREET AL MAJAZ 3,06-5379446,25.3272,55.3787
AL BURHAN PHARMACY LLC,SHJ,PHARMACY,,"BLUE BUILDING,INDUSTRIAL AREA NEAR FAMILY RESTAURANT - MUWAILEH",06-5320585,25.293,55.4433
AL DHIA PHARMACY LLC(DOCIB GRP),SHJ,PHARMACY,,GROUND FLOOR UDDAY BIN HATEM MOSQUE MUWAILEH,06-5771561,25.2985,55.4583
AL DUNIA MEDICAL CENTRELLC(LIBERTY),SHJ,CLINIC,,AL SHAMSI BUILDING THIRD INDUSTRIAL STREET INDUSTRIAL AREA NO-12,06-5546644,25.3111,55.4229
AL DUNIA PHARMACY LLC(LIBERTY),SHJ,PHARMACY,KING FAISAL ST,AL SHAMSI- BUIL NEAR GECO SIGNAL KING FAIZAL STREET,06-5620406,25.3394,55.3895
AL DURRAH RADIOLOGY CENTER LLC,SHJ,DIAGNOSTIC CENTER,,FIRST FLOOR AL DURRAH TOWER - ENTIFADAH R AL BUHAIRAH CHORNICHE,06-5569888,25.3236,55.383
AL ELAJ PHARMACY (BAIT AL MAQDES),SHJ,PHARMACY,WASIT ST,AL SHABAH PLAZA,06-5583058,25.3396,55.4284
AL EMARAT  NATIONAL MEDICAL CENTER,SHJ,CLINIC,,AL WALLED BUILDING FLAT 101-102AL ETIHAD ROAD NEW AL TAAWUN  AL KHAN,06-5772058,25.3101,55.3764
ALEXIS PHARMACY,SHJ,PHARMACY,,MUWEILAH COMMERCIAL  MUWEILAH,06-5060397,25.3126,55.4525
ALEXIS ZULEKHA PHARMACY NASSERYA,SHJ,PHARMACY,,AL ZAHRA ST.  AL NASSERYA,06-5060197,25.3697,55.4048
AL FARAH AL HADITHA PHARMACY,SHJ,PHARMACY,,NOVA PARK HOTEL  AL NAD AL QASIMMIA 3,06-5746066,25.344,55.3886
AL HALA PHARMACY (BAIT AL MAQDES),SHJ,PHARMACY,NEW AL TAAWUN ST.,AL KHAN 5,06-5523663,25.3131,55.3756
AL ITHIHAD PHARMACY,SHJ,PHARMACY,,GROUND FLOORUNION PHARMACY BUILDING JAMAL ABDULNASER STREET AL MAJAZ 2,06-5594767,25.3236,55.3859
AL JABER OPTICAL CENTRE LLC BRANCH-MATAJ,SHJ,OPTICS,,"SHOP NO. J002, GROUND FLOOR, MATAJER JURAINA",06-5624372,25.2989,55.4895
OPTX TWENTY TWENTY LLC BRANCH-OPTX 2020,SHJ,OPTICS,,"SHOP NO.190 GROUND FLOOR, NEW EXTENSION , OPTX 2020 - SA",06-5303357,25.3051,55.38
AL JABER OPTICAL CENTRE LLC BRANCH-SAHAR,SHJ,OPTICS,,"SHOP NO. 120, GROUND FLOOR SAHARA CENTRE 2",06-5542116,25.3155,55.3687
AL JABER OPTICAL CENTRE LLC BRANCH-SHARJ,SHJ,OPTICS,,SHOP NO. U03-04 FIRST FLOOR SHARJAH CITY CENTRE,06-5335424,25.3319,55.3942
AL JABER OPTICAL CENTRE LLC BRANCH-ZERO,SHJ,OPTICS,,"SHOP NO.GF13 GROUND FLOOR, ZERO 6 MALL",06-5423636,25.2992,55.4945
AL JAMHOOR PHARMACY,SHJ,PHARMACY,,MOHAMMAD BIN SULTAN BUILDING AL-DHAID MAIN STREET AL DHAID,06-8822671,25.2882,55.9146
AL KARAZ PHARMACY,SHJ,PHARMACY,NEW AL NAHDA INDUSTRAIL AREA 1,SANA BUILDING SHOP NO 10,06-5668225,25.3044,55.3757
AL MADEENA AL MUSHRQA PHARMACY,SHJ,PHARMACY,KING FAISAL ST.,ABDUL AZIZ AL MAJID NEAR HSBC BANK KING FAISAL STREET,06-5303355,25.3373,55.3938
AL MADINAH PHARMACY,SHJ,PHARMACY,HATTA DUBAI STREET,HOYDAN BUILDING,06-8861018,24.9143,55.7742
SHIFA AL JAZEERA MEDICAL CENTRE,SHJ,CLINIC,,SHAIKH ABDULLAH ALI AL MAHMOUD AL ZAHRA STREET ROLLA,0 6 5218889,25.3583,55.3943
AL MANARAH MEDICAL CENTER,SHJ,CLINIC,,FLATNUMBER:21&22 BUHAIRA CORNICHE AL MAJAZ 3,06-52666,25.3346,55.3754
AL MANSOOR PHARMACY-LIFE,SHJ,PHARMACY,WAHDA STREET,OPP. SHARJAH CITY CENTRE,06-5591700,25.326,55.3923
AL MANSOUR MEDICAL CENTER,SHJ,CLINIC,,"CITY COMPASS TOWER, 1ST FLOOR CORNICHE STREET BUHAIRA CORNICHE ROAD",06-5372050,25.3296,55.3773
AL MOAALAJ PHARMACY LLC,SHJ,PHARMACY,,SHOP 3  GROUND FLOOR CITY EMBASSY BLDG SAAD BIN ZAYED ST. ABU SHAGARAH,06-5214865,25.3331,55.3949
AL MUSALLA PHARMACY SHARJAH,SHJ,PHARMACY,,AL ZAHRA STREET ROLLA SHARJAH  ROLLA,00971 7 2211218,25.3584,55.3942
AL MUSTAQBAL DENTAL CLINIC,SHJ,DENTAL,MAIN STREET,MAJESTIC TOWER 2 FLAT NO. 804  8TH FLOOR (NEAR BY FERAS SWEETS) AL TAAWUN  SHARJAH,06-5566130,25.3084,55.3629
AL NABAA PHARMACY LLC,SHJ,PHARMACY,,PLOT 406 AL MUBARAK CENTER AL AROOBA STREET AL NABAA AREA,06-5635229,25.369,55.3942
AL NADIA PHARMACY LLC,SHJ,PHARMACY,AL QASIMIYA,2  SUHAIL BIN HUNAIF STREET AL QASIMIYA,06-575 9745,25.3398,55.3904
AL NAHDA MEDICAL CENTER(LIBERTY),SHJ,CLINIC,,AL DAGHAYA  TOWER BUKHARA STREET NO13 AL NAHDA,06-5384466,25.3037,55.3835
AL NAHDA PHARMACY,SHJ,PHARMACY,,"SHOP # 10 & 11, GROUND FLOOR AL KAKOOLI BUILDING AL KHAN",06-5561122,25.3211,55.3805
AL NAWRAS DENTAL CENTRE,SHJ,CLINIC,AL MUALA ROAD,AL OBAID BLDG. 107 & 108 1ST FLOOR FALAJ AL MUALA ROAD  AL DHAID  AL DHAID,06-8826400,25.2932,55.8818
AL NOOR AL SAATE PHARMACY,SHJ,PHARMACY,,SHOP 1 SABAH AL NOOR MC BLDG.KING FAISAL ROAD,06-7424144,25.335,55.3939
AL RABEE CLINIC (LIBERTY),SHJ,CLINIC,AL KHAN ST.,BAGHLAF AL ZAFER BUILDING NEAR SHARJAH COLLEGE SIGNAL AL KHAN STREET,06-5391222,25.3066,55.3927
AL RAHAH MEDICAL CENTRE LLC,SHJ,CLINIC,,IND AREA @ SHARJAH  IND. AREA,065425260,25.3176,55.4011
AL RAYAH PHARMACY LLC (NOVO),SHJ,PHARMACY,AL NAHDA STREET,BUHAIRA INSURANCE BUILDING,06-5244660,25.3002,55.3814
AL RUAYAH PHARMACY LLC (NOVO),SHJ,PHARMACY,,GROUND FLOOR SAFARI MALL MUWAILLEH,06-5244660,25.3059,55.4504
AL SADIQ PHARMACY LLC,SHJ,PHARMACY,,BEHIND ADNOC PETROL PUMP BUKHARA STREET AL NAHDA,06-5549947,25.3039,55.3834
AL SAFI MEDICAL CENTER,SHJ,CLINIC,,OFFICE 2 FIRST FLOOR  AL SAJAA MUSSAFAH INDUSTRIAL AREA,065551973,25.3318,55.6283
AL SAFI PHARMACY,SHJ,PHARMACY,,OFFICE 2 FIRST FLOOR AL SAJAA  INDUSTRIAL AREA,65551973,25.3319,55.6283
AL SAFWA RADIOLOGY CENTER,SHJ,LABORATORY,,"CG MALL,301-306 3RD FLOOR KING FAISAL STREET AL QASSIMIAH",06 -5563969,25.3446,55.3875
AL SAHA PHARMACY-LIFE,SHJ,PHARMACY,FIRE STATION ROAD,NEAR BIG MASJID,06-5426630,25.3044,55.4461
AL SAHA WA AL SHIFA ONE DAY SURGERY HOSP,SHJ,DAY CARE,AL AROUBA STREET,OFFICE # 307 3RD FLOOR ROLLA MALL AL AROUBA STREET,65632618,25.3587,55.3894
AL SAIF PHARMACY(LIBERTY),SHJ,PHARMACY,,NEAR  LIBERTY  SIGNAL KING ABDUL AZEEZ STREET ABUSHAGARA,06-5533811,25.3419,55.3894
AL SAJAA PHARMACY LLC,SHJ,PHARMACY,,MUHAMMAD SALEH AL HAMADI BUILDING - NEAR SHARJAH CEMENT FACTORY AL  SAJAA,06-5310199,25.2952,55.6098
AL SAMAH PHARMACY,SHJ,PHARMACY,,SHAIKH SAQR BIN KHALID AL QASSIMI STREET  AL GHUBAIBAH,06-5660366,25.3473,55.4082
AL SAMA PHARMACY SANA GRP,SHJ,PHARMACY,,CITY BANK BUILDING QASSEMIYA STREET QASSEMIYA,06-5508820,25.3474,55.392
AL SAMHA PHARMACY LLC,SHJ,PHARMACY,,AL AMIRA RESIDENCE RADISSION BLU HOTEL ABU SHAGARA STREET,566465225,25.3357,55.397
AL SANA PHARMACY LLC,SHJ,PHARMACY,,SHOP NO:2&3 SYEDPLAZABLDG AL MAHATTA,06-5731610,25.3478,55.3969
AL SARH MEDICAL LAB,SHJ,LABORATORY,,AL MARZOQI TOWER( C.G. MALL) C AL NUD AL NUD,06-5509991,25.3246,55.3751
AL SHUALLA PHARMACY,SHJ,PHARMACY,AL MUWEILAH COMMERCIAL,SHOP R027,06-5736587,25.3136,55.4575
AL SIDDIQ CLINIC,SHJ,CLINIC,AL DHAID MAIN ROAD,MOHAMED SULTAN BUILDING FLOOR 1 FLAT 11 NEAR DHAID POLICE STATION ABOVE JAHMUR PHARMACY,06-8822046,25.3042,55.881
AL SUNDOS PHARMACY,SHJ,PHARMACY,AL MINA ROAD,AL MINA ROAD SANA BLDG 2ND DEC STRT,06-5650905,25.3467,55.3887
AL TAJ PHARMACY (BAIT AL MAQDES),SHJ,PHARMACY,AL KHAN CORNICHE ST,DANAT AL KHAN BLDG. BACK SIDE OF SHARJAH EXPO CNTR,06-5444322,25.3169,55.3682
AL TAJ AL THAHABI PHARMACY LLC,SHJ,PHARMACY,AL KHAN STREET,GOLDEN CROWN  AL KHAN STREET AL KHAN,06 5540707,25.3292,55.3683
AL  TAMIMI PHARMACY LLC,SHJ,PHARMACY,,"SHOP NO - 2, AL GHUWAIR AREA BEHIND KM TRADING ROLLA",06-5624990,25.3139,55.4184
AL UFUQ PHARMACY,SHJ,PHARMACY,,STREET: AL MUWEILAH FIRE STATION ROAD  NATIONAL  PAINTS,65443771,25.2967,55.4396
AL USRAH MODERN PHARMACY,SHJ,PHARMACY,,AL ZAHRA STREET BUTINA SHARJAH  AL BUTINA,06-5656105,25.3892,55.4009
AL WAFAA PHARMACY (NOORA),SHJ,PHARMACY,DOUBLE COLA ROAD,NO.501 SHOP # 1 NEAR LACNOR DAIRY,06-5331139,25.2887,55.4465
AL ZAMAN PHARMACY,SHJ,PHARMACY,,AL WAFA BUILDING JAMAL ABDUL NASSER STREET AL WAHDA,06-5771990,25.3242,55.3855
AL ZEYARAT MEDICAL CENTRE LLC,SHJ,CLINIC,SHEIKH ZAYED STREET,"SHEIKH ZAYED STREET,SAMNAN",06-5668966,25.3423,55.4257
AMALA MEDICAL CENTER,SHJ,CLINIC,,AQEEL FALAKNAS BUILDING AL ZA  AL BUTINA,06-5333789,25.1489,55.4065
DR. AMAL ALQEDRAH SPECIALIST CLINIC,SHJ,CLINIC,WASIT ROAD,AL ABAR BUILDING 1ST FLOOR ABOVE BON CHOIX CAFFE FLAT # 6 SHARJAH AL QASIMIA OPPOSITE AL QASIMI HOSPITAL AND EMARAT PETROL STATION,06-5238883,25.3453,55.4318
AL AMANAH MEDICAL CENTRE,SHJ,CLINIC,AL SHARQ STREET,308 3RD FLOOR OPP. LULU CENTRE MUBARAK CENTRE NEAR SHARJAH ROTANA HOTEL,06-5615545,25.3646,55.3935
AL AMAN PHARMACY,SHJ,PHARMACY,GHURAIR STREET,ROLLA PARK,06-5233991,25.356,55.3899
ANTONY MEDICAL CENTRE,SHJ,CLINIC,AL SHARQ STREET,204-206 OPP. LULU CENTRE AL MUBARAK CENTRE NEAR SHARJAH ROTANA HOTEL,06-5630555,25.3646,55.3935
ANWAR BAIT AL MAQDES PHARMACY LLC,SHJ,PHARMACY,UNIVERSITY CITY ROAD,FLAT 02 MB-6 EWAN BLDG.,06-5426300 06-5552070,25.3084,55.4577
ARAB DOCTORS SPECIALIST CENTER,SHJ,CLINIC,AL TAAWUN ST,ALMANSOORI TOWER ALQASBA R/O,06-5544414,25.318,55.3761
ARABIAN MEDICAL CENTRE,SHJ,CLINIC,CORNICHE STREET,OPPOSITE TO MASJID AL NOOR 1ST FLOOR SALIM TOWER ABOVE AL SHAM SWEETS,06-5731066,25.3376,55.3879
AL NOOR AL NAHDA POLYCLINIC,SHJ,CLINIC,,NEAR SAHARA CENTRE,06-5376969/0556674676,25.3003,55.3795
AL SHIFA UROPI PHARMACY,SHJ,PHARMACY,AMMAN STREET,NEAR SAHARA CENTRE,06-5394609,25.2998,55.3799
ASIA PHARMACY,SHJ,PHARMACY,,SHARJAH   INDUSTRIAL AREA 2,06-5335970,25.3178,55.4009
ASTER PHARMACIES GROUP LLC - SHJ.BR-BR6,SHJ,PHARMACY,NEW MUWEILAH COMMERCIAL MUWEILAH,SHOP #10,06-5748975,25.3102,55.4576
ASTER PHARMACIES GROUP LLC-SHJ BR BR7,SHJ,PHARMACY,MALIHA ST AL RUQAYBA 4,SHOP #6,06-5263317,25.2224,55.6133
ASTER PHARMACIES GROUP LLC - SHJ BR-BR8,SHJ,PHARMACY,AL MAJAZ 3,SHOP #1,06-5755178,25.3266,55.379
ASTER PHARMACY 106 (MOOPENS),SHJ,PHARMACY,AL ITTIHAD ROAD AL NAHDA,GOLDENSANDS BLDG NEAR TO SHAFEER MALL,06-5748664,25.3093,55.377
ASTER PHARMACY 107,SHJ,PHARMACY,KING FAISAL ST.,HASSAN BABA HASSAN BUILDING,06-5734704,25.3389,55.3888
ASTER PHARMACY 108 (MOOPENS),SHJ,PHARMACY,AL MEDFAA ST,GRND FLR NEXT TO SATA IBRAHIM MOHD,06-5610012,25.3542,55.3866
ASTER PHARMACY 121 (MOOPENS),SHJ,PHARMACY,NEARAL MAYA SUPERMARKET,SILVER SAND BLDG OPP JUMA AL MAJID BLDG,06-5305393,25.3046,55.375
ASTER PHARMACY 122,SHJ,PHARMACY,ABU SHAGARA ROAD,SHOP 2 ASTER BLDG NEAR ASTER CLINIC,06-5570996,25.3382,55.3944
ASTER PHARMACY 125 (MOOPENS),SHJ,PHARMACY,AL TAWUUN ST,GRND FLR AL DEYAR BLDG NEAR TO TAWOUN R/A,06-5303016,25.3121,55.374
ASTER PHARMACY 133,SHJ,PHARMACY,AL SHARQ ST,NEXT TO FINE FAIR BLDG OPP SHARJAH COOP SOCIETY,06-5619322,25.3758,55.4013
ASTER PHARMACY 140,SHJ,PHARMACY,KING FAISAL STREET,SULTACO BUILDING,06-5445001 04-2672946,25.3376,55.3892
ASTER PHARMACY 153,SHJ,PHARMACY,AL NAHDA STREET,SUROOR BUILDING BESIDE CITY EXCHANGE,06-5543020 04-2672946,25.3081,55.4648
ASTER PHARMACY 203,SHJ,PHARMACY,AL ITTIHAD ROAD,AL WASL BUILDING OPPOSITE TO SAFEER MALL,06-5396955 04-2672946,25.3178,55.376
ASTER AL BUTINA MEDICAL CENTER,SHJ,CLINIC,AL SHARQ ST,NO. 103 SHAIKH MAJID BIN SAUD BLDG,06-5619045,25.3755,55.4014
ASTER AL BUHAIRAH PHARMACY,SHJ,PHARMACY,CORNICHE ROAD,CORNICHE ROAD,06-5444543,25.3363,55.388
MEDCARE HSP LLC SHJ BR1 PHARMACY,SHJ,PHARMACY,U DANIG HAY AL QASIMIAH,8CV3+H6X SHEIKH SAQR BIN KHALID,8006332273,25.356,55.4043
MEDCARE HOSPITAL LLC SHJ BR 1,SHJ,HOSPITAL,U DANIG HAY AL QASIMIAH,8CV3+H6X SHEIKH SAQR BIN KHALID,8006332273,25.356,55.4043
ASTER MEDICAL CENTRE-MUWAILEH,SHJ,CLINIC,,"BIN THARYEM 8, GROUND FLOOR NEW MUWAILEH",06-5358027,25.3131,55.451
ASTER MEDICAL CENTER - SHJ  (MOOPENS),SHJ,CLINIC,KING FAISAL STREET,NEXT TO ADNOC STATION G FLOOR,06-5509006,25.3385,55.3887
ASTER AL NAHDA MEDICAL CENTER - 1,SHJ,CLINIC,,"AL SHAIBA BUILDING GROUND FLOOR, OPP. CARREFOUR E AL NAHDA",06-5958792,25.3022,55.3729
ASTER PHARMACIES GRP LLC- SHJ. BR9,SHJ,PHARMACY,MATAJER AL QOUZ,SHOP NO Q009-10,06-5610829,25.3526,55.4519
ASTER PHARMACY 151 (ASTER),SHJ,PHARMACY,AL ITTIHAD ST,MAMZAR 1 TOWER OPP SHARJAH PALACE HOTEL,04-2672946,25.3121,55.3655
ASTER PHARMACIES KALBA,SHJ,PHARMACY,,P25 SAJIDHA HYPERMARKET AL WAHDA ST. KALBA,09-6061832,25.037,56.3514
ASTER PHARMACIES GROUP LLC -SHJ BR -BR,SHJ,PHARMACY,,"SHOP NO.2, BIN THAREEM BUILDIN MUWAILAH COMMERCIAL ROAD MUWAILAH",06-5321063,25.3147,55.4504
ASTER PHARMACY SWEIHAT,SHJ,PHARMACY,,SHOP NO.3 SHARJAH CO-OPERATIVE SOCIETY SWEIHAT,06-5465240,25.349,55.4608
ASTER PHARMACIES GROUP LLC- SHJ BR- BR3,SHJ,PHARMACY,,SHARJAH CITY CENTRE OPP: CARREFOUR AL WAHDA,06-5950110,25.3528,55.4607
ASTER PHARMACIES SHJ BR 4,SHJ,PHARMACY,,SHOP 22 & 23 SAJAH MALL ALI MOOSA ST. SAJAH,06-5466057,25.3127,55.6311
ASTER PHARMACIES GROUP LLC- SHJ BR - BR5,SHJ,PHARMACY,,"RASHID BUILDING, SHOP NO:1 NEAR AL MADINA SHOPPING CENTER MUWAILIAH",06-5538496,25.2975,55.4458
ASTER ABU SHAGHARAH MEDICAL CENTER,SHJ,CLINIC,AL ESTIQLAL ST,GRND FLR ASTER BLDG. NEAR ABU SHAGARA PARK,06-5568225,25.34,55.3948
ASTER PH - SHARJAH - ASTER(MOOPENS),SHJ,PHARMACY,KING FAISAL STREET,NEAR ADNOC,06-5445001,25.3405,55.3897
ASTER AL SUWAIHAT MEDICAL CENTER,SHJ,CLINIC,,SHARJAH COOP BLDG GF WASIT STREET AL SWEIHAT,06-5210102,25.349,55.4608
BAB AL HIKMA PHARMACY,SHJ,PHARMACY,,MOSQUE SQUARE  AL DHAID,06-8823470,25.2882,55.8811
BAB AL QASSIMIAH PHARMACY LLC,SHJ,PHARMACY,,SHOP NO.5NEARBY HANNA HYPER MARKET  ZAID STREET SAJAA INDUSTRIAL AREA,06-5221707,25.3177,55.6341
BAB AL SHIFA PHARMACY,SHJ,PHARMACY,,KING FAISAL STREET AL MAJAZ SHARJAH  AL MAJAZ,06-5750060,25.343,55.3862
BADAR PHARMACY LLC (SALAM),SHJ,PHARMACY,AL AROUBA STREET,SHOP #578 AHALYA EXCHANGE BLDG,06 561 4751,25.3561,55.3894
BAIT AL MAQDES PHARMACY LLC-BRANCH 2,SHJ,PHARMACY,,AL QUBAISI AL MAJAZ AL BUHEIRA CORNICHE ST AL MAJAZ,06 5537900,25.3298,55.3652
BAIT AL MAQDES PHARMACY LLC-BRANCH 3,SHJ,PHARMACY,,FUTURE TOWER 2 AL KHAN ST AL KHAN,06 5540707,25.33,55.3709
BAIT AL MAQDES PHARMACY LLC-BRANCH 4,SHJ,PHARMACY,,AL RUND TOWER L KHAN CORNICHE ST AL KHAN,06 5540707,25.3271,55.3703
BAIT AL DAWAA PHARMACY,SHJ,PHARMACY,AL TAWOUN ST,SHOP #2 LOOTAH TOWER BEHIND EXPO NEAR TO AL ANSARI,06-5772511,25.3116,55.3741
AL BANNA MEDICAL CENTRE,SHJ,CLINIC,KING ABDUL AZIZ STREET,AL NUKHAILAH BUILDING FLAT 102 ABOVE FIRST FLIGHT COURIER BEHIND EMIRATES NBD BANK,06-5752233,25.3089,55.419
AL BARSHA PHARMACY-LIFE,SHJ,PHARMACY,AL ZAHRA STREET,MANAMA CENTRE,06-5754046,25.3661,55.4001
BASMAT AL HAYAT MEDICAL CENTER MUWAILEH,SHJ,CLINIC,MUWAILEH AREA,SHOWROOM 7,06-5597444,25.2917,55.4587
BIN SINA PHARMACY - SHJ (ALPHAMED),SHJ,PHARMACY,CORNICHE ROAD,CORNICHE PLAZA II,06-5726885,25.3394,55.3862
BOORJ AL ROLLA PHARMACY,SHJ,PHARMACY,,SHOP NO. 29 & 30 ROLLA SQUARE TOWER BLDNG. OPP.  ROLLA PARK ROLLA,06-5217190,25.3568,55.3922
BRIGHT SMILE DENTAL CENTER,SHJ,DENTAL,,AL TENEIJI BLDG. ROOM 302 NEXT TO SUPER BONANZA MARKET MUWEILLAH COMMERCIAL,06-5613333;06-5616464,25.3106,55.4603
BRISTOL MEDICAL CENTRE LLC,SHJ,CLINIC,,GROUND FLOOR FLAT NO. 3 14 JUMA AL MAJID RESIDENTIAL C AL NAHDA,06-5266615,25.3005,55.3732
AL BUHAIRAH MEDICAL CENTRE,SHJ,CLINIC,JAMAL ABDULNASER STREET,ASTER AL MAJAZ PHARMACY BUILDING 1ST FLOOR NEXT TO ATLAS TOWER OPP: TO LEBANESE ROASTERY,06-5599699,25.3349,55.3917
AL BURJ MEDICAL LAB (AL BORG),SHJ,LABORATORY,CORNICHE STREET,CRYSTAL PLAZA BLOCK C 3 FLOOR INFRONT OF GOLD SOUQ,06-5752100,25.3475,55.3861
BURJ AL NAHDA PHARMACY,SHJ,PHARMACY,,"AL RODA TOWER 2, 1 G FLOOR - MALAKA STREET AL NAHDA",06-5590076,25.2998,55.3803
BURJEEL SPECIALTY HOSPITAL LLC,SHJ,HOSPITAL,Al Kuwait St,OPP LULU HYPER MARKET AL FAYHA SHARJAH,065075000;,25.3589,55.406
BUSHRA SPECIALIST MEDICAL CENTRE LL,SHJ,CLINIC,,AL REEM TOWER BUHAIRA CORNICHE AL MAJAZ,06-5511551,25.3325,55.3906
AL BUSTAN MEDICAL CENTER,SHJ,CLINIC,FALLAJ MUALLAH STREET,ALI AHMED SAIF BUILDINGINVEST BANK BUILDING 1ST FLOOR #102 NEAR FRUIT AND VEGETABLE MARKET,06-8829924,25.2902,55.8818
BUSTAN AL ROLLA PHARMACY LLC,SHJ,PHARMACY,,SHOP NO 14-15 NAWAF GLOBAL FOUNDATION BUILDI ROLLA,558319320,25.3562,55.4272
AL BUSTAN PHARMACY (BAIT AL MAQDES),SHJ,PHARMACY,NAHDA,NEAR AL NAHDA MALL BACKSIDE OF ANSAR MALL,06-5309963,25.3013,55.3718
AL KANARY PHARMACY (MADINAH),SHJ,PHARMACY,AJMAN ROAD,OPPOSITE NATIONAL PAINT ROUND ABOUT,06-5344479,25.3005,55.4394
AL INAYA PHARMACY,SHJ,PHARMACY,,AL ARAB MALL AL TAAWUN STREET AL TAAWUN,06-5776812,25.3089,55.3691
NEW CENTRAL PHARMACY,SHJ,PHARMACY,KHORFAKKAN MAIN STREET,KHORFAKKAN MAIN STREET,09-2386277,25.3544,56.351
CENTRAL HOSPITAL,SHJ,HOSPITAL,SHEIKH ZAYED STREET,CLOCK TOWER ZAHRA SQUARE NEAR POLICE HEAD QUARTERS,06-5169218,25.3613,55.3982
CENTRAL MEDICAL POLYCLINIC,SHJ,CLINIC,,SUL AL MARKAZI  NEXT TO AL SAFEER CENTRE KHOFAKKAN,09-2387649,25.3606,56.3523
CENTRAL POLY CLINIC (CPH),SHJ,CLINIC,MALIHA ROAD,101 BLOCK D AL GADDAH BUILDING NEAR EMIRATES NBD ATM NEXT TO MADINA SUPERMARKET,06-5353858,25.2989,55.4418
CITY LIFE PHARMACY LLC BRANCH SHARJAH,SHJ,PHARMACY,,SHOP 04 AL MAMZER TOWER AL TAAWUN,04-3441122,25.3051,55.364
CLASS MEDICAL CENTRE,SHJ,CLINIC,AL AROUBA STREET,AL SAUD TOWER OPP: SHARJAH ROTANA HOTEL,06-5652332,25.3618,55.3908
COSMO HEALTH MEDICAL CENTER LLC,SHJ,CLINIC,,VILLA NO B568 ROUNDATAL RAMLA AL RAMLA,06-5669910,25.3714,55.4233
COUNTRY PHARMACY (FUJ),SHJ,PHARMACY,TARIQ BIN ZIAD STREET,ALI MOHD. SALEH BUILDING,09-2385435,25.3414,56.3546
CRYSTAL DENTAL CLINIC,SHJ,CLINIC,,CRYSTAL PLAZA B KING FAISAL STREET BUHAIRA,06-5623224,25.3443,55.3862
CRYSTAL PHARMACY (ASTER),SHJ,PHARMACY,TAWOON STREET,AL SHAMSI BUILDING,06-5773100,25.3143,55.3754
CURE MEDICAL CENTER PHYSIOTHERAPY LLC,SHJ,CLINIC,,ASASTOWER AL KHAN CORNICHE ST AL TAWUUN,06-533999,25.3207,55.375
DAR AL HAYAT PHARMACY,SHJ,PHARMACY,AL ZAHRAH STREET,BIN MADAEYA BLDG. FLAT NO. 2 AL ZAHRAH STREET AL SOOR,06-5643337,25.3511,55.3896
DAR AL NASEEM PHARMACY,SHJ,PHARMACY,,"GULF PEARL TOWER,SHOP NO-14 BUHAIRA CORNICHE AL MAJAZ NO. 1-",06-5436979,25.3299,55.3766
DAR AL OYOUN HOSPITAL FOR ONE DAY SURGER,SHJ,DAY CARE,AL MAJAZ,BUHAIRA CORNICHE AL MAJAZ AL MAJAZ,06-5750015,25.3446,55.386
DAR AL SAJAA PHARMACY LLC,SHJ,PHARMACY,,ADBDEL RAHMAN SULTAN ALI BIN B BUILDING NUMBER : 4075 SANAYYA STREET - SAJJA,06-5659077,25.2953,55.6098
DAR AL SALAM MEDICAL CENTER LLC,SHJ,CLINIC,,AL MUBARAK HYPERMARKET BUILDIN SHARJAH INDUSTRIAL AREA 3 SHARJAH,06-5213535,25.3028,55.4103
YAFA PHARMACY LLC,SHJ,PHARMACY,,DREAM TOWER ALTAWONSTREET AL MAMZAR,06-5771720,25.3053,55.3643
DAR AL KAMAL HOSPITAL,SHJ,HOSPITAL,,AL SHARQ ST. AL HEERAH SUBURD AL FISHT,06-5997777,25.3825,55.4073
DAR AL KAMAL PHARMACY,SHJ,PHARMACY,AL FISHT,AL SHARQ ST,06-5997777,25.4097,55.4043
DEEPA CLINIC,SHJ,CLINIC,ROLLA STREET,ALI AL GARGASH BUILDING ROLLA STREET AL MAREJA AREA,06-5686424,25.3555,55.3858
DELMON PHARMACY,SHJ,PHARMACY,BUHAIRAH CORNICHE ROAD,FARIS TOWER,06-5504331,25.3599,55.3889
AL DHAID PHARMACY,SHJ,PHARMACY,FALAJ ROAD,MOHD.RASHID BUILDING OPP VEGETABLE MARKET,06-8822177,25.2939,55.883
DOCTOR M MEGA MALL,SHJ,OPTICS,MEGA MALL,SHOP G24 G FLOOR,05-64084473,25.3451,55.3988
DOCTOR M SAHARA CENTER,SHJ,OPTICS,SAHARA CENTER,SHOP L2163 G FLOOR EAST ENTRANCE,05-21406939,25.2981,55.3752
DOCTORS MEDICAL CENTRE (AAH),SHJ,CLINIC,AL AROUBA STREET,OPPOSITE MANAMA SUPERMARKET ABOVE AL ROSTAMANI EXCHANGE 2ND FLOOR  NEAR KM TRADING,06-5632100,25.3554,55.3887
DOCTORS PHARMACY (SHJ),SHJ,PHARMACY,ARABIAN GULF STREET,DAFCO BUILDINGNR.SHJ ROTANA HOTEL,06-5614813,25.3599,55.4311
DOOA MEDICAL CLINIC,SHJ,CLINIC,,MERASHID  FUJAIRAH AL HAMRIYA FREE ZONE,06-5260188,25.3636,55.4021
ELM AL AMRHDH MEDICAL LABORATORY LLC,SHJ,DIAGNOSTIC CENTER,,CRSNT TWER RM 601 AL MAJAZ 3  AL MAJAZ 3,06-5454601,25.3272,55.3786
EMIRATES EUROPEAN HOSPITAL LLC,SHJ,HOSPITAL,,GTO5THFLOOR AL SHARJ STREET AL QULAYA AREA,06-5619444,25.3736,55.3994
OAKLAND MEDICAL CENTRE LLC,SHJ,CLINIC,AL SHARQ STREET,BL966 AL SHARQ ST AL RIFFAH AND AL MIRGAB SHARJAH AL RIFFAH,06-5226107,25.393,55.4166
EMIRATES INT MEDICAL CENTRE AL KHAN,SHJ,CLINIC,SHARJAH ISLAMIC BANK TOWER,M FLOOR BIN DHAEN TOWER,06-5226108,25.389,55.4139
EMIRATES MEDICAL CENTER LLC,SHJ,CLINIC,,RASHID SULTAN BLDG M FLOOR KING FAISAL STREET ABU SHAGARAH,06-5551666,25.336,55.392
EMIRATES MEDICAL LABORATORIES(AL KHAJAH),SHJ,LABORATORY,CORNICHE STREET,SALEM TOWER M FLOOR OPP: AL NOOR MOSQUE,06-5736866,25.3374,55.3871
ENJAB MEDICAL CENTER,SHJ,CLINIC,,AL DURRAH BUILDING 6TH FLOOR,06-5563433,25.3237,55.3829
BAWABAT AL ENWAN PHARMACY,SHJ,PHARMACY,4 SHEIKH KHALID ST,AL ENWAN MC BUILDING STOR,09-2370808,25.3584,56.3501
EVE MEDICAL CENTRE L.L.C.,SHJ,CLINIC,,VILLA -159 AL FAYHAA- EAST DIS MAYSALOON,06-7498042,25.3572,55.4083
EXPERTS PHARMACY (ASTER),SHJ,PHARMACY,AL ZAHRA STREET,NEAR NASSIRYA POLICE STATION,06-5654635,25.3776,55.4103
AL FAIEZ MEDICAL CENTER-SHAMS GRP,SHJ,CLINIC,HATTA ROAD,HOWAIDHEN BUILDING FLOOR 1 FLATS 101-104,06-8861202,24.9156,55.7717
AL FAJER PHARMACY - SHJ,SHJ,PHARMACY,,OPP.DUBAI ISLAMIC BANK,06-5735233,25.3597,55.3924
AL FALAH PHARMACY,SHJ,PHARMACY,KUWAIT ROAD,NR.ETISALAT,06-5664841,25.3522,55.4012
FAMILY DENTAL CENTER - SHARJAH,SHJ,CLINIC,AL MAJAZ,F 106 NEXT TO CRYSTAL  PLAZA BUHAIRAH,055-5777126,25.3455,55.385
AL FARDAN CENTRE PHARMACY LLC-LIFE,SHJ,PHARMACY,CORNICHE STREET,AL FARDAN CENTRE,06-5752809,25.3246,55.3817
AL FARES PHARMACY (BAIT AL MAQDES),SHJ,PHARMACY,TAWAAM ROAD,ZAKHER BUILDING,06-5304212,25.3075,55.3697
FATIMA AL ZAHRA PHARMACY LLC(NOVO),SHJ,PHARMACY,,GROUND FLOOR AL ZAHRA STREET,04-5244660,25.3636,55.3991
DR.SABAA MEDICAL CENTRE LLC,SHJ,CLINIC,JAMAL ABDULNASER STREET,OPP. AL MAJAZ PARK MAJAZ BUILDING NEXT TO FOTO ART STUDIO,06-5530092,25.3235,55.3886
FIRST GULF MEDICAL CENTER (ADVANCED GRP),SHJ,CLINIC,MALIHA ROUD SHJ-KALBA ROUD,AL REEM BLDG,06-5347573,25.286,55.451
AL FURQAN MEDICAL CENTER,SHJ,CLINIC,FOURTH INDUSTRIAL STREET,SALEM SAEED OMAI ALJABERI BLDG M-2179 FLOOR 1,06-5353868,25.2961,55.4232
AL FURQAN PHARMACY(SHAMS),SHJ,PHARMACY,,SHOP 9GROUND FLOORMATTAR BLD,06-8861030,24.915,55.7755
GAELAN MEDICAL CARE ONE DAYSURGERY HSP,SHJ,DAY CARE,AL MAHA TOWER,O FLOOR A BLOCK,800423526,25.3122,55.3749
GALAL MEDICAL CENTRE LLC,SHJ,CLINIC,,ASAS TOWER AL TAAWUN STREET ALKHAN,06-5432211,25.3178,55.375
GANIN MEDICAL CENTRE,SHJ,CLINIC,,SARAH AL EMARAT AL BUHAIRA CORNICHE OPPOSITE AL MAJAZ ATAGE,06-5315553,25.3363,55.3894
THUMBAY MEDICAL&DENTAL SPECIALITY CENTER,SHJ,CLINIC,MUWAILAH COMMERCIAL,NEXT TO NATIONAL PAINT R/A,06-5358111,25.2979,55.4401
"GOLDEN LIFE PHARMACY,SHARJAH-LIFE",SHJ,PHARMACY,TAAWUN STREET,BIN JALAWI CENTRE NEXT TO AL YOUSUF MOTORS NEAR AL TAAWUN MALL,06-5775501,25.3103,55.3687
GOODHEALTH SPECIALIZED MEDICAL CENTER,SHJ,CLINIC,CORNICHE STREET,M FLOOR OFFICE NO:7 DANA TOWER UAE EXCHANGE BUILDING NEAR JUICE WORLD,06-5541600,25.3317,55.3762
ARABIAN HOME HEALTH PHARMACY,SHJ,PHARMACY,KING FAISSAL STREET,CENTRAL MARKET,06-5748588,25.3444,55.3863
GRAND HAMAD PHARMACY (NMC),SHJ,PHARMACY,,ASSWAILEM TOWER AL ITHIHAD STREET AL NAHDA,06-5544050,25.3017,55.3735
BIN SINA GRAND SHARJAH(ALPHAMED),SHJ,PHARMACY,CORNICHE ROAD,ABDUL AZIZ AL MAJID BUILDING NEAR AL MASSA CINEMA,06-5567662,25.3408,55.3776
HADEQAT AL ROLA PHARMACY LLC,SHJ,PHARMACY,,GANGA BUILDING SHOP NO 1 ROLLA STREET,06-5748283,25.3572,55.3888
HALA PHARMACY LL BRANCH 11-LIFE,SHJ,PHARMACY,AMMAR BIN YASIR ST,CHOITHRAM BLDG,06-5454123,25.3164,55.378
HALA PHARMACY LLC BR18-LIFE,SHJ,PHARMACY,344 CORNICHE STREET,SHOP G2 SALEM TOWER PLOT 430 NEAR UNITED ARAB BANK OPP TO AL NOOR MOSQUE,06-5561718,25.3368,55.3877
HALA PHARMACY BR 9-LIFE,SHJ,PHARMACY,AL AROUBA ST,AL AROUBA ST,06-5519865,25.3586,55.3854
HALA PHARMACY LLC BR 3-LIFE,SHJ,PHARMACY,,SHOP 02 BUFYEER 222 BLDG NEAR AL BUSTAN HOTEL,06-5501340,25.3439,55.3928
HALA PHARMACY LLC-BRANCH 20,SHJ,PHARMACY,,UNIT B051  SHARJAH CITY CENTRE  SHARJAH,06-5226348,25.3298,55.3948
HALA PHARMACY-LIFE,SHJ,PHARMACY,,AL QASSIMIA,04-3441122,25.3466,55.3901
HALA PHARMACY LLC BR 1-LIFE,SHJ,PHARMACY,AL ESTIQLAL ST,NEAR KM TRADING,06-5485898,25.3444,55.3995
HALA PHARMACY BR 10-LIFE,SHJ,PHARMACY,,SHOWROOM NO 1 BLDG # 997,04-3441122,25.3738,55.4051
HALA PHARMACY BR 12-LIFE,SHJ,PHARMACY,,AL QASSIMIA,04-3441122,25.3487,55.3917
HALA PHARMACY BR 19-LIFE,SHJ,PHARMACY,KING FAISAL STREET,AL ALAMI CENTRE NEAR SPINNEYS,04-3441122,25.3426,55.3875
HALA PHARMACY LLC BR 2-LIFE,SHJ,PHARMACY,AL ESTIQLAL ST,NEAR ABU SHAGARA PARK,06-5759287,25.3501,55.3938
HALA PHARMACY LLC-BRANCH 26 (LIFE),SHJ,PHARMACY,,G09 & G10 MY CITY CENTRE,06-5220367,25.3659,55.4029
HALA PHARMACY LLC BRANCH 27,SHJ,PHARMACY,,UNIT NO. J-040 GROUND FLOOR,06-5526718,25.3027,55.4891
HALA PHARMACY LLC BRANCH 33,SHJ,PHARMACY,,SHOP UNIT NO. 1 & 2 GOLDEN TOWER BUHEIRAH CORNICHE,04 5610000,25.3452,55.387
HALA PHARMACY LLC BRANCH 35,SHJ,PHARMACY,,SHOP NO.1  ARAB DRS SPECILST BLDG AL TAAWUN,04 5610000,25.3178,55.3762
HALA PHARMACY LLC BR 4-LIFE,SHJ,PHARMACY,ARABIAN GULF STREET,ARABIAN GULF STREET,06-5627128,25.3634,55.3926
HALA PHARMACY LLC - BRANCH 42,SHJ,PHARMACY,,UNIT # 14 & 15 GROUNDFLOOR  NESTO HYPERMARKET,04-3441122,25.3708,55.4052
HALA PHARMACY LLC - BRANCH 44,SHJ,PHARMACY,Al Nahda St,UNIT 162 GROUNDFLOOR  SAHARA CENTRE,04-3441122,25.2972,55.3691
HALA PHARMACY BR 5-LIFE,SHJ,PHARMACY,,SHOP NO 12 &14 ROLLA BUILDING,04-3441122,25.3624,55.3888
HALA PHARMACY LLC BR 6-LIFE,SHJ,PHARMACY,CORNICHE STREET,BUHAIRA CORNICHE BUHAIRA SHARJAH,06-5372761,25.3287,55.3773
HALA PHARMACY LLC BR 7-LIFE,SHJ,PHARMACY,JAMAL ABDULNASER STREET,ZA'ABI BLDG,06-5506126,25.3235,55.3847
HALA PHARMACY BR 8-LIFE,SHJ,PHARMACY,,SHOP NO 4 ZUBAIDI BUILDING,04-3441122,25.3,55.3778
HALA PHARMACY 43-LIFE,SHJ,PHARMACY,,UNIT 1 & 2 MUWELIAH COMMERCIAL MUWELIAH,04-3441122,25.299,55.4572
HALA PHARMACY BR 45-LIFE,SHJ,PHARMACY,,SHOP 9 JUMA AL MAJID BUILDING AL NAHDA,04-3441122,25.3058,55.3817
HALA PHARMACY BR 47-LIFE,SHJ,PHARMACY,,UNIT NO. G 01 & 02 LULU HYPERMARKET AL MUWEILAH,04-3441122,25.3048,55.4498
HALA PHARMACY BR 48-LIFE,SHJ,PHARMACY,,SHOP 3 & 4 GROUND FLOOR DIAMOND PLAZA 2 AL MAJAZ,04-3441122,25.3208,55.3803
HALA PHARMACY BR 52,SHJ,PHARMACY,,"SHOP 13 & 14, PLOT NO. 3088 MUWELIAH BLDG. MUWELIAH COMMERCIAL AREA",04-3441122,25.3107,55.4607
HALA PHARMACY 55,SHJ,PHARMACY,,"SHOP 01, GROUND FLOOR AL SHAMSI BUILDING MUWELIAH COMMERCIAL AREA",04-3441122,25.2951,55.4414
HALA PHARMACY 56,SHJ,PHARMACY,,SHOWROOM 1 AL GHARFI BUILDING AL BUHAIRAH CORNICHE,04-3441122,25.3279,55.3783
HALA PHARMACY LLC -BR 38-LIFE,SHJ,PHARMACY,,UNIT NO. G-025 GROUND FLOOR AL ZAHIA CITY CENTRE,04-3441122,25.3173,55.4589
HALA PHARMACY LLC BR 40- LIFE,SHJ,PHARMACY,,"UNIT NO. G07 TO G 13 AL AMEER TOWER, GROUND FLOOR AL NAHDA",04-3441122,25.3027,55.3811
HALA PHARMACY LLC - BRANCH 46,SHJ,PHARMACY,,- SHOP NO. 3 AL SHAAM TOWER AL TAWUN,04-3441122,25.3099,55.3718
HAMAD PHARMACY (NMC),SHJ,PHARMACY,,SHABA COMPLEX BUILDING SHAHBA BASID ROAD SHAHBA,06-5582800,25.3448,55.4283
HANNOVER MEDICAL CENTER,SHJ,CLINIC,Corniche St,SARAH AL EMARAT TOWER AL BUHAIRA CORNICHE  AL MAJAZ 3,06-5433226,25.3364,55.3757
HAPPY WAY MEDICAL CENTER,SHJ,CLINIC,AL ROLLA SREET,3RD FLOOR RESIDENCE 7 BUILDING,06-5300540,25.3563,55.386
HARAMAIN PHARMACY (ASTER),SHJ,PHARMACY,,AL NAHDA TOWER BELOW AL NAHDA MEDICAL CENTER,06-5316779,25.3039,55.3796
AL HASHMI PHARMACY (NATFUJ),SHJ,PHARMACY,KHORFAKKAN MAIN STREET,NEAR ETISALAT,09-2386508,25.3356,56.3485
HEALERS MEDICAL CENTRE,SHJ,CLINIC,KING FAISAL STREET,BEHIND EMAX SUNRISE SUPERMARKET BUILDING OFFICE 101,06-5539851,25.333,55.3941
HEALTH FIRST PHARMACY BR 6-JULPHAR,SHJ,PHARMACY,AL SHARQ ST,SHOP # 1 GROUND FLOOR SHARJAH COOPERATIVE,04-7016008,25.3736,55.3995
HEALTHCARE PHARMACY LLC,SHJ,PHARMACY,,GROUND FLOOR COPSOCIETYBLD SHARAH ABOOBACKER STRT,09-2772394,25.053,56.3482
HEALTH FIRST PHARMACY SHJ (JULPHAR),SHJ,PHARMACY,,SHOP 4-2A CORNICHE NEXT TO SUBWAY RESTAURANT,06-5643275 04-7016000,25.3396,55.3757
HELAL KALBA MEDICAL CENTER,SHJ,CLINIC,,MARYAM RASHID MUHHAM BLDG. KALBA INDUSTRIAL AREA KALBA,09-2776886,25.0527,56.3423
HELAL KALBA PHARMACY,SHJ,PHARMACY,,MARYAM RASHID MUHHAM BLDG. KALBA INDUSTRIAL AREA KALBA,09-2776886,25.0526,56.3421
HEALTH FIRST PHARMACY-BR 10,SHJ,PHARMACY,DIBBA AL HISN,"BLDG 21, SHOP 1 & 2 OPP EMIRATES FLAGPOLE SQUARE",09-2347880,25.6163,56.276
HEALTH FIRST PHARMACY BRANCH 11,SHJ,PHARMACY,HISN SQUARE,SHOP 03,06-5232186,25.2809,55.8771
HEALTH FIRST PHARMACY BR 12,SHJ,PHARMACY,AL KHUROOS,SHOP 4,06-5240865,25.3788,55.9993
HEALTH FIRST PHARMACY BR 7,SHJ,PHARMACY,AL KHAN,SHOP K05 TO K07,06-5285143,25.3182,55.3783
HEALTH FIRST PHARMACY-BRANCH 8,SHJ,PHARMACY,MIRGHAB,SHOP #M008B,06-5462537,25.388,55.4218
HEALTH FIRST PHARMACY BR 9,SHJ,PHARMACY,AL SUYOH SUBURB,GROUND FLR,06-5523937,25.2225,55.6146
DR. ALI S. HINDI CLINIC,SHJ,CLINIC,AL WAHDA STREET,OPPOSITE NISSAN SHOWROOM AL THURRAYA BUILDING,06-5746006,25.3448,55.4037
HIND PHARMACY,SHJ,PHARMACY,,NEAR: AL NIYADAT MAIN TRAFFIC LIGHTS  ABU SHAGARAH,06-5370121,25.3015,55.3736
HUSSAIN PHARMACY,SHJ,PHARMACY,KING FAISROAD,NR.GIANT S/M,06-5551804,25.3322,55.3945
IBN ZOHR PHARMACY,SHJ,PHARMACY,BUHAIRAH CORNICHE ROAD,AL FARDAAN CENTRE NEARBY AL DURRAH BUILDING,06-5567796,25.3242,55.3819
IDEAL MEDICAL CENTRE,SHJ,CLINIC,AL AROUBA STREET,"FLAT 102,104,106 (JW BLDG.) AL AROUBA STREET AL ROLLA",06-5623844,25.3561,55.3878
IMAGE DIAGNOSTIC CENTER (AL KHAJAH),SHJ,LABORATORY,CORNICHE STREET,AL REEM PLAZA FIRST FLOOR 107 NATIONAL BANK OF ABU DHABI BLDG,06-5748080,25.3323,55.3901
AL INAYA AL MUTAQADIMAH PH (ADVANCED),SHJ,PHARMACY,MALIHA ROAD,AL REEM BUILDING I,06-5345663,25.2875,55.4512
INTERNATIONAL RADIOLOGY CENTRE(SHJ),SHJ,DIAGNOSTIC CENTER,CORNICHE STREET,CRYSTAL PLAZA INFRONT OF GOLD SOUQ,06-5738088,25.3442,55.386
INTERNATIONAL RADIOLOGY CENTRE AND DIAGN,SHJ,DIAGNOSTIC CENTER,,EGYPTIANTRADINGCENTRE AL TAAWUN STREET AL TAAWUN,06-556635,25.3137,55.3671
ISHAQ BIN OMRAN MEDICAL CENTER LLC,SHJ,CLINIC,Sheikh Salem Al Qassimi Street,FAMILY HEALTH PROMOTION CENTER SHK SALEM AL QASIMI STREET AL QARAYEN AREA,65180800,25.3007,55.5388
ISHAQ BIN OMRAN PHARMACY LLC,SHJ,PHARMACY,,SHEIKH SALEM AL QASSIMI ST  AL QARAYYEN AREA 2,06-5180800,25.3007,55.5388
JABAL JAIS PHARMACY LLC,SHJ,PHARMACY,,AL BURQAN BLDG SHOP 3 SHEIK SAQR AL QASMI ST SHARJAH INDUSTRIAL AREA 4,06-5244292,25.344,55.4066
NOORA AL JADEEDA PHARMACY,SHJ,PHARMACY,UNIVERSITY ROAD,NO.15 SHOP # 8 NATIONAL PAINT FLYOVER,06-5347117,25.2843,55.4527
JANAH PHARMACY,SHJ,PHARMACY,,GROUND FLOORFINE FAIR BUILDING  AL MAJAZ,06-5643980,25.3235,55.3911
JESR AL SHIFA PHARMACY,SHJ,PHARMACY,,QADESIA TIGER BLDG. AL NAHDA STREET AL NAHDA 1,06-5242042,25.3033,55.3795
AL KANARY MEDICAL CENTRE-SHAMS GROUP,SHJ,CLINIC,,GROUND & MEZZANINE FLOOR FATHIMA SAIF BUILDINGSHOPS 7/8 NEAR DUBAI ISLAMIC BANK,06-5352118; 5344439,25.2991,55.4395
BIN KHALDOON PHARMACY,SHJ,PHARMACY,,AL KHAYAL BUILDING BEHIND MEGA MALL,06-5752124,25.3447,55.3993
KHALID PHARMACY - SHARJAH,SHJ,PHARMACY,FUJAIRAH ROAD,MUSABBEH AHMED R/A NR JUMA MASJID,06-8822677,25.2881,55.8809
AL SEHA AL KUBRA PHARMACY LLC (NMC),SHJ,PHARMACY,AL WASIT STREET,MARIYAM ABDULREHMAN BLDG NEXT TO DANA PLAZA,06-5721213,25.3389,55.4278
LAIKA MEDICAL CENTER,SHJ,CLINIC,AL ZAHRA STREET,AL OWANS BUILDING 102 1ST BLDG AFTER POLICE HEAD QUARTERS,06-5627667,25.3661,55.3999
LAMASAT MEDICAL CENTRE,SHJ,CLINIC,,ALSHAMTOWER OPPSITE SHARJAH EXPO CENTER AL TAAWUN,06-5591619,25.3093,55.3716
"LAMIA PHARMACY ,SHJ (BHATIA)",SHJ,PHARMACY,,GROUND FLRCORNICHE POSTOFFICE SHUWAIHEEN AREA,06-5680781,25.3631,55.3875
LEBANON MEDICAL CENTER (LUBNANI),SHJ,CLINIC,AL TAWUUN ST,7TH FLR MAJESTIC TOWER OPP AL NAHDA BRIDGE,06-5652929,25.3046,55.3636
LIBERTY MEDICAL CENTER,SHJ,CLINIC,AL WAHDA STREET,LIBERTY SIGNAL AL SOUD CO. BLD,06-559379,25.3401,55.4017
LIFECARE MEDICAL CENTER,SHJ,CLINIC,,SAMA 2 BLDG. KIND FAISAL ROAD ABU SHAGARAH,06-5480033,25.334,55.3935
LIFE PHARMACY BR SHARJAH,SHJ,PHARMACY,,SHOP NO. 3-5 NESTO HYPERMARKET AL KHAN,04-3441122,25.3343,55.3622
LIFE PHARMACY LLC SHJ BRANCH 7,SHJ,PHARMACY,,SHOP 4&5 AL ABAR BLDG. HALWAN STREET AL ABAR,04-3441122,25.3516,55.4554
SMART LIFE MEDICAL CENTRE LLC,SHJ,CLINIC,AL SUYOH,NASMA CENTRAL COMMUNITY,04-8365759,25.2489,55.5906
LIFE WAY SPECIALIZED MEDICAL CENTRE,SHJ,CLINIC,,"FIRST FLOOR, 105 OPP ANSAR ML AL MAMZAR",06-5304900,25.3144,55.3649
LIMAR MEDICAL CENTRE,SHJ,CLINIC,,ALSHAMSIBUILDING BUHAIRAH CORNICHE AL MAJAZ 1,06-5744245,25.3382,55.3867
LULU AL FALAH PHARMACY LLC,SHJ,PHARMACY,,INDUSTRIAL AREA AL WAHDA STREET AL SENAIYA,"04-2544123, 04-2646763",25.3386,55.3993
LULU AL NAHDA PHARMACY LLC,SHJ,PHARMACY,,"GR FLR LULU HYPERMARKET, AL HAZANA",565018178,25.3867,55.4226
LULU AL BUHAIRA PHARMACY LLC(DOCIBGR),SHJ,PHARMACY,,LULU HYPERMARKET AL INTIFADA STREET AL MAJAZ 3,565018161,25.3269,55.3804
AL MADAR MEDICAL CENTER - SHARJAH,SHJ,CLINIC,CORNICHE STREET,AL BASSAM TOWER OFFICE # 102 1ST FLOOR NEAR MILLENIUM HOTEL,06-5548558,25.327,55.3784
GRAND AL MAFRAQ PHARMACY (JULPHAR GRP),SHJ,PHARMACY,KING FAISSTREET,KING FAISSTREET,06-5725313,25.3448,55.3859
MAGRABI CITY CENTER AL ZAHIA,SHJ,OPTICS,AL ZAHIA CITY CENTER,SHOP N A081,05-64084851,25.3156,55.4554
AL MAHER MEDICAL CENTER LLC,SHJ,CLINIC,KING FAISAL STREET,G FLOOR WAR 1 BUILDING,06-5420066,25.3567,55.3889
AL MAJAZ PHARMACY (ASTER),SHJ,PHARMACY,JAMABDUL NASSER STREET,NEAR AL BUHAIRA MEDICAL CENTER,06-5599799/043933033,25.3295,55.3928
MAJID PHARMACY-SHARJAH,SHJ,PHARMACY,AROUBA STREET,BEHIND NATIONAL BANK OF AUD,06-5683422,25.3587,55.3879
AL MALIHA MEDICAL CENTRE,SHJ,CLINIC,,OFFICE # 201 2ND FLOOR DHAID NEAR AL DHAID POLICE STATION,06-8823334,25.2818,55.8769
AL MALIHA PHARMACY,SHJ,PHARMACY,MAIN ROAD,OPPOSITE ETISALAT,06-8823334,25.2813,55.8763
MAMPILLY MEDICAL CENTRE,SHJ,CLINIC,AL AROUBA STREET,SHEIKH FAIZAL BUILDING 3RD FLOOR,06-5616464,25.3567,55.3879
AL MANARA PHARMACY (ASTER),SHJ,PHARMACY,TAAWUN STREET,AL SHAM TOWER NEAR W.WILSON MEDICAL CENTRE,06-5774665/04-3933033,25.3094,55.3716
BAIT AL MAQDES AL JADEEDAH PHARMACY,SHJ,PHARMACY,ABU SHAGHARA STREET,OPP.ABU SHAGARAH PARK,06-5484270,25.3054,55.3677
BAIT AL MAQDES PHARMACY,SHJ,PHARMACY,WAHDA STREET,NR.PIZZA HUT ABDULLAH AL DUSARY BUILDING;,06-5534363,25.3223,55.387
BAIT AL MAQDES PHARMACY BRANCH 1,SHJ,PHARMACY,AL BUHAIRA ST.,AL NISIR BEHIND CORNICHE,06-5420520,25.34,55.376
MARINA MEDICAL CENTER,SHJ,CLINIC,AL AROUBA STREET,OFFICE # 101 MEZZANINE FLOOR DOCTORS PHARMACY BUILDING DAFCO BUILDING OPPOSITE ROTANA HOTEL,06-5625234,25.3563,55.3869
AL MASHREQ PHARMACY,SHJ,PHARMACY,KING FAISSAL STREET,HSBC BUILDING; NR.GIANT S/M,06-5592500,25.2726,55.3825
PLANET PHARMACY-MATAJER MALL-JULPHER,SHJ,PHARMACY,MATAJER MALL,MATAJER MALL WAIST,06-5534225,25.3559,55.4522
AL MAWADAH PHARMACY (ASTER),SHJ,PHARMACY,EMIGRATION ROAD,NEAR EMIRATES ISLAMIC BANK,06-5744878,25.3471,55.3897
MEDCARE HOSPITAL LLC - SHJ BR,SHJ,HOSPITAL,KING FAISAL STREET,SPLASH FASHION OUTLET,06-5949705 800 6332273,25.3426,55.3883
MEDCARE MEDICAL CENTRE - SHARJAH,SHJ,CLINIC,AL TAWUUN ST,JAWHARA BUILDING AL TAAWUN MALL,06-5257497,25.3174,55.3736
MEDICINA PHARMACY 23,SHJ,PHARMACY,,SAFEER MARKET,06 530 3980,25.2789,55.4593
MEDICINA PHARMACY 24,SHJ,PHARMACY,AL NAD STREET,AL QASIMIYA,06 572 3255,25.3456,55.3888
MEDICINA 25 PHARMACY,SHJ,PHARMACY,WASIT STREET,NEAR RIAD MEDICAL CENTER,06-5660741,25.3374,55.4269
MEDICINA PHARMACY 31,SHJ,PHARMACY,,CITY CENTRE SHARJAH  AL WAHDA,06-524 6525,25.3348,55.3881
MEDICINA PHARMACY 33,SHJ,PHARMACY,SHEIKH KHALID BIN SAQR AL QASIMI STREET,EMIRATES NATIONAL SCHOOLS,06-7448476,25.3432,55.428
MEDICINA PHARMACY 22,SHJ,PHARMACY,,SHOP NO. GFS-01 SAFEER MARKET SAFEER CENTER KALBA,09-277 0371,25.0065,56.3527
MEDICOM 17(AL ANSAR PH)(ASTER),SHJ,PHARMACY,ANSAR MALL,ANSAR MALL,06-5313256,25.3029,55.3688
MEDI PRIME AL MAJAZ PHARMACY LLC -BR 1,SHJ,PHARMACY,,"GROUND FLOOR, ZERO 6 MALL UNIVERSITY CITY ROAD AL JURAINAH",04-7070999,25.333,55.3922
MEDIPLUS DIAGNOSTIC CENTER (MEDSOL-GHI),SHJ,LABORATORY,AL SHARQ STREET,303 OPP. LULU CENTRE AL MUBARAK CENTRE NEAR SHARJAH ROTANA HOTEL,06-5634347,25.3648,55.3931
MEDI PRIME AL NAHDA PHARMACY LLC,SHJ,PHARMACY,AL ETIHAD STREET,GROUND FLOOR AL RODA TOWER,04-6079928,25.3247,55.3915
METAWI MEDICAL CENTER,SHJ,CLINIC,AL WAHDA STREET,OPPOSITE NISSAN SHOWROOM AL THURRAYA BUILDING,06-5742999,25.3451,55.4032
MGM MEDICAL CENTRE LLC,SHJ,CLINIC,KING FAISAL STREET,RM 205 ABOVE SUZUKI SHOWROOM,06-5741444,25.3381,55.3897
AL MINHA MEDICAL CENTRE,SHJ,CLINIC,ABU SHAGARA PARK ROAD,MOSQUE END OF ABU SHAGARA PARK IBN BATOUTA BUILDING G FLOOR BEHIND AMBER CENTRE,06-5599541,25.3378,55.3936
MODERN AL RIQQA PHARMACY LLC,SHJ,PHARMACY,,COOPERATIVE SOCIETY AL RIQQA SHARJAH,06 5243214,25.3388,55.3727
MODERN BAIT AL MAQDES PHARMACY,SHJ,PHARMACY,,BEFORE AL KHAN,06-5552070,25.3206,55.3855
MODERN MEDICAL LABORATORY (STAR METRO),SHJ,LABORATORY,AL AROUBA STREET,AL QUDRAH BUILDING 2ND FLOOR 201,06-5659961,25.3567,55.3879
MOTHER CARE PHARMACY LLC,SHJ,PHARMACY,,SHARJAHCHARITYINTERNATIONALBUILDING SAJAA INDUSTRIAL AREA  SAJJAH,06-536122,25.3689,55.6292
MUBARAK CENTER PHARMACY,SHJ,PHARMACY,ROLLA STREET,AL MUBARAK CENTER,06-5638034,25.3658,55.3937
MULK PHYSIOTHERAPY CENTRE,SHJ,CLINIC,,CRESCENT HOUSE AL MAJAZ-3,06-5253756,25.3261,55.3785
AL MUSTAQBAL PHARMACY (NOORA GROUP),SHJ,PHARMACY,BIN LADEN STREET,SHARJAH INSURANCE BUILDING,06-5349500,25.2915,55.4434
NADEEM MEDICAL CENTRE,SHJ,CLINIC,WASIT STREET.,1ST FLR AL TALAA BLDG AL WASIT STREET SHAHBA AREA,06-5387979,25.3362,55.4262
NADEEM PHARMACY,SHJ,PHARMACY,WASIT.,1ST FLR NADEEM PHARMACY BLDG AL WASIT STREET SHAHABA AREA,06-5387979,25.3361,55.4261
NADEEN PHARMACY,SHJ,PHARMACY,,AL FAHAD BUILDING - NEXT TO PI OPP.TRADITIONAL COFFEE BUHAIRA CORNICHE,06-5733311,25.3338,55.3892
NAHDA SAHARA PHARMACY LLC (NOVO),SHJ,PHARMACY,,GROUND FLOOR BEHIND ZULEKHA HOSPITAL DUBAI,06-524 4660,25.2946,55.3784
ASTER AL NAHDA MEDICAL CENTRE - ASTER,SHJ,CLINIC,,GOLDEN SANDS TOWER SHOWROOM 1 GROUND FLOOR,06-5267111,25.3084,55.3773
ALNAJIM ALAZRAQ PHARMACY-LIFE,SHJ,PHARMACY,AL ITTIHAD RD,SHOP 1 DAMAS 57 BLDG NEXT TO ANSAR MALL,04-3441122,25.3041,55.371
NAJMAT ABU SHAGARA PHARMACY,SHJ,PHARMACY,,OPPOSITE CITY TOWER BUILDING NEAR DR.ASHOK MENON CLINIC ABUSHAGARA,06-5424044,25.3341,55.394
NAJMAT MUWAILEH PHARMACY LLC,SHJ,PHARMACY,,SHOP NO. 1 BLDGNO2986  AL WATANYAH,06-5220260,25.307,55.4586
NAJMAT AL ROLLA PHARMACY LLC,SHJ,PHARMACY,,"GROUND FLOOR , SHOP - 1,2 PARDHA HOUSE BUILDING- ROLLA S ROLLA",06-5559550,25.3556,55.3912
STARCARE MEDICAL CENTER LLC,SHJ,CLINIC,,OPP. ROLLA PARK  AL GHUWAIR ROLLA,504307722,25.3567,55.3885
AL NASSAR PHARMACY,SHJ,PHARMACY,SHEIKH KHALID ROAD,OPPOSITE AL OMAR MOSQUE,09-2384188,25.343,56.3488
NASSIF PHARMACY,SHJ,PHARMACY,AROUBA STREET,OPP.MADINA MARKET,06-5626780,25.3649,55.3951
NEW BIN SINA PH-MEGA MALL (ALPHAMED),SHJ,PHARMACY,ESTIQLAL,MEGA MALL,06-5744066,25.3454,55.3987
NEW AL WAFA PHARMACY (NOORA GROUP),SHJ,PHARMACY,17TH STREET,AL QASSEMI BUILDING KALBA ROAD SH FAISAL,06-5353580,25.2887,55.4466
NEW CITY PHARMACY,SHJ,PHARMACY,,G FLOOR CITY PHARMACT BLDG OPPOSITE AL BUHAIRAH POLICE STN AL MAJAZ 1,06-5593636,25.3248,55.3824
NMC PHARMACY LTD BR1,SHJ,PHARMACY,,KAKOOLI TOWER NMC CLINIC BUHAIRA POLICE STN AL MAJAZ,06-7410907,25.3224,55.3809
NEW M C (SHJ) (NMC),SHJ,CLINIC,CORNICHE STREET,BELRESHEED TOWER1ST &2ND FLR NEXT TO CRYSTAL PLAZA STANDARD CHARTERED BANK BUILDING,06-5758000,25.3428,55.3856
NEW MEDICAL CENTRE PH (NMC),SHJ,PHARMACY,,NEXT TO CRYSTAL TOWERS BEL RAS CORNICHE BUHAIRAH ROAD BUHAIRAH CORNICHE,06-5974180,25.349,55.386
Noor Al Madinah Medical Center,SHJ,CLINIC,MALIHA ST,ABOVE PAK GHAZI RESTAURANTOPP NATIONAL PAINT MALIHA STREET SHARJAH INDUSTRIAL AREA 11,06-5358605,25.2973,55.4352
NOORA PHARMACY,SHJ,PHARMACY,YARMOOK,CATERPILLAR R/A IND AREA #3 OPP SIMCO NR INVESTBANK MABROOKAH BUILDING SHOP#9,06-5422188,25.3034,55.4
NOOR CLINIC,SHJ,CLINIC,,YOUSUF HAMZA ALASHAMS BLDG. ARABIAN GULF STREET SHWAIHEAN,06-5684974,25.426,55.3834
AL WAHDA MEDICAL CENTRE(NOVO ),SHJ,CLINIC,,TAMI BUILDING 1ST FLOOR  NEAR TO AL NAHDA PARK,06-5244660,25.3007,55.378
REEM AL BAWADI MEDICAL DIAGNOSTIC CENTER,SHJ,DIAGNOSTIC CENTER,AL AROUBA STREET,AL ROSTAMANI EXCHANGE BUILDING,06-5244660,25.3545,55.3867
AL NUZHA PHARMACY (CHS),SHJ,PHARMACY,,"GRND FLOOR BUHAIRA MAIN RD, NEXT TO AJMAN BANK BUHEIRA CORNICHE",06-5454282,25.3346,55.3757
ORCHID PHARMACY ALKHAN LLC,SHJ,PHARMACY,,AL KHAN PALACE BUILDING NEAR BY PETROFAC AL KHAN,06-555 9337,25.333,55.3771
ORCHID AL RGAYEB PHARMACY - L.L.C,SHJ,PHARMACY,,NESTO HYPERMARKET AL RAQAYIB HAMADIYA,06-555 9337,25.3983,55.549
ORCHID PHARMACY LLC,SHJ,PHARMACY,,NESTO HYPERMARKET RASHIDIYA RASHIDIYA,06-745 3030,25.4049,55.4529
ORIANA HOSPITAL ONE DAY SURGICAL,SHJ,DAY CARE,AL TAAWUN STREET,MANAZIL TOWER2 BUILDING,06-5251000,25.313,55.3757
ORIANA PHARMACY,SHJ,PHARMACY,AL KHAN STREET,MANAZIL TOWER 2,06-5525770,25.3131,55.3762
ORIANA SPECIALTY HOSPITAL,SHJ,HOSPITAL,,PULLMAN HOTEL NEAR SHARJAH EXPO AL TAWUUN,06-5918888,25.3192,55.374
AL OROOBA PHARMACY,SHJ,PHARMACY,AROUBA STREET,F-G BSD.AL RUSTOMANI EXCHANGE,06-5623355,25.3548,55.3862
PALMYRA PHARMACY,SHJ,PHARMACY,NEW AL TAWUUN RD.,BAKER 4  NEW AL TAWUUN RD. AL TAWUUN,06-5362100,25.3089,55.3728
PERFECT MEDICAL CENTER (NOVO),SHJ,CLINIC,AL AROUBA STREET,DANA TOWERM FLR ABOVE DAMAS,06-5630009,25.3567,55.3889
PESHAWAR MEDICAL CENTRE,SHJ,CLINIC,,"ROLLA MALL 309,309,310  3RD FLOOR ROLLA",06-5633755,25.3842,55.3964
PESHAWAR PHARMACY,SHJ,PHARMACY,,2ND FLOOR ROLLA MALL ROLLA,06-5643300,25.3655,55.3918
PHARMACY ONE LLC,SHJ,PHARMACY,,AL SHARQ STREET AL MIRGAB SHARJAH  AL MIRGAB,65557040,25.3882,55.4183
PREMIER MEDICAL CENTRE LLC,SHJ,CLINIC,,AL GUWAIR POST OFFICE BLDG. AL AROUBA STREET AL GUWAIR ROLLA,06-5616188,25.3595,55.3914
PRIMECORP MEDICAL CENTER SHJ 1,SHJ,CLINIC,,SHOP 1 AL RODA TOWE 2 MAKALA ST AL NAHDA,04-7070999,25.304,55.3701
PRIME MEDICAL CENTER AL QASIMIA,SHJ,CLINIC,KING ABDUL AZIZ STREET,NEAR MASHREQ BANK AL QASIMIA BUILDING,06-5752200,25.3447,55.3934
MEDI PRIME AL QASIMIAH PHAR (IN PRIMESHJ,SHJ,PHARMACY,KING FAISSAL STREET,NEAR MASHREQ BANK AL QASIMIA BUILDING,06-5752200,25.345,55.3935
MEDI PRIME AL MAJAZ PHARMACY BR 2,SHJ,PHARMACY,AL RAHMANIYA KSHISHAH 6,RAHMANIYA MALL  IST FL,04-7070999,25.3307,55.5999
PRIME SPEC MEDICAL CENTRE (MAJAZ BRANCH),SHJ,CLINIC,KING FAISAL STREET,2ND FLOOR SAFEER MARKET BLDG,06-5044044 06-5752200,25.3329,55.3924
MEDI PRIME PHARMACY-MAJAZ,SHJ,PHARMACY,KING FAISAL STREET,2ND FLOOR SAFEER MARKET,06-504044,25.3328,55.3923
PRIME MEDICAL CENTER AL  NAHDA,SHJ,CLINIC,MALAKA STREET,SHOP 7 GROUND FLR AL RODA TOWER 2 NEAR LULU HYPERMARKET OPP: CARREFOUR,06-5251800,25.3008,55.3706
PRIME SPECIALIST MEDICAL CENTER LLC BR 2,SHJ,CLINIC,AL RAHMANIYA KSHISHAH 6,RAHMANIYA MALL  IST FL,04-7070999,25.3301,55.6005
PRIME SPECIALIST MEDICAL CENTRE 1,SHJ,CLINIC,,"GROUND FLOOR, ZERO 6 MALL UNIVERSITY CITY ROAD AL JURAINAH",04-7070999,25.3341,55.3927
DR. RAAD AL QAISI CLINIC,SHJ,CLINIC,CORNICHE STREET,CRYSTAL PLAZA BLOCK C 601 6TH FLOOR,06-5744677,25.3469,55.3856
AL RAHMAH PHARMACY,SHJ,PHARMACY,KING FAISSTREET,KHAN SAHEB BUILDING,06-5551782,25.3337,55.3925
AL RASHA MEDICAL CENTER,SHJ,CLINIC,AL ZAHRA STREET,205 HUMAID AL OWAIS BUILDING NEAR CAD HEAD OFFICE,06-5627223,25.3644,55.4001
RASHA PHARMACY,SHJ,PHARMACY,TARIQ BIN ZIYAD STREET,AL GHWAIR POST OFFICE,06-5625889,25.3596,55.3911
RAVI MEDICAL CENTRE LLC,SHJ,CLINIC,,ALSALEHIBLDG INDUSTRIAL AREA 6 MALIHA,06-5437455,25.3169,55.4114
RAWABINA PHARMACY (BAIT AL MAQDES),SHJ,PHARMACY,NAD STREET,AMMAN BIN YASIR ST,06-5519654,25.3339,55.3637
RAZAN PHARMACY,SHJ,PHARMACY,,NEAR AL QASSIMI HOSPITAL AL KHAZMIYA STREET AL KHAZMIYA,65388800,25.3568,55.4309
REEM SPECIALIST MEDICAL CENTRE (AVIVO),SHJ,CLINIC,AL AROUBA STREET,OLD UAE EXCHANGE BUILDING,06-5625422,25.3565,55.3895
REEM MEDICAL DIAGNOSTIC CENTER (AVIVO),SHJ,LABORATORY,AL AROUBA STREET,OLD UAE EXCHANGE BUILDING,"06-5620831
06-5625422",25.3565,55.3895
REEM AL NAHDA MED DIAGNOSTIC CTR (AVIVO),SHJ,CLINIC,AL NAHDA PARK STREET,AL SHAIBA BLDG NEXT TO AL NAHDA PARK,06-5304864,25.3009,55.3723
REEM AL NAHDA PHARMACY,SHJ,PHARMACY,MALAKA STREET,BIN HAM BILDING,06-5255825,25.3012,55.372
REEM PHARMACY,SHJ,PHARMACY,,"DEYAAR BUILDING , SHOP NO.5 NEAR ABU SHAGARA PAR KING FAISAL RD",06-5594194,25.3445,55.3922
REGAL MEDICAL CENTRE,SHJ,CLINIC,,ALWADIBUILDING NEAR NATIONAL PAINTS KALBA ROAD,,25.2938,55.4407
RIAZ MEDICAL CENTER,SHJ,CLINIC,WASIT ROAD,BLDG NEXT TO DR. SUNNY MEDICAL CENTER IN DANA PLAZA NEAR SHARJAH CRICKET STADIUM,06-5583351 EXT 140,25.3378,55.4275
RIGHT MEDICAL CENTRE,SHJ,CLINIC,KING FAISAL STREET,OFFICE # 101-104 GROUND FLOOR SALEH BIN SALEH BUILDING NEAR PRIME TOWER HOTEL,06-5551575,25.3364,55.3943
RIVOLI EYEZONE MEGA MALL,SHJ,OPTICS,MEGA MALL,G10 GROUND,05-01898277,25.3449,55.3987
RIVOLI EYEZONE AL ZAHIA CITY CENTRE,SHJ,OPTICS,AL ZAHIA CITY CENTRE,A109 LEVEL 2,05-61880261,25.3169,55.4546
RIVOLI EYEZONE SAHARA CENTRE,SHJ,OPTICS,SAHARA CENTRE,114D  CENTRE ATRIUM,05-02110258,25.2976,55.3723
RIVOLI EYEZONE SHARJAH CITY CENTRE,SHJ,OPTICS,SHARJAH CITY CENTRE,U032 LEVEL 1,05-62167133,25.325,55.3935
RUKN ABUSHAGHARAH PHARMACY,SHJ,PHARMACY,,GROUNDFLOORALSARKAL NEAR CITY CENTRE SUPERMARKET ABUSHANGARA,06-548888,25.338,55.3961
RUKN AL SALAM PHARMACY,SHJ,PHARMACY,Mediterranean Sea Street,MUBARAK BUILDING  SHARJAH INDUSTRIAL AREA,06-5213535,25.3028,55.4103
RUKN AL YASMEEN PHARMACY,SHJ,PHARMACY,AL GHUWAIR STREET,FLAT 33 ROLLA MALL  AL GHUWAIR STREET ROLLA,06-5632618,25.3589,55.3898
SAHARA AL JAZEERA PHARMACY LLC(NOVO),SHJ,PHARMACY,INDUSTRIAL AREA,GROUND FLOOR,06-524 4660,25.3502,55.4215
SAHARA MEDICAL CENTRE,SHJ,CLINIC,,AL SHAIBA AL NAHDA PARK AL NAHDA,06-5318887,25.3015,55.3751
SAHARA LIFE PHARMACY-LIFE,SHJ,PHARMACY,,B-04 NEXT TO SPINNEYS SAHARA CENTRE,04-3441122,25.2999,55.3735
NAJMAT SAHARA AL JADEEDA PHARMACY (NOVO),SHJ,PHARMACY,AL NAHDA STREET,AL BAHA BUILDINGGROUND FLOOR  OPPOSITE AL NAHDA PARK,06-5244660,25.301,55.376
SAHAR MEDICAL CENTRE,SHJ,CLINIC,,BABA HASSAN BUILDING 2ND INDUSTRIAL STREET INDUS AREA3,65420843,25.3073,55.4037
SAIF AL KHAN PHARMACY LLC,SHJ,PHARMACY,,NEAR AL DURRAH INTERNATIONALSC AL KHAN STREET - INDUSTRIAL AREA2,06-5391300,25.3085,55.392
SAIFZONE MEDICAL CENTRE (FZC),SHJ,CLINIC,,CLINICF2-42A GROUND FLOOR SAIFZONE,06-5578471,25.3348,55.4889
SAIFZONE PHARMACY,SHJ,PHARMACY,,GROUD FLOOR F2-42A BLDG. OPP. PURVI ENTERPRISE  SAIF ZONE,06-5578471,25.3347,55.4889
SAI GANESH PILLAI MEDICAL CENTRE,SHJ,CLINIC,,BANK SADERAT IRAN BUILDING OPPOSITE TO UAE EXCHANGE SHARJAH ROLLA,06 5687831,25.3567,55.3879
SALALAH PHARMACY,SHJ,PHARMACY,,AL AWADI BUILDING 61147  ROLLA,06-5742007,25.3597,55.388
AL SALAM MEDICAL CENTRE (SALAM),SHJ,CLINIC,AL AROUBA,208-210 SHEIKH KHALED BLDG,06-5614262,25.3568,55.3883
SALEM PHARMACY (ASTER),SHJ,PHARMACY,,OPP.SALEM TOWER; CORNICHE NEAR SAWDI SWEETS,06-5736262,25.3415,55.3891
SAM SPECIALIZED MEDICAL CENTER,SHJ,CLINIC,,BESIDE BURGER KING UNION NATIONAL BANK BLDG OPP: HOLIDAY INTERNATIONAL,06-5744664,25.339,55.3865
SANA HABIB MEDICAL CENTRE,SHJ,CLINIC,KING FAISAL STREET,FLAT 405/406 AL MARZOUQI TOWER CG MALL,06-5396566,25.3452,55.3875
DR. SANJAY MEDICAL CENTRE,SHJ,CLINIC,AL SHARQ STREET,201 OPP. LULU CENTRE AL MUBARAK CENTRE NEAR SHARJAH ROTANA HOTEL,06-5626525,25.3646,55.3935
SARA MEDICAL CENTRE,SHJ,CLINIC,,SARA TOWER CORNICHE STREET BUHAIRA CORNICHE ROAD,06-5568888,25.3301,55.3756
AL SARAF MEDICAL CENTRE,SHJ,CLINIC,JAMAL ABDULNASER STREET,OPP. AL MAJAZ PARK AL MAJAZ BUILDING 201 F-2,06-5538787,25.3343,55.3915
SCIENTIFIC PHARMACY LLC (NOVO),SHJ,PHARMACY,ZAYED BIN HARETH STREET,SCIENTIFIC BUILIDNG,06-524 4660,25.3444,55.4006
SAUDI GERMAN HOSPITAL SHARJAH,SHJ,HOSPITAL,,OPPALQUDSMOSQUE INTERSECTION AL QULAYAA,04-3890045,25.417,55.4049
AL SHAMS MEDICAL CENTRE-SHAMS GROUP,SHJ,CLINIC,,NEAR CATERPILLAR ROUNDABOUT,06-5352118; 5424255,25.3036,55.4
AL SHAMS MEDICAL AND DIAGNOSTIC CENTRE,SHJ,DIAGNOSTIC CENTER,MALIHA ROAD,SHEIKH FAISAL AL QASIMI BLDG SUIT 113-116,06-5353004,25.2883,55.4465
AL SHAMS AL JADEED MEDICAL CENTRE-SHAMS,SHJ,CLINIC,DOUBLE COLA ROAD,NEAR LACNOR TUBA CENTER,06-5397539,25.3312,55.4097
SHARJAH PHARMACY (NMC),SHJ,PHARMACY,,AL GHWAIR BUILDING AROUBA STREET GHUWAIR,056-23850,25.3582,55.3888
SHARQAN PHARMACY,SHJ,PHARMACY,,GROUNDFLOOR NEAR AL MADEENA SUPERMARKET AL BUTEENA,06-561355,25.3762,55.4034
SHARJAH CORNICHE MEDICAL CENTRE LL (AAH),SHJ,CLINIC,CORNICHE STREET,CORNICHE PLAZA 2,06-5751222,25.3439,55.3852
SHARJAH INT'L HOLISTIC HEALTH CENTER,SHJ,CLINIC,KING ABDUL AZIZ ST.,OPP . CITY BANK NEAR DUBAI NATIONAL BANK,06-5720088,25.3461,55.3908
AL SHUALLA PHARMACY (ASTER),SHJ,PHARMACY,,SHOP NO. 30 ZAWAYA WALK BLD UNIVERSITY ROAD,06-5316487,25.3097,55.379
SIYAD SPECIALIST MEDICAL CENTER,SHJ,CLINIC,MALIHA ROAD,SHOP 1 AL WADI BLDG MALIHA ROAD MUWAILEH COMMERCIAL,06-5358305,25.0024,55.1539
SPECIALIZED MEDICAL CENTRE - SHJ,SHJ,CLINIC,CORNICHE STREET,SALEM TOWER BUILDING OPP: AL NOOR MOSQUE,06-5736800,25.3413,55.3876
SPRUCE SUNGLASSES TRADING LLC,SHJ,OPTICS,AL ZAHIA MUWAILEH,2ND FL LEVEL 2 CITY CENTRE,06-5398422,25.3175,55.454
SPRUCE SUNGLASSES TRADING 4,SHJ,OPTICS,AL QASIMIAH,1ST FLR OPP ADIDAS,06-5379887,25.3451,55.3988
SUPERCARE PHARMACY- SHARJAH,SHJ,PHARMACY,WAHDA STREET,SHARJAH CITY CENTRE,06-5396211,25.3252,55.3935
STARCARE PHARMACY LLC,SHJ,PHARMACY,,NEAR BY ROLLA PARK AL AROWBA STREET ROLLA,06-5611099,25.3565,55.3885
HAMAD AL OULA PHARMACY LLC(NMC),SHJ,PHARMACY,,"SUNNY HALWAN SPECIALITY MEDICA OPPOSITE AL QASMIA HOSPITAL WASIT STREET, SHAHBA",06-5061600,25.3434,55.428
SUNNY AL BUHAIRAH MEDICAL CENTRE (NMC),SHJ,CLINIC,AL MAJAZ STREET,KAKOOLI BLDG AL MAJAZ STREET AL MAJAZ,06-5566689,25.3221,55.3807
DR. SUNNY M C (NMC),SHJ,CLINIC,WASIT ST,DANA PLAZA SHABA COMPLEX 6; WASIT ROAD SAMNAN,06-5388966,25.3403,55.429
SUNNY DENTAL CENTRE (NMC),SHJ,CLINIC,,AL BUHAIRA BLG BUHAIRAH CORNICHE BUHAIRAH CORNICHE,06-5738300,25.3382,55.3867
SUNNY HALWAN SPECIALITY MEDICAL CENTRE L,SHJ,CLINIC,WASIT STREET,"OPPOSITE AL QASMIA HOSPITAL WASIT STREET SHAHBA,",06-5061666,25.3352,55.4245
HAMAD AL IHTERAFEYA PHARMACY LLC,SHJ,PHARMACY,,"SUNNY MAYSLOON SPECIALITY MEDI NEAR LULU HYPERMARKET MAY SALOON, KUWAIT STRT",06-5014700,25.3639,55.4066
HAMAD AL MUMAYAZAH PHARMACY LLC,SHJ,PHARMACY,,"SUNNY SHARQAN MEDICAL CENTRE B AL SHARQAN EXTENSION AL AROUBA STREET,TOWARDS AJMAN",06-5238054,25.385,55.4062
SUNNY MAYSLOON SPECIALITY MEDICAL CENTRE,SHJ,CLINIC,KUWAIT STRT,NEAR LULU HYPERMARKET KUWAIT STRT MAY SALOON,06-5014777,25.361,55.4067
SUNNY AL NAHDA MEDICAL CENTRE (NMC),SHJ,CLINIC,AL NAHDA PARK STREET,AL SHAIBA BLDG AL NAHDA PARK STREET AL NAHDA,06-5305252,25.3012,55.3731
NEW DR. SUNNY M C- ROLLA (NMC),SHJ,CLINIC,AL AROUBA ST.,"ABOVE JOY ALUKKAS CTR, 3RD FLO AL AROUBA STREET ROLLA SQUARE",06-5639966,25.3567,55.389
SUNNY SHARQAN MEDICAL CENTRE LLC (NMC),SHJ,CLINIC,AL AROUBA ST.,AL SHARQAN EXT. AL AROUBA ST TOWARDS AJMAN SHARJAH SHARJAH,06-5667996,25.3815,55.4063
SUNNY SPECIALITY MEDICAL CENTRE (NMC),SHJ,CLINIC,SHK KHALIFA MUWEILAH,MUWEILAH COMMERCIAL INDUSTRIAL AREA,06-5688707,25.3569,55.3891
SUNRISE MEDICAL CENTER LLC (IMH),SHJ,CLINIC,7TH STREET,AL SOUR BLDG OPP SATA OFFICE SHARJAH,06-5757003,25.3558,55.387
SUPER CARE PHARMACY BR 2 AL MAJAZ,SHJ,PHARMACY,,SHOP 5 SARH EMARAT TOWER CORNICHE AL MAJAZ 1,04-3504500,25.3403,55.3753
SUPER CARE PHARMACY SHJ BR 3,SHJ,PHARMACY,,"GROUND FLOOR, ENTRANCE B CITY CENTER AL ZAHIA AL ZAHIA",06-5463247,25.3173,55.4589
SABAH AL NOOR MEDICAL CENTRE,SHJ,CLINIC,KING FAISAL STREET,JUMBO SONY BUILDING MEZZANINE FLOOR NEAR MR BAKER,06-5558441,25.3377,55.394
AL TAIF PHARMACY-LIFE,SHJ,PHARMACY,SHEIKH MOHAMMED BIN ZAYED RD,FLAT 2-3 NESTO SUPERMARKET,06-5505411,25.3006,55.4545
AL TAQWAP PHARMACY (BAIT AL MAQDES),SHJ,PHARMACY,AL NAHDA ST.,FLAT 02 ABDUL AZIZ AL MAJED NEAR SAHARA CENTER,06-5319211,25.3263,55.3781
TEXAS MEDICAL LABORATORY,SHJ,LABORATORY,,ALABBARBUILDING OPPOSITE ADNOC PETROL STATION  NEAR AL QASSIMI  SAMNAN,06-5622988,25.3513,55.4155
ABDUL GHANI MEDICAL CENTRE,SHJ,CLINIC,,AL FARDAN CENTER BLOCK A 208 NEXT TO BUHAIRAH POLICE STATION,06-5562727,25.3241,55.382
THUMBAY CLINIC KALBA,SHJ,CLINIC,AL KALBA,THUMBAY CLINIC BLDG.,09-2773337,25.0521,56.3545
THUMBAY PHARMACY LLC BRANCH 3,SHJ,PHARMACY,MUWAILAH,THUMBAY MEDICAL & DENT BLDG,06-5356497,25.2977,55.4397
THUMBAY CLINIC- ABU SHAGARA,SHJ,CLINIC,ABU SHAGARA,BEHIND CITY MAX HOTEL,06-5523177,25.3418,55.399
THUMBAY PHARMACY LLC BRANCH 11 - SHARJAH,SHJ,PHARMACY,AL WAHDA STREET,OBEID SAEED BLDG NO,06-5525370,25.3256,55.3924
THUMBAY PHARMACY LLC BRANCH 6,SHJ,PHARMACY,NEAR  TO SHARJAH BLOOD TRANS,NEXT TO ADNOC PETROL STATION,06-5356789,25.3166,55.4516
THUMBAY HOSPITAL DAYCARE - MUWAILAH 1,SHJ,DAY CARE,MUWEILAH,THUMBAY DAY CARE BLDG,06-5449444,25.3104,55.46
DR. TIGANI SHAIB  MEDICAL CLINIC,SHJ,CLINIC,CORNICHE STREET,AL FARDAN CENTER BLOCK A 206 NEXT TO BUHAIRAH POLICE STATION,06-5561126,25.332,55.3818
UNICARE MEDICAL CENTRE (AAH),SHJ,CLINIC,CLOCK TOWER,ALSHAMSI BUILDING 101-104; F-1 OPP: AL ZAHRA HOSPITAL,06-5632100 / 06-5630313,25.3145,55.6258
UNION MEDICAL CENTRE,SHJ,CLINIC,,MIRAGE RESIDENCE 2 GECO SIGNAL  3 INDUSTRIAL STREET 3,06-5562546,25.3076,55.4191
UNITED PHARMACY AL ZAHIAH BR 1,SHJ,PHARMACY,,UNIT J0001 MATAJER AL JURAINA CENTRE UNIVERSITY CITY ROAD,04-3441122,25.3163,55.4508
UNITED PHARMACY AL ZAHIAH,SHJ,PHARMACY,,SHOP 2 LEVEL 2 ZAHIA CITY CNT ZAHIAH CITY CENTER,04-3441122,25.3164,55.4507
MENA LABS MEDICAL LABORATORY LLC,SHJ,LABORATORY,CORNICHE STREET,BELRESHEED TOWER ABOVE NMC CLINIC 4TH FLOOR STANDARD CHARTERED BANK BUILDING,06-5754979,25.3428,55.3856
UNIVERSITY HOSPITAL SHARJAH,SHJ,HOSPITAL,UNIVERSITY CITY ROAD,NR AMERICAN UNIVERSITY SHARJAH,06-5058555,25.2991,55.4903
UGARIT DENTAL CLINIC - SHARJAH,SHJ,DENTAL,,ALBUHAIRAHBUILDING NEAR HARDEES AND KFC AL MAJAZ I,06-533555,25.3378,55.3868
VENNIYIL MEDICAL CENTRE,SHJ,CLINIC,CORNICHE STREET,ABOVE PARIS HOUSE HOLD F 1& 2,06-5682258,25.3657,55.3876
WAJEAT AL KHOOR PHARMACY-LIFE,SHJ,PHARMACY,GRAND CINEMA STREET,RIVIERA TOWER NEXT TO GRAND CINEMA,06-5373883,25.3325,55.3764
WASEEM PHARMACY (ASTER),SHJ,PHARMACY,TAAWAN STREET,DAHACO BUILDING,06-5770930,25.3127,55.3764
AL YAMAMAH MEDICAL CENTRE,SHJ,CLINIC,,1ST FLR ENPI BLDG NEAR BIN LADIN SIGNAL,06-5352160,25.2988,55.4253
AL YAMAMA PHARMACY,SHJ,PHARMACY,MALIHA ROAD,GRND FLR ENPI BLDG NEAR BIN LADIN SIGNAL,06-5352160,25.2988,55.4253
YAS MEDICAL CENTRE LLC,SHJ,CLINIC,,FIRST CLASS BUILDING,06-5361258,25.3043,55.6364
YASMIN PHARMACY - SHARJAH (NOORA),SHJ,PHARMACY,SHARJAH CRICKET STEDIUM,BUILDING #4 YASMIN PHARMACY OPP. SHARJAH CRICKET STADIUM,06-5584662,25.3322,55.4232
YAS PHARMACY,SHJ,PHARMACY,,FIRST CLASS BUILDINGGFNEAR BUS STATION  SAJAH INDUSTRIAL AREA,65361256,25.3069,55.636
YATEEM OPTICIAN CORNICHE,SHJ,OPTICS,,"UNIT NOS. 1 & 2 GROUND FLOOR, AL FARDAN CENTRE CORNICHE,",06-5562677,25.3238,55.3829
YATEEM OPTICIAN-SHJ 1,SHJ,OPTICS,,"KIOS OF FIRST FLOOR  SAHARA CENTRE,",06-5300605,25.2988,55.3752
YATEEM OPTICIAN SHJ 2,SHJ,OPTICS,,SHOP NO. F261  SAHARA CENTRE,06-5564050,25.2979,55.371
YATEEM OPTICIAN AL WAHDA,SHJ,OPTICS,,CITY CENTRE  ALWAHHDA ROAD,06-5288065,25.3254,55.3938
ZAFERULLA MEDICAL CENTRE,SHJ,CLINIC,MALIHA ROAD,GRND FLR TIGER BLDG,06-5352160,25.2971,55.4358
NMC ROYAL HOSPITAL LTD - SHJ BR,SHJ,HOSPITAL,,OPP. CLOCK TOWER,06-5167427,25.3603,55.3941
NMC ROYAL HOSPITAL SHARJAH PHARMACY,SHJ,PHARMACY,ARABIAN GULF STREET,"OPP. CLOCK TOWER, ZAHRA SQUARE",06-5619999,25.3607,55.394
ZAHRAT AL MADINAH PHARMACY LLC,SHJ,PHARMACY,,FATHIMA SAFE BUILDING NEAR KANARY CLINIC HEIKH MOHAMMAD BIN ZAYED ROAD,06-5327075,25.2975,55.4368
ZAM ZAM PHARMACY,SHJ,PHARMACY,NATIONPAINTS STREET,JAMAL ABDULLA BUILDING,06-5357141,25.2984,55.441
ZEST WELLNESS PHARMACY L LC - SHJ. BR,SHJ,PHARMACY,KING FAISAL ST AL MAJAZ 1,SHOP #3,06-5270457,25.3428,55.3874
ZULEKHA MEDICAL CENTER AL KHAN,SHJ,CLINIC,,THE GATE TOWER 1ST FLOOR EXPO CENTER SHARJAH AL KHAN,06-50604599,25.3138,55.3692
ZULEKHA HOSPITAL,SHJ,HOSPITAL,,NEAR AL NASSERYA DRIVING SCHOOL,065658866;5060183,25.3689,55.4046
AL MULLA PHARMACY-LIFE,UMQ,PHARMACY,KING FAIZAL ROAD,CARREFOUR EXPRESS SHOP# 6,06-7647364,25.5481,55.5451
AL SAFA PHARMACY,UMQ,PHARMACY,,CITY MALL   AL SALAMA STREET  INDUSTRIAL AREA,06-5231834,25.5167,55.5943
ASTER MEDICAL CENTER BR UAQ,UMQ,CLINIC,KING FAISAL STREET GREEN BELT,AL MASA - 2 BUILDING,06-5770288,25.5181,55.5443
CRYSTAL FAMILY DENTAL CARE,UMQ,CLINIC,OPP TO NEW UAQ MALL,M-01,055-5777126,25.5259,55.5413
DR. SUNNY MEDICAL CENTRE LLC,UMQ,CLINIC,,SHOP NO 1 NEXT TO NISSAN SHOWROOM KING FAISAL ROAD,06-7666933,25.4984,55.5519
HEALTH FIRST PHARMACY 28-JULPHAR,UMQ,PHARMACY,,SAEED MUHAMED AL MASAFRI BLDG NEAR OLD SOUQ,06-7656180,25.5867,55.5716
HEALTH FIRST PHARMACY 62,UMQ,PHARMACY,UMM AL QUWAIN,SHOP G11 & G12,06-5365107,25.5056,55.5946
AL KHALEEJ MEDICAL CENTRE,UMQ,CLINIC,KING FAIZAL ROAD,GROUND FLOOR SHEIKH IBRAHIM BUILDING OPPOSITE EMIRATES AIRLINES,06-7651212,25.5699,55.5552
LIFE PHARMACY L.L.C BRANCH 3,UMQ,PHARMACY,,"SHOP NO 1,AMAR FARIS BUILDING,AL HABOOB AREA,UMM AL QUWAIN,UAE",04-3441122,25.4749,55.5893
LIFE PHARMACY BRANCH 1 NCC,UMQ,PHARMACY,,SHOP 1&2 NEW COMMERCIAL COMPLEX,04-3441122,25.512,55.5991
LULU CENTER PHARMACY LLC,UMQ,PHARMACY,,NEAR NATIONAL BANK OF UAQ MALL OF UAQ KING FIAZAL STREET,9.71501E+11,25.5423,55.5421
MEDICINA PHARMACY 38,UMQ,PHARMACY,,SAFEER HYPERMARKET  AL SALAMAH,06-572 5689,25.4959,55.599
MEDICOM PHARMACY - 26 (ASTER)(MOOPENS),UMQ,PHARMACY,KING FAIZAL ROAD,AL MANAMA MALL,06-7649734,25.503,55.5503
MEDICOM 33 UAQ,UMQ,PHARMACY,,AL SALAMA ROUNDABOUT UMM AL QUWAIN,06-7650014,25.5073,55.5787
AL NOOR CLINIC (UAQ),UMQ,DENTAL,JAMIA STREET,OFFICE # 101 1ST FLOOR ABOVE JUMBO ELECTRONICS SHEIKH RASHID BUILDING NEAR FLAG ROUNDABOUT,06-7646373,25.5651,55.5534
ROUA PHARMACY LLC,UMQ,PHARMACY,,"OPP LULU CENTRE ,SAME BULDING",06-7660688,25.5634,55.5531
SALMA PHARMACY (NAKHEEL GROUP),UMQ,PHARMACY,RAK-DUBAI ROAD,AL SALAMAH A BUILDING,06-7671162,25.5005,55.5758
SHEIKH KHALIFA GENERAL HOSPITAL - UAQ,UMQ,HOSPITAL,AL SALAMS STREET,OPP.MINISTRY OF SOCIAL AFFAIRS,06-7061111,25.5082,55.5992
TAJERAN PHARMACY - AL KHALEEJ,UMQ,PHARMACY,KING FAISAL STREET,AL KHALEEJ MED. BLDG NEAR UAQ HOSPITAL,06-7652291,25.57,55.5554
THUMBAY PHARMACY 8,UMQ,PHARMACY,MAJID AL AWAL R/A KING FAISAL,SHOP 5 NEXT TO LULU HYPERMRKT,06-7051544,25.523,55.5437
THUMBAY CLINIC -UAQ,UMQ,CLINIC,AL RAAS,MAJID AL AWAL R/A,06-7051533,25.5778,55.5534
UMM AL QUWAIN PHARMACY(JULPHAR GRP),UMQ,PHARMACY,UAQ MAIN ROAD,MIDDLE EAST BANK BUILDING,06-7656180,25.5885,55.5714
WELLNESS MEDICAL CENTER,UMQ,CLINIC,NEW INDUSTRIAL AREA,GRD FLR AR RAFFA BADAMI BLDG,06-6786664,25.5502,55.6986
WELLNESS PHARMACY,UMQ,PHARMACY,NEW INDUSTRIAL AREA,GRD FLR AR RAFFA BADAMI BLDG,06-6786664,25.5502,55.6986
YASMED MEDICAL CENTER UAQ,UMQ,CLINIC,,YASMED BLDG. HOT PACK R/A NEW INDUSTRIAL AREA,06-5299064,25.5439,55.6723
YASMED PHARMACY UAQ,UMQ,PHARMACY,,YASMED BLDG. HOT PACK R/A NEW INDUSTRIAL AREA,06-5299064,25.5439,55.6723
